g Body_02*1
v -0.01 0.008 0.020042 0.494118 0.494118 0.52549
v 0.01 0.008 0.020042 0.494118 0.494118 0.52549
v 0.01 0.008 0.017 0.494118 0.494118 0.52549
v -0.01 0.008 0.017 0.494118 0.494118 0.52549
v 0.01 0.018 0.017 0.494118 0.494118 0.52549
v 0.01 0.0085 0.02 0.494118 0.494118 0.52549
v 0.01 0.00829527 0.020007 0.494118 0.494118 0.52549
v 0.01 0.0080915 0.0200279 0.494118 0.494118 0.52549
v 0.01 0.018 0.02 0.494118 0.494118 0.52549
v -0.01 0.018 0.017 0.494118 0.494118 0.52549
v -0.01 0.018 0.02 0.494118 0.494118 0.52549
v -0.01 0.0085 0.02 0.494118 0.494118 0.52549
v -0.01 0.00829527 0.020007 0.494118 0.494118 0.52549
v -0.01 0.0080915 0.0200279 0.494118 0.494118 0.52549
v 0.043 0.00769061 0.0201112 0.494118 0.494118 0.52549
v 0.043 0.00788963 0.0200627 0.494118 0.494118 0.52549
v -0.043 0.00788963 0.0200627 0.494118 0.494118 0.52549
v 0.043 0.00749536 0.0201732 0.494118 0.494118 0.52549
v -0.043 0.00769061 0.0201112 0.494118 0.494118 0.52549
v 0.043 0.0073048 0.0202484 0.494118 0.494118 0.52549
v -0.043 0.00749536 0.0201732 0.494118 0.494118 0.52549
v 0.043 0.0071198 0.0203363 0.494118 0.494118 0.52549
v -0.043 0.0073048 0.0202484 0.494118 0.494118 0.52549
v 0.043 0.00694125 0.0204367 0.494118 0.494118 0.52549
v -0.043 0.0071198 0.0203363 0.494118 0.494118 0.52549
v 0.043 0.00676996 0.0205491 0.494118 0.494118 0.52549
v -0.043 0.00694125 0.0204367 0.494118 0.494118 0.52549
v 0.043 0.00660674 0.0206729 0.494118 0.494118 0.52549
v -0.043 0.00676996 0.0205491 0.494118 0.494118 0.52549
v 0.043 0.00645234 0.0208075 0.494118 0.494118 0.52549
v -0.043 0.00660674 0.0206729 0.494118 0.494118 0.52549
v 0.043 0.00630749 0.0209523 0.494118 0.494118 0.52549
v -0.043 0.00645234 0.0208075 0.494118 0.494118 0.52549
v 0.043 0.00617287 0.0211067 0.494118 0.494118 0.52549
v -0.043 0.00630749 0.0209523 0.494118 0.494118 0.52549
v 0.043 0.00604909 0.02127 0.494118 0.494118 0.52549
v -0.043 0.00617287 0.0211067 0.494118 0.494118 0.52549
v 0.043 0.00593674 0.0214412 0.494118 0.494118 0.52549
v -0.043 0.00604909 0.02127 0.494118 0.494118 0.52549
v 0.043 0.00583634 0.0216198 0.494118 0.494118 0.52549
v -0.043 0.00593674 0.0214412 0.494118 0.494118 0.52549
v 0.043 0.00574837 0.0218048 0.494118 0.494118 0.52549
v -0.043 0.00583634 0.0216198 0.494118 0.494118 0.52549
v 0.043 0.00567322 0.0219954 0.494118 0.494118 0.52549
v -0.043 0.00574837 0.0218048 0.494118 0.494118 0.52549
v 0.043 0.00561125 0.0221906 0.494118 0.494118 0.52549
v -0.043 0.00567322 0.0219954 0.494118 0.494118 0.52549
v 0.043 0.00556275 0.0223896 0.494118 0.494118 0.52549
v -0.043 0.00561125 0.0221906 0.494118 0.494118 0.52549
v 0.043 0.00552794 0.0225915 0.494118 0.494118 0.52549
v -0.043 0.00556275 0.0223896 0.494118 0.494118 0.52549
v 0.043 0.00550699 0.0227953 0.494118 0.494118 0.52549
v -0.043 0.00552794 0.0225915 0.494118 0.494118 0.52549
v 0.043 0.0055 0.023 0.494118 0.494118 0.52549
v -0.043 0.00550699 0.0227953 0.494118 0.494118 0.52549
v -0.043 0.00829527 0.020007 0.494118 0.494118 0.52549
v -0.043 0.0085 0.02 0.494118 0.494118 0.52549
v 0.043 0.00829527 0.020007 0.494118 0.494118 0.52549
v 0.043 0.0085 0.02 0.494118 0.494118 0.52549
v 0.043 0.0080915 0.0200279 0.494118 0.494118 0.52549
v -0.043 0.0080915 0.0200279 0.494118 0.494118 0.52549
v -0.043 0.0055 0.023 0.494118 0.494118 0.52549
v 0.043 0.0205 0.02 0.494118 0.494118 0.52549
v -0.043 0.0205 0.02 0.494118 0.494118 0.52549
v 0.043 0.0205 0.017 0.494118 0.494118 0.52549
v -0.043 0.0205 0.017 0.494118 0.494118 0.52549
v 0.043 0.0055 0.017 0.494118 0.494118 0.52549
v -0.043 0.0055 0.017 0.494118 0.494118 0.52549
v 0.043 0.0025 0.02 0.494118 0.494118 0.52549
v -0.043 0.0025 0.02 0.494118 0.494118 0.52549
v -0.043 0.00250699 0.0197953 0.494118 0.494118 0.52549
v 0.043 0.00250699 0.0197953 0.494118 0.494118 0.52549
v -0.043 0.00252794 0.0195915 0.494118 0.494118 0.52549
v 0.043 0.00252794 0.0195915 0.494118 0.494118 0.52549
v -0.043 0.00256275 0.0193896 0.494118 0.494118 0.52549
v 0.043 0.00256275 0.0193896 0.494118 0.494118 0.52549
v -0.043 0.00261125 0.0191906 0.494118 0.494118 0.52549
v 0.043 0.00261125 0.0191906 0.494118 0.494118 0.52549
v -0.043 0.00267322 0.0189954 0.494118 0.494118 0.52549
v 0.043 0.00267322 0.0189954 0.494118 0.494118 0.52549
v -0.043 0.00274837 0.0188048 0.494118 0.494118 0.52549
v 0.043 0.00274837 0.0188048 0.494118 0.494118 0.52549
v -0.043 0.00283634 0.0186198 0.494118 0.494118 0.52549
v 0.043 0.00283634 0.0186198 0.494118 0.494118 0.52549
v -0.043 0.00293674 0.0184412 0.494118 0.494118 0.52549
v 0.043 0.00293674 0.0184412 0.494118 0.494118 0.52549
v -0.043 0.00304909 0.01827 0.494118 0.494118 0.52549
v 0.043 0.00304909 0.01827 0.494118 0.494118 0.52549
v -0.043 0.00317287 0.0181067 0.494118 0.494118 0.52549
v 0.043 0.00317287 0.0181067 0.494118 0.494118 0.52549
v -0.043 0.00330749 0.0179523 0.494118 0.494118 0.52549
v 0.043 0.00330749 0.0179523 0.494118 0.494118 0.52549
v -0.043 0.00345234 0.0178075 0.494118 0.494118 0.52549
v 0.043 0.00345234 0.0178075 0.494118 0.494118 0.52549
v -0.043 0.00360674 0.0176729 0.494118 0.494118 0.52549
v 0.043 0.00360674 0.0176729 0.494118 0.494118 0.52549
v -0.043 0.00376996 0.0175491 0.494118 0.494118 0.52549
v 0.043 0.00376996 0.0175491 0.494118 0.494118 0.52549
v -0.043 0.00394125 0.0174367 0.494118 0.494118 0.52549
v 0.043 0.00394125 0.0174367 0.494118 0.494118 0.52549
v -0.043 0.0041198 0.0173363 0.494118 0.494118 0.52549
v 0.043 0.0041198 0.0173363 0.494118 0.494118 0.52549
v -0.043 0.0043048 0.0172484 0.494118 0.494118 0.52549
v 0.043 0.0043048 0.0172484 0.494118 0.494118 0.52549
v -0.043 0.00449536 0.0171732 0.494118 0.494118 0.52549
v 0.043 0.00449536 0.0171732 0.494118 0.494118 0.52549
v -0.043 0.00469061 0.0171112 0.494118 0.494118 0.52549
v 0.043 0.00469061 0.0171112 0.494118 0.494118 0.52549
v -0.043 0.00488963 0.0170627 0.494118 0.494118 0.52549
v 0.043 0.00488963 0.0170627 0.494118 0.494118 0.52549
v -0.043 0.0050915 0.0170279 0.494118 0.494118 0.52549
v 0.043 0.0050915 0.0170279 0.494118 0.494118 0.52549
v -0.043 0.00529527 0.017007 0.494118 0.494118 0.52549
v 0.043 0.00529527 0.017007 0.494118 0.494118 0.52549
v 0.043 0.0025 0.12 0.494118 0.494118 0.52549
v -0.043 0.0025 0.12 0.494118 0.494118 0.52549
v 0.043 -0.0025 0.12 0.494118 0.494118 0.52549
v -0.043 -0.0025 0.12 0.494118 0.494118 0.52549
v 0.043 -0.0025 0.11 0.494118 0.494118 0.52549
v -0.043 -0.0025 0.11 0.494118 0.494118 0.52549
v 0.043 -0.00270473 0.110007 0.494118 0.494118 0.52549
v -0.043 -0.00270473 0.110007 0.494118 0.494118 0.52549
v 0.043 -0.0029085 0.110028 0.494118 0.494118 0.52549
v -0.043 -0.0029085 0.110028 0.494118 0.494118 0.52549
v 0.043 -0.00311037 0.110063 0.494118 0.494118 0.52549
v -0.043 -0.00311037 0.110063 0.494118 0.494118 0.52549
v 0.043 -0.00330939 0.110111 0.494118 0.494118 0.52549
v -0.043 -0.00330939 0.110111 0.494118 0.494118 0.52549
v 0.043 -0.00350464 0.110173 0.494118 0.494118 0.52549
v -0.043 -0.00350464 0.110173 0.494118 0.494118 0.52549
v 0.043 -0.0036952 0.110248 0.494118 0.494118 0.52549
v -0.043 -0.0036952 0.110248 0.494118 0.494118 0.52549
v 0.043 -0.0038802 0.110336 0.494118 0.494118 0.52549
v -0.043 -0.0038802 0.110336 0.494118 0.494118 0.52549
v 0.043 -0.00405875 0.110437 0.494118 0.494118 0.52549
v -0.043 -0.00405875 0.110437 0.494118 0.494118 0.52549
v 0.043 -0.00423004 0.110549 0.494118 0.494118 0.52549
v -0.043 -0.00423004 0.110549 0.494118 0.494118 0.52549
v 0.043 -0.00439326 0.110673 0.494118 0.494118 0.52549
v -0.043 -0.00439326 0.110673 0.494118 0.494118 0.52549
v 0.043 -0.00454766 0.110807 0.494118 0.494118 0.52549
v -0.043 -0.00454766 0.110807 0.494118 0.494118 0.52549
v 0.043 -0.00469251 0.110952 0.494118 0.494118 0.52549
v -0.043 -0.00469251 0.110952 0.494118 0.494118 0.52549
v 0.043 -0.00482713 0.111107 0.494118 0.494118 0.52549
v -0.043 -0.00482713 0.111107 0.494118 0.494118 0.52549
v 0.043 -0.00495091 0.11127 0.494118 0.494118 0.52549
v -0.043 -0.00495091 0.11127 0.494118 0.494118 0.52549
v 0.043 -0.00506326 0.111441 0.494118 0.494118 0.52549
v -0.043 -0.00506326 0.111441 0.494118 0.494118 0.52549
v 0.043 -0.00516366 0.11162 0.494118 0.494118 0.52549
v -0.043 -0.00516366 0.11162 0.494118 0.494118 0.52549
v 0.043 -0.00525163 0.111805 0.494118 0.494118 0.52549
v -0.043 -0.00525163 0.111805 0.494118 0.494118 0.52549
v 0.043 -0.00532678 0.111995 0.494118 0.494118 0.52549
v -0.043 -0.00532678 0.111995 0.494118 0.494118 0.52549
v 0.043 -0.00538875 0.112191 0.494118 0.494118 0.52549
v -0.043 -0.00538875 0.112191 0.494118 0.494118 0.52549
v 0.043 -0.00543725 0.11239 0.494118 0.494118 0.52549
v -0.043 -0.00543725 0.11239 0.494118 0.494118 0.52549
v 0.043 -0.00547206 0.112592 0.494118 0.494118 0.52549
v -0.043 -0.00547206 0.112592 0.494118 0.494118 0.52549
v 0.043 -0.00549301 0.112795 0.494118 0.494118 0.52549
v -0.043 -0.00549301 0.112795 0.494118 0.494118 0.52549
v 0.043 -0.0055 0.113 0.494118 0.494118 0.52549
v -0.043 -0.0055 0.113 0.494118 0.494118 0.52549
v 0.043 -0.0055 0.12 0.494118 0.494118 0.52549
v -0.043 -0.0055 0.12 0.494118 0.494118 0.52549
v 0.043 -0.00549301 0.120205 0.494118 0.494118 0.52549
v -0.043 -0.00549301 0.120205 0.494118 0.494118 0.52549
v 0.043 -0.00547206 0.120408 0.494118 0.494118 0.52549
v -0.043 -0.00547206 0.120408 0.494118 0.494118 0.52549
v 0.043 -0.00543725 0.12061 0.494118 0.494118 0.52549
v -0.043 -0.00543725 0.12061 0.494118 0.494118 0.52549
v 0.043 -0.00538875 0.120809 0.494118 0.494118 0.52549
v -0.043 -0.00538875 0.120809 0.494118 0.494118 0.52549
v 0.043 -0.00532678 0.121005 0.494118 0.494118 0.52549
v -0.043 -0.00532678 0.121005 0.494118 0.494118 0.52549
v 0.043 -0.00525163 0.121195 0.494118 0.494118 0.52549
v -0.043 -0.00525163 0.121195 0.494118 0.494118 0.52549
v 0.043 -0.00516366 0.12138 0.494118 0.494118 0.52549
v -0.043 -0.00516366 0.12138 0.494118 0.494118 0.52549
v 0.043 -0.00506326 0.121559 0.494118 0.494118 0.52549
v -0.043 -0.00506326 0.121559 0.494118 0.494118 0.52549
v 0.043 -0.00495091 0.12173 0.494118 0.494118 0.52549
v -0.043 -0.00495091 0.12173 0.494118 0.494118 0.52549
v 0.043 -0.00482713 0.121893 0.494118 0.494118 0.52549
v -0.043 -0.00482713 0.121893 0.494118 0.494118 0.52549
v 0.043 -0.00469251 0.122048 0.494118 0.494118 0.52549
v -0.043 -0.00469251 0.122048 0.494118 0.494118 0.52549
v 0.043 -0.00454766 0.122193 0.494118 0.494118 0.52549
v -0.043 -0.00454766 0.122193 0.494118 0.494118 0.52549
v 0.043 -0.00439326 0.122327 0.494118 0.494118 0.52549
v -0.043 -0.00439326 0.122327 0.494118 0.494118 0.52549
v 0.043 -0.00423004 0.122451 0.494118 0.494118 0.52549
v -0.043 -0.00423004 0.122451 0.494118 0.494118 0.52549
v 0.043 -0.00405875 0.122563 0.494118 0.494118 0.52549
v -0.043 -0.00405875 0.122563 0.494118 0.494118 0.52549
v 0.043 -0.0038802 0.122664 0.494118 0.494118 0.52549
v -0.043 -0.0038802 0.122664 0.494118 0.494118 0.52549
v 0.043 -0.0036952 0.122752 0.494118 0.494118 0.52549
v -0.043 -0.0036952 0.122752 0.494118 0.494118 0.52549
v 0.043 -0.00350464 0.122827 0.494118 0.494118 0.52549
v -0.043 -0.00350464 0.122827 0.494118 0.494118 0.52549
v 0.043 -0.00330939 0.122889 0.494118 0.494118 0.52549
v -0.043 -0.00330939 0.122889 0.494118 0.494118 0.52549
v 0.043 -0.00311037 0.122937 0.494118 0.494118 0.52549
v -0.043 -0.00311037 0.122937 0.494118 0.494118 0.52549
v 0.043 -0.0029085 0.122972 0.494118 0.494118 0.52549
v -0.043 -0.0029085 0.122972 0.494118 0.494118 0.52549
v 0.043 -0.00270473 0.122993 0.494118 0.494118 0.52549
v -0.043 -0.00270473 0.122993 0.494118 0.494118 0.52549
v 0.043 -0.0025 0.123 0.494118 0.494118 0.52549
v -0.043 -0.0025 0.123 0.494118 0.494118 0.52549
v 0.043 0.0025 0.123 0.494118 0.494118 0.52549
v -0.043 0.0025 0.123 0.494118 0.494118 0.52549
v 0.043 0.00270473 0.122993 0.494118 0.494118 0.52549
v -0.043 0.00270473 0.122993 0.494118 0.494118 0.52549
v 0.043 0.0029085 0.122972 0.494118 0.494118 0.52549
v -0.043 0.0029085 0.122972 0.494118 0.494118 0.52549
v 0.043 0.00311037 0.122937 0.494118 0.494118 0.52549
v -0.043 0.00311037 0.122937 0.494118 0.494118 0.52549
v 0.043 0.00330939 0.122889 0.494118 0.494118 0.52549
v -0.043 0.00330939 0.122889 0.494118 0.494118 0.52549
v 0.043 0.00350464 0.122827 0.494118 0.494118 0.52549
v -0.043 0.00350464 0.122827 0.494118 0.494118 0.52549
v 0.043 0.0036952 0.122752 0.494118 0.494118 0.52549
v -0.043 0.0036952 0.122752 0.494118 0.494118 0.52549
v 0.043 0.0038802 0.122664 0.494118 0.494118 0.52549
v -0.043 0.0038802 0.122664 0.494118 0.494118 0.52549
v 0.043 0.00405875 0.122563 0.494118 0.494118 0.52549
v -0.043 0.00405875 0.122563 0.494118 0.494118 0.52549
v 0.043 0.00423004 0.122451 0.494118 0.494118 0.52549
v -0.043 0.00423004 0.122451 0.494118 0.494118 0.52549
v 0.043 0.00439326 0.122327 0.494118 0.494118 0.52549
v -0.043 0.00439326 0.122327 0.494118 0.494118 0.52549
v 0.043 0.00454766 0.122193 0.494118 0.494118 0.52549
v -0.043 0.00454766 0.122193 0.494118 0.494118 0.52549
v 0.043 0.00469251 0.122048 0.494118 0.494118 0.52549
v -0.043 0.00469251 0.122048 0.494118 0.494118 0.52549
v 0.043 0.00482713 0.121893 0.494118 0.494118 0.52549
v -0.043 0.00482713 0.121893 0.494118 0.494118 0.52549
v 0.043 0.00495091 0.12173 0.494118 0.494118 0.52549
v -0.043 0.00495091 0.12173 0.494118 0.494118 0.52549
v 0.043 0.00506326 0.121559 0.494118 0.494118 0.52549
v -0.043 0.00506326 0.121559 0.494118 0.494118 0.52549
v 0.043 0.00516366 0.12138 0.494118 0.494118 0.52549
v -0.043 0.00516366 0.12138 0.494118 0.494118 0.52549
v 0.043 0.00525163 0.121195 0.494118 0.494118 0.52549
v -0.043 0.00525163 0.121195 0.494118 0.494118 0.52549
v 0.043 0.00532678 0.121005 0.494118 0.494118 0.52549
v -0.043 0.00532678 0.121005 0.494118 0.494118 0.52549
v 0.043 0.00538875 0.120809 0.494118 0.494118 0.52549
v -0.043 0.00538875 0.120809 0.494118 0.494118 0.52549
v 0.043 0.00543725 0.12061 0.494118 0.494118 0.52549
v -0.043 0.00543725 0.12061 0.494118 0.494118 0.52549
v 0.043 0.00547206 0.120408 0.494118 0.494118 0.52549
v -0.043 0.00547206 0.120408 0.494118 0.494118 0.52549
v 0.043 0.00549301 0.120205 0.494118 0.494118 0.52549
v -0.043 0.00549301 0.120205 0.494118 0.494118 0.52549
v 0.043 0.0055 0.12 0.494118 0.494118 0.52549
v -0.043 0.0055 0.12 0.494118 0.494118 0.52549
v -0.04 0.0055 0.101 0.494118 0.494118 0.52549
v 0.04 0.0055 0.101 0.494118 0.494118 0.52549
v 0.04 0.0055 0.085 0.494118 0.494118 0.52549
v -0.043 0.0055 0.085 0.494118 0.494118 0.52549
v -0.04 0.0055 0.085 0.494118 0.494118 0.52549
v 0.043 0.0055 0.101 0.494118 0.494118 0.52549
v -0.043 0.0055 0.101 0.494118 0.494118 0.52549
v 0.043 0.0055 0.085 0.494118 0.494118 0.52549
v 0.043 0.00550699 0.0852047 0.494118 0.494118 0.52549
v 0.043 0.00552794 0.0854085 0.494118 0.494118 0.52549
v 0.04 0.00550699 0.0852047 0.494118 0.494118 0.52549
v 0.043 0.00556275 0.0856104 0.494118 0.494118 0.52549
v 0.04 0.00552794 0.0854085 0.494118 0.494118 0.52549
v 0.043 0.00561125 0.0858094 0.494118 0.494118 0.52549
v 0.04 0.00556275 0.0856104 0.494118 0.494118 0.52549
v 0.043 0.00567322 0.0860046 0.494118 0.494118 0.52549
v 0.04 0.00561125 0.0858094 0.494118 0.494118 0.52549
v 0.043 0.00574837 0.0861952 0.494118 0.494118 0.52549
v 0.04 0.00567322 0.0860046 0.494118 0.494118 0.52549
v 0.043 0.00583634 0.0863802 0.494118 0.494118 0.52549
v 0.04 0.00574837 0.0861952 0.494118 0.494118 0.52549
v 0.043 0.00593674 0.0865588 0.494118 0.494118 0.52549
v 0.04 0.00583634 0.0863802 0.494118 0.494118 0.52549
v 0.043 0.00604909 0.08673 0.494118 0.494118 0.52549
v 0.04 0.00593674 0.0865588 0.494118 0.494118 0.52549
v 0.043 0.00617287 0.0868933 0.494118 0.494118 0.52549
v 0.04 0.00604909 0.08673 0.494118 0.494118 0.52549
v 0.043 0.00630749 0.0870477 0.494118 0.494118 0.52549
v 0.04 0.00617287 0.0868933 0.494118 0.494118 0.52549
v 0.043 0.00645234 0.0871925 0.494118 0.494118 0.52549
v 0.04 0.00630749 0.0870477 0.494118 0.494118 0.52549
v 0.043 0.00660674 0.0873271 0.494118 0.494118 0.52549
v 0.04 0.00645234 0.0871925 0.494118 0.494118 0.52549
v 0.043 0.00676996 0.0874509 0.494118 0.494118 0.52549
v 0.04 0.00660674 0.0873271 0.494118 0.494118 0.52549
v 0.043 0.00694125 0.0875633 0.494118 0.494118 0.52549
v 0.04 0.00676996 0.0874509 0.494118 0.494118 0.52549
v 0.043 0.0071198 0.0876637 0.494118 0.494118 0.52549
v 0.04 0.00694125 0.0875633 0.494118 0.494118 0.52549
v 0.043 0.0073048 0.0877516 0.494118 0.494118 0.52549
v 0.04 0.0071198 0.0876637 0.494118 0.494118 0.52549
v 0.043 0.00749536 0.0878268 0.494118 0.494118 0.52549
v 0.04 0.0073048 0.0877516 0.494118 0.494118 0.52549
v 0.043 0.00769061 0.0878888 0.494118 0.494118 0.52549
v 0.04 0.00749536 0.0878268 0.494118 0.494118 0.52549
v 0.043 0.00788963 0.0879373 0.494118 0.494118 0.52549
v 0.04 0.00769061 0.0878888 0.494118 0.494118 0.52549
v 0.043 0.0080915 0.0879721 0.494118 0.494118 0.52549
v 0.04 0.00788963 0.0879373 0.494118 0.494118 0.52549
v 0.043 0.00829527 0.087993 0.494118 0.494118 0.52549
v 0.04 0.0080915 0.0879721 0.494118 0.494118 0.52549
v 0.043 0.0085 0.088 0.494118 0.494118 0.52549
v 0.04 0.00829527 0.087993 0.494118 0.494118 0.52549
v 0.04 0.0085 0.088 0.494118 0.494118 0.52549
v -0.043 0.00550699 0.100795 0.494118 0.494118 0.52549
v -0.043 0.00552794 0.100592 0.494118 0.494118 0.52549
v -0.04 0.00550699 0.100795 0.494118 0.494118 0.52549
v -0.043 0.00556275 0.10039 0.494118 0.494118 0.52549
v -0.04 0.00552794 0.100592 0.494118 0.494118 0.52549
v -0.043 0.00561125 0.100191 0.494118 0.494118 0.52549
v -0.04 0.00556275 0.10039 0.494118 0.494118 0.52549
v -0.043 0.00567322 0.0999954 0.494118 0.494118 0.52549
v -0.04 0.00561125 0.100191 0.494118 0.494118 0.52549
v -0.043 0.00574837 0.0998048 0.494118 0.494118 0.52549
v -0.04 0.00567322 0.0999954 0.494118 0.494118 0.52549
v -0.043 0.00583634 0.0996198 0.494118 0.494118 0.52549
v -0.04 0.00574837 0.0998048 0.494118 0.494118 0.52549
v -0.043 0.00593674 0.0994412 0.494118 0.494118 0.52549
v -0.04 0.00583634 0.0996198 0.494118 0.494118 0.52549
v -0.043 0.00604909 0.09927 0.494118 0.494118 0.52549
v -0.04 0.00593674 0.0994412 0.494118 0.494118 0.52549
v -0.043 0.00617287 0.0991067 0.494118 0.494118 0.52549
v -0.04 0.00604909 0.09927 0.494118 0.494118 0.52549
v -0.043 0.00630749 0.0989523 0.494118 0.494118 0.52549
v -0.04 0.00617287 0.0991067 0.494118 0.494118 0.52549
v -0.043 0.00645234 0.0988075 0.494118 0.494118 0.52549
v -0.04 0.00630749 0.0989523 0.494118 0.494118 0.52549
v -0.043 0.00660674 0.0986729 0.494118 0.494118 0.52549
v -0.04 0.00645234 0.0988075 0.494118 0.494118 0.52549
v -0.043 0.00676996 0.0985491 0.494118 0.494118 0.52549
v -0.04 0.00660674 0.0986729 0.494118 0.494118 0.52549
v -0.043 0.00694125 0.0984367 0.494118 0.494118 0.52549
v -0.04 0.00676996 0.0985491 0.494118 0.494118 0.52549
v -0.043 0.0071198 0.0983363 0.494118 0.494118 0.52549
v -0.04 0.00694125 0.0984367 0.494118 0.494118 0.52549
v -0.043 0.0073048 0.0982484 0.494118 0.494118 0.52549
v -0.04 0.0071198 0.0983363 0.494118 0.494118 0.52549
v -0.043 0.00749536 0.0981732 0.494118 0.494118 0.52549
v -0.04 0.0073048 0.0982484 0.494118 0.494118 0.52549
v -0.043 0.00769061 0.0981112 0.494118 0.494118 0.52549
v -0.04 0.00749536 0.0981732 0.494118 0.494118 0.52549
v -0.043 0.00788963 0.0980627 0.494118 0.494118 0.52549
v -0.04 0.00769061 0.0981112 0.494118 0.494118 0.52549
v -0.043 0.0080915 0.0980279 0.494118 0.494118 0.52549
v -0.04 0.00788963 0.0980627 0.494118 0.494118 0.52549
v -0.043 0.00829527 0.098007 0.494118 0.494118 0.52549
v -0.04 0.0080915 0.0980279 0.494118 0.494118 0.52549
v -0.043 0.0085 0.098 0.494118 0.494118 0.52549
v -0.04 0.00829527 0.098007 0.494118 0.494118 0.52549
v -0.04 0.0085 0.098 0.494118 0.494118 0.52549
v 0.04 0.00550699 0.100795 0.494118 0.494118 0.52549
v 0.04 0.00552794 0.100592 0.494118 0.494118 0.52549
v 0.043 0.00550699 0.100795 0.494118 0.494118 0.52549
v 0.04 0.00556275 0.10039 0.494118 0.494118 0.52549
v 0.043 0.00552794 0.100592 0.494118 0.494118 0.52549
v 0.04 0.00561125 0.100191 0.494118 0.494118 0.52549
v 0.043 0.00556275 0.10039 0.494118 0.494118 0.52549
v 0.04 0.00567322 0.0999954 0.494118 0.494118 0.52549
v 0.043 0.00561125 0.100191 0.494118 0.494118 0.52549
v 0.04 0.00574837 0.0998048 0.494118 0.494118 0.52549
v 0.043 0.00567322 0.0999954 0.494118 0.494118 0.52549
v 0.04 0.00583634 0.0996198 0.494118 0.494118 0.52549
v 0.043 0.00574837 0.0998048 0.494118 0.494118 0.52549
v 0.04 0.00593674 0.0994412 0.494118 0.494118 0.52549
v 0.043 0.00583634 0.0996198 0.494118 0.494118 0.52549
v 0.04 0.00604909 0.09927 0.494118 0.494118 0.52549
v 0.043 0.00593674 0.0994412 0.494118 0.494118 0.52549
v 0.04 0.00617287 0.0991067 0.494118 0.494118 0.52549
v 0.043 0.00604909 0.09927 0.494118 0.494118 0.52549
v 0.04 0.00630749 0.0989523 0.494118 0.494118 0.52549
v 0.043 0.00617287 0.0991067 0.494118 0.494118 0.52549
v 0.04 0.00645234 0.0988075 0.494118 0.494118 0.52549
v 0.043 0.00630749 0.0989523 0.494118 0.494118 0.52549
v 0.04 0.00660674 0.0986729 0.494118 0.494118 0.52549
v 0.043 0.00645234 0.0988075 0.494118 0.494118 0.52549
v 0.04 0.00676996 0.0985491 0.494118 0.494118 0.52549
v 0.043 0.00660674 0.0986729 0.494118 0.494118 0.52549
v 0.04 0.00694125 0.0984367 0.494118 0.494118 0.52549
v 0.043 0.00676996 0.0985491 0.494118 0.494118 0.52549
v 0.04 0.0071198 0.0983363 0.494118 0.494118 0.52549
v 0.043 0.00694125 0.0984367 0.494118 0.494118 0.52549
v 0.04 0.0073048 0.0982484 0.494118 0.494118 0.52549
v 0.043 0.0071198 0.0983363 0.494118 0.494118 0.52549
v 0.04 0.00749536 0.0981732 0.494118 0.494118 0.52549
v 0.043 0.0073048 0.0982484 0.494118 0.494118 0.52549
v 0.04 0.00769061 0.0981112 0.494118 0.494118 0.52549
v 0.043 0.00749536 0.0981732 0.494118 0.494118 0.52549
v 0.04 0.00788963 0.0980627 0.494118 0.494118 0.52549
v 0.043 0.00769061 0.0981112 0.494118 0.494118 0.52549
v 0.04 0.0080915 0.0980279 0.494118 0.494118 0.52549
v 0.043 0.00788963 0.0980627 0.494118 0.494118 0.52549
v 0.04 0.00829527 0.098007 0.494118 0.494118 0.52549
v 0.043 0.0080915 0.0980279 0.494118 0.494118 0.52549
v 0.04 0.0085 0.098 0.494118 0.494118 0.52549
v 0.043 0.00829527 0.098007 0.494118 0.494118 0.52549
v 0.043 0.0085 0.098 0.494118 0.494118 0.52549
v -0.04 0.00550699 0.0852047 0.494118 0.494118 0.52549
v -0.04 0.00552794 0.0854085 0.494118 0.494118 0.52549
v -0.043 0.00550699 0.0852047 0.494118 0.494118 0.52549
v -0.04 0.00556275 0.0856104 0.494118 0.494118 0.52549
v -0.043 0.00552794 0.0854085 0.494118 0.494118 0.52549
v -0.04 0.00561125 0.0858094 0.494118 0.494118 0.52549
v -0.043 0.00556275 0.0856104 0.494118 0.494118 0.52549
v -0.04 0.00567322 0.0860046 0.494118 0.494118 0.52549
v -0.043 0.00561125 0.0858094 0.494118 0.494118 0.52549
v -0.04 0.00574837 0.0861952 0.494118 0.494118 0.52549
v -0.043 0.00567322 0.0860046 0.494118 0.494118 0.52549
v -0.04 0.00583634 0.0863802 0.494118 0.494118 0.52549
v -0.043 0.00574837 0.0861952 0.494118 0.494118 0.52549
v -0.04 0.00593674 0.0865588 0.494118 0.494118 0.52549
v -0.043 0.00583634 0.0863802 0.494118 0.494118 0.52549
v -0.04 0.00604909 0.08673 0.494118 0.494118 0.52549
v -0.043 0.00593674 0.0865588 0.494118 0.494118 0.52549
v -0.04 0.00617287 0.0868933 0.494118 0.494118 0.52549
v -0.043 0.00604909 0.08673 0.494118 0.494118 0.52549
v -0.04 0.00630749 0.0870477 0.494118 0.494118 0.52549
v -0.043 0.00617287 0.0868933 0.494118 0.494118 0.52549
v -0.04 0.00645234 0.0871925 0.494118 0.494118 0.52549
v -0.043 0.00630749 0.0870477 0.494118 0.494118 0.52549
v -0.04 0.00660674 0.0873271 0.494118 0.494118 0.52549
v -0.043 0.00645234 0.0871925 0.494118 0.494118 0.52549
v -0.04 0.00676996 0.0874509 0.494118 0.494118 0.52549
v -0.043 0.00660674 0.0873271 0.494118 0.494118 0.52549
v -0.04 0.00694125 0.0875633 0.494118 0.494118 0.52549
v -0.043 0.00676996 0.0874509 0.494118 0.494118 0.52549
v -0.04 0.0071198 0.0876637 0.494118 0.494118 0.52549
v -0.043 0.00694125 0.0875633 0.494118 0.494118 0.52549
v -0.04 0.0073048 0.0877516 0.494118 0.494118 0.52549
v -0.043 0.0071198 0.0876637 0.494118 0.494118 0.52549
v -0.04 0.00749536 0.0878268 0.494118 0.494118 0.52549
v -0.043 0.0073048 0.0877516 0.494118 0.494118 0.52549
v -0.04 0.00769061 0.0878888 0.494118 0.494118 0.52549
v -0.043 0.00749536 0.0878268 0.494118 0.494118 0.52549
v -0.04 0.00788963 0.0879373 0.494118 0.494118 0.52549
v -0.043 0.00769061 0.0878888 0.494118 0.494118 0.52549
v -0.04 0.0080915 0.0879721 0.494118 0.494118 0.52549
v -0.043 0.00788963 0.0879373 0.494118 0.494118 0.52549
v -0.04 0.00829527 0.087993 0.494118 0.494118 0.52549
v -0.043 0.0080915 0.0879721 0.494118 0.494118 0.52549
v -0.04 0.0085 0.088 0.494118 0.494118 0.52549
v -0.043 0.00829527 0.087993 0.494118 0.494118 0.52549
v -0.043 0.0085 0.088 0.494118 0.494118 0.52549
v 0.04 0.0205 0.088 0.494118 0.494118 0.52549
v 0.043 0.0205 0.088 0.494118 0.494118 0.52549
v -0.043 0.0205 0.088 0.494118 0.494118 0.52549
v -0.04 0.0205 0.088 0.494118 0.494118 0.52549
v -0.04 0.0175 0.098 0.494118 0.494118 0.52549
v -0.043 0.0175 0.098 0.494118 0.494118 0.52549
v -0.04 0.0177047 0.098007 0.494118 0.494118 0.52549
v -0.04 0.0181104 0.0980627 0.494118 0.494118 0.52549
v -0.04 0.0179085 0.0980279 0.494118 0.494118 0.52549
v -0.04 0.0185046 0.0981732 0.494118 0.494118 0.52549
v -0.04 0.0183094 0.0981112 0.494118 0.494118 0.52549
v -0.04 0.0188802 0.0983363 0.494118 0.494118 0.52549
v -0.04 0.0186952 0.0982484 0.494118 0.494118 0.52549
v -0.04 0.0199509 0.09927 0.494118 0.494118 0.52549
v -0.04 0.0198271 0.0991067 0.494118 0.494118 0.52549
v -0.04 0.0190588 0.0984367 0.494118 0.494118 0.52549
v -0.04 0.0193933 0.0986729 0.494118 0.494118 0.52549
v -0.04 0.01923 0.0985491 0.494118 0.494118 0.52549
v -0.04 0.0196925 0.0989523 0.494118 0.494118 0.52549
v -0.04 0.0195477 0.0988075 0.494118 0.494118 0.52549
v -0.04 0.0200633 0.0994412 0.494118 0.494118 0.52549
v -0.04 0.0202516 0.0998048 0.494118 0.494118 0.52549
v -0.04 0.0201637 0.0996198 0.494118 0.494118 0.52549
v -0.04 0.0204373 0.10039 0.494118 0.494118 0.52549
v -0.04 0.0203888 0.100191 0.494118 0.494118 0.52549
v -0.04 0.020493 0.100795 0.494118 0.494118 0.52549
v -0.04 0.0204721 0.100592 0.494118 0.494118 0.52549
v -0.04 0.0203268 0.0999954 0.494118 0.494118 0.52549
v -0.04 0.0205 0.101 0.494118 0.494118 0.52549
v -0.043 0.0205 0.101 0.494118 0.494118 0.52549
v -0.043 0.020493 0.100795 0.494118 0.494118 0.52549
v -0.043 0.0204721 0.100592 0.494118 0.494118 0.52549
v -0.043 0.0204373 0.10039 0.494118 0.494118 0.52549
v -0.043 0.0203888 0.100191 0.494118 0.494118 0.52549
v -0.043 0.0203268 0.0999954 0.494118 0.494118 0.52549
v -0.043 0.0202516 0.0998048 0.494118 0.494118 0.52549
v -0.043 0.0201637 0.0996198 0.494118 0.494118 0.52549
v -0.043 0.0200633 0.0994412 0.494118 0.494118 0.52549
v -0.043 0.0199509 0.09927 0.494118 0.494118 0.52549
v -0.043 0.0198271 0.0991067 0.494118 0.494118 0.52549
v -0.043 0.0196925 0.0989523 0.494118 0.494118 0.52549
v -0.043 0.0195477 0.0988075 0.494118 0.494118 0.52549
v -0.043 0.0193933 0.0986729 0.494118 0.494118 0.52549
v -0.043 0.01923 0.0985491 0.494118 0.494118 0.52549
v -0.043 0.0190588 0.0984367 0.494118 0.494118 0.52549
v -0.043 0.0188802 0.0983363 0.494118 0.494118 0.52549
v -0.043 0.0186952 0.0982484 0.494118 0.494118 0.52549
v -0.043 0.0185046 0.0981732 0.494118 0.494118 0.52549
v -0.043 0.0183094 0.0981112 0.494118 0.494118 0.52549
v -0.043 0.0181104 0.0980627 0.494118 0.494118 0.52549
v -0.043 0.0179085 0.0980279 0.494118 0.494118 0.52549
v -0.043 0.0177047 0.098007 0.494118 0.494118 0.52549
v 0.04 0.0175 0.098 0.494118 0.494118 0.52549
v 0.04 0.0181104 0.0980627 0.494118 0.494118 0.52549
v 0.04 0.0183094 0.0981112 0.494118 0.494118 0.52549
v 0.04 0.0177047 0.098007 0.494118 0.494118 0.52549
v 0.04 0.0179085 0.0980279 0.494118 0.494118 0.52549
v 0.04 0.0196925 0.0989523 0.494118 0.494118 0.52549
v 0.04 0.0198271 0.0991067 0.494118 0.494118 0.52549
v 0.04 0.0185046 0.0981732 0.494118 0.494118 0.52549
v 0.04 0.0186952 0.0982484 0.494118 0.494118 0.52549
v 0.04 0.0204373 0.10039 0.494118 0.494118 0.52549
v 0.04 0.0204721 0.100592 0.494118 0.494118 0.52549
v 0.04 0.0202516 0.0998048 0.494118 0.494118 0.52549
v 0.04 0.0203268 0.0999954 0.494118 0.494118 0.52549
v 0.04 0.0200633 0.0994412 0.494118 0.494118 0.52549
v 0.04 0.0201637 0.0996198 0.494118 0.494118 0.52549
v 0.04 0.0199509 0.09927 0.494118 0.494118 0.52549
v 0.04 0.0193933 0.0986729 0.494118 0.494118 0.52549
v 0.04 0.0195477 0.0988075 0.494118 0.494118 0.52549
v 0.04 0.0190588 0.0984367 0.494118 0.494118 0.52549
v 0.04 0.01923 0.0985491 0.494118 0.494118 0.52549
v 0.04 0.0188802 0.0983363 0.494118 0.494118 0.52549
v 0.04 0.020493 0.100795 0.494118 0.494118 0.52549
v 0.04 0.0203888 0.100191 0.494118 0.494118 0.52549
v 0.04 0.0205 0.101 0.494118 0.494118 0.52549
v 0.043 0.020493 0.100795 0.494118 0.494118 0.52549
v 0.043 0.0205 0.101 0.494118 0.494118 0.52549
v 0.043 0.0204721 0.100592 0.494118 0.494118 0.52549
v 0.043 0.0204373 0.10039 0.494118 0.494118 0.52549
v 0.043 0.0203888 0.100191 0.494118 0.494118 0.52549
v 0.043 0.0203268 0.0999954 0.494118 0.494118 0.52549
v 0.043 0.0202516 0.0998048 0.494118 0.494118 0.52549
v 0.043 0.0201637 0.0996198 0.494118 0.494118 0.52549
v 0.043 0.0200633 0.0994412 0.494118 0.494118 0.52549
v 0.043 0.0199509 0.09927 0.494118 0.494118 0.52549
v 0.043 0.0198271 0.0991067 0.494118 0.494118 0.52549
v 0.043 0.0196925 0.0989523 0.494118 0.494118 0.52549
v 0.043 0.0195477 0.0988075 0.494118 0.494118 0.52549
v 0.043 0.0193933 0.0986729 0.494118 0.494118 0.52549
v 0.043 0.01923 0.0985491 0.494118 0.494118 0.52549
v 0.043 0.0190588 0.0984367 0.494118 0.494118 0.52549
v 0.043 0.0188802 0.0983363 0.494118 0.494118 0.52549
v 0.043 0.0186952 0.0982484 0.494118 0.494118 0.52549
v 0.043 0.0185046 0.0981732 0.494118 0.494118 0.52549
v 0.043 0.0183094 0.0981112 0.494118 0.494118 0.52549
v 0.043 0.0181104 0.0980627 0.494118 0.494118 0.52549
v 0.043 0.0179085 0.0980279 0.494118 0.494118 0.52549
v 0.043 0.0177047 0.098007 0.494118 0.494118 0.52549
v 0.043 0.0175 0.098 0.494118 0.494118 0.52549
v 0.043 0.0205 0.123 0.494118 0.494118 0.52549
v -0.043 0.0205 0.123 0.494118 0.494118 0.52549
v 0.043 0.0225477 0.0888075 0.494118 0.494118 0.52549
v 0.043 0.0226925 0.0889523 0.494118 0.494118 0.52549
v 0.043 0.0228271 0.0891067 0.494118 0.494118 0.52549
v 0.043 0.0229509 0.08927 0.494118 0.494118 0.52549
v 0.043 0.0223933 0.0886729 0.494118 0.494118 0.52549
v 0.043 0.0231637 0.0896198 0.494118 0.494118 0.52549
v 0.043 0.0232516 0.0898048 0.494118 0.494118 0.52549
v 0.043 0.0230633 0.0894412 0.494118 0.494118 0.52549
v 0.043 0.0207047 0.088007 0.494118 0.494118 0.52549
v 0.043 0.0218802 0.0883363 0.494118 0.494118 0.52549
v 0.043 0.0220588 0.0884367 0.494118 0.494118 0.52549
v 0.043 0.0211104 0.0880627 0.494118 0.494118 0.52549
v 0.043 0.0213094 0.0881112 0.494118 0.494118 0.52549
v 0.043 0.02223 0.0885491 0.494118 0.494118 0.52549
v 0.043 0.023493 0.0907953 0.494118 0.494118 0.52549
v 0.043 0.0235 0.091 0.494118 0.494118 0.52549
v 0.043 0.0234373 0.0903896 0.494118 0.494118 0.52549
v 0.043 0.0234721 0.0905915 0.494118 0.494118 0.52549
v 0.043 0.0233268 0.0899954 0.494118 0.494118 0.52549
v 0.043 0.0233888 0.0901906 0.494118 0.494118 0.52549
v 0.043 0.0235 0.123 0.494118 0.494118 0.52549
v 0.043 0.0209085 0.0880279 0.494118 0.494118 0.52549
v 0.043 0.0216952 0.0882484 0.494118 0.494118 0.52549
v 0.043 0.0215046 0.0881732 0.494118 0.494118 0.52549
v -0.043 0.0230633 0.0894412 0.494118 0.494118 0.52549
v -0.043 0.0229509 0.08927 0.494118 0.494118 0.52549
v -0.043 0.0226925 0.0889523 0.494118 0.494118 0.52549
v -0.043 0.0231637 0.0896198 0.494118 0.494118 0.52549
v -0.043 0.0232516 0.0898048 0.494118 0.494118 0.52549
v -0.043 0.0225477 0.0888075 0.494118 0.494118 0.52549
v -0.043 0.0207047 0.088007 0.494118 0.494118 0.52549
v -0.043 0.0235 0.123 0.494118 0.494118 0.52549
v -0.043 0.0235 0.091 0.494118 0.494118 0.52549
v -0.043 0.0234373 0.0903896 0.494118 0.494118 0.52549
v -0.043 0.0233888 0.0901906 0.494118 0.494118 0.52549
v -0.043 0.023493 0.0907953 0.494118 0.494118 0.52549
v -0.043 0.0234721 0.0905915 0.494118 0.494118 0.52549
v -0.043 0.0223933 0.0886729 0.494118 0.494118 0.52549
v -0.043 0.0215046 0.0881732 0.494118 0.494118 0.52549
v -0.043 0.0213094 0.0881112 0.494118 0.494118 0.52549
v -0.043 0.0220588 0.0884367 0.494118 0.494118 0.52549
v -0.043 0.0209085 0.0880279 0.494118 0.494118 0.52549
v -0.043 0.0233268 0.0899954 0.494118 0.494118 0.52549
v -0.043 0.0228271 0.0891067 0.494118 0.494118 0.52549
v -0.043 0.02223 0.0885491 0.494118 0.494118 0.52549
v -0.043 0.0216952 0.0882484 0.494118 0.494118 0.52549
v -0.043 0.0218802 0.0883363 0.494118 0.494118 0.52549
v -0.043 0.0211104 0.0880627 0.494118 0.494118 0.52549
vn 0 1 -0
vn -1 -0 -0
vn 1 -0 -0
vn 0 -1 -0
vn -0 0.269797 0.962917
vn -0 0.203456 0.979084
vn -0 0.33488 0.942261
vn -0 0.269797 0.962917
vn -0 0.398401 0.917211
vn -0 0.33488 0.942261
vn -0 0.460065 0.887885
vn -0 0.398401 0.917211
vn -0 0.519584 0.854419
vn -0 0.460065 0.887885
vn -0 0.57668 0.81697
vn -0 0.519584 0.854419
vn -0 0.631088 0.775711
vn -0 0.57668 0.81697
vn -0 0.682553 0.730836
vn -0 0.631088 0.775711
vn -0 0.730836 0.682553
vn -0 0.682553 0.730836
vn -0 0.775711 0.631088
vn -0 0.730836 0.682553
vn -0 0.81697 0.57668
vn -0 0.775711 0.631088
vn -0 0.854419 0.519584
vn -0 0.81697 0.57668
vn -0 0.887885 0.460065
vn -0 0.854419 0.519584
vn -0 0.917211 0.398401
vn -0 0.887885 0.460065
vn -0 0.942261 0.33488
vn -0 0.917211 0.398401
vn -0 0.962917 0.269797
vn -0 0.942261 0.33488
vn -0 0.979084 0.203456
vn -0 0.962917 0.269797
vn -0 0.990686 0.136167
vn -0 0.979084 0.203456
vn -0 0.997669 0.0682424
vn -0 0.990686 0.136167
vn -0 1 -1.07188e-15
vn -0 0.997669 0.0682424
vn -0 0.136167 0.990686
vn -0 0.0682424 0.997669
vn -0 -0 1
vn -0 0.136167 0.990686
vn -0 0.0682424 0.997669
vn -0 0.166667 0.986013
vn -0 0.136167 0.990686
vn -0 1 -1.07188e-15
vn 0 -0 1
vn -0 0 -1
vn 0 -1 1.83697e-16
vn 0 -0.997669 -0.0682424
vn 0 -0.990686 -0.136167
vn 0 -0.979084 -0.203456
vn 0 -0.962917 -0.269797
vn 0 -0.942261 -0.33488
vn 0 -0.917211 -0.398401
vn 0 -0.887885 -0.460065
vn 0 -0.854419 -0.519584
vn 0 -0.81697 -0.57668
vn 0 -0.775711 -0.631088
vn 0 -0.730836 -0.682553
vn 0 -0.682553 -0.730836
vn 0 -0.631088 -0.775711
vn 0 -0.57668 -0.81697
vn 0 -0.519584 -0.854419
vn 0 -0.460065 -0.887885
vn 0 -0.398401 -0.917211
vn 0 -0.33488 -0.942261
vn 0 -0.269797 -0.962917
vn 0 -0.203456 -0.979084
vn 0 -0.136167 -0.990686
vn 0 -0.0682424 -0.997669
vn 0 -2.44929e-16 -1
vn -0 -1 -0
vn 0 1 0
vn 0 1.22465e-16 -1
vn -0 -0.0682424 -0.997669
vn -0 -0.136167 -0.990686
vn -0 -0.203456 -0.979084
vn -0 -0.269797 -0.962917
vn -0 -0.33488 -0.942261
vn -0 -0.398401 -0.917211
vn -0 -0.460065 -0.887885
vn -0 -0.519584 -0.854419
vn -0 -0.57668 -0.81697
vn -0 -0.631088 -0.775711
vn -0 -0.682553 -0.730836
vn -0 -0.730836 -0.682553
vn -0 -0.775711 -0.631088
vn -0 -0.81697 -0.57668
vn -0 -0.854419 -0.519584
vn -0 -0.887885 -0.460065
vn -0 -0.917211 -0.398401
vn -0 -0.942261 -0.33488
vn -0 -0.962917 -0.269797
vn -0 -0.979084 -0.203456
vn -0 -0.990686 -0.136167
vn -0 -0.997669 -0.0682424
vn -0 -1 -1.83697e-16
vn 0 -0.997669 0.0682424
vn 0 -0.990686 0.136167
vn 0 -0.979084 0.203456
vn 0 -0.962917 0.269797
vn 0 -0.942261 0.33488
vn 0 -0.917211 0.398401
vn 0 -0.887885 0.460065
vn 0 -0.854419 0.519584
vn 0 -0.81697 0.57668
vn 0 -0.775711 0.631088
vn 0 -0.730836 0.682553
vn 0 -0.682553 0.730836
vn 0 -0.631088 0.775711
vn 0 -0.57668 0.81697
vn 0 -0.519584 0.854419
vn 0 -0.460065 0.887885
vn 0 -0.398401 0.917211
vn 0 -0.33488 0.942261
vn 0 -0.269797 0.962917
vn 0 -0.203456 0.979084
vn 0 -0.136167 0.990686
vn 0 -0.0682424 0.997669
vn 0 -2.44929e-16 1
vn 0 0.0682424 0.997669
vn 0 0.136167 0.990686
vn 0 0.203456 0.979084
vn 0 0.269797 0.962917
vn 0 0.33488 0.942261
vn 0 0.398401 0.917211
vn 0 0.460065 0.887885
vn 0 0.519584 0.854419
vn 0 0.57668 0.81697
vn 0 0.631088 0.775711
vn 0 0.682553 0.730836
vn 0 0.730836 0.682553
vn 0 0.775711 0.631088
vn 0 0.81697 0.57668
vn 0 0.854419 0.519584
vn 0 0.887885 0.460065
vn 0 0.917211 0.398401
vn 0 0.942261 0.33488
vn 0 0.962917 0.269797
vn 0 0.979084 0.203456
vn 0 0.990686 0.136167
vn 0 0.997669 0.0682424
vn 0 1 6.12323e-17
vn -0 0.997669 -0.0682424
vn -0 0.990686 -0.136167
vn -0 0.979084 -0.203456
vn -0 0.962917 -0.269797
vn -0 0.942261 -0.33488
vn -0 0.917211 -0.398401
vn -0 0.887885 -0.460065
vn -0 0.854419 -0.519584
vn -0 0.81697 -0.57668
vn -0 0.775711 -0.631088
vn -0 0.730836 -0.682553
vn -0 0.682553 -0.730836
vn -0 0.631088 -0.775711
vn -0 0.57668 -0.81697
vn -0 0.519584 -0.854419
vn -0 0.460065 -0.887885
vn -0 0.398401 -0.917211
vn -0 0.33488 -0.942261
vn -0 0.269797 -0.962917
vn -0 0.203456 -0.979084
vn -0 0.136167 -0.990686
vn -0 0.0682424 -0.997669
vn 0 -1.22465e-16 -1
vn 0 0.997669 0.0682424
vn 0 1 1.83697e-16
vn 0 0.990686 0.136167
vn 0 0.997669 0.0682424
vn 0 0.979084 0.203456
vn 0 0.990686 0.136167
vn 0 0.962917 0.269797
vn 0 0.979084 0.203456
vn 0 0.942261 0.33488
vn 0 0.962917 0.269797
vn 0 0.917211 0.398401
vn 0 0.942261 0.33488
vn 0 0.887885 0.460065
vn 0 0.917211 0.398401
vn 0 0.854419 0.519584
vn 0 0.887885 0.460065
vn 0 0.81697 0.57668
vn 0 0.854419 0.519584
vn 0 0.775711 0.631088
vn 0 0.81697 0.57668
vn 0 0.730836 0.682553
vn 0 0.775711 0.631088
vn 0 0.682553 0.730836
vn 0 0.730836 0.682553
vn 0 0.631088 0.775711
vn 0 0.682553 0.730836
vn 0 0.57668 0.81697
vn 0 0.631088 0.775711
vn 0 0.519584 0.854419
vn 0 0.57668 0.81697
vn 0 0.460065 0.887885
vn 0 0.519584 0.854419
vn 0 0.398401 0.917211
vn 0 0.460065 0.887885
vn 0 0.33488 0.942261
vn 0 0.398401 0.917211
vn 0 0.269797 0.962917
vn 0 0.33488 0.942261
vn 0 0.203456 0.979084
vn 0 0.269797 0.962917
vn 0 0.136167 0.990686
vn 0 0.203456 0.979084
vn 0 0.0682424 0.997669
vn 0 0.136167 0.990686
vn -0 -1.22465e-16 1
vn 0 0.0682424 0.997669
vn 0 0.997669 0.0682424
vn 0 1 1.83697e-16
vn 0 0.990686 0.136167
vn 0 0.997669 0.0682424
vn 0 0.979084 0.203456
vn 0 0.990686 0.136167
vn 0 0.962917 0.269797
vn 0 0.979084 0.203456
vn 0 0.942261 0.33488
vn 0 0.962917 0.269797
vn 0 0.917211 0.398401
vn 0 0.942261 0.33488
vn 0 0.887885 0.460065
vn 0 0.917211 0.398401
vn 0 0.854419 0.519584
vn 0 0.887885 0.460065
vn 0 0.81697 0.57668
vn 0 0.854419 0.519584
vn 0 0.775711 0.631088
vn 0 0.81697 0.57668
vn 0 0.730836 0.682553
vn 0 0.775711 0.631088
vn 0 0.682553 0.730836
vn 0 0.730836 0.682553
vn 0 0.631088 0.775711
vn 0 0.682553 0.730836
vn 0 0.57668 0.81697
vn 0 0.631088 0.775711
vn 0 0.519584 0.854419
vn 0 0.57668 0.81697
vn 0 0.460065 0.887885
vn 0 0.519584 0.854419
vn 0 0.398401 0.917211
vn 0 0.460065 0.887885
vn 0 0.33488 0.942261
vn 0 0.398401 0.917211
vn 0 0.269797 0.962917
vn 0 0.33488 0.942261
vn 0 0.203456 0.979084
vn 0 0.269797 0.962917
vn 0 0.136167 0.990686
vn 0 0.203456 0.979084
vn 0 0.0682424 0.997669
vn 0 0.136167 0.990686
vn -0 -1.22465e-16 1
vn 0 0.0682424 0.997669
vn -0 0.997669 -0.0682424
vn -0 1 -1.83697e-16
vn -0 0.990686 -0.136167
vn -0 0.997669 -0.0682424
vn -0 0.979084 -0.203456
vn -0 0.990686 -0.136167
vn -0 0.962917 -0.269797
vn -0 0.979084 -0.203456
vn -0 0.942261 -0.33488
vn -0 0.962917 -0.269797
vn -0 0.917211 -0.398401
vn -0 0.942261 -0.33488
vn -0 0.887885 -0.460065
vn -0 0.917211 -0.398401
vn -0 0.854419 -0.519584
vn -0 0.887885 -0.460065
vn -0 0.81697 -0.57668
vn -0 0.854419 -0.519584
vn -0 0.775711 -0.631088
vn -0 0.81697 -0.57668
vn -0 0.730836 -0.682553
vn -0 0.775711 -0.631088
vn -0 0.682553 -0.730836
vn -0 0.730836 -0.682553
vn -0 0.631088 -0.775711
vn -0 0.682553 -0.730836
vn -0 0.57668 -0.81697
vn -0 0.631088 -0.775711
vn -0 0.519584 -0.854419
vn -0 0.57668 -0.81697
vn -0 0.460065 -0.887885
vn -0 0.519584 -0.854419
vn -0 0.398401 -0.917211
vn -0 0.460065 -0.887885
vn -0 0.33488 -0.942261
vn -0 0.398401 -0.917211
vn -0 0.269797 -0.962917
vn -0 0.33488 -0.942261
vn -0 0.203456 -0.979084
vn -0 0.269797 -0.962917
vn -0 0.136167 -0.990686
vn -0 0.203456 -0.979084
vn -0 0.0682424 -0.997669
vn -0 0.136167 -0.990686
vn 0 -1.22465e-16 -1
vn -0 0.0682424 -0.997669
vn -0 0 1
vn 1 -5.33761e-16 0
vn -0 -0.997669 0.0682424
vn -0 -1 6.12323e-17
vn -0 -0.990686 0.136167
vn -0 -0.997669 0.0682424
vn -0 -0.979084 0.203456
vn -0 -0.990686 0.136167
vn -0 -0.962917 0.269797
vn -0 -0.979084 0.203456
vn -0 -0.942261 0.33488
vn -0 -0.962917 0.269797
vn -0 -0.917211 0.398401
vn -0 -0.942261 0.33488
vn -0 -0.887885 0.460065
vn -0 -0.917211 0.398401
vn -0 -0.854419 0.519584
vn -0 -0.887885 0.460065
vn -0 -0.81697 0.57668
vn -0 -0.854419 0.519584
vn -0 -0.775711 0.631088
vn -0 -0.81697 0.57668
vn -0 -0.730836 0.682553
vn -0 -0.775711 0.631088
vn -0 -0.682553 0.730836
vn -0 -0.730836 0.682553
vn -0 -0.631088 0.775711
vn -0 -0.682553 0.730836
vn -0 -0.57668 0.81697
vn -0 -0.631088 0.775711
vn -0 -0.519584 0.854419
vn -0 -0.57668 0.81697
vn -0 -0.460065 0.887885
vn -0 -0.519584 0.854419
vn -0 -0.398401 0.917211
vn -0 -0.460065 0.887885
vn -0 -0.33488 0.942261
vn -0 -0.398401 0.917211
vn -0 -0.269797 0.962917
vn -0 -0.33488 0.942261
vn -0 -0.203456 0.979084
vn -0 -0.269797 0.962917
vn -0 -0.136167 0.990686
vn -0 -0.203456 0.979084
vn -0 -0.0682424 0.997669
vn -0 -0.136167 0.990686
vn -0 -0 1
vn -0 -0.0682424 0.997669
vn -1 5.33761e-16 -0
vn -0 -0.997669 0.0682424
vn -0 -1 6.12323e-17
vn -0 -0.990686 0.136167
vn -0 -0.997669 0.0682424
vn -0 -0.979084 0.203456
vn -0 -0.990686 0.136167
vn -0 -0.962917 0.269797
vn -0 -0.979084 0.203456
vn -0 -0.942261 0.33488
vn -0 -0.962917 0.269797
vn -0 -0.917211 0.398401
vn -0 -0.942261 0.33488
vn -0 -0.887885 0.460065
vn -0 -0.917211 0.398401
vn -0 -0.854419 0.519584
vn -0 -0.887885 0.460065
vn -0 -0.81697 0.57668
vn -0 -0.854419 0.519584
vn -0 -0.775711 0.631088
vn -0 -0.81697 0.57668
vn -0 -0.730836 0.682553
vn -0 -0.775711 0.631088
vn -0 -0.682553 0.730836
vn -0 -0.730836 0.682553
vn -0 -0.631088 0.775711
vn -0 -0.682553 0.730836
vn -0 -0.57668 0.81697
vn -0 -0.631088 0.775711
vn -0 -0.519584 0.854419
vn -0 -0.57668 0.81697
vn -0 -0.460065 0.887885
vn -0 -0.519584 0.854419
vn -0 -0.398401 0.917211
vn -0 -0.460065 0.887885
vn -0 -0.33488 0.942261
vn -0 -0.398401 0.917211
vn -0 -0.269797 0.962917
vn -0 -0.33488 0.942261
vn -0 -0.203456 0.979084
vn -0 -0.269797 0.962917
vn -0 -0.136167 0.990686
vn -0 -0.203456 0.979084
vn -0 -0.0682424 0.997669
vn -0 -0.136167 0.990686
vn -0 -0 1
vn -0 -0.0682424 0.997669
vn -0 -1 -0
vn 1 0 -0
vn -1 -0 0
vn 0 1 6.12323e-17
vn 0 0.997669 -0.0682424
vn 0 0.990686 -0.136167
vn 0 0.979084 -0.203456
vn 0 0.962917 -0.269797
vn 0 0.942261 -0.33488
vn 0 0.917211 -0.398401
vn 0 0.887885 -0.460065
vn 0 0.854419 -0.519584
vn 0 0.81697 -0.57668
vn 0 0.775711 -0.631088
vn 0 0.730836 -0.682553
vn 0 0.682553 -0.730836
vn 0 0.631088 -0.775711
vn 0 0.57668 -0.81697
vn 0 0.519584 -0.854419
vn 0 0.460065 -0.887885
vn 0 0.398401 -0.917211
vn 0 0.33488 -0.942261
vn 0 0.269797 -0.962917
vn 0 0.203456 -0.979084
vn 0 0.136167 -0.990686
vn 0 0.0682424 -0.997669
vn 0 1.22465e-16 -1
vn -0 0 1
vn -0 1 -0
vt 0.019958 -0.015
vt 0.019958 0.005
vt 0.023 0.005
vt 0.023 -0.015
vt 0.023 0.005
vt 0.023 -0.005
vt 0.02 -0.0045
vt 0.019993 -0.00470473
vt 0.019958 -0.005
vt 0.0199721 -0.0049085
vt 0.02 0.005
vt -0.023 0.005
vt -0.02 0.005
vt -0.02 -0.0045
vt -0.023 -0.005
vt -0.019993 -0.00470473
vt -0.0199721 -0.0049085
vt -0.019958 -0.005
vt -0.02 0.005
vt -0.02 -0.015
vt -0.023 -0.015
vt -0.023 0.005
vt 6.01 0.043
vt 6.0783 0.043
vt 6.0783 -0.043
vt 5.94171 0.043
vt 6.01 -0.043
vt 5.87341 0.043
vt 5.94171 -0.043
vt 5.80512 0.043
vt 5.87341 -0.043
vt 5.73682 0.043
vt 5.80512 -0.043
vt 5.66853 0.043
vt 5.73682 -0.043
vt 5.60023 0.043
vt 5.66853 -0.043
vt 5.53193 0.043
vt 5.60023 -0.043
vt 5.46364 0.043
vt 5.53193 -0.043
vt 5.39534 0.043
vt 5.46364 -0.043
vt 5.32705 0.043
vt 5.39534 -0.043
vt 5.25875 0.043
vt 5.32705 -0.043
vt 5.19046 0.043
vt 5.25875 -0.043
vt 5.12216 0.043
vt 5.19046 -0.043
vt 5.05387 0.043
vt 5.12216 -0.043
vt 4.98557 0.043
vt 5.05387 -0.043
vt 4.91728 0.043
vt 4.98557 -0.043
vt 4.84898 0.043
vt 4.91728 -0.043
vt 4.78068 0.043
vt 4.84898 -0.043
vt 4.71239 0.043
vt 4.78068 -0.043
vt 6.14659 -0.01
vt 6.21489 -0.01
vt 6.21489 -0.043
vt 6.28319 -0.01
vt 6.28319 -0.043
vt 6.21489 0.043
vt 6.28319 0.043
vt 6.28319 0.01
vt 6.14659 0.043
vt 6.21489 0.01
vt 6.11574 0.01
vt 6.11574 -0.01
vt 6.14659 -0.043
vt 6.14659 0.01
vt 4.71239 -0.043
vt -0.043 0.0065
vt -0.043 0.0185
vt -0.01 0.016
vt 0.043 0.0185
vt 0.01 0.016
vt 0.043 0.0065
vt 0.01 0.0065
vt -0.01 0.0065
vt 0.068 -0.043
vt 0.068 0.043
vt 0.071 0.043
vt 0.071 -0.043
vt 0.043 0.0185
vt -0.043 0.0185
vt -0.01 0.016
vt -0.043 0.0035
vt -0.01 0.006
vt 0.043 0.0035
vt 0.01 0.006
vt 0.01 0.016
vt 4.71239 0.043
vt 4.71239 -0.043
vt 4.78068 -0.043
vt 4.78068 0.043
vt 4.84898 -0.043
vt 4.84898 0.043
vt 4.91728 -0.043
vt 4.91728 0.043
vt 4.98557 -0.043
vt 4.98557 0.043
vt 5.05387 -0.043
vt 5.05387 0.043
vt 5.12216 -0.043
vt 5.12216 0.043
vt 5.19046 -0.043
vt 5.19046 0.043
vt 5.25875 -0.043
vt 5.25875 0.043
vt 5.32705 -0.043
vt 5.32705 0.043
vt 5.39534 -0.043
vt 5.39534 0.043
vt 5.46364 -0.043
vt 5.46364 0.043
vt 5.53193 -0.043
vt 5.53193 0.043
vt 5.60023 -0.043
vt 5.60023 0.043
vt 5.66853 -0.043
vt 5.66853 0.043
vt 5.73682 -0.043
vt 5.73682 0.043
vt 5.80512 -0.043
vt 5.80512 0.043
vt 5.87341 -0.043
vt 5.87341 0.043
vt 5.94171 -0.043
vt 5.94171 0.043
vt 6.01 -0.043
vt 6.01 0.043
vt 6.0783 -0.043
vt 6.0783 0.043
vt 6.14659 -0.043
vt 6.14659 0.043
vt 6.21489 -0.043
vt 6.21489 0.043
vt 6.28319 -0.043
vt 6.28319 0.043
vt 0.011 -0.032
vt 0.011 -0.118
vt -0.089 -0.118
vt -0.089 -0.032
vt 0.032 -0.0025
vt 0.118 -0.0025
vt 0.118 0.0025
vt 0.032 0.0025
vt -0.005 -0.032
vt -0.005 -0.118
vt 0.005 -0.118
vt 0.005 -0.032
vt 3.14159 0.118
vt 3.14159 0.032
vt 3.20989 0.032
vt 3.20989 0.118
vt 3.27818 0.032
vt 3.27818 0.118
vt 3.34648 0.032
vt 3.34648 0.118
vt 3.41477 0.032
vt 3.41477 0.118
vt 3.48307 0.032
vt 3.48307 0.118
vt 3.55137 0.032
vt 3.55137 0.118
vt 3.61966 0.032
vt 3.61966 0.118
vt 3.68796 0.032
vt 3.68796 0.118
vt 3.75625 0.032
vt 3.75625 0.118
vt 3.82455 0.032
vt 3.82455 0.118
vt 3.89284 0.032
vt 3.89284 0.118
vt 3.96114 0.032
vt 3.96114 0.118
vt 4.02943 0.032
vt 4.02943 0.118
vt 4.09773 0.032
vt 4.09773 0.118
vt 4.16603 0.032
vt 4.16603 0.118
vt 4.23432 0.032
vt 4.23432 0.118
vt 4.30262 0.032
vt 4.30262 0.118
vt 4.37091 0.032
vt 4.37091 0.118
vt 4.43921 0.032
vt 4.43921 0.118
vt 4.5075 0.032
vt 4.5075 0.118
vt 4.5758 0.032
vt 4.5758 0.118
vt 4.64409 0.032
vt 4.64409 0.118
vt 4.71239 0.032
vt 4.71239 0.118
vt -0.005 -0.032
vt -0.005 -0.118
vt 0.002 -0.118
vt 0.002 -0.032
vt 4.71239 0.118
vt 4.71239 0.032
vt 4.78068 0.032
vt 4.78068 0.118
vt 4.84898 0.032
vt 4.84898 0.118
vt 4.91728 0.032
vt 4.91728 0.118
vt 4.98557 0.032
vt 4.98557 0.118
vt 5.05387 0.032
vt 5.05387 0.118
vt 5.12216 0.032
vt 5.12216 0.118
vt 5.19046 0.032
vt 5.19046 0.118
vt 5.25875 0.032
vt 5.25875 0.118
vt 5.32705 0.032
vt 5.32705 0.118
vt 5.39534 0.032
vt 5.39534 0.118
vt 5.46364 0.032
vt 5.46364 0.118
vt 5.53193 0.032
vt 5.53193 0.118
vt 5.60023 0.032
vt 5.60023 0.118
vt 5.66853 0.032
vt 5.66853 0.118
vt 5.73682 0.032
vt 5.73682 0.118
vt 5.80512 0.032
vt 5.80512 0.118
vt 5.87341 0.032
vt 5.87341 0.118
vt 5.94171 0.032
vt 5.94171 0.118
vt 6.01 0.032
vt 6.01 0.118
vt 6.0783 0.032
vt 6.0783 0.118
vt 6.14659 0.032
vt 6.14659 0.118
vt 6.21489 0.032
vt 6.21489 0.118
vt 6.28319 0.032
vt 6.28319 0.118
vt -0.032 0.004
vt -0.118 0.004
vt -0.118 -0.001
vt -0.032 -0.001
vt 0 0.118
vt 0 0.032
vt 0.0682955 0.032
vt 0.0682955 0.118
vt 0.136591 0.032
vt 0.136591 0.118
vt 0.204886 0.032
vt 0.204886 0.118
vt 0.273182 0.032
vt 0.273182 0.118
vt 0.341477 0.032
vt 0.341477 0.118
vt 0.409773 0.032
vt 0.409773 0.118
vt 0.478068 0.032
vt 0.478068 0.118
vt 0.546364 0.032
vt 0.546364 0.118
vt 0.614659 0.032
vt 0.614659 0.118
vt 0.682955 0.032
vt 0.682955 0.118
vt 0.75125 0.032
vt 0.75125 0.118
vt 0.819546 0.032
vt 0.819546 0.118
vt 0.887841 0.032
vt 0.887841 0.118
vt 0.956137 0.032
vt 0.956137 0.118
vt 1.02443 0.032
vt 1.02443 0.118
vt 1.09273 0.032
vt 1.09273 0.118
vt 1.16102 0.032
vt 1.16102 0.118
vt 1.22932 0.032
vt 1.22932 0.118
vt 1.29761 0.032
vt 1.29761 0.118
vt 1.36591 0.032
vt 1.36591 0.118
vt 1.43421 0.032
vt 1.43421 0.118
vt 1.5025 0.032
vt 1.5025 0.118
vt 1.5708 0.032
vt 1.5708 0.118
vt -0.0095 -0.115
vt -0.0095 -0.035
vt -0.0255 -0.035
vt -0.0875 -0.118
vt -0.0255 -0.118
vt -0.0255 -0.115
vt 0.0095 -0.032
vt -0.0095 -0.032
vt 0.0095 -0.118
vt -0.0875 -0.032
vt -0.0095 -0.118
vt -0.0255 -0.032
vt 4.64409 -0.134
vt 4.71239 -0.134
vt 4.71239 -0.137
vt 4.5758 -0.134
vt 4.64409 -0.137
vt 4.5075 -0.134
vt 4.5758 -0.137
vt 4.43921 -0.134
vt 4.5075 -0.137
vt 4.37091 -0.134
vt 4.43921 -0.137
vt 4.30262 -0.134
vt 4.37091 -0.137
vt 4.23432 -0.134
vt 4.30262 -0.137
vt 4.16603 -0.134
vt 4.23432 -0.137
vt 4.09773 -0.134
vt 4.16603 -0.137
vt 4.02943 -0.134
vt 4.09773 -0.137
vt 3.96114 -0.134
vt 4.02943 -0.137
vt 3.89284 -0.134
vt 3.96114 -0.137
vt 3.82455 -0.134
vt 3.89284 -0.137
vt 3.75625 -0.134
vt 3.82455 -0.137
vt 3.68796 -0.134
vt 3.75625 -0.137
vt 3.61966 -0.134
vt 3.68796 -0.137
vt 3.55137 -0.134
vt 3.61966 -0.137
vt 3.48307 -0.134
vt 3.55137 -0.137
vt 3.41477 -0.134
vt 3.48307 -0.137
vt 3.34648 -0.134
vt 3.41477 -0.137
vt 3.27818 -0.134
vt 3.34648 -0.137
vt 3.20989 -0.134
vt 3.27818 -0.137
vt 3.14159 -0.134
vt 3.20989 -0.137
vt 3.14159 -0.137
vt 4.64409 0.118
vt 4.71239 0.118
vt 4.71239 0.115
vt 4.5758 0.118
vt 4.64409 0.115
vt 4.5075 0.118
vt 4.5758 0.115
vt 4.43921 0.118
vt 4.5075 0.115
vt 4.37091 0.118
vt 4.43921 0.115
vt 4.30262 0.118
vt 4.37091 0.115
vt 4.23432 0.118
vt 4.30262 0.115
vt 4.16603 0.118
vt 4.23432 0.115
vt 4.09773 0.118
vt 4.16603 0.115
vt 4.02943 0.118
vt 4.09773 0.115
vt 3.96114 0.118
vt 4.02943 0.115
vt 3.89284 0.118
vt 3.96114 0.115
vt 3.82455 0.118
vt 3.89284 0.115
vt 3.75625 0.118
vt 3.82455 0.115
vt 3.68796 0.118
vt 3.75625 0.115
vt 3.61966 0.118
vt 3.68796 0.115
vt 3.55137 0.118
vt 3.61966 0.115
vt 3.48307 0.118
vt 3.55137 0.115
vt 3.41477 0.118
vt 3.48307 0.115
vt 3.34648 0.118
vt 3.41477 0.115
vt 3.27818 0.118
vt 3.34648 0.115
vt 3.20989 0.118
vt 3.27818 0.115
vt 3.14159 0.118
vt 3.20989 0.115
vt 3.14159 0.115
vt 4.64409 0.035
vt 4.71239 0.035
vt 4.71239 0.032
vt 4.5758 0.035
vt 4.64409 0.032
vt 4.5075 0.035
vt 4.5758 0.032
vt 4.43921 0.035
vt 4.5075 0.032
vt 4.37091 0.035
vt 4.43921 0.032
vt 4.30262 0.035
vt 4.37091 0.032
vt 4.23432 0.035
vt 4.30262 0.032
vt 4.16603 0.035
vt 4.23432 0.032
vt 4.09773 0.035
vt 4.16603 0.032
vt 4.02943 0.035
vt 4.09773 0.032
vt 3.96114 0.035
vt 4.02943 0.032
vt 3.89284 0.035
vt 3.96114 0.032
vt 3.82455 0.035
vt 3.89284 0.032
vt 3.75625 0.035
vt 3.82455 0.032
vt 3.68796 0.035
vt 3.75625 0.032
vt 3.61966 0.035
vt 3.68796 0.032
vt 3.55137 0.035
vt 3.61966 0.032
vt 3.48307 0.035
vt 3.55137 0.032
vt 3.41477 0.035
vt 3.48307 0.032
vt 3.34648 0.035
vt 3.41477 0.032
vt 3.27818 0.035
vt 3.34648 0.032
vt 3.20989 0.035
vt 3.27818 0.032
vt 3.14159 0.035
vt 3.20989 0.032
vt 3.14159 0.032
vt 4.64409 -0.217
vt 4.71239 -0.217
vt 4.71239 -0.22
vt 4.5758 -0.217
vt 4.64409 -0.22
vt 4.5075 -0.217
vt 4.5758 -0.22
vt 4.43921 -0.217
vt 4.5075 -0.22
vt 4.37091 -0.217
vt 4.43921 -0.22
vt 4.30262 -0.217
vt 4.37091 -0.22
vt 4.23432 -0.217
vt 4.30262 -0.22
vt 4.16603 -0.217
vt 4.23432 -0.22
vt 4.09773 -0.217
vt 4.16603 -0.22
vt 4.02943 -0.217
vt 4.09773 -0.22
vt 3.96114 -0.217
vt 4.02943 -0.22
vt 3.89284 -0.217
vt 3.96114 -0.22
vt 3.82455 -0.217
vt 3.89284 -0.22
vt 3.75625 -0.217
vt 3.82455 -0.22
vt 3.68796 -0.217
vt 3.75625 -0.22
vt 3.61966 -0.217
vt 3.68796 -0.22
vt 3.55137 -0.217
vt 3.61966 -0.22
vt 3.48307 -0.217
vt 3.55137 -0.22
vt 3.41477 -0.217
vt 3.48307 -0.22
vt 3.34648 -0.217
vt 3.41477 -0.22
vt 3.27818 -0.217
vt 3.34648 -0.22
vt 3.20989 -0.217
vt 3.27818 -0.22
vt 3.14159 -0.217
vt 3.20989 -0.22
vt 3.14159 -0.22
vt 0.137 0.0065
vt 0.134 0.0065
vt 0.134 -0.0055
vt 0.137 -0.0055
vt 0.22 0.0065
vt 0.217 0.0065
vt 0.217 -0.0055
vt 0.22 -0.0055
vt 0.115 0.0115
vt 0.118 0.0115
vt 0.118 0.0025
vt 0.115 0.0025
vt 0.0055 0.161
vt -0.0065 0.161
vt -0.0035 0.171
vt 0.0055 0.171
vt 0.00650464 0.171173
vt 0.0068802 0.160664
vt 0.0066952 0.160752
vt 0.00739326 0.160327
vt 0.00723004 0.160451
vt -0.00370473 0.171007
vt 0.00705875 0.160563
vt 0.00754766 0.160193
vt 0.00843725 0.15861
vt 0.00838875 0.158809
vt 0.00570473 0.171007
vt 0.00570473 0.160993
vt -0.00411037 0.171063
vt -0.0039085 0.171028
vt -0.00450464 0.171173
vt -0.00430939 0.171111
vt 0.00630939 0.160889
vt 0.00611037 0.160937
vt 0.00650464 0.160827
vt 0.00769251 0.160048
vt 0.00795091 0.15973
vt 0.00782713 0.159893
vt 0.00825163 0.159195
vt 0.00816366 0.15938
vt 0.00847206 0.158408
vt 0.0085 0.158
vt 0.00838875 0.173191
vt 0.00843725 0.17339
vt 0.0059085 0.160972
vt 0.00611037 0.171063
vt 0.00630939 0.171111
vt 0.0059085 0.171028
vt 0.00806326 0.159559
vt 0.00832678 0.159005
vt 0.00847206 0.173592
vt 0.00723004 0.171549
vt 0.00849301 0.158205
vt 0.00849301 0.173795
vt 0.00825163 0.172805
vt 0.00832678 0.172995
vt 0.00816366 0.17262
vt 0.00769251 0.171952
vt 0.00782713 0.172107
vt 0.00739326 0.171673
vt 0.00754766 0.171807
vt 0.00705875 0.171437
vt -0.0048802 0.171336
vt -0.0046952 0.171248
vt -0.00595091 0.17227
vt -0.00582713 0.172107
vt 0.00806326 0.172441
vt 0.00795091 0.17227
vt 0.0066952 0.171248
vt -0.00505875 0.171437
vt -0.00539326 0.171673
vt -0.00523004 0.171549
vt -0.00569251 0.171952
vt -0.00554766 0.171807
vt -0.00606326 0.172441
vt -0.00625163 0.172805
vt -0.00616366 0.17262
vt -0.00643725 0.17339
vt -0.00638875 0.173191
vt -0.00649301 0.173795
vt -0.00647206 0.173592
vt 0.0068802 0.171336
vt -0.00632678 0.172995
vt -0.0065 0.174
vt 0.0085 0.174
vt 1.5025 -0.115
vt 1.5708 -0.115
vt 1.5708 -0.118
vt 1.43421 -0.115
vt 1.5025 -0.118
vt 1.36591 -0.115
vt 1.43421 -0.118
vt 1.29761 -0.115
vt 1.36591 -0.118
vt 1.22932 -0.115
vt 1.29761 -0.118
vt 1.16102 -0.115
vt 1.22932 -0.118
vt 1.09273 -0.115
vt 1.16102 -0.118
vt 1.02443 -0.115
vt 1.09273 -0.118
vt 0.956137 -0.115
vt 1.02443 -0.118
vt 0.887841 -0.115
vt 0.956137 -0.118
vt 0.819546 -0.115
vt 0.887841 -0.118
vt 0.75125 -0.115
vt 0.819546 -0.118
vt 0.682955 -0.115
vt 0.75125 -0.118
vt 0.614659 -0.115
vt 0.682955 -0.118
vt 0.546364 -0.115
vt 0.614659 -0.118
vt 0.478068 -0.115
vt 0.546364 -0.118
vt 0.409773 -0.115
vt 0.478068 -0.118
vt 0.341477 -0.115
vt 0.409773 -0.118
vt 0.273182 -0.115
vt 0.341477 -0.118
vt 0.204886 -0.115
vt 0.273182 -0.118
vt 0.136591 -0.115
vt 0.204886 -0.118
vt 0.0682955 -0.115
vt 0.136591 -0.118
vt 0 -0.115
vt 0.0682955 -0.118
vt 0 -0.118
vt -0.0055 0.161
vt -0.0055 0.171
vt 0.0035 0.171
vt 0.0065 0.161
vt -0.00650464 0.171173
vt -0.00838875 0.158809
vt -0.00843725 0.15861
vt -0.00825163 0.159195
vt -0.00832678 0.159005
vt -0.00806326 0.159559
vt -0.00816366 0.15938
vt -0.00739326 0.160327
vt -0.00754766 0.160193
vt -0.00705875 0.160563
vt -0.00723004 0.160451
vt -0.00650464 0.160827
vt -0.0066952 0.160752
vt -0.00570473 0.171007
vt -0.00795091 0.15973
vt -0.00769251 0.160048
vt -0.00782713 0.159893
vt -0.0068802 0.160664
vt 0.00411037 0.171063
vt 0.00430939 0.171111
vt 0.00370473 0.171007
vt 0.0039085 0.171028
vt -0.00630939 0.160889
vt -0.0059085 0.160972
vt -0.00611037 0.160937
vt -0.00570473 0.160993
vt -0.00611037 0.171063
vt -0.0059085 0.171028
vt -0.00630939 0.171111
vt -0.00723004 0.171549
vt -0.00705875 0.171437
vt -0.00847206 0.158408
vt -0.0085 0.158
vt -0.00849301 0.173795
vt -0.00847206 0.173592
vt -0.00849301 0.158205
vt -0.00739326 0.171673
vt -0.0085 0.174
vt 0.00569251 0.171952
vt 0.00582713 0.172107
vt 0.00450464 0.171173
vt 0.0046952 0.171248
vt -0.00754766 0.171807
vt -0.00795091 0.17227
vt -0.00782713 0.172107
vt -0.00806326 0.172441
vt -0.00838875 0.173191
vt -0.00832678 0.172995
vt -0.00843725 0.17339
vt 0.00643725 0.17339
vt 0.00647206 0.173592
vt 0.00625163 0.172805
vt 0.00632678 0.172995
vt 0.00606326 0.172441
vt 0.00616366 0.17262
vt 0.00595091 0.17227
vt 0.00539326 0.171673
vt 0.00554766 0.171807
vt 0.00505875 0.171437
vt 0.00523004 0.171549
vt 0.0048802 0.171336
vt -0.0068802 0.171336
vt -0.0066952 0.171248
vt -0.00769251 0.171952
vt -0.00825163 0.172805
vt -0.00816366 0.17262
vt 0.00649301 0.173795
vt 0.00638875 0.173191
vt 0.0065 0.174
vt 1.5025 -0.032
vt 1.5708 -0.032
vt 1.5708 -0.035
vt 1.43421 -0.032
vt 1.5025 -0.035
vt 1.36591 -0.032
vt 1.43421 -0.035
vt 1.29761 -0.032
vt 1.36591 -0.035
vt 1.22932 -0.032
vt 1.29761 -0.035
vt 1.16102 -0.032
vt 1.22932 -0.035
vt 1.09273 -0.032
vt 1.16102 -0.035
vt 1.02443 -0.032
vt 1.09273 -0.035
vt 0.956137 -0.032
vt 1.02443 -0.035
vt 0.887841 -0.032
vt 0.956137 -0.035
vt 0.819546 -0.032
vt 0.887841 -0.035
vt 0.75125 -0.032
vt 0.819546 -0.035
vt 0.682955 -0.032
vt 0.75125 -0.035
vt 0.614659 -0.032
vt 0.682955 -0.035
vt 0.546364 -0.032
vt 0.614659 -0.035
vt 0.478068 -0.032
vt 0.546364 -0.035
vt 0.409773 -0.032
vt 0.478068 -0.035
vt 0.341477 -0.032
vt 0.409773 -0.035
vt 0.273182 -0.032
vt 0.341477 -0.035
vt 0.204886 -0.032
vt 0.273182 -0.035
vt 0.136591 -0.032
vt 0.204886 -0.035
vt 0.0682955 -0.032
vt 0.136591 -0.035
vt 0 -0.032
vt 0.0682955 -0.035
vt 0 -0.035
vt 0.032 0.0115
vt 0.035 0.0115
vt 0.035 0.0025
vt 0.032 0.0025
vt 0.0125 -0.032
vt -0.0095 -0.115
vt -0.0095 -0.035
vt -0.0225 -0.035
vt -0.0225 -0.115
vt 0.0125 -0.118
vt -0.0095 -0.118
vt -0.0095 -0.032
vt -0.00254766 0.122193
vt -0.00350699 0.100795
vt -0.0035 0.101
vt -0.00269251 0.122048
vt -0.00282713 0.121893
vt -0.0165046 0.0981732
vt -0.0205477 0.0888075
vt -0.0206925 0.0889523
vt -0.0166952 0.0982484
vt -0.0208271 0.0891067
vt -0.0209509 0.08927
vt -0.00338875 0.120809
vt -0.00349301 0.120205
vt -0.00347206 0.120408
vt -0.00325163 0.121195
vt -0.00316366 0.12138
vt -0.00295091 0.12173
vt -0.0005 0.02
vt -0.0035 0.085
vt -0.00350699 0.0852047
vt -0.0065 0.088
vt -0.0185 0.088
vt -0.0155 0.098
vt -0.0163094 0.0981112
vt -0.0161104 0.0980627
vt -0.0203933 0.0886729
vt -0.0211637 0.0896198
vt -0.0212516 0.0898048
vt -0.0210633 0.0894412
vt -0.0035 0.12
vt -0.00332678 0.121005
vt -0.00306326 0.121559
vt -0.00404909 0.09927
vt -0.00350699 0.0227953
vt -0.0035 0.023
vt -0.00393674 0.0214412
vt -0.00383634 0.0216198
vt -0.000506994 0.0197953
vt -0.00404909 0.02127
vt -0.000562748 0.0193896
vt -0.00430749 0.0209523
vt -0.00417287 0.0211067
vt -0.000936742 0.0184412
vt -0.00145234 0.0178075
vt -0.00160674 0.0176729
vt -0.00445234 0.0208075
vt -0.00117287 0.0181067
vt -0.00130749 0.0179523
vt -0.00176996 0.0175491
vt -0.00194125 0.0174367
vt -0.00460674 0.0206729
vt -0.0023048 0.0172484
vt -0.00249536 0.0171732
vt -0.0021198 0.0173363
vt -0.0065 0.098
vt -0.00629527 0.087993
vt -0.0187047 0.088007
vt -0.0198802 0.0883363
vt -0.0200588 0.0884367
vt -0.0191104 0.0880627
vt -0.0193094 0.0881112
vt -0.02023 0.0885491
vt -0.0168802 0.0983363
vt -0.021493 0.0907953
vt -0.0215 0.091
vt -0.0214373 0.0903896
vt -0.0214721 0.0905915
vt -0.0213268 0.0899954
vt -0.0213888 0.0901906
vt -0.0183268 0.0999954
vt -0.0182516 0.0998048
vt -0.0184373 0.10039
vt -0.0183888 0.100191
vt -0.0215 0.123
vt -0.0185 0.123
vt -0.0185 0.101
vt -0.00356275 0.0223896
vt -0.00352794 0.0225915
vt -0.00367322 0.0219954
vt -0.00361125 0.0221906
vt -0.00374837 0.0218048
vt -0.000527942 0.0195915
vt -0.000611248 0.0191906
vt -0.000748366 0.0188048
vt -0.000836344 0.0186198
vt -0.000673217 0.0189954
vt -0.00104909 0.01827
vt -0.0051198 0.0203363
vt -0.00329527 0.017007
vt -0.0035 0.017
vt 0.00743725 0.11239
vt 0.00706326 0.111441
vt 0.00695091 0.11127
vt 0.00732678 0.111995
vt 0.00725163 0.111805
vt -0.0189085 0.0880279
vt -0.0196952 0.0882484
vt -0.0195046 0.0881732
vt -0.0173933 0.0986729
vt -0.01723 0.0985491
vt -0.0179509 0.09927
vt -0.0178271 0.0991067
vt -0.0181637 0.0996198
vt -0.0180633 0.0994412
vt -0.018493 0.100795
vt -0.0184721 0.100592
vt -0.0005 0.12
vt -0.00352794 0.100592
vt -0.00356275 0.10039
vt -0.00367322 0.0999954
vt -0.00361125 0.100191
vt -0.00393674 0.0994412
vt -0.00383634 0.0996198
vt -0.00430749 0.0989523
vt -0.00417287 0.0991067
vt -0.00476996 0.0205491
vt -0.00549536 0.0201732
vt -0.0053048 0.0202484
vt -0.0185 0.017
vt -0.0185 0.02
vt -0.0065 0.02
vt -0.00588963 0.0879373
vt -0.0060915 0.0879721
vt -0.00460674 0.0986729
vt -0.00445234 0.0988075
vt -0.00383634 0.0863802
vt -0.00393674 0.0865588
vt 0.00716366 0.11162
vt 0.00738875 0.112191
vt 0.00682713 0.111107
vt 0.0075 0.113
vt 0.00749301 0.112795
vt -0.0157047 0.098007
vt -0.0175477 0.0988075
vt -0.0176925 0.0989523
vt -0.00269061 0.0171112
vt -0.00288963 0.0170627
vt -0.00494125 0.0204367
vt -0.0030915 0.0170279
vt -0.00569061 0.0201112
vt -0.0060915 0.0200279
vt -0.00588963 0.0200627
vt -0.00569061 0.0878888
vt -0.0051198 0.0876637
vt -0.0053048 0.0877516
vt -0.00374837 0.0861952
vt -0.00356275 0.0856104
vt -0.00361125 0.0858094
vt -0.00352794 0.0854085
vt 0.0045 0.12
vt 0.0058802 0.122664
vt 0.00605875 0.122563
vt 0.00511037 0.122937
vt 0.00530939 0.122889
vt 0.00623004 0.110549
vt 0.00605875 0.110437
vt 0.00669251 0.110952
vt 0.00654766 0.110807
vt 0.00747206 0.112592
vt -0.00549536 0.0981732
vt -0.0053048 0.0982484
vt -0.0060915 0.0980279
vt -0.00588963 0.0980627
vt -0.0159085 0.0980279
vt -0.0170588 0.0984367
vt -0.00374837 0.0998048
vt -0.00629527 0.020007
vt -0.00549536 0.0878268
vt -0.00494125 0.0875633
vt -0.00460674 0.0873271
vt -0.00476996 0.0874509
vt -0.00404909 0.08673
vt -0.00417287 0.0868933
vt -0.00367322 0.0860046
vt 0.00623004 0.122451
vt 0.00639326 0.122327
vt 0.0056952 0.122752
vt 0.00550464 0.122827
vt 0.00470473 0.122993
vt 0.0049085 0.122972
vt -0.0016952 0.122752
vt -0.00150464 0.122827
vt -0.00223004 0.122451
vt -0.00205875 0.122563
vt 0.0056952 0.110248
vt 0.00550464 0.110173
vt 0.0058802 0.110336
vt 0.00682713 0.121893
vt 0.00695091 0.12173
vt -0.0051198 0.0983363
vt -0.00569061 0.0981112
vt -0.00629527 0.098007
vt -0.00445234 0.0871925
vt -0.00430749 0.0870477
vt -0.00111037 0.122937
vt -0.0009085 0.122972
vt -0.00130939 0.122889
vt -0.0018802 0.122664
vt -0.00239326 0.122327
vt 0.00511037 0.110063
vt 0.0049085 0.110028
vt 0.00530939 0.110111
vt 0.00639326 0.110673
vt 0.00716366 0.12138
vt 0.00725163 0.121195
vt 0.00706326 0.121559
vt -0.00494125 0.0984367
vt -0.00476996 0.0985491
vt 0.00743725 0.12061
vt 0.00747206 0.120408
vt 0.00732678 0.121005
vt 0.00738875 0.120809
vt 0.0045 0.123
vt -0.0005 0.123
vt 0.00749301 0.120205
vt -0.000704727 0.122993
vt 0.00470473 0.110007
vt 0.0075 0.12
vt 0.00654766 0.122193
vt 0.00669251 0.122048
vt -0.00343725 0.12061
vt 0.0045 0.11
vt -0.0005 0.12
vt -0.00338875 0.120809
vt -0.00343725 0.12061
vt -0.00332678 0.121005
vt -0.00347206 0.120408
vt -0.00325163 0.121195
vt -0.00306326 0.121559
vt -0.00316366 0.12138
vt -0.00282713 0.121893
vt -0.00295091 0.12173
vt -0.00349301 0.120205
vt -0.00383634 0.0863802
vt -0.00374837 0.0861952
vt -0.00254766 0.122193
vt -0.00269251 0.122048
vt -0.0166952 0.0982484
vt -0.0210633 0.0894412
vt -0.0209509 0.08927
vt -0.0165046 0.0981732
vt -0.0206925 0.0889523
vt -0.0005 0.02
vt -0.00350699 0.0852047
vt -0.0035 0.085
vt -0.00352794 0.0854085
vt -0.00367322 0.0860046
vt -0.00404909 0.08673
vt -0.00393674 0.0865588
vt 0.00743725 0.11239
vt 0.00716366 0.11162
vt 0.00725163 0.111805
vt 0.00682713 0.111107
vt 0.00695091 0.11127
vt -0.0211637 0.0896198
vt -0.0168802 0.0983363
vt -0.0212516 0.0898048
vt -0.0205477 0.0888075
vt -0.0163094 0.0981112
vt -0.0187047 0.088007
vt -0.0185 0.088
vt -0.0065 0.088
vt -0.0065 0.098
vt -0.0155 0.098
vt -0.00460674 0.0206729
vt -0.0023048 0.0172484
vt -0.0021198 0.0173363
vt -0.00476996 0.0205491
vt -0.00249536 0.0171732
vt -0.00445234 0.0208075
vt -0.00194125 0.0174367
vt -0.00430749 0.0209523
vt -0.00145234 0.0178075
vt -0.00130749 0.0179523
vt -0.00104909 0.01827
vt -0.000936742 0.0184412
vt -0.00404909 0.02127
vt -0.000611248 0.0191906
vt -0.000562748 0.0193896
vt -0.00393674 0.0214412
vt -0.000527942 0.0195915
vt -0.000506994 0.0197953
vt -0.0035 0.023
vt -0.00356275 0.0856104
vt -0.0035 0.12
vt 0.0045 0.12
vt 0.00706326 0.121559
vt 0.00695091 0.12173
vt 0.00747206 0.112592
vt 0.00749301 0.112795
vt 0.00732678 0.111995
vt 0.00706326 0.111441
vt -0.0215 0.123
vt -0.0215 0.091
vt -0.0185 0.101
vt -0.0183268 0.0999954
vt -0.0183888 0.100191
vt -0.0181637 0.0996198
vt -0.0182516 0.0998048
vt -0.0214373 0.0903896
vt -0.0213888 0.0901906
vt -0.021493 0.0907953
vt -0.0214721 0.0905915
vt -0.0170588 0.0984367
vt -0.0203933 0.0886729
vt -0.0195046 0.0881732
vt -0.0193094 0.0881112
vt -0.0200588 0.0884367
vt -0.0189085 0.0880279
vt -0.00176996 0.0175491
vt -0.00160674 0.0176729
vt -0.00117287 0.0181067
vt -0.00417287 0.0211067
vt -0.000748366 0.0188048
vt -0.000673217 0.0189954
vt -0.000836344 0.0186198
vt -0.00356275 0.0223896
vt -0.00361125 0.0221906
vt -0.00350699 0.0227953
vt -0.00352794 0.0225915
vt -0.00361125 0.0858094
vt -0.00350699 0.100795
vt -0.00352794 0.100592
vt -0.0035 0.101
vt 0.00716366 0.12138
vt 0.00732678 0.121005
vt 0.00725163 0.121195
vt 0.0075 0.113
vt 0.00639326 0.110673
vt 0.00654766 0.110807
vt 0.0058802 0.110336
vt 0.00605875 0.110437
vt -0.0018802 0.122664
vt -0.00205875 0.122563
vt -0.00130939 0.122889
vt -0.00150464 0.122827
vt -0.018493 0.100795
vt -0.0184373 0.10039
vt -0.0184721 0.100592
vt -0.0179509 0.09927
vt -0.0180633 0.0994412
vt -0.0176925 0.0989523
vt -0.0178271 0.0991067
vt -0.01723 0.0985491
vt -0.0213268 0.0899954
vt -0.0208271 0.0891067
vt -0.02023 0.0885491
vt -0.0196952 0.0882484
vt -0.0198802 0.0883363
vt -0.0191104 0.0880627
vt -0.00629527 0.098007
vt -0.0185 0.017
vt -0.0035 0.017
vt -0.0065 0.02
vt -0.00569061 0.0201112
vt -0.00588963 0.0200627
vt -0.0051198 0.0203363
vt -0.0053048 0.0202484
vt -0.00383634 0.0216198
vt -0.00588963 0.0980627
vt -0.0060915 0.0980279
vt -0.00460674 0.0873271
vt -0.00445234 0.0871925
vt -0.00356275 0.10039
vt -0.00361125 0.100191
vt 0.00743725 0.12061
vt 0.00738875 0.120809
vt 0.00749301 0.120205
vt 0.00747206 0.120408
vt 0.00738875 0.112191
vt 0.00669251 0.110952
vt 0.0056952 0.110248
vt 0.00530939 0.110111
vt 0.00550464 0.110173
vt -0.00223004 0.122451
vt -0.00239326 0.122327
vt -0.0016952 0.122752
vt -0.00111037 0.122937
vt -0.000704727 0.122993
vt -0.0009085 0.122972
vt 0.00550464 0.122827
vt 0.00530939 0.122889
vt 0.00623004 0.122451
vt 0.00605875 0.122563
vt -0.0175477 0.0988075
vt -0.0173933 0.0986729
vt -0.0159085 0.0980279
vt -0.0161104 0.0980627
vt -0.0157047 0.098007
vt -0.00629527 0.020007
vt -0.00549536 0.0201732
vt -0.00329527 0.017007
vt -0.00494125 0.0204367
vt -0.00288963 0.0170627
vt -0.00367322 0.0219954
vt -0.00374837 0.0218048
vt -0.00569061 0.0981112
vt -0.0051198 0.0983363
vt -0.0053048 0.0982484
vt -0.00374837 0.0998048
vt -0.00383634 0.0996198
vt -0.00367322 0.0999954
vt 0.0075 0.12
vt 0.00623004 0.110549
vt 0.00511037 0.110063
vt 0.00470473 0.110007
vt 0.0049085 0.110028
vt 0.00511037 0.122937
vt 0.0049085 0.122972
vt 0.0056952 0.122752
vt 0.0058802 0.122664
vt 0.00654766 0.122193
vt 0.00639326 0.122327
vt -0.00549536 0.0878268
vt -0.0053048 0.0877516
vt -0.0060915 0.0879721
vt -0.00588963 0.0879373
vt -0.00629527 0.087993
vt -0.0060915 0.0200279
vt -0.0030915 0.0170279
vt -0.00269061 0.0171112
vt -0.00430749 0.0870477
vt -0.00549536 0.0981732
vt -0.00494125 0.0984367
vt -0.00460674 0.0986729
vt -0.00476996 0.0985491
vt -0.00404909 0.09927
vt -0.00417287 0.0991067
vt -0.00393674 0.0994412
vt 0.00682713 0.121893
vt 0.00669251 0.122048
vt -0.0051198 0.0876637
vt -0.00569061 0.0878888
vt -0.00417287 0.0868933
vt -0.00445234 0.0988075
vt -0.00430749 0.0989523
vt 0.0045 0.11
vt -0.0005 0.123
vt 0.0045 0.123
vt -0.00494125 0.0875633
vt -0.00476996 0.0874509
vt 0.00470473 0.122993
vt -0.0185 0.123
vt -0.0185 0.02
vt 1.5708 0.22
vt 1.5708 0.134
vt 1.63909 0.134
vt 1.63909 0.22
vt 1.70739 0.134
vt 1.70739 0.22
vt 1.77568 0.134
vt 1.77568 0.22
vt 1.84398 0.134
vt 1.84398 0.22
vt 1.91227 0.134
vt 1.91227 0.22
vt 1.98057 0.134
vt 1.98057 0.22
vt 2.04886 0.134
vt 2.04886 0.22
vt 2.11716 0.134
vt 2.11716 0.22
vt 2.18546 0.134
vt 2.18546 0.22
vt 2.25375 0.134
vt 2.25375 0.22
vt 2.32205 0.134
vt 2.32205 0.22
vt 2.39034 0.134
vt 2.39034 0.22
vt 2.45864 0.134
vt 2.45864 0.22
vt 2.52693 0.134
vt 2.52693 0.22
vt 2.59523 0.134
vt 2.59523 0.22
vt 2.66352 0.134
vt 2.66352 0.22
vt 2.73182 0.134
vt 2.73182 0.22
vt 2.80012 0.134
vt 2.80012 0.22
vt 2.86841 0.134
vt 2.86841 0.22
vt 2.93671 0.134
vt 2.93671 0.22
vt 3.005 0.134
vt 3.005 0.22
vt 3.0733 0.134
vt 3.0733 0.22
vt 3.14159 0.137
vt 3.14159 0.217
vt 3.14159 0.134
vt 3.14159 0.22
vt 0.032 0.0015
vt 0.118 0.0015
vt 0.118 -0.0015
vt 0.032 -0.0015
vt -0.0265 -0.118
vt -0.0265 -0.032
vt 0.0055 -0.032
vt 0.0055 -0.118
f 1/1/1 2/2/1 3/3/1
f 3/3/1 4/4/1 1/1/1
f 5/5/2 3/6/2 6/7/2
f 3/6/2 7/8/2 6/7/2
f 3/6/2 2/9/2 8/10/2
f 8/10/2 7/8/2 3/6/2
f 6/7/2 9/11/2 5/5/2
f 10/12/3 11/13/3 12/14/3
f 4/15/3 13/16/3 14/17/3
f 12/14/3 4/15/3 10/12/3
f 12/14/3 13/16/3 4/15/3
f 14/17/3 1/18/3 4/15/3
f 9/19/4 11/20/4 10/21/4
f 10/21/4 5/22/4 9/19/4
f 15/23/5 16/24/6 17/25/6
f 18/26/7 15/23/5 19/27/8
f 20/28/9 18/26/7 21/29/10
f 22/30/11 20/28/9 23/31/12
f 24/32/13 22/30/11 25/33/14
f 26/34/15 24/32/13 27/35/16
f 28/36/17 26/34/15 29/37/18
f 30/38/19 28/36/17 31/39/20
f 32/40/21 30/38/19 33/41/22
f 34/42/23 32/40/21 35/43/24
f 36/44/25 34/42/23 37/45/26
f 38/46/27 36/44/25 39/47/28
f 40/48/29 38/46/27 41/49/30
f 42/50/31 40/48/29 43/51/32
f 44/52/33 42/50/31 45/53/34
f 46/54/35 44/52/33 47/55/36
f 48/56/37 46/54/35 49/57/38
f 50/58/39 48/56/37 51/59/40
f 52/60/41 50/58/39 53/61/42
f 54/62/43 52/60/41 55/63/44
f 14/64/45 13/65/46 56/66/46
f 13/65/46 12/67/47 57/68/47
f 58/69/46 59/70/47 6/71/47
f 60/72/48 58/69/46 7/73/49
f 16/24/6 2/74/50 1/75/50
f 1/75/50 17/25/6 16/24/6
f 1/75/50 61/76/51 17/25/6
f 60/72/48 8/77/51 2/74/50
f 2/74/50 16/24/6 60/72/48
f 1/75/50 14/64/45 61/76/51
f 7/73/49 8/77/51 60/72/48
f 6/71/47 7/73/49 58/69/46
f 57/68/47 56/66/46 13/65/46
f 56/66/46 61/76/51 14/64/45
f 55/63/44 62/78/52 54/62/43
f 53/61/42 55/63/44 52/60/41
f 51/59/40 53/61/42 50/58/39
f 49/57/38 51/59/40 48/56/37
f 47/55/36 49/57/38 46/54/35
f 45/53/34 47/55/36 44/52/33
f 43/51/32 45/53/34 42/50/31
f 41/49/30 43/51/32 40/48/29
f 39/47/28 41/49/30 38/46/27
f 37/45/26 39/47/28 36/44/25
f 35/43/24 37/45/26 34/42/23
f 33/41/22 35/43/24 32/40/21
f 31/39/20 33/41/22 30/38/19
f 29/37/18 31/39/20 28/36/17
f 27/35/16 29/37/18 26/34/15
f 25/33/14 27/35/16 24/32/13
f 23/31/12 25/33/14 22/30/11
f 21/29/10 23/31/12 20/28/9
f 19/27/8 21/29/10 18/26/7
f 17/25/6 19/27/8 15/23/5
f 59/79/53 63/80/53 9/81/53
f 64/82/53 11/83/53 9/81/53
f 9/81/53 63/80/53 64/82/53
f 57/84/53 12/85/53 11/83/53
f 11/83/53 64/82/53 57/84/53
f 9/81/53 6/86/53 59/79/53
f 64/87/52 63/88/52 65/89/52
f 65/89/52 66/90/52 64/87/52
f 66/91/54 65/92/54 5/93/54
f 65/92/54 67/94/54 3/95/54
f 67/94/54 68/96/54 4/97/54
f 68/96/54 66/91/54 10/98/54
f 3/95/54 5/93/54 65/92/54
f 10/98/54 4/97/54 68/96/54
f 4/97/54 3/95/54 67/94/54
f 5/93/54 10/98/54 66/91/54
f 69/99/55 70/100/55 71/101/56
f 72/102/56 71/101/56 73/103/57
f 74/104/57 73/103/57 75/105/58
f 76/106/58 75/105/58 77/107/59
f 78/108/59 77/107/59 79/109/60
f 80/110/60 79/109/60 81/111/61
f 82/112/61 81/111/61 83/113/62
f 84/114/62 83/113/62 85/115/63
f 86/116/63 85/115/63 87/117/64
f 88/118/64 87/117/64 89/119/65
f 90/120/65 89/119/65 91/121/66
f 92/122/66 91/121/66 93/123/67
f 94/124/67 93/123/67 95/125/68
f 96/126/68 95/125/68 97/127/69
f 98/128/69 97/127/69 99/129/70
f 100/130/70 99/129/70 101/131/71
f 102/132/71 101/131/71 103/133/72
f 104/134/72 103/133/72 105/135/73
f 106/136/73 105/135/73 107/137/74
f 108/138/74 107/137/74 109/139/75
f 110/140/75 109/139/75 111/141/76
f 112/142/76 111/141/76 113/143/77
f 114/144/77 113/143/77 68/145/78
f 68/145/78 67/146/78 114/144/77
f 113/143/77 114/144/77 112/142/76
f 111/141/76 112/142/76 110/140/75
f 109/139/75 110/140/75 108/138/74
f 107/137/74 108/138/74 106/136/73
f 105/135/73 106/136/73 104/134/72
f 103/133/72 104/134/72 102/132/71
f 101/131/71 102/132/71 100/130/70
f 99/129/70 100/130/70 98/128/69
f 97/127/69 98/128/69 96/126/68
f 95/125/68 96/126/68 94/124/67
f 93/123/67 94/124/67 92/122/66
f 91/121/66 92/122/66 90/120/65
f 89/119/65 90/120/65 88/118/64
f 87/117/64 88/118/64 86/116/63
f 85/115/63 86/116/63 84/114/62
f 83/113/62 84/114/62 82/112/61
f 81/111/61 82/112/61 80/110/60
f 79/109/60 80/110/60 78/108/59
f 77/107/59 78/108/59 76/106/58
f 75/105/58 76/106/58 74/104/57
f 73/103/57 74/104/57 72/102/56
f 71/101/56 72/102/56 69/99/55
f 115/147/79 116/148/79 70/149/79
f 70/149/79 69/150/79 115/147/79
f 117/151/78 118/152/78 116/153/78
f 116/153/78 115/154/78 117/151/78
f 119/155/80 120/156/80 118/157/80
f 118/157/80 117/158/80 119/155/80
f 120/159/81 119/160/81 121/161/82
f 122/162/82 121/161/82 123/163/83
f 124/164/83 123/163/83 125/165/84
f 126/166/84 125/165/84 127/167/85
f 128/168/85 127/167/85 129/169/86
f 130/170/86 129/169/86 131/171/87
f 132/172/87 131/171/87 133/173/88
f 134/174/88 133/173/88 135/175/89
f 136/176/89 135/175/89 137/177/90
f 138/178/90 137/177/90 139/179/91
f 140/180/91 139/179/91 141/181/92
f 142/182/92 141/181/92 143/183/93
f 144/184/93 143/183/93 145/185/94
f 146/186/94 145/185/94 147/187/95
f 148/188/95 147/187/95 149/189/96
f 150/190/96 149/189/96 151/191/97
f 152/192/97 151/191/97 153/193/98
f 154/194/98 153/193/98 155/195/99
f 156/196/99 155/195/99 157/197/100
f 158/198/100 157/197/100 159/199/101
f 160/200/101 159/199/101 161/201/102
f 162/202/102 161/201/102 163/203/103
f 164/204/103 163/203/103 165/205/104
f 165/205/104 166/206/104 164/204/103
f 163/203/103 164/204/103 162/202/102
f 161/201/102 162/202/102 160/200/101
f 159/199/101 160/200/101 158/198/100
f 157/197/100 158/198/100 156/196/99
f 155/195/99 156/196/99 154/194/98
f 153/193/98 154/194/98 152/192/97
f 151/191/97 152/192/97 150/190/96
f 149/189/96 150/190/96 148/188/95
f 147/187/95 148/188/95 146/186/94
f 145/185/94 146/186/94 144/184/93
f 143/183/93 144/184/93 142/182/92
f 141/181/92 142/182/92 140/180/91
f 139/179/91 140/180/91 138/178/90
f 137/177/90 138/178/90 136/176/89
f 135/175/89 136/176/89 134/174/88
f 133/173/88 134/174/88 132/172/87
f 131/171/87 132/172/87 130/170/86
f 129/169/86 130/170/86 128/168/85
f 127/167/85 128/168/85 126/166/84
f 125/165/84 126/166/84 124/164/83
f 123/163/83 124/164/83 122/162/82
f 121/161/82 122/162/82 120/159/81
f 167/207/104 168/208/104 166/209/104
f 166/209/104 165/210/104 167/207/104
f 168/211/104 167/212/104 169/213/105
f 170/214/105 169/213/105 171/215/106
f 172/216/106 171/215/106 173/217/107
f 174/218/107 173/217/107 175/219/108
f 176/220/108 175/219/108 177/221/109
f 178/222/109 177/221/109 179/223/110
f 180/224/110 179/223/110 181/225/111
f 182/226/111 181/225/111 183/227/112
f 184/228/112 183/227/112 185/229/113
f 186/230/113 185/229/113 187/231/114
f 188/232/114 187/231/114 189/233/115
f 190/234/115 189/233/115 191/235/116
f 192/236/116 191/235/116 193/237/117
f 194/238/117 193/237/117 195/239/118
f 196/240/118 195/239/118 197/241/119
f 198/242/119 197/241/119 199/243/120
f 200/244/120 199/243/120 201/245/121
f 202/246/121 201/245/121 203/247/122
f 204/248/122 203/247/122 205/249/123
f 206/250/123 205/249/123 207/251/124
f 208/252/124 207/251/124 209/253/125
f 210/254/125 209/253/125 211/255/126
f 212/256/126 211/255/126 213/257/127
f 213/257/127 214/258/127 212/256/126
f 211/255/126 212/256/126 210/254/125
f 209/253/125 210/254/125 208/252/124
f 207/251/124 208/252/124 206/250/123
f 205/249/123 206/250/123 204/248/122
f 203/247/122 204/248/122 202/246/121
f 201/245/121 202/246/121 200/244/120
f 199/243/120 200/244/120 198/242/119
f 197/241/119 198/242/119 196/240/118
f 195/239/118 196/240/118 194/238/117
f 193/237/117 194/238/117 192/236/116
f 191/235/116 192/236/116 190/234/115
f 189/233/115 190/234/115 188/232/114
f 187/231/114 188/232/114 186/230/113
f 185/229/113 186/230/113 184/228/112
f 183/227/112 184/228/112 182/226/111
f 181/225/111 182/226/111 180/224/110
f 179/223/110 180/224/110 178/222/109
f 177/221/109 178/222/109 176/220/108
f 175/219/108 176/220/108 174/218/107
f 173/217/107 174/218/107 172/216/106
f 171/215/106 172/216/106 170/214/105
f 169/213/105 170/214/105 168/211/104
f 215/259/127 216/260/127 214/261/127
f 214/261/127 213/262/127 215/259/127
f 216/263/127 215/264/127 217/265/128
f 218/266/128 217/265/128 219/267/129
f 220/268/129 219/267/129 221/269/130
f 222/270/130 221/269/130 223/271/131
f 224/272/131 223/271/131 225/273/132
f 226/274/132 225/273/132 227/275/133
f 228/276/133 227/275/133 229/277/134
f 230/278/134 229/277/134 231/279/135
f 232/280/135 231/279/135 233/281/136
f 234/282/136 233/281/136 235/283/137
f 236/284/137 235/283/137 237/285/138
f 238/286/138 237/285/138 239/287/139
f 240/288/139 239/287/139 241/289/140
f 242/290/140 241/289/140 243/291/141
f 244/292/141 243/291/141 245/293/142
f 246/294/142 245/293/142 247/295/143
f 248/296/143 247/295/143 249/297/144
f 250/298/144 249/297/144 251/299/145
f 252/300/145 251/299/145 253/301/146
f 254/302/146 253/301/146 255/303/147
f 256/304/147 255/303/147 257/305/148
f 258/306/148 257/305/148 259/307/149
f 260/308/149 259/307/149 261/309/150
f 261/309/150 262/310/150 260/308/149
f 259/307/149 260/308/149 258/306/148
f 257/305/148 258/306/148 256/304/147
f 255/303/147 256/304/147 254/302/146
f 253/301/146 254/302/146 252/300/145
f 251/299/145 252/300/145 250/298/144
f 249/297/144 250/298/144 248/296/143
f 247/295/143 248/296/143 246/294/142
f 245/293/142 246/294/142 244/292/141
f 243/291/141 244/292/141 242/290/140
f 241/289/140 242/290/140 240/288/139
f 239/287/139 240/288/139 238/286/138
f 237/285/138 238/286/138 236/284/137
f 235/283/137 236/284/137 234/282/136
f 233/281/136 234/282/136 232/280/135
f 231/279/135 232/280/135 230/278/134
f 229/277/134 230/278/134 228/276/133
f 227/275/133 228/276/133 226/274/132
f 225/273/132 226/274/132 224/272/131
f 223/271/131 224/272/131 222/270/130
f 221/269/130 222/270/130 220/268/129
f 219/267/129 220/268/129 218/266/128
f 217/265/128 218/266/128 216/263/127
f 263/311/150 264/312/150 265/313/150
f 62/314/150 266/315/150 267/316/150
f 267/316/150 265/313/150 62/314/150
f 261/317/150 268/318/150 264/312/150
f 262/319/150 261/317/150 263/311/150
f 264/312/150 263/311/150 261/317/150
f 54/320/150 62/314/150 265/313/150
f 265/313/150 267/316/150 263/311/150
f 263/311/150 269/321/150 262/319/150
f 265/313/150 270/322/150 54/320/150
f 271/323/151 270/324/150 265/325/150
f 272/326/152 271/323/151 273/327/151
f 274/328/153 272/326/152 275/329/152
f 276/330/154 274/328/153 277/331/153
f 278/332/155 276/330/154 279/333/154
f 280/334/156 278/332/155 281/335/155
f 282/336/157 280/334/156 283/337/156
f 284/338/158 282/336/157 285/339/157
f 286/340/159 284/338/158 287/341/158
f 288/342/160 286/340/159 289/343/159
f 290/344/161 288/342/160 291/345/160
f 292/346/162 290/344/161 293/347/161
f 294/348/163 292/346/162 295/349/162
f 296/350/164 294/348/163 297/351/163
f 298/352/165 296/350/164 299/353/164
f 300/354/166 298/352/165 301/355/165
f 302/356/167 300/354/166 303/357/166
f 304/358/168 302/356/167 305/359/167
f 306/360/169 304/358/168 307/361/168
f 308/362/170 306/360/169 309/363/169
f 310/364/171 308/362/170 311/365/170
f 312/366/172 310/364/171 313/367/171
f 314/368/173 312/366/172 315/369/172
f 315/369/172 316/370/173 314/368/173
f 313/367/171 315/369/172 312/366/172
f 311/365/170 313/367/171 310/364/171
f 309/363/169 311/365/170 308/362/170
f 307/361/168 309/363/169 306/360/169
f 305/359/167 307/361/168 304/358/168
f 303/357/166 305/359/167 302/356/167
f 301/355/165 303/357/166 300/354/166
f 299/353/164 301/355/165 298/352/165
f 297/351/163 299/353/164 296/350/164
f 295/349/162 297/351/163 294/348/163
f 293/347/161 295/349/162 292/346/162
f 291/345/160 293/347/161 290/344/161
f 289/343/159 291/345/160 288/342/160
f 287/341/158 289/343/159 286/340/159
f 285/339/157 287/341/158 284/338/158
f 283/337/156 285/339/157 282/336/157
f 281/335/155 283/337/156 280/334/156
f 279/333/154 281/335/155 278/332/155
f 277/331/153 279/333/154 276/330/154
f 275/329/152 277/331/153 274/328/153
f 273/327/151 275/329/152 272/326/152
f 265/325/150 273/327/151 271/323/151
f 317/371/174 269/372/175 263/373/175
f 318/374/176 317/371/174 319/375/177
f 320/376/178 318/374/176 321/377/179
f 322/378/180 320/376/178 323/379/181
f 324/380/182 322/378/180 325/381/183
f 326/382/184 324/380/182 327/383/185
f 328/384/186 326/382/184 329/385/187
f 330/386/188 328/384/186 331/387/189
f 332/388/190 330/386/188 333/389/191
f 334/390/192 332/388/190 335/391/193
f 336/392/194 334/390/192 337/393/195
f 338/394/196 336/392/194 339/395/197
f 340/396/198 338/394/196 341/397/199
f 342/398/200 340/396/198 343/399/201
f 344/400/202 342/398/200 345/401/203
f 346/402/204 344/400/202 347/403/205
f 348/404/206 346/402/204 349/405/207
f 350/406/208 348/404/206 351/407/209
f 352/408/210 350/406/208 353/409/211
f 354/410/212 352/408/210 355/411/213
f 356/412/214 354/410/212 357/413/215
f 358/414/216 356/412/214 359/415/217
f 360/416/218 358/414/216 361/417/219
f 361/417/219 362/418/218 360/416/218
f 359/415/217 361/417/219 358/414/216
f 357/413/215 359/415/217 356/412/214
f 355/411/213 357/413/215 354/410/212
f 353/409/211 355/411/213 352/408/210
f 351/407/209 353/409/211 350/406/208
f 349/405/207 351/407/209 348/404/206
f 347/403/205 349/405/207 346/402/204
f 345/401/203 347/403/205 344/400/202
f 343/399/201 345/401/203 342/398/200
f 341/397/199 343/399/201 340/396/198
f 339/395/197 341/397/199 338/394/196
f 337/393/195 339/395/197 336/392/194
f 335/391/193 337/393/195 334/390/192
f 333/389/191 335/391/193 332/388/190
f 331/387/189 333/389/191 330/386/188
f 329/385/187 331/387/189 328/384/186
f 327/383/185 329/385/187 326/382/184
f 325/381/183 327/383/185 324/380/182
f 323/379/181 325/381/183 322/378/180
f 321/377/179 323/379/181 320/376/178
f 319/375/177 321/377/179 318/374/176
f 263/373/175 319/375/177 317/371/174
f 363/419/220 264/420/221 268/421/221
f 364/422/222 363/419/220 365/423/223
f 366/424/224 364/422/222 367/425/225
f 368/426/226 366/424/224 369/427/227
f 370/428/228 368/426/226 371/429/229
f 372/430/230 370/428/228 373/431/231
f 374/432/232 372/430/230 375/433/233
f 376/434/234 374/432/232 377/435/235
f 378/436/236 376/434/234 379/437/237
f 380/438/238 378/436/236 381/439/239
f 382/440/240 380/438/238 383/441/241
f 384/442/242 382/440/240 385/443/243
f 386/444/244 384/442/242 387/445/245
f 388/446/246 386/444/244 389/447/247
f 390/448/248 388/446/246 391/449/249
f 392/450/250 390/448/248 393/451/251
f 394/452/252 392/450/250 395/453/253
f 396/454/254 394/452/252 397/455/255
f 398/456/256 396/454/254 399/457/257
f 400/458/258 398/456/256 401/459/259
f 402/460/260 400/458/258 403/461/261
f 404/462/262 402/460/260 405/463/263
f 406/464/264 404/462/262 407/465/265
f 407/465/265 408/466/264 406/464/264
f 405/463/263 407/465/265 404/462/262
f 403/461/261 405/463/263 402/460/260
f 401/459/259 403/461/261 400/458/258
f 399/457/257 401/459/259 398/456/256
f 397/455/255 399/457/257 396/454/254
f 395/453/253 397/455/255 394/452/252
f 393/451/251 395/453/253 392/450/250
f 391/449/249 393/451/251 390/448/248
f 389/447/247 391/449/249 388/446/246
f 387/445/245 389/447/247 386/444/244
f 385/443/243 387/445/245 384/442/242
f 383/441/241 385/443/243 382/440/240
f 381/439/239 383/441/241 380/438/238
f 379/437/237 381/439/239 378/436/236
f 377/435/235 379/437/237 376/434/234
f 375/433/233 377/435/235 374/432/232
f 373/431/231 375/433/233 372/430/230
f 371/429/229 373/431/231 370/428/228
f 369/427/227 371/429/229 368/426/226
f 367/425/225 369/427/227 366/424/224
f 365/423/223 367/425/225 364/422/222
f 268/421/221 365/423/223 363/419/220
f 409/467/266 267/468/267 266/469/267
f 410/470/268 409/467/266 411/471/269
f 412/472/270 410/470/268 413/473/271
f 414/474/272 412/472/270 415/475/273
f 416/476/274 414/474/272 417/477/275
f 418/478/276 416/476/274 419/479/277
f 420/480/278 418/478/276 421/481/279
f 422/482/280 420/480/278 423/483/281
f 424/484/282 422/482/280 425/485/283
f 426/486/284 424/484/282 427/487/285
f 428/488/286 426/486/284 429/489/287
f 430/490/288 428/488/286 431/491/289
f 432/492/290 430/490/288 433/493/291
f 434/494/292 432/492/290 435/495/293
f 436/496/294 434/494/292 437/497/295
f 438/498/296 436/496/294 439/499/297
f 440/500/298 438/498/296 441/501/299
f 442/502/300 440/500/298 443/503/301
f 444/504/302 442/502/300 445/505/303
f 446/506/304 444/504/302 447/507/305
f 448/508/306 446/506/304 449/509/307
f 450/510/308 448/508/306 451/511/309
f 452/512/310 450/510/308 453/513/311
f 453/513/311 454/514/310 452/512/310
f 451/511/309 453/513/311 450/510/308
f 449/509/307 451/511/309 448/508/306
f 447/507/305 449/509/307 446/506/304
f 445/505/303 447/507/305 444/504/302
f 443/503/301 445/505/303 442/502/300
f 441/501/299 443/503/301 440/500/298
f 439/499/297 441/501/299 438/498/296
f 437/497/295 439/499/297 436/496/294
f 435/495/293 437/497/295 434/494/292
f 433/493/291 435/495/293 432/492/290
f 431/491/289 433/493/291 430/490/288
f 429/489/287 431/491/289 428/488/286
f 427/487/285 429/489/287 426/486/284
f 425/485/283 427/487/285 424/484/282
f 423/483/281 425/485/283 422/482/280
f 421/481/279 423/483/281 420/480/278
f 419/479/277 421/481/279 418/478/276
f 417/477/275 419/479/277 416/476/274
f 415/475/273 417/477/275 414/474/272
f 413/473/271 415/475/273 412/472/270
f 411/471/269 413/473/271 410/470/268
f 266/469/267 411/471/269 409/467/266
f 455/515/310 456/516/310 314/517/310
f 314/517/310 316/518/310 455/515/310
f 457/519/310 458/520/310 452/521/310
f 452/521/310 454/522/310 457/519/310
f 459/523/312 460/524/312 360/525/312
f 360/525/312 362/526/312 459/523/312
f 452/527/313 458/528/313 459/529/313
f 459/529/313 362/530/313 452/527/313
f 353/531/313 438/532/313 440/533/313
f 353/531/313 432/534/313 434/535/313
f 458/528/313 461/536/313 459/529/313
f 353/531/313 436/537/313 438/532/313
f 353/531/313 430/538/313 432/534/313
f 353/531/313 412/539/313 414/540/313
f 361/541/313 450/542/313 452/527/313
f 458/528/313 462/543/313 463/544/313
f 458/528/313 464/545/313 465/546/313
f 353/531/313 444/547/313 446/548/313
f 440/533/313 442/549/313 353/531/313
f 353/531/313 428/550/313 430/538/313
f 353/531/313 424/551/313 426/552/313
f 353/531/313 418/553/313 420/554/313
f 353/531/313 410/555/313 412/539/313
f 267/556/313 325/557/313 323/558/313
f 448/559/313 357/560/313 355/561/313
f 448/559/313 361/541/313 359/562/313
f 361/541/313 448/559/313 450/542/313
f 465/546/313 462/543/313 458/528/313
f 442/549/313 444/547/313 353/531/313
f 426/552/313 428/550/313 353/531/313
f 420/554/313 422/563/313 353/531/313
f 414/540/313 416/564/313 353/531/313
f 323/558/313 321/565/313 267/556/313
f 345/566/313 409/567/313 410/555/313
f 359/562/313 357/560/313 448/559/313
f 463/544/313 461/536/313 458/528/313
f 434/535/313 436/537/313 353/531/313
f 416/564/313 418/553/313 353/531/313
f 321/565/313 319/568/313 267/556/313
f 267/556/313 329/569/313 327/570/313
f 331/571/313 267/556/313 409/567/313
f 409/567/313 339/572/313 337/573/313
f 409/567/313 343/574/313 341/575/313
f 410/555/313 347/576/313 345/566/313
f 362/530/313 361/541/313 452/527/313
f 422/563/313 424/551/313 353/531/313
f 458/528/313 466/577/313 467/578/313
f 458/528/313 468/579/313 469/580/313
f 327/570/313 325/557/313 267/556/313
f 409/567/313 333/581/313 331/571/313
f 337/573/313 335/582/313 409/567/313
f 345/566/313 343/574/313 409/567/313
f 410/555/313 353/531/313 351/583/313
f 446/548/313 448/559/313 353/531/313
f 458/528/313 470/584/313 466/577/313
f 458/528/313 471/585/313 472/586/313
f 458/528/313 473/587/313 474/588/313
f 458/528/313 475/589/313 468/579/313
f 458/528/313 476/590/313 477/591/313
f 458/528/313 478/592/313 479/593/313
f 458/528/313 480/594/313 481/595/313
f 331/571/313 329/569/313 267/556/313
f 341/575/313 339/572/313 409/567/313
f 351/583/313 349/596/313 410/555/313
f 467/578/313 464/545/313 458/528/313
f 474/588/313 471/585/313 458/528/313
f 477/591/313 475/589/313 458/528/313
f 479/593/313 482/597/313 458/528/313
f 458/528/313 483/598/313 480/594/313
f 335/582/313 333/581/313 409/567/313
f 355/561/313 353/531/313 448/559/313
f 469/580/313 473/587/313 458/528/313
f 481/595/313 478/592/313 458/528/313
f 349/596/313 347/576/313 410/555/313
f 482/597/313 476/590/313 458/528/313
f 472/586/313 470/584/313 458/528/313
f 319/568/313 263/599/313 267/556/313
f 480/600/314 483/601/315 484/602/315
f 481/603/316 480/600/314 485/604/317
f 478/605/318 481/603/316 486/606/319
f 479/607/320 478/605/318 487/608/321
f 482/609/322 479/607/320 488/610/323
f 476/611/324 482/609/322 489/612/325
f 477/613/326 476/611/324 490/614/327
f 475/615/328 477/613/326 491/616/329
f 468/617/330 475/615/328 492/618/331
f 469/619/332 468/617/330 493/620/333
f 473/621/334 469/619/332 494/622/335
f 474/623/336 473/621/334 495/624/337
f 471/625/338 474/623/336 496/626/339
f 472/627/340 471/625/338 497/628/341
f 470/629/342 472/627/340 498/630/343
f 466/631/344 470/629/342 499/632/345
f 467/633/346 466/631/344 500/634/347
f 464/635/348 467/633/346 501/636/349
f 465/637/350 464/635/348 502/638/351
f 462/639/352 465/637/350 503/640/353
f 463/641/354 462/639/352 504/642/355
f 461/643/356 463/641/354 505/644/357
f 459/645/358 461/643/356 506/646/359
f 506/646/359 460/647/358 459/645/358
f 505/644/357 506/646/359 461/643/356
f 504/642/355 505/644/357 463/641/354
f 503/640/353 504/642/355 462/639/352
f 502/638/351 503/640/353 465/637/350
f 501/636/349 502/638/351 464/635/348
f 500/634/347 501/636/349 467/633/346
f 499/632/345 500/634/347 466/631/344
f 498/630/343 499/632/345 470/629/342
f 497/628/341 498/630/343 472/627/340
f 496/626/339 497/628/341 471/625/338
f 495/624/337 496/626/339 474/623/336
f 494/622/335 495/624/337 473/621/334
f 493/620/333 494/622/335 469/619/332
f 492/618/331 493/620/333 468/617/330
f 491/616/329 492/618/331 475/615/328
f 490/614/327 491/616/329 477/613/326
f 489/612/325 490/614/327 476/611/324
f 488/610/323 489/612/325 482/609/322
f 487/608/321 488/610/323 479/607/320
f 486/606/319 487/608/321 478/605/318
f 485/604/317 486/606/319 481/603/316
f 484/602/315 485/604/317 480/600/314
f 316/648/360 406/649/360 507/650/360
f 507/650/360 455/651/360 316/648/360
f 396/652/360 279/653/360 277/654/360
f 396/652/360 283/655/360 281/656/360
f 396/652/360 287/657/360 285/658/360
f 396/652/360 297/659/360 295/660/360
f 396/652/360 301/661/360 299/662/360
f 396/652/360 307/663/360 305/664/360
f 316/648/360 404/665/360 406/649/360
f 281/656/360 279/653/360 396/652/360
f 396/652/360 289/666/360 287/657/360
f 396/652/360 293/667/360 291/668/360
f 299/662/360 297/659/360 396/652/360
f 305/664/360 303/669/360 396/652/360
f 455/651/360 508/670/360 509/671/360
f 455/651/360 510/672/360 511/673/360
f 507/650/360 510/672/360 455/651/360
f 285/658/360 283/655/360 396/652/360
f 295/660/360 293/667/360 396/652/360
f 396/652/360 309/674/360 307/663/360
f 396/652/360 313/675/360 311/676/360
f 511/673/360 508/670/360 455/651/360
f 316/648/360 315/677/360 404/665/360
f 313/675/360 400/678/360 402/679/360
f 313/675/360 396/652/360 398/680/360
f 388/681/360 390/682/360 275/683/360
f 265/684/360 363/685/360 364/686/360
f 291/668/360 289/666/360 396/652/360
f 311/676/360 309/674/360 396/652/360
f 315/677/360 313/675/360 404/665/360
f 398/680/360 400/678/360 313/675/360
f 273/687/360 386/688/360 388/681/360
f 265/684/360 264/689/360 363/685/360
f 455/651/360 512/690/360 513/691/360
f 455/651/360 514/692/360 515/693/360
f 303/669/360 301/661/360 396/652/360
f 402/679/360 404/665/360 313/675/360
f 273/687/360 384/694/360 386/688/360
f 273/687/360 378/695/360 380/696/360
f 376/697/360 378/695/360 273/687/360
f 265/684/360 368/698/360 370/699/360
f 364/686/360 366/700/360 265/684/360
f 455/651/360 516/701/360 517/702/360
f 455/651/360 518/703/360 519/704/360
f 455/651/360 520/705/360 521/706/360
f 513/691/360 522/707/360 455/651/360
f 455/651/360 523/708/360 524/709/360
f 455/651/360 525/710/360 526/711/360
f 515/693/360 527/712/360 455/651/360
f 509/671/360 514/692/360 455/651/360
f 275/683/360 392/713/360 394/714/360
f 273/687/360 382/715/360 384/694/360
f 273/687/360 265/684/360 376/697/360
f 265/684/360 372/716/360 374/717/360
f 366/700/360 368/698/360 265/684/360
f 517/702/360 528/718/360 455/651/360
f 519/704/360 529/719/360 455/651/360
f 522/707/360 520/705/360 455/651/360
f 526/711/360 523/708/360 455/651/360
f 277/654/360 275/683/360 396/652/360
f 275/683/360 390/682/360 392/713/360
f 380/696/360 382/715/360 273/687/360
f 370/699/360 372/716/360 265/684/360
f 529/719/360 516/701/360 455/651/360
f 524/709/360 512/690/360 455/651/360
f 394/714/360 396/652/360 275/683/360
f 374/717/360 376/697/360 265/684/360
f 521/706/360 518/703/360 455/651/360
f 275/683/360 273/687/360 388/681/360
f 527/712/360 525/710/360 455/651/360
f 528/718/360 530/720/360 455/651/360
f 531/721/361 532/722/362 530/723/362
f 533/724/363 531/721/361 528/725/364
f 534/726/365 533/724/363 517/727/366
f 535/728/367 534/726/365 516/729/368
f 536/730/369 535/728/367 529/731/370
f 537/732/371 536/730/369 519/733/372
f 538/734/373 537/732/371 518/735/374
f 539/736/375 538/734/373 521/737/376
f 540/738/377 539/736/375 520/739/378
f 541/740/379 540/738/377 522/741/380
f 542/742/381 541/740/379 513/743/382
f 543/744/383 542/742/381 512/745/384
f 544/746/385 543/744/383 524/747/386
f 545/748/387 544/746/385 523/749/388
f 546/750/389 545/748/387 526/751/390
f 547/752/391 546/750/389 525/753/392
f 548/754/393 547/752/391 527/755/394
f 549/756/395 548/754/393 515/757/396
f 550/758/397 549/756/395 514/759/398
f 551/760/399 550/758/397 509/761/400
f 552/762/401 551/760/399 508/763/402
f 553/764/403 552/762/401 511/765/404
f 554/766/405 553/764/403 510/767/406
f 510/767/406 507/768/405 554/766/405
f 511/765/404 510/767/406 553/764/403
f 508/763/402 511/765/404 552/762/401
f 509/761/400 508/763/402 551/760/399
f 514/759/398 509/761/400 550/758/397
f 515/757/396 514/759/398 549/756/395
f 527/755/394 515/757/396 548/754/393
f 525/753/392 527/755/394 547/752/391
f 526/751/390 525/753/392 546/750/389
f 523/749/388 526/751/390 545/748/387
f 524/747/386 523/749/388 544/746/385
f 512/745/384 524/747/386 543/744/383
f 513/743/382 512/745/384 542/742/381
f 522/741/380 513/743/382 541/740/379
f 520/739/378 522/741/380 540/738/377
f 521/737/376 520/739/378 539/736/375
f 518/735/374 521/737/376 538/734/373
f 519/733/372 518/735/374 537/732/371
f 529/731/370 519/733/372 536/730/369
f 516/729/368 529/731/370 535/728/367
f 517/727/366 516/729/368 534/726/365
f 528/725/364 517/727/366 533/724/363
f 530/723/362 528/725/364 531/721/361
f 554/769/405 507/770/405 406/771/405
f 406/771/405 408/772/405 554/769/405
f 555/773/407 483/774/407 530/775/407
f 455/776/407 530/775/407 483/774/407
f 483/774/407 458/777/407 455/776/407
f 556/778/407 484/779/407 483/774/407
f 483/774/407 555/773/407 556/778/407
f 530/775/407 532/780/407 555/773/407
f 237/781/408 365/782/408 268/783/408
f 268/783/408 239/784/408 237/781/408
f 268/783/408 241/785/408 239/784/408
f 549/786/408 557/787/408 558/788/408
f 548/789/408 559/790/408 560/791/408
f 253/792/408 259/793/408 257/794/408
f 268/783/408 249/795/408 247/796/408
f 268/783/408 243/797/408 241/785/408
f 69/798/408 270/799/408 271/800/408
f 314/801/408 456/802/408 554/803/408
f 550/804/408 551/805/408 456/802/408
f 549/786/408 561/806/408 557/787/408
f 548/789/408 562/807/408 563/808/408
f 560/791/408 564/809/408 548/789/408
f 253/792/408 261/810/408 259/793/408
f 268/783/408 253/792/408 251/811/408
f 268/783/408 245/812/408 243/797/408
f 271/800/408 381/813/408 69/798/408
f 69/798/408 52/814/408 54/815/408
f 38/816/408 40/817/408 72/818/408
f 36/819/408 38/816/408 76/820/408
f 32/821/408 34/822/408 86/823/408
f 94/824/408 96/825/408 30/826/408
f 32/821/408 90/827/408 92/828/408
f 30/826/408 98/829/408 100/830/408
f 28/831/408 104/832/408 106/833/408
f 28/831/408 100/830/408 102/834/408
f 408/835/408 312/836/408 314/801/408
f 456/802/408 565/837/408 550/804/408
f 550/804/408 566/838/408 567/839/408
f 550/804/408 568/840/408 569/841/408
f 549/786/408 570/842/408 561/806/408
f 564/809/408 562/807/408 548/789/408
f 547/843/408 571/844/408 572/845/408
f 547/843/408 573/846/408 574/847/408
f 547/843/408 575/848/408 576/849/408
f 572/845/408 536/850/408 537/851/408
f 572/845/408 534/852/408 535/853/408
f 577/854/408 555/855/408 532/856/408
f 253/792/408 268/783/408 261/810/408
f 247/796/408 245/812/408 268/783/408
f 54/815/408 270/799/408 69/798/408
f 69/798/408 48/857/408 50/858/408
f 69/798/408 44/859/408 46/860/408
f 40/817/408 42/861/408 69/798/408
f 72/818/408 74/862/408 38/816/408
f 76/820/408 78/863/408 36/819/408
f 34/822/408 82/864/408 84/865/408
f 34/822/408 36/819/408 80/866/408
f 86/823/408 88/867/408 32/821/408
f 92/828/408 94/824/408 32/821/408
f 30/826/408 96/825/408 98/829/408
f 102/834/408 104/832/408 28/831/408
f 22/868/408 114/869/408 67/870/408
f 159/871/408 149/872/408 147/873/408
f 159/871/408 155/874/408 153/875/408
f 554/803/408 408/835/408 314/801/408
f 565/837/408 578/876/408 550/804/408
f 550/804/408 579/877/408 566/838/408
f 569/841/408 580/878/408 550/804/408
f 549/786/408 567/839/408 570/842/408
f 548/789/408 558/788/408 559/790/408
f 574/847/408 571/844/408 547/843/408
f 547/843/408 563/808/408 575/848/408
f 572/845/408 544/879/408 545/880/408
f 572/845/408 540/881/408 541/882/408
f 572/845/408 538/883/408 539/884/408
f 535/853/408 536/850/408 572/845/408
f 572/845/408 531/885/408 533/886/408
f 532/856/408 572/845/408 577/854/408
f 251/811/408 249/795/408 268/783/408
f 115/887/408 367/888/408 365/782/408
f 69/798/408 369/889/408 367/888/408
f 69/798/408 373/890/408 371/891/408
f 69/798/408 379/892/408 377/893/408
f 271/800/408 385/894/408 383/895/408
f 46/860/408 48/857/408 69/798/408
f 69/798/408 72/818/408 40/817/408
f 78/863/408 80/866/408 36/819/408
f 80/866/408 82/864/408 34/822/408
f 30/826/408 32/821/408 94/824/408
f 106/833/408 26/896/408 28/831/408
f 67/870/408 18/897/408 20/898/408
f 65/899/408 63/900/408 59/901/408
f 308/902/408 310/903/408 389/904/408
f 387/905/408 282/906/408 284/907/408
f 159/871/408 151/908/408 149/872/408
f 159/871/408 157/909/408 155/874/408
f 145/910/408 165/911/408 163/912/408
f 456/802/408 553/913/408 554/803/408
f 578/876/408 568/840/408 550/804/408
f 580/878/408 579/877/408 550/804/408
f 563/808/408 547/843/408 548/789/408
f 576/849/408 573/846/408 547/843/408
f 572/845/408 543/914/408 544/879/408
f 541/882/408 542/915/408 572/845/408
f 537/851/408 538/883/408 572/845/408
f 532/856/408 531/885/408 572/845/408
f 365/782/408 237/781/408 115/887/408
f 371/891/408 369/889/408 69/798/408
f 69/798/408 381/813/408 379/892/408
f 271/800/408 387/905/408 385/894/408
f 42/861/408 44/859/408 69/798/408
f 84/865/408 86/823/408 34/822/408
f 100/830/408 28/831/408 30/826/408
f 26/896/408 108/916/408 110/917/408
f 24/918/408 112/919/408 114/869/408
f 67/870/408 15/920/408 18/897/408
f 67/870/408 60/921/408 16/922/408
f 59/901/408 67/870/408 65/899/408
f 387/905/408 306/923/408 308/902/408
f 387/905/408 300/924/408 302/925/408
f 387/905/408 280/926/408 282/906/408
f 387/905/408 274/927/408 276/928/408
f 387/905/408 271/800/408 272/929/408
f 117/930/408 199/931/408 197/932/408
f 117/930/408 207/933/408 205/934/408
f 165/911/408 137/935/408 135/936/408
f 165/911/408 143/937/408 141/938/408
f 153/875/408 151/908/408 159/871/408
f 163/912/408 161/939/408 145/910/408
f 310/903/408 399/940/408 397/941/408
f 310/903/408 405/942/408 403/943/408
f 456/802/408 552/944/408 553/913/408
f 567/839/408 549/786/408 550/804/408
f 572/845/408 546/945/408 547/843/408
f 542/915/408 543/914/408 572/845/408
f 533/886/408 534/852/408 572/845/408
f 367/888/408 115/887/408 69/798/408
f 377/893/408 375/946/408 69/798/408
f 50/858/408 52/814/408 69/798/408
f 88/867/408 90/827/408 32/821/408
f 26/896/408 106/833/408 108/916/408
f 24/918/408 110/917/408 112/919/408
f 16/922/408 15/920/408 67/870/408
f 59/901/408 58/947/408 67/870/408
f 387/905/408 304/948/408 306/923/408
f 387/905/408 298/949/408 300/924/408
f 387/905/408 294/950/408 296/951/408
f 387/905/408 286/952/408 288/953/408
f 387/905/408 278/954/408 280/926/408
f 272/929/408 274/927/408 387/905/408
f 117/930/408 195/955/408 193/956/408
f 117/930/408 201/957/408 199/931/408
f 205/934/408 203/958/408 117/930/408
f 117/930/408 211/959/408 209/960/408
f 115/887/408 227/961/408 225/962/408
f 115/887/408 233/963/408 231/964/408
f 165/911/408 131/965/408 129/966/408
f 135/936/408 133/967/408 165/911/408
f 165/911/408 145/910/408 143/937/408
f 161/939/408 159/871/408 145/910/408
f 117/930/408 187/968/408 185/969/408
f 397/941/408 395/970/408 310/903/408
f 403/943/408 401/971/408 310/903/408
f 407/972/408 310/903/408 312/836/408
f 558/788/408 548/789/408 549/786/408
f 539/884/408 540/881/408 572/845/408
f 375/946/408 373/890/408 69/798/408
f 74/862/408 76/820/408 38/816/408
f 114/869/408 22/868/408 24/918/408
f 58/947/408 60/921/408 67/870/408
f 302/925/408 304/948/408 387/905/408
f 387/905/408 292/973/408 294/950/408
f 288/953/408 290/974/408 387/905/408
f 276/928/408 278/954/408 387/905/408
f 197/932/408 195/955/408 117/930/408
f 209/960/408 207/933/408 117/930/408
f 115/887/408 221/975/408 219/976/408
f 225/962/408 223/977/408 115/887/408
f 231/964/408 229/978/408 115/887/408
f 115/887/408 237/781/408 235/979/408
f 165/911/408 125/980/408 123/981/408
f 129/966/408 127/982/408 165/911/408
f 165/911/408 139/983/408 137/935/408
f 147/873/408 145/910/408 159/871/408
f 117/930/408 181/984/408 179/985/408
f 185/969/408 183/986/408 117/930/408
f 310/903/408 393/987/408 391/988/408
f 401/971/408 399/940/408 310/903/408
f 408/835/408 407/972/408 312/836/408
f 545/880/408 546/945/408 572/845/408
f 271/800/408 383/895/408 381/813/408
f 67/870/408 20/898/408 22/868/408
f 296/951/408 298/949/408 387/905/408
f 284/907/408 286/952/408 387/905/408
f 203/958/408 201/957/408 117/930/408
f 223/977/408 221/975/408 115/887/408
f 235/979/408 233/963/408 115/887/408
f 127/982/408 125/980/408 165/911/408
f 141/938/408 139/983/408 165/911/408
f 117/930/408 173/989/408 171/990/408
f 117/930/408 177/991/408 175/992/408
f 183/986/408 181/984/408 117/930/408
f 395/970/408 393/987/408 310/903/408
f 551/805/408 552/944/408 456/802/408
f 110/917/408 24/918/408 26/896/408
f 290/974/408 292/973/408 387/905/408
f 117/930/408 213/993/408 211/959/408
f 215/994/408 213/993/408 117/930/408
f 229/978/408 227/961/408 115/887/408
f 133/967/408 131/965/408 165/911/408
f 171/990/408 169/995/408 117/930/408
f 179/985/408 177/991/408 117/930/408
f 407/972/408 405/942/408 310/903/408
f 389/904/408 387/905/408 308/902/408
f 117/930/408 115/887/408 215/994/408
f 219/976/408 217/996/408 115/887/408
f 123/981/408 121/997/408 165/911/408
f 117/930/408 167/998/408 165/911/408
f 175/992/408 173/989/408 117/930/408
f 117/930/408 191/999/408 189/1000/408
f 257/794/408 255/1001/408 253/792/408
f 217/996/408 215/994/408 115/887/408
f 165/911/408 119/1002/408 117/930/408
f 189/1000/408 187/968/408 117/930/408
f 193/956/408 191/999/408 117/930/408
f 169/995/408 167/998/408 117/930/408
f 121/997/408 119/1002/408 165/911/408
f 391/988/408 389/904/408 310/903/408
f 116/1003/409 254/1004/409 256/1005/409
f 116/1003/409 252/1006/409 254/1004/409
f 256/1005/409 258/1007/409 116/1003/409
f 116/1003/409 250/1008/409 252/1006/409
f 116/1003/409 246/1009/409 248/1010/409
f 116/1003/409 242/1011/409 244/1012/409
f 258/1007/409 260/1013/409 116/1003/409
f 244/1012/409 246/1009/409 116/1003/409
f 116/1003/409 423/1014/409 421/1015/409
f 248/1010/409 250/1008/409 116/1003/409
f 116/1003/409 238/1016/409 240/1017/409
f 501/1018/409 581/1019/409 582/1020/409
f 502/1021/409 501/1018/409 583/1022/409
f 70/1023/409 411/1024/409 266/1025/409
f 116/1003/409 413/1026/409 411/1024/409
f 421/1015/409 419/1027/409 116/1003/409
f 116/1003/409 427/1028/409 425/1029/409
f 240/1017/409 242/1011/409 116/1003/409
f 160/1030/409 152/1031/409 154/1032/409
f 160/1030/409 146/1033/409 148/1034/409
f 501/1018/409 584/1035/409 581/1019/409
f 501/1018/409 500/1036/409 585/1037/409
f 583/1022/409 586/1038/409 502/1021/409
f 503/1039/409 587/1040/409 457/1041/409
f 454/1042/409 360/1043/409 460/1044/409
f 31/1045/409 103/1046/409 101/1047/409
f 31/1045/409 29/1048/409 105/1049/409
f 33/1050/409 31/1045/409 99/1051/409
f 35/1052/409 93/1053/409 91/1054/409
f 93/1053/409 35/1052/409 33/1050/409
f 35/1052/409 87/1055/409 85/1056/409
f 39/1057/409 77/1058/409 75/1059/409
f 41/1060/409 73/1061/409 71/1062/409
f 266/1025/409 62/1063/409 70/1023/409
f 116/1003/409 415/1064/409 413/1026/409
f 425/1029/409 423/1014/409 116/1003/409
f 260/1013/409 262/1065/409 116/1003/409
f 118/1066/409 184/1067/409 186/1068/409
f 146/1033/409 162/1069/409 164/1070/409
f 154/1032/409 156/1071/409 160/1030/409
f 148/1034/409 150/1072/409 160/1030/409
f 588/1073/409 589/1074/409 484/1075/409
f 589/1074/409 489/1076/409 488/1077/409
f 589/1074/409 491/1078/409 490/1079/409
f 500/1036/409 590/1080/409 591/1081/409
f 500/1036/409 592/1082/409 593/1083/409
f 500/1036/409 499/1084/409 589/1074/409
f 585/1037/409 584/1035/409 501/1018/409
f 586/1038/409 594/1085/409 502/1021/409
f 503/1039/409 595/1086/409 596/1087/409
f 503/1039/409 502/1021/409 597/1088/409
f 503/1039/409 598/1089/409 587/1040/409
f 460/1044/409 457/1041/409 454/1042/409
f 105/1049/409 103/1046/409 31/1045/409
f 99/1051/409 97/1090/409 33/1050/409
f 33/1050/409 95/1091/409 93/1053/409
f 35/1052/409 89/1092/409 87/1055/409
f 37/1093/409 81/1094/409 79/1095/409
f 37/1093/409 85/1056/409 83/1096/409
f 39/1057/409 79/1095/409 77/1058/409
f 41/1060/409 75/1059/409 73/1061/409
f 70/1023/409 51/1097/409 49/1098/409
f 70/1023/409 55/1099/409 53/1100/409
f 411/1024/409 70/1023/409 116/1003/409
f 419/1027/409 417/1101/409 116/1003/409
f 116/1003/409 317/1102/409 318/1103/409
f 262/1065/409 269/1104/409 116/1003/409
f 118/1066/409 182/1105/409 184/1067/409
f 118/1066/409 178/1106/409 180/1107/409
f 146/1033/409 160/1030/409 162/1069/409
f 150/1072/409 152/1031/409 160/1030/409
f 166/1108/409 140/1109/409 142/1110/409
f 166/1108/409 134/1111/409 136/1112/409
f 116/1003/409 230/1113/409 232/1114/409
f 116/1003/409 224/1115/409 226/1116/409
f 589/1074/409 485/1117/409 484/1075/409
f 589/1074/409 487/1118/409 486/1119/409
f 490/1079/409 489/1076/409 589/1074/409
f 589/1074/409 493/1120/409 492/1121/409
f 589/1074/409 495/1122/409 494/1123/409
f 589/1074/409 499/1084/409 498/1124/409
f 591/1081/409 599/1125/409 500/1036/409
f 589/1074/409 592/1082/409 500/1036/409
f 582/1020/409 600/1126/409 501/1018/409
f 594/1085/409 601/1127/409 502/1021/409
f 503/1039/409 602/1128/409 595/1086/409
f 597/1088/409 603/1129/409 503/1039/409
f 503/1039/409 604/1130/409 598/1089/409
f 454/1042/409 358/1131/409 360/1043/409
f 66/1132/409 68/1133/409 57/1134/409
f 68/1133/409 19/1135/409 17/1136/409
f 25/1137/409 23/1138/409 68/1133/409
f 97/1090/409 95/1091/409 33/1050/409
f 85/1056/409 37/1093/409 35/1052/409
f 83/1096/409 81/1094/409 37/1093/409
f 71/1062/409 43/1139/409 41/1060/409
f 43/1139/409 71/1062/409 70/1023/409
f 53/1100/409 51/1097/409 70/1023/409
f 417/1101/409 415/1064/409 116/1003/409
f 354/1140/409 356/1141/409 435/1142/409
f 433/1143/409 320/1144/409 322/1145/409
f 269/1104/409 317/1102/409 116/1003/409
f 180/1107/409 182/1105/409 118/1066/409
f 118/1066/409 174/1146/409 176/1147/409
f 118/1066/409 170/1148/409 172/1149/409
f 156/1071/409 158/1150/409 160/1030/409
f 142/1110/409 144/1151/409 166/1108/409
f 166/1108/409 132/1152/409 134/1111/409
f 166/1108/409 128/1153/409 130/1154/409
f 116/1003/409 234/1155/409 236/1156/409
f 116/1003/409 228/1157/409 230/1113/409
f 116/1003/409 222/1158/409 224/1115/409
f 116/1003/409 218/1159/409 220/1160/409
f 118/1066/409 204/1161/409 206/1162/409
f 118/1066/409 196/1163/409 198/1164/409
f 486/1119/409 485/1117/409 589/1074/409
f 492/1121/409 491/1078/409 589/1074/409
f 589/1074/409 496/1165/409 495/1122/409
f 498/1124/409 497/1166/409 589/1074/409
f 593/1083/409 590/1080/409 500/1036/409
f 601/1127/409 597/1088/409 502/1021/409
f 603/1129/409 602/1128/409 503/1039/409
f 457/1041/409 505/1167/409 504/1168/409
f 460/1044/409 506/1169/409 457/1041/409
f 68/1133/409 56/1170/409 57/1134/409
f 68/1133/409 21/1171/409 19/1135/409
f 68/1133/409 113/1172/409 25/1137/409
f 27/1173/409 25/1137/409 113/1172/409
f 29/1048/409 27/1173/409 109/1174/409
f 91/1054/409 89/1092/409 35/1052/409
f 75/1059/409 41/1060/409 39/1057/409
f 70/1023/409 47/1175/409 45/1176/409
f 62/1063/409 55/1099/409 70/1023/409
f 433/1143/409 352/1177/409 354/1140/409
f 433/1143/409 346/1178/409 348/1179/409
f 433/1143/409 326/1180/409 328/1181/409
f 322/1145/409 324/1182/409 433/1143/409
f 318/1103/409 433/1143/409 116/1003/409
f 176/1147/409 178/1106/409 118/1066/409
f 118/1066/409 168/1183/409 170/1148/409
f 144/1151/409 146/1033/409 166/1108/409
f 136/1112/409 138/1184/409 166/1108/409
f 166/1108/409 126/1185/409 128/1153/409
f 166/1108/409 122/1186/409 124/1187/409
f 232/1114/409 234/1155/409 116/1003/409
f 220/1160/409 222/1158/409 116/1003/409
f 118/1066/409 208/1188/409 210/1189/409
f 118/1066/409 202/1190/409 204/1161/409
f 198/1164/409 200/1191/409 118/1066/409
f 118/1066/409 192/1192/409 194/1193/409
f 356/1141/409 445/1194/409 443/1195/409
f 356/1141/409 451/1196/409 449/1197/409
f 488/1077/409 487/1118/409 589/1074/409
f 497/1166/409 496/1165/409 589/1074/409
f 600/1126/409 583/1022/409 501/1018/409
f 457/1041/409 504/1168/409 503/1039/409
f 454/1042/409 453/1198/409 358/1131/409
f 68/1133/409 61/1199/409 56/1170/409
f 23/1138/409 21/1171/409 68/1133/409
f 113/1172/409 111/1200/409 27/1173/409
f 109/1174/409 107/1201/409 29/1048/409
f 79/1095/409 39/1057/409 37/1093/409
f 49/1098/409 47/1175/409 70/1023/409
f 116/1003/409 433/1143/409 431/1202/409
f 433/1143/409 350/1203/409 352/1177/409
f 433/1143/409 344/1204/409 346/1178/409
f 433/1143/409 340/1205/409 342/1206/409
f 433/1143/409 332/1207/409 334/1208/409
f 328/1181/409 330/1209/409 433/1143/409
f 318/1103/409 320/1144/409 433/1143/409
f 118/1066/409 188/1210/409 190/1211/409
f 172/1149/409 174/1146/409 118/1066/409
f 138/1184/409 140/1109/409 166/1108/409
f 124/1187/409 126/1185/409 166/1108/409
f 226/1116/409 228/1157/409 116/1003/409
f 206/1162/409 208/1188/409 118/1066/409
f 194/1193/409 196/1163/409 118/1066/409
f 443/1195/409 441/1212/409 356/1141/409
f 449/1197/409 447/1213/409 356/1141/409
f 494/1123/409 493/1120/409 589/1074/409
f 596/1087/409 604/1130/409 503/1039/409
f 453/1198/409 356/1141/409 358/1131/409
f 17/1136/409 61/1199/409 68/1133/409
f 107/1201/409 105/1049/409 29/1048/409
f 70/1023/409 45/1176/409 43/1139/409
f 431/1202/409 429/1214/409 116/1003/409
f 348/1179/409 350/1203/409 433/1143/409
f 433/1143/409 338/1215/409 340/1205/409
f 334/1208/409 336/1216/409 433/1143/409
f 324/1182/409 326/1180/409 433/1143/409
f 186/1068/409 188/1210/409 118/1066/409
f 118/1066/409 120/1217/409 166/1108/409
f 130/1154/409 132/1152/409 166/1108/409
f 116/1003/409 216/1218/409 218/1159/409
f 214/1219/409 216/1218/409 116/1003/409
f 200/1191/409 202/1190/409 118/1066/409
f 356/1141/409 439/1220/409 437/1221/409
f 447/1213/409 445/1194/409 356/1141/409
f 599/1125/409 585/1037/409 500/1036/409
f 506/1169/409 505/1167/409 457/1041/409
f 111/1200/409 109/1174/409 27/1173/409
f 429/1214/409 427/1028/409 116/1003/409
f 342/1206/409 344/1204/409 433/1143/409
f 330/1209/409 332/1207/409 433/1143/409
f 166/1108/409 168/1183/409 118/1066/409
f 166/1108/409 120/1217/409 122/1186/409
f 116/1003/409 118/1066/409 214/1219/409
f 210/1189/409 212/1222/409 118/1066/409
f 441/1212/409 439/1220/409 356/1141/409
f 453/1198/409 451/1196/409 356/1141/409
f 101/1047/409 99/1051/409 31/1045/409
f 336/1216/409 338/1215/409 433/1143/409
f 164/1070/409 166/1108/409 146/1033/409
f 212/1222/409 214/1219/409 118/1066/409
f 484/1075/409 556/1223/409 588/1073/409
f 435/1142/409 433/1143/409 354/1140/409
f 236/1156/409 238/1016/409 116/1003/409
f 57/1134/409 64/1224/409 66/1132/409
f 437/1221/409 435/1142/409 356/1141/409
f 190/1211/409 192/1192/409 118/1066/409
f 589/1225/410 572/1226/410 571/1227/411
f 592/1228/411 571/1227/411 574/1229/412
f 593/1230/412 574/1229/412 573/1231/413
f 590/1232/413 573/1231/413 576/1233/414
f 591/1234/414 576/1233/414 575/1235/415
f 599/1236/415 575/1235/415 563/1237/416
f 585/1238/416 563/1237/416 562/1239/417
f 584/1240/417 562/1239/417 564/1241/418
f 581/1242/418 564/1241/418 560/1243/419
f 582/1244/419 560/1243/419 559/1245/420
f 600/1246/420 559/1245/420 558/1247/421
f 583/1248/421 558/1247/421 557/1249/422
f 586/1250/422 557/1249/422 561/1251/423
f 594/1252/423 561/1251/423 570/1253/424
f 601/1254/424 570/1253/424 567/1255/425
f 597/1256/425 567/1255/425 566/1257/426
f 603/1258/426 566/1257/426 579/1259/427
f 602/1260/427 579/1259/427 580/1261/428
f 595/1262/428 580/1261/428 569/1263/429
f 596/1264/429 569/1263/429 568/1265/430
f 604/1266/430 568/1265/430 578/1267/431
f 598/1268/431 578/1267/431 565/1269/432
f 587/1270/432 565/1269/432 455/1271/433
f 455/1271/433 458/1272/433 587/1270/432
f 565/1269/432 456/1273/433 455/1271/433
f 458/1272/433 457/1274/433 587/1270/432
f 565/1269/432 587/1270/432 598/1268/431
f 578/1267/431 598/1268/431 604/1266/430
f 568/1265/430 604/1266/430 596/1264/429
f 569/1263/429 596/1264/429 595/1262/428
f 580/1261/428 595/1262/428 602/1260/427
f 579/1259/427 602/1260/427 603/1258/426
f 566/1257/426 603/1258/426 597/1256/425
f 567/1255/425 597/1256/425 601/1254/424
f 570/1253/424 601/1254/424 594/1252/423
f 561/1251/423 594/1252/423 586/1250/422
f 557/1249/422 586/1250/422 583/1248/421
f 558/1247/421 583/1248/421 600/1246/420
f 559/1245/420 600/1246/420 582/1244/419
f 560/1243/419 582/1244/419 581/1242/418
f 564/1241/418 581/1242/418 584/1240/417
f 562/1239/417 584/1240/417 585/1238/416
f 563/1237/416 585/1238/416 599/1236/415
f 575/1235/415 599/1236/415 591/1234/414
f 576/1233/414 591/1234/414 590/1232/413
f 573/1231/413 590/1232/413 593/1230/412
f 574/1229/412 593/1230/412 592/1228/411
f 571/1227/411 592/1228/411 589/1225/410
f 577/1275/434 588/1276/434 556/1277/434
f 556/1277/434 555/1278/434 577/1275/434
f 588/1279/435 577/1280/435 572/1281/435
f 572/1281/435 589/1282/435 588/1279/435
