g Body_54_(1)
v -0.000764788 0.306063 0.1753 0.494118 0.494118 0.52549
v -0.00152585 0.306143 0.1753 0.494118 0.494118 0.52549
v -0.00227948 0.306276 0.1753 0.494118 0.494118 0.52549
v -0.003022 0.306461 0.1753 0.494118 0.494118 0.52549
v -0.0037498 0.306698 0.1753 0.494118 0.494118 0.52549
v -0.00445933 0.306984 0.1753 0.494118 0.494118 0.52549
v -0.00514714 0.30732 0.1753 0.494118 0.494118 0.52549
v -0.00580987 0.307702 0.1753 0.494118 0.494118 0.52549
v -0.0064443 0.30813 0.1753 0.494118 0.494118 0.52549
v -0.00704732 0.308601 0.1753 0.494118 0.494118 0.52549
v -0.00761602 0.309113 0.1753 0.494118 0.494118 0.52549
v -0.00814761 0.309664 0.1753 0.494118 0.494118 0.52549
v -0.00863951 0.31025 0.1753 0.494118 0.494118 0.52549
v -0.00908931 0.310869 0.1753 0.494118 0.494118 0.52549
v -0.00949483 0.311518 0.1753 0.494118 0.494118 0.52549
v -0.0098541 0.312194 0.1753 0.494118 0.494118 0.52549
v -0.0101654 0.312893 0.1753 0.494118 0.494118 0.52549
v -0.0104271 0.313612 0.1753 0.494118 0.494118 0.52549
v -0.010638 0.314348 0.1753 0.494118 0.494118 0.52549
v -0.0107971 0.315096 0.1753 0.494118 0.494118 0.52549
v -0.0109036 0.315854 0.1753 0.494118 0.494118 0.52549
v -0.010957 0.316617 0.1753 0.494118 0.494118 0.52549
v -0.010957 0.317383 0.1753 0.494118 0.494118 0.52549
v -0.0109036 0.318146 0.1753 0.494118 0.494118 0.52549
v -0.0107971 0.318904 0.1753 0.494118 0.494118 0.52549
v -0.010638 0.319652 0.1753 0.494118 0.494118 0.52549
v -0.0104271 0.320388 0.1753 0.494118 0.494118 0.52549
v -0.0101654 0.321107 0.1753 0.494118 0.494118 0.52549
v -0.0098541 0.321806 0.1753 0.494118 0.494118 0.52549
v -0.00949483 0.322482 0.1753 0.494118 0.494118 0.52549
v -0.00908931 0.323131 0.1753 0.494118 0.494118 0.52549
v -0.00863951 0.32375 0.1753 0.494118 0.494118 0.52549
v -0.00814761 0.324336 0.1753 0.494118 0.494118 0.52549
v -0.00761602 0.324887 0.1753 0.494118 0.494118 0.52549
v -0.00704732 0.325399 0.1753 0.494118 0.494118 0.52549
v -0.0064443 0.32587 0.1753 0.494118 0.494118 0.52549
v -0.00580987 0.326298 0.1753 0.494118 0.494118 0.52549
v -0.00514714 0.32668 0.1753 0.494118 0.494118 0.52549
v -0.00445933 0.327016 0.1753 0.494118 0.494118 0.52549
v -0.0037498 0.327302 0.1753 0.494118 0.494118 0.52549
v -0.003022 0.327539 0.1753 0.494118 0.494118 0.52549
v -0.00227948 0.327724 0.1753 0.494118 0.494118 0.52549
v -0.00152585 0.327857 0.1753 0.494118 0.494118 0.52549
v -0.000764788 0.327937 0.1753 0.494118 0.494118 0.52549
v 2.68533e-18 0.327964 0.1753 0.494118 0.494118 0.52549
v 0.000764788 0.327937 0.1753 0.494118 0.494118 0.52549
v 0.00152585 0.327857 0.1753 0.494118 0.494118 0.52549
v 0.00227948 0.327724 0.1753 0.494118 0.494118 0.52549
v 0.003022 0.327539 0.1753 0.494118 0.494118 0.52549
v 0.0037498 0.327302 0.1753 0.494118 0.494118 0.52549
v 0.00445933 0.327016 0.1753 0.494118 0.494118 0.52549
v 0.00514714 0.32668 0.1753 0.494118 0.494118 0.52549
v 0.00580987 0.326298 0.1753 0.494118 0.494118 0.52549
v 0.0064443 0.32587 0.1753 0.494118 0.494118 0.52549
v 0.00704732 0.325399 0.1753 0.494118 0.494118 0.52549
v 0.00761602 0.324887 0.1753 0.494118 0.494118 0.52549
v 0.00814761 0.324336 0.1753 0.494118 0.494118 0.52549
v 0.00863951 0.32375 0.1753 0.494118 0.494118 0.52549
v 0.00908931 0.323131 0.1753 0.494118 0.494118 0.52549
v 0.00949483 0.322482 0.1753 0.494118 0.494118 0.52549
v 0.0098541 0.321806 0.1753 0.494118 0.494118 0.52549
v 0.0101654 0.321107 0.1753 0.494118 0.494118 0.52549
v 0.0104271 0.320388 0.1753 0.494118 0.494118 0.52549
v 0.010638 0.319652 0.1753 0.494118 0.494118 0.52549
v 0.0107971 0.318904 0.1753 0.494118 0.494118 0.52549
v 0.0109036 0.318146 0.1753 0.494118 0.494118 0.52549
v 0.010957 0.317383 0.1753 0.494118 0.494118 0.52549
v 0.010957 0.316617 0.1753 0.494118 0.494118 0.52549
v 0.0109036 0.315854 0.1753 0.494118 0.494118 0.52549
v 0.0107971 0.315096 0.1753 0.494118 0.494118 0.52549
v 0.010638 0.314348 0.1753 0.494118 0.494118 0.52549
v 0.0104271 0.313612 0.1753 0.494118 0.494118 0.52549
v 0.0101654 0.312893 0.1753 0.494118 0.494118 0.52549
v 0.0098541 0.312194 0.1753 0.494118 0.494118 0.52549
v 0.00949483 0.311518 0.1753 0.494118 0.494118 0.52549
v 0.00908931 0.310869 0.1753 0.494118 0.494118 0.52549
v 0.00863951 0.31025 0.1753 0.494118 0.494118 0.52549
v 0.00814761 0.309664 0.1753 0.494118 0.494118 0.52549
v 0.00761602 0.309113 0.1753 0.494118 0.494118 0.52549
v 0.00704732 0.308601 0.1753 0.494118 0.494118 0.52549
v 0.0064443 0.30813 0.1753 0.494118 0.494118 0.52549
v 0.00580987 0.307702 0.1753 0.494118 0.494118 0.52549
v 0.00514714 0.30732 0.1753 0.494118 0.494118 0.52549
v 0.00445933 0.306984 0.1753 0.494118 0.494118 0.52549
v 0.0037498 0.306698 0.1753 0.494118 0.494118 0.52549
v 0.003022 0.306461 0.1753 0.494118 0.494118 0.52549
v 0.00227948 0.306276 0.1753 0.494118 0.494118 0.52549
v 0.00152585 0.306143 0.1753 0.494118 0.494118 0.52549
v 0.000764788 0.306063 0.1753 0.494118 0.494118 0.52549
v -4.02799e-18 0.306036 0.1753 0.494118 0.494118 0.52549
v 0 0.317 0.1753 0.494118 0.494118 0.52549
v 0.0022 0.319 0.191977 0.494118 0.494118 0.52549
v 0.0022 0.31881 0.192008 0.494118 0.494118 0.52549
v 0.0022 0.318738 0.192019 0.494118 0.494118 0.52549
v 0.0022 0.318485 0.192054 0.494118 0.494118 0.52549
v 0.0022 0.318088 0.192097 0.494118 0.494118 0.52549
v 0.0022 0.317897 0.192113 0.494118 0.494118 0.52549
v 0.0022 0.317737 0.192125 0.494118 0.494118 0.52549
v 0.0022 0.317554 0.192134 0.494118 0.494118 0.52549
v 0.0022 0.317393 0.192141 0.494118 0.494118 0.52549
v 0.0022 0.317234 0.192145 0.494118 0.494118 0.52549
v 0.0022 0.317077 0.192147 0.494118 0.494118 0.52549
v 0.0022 0.317 0.192147 0.494118 0.494118 0.52549
v 0.0022 0.316766 0.192145 0.494118 0.494118 0.52549
v 0.0022 0.316607 0.192141 0.494118 0.494118 0.52549
v 0.0022 0.316446 0.192134 0.494118 0.494118 0.52549
v 0.0022 0.316284 0.192126 0.494118 0.494118 0.52549
v 0.0022 0.316263 0.192125 0.494118 0.494118 0.52549
v 0.0022 0.315912 0.192097 0.494118 0.494118 0.52549
v 0.0022 0.315717 0.192078 0.494118 0.494118 0.52549
v 0.0022 0.315529 0.192056 0.494118 0.494118 0.52549
v 0.0022 0.315262 0.192019 0.494118 0.494118 0.52549
v 0.0022 0.31519 0.192008 0.494118 0.494118 0.52549
v 0.0022 0.315 0.191977 0.494118 0.494118 0.52549
v 0.0022 0.3148 0.191941 0.494118 0.494118 0.52549
v 0.00186796 0.3148 0.191999 0.494118 0.494118 0.52549
v 0.00181032 0.3148 0.192008 0.494118 0.494118 0.52549
v 0.00161048 0.3148 0.192037 0.494118 0.494118 0.52549
v 0.0011851 0.3148 0.192088 0.494118 0.494118 0.52549
v 0.000991952 0.3148 0.192106 0.494118 0.494118 0.52549
v 0.000737138 0.3148 0.192125 0.494118 0.494118 0.52549
v 0.00063511 0.3148 0.19213 0.494118 0.494118 0.52549
v 0.000473765 0.3148 0.192138 0.494118 0.494118 0.52549
v 0.000313585 0.3148 0.192143 0.494118 0.494118 0.52549
v 0.000155396 0.3148 0.192146 0.494118 0.494118 0.52549
v 3.63856e-18 0.3148 0.192147 0.494118 0.494118 0.52549
v -0.000155396 0.3148 0.192146 0.494118 0.494118 0.52549
v -0.000313585 0.3148 0.192143 0.494118 0.494118 0.52549
v -0.000473765 0.3148 0.192138 0.494118 0.494118 0.52549
v -0.000737138 0.3148 0.192125 0.494118 0.494118 0.52549
v -0.000804567 0.3148 0.19212 0.494118 0.494118 0.52549
v -0.000991952 0.3148 0.192106 0.494118 0.494118 0.52549
v -0.0011851 0.3148 0.192088 0.494118 0.494118 0.52549
v -0.00147142 0.3148 0.192056 0.494118 0.494118 0.52549
v -0.00161048 0.3148 0.192037 0.494118 0.494118 0.52549
v -0.00181032 0.3148 0.192008 0.494118 0.494118 0.52549
v -0.00186796 0.3148 0.191999 0.494118 0.494118 0.52549
v -0.0022 0.3148 0.191941 0.494118 0.494118 0.52549
v -0.0022 0.315 0.191977 0.494118 0.494118 0.52549
v -0.0022 0.31519 0.192008 0.494118 0.494118 0.52549
v -0.0022 0.315262 0.192019 0.494118 0.494118 0.52549
v -0.0022 0.315515 0.192054 0.494118 0.494118 0.52549
v -0.0022 0.315912 0.192097 0.494118 0.494118 0.52549
v -0.0022 0.316103 0.192113 0.494118 0.494118 0.52549
v -0.0022 0.316263 0.192125 0.494118 0.494118 0.52549
v -0.0022 0.316446 0.192134 0.494118 0.494118 0.52549
v -0.0022 0.316607 0.192141 0.494118 0.494118 0.52549
v -0.0022 0.316766 0.192145 0.494118 0.494118 0.52549
v -0.0022 0.316923 0.192147 0.494118 0.494118 0.52549
v -0.0022 0.317 0.192147 0.494118 0.494118 0.52549
v -0.0022 0.317234 0.192145 0.494118 0.494118 0.52549
v -0.0022 0.317393 0.192141 0.494118 0.494118 0.52549
v -0.0022 0.317554 0.192134 0.494118 0.494118 0.52549
v -0.0022 0.317716 0.192126 0.494118 0.494118 0.52549
v -0.0022 0.317737 0.192125 0.494118 0.494118 0.52549
v -0.0022 0.318088 0.192097 0.494118 0.494118 0.52549
v -0.0022 0.318283 0.192078 0.494118 0.494118 0.52549
v -0.0022 0.318471 0.192056 0.494118 0.494118 0.52549
v -0.0022 0.318738 0.192019 0.494118 0.494118 0.52549
v -0.0022 0.31881 0.192008 0.494118 0.494118 0.52549
v -0.0022 0.319 0.191977 0.494118 0.494118 0.52549
v -0.0022 0.3192 0.191941 0.494118 0.494118 0.52549
v -0.00186796 0.3192 0.191999 0.494118 0.494118 0.52549
v -0.00181032 0.3192 0.192008 0.494118 0.494118 0.52549
v -0.00161048 0.3192 0.192037 0.494118 0.494118 0.52549
v -0.0011851 0.3192 0.192088 0.494118 0.494118 0.52549
v -0.000991952 0.3192 0.192106 0.494118 0.494118 0.52549
v -0.000737138 0.3192 0.192125 0.494118 0.494118 0.52549
v -0.00063511 0.3192 0.19213 0.494118 0.494118 0.52549
v -0.000473765 0.3192 0.192138 0.494118 0.494118 0.52549
v -0.000313585 0.3192 0.192143 0.494118 0.494118 0.52549
v -0.000155396 0.3192 0.192146 0.494118 0.494118 0.52549
v -3.37054e-18 0.3192 0.192147 0.494118 0.494118 0.52549
v 0.000155396 0.3192 0.192146 0.494118 0.494118 0.52549
v 0.000313585 0.3192 0.192143 0.494118 0.494118 0.52549
v 0.000473765 0.3192 0.192138 0.494118 0.494118 0.52549
v 0.000737138 0.3192 0.192125 0.494118 0.494118 0.52549
v 0.000804567 0.3192 0.19212 0.494118 0.494118 0.52549
v 0.000991952 0.3192 0.192106 0.494118 0.494118 0.52549
v 0.0011851 0.3192 0.192088 0.494118 0.494118 0.52549
v 0.00147142 0.3192 0.192056 0.494118 0.494118 0.52549
v 0.00161048 0.3192 0.192037 0.494118 0.494118 0.52549
v 0.00181032 0.3192 0.192008 0.494118 0.494118 0.52549
v 0.00186796 0.3192 0.191999 0.494118 0.494118 0.52549
v 0.0022 0.3192 0.191941 0.494118 0.494118 0.52549
v -0.00147142 0.3192 0.192056 0.494118 0.494118 0.52549
v -0.0022 0.315529 0.192056 0.494118 0.494118 0.52549
v 0.00147142 0.3148 0.192056 0.494118 0.494118 0.52549
v 0.0022 0.318471 0.192056 0.494118 0.494118 0.52549
v 0 0.328277 0.176052 0.494118 0.494118 0.52549
v -0.00078661 0.328249 0.176052 0.494118 0.494118 0.52549
v -0.00156939 0.328167 0.176052 0.494118 0.494118 0.52549
v -0.00234452 0.32803 0.176052 0.494118 0.494118 0.52549
v -0.00310823 0.32784 0.176052 0.494118 0.494118 0.52549
v -0.00385679 0.327596 0.176052 0.494118 0.494118 0.52549
v -0.00458657 0.327302 0.176052 0.494118 0.494118 0.52549
v -0.005294 0.326957 0.176052 0.494118 0.494118 0.52549
v -0.00597564 0.326563 0.176052 0.494118 0.494118 0.52549
v -0.00662817 0.326123 0.176052 0.494118 0.494118 0.52549
v -0.0072484 0.325638 0.176052 0.494118 0.494118 0.52549
v -0.00783332 0.325112 0.176052 0.494118 0.494118 0.52549
v -0.00838008 0.324545 0.176052 0.494118 0.494118 0.52549
v -0.00888601 0.323943 0.176052 0.494118 0.494118 0.52549
v -0.00934865 0.323306 0.176052 0.494118 0.494118 0.52549
v -0.00976574 0.322638 0.176052 0.494118 0.494118 0.52549
v -0.0101353 0.321943 0.176052 0.494118 0.494118 0.52549
v -0.0104554 0.321224 0.176052 0.494118 0.494118 0.52549
v -0.0107246 0.320485 0.176052 0.494118 0.494118 0.52549
v -0.0109416 0.319728 0.176052 0.494118 0.494118 0.52549
v -0.0111052 0.318958 0.176052 0.494118 0.494118 0.52549
v -0.0112147 0.318179 0.176052 0.494118 0.494118 0.52549
v -0.0112696 0.317394 0.176052 0.494118 0.494118 0.52549
v -0.0112696 0.316606 0.176052 0.494118 0.494118 0.52549
v -0.0112147 0.315821 0.176052 0.494118 0.494118 0.52549
v -0.0111052 0.315042 0.176052 0.494118 0.494118 0.52549
v -0.0109416 0.314272 0.176052 0.494118 0.494118 0.52549
v -0.0107246 0.313515 0.176052 0.494118 0.494118 0.52549
v -0.0104554 0.312776 0.176052 0.494118 0.494118 0.52549
v -0.0101353 0.312057 0.176052 0.494118 0.494118 0.52549
v -0.00976574 0.311362 0.176052 0.494118 0.494118 0.52549
v -0.00934865 0.310694 0.176052 0.494118 0.494118 0.52549
v -0.00888601 0.310057 0.176052 0.494118 0.494118 0.52549
v -0.00838008 0.309455 0.176052 0.494118 0.494118 0.52549
v -0.00783332 0.308888 0.176052 0.494118 0.494118 0.52549
v -0.0072484 0.308362 0.176052 0.494118 0.494118 0.52549
v -0.00662817 0.307877 0.176052 0.494118 0.494118 0.52549
v -0.00597564 0.307437 0.176052 0.494118 0.494118 0.52549
v -0.005294 0.307043 0.176052 0.494118 0.494118 0.52549
v -0.00458657 0.306698 0.176052 0.494118 0.494118 0.52549
v -0.00385679 0.306404 0.176052 0.494118 0.494118 0.52549
v -0.00310823 0.30616 0.176052 0.494118 0.494118 0.52549
v -0.00234452 0.30597 0.176052 0.494118 0.494118 0.52549
v -0.00156939 0.305833 0.176052 0.494118 0.494118 0.52549
v -0.00078661 0.305751 0.176052 0.494118 0.494118 0.52549
v 2.50389e-18 0.305723 0.176052 0.494118 0.494118 0.52549
v 0.00078661 0.305751 0.176052 0.494118 0.494118 0.52549
v 0.00156939 0.305833 0.176052 0.494118 0.494118 0.52549
v 0.00234452 0.30597 0.176052 0.494118 0.494118 0.52549
v 0.00310823 0.30616 0.176052 0.494118 0.494118 0.52549
v 0.00385679 0.306404 0.176052 0.494118 0.494118 0.52549
v 0.00458657 0.306698 0.176052 0.494118 0.494118 0.52549
v 0.005294 0.307043 0.176052 0.494118 0.494118 0.52549
v 0.00597564 0.307437 0.176052 0.494118 0.494118 0.52549
v 0.00662817 0.307877 0.176052 0.494118 0.494118 0.52549
v 0.0072484 0.308362 0.176052 0.494118 0.494118 0.52549
v 0.00783332 0.308888 0.176052 0.494118 0.494118 0.52549
v 0.00838008 0.309455 0.176052 0.494118 0.494118 0.52549
v 0.00888601 0.310057 0.176052 0.494118 0.494118 0.52549
v 0.00934865 0.310694 0.176052 0.494118 0.494118 0.52549
v 0.00976574 0.311362 0.176052 0.494118 0.494118 0.52549
v 0.0101353 0.312057 0.176052 0.494118 0.494118 0.52549
v 0.0104554 0.312776 0.176052 0.494118 0.494118 0.52549
v 0.0107246 0.313515 0.176052 0.494118 0.494118 0.52549
v 0.0109416 0.314272 0.176052 0.494118 0.494118 0.52549
v 0.0111052 0.315042 0.176052 0.494118 0.494118 0.52549
v 0.0112147 0.315821 0.176052 0.494118 0.494118 0.52549
v 0.0112696 0.316606 0.176052 0.494118 0.494118 0.52549
v 0.0112696 0.317394 0.176052 0.494118 0.494118 0.52549
v 0.0112147 0.318179 0.176052 0.494118 0.494118 0.52549
v 0.0111052 0.318958 0.176052 0.494118 0.494118 0.52549
v 0.0109416 0.319728 0.176052 0.494118 0.494118 0.52549
v 0.0107246 0.320485 0.176052 0.494118 0.494118 0.52549
v 0.0104554 0.321224 0.176052 0.494118 0.494118 0.52549
v 0.0101353 0.321943 0.176052 0.494118 0.494118 0.52549
v 0.00976574 0.322638 0.176052 0.494118 0.494118 0.52549
v 0.00934865 0.323306 0.176052 0.494118 0.494118 0.52549
v 0.00888601 0.323943 0.176052 0.494118 0.494118 0.52549
v 0.00838008 0.324545 0.176052 0.494118 0.494118 0.52549
v 0.00783332 0.325112 0.176052 0.494118 0.494118 0.52549
v 0.0072484 0.325638 0.176052 0.494118 0.494118 0.52549
v 0.00662817 0.326123 0.176052 0.494118 0.494118 0.52549
v 0.00597564 0.326563 0.176052 0.494118 0.494118 0.52549
v 0.005294 0.326957 0.176052 0.494118 0.494118 0.52549
v 0.00458657 0.327302 0.176052 0.494118 0.494118 0.52549
v 0.00385679 0.327596 0.176052 0.494118 0.494118 0.52549
v 0.00310823 0.32784 0.176052 0.494118 0.494118 0.52549
v 0.00234452 0.32803 0.176052 0.494118 0.494118 0.52549
v 0.00156939 0.328167 0.176052 0.494118 0.494118 0.52549
v 0.00078661 0.328249 0.176052 0.494118 0.494118 0.52549
v 0 0.328538 0.176824 0.494118 0.494118 0.52549
v -0.000804835 0.32851 0.176824 0.494118 0.494118 0.52549
v -0.00160575 0.328425 0.176824 0.494118 0.494118 0.52549
v -0.00239884 0.328286 0.176824 0.494118 0.494118 0.52549
v -0.00318024 0.328091 0.176824 0.494118 0.494118 0.52549
v -0.00394615 0.327842 0.176824 0.494118 0.494118 0.52549
v -0.00469284 0.32754 0.176824 0.494118 0.494118 0.52549
v -0.00541666 0.327187 0.176824 0.494118 0.494118 0.52549
v -0.00611409 0.326785 0.176824 0.494118 0.494118 0.52549
v -0.00678174 0.326334 0.176824 0.494118 0.494118 0.52549
v -0.00741634 0.325838 0.176824 0.494118 0.494118 0.52549
v -0.00801481 0.3253 0.176824 0.494118 0.494118 0.52549
v -0.00857424 0.32472 0.176824 0.494118 0.494118 0.52549
v -0.00909189 0.324103 0.176824 0.494118 0.494118 0.52549
v -0.00956525 0.323452 0.176824 0.494118 0.494118 0.52549
v -0.00999201 0.322769 0.176824 0.494118 0.494118 0.52549
v -0.0103701 0.322058 0.176824 0.494118 0.494118 0.52549
v -0.0106976 0.321322 0.176824 0.494118 0.494118 0.52549
v -0.0109731 0.320565 0.176824 0.494118 0.494118 0.52549
v -0.0111951 0.319791 0.176824 0.494118 0.494118 0.52549
v -0.0113625 0.319004 0.176824 0.494118 0.494118 0.52549
v -0.0114746 0.318206 0.176824 0.494118 0.494118 0.52549
v -0.0115307 0.317403 0.176824 0.494118 0.494118 0.52549
v -0.0115307 0.316597 0.176824 0.494118 0.494118 0.52549
v -0.0114746 0.315794 0.176824 0.494118 0.494118 0.52549
v -0.0113625 0.314996 0.176824 0.494118 0.494118 0.52549
v -0.0111951 0.314209 0.176824 0.494118 0.494118 0.52549
v -0.0109731 0.313435 0.176824 0.494118 0.494118 0.52549
v -0.0106976 0.312678 0.176824 0.494118 0.494118 0.52549
v -0.0103701 0.311942 0.176824 0.494118 0.494118 0.52549
v -0.00999201 0.311231 0.176824 0.494118 0.494118 0.52549
v -0.00956525 0.310548 0.176824 0.494118 0.494118 0.52549
v -0.00909189 0.309897 0.176824 0.494118 0.494118 0.52549
v -0.00857424 0.30928 0.176824 0.494118 0.494118 0.52549
v -0.00801481 0.3087 0.176824 0.494118 0.494118 0.52549
v -0.00741634 0.308162 0.176824 0.494118 0.494118 0.52549
v -0.00678174 0.307666 0.176824 0.494118 0.494118 0.52549
v -0.00611409 0.307215 0.176824 0.494118 0.494118 0.52549
v -0.00541666 0.306813 0.176824 0.494118 0.494118 0.52549
v -0.00469284 0.30646 0.176824 0.494118 0.494118 0.52549
v -0.00394615 0.306158 0.176824 0.494118 0.494118 0.52549
v -0.00318024 0.305909 0.176824 0.494118 0.494118 0.52549
v -0.00239884 0.305714 0.176824 0.494118 0.494118 0.52549
v -0.00160575 0.305575 0.176824 0.494118 0.494118 0.52549
v -0.000804835 0.30549 0.176824 0.494118 0.494118 0.52549
v 2.5619e-18 0.305462 0.176824 0.494118 0.494118 0.52549
v 0.000804835 0.30549 0.176824 0.494118 0.494118 0.52549
v 0.00160575 0.305575 0.176824 0.494118 0.494118 0.52549
v 0.00239884 0.305714 0.176824 0.494118 0.494118 0.52549
v 0.00318024 0.305909 0.176824 0.494118 0.494118 0.52549
v 0.00394615 0.306158 0.176824 0.494118 0.494118 0.52549
v 0.00469284 0.30646 0.176824 0.494118 0.494118 0.52549
v 0.00541666 0.306813 0.176824 0.494118 0.494118 0.52549
v 0.00611409 0.307215 0.176824 0.494118 0.494118 0.52549
v 0.00678174 0.307666 0.176824 0.494118 0.494118 0.52549
v 0.00741634 0.308162 0.176824 0.494118 0.494118 0.52549
v 0.00801481 0.3087 0.176824 0.494118 0.494118 0.52549
v 0.00857424 0.30928 0.176824 0.494118 0.494118 0.52549
v 0.00909189 0.309897 0.176824 0.494118 0.494118 0.52549
v 0.00956525 0.310548 0.176824 0.494118 0.494118 0.52549
v 0.00999201 0.311231 0.176824 0.494118 0.494118 0.52549
v 0.0103701 0.311942 0.176824 0.494118 0.494118 0.52549
v 0.0106976 0.312678 0.176824 0.494118 0.494118 0.52549
v 0.0109731 0.313435 0.176824 0.494118 0.494118 0.52549
v 0.0111951 0.314209 0.176824 0.494118 0.494118 0.52549
v 0.0113625 0.314996 0.176824 0.494118 0.494118 0.52549
v 0.0114746 0.315794 0.176824 0.494118 0.494118 0.52549
v 0.0115307 0.316597 0.176824 0.494118 0.494118 0.52549
v 0.0115307 0.317403 0.176824 0.494118 0.494118 0.52549
v 0.0114746 0.318206 0.176824 0.494118 0.494118 0.52549
v 0.0113625 0.319004 0.176824 0.494118 0.494118 0.52549
v 0.0111951 0.319791 0.176824 0.494118 0.494118 0.52549
v 0.0109731 0.320565 0.176824 0.494118 0.494118 0.52549
v 0.0106976 0.321322 0.176824 0.494118 0.494118 0.52549
v 0.0103701 0.322058 0.176824 0.494118 0.494118 0.52549
v 0.00999201 0.322769 0.176824 0.494118 0.494118 0.52549
v 0.00956525 0.323452 0.176824 0.494118 0.494118 0.52549
v 0.00909189 0.324103 0.176824 0.494118 0.494118 0.52549
v 0.00857424 0.32472 0.176824 0.494118 0.494118 0.52549
v 0.00801481 0.3253 0.176824 0.494118 0.494118 0.52549
v 0.00741634 0.325838 0.176824 0.494118 0.494118 0.52549
v 0.00678174 0.326334 0.176824 0.494118 0.494118 0.52549
v 0.00611409 0.326785 0.176824 0.494118 0.494118 0.52549
v 0.00541666 0.327187 0.176824 0.494118 0.494118 0.52549
v 0.00469284 0.32754 0.176824 0.494118 0.494118 0.52549
v 0.00394615 0.327842 0.176824 0.494118 0.494118 0.52549
v 0.00318024 0.328091 0.176824 0.494118 0.494118 0.52549
v 0.00239884 0.328286 0.176824 0.494118 0.494118 0.52549
v 0.00160575 0.328425 0.176824 0.494118 0.494118 0.52549
v 0.000804835 0.32851 0.176824 0.494118 0.494118 0.52549
v 0 0.328746 0.177612 0.494118 0.494118 0.52549
v -0.00081938 0.328718 0.177612 0.494118 0.494118 0.52549
v -0.00163477 0.328632 0.177612 0.494118 0.494118 0.52549
v -0.00244219 0.32849 0.177612 0.494118 0.494118 0.52549
v -0.00323772 0.328291 0.177612 0.494118 0.494118 0.52549
v -0.00401747 0.328038 0.177612 0.494118 0.494118 0.52549
v -0.00477765 0.327731 0.177612 0.494118 0.494118 0.52549
v -0.00551455 0.327371 0.177612 0.494118 0.494118 0.52549
v -0.00622459 0.326961 0.177612 0.494118 0.494118 0.52549
v -0.0069043 0.326503 0.177612 0.494118 0.494118 0.52549
v -0.00755037 0.325998 0.177612 0.494118 0.494118 0.52549
v -0.00815966 0.32545 0.177612 0.494118 0.494118 0.52549
v -0.0087292 0.32486 0.177612 0.494118 0.494118 0.52549
v -0.00925621 0.324232 0.177612 0.494118 0.494118 0.52549
v -0.00973812 0.323568 0.177612 0.494118 0.494118 0.52549
v -0.0101726 0.322873 0.177612 0.494118 0.494118 0.52549
v -0.0105575 0.322149 0.177612 0.494118 0.494118 0.52549
v -0.010891 0.3214 0.177612 0.494118 0.494118 0.52549
v -0.0111714 0.32063 0.177612 0.494118 0.494118 0.52549
v -0.0113974 0.319842 0.177612 0.494118 0.494118 0.52549
v -0.0115678 0.31904 0.177612 0.494118 0.494118 0.52549
v -0.0116819 0.318228 0.177612 0.494118 0.494118 0.52549
v -0.0117391 0.31741 0.177612 0.494118 0.494118 0.52549
v -0.0117391 0.31659 0.177612 0.494118 0.494118 0.52549
v -0.0116819 0.315772 0.177612 0.494118 0.494118 0.52549
v -0.0115678 0.31496 0.177612 0.494118 0.494118 0.52549
v -0.0113974 0.314158 0.177612 0.494118 0.494118 0.52549
v -0.0111714 0.31337 0.177612 0.494118 0.494118 0.52549
v -0.010891 0.3126 0.177612 0.494118 0.494118 0.52549
v -0.0105575 0.311851 0.177612 0.494118 0.494118 0.52549
v -0.0101726 0.311127 0.177612 0.494118 0.494118 0.52549
v -0.00973812 0.310432 0.177612 0.494118 0.494118 0.52549
v -0.00925621 0.309768 0.177612 0.494118 0.494118 0.52549
v -0.0087292 0.30914 0.177612 0.494118 0.494118 0.52549
v -0.00815966 0.30855 0.177612 0.494118 0.494118 0.52549
v -0.00755037 0.308002 0.177612 0.494118 0.494118 0.52549
v -0.0069043 0.307497 0.177612 0.494118 0.494118 0.52549
v -0.00622459 0.307039 0.177612 0.494118 0.494118 0.52549
v -0.00551455 0.306629 0.177612 0.494118 0.494118 0.52549
v -0.00477765 0.306269 0.177612 0.494118 0.494118 0.52549
v -0.00401747 0.305962 0.177612 0.494118 0.494118 0.52549
v -0.00323772 0.305709 0.177612 0.494118 0.494118 0.52549
v -0.00244219 0.30551 0.177612 0.494118 0.494118 0.52549
v -0.00163477 0.305368 0.177612 0.494118 0.494118 0.52549
v -0.00081938 0.305282 0.177612 0.494118 0.494118 0.52549
v 2.6082e-18 0.305254 0.177612 0.494118 0.494118 0.52549
v 0.00081938 0.305282 0.177612 0.494118 0.494118 0.52549
v 0.00163477 0.305368 0.177612 0.494118 0.494118 0.52549
v 0.00244219 0.30551 0.177612 0.494118 0.494118 0.52549
v 0.00323772 0.305709 0.177612 0.494118 0.494118 0.52549
v 0.00401747 0.305962 0.177612 0.494118 0.494118 0.52549
v 0.00477765 0.306269 0.177612 0.494118 0.494118 0.52549
v 0.00551455 0.306629 0.177612 0.494118 0.494118 0.52549
v 0.00622459 0.307039 0.177612 0.494118 0.494118 0.52549
v 0.0069043 0.307497 0.177612 0.494118 0.494118 0.52549
v 0.00755037 0.308002 0.177612 0.494118 0.494118 0.52549
v 0.00815966 0.30855 0.177612 0.494118 0.494118 0.52549
v 0.0087292 0.30914 0.177612 0.494118 0.494118 0.52549
v 0.00925621 0.309768 0.177612 0.494118 0.494118 0.52549
v 0.00973812 0.310432 0.177612 0.494118 0.494118 0.52549
v 0.0101726 0.311127 0.177612 0.494118 0.494118 0.52549
v 0.0105575 0.311851 0.177612 0.494118 0.494118 0.52549
v 0.010891 0.3126 0.177612 0.494118 0.494118 0.52549
v 0.0111714 0.31337 0.177612 0.494118 0.494118 0.52549
v 0.0113974 0.314158 0.177612 0.494118 0.494118 0.52549
v 0.0115678 0.31496 0.177612 0.494118 0.494118 0.52549
v 0.0116819 0.315772 0.177612 0.494118 0.494118 0.52549
v 0.0117391 0.31659 0.177612 0.494118 0.494118 0.52549
v 0.0117391 0.31741 0.177612 0.494118 0.494118 0.52549
v 0.0116819 0.318228 0.177612 0.494118 0.494118 0.52549
v 0.0115678 0.31904 0.177612 0.494118 0.494118 0.52549
v 0.0113974 0.319842 0.177612 0.494118 0.494118 0.52549
v 0.0111714 0.32063 0.177612 0.494118 0.494118 0.52549
v 0.010891 0.3214 0.177612 0.494118 0.494118 0.52549
v 0.0105575 0.322149 0.177612 0.494118 0.494118 0.52549
v 0.0101726 0.322873 0.177612 0.494118 0.494118 0.52549
v 0.00973812 0.323568 0.177612 0.494118 0.494118 0.52549
v 0.00925621 0.324232 0.177612 0.494118 0.494118 0.52549
v 0.0087292 0.32486 0.177612 0.494118 0.494118 0.52549
v 0.00815966 0.32545 0.177612 0.494118 0.494118 0.52549
v 0.00755037 0.325998 0.177612 0.494118 0.494118 0.52549
v 0.0069043 0.326503 0.177612 0.494118 0.494118 0.52549
v 0.00622459 0.326961 0.177612 0.494118 0.494118 0.52549
v 0.00551455 0.327371 0.177612 0.494118 0.494118 0.52549
v 0.00477765 0.327731 0.177612 0.494118 0.494118 0.52549
v 0.00401747 0.328038 0.177612 0.494118 0.494118 0.52549
v 0.00323772 0.328291 0.177612 0.494118 0.494118 0.52549
v 0.00244219 0.32849 0.177612 0.494118 0.494118 0.52549
v 0.00163477 0.328632 0.177612 0.494118 0.494118 0.52549
v 0.00081938 0.328718 0.177612 0.494118 0.494118 0.52549
v 0 0.328901 0.178412 0.494118 0.494118 0.52549
v -0.00083018 0.328872 0.178412 0.494118 0.494118 0.52549
v -0.00165631 0.328785 0.178412 0.494118 0.494118 0.52549
v -0.00247438 0.328641 0.178412 0.494118 0.494118 0.52549
v -0.00328039 0.32844 0.178412 0.494118 0.494118 0.52549
v -0.00407042 0.328183 0.178412 0.494118 0.494118 0.52549
v -0.00484062 0.327872 0.178412 0.494118 0.494118 0.52549
v -0.00558723 0.327508 0.178412 0.494118 0.494118 0.52549
v -0.00630663 0.327093 0.178412 0.494118 0.494118 0.52549
v -0.0069953 0.326628 0.178412 0.494118 0.494118 0.52549
v -0.00764989 0.326117 0.178412 0.494118 0.494118 0.52549
v -0.00826721 0.325561 0.178412 0.494118 0.494118 0.52549
v -0.00884425 0.324963 0.178412 0.494118 0.494118 0.52549
v -0.0093782 0.324327 0.178412 0.494118 0.494118 0.52549
v -0.00986647 0.323655 0.178412 0.494118 0.494118 0.52549
v -0.0103067 0.322951 0.178412 0.494118 0.494118 0.52549
v -0.0106966 0.322217 0.178412 0.494118 0.494118 0.52549
v -0.0110345 0.321458 0.178412 0.494118 0.494118 0.52549
v -0.0113186 0.320678 0.178412 0.494118 0.494118 0.52549
v -0.0115476 0.319879 0.178412 0.494118 0.494118 0.52549
v -0.0117203 0.319067 0.178412 0.494118 0.494118 0.52549
v -0.0118359 0.318244 0.178412 0.494118 0.494118 0.52549
v -0.0118939 0.317415 0.178412 0.494118 0.494118 0.52549
v -0.0118939 0.316585 0.178412 0.494118 0.494118 0.52549
v -0.0118359 0.315756 0.178412 0.494118 0.494118 0.52549
v -0.0117203 0.314933 0.178412 0.494118 0.494118 0.52549
v -0.0115476 0.314121 0.178412 0.494118 0.494118 0.52549
v -0.0113186 0.313322 0.178412 0.494118 0.494118 0.52549
v -0.0110345 0.312542 0.178412 0.494118 0.494118 0.52549
v -0.0106966 0.311783 0.178412 0.494118 0.494118 0.52549
v -0.0103067 0.311049 0.178412 0.494118 0.494118 0.52549
v -0.00986647 0.310345 0.178412 0.494118 0.494118 0.52549
v -0.0093782 0.309673 0.178412 0.494118 0.494118 0.52549
v -0.00884425 0.309037 0.178412 0.494118 0.494118 0.52549
v -0.00826721 0.308439 0.178412 0.494118 0.494118 0.52549
v -0.00764989 0.307883 0.178412 0.494118 0.494118 0.52549
v -0.0069953 0.307372 0.178412 0.494118 0.494118 0.52549
v -0.00630663 0.306907 0.178412 0.494118 0.494118 0.52549
v -0.00558723 0.306492 0.178412 0.494118 0.494118 0.52549
v -0.00484062 0.306128 0.178412 0.494118 0.494118 0.52549
v -0.00407042 0.305817 0.178412 0.494118 0.494118 0.52549
v -0.00328039 0.30556 0.178412 0.494118 0.494118 0.52549
v -0.00247438 0.305359 0.178412 0.494118 0.494118 0.52549
v -0.00165631 0.305215 0.178412 0.494118 0.494118 0.52549
v -0.00083018 0.305128 0.178412 0.494118 0.494118 0.52549
v 2.64258e-18 0.305099 0.178412 0.494118 0.494118 0.52549
v 0.00083018 0.305128 0.178412 0.494118 0.494118 0.52549
v 0.00165631 0.305215 0.178412 0.494118 0.494118 0.52549
v 0.00247438 0.305359 0.178412 0.494118 0.494118 0.52549
v 0.00328039 0.30556 0.178412 0.494118 0.494118 0.52549
v 0.00407042 0.305817 0.178412 0.494118 0.494118 0.52549
v 0.00484062 0.306128 0.178412 0.494118 0.494118 0.52549
v 0.00558723 0.306492 0.178412 0.494118 0.494118 0.52549
v 0.00630663 0.306907 0.178412 0.494118 0.494118 0.52549
v 0.0069953 0.307372 0.178412 0.494118 0.494118 0.52549
v 0.00764989 0.307883 0.178412 0.494118 0.494118 0.52549
v 0.00826721 0.308439 0.178412 0.494118 0.494118 0.52549
v 0.00884425 0.309037 0.178412 0.494118 0.494118 0.52549
v 0.0093782 0.309673 0.178412 0.494118 0.494118 0.52549
v 0.00986647 0.310345 0.178412 0.494118 0.494118 0.52549
v 0.0103067 0.311049 0.178412 0.494118 0.494118 0.52549
v 0.0106966 0.311783 0.178412 0.494118 0.494118 0.52549
v 0.0110345 0.312542 0.178412 0.494118 0.494118 0.52549
v 0.0113186 0.313322 0.178412 0.494118 0.494118 0.52549
v 0.0115476 0.314121 0.178412 0.494118 0.494118 0.52549
v 0.0117203 0.314933 0.178412 0.494118 0.494118 0.52549
v 0.0118359 0.315756 0.178412 0.494118 0.494118 0.52549
v 0.0118939 0.316585 0.178412 0.494118 0.494118 0.52549
v 0.0118939 0.317415 0.178412 0.494118 0.494118 0.52549
v 0.0118359 0.318244 0.178412 0.494118 0.494118 0.52549
v 0.0117203 0.319067 0.178412 0.494118 0.494118 0.52549
v 0.0115476 0.319879 0.178412 0.494118 0.494118 0.52549
v 0.0113186 0.320678 0.178412 0.494118 0.494118 0.52549
v 0.0110345 0.321458 0.178412 0.494118 0.494118 0.52549
v 0.0106966 0.322217 0.178412 0.494118 0.494118 0.52549
v 0.0103067 0.322951 0.178412 0.494118 0.494118 0.52549
v 0.00986647 0.323655 0.178412 0.494118 0.494118 0.52549
v 0.0093782 0.324327 0.178412 0.494118 0.494118 0.52549
v 0.00884425 0.324963 0.178412 0.494118 0.494118 0.52549
v 0.00826721 0.325561 0.178412 0.494118 0.494118 0.52549
v 0.00764989 0.326117 0.178412 0.494118 0.494118 0.52549
v 0.0069953 0.326628 0.178412 0.494118 0.494118 0.52549
v 0.00630663 0.327093 0.178412 0.494118 0.494118 0.52549
v 0.00558723 0.327508 0.178412 0.494118 0.494118 0.52549
v 0.00484062 0.327872 0.178412 0.494118 0.494118 0.52549
v 0.00407042 0.328183 0.178412 0.494118 0.494118 0.52549
v 0.00328039 0.32844 0.178412 0.494118 0.494118 0.52549
v 0.00247438 0.328641 0.178412 0.494118 0.494118 0.52549
v 0.00165631 0.328785 0.178412 0.494118 0.494118 0.52549
v 0.00083018 0.328872 0.178412 0.494118 0.494118 0.52549
v 0 0.329002 0.17922 0.494118 0.494118 0.52549
v -0.000837184 0.328972 0.17922 0.494118 0.494118 0.52549
v -0.00167029 0.328885 0.17922 0.494118 0.494118 0.52549
v -0.00249526 0.328739 0.17922 0.494118 0.494118 0.52549
v -0.00330807 0.328537 0.17922 0.494118 0.494118 0.52549
v -0.00410476 0.328278 0.17922 0.494118 0.494118 0.52549
v -0.00488146 0.327964 0.17922 0.494118 0.494118 0.52549
v -0.00563437 0.327597 0.17922 0.494118 0.494118 0.52549
v -0.00635984 0.327178 0.17922 0.494118 0.494118 0.52549
v -0.00705432 0.326709 0.17922 0.494118 0.494118 0.52549
v -0.00771443 0.326194 0.17922 0.494118 0.494118 0.52549
v -0.00833696 0.325633 0.17922 0.494118 0.494118 0.52549
v -0.00891887 0.325031 0.17922 0.494118 0.494118 0.52549
v -0.00945733 0.324389 0.17922 0.494118 0.494118 0.52549
v -0.00994971 0.323711 0.17922 0.494118 0.494118 0.52549
v -0.0103936 0.323001 0.17922 0.494118 0.494118 0.52549
v -0.0107869 0.322261 0.17922 0.494118 0.494118 0.52549
v -0.0111276 0.321496 0.17922 0.494118 0.494118 0.52549
v -0.0114141 0.320709 0.17922 0.494118 0.494118 0.52549
v -0.011645 0.319903 0.17922 0.494118 0.494118 0.52549
v -0.0118192 0.319084 0.17922 0.494118 0.494118 0.52549
v -0.0119358 0.318255 0.17922 0.494118 0.494118 0.52549
v -0.0119942 0.317419 0.17922 0.494118 0.494118 0.52549
v -0.0119942 0.316581 0.17922 0.494118 0.494118 0.52549
v -0.0119358 0.315745 0.17922 0.494118 0.494118 0.52549
v -0.0118192 0.314916 0.17922 0.494118 0.494118 0.52549
v -0.011645 0.314097 0.17922 0.494118 0.494118 0.52549
v -0.0114141 0.313291 0.17922 0.494118 0.494118 0.52549
v -0.0111276 0.312504 0.17922 0.494118 0.494118 0.52549
v -0.0107869 0.311739 0.17922 0.494118 0.494118 0.52549
v -0.0103936 0.310999 0.17922 0.494118 0.494118 0.52549
v -0.00994971 0.310289 0.17922 0.494118 0.494118 0.52549
v -0.00945733 0.309611 0.17922 0.494118 0.494118 0.52549
v -0.00891887 0.308969 0.17922 0.494118 0.494118 0.52549
v -0.00833696 0.308367 0.17922 0.494118 0.494118 0.52549
v -0.00771443 0.307806 0.17922 0.494118 0.494118 0.52549
v -0.00705432 0.307291 0.17922 0.494118 0.494118 0.52549
v -0.00635984 0.306822 0.17922 0.494118 0.494118 0.52549
v -0.00563437 0.306403 0.17922 0.494118 0.494118 0.52549
v -0.00488146 0.306036 0.17922 0.494118 0.494118 0.52549
v -0.00410476 0.305722 0.17922 0.494118 0.494118 0.52549
v -0.00330807 0.305463 0.17922 0.494118 0.494118 0.52549
v -0.00249526 0.305261 0.17922 0.494118 0.494118 0.52549
v -0.00167029 0.305115 0.17922 0.494118 0.494118 0.52549
v -0.000837184 0.305028 0.17922 0.494118 0.494118 0.52549
v 2.66487e-18 0.304998 0.17922 0.494118 0.494118 0.52549
v 0.000837184 0.305028 0.17922 0.494118 0.494118 0.52549
v 0.00167029 0.305115 0.17922 0.494118 0.494118 0.52549
v 0.00249526 0.305261 0.17922 0.494118 0.494118 0.52549
v 0.00330807 0.305463 0.17922 0.494118 0.494118 0.52549
v 0.00410476 0.305722 0.17922 0.494118 0.494118 0.52549
v 0.00488146 0.306036 0.17922 0.494118 0.494118 0.52549
v 0.00563437 0.306403 0.17922 0.494118 0.494118 0.52549
v 0.00635984 0.306822 0.17922 0.494118 0.494118 0.52549
v 0.00705432 0.307291 0.17922 0.494118 0.494118 0.52549
v 0.00771443 0.307806 0.17922 0.494118 0.494118 0.52549
v 0.00833696 0.308367 0.17922 0.494118 0.494118 0.52549
v 0.00891887 0.308969 0.17922 0.494118 0.494118 0.52549
v 0.00945733 0.309611 0.17922 0.494118 0.494118 0.52549
v 0.00994971 0.310289 0.17922 0.494118 0.494118 0.52549
v 0.0103936 0.310999 0.17922 0.494118 0.494118 0.52549
v 0.0107869 0.311739 0.17922 0.494118 0.494118 0.52549
v 0.0111276 0.312504 0.17922 0.494118 0.494118 0.52549
v 0.0114141 0.313291 0.17922 0.494118 0.494118 0.52549
v 0.011645 0.314097 0.17922 0.494118 0.494118 0.52549
v 0.0118192 0.314916 0.17922 0.494118 0.494118 0.52549
v 0.0119358 0.315745 0.17922 0.494118 0.494118 0.52549
v 0.0119942 0.316581 0.17922 0.494118 0.494118 0.52549
v 0.0119942 0.317419 0.17922 0.494118 0.494118 0.52549
v 0.0119358 0.318255 0.17922 0.494118 0.494118 0.52549
v 0.0118192 0.319084 0.17922 0.494118 0.494118 0.52549
v 0.011645 0.319903 0.17922 0.494118 0.494118 0.52549
v 0.0114141 0.320709 0.17922 0.494118 0.494118 0.52549
v 0.0111276 0.321496 0.17922 0.494118 0.494118 0.52549
v 0.0107869 0.322261 0.17922 0.494118 0.494118 0.52549
v 0.0103936 0.323001 0.17922 0.494118 0.494118 0.52549
v 0.00994971 0.323711 0.17922 0.494118 0.494118 0.52549
v 0.00945733 0.324389 0.17922 0.494118 0.494118 0.52549
v 0.00891887 0.325031 0.17922 0.494118 0.494118 0.52549
v 0.00833696 0.325633 0.17922 0.494118 0.494118 0.52549
v 0.00771443 0.326194 0.17922 0.494118 0.494118 0.52549
v 0.00705432 0.326709 0.17922 0.494118 0.494118 0.52549
v 0.00635984 0.327178 0.17922 0.494118 0.494118 0.52549
v 0.00563437 0.327597 0.17922 0.494118 0.494118 0.52549
v 0.00488146 0.327964 0.17922 0.494118 0.494118 0.52549
v 0.00410476 0.328278 0.17922 0.494118 0.494118 0.52549
v 0.00330807 0.328537 0.17922 0.494118 0.494118 0.52549
v 0.00249526 0.328739 0.17922 0.494118 0.494118 0.52549
v 0.00167029 0.328885 0.17922 0.494118 0.494118 0.52549
v 0.000837184 0.328972 0.17922 0.494118 0.494118 0.52549
v 0 0.329047 0.180034 0.494118 0.494118 0.52549
v -0.00084036 0.329018 0.180034 0.494118 0.494118 0.52549
v -0.00167663 0.32893 0.180034 0.494118 0.494118 0.52549
v -0.00250472 0.328784 0.180034 0.494118 0.494118 0.52549
v -0.00332062 0.32858 0.180034 0.494118 0.494118 0.52549
v -0.00412034 0.328321 0.180034 0.494118 0.494118 0.52549
v -0.00489998 0.328006 0.180034 0.494118 0.494118 0.52549
v -0.00565575 0.327637 0.180034 0.494118 0.494118 0.52549
v -0.00638397 0.327216 0.180034 0.494118 0.494118 0.52549
v -0.00708108 0.326746 0.180034 0.494118 0.494118 0.52549
v -0.0077437 0.326229 0.180034 0.494118 0.494118 0.52549
v -0.00836859 0.325666 0.180034 0.494118 0.494118 0.52549
v -0.00895271 0.325061 0.180034 0.494118 0.494118 0.52549
v -0.00949321 0.324417 0.180034 0.494118 0.494118 0.52549
v -0.00998746 0.323737 0.180034 0.494118 0.494118 0.52549
v -0.0104331 0.323024 0.180034 0.494118 0.494118 0.52549
v -0.0108278 0.322281 0.180034 0.494118 0.494118 0.52549
v -0.0111698 0.321513 0.180034 0.494118 0.494118 0.52549
v -0.0114574 0.320723 0.180034 0.494118 0.494118 0.52549
v -0.0116892 0.319914 0.180034 0.494118 0.494118 0.52549
v -0.011864 0.319092 0.180034 0.494118 0.494118 0.52549
v -0.0119811 0.318259 0.180034 0.494118 0.494118 0.52549
v -0.0120397 0.31742 0.180034 0.494118 0.494118 0.52549
v -0.0120397 0.31658 0.180034 0.494118 0.494118 0.52549
v -0.0119811 0.315741 0.180034 0.494118 0.494118 0.52549
v -0.011864 0.314908 0.180034 0.494118 0.494118 0.52549
v -0.0116892 0.314086 0.180034 0.494118 0.494118 0.52549
v -0.0114574 0.313277 0.180034 0.494118 0.494118 0.52549
v -0.0111698 0.312487 0.180034 0.494118 0.494118 0.52549
v -0.0108278 0.311719 0.180034 0.494118 0.494118 0.52549
v -0.0104331 0.310976 0.180034 0.494118 0.494118 0.52549
v -0.00998746 0.310263 0.180034 0.494118 0.494118 0.52549
v -0.00949321 0.309583 0.180034 0.494118 0.494118 0.52549
v -0.00895271 0.308939 0.180034 0.494118 0.494118 0.52549
v -0.00836859 0.308334 0.180034 0.494118 0.494118 0.52549
v -0.0077437 0.307771 0.180034 0.494118 0.494118 0.52549
v -0.00708108 0.307254 0.180034 0.494118 0.494118 0.52549
v -0.00638397 0.306784 0.180034 0.494118 0.494118 0.52549
v -0.00565575 0.306363 0.180034 0.494118 0.494118 0.52549
v -0.00489998 0.305994 0.180034 0.494118 0.494118 0.52549
v -0.00412034 0.305679 0.180034 0.494118 0.494118 0.52549
v -0.00332062 0.30542 0.180034 0.494118 0.494118 0.52549
v -0.00250472 0.305216 0.180034 0.494118 0.494118 0.52549
v -0.00167663 0.30507 0.180034 0.494118 0.494118 0.52549
v -0.00084036 0.304982 0.180034 0.494118 0.494118 0.52549
v 2.67498e-18 0.304953 0.180034 0.494118 0.494118 0.52549
v 0.00084036 0.304982 0.180034 0.494118 0.494118 0.52549
v 0.00167663 0.30507 0.180034 0.494118 0.494118 0.52549
v 0.00250472 0.305216 0.180034 0.494118 0.494118 0.52549
v 0.00332062 0.30542 0.180034 0.494118 0.494118 0.52549
v 0.00412034 0.305679 0.180034 0.494118 0.494118 0.52549
v 0.00489998 0.305994 0.180034 0.494118 0.494118 0.52549
v 0.00565575 0.306363 0.180034 0.494118 0.494118 0.52549
v 0.00638397 0.306784 0.180034 0.494118 0.494118 0.52549
v 0.00708108 0.307254 0.180034 0.494118 0.494118 0.52549
v 0.0077437 0.307771 0.180034 0.494118 0.494118 0.52549
v 0.00836859 0.308334 0.180034 0.494118 0.494118 0.52549
v 0.00895271 0.308939 0.180034 0.494118 0.494118 0.52549
v 0.00949321 0.309583 0.180034 0.494118 0.494118 0.52549
v 0.00998746 0.310263 0.180034 0.494118 0.494118 0.52549
v 0.0104331 0.310976 0.180034 0.494118 0.494118 0.52549
v 0.0108278 0.311719 0.180034 0.494118 0.494118 0.52549
v 0.0111698 0.312487 0.180034 0.494118 0.494118 0.52549
v 0.0114574 0.313277 0.180034 0.494118 0.494118 0.52549
v 0.0116892 0.314086 0.180034 0.494118 0.494118 0.52549
v 0.011864 0.314908 0.180034 0.494118 0.494118 0.52549
v 0.0119811 0.315741 0.180034 0.494118 0.494118 0.52549
v 0.0120397 0.31658 0.180034 0.494118 0.494118 0.52549
v 0.0120397 0.31742 0.180034 0.494118 0.494118 0.52549
v 0.0119811 0.318259 0.180034 0.494118 0.494118 0.52549
v 0.011864 0.319092 0.180034 0.494118 0.494118 0.52549
v 0.0116892 0.319914 0.180034 0.494118 0.494118 0.52549
v 0.0114574 0.320723 0.180034 0.494118 0.494118 0.52549
v 0.0111698 0.321513 0.180034 0.494118 0.494118 0.52549
v 0.0108278 0.322281 0.180034 0.494118 0.494118 0.52549
v 0.0104331 0.323024 0.180034 0.494118 0.494118 0.52549
v 0.00998746 0.323737 0.180034 0.494118 0.494118 0.52549
v 0.00949321 0.324417 0.180034 0.494118 0.494118 0.52549
v 0.00895271 0.325061 0.180034 0.494118 0.494118 0.52549
v 0.00836859 0.325666 0.180034 0.494118 0.494118 0.52549
v 0.0077437 0.326229 0.180034 0.494118 0.494118 0.52549
v 0.00708108 0.326746 0.180034 0.494118 0.494118 0.52549
v 0.00638397 0.327216 0.180034 0.494118 0.494118 0.52549
v 0.00565575 0.327637 0.180034 0.494118 0.494118 0.52549
v 0.00489998 0.328006 0.180034 0.494118 0.494118 0.52549
v 0.00412034 0.328321 0.180034 0.494118 0.494118 0.52549
v 0.00332062 0.32858 0.180034 0.494118 0.494118 0.52549
v 0.00250472 0.328784 0.180034 0.494118 0.494118 0.52549
v 0.00167663 0.32893 0.180034 0.494118 0.494118 0.52549
v 0.00084036 0.329018 0.180034 0.494118 0.494118 0.52549
v 0 0.329038 0.180848 0.494118 0.494118 0.52549
v -0.000839695 0.329008 0.180848 0.494118 0.494118 0.52549
v -0.0016753 0.32892 0.180848 0.494118 0.494118 0.52549
v -0.00250274 0.328774 0.180848 0.494118 0.494118 0.52549
v -0.00331799 0.328571 0.180848 0.494118 0.494118 0.52549
v -0.00411707 0.328312 0.180848 0.494118 0.494118 0.52549
v -0.0048961 0.327997 0.180848 0.494118 0.494118 0.52549
v -0.00565127 0.327628 0.180848 0.494118 0.494118 0.52549
v -0.00637891 0.327208 0.180848 0.494118 0.494118 0.52549
v -0.00707547 0.326739 0.180848 0.494118 0.494118 0.52549
v -0.00773757 0.326221 0.180848 0.494118 0.494118 0.52549
v -0.00836196 0.325659 0.180848 0.494118 0.494118 0.52549
v -0.00894562 0.325055 0.180848 0.494118 0.494118 0.52549
v -0.00948569 0.324411 0.180848 0.494118 0.494118 0.52549
v -0.00997955 0.323731 0.180848 0.494118 0.494118 0.52549
v -0.0104248 0.323019 0.180848 0.494118 0.494118 0.52549
v -0.0108192 0.322277 0.180848 0.494118 0.494118 0.52549
v -0.011161 0.321509 0.180848 0.494118 0.494118 0.52549
v -0.0114484 0.32072 0.180848 0.494118 0.494118 0.52549
v -0.01168 0.319912 0.180848 0.494118 0.494118 0.52549
v -0.0118546 0.31909 0.180848 0.494118 0.494118 0.52549
v -0.0119716 0.318258 0.180848 0.494118 0.494118 0.52549
v -0.0120302 0.31742 0.180848 0.494118 0.494118 0.52549
v -0.0120302 0.31658 0.180848 0.494118 0.494118 0.52549
v -0.0119716 0.315742 0.180848 0.494118 0.494118 0.52549
v -0.0118546 0.31491 0.180848 0.494118 0.494118 0.52549
v -0.01168 0.314088 0.180848 0.494118 0.494118 0.52549
v -0.0114484 0.31328 0.180848 0.494118 0.494118 0.52549
v -0.011161 0.312491 0.180848 0.494118 0.494118 0.52549
v -0.0108192 0.311723 0.180848 0.494118 0.494118 0.52549
v -0.0104248 0.310981 0.180848 0.494118 0.494118 0.52549
v -0.00997955 0.310269 0.180848 0.494118 0.494118 0.52549
v -0.00948569 0.309589 0.180848 0.494118 0.494118 0.52549
v -0.00894562 0.308945 0.180848 0.494118 0.494118 0.52549
v -0.00836196 0.308341 0.180848 0.494118 0.494118 0.52549
v -0.00773757 0.307779 0.180848 0.494118 0.494118 0.52549
v -0.00707547 0.307261 0.180848 0.494118 0.494118 0.52549
v -0.00637891 0.306792 0.180848 0.494118 0.494118 0.52549
v -0.00565127 0.306372 0.180848 0.494118 0.494118 0.52549
v -0.0048961 0.306003 0.180848 0.494118 0.494118 0.52549
v -0.00411707 0.305688 0.180848 0.494118 0.494118 0.52549
v -0.00331799 0.305429 0.180848 0.494118 0.494118 0.52549
v -0.00250274 0.305226 0.180848 0.494118 0.494118 0.52549
v -0.0016753 0.30508 0.180848 0.494118 0.494118 0.52549
v -0.000839695 0.304992 0.180848 0.494118 0.494118 0.52549
v 2.67287e-18 0.304962 0.180848 0.494118 0.494118 0.52549
v 0.000839695 0.304992 0.180848 0.494118 0.494118 0.52549
v 0.0016753 0.30508 0.180848 0.494118 0.494118 0.52549
v 0.00250274 0.305226 0.180848 0.494118 0.494118 0.52549
v 0.00331799 0.305429 0.180848 0.494118 0.494118 0.52549
v 0.00411707 0.305688 0.180848 0.494118 0.494118 0.52549
v 0.0048961 0.306003 0.180848 0.494118 0.494118 0.52549
v 0.00565127 0.306372 0.180848 0.494118 0.494118 0.52549
v 0.00637891 0.306792 0.180848 0.494118 0.494118 0.52549
v 0.00707547 0.307261 0.180848 0.494118 0.494118 0.52549
v 0.00773757 0.307779 0.180848 0.494118 0.494118 0.52549
v 0.00836196 0.308341 0.180848 0.494118 0.494118 0.52549
v 0.00894562 0.308945 0.180848 0.494118 0.494118 0.52549
v 0.00948569 0.309589 0.180848 0.494118 0.494118 0.52549
v 0.00997955 0.310269 0.180848 0.494118 0.494118 0.52549
v 0.0104248 0.310981 0.180848 0.494118 0.494118 0.52549
v 0.0108192 0.311723 0.180848 0.494118 0.494118 0.52549
v 0.011161 0.312491 0.180848 0.494118 0.494118 0.52549
v 0.0114484 0.31328 0.180848 0.494118 0.494118 0.52549
v 0.01168 0.314088 0.180848 0.494118 0.494118 0.52549
v 0.0118546 0.31491 0.180848 0.494118 0.494118 0.52549
v 0.0119716 0.315742 0.180848 0.494118 0.494118 0.52549
v 0.0120302 0.31658 0.180848 0.494118 0.494118 0.52549
v 0.0120302 0.31742 0.180848 0.494118 0.494118 0.52549
v 0.0119716 0.318258 0.180848 0.494118 0.494118 0.52549
v 0.0118546 0.31909 0.180848 0.494118 0.494118 0.52549
v 0.01168 0.319912 0.180848 0.494118 0.494118 0.52549
v 0.0114484 0.32072 0.180848 0.494118 0.494118 0.52549
v 0.011161 0.321509 0.180848 0.494118 0.494118 0.52549
v 0.0108192 0.322277 0.180848 0.494118 0.494118 0.52549
v 0.0104248 0.323019 0.180848 0.494118 0.494118 0.52549
v 0.00997955 0.323731 0.180848 0.494118 0.494118 0.52549
v 0.00948569 0.324411 0.180848 0.494118 0.494118 0.52549
v 0.00894562 0.325055 0.180848 0.494118 0.494118 0.52549
v 0.00836196 0.325659 0.180848 0.494118 0.494118 0.52549
v 0.00773757 0.326221 0.180848 0.494118 0.494118 0.52549
v 0.00707547 0.326739 0.180848 0.494118 0.494118 0.52549
v 0.00637891 0.327208 0.180848 0.494118 0.494118 0.52549
v 0.00565127 0.327628 0.180848 0.494118 0.494118 0.52549
v 0.0048961 0.327997 0.180848 0.494118 0.494118 0.52549
v 0.00411707 0.328312 0.180848 0.494118 0.494118 0.52549
v 0.00331799 0.328571 0.180848 0.494118 0.494118 0.52549
v 0.00250274 0.328774 0.180848 0.494118 0.494118 0.52549
v 0.0016753 0.32892 0.180848 0.494118 0.494118 0.52549
v 0.000839695 0.329008 0.180848 0.494118 0.494118 0.52549
v 0 0.328973 0.181661 0.494118 0.494118 0.52549
v -0.00083519 0.328944 0.181661 0.494118 0.494118 0.52549
v -0.00166631 0.328856 0.181661 0.494118 0.494118 0.52549
v -0.00248932 0.328711 0.181661 0.494118 0.494118 0.52549
v -0.00330019 0.328509 0.181661 0.494118 0.494118 0.52549
v -0.00409499 0.328251 0.181661 0.494118 0.494118 0.52549
v -0.00486984 0.327938 0.181661 0.494118 0.494118 0.52549
v -0.00562096 0.327571 0.181661 0.494118 0.494118 0.52549
v -0.00634469 0.327154 0.181661 0.494118 0.494118 0.52549
v -0.00703752 0.326686 0.181661 0.494118 0.494118 0.52549
v -0.00769606 0.326172 0.181661 0.494118 0.494118 0.52549
v -0.00831711 0.325613 0.181661 0.494118 0.494118 0.52549
v -0.00889763 0.325011 0.181661 0.494118 0.494118 0.52549
v -0.00943481 0.324371 0.181661 0.494118 0.494118 0.52549
v -0.00992602 0.323695 0.181661 0.494118 0.494118 0.52549
v -0.0103689 0.322986 0.181661 0.494118 0.494118 0.52549
v -0.0107612 0.322249 0.181661 0.494118 0.494118 0.52549
v -0.0111011 0.321485 0.181661 0.494118 0.494118 0.52549
v -0.0113869 0.3207 0.181661 0.494118 0.494118 0.52549
v -0.0116173 0.319897 0.181661 0.494118 0.494118 0.52549
v -0.011791 0.319079 0.181661 0.494118 0.494118 0.52549
v -0.0119074 0.318252 0.181661 0.494118 0.494118 0.52549
v -0.0119657 0.317418 0.181661 0.494118 0.494118 0.52549
v -0.0119657 0.316582 0.181661 0.494118 0.494118 0.52549
v -0.0119074 0.315748 0.181661 0.494118 0.494118 0.52549
v -0.011791 0.314921 0.181661 0.494118 0.494118 0.52549
v -0.0116173 0.314103 0.181661 0.494118 0.494118 0.52549
v -0.0113869 0.3133 0.181661 0.494118 0.494118 0.52549
v -0.0111011 0.312515 0.181661 0.494118 0.494118 0.52549
v -0.0107612 0.311751 0.181661 0.494118 0.494118 0.52549
v -0.0103689 0.311014 0.181661 0.494118 0.494118 0.52549
v -0.00992602 0.310305 0.181661 0.494118 0.494118 0.52549
v -0.00943481 0.309629 0.181661 0.494118 0.494118 0.52549
v -0.00889763 0.308989 0.181661 0.494118 0.494118 0.52549
v -0.00831711 0.308387 0.181661 0.494118 0.494118 0.52549
v -0.00769606 0.307828 0.181661 0.494118 0.494118 0.52549
v -0.00703752 0.307314 0.181661 0.494118 0.494118 0.52549
v -0.00634469 0.306846 0.181661 0.494118 0.494118 0.52549
v -0.00562096 0.306429 0.181661 0.494118 0.494118 0.52549
v -0.00486984 0.306062 0.181661 0.494118 0.494118 0.52549
v -0.00409499 0.305749 0.181661 0.494118 0.494118 0.52549
v -0.00330019 0.305491 0.181661 0.494118 0.494118 0.52549
v -0.00248932 0.305289 0.181661 0.494118 0.494118 0.52549
v -0.00166631 0.305144 0.181661 0.494118 0.494118 0.52549
v -0.00083519 0.305056 0.181661 0.494118 0.494118 0.52549
v 2.65853e-18 0.305027 0.181661 0.494118 0.494118 0.52549
v 0.00083519 0.305056 0.181661 0.494118 0.494118 0.52549
v 0.00166631 0.305144 0.181661 0.494118 0.494118 0.52549
v 0.00248932 0.305289 0.181661 0.494118 0.494118 0.52549
v 0.00330019 0.305491 0.181661 0.494118 0.494118 0.52549
v 0.00409499 0.305749 0.181661 0.494118 0.494118 0.52549
v 0.00486984 0.306062 0.181661 0.494118 0.494118 0.52549
v 0.00562096 0.306429 0.181661 0.494118 0.494118 0.52549
v 0.00634469 0.306846 0.181661 0.494118 0.494118 0.52549
v 0.00703752 0.307314 0.181661 0.494118 0.494118 0.52549
v 0.00769606 0.307828 0.181661 0.494118 0.494118 0.52549
v 0.00831711 0.308387 0.181661 0.494118 0.494118 0.52549
v 0.00889763 0.308989 0.181661 0.494118 0.494118 0.52549
v 0.00943481 0.309629 0.181661 0.494118 0.494118 0.52549
v 0.00992602 0.310305 0.181661 0.494118 0.494118 0.52549
v 0.0103689 0.311014 0.181661 0.494118 0.494118 0.52549
v 0.0107612 0.311751 0.181661 0.494118 0.494118 0.52549
v 0.0111011 0.312515 0.181661 0.494118 0.494118 0.52549
v 0.0113869 0.3133 0.181661 0.494118 0.494118 0.52549
v 0.0116173 0.314103 0.181661 0.494118 0.494118 0.52549
v 0.011791 0.314921 0.181661 0.494118 0.494118 0.52549
v 0.0119074 0.315748 0.181661 0.494118 0.494118 0.52549
v 0.0119657 0.316582 0.181661 0.494118 0.494118 0.52549
v 0.0119657 0.317418 0.181661 0.494118 0.494118 0.52549
v 0.0119074 0.318252 0.181661 0.494118 0.494118 0.52549
v 0.011791 0.319079 0.181661 0.494118 0.494118 0.52549
v 0.0116173 0.319897 0.181661 0.494118 0.494118 0.52549
v 0.0113869 0.3207 0.181661 0.494118 0.494118 0.52549
v 0.0111011 0.321485 0.181661 0.494118 0.494118 0.52549
v 0.0107612 0.322249 0.181661 0.494118 0.494118 0.52549
v 0.0103689 0.322986 0.181661 0.494118 0.494118 0.52549
v 0.00992602 0.323695 0.181661 0.494118 0.494118 0.52549
v 0.00943481 0.324371 0.181661 0.494118 0.494118 0.52549
v 0.00889763 0.325011 0.181661 0.494118 0.494118 0.52549
v 0.00831711 0.325613 0.181661 0.494118 0.494118 0.52549
v 0.00769606 0.326172 0.181661 0.494118 0.494118 0.52549
v 0.00703752 0.326686 0.181661 0.494118 0.494118 0.52549
v 0.00634469 0.327154 0.181661 0.494118 0.494118 0.52549
v 0.00562096 0.327571 0.181661 0.494118 0.494118 0.52549
v 0.00486984 0.327938 0.181661 0.494118 0.494118 0.52549
v 0.00409499 0.328251 0.181661 0.494118 0.494118 0.52549
v 0.00330019 0.328509 0.181661 0.494118 0.494118 0.52549
v 0.00248932 0.328711 0.181661 0.494118 0.494118 0.52549
v 0.00166631 0.328856 0.181661 0.494118 0.494118 0.52549
v 0.00083519 0.328944 0.181661 0.494118 0.494118 0.52549
v 0 0.328854 0.182467 0.494118 0.494118 0.52549
v -0.000826868 0.328825 0.182467 0.494118 0.494118 0.52549
v -0.00164971 0.328738 0.182467 0.494118 0.494118 0.52549
v -0.00246451 0.328595 0.182467 0.494118 0.494118 0.52549
v -0.0032673 0.328394 0.182467 0.494118 0.494118 0.52549
v -0.00405418 0.328139 0.182467 0.494118 0.494118 0.52549
v -0.00482131 0.327829 0.182467 0.494118 0.494118 0.52549
v -0.00556494 0.327466 0.182467 0.494118 0.494118 0.52549
v -0.00628147 0.327052 0.182467 0.494118 0.494118 0.52549
v -0.00696739 0.32659 0.182467 0.494118 0.494118 0.52549
v -0.00761937 0.32608 0.182467 0.494118 0.494118 0.52549
v -0.00823423 0.325527 0.182467 0.494118 0.494118 0.52549
v -0.00880897 0.324932 0.182467 0.494118 0.494118 0.52549
v -0.00934079 0.324298 0.182467 0.494118 0.494118 0.52549
v -0.00982711 0.323628 0.182467 0.494118 0.494118 0.52549
v -0.0102655 0.322927 0.182467 0.494118 0.494118 0.52549
v -0.010654 0.322196 0.182467 0.494118 0.494118 0.52549
v -0.0109905 0.32144 0.182467 0.494118 0.494118 0.52549
v -0.0112735 0.320663 0.182467 0.494118 0.494118 0.52549
v -0.0115015 0.319868 0.182467 0.494118 0.494118 0.52549
v -0.0116736 0.319058 0.182467 0.494118 0.494118 0.52549
v -0.0117887 0.318239 0.182467 0.494118 0.494118 0.52549
v -0.0118464 0.317414 0.182467 0.494118 0.494118 0.52549
v -0.0118464 0.316586 0.182467 0.494118 0.494118 0.52549
v -0.0117887 0.315761 0.182467 0.494118 0.494118 0.52549
v -0.0116736 0.314942 0.182467 0.494118 0.494118 0.52549
v -0.0115015 0.314132 0.182467 0.494118 0.494118 0.52549
v -0.0112735 0.313337 0.182467 0.494118 0.494118 0.52549
v -0.0109905 0.31256 0.182467 0.494118 0.494118 0.52549
v -0.010654 0.311804 0.182467 0.494118 0.494118 0.52549
v -0.0102655 0.311073 0.182467 0.494118 0.494118 0.52549
v -0.00982711 0.310372 0.182467 0.494118 0.494118 0.52549
v -0.00934079 0.309702 0.182467 0.494118 0.494118 0.52549
v -0.00880897 0.309068 0.182467 0.494118 0.494118 0.52549
v -0.00823423 0.308473 0.182467 0.494118 0.494118 0.52549
v -0.00761937 0.30792 0.182467 0.494118 0.494118 0.52549
v -0.00696739 0.30741 0.182467 0.494118 0.494118 0.52549
v -0.00628147 0.306948 0.182467 0.494118 0.494118 0.52549
v -0.00556494 0.306534 0.182467 0.494118 0.494118 0.52549
v -0.00482131 0.306171 0.182467 0.494118 0.494118 0.52549
v -0.00405418 0.305861 0.182467 0.494118 0.494118 0.52549
v -0.0032673 0.305606 0.182467 0.494118 0.494118 0.52549
v -0.00246451 0.305405 0.182467 0.494118 0.494118 0.52549
v -0.00164971 0.305262 0.182467 0.494118 0.494118 0.52549
v -0.000826868 0.305175 0.182467 0.494118 0.494118 0.52549
v 2.63204e-18 0.305146 0.182467 0.494118 0.494118 0.52549
v 0.000826868 0.305175 0.182467 0.494118 0.494118 0.52549
v 0.00164971 0.305262 0.182467 0.494118 0.494118 0.52549
v 0.00246451 0.305405 0.182467 0.494118 0.494118 0.52549
v 0.0032673 0.305606 0.182467 0.494118 0.494118 0.52549
v 0.00405418 0.305861 0.182467 0.494118 0.494118 0.52549
v 0.00482131 0.306171 0.182467 0.494118 0.494118 0.52549
v 0.00556494 0.306534 0.182467 0.494118 0.494118 0.52549
v 0.00628147 0.306948 0.182467 0.494118 0.494118 0.52549
v 0.00696739 0.30741 0.182467 0.494118 0.494118 0.52549
v 0.00761937 0.30792 0.182467 0.494118 0.494118 0.52549
v 0.00823423 0.308473 0.182467 0.494118 0.494118 0.52549
v 0.00880897 0.309068 0.182467 0.494118 0.494118 0.52549
v 0.00934079 0.309702 0.182467 0.494118 0.494118 0.52549
v 0.00982711 0.310372 0.182467 0.494118 0.494118 0.52549
v 0.0102655 0.311073 0.182467 0.494118 0.494118 0.52549
v 0.010654 0.311804 0.182467 0.494118 0.494118 0.52549
v 0.0109905 0.31256 0.182467 0.494118 0.494118 0.52549
v 0.0112735 0.313337 0.182467 0.494118 0.494118 0.52549
v 0.0115015 0.314132 0.182467 0.494118 0.494118 0.52549
v 0.0116736 0.314942 0.182467 0.494118 0.494118 0.52549
v 0.0117887 0.315761 0.182467 0.494118 0.494118 0.52549
v 0.0118464 0.316586 0.182467 0.494118 0.494118 0.52549
v 0.0118464 0.317414 0.182467 0.494118 0.494118 0.52549
v 0.0117887 0.318239 0.182467 0.494118 0.494118 0.52549
v 0.0116736 0.319058 0.182467 0.494118 0.494118 0.52549
v 0.0115015 0.319868 0.182467 0.494118 0.494118 0.52549
v 0.0112735 0.320663 0.182467 0.494118 0.494118 0.52549
v 0.0109905 0.32144 0.182467 0.494118 0.494118 0.52549
v 0.010654 0.322196 0.182467 0.494118 0.494118 0.52549
v 0.0102655 0.322927 0.182467 0.494118 0.494118 0.52549
v 0.00982711 0.323628 0.182467 0.494118 0.494118 0.52549
v 0.00934079 0.324298 0.182467 0.494118 0.494118 0.52549
v 0.00880897 0.324932 0.182467 0.494118 0.494118 0.52549
v 0.00823423 0.325527 0.182467 0.494118 0.494118 0.52549
v 0.00761937 0.32608 0.182467 0.494118 0.494118 0.52549
v 0.00696739 0.32659 0.182467 0.494118 0.494118 0.52549
v 0.00628147 0.327052 0.182467 0.494118 0.494118 0.52549
v 0.00556494 0.327466 0.182467 0.494118 0.494118 0.52549
v 0.00482131 0.327829 0.182467 0.494118 0.494118 0.52549
v 0.00405418 0.328139 0.182467 0.494118 0.494118 0.52549
v 0.0032673 0.328394 0.182467 0.494118 0.494118 0.52549
v 0.00246451 0.328595 0.182467 0.494118 0.494118 0.52549
v 0.00164971 0.328738 0.182467 0.494118 0.494118 0.52549
v 0.000826868 0.328825 0.182467 0.494118 0.494118 0.52549
v 0 0.32868 0.183263 0.494118 0.494118 0.52549
v -0.000814765 0.328652 0.183263 0.494118 0.494118 0.52549
v -0.00162556 0.328566 0.183263 0.494118 0.494118 0.52549
v -0.00242844 0.328425 0.183263 0.494118 0.494118 0.52549
v -0.00321948 0.328228 0.183263 0.494118 0.494118 0.52549
v -0.00399484 0.327976 0.183263 0.494118 0.494118 0.52549
v -0.00475074 0.32767 0.183263 0.494118 0.494118 0.52549
v -0.00548349 0.327313 0.183263 0.494118 0.494118 0.52549
v -0.00618953 0.326905 0.183263 0.494118 0.494118 0.52549
v -0.00686541 0.326449 0.183263 0.494118 0.494118 0.52549
v -0.00750784 0.325947 0.183263 0.494118 0.494118 0.52549
v -0.0081137 0.325402 0.183263 0.494118 0.494118 0.52549
v -0.00868003 0.324816 0.183263 0.494118 0.494118 0.52549
v -0.00920407 0.324191 0.183263 0.494118 0.494118 0.52549
v -0.00968327 0.323531 0.183263 0.494118 0.494118 0.52549
v -0.0101153 0.32284 0.183263 0.494118 0.494118 0.52549
v -0.010498 0.32212 0.183263 0.494118 0.494118 0.52549
v -0.0108296 0.321375 0.183263 0.494118 0.494118 0.52549
v -0.0111085 0.320609 0.183263 0.494118 0.494118 0.52549
v -0.0113332 0.319826 0.183263 0.494118 0.494118 0.52549
v -0.0115027 0.319028 0.183263 0.494118 0.494118 0.52549
v -0.0116161 0.318221 0.183263 0.494118 0.494118 0.52549
v -0.011673 0.317408 0.183263 0.494118 0.494118 0.52549
v -0.011673 0.316592 0.183263 0.494118 0.494118 0.52549
v -0.0116161 0.315779 0.183263 0.494118 0.494118 0.52549
v -0.0115027 0.314972 0.183263 0.494118 0.494118 0.52549
v -0.0113332 0.314174 0.183263 0.494118 0.494118 0.52549
v -0.0111085 0.313391 0.183263 0.494118 0.494118 0.52549
v -0.0108296 0.312625 0.183263 0.494118 0.494118 0.52549
v -0.010498 0.31188 0.183263 0.494118 0.494118 0.52549
v -0.0101153 0.31116 0.183263 0.494118 0.494118 0.52549
v -0.00968327 0.310469 0.183263 0.494118 0.494118 0.52549
v -0.00920407 0.309809 0.183263 0.494118 0.494118 0.52549
v -0.00868003 0.309184 0.183263 0.494118 0.494118 0.52549
v -0.0081137 0.308598 0.183263 0.494118 0.494118 0.52549
v -0.00750784 0.308053 0.183263 0.494118 0.494118 0.52549
v -0.00686541 0.307551 0.183263 0.494118 0.494118 0.52549
v -0.00618953 0.307095 0.183263 0.494118 0.494118 0.52549
v -0.00548349 0.306687 0.183263 0.494118 0.494118 0.52549
v -0.00475074 0.30633 0.183263 0.494118 0.494118 0.52549
v -0.00399484 0.306024 0.183263 0.494118 0.494118 0.52549
v -0.00321948 0.305772 0.183263 0.494118 0.494118 0.52549
v -0.00242844 0.305575 0.183263 0.494118 0.494118 0.52549
v -0.00162556 0.305434 0.183263 0.494118 0.494118 0.52549
v -0.000814765 0.305348 0.183263 0.494118 0.494118 0.52549
v 2.59351e-18 0.30532 0.183263 0.494118 0.494118 0.52549
v 0.000814765 0.305348 0.183263 0.494118 0.494118 0.52549
v 0.00162556 0.305434 0.183263 0.494118 0.494118 0.52549
v 0.00242844 0.305575 0.183263 0.494118 0.494118 0.52549
v 0.00321948 0.305772 0.183263 0.494118 0.494118 0.52549
v 0.00399484 0.306024 0.183263 0.494118 0.494118 0.52549
v 0.00475074 0.30633 0.183263 0.494118 0.494118 0.52549
v 0.00548349 0.306687 0.183263 0.494118 0.494118 0.52549
v 0.00618953 0.307095 0.183263 0.494118 0.494118 0.52549
v 0.00686541 0.307551 0.183263 0.494118 0.494118 0.52549
v 0.00750784 0.308053 0.183263 0.494118 0.494118 0.52549
v 0.0081137 0.308598 0.183263 0.494118 0.494118 0.52549
v 0.00868003 0.309184 0.183263 0.494118 0.494118 0.52549
v 0.00920407 0.309809 0.183263 0.494118 0.494118 0.52549
v 0.00968327 0.310469 0.183263 0.494118 0.494118 0.52549
v 0.0101153 0.31116 0.183263 0.494118 0.494118 0.52549
v 0.010498 0.31188 0.183263 0.494118 0.494118 0.52549
v 0.0108296 0.312625 0.183263 0.494118 0.494118 0.52549
v 0.0111085 0.313391 0.183263 0.494118 0.494118 0.52549
v 0.0113332 0.314174 0.183263 0.494118 0.494118 0.52549
v 0.0115027 0.314972 0.183263 0.494118 0.494118 0.52549
v 0.0116161 0.315779 0.183263 0.494118 0.494118 0.52549
v 0.011673 0.316592 0.183263 0.494118 0.494118 0.52549
v 0.011673 0.317408 0.183263 0.494118 0.494118 0.52549
v 0.0116161 0.318221 0.183263 0.494118 0.494118 0.52549
v 0.0115027 0.319028 0.183263 0.494118 0.494118 0.52549
v 0.0113332 0.319826 0.183263 0.494118 0.494118 0.52549
v 0.0111085 0.320609 0.183263 0.494118 0.494118 0.52549
v 0.0108296 0.321375 0.183263 0.494118 0.494118 0.52549
v 0.010498 0.32212 0.183263 0.494118 0.494118 0.52549
v 0.0101153 0.32284 0.183263 0.494118 0.494118 0.52549
v 0.00968327 0.323531 0.183263 0.494118 0.494118 0.52549
v 0.00920407 0.324191 0.183263 0.494118 0.494118 0.52549
v 0.00868003 0.324816 0.183263 0.494118 0.494118 0.52549
v 0.0081137 0.325402 0.183263 0.494118 0.494118 0.52549
v 0.00750784 0.325947 0.183263 0.494118 0.494118 0.52549
v 0.00686541 0.326449 0.183263 0.494118 0.494118 0.52549
v 0.00618953 0.326905 0.183263 0.494118 0.494118 0.52549
v 0.00548349 0.327313 0.183263 0.494118 0.494118 0.52549
v 0.00475074 0.32767 0.183263 0.494118 0.494118 0.52549
v 0.00399484 0.327976 0.183263 0.494118 0.494118 0.52549
v 0.00321948 0.328228 0.183263 0.494118 0.494118 0.52549
v 0.00242844 0.328425 0.183263 0.494118 0.494118 0.52549
v 0.00162556 0.328566 0.183263 0.494118 0.494118 0.52549
v 0.000814765 0.328652 0.183263 0.494118 0.494118 0.52549
v 0 0.328453 0.184045 0.494118 0.494118 0.52549
v -0.000798937 0.328425 0.184045 0.494118 0.494118 0.52549
v -0.00159398 0.328342 0.184045 0.494118 0.494118 0.52549
v -0.00238126 0.328203 0.184045 0.494118 0.494118 0.52549
v -0.00315694 0.32801 0.184045 0.494118 0.494118 0.52549
v -0.00391723 0.327763 0.184045 0.494118 0.494118 0.52549
v -0.00465845 0.327463 0.184045 0.494118 0.494118 0.52549
v -0.00537696 0.327113 0.184045 0.494118 0.494118 0.52549
v -0.00606929 0.326713 0.184045 0.494118 0.494118 0.52549
v -0.00673204 0.326266 0.184045 0.494118 0.494118 0.52549
v -0.00736199 0.325774 0.184045 0.494118 0.494118 0.52549
v -0.00795608 0.325239 0.184045 0.494118 0.494118 0.52549
v -0.00851141 0.324664 0.184045 0.494118 0.494118 0.52549
v -0.00902527 0.324051 0.184045 0.494118 0.494118 0.52549
v -0.00949516 0.323405 0.184045 0.494118 0.494118 0.52549
v -0.00991879 0.322727 0.184045 0.494118 0.494118 0.52549
v -0.0102941 0.322021 0.184045 0.494118 0.494118 0.52549
v -0.0106192 0.32129 0.184045 0.494118 0.494118 0.52549
v -0.0108927 0.320539 0.184045 0.494118 0.494118 0.52549
v -0.011113 0.319771 0.184045 0.494118 0.494118 0.52549
v -0.0112792 0.318989 0.184045 0.494118 0.494118 0.52549
v -0.0113905 0.318197 0.184045 0.494118 0.494118 0.52549
v -0.0114463 0.3174 0.184045 0.494118 0.494118 0.52549
v -0.0114463 0.3166 0.184045 0.494118 0.494118 0.52549
v -0.0113905 0.315803 0.184045 0.494118 0.494118 0.52549
v -0.0112792 0.315011 0.184045 0.494118 0.494118 0.52549
v -0.011113 0.314229 0.184045 0.494118 0.494118 0.52549
v -0.0108927 0.313461 0.184045 0.494118 0.494118 0.52549
v -0.0106192 0.31271 0.184045 0.494118 0.494118 0.52549
v -0.0102941 0.311979 0.184045 0.494118 0.494118 0.52549
v -0.00991879 0.311273 0.184045 0.494118 0.494118 0.52549
v -0.00949516 0.310595 0.184045 0.494118 0.494118 0.52549
v -0.00902527 0.309949 0.184045 0.494118 0.494118 0.52549
v -0.00851141 0.309336 0.184045 0.494118 0.494118 0.52549
v -0.00795608 0.308761 0.184045 0.494118 0.494118 0.52549
v -0.00736199 0.308226 0.184045 0.494118 0.494118 0.52549
v -0.00673204 0.307734 0.184045 0.494118 0.494118 0.52549
v -0.00606929 0.307287 0.184045 0.494118 0.494118 0.52549
v -0.00537696 0.306887 0.184045 0.494118 0.494118 0.52549
v -0.00465845 0.306537 0.184045 0.494118 0.494118 0.52549
v -0.00391723 0.306237 0.184045 0.494118 0.494118 0.52549
v -0.00315694 0.30599 0.184045 0.494118 0.494118 0.52549
v -0.00238126 0.305797 0.184045 0.494118 0.494118 0.52549
v -0.00159398 0.305658 0.184045 0.494118 0.494118 0.52549
v -0.000798937 0.305575 0.184045 0.494118 0.494118 0.52549
v 2.54313e-18 0.305547 0.184045 0.494118 0.494118 0.52549
v 0.000798937 0.305575 0.184045 0.494118 0.494118 0.52549
v 0.00159398 0.305658 0.184045 0.494118 0.494118 0.52549
v 0.00238126 0.305797 0.184045 0.494118 0.494118 0.52549
v 0.00315694 0.30599 0.184045 0.494118 0.494118 0.52549
v 0.00391723 0.306237 0.184045 0.494118 0.494118 0.52549
v 0.00465845 0.306537 0.184045 0.494118 0.494118 0.52549
v 0.00537696 0.306887 0.184045 0.494118 0.494118 0.52549
v 0.00606929 0.307287 0.184045 0.494118 0.494118 0.52549
v 0.00673204 0.307734 0.184045 0.494118 0.494118 0.52549
v 0.00736199 0.308226 0.184045 0.494118 0.494118 0.52549
v 0.00795608 0.308761 0.184045 0.494118 0.494118 0.52549
v 0.00851141 0.309336 0.184045 0.494118 0.494118 0.52549
v 0.00902527 0.309949 0.184045 0.494118 0.494118 0.52549
v 0.00949516 0.310595 0.184045 0.494118 0.494118 0.52549
v 0.00991879 0.311273 0.184045 0.494118 0.494118 0.52549
v 0.0102941 0.311979 0.184045 0.494118 0.494118 0.52549
v 0.0106192 0.31271 0.184045 0.494118 0.494118 0.52549
v 0.0108927 0.313461 0.184045 0.494118 0.494118 0.52549
v 0.011113 0.314229 0.184045 0.494118 0.494118 0.52549
v 0.0112792 0.315011 0.184045 0.494118 0.494118 0.52549
v 0.0113905 0.315803 0.184045 0.494118 0.494118 0.52549
v 0.0114463 0.3166 0.184045 0.494118 0.494118 0.52549
v 0.0114463 0.3174 0.184045 0.494118 0.494118 0.52549
v 0.0113905 0.318197 0.184045 0.494118 0.494118 0.52549
v 0.0112792 0.318989 0.184045 0.494118 0.494118 0.52549
v 0.011113 0.319771 0.184045 0.494118 0.494118 0.52549
v 0.0108927 0.320539 0.184045 0.494118 0.494118 0.52549
v 0.0106192 0.32129 0.184045 0.494118 0.494118 0.52549
v 0.0102941 0.322021 0.184045 0.494118 0.494118 0.52549
v 0.00991879 0.322727 0.184045 0.494118 0.494118 0.52549
v 0.00949516 0.323405 0.184045 0.494118 0.494118 0.52549
v 0.00902527 0.324051 0.184045 0.494118 0.494118 0.52549
v 0.00851141 0.324664 0.184045 0.494118 0.494118 0.52549
v 0.00795608 0.325239 0.184045 0.494118 0.494118 0.52549
v 0.00736199 0.325774 0.184045 0.494118 0.494118 0.52549
v 0.00673204 0.326266 0.184045 0.494118 0.494118 0.52549
v 0.00606929 0.326713 0.184045 0.494118 0.494118 0.52549
v 0.00537696 0.327113 0.184045 0.494118 0.494118 0.52549
v 0.00465845 0.327463 0.184045 0.494118 0.494118 0.52549
v 0.00391723 0.327763 0.184045 0.494118 0.494118 0.52549
v 0.00315694 0.32801 0.184045 0.494118 0.494118 0.52549
v 0.00238126 0.328203 0.184045 0.494118 0.494118 0.52549
v 0.00159398 0.328342 0.184045 0.494118 0.494118 0.52549
v 0.000798937 0.328425 0.184045 0.494118 0.494118 0.52549
v 0 0.328174 0.184811 0.494118 0.494118 0.52549
v -0.000779456 0.328147 0.184811 0.494118 0.494118 0.52549
v -0.00155512 0.328065 0.184811 0.494118 0.494118 0.52549
v -0.0023232 0.32793 0.184811 0.494118 0.494118 0.52549
v -0.00307996 0.327741 0.184811 0.494118 0.494118 0.52549
v -0.00382172 0.3275 0.184811 0.494118 0.494118 0.52549
v -0.00454486 0.327208 0.184811 0.494118 0.494118 0.52549
v -0.00524586 0.326866 0.184811 0.494118 0.494118 0.52549
v -0.0059213 0.326476 0.184811 0.494118 0.494118 0.52549
v -0.00656789 0.32604 0.184811 0.494118 0.494118 0.52549
v -0.00718248 0.32556 0.184811 0.494118 0.494118 0.52549
v -0.00776209 0.325038 0.184811 0.494118 0.494118 0.52549
v -0.00830387 0.324477 0.184811 0.494118 0.494118 0.52549
v -0.0088052 0.323879 0.184811 0.494118 0.494118 0.52549
v -0.00926363 0.323248 0.184811 0.494118 0.494118 0.52549
v -0.00967694 0.322587 0.184811 0.494118 0.494118 0.52549
v -0.0100431 0.321898 0.184811 0.494118 0.494118 0.52549
v -0.0103603 0.321186 0.184811 0.494118 0.494118 0.52549
v -0.0106271 0.320453 0.184811 0.494118 0.494118 0.52549
v -0.010842 0.319703 0.184811 0.494118 0.494118 0.52549
v -0.0110042 0.31894 0.184811 0.494118 0.494118 0.52549
v -0.0111128 0.318168 0.184811 0.494118 0.494118 0.52549
v -0.0111672 0.31739 0.184811 0.494118 0.494118 0.52549
v -0.0111672 0.31661 0.184811 0.494118 0.494118 0.52549
v -0.0111128 0.315832 0.184811 0.494118 0.494118 0.52549
v -0.0110042 0.31506 0.184811 0.494118 0.494118 0.52549
v -0.010842 0.314297 0.184811 0.494118 0.494118 0.52549
v -0.0106271 0.313547 0.184811 0.494118 0.494118 0.52549
v -0.0103603 0.312814 0.184811 0.494118 0.494118 0.52549
v -0.0100431 0.312102 0.184811 0.494118 0.494118 0.52549
v -0.00967694 0.311413 0.184811 0.494118 0.494118 0.52549
v -0.00926363 0.310752 0.184811 0.494118 0.494118 0.52549
v -0.0088052 0.310121 0.184811 0.494118 0.494118 0.52549
v -0.00830387 0.309523 0.184811 0.494118 0.494118 0.52549
v -0.00776209 0.308962 0.184811 0.494118 0.494118 0.52549
v -0.00718248 0.30844 0.184811 0.494118 0.494118 0.52549
v -0.00656789 0.30796 0.184811 0.494118 0.494118 0.52549
v -0.0059213 0.307524 0.184811 0.494118 0.494118 0.52549
v -0.00524586 0.307134 0.184811 0.494118 0.494118 0.52549
v -0.00454486 0.306792 0.184811 0.494118 0.494118 0.52549
v -0.00382172 0.3065 0.184811 0.494118 0.494118 0.52549
v -0.00307996 0.306259 0.184811 0.494118 0.494118 0.52549
v -0.0023232 0.30607 0.184811 0.494118 0.494118 0.52549
v -0.00155512 0.305935 0.184811 0.494118 0.494118 0.52549
v -0.000779456 0.305853 0.184811 0.494118 0.494118 0.52549
v 2.48112e-18 0.305826 0.184811 0.494118 0.494118 0.52549
v 0.000779456 0.305853 0.184811 0.494118 0.494118 0.52549
v 0.00155512 0.305935 0.184811 0.494118 0.494118 0.52549
v 0.0023232 0.30607 0.184811 0.494118 0.494118 0.52549
v 0.00307996 0.306259 0.184811 0.494118 0.494118 0.52549
v 0.00382172 0.3065 0.184811 0.494118 0.494118 0.52549
v 0.00454486 0.306792 0.184811 0.494118 0.494118 0.52549
v 0.00524586 0.307134 0.184811 0.494118 0.494118 0.52549
v 0.0059213 0.307524 0.184811 0.494118 0.494118 0.52549
v 0.00656789 0.30796 0.184811 0.494118 0.494118 0.52549
v 0.00718248 0.30844 0.184811 0.494118 0.494118 0.52549
v 0.00776209 0.308962 0.184811 0.494118 0.494118 0.52549
v 0.00830387 0.309523 0.184811 0.494118 0.494118 0.52549
v 0.0088052 0.310121 0.184811 0.494118 0.494118 0.52549
v 0.00926363 0.310752 0.184811 0.494118 0.494118 0.52549
v 0.00967694 0.311413 0.184811 0.494118 0.494118 0.52549
v 0.0100431 0.312102 0.184811 0.494118 0.494118 0.52549
v 0.0103603 0.312814 0.184811 0.494118 0.494118 0.52549
v 0.0106271 0.313547 0.184811 0.494118 0.494118 0.52549
v 0.010842 0.314297 0.184811 0.494118 0.494118 0.52549
v 0.0110042 0.31506 0.184811 0.494118 0.494118 0.52549
v 0.0111128 0.315832 0.184811 0.494118 0.494118 0.52549
v 0.0111672 0.31661 0.184811 0.494118 0.494118 0.52549
v 0.0111672 0.31739 0.184811 0.494118 0.494118 0.52549
v 0.0111128 0.318168 0.184811 0.494118 0.494118 0.52549
v 0.0110042 0.31894 0.184811 0.494118 0.494118 0.52549
v 0.010842 0.319703 0.184811 0.494118 0.494118 0.52549
v 0.0106271 0.320453 0.184811 0.494118 0.494118 0.52549
v 0.0103603 0.321186 0.184811 0.494118 0.494118 0.52549
v 0.0100431 0.321898 0.184811 0.494118 0.494118 0.52549
v 0.00967694 0.322587 0.184811 0.494118 0.494118 0.52549
v 0.00926363 0.323248 0.184811 0.494118 0.494118 0.52549
v 0.0088052 0.323879 0.184811 0.494118 0.494118 0.52549
v 0.00830387 0.324477 0.184811 0.494118 0.494118 0.52549
v 0.00776209 0.325038 0.184811 0.494118 0.494118 0.52549
v 0.00718248 0.32556 0.184811 0.494118 0.494118 0.52549
v 0.00656789 0.32604 0.184811 0.494118 0.494118 0.52549
v 0.0059213 0.326476 0.184811 0.494118 0.494118 0.52549
v 0.00524586 0.326866 0.184811 0.494118 0.494118 0.52549
v 0.00454486 0.327208 0.184811 0.494118 0.494118 0.52549
v 0.00382172 0.3275 0.184811 0.494118 0.494118 0.52549
v 0.00307996 0.327741 0.184811 0.494118 0.494118 0.52549
v 0.0023232 0.32793 0.184811 0.494118 0.494118 0.52549
v 0.00155512 0.328065 0.184811 0.494118 0.494118 0.52549
v 0.000779456 0.328147 0.184811 0.494118 0.494118 0.52549
v 0 0.327844 0.185555 0.494118 0.494118 0.52549
v -0.000756412 0.327817 0.185555 0.494118 0.494118 0.52549
v -0.00150914 0.327738 0.185555 0.494118 0.494118 0.52549
v -0.00225451 0.327607 0.185555 0.494118 0.494118 0.52549
v -0.0029889 0.327424 0.185555 0.494118 0.494118 0.52549
v -0.00370873 0.32719 0.185555 0.494118 0.494118 0.52549
v -0.00441049 0.326906 0.185555 0.494118 0.494118 0.52549
v -0.00509077 0.326574 0.185555 0.494118 0.494118 0.52549
v -0.00574624 0.326196 0.185555 0.494118 0.494118 0.52549
v -0.00637372 0.325773 0.185555 0.494118 0.494118 0.52549
v -0.00697014 0.325307 0.185555 0.494118 0.494118 0.52549
v -0.00753261 0.3248 0.185555 0.494118 0.494118 0.52549
v -0.00805837 0.324256 0.185555 0.494118 0.494118 0.52549
v -0.00854488 0.323676 0.185555 0.494118 0.494118 0.52549
v -0.00898976 0.323064 0.185555 0.494118 0.494118 0.52549
v -0.00939084 0.322422 0.185555 0.494118 0.494118 0.52549
v -0.00974617 0.321754 0.185555 0.494118 0.494118 0.52549
v -0.010054 0.321062 0.185555 0.494118 0.494118 0.52549
v -0.0103129 0.320351 0.185555 0.494118 0.494118 0.52549
v -0.0105215 0.319623 0.185555 0.494118 0.494118 0.52549
v -0.0106789 0.318883 0.185555 0.494118 0.494118 0.52549
v -0.0107842 0.318133 0.185555 0.494118 0.494118 0.52549
v -0.010837 0.317378 0.185555 0.494118 0.494118 0.52549
v -0.010837 0.316622 0.185555 0.494118 0.494118 0.52549
v -0.0107842 0.315867 0.185555 0.494118 0.494118 0.52549
v -0.0106789 0.315117 0.185555 0.494118 0.494118 0.52549
v -0.0105215 0.314377 0.185555 0.494118 0.494118 0.52549
v -0.0103129 0.313649 0.185555 0.494118 0.494118 0.52549
v -0.010054 0.312938 0.185555 0.494118 0.494118 0.52549
v -0.00974617 0.312246 0.185555 0.494118 0.494118 0.52549
v -0.00939084 0.311578 0.185555 0.494118 0.494118 0.52549
v -0.00898976 0.310936 0.185555 0.494118 0.494118 0.52549
v -0.00854488 0.310324 0.185555 0.494118 0.494118 0.52549
v -0.00805837 0.309744 0.185555 0.494118 0.494118 0.52549
v -0.00753261 0.3092 0.185555 0.494118 0.494118 0.52549
v -0.00697014 0.308693 0.185555 0.494118 0.494118 0.52549
v -0.00637372 0.308227 0.185555 0.494118 0.494118 0.52549
v -0.00574624 0.307804 0.185555 0.494118 0.494118 0.52549
v -0.00509077 0.307426 0.185555 0.494118 0.494118 0.52549
v -0.00441049 0.307094 0.185555 0.494118 0.494118 0.52549
v -0.00370873 0.30681 0.185555 0.494118 0.494118 0.52549
v -0.0029889 0.306576 0.185555 0.494118 0.494118 0.52549
v -0.00225451 0.306393 0.185555 0.494118 0.494118 0.52549
v -0.00150914 0.306262 0.185555 0.494118 0.494118 0.52549
v -0.000756412 0.306183 0.185555 0.494118 0.494118 0.52549
v 2.40777e-18 0.306156 0.185555 0.494118 0.494118 0.52549
v 0.000756412 0.306183 0.185555 0.494118 0.494118 0.52549
v 0.00150914 0.306262 0.185555 0.494118 0.494118 0.52549
v 0.00225451 0.306393 0.185555 0.494118 0.494118 0.52549
v 0.0029889 0.306576 0.185555 0.494118 0.494118 0.52549
v 0.00370873 0.30681 0.185555 0.494118 0.494118 0.52549
v 0.00441049 0.307094 0.185555 0.494118 0.494118 0.52549
v 0.00509077 0.307426 0.185555 0.494118 0.494118 0.52549
v 0.00574624 0.307804 0.185555 0.494118 0.494118 0.52549
v 0.00637372 0.308227 0.185555 0.494118 0.494118 0.52549
v 0.00697014 0.308693 0.185555 0.494118 0.494118 0.52549
v 0.00753261 0.3092 0.185555 0.494118 0.494118 0.52549
v 0.00805837 0.309744 0.185555 0.494118 0.494118 0.52549
v 0.00854488 0.310324 0.185555 0.494118 0.494118 0.52549
v 0.00898976 0.310936 0.185555 0.494118 0.494118 0.52549
v 0.00939084 0.311578 0.185555 0.494118 0.494118 0.52549
v 0.00974617 0.312246 0.185555 0.494118 0.494118 0.52549
v 0.010054 0.312938 0.185555 0.494118 0.494118 0.52549
v 0.0103129 0.313649 0.185555 0.494118 0.494118 0.52549
v 0.0105215 0.314377 0.185555 0.494118 0.494118 0.52549
v 0.0106789 0.315117 0.185555 0.494118 0.494118 0.52549
v 0.0107842 0.315867 0.185555 0.494118 0.494118 0.52549
v 0.010837 0.316622 0.185555 0.494118 0.494118 0.52549
v 0.010837 0.317378 0.185555 0.494118 0.494118 0.52549
v 0.0107842 0.318133 0.185555 0.494118 0.494118 0.52549
v 0.0106789 0.318883 0.185555 0.494118 0.494118 0.52549
v 0.0105215 0.319623 0.185555 0.494118 0.494118 0.52549
v 0.0103129 0.320351 0.185555 0.494118 0.494118 0.52549
v 0.010054 0.321062 0.185555 0.494118 0.494118 0.52549
v 0.00974617 0.321754 0.185555 0.494118 0.494118 0.52549
v 0.00939084 0.322422 0.185555 0.494118 0.494118 0.52549
v 0.00898976 0.323064 0.185555 0.494118 0.494118 0.52549
v 0.00854488 0.323676 0.185555 0.494118 0.494118 0.52549
v 0.00805837 0.324256 0.185555 0.494118 0.494118 0.52549
v 0.00753261 0.3248 0.185555 0.494118 0.494118 0.52549
v 0.00697014 0.325307 0.185555 0.494118 0.494118 0.52549
v 0.00637372 0.325773 0.185555 0.494118 0.494118 0.52549
v 0.00574624 0.326196 0.185555 0.494118 0.494118 0.52549
v 0.00509077 0.326574 0.185555 0.494118 0.494118 0.52549
v 0.00441049 0.326906 0.185555 0.494118 0.494118 0.52549
v 0.00370873 0.32719 0.185555 0.494118 0.494118 0.52549
v 0.0029889 0.327424 0.185555 0.494118 0.494118 0.52549
v 0.00225451 0.327607 0.185555 0.494118 0.494118 0.52549
v 0.00150914 0.327738 0.185555 0.494118 0.494118 0.52549
v 0.000756412 0.327817 0.185555 0.494118 0.494118 0.52549
v 0 0.327464 0.186276 0.494118 0.494118 0.52549
v -0.00072991 0.327438 0.186276 0.494118 0.494118 0.52549
v -0.00145626 0.327362 0.186276 0.494118 0.494118 0.52549
v -0.00217552 0.327235 0.186276 0.494118 0.494118 0.52549
v -0.00288418 0.327058 0.186276 0.494118 0.494118 0.52549
v -0.00357879 0.326833 0.186276 0.494118 0.494118 0.52549
v -0.00425597 0.326559 0.186276 0.494118 0.494118 0.52549
v -0.0049124 0.326239 0.186276 0.494118 0.494118 0.52549
v -0.00554491 0.325874 0.186276 0.494118 0.494118 0.52549
v -0.0061504 0.325465 0.186276 0.494118 0.494118 0.52549
v -0.00672593 0.325016 0.186276 0.494118 0.494118 0.52549
v -0.00726869 0.324527 0.186276 0.494118 0.494118 0.52549
v -0.00777604 0.324002 0.186276 0.494118 0.494118 0.52549
v -0.0082455 0.323442 0.186276 0.494118 0.494118 0.52549
v -0.00867479 0.322851 0.186276 0.494118 0.494118 0.52549
v -0.00906182 0.322232 0.186276 0.494118 0.494118 0.52549
v -0.0094047 0.321587 0.186276 0.494118 0.494118 0.52549
v -0.00970176 0.32092 0.186276 0.494118 0.494118 0.52549
v -0.00995156 0.320233 0.186276 0.494118 0.494118 0.52549
v -0.0101529 0.319531 0.186276 0.494118 0.494118 0.52549
v -0.0103047 0.318817 0.186276 0.494118 0.494118 0.52549
v -0.0104064 0.318094 0.186276 0.494118 0.494118 0.52549
v -0.0104573 0.317365 0.186276 0.494118 0.494118 0.52549
v -0.0104573 0.316635 0.186276 0.494118 0.494118 0.52549
v -0.0104064 0.315906 0.186276 0.494118 0.494118 0.52549
v -0.0103047 0.315183 0.186276 0.494118 0.494118 0.52549
v -0.0101529 0.314469 0.186276 0.494118 0.494118 0.52549
v -0.00995156 0.313767 0.186276 0.494118 0.494118 0.52549
v -0.00970176 0.31308 0.186276 0.494118 0.494118 0.52549
v -0.0094047 0.312413 0.186276 0.494118 0.494118 0.52549
v -0.00906182 0.311768 0.186276 0.494118 0.494118 0.52549
v -0.00867479 0.311149 0.186276 0.494118 0.494118 0.52549
v -0.0082455 0.310558 0.186276 0.494118 0.494118 0.52549
v -0.00777604 0.309998 0.186276 0.494118 0.494118 0.52549
v -0.00726869 0.309473 0.186276 0.494118 0.494118 0.52549
v -0.00672593 0.308984 0.186276 0.494118 0.494118 0.52549
v -0.0061504 0.308535 0.186276 0.494118 0.494118 0.52549
v -0.00554491 0.308126 0.186276 0.494118 0.494118 0.52549
v -0.0049124 0.307761 0.186276 0.494118 0.494118 0.52549
v -0.00425597 0.307441 0.186276 0.494118 0.494118 0.52549
v -0.00357879 0.307167 0.186276 0.494118 0.494118 0.52549
v -0.00288418 0.306942 0.186276 0.494118 0.494118 0.52549
v -0.00217552 0.306765 0.186276 0.494118 0.494118 0.52549
v -0.00145626 0.306638 0.186276 0.494118 0.494118 0.52549
v -0.00072991 0.306562 0.186276 0.494118 0.494118 0.52549
v 2.32341e-18 0.306536 0.186276 0.494118 0.494118 0.52549
v 0.00072991 0.306562 0.186276 0.494118 0.494118 0.52549
v 0.00145626 0.306638 0.186276 0.494118 0.494118 0.52549
v 0.00217552 0.306765 0.186276 0.494118 0.494118 0.52549
v 0.00288418 0.306942 0.186276 0.494118 0.494118 0.52549
v 0.00357879 0.307167 0.186276 0.494118 0.494118 0.52549
v 0.00425597 0.307441 0.186276 0.494118 0.494118 0.52549
v 0.0049124 0.307761 0.186276 0.494118 0.494118 0.52549
v 0.00554491 0.308126 0.186276 0.494118 0.494118 0.52549
v 0.0061504 0.308535 0.186276 0.494118 0.494118 0.52549
v 0.00672593 0.308984 0.186276 0.494118 0.494118 0.52549
v 0.00726869 0.309473 0.186276 0.494118 0.494118 0.52549
v 0.00777604 0.309998 0.186276 0.494118 0.494118 0.52549
v 0.0082455 0.310558 0.186276 0.494118 0.494118 0.52549
v 0.00867479 0.311149 0.186276 0.494118 0.494118 0.52549
v 0.00906182 0.311768 0.186276 0.494118 0.494118 0.52549
v 0.0094047 0.312413 0.186276 0.494118 0.494118 0.52549
v 0.00970176 0.31308 0.186276 0.494118 0.494118 0.52549
v 0.00995156 0.313767 0.186276 0.494118 0.494118 0.52549
v 0.0101529 0.314469 0.186276 0.494118 0.494118 0.52549
v 0.0103047 0.315183 0.186276 0.494118 0.494118 0.52549
v 0.0104064 0.315906 0.186276 0.494118 0.494118 0.52549
v 0.0104573 0.316635 0.186276 0.494118 0.494118 0.52549
v 0.0104573 0.317365 0.186276 0.494118 0.494118 0.52549
v 0.0104064 0.318094 0.186276 0.494118 0.494118 0.52549
v 0.0103047 0.318817 0.186276 0.494118 0.494118 0.52549
v 0.0101529 0.319531 0.186276 0.494118 0.494118 0.52549
v 0.00995156 0.320233 0.186276 0.494118 0.494118 0.52549
v 0.00970176 0.32092 0.186276 0.494118 0.494118 0.52549
v 0.0094047 0.321587 0.186276 0.494118 0.494118 0.52549
v 0.00906182 0.322232 0.186276 0.494118 0.494118 0.52549
v 0.00867479 0.322851 0.186276 0.494118 0.494118 0.52549
v 0.0082455 0.323442 0.186276 0.494118 0.494118 0.52549
v 0.00777604 0.324002 0.186276 0.494118 0.494118 0.52549
v 0.00726869 0.324527 0.186276 0.494118 0.494118 0.52549
v 0.00672593 0.325016 0.186276 0.494118 0.494118 0.52549
v 0.0061504 0.325465 0.186276 0.494118 0.494118 0.52549
v 0.00554491 0.325874 0.186276 0.494118 0.494118 0.52549
v 0.0049124 0.326239 0.186276 0.494118 0.494118 0.52549
v 0.00425597 0.326559 0.186276 0.494118 0.494118 0.52549
v 0.00357879 0.326833 0.186276 0.494118 0.494118 0.52549
v 0.00288418 0.327058 0.186276 0.494118 0.494118 0.52549
v 0.00217552 0.327235 0.186276 0.494118 0.494118 0.52549
v 0.00145626 0.327362 0.186276 0.494118 0.494118 0.52549
v 0.00072991 0.327438 0.186276 0.494118 0.494118 0.52549
v 0 0.327036 0.18697 0.494118 0.494118 0.52549
v -0.000700071 0.327011 0.18697 0.494118 0.494118 0.52549
v -0.00139673 0.326938 0.18697 0.494118 0.494118 0.52549
v -0.00208659 0.326817 0.18697 0.494118 0.494118 0.52549
v -0.00276628 0.326647 0.18697 0.494118 0.494118 0.52549
v -0.00343249 0.326431 0.18697 0.494118 0.494118 0.52549
v -0.00408198 0.326168 0.18697 0.494118 0.494118 0.52549
v -0.00471158 0.325861 0.18697 0.494118 0.494118 0.52549
v -0.00531823 0.325511 0.18697 0.494118 0.494118 0.52549
v -0.00589897 0.325119 0.18697 0.494118 0.494118 0.52549
v -0.00645097 0.324688 0.18697 0.494118 0.494118 0.52549
v -0.00697154 0.324219 0.18697 0.494118 0.494118 0.52549
v -0.00745815 0.323715 0.18697 0.494118 0.494118 0.52549
v -0.00790842 0.323179 0.18697 0.494118 0.494118 0.52549
v -0.00832016 0.322612 0.18697 0.494118 0.494118 0.52549
v -0.00869137 0.322018 0.18697 0.494118 0.494118 0.52549
v -0.00902023 0.321399 0.18697 0.494118 0.494118 0.52549
v -0.00930515 0.32076 0.18697 0.494118 0.494118 0.52549
v -0.00954473 0.320101 0.18697 0.494118 0.494118 0.52549
v -0.00973781 0.319428 0.18697 0.494118 0.494118 0.52549
v -0.00988346 0.318743 0.18697 0.494118 0.494118 0.52549
v -0.00998095 0.318049 0.18697 0.494118 0.494118 0.52549
v -0.0100298 0.31735 0.18697 0.494118 0.494118 0.52549
v -0.0100298 0.31665 0.18697 0.494118 0.494118 0.52549
v -0.00998095 0.315951 0.18697 0.494118 0.494118 0.52549
v -0.00988346 0.315257 0.18697 0.494118 0.494118 0.52549
v -0.00973781 0.314572 0.18697 0.494118 0.494118 0.52549
v -0.00954473 0.313899 0.18697 0.494118 0.494118 0.52549
v -0.00930515 0.31324 0.18697 0.494118 0.494118 0.52549
v -0.00902023 0.312601 0.18697 0.494118 0.494118 0.52549
v -0.00869137 0.311982 0.18697 0.494118 0.494118 0.52549
v -0.00832016 0.311388 0.18697 0.494118 0.494118 0.52549
v -0.00790842 0.310821 0.18697 0.494118 0.494118 0.52549
v -0.00745815 0.310285 0.18697 0.494118 0.494118 0.52549
v -0.00697154 0.309781 0.18697 0.494118 0.494118 0.52549
v -0.00645097 0.309312 0.18697 0.494118 0.494118 0.52549
v -0.00589897 0.308881 0.18697 0.494118 0.494118 0.52549
v -0.00531823 0.308489 0.18697 0.494118 0.494118 0.52549
v -0.00471158 0.308139 0.18697 0.494118 0.494118 0.52549
v -0.00408198 0.307832 0.18697 0.494118 0.494118 0.52549
v -0.00343249 0.307569 0.18697 0.494118 0.494118 0.52549
v -0.00276628 0.307353 0.18697 0.494118 0.494118 0.52549
v -0.00208659 0.307183 0.18697 0.494118 0.494118 0.52549
v -0.00139673 0.307062 0.18697 0.494118 0.494118 0.52549
v -0.000700071 0.306989 0.18697 0.494118 0.494118 0.52549
v 2.22842e-18 0.306964 0.18697 0.494118 0.494118 0.52549
v 0.000700071 0.306989 0.18697 0.494118 0.494118 0.52549
v 0.00139673 0.307062 0.18697 0.494118 0.494118 0.52549
v 0.00208659 0.307183 0.18697 0.494118 0.494118 0.52549
v 0.00276628 0.307353 0.18697 0.494118 0.494118 0.52549
v 0.00343249 0.307569 0.18697 0.494118 0.494118 0.52549
v 0.00408198 0.307832 0.18697 0.494118 0.494118 0.52549
v 0.00471158 0.308139 0.18697 0.494118 0.494118 0.52549
v 0.00531823 0.308489 0.18697 0.494118 0.494118 0.52549
v 0.00589897 0.308881 0.18697 0.494118 0.494118 0.52549
v 0.00645097 0.309312 0.18697 0.494118 0.494118 0.52549
v 0.00697154 0.309781 0.18697 0.494118 0.494118 0.52549
v 0.00745815 0.310285 0.18697 0.494118 0.494118 0.52549
v 0.00790842 0.310821 0.18697 0.494118 0.494118 0.52549
v 0.00832016 0.311388 0.18697 0.494118 0.494118 0.52549
v 0.00869137 0.311982 0.18697 0.494118 0.494118 0.52549
v 0.00902023 0.312601 0.18697 0.494118 0.494118 0.52549
v 0.00930515 0.31324 0.18697 0.494118 0.494118 0.52549
v 0.00954473 0.313899 0.18697 0.494118 0.494118 0.52549
v 0.00973781 0.314572 0.18697 0.494118 0.494118 0.52549
v 0.00988346 0.315257 0.18697 0.494118 0.494118 0.52549
v 0.00998095 0.315951 0.18697 0.494118 0.494118 0.52549
v 0.0100298 0.31665 0.18697 0.494118 0.494118 0.52549
v 0.0100298 0.31735 0.18697 0.494118 0.494118 0.52549
v 0.00998095 0.318049 0.18697 0.494118 0.494118 0.52549
v 0.00988346 0.318743 0.18697 0.494118 0.494118 0.52549
v 0.00973781 0.319428 0.18697 0.494118 0.494118 0.52549
v 0.00954473 0.320101 0.18697 0.494118 0.494118 0.52549
v 0.00930515 0.32076 0.18697 0.494118 0.494118 0.52549
v 0.00902023 0.321399 0.18697 0.494118 0.494118 0.52549
v 0.00869137 0.322018 0.18697 0.494118 0.494118 0.52549
v 0.00832016 0.322612 0.18697 0.494118 0.494118 0.52549
v 0.00790842 0.323179 0.18697 0.494118 0.494118 0.52549
v 0.00745815 0.323715 0.18697 0.494118 0.494118 0.52549
v 0.00697154 0.324219 0.18697 0.494118 0.494118 0.52549
v 0.00645097 0.324688 0.18697 0.494118 0.494118 0.52549
v 0.00589897 0.325119 0.18697 0.494118 0.494118 0.52549
v 0.00531823 0.325511 0.18697 0.494118 0.494118 0.52549
v 0.00471158 0.325861 0.18697 0.494118 0.494118 0.52549
v 0.00408198 0.326168 0.18697 0.494118 0.494118 0.52549
v 0.00343249 0.326431 0.18697 0.494118 0.494118 0.52549
v 0.00276628 0.326647 0.18697 0.494118 0.494118 0.52549
v 0.00208659 0.326817 0.18697 0.494118 0.494118 0.52549
v 0.00139673 0.326938 0.18697 0.494118 0.494118 0.52549
v 0.000700071 0.327011 0.18697 0.494118 0.494118 0.52549
v 0 0.326562 0.187632 0.494118 0.494118 0.52549
v -0.000667031 0.326539 0.187632 0.494118 0.494118 0.52549
v -0.00133081 0.326469 0.187632 0.494118 0.494118 0.52549
v -0.00198811 0.326353 0.187632 0.494118 0.494118 0.52549
v -0.00263572 0.326192 0.187632 0.494118 0.494118 0.52549
v -0.00327049 0.325986 0.187632 0.494118 0.494118 0.52549
v -0.00388933 0.325736 0.187632 0.494118 0.494118 0.52549
v -0.00448922 0.325443 0.187632 0.494118 0.494118 0.52549
v -0.00506724 0.325109 0.187632 0.494118 0.494118 0.52549
v -0.00562057 0.324736 0.187632 0.494118 0.494118 0.52549
v -0.00614651 0.324325 0.187632 0.494118 0.494118 0.52549
v -0.00664252 0.323879 0.187632 0.494118 0.494118 0.52549
v -0.00710616 0.323398 0.187632 0.494118 0.494118 0.52549
v -0.00753518 0.322887 0.187632 0.494118 0.494118 0.52549
v -0.00792749 0.322347 0.187632 0.494118 0.494118 0.52549
v -0.00828118 0.321781 0.187632 0.494118 0.494118 0.52549
v -0.00859452 0.321192 0.187632 0.494118 0.494118 0.52549
v -0.00886599 0.320582 0.187632 0.494118 0.494118 0.52549
v -0.00909427 0.319955 0.187632 0.494118 0.494118 0.52549
v -0.00927824 0.319313 0.187632 0.494118 0.494118 0.52549
v -0.00941701 0.31866 0.187632 0.494118 0.494118 0.52549
v -0.0095099 0.318 0.187632 0.494118 0.494118 0.52549
v -0.00955645 0.317334 0.187632 0.494118 0.494118 0.52549
v -0.00955645 0.316666 0.187632 0.494118 0.494118 0.52549
v -0.0095099 0.316 0.187632 0.494118 0.494118 0.52549
v -0.00941701 0.31534 0.187632 0.494118 0.494118 0.52549
v -0.00927824 0.314687 0.187632 0.494118 0.494118 0.52549
v -0.00909427 0.314045 0.187632 0.494118 0.494118 0.52549
v -0.00886599 0.313418 0.187632 0.494118 0.494118 0.52549
v -0.00859452 0.312808 0.187632 0.494118 0.494118 0.52549
v -0.00828118 0.312219 0.187632 0.494118 0.494118 0.52549
v -0.00792749 0.311653 0.187632 0.494118 0.494118 0.52549
v -0.00753518 0.311113 0.187632 0.494118 0.494118 0.52549
v -0.00710616 0.310602 0.187632 0.494118 0.494118 0.52549
v -0.00664252 0.310121 0.187632 0.494118 0.494118 0.52549
v -0.00614651 0.309675 0.187632 0.494118 0.494118 0.52549
v -0.00562057 0.309264 0.187632 0.494118 0.494118 0.52549
v -0.00506724 0.308891 0.187632 0.494118 0.494118 0.52549
v -0.00448922 0.308557 0.187632 0.494118 0.494118 0.52549
v -0.00388933 0.308264 0.187632 0.494118 0.494118 0.52549
v -0.00327049 0.308014 0.187632 0.494118 0.494118 0.52549
v -0.00263572 0.307808 0.187632 0.494118 0.494118 0.52549
v -0.00198811 0.307647 0.187632 0.494118 0.494118 0.52549
v -0.00133081 0.307531 0.187632 0.494118 0.494118 0.52549
v -0.000667031 0.307461 0.187632 0.494118 0.494118 0.52549
v 2.12325e-18 0.307438 0.187632 0.494118 0.494118 0.52549
v 0.000667031 0.307461 0.187632 0.494118 0.494118 0.52549
v 0.00133081 0.307531 0.187632 0.494118 0.494118 0.52549
v 0.00198811 0.307647 0.187632 0.494118 0.494118 0.52549
v 0.00263572 0.307808 0.187632 0.494118 0.494118 0.52549
v 0.00327049 0.308014 0.187632 0.494118 0.494118 0.52549
v 0.00388933 0.308264 0.187632 0.494118 0.494118 0.52549
v 0.00448922 0.308557 0.187632 0.494118 0.494118 0.52549
v 0.00506724 0.308891 0.187632 0.494118 0.494118 0.52549
v 0.00562057 0.309264 0.187632 0.494118 0.494118 0.52549
v 0.00614651 0.309675 0.187632 0.494118 0.494118 0.52549
v 0.00664252 0.310121 0.187632 0.494118 0.494118 0.52549
v 0.00710616 0.310602 0.187632 0.494118 0.494118 0.52549
v 0.00753518 0.311113 0.187632 0.494118 0.494118 0.52549
v 0.00792749 0.311653 0.187632 0.494118 0.494118 0.52549
v 0.00828118 0.312219 0.187632 0.494118 0.494118 0.52549
v 0.00859452 0.312808 0.187632 0.494118 0.494118 0.52549
v 0.00886599 0.313418 0.187632 0.494118 0.494118 0.52549
v 0.00909427 0.314045 0.187632 0.494118 0.494118 0.52549
v 0.00927824 0.314687 0.187632 0.494118 0.494118 0.52549
v 0.00941701 0.31534 0.187632 0.494118 0.494118 0.52549
v 0.0095099 0.316 0.187632 0.494118 0.494118 0.52549
v 0.00955645 0.316666 0.187632 0.494118 0.494118 0.52549
v 0.00955645 0.317334 0.187632 0.494118 0.494118 0.52549
v 0.0095099 0.318 0.187632 0.494118 0.494118 0.52549
v 0.00941701 0.31866 0.187632 0.494118 0.494118 0.52549
v 0.00927824 0.319313 0.187632 0.494118 0.494118 0.52549
v 0.00909427 0.319955 0.187632 0.494118 0.494118 0.52549
v 0.00886599 0.320582 0.187632 0.494118 0.494118 0.52549
v 0.00859452 0.321192 0.187632 0.494118 0.494118 0.52549
v 0.00828118 0.321781 0.187632 0.494118 0.494118 0.52549
v 0.00792749 0.322347 0.187632 0.494118 0.494118 0.52549
v 0.00753518 0.322887 0.187632 0.494118 0.494118 0.52549
v 0.00710616 0.323398 0.187632 0.494118 0.494118 0.52549
v 0.00664252 0.323879 0.187632 0.494118 0.494118 0.52549
v 0.00614651 0.324325 0.187632 0.494118 0.494118 0.52549
v 0.00562057 0.324736 0.187632 0.494118 0.494118 0.52549
v 0.00506724 0.325109 0.187632 0.494118 0.494118 0.52549
v 0.00448922 0.325443 0.187632 0.494118 0.494118 0.52549
v 0.00388933 0.325736 0.187632 0.494118 0.494118 0.52549
v 0.00327049 0.325986 0.187632 0.494118 0.494118 0.52549
v 0.00263572 0.326192 0.187632 0.494118 0.494118 0.52549
v 0.00198811 0.326353 0.187632 0.494118 0.494118 0.52549
v 0.00133081 0.326469 0.187632 0.494118 0.494118 0.52549
v 0.000667031 0.326539 0.187632 0.494118 0.494118 0.52549
v 0 0.326045 0.188262 0.494118 0.494118 0.52549
v -0.000630941 0.326023 0.188262 0.494118 0.494118 0.52549
v -0.00125881 0.325957 0.188262 0.494118 0.494118 0.52549
v -0.00188054 0.325847 0.188262 0.494118 0.494118 0.52549
v -0.00249312 0.325695 0.188262 0.494118 0.494118 0.52549
v -0.00309354 0.325499 0.188262 0.494118 0.494118 0.52549
v -0.0036789 0.325263 0.188262 0.494118 0.494118 0.52549
v -0.00424633 0.324986 0.188262 0.494118 0.494118 0.52549
v -0.00479308 0.324671 0.188262 0.494118 0.494118 0.52549
v -0.00531647 0.324317 0.188262 0.494118 0.494118 0.52549
v -0.00581396 0.323929 0.188262 0.494118 0.494118 0.52549
v -0.00628313 0.323506 0.188262 0.494118 0.494118 0.52549
v -0.00672168 0.323052 0.188262 0.494118 0.494118 0.52549
v -0.00712749 0.322569 0.188262 0.494118 0.494118 0.52549
v -0.00749858 0.322058 0.188262 0.494118 0.494118 0.52549
v -0.00783313 0.321522 0.188262 0.494118 0.494118 0.52549
v -0.00812952 0.320965 0.188262 0.494118 0.494118 0.52549
v -0.0083863 0.320388 0.188262 0.494118 0.494118 0.52549
v -0.00860223 0.319795 0.188262 0.494118 0.494118 0.52549
v -0.00877624 0.319188 0.188262 0.494118 0.494118 0.52549
v -0.0089075 0.318571 0.188262 0.494118 0.494118 0.52549
v -0.00899537 0.317945 0.188262 0.494118 0.494118 0.52549
v -0.00903941 0.317316 0.188262 0.494118 0.494118 0.52549
v -0.00903941 0.316684 0.188262 0.494118 0.494118 0.52549
v -0.00899537 0.316055 0.188262 0.494118 0.494118 0.52549
v -0.0089075 0.315429 0.188262 0.494118 0.494118 0.52549
v -0.00877624 0.314812 0.188262 0.494118 0.494118 0.52549
v -0.00860223 0.314205 0.188262 0.494118 0.494118 0.52549
v -0.0083863 0.313612 0.188262 0.494118 0.494118 0.52549
v -0.00812952 0.313035 0.188262 0.494118 0.494118 0.52549
v -0.00783313 0.312478 0.188262 0.494118 0.494118 0.52549
v -0.00749858 0.311942 0.188262 0.494118 0.494118 0.52549
v -0.00712749 0.311431 0.188262 0.494118 0.494118 0.52549
v -0.00672168 0.310948 0.188262 0.494118 0.494118 0.52549
v -0.00628313 0.310494 0.188262 0.494118 0.494118 0.52549
v -0.00581396 0.310071 0.188262 0.494118 0.494118 0.52549
v -0.00531647 0.309683 0.188262 0.494118 0.494118 0.52549
v -0.00479308 0.309329 0.188262 0.494118 0.494118 0.52549
v -0.00424633 0.309014 0.188262 0.494118 0.494118 0.52549
v -0.0036789 0.308737 0.188262 0.494118 0.494118 0.52549
v -0.00309354 0.308501 0.188262 0.494118 0.494118 0.52549
v -0.00249312 0.308305 0.188262 0.494118 0.494118 0.52549
v -0.00188054 0.308153 0.188262 0.494118 0.494118 0.52549
v -0.00125881 0.308043 0.188262 0.494118 0.494118 0.52549
v -0.000630941 0.307977 0.188262 0.494118 0.494118 0.52549
v 2.00837e-18 0.307955 0.188262 0.494118 0.494118 0.52549
v 0.000630941 0.307977 0.188262 0.494118 0.494118 0.52549
v 0.00125881 0.308043 0.188262 0.494118 0.494118 0.52549
v 0.00188054 0.308153 0.188262 0.494118 0.494118 0.52549
v 0.00249312 0.308305 0.188262 0.494118 0.494118 0.52549
v 0.00309354 0.308501 0.188262 0.494118 0.494118 0.52549
v 0.0036789 0.308737 0.188262 0.494118 0.494118 0.52549
v 0.00424633 0.309014 0.188262 0.494118 0.494118 0.52549
v 0.00479308 0.309329 0.188262 0.494118 0.494118 0.52549
v 0.00531647 0.309683 0.188262 0.494118 0.494118 0.52549
v 0.00581396 0.310071 0.188262 0.494118 0.494118 0.52549
v 0.00628313 0.310494 0.188262 0.494118 0.494118 0.52549
v 0.00672168 0.310948 0.188262 0.494118 0.494118 0.52549
v 0.00712749 0.311431 0.188262 0.494118 0.494118 0.52549
v 0.00749858 0.311942 0.188262 0.494118 0.494118 0.52549
v 0.00783313 0.312478 0.188262 0.494118 0.494118 0.52549
v 0.00812952 0.313035 0.188262 0.494118 0.494118 0.52549
v 0.0083863 0.313612 0.188262 0.494118 0.494118 0.52549
v 0.00860223 0.314205 0.188262 0.494118 0.494118 0.52549
v 0.00877624 0.314812 0.188262 0.494118 0.494118 0.52549
v 0.0089075 0.315429 0.188262 0.494118 0.494118 0.52549
v 0.00899537 0.316055 0.188262 0.494118 0.494118 0.52549
v 0.00903941 0.316684 0.188262 0.494118 0.494118 0.52549
v 0.00903941 0.317316 0.188262 0.494118 0.494118 0.52549
v 0.00899537 0.317945 0.188262 0.494118 0.494118 0.52549
v 0.0089075 0.318571 0.188262 0.494118 0.494118 0.52549
v 0.00877624 0.319188 0.188262 0.494118 0.494118 0.52549
v 0.00860223 0.319795 0.188262 0.494118 0.494118 0.52549
v 0.0083863 0.320388 0.188262 0.494118 0.494118 0.52549
v 0.00812952 0.320965 0.188262 0.494118 0.494118 0.52549
v 0.00783313 0.321522 0.188262 0.494118 0.494118 0.52549
v 0.00749858 0.322058 0.188262 0.494118 0.494118 0.52549
v 0.00712749 0.322569 0.188262 0.494118 0.494118 0.52549
v 0.00672168 0.323052 0.188262 0.494118 0.494118 0.52549
v 0.00628313 0.323506 0.188262 0.494118 0.494118 0.52549
v 0.00581396 0.323929 0.188262 0.494118 0.494118 0.52549
v 0.00531647 0.324317 0.188262 0.494118 0.494118 0.52549
v 0.00479308 0.324671 0.188262 0.494118 0.494118 0.52549
v 0.00424633 0.324986 0.188262 0.494118 0.494118 0.52549
v 0.0036789 0.325263 0.188262 0.494118 0.494118 0.52549
v 0.00309354 0.325499 0.188262 0.494118 0.494118 0.52549
v 0.00249312 0.325695 0.188262 0.494118 0.494118 0.52549
v 0.00188054 0.325847 0.188262 0.494118 0.494118 0.52549
v 0.00125881 0.325957 0.188262 0.494118 0.494118 0.52549
v 0.000630941 0.326023 0.188262 0.494118 0.494118 0.52549
v 0 0.325486 0.188855 0.494118 0.494118 0.52549
v -0.000591967 0.325466 0.188855 0.494118 0.494118 0.52549
v -0.00118105 0.325404 0.188855 0.494118 0.494118 0.52549
v -0.00176438 0.325301 0.188855 0.494118 0.494118 0.52549
v -0.00233911 0.325157 0.188855 0.494118 0.494118 0.52549
v -0.00290245 0.324974 0.188855 0.494118 0.494118 0.52549
v -0.00345165 0.324753 0.188855 0.494118 0.494118 0.52549
v -0.00398403 0.324493 0.188855 0.494118 0.494118 0.52549
v -0.004497 0.324197 0.188855 0.494118 0.494118 0.52549
v -0.00498806 0.323865 0.188855 0.494118 0.494118 0.52549
v -0.00545483 0.323501 0.188855 0.494118 0.494118 0.52549
v -0.00589501 0.323104 0.188855 0.494118 0.494118 0.52549
v -0.00630648 0.322678 0.188855 0.494118 0.494118 0.52549
v -0.00668722 0.322225 0.188855 0.494118 0.494118 0.52549
v -0.00703538 0.321745 0.188855 0.494118 0.494118 0.52549
v -0.00734927 0.321243 0.188855 0.494118 0.494118 0.52549
v -0.00762735 0.32072 0.188855 0.494118 0.494118 0.52549
v -0.00786827 0.320179 0.188855 0.494118 0.494118 0.52549
v -0.00807086 0.319622 0.188855 0.494118 0.494118 0.52549
v -0.00823413 0.319053 0.188855 0.494118 0.494118 0.52549
v -0.00835728 0.318474 0.188855 0.494118 0.494118 0.52549
v -0.00843971 0.317887 0.188855 0.494118 0.494118 0.52549
v -0.00848103 0.317296 0.188855 0.494118 0.494118 0.52549
v -0.00848103 0.316704 0.188855 0.494118 0.494118 0.52549
v -0.00843971 0.316113 0.188855 0.494118 0.494118 0.52549
v -0.00835728 0.315526 0.188855 0.494118 0.494118 0.52549
v -0.00823413 0.314947 0.188855 0.494118 0.494118 0.52549
v -0.00807086 0.314378 0.188855 0.494118 0.494118 0.52549
v -0.00786827 0.313821 0.188855 0.494118 0.494118 0.52549
v -0.00762735 0.31328 0.188855 0.494118 0.494118 0.52549
v -0.00734927 0.312757 0.188855 0.494118 0.494118 0.52549
v -0.00703538 0.312255 0.188855 0.494118 0.494118 0.52549
v -0.00668722 0.311775 0.188855 0.494118 0.494118 0.52549
v -0.00630648 0.311322 0.188855 0.494118 0.494118 0.52549
v -0.00589501 0.310896 0.188855 0.494118 0.494118 0.52549
v -0.00545483 0.310499 0.188855 0.494118 0.494118 0.52549
v -0.00498806 0.310135 0.188855 0.494118 0.494118 0.52549
v -0.004497 0.309803 0.188855 0.494118 0.494118 0.52549
v -0.00398403 0.309507 0.188855 0.494118 0.494118 0.52549
v -0.00345165 0.309247 0.188855 0.494118 0.494118 0.52549
v -0.00290245 0.309026 0.188855 0.494118 0.494118 0.52549
v -0.00233911 0.308843 0.188855 0.494118 0.494118 0.52549
v -0.00176438 0.308699 0.188855 0.494118 0.494118 0.52549
v -0.00118105 0.308596 0.188855 0.494118 0.494118 0.52549
v -0.000591967 0.308534 0.188855 0.494118 0.494118 0.52549
v 1.88432e-18 0.308514 0.188855 0.494118 0.494118 0.52549
v 0.000591967 0.308534 0.188855 0.494118 0.494118 0.52549
v 0.00118105 0.308596 0.188855 0.494118 0.494118 0.52549
v 0.00176438 0.308699 0.188855 0.494118 0.494118 0.52549
v 0.00233911 0.308843 0.188855 0.494118 0.494118 0.52549
v 0.00290245 0.309026 0.188855 0.494118 0.494118 0.52549
v 0.00345165 0.309247 0.188855 0.494118 0.494118 0.52549
v 0.00398403 0.309507 0.188855 0.494118 0.494118 0.52549
v 0.004497 0.309803 0.188855 0.494118 0.494118 0.52549
v 0.00498806 0.310135 0.188855 0.494118 0.494118 0.52549
v 0.00545483 0.310499 0.188855 0.494118 0.494118 0.52549
v 0.00589501 0.310896 0.188855 0.494118 0.494118 0.52549
v 0.00630648 0.311322 0.188855 0.494118 0.494118 0.52549
v 0.00668722 0.311775 0.188855 0.494118 0.494118 0.52549
v 0.00703538 0.312255 0.188855 0.494118 0.494118 0.52549
v 0.00734927 0.312757 0.188855 0.494118 0.494118 0.52549
v 0.00762735 0.31328 0.188855 0.494118 0.494118 0.52549
v 0.00786827 0.313821 0.188855 0.494118 0.494118 0.52549
v 0.00807086 0.314378 0.188855 0.494118 0.494118 0.52549
v 0.00823413 0.314947 0.188855 0.494118 0.494118 0.52549
v 0.00835728 0.315526 0.188855 0.494118 0.494118 0.52549
v 0.00843971 0.316113 0.188855 0.494118 0.494118 0.52549
v 0.00848103 0.316704 0.188855 0.494118 0.494118 0.52549
v 0.00848103 0.317296 0.188855 0.494118 0.494118 0.52549
v 0.00843971 0.317887 0.188855 0.494118 0.494118 0.52549
v 0.00835728 0.318474 0.188855 0.494118 0.494118 0.52549
v 0.00823413 0.319053 0.188855 0.494118 0.494118 0.52549
v 0.00807086 0.319622 0.188855 0.494118 0.494118 0.52549
v 0.00786827 0.320179 0.188855 0.494118 0.494118 0.52549
v 0.00762735 0.32072 0.188855 0.494118 0.494118 0.52549
v 0.00734927 0.321243 0.188855 0.494118 0.494118 0.52549
v 0.00703538 0.321745 0.188855 0.494118 0.494118 0.52549
v 0.00668722 0.322225 0.188855 0.494118 0.494118 0.52549
v 0.00630648 0.322678 0.188855 0.494118 0.494118 0.52549
v 0.00589501 0.323104 0.188855 0.494118 0.494118 0.52549
v 0.00545483 0.323501 0.188855 0.494118 0.494118 0.52549
v 0.00498806 0.323865 0.188855 0.494118 0.494118 0.52549
v 0.004497 0.324197 0.188855 0.494118 0.494118 0.52549
v 0.00398403 0.324493 0.188855 0.494118 0.494118 0.52549
v 0.00345165 0.324753 0.188855 0.494118 0.494118 0.52549
v 0.00290245 0.324974 0.188855 0.494118 0.494118 0.52549
v 0.00233911 0.325157 0.188855 0.494118 0.494118 0.52549
v 0.00176438 0.325301 0.188855 0.494118 0.494118 0.52549
v 0.00118105 0.325404 0.188855 0.494118 0.494118 0.52549
v 0.000591967 0.325466 0.188855 0.494118 0.494118 0.52549
v 0 0.324889 0.189409 0.494118 0.494118 0.52549
v -0.000550287 0.324869 0.189409 0.494118 0.494118 0.52549
v -0.00109789 0.324812 0.189409 0.494118 0.494118 0.52549
v -0.00164015 0.324716 0.189409 0.494118 0.494118 0.52549
v -0.00217442 0.324583 0.189409 0.494118 0.494118 0.52549
v -0.00269809 0.324413 0.189409 0.494118 0.494118 0.52549
v -0.00320862 0.324207 0.189409 0.494118 0.494118 0.52549
v -0.00370352 0.323965 0.189409 0.494118 0.494118 0.52549
v -0.00418037 0.32369 0.189409 0.494118 0.494118 0.52549
v -0.00463686 0.323382 0.189409 0.494118 0.494118 0.52549
v -0.00507075 0.323043 0.189409 0.494118 0.494118 0.52549
v -0.00547994 0.322675 0.189409 0.494118 0.494118 0.52549
v -0.00586244 0.322279 0.189409 0.494118 0.494118 0.52549
v -0.00621637 0.321857 0.189409 0.494118 0.494118 0.52549
v -0.00654002 0.321411 0.189409 0.494118 0.494118 0.52549
v -0.00683181 0.320944 0.189409 0.494118 0.494118 0.52549
v -0.00709031 0.320458 0.189409 0.494118 0.494118 0.52549
v -0.00731427 0.319955 0.189409 0.494118 0.494118 0.52549
v -0.00750259 0.319438 0.189409 0.494118 0.494118 0.52549
v -0.00765436 0.318908 0.189409 0.494118 0.494118 0.52549
v -0.00776884 0.31837 0.189409 0.494118 0.494118 0.52549
v -0.00784547 0.317825 0.189409 0.494118 0.494118 0.52549
v -0.00788388 0.317275 0.189409 0.494118 0.494118 0.52549
v -0.00788388 0.316725 0.189409 0.494118 0.494118 0.52549
v -0.00784547 0.316175 0.189409 0.494118 0.494118 0.52549
v -0.00776884 0.31563 0.189409 0.494118 0.494118 0.52549
v -0.00765436 0.315092 0.189409 0.494118 0.494118 0.52549
v -0.00750259 0.314562 0.189409 0.494118 0.494118 0.52549
v -0.00731427 0.314045 0.189409 0.494118 0.494118 0.52549
v -0.00709031 0.313542 0.189409 0.494118 0.494118 0.52549
v -0.00683181 0.313056 0.189409 0.494118 0.494118 0.52549
v -0.00654002 0.312589 0.189409 0.494118 0.494118 0.52549
v -0.00621637 0.312143 0.189409 0.494118 0.494118 0.52549
v -0.00586244 0.311721 0.189409 0.494118 0.494118 0.52549
v -0.00547994 0.311325 0.189409 0.494118 0.494118 0.52549
v -0.00507075 0.310957 0.189409 0.494118 0.494118 0.52549
v -0.00463686 0.310618 0.189409 0.494118 0.494118 0.52549
v -0.00418037 0.31031 0.189409 0.494118 0.494118 0.52549
v -0.00370352 0.310035 0.189409 0.494118 0.494118 0.52549
v -0.00320862 0.309793 0.189409 0.494118 0.494118 0.52549
v -0.00269809 0.309587 0.189409 0.494118 0.494118 0.52549
v -0.00217442 0.309417 0.189409 0.494118 0.494118 0.52549
v -0.00164015 0.309284 0.189409 0.494118 0.494118 0.52549
v -0.00109789 0.309188 0.189409 0.494118 0.494118 0.52549
v -0.000550287 0.309131 0.189409 0.494118 0.494118 0.52549
v 1.75164e-18 0.309111 0.189409 0.494118 0.494118 0.52549
v 0.000550287 0.309131 0.189409 0.494118 0.494118 0.52549
v 0.00109789 0.309188 0.189409 0.494118 0.494118 0.52549
v 0.00164015 0.309284 0.189409 0.494118 0.494118 0.52549
v 0.00217442 0.309417 0.189409 0.494118 0.494118 0.52549
v 0.00269809 0.309587 0.189409 0.494118 0.494118 0.52549
v 0.00320862 0.309793 0.189409 0.494118 0.494118 0.52549
v 0.00370352 0.310035 0.189409 0.494118 0.494118 0.52549
v 0.00418037 0.31031 0.189409 0.494118 0.494118 0.52549
v 0.00463686 0.310618 0.189409 0.494118 0.494118 0.52549
v 0.00507075 0.310957 0.189409 0.494118 0.494118 0.52549
v 0.00547994 0.311325 0.189409 0.494118 0.494118 0.52549
v 0.00586244 0.311721 0.189409 0.494118 0.494118 0.52549
v 0.00621637 0.312143 0.189409 0.494118 0.494118 0.52549
v 0.00654002 0.312589 0.189409 0.494118 0.494118 0.52549
v 0.00683181 0.313056 0.189409 0.494118 0.494118 0.52549
v 0.00709031 0.313542 0.189409 0.494118 0.494118 0.52549
v 0.00731427 0.314045 0.189409 0.494118 0.494118 0.52549
v 0.00750259 0.314562 0.189409 0.494118 0.494118 0.52549
v 0.00765436 0.315092 0.189409 0.494118 0.494118 0.52549
v 0.00776884 0.31563 0.189409 0.494118 0.494118 0.52549
v 0.00784547 0.316175 0.189409 0.494118 0.494118 0.52549
v 0.00788388 0.316725 0.189409 0.494118 0.494118 0.52549
v 0.00788388 0.317275 0.189409 0.494118 0.494118 0.52549
v 0.00784547 0.317825 0.189409 0.494118 0.494118 0.52549
v 0.00776884 0.31837 0.189409 0.494118 0.494118 0.52549
v 0.00765436 0.318908 0.189409 0.494118 0.494118 0.52549
v 0.00750259 0.319438 0.189409 0.494118 0.494118 0.52549
v 0.00731427 0.319955 0.189409 0.494118 0.494118 0.52549
v 0.00709031 0.320458 0.189409 0.494118 0.494118 0.52549
v 0.00683181 0.320944 0.189409 0.494118 0.494118 0.52549
v 0.00654002 0.321411 0.189409 0.494118 0.494118 0.52549
v 0.00621637 0.321857 0.189409 0.494118 0.494118 0.52549
v 0.00586244 0.322279 0.189409 0.494118 0.494118 0.52549
v 0.00547994 0.322675 0.189409 0.494118 0.494118 0.52549
v 0.00507075 0.323043 0.189409 0.494118 0.494118 0.52549
v 0.00463686 0.323382 0.189409 0.494118 0.494118 0.52549
v 0.00418037 0.32369 0.189409 0.494118 0.494118 0.52549
v 0.00370352 0.323965 0.189409 0.494118 0.494118 0.52549
v 0.00320862 0.324207 0.189409 0.494118 0.494118 0.52549
v 0.00269809 0.324413 0.189409 0.494118 0.494118 0.52549
v 0.00217442 0.324583 0.189409 0.494118 0.494118 0.52549
v 0.00164015 0.324716 0.189409 0.494118 0.494118 0.52549
v 0.00109789 0.324812 0.189409 0.494118 0.494118 0.52549
v 0.000550287 0.324869 0.189409 0.494118 0.494118 0.52549
v 0 0.324255 0.189921 0.494118 0.494118 0.52549
v -0.000506091 0.324237 0.189921 0.494118 0.494118 0.52549
v -0.00100972 0.324185 0.189921 0.494118 0.494118 0.52549
v -0.00150842 0.324097 0.189921 0.494118 0.494118 0.52549
v -0.00199978 0.323974 0.189921 0.494118 0.494118 0.52549
v -0.00248139 0.323818 0.189921 0.494118 0.494118 0.52549
v -0.00295092 0.323628 0.189921 0.494118 0.494118 0.52549
v -0.00340607 0.323406 0.189921 0.494118 0.494118 0.52549
v -0.00384462 0.323153 0.189921 0.494118 0.494118 0.52549
v -0.00426445 0.32287 0.189921 0.494118 0.494118 0.52549
v -0.0046635 0.322558 0.189921 0.494118 0.494118 0.52549
v -0.00503982 0.322219 0.189921 0.494118 0.494118 0.52549
v -0.0053916 0.321855 0.189921 0.494118 0.494118 0.52549
v -0.00571711 0.321467 0.189921 0.494118 0.494118 0.52549
v -0.00601476 0.321057 0.189921 0.494118 0.494118 0.52549
v -0.00628311 0.320628 0.189921 0.494118 0.494118 0.52549
v -0.00652085 0.32018 0.189921 0.494118 0.494118 0.52549
v -0.00672682 0.319718 0.189921 0.494118 0.494118 0.52549
v -0.00690002 0.319242 0.189921 0.494118 0.494118 0.52549
v -0.0070396 0.318755 0.189921 0.494118 0.494118 0.52549
v -0.00714489 0.31826 0.189921 0.494118 0.494118 0.52549
v -0.00721537 0.317758 0.189921 0.494118 0.494118 0.52549
v -0.00725069 0.317253 0.189921 0.494118 0.494118 0.52549
v -0.00725069 0.316747 0.189921 0.494118 0.494118 0.52549
v -0.00721537 0.316242 0.189921 0.494118 0.494118 0.52549
v -0.00714489 0.31574 0.189921 0.494118 0.494118 0.52549
v -0.0070396 0.315245 0.189921 0.494118 0.494118 0.52549
v -0.00690002 0.314758 0.189921 0.494118 0.494118 0.52549
v -0.00672682 0.314282 0.189921 0.494118 0.494118 0.52549
v -0.00652085 0.31382 0.189921 0.494118 0.494118 0.52549
v -0.00628311 0.313372 0.189921 0.494118 0.494118 0.52549
v -0.00601476 0.312943 0.189921 0.494118 0.494118 0.52549
v -0.00571711 0.312533 0.189921 0.494118 0.494118 0.52549
v -0.0053916 0.312145 0.189921 0.494118 0.494118 0.52549
v -0.00503982 0.311781 0.189921 0.494118 0.494118 0.52549
v -0.0046635 0.311442 0.189921 0.494118 0.494118 0.52549
v -0.00426445 0.31113 0.189921 0.494118 0.494118 0.52549
v -0.00384462 0.310847 0.189921 0.494118 0.494118 0.52549
v -0.00340607 0.310594 0.189921 0.494118 0.494118 0.52549
v -0.00295092 0.310372 0.189921 0.494118 0.494118 0.52549
v -0.00248139 0.310182 0.189921 0.494118 0.494118 0.52549
v -0.00199978 0.310026 0.189921 0.494118 0.494118 0.52549
v -0.00150842 0.309903 0.189921 0.494118 0.494118 0.52549
v -0.00100972 0.309815 0.189921 0.494118 0.494118 0.52549
v -0.000506091 0.309763 0.189921 0.494118 0.494118 0.52549
v 1.61096e-18 0.309745 0.189921 0.494118 0.494118 0.52549
v 0.000506091 0.309763 0.189921 0.494118 0.494118 0.52549
v 0.00100972 0.309815 0.189921 0.494118 0.494118 0.52549
v 0.00150842 0.309903 0.189921 0.494118 0.494118 0.52549
v 0.00199978 0.310026 0.189921 0.494118 0.494118 0.52549
v 0.00248139 0.310182 0.189921 0.494118 0.494118 0.52549
v 0.00295092 0.310372 0.189921 0.494118 0.494118 0.52549
v 0.00340607 0.310594 0.189921 0.494118 0.494118 0.52549
v 0.00384462 0.310847 0.189921 0.494118 0.494118 0.52549
v 0.00426445 0.31113 0.189921 0.494118 0.494118 0.52549
v 0.0046635 0.311442 0.189921 0.494118 0.494118 0.52549
v 0.00503982 0.311781 0.189921 0.494118 0.494118 0.52549
v 0.0053916 0.312145 0.189921 0.494118 0.494118 0.52549
v 0.00571711 0.312533 0.189921 0.494118 0.494118 0.52549
v 0.00601476 0.312943 0.189921 0.494118 0.494118 0.52549
v 0.00628311 0.313372 0.189921 0.494118 0.494118 0.52549
v 0.00652085 0.31382 0.189921 0.494118 0.494118 0.52549
v 0.00672682 0.314282 0.189921 0.494118 0.494118 0.52549
v 0.00690002 0.314758 0.189921 0.494118 0.494118 0.52549
v 0.0070396 0.315245 0.189921 0.494118 0.494118 0.52549
v 0.00714489 0.31574 0.189921 0.494118 0.494118 0.52549
v 0.00721537 0.316242 0.189921 0.494118 0.494118 0.52549
v 0.00725069 0.316747 0.189921 0.494118 0.494118 0.52549
v 0.00725069 0.317253 0.189921 0.494118 0.494118 0.52549
v 0.00721537 0.317758 0.189921 0.494118 0.494118 0.52549
v 0.00714489 0.31826 0.189921 0.494118 0.494118 0.52549
v 0.0070396 0.318755 0.189921 0.494118 0.494118 0.52549
v 0.00690002 0.319242 0.189921 0.494118 0.494118 0.52549
v 0.00672682 0.319718 0.189921 0.494118 0.494118 0.52549
v 0.00652085 0.32018 0.189921 0.494118 0.494118 0.52549
v 0.00628311 0.320628 0.189921 0.494118 0.494118 0.52549
v 0.00601476 0.321057 0.189921 0.494118 0.494118 0.52549
v 0.00571711 0.321467 0.189921 0.494118 0.494118 0.52549
v 0.0053916 0.321855 0.189921 0.494118 0.494118 0.52549
v 0.00503982 0.322219 0.189921 0.494118 0.494118 0.52549
v 0.0046635 0.322558 0.189921 0.494118 0.494118 0.52549
v 0.00426445 0.32287 0.189921 0.494118 0.494118 0.52549
v 0.00384462 0.323153 0.189921 0.494118 0.494118 0.52549
v 0.00340607 0.323406 0.189921 0.494118 0.494118 0.52549
v 0.00295092 0.323628 0.189921 0.494118 0.494118 0.52549
v 0.00248139 0.323818 0.189921 0.494118 0.494118 0.52549
v 0.00199978 0.323974 0.189921 0.494118 0.494118 0.52549
v 0.00150842 0.324097 0.189921 0.494118 0.494118 0.52549
v 0.00100972 0.324185 0.189921 0.494118 0.494118 0.52549
v 0.000506091 0.324237 0.189921 0.494118 0.494118 0.52549
v 0 0.323588 0.190389 0.494118 0.494118 0.52549
v -0.000459581 0.323572 0.190389 0.494118 0.494118 0.52549
v -0.000916923 0.323524 0.190389 0.494118 0.494118 0.52549
v -0.0013698 0.323444 0.190389 0.494118 0.494118 0.52549
v -0.001816 0.323333 0.190389 0.494118 0.494118 0.52549
v -0.00225335 0.323191 0.190389 0.494118 0.494118 0.52549
v -0.00267973 0.323019 0.190389 0.494118 0.494118 0.52549
v -0.00309305 0.322817 0.190389 0.494118 0.494118 0.52549
v -0.0034913 0.322587 0.190389 0.494118 0.494118 0.52549
v -0.00387254 0.32233 0.190389 0.494118 0.494118 0.52549
v -0.00423492 0.322047 0.190389 0.494118 0.494118 0.52549
v -0.00457666 0.321739 0.190389 0.494118 0.494118 0.52549
v -0.00489611 0.321408 0.190389 0.494118 0.494118 0.52549
v -0.0051917 0.321056 0.190389 0.494118 0.494118 0.52549
v -0.005462 0.320684 0.190389 0.494118 0.494118 0.52549
v -0.00570569 0.320294 0.190389 0.494118 0.494118 0.52549
v -0.00592158 0.319888 0.190389 0.494118 0.494118 0.52549
v -0.00610863 0.319468 0.190389 0.494118 0.494118 0.52549
v -0.00626591 0.319036 0.190389 0.494118 0.494118 0.52549
v -0.00639266 0.318594 0.190389 0.494118 0.494118 0.52549
v -0.00648827 0.318144 0.190389 0.494118 0.494118 0.52549
v -0.00655227 0.317689 0.190389 0.494118 0.494118 0.52549
v -0.00658435 0.31723 0.190389 0.494118 0.494118 0.52549
v -0.00658435 0.31677 0.190389 0.494118 0.494118 0.52549
v -0.00655227 0.316311 0.190389 0.494118 0.494118 0.52549
v -0.00648827 0.315856 0.190389 0.494118 0.494118 0.52549
v -0.00639266 0.315406 0.190389 0.494118 0.494118 0.52549
v -0.00626591 0.314964 0.190389 0.494118 0.494118 0.52549
v -0.00610863 0.314532 0.190389 0.494118 0.494118 0.52549
v -0.00592158 0.314112 0.190389 0.494118 0.494118 0.52549
v -0.00570569 0.313706 0.190389 0.494118 0.494118 0.52549
v -0.005462 0.313316 0.190389 0.494118 0.494118 0.52549
v -0.0051917 0.312944 0.190389 0.494118 0.494118 0.52549
v -0.00489611 0.312592 0.190389 0.494118 0.494118 0.52549
v -0.00457666 0.312261 0.190389 0.494118 0.494118 0.52549
v -0.00423492 0.311953 0.190389 0.494118 0.494118 0.52549
v -0.00387254 0.31167 0.190389 0.494118 0.494118 0.52549
v -0.0034913 0.311413 0.190389 0.494118 0.494118 0.52549
v -0.00309305 0.311183 0.190389 0.494118 0.494118 0.52549
v -0.00267973 0.310981 0.190389 0.494118 0.494118 0.52549
v -0.00225335 0.310809 0.190389 0.494118 0.494118 0.52549
v -0.001816 0.310667 0.190389 0.494118 0.494118 0.52549
v -0.0013698 0.310556 0.190389 0.494118 0.494118 0.52549
v -0.000916923 0.310476 0.190389 0.494118 0.494118 0.52549
v -0.000459581 0.310428 0.190389 0.494118 0.494118 0.52549
v 1.46291e-18 0.310412 0.190389 0.494118 0.494118 0.52549
v 0.000459581 0.310428 0.190389 0.494118 0.494118 0.52549
v 0.000916923 0.310476 0.190389 0.494118 0.494118 0.52549
v 0.0013698 0.310556 0.190389 0.494118 0.494118 0.52549
v 0.001816 0.310667 0.190389 0.494118 0.494118 0.52549
v 0.00225335 0.310809 0.190389 0.494118 0.494118 0.52549
v 0.00267973 0.310981 0.190389 0.494118 0.494118 0.52549
v 0.00309305 0.311183 0.190389 0.494118 0.494118 0.52549
v 0.0034913 0.311413 0.190389 0.494118 0.494118 0.52549
v 0.00387254 0.31167 0.190389 0.494118 0.494118 0.52549
v 0.00423492 0.311953 0.190389 0.494118 0.494118 0.52549
v 0.00457666 0.312261 0.190389 0.494118 0.494118 0.52549
v 0.00489611 0.312592 0.190389 0.494118 0.494118 0.52549
v 0.0051917 0.312944 0.190389 0.494118 0.494118 0.52549
v 0.005462 0.313316 0.190389 0.494118 0.494118 0.52549
v 0.00570569 0.313706 0.190389 0.494118 0.494118 0.52549
v 0.00592158 0.314112 0.190389 0.494118 0.494118 0.52549
v 0.00610863 0.314532 0.190389 0.494118 0.494118 0.52549
v 0.00626591 0.314964 0.190389 0.494118 0.494118 0.52549
v 0.00639266 0.315406 0.190389 0.494118 0.494118 0.52549
v 0.00648827 0.315856 0.190389 0.494118 0.494118 0.52549
v 0.00655227 0.316311 0.190389 0.494118 0.494118 0.52549
v 0.00658435 0.31677 0.190389 0.494118 0.494118 0.52549
v 0.00658435 0.31723 0.190389 0.494118 0.494118 0.52549
v 0.00655227 0.317689 0.190389 0.494118 0.494118 0.52549
v 0.00648827 0.318144 0.190389 0.494118 0.494118 0.52549
v 0.00639266 0.318594 0.190389 0.494118 0.494118 0.52549
v 0.00626591 0.319036 0.190389 0.494118 0.494118 0.52549
v 0.00610863 0.319468 0.190389 0.494118 0.494118 0.52549
v 0.00592158 0.319888 0.190389 0.494118 0.494118 0.52549
v 0.00570569 0.320294 0.190389 0.494118 0.494118 0.52549
v 0.005462 0.320684 0.190389 0.494118 0.494118 0.52549
v 0.0051917 0.321056 0.190389 0.494118 0.494118 0.52549
v 0.00489611 0.321408 0.190389 0.494118 0.494118 0.52549
v 0.00457666 0.321739 0.190389 0.494118 0.494118 0.52549
v 0.00423492 0.322047 0.190389 0.494118 0.494118 0.52549
v 0.00387254 0.32233 0.190389 0.494118 0.494118 0.52549
v 0.0034913 0.322587 0.190389 0.494118 0.494118 0.52549
v 0.00309305 0.322817 0.190389 0.494118 0.494118 0.52549
v 0.00267973 0.323019 0.190389 0.494118 0.494118 0.52549
v 0.00225335 0.323191 0.190389 0.494118 0.494118 0.52549
v 0.001816 0.323333 0.190389 0.494118 0.494118 0.52549
v 0.0013698 0.323444 0.190389 0.494118 0.494118 0.52549
v 0.000916923 0.323524 0.190389 0.494118 0.494118 0.52549
v 0.000459581 0.323572 0.190389 0.494118 0.494118 0.52549
v 0 0.322891 0.190812 0.494118 0.494118 0.52549
v -0.00041097 0.322877 0.190812 0.494118 0.494118 0.52549
v -0.000819938 0.322834 0.190812 0.494118 0.494118 0.52549
v -0.00122491 0.322763 0.190812 0.494118 0.494118 0.52549
v -0.00162392 0.322663 0.190812 0.494118 0.494118 0.52549
v -0.00201501 0.322536 0.190812 0.494118 0.494118 0.52549
v -0.00239629 0.322382 0.190812 0.494118 0.494118 0.52549
v -0.00276589 0.322202 0.190812 0.494118 0.494118 0.52549
v -0.00312202 0.321996 0.190812 0.494118 0.494118 0.52549
v -0.00346294 0.321766 0.190812 0.494118 0.494118 0.52549
v -0.00378698 0.321513 0.190812 0.494118 0.494118 0.52549
v -0.00409258 0.321238 0.190812 0.494118 0.494118 0.52549
v -0.00437824 0.320942 0.190812 0.494118 0.494118 0.52549
v -0.00464256 0.320627 0.190812 0.494118 0.494118 0.52549
v -0.00488427 0.320294 0.190812 0.494118 0.494118 0.52549
v -0.00510219 0.319946 0.190812 0.494118 0.494118 0.52549
v -0.00529524 0.319583 0.190812 0.494118 0.494118 0.52549
v -0.0054625 0.319207 0.190812 0.494118 0.494118 0.52549
v -0.00560315 0.318821 0.190812 0.494118 0.494118 0.52549
v -0.0057165 0.318425 0.190812 0.494118 0.494118 0.52549
v -0.00580199 0.318023 0.190812 0.494118 0.494118 0.52549
v -0.00585922 0.317616 0.190812 0.494118 0.494118 0.52549
v -0.00588791 0.317206 0.190812 0.494118 0.494118 0.52549
v -0.00588791 0.316794 0.190812 0.494118 0.494118 0.52549
v -0.00585922 0.316384 0.190812 0.494118 0.494118 0.52549
v -0.00580199 0.315977 0.190812 0.494118 0.494118 0.52549
v -0.0057165 0.315575 0.190812 0.494118 0.494118 0.52549
v -0.00560315 0.315179 0.190812 0.494118 0.494118 0.52549
v -0.0054625 0.314793 0.190812 0.494118 0.494118 0.52549
v -0.00529524 0.314417 0.190812 0.494118 0.494118 0.52549
v -0.00510219 0.314054 0.190812 0.494118 0.494118 0.52549
v -0.00488427 0.313706 0.190812 0.494118 0.494118 0.52549
v -0.00464256 0.313373 0.190812 0.494118 0.494118 0.52549
v -0.00437824 0.313058 0.190812 0.494118 0.494118 0.52549
v -0.00409258 0.312762 0.190812 0.494118 0.494118 0.52549
v -0.00378698 0.312487 0.190812 0.494118 0.494118 0.52549
v -0.00346294 0.312234 0.190812 0.494118 0.494118 0.52549
v -0.00312202 0.312004 0.190812 0.494118 0.494118 0.52549
v -0.00276589 0.311798 0.190812 0.494118 0.494118 0.52549
v -0.00239629 0.311618 0.190812 0.494118 0.494118 0.52549
v -0.00201501 0.311464 0.190812 0.494118 0.494118 0.52549
v -0.00162392 0.311337 0.190812 0.494118 0.494118 0.52549
v -0.00122491 0.311237 0.190812 0.494118 0.494118 0.52549
v -0.000819938 0.311166 0.190812 0.494118 0.494118 0.52549
v -0.00041097 0.311123 0.190812 0.494118 0.494118 0.52549
v 1.30818e-18 0.311109 0.190812 0.494118 0.494118 0.52549
v 0.00041097 0.311123 0.190812 0.494118 0.494118 0.52549
v 0.000819938 0.311166 0.190812 0.494118 0.494118 0.52549
v 0.00122491 0.311237 0.190812 0.494118 0.494118 0.52549
v 0.00162392 0.311337 0.190812 0.494118 0.494118 0.52549
v 0.00201501 0.311464 0.190812 0.494118 0.494118 0.52549
v 0.00239629 0.311618 0.190812 0.494118 0.494118 0.52549
v 0.00276589 0.311798 0.190812 0.494118 0.494118 0.52549
v 0.00312202 0.312004 0.190812 0.494118 0.494118 0.52549
v 0.00346294 0.312234 0.190812 0.494118 0.494118 0.52549
v 0.00378698 0.312487 0.190812 0.494118 0.494118 0.52549
v 0.00409258 0.312762 0.190812 0.494118 0.494118 0.52549
v 0.00437824 0.313058 0.190812 0.494118 0.494118 0.52549
v 0.00464256 0.313373 0.190812 0.494118 0.494118 0.52549
v 0.00488427 0.313706 0.190812 0.494118 0.494118 0.52549
v 0.00510219 0.314054 0.190812 0.494118 0.494118 0.52549
v 0.00529524 0.314417 0.190812 0.494118 0.494118 0.52549
v 0.0054625 0.314793 0.190812 0.494118 0.494118 0.52549
v 0.00560315 0.315179 0.190812 0.494118 0.494118 0.52549
v 0.0057165 0.315575 0.190812 0.494118 0.494118 0.52549
v 0.00580199 0.315977 0.190812 0.494118 0.494118 0.52549
v 0.00585922 0.316384 0.190812 0.494118 0.494118 0.52549
v 0.00588791 0.316794 0.190812 0.494118 0.494118 0.52549
v 0.00588791 0.317206 0.190812 0.494118 0.494118 0.52549
v 0.00585922 0.317616 0.190812 0.494118 0.494118 0.52549
v 0.00580199 0.318023 0.190812 0.494118 0.494118 0.52549
v 0.0057165 0.318425 0.190812 0.494118 0.494118 0.52549
v 0.00560315 0.318821 0.190812 0.494118 0.494118 0.52549
v 0.0054625 0.319207 0.190812 0.494118 0.494118 0.52549
v 0.00529524 0.319583 0.190812 0.494118 0.494118 0.52549
v 0.00510219 0.319946 0.190812 0.494118 0.494118 0.52549
v 0.00488427 0.320294 0.190812 0.494118 0.494118 0.52549
v 0.00464256 0.320627 0.190812 0.494118 0.494118 0.52549
v 0.00437824 0.320942 0.190812 0.494118 0.494118 0.52549
v 0.00409258 0.321238 0.190812 0.494118 0.494118 0.52549
v 0.00378698 0.321513 0.190812 0.494118 0.494118 0.52549
v 0.00346294 0.321766 0.190812 0.494118 0.494118 0.52549
v 0.00312202 0.321996 0.190812 0.494118 0.494118 0.52549
v 0.00276589 0.322202 0.190812 0.494118 0.494118 0.52549
v 0.00239629 0.322382 0.190812 0.494118 0.494118 0.52549
v 0.00201501 0.322536 0.190812 0.494118 0.494118 0.52549
v 0.00162392 0.322663 0.190812 0.494118 0.494118 0.52549
v 0.00122491 0.322763 0.190812 0.494118 0.494118 0.52549
v 0.000819938 0.322834 0.190812 0.494118 0.494118 0.52549
v 0.00041097 0.322877 0.190812 0.494118 0.494118 0.52549
v 0 0.322168 0.191186 0.494118 0.494118 0.52549
v -0.00036048 0.322155 0.191186 0.494118 0.494118 0.52549
v -0.000719204 0.322117 0.191186 0.494118 0.494118 0.52549
v -0.00107442 0.322055 0.191186 0.494118 0.494118 0.52549
v -0.00142441 0.321968 0.191186 0.494118 0.494118 0.52549
v -0.00176746 0.321856 0.191186 0.494118 0.494118 0.52549
v -0.00210189 0.321721 0.191186 0.494118 0.494118 0.52549
v -0.00242609 0.321563 0.191186 0.494118 0.494118 0.52549
v -0.00273846 0.321382 0.191186 0.494118 0.494118 0.52549
v -0.0030375 0.321181 0.191186 0.494118 0.494118 0.52549
v -0.00332173 0.320959 0.191186 0.494118 0.494118 0.52549
v -0.00358978 0.320717 0.191186 0.494118 0.494118 0.52549
v -0.00384035 0.320458 0.191186 0.494118 0.494118 0.52549
v -0.0040722 0.320182 0.191186 0.494118 0.494118 0.52549
v -0.00428422 0.31989 0.191186 0.494118 0.494118 0.52549
v -0.00447536 0.319584 0.191186 0.494118 0.494118 0.52549
v -0.0046447 0.319265 0.191186 0.494118 0.494118 0.52549
v -0.00479141 0.318936 0.191186 0.494118 0.494118 0.52549
v -0.00491477 0.318597 0.191186 0.494118 0.494118 0.52549
v -0.00501419 0.31825 0.191186 0.494118 0.494118 0.52549
v -0.00508919 0.317897 0.191186 0.494118 0.494118 0.52549
v -0.00513939 0.31754 0.191186 0.494118 0.494118 0.52549
v -0.00516455 0.31718 0.191186 0.494118 0.494118 0.52549
v -0.00516455 0.31682 0.191186 0.494118 0.494118 0.52549
v -0.00513939 0.31646 0.191186 0.494118 0.494118 0.52549
v -0.00508919 0.316103 0.191186 0.494118 0.494118 0.52549
v -0.00501419 0.31575 0.191186 0.494118 0.494118 0.52549
v -0.00491477 0.315403 0.191186 0.494118 0.494118 0.52549
v -0.00479141 0.315064 0.191186 0.494118 0.494118 0.52549
v -0.0046447 0.314735 0.191186 0.494118 0.494118 0.52549
v -0.00447536 0.314416 0.191186 0.494118 0.494118 0.52549
v -0.00428422 0.31411 0.191186 0.494118 0.494118 0.52549
v -0.0040722 0.313818 0.191186 0.494118 0.494118 0.52549
v -0.00384035 0.313542 0.191186 0.494118 0.494118 0.52549
v -0.00358978 0.313283 0.191186 0.494118 0.494118 0.52549
v -0.00332173 0.313041 0.191186 0.494118 0.494118 0.52549
v -0.0030375 0.312819 0.191186 0.494118 0.494118 0.52549
v -0.00273846 0.312618 0.191186 0.494118 0.494118 0.52549
v -0.00242609 0.312437 0.191186 0.494118 0.494118 0.52549
v -0.00210189 0.312279 0.191186 0.494118 0.494118 0.52549
v -0.00176746 0.312144 0.191186 0.494118 0.494118 0.52549
v -0.00142441 0.312032 0.191186 0.494118 0.494118 0.52549
v -0.00107442 0.311945 0.191186 0.494118 0.494118 0.52549
v -0.000719204 0.311883 0.191186 0.494118 0.494118 0.52549
v -0.00036048 0.311845 0.191186 0.494118 0.494118 0.52549
v 1.14746e-18 0.311832 0.191186 0.494118 0.494118 0.52549
v 0.00036048 0.311845 0.191186 0.494118 0.494118 0.52549
v 0.000719204 0.311883 0.191186 0.494118 0.494118 0.52549
v 0.00107442 0.311945 0.191186 0.494118 0.494118 0.52549
v 0.00142441 0.312032 0.191186 0.494118 0.494118 0.52549
v 0.00176746 0.312144 0.191186 0.494118 0.494118 0.52549
v 0.00210189 0.312279 0.191186 0.494118 0.494118 0.52549
v 0.00242609 0.312437 0.191186 0.494118 0.494118 0.52549
v 0.00273846 0.312618 0.191186 0.494118 0.494118 0.52549
v 0.0030375 0.312819 0.191186 0.494118 0.494118 0.52549
v 0.00332173 0.313041 0.191186 0.494118 0.494118 0.52549
v 0.00358978 0.313283 0.191186 0.494118 0.494118 0.52549
v 0.00384035 0.313542 0.191186 0.494118 0.494118 0.52549
v 0.0040722 0.313818 0.191186 0.494118 0.494118 0.52549
v 0.00428422 0.31411 0.191186 0.494118 0.494118 0.52549
v 0.00447536 0.314416 0.191186 0.494118 0.494118 0.52549
v 0.0046447 0.314735 0.191186 0.494118 0.494118 0.52549
v 0.00479141 0.315064 0.191186 0.494118 0.494118 0.52549
v 0.00491477 0.315403 0.191186 0.494118 0.494118 0.52549
v 0.00501419 0.31575 0.191186 0.494118 0.494118 0.52549
v 0.00508919 0.316103 0.191186 0.494118 0.494118 0.52549
v 0.00513939 0.31646 0.191186 0.494118 0.494118 0.52549
v 0.00516455 0.31682 0.191186 0.494118 0.494118 0.52549
v 0.00516455 0.31718 0.191186 0.494118 0.494118 0.52549
v 0.00513939 0.31754 0.191186 0.494118 0.494118 0.52549
v 0.00508919 0.317897 0.191186 0.494118 0.494118 0.52549
v 0.00501419 0.31825 0.191186 0.494118 0.494118 0.52549
v 0.00491477 0.318597 0.191186 0.494118 0.494118 0.52549
v 0.00479141 0.318936 0.191186 0.494118 0.494118 0.52549
v 0.0046447 0.319265 0.191186 0.494118 0.494118 0.52549
v 0.00447536 0.319584 0.191186 0.494118 0.494118 0.52549
v 0.00428422 0.31989 0.191186 0.494118 0.494118 0.52549
v 0.0040722 0.320182 0.191186 0.494118 0.494118 0.52549
v 0.00384035 0.320458 0.191186 0.494118 0.494118 0.52549
v 0.00358978 0.320717 0.191186 0.494118 0.494118 0.52549
v 0.00332173 0.320959 0.191186 0.494118 0.494118 0.52549
v 0.0030375 0.321181 0.191186 0.494118 0.494118 0.52549
v 0.00273846 0.321382 0.191186 0.494118 0.494118 0.52549
v 0.00242609 0.321563 0.191186 0.494118 0.494118 0.52549
v 0.00210189 0.321721 0.191186 0.494118 0.494118 0.52549
v 0.00176746 0.321856 0.191186 0.494118 0.494118 0.52549
v 0.00142441 0.321968 0.191186 0.494118 0.494118 0.52549
v 0.00107442 0.322055 0.191186 0.494118 0.494118 0.52549
v 0.000719204 0.322117 0.191186 0.494118 0.494118 0.52549
v 0.00036048 0.322155 0.191186 0.494118 0.494118 0.52549
v 0 0.32142 0.19151 0.494118 0.494118 0.52549
v -0.000308342 0.32141 0.19151 0.494118 0.494118 0.52549
v -0.000615183 0.321377 0.19151 0.494118 0.494118 0.52549
v -0.000919026 0.321324 0.19151 0.494118 0.494118 0.52549
v -0.00121839 0.321249 0.19151 0.494118 0.494118 0.52549
v -0.00151182 0.321154 0.19151 0.494118 0.494118 0.52549
v -0.00179789 0.321038 0.19151 0.494118 0.494118 0.52549
v -0.00207519 0.320903 0.19151 0.494118 0.494118 0.52549
v -0.00234239 0.320749 0.19151 0.494118 0.494118 0.52549
v -0.00259817 0.320576 0.19151 0.494118 0.494118 0.52549
v -0.00284129 0.320386 0.19151 0.494118 0.494118 0.52549
v -0.00307058 0.32018 0.19151 0.494118 0.494118 0.52549
v -0.0032849 0.319958 0.19151 0.494118 0.494118 0.52549
v -0.00348322 0.319721 0.19151 0.494118 0.494118 0.52549
v -0.00366457 0.319472 0.19151 0.494118 0.494118 0.52549
v -0.00382807 0.31921 0.19151 0.494118 0.494118 0.52549
v -0.00397291 0.318938 0.19151 0.494118 0.494118 0.52549
v -0.0040984 0.318656 0.19151 0.494118 0.494118 0.52549
v -0.00420393 0.318366 0.19151 0.494118 0.494118 0.52549
v -0.00428897 0.318069 0.19151 0.494118 0.494118 0.52549
v -0.00435312 0.317768 0.19151 0.494118 0.494118 0.52549
v -0.00439605 0.317462 0.19151 0.494118 0.494118 0.52549
v -0.00441758 0.317154 0.19151 0.494118 0.494118 0.52549
v -0.00441758 0.316846 0.19151 0.494118 0.494118 0.52549
v -0.00439605 0.316538 0.19151 0.494118 0.494118 0.52549
v -0.00435312 0.316232 0.19151 0.494118 0.494118 0.52549
v -0.00428897 0.315931 0.19151 0.494118 0.494118 0.52549
v -0.00420393 0.315634 0.19151 0.494118 0.494118 0.52549
v -0.0040984 0.315344 0.19151 0.494118 0.494118 0.52549
v -0.00397291 0.315062 0.19151 0.494118 0.494118 0.52549
v -0.00382807 0.31479 0.19151 0.494118 0.494118 0.52549
v -0.00366457 0.314528 0.19151 0.494118 0.494118 0.52549
v -0.00348322 0.314279 0.19151 0.494118 0.494118 0.52549
v -0.0032849 0.314042 0.19151 0.494118 0.494118 0.52549
v -0.00307058 0.31382 0.19151 0.494118 0.494118 0.52549
v -0.00284129 0.313614 0.19151 0.494118 0.494118 0.52549
v -0.00259817 0.313424 0.19151 0.494118 0.494118 0.52549
v -0.00234239 0.313251 0.19151 0.494118 0.494118 0.52549
v -0.00207519 0.313097 0.19151 0.494118 0.494118 0.52549
v -0.00179789 0.312962 0.19151 0.494118 0.494118 0.52549
v -0.00151182 0.312846 0.19151 0.494118 0.494118 0.52549
v -0.00121839 0.312751 0.19151 0.494118 0.494118 0.52549
v -0.000919026 0.312676 0.19151 0.494118 0.494118 0.52549
v -0.000615183 0.312623 0.19151 0.494118 0.494118 0.52549
v -0.000308342 0.31259 0.19151 0.494118 0.494118 0.52549
v 9.81497e-19 0.31258 0.19151 0.494118 0.494118 0.52549
v 0.000308342 0.31259 0.19151 0.494118 0.494118 0.52549
v 0.000615183 0.312623 0.19151 0.494118 0.494118 0.52549
v 0.000919026 0.312676 0.19151 0.494118 0.494118 0.52549
v 0.00121839 0.312751 0.19151 0.494118 0.494118 0.52549
v 0.00151182 0.312846 0.19151 0.494118 0.494118 0.52549
v 0.00179789 0.312962 0.19151 0.494118 0.494118 0.52549
v 0.00207519 0.313097 0.19151 0.494118 0.494118 0.52549
v 0.00234239 0.313251 0.19151 0.494118 0.494118 0.52549
v 0.00259817 0.313424 0.19151 0.494118 0.494118 0.52549
v 0.00284129 0.313614 0.19151 0.494118 0.494118 0.52549
v 0.00307058 0.31382 0.19151 0.494118 0.494118 0.52549
v 0.0032849 0.314042 0.19151 0.494118 0.494118 0.52549
v 0.00348322 0.314279 0.19151 0.494118 0.494118 0.52549
v 0.00366457 0.314528 0.19151 0.494118 0.494118 0.52549
v 0.00382807 0.31479 0.19151 0.494118 0.494118 0.52549
v 0.00397291 0.315062 0.19151 0.494118 0.494118 0.52549
v 0.0040984 0.315344 0.19151 0.494118 0.494118 0.52549
v 0.00420393 0.315634 0.19151 0.494118 0.494118 0.52549
v 0.00428897 0.315931 0.19151 0.494118 0.494118 0.52549
v 0.00435312 0.316232 0.19151 0.494118 0.494118 0.52549
v 0.00439605 0.316538 0.19151 0.494118 0.494118 0.52549
v 0.00441758 0.316846 0.19151 0.494118 0.494118 0.52549
v 0.00441758 0.317154 0.19151 0.494118 0.494118 0.52549
v 0.00439605 0.317462 0.19151 0.494118 0.494118 0.52549
v 0.00435312 0.317768 0.19151 0.494118 0.494118 0.52549
v 0.00428897 0.318069 0.19151 0.494118 0.494118 0.52549
v 0.00420393 0.318366 0.19151 0.494118 0.494118 0.52549
v 0.0040984 0.318656 0.19151 0.494118 0.494118 0.52549
v 0.00397291 0.318938 0.19151 0.494118 0.494118 0.52549
v 0.00382807 0.31921 0.19151 0.494118 0.494118 0.52549
v 0.00366457 0.319472 0.19151 0.494118 0.494118 0.52549
v 0.00348322 0.319721 0.19151 0.494118 0.494118 0.52549
v 0.0032849 0.319958 0.19151 0.494118 0.494118 0.52549
v 0.00307058 0.32018 0.19151 0.494118 0.494118 0.52549
v 0.00284129 0.320386 0.19151 0.494118 0.494118 0.52549
v 0.00259817 0.320576 0.19151 0.494118 0.494118 0.52549
v 0.00234239 0.320749 0.19151 0.494118 0.494118 0.52549
v 0.00207519 0.320903 0.19151 0.494118 0.494118 0.52549
v 0.00179789 0.321038 0.19151 0.494118 0.494118 0.52549
v 0.00151182 0.321154 0.19151 0.494118 0.494118 0.52549
v 0.00121839 0.321249 0.19151 0.494118 0.494118 0.52549
v 0.000919026 0.321324 0.19151 0.494118 0.494118 0.52549
v 0.000615183 0.321377 0.19151 0.494118 0.494118 0.52549
v 0.000308342 0.32141 0.19151 0.494118 0.494118 0.52549
v 0 0.320653 0.191783 0.494118 0.494118 0.52549
v -0.000254795 0.320644 0.191783 0.494118 0.494118 0.52549
v -0.000508348 0.320617 0.191783 0.494118 0.494118 0.52549
v -0.000759425 0.320573 0.191783 0.494118 0.494118 0.52549
v -0.0010068 0.320511 0.191783 0.494118 0.494118 0.52549
v -0.00124927 0.320432 0.191783 0.494118 0.494118 0.52549
v -0.00148566 0.320337 0.191783 0.494118 0.494118 0.52549
v -0.00171481 0.320225 0.191783 0.494118 0.494118 0.52549
v -0.0019356 0.320098 0.191783 0.494118 0.494118 0.52549
v -0.00214696 0.319955 0.191783 0.494118 0.494118 0.52549
v -0.00234787 0.319798 0.191783 0.494118 0.494118 0.52549
v -0.00253733 0.319627 0.191783 0.494118 0.494118 0.52549
v -0.00271444 0.319444 0.191783 0.494118 0.494118 0.52549
v -0.00287831 0.319249 0.191783 0.494118 0.494118 0.52549
v -0.00302817 0.319043 0.191783 0.494118 0.494118 0.52549
v -0.00316327 0.318826 0.191783 0.494118 0.494118 0.52549
v -0.00328296 0.318601 0.191783 0.494118 0.494118 0.52549
v -0.00338666 0.318368 0.191783 0.494118 0.494118 0.52549
v -0.00347386 0.318129 0.191783 0.494118 0.494118 0.52549
v -0.00354413 0.317884 0.191783 0.494118 0.494118 0.52549
v -0.00359714 0.317634 0.191783 0.494118 0.494118 0.52549
v -0.00363262 0.317382 0.191783 0.494118 0.494118 0.52549
v -0.00365041 0.317127 0.191783 0.494118 0.494118 0.52549
v -0.00365041 0.316873 0.191783 0.494118 0.494118 0.52549
v -0.00363262 0.316618 0.191783 0.494118 0.494118 0.52549
v -0.00359714 0.316366 0.191783 0.494118 0.494118 0.52549
v -0.00354413 0.316116 0.191783 0.494118 0.494118 0.52549
v -0.00347386 0.315871 0.191783 0.494118 0.494118 0.52549
v -0.00338666 0.315632 0.191783 0.494118 0.494118 0.52549
v -0.00328296 0.315399 0.191783 0.494118 0.494118 0.52549
v -0.00316327 0.315174 0.191783 0.494118 0.494118 0.52549
v -0.00302817 0.314957 0.191783 0.494118 0.494118 0.52549
v -0.00287831 0.314751 0.191783 0.494118 0.494118 0.52549
v -0.00271444 0.314556 0.191783 0.494118 0.494118 0.52549
v -0.00253733 0.314373 0.191783 0.494118 0.494118 0.52549
v -0.00234787 0.314202 0.191783 0.494118 0.494118 0.52549
v -0.00214696 0.314045 0.191783 0.494118 0.494118 0.52549
v -0.0019356 0.313902 0.191783 0.494118 0.494118 0.52549
v -0.00171481 0.313775 0.191783 0.494118 0.494118 0.52549
v -0.00148566 0.313663 0.191783 0.494118 0.494118 0.52549
v -0.00124927 0.313568 0.191783 0.494118 0.494118 0.52549
v -0.0010068 0.313489 0.191783 0.494118 0.494118 0.52549
v -0.000759425 0.313427 0.191783 0.494118 0.494118 0.52549
v -0.000508348 0.313383 0.191783 0.494118 0.494118 0.52549
v -0.000254795 0.313356 0.191783 0.494118 0.494118 0.52549
v 8.11047e-19 0.313347 0.191783 0.494118 0.494118 0.52549
v 0.000254795 0.313356 0.191783 0.494118 0.494118 0.52549
v 0.000508348 0.313383 0.191783 0.494118 0.494118 0.52549
v 0.000759425 0.313427 0.191783 0.494118 0.494118 0.52549
v 0.0010068 0.313489 0.191783 0.494118 0.494118 0.52549
v 0.00124927 0.313568 0.191783 0.494118 0.494118 0.52549
v 0.00148566 0.313663 0.191783 0.494118 0.494118 0.52549
v 0.00171481 0.313775 0.191783 0.494118 0.494118 0.52549
v 0.0019356 0.313902 0.191783 0.494118 0.494118 0.52549
v 0.00214696 0.314045 0.191783 0.494118 0.494118 0.52549
v 0.00234787 0.314202 0.191783 0.494118 0.494118 0.52549
v 0.00253733 0.314373 0.191783 0.494118 0.494118 0.52549
v 0.00271444 0.314556 0.191783 0.494118 0.494118 0.52549
v 0.00287831 0.314751 0.191783 0.494118 0.494118 0.52549
v 0.00302817 0.314957 0.191783 0.494118 0.494118 0.52549
v 0.00316327 0.315174 0.191783 0.494118 0.494118 0.52549
v 0.00328296 0.315399 0.191783 0.494118 0.494118 0.52549
v 0.00338666 0.315632 0.191783 0.494118 0.494118 0.52549
v 0.00347386 0.315871 0.191783 0.494118 0.494118 0.52549
v 0.00354413 0.316116 0.191783 0.494118 0.494118 0.52549
v 0.00359714 0.316366 0.191783 0.494118 0.494118 0.52549
v 0.00363262 0.316618 0.191783 0.494118 0.494118 0.52549
v 0.00365041 0.316873 0.191783 0.494118 0.494118 0.52549
v 0.00365041 0.317127 0.191783 0.494118 0.494118 0.52549
v 0.00363262 0.317382 0.191783 0.494118 0.494118 0.52549
v 0.00359714 0.317634 0.191783 0.494118 0.494118 0.52549
v 0.00354413 0.317884 0.191783 0.494118 0.494118 0.52549
v 0.00347386 0.318129 0.191783 0.494118 0.494118 0.52549
v 0.00338666 0.318368 0.191783 0.494118 0.494118 0.52549
v 0.00328296 0.318601 0.191783 0.494118 0.494118 0.52549
v 0.00316327 0.318826 0.191783 0.494118 0.494118 0.52549
v 0.00302817 0.319043 0.191783 0.494118 0.494118 0.52549
v 0.00287831 0.319249 0.191783 0.494118 0.494118 0.52549
v 0.00271444 0.319444 0.191783 0.494118 0.494118 0.52549
v 0.00253733 0.319627 0.191783 0.494118 0.494118 0.52549
v 0.00234787 0.319798 0.191783 0.494118 0.494118 0.52549
v 0.00214696 0.319955 0.191783 0.494118 0.494118 0.52549
v 0.0019356 0.320098 0.191783 0.494118 0.494118 0.52549
v 0.00171481 0.320225 0.191783 0.494118 0.494118 0.52549
v 0.00148566 0.320337 0.191783 0.494118 0.494118 0.52549
v 0.00124927 0.320432 0.191783 0.494118 0.494118 0.52549
v 0.0010068 0.320511 0.191783 0.494118 0.494118 0.52549
v 0.000759425 0.320573 0.191783 0.494118 0.494118 0.52549
v 0.000508348 0.320617 0.191783 0.494118 0.494118 0.52549
v 0.000254795 0.320644 0.191783 0.494118 0.494118 0.52549
v 0 0.319868 0.192004 0.494118 0.494118 0.52549
v -0.000200082 0.319861 0.192004 0.494118 0.494118 0.52549
v -0.00039919 0.31984 0.192004 0.494118 0.494118 0.52549
v -0.000596353 0.319806 0.192004 0.494118 0.494118 0.52549
v -0.00079061 0.319757 0.192004 0.494118 0.494118 0.52549
v -0.000981015 0.319695 0.192004 0.494118 0.494118 0.52549
v -0.00116664 0.31962 0.192004 0.494118 0.494118 0.52549
v -0.00134658 0.319533 0.192004 0.494118 0.494118 0.52549
v -0.00151997 0.319432 0.192004 0.494118 0.494118 0.52549
v -0.00226025 0.318766 0.192004 0.494118 0.494118 0.52549
v -0.00237793 0.318604 0.192004 0.494118 0.494118 0.52549
v -0.00248402 0.318434 0.192004 0.494118 0.494118 0.52549
v -0.00257801 0.318257 0.192004 0.494118 0.494118 0.52549
v -0.00265944 0.318074 0.192004 0.494118 0.494118 0.52549
v -0.00272791 0.317886 0.192004 0.494118 0.494118 0.52549
v -0.0027831 0.317694 0.192004 0.494118 0.494118 0.52549
v -0.00282472 0.317498 0.192004 0.494118 0.494118 0.52549
v -0.00285258 0.3173 0.192004 0.494118 0.494118 0.52549
v -0.00286655 0.3171 0.192004 0.494118 0.494118 0.52549
v -0.00286655 0.3169 0.192004 0.494118 0.494118 0.52549
v -0.00285258 0.3167 0.192004 0.494118 0.494118 0.52549
v -0.00282472 0.316502 0.192004 0.494118 0.494118 0.52549
v -0.0027831 0.316306 0.192004 0.494118 0.494118 0.52549
v -0.00272791 0.316114 0.192004 0.494118 0.494118 0.52549
v -0.00265944 0.315926 0.192004 0.494118 0.494118 0.52549
v -0.00257801 0.315743 0.192004 0.494118 0.494118 0.52549
v -0.00248402 0.315566 0.192004 0.494118 0.494118 0.52549
v -0.00237793 0.315396 0.192004 0.494118 0.494118 0.52549
v -0.00168594 0.314679 0.192004 0.494118 0.494118 0.52549
v -0.00151997 0.314568 0.192004 0.494118 0.494118 0.52549
v -0.00134658 0.314467 0.192004 0.494118 0.494118 0.52549
v -0.00116664 0.31438 0.192004 0.494118 0.494118 0.52549
v -0.000981015 0.314305 0.192004 0.494118 0.494118 0.52549
v -0.00079061 0.314243 0.192004 0.494118 0.494118 0.52549
v -0.000596353 0.314194 0.192004 0.494118 0.494118 0.52549
v -0.00039919 0.31416 0.192004 0.494118 0.494118 0.52549
v -0.000200082 0.314139 0.192004 0.494118 0.494118 0.52549
v 6.3689e-19 0.314132 0.192004 0.494118 0.494118 0.52549
v 0.000200082 0.314139 0.192004 0.494118 0.494118 0.52549
v 0.00039919 0.31416 0.192004 0.494118 0.494118 0.52549
v 0.000596353 0.314194 0.192004 0.494118 0.494118 0.52549
v 0.00079061 0.314243 0.192004 0.494118 0.494118 0.52549
v 0.000981015 0.314305 0.192004 0.494118 0.494118 0.52549
v 0.00116664 0.31438 0.192004 0.494118 0.494118 0.52549
v 0.00134658 0.314467 0.192004 0.494118 0.494118 0.52549
v 0.00151997 0.314568 0.192004 0.494118 0.494118 0.52549
v 0.00226025 0.315234 0.192004 0.494118 0.494118 0.52549
v 0.00237793 0.315396 0.192004 0.494118 0.494118 0.52549
v 0.00248402 0.315566 0.192004 0.494118 0.494118 0.52549
v 0.00257801 0.315743 0.192004 0.494118 0.494118 0.52549
v 0.00265944 0.315926 0.192004 0.494118 0.494118 0.52549
v 0.00272791 0.316114 0.192004 0.494118 0.494118 0.52549
v 0.0027831 0.316306 0.192004 0.494118 0.494118 0.52549
v 0.00282472 0.316502 0.192004 0.494118 0.494118 0.52549
v 0.00285258 0.3167 0.192004 0.494118 0.494118 0.52549
v 0.00286655 0.3169 0.192004 0.494118 0.494118 0.52549
v 0.00286655 0.3171 0.192004 0.494118 0.494118 0.52549
v 0.00285258 0.3173 0.192004 0.494118 0.494118 0.52549
v 0.00282472 0.317498 0.192004 0.494118 0.494118 0.52549
v 0.0027831 0.317694 0.192004 0.494118 0.494118 0.52549
v 0.00272791 0.317886 0.192004 0.494118 0.494118 0.52549
v 0.00265944 0.318074 0.192004 0.494118 0.494118 0.52549
v 0.00257801 0.318257 0.192004 0.494118 0.494118 0.52549
v 0.00248402 0.318434 0.192004 0.494118 0.494118 0.52549
v 0.00237793 0.318604 0.192004 0.494118 0.494118 0.52549
v 0.00168594 0.319321 0.192004 0.494118 0.494118 0.52549
v 0.00151997 0.319432 0.192004 0.494118 0.494118 0.52549
v 0.00134658 0.319533 0.192004 0.494118 0.494118 0.52549
v 0.00116664 0.31962 0.192004 0.494118 0.494118 0.52549
v 0.000981015 0.319695 0.192004 0.494118 0.494118 0.52549
v 0.00079061 0.319757 0.192004 0.494118 0.494118 0.52549
v 0.000596353 0.319806 0.192004 0.494118 0.494118 0.52549
v 0.00039919 0.31984 0.192004 0.494118 0.494118 0.52549
v 0.000200082 0.319861 0.192004 0.494118 0.494118 0.52549
v 0.00226025 0.318766 0.192004 0.494118 0.494118 0.52549
v 0.00168594 0.314679 0.192004 0.494118 0.494118 0.52549
v -0.00226025 0.315234 0.192004 0.494118 0.494118 0.52549
v -0.00168594 0.319321 0.192004 0.494118 0.494118 0.52549
v -0.0022 0.3192 0.1867 0.494118 0.494118 0.52549
v 0.0022 0.3192 0.1867 0.494118 0.494118 0.52549
v -0.0022 0.3148 0.1867 0.494118 0.494118 0.52549
v 0.0022 0.3148 0.1867 0.494118 0.494118 0.52549
vn 0 -6.12323e-17 -1
vn -0 0.93581 -0.352505
vn -0 0.90985 -0.414938
vn -0.0634679 0.907633 -0.414938
vn -0.0652788 0.93353 -0.352505
vn -0.126627 0.900995 -0.414938
vn -0.13024 0.926703 -0.352505
vn -0.189168 0.889967 -0.414938
vn -0.194566 0.91536 -0.352505
vn -0.250789 0.874604 -0.414938
vn -0.257944 0.899558 -0.352505
vn -0.311187 0.854979 -0.414938
vn -0.320066 0.879374 -0.352505
vn -0.370069 0.831189 -0.414938
vn -0.380628 0.854905 -0.352505
vn -0.427149 0.80335 -0.414938
vn -0.439336 0.826271 -0.352505
vn -0.482147 0.771596 -0.414938
vn -0.495904 0.793612 -0.352505
vn -0.534796 0.736084 -0.414938
vn -0.550055 0.757086 -0.352505
vn -0.58484 0.696985 -0.414938
vn -0.601527 0.716872 -0.352505
vn -0.632035 0.654491 -0.414938
vn -0.650068 0.673165 -0.352505
vn -0.67615 0.608808 -0.414938
vn -0.695442 0.626179 -0.352505
vn -0.716971 0.560159 -0.414938
vn -0.737428 0.576142 -0.352505
vn -0.7543 0.508782 -0.414938
vn -0.775822 0.523298 -0.352505
vn -0.787953 0.454925 -0.414938
vn -0.810435 0.467905 -0.352505
vn -0.817768 0.398852 -0.414938
vn -0.8411 0.410232 -0.352505
vn -0.843598 0.340836 -0.414938
vn -0.867668 0.350561 -0.352505
vn -0.865319 0.281159 -0.414938
vn -0.890008 0.289181 -0.352505
vn -0.882823 0.220113 -0.414938
vn -0.908012 0.226393 -0.352505
vn -0.896027 0.157994 -0.414938
vn -0.921593 0.162502 -0.352505
vn -0.904866 0.0951052 -0.414938
vn -0.930684 0.0978188 -0.352505
vn -0.909296 0.0317533 -0.414938
vn -0.93524 0.0326593 -0.352505
vn -0.909296 -0.0317533 -0.414938
vn -0.93524 -0.0326593 -0.352505
vn -0.904866 -0.0951052 -0.414938
vn -0.930684 -0.0978188 -0.352505
vn -0.896027 -0.157994 -0.414938
vn -0.921593 -0.162502 -0.352505
vn -0.882823 -0.220113 -0.414938
vn -0.908012 -0.226393 -0.352505
vn -0.865319 -0.281159 -0.414938
vn -0.890008 -0.289181 -0.352505
vn -0.843598 -0.340836 -0.414938
vn -0.867668 -0.350561 -0.352505
vn -0.817768 -0.398852 -0.414938
vn -0.8411 -0.410232 -0.352505
vn -0.787953 -0.454925 -0.414938
vn -0.810435 -0.467905 -0.352505
vn -0.7543 -0.508782 -0.414938
vn -0.775822 -0.523298 -0.352505
vn -0.716971 -0.560159 -0.414938
vn -0.737428 -0.576142 -0.352505
vn -0.67615 -0.608808 -0.414938
vn -0.695442 -0.626179 -0.352505
vn -0.632035 -0.654491 -0.414938
vn -0.650068 -0.673165 -0.352505
vn -0.58484 -0.696985 -0.414938
vn -0.601527 -0.716872 -0.352505
vn -0.534796 -0.736084 -0.414938
vn -0.550055 -0.757086 -0.352505
vn -0.482147 -0.771596 -0.414938
vn -0.495904 -0.793612 -0.352505
vn -0.427149 -0.80335 -0.414938
vn -0.439336 -0.826271 -0.352505
vn -0.370069 -0.831189 -0.414938
vn -0.380628 -0.854905 -0.352505
vn -0.311187 -0.854979 -0.414938
vn -0.320066 -0.879374 -0.352505
vn -0.250789 -0.874604 -0.414938
vn -0.257944 -0.899558 -0.352505
vn -0.189168 -0.889967 -0.414938
vn -0.194566 -0.91536 -0.352505
vn -0.126627 -0.900995 -0.414938
vn -0.13024 -0.926703 -0.352505
vn -0.0634679 -0.907633 -0.414938
vn -0.0652788 -0.93353 -0.352505
vn 2.02027e-16 -0.90985 -0.414938
vn 2.07792e-16 -0.93581 -0.352505
vn 0.0634679 -0.907633 -0.414938
vn 0.0652788 -0.93353 -0.352505
vn 0.126627 -0.900995 -0.414938
vn 0.13024 -0.926703 -0.352505
vn 0.189168 -0.889967 -0.414938
vn 0.194566 -0.91536 -0.352505
vn 0.250789 -0.874604 -0.414938
vn 0.257944 -0.899558 -0.352505
vn 0.311187 -0.854979 -0.414938
vn 0.320066 -0.879374 -0.352505
vn 0.370069 -0.831189 -0.414938
vn 0.380628 -0.854905 -0.352505
vn 0.427149 -0.80335 -0.414938
vn 0.439336 -0.826271 -0.352505
vn 0.482147 -0.771596 -0.414938
vn 0.495904 -0.793612 -0.352505
vn 0.534796 -0.736084 -0.414938
vn 0.550055 -0.757086 -0.352505
vn 0.58484 -0.696985 -0.414938
vn 0.601527 -0.716872 -0.352505
vn 0.632035 -0.654491 -0.414938
vn 0.650068 -0.673165 -0.352505
vn 0.67615 -0.608808 -0.414938
vn 0.695442 -0.626179 -0.352505
vn 0.716971 -0.560159 -0.414938
vn 0.737428 -0.576142 -0.352505
vn 0.7543 -0.508782 -0.414938
vn 0.775822 -0.523298 -0.352505
vn 0.787953 -0.454925 -0.414938
vn 0.810435 -0.467905 -0.352505
vn 0.817768 -0.398852 -0.414938
vn 0.8411 -0.410232 -0.352505
vn 0.843598 -0.340836 -0.414938
vn 0.867668 -0.350561 -0.352505
vn 0.865319 -0.281159 -0.414938
vn 0.890008 -0.289181 -0.352505
vn 0.882823 -0.220113 -0.414938
vn 0.908012 -0.226393 -0.352505
vn 0.896027 -0.157994 -0.414938
vn 0.921593 -0.162502 -0.352505
vn 0.904866 -0.0951052 -0.414938
vn 0.930684 -0.0978188 -0.352505
vn 0.909296 -0.0317533 -0.414938
vn 0.93524 -0.0326593 -0.352505
vn 0.909296 0.0317533 -0.414938
vn 0.93524 0.0326593 -0.352505
vn 0.904866 0.0951052 -0.414938
vn 0.930684 0.0978188 -0.352505
vn 0.896027 0.157994 -0.414938
vn 0.921593 0.162502 -0.352505
vn 0.882823 0.220113 -0.414938
vn 0.908012 0.226393 -0.352505
vn 0.865319 0.281159 -0.414938
vn 0.890008 0.289181 -0.352505
vn 0.843598 0.340836 -0.414938
vn 0.867668 0.350561 -0.352505
vn 0.817768 0.398852 -0.414938
vn 0.8411 0.410232 -0.352505
vn 0.787953 0.454925 -0.414938
vn 0.810435 0.467905 -0.352505
vn 0.7543 0.508782 -0.414938
vn 0.775822 0.523298 -0.352505
vn 0.716971 0.560159 -0.414938
vn 0.737428 0.576142 -0.352505
vn 0.67615 0.608808 -0.414938
vn 0.695442 0.626179 -0.352505
vn 0.632035 0.654491 -0.414938
vn 0.650068 0.673165 -0.352505
vn 0.58484 0.696985 -0.414938
vn 0.601527 0.716872 -0.352505
vn 0.534796 0.736084 -0.414938
vn 0.550055 0.757086 -0.352505
vn 0.482147 0.771596 -0.414938
vn 0.495904 0.793612 -0.352505
vn 0.427149 0.80335 -0.414938
vn 0.439336 0.826271 -0.352505
vn 0.370069 0.831189 -0.414938
vn 0.380628 0.854905 -0.352505
vn 0.311187 0.854979 -0.414938
vn 0.320066 0.879374 -0.352505
vn 0.250789 0.874604 -0.414938
vn 0.257944 0.899558 -0.352505
vn 0.189168 0.889967 -0.414938
vn 0.194566 0.91536 -0.352505
vn 0.126627 0.900995 -0.414938
vn 0.13024 0.926703 -0.352505
vn 0.0634679 0.907633 -0.414938
vn 0.0652788 0.93353 -0.352505
vn -0 0.957492 -0.28846
vn -0.0667913 0.95516 -0.28846
vn -0.133257 0.948174 -0.28846
vn -0.199074 0.936568 -0.28846
vn -0.263921 0.9204 -0.28846
vn -0.327482 0.899748 -0.28846
vn -0.389447 0.874712 -0.28846
vn -0.449515 0.845415 -0.28846
vn -0.507393 0.811999 -0.28846
vn -0.5628 0.774627 -0.28846
vn -0.615464 0.733481 -0.28846
vn -0.66513 0.688762 -0.28846
vn -0.711555 0.640687 -0.28846
vn -0.754514 0.589491 -0.28846
vn -0.793797 0.535423 -0.28846
vn -0.829212 0.478746 -0.28846
vn -0.860588 0.419737 -0.28846
vn -0.887771 0.358683 -0.28846
vn -0.910629 0.295881 -0.28846
vn -0.92905 0.231638 -0.28846
vn -0.942945 0.166267 -0.28846
vn -0.952247 0.100085 -0.28846
vn -0.956909 0.033416 -0.28846
vn -0.956909 -0.033416 -0.28846
vn -0.952247 -0.100085 -0.28846
vn -0.942945 -0.166267 -0.28846
vn -0.92905 -0.231638 -0.28846
vn -0.910629 -0.295881 -0.28846
vn -0.887771 -0.358683 -0.28846
vn -0.860588 -0.419737 -0.28846
vn -0.829212 -0.478746 -0.28846
vn -0.793797 -0.535423 -0.28846
vn -0.754514 -0.589491 -0.28846
vn -0.711555 -0.640687 -0.28846
vn -0.66513 -0.688762 -0.28846
vn -0.615464 -0.733481 -0.28846
vn -0.5628 -0.774627 -0.28846
vn -0.507393 -0.811999 -0.28846
vn -0.449515 -0.845415 -0.28846
vn -0.389447 -0.874712 -0.28846
vn -0.327482 -0.899748 -0.28846
vn -0.263921 -0.9204 -0.28846
vn -0.199074 -0.936568 -0.28846
vn -0.133257 -0.948174 -0.28846
vn -0.0667913 -0.95516 -0.28846
vn 2.12606e-16 -0.957492 -0.28846
vn 0.0667913 -0.95516 -0.28846
vn 0.133257 -0.948174 -0.28846
vn 0.199074 -0.936568 -0.28846
vn 0.263921 -0.9204 -0.28846
vn 0.327482 -0.899748 -0.28846
vn 0.389447 -0.874712 -0.28846
vn 0.449515 -0.845415 -0.28846
vn 0.507393 -0.811999 -0.28846
vn 0.5628 -0.774627 -0.28846
vn 0.615464 -0.733481 -0.28846
vn 0.66513 -0.688762 -0.28846
vn 0.711555 -0.640687 -0.28846
vn 0.754514 -0.589491 -0.28846
vn 0.793797 -0.535423 -0.28846
vn 0.829212 -0.478746 -0.28846
vn 0.860588 -0.419737 -0.28846
vn 0.887771 -0.358683 -0.28846
vn 0.910629 -0.295881 -0.28846
vn 0.92905 -0.231638 -0.28846
vn 0.942945 -0.166267 -0.28846
vn 0.952247 -0.100085 -0.28846
vn 0.956909 -0.033416 -0.28846
vn 0.956909 0.033416 -0.28846
vn 0.952247 0.100085 -0.28846
vn 0.942945 0.166267 -0.28846
vn 0.92905 0.231638 -0.28846
vn 0.910629 0.295881 -0.28846
vn 0.887771 0.358683 -0.28846
vn 0.860588 0.419737 -0.28846
vn 0.829212 0.478746 -0.28846
vn 0.793797 0.535423 -0.28846
vn 0.754514 0.589491 -0.28846
vn 0.711555 0.640687 -0.28846
vn 0.66513 0.688762 -0.28846
vn 0.615464 0.733481 -0.28846
vn 0.5628 0.774627 -0.28846
vn 0.507393 0.811999 -0.28846
vn 0.449515 0.845415 -0.28846
vn 0.389447 0.874712 -0.28846
vn 0.327482 0.899748 -0.28846
vn 0.263921 0.9204 -0.28846
vn 0.199074 0.936568 -0.28846
vn 0.133257 0.948174 -0.28846
vn 0.0667913 0.95516 -0.28846
vn -0 0.974796 -0.223097
vn -0.0679984 0.972422 -0.223097
vn -0.135665 0.96531 -0.223097
vn -0.202672 0.953495 -0.223097
vn -0.26869 0.937034 -0.223097
vn -0.3334 0.916009 -0.223097
vn -0.396485 0.890521 -0.223097
vn -0.457639 0.860694 -0.223097
vn -0.516563 0.826674 -0.223097
vn -0.572971 0.788627 -0.223097
vn -0.626587 0.746737 -0.223097
vn -0.67715 0.70121 -0.223097
vn -0.724415 0.652266 -0.223097
vn -0.76815 0.600145 -0.223097
vn -0.808143 0.545099 -0.223097
vn -0.844198 0.487398 -0.223097
vn -0.876141 0.427323 -0.223097
vn -0.903815 0.365165 -0.223097
vn -0.927086 0.301229 -0.223097
vn -0.945841 0.235825 -0.223097
vn -0.959987 0.169272 -0.223097
vn -0.969456 0.101894 -0.223097
vn -0.974202 0.0340199 -0.223097
vn -0.974202 -0.0340199 -0.223097
vn -0.969456 -0.101894 -0.223097
vn -0.959987 -0.169272 -0.223097
vn -0.945841 -0.235825 -0.223097
vn -0.927086 -0.301229 -0.223097
vn -0.903815 -0.365165 -0.223097
vn -0.876141 -0.427323 -0.223097
vn -0.844198 -0.487398 -0.223097
vn -0.808143 -0.545099 -0.223097
vn -0.76815 -0.600145 -0.223097
vn -0.724415 -0.652266 -0.223097
vn -0.67715 -0.70121 -0.223097
vn -0.626587 -0.746737 -0.223097
vn -0.572971 -0.788627 -0.223097
vn -0.516563 -0.826674 -0.223097
vn -0.457639 -0.860694 -0.223097
vn -0.396485 -0.890521 -0.223097
vn -0.3334 -0.916009 -0.223097
vn -0.26869 -0.937034 -0.223097
vn -0.202672 -0.953495 -0.223097
vn -0.135665 -0.96531 -0.223097
vn -0.0679984 -0.972422 -0.223097
vn 2.16448e-16 -0.974796 -0.223097
vn 0.0679984 -0.972422 -0.223097
vn 0.135665 -0.96531 -0.223097
vn 0.202672 -0.953495 -0.223097
vn 0.26869 -0.937034 -0.223097
vn 0.3334 -0.916009 -0.223097
vn 0.396485 -0.890521 -0.223097
vn 0.457639 -0.860694 -0.223097
vn 0.516563 -0.826674 -0.223097
vn 0.572971 -0.788627 -0.223097
vn 0.626587 -0.746737 -0.223097
vn 0.67715 -0.70121 -0.223097
vn 0.724415 -0.652266 -0.223097
vn 0.76815 -0.600145 -0.223097
vn 0.808143 -0.545099 -0.223097
vn 0.844198 -0.487398 -0.223097
vn 0.876141 -0.427323 -0.223097
vn 0.903815 -0.365165 -0.223097
vn 0.927086 -0.301229 -0.223097
vn 0.945841 -0.235825 -0.223097
vn 0.959987 -0.169272 -0.223097
vn 0.969456 -0.101894 -0.223097
vn 0.974202 -0.0340199 -0.223097
vn 0.974202 0.0340199 -0.223097
vn 0.969456 0.101894 -0.223097
vn 0.959987 0.169272 -0.223097
vn 0.945841 0.235825 -0.223097
vn 0.927086 0.301229 -0.223097
vn 0.903815 0.365165 -0.223097
vn 0.876141 0.427323 -0.223097
vn 0.844198 0.487398 -0.223097
vn 0.808143 0.545099 -0.223097
vn 0.76815 0.600145 -0.223097
vn 0.724415 0.652266 -0.223097
vn 0.67715 0.70121 -0.223097
vn 0.626587 0.746737 -0.223097
vn 0.572971 0.788627 -0.223097
vn 0.516563 0.826674 -0.223097
vn 0.457639 0.860694 -0.223097
vn 0.396485 0.890521 -0.223097
vn 0.3334 0.916009 -0.223097
vn 0.26869 0.937034 -0.223097
vn 0.202672 0.953495 -0.223097
vn 0.135665 0.96531 -0.223097
vn 0.0679984 0.972422 -0.223097
vn -0 0.987644 -0.156713
vn -0.0688946 0.985238 -0.156713
vn -0.137453 0.978032 -0.156713
vn -0.205343 0.966062 -0.156713
vn -0.272232 0.949384 -0.156713
vn -0.337794 0.928082 -0.156713
vn -0.401711 0.902258 -0.156713
vn -0.463671 0.872038 -0.156713
vn -0.523372 0.83757 -0.156713
vn -0.580523 0.799021 -0.156713
vn -0.634845 0.756579 -0.156713
vn -0.686075 0.710452 -0.156713
vn -0.733963 0.660863 -0.156713
vn -0.778274 0.608054 -0.156713
vn -0.818794 0.552284 -0.156713
vn -0.855325 0.493822 -0.156713
vn -0.887689 0.432955 -0.156713
vn -0.915728 0.369978 -0.156713
vn -0.939305 0.305199 -0.156713
vn -0.958307 0.238933 -0.156713
vn -0.97264 0.171503 -0.156713
vn -0.982234 0.103237 -0.156713
vn -0.987042 0.0344683 -0.156713
vn -0.987042 -0.0344683 -0.156713
vn -0.982234 -0.103237 -0.156713
vn -0.97264 -0.171503 -0.156713
vn -0.958307 -0.238933 -0.156713
vn -0.939305 -0.305199 -0.156713
vn -0.915728 -0.369978 -0.156713
vn -0.887689 -0.432955 -0.156713
vn -0.855325 -0.493822 -0.156713
vn -0.818794 -0.552284 -0.156713
vn -0.778274 -0.608054 -0.156713
vn -0.733963 -0.660863 -0.156713
vn -0.686075 -0.710452 -0.156713
vn -0.634845 -0.756579 -0.156713
vn -0.580523 -0.799021 -0.156713
vn -0.523372 -0.83757 -0.156713
vn -0.463671 -0.872038 -0.156713
vn -0.401711 -0.902258 -0.156713
vn -0.337794 -0.928082 -0.156713
vn -0.272232 -0.949384 -0.156713
vn -0.205343 -0.966062 -0.156713
vn -0.137453 -0.978032 -0.156713
vn -0.0688946 -0.985238 -0.156713
vn 2.19301e-16 -0.987644 -0.156713
vn 0.0688946 -0.985238 -0.156713
vn 0.137453 -0.978032 -0.156713
vn 0.205343 -0.966062 -0.156713
vn 0.272232 -0.949384 -0.156713
vn 0.337794 -0.928082 -0.156713
vn 0.401711 -0.902258 -0.156713
vn 0.463671 -0.872038 -0.156713
vn 0.523372 -0.83757 -0.156713
vn 0.580523 -0.799021 -0.156713
vn 0.634845 -0.756579 -0.156713
vn 0.686075 -0.710452 -0.156713
vn 0.733963 -0.660863 -0.156713
vn 0.778274 -0.608054 -0.156713
vn 0.818794 -0.552284 -0.156713
vn 0.855325 -0.493822 -0.156713
vn 0.887689 -0.432955 -0.156713
vn 0.915728 -0.369978 -0.156713
vn 0.939305 -0.305199 -0.156713
vn 0.958307 -0.238933 -0.156713
vn 0.97264 -0.171503 -0.156713
vn 0.982234 -0.103237 -0.156713
vn 0.987042 -0.0344683 -0.156713
vn 0.987042 0.0344683 -0.156713
vn 0.982234 0.103237 -0.156713
vn 0.97264 0.171503 -0.156713
vn 0.958307 0.238933 -0.156713
vn 0.939305 0.305199 -0.156713
vn 0.915728 0.369978 -0.156713
vn 0.887689 0.432955 -0.156713
vn 0.855325 0.493822 -0.156713
vn 0.818794 0.552284 -0.156713
vn 0.778274 0.608054 -0.156713
vn 0.733963 0.660863 -0.156713
vn 0.686075 0.710452 -0.156713
vn 0.634845 0.756579 -0.156713
vn 0.580523 0.799021 -0.156713
vn 0.523372 0.83757 -0.156713
vn 0.463671 0.872038 -0.156713
vn 0.401711 0.902258 -0.156713
vn 0.337794 0.928082 -0.156713
vn 0.272232 0.949384 -0.156713
vn 0.205343 0.966062 -0.156713
vn 0.137453 0.978032 -0.156713
vn 0.0688946 0.985238 -0.156713
vn -0 0.995977 -0.0896135
vn -0.0694758 0.99355 -0.0896135
vn -0.138613 0.986284 -0.0896135
vn -0.207075 0.974212 -0.0896135
vn -0.274528 0.957394 -0.0896135
vn -0.340644 0.935912 -0.0896135
vn -0.4051 0.90987 -0.0896135
vn -0.467583 0.879395 -0.0896135
vn -0.527787 0.844636 -0.0896135
vn -0.58542 0.805762 -0.0896135
vn -0.640201 0.762962 -0.0896135
vn -0.691863 0.716446 -0.0896135
vn -0.740155 0.666438 -0.0896135
vn -0.78484 0.613184 -0.0896135
vn -0.825702 0.556943 -0.0896135
vn -0.862541 0.497988 -0.0896135
vn -0.895178 0.436607 -0.0896135
vn -0.923453 0.373099 -0.0896135
vn -0.94723 0.307774 -0.0896135
vn -0.966392 0.240949 -0.0896135
vn -0.980845 0.17295 -0.0896135
vn -0.990521 0.104108 -0.0896135
vn -0.99537 0.0347591 -0.0896135
vn -0.99537 -0.0347591 -0.0896135
vn -0.990521 -0.104108 -0.0896135
vn -0.980845 -0.17295 -0.0896135
vn -0.966392 -0.240949 -0.0896135
vn -0.94723 -0.307774 -0.0896135
vn -0.923453 -0.373099 -0.0896135
vn -0.895178 -0.436607 -0.0896135
vn -0.862541 -0.497988 -0.0896135
vn -0.825702 -0.556943 -0.0896135
vn -0.78484 -0.613184 -0.0896135
vn -0.740155 -0.666438 -0.0896135
vn -0.691863 -0.716446 -0.0896135
vn -0.640201 -0.762962 -0.0896135
vn -0.58542 -0.805762 -0.0896135
vn -0.527787 -0.844636 -0.0896135
vn -0.467583 -0.879395 -0.0896135
vn -0.4051 -0.90987 -0.0896135
vn -0.340644 -0.935912 -0.0896135
vn -0.274528 -0.957394 -0.0896135
vn -0.207075 -0.974212 -0.0896135
vn -0.138613 -0.986284 -0.0896135
vn -0.0694758 -0.99355 -0.0896135
vn 2.21151e-16 -0.995977 -0.0896135
vn 0.0694758 -0.99355 -0.0896135
vn 0.138613 -0.986284 -0.0896135
vn 0.207075 -0.974212 -0.0896135
vn 0.274528 -0.957394 -0.0896135
vn 0.340644 -0.935912 -0.0896135
vn 0.4051 -0.90987 -0.0896135
vn 0.467583 -0.879395 -0.0896135
vn 0.527787 -0.844636 -0.0896135
vn 0.58542 -0.805762 -0.0896135
vn 0.640201 -0.762962 -0.0896135
vn 0.691863 -0.716446 -0.0896135
vn 0.740155 -0.666438 -0.0896135
vn 0.78484 -0.613184 -0.0896135
vn 0.825702 -0.556943 -0.0896135
vn 0.862541 -0.497988 -0.0896135
vn 0.895178 -0.436607 -0.0896135
vn 0.923453 -0.373099 -0.0896135
vn 0.94723 -0.307774 -0.0896135
vn 0.966392 -0.240949 -0.0896135
vn 0.980845 -0.17295 -0.0896135
vn 0.990521 -0.104108 -0.0896135
vn 0.99537 -0.0347591 -0.0896135
vn 0.99537 0.0347591 -0.0896135
vn 0.990521 0.104108 -0.0896135
vn 0.980845 0.17295 -0.0896135
vn 0.966392 0.240949 -0.0896135
vn 0.94723 0.307774 -0.0896135
vn 0.923453 0.373099 -0.0896135
vn 0.895178 0.436607 -0.0896135
vn 0.862541 0.497988 -0.0896135
vn 0.825702 0.556943 -0.0896135
vn 0.78484 0.613184 -0.0896135
vn 0.740155 0.666438 -0.0896135
vn 0.691863 0.716446 -0.0896135
vn 0.640201 0.762962 -0.0896135
vn 0.58542 0.805762 -0.0896135
vn 0.527787 0.844636 -0.0896135
vn 0.467583 0.879395 -0.0896135
vn 0.4051 0.90987 -0.0896135
vn 0.340644 0.935912 -0.0896135
vn 0.274528 0.957394 -0.0896135
vn 0.207075 0.974212 -0.0896135
vn 0.138613 0.986284 -0.0896135
vn 0.0694758 0.99355 -0.0896135
vn -0 0.999756 -0.022104
vn -0.0697394 0.99732 -0.022104
vn -0.139139 0.990026 -0.022104
vn -0.207861 0.977909 -0.022104
vn -0.27557 0.961027 -0.022104
vn -0.341937 0.939463 -0.022104
vn -0.406637 0.913322 -0.022104
vn -0.469357 0.882732 -0.022104
vn -0.52979 0.847841 -0.022104
vn -0.587642 0.808819 -0.022104
vn -0.642631 0.765857 -0.022104
vn -0.694489 0.719164 -0.022104
vn -0.742963 0.668967 -0.022104
vn -0.787818 0.615511 -0.022104
vn -0.828835 0.559056 -0.022104
vn -0.865814 0.499878 -0.022104
vn -0.898574 0.438264 -0.022104
vn -0.926957 0.374515 -0.022104
vn -0.950824 0.308941 -0.022104
vn -0.970059 0.241863 -0.022104
vn -0.984567 0.173606 -0.022104
vn -0.994279 0.104503 -0.022104
vn -0.999147 0.034891 -0.022104
vn -0.999147 -0.034891 -0.022104
vn -0.994279 -0.104503 -0.022104
vn -0.984567 -0.173606 -0.022104
vn -0.970059 -0.241863 -0.022104
vn -0.950824 -0.308941 -0.022104
vn -0.926957 -0.374515 -0.022104
vn -0.898574 -0.438264 -0.022104
vn -0.865814 -0.499878 -0.022104
vn -0.828835 -0.559056 -0.022104
vn -0.787818 -0.615511 -0.022104
vn -0.742963 -0.668967 -0.022104
vn -0.694489 -0.719164 -0.022104
vn -0.642631 -0.765857 -0.022104
vn -0.587642 -0.808819 -0.022104
vn -0.52979 -0.847841 -0.022104
vn -0.469357 -0.882732 -0.022104
vn -0.406637 -0.913322 -0.022104
vn -0.341937 -0.939463 -0.022104
vn -0.27557 -0.961027 -0.022104
vn -0.207861 -0.977909 -0.022104
vn -0.139139 -0.990026 -0.022104
vn -0.0697394 -0.99732 -0.022104
vn 2.2199e-16 -0.999756 -0.022104
vn 0.0697394 -0.99732 -0.022104
vn 0.139139 -0.990026 -0.022104
vn 0.207861 -0.977909 -0.022104
vn 0.27557 -0.961027 -0.022104
vn 0.341937 -0.939463 -0.022104
vn 0.406637 -0.913322 -0.022104
vn 0.469357 -0.882732 -0.022104
vn 0.52979 -0.847841 -0.022104
vn 0.587642 -0.808819 -0.022104
vn 0.642631 -0.765857 -0.022104
vn 0.694489 -0.719164 -0.022104
vn 0.742963 -0.668967 -0.022104
vn 0.787818 -0.615511 -0.022104
vn 0.828835 -0.559056 -0.022104
vn 0.865814 -0.499878 -0.022104
vn 0.898574 -0.438264 -0.022104
vn 0.926957 -0.374515 -0.022104
vn 0.950824 -0.308941 -0.022104
vn 0.970059 -0.241863 -0.022104
vn 0.984567 -0.173606 -0.022104
vn 0.994279 -0.104503 -0.022104
vn 0.999147 -0.034891 -0.022104
vn 0.999147 0.034891 -0.022104
vn 0.994279 0.104503 -0.022104
vn 0.984567 0.173606 -0.022104
vn 0.970059 0.241863 -0.022104
vn 0.950824 0.308941 -0.022104
vn 0.926957 0.374515 -0.022104
vn 0.898574 0.438264 -0.022104
vn 0.865814 0.499878 -0.022104
vn 0.828835 0.559056 -0.022104
vn 0.787818 0.615511 -0.022104
vn 0.742963 0.668967 -0.022104
vn 0.694489 0.719164 -0.022104
vn 0.642631 0.765857 -0.022104
vn 0.587642 0.808819 -0.022104
vn 0.52979 0.847841 -0.022104
vn 0.469357 0.882732 -0.022104
vn 0.406637 0.913322 -0.022104
vn 0.341937 0.939463 -0.022104
vn 0.27557 0.961027 -0.022104
vn 0.207861 0.977909 -0.022104
vn 0.139139 0.990026 -0.022104
vn 0.0697394 0.99732 -0.022104
vn 0 0.998964 0.0455066
vn -0.0696842 0.996531 0.0455066
vn -0.139029 0.989242 0.0455066
vn -0.207696 0.977134 0.0455066
vn -0.275352 0.960266 0.0455066
vn -0.341666 0.938719 0.0455066
vn -0.406315 0.912599 0.0455066
vn -0.468985 0.882033 0.0455066
vn -0.52937 0.84717 0.0455066
vn -0.587176 0.808179 0.0455066
vn -0.642122 0.765251 0.0455066
vn -0.693939 0.718595 0.0455066
vn -0.742375 0.668437 0.0455066
vn -0.787194 0.615024 0.0455066
vn -0.828179 0.558614 0.0455066
vn -0.865128 0.499482 0.0455066
vn -0.897863 0.437917 0.0455066
vn -0.926223 0.374219 0.0455066
vn -0.950071 0.308697 0.0455066
vn -0.969291 0.241671 0.0455066
vn -0.983788 0.173468 0.0455066
vn -0.993492 0.10442 0.0455066
vn -0.998355 0.0348633 0.0455066
vn -0.998355 -0.0348633 0.0455066
vn -0.993492 -0.10442 0.0455066
vn -0.983788 -0.173468 0.0455066
vn -0.969291 -0.241671 0.0455066
vn -0.950071 -0.308697 0.0455066
vn -0.926223 -0.374219 0.0455066
vn -0.897863 -0.437917 0.0455066
vn -0.865128 -0.499482 0.0455066
vn -0.828179 -0.558614 0.0455066
vn -0.787194 -0.615024 0.0455066
vn -0.742375 -0.668437 0.0455066
vn -0.693939 -0.718595 0.0455066
vn -0.642122 -0.765251 0.0455066
vn -0.587176 -0.808179 0.0455066
vn -0.52937 -0.84717 0.0455066
vn -0.468985 -0.882033 0.0455066
vn -0.406315 -0.912599 0.0455066
vn -0.341666 -0.938719 0.0455066
vn -0.275352 -0.960266 0.0455066
vn -0.207696 -0.977134 0.0455066
vn -0.139029 -0.989242 0.0455066
vn -0.0696842 -0.996531 0.0455066
vn 2.21815e-16 -0.998964 0.0455066
vn 0.0696842 -0.996531 0.0455066
vn 0.139029 -0.989242 0.0455066
vn 0.207696 -0.977134 0.0455066
vn 0.275352 -0.960266 0.0455066
vn 0.341666 -0.938719 0.0455066
vn 0.406315 -0.912599 0.0455066
vn 0.468985 -0.882033 0.0455066
vn 0.52937 -0.84717 0.0455066
vn 0.587176 -0.808179 0.0455066
vn 0.642122 -0.765251 0.0455066
vn 0.693939 -0.718595 0.0455066
vn 0.742375 -0.668437 0.0455066
vn 0.787194 -0.615024 0.0455066
vn 0.828179 -0.558614 0.0455066
vn 0.865128 -0.499482 0.0455066
vn 0.897863 -0.437917 0.0455066
vn 0.926223 -0.374219 0.0455066
vn 0.950071 -0.308697 0.0455066
vn 0.969291 -0.241671 0.0455066
vn 0.983788 -0.173468 0.0455066
vn 0.993492 -0.10442 0.0455066
vn 0.998355 -0.0348633 0.0455066
vn 0.998355 0.0348633 0.0455066
vn 0.993492 0.10442 0.0455066
vn 0.983788 0.173468 0.0455066
vn 0.969291 0.241671 0.0455066
vn 0.950071 0.308697 0.0455066
vn 0.926223 0.374219 0.0455066
vn 0.897863 0.437917 0.0455066
vn 0.865128 0.499482 0.0455066
vn 0.828179 0.558614 0.0455066
vn 0.787194 0.615024 0.0455066
vn 0.742375 0.668437 0.0455066
vn 0.693939 0.718595 0.0455066
vn 0.642122 0.765251 0.0455066
vn 0.587176 0.808179 0.0455066
vn 0.52937 0.84717 0.0455066
vn 0.468985 0.882033 0.0455066
vn 0.406315 0.912599 0.0455066
vn 0.341666 0.938719 0.0455066
vn 0.275352 0.960266 0.0455066
vn 0.207696 0.977134 0.0455066
vn 0.139029 0.989242 0.0455066
vn 0.0696842 0.996531 0.0455066
vn 0 0.993605 0.112909
vn -0.0693104 0.991185 0.112909
vn -0.138283 0.983936 0.112909
vn -0.206582 0.971893 0.112909
vn -0.273875 0.955115 0.112909
vn -0.339833 0.933684 0.112909
vn -0.404136 0.907704 0.112909
vn -0.466469 0.877301 0.112909
vn -0.526531 0.842625 0.112909
vn -0.584027 0.803844 0.112909
vn -0.638677 0.761146 0.112909
vn -0.690216 0.71474 0.112909
vn -0.738393 0.664852 0.112909
vn -0.782972 0.611725 0.112909
vn -0.823736 0.555617 0.112909
vn -0.860487 0.496803 0.112909
vn -0.893047 0.435568 0.112909
vn -0.921255 0.372211 0.112909
vn -0.944975 0.307041 0.112909
vn -0.964091 0.240375 0.112909
vn -0.97851 0.172538 0.112909
vn -0.988162 0.10386 0.112909
vn -0.993 0.0346763 0.112909
vn -0.993 -0.0346763 0.112909
vn -0.988162 -0.10386 0.112909
vn -0.97851 -0.172538 0.112909
vn -0.964091 -0.240375 0.112909
vn -0.944975 -0.307041 0.112909
vn -0.921255 -0.372211 0.112909
vn -0.893047 -0.435568 0.112909
vn -0.860487 -0.496803 0.112909
vn -0.823736 -0.555617 0.112909
vn -0.782972 -0.611725 0.112909
vn -0.738393 -0.664852 0.112909
vn -0.690216 -0.71474 0.112909
vn -0.638677 -0.761146 0.112909
vn -0.584027 -0.803844 0.112909
vn -0.526531 -0.842625 0.112909
vn -0.466469 -0.877301 0.112909
vn -0.404136 -0.907704 0.112909
vn -0.339833 -0.933684 0.112909
vn -0.273875 -0.955115 0.112909
vn -0.206582 -0.971893 0.112909
vn -0.138283 -0.983936 0.112909
vn -0.0693104 -0.991185 0.112909
vn 2.20625e-16 -0.993605 0.112909
vn 0.0693104 -0.991185 0.112909
vn 0.138283 -0.983936 0.112909
vn 0.206582 -0.971893 0.112909
vn 0.273875 -0.955115 0.112909
vn 0.339833 -0.933684 0.112909
vn 0.404136 -0.907704 0.112909
vn 0.466469 -0.877301 0.112909
vn 0.526531 -0.842625 0.112909
vn 0.584027 -0.803844 0.112909
vn 0.638677 -0.761146 0.112909
vn 0.690216 -0.71474 0.112909
vn 0.738393 -0.664852 0.112909
vn 0.782972 -0.611725 0.112909
vn 0.823736 -0.555617 0.112909
vn 0.860487 -0.496803 0.112909
vn 0.893047 -0.435568 0.112909
vn 0.921255 -0.372211 0.112909
vn 0.944975 -0.307041 0.112909
vn 0.964091 -0.240375 0.112909
vn 0.97851 -0.172538 0.112909
vn 0.988162 -0.10386 0.112909
vn 0.993 -0.0346763 0.112909
vn 0.993 0.0346763 0.112909
vn 0.988162 0.10386 0.112909
vn 0.97851 0.172538 0.112909
vn 0.964091 0.240375 0.112909
vn 0.944975 0.307041 0.112909
vn 0.921255 0.372211 0.112909
vn 0.893047 0.435568 0.112909
vn 0.860487 0.496803 0.112909
vn 0.823736 0.555617 0.112909
vn 0.782972 0.611725 0.112909
vn 0.738393 0.664852 0.112909
vn 0.690216 0.71474 0.112909
vn 0.638677 0.761146 0.112909
vn 0.584027 0.803844 0.112909
vn 0.526531 0.842625 0.112909
vn 0.466469 0.877301 0.112909
vn 0.404136 0.907704 0.112909
vn 0.339833 0.933684 0.112909
vn 0.273875 0.955115 0.112909
vn 0.206582 0.971893 0.112909
vn 0.138283 0.983936 0.112909
vn 0.0693104 0.991185 0.112909
vn 0 0.983704 0.179795
vn -0.0686197 0.981308 0.179795
vn -0.136905 0.974131 0.179795
vn -0.204524 0.962208 0.179795
vn -0.271146 0.945597 0.179795
vn -0.336447 0.924379 0.179795
vn -0.400108 0.898658 0.179795
vn -0.461821 0.868559 0.179795
vn -0.521284 0.834228 0.179795
vn -0.578207 0.795833 0.179795
vn -0.632313 0.753561 0.179795
vn -0.683338 0.707617 0.179795
vn -0.731035 0.658226 0.179795
vn -0.775169 0.605629 0.179795
vn -0.815528 0.55008 0.179795
vn -0.851913 0.491852 0.179795
vn -0.884147 0.431227 0.179795
vn -0.912074 0.368502 0.179795
vn -0.935558 0.303981 0.179795
vn -0.954484 0.23798 0.179795
vn -0.968759 0.170818 0.179795
vn -0.978315 0.102825 0.179795
vn -0.983105 0.0343308 0.179795
vn -0.983105 -0.0343308 0.179795
vn -0.978315 -0.102825 0.179795
vn -0.968759 -0.170818 0.179795
vn -0.954484 -0.23798 0.179795
vn -0.935558 -0.303981 0.179795
vn -0.912074 -0.368502 0.179795
vn -0.884147 -0.431227 0.179795
vn -0.851913 -0.491852 0.179795
vn -0.815528 -0.55008 0.179795
vn -0.775169 -0.605629 0.179795
vn -0.731035 -0.658226 0.179795
vn -0.683338 -0.707617 0.179795
vn -0.632313 -0.753561 0.179795
vn -0.578207 -0.795833 0.179795
vn -0.521284 -0.834228 0.179795
vn -0.461821 -0.868559 0.179795
vn -0.400108 -0.898658 0.179795
vn -0.336447 -0.924379 0.179795
vn -0.271146 -0.945597 0.179795
vn -0.204524 -0.962208 0.179795
vn -0.136905 -0.974131 0.179795
vn -0.0686197 -0.981308 0.179795
vn 2.18426e-16 -0.983704 0.179795
vn 0.0686197 -0.981308 0.179795
vn 0.136905 -0.974131 0.179795
vn 0.204524 -0.962208 0.179795
vn 0.271146 -0.945597 0.179795
vn 0.336447 -0.924379 0.179795
vn 0.400108 -0.898658 0.179795
vn 0.461821 -0.868559 0.179795
vn 0.521284 -0.834228 0.179795
vn 0.578207 -0.795833 0.179795
vn 0.632313 -0.753561 0.179795
vn 0.683338 -0.707617 0.179795
vn 0.731035 -0.658226 0.179795
vn 0.775169 -0.605629 0.179795
vn 0.815528 -0.55008 0.179795
vn 0.851913 -0.491852 0.179795
vn 0.884147 -0.431227 0.179795
vn 0.912074 -0.368502 0.179795
vn 0.935558 -0.303981 0.179795
vn 0.954484 -0.23798 0.179795
vn 0.968759 -0.170818 0.179795
vn 0.978315 -0.102825 0.179795
vn 0.983105 -0.0343308 0.179795
vn 0.983105 0.0343308 0.179795
vn 0.978315 0.102825 0.179795
vn 0.968759 0.170818 0.179795
vn 0.954484 0.23798 0.179795
vn 0.935558 0.303981 0.179795
vn 0.912074 0.368502 0.179795
vn 0.884147 0.431227 0.179795
vn 0.851913 0.491852 0.179795
vn 0.815528 0.55008 0.179795
vn 0.775169 0.605629 0.179795
vn 0.731035 0.658226 0.179795
vn 0.683338 0.707617 0.179795
vn 0.632313 0.753561 0.179795
vn 0.578207 0.795833 0.179795
vn 0.521284 0.834228 0.179795
vn 0.461821 0.868559 0.179795
vn 0.400108 0.898658 0.179795
vn 0.336447 0.924379 0.179795
vn 0.271146 0.945597 0.179795
vn 0.204524 0.962208 0.179795
vn 0.136905 0.974131 0.179795
vn 0.0686197 0.981308 0.179795
vn 0 0.969305 0.24586
vn -0.0676153 0.966944 0.24586
vn -0.134901 0.959872 0.24586
vn -0.20153 0.948124 0.24586
vn -0.267177 0.931756 0.24586
vn -0.331522 0.910849 0.24586
vn -0.394252 0.885505 0.24586
vn -0.455061 0.855846 0.24586
vn -0.513654 0.822018 0.24586
vn -0.569743 0.784185 0.24586
vn -0.623058 0.742531 0.24586
vn -0.673336 0.69726 0.24586
vn -0.720334 0.648592 0.24586
vn -0.763823 0.596764 0.24586
vn -0.803591 0.542029 0.24586
vn -0.839443 0.484653 0.24586
vn -0.871206 0.424916 0.24586
vn -0.898724 0.363108 0.24586
vn -0.921864 0.299532 0.24586
vn -0.940513 0.234496 0.24586
vn -0.954579 0.168318 0.24586
vn -0.963995 0.10132 0.24586
vn -0.968715 0.0338283 0.24586
vn -0.968715 -0.0338283 0.24586
vn -0.963995 -0.10132 0.24586
vn -0.954579 -0.168318 0.24586
vn -0.940513 -0.234496 0.24586
vn -0.921864 -0.299532 0.24586
vn -0.898724 -0.363108 0.24586
vn -0.871206 -0.424916 0.24586
vn -0.839443 -0.484653 0.24586
vn -0.803591 -0.542029 0.24586
vn -0.763823 -0.596764 0.24586
vn -0.720334 -0.648592 0.24586
vn -0.673336 -0.69726 0.24586
vn -0.623058 -0.742531 0.24586
vn -0.569743 -0.784185 0.24586
vn -0.513654 -0.822018 0.24586
vn -0.455061 -0.855846 0.24586
vn -0.394252 -0.885505 0.24586
vn -0.331522 -0.910849 0.24586
vn -0.267177 -0.931756 0.24586
vn -0.20153 -0.948124 0.24586
vn -0.134901 -0.959872 0.24586
vn -0.0676153 -0.966944 0.24586
vn 2.15229e-16 -0.969305 0.24586
vn 0.0676153 -0.966944 0.24586
vn 0.134901 -0.959872 0.24586
vn 0.20153 -0.948124 0.24586
vn 0.267177 -0.931756 0.24586
vn 0.331522 -0.910849 0.24586
vn 0.394252 -0.885505 0.24586
vn 0.455061 -0.855846 0.24586
vn 0.513654 -0.822018 0.24586
vn 0.569743 -0.784185 0.24586
vn 0.623058 -0.742531 0.24586
vn 0.673336 -0.69726 0.24586
vn 0.720334 -0.648592 0.24586
vn 0.763823 -0.596764 0.24586
vn 0.803591 -0.542029 0.24586
vn 0.839443 -0.484653 0.24586
vn 0.871206 -0.424916 0.24586
vn 0.898724 -0.363108 0.24586
vn 0.921864 -0.299532 0.24586
vn 0.940513 -0.234496 0.24586
vn 0.954579 -0.168318 0.24586
vn 0.963995 -0.10132 0.24586
vn 0.968715 -0.0338283 0.24586
vn 0.968715 0.0338283 0.24586
vn 0.963995 0.10132 0.24586
vn 0.954579 0.168318 0.24586
vn 0.940513 0.234496 0.24586
vn 0.921864 0.299532 0.24586
vn 0.898724 0.363108 0.24586
vn 0.871206 0.424916 0.24586
vn 0.839443 0.484653 0.24586
vn 0.803591 0.542029 0.24586
vn 0.763823 0.596764 0.24586
vn 0.720334 0.648592 0.24586
vn 0.673336 0.69726 0.24586
vn 0.623058 0.742531 0.24586
vn 0.569743 0.784185 0.24586
vn 0.513654 0.822018 0.24586
vn 0.455061 0.855846 0.24586
vn 0.394252 0.885505 0.24586
vn 0.331522 0.910849 0.24586
vn 0.267177 0.931756 0.24586
vn 0.20153 0.948124 0.24586
vn 0.134901 0.959872 0.24586
vn 0.0676153 0.966944 0.24586
vn 0 0.950475 0.3108
vn -0.0663018 0.94816 0.3108
vn -0.132281 0.941225 0.3108
vn -0.197615 0.929705 0.3108
vn -0.261986 0.913655 0.3108
vn -0.325082 0.893155 0.3108
vn -0.386593 0.868302 0.3108
vn -0.446221 0.83922 0.3108
vn -0.503675 0.806049 0.3108
vn -0.558675 0.768951 0.3108
vn -0.610954 0.728106 0.3108
vn -0.660256 0.683715 0.3108
vn -0.706341 0.635992 0.3108
vn -0.748985 0.585171 0.3108
vn -0.78798 0.531499 0.3108
vn -0.823136 0.475238 0.3108
vn -0.854282 0.416661 0.3108
vn -0.881265 0.356054 0.3108
vn -0.903956 0.293713 0.3108
vn -0.922242 0.229941 0.3108
vn -0.936035 0.165048 0.3108
vn -0.945268 0.0993517 0.3108
vn -0.949896 0.0331711 0.3108
vn -0.949896 -0.0331711 0.3108
vn -0.945268 -0.0993517 0.3108
vn -0.936035 -0.165048 0.3108
vn -0.922242 -0.229941 0.3108
vn -0.903956 -0.293713 0.3108
vn -0.881265 -0.356054 0.3108
vn -0.854282 -0.416661 0.3108
vn -0.823136 -0.475238 0.3108
vn -0.78798 -0.531499 0.3108
vn -0.748985 -0.585171 0.3108
vn -0.706341 -0.635992 0.3108
vn -0.660256 -0.683715 0.3108
vn -0.610954 -0.728106 0.3108
vn -0.558675 -0.768951 0.3108
vn -0.503675 -0.806049 0.3108
vn -0.446221 -0.83922 0.3108
vn -0.386593 -0.868302 0.3108
vn -0.325082 -0.893155 0.3108
vn -0.261986 -0.913655 0.3108
vn -0.197615 -0.929705 0.3108
vn -0.132281 -0.941225 0.3108
vn -0.0663018 -0.94816 0.3108
vn 2.11048e-16 -0.950475 0.3108
vn 0.0663018 -0.94816 0.3108
vn 0.132281 -0.941225 0.3108
vn 0.197615 -0.929705 0.3108
vn 0.261986 -0.913655 0.3108
vn 0.325082 -0.893155 0.3108
vn 0.386593 -0.868302 0.3108
vn 0.446221 -0.83922 0.3108
vn 0.503675 -0.806049 0.3108
vn 0.558675 -0.768951 0.3108
vn 0.610954 -0.728106 0.3108
vn 0.660256 -0.683715 0.3108
vn 0.706341 -0.635992 0.3108
vn 0.748985 -0.585171 0.3108
vn 0.78798 -0.531499 0.3108
vn 0.823136 -0.475238 0.3108
vn 0.854282 -0.416661 0.3108
vn 0.881265 -0.356054 0.3108
vn 0.903956 -0.293713 0.3108
vn 0.922242 -0.229941 0.3108
vn 0.936035 -0.165048 0.3108
vn 0.945268 -0.0993517 0.3108
vn 0.949896 -0.0331711 0.3108
vn 0.949896 0.0331711 0.3108
vn 0.945268 0.0993517 0.3108
vn 0.936035 0.165048 0.3108
vn 0.922242 0.229941 0.3108
vn 0.903956 0.293713 0.3108
vn 0.881265 0.356054 0.3108
vn 0.854282 0.416661 0.3108
vn 0.823136 0.475238 0.3108
vn 0.78798 0.531499 0.3108
vn 0.748985 0.585171 0.3108
vn 0.706341 0.635992 0.3108
vn 0.660256 0.683715 0.3108
vn 0.610954 0.728106 0.3108
vn 0.558675 0.768951 0.3108
vn 0.503675 0.806049 0.3108
vn 0.446221 0.83922 0.3108
vn 0.386593 0.868302 0.3108
vn 0.325082 0.893155 0.3108
vn 0.261986 0.913655 0.3108
vn 0.197615 0.929705 0.3108
vn 0.132281 0.941225 0.3108
vn 0.0663018 0.94816 0.3108
vn 0 0.9273 0.374319
vn -0.0646852 0.925041 0.374319
vn -0.129055 0.918275 0.374319
vn -0.192796 0.907036 0.374319
vn -0.255598 0.891378 0.374319
vn -0.317155 0.871377 0.374319
vn -0.377167 0.847131 0.374319
vn -0.435341 0.818757 0.374319
vn -0.491394 0.786395 0.374319
vn -0.545053 0.750201 0.374319
vn -0.596057 0.710353 0.374319
vn -0.644157 0.667044 0.374319
vn -0.689118 0.620485 0.374319
vn -0.730722 0.570903 0.374319
vn -0.768766 0.518539 0.374319
vn -0.803065 0.46365 0.374319
vn -0.833452 0.406501 0.374319
vn -0.859777 0.347373 0.374319
vn -0.881915 0.286551 0.374319
vn -0.899755 0.224334 0.374319
vn -0.913212 0.161024 0.374319
vn -0.92222 0.0969292 0.374319
vn -0.926735 0.0323623 0.374319
vn -0.926735 -0.0323623 0.374319
vn -0.92222 -0.0969292 0.374319
vn -0.913212 -0.161024 0.374319
vn -0.899755 -0.224334 0.374319
vn -0.881915 -0.286551 0.374319
vn -0.859777 -0.347373 0.374319
vn -0.833452 -0.406501 0.374319
vn -0.803065 -0.46365 0.374319
vn -0.768766 -0.518539 0.374319
vn -0.730722 -0.570903 0.374319
vn -0.689118 -0.620485 0.374319
vn -0.644157 -0.667044 0.374319
vn -0.596057 -0.710353 0.374319
vn -0.545053 -0.750201 0.374319
vn -0.491394 -0.786395 0.374319
vn -0.435341 -0.818757 0.374319
vn -0.377167 -0.847131 0.374319
vn -0.317155 -0.871377 0.374319
vn -0.255598 -0.891378 0.374319
vn -0.192796 -0.907036 0.374319
vn -0.129055 -0.918275 0.374319
vn -0.0646852 -0.925041 0.374319
vn 2.05902e-16 -0.9273 0.374319
vn 0.0646852 -0.925041 0.374319
vn 0.129055 -0.918275 0.374319
vn 0.192796 -0.907036 0.374319
vn 0.255598 -0.891378 0.374319
vn 0.317155 -0.871377 0.374319
vn 0.377167 -0.847131 0.374319
vn 0.435341 -0.818757 0.374319
vn 0.491394 -0.786395 0.374319
vn 0.545053 -0.750201 0.374319
vn 0.596057 -0.710353 0.374319
vn 0.644157 -0.667044 0.374319
vn 0.689118 -0.620485 0.374319
vn 0.730722 -0.570903 0.374319
vn 0.768766 -0.518539 0.374319
vn 0.803065 -0.46365 0.374319
vn 0.833452 -0.406501 0.374319
vn 0.859777 -0.347373 0.374319
vn 0.881915 -0.286551 0.374319
vn 0.899755 -0.224334 0.374319
vn 0.913212 -0.161024 0.374319
vn 0.92222 -0.0969292 0.374319
vn 0.926735 -0.0323623 0.374319
vn 0.926735 0.0323623 0.374319
vn 0.92222 0.0969292 0.374319
vn 0.913212 0.161024 0.374319
vn 0.899755 0.224334 0.374319
vn 0.881915 0.286551 0.374319
vn 0.859777 0.347373 0.374319
vn 0.833452 0.406501 0.374319
vn 0.803065 0.46365 0.374319
vn 0.768766 0.518539 0.374319
vn 0.730722 0.570903 0.374319
vn 0.689118 0.620485 0.374319
vn 0.644157 0.667044 0.374319
vn 0.596057 0.710353 0.374319
vn 0.545053 0.750201 0.374319
vn 0.491394 0.786395 0.374319
vn 0.435341 0.818757 0.374319
vn 0.377167 0.847131 0.374319
vn 0.317155 0.871377 0.374319
vn 0.255598 0.891378 0.374319
vn 0.192796 0.907036 0.374319
vn 0.129055 0.918275 0.374319
vn 0.0646852 0.925041 0.374319
vn 0 0.899885 0.436128
vn -0.0627728 0.897693 0.436128
vn -0.12524 0.891127 0.436128
vn -0.187097 0.88022 0.436128
vn -0.248042 0.865025 0.436128
vn -0.307779 0.845615 0.436128
vn -0.366016 0.822086 0.436128
vn -0.42247 0.794551 0.436128
vn -0.476866 0.763146 0.436128
vn -0.528939 0.728022 0.436128
vn -0.578435 0.689352 0.436128
vn -0.625113 0.647323 0.436128
vn -0.668745 0.60214 0.436128
vn -0.709119 0.554024 0.436128
vn -0.746038 0.503209 0.436128
vn -0.779323 0.449942 0.436128
vn -0.808811 0.394484 0.436128
vn -0.834359 0.337103 0.436128
vn -0.855841 0.27808 0.436128
vn -0.873154 0.217702 0.436128
vn -0.886214 0.156263 0.436128
vn -0.894955 0.0940636 0.436128
vn -0.899337 0.0314055 0.436128
vn -0.899337 -0.0314055 0.436128
vn -0.894955 -0.0940636 0.436128
vn -0.886214 -0.156263 0.436128
vn -0.873154 -0.217702 0.436128
vn -0.855841 -0.27808 0.436128
vn -0.834359 -0.337103 0.436128
vn -0.808811 -0.394484 0.436128
vn -0.779323 -0.449942 0.436128
vn -0.746038 -0.503209 0.436128
vn -0.709119 -0.554024 0.436128
vn -0.668745 -0.60214 0.436128
vn -0.625113 -0.647323 0.436128
vn -0.578435 -0.689352 0.436128
vn -0.528939 -0.728022 0.436128
vn -0.476866 -0.763146 0.436128
vn -0.42247 -0.794551 0.436128
vn -0.366016 -0.822086 0.436128
vn -0.307779 -0.845615 0.436128
vn -0.248042 -0.865025 0.436128
vn -0.187097 -0.88022 0.436128
vn -0.12524 -0.891127 0.436128
vn -0.0627728 -0.897693 0.436128
vn 1.99815e-16 -0.899885 0.436128
vn 0.0627728 -0.897693 0.436128
vn 0.12524 -0.891127 0.436128
vn 0.187097 -0.88022 0.436128
vn 0.248042 -0.865025 0.436128
vn 0.307779 -0.845615 0.436128
vn 0.366016 -0.822086 0.436128
vn 0.42247 -0.794551 0.436128
vn 0.476866 -0.763146 0.436128
vn 0.528939 -0.728022 0.436128
vn 0.578435 -0.689352 0.436128
vn 0.625113 -0.647323 0.436128
vn 0.668745 -0.60214 0.436128
vn 0.709119 -0.554024 0.436128
vn 0.746038 -0.503209 0.436128
vn 0.779323 -0.449942 0.436128
vn 0.808811 -0.394484 0.436128
vn 0.834359 -0.337103 0.436128
vn 0.855841 -0.27808 0.436128
vn 0.873154 -0.217702 0.436128
vn 0.886214 -0.156263 0.436128
vn 0.894955 -0.0940636 0.436128
vn 0.899337 -0.0314055 0.436128
vn 0.899337 0.0314055 0.436128
vn 0.894955 0.0940636 0.436128
vn 0.886214 0.156263 0.436128
vn 0.873154 0.217702 0.436128
vn 0.855841 0.27808 0.436128
vn 0.834359 0.337103 0.436128
vn 0.808811 0.394484 0.436128
vn 0.779323 0.449942 0.436128
vn 0.746038 0.503209 0.436128
vn 0.709119 0.554024 0.436128
vn 0.668745 0.60214 0.436128
vn 0.625113 0.647323 0.436128
vn 0.578435 0.689352 0.436128
vn 0.528939 0.728022 0.436128
vn 0.476866 0.763146 0.436128
vn 0.42247 0.794551 0.436128
vn 0.366016 0.822086 0.436128
vn 0.307779 0.845615 0.436128
vn 0.248042 0.865025 0.436128
vn 0.187097 0.88022 0.436128
vn 0.12524 0.891127 0.436128
vn 0.0627728 0.897693 0.436128
vn 0 0.868356 0.495942
vn -0.0605734 0.866241 0.495942
vn -0.120852 0.859905 0.495942
vn -0.180541 0.84938 0.495942
vn -0.239351 0.834717 0.495942
vn -0.296995 0.815988 0.495942
vn -0.353192 0.793282 0.495942
vn -0.407668 0.766713 0.495942
vn -0.460158 0.736407 0.495942
vn -0.510407 0.702515 0.495942
vn -0.558168 0.665199 0.495942
vn -0.603211 0.624643 0.495942
vn -0.645314 0.581043 0.495942
vn -0.684274 0.534613 0.495942
vn -0.7199 0.485578 0.495942
vn -0.752018 0.434178 0.495942
vn -0.780473 0.380662 0.495942
vn -0.805125 0.325292 0.495942
vn -0.825855 0.268337 0.495942
vn -0.842562 0.210074 0.495942
vn -0.855164 0.150788 0.495942
vn -0.863599 0.0907679 0.495942
vn -0.867827 0.0303052 0.495942
vn -0.867827 -0.0303052 0.495942
vn -0.863599 -0.0907679 0.495942
vn -0.855164 -0.150788 0.495942
vn -0.842562 -0.210074 0.495942
vn -0.825855 -0.268337 0.495942
vn -0.805125 -0.325292 0.495942
vn -0.780473 -0.380662 0.495942
vn -0.752018 -0.434178 0.495942
vn -0.7199 -0.485578 0.495942
vn -0.684274 -0.534613 0.495942
vn -0.645314 -0.581043 0.495942
vn -0.603211 -0.624643 0.495942
vn -0.558168 -0.665199 0.495942
vn -0.510407 -0.702515 0.495942
vn -0.460158 -0.736407 0.495942
vn -0.407668 -0.766713 0.495942
vn -0.353192 -0.793282 0.495942
vn -0.296995 -0.815988 0.495942
vn -0.239351 -0.834717 0.495942
vn -0.180541 -0.84938 0.495942
vn -0.120852 -0.859905 0.495942
vn -0.0605734 -0.866241 0.495942
vn 1.92814e-16 -0.868356 0.495942
vn 0.0605734 -0.866241 0.495942
vn 0.120852 -0.859905 0.495942
vn 0.180541 -0.84938 0.495942
vn 0.239351 -0.834717 0.495942
vn 0.296995 -0.815988 0.495942
vn 0.353192 -0.793282 0.495942
vn 0.407668 -0.766713 0.495942
vn 0.460158 -0.736407 0.495942
vn 0.510407 -0.702515 0.495942
vn 0.558168 -0.665199 0.495942
vn 0.603211 -0.624643 0.495942
vn 0.645314 -0.581043 0.495942
vn 0.684274 -0.534613 0.495942
vn 0.7199 -0.485578 0.495942
vn 0.752018 -0.434178 0.495942
vn 0.780473 -0.380662 0.495942
vn 0.805125 -0.325292 0.495942
vn 0.825855 -0.268337 0.495942
vn 0.842562 -0.210074 0.495942
vn 0.855164 -0.150788 0.495942
vn 0.863599 -0.0907679 0.495942
vn 0.867827 -0.0303052 0.495942
vn 0.867827 0.0303052 0.495942
vn 0.863599 0.0907679 0.495942
vn 0.855164 0.150788 0.495942
vn 0.842562 0.210074 0.495942
vn 0.825855 0.268337 0.495942
vn 0.805125 0.325292 0.495942
vn 0.780473 0.380662 0.495942
vn 0.752018 0.434178 0.495942
vn 0.7199 0.485578 0.495942
vn 0.684274 0.534613 0.495942
vn 0.645314 0.581043 0.495942
vn 0.603211 0.624643 0.495942
vn 0.558168 0.665199 0.495942
vn 0.510407 0.702515 0.495942
vn 0.460158 0.736407 0.495942
vn 0.407668 0.766713 0.495942
vn 0.353192 0.793282 0.495942
vn 0.296995 0.815988 0.495942
vn 0.239351 0.834717 0.495942
vn 0.180541 0.84938 0.495942
vn 0.120852 0.859905 0.495942
vn 0.0605734 0.866241 0.495942
vn 0 0.832857 0.553489
vn -0.0580972 0.830828 0.553489
vn -0.115911 0.824751 0.553489
vn -0.173161 0.814657 0.553489
vn -0.229566 0.800593 0.553489
vn -0.284854 0.782629 0.553489
vn -0.338753 0.760853 0.553489
vn -0.391003 0.735369 0.553489
vn -0.441347 0.706303 0.553489
vn -0.489541 0.673795 0.553489
vn -0.53535 0.638005 0.553489
vn -0.578551 0.599107 0.553489
vn -0.618933 0.55729 0.553489
vn -0.6563 0.512758 0.553489
vn -0.69047 0.465728 0.553489
vn -0.721275 0.416428 0.553489
vn -0.748567 0.3651 0.553489
vn -0.772211 0.311994 0.553489
vn -0.792094 0.257367 0.553489
vn -0.808117 0.201486 0.553489
vn -0.820204 0.144624 0.553489
vn -0.828294 0.0870572 0.553489
vn -0.832349 0.0290663 0.553489
vn -0.832349 -0.0290663 0.553489
vn -0.828294 -0.0870572 0.553489
vn -0.820204 -0.144624 0.553489
vn -0.808117 -0.201486 0.553489
vn -0.792094 -0.257367 0.553489
vn -0.772211 -0.311994 0.553489
vn -0.748567 -0.3651 0.553489
vn -0.721275 -0.416428 0.553489
vn -0.69047 -0.465728 0.553489
vn -0.6563 -0.512758 0.553489
vn -0.618933 -0.55729 0.553489
vn -0.578551 -0.599107 0.553489
vn -0.53535 -0.638005 0.553489
vn -0.489541 -0.673795 0.553489
vn -0.441347 -0.706303 0.553489
vn -0.391003 -0.735369 0.553489
vn -0.338753 -0.760853 0.553489
vn -0.284854 -0.782629 0.553489
vn -0.229566 -0.800593 0.553489
vn -0.173161 -0.814657 0.553489
vn -0.115911 -0.824751 0.553489
vn -0.0580972 -0.830828 0.553489
vn 1.84931e-16 -0.832857 0.553489
vn 0.0580972 -0.830828 0.553489
vn 0.115911 -0.824751 0.553489
vn 0.173161 -0.814657 0.553489
vn 0.229566 -0.800593 0.553489
vn 0.284854 -0.782629 0.553489
vn 0.338753 -0.760853 0.553489
vn 0.391003 -0.735369 0.553489
vn 0.441347 -0.706303 0.553489
vn 0.489541 -0.673795 0.553489
vn 0.53535 -0.638005 0.553489
vn 0.578551 -0.599107 0.553489
vn 0.618933 -0.55729 0.553489
vn 0.6563 -0.512758 0.553489
vn 0.69047 -0.465728 0.553489
vn 0.721275 -0.416428 0.553489
vn 0.748567 -0.3651 0.553489
vn 0.772211 -0.311994 0.553489
vn 0.792094 -0.257367 0.553489
vn 0.808117 -0.201486 0.553489
vn 0.820204 -0.144624 0.553489
vn 0.828294 -0.0870572 0.553489
vn 0.832349 -0.0290663 0.553489
vn 0.832349 0.0290663 0.553489
vn 0.828294 0.0870572 0.553489
vn 0.820204 0.144624 0.553489
vn 0.808117 0.201486 0.553489
vn 0.792094 0.257367 0.553489
vn 0.772211 0.311994 0.553489
vn 0.748567 0.3651 0.553489
vn 0.721275 0.416428 0.553489
vn 0.69047 0.465728 0.553489
vn 0.6563 0.512758 0.553489
vn 0.618933 0.55729 0.553489
vn 0.578551 0.599107 0.553489
vn 0.53535 0.638005 0.553489
vn 0.489541 0.673795 0.553489
vn 0.441347 0.706303 0.553489
vn 0.391003 0.735369 0.553489
vn 0.338753 0.760853 0.553489
vn 0.284854 0.782629 0.553489
vn 0.229566 0.800593 0.553489
vn 0.173161 0.814657 0.553489
vn 0.115911 0.824751 0.553489
vn 0.0580972 0.830828 0.553489
vn 0 0.79355 0.608505
vn -0.0553553 0.791617 0.608505
vn -0.110441 0.785827 0.608505
vn -0.164988 0.776209 0.608505
vn -0.218732 0.762809 0.608505
vn -0.27141 0.745693 0.608505
vn -0.322766 0.724944 0.608505
vn -0.372549 0.700663 0.608505
vn -0.420517 0.672969 0.608505
vn -0.466437 0.641996 0.608505
vn -0.510084 0.607895 0.608505
vn -0.551246 0.570832 0.608505
vn -0.589723 0.530989 0.608505
vn -0.625326 0.488558 0.608505
vn -0.657883 0.443748 0.608505
vn -0.687235 0.396775 0.608505
vn -0.713238 0.347869 0.608505
vn -0.735767 0.297269 0.608505
vn -0.754711 0.24522 0.608505
vn -0.769978 0.191977 0.608505
vn -0.781494 0.137799 0.608505
vn -0.789203 0.0829486 0.608505
vn -0.793067 0.0276945 0.608505
vn -0.793067 -0.0276945 0.608505
vn -0.789203 -0.0829486 0.608505
vn -0.781494 -0.137799 0.608505
vn -0.769978 -0.191977 0.608505
vn -0.754711 -0.24522 0.608505
vn -0.735767 -0.297269 0.608505
vn -0.713238 -0.347869 0.608505
vn -0.687235 -0.396775 0.608505
vn -0.657883 -0.443748 0.608505
vn -0.625326 -0.488558 0.608505
vn -0.589723 -0.530989 0.608505
vn -0.551246 -0.570832 0.608505
vn -0.510084 -0.607895 0.608505
vn -0.466437 -0.641996 0.608505
vn -0.420517 -0.672969 0.608505
vn -0.372549 -0.700663 0.608505
vn -0.322766 -0.724944 0.608505
vn -0.27141 -0.745693 0.608505
vn -0.218732 -0.762809 0.608505
vn -0.164988 -0.776209 0.608505
vn -0.110441 -0.785827 0.608505
vn -0.0553553 -0.791617 0.608505
vn 1.76204e-16 -0.79355 0.608505
vn 0.0553553 -0.791617 0.608505
vn 0.110441 -0.785827 0.608505
vn 0.164988 -0.776209 0.608505
vn 0.218732 -0.762809 0.608505
vn 0.27141 -0.745693 0.608505
vn 0.322766 -0.724944 0.608505
vn 0.372549 -0.700663 0.608505
vn 0.420517 -0.672969 0.608505
vn 0.466437 -0.641996 0.608505
vn 0.510084 -0.607895 0.608505
vn 0.551246 -0.570832 0.608505
vn 0.589723 -0.530989 0.608505
vn 0.625326 -0.488558 0.608505
vn 0.657883 -0.443748 0.608505
vn 0.687235 -0.396775 0.608505
vn 0.713238 -0.347869 0.608505
vn 0.735767 -0.297269 0.608505
vn 0.754711 -0.24522 0.608505
vn 0.769978 -0.191977 0.608505
vn 0.781494 -0.137799 0.608505
vn 0.789203 -0.0829486 0.608505
vn 0.793067 -0.0276945 0.608505
vn 0.793067 0.0276945 0.608505
vn 0.789203 0.0829486 0.608505
vn 0.781494 0.137799 0.608505
vn 0.769978 0.191977 0.608505
vn 0.754711 0.24522 0.608505
vn 0.735767 0.297269 0.608505
vn 0.713238 0.347869 0.608505
vn 0.687235 0.396775 0.608505
vn 0.657883 0.443748 0.608505
vn 0.625326 0.488558 0.608505
vn 0.589723 0.530989 0.608505
vn 0.551246 0.570832 0.608505
vn 0.510084 0.607895 0.608505
vn 0.466437 0.641996 0.608505
vn 0.420517 0.672969 0.608505
vn 0.372549 0.700663 0.608505
vn 0.322766 0.724944 0.608505
vn 0.27141 0.745693 0.608505
vn 0.218732 0.762809 0.608505
vn 0.164988 0.776209 0.608505
vn 0.110441 0.785827 0.608505
vn 0.0553553 0.791617 0.608505
vn 0 0.750615 0.660739
vn -0.0523603 0.748787 0.660739
vn -0.104465 0.74331 0.660739
vn -0.156062 0.734213 0.660739
vn -0.206898 0.721538 0.660739
vn -0.256726 0.705348 0.660739
vn -0.305303 0.685721 0.660739
vn -0.352393 0.662754 0.660739
vn -0.397766 0.636558 0.660739
vn -0.441201 0.607261 0.660739
vn -0.482486 0.575005 0.660739
vn -0.521421 0.539948 0.660739
vn -0.557816 0.50226 0.660739
vn -0.591493 0.462125 0.660739
vn -0.622288 0.419739 0.660739
vn -0.650052 0.375308 0.660739
vn -0.674649 0.329048 0.660739
vn -0.695959 0.281185 0.660739
vn -0.713878 0.231953 0.660739
vn -0.728319 0.18159 0.660739
vn -0.739212 0.130343 0.660739
vn -0.746503 0.0784607 0.660739
vn -0.750158 0.0261961 0.660739
vn -0.750158 -0.0261961 0.660739
vn -0.746503 -0.0784607 0.660739
vn -0.739212 -0.130343 0.660739
vn -0.728319 -0.18159 0.660739
vn -0.713878 -0.231953 0.660739
vn -0.695959 -0.281185 0.660739
vn -0.674649 -0.329048 0.660739
vn -0.650052 -0.375308 0.660739
vn -0.622288 -0.419739 0.660739
vn -0.591493 -0.462125 0.660739
vn -0.557816 -0.50226 0.660739
vn -0.521421 -0.539948 0.660739
vn -0.482486 -0.575005 0.660739
vn -0.441201 -0.607261 0.660739
vn -0.397766 -0.636558 0.660739
vn -0.352393 -0.662754 0.660739
vn -0.305303 -0.685721 0.660739
vn -0.256726 -0.705348 0.660739
vn -0.206898 -0.721538 0.660739
vn -0.156062 -0.734213 0.660739
vn -0.104465 -0.74331 0.660739
vn -0.0523603 -0.748787 0.660739
vn 1.6667e-16 -0.750615 0.660739
vn 0.0523603 -0.748787 0.660739
vn 0.104465 -0.74331 0.660739
vn 0.156062 -0.734213 0.660739
vn 0.206898 -0.721538 0.660739
vn 0.256726 -0.705348 0.660739
vn 0.305303 -0.685721 0.660739
vn 0.352393 -0.662754 0.660739
vn 0.397766 -0.636558 0.660739
vn 0.441201 -0.607261 0.660739
vn 0.482486 -0.575005 0.660739
vn 0.521421 -0.539948 0.660739
vn 0.557816 -0.50226 0.660739
vn 0.591493 -0.462125 0.660739
vn 0.622288 -0.419739 0.660739
vn 0.650052 -0.375308 0.660739
vn 0.674649 -0.329048 0.660739
vn 0.695959 -0.281185 0.660739
vn 0.713878 -0.231953 0.660739
vn 0.728319 -0.18159 0.660739
vn 0.739212 -0.130343 0.660739
vn 0.746503 -0.0784607 0.660739
vn 0.750158 -0.0261961 0.660739
vn 0.750158 0.0261961 0.660739
vn 0.746503 0.0784607 0.660739
vn 0.739212 0.130343 0.660739
vn 0.728319 0.18159 0.660739
vn 0.713878 0.231953 0.660739
vn 0.695959 0.281185 0.660739
vn 0.674649 0.329048 0.660739
vn 0.650052 0.375308 0.660739
vn 0.622288 0.419739 0.660739
vn 0.591493 0.462125 0.660739
vn 0.557816 0.50226 0.660739
vn 0.521421 0.539948 0.660739
vn 0.482486 0.575005 0.660739
vn 0.441201 0.607261 0.660739
vn 0.397766 0.636558 0.660739
vn 0.352393 0.662754 0.660739
vn 0.305303 0.685721 0.660739
vn 0.256726 0.705348 0.660739
vn 0.206898 0.721538 0.660739
vn 0.156062 0.734213 0.660739
vn 0.104465 0.74331 0.660739
vn 0.0523603 0.748787 0.660739
vn 0 0.704249 0.709953
vn -0.0491259 0.702534 0.709953
vn -0.0980125 0.697395 0.709953
vn -0.146422 0.68886 0.709953
vn -0.194117 0.676968 0.709953
vn -0.240867 0.661778 0.709953
vn -0.286444 0.643364 0.709953
vn -0.330625 0.621815 0.709953
vn -0.373195 0.597237 0.709953
vn -0.413947 0.569749 0.709953
vn -0.452683 0.539486 0.709953
vn -0.489213 0.506594 0.709953
vn -0.523359 0.471235 0.709953
vn -0.554956 0.433579 0.709953
vn -0.583849 0.393811 0.709953
vn -0.609898 0.352125 0.709953
vn -0.632975 0.308722 0.709953
vn -0.652968 0.263816 0.709953
vn -0.669781 0.217625 0.709953
vn -0.68333 0.170373 0.709953
vn -0.69355 0.122292 0.709953
vn -0.700391 0.0736141 0.709953
vn -0.70382 0.0245779 0.709953
vn -0.70382 -0.0245779 0.709953
vn -0.700391 -0.0736141 0.709953
vn -0.69355 -0.122292 0.709953
vn -0.68333 -0.170373 0.709953
vn -0.669781 -0.217625 0.709953
vn -0.652968 -0.263816 0.709953
vn -0.632975 -0.308722 0.709953
vn -0.609898 -0.352125 0.709953
vn -0.583849 -0.393811 0.709953
vn -0.554956 -0.433579 0.709953
vn -0.523359 -0.471235 0.709953
vn -0.489213 -0.506594 0.709953
vn -0.452683 -0.539486 0.709953
vn -0.413947 -0.569749 0.709953
vn -0.373195 -0.597237 0.709953
vn -0.330625 -0.621815 0.709953
vn -0.286444 -0.643364 0.709953
vn -0.240867 -0.661778 0.709953
vn -0.194117 -0.676968 0.709953
vn -0.146422 -0.68886 0.709953
vn -0.0980125 -0.697395 0.709953
vn -0.0491259 -0.702534 0.709953
vn 1.56375e-16 -0.704249 0.709953
vn 0.0491259 -0.702534 0.709953
vn 0.0980125 -0.697395 0.709953
vn 0.146422 -0.68886 0.709953
vn 0.194117 -0.676968 0.709953
vn 0.240867 -0.661778 0.709953
vn 0.286444 -0.643364 0.709953
vn 0.330625 -0.621815 0.709953
vn 0.373195 -0.597237 0.709953
vn 0.413947 -0.569749 0.709953
vn 0.452683 -0.539486 0.709953
vn 0.489213 -0.506594 0.709953
vn 0.523359 -0.471235 0.709953
vn 0.554956 -0.433579 0.709953
vn 0.583849 -0.393811 0.709953
vn 0.609898 -0.352125 0.709953
vn 0.632975 -0.308722 0.709953
vn 0.652968 -0.263816 0.709953
vn 0.669781 -0.217625 0.709953
vn 0.68333 -0.170373 0.709953
vn 0.69355 -0.122292 0.709953
vn 0.700391 -0.0736141 0.709953
vn 0.70382 -0.0245779 0.709953
vn 0.70382 0.0245779 0.709953
vn 0.700391 0.0736141 0.709953
vn 0.69355 0.122292 0.709953
vn 0.68333 0.170373 0.709953
vn 0.669781 0.217625 0.709953
vn 0.652968 0.263816 0.709953
vn 0.632975 0.308722 0.709953
vn 0.609898 0.352125 0.709953
vn 0.583849 0.393811 0.709953
vn 0.554956 0.433579 0.709953
vn 0.523359 0.471235 0.709953
vn 0.489213 0.506594 0.709953
vn 0.452683 0.539486 0.709953
vn 0.413947 0.569749 0.709953
vn 0.373195 0.597237 0.709953
vn 0.330625 0.621815 0.709953
vn 0.286444 0.643364 0.709953
vn 0.240867 0.661778 0.709953
vn 0.194117 0.676968 0.709953
vn 0.146422 0.68886 0.709953
vn 0.0980125 0.697395 0.709953
vn 0.0491259 0.702534 0.709953
vn 0 0.654663 0.755921
vn -0.045667 0.653068 0.755921
vn -0.0911115 0.648292 0.755921
vn -0.136112 0.640357 0.755921
vn -0.18045 0.629303 0.755921
vn -0.223908 0.615182 0.755921
vn -0.266275 0.598064 0.755921
vn -0.307346 0.578033 0.755921
vn -0.346919 0.555186 0.755921
vn -0.384801 0.529634 0.755921
vn -0.420809 0.501501 0.755921
vn -0.454767 0.470925 0.755921
vn -0.486509 0.438055 0.755921
vn -0.515882 0.403051 0.755921
vn -0.54274 0.366083 0.755921
vn -0.566955 0.327332 0.755921
vn -0.588407 0.286985 0.755921
vn -0.606993 0.245241 0.755921
vn -0.622622 0.202302 0.755921
vn -0.635217 0.158377 0.755921
vn -0.644717 0.113681 0.755921
vn -0.651077 0.0684309 0.755921
vn -0.654264 0.0228474 0.755921
vn -0.654264 -0.0228474 0.755921
vn -0.651077 -0.0684309 0.755921
vn -0.644717 -0.113681 0.755921
vn -0.635217 -0.158377 0.755921
vn -0.622622 -0.202302 0.755921
vn -0.606993 -0.245241 0.755921
vn -0.588407 -0.286985 0.755921
vn -0.566955 -0.327332 0.755921
vn -0.54274 -0.366083 0.755921
vn -0.515882 -0.403051 0.755921
vn -0.486509 -0.438055 0.755921
vn -0.454767 -0.470925 0.755921
vn -0.420809 -0.501501 0.755921
vn -0.384801 -0.529634 0.755921
vn -0.346919 -0.555186 0.755921
vn -0.307346 -0.578033 0.755921
vn -0.266275 -0.598064 0.755921
vn -0.223908 -0.615182 0.755921
vn -0.18045 -0.629303 0.755921
vn -0.136112 -0.640357 0.755921
vn -0.0911115 -0.648292 0.755921
vn -0.045667 -0.653068 0.755921
vn 1.45364e-16 -0.654663 0.755921
vn 0.045667 -0.653068 0.755921
vn 0.0911115 -0.648292 0.755921
vn 0.136112 -0.640357 0.755921
vn 0.18045 -0.629303 0.755921
vn 0.223908 -0.615182 0.755921
vn 0.266275 -0.598064 0.755921
vn 0.307346 -0.578033 0.755921
vn 0.346919 -0.555186 0.755921
vn 0.384801 -0.529634 0.755921
vn 0.420809 -0.501501 0.755921
vn 0.454767 -0.470925 0.755921
vn 0.486509 -0.438055 0.755921
vn 0.515882 -0.403051 0.755921
vn 0.54274 -0.366083 0.755921
vn 0.566955 -0.327332 0.755921
vn 0.588407 -0.286985 0.755921
vn 0.606993 -0.245241 0.755921
vn 0.622622 -0.202302 0.755921
vn 0.635217 -0.158377 0.755921
vn 0.644717 -0.113681 0.755921
vn 0.651077 -0.0684309 0.755921
vn 0.654264 -0.0228474 0.755921
vn 0.654264 0.0228474 0.755921
vn 0.651077 0.0684309 0.755921
vn 0.644717 0.113681 0.755921
vn 0.635217 0.158377 0.755921
vn 0.622622 0.202302 0.755921
vn 0.606993 0.245241 0.755921
vn 0.588407 0.286985 0.755921
vn 0.566955 0.327332 0.755921
vn 0.54274 0.366083 0.755921
vn 0.515882 0.403051 0.755921
vn 0.486509 0.438055 0.755921
vn 0.454767 0.470925 0.755921
vn 0.420809 0.501501 0.755921
vn 0.384801 0.529634 0.755921
vn 0.346919 0.555186 0.755921
vn 0.307346 0.578033 0.755921
vn 0.266275 0.598064 0.755921
vn 0.223908 0.615182 0.755921
vn 0.18045 0.629303 0.755921
vn 0.136112 0.640357 0.755921
vn 0.0911115 0.648292 0.755921
vn 0.045667 0.653068 0.755921
vn 0 0.602084 0.798433
vn -0.0419993 0.600617 0.798433
vn -0.0837939 0.596225 0.798433
vn -0.12518 0.588927 0.798433
vn -0.165957 0.57876 0.798433
vn -0.205925 0.565774 0.798433
vn -0.24489 0.550031 0.798433
vn -0.282661 0.531609 0.798433
vn -0.319056 0.510596 0.798433
vn -0.353896 0.487096 0.798433
vn -0.387012 0.461223 0.798433
vn -0.418243 0.433103 0.798433
vn -0.447436 0.402873 0.798433
vn -0.474449 0.37068 0.798433
vn -0.49915 0.336681 0.798433
vn -0.52142 0.301042 0.798433
vn -0.54115 0.263936 0.798433
vn -0.558243 0.225545 0.798433
vn -0.572616 0.186054 0.798433
vn -0.5842 0.145657 0.798433
vn -0.592937 0.104551 0.798433
vn -0.598786 0.0629349 0.798433
vn -0.601717 0.0210124 0.798433
vn -0.601717 -0.0210124 0.798433
vn -0.598786 -0.0629349 0.798433
vn -0.592937 -0.104551 0.798433
vn -0.5842 -0.145657 0.798433
vn -0.572616 -0.186054 0.798433
vn -0.558243 -0.225545 0.798433
vn -0.54115 -0.263936 0.798433
vn -0.52142 -0.301042 0.798433
vn -0.49915 -0.336681 0.798433
vn -0.474449 -0.37068 0.798433
vn -0.447436 -0.402873 0.798433
vn -0.418243 -0.433103 0.798433
vn -0.387012 -0.461223 0.798433
vn -0.353896 -0.487096 0.798433
vn -0.319056 -0.510596 0.798433
vn -0.282661 -0.531609 0.798433
vn -0.24489 -0.550031 0.798433
vn -0.205925 -0.565774 0.798433
vn -0.165957 -0.57876 0.798433
vn -0.12518 -0.588927 0.798433
vn -0.0837939 -0.596225 0.798433
vn -0.0419993 -0.600617 0.798433
vn 1.3369e-16 -0.602084 0.798433
vn 0.0419993 -0.600617 0.798433
vn 0.0837939 -0.596225 0.798433
vn 0.12518 -0.588927 0.798433
vn 0.165957 -0.57876 0.798433
vn 0.205925 -0.565774 0.798433
vn 0.24489 -0.550031 0.798433
vn 0.282661 -0.531609 0.798433
vn 0.319056 -0.510596 0.798433
vn 0.353896 -0.487096 0.798433
vn 0.387012 -0.461223 0.798433
vn 0.418243 -0.433103 0.798433
vn 0.447436 -0.402873 0.798433
vn 0.474449 -0.37068 0.798433
vn 0.49915 -0.336681 0.798433
vn 0.52142 -0.301042 0.798433
vn 0.54115 -0.263936 0.798433
vn 0.558243 -0.225545 0.798433
vn 0.572616 -0.186054 0.798433
vn 0.5842 -0.145657 0.798433
vn 0.592937 -0.104551 0.798433
vn 0.598786 -0.0629349 0.798433
vn 0.601717 -0.0210124 0.798433
vn 0.601717 0.0210124 0.798433
vn 0.598786 0.0629349 0.798433
vn 0.592937 0.104551 0.798433
vn 0.5842 0.145657 0.798433
vn 0.572616 0.186054 0.798433
vn 0.558243 0.225545 0.798433
vn 0.54115 0.263936 0.798433
vn 0.52142 0.301042 0.798433
vn 0.49915 0.336681 0.798433
vn 0.474449 0.37068 0.798433
vn 0.447436 0.402873 0.798433
vn 0.418243 0.433103 0.798433
vn 0.387012 0.461223 0.798433
vn 0.353896 0.487096 0.798433
vn 0.319056 0.510596 0.798433
vn 0.282661 0.531609 0.798433
vn 0.24489 0.550031 0.798433
vn 0.205925 0.565774 0.798433
vn 0.165957 0.57876 0.798433
vn 0.12518 0.588927 0.798433
vn 0.0837939 0.596225 0.798433
vn 0.0419993 0.600617 0.798433
vn 0 0.546752 0.837294
vn -0.0381395 0.545421 0.837294
vn -0.0760932 0.541431 0.837294
vn -0.113676 0.534805 0.837294
vn -0.150705 0.525572 0.837294
vn -0.187 0.513779 0.837294
vn -0.222384 0.499483 0.837294
vn -0.256685 0.482754 0.837294
vn -0.289735 0.463672 0.837294
vn -0.321373 0.442332 0.837294
vn -0.351446 0.418837 0.837294
vn -0.379806 0.393301 0.837294
vn -0.406316 0.365849 0.837294
vn -0.430847 0.336614 0.837294
vn -0.453278 0.30574 0.837294
vn -0.473501 0.273376 0.837294
vn -0.491418 0.23968 0.837294
vn -0.50694 0.204817 0.837294
vn -0.519992 0.168956 0.837294
vn -0.530512 0.132271 0.837294
vn -0.538446 0.0949426 0.837294
vn -0.543757 0.0571512 0.837294
vn -0.546419 0.0190814 0.837294
vn -0.546419 -0.0190814 0.837294
vn -0.543757 -0.0571512 0.837294
vn -0.538446 -0.0949426 0.837294
vn -0.530512 -0.132271 0.837294
vn -0.519992 -0.168956 0.837294
vn -0.50694 -0.204817 0.837294
vn -0.491418 -0.23968 0.837294
vn -0.473501 -0.273376 0.837294
vn -0.453278 -0.30574 0.837294
vn -0.430847 -0.336614 0.837294
vn -0.406316 -0.365849 0.837294
vn -0.379806 -0.393301 0.837294
vn -0.351446 -0.418837 0.837294
vn -0.321373 -0.442332 0.837294
vn -0.289735 -0.463672 0.837294
vn -0.256685 -0.482754 0.837294
vn -0.222384 -0.499483 0.837294
vn -0.187 -0.513779 0.837294
vn -0.150705 -0.525572 0.837294
vn -0.113676 -0.534805 0.837294
vn -0.0760932 -0.541431 0.837294
vn -0.0381395 -0.545421 0.837294
vn 1.21403e-16 -0.546752 0.837294
vn 0.0381395 -0.545421 0.837294
vn 0.0760932 -0.541431 0.837294
vn 0.113676 -0.534805 0.837294
vn 0.150705 -0.525572 0.837294
vn 0.187 -0.513779 0.837294
vn 0.222384 -0.499483 0.837294
vn 0.256685 -0.482754 0.837294
vn 0.289735 -0.463672 0.837294
vn 0.321373 -0.442332 0.837294
vn 0.351446 -0.418837 0.837294
vn 0.379806 -0.393301 0.837294
vn 0.406316 -0.365849 0.837294
vn 0.430847 -0.336614 0.837294
vn 0.453278 -0.30574 0.837294
vn 0.473501 -0.273376 0.837294
vn 0.491418 -0.23968 0.837294
vn 0.50694 -0.204817 0.837294
vn 0.519992 -0.168956 0.837294
vn 0.530512 -0.132271 0.837294
vn 0.538446 -0.0949426 0.837294
vn 0.543757 -0.0571512 0.837294
vn 0.546419 -0.0190814 0.837294
vn 0.546419 0.0190814 0.837294
vn 0.543757 0.0571512 0.837294
vn 0.538446 0.0949426 0.837294
vn 0.530512 0.132271 0.837294
vn 0.519992 0.168956 0.837294
vn 0.50694 0.204817 0.837294
vn 0.491418 0.23968 0.837294
vn 0.473501 0.273376 0.837294
vn 0.453278 0.30574 0.837294
vn 0.430847 0.336614 0.837294
vn 0.406316 0.365849 0.837294
vn 0.379806 0.393301 0.837294
vn 0.351446 0.418837 0.837294
vn 0.321373 0.442332 0.837294
vn 0.289735 0.463672 0.837294
vn 0.256685 0.482754 0.837294
vn 0.222384 0.499483 0.837294
vn 0.187 0.513779 0.837294
vn 0.150705 0.525572 0.837294
vn 0.113676 0.534805 0.837294
vn 0.0760932 0.541431 0.837294
vn 0.0381395 0.545421 0.837294
vn 0 0.488921 0.872328
vn -0.0341054 0.48773 0.872328
vn -0.0680447 0.484163 0.872328
vn -0.101652 0.478237 0.872328
vn -0.134765 0.469981 0.872328
vn -0.167221 0.459436 0.872328
vn -0.198862 0.446652 0.872328
vn -0.229535 0.431692 0.872328
vn -0.259089 0.414629 0.872328
vn -0.287381 0.395545 0.872328
vn -0.314272 0.374535 0.872328
vn -0.339633 0.3517 0.872328
vn -0.363339 0.327152 0.872328
vn -0.385275 0.30101 0.872328
vn -0.405334 0.273401 0.872328
vn -0.423418 0.244461 0.872328
vn -0.439439 0.214329 0.872328
vn -0.45332 0.183153 0.872328
vn -0.464992 0.151085 0.872328
vn -0.474398 0.118281 0.872328
vn -0.481493 0.0849003 0.872328
vn -0.486243 0.0511062 0.872328
vn -0.488623 0.0170631 0.872328
vn -0.488623 -0.0170631 0.872328
vn -0.486243 -0.0511062 0.872328
vn -0.481493 -0.0849003 0.872328
vn -0.474398 -0.118281 0.872328
vn -0.464992 -0.151085 0.872328
vn -0.45332 -0.183153 0.872328
vn -0.439439 -0.214329 0.872328
vn -0.423418 -0.244461 0.872328
vn -0.405334 -0.273401 0.872328
vn -0.385275 -0.30101 0.872328
vn -0.363339 -0.327152 0.872328
vn -0.339633 -0.3517 0.872328
vn -0.314272 -0.374535 0.872328
vn -0.287381 -0.395545 0.872328
vn -0.259089 -0.414629 0.872328
vn -0.229535 -0.431692 0.872328
vn -0.198862 -0.446652 0.872328
vn -0.167221 -0.459436 0.872328
vn -0.134765 -0.469981 0.872328
vn -0.101652 -0.478237 0.872328
vn -0.0680447 -0.484163 0.872328
vn -0.0341054 -0.48773 0.872328
vn 1.08562e-16 -0.488921 0.872328
vn 0.0341054 -0.48773 0.872328
vn 0.0680447 -0.484163 0.872328
vn 0.101652 -0.478237 0.872328
vn 0.134765 -0.469981 0.872328
vn 0.167221 -0.459436 0.872328
vn 0.198862 -0.446652 0.872328
vn 0.229535 -0.431692 0.872328
vn 0.259089 -0.414629 0.872328
vn 0.287381 -0.395545 0.872328
vn 0.314272 -0.374535 0.872328
vn 0.339633 -0.3517 0.872328
vn 0.363339 -0.327152 0.872328
vn 0.385275 -0.30101 0.872328
vn 0.405334 -0.273401 0.872328
vn 0.423418 -0.244461 0.872328
vn 0.439439 -0.214329 0.872328
vn 0.45332 -0.183153 0.872328
vn 0.464992 -0.151085 0.872328
vn 0.474398 -0.118281 0.872328
vn 0.481493 -0.0849003 0.872328
vn 0.486243 -0.0511062 0.872328
vn 0.488623 -0.0170631 0.872328
vn 0.488623 0.0170631 0.872328
vn 0.486243 0.0511062 0.872328
vn 0.481493 0.0849003 0.872328
vn 0.474398 0.118281 0.872328
vn 0.464992 0.151085 0.872328
vn 0.45332 0.183153 0.872328
vn 0.439439 0.214329 0.872328
vn 0.423418 0.244461 0.872328
vn 0.405334 0.273401 0.872328
vn 0.385275 0.30101 0.872328
vn 0.363339 0.327152 0.872328
vn 0.339633 0.3517 0.872328
vn 0.314272 0.374535 0.872328
vn 0.287381 0.395545 0.872328
vn 0.259089 0.414629 0.872328
vn 0.229535 0.431692 0.872328
vn 0.198862 0.446652 0.872328
vn 0.167221 0.459436 0.872328
vn 0.134765 0.469981 0.872328
vn 0.101652 0.478237 0.872328
vn 0.0680447 0.484163 0.872328
vn 0.0341054 0.48773 0.872328
vn 0 0.428855 0.903374
vn -0.0299154 0.42781 0.903374
vn -0.059685 0.424681 0.903374
vn -0.0891639 0.419483 0.903374
vn -0.118208 0.412241 0.903374
vn -0.146677 0.402991 0.903374
vn -0.174431 0.391778 0.903374
vn -0.201335 0.378656 0.903374
vn -0.227258 0.363689 0.903374
vn -0.252074 0.346951 0.903374
vn -0.275662 0.328522 0.903374
vn -0.297907 0.308492 0.903374
vn -0.318701 0.28696 0.903374
vn -0.337942 0.264029 0.903374
vn -0.355537 0.239812 0.903374
vn -0.371399 0.214427 0.903374
vn -0.385452 0.187997 0.903374
vn -0.397627 0.160652 0.903374
vn -0.407865 0.132523 0.903374
vn -0.416116 0.103749 0.903374
vn -0.422339 0.0744698 0.903374
vn -0.426505 0.0448275 0.903374
vn -0.428593 0.0149668 0.903374
vn -0.428593 -0.0149668 0.903374
vn -0.426505 -0.0448275 0.903374
vn -0.422339 -0.0744698 0.903374
vn -0.416116 -0.103749 0.903374
vn -0.407865 -0.132523 0.903374
vn -0.397627 -0.160652 0.903374
vn -0.385452 -0.187997 0.903374
vn -0.371399 -0.214427 0.903374
vn -0.355537 -0.239812 0.903374
vn -0.337942 -0.264029 0.903374
vn -0.318701 -0.28696 0.903374
vn -0.297907 -0.308492 0.903374
vn -0.275662 -0.328522 0.903374
vn -0.252074 -0.346951 0.903374
vn -0.227258 -0.363689 0.903374
vn -0.201335 -0.378656 0.903374
vn -0.174431 -0.391778 0.903374
vn -0.146677 -0.402991 0.903374
vn -0.118208 -0.412241 0.903374
vn -0.0891639 -0.419483 0.903374
vn -0.059685 -0.424681 0.903374
vn -0.0299154 -0.42781 0.903374
vn 9.52248e-17 -0.428855 0.903374
vn 0.0299154 -0.42781 0.903374
vn 0.059685 -0.424681 0.903374
vn 0.0891639 -0.419483 0.903374
vn 0.118208 -0.412241 0.903374
vn 0.146677 -0.402991 0.903374
vn 0.174431 -0.391778 0.903374
vn 0.201335 -0.378656 0.903374
vn 0.227258 -0.363689 0.903374
vn 0.252074 -0.346951 0.903374
vn 0.275662 -0.328522 0.903374
vn 0.297907 -0.308492 0.903374
vn 0.318701 -0.28696 0.903374
vn 0.337942 -0.264029 0.903374
vn 0.355537 -0.239812 0.903374
vn 0.371399 -0.214427 0.903374
vn 0.385452 -0.187997 0.903374
vn 0.397627 -0.160652 0.903374
vn 0.407865 -0.132523 0.903374
vn 0.416116 -0.103749 0.903374
vn 0.422339 -0.0744698 0.903374
vn 0.426505 -0.0448275 0.903374
vn 0.428593 -0.0149668 0.903374
vn 0.428593 0.0149668 0.903374
vn 0.426505 0.0448275 0.903374
vn 0.422339 0.0744698 0.903374
vn 0.416116 0.103749 0.903374
vn 0.407865 0.132523 0.903374
vn 0.397627 0.160652 0.903374
vn 0.385452 0.187997 0.903374
vn 0.371399 0.214427 0.903374
vn 0.355537 0.239812 0.903374
vn 0.337942 0.264029 0.903374
vn 0.318701 0.28696 0.903374
vn 0.297907 0.308492 0.903374
vn 0.275662 0.328522 0.903374
vn 0.252074 0.346951 0.903374
vn 0.227258 0.363689 0.903374
vn 0.201335 0.378656 0.903374
vn 0.174431 0.391778 0.903374
vn 0.146677 0.402991 0.903374
vn 0.118208 0.412241 0.903374
vn 0.0891639 0.419483 0.903374
vn 0.059685 0.424681 0.903374
vn 0.0299154 0.42781 0.903374
vn 0 0.366827 0.930289
vn -0.0255886 0.365934 0.930289
vn -0.0510525 0.363257 0.930289
vn -0.0762677 0.358811 0.930289
vn -0.101111 0.352617 0.930289
vn -0.125462 0.344705 0.930289
vn -0.149202 0.335113 0.930289
vn -0.172215 0.323889 0.930289
vn -0.194389 0.311087 0.930289
vn -0.215616 0.29677 0.930289
vn -0.235792 0.281006 0.930289
vn -0.25482 0.263873 0.930289
vn -0.272606 0.245455 0.930289
vn -0.289064 0.225841 0.930289
vn -0.304114 0.205127 0.930289
vn -0.317682 0.183414 0.930289
vn -0.329702 0.160807 0.930289
vn -0.340116 0.137416 0.930289
vn -0.348874 0.113356 0.930289
vn -0.355931 0.0887436 0.930289
vn -0.361254 0.0636989 0.930289
vn -0.364818 0.0383439 0.930289
vn -0.366604 0.0128021 0.930289
vn -0.366604 -0.0128021 0.930289
vn -0.364818 -0.0383439 0.930289
vn -0.361254 -0.0636989 0.930289
vn -0.355931 -0.0887436 0.930289
vn -0.348874 -0.113356 0.930289
vn -0.340116 -0.137416 0.930289
vn -0.329702 -0.160807 0.930289
vn -0.317682 -0.183414 0.930289
vn -0.304114 -0.205127 0.930289
vn -0.289064 -0.225841 0.930289
vn -0.272606 -0.245455 0.930289
vn -0.25482 -0.263873 0.930289
vn -0.235792 -0.281006 0.930289
vn -0.215616 -0.29677 0.930289
vn -0.194389 -0.311087 0.930289
vn -0.172215 -0.323889 0.930289
vn -0.149202 -0.335113 0.930289
vn -0.125462 -0.344705 0.930289
vn -0.101111 -0.352617 0.930289
vn -0.0762677 -0.358811 0.930289
vn -0.0510525 -0.363257 0.930289
vn -0.0255886 -0.365934 0.930289
vn 8.1452e-17 -0.366827 0.930289
vn 0.0255886 -0.365934 0.930289
vn 0.0510525 -0.363257 0.930289
vn 0.0762677 -0.358811 0.930289
vn 0.101111 -0.352617 0.930289
vn 0.125462 -0.344705 0.930289
vn 0.149202 -0.335113 0.930289
vn 0.172215 -0.323889 0.930289
vn 0.194389 -0.311087 0.930289
vn 0.215616 -0.29677 0.930289
vn 0.235792 -0.281006 0.930289
vn 0.25482 -0.263873 0.930289
vn 0.272606 -0.245455 0.930289
vn 0.289064 -0.225841 0.930289
vn 0.304114 -0.205127 0.930289
vn 0.317682 -0.183414 0.930289
vn 0.329702 -0.160807 0.930289
vn 0.340116 -0.137416 0.930289
vn 0.348874 -0.113356 0.930289
vn 0.355931 -0.0887436 0.930289
vn 0.361254 -0.0636989 0.930289
vn 0.364818 -0.0383439 0.930289
vn 0.366604 -0.0128021 0.930289
vn 0.366604 0.0128021 0.930289
vn 0.364818 0.0383439 0.930289
vn 0.361254 0.0636989 0.930289
vn 0.355931 0.0887436 0.930289
vn 0.348874 0.113356 0.930289
vn 0.340116 0.137416 0.930289
vn 0.329702 0.160807 0.930289
vn 0.317682 0.183414 0.930289
vn 0.304114 0.205127 0.930289
vn 0.289064 0.225841 0.930289
vn 0.272606 0.245455 0.930289
vn 0.25482 0.263873 0.930289
vn 0.235792 0.281006 0.930289
vn 0.215616 0.29677 0.930289
vn 0.194389 0.311087 0.930289
vn 0.172215 0.323889 0.930289
vn 0.149202 0.335113 0.930289
vn 0.125462 0.344705 0.930289
vn 0.101111 0.352617 0.930289
vn 0.0762677 0.358811 0.930289
vn 0.0510525 0.363257 0.930289
vn 0.0255886 0.365934 0.930289
vn 0 0.303123 0.952951
vn -0.0211448 0.302385 0.952951
vn -0.0421866 0.300173 0.952951
vn -0.0630228 0.296499 0.952951
vn -0.083552 0.291381 0.952951
vn -0.103674 0.284843 0.952951
vn -0.123291 0.276917 0.952951
vn -0.142308 0.267642 0.952951
vn -0.160631 0.257063 0.952951
vn -0.178171 0.245232 0.952951
vn -0.194844 0.232206 0.952951
vn -0.210567 0.218048 0.952951
vn -0.225264 0.202829 0.952951
vn -0.238864 0.186621 0.952951
vn -0.2513 0.169504 0.952951
vn -0.262512 0.151562 0.952951
vn -0.272445 0.13288 0.952951
vn -0.281051 0.113552 0.952951
vn -0.288287 0.0936702 0.952951
vn -0.294119 0.0733321 0.952951
vn -0.298518 0.0526368 0.952951
vn -0.301463 0.031685 0.952951
vn -0.302938 0.0105788 0.952951
vn -0.302938 -0.0105788 0.952951
vn -0.301463 -0.031685 0.952951
vn -0.298518 -0.0526368 0.952951
vn -0.294119 -0.0733321 0.952951
vn -0.288287 -0.0936702 0.952951
vn -0.281051 -0.113552 0.952951
vn -0.272445 -0.13288 0.952951
vn -0.262512 -0.151562 0.952951
vn -0.2513 -0.169504 0.952951
vn -0.238864 -0.186621 0.952951
vn -0.225264 -0.202829 0.952951
vn -0.210567 -0.218048 0.952951
vn -0.194844 -0.232206 0.952951
vn -0.178171 -0.245232 0.952951
vn -0.160631 -0.257063 0.952951
vn -0.142308 -0.267642 0.952951
vn -0.123291 -0.276917 0.952951
vn -0.103674 -0.284843 0.952951
vn -0.083552 -0.291381 0.952951
vn -0.0630228 -0.296499 0.952951
vn -0.0421866 -0.300173 0.952951
vn -0.0211448 -0.302385 0.952951
vn 6.73068e-17 -0.303123 0.952951
vn 0.0211448 -0.302385 0.952951
vn 0.0421866 -0.300173 0.952951
vn 0.0630228 -0.296499 0.952951
vn 0.083552 -0.291381 0.952951
vn 0.103674 -0.284843 0.952951
vn 0.123291 -0.276917 0.952951
vn 0.142308 -0.267642 0.952951
vn 0.160631 -0.257063 0.952951
vn 0.178171 -0.245232 0.952951
vn 0.194844 -0.232206 0.952951
vn 0.210567 -0.218048 0.952951
vn 0.225264 -0.202829 0.952951
vn 0.238864 -0.186621 0.952951
vn 0.2513 -0.169504 0.952951
vn 0.262512 -0.151562 0.952951
vn 0.272445 -0.13288 0.952951
vn 0.281051 -0.113552 0.952951
vn 0.288287 -0.0936702 0.952951
vn 0.294119 -0.0733321 0.952951
vn 0.298518 -0.0526368 0.952951
vn 0.301463 -0.031685 0.952951
vn 0.302938 -0.0105788 0.952951
vn 0.302938 0.0105788 0.952951
vn 0.301463 0.031685 0.952951
vn 0.298518 0.0526368 0.952951
vn 0.294119 0.0733321 0.952951
vn 0.288287 0.0936702 0.952951
vn 0.281051 0.113552 0.952951
vn 0.272445 0.13288 0.952951
vn 0.262512 0.151562 0.952951
vn 0.2513 0.169504 0.952951
vn 0.238864 0.186621 0.952951
vn 0.225264 0.202829 0.952951
vn 0.210567 0.218048 0.952951
vn 0.194844 0.232206 0.952951
vn 0.178171 0.245232 0.952951
vn 0.160631 0.257063 0.952951
vn 0.142308 0.267642 0.952951
vn 0.123291 0.276917 0.952951
vn 0.103674 0.284843 0.952951
vn 0.083552 0.291381 0.952951
vn 0.0630228 0.296499 0.952951
vn 0.0421866 0.300173 0.952951
vn 0.0211448 0.302385 0.952951
vn 0 0.238033 0.971257
vn -0.0166043 0.237453 0.971257
vn -0.0331278 0.235716 0.971257
vn -0.0494898 0.232831 0.971257
vn -0.0656108 0.228812 0.971257
vn -0.0814121 0.223678 0.971257
vn -0.0968167 0.217454 0.971257
vn -0.11175 0.210171 0.971257
vn -0.126138 0.201863 0.971257
vn -0.187573 0.146548 0.971257
vn -0.197338 0.133106 0.971257
vn -0.206143 0.119016 0.971257
vn -0.213943 0.104347 0.971257
vn -0.2207 0.0891687 0.971257
vn -0.226383 0.0735562 0.971257
vn -0.230962 0.0575854 0.971257
vn -0.234417 0.041334 0.971257
vn -0.236729 0.0248812 0.971257
vn -0.237888 0.00830723 0.971257
vn -0.237888 -0.00830723 0.971257
vn -0.236729 -0.0248812 0.971257
vn -0.234417 -0.041334 0.971257
vn -0.230962 -0.0575854 0.971257
vn -0.226383 -0.0735562 0.971257
vn -0.2207 -0.0891687 0.971257
vn -0.213943 -0.104347 0.971257
vn -0.206143 -0.119016 0.971257
vn -0.197338 -0.133106 0.971257
vn -0.139912 -0.192573 0.971257
vn -0.126138 -0.201863 0.971257
vn -0.11175 -0.210171 0.971257
vn -0.0968167 -0.217454 0.971257
vn -0.0814121 -0.223678 0.971257
vn -0.0656108 -0.228812 0.971257
vn -0.0494898 -0.232831 0.971257
vn -0.0331278 -0.235716 0.971257
vn -0.0166043 -0.237453 0.971257
vn 5.28539e-17 -0.238033 0.971257
vn 0.0166043 -0.237453 0.971257
vn 0.0331278 -0.235716 0.971257
vn 0.0494898 -0.232831 0.971257
vn 0.0656108 -0.228812 0.971257
vn 0.0814121 -0.223678 0.971257
vn 0.0968167 -0.217454 0.971257
vn 0.11175 -0.210171 0.971257
vn 0.126138 -0.201863 0.971257
vn 0.187573 -0.146548 0.971257
vn 0.197338 -0.133106 0.971257
vn 0.206143 -0.119016 0.971257
vn 0.213943 -0.104347 0.971257
vn 0.2207 -0.0891687 0.971257
vn 0.226383 -0.0735562 0.971257
vn 0.230962 -0.0575854 0.971257
vn 0.234417 -0.041334 0.971257
vn 0.236729 -0.0248812 0.971257
vn 0.237888 -0.00830723 0.971257
vn 0.237888 0.00830723 0.971257
vn 0.236729 0.0248812 0.971257
vn 0.234417 0.041334 0.971257
vn 0.230962 0.0575854 0.971257
vn 0.226383 0.0735562 0.971257
vn 0.2207 0.0891687 0.971257
vn 0.213943 0.104347 0.971257
vn 0.206143 0.119016 0.971257
vn 0.197338 0.133106 0.971257
vn 0.139912 0.192573 0.971257
vn 0.126138 0.201863 0.971257
vn 0.11175 0.210171 0.971257
vn 0.0968167 0.217454 0.971257
vn 0.0814121 0.223678 0.971257
vn 0.0656108 0.228812 0.971257
vn 0.0494898 0.232831 0.971257
vn 0.0331278 0.235716 0.971257
vn 0.0166043 0.237453 0.971257
vn 0.182573 0.165946 0.969087
vn 0.182573 0.150234 0.971647
vn 0.187573 0.146548 0.971257
vn 0.182573 0.144244 0.972554
vn 0.182573 0.123261 0.975435
vn 0.182573 0.0902812 0.979039
vn 0.182573 0.0744778 0.980367
vn 0.182573 0.0611733 0.981287
vn 0.182573 0.0460037 0.982116
vn 0.182573 0.0326537 0.98265
vn 0.182573 0.0194349 0.983
vn 0.182573 0.00641491 0.983171
vn 0.182573 0 0.983192
vn 0.182573 -0.0194349 0.983
vn 0.182573 -0.0326537 0.98265
vn 0.182573 -0.0460037 0.982116
vn 0.182573 -0.0594153 0.981395
vn 0.182573 -0.0611733 0.981287
vn 0.182573 -0.0902812 0.979039
vn 0.182573 -0.106508 0.977406
vn 0.182573 -0.12211 0.97558
vn 0.182573 -0.144244 0.972554
vn 0.182573 -0.150234 0.971647
vn 0.182573 -0.165946 0.969087
vn 0.182573 -0.182573 0.966092
vn 0.155017 -0.182573 0.970895
vn 0.150234 -0.182573 0.971647
vn 0.139912 -0.192573 0.971257
vn 0.13365 -0.182573 0.974066
vn 0.0983486 -0.182573 0.978261
vn 0.0823197 -0.182573 0.97974
vn 0.0611733 -0.182573 0.981287
vn 0.0527062 -0.182573 0.981779
vn 0.0393166 -0.182573 0.982406
vn 0.0260236 -0.182573 0.982848
vn 0.0128959 -0.182573 0.983108
vn 3.01955e-16 -0.182573 0.983192
vn -0.0128959 -0.182573 0.983108
vn -0.0260236 -0.182573 0.982848
vn -0.0393166 -0.182573 0.982406
vn -0.0611733 -0.182573 0.981287
vn -0.0667691 -0.182573 0.980923
vn -0.0823197 -0.182573 0.97974
vn -0.0983486 -0.182573 0.978261
vn -0.12211 -0.182573 0.97558
vn -0.13365 -0.182573 0.974066
vn -0.150234 -0.182573 0.971647
vn -0.155017 -0.182573 0.970895
vn -0.182573 -0.182573 0.966092
vn -0.182573 -0.165946 0.969087
vn -0.182573 -0.150234 0.971647
vn -0.187573 -0.146548 0.971257
vn -0.182573 -0.144244 0.972554
vn -0.182573 -0.123261 0.975435
vn -0.182573 -0.0902812 0.979039
vn -0.182573 -0.0744778 0.980367
vn -0.182573 -0.0611733 0.981287
vn -0.182573 -0.0460037 0.982116
vn -0.182573 -0.0326537 0.98265
vn -0.182573 -0.0194349 0.983
vn -0.182573 -0.00641491 0.983171
vn -0.182573 0 0.983192
vn -0.182573 0.0194349 0.983
vn -0.182573 0.0326537 0.98265
vn -0.182573 0.0460037 0.982116
vn -0.182573 0.0594153 0.981395
vn -0.182573 0.0611733 0.981287
vn -0.182573 0.0902812 0.979039
vn -0.182573 0.106508 0.977406
vn -0.182573 0.12211 0.97558
vn -0.182573 0.144244 0.972554
vn -0.182573 0.150234 0.971647
vn -0.182573 0.165946 0.969087
vn -0.182573 0.182573 0.966092
vn -0.155017 0.182573 0.970895
vn -0.150234 0.182573 0.971647
vn -0.139912 0.192573 0.971257
vn -0.13365 0.182573 0.974066
vn -0.0983486 0.182573 0.978261
vn -0.0823197 0.182573 0.97974
vn -0.0611733 0.182573 0.981287
vn -0.0527062 0.182573 0.981779
vn -0.0393166 0.182573 0.982406
vn -0.0260236 0.182573 0.982848
vn -0.0128959 0.182573 0.983108
vn -2.79713e-16 0.182573 0.983192
vn 0.0128959 0.182573 0.983108
vn 0.0260236 0.182573 0.982848
vn 0.0393166 0.182573 0.982406
vn 0.0611733 0.182573 0.981287
vn 0.0667691 0.182573 0.980923
vn 0.0823197 0.182573 0.97974
vn 0.0983486 0.182573 0.978261
vn 0.12211 0.182573 0.97558
vn 0.13365 0.182573 0.974066
vn 0.150234 0.182573 0.971647
vn 0.155017 0.182573 0.970895
vn 0.182573 0.182573 0.966092
vn -0.12211 0.182573 0.97558
vn -0.182573 -0.12211 0.97558
vn 0.12211 -0.182573 0.97558
vn 0.182573 0.12211 0.97558
vn -0 -1 -0
vn -0 0 1
vn -0 1 -0
vn -1 0 1.38778e-16
vn 1 0 0
vt -0.0005 -0.0009
vt 0.010437 -0.00166479
vt 0.010357 -0.00242585
vt 0.0102241 -0.00317948
vt 0.010039 -0.003922
vt 0.0098025 -0.0046498
vt 0.00951583 -0.00535933
vt 0.00918036 -0.00604714
vt 0.00879774 -0.00670987
vt 0.00836981 -0.0073443
vt 0.00789867 -0.00794732
vt 0.00738662 -0.00851602
vt 0.00683614 -0.00904761
vt 0.00624992 -0.00953951
vt 0.00563082 -0.00998931
vt 0.00498185 -0.0103948
vt 0.00430617 -0.0107541
vt 0.00360707 -0.0110654
vt 0.00288797 -0.0113271
vt 0.00215236 -0.011538
vt 0.00140382 -0.0116971
vt 0.000646018 -0.0118036
vt -0.000117373 -0.011857
vt -0.000882627 -0.011857
vt -0.00164602 -0.0118036
vt -0.00240382 -0.0116971
vt -0.00315236 -0.011538
vt -0.00388797 -0.0113271
vt -0.00460707 -0.0110654
vt -0.00530617 -0.0107541
vt -0.00598185 -0.0103948
vt -0.00663082 -0.00998931
vt -0.00724992 -0.00953951
vt -0.00783614 -0.00904761
vt -0.00838662 -0.00851602
vt -0.00889867 -0.00794732
vt -0.00936981 -0.0073443
vt -0.00979774 -0.00670987
vt -0.0101804 -0.00604714
vt -0.0105158 -0.00535933
vt -0.0108025 -0.0046498
vt -0.011039 -0.003922
vt -0.0112241 -0.00317948
vt -0.011357 -0.00242585
vt -0.011437 -0.00166479
vt -0.0114637 -0.0009
vt -0.011437 -0.000135212
vt -0.011357 0.000625851
vt -0.0112241 0.00137948
vt -0.011039 0.002122
vt -0.0108025 0.0028498
vt -0.0105158 0.00355933
vt -0.0101804 0.00424714
vt -0.00979774 0.00490987
vt -0.00936981 0.0055443
vt -0.00889867 0.00614732
vt -0.00838662 0.00671602
vt -0.00783614 0.00724761
vt -0.00724992 0.00773951
vt -0.00663082 0.00818931
vt -0.00598185 0.00859483
vt -0.00530617 0.0089541
vt -0.00460707 0.00926536
vt -0.00388797 0.00952709
vt -0.00315236 0.00973802
vt -0.00240382 0.00989713
vt -0.00164602 0.0100036
vt -0.000882627 0.010057
vt -0.000117373 0.010057
vt 0.000646018 0.0100036
vt 0.00140382 0.00989713
vt 0.00215236 0.00973802
vt 0.00288797 0.00952709
vt 0.00360707 0.00926536
vt 0.00430617 0.0089541
vt 0.00498185 0.00859483
vt 0.00563082 0.00818931
vt 0.00624992 0.00773951
vt 0.00683614 0.00724761
vt 0.00738662 0.00671602
vt 0.00789867 0.00614732
vt 0.00836981 0.0055443
vt 0.00879774 0.00490987
vt 0.00918036 0.00424714
vt 0.00951583 0.00355933
vt 0.0098025 0.0028498
vt 0.010039 0.002122
vt 0.0102241 0.00137948
vt 0.010357 0.000625851
vt 0.010437 -0.000135212
vt 0.0104637 -0.0009
vt -157.08 -0.360246
vt -157.08 -0.427874
vt -157.01 -0.427874
vt -157.01 -0.360246
vt -156.94 -0.427874
vt -156.94 -0.360246
vt -156.87 -0.427874
vt -156.87 -0.360246
vt -156.8 -0.427874
vt -156.8 -0.360246
vt -156.731 -0.427874
vt -156.731 -0.360246
vt -156.661 -0.427874
vt -156.661 -0.360246
vt -156.591 -0.427874
vt -156.591 -0.360246
vt -156.521 -0.427874
vt -156.521 -0.360246
vt -156.451 -0.427874
vt -156.451 -0.360246
vt -156.382 -0.427874
vt -156.382 -0.360246
vt -156.312 -0.427874
vt -156.312 -0.360246
vt -156.242 -0.427874
vt -156.242 -0.360246
vt -156.172 -0.427874
vt -156.172 -0.360246
vt -156.102 -0.427874
vt -156.102 -0.360246
vt -156.032 -0.427874
vt -156.032 -0.360246
vt -155.963 -0.427874
vt -155.963 -0.360246
vt -155.893 -0.427874
vt -155.893 -0.360246
vt -155.823 -0.427874
vt -155.823 -0.360246
vt -155.753 -0.427874
vt -155.753 -0.360246
vt -155.683 -0.427874
vt -155.683 -0.360246
vt -155.614 -0.427874
vt -155.614 -0.360246
vt -155.544 -0.427874
vt -155.544 -0.360246
vt -155.474 -0.427874
vt -155.474 -0.360246
vt -155.404 -0.427874
vt -155.404 -0.360246
vt -155.334 -0.427874
vt -155.334 -0.360246
vt -155.264 -0.427874
vt -155.264 -0.360246
vt -155.195 -0.427874
vt -155.195 -0.360246
vt -155.125 -0.427874
vt -155.125 -0.360246
vt -155.055 -0.427874
vt -155.055 -0.360246
vt -154.985 -0.427874
vt -154.985 -0.360246
vt -154.915 -0.427874
vt -154.915 -0.360246
vt -154.846 -0.427874
vt -154.846 -0.360246
vt -154.776 -0.427874
vt -154.776 -0.360246
vt -154.706 -0.427874
vt -154.706 -0.360246
vt -154.636 -0.427874
vt -154.636 -0.360246
vt -154.566 -0.427874
vt -154.566 -0.360246
vt -154.497 -0.427874
vt -154.497 -0.360246
vt -154.427 -0.427874
vt -154.427 -0.360246
vt -154.357 -0.427874
vt -154.357 -0.360246
vt -154.287 -0.427874
vt -154.287 -0.360246
vt -154.217 -0.427874
vt -154.217 -0.360246
vt -154.147 -0.427874
vt -154.147 -0.360246
vt -154.078 -0.427874
vt -154.078 -0.360246
vt -154.008 -0.427874
vt -154.008 -0.360246
vt -153.938 -0.427874
vt -153.938 -0.360246
vt -153.868 -0.427874
vt -153.868 -0.360246
vt -153.798 -0.427874
vt -153.798 -0.360246
vt -153.729 -0.427874
vt -153.729 -0.360246
vt -153.659 -0.427874
vt -153.659 -0.360246
vt -153.589 -0.427874
vt -153.589 -0.360246
vt -153.519 -0.427874
vt -153.519 -0.360246
vt -153.449 -0.427874
vt -153.449 -0.360246
vt -153.38 -0.427874
vt -153.38 -0.360246
vt -153.31 -0.427874
vt -153.31 -0.360246
vt -153.24 -0.427874
vt -153.24 -0.360246
vt -153.17 -0.427874
vt -153.17 -0.360246
vt -153.1 -0.427874
vt -153.1 -0.360246
vt -153.03 -0.427874
vt -153.03 -0.360246
vt -152.961 -0.427874
vt -152.961 -0.360246
vt -152.891 -0.427874
vt -152.891 -0.360246
vt -152.821 -0.427874
vt -152.821 -0.360246
vt -152.751 -0.427874
vt -152.751 -0.360246
vt -152.681 -0.427874
vt -152.681 -0.360246
vt -152.612 -0.427874
vt -152.612 -0.360246
vt -152.542 -0.427874
vt -152.542 -0.360246
vt -152.472 -0.427874
vt -152.472 -0.360246
vt -152.402 -0.427874
vt -152.402 -0.360246
vt -152.332 -0.427874
vt -152.332 -0.360246
vt -152.263 -0.427874
vt -152.263 -0.360246
vt -152.193 -0.427874
vt -152.193 -0.360246
vt -152.123 -0.427874
vt -152.123 -0.360246
vt -152.053 -0.427874
vt -152.053 -0.360246
vt -151.983 -0.427874
vt -151.983 -0.360246
vt -151.913 -0.427874
vt -151.913 -0.360246
vt -151.844 -0.427874
vt -151.844 -0.360246
vt -151.774 -0.427874
vt -151.774 -0.360246
vt -151.704 -0.427874
vt -151.704 -0.360246
vt -151.634 -0.427874
vt -151.634 -0.360246
vt -151.564 -0.427874
vt -151.564 -0.360246
vt -151.495 -0.427874
vt -151.495 -0.360246
vt -151.425 -0.427874
vt -151.425 -0.360246
vt -151.355 -0.427874
vt -151.355 -0.360246
vt -151.285 -0.427874
vt -151.285 -0.360246
vt -151.215 -0.427874
vt -151.215 -0.360246
vt -151.146 -0.427874
vt -151.146 -0.360246
vt -151.076 -0.427874
vt -151.076 -0.360246
vt -151.006 -0.427874
vt -151.006 -0.360246
vt -150.936 -0.427874
vt -150.936 -0.360246
vt -150.866 -0.427874
vt -150.866 -0.360246
vt -150.796 -0.292618
vt -150.727 -0.292618
vt -150.657 -0.292618
vt -150.587 -0.292618
vt -150.517 -0.292618
vt -150.447 -0.292618
vt -150.378 -0.292618
vt -150.308 -0.292618
vt -150.238 -0.292618
vt -150.168 -0.292618
vt -150.098 -0.292618
vt -150.029 -0.292618
vt -149.959 -0.292618
vt -149.889 -0.292618
vt -149.819 -0.292618
vt -149.749 -0.292618
vt -149.679 -0.292618
vt -149.61 -0.292618
vt -149.54 -0.292618
vt -149.47 -0.292618
vt -149.4 -0.292618
vt -149.33 -0.292618
vt -149.261 -0.292618
vt -149.191 -0.292618
vt -149.121 -0.292618
vt -149.051 -0.292618
vt -148.981 -0.292618
vt -148.911 -0.292618
vt -148.842 -0.292618
vt -148.772 -0.292618
vt -148.702 -0.292618
vt -148.632 -0.292618
vt -148.562 -0.292618
vt -148.493 -0.292618
vt -148.423 -0.292618
vt -148.353 -0.292618
vt -148.283 -0.292618
vt -148.213 -0.292618
vt -148.144 -0.292618
vt -148.074 -0.292618
vt -148.004 -0.292618
vt -147.934 -0.292618
vt -147.864 -0.292618
vt -147.794 -0.292618
vt -147.725 -0.292618
vt -147.655 -0.292618
vt -147.585 -0.292618
vt -147.515 -0.292618
vt -147.445 -0.292618
vt -147.376 -0.292618
vt -147.306 -0.292618
vt -147.236 -0.292618
vt -147.166 -0.292618
vt -147.096 -0.292618
vt -147.027 -0.292618
vt -146.957 -0.292618
vt -146.887 -0.292618
vt -146.817 -0.292618
vt -146.747 -0.292618
vt -146.677 -0.292618
vt -146.608 -0.292618
vt -146.538 -0.292618
vt -146.468 -0.292618
vt -146.398 -0.292618
vt -146.328 -0.292618
vt -146.259 -0.292618
vt -146.189 -0.292618
vt -146.119 -0.292618
vt -146.049 -0.292618
vt -145.979 -0.292618
vt -145.91 -0.292618
vt -145.84 -0.292618
vt -145.77 -0.292618
vt -145.7 -0.292618
vt -145.63 -0.292618
vt -145.56 -0.292618
vt -145.491 -0.292618
vt -145.421 -0.292618
vt -145.351 -0.292618
vt -145.281 -0.292618
vt -145.211 -0.292618
vt -145.142 -0.292618
vt -145.072 -0.292618
vt -145.002 -0.292618
vt -144.932 -0.292618
vt -144.862 -0.292618
vt -144.793 -0.292618
vt -144.723 -0.292618
vt -144.653 -0.292618
vt -144.583 -0.292618
vt -144.513 -0.22499
vt -144.443 -0.22499
vt -144.374 -0.22499
vt -144.304 -0.22499
vt -144.234 -0.22499
vt -144.164 -0.22499
vt -144.094 -0.22499
vt -144.025 -0.22499
vt -143.955 -0.22499
vt -143.885 -0.22499
vt -143.815 -0.22499
vt -143.745 -0.22499
vt -143.676 -0.22499
vt -143.606 -0.22499
vt -143.536 -0.22499
vt -143.466 -0.22499
vt -143.396 -0.22499
vt -143.326 -0.22499
vt -143.257 -0.22499
vt -143.187 -0.22499
vt -143.117 -0.22499
vt -143.047 -0.22499
vt -142.977 -0.22499
vt -142.908 -0.22499
vt -142.838 -0.22499
vt -142.768 -0.22499
vt -142.698 -0.22499
vt -142.628 -0.22499
vt -142.558 -0.22499
vt -142.489 -0.22499
vt -142.419 -0.22499
vt -142.349 -0.22499
vt -142.279 -0.22499
vt -142.209 -0.22499
vt -142.14 -0.22499
vt -142.07 -0.22499
vt -142 -0.22499
vt -141.93 -0.22499
vt -141.86 -0.22499
vt -141.791 -0.22499
vt -141.721 -0.22499
vt -141.651 -0.22499
vt -141.581 -0.22499
vt -141.511 -0.22499
vt -141.441 -0.22499
vt -141.372 -0.22499
vt -141.302 -0.22499
vt -141.232 -0.22499
vt -141.162 -0.22499
vt -141.092 -0.22499
vt -141.023 -0.22499
vt -140.953 -0.22499
vt -140.883 -0.22499
vt -140.813 -0.22499
vt -140.743 -0.22499
vt -140.674 -0.22499
vt -140.604 -0.22499
vt -140.534 -0.22499
vt -140.464 -0.22499
vt -140.394 -0.22499
vt -140.324 -0.22499
vt -140.255 -0.22499
vt -140.185 -0.22499
vt -140.115 -0.22499
vt -140.045 -0.22499
vt -139.975 -0.22499
vt -139.906 -0.22499
vt -139.836 -0.22499
vt -139.766 -0.22499
vt -139.696 -0.22499
vt -139.626 -0.22499
vt -139.557 -0.22499
vt -139.487 -0.22499
vt -139.417 -0.22499
vt -139.347 -0.22499
vt -139.277 -0.22499
vt -139.207 -0.22499
vt -139.138 -0.22499
vt -139.068 -0.22499
vt -138.998 -0.22499
vt -138.928 -0.22499
vt -138.858 -0.22499
vt -138.789 -0.22499
vt -138.719 -0.22499
vt -138.649 -0.22499
vt -138.579 -0.22499
vt -138.509 -0.22499
vt -138.44 -0.22499
vt -138.37 -0.22499
vt -138.3 -0.22499
vt -138.23 -0.157362
vt -138.16 -0.157362
vt -138.09 -0.157362
vt -138.021 -0.157362
vt -137.951 -0.157362
vt -137.881 -0.157362
vt -137.811 -0.157362
vt -137.741 -0.157362
vt -137.672 -0.157362
vt -137.602 -0.157362
vt -137.532 -0.157362
vt -137.462 -0.157362
vt -137.392 -0.157362
vt -137.323 -0.157362
vt -137.253 -0.157362
vt -137.183 -0.157362
vt -137.113 -0.157362
vt -137.043 -0.157362
vt -136.973 -0.157362
vt -136.904 -0.157362
vt -136.834 -0.157362
vt -136.764 -0.157362
vt -136.694 -0.157362
vt -136.624 -0.157362
vt -136.555 -0.157362
vt -136.485 -0.157362
vt -136.415 -0.157362
vt -136.345 -0.157362
vt -136.275 -0.157362
vt -136.205 -0.157362
vt -136.136 -0.157362
vt -136.066 -0.157362
vt -135.996 -0.157362
vt -135.926 -0.157362
vt -135.856 -0.157362
vt -135.787 -0.157362
vt -135.717 -0.157362
vt -135.647 -0.157362
vt -135.577 -0.157362
vt -135.507 -0.157362
vt -135.438 -0.157362
vt -135.368 -0.157362
vt -135.298 -0.157362
vt -135.228 -0.157362
vt -135.158 -0.157362
vt -135.088 -0.157362
vt -135.019 -0.157362
vt -134.949 -0.157362
vt -134.879 -0.157362
vt -134.809 -0.157362
vt -134.739 -0.157362
vt -134.67 -0.157362
vt -134.6 -0.157362
vt -134.53 -0.157362
vt -134.46 -0.157362
vt -134.39 -0.157362
vt -134.321 -0.157362
vt -134.251 -0.157362
vt -134.181 -0.157362
vt -134.111 -0.157362
vt -134.041 -0.157362
vt -133.971 -0.157362
vt -133.902 -0.157362
vt -133.832 -0.157362
vt -133.762 -0.157362
vt -133.692 -0.157362
vt -133.622 -0.157362
vt -133.553 -0.157362
vt -133.483 -0.157362
vt -133.413 -0.157362
vt -133.343 -0.157362
vt -133.273 -0.157362
vt -133.204 -0.157362
vt -133.134 -0.157362
vt -133.064 -0.157362
vt -132.994 -0.157362
vt -132.924 -0.157362
vt -132.854 -0.157362
vt -132.785 -0.157362
vt -132.715 -0.157362
vt -132.645 -0.157362
vt -132.575 -0.157362
vt -132.505 -0.157362
vt -132.436 -0.157362
vt -132.366 -0.157362
vt -132.296 -0.157362
vt -132.226 -0.157362
vt -132.156 -0.157362
vt -132.087 -0.157362
vt -132.017 -0.157362
vt -131.947 -0.0897339
vt -131.877 -0.0897339
vt -131.807 -0.0897339
vt -131.737 -0.0897339
vt -131.668 -0.0897339
vt -131.598 -0.0897339
vt -131.528 -0.0897339
vt -131.458 -0.0897339
vt -131.388 -0.0897339
vt -131.319 -0.0897339
vt -131.249 -0.0897339
vt -131.179 -0.0897339
vt -131.109 -0.0897339
vt -131.039 -0.0897339
vt -130.97 -0.0897339
vt -130.9 -0.0897339
vt -130.83 -0.0897339
vt -130.76 -0.0897339
vt -130.69 -0.0897339
vt -130.62 -0.0897339
vt -130.551 -0.0897339
vt -130.481 -0.0897339
vt -130.411 -0.0897339
vt -130.341 -0.0897339
vt -130.271 -0.0897339
vt -130.202 -0.0897339
vt -130.132 -0.0897339
vt -130.062 -0.0897339
vt -129.992 -0.0897339
vt -129.922 -0.0897339
vt -129.852 -0.0897339
vt -129.783 -0.0897339
vt -129.713 -0.0897339
vt -129.643 -0.0897339
vt -129.573 -0.0897339
vt -129.503 -0.0897339
vt -129.434 -0.0897339
vt -129.364 -0.0897339
vt -129.294 -0.0897339
vt -129.224 -0.0897339
vt -129.154 -0.0897339
vt -129.085 -0.0897339
vt -129.015 -0.0897339
vt -128.945 -0.0897339
vt -128.875 -0.0897339
vt -128.805 -0.0897339
vt -128.735 -0.0897339
vt -128.666 -0.0897339
vt -128.596 -0.0897339
vt -128.526 -0.0897339
vt -128.456 -0.0897339
vt -128.386 -0.0897339
vt -128.317 -0.0897339
vt -128.247 -0.0897339
vt -128.177 -0.0897339
vt -128.107 -0.0897339
vt -128.037 -0.0897339
vt -127.968 -0.0897339
vt -127.898 -0.0897339
vt -127.828 -0.0897339
vt -127.758 -0.0897339
vt -127.688 -0.0897339
vt -127.618 -0.0897339
vt -127.549 -0.0897339
vt -127.479 -0.0897339
vt -127.409 -0.0897339
vt -127.339 -0.0897339
vt -127.269 -0.0897339
vt -127.2 -0.0897339
vt -127.13 -0.0897339
vt -127.06 -0.0897339
vt -126.99 -0.0897339
vt -126.92 -0.0897339
vt -126.851 -0.0897339
vt -126.781 -0.0897339
vt -126.711 -0.0897339
vt -126.641 -0.0897339
vt -126.571 -0.0897339
vt -126.501 -0.0897339
vt -126.432 -0.0897339
vt -126.362 -0.0897339
vt -126.292 -0.0897339
vt -126.222 -0.0897339
vt -126.152 -0.0897339
vt -126.083 -0.0897339
vt -126.013 -0.0897339
vt -125.943 -0.0897339
vt -125.873 -0.0897339
vt -125.803 -0.0897339
vt -125.734 -0.0897339
vt -125.664 -0.0221058
vt -125.594 -0.0221058
vt -125.524 -0.0221058
vt -125.454 -0.0221058
vt -125.384 -0.0221058
vt -125.315 -0.0221058
vt -125.245 -0.0221058
vt -125.175 -0.0221058
vt -125.105 -0.0221058
vt -125.035 -0.0221058
vt -124.966 -0.0221058
vt -124.896 -0.0221058
vt -124.826 -0.0221058
vt -124.756 -0.0221058
vt -124.686 -0.0221058
vt -124.617 -0.0221058
vt -124.547 -0.0221058
vt -124.477 -0.0221058
vt -124.407 -0.0221058
vt -124.337 -0.0221058
vt -124.267 -0.0221058
vt -124.198 -0.0221058
vt -124.128 -0.0221058
vt -124.058 -0.0221058
vt -123.988 -0.0221058
vt -123.918 -0.0221058
vt -123.849 -0.0221058
vt -123.779 -0.0221058
vt -123.709 -0.0221058
vt -123.639 -0.0221058
vt -123.569 -0.0221058
vt -123.499 -0.0221058
vt -123.43 -0.0221058
vt -123.36 -0.0221058
vt -123.29 -0.0221058
vt -123.22 -0.0221058
vt -123.15 -0.0221058
vt -123.081 -0.0221058
vt -123.011 -0.0221058
vt -122.941 -0.0221058
vt -122.871 -0.0221058
vt -122.801 -0.0221058
vt -122.732 -0.0221058
vt -122.662 -0.0221058
vt -122.592 -0.0221058
vt -122.522 -0.0221058
vt -122.452 -0.0221058
vt -122.382 -0.0221058
vt -122.313 -0.0221058
vt -122.243 -0.0221058
vt -122.173 -0.0221058
vt -122.103 -0.0221058
vt -122.033 -0.0221058
vt -121.964 -0.0221058
vt -121.894 -0.0221058
vt -121.824 -0.0221058
vt -121.754 -0.0221058
vt -121.684 -0.0221058
vt -121.615 -0.0221058
vt -121.545 -0.0221058
vt -121.475 -0.0221058
vt -121.405 -0.0221058
vt -121.335 -0.0221058
vt -121.265 -0.0221058
vt -121.196 -0.0221058
vt -121.126 -0.0221058
vt -121.056 -0.0221058
vt -120.986 -0.0221058
vt -120.916 -0.0221058
vt -120.847 -0.0221058
vt -120.777 -0.0221058
vt -120.707 -0.0221058
vt -120.637 -0.0221058
vt -120.567 -0.0221058
vt -120.498 -0.0221058
vt -120.428 -0.0221058
vt -120.358 -0.0221058
vt -120.288 -0.0221058
vt -120.218 -0.0221058
vt -120.148 -0.0221058
vt -120.079 -0.0221058
vt -120.009 -0.0221058
vt -119.939 -0.0221058
vt -119.869 -0.0221058
vt -119.799 -0.0221058
vt -119.73 -0.0221058
vt -119.66 -0.0221058
vt -119.59 -0.0221058
vt -119.52 -0.0221058
vt -119.45 -0.0221058
vt -119.381 0.0455223
vt -119.311 0.0455223
vt -119.241 0.0455223
vt -119.171 0.0455223
vt -119.101 0.0455223
vt -119.031 0.0455223
vt -118.962 0.0455223
vt -118.892 0.0455223
vt -118.822 0.0455223
vt -118.752 0.0455223
vt -118.682 0.0455223
vt -118.613 0.0455223
vt -118.543 0.0455223
vt -118.473 0.0455223
vt -118.403 0.0455223
vt -118.333 0.0455223
vt -118.264 0.0455223
vt -118.194 0.0455223
vt -118.124 0.0455223
vt -118.054 0.0455223
vt -117.984 0.0455223
vt -117.914 0.0455223
vt -117.845 0.0455223
vt -117.775 0.0455223
vt -117.705 0.0455223
vt -117.635 0.0455223
vt -117.565 0.0455223
vt -117.496 0.0455223
vt -117.426 0.0455223
vt -117.356 0.0455223
vt -117.286 0.0455223
vt -117.216 0.0455223
vt -117.146 0.0455223
vt -117.077 0.0455223
vt -117.007 0.0455223
vt -116.937 0.0455223
vt -116.867 0.0455223
vt -116.797 0.0455223
vt -116.728 0.0455223
vt -116.658 0.0455223
vt -116.588 0.0455223
vt -116.518 0.0455223
vt -116.448 0.0455223
vt -116.379 0.0455223
vt -116.309 0.0455223
vt -116.239 0.0455223
vt -116.169 0.0455223
vt -116.099 0.0455223
vt -116.029 0.0455223
vt -115.96 0.0455223
vt -115.89 0.0455223
vt -115.82 0.0455223
vt -115.75 0.0455223
vt -115.68 0.0455223
vt -115.611 0.0455223
vt -115.541 0.0455223
vt -115.471 0.0455223
vt -115.401 0.0455223
vt -115.331 0.0455223
vt -115.262 0.0455223
vt -115.192 0.0455223
vt -115.122 0.0455223
vt -115.052 0.0455223
vt -114.982 0.0455223
vt -114.912 0.0455223
vt -114.843 0.0455223
vt -114.773 0.0455223
vt -114.703 0.0455223
vt -114.633 0.0455223
vt -114.563 0.0455223
vt -114.494 0.0455223
vt -114.424 0.0455223
vt -114.354 0.0455223
vt -114.284 0.0455223
vt -114.214 0.0455223
vt -114.145 0.0455223
vt -114.075 0.0455223
vt -114.005 0.0455223
vt -113.935 0.0455223
vt -113.865 0.0455223
vt -113.795 0.0455223
vt -113.726 0.0455223
vt -113.656 0.0455223
vt -113.586 0.0455223
vt -113.516 0.0455223
vt -113.446 0.0455223
vt -113.377 0.0455223
vt -113.307 0.0455223
vt -113.237 0.0455223
vt -113.167 0.0455223
vt -113.097 0.11315
vt -113.028 0.11315
vt -112.958 0.11315
vt -112.888 0.11315
vt -112.818 0.11315
vt -112.748 0.11315
vt -112.678 0.11315
vt -112.609 0.11315
vt -112.539 0.11315
vt -112.469 0.11315
vt -112.399 0.11315
vt -112.329 0.11315
vt -112.26 0.11315
vt -112.19 0.11315
vt -112.12 0.11315
vt -112.05 0.11315
vt -111.98 0.11315
vt -111.911 0.11315
vt -111.841 0.11315
vt -111.771 0.11315
vt -111.701 0.11315
vt -111.631 0.11315
vt -111.561 0.11315
vt -111.492 0.11315
vt -111.422 0.11315
vt -111.352 0.11315
vt -111.282 0.11315
vt -111.212 0.11315
vt -111.143 0.11315
vt -111.073 0.11315
vt -111.003 0.11315
vt -110.933 0.11315
vt -110.863 0.11315
vt -110.794 0.11315
vt -110.724 0.11315
vt -110.654 0.11315
vt -110.584 0.11315
vt -110.514 0.11315
vt -110.444 0.11315
vt -110.375 0.11315
vt -110.305 0.11315
vt -110.235 0.11315
vt -110.165 0.11315
vt -110.095 0.11315
vt -110.026 0.11315
vt -109.956 0.11315
vt -109.886 0.11315
vt -109.816 0.11315
vt -109.746 0.11315
vt -109.676 0.11315
vt -109.607 0.11315
vt -109.537 0.11315
vt -109.467 0.11315
vt -109.397 0.11315
vt -109.327 0.11315
vt -109.258 0.11315
vt -109.188 0.11315
vt -109.118 0.11315
vt -109.048 0.11315
vt -108.978 0.11315
vt -108.909 0.11315
vt -108.839 0.11315
vt -108.769 0.11315
vt -108.699 0.11315
vt -108.629 0.11315
vt -108.559 0.11315
vt -108.49 0.11315
vt -108.42 0.11315
vt -108.35 0.11315
vt -108.28 0.11315
vt -108.21 0.11315
vt -108.141 0.11315
vt -108.071 0.11315
vt -108.001 0.11315
vt -107.931 0.11315
vt -107.861 0.11315
vt -107.792 0.11315
vt -107.722 0.11315
vt -107.652 0.11315
vt -107.582 0.11315
vt -107.512 0.11315
vt -107.442 0.11315
vt -107.373 0.11315
vt -107.303 0.11315
vt -107.233 0.11315
vt -107.163 0.11315
vt -107.093 0.11315
vt -107.024 0.11315
vt -106.954 0.11315
vt -106.884 0.11315
vt -106.814 0.180779
vt -106.744 0.180779
vt -106.675 0.180779
vt -106.605 0.180779
vt -106.535 0.180779
vt -106.465 0.180779
vt -106.395 0.180779
vt -106.325 0.180779
vt -106.256 0.180779
vt -106.186 0.180779
vt -106.116 0.180779
vt -106.046 0.180779
vt -105.976 0.180779
vt -105.907 0.180779
vt -105.837 0.180779
vt -105.767 0.180779
vt -105.697 0.180779
vt -105.627 0.180779
vt -105.558 0.180779
vt -105.488 0.180779
vt -105.418 0.180779
vt -105.348 0.180779
vt -105.278 0.180779
vt -105.208 0.180779
vt -105.139 0.180779
vt -105.069 0.180779
vt -104.999 0.180779
vt -104.929 0.180779
vt -104.859 0.180779
vt -104.79 0.180779
vt -104.72 0.180779
vt -104.65 0.180779
vt -104.58 0.180779
vt -104.51 0.180779
vt -104.441 0.180779
vt -104.371 0.180779
vt -104.301 0.180779
vt -104.231 0.180779
vt -104.161 0.180779
vt -104.091 0.180779
vt -104.022 0.180779
vt -103.952 0.180779
vt -103.882 0.180779
vt -103.812 0.180779
vt -103.742 0.180779
vt -103.673 0.180779
vt -103.603 0.180779
vt -103.533 0.180779
vt -103.463 0.180779
vt -103.393 0.180779
vt -103.323 0.180779
vt -103.254 0.180779
vt -103.184 0.180779
vt -103.114 0.180779
vt -103.044 0.180779
vt -102.974 0.180779
vt -102.905 0.180779
vt -102.835 0.180779
vt -102.765 0.180779
vt -102.695 0.180779
vt -102.625 0.180779
vt -102.556 0.180779
vt -102.486 0.180779
vt -102.416 0.180779
vt -102.346 0.180779
vt -102.276 0.180779
vt -102.206 0.180779
vt -102.137 0.180779
vt -102.067 0.180779
vt -101.997 0.180779
vt -101.927 0.180779
vt -101.857 0.180779
vt -101.788 0.180779
vt -101.718 0.180779
vt -101.648 0.180779
vt -101.578 0.180779
vt -101.508 0.180779
vt -101.439 0.180779
vt -101.369 0.180779
vt -101.299 0.180779
vt -101.229 0.180779
vt -101.159 0.180779
vt -101.089 0.180779
vt -101.02 0.180779
vt -100.95 0.180779
vt -100.88 0.180779
vt -100.81 0.180779
vt -100.74 0.180779
vt -100.671 0.180779
vt -100.601 0.180779
vt -100.531 0.248407
vt -100.461 0.248407
vt -100.391 0.248407
vt -100.322 0.248407
vt -100.252 0.248407
vt -100.182 0.248407
vt -100.112 0.248407
vt -100.042 0.248407
vt -99.9725 0.248407
vt -99.9026 0.248407
vt -99.8328 0.248407
vt -99.763 0.248407
vt -99.6932 0.248407
vt -99.6234 0.248407
vt -99.5536 0.248407
vt -99.4838 0.248407
vt -99.414 0.248407
vt -99.3441 0.248407
vt -99.2743 0.248407
vt -99.2045 0.248407
vt -99.1347 0.248407
vt -99.0649 0.248407
vt -98.9951 0.248407
vt -98.9253 0.248407
vt -98.8554 0.248407
vt -98.7856 0.248407
vt -98.7158 0.248407
vt -98.646 0.248407
vt -98.5762 0.248407
vt -98.5064 0.248407
vt -98.4366 0.248407
vt -98.3668 0.248407
vt -98.2969 0.248407
vt -98.2271 0.248407
vt -98.1573 0.248407
vt -98.0875 0.248407
vt -98.0177 0.248407
vt -97.9479 0.248407
vt -97.8781 0.248407
vt -97.8083 0.248407
vt -97.7384 0.248407
vt -97.6686 0.248407
vt -97.5988 0.248407
vt -97.529 0.248407
vt -97.4592 0.248407
vt -97.3894 0.248407
vt -97.3196 0.248407
vt -97.2497 0.248407
vt -97.1799 0.248407
vt -97.1101 0.248407
vt -97.0403 0.248407
vt -96.9705 0.248407
vt -96.9007 0.248407
vt -96.8309 0.248407
vt -96.7611 0.248407
vt -96.6912 0.248407
vt -96.6214 0.248407
vt -96.5516 0.248407
vt -96.4818 0.248407
vt -96.412 0.248407
vt -96.3422 0.248407
vt -96.2724 0.248407
vt -96.2025 0.248407
vt -96.1327 0.248407
vt -96.0629 0.248407
vt -95.9931 0.248407
vt -95.9233 0.248407
vt -95.8535 0.248407
vt -95.7837 0.248407
vt -95.7139 0.248407
vt -95.644 0.248407
vt -95.5742 0.248407
vt -95.5044 0.248407
vt -95.4346 0.248407
vt -95.3648 0.248407
vt -95.295 0.248407
vt -95.2252 0.248407
vt -95.1554 0.248407
vt -95.0855 0.248407
vt -95.0157 0.248407
vt -94.9459 0.248407
vt -94.8761 0.248407
vt -94.8063 0.248407
vt -94.7365 0.248407
vt -94.6667 0.248407
vt -94.5968 0.248407
vt -94.527 0.248407
vt -94.4572 0.248407
vt -94.3874 0.248407
vt -94.3176 0.248407
vt -94.2478 0.316035
vt -94.178 0.316035
vt -94.1082 0.316035
vt -94.0383 0.316035
vt -93.9685 0.316035
vt -93.8987 0.316035
vt -93.8289 0.316035
vt -93.7591 0.316035
vt -93.6893 0.316035
vt -93.6195 0.316035
vt -93.5496 0.316035
vt -93.4798 0.316035
vt -93.41 0.316035
vt -93.3402 0.316035
vt -93.2704 0.316035
vt -93.2006 0.316035
vt -93.1308 0.316035
vt -93.061 0.316035
vt -92.9911 0.316035
vt -92.9213 0.316035
vt -92.8515 0.316035
vt -92.7817 0.316035
vt -92.7119 0.316035
vt -92.6421 0.316035
vt -92.5723 0.316035
vt -92.5025 0.316035
vt -92.4326 0.316035
vt -92.3628 0.316035
vt -92.293 0.316035
vt -92.2232 0.316035
vt -92.1534 0.316035
vt -92.0836 0.316035
vt -92.0138 0.316035
vt -91.9439 0.316035
vt -91.8741 0.316035
vt -91.8043 0.316035
vt -91.7345 0.316035
vt -91.6647 0.316035
vt -91.5949 0.316035
vt -91.5251 0.316035
vt -91.4553 0.316035
vt -91.3854 0.316035
vt -91.3156 0.316035
vt -91.2458 0.316035
vt -91.176 0.316035
vt -91.1062 0.316035
vt -91.0364 0.316035
vt -90.9666 0.316035
vt -90.8967 0.316035
vt -90.8269 0.316035
vt -90.7571 0.316035
vt -90.6873 0.316035
vt -90.6175 0.316035
vt -90.5477 0.316035
vt -90.4779 0.316035
vt -90.4081 0.316035
vt -90.3382 0.316035
vt -90.2684 0.316035
vt -90.1986 0.316035
vt -90.1288 0.316035
vt -90.059 0.316035
vt -89.9892 0.316035
vt -89.9194 0.316035
vt -89.8495 0.316035
vt -89.7797 0.316035
vt -89.7099 0.316035
vt -89.6401 0.316035
vt -89.5703 0.316035
vt -89.5005 0.316035
vt -89.4307 0.316035
vt -89.3609 0.316035
vt -89.291 0.316035
vt -89.2212 0.316035
vt -89.1514 0.316035
vt -89.0816 0.316035
vt -89.0118 0.316035
vt -88.942 0.316035
vt -88.8722 0.316035
vt -88.8024 0.316035
vt -88.7325 0.316035
vt -88.6627 0.316035
vt -88.5929 0.316035
vt -88.5231 0.316035
vt -88.4533 0.316035
vt -88.3835 0.316035
vt -88.3137 0.316035
vt -88.2438 0.316035
vt -88.174 0.316035
vt -88.1042 0.316035
vt -88.0344 0.316035
vt -87.9646 0.383663
vt -87.8948 0.383663
vt -87.825 0.383663
vt -87.7552 0.383663
vt -87.6853 0.383663
vt -87.6155 0.383663
vt -87.5457 0.383663
vt -87.4759 0.383663
vt -87.4061 0.383663
vt -87.3363 0.383663
vt -87.2665 0.383663
vt -87.1966 0.383663
vt -87.1268 0.383663
vt -87.057 0.383663
vt -86.9872 0.383663
vt -86.9174 0.383663
vt -86.8476 0.383663
vt -86.7778 0.383663
vt -86.708 0.383663
vt -86.6381 0.383663
vt -86.5683 0.383663
vt -86.4985 0.383663
vt -86.4287 0.383663
vt -86.3589 0.383663
vt -86.2891 0.383663
vt -86.2193 0.383663
vt -86.1495 0.383663
vt -86.0796 0.383663
vt -86.0098 0.383663
vt -85.94 0.383663
vt -85.8702 0.383663
vt -85.8004 0.383663
vt -85.7306 0.383663
vt -85.6608 0.383663
vt -85.5909 0.383663
vt -85.5211 0.383663
vt -85.4513 0.383663
vt -85.3815 0.383663
vt -85.3117 0.383663
vt -85.2419 0.383663
vt -85.1721 0.383663
vt -85.1023 0.383663
vt -85.0324 0.383663
vt -84.9626 0.383663
vt -84.8928 0.383663
vt -84.823 0.383663
vt -84.7532 0.383663
vt -84.6834 0.383663
vt -84.6136 0.383663
vt -84.5437 0.383663
vt -84.4739 0.383663
vt -84.4041 0.383663
vt -84.3343 0.383663
vt -84.2645 0.383663
vt -84.1947 0.383663
vt -84.1249 0.383663
vt -84.0551 0.383663
vt -83.9852 0.383663
vt -83.9154 0.383663
vt -83.8456 0.383663
vt -83.7758 0.383663
vt -83.706 0.383663
vt -83.6362 0.383663
vt -83.5664 0.383663
vt -83.4966 0.383663
vt -83.4267 0.383663
vt -83.3569 0.383663
vt -83.2871 0.383663
vt -83.2173 0.383663
vt -83.1475 0.383663
vt -83.0777 0.383663
vt -83.0079 0.383663
vt -82.938 0.383663
vt -82.8682 0.383663
vt -82.7984 0.383663
vt -82.7286 0.383663
vt -82.6588 0.383663
vt -82.589 0.383663
vt -82.5192 0.383663
vt -82.4494 0.383663
vt -82.3795 0.383663
vt -82.3097 0.383663
vt -82.2399 0.383663
vt -82.1701 0.383663
vt -82.1003 0.383663
vt -82.0305 0.383663
vt -81.9607 0.383663
vt -81.8908 0.383663
vt -81.821 0.383663
vt -81.7512 0.383663
vt -81.6814 0.451291
vt -81.6116 0.451291
vt -81.5418 0.451291
vt -81.472 0.451291
vt -81.4022 0.451291
vt -81.3323 0.451291
vt -81.2625 0.451291
vt -81.1927 0.451291
vt -81.1229 0.451291
vt -81.0531 0.451291
vt -80.9833 0.451291
vt -80.9135 0.451291
vt -80.8437 0.451291
vt -80.7738 0.451291
vt -80.704 0.451291
vt -80.6342 0.451291
vt -80.5644 0.451291
vt -80.4946 0.451291
vt -80.4248 0.451291
vt -80.355 0.451291
vt -80.2851 0.451291
vt -80.2153 0.451291
vt -80.1455 0.451291
vt -80.0757 0.451291
vt -80.0059 0.451291
vt -79.9361 0.451291
vt -79.8663 0.451291
vt -79.7965 0.451291
vt -79.7266 0.451291
vt -79.6568 0.451291
vt -79.587 0.451291
vt -79.5172 0.451291
vt -79.4474 0.451291
vt -79.3776 0.451291
vt -79.3078 0.451291
vt -79.2379 0.451291
vt -79.1681 0.451291
vt -79.0983 0.451291
vt -79.0285 0.451291
vt -78.9587 0.451291
vt -78.8889 0.451291
vt -78.8191 0.451291
vt -78.7493 0.451291
vt -78.6794 0.451291
vt -78.6096 0.451291
vt -78.5398 0.451291
vt -78.47 0.451291
vt -78.4002 0.451291
vt -78.3304 0.451291
vt -78.2606 0.451291
vt -78.1908 0.451291
vt -78.1209 0.451291
vt -78.0511 0.451291
vt -77.9813 0.451291
vt -77.9115 0.451291
vt -77.8417 0.451291
vt -77.7719 0.451291
vt -77.7021 0.451291
vt -77.6322 0.451291
vt -77.5624 0.451291
vt -77.4926 0.451291
vt -77.4228 0.451291
vt -77.353 0.451291
vt -77.2832 0.451291
vt -77.2134 0.451291
vt -77.1436 0.451291
vt -77.0737 0.451291
vt -77.0039 0.451291
vt -76.9341 0.451291
vt -76.8643 0.451291
vt -76.7945 0.451291
vt -76.7247 0.451291
vt -76.6549 0.451291
vt -76.585 0.451291
vt -76.5152 0.451291
vt -76.4454 0.451291
vt -76.3756 0.451291
vt -76.3058 0.451291
vt -76.236 0.451291
vt -76.1662 0.451291
vt -76.0964 0.451291
vt -76.0265 0.451291
vt -75.9567 0.451291
vt -75.8869 0.451291
vt -75.8171 0.451291
vt -75.7473 0.451291
vt -75.6775 0.451291
vt -75.6077 0.451291
vt -75.5379 0.451291
vt -75.468 0.451291
vt -75.3982 0.518919
vt -75.3284 0.518919
vt -75.2586 0.518919
vt -75.1888 0.518919
vt -75.119 0.518919
vt -75.0492 0.518919
vt -74.9793 0.518919
vt -74.9095 0.518919
vt -74.8397 0.518919
vt -74.7699 0.518919
vt -74.7001 0.518919
vt -74.6303 0.518919
vt -74.5605 0.518919
vt -74.4907 0.518919
vt -74.4208 0.518919
vt -74.351 0.518919
vt -74.2812 0.518919
vt -74.2114 0.518919
vt -74.1416 0.518919
vt -74.0718 0.518919
vt -74.002 0.518919
vt -73.9321 0.518919
vt -73.8623 0.518919
vt -73.7925 0.518919
vt -73.7227 0.518919
vt -73.6529 0.518919
vt -73.5831 0.518919
vt -73.5133 0.518919
vt -73.4435 0.518919
vt -73.3736 0.518919
vt -73.3038 0.518919
vt -73.234 0.518919
vt -73.1642 0.518919
vt -73.0944 0.518919
vt -73.0246 0.518919
vt -72.9548 0.518919
vt -72.8849 0.518919
vt -72.8151 0.518919
vt -72.7453 0.518919
vt -72.6755 0.518919
vt -72.6057 0.518919
vt -72.5359 0.518919
vt -72.4661 0.518919
vt -72.3963 0.518919
vt -72.3264 0.518919
vt -72.2566 0.518919
vt -72.1868 0.518919
vt -72.117 0.518919
vt -72.0472 0.518919
vt -71.9774 0.518919
vt -71.9076 0.518919
vt -71.8378 0.518919
vt -71.7679 0.518919
vt -71.6981 0.518919
vt -71.6283 0.518919
vt -71.5585 0.518919
vt -71.4887 0.518919
vt -71.4189 0.518919
vt -71.3491 0.518919
vt -71.2792 0.518919
vt -71.2094 0.518919
vt -71.1396 0.518919
vt -71.0698 0.518919
vt -71 0.518919
vt -70.9302 0.518919
vt -70.8604 0.518919
vt -70.7906 0.518919
vt -70.7207 0.518919
vt -70.6509 0.518919
vt -70.5811 0.518919
vt -70.5113 0.518919
vt -70.4415 0.518919
vt -70.3717 0.518919
vt -70.3019 0.518919
vt -70.232 0.518919
vt -70.1622 0.518919
vt -70.0924 0.518919
vt -70.0226 0.518919
vt -69.9528 0.518919
vt -69.883 0.518919
vt -69.8132 0.518919
vt -69.7434 0.518919
vt -69.6735 0.518919
vt -69.6037 0.518919
vt -69.5339 0.518919
vt -69.4641 0.518919
vt -69.3943 0.518919
vt -69.3245 0.518919
vt -69.2547 0.518919
vt -69.1849 0.518919
vt -69.115 0.586547
vt -69.0452 0.586547
vt -68.9754 0.586547
vt -68.9056 0.586547
vt -68.8358 0.586547
vt -68.766 0.586547
vt -68.6962 0.586547
vt -68.6263 0.586547
vt -68.5565 0.586547
vt -68.4867 0.586547
vt -68.4169 0.586547
vt -68.3471 0.586547
vt -68.2773 0.586547
vt -68.2075 0.586547
vt -68.1377 0.586547
vt -68.0678 0.586547
vt -67.998 0.586547
vt -67.9282 0.586547
vt -67.8584 0.586547
vt -67.7886 0.586547
vt -67.7188 0.586547
vt -67.649 0.586547
vt -67.5791 0.586547
vt -67.5093 0.586547
vt -67.4395 0.586547
vt -67.3697 0.586547
vt -67.2999 0.586547
vt -67.2301 0.586547
vt -67.1603 0.586547
vt -67.0905 0.586547
vt -67.0206 0.586547
vt -66.9508 0.586547
vt -66.881 0.586547
vt -66.8112 0.586547
vt -66.7414 0.586547
vt -66.6716 0.586547
vt -66.6018 0.586547
vt -66.532 0.586547
vt -66.4621 0.586547
vt -66.3923 0.586547
vt -66.3225 0.586547
vt -66.2527 0.586547
vt -66.1829 0.586547
vt -66.1131 0.586547
vt -66.0433 0.586547
vt -65.9734 0.586547
vt -65.9036 0.586547
vt -65.8338 0.586547
vt -65.764 0.586547
vt -65.6942 0.586547
vt -65.6244 0.586547
vt -65.5546 0.586547
vt -65.4848 0.586547
vt -65.4149 0.586547
vt -65.3451 0.586547
vt -65.2753 0.586547
vt -65.2055 0.586547
vt -65.1357 0.586547
vt -65.0659 0.586547
vt -64.9961 0.586547
vt -64.9262 0.586547
vt -64.8564 0.586547
vt -64.7866 0.586547
vt -64.7168 0.586547
vt -64.647 0.586547
vt -64.5772 0.586547
vt -64.5074 0.586547
vt -64.4376 0.586547
vt -64.3677 0.586547
vt -64.2979 0.586547
vt -64.2281 0.586547
vt -64.1583 0.586547
vt -64.0885 0.586547
vt -64.0187 0.586547
vt -63.9489 0.586547
vt -63.8791 0.586547
vt -63.8092 0.586547
vt -63.7394 0.586547
vt -63.6696 0.586547
vt -63.5998 0.586547
vt -63.53 0.586547
vt -63.4602 0.586547
vt -63.3904 0.586547
vt -63.3205 0.586547
vt -63.2507 0.586547
vt -63.1809 0.586547
vt -63.1111 0.586547
vt -63.0413 0.586547
vt -62.9715 0.586547
vt -62.9017 0.586547
vt -62.8319 0.654175
vt -62.762 0.654175
vt -62.6922 0.654175
vt -62.6224 0.654175
vt -62.5526 0.654175
vt -62.4828 0.654175
vt -62.413 0.654175
vt -62.3432 0.654175
vt -62.2733 0.654175
vt -62.2035 0.654175
vt -62.1337 0.654175
vt -62.0639 0.654175
vt -61.9941 0.654175
vt -61.9243 0.654175
vt -61.8545 0.654175
vt -61.7847 0.654175
vt -61.7148 0.654175
vt -61.645 0.654175
vt -61.5752 0.654175
vt -61.5054 0.654175
vt -61.4356 0.654175
vt -61.3658 0.654175
vt -61.296 0.654175
vt -61.2262 0.654175
vt -61.1563 0.654175
vt -61.0865 0.654175
vt -61.0167 0.654175
vt -60.9469 0.654175
vt -60.8771 0.654175
vt -60.8073 0.654175
vt -60.7375 0.654175
vt -60.6676 0.654175
vt -60.5978 0.654175
vt -60.528 0.654175
vt -60.4582 0.654175
vt -60.3884 0.654175
vt -60.3186 0.654175
vt -60.2488 0.654175
vt -60.179 0.654175
vt -60.1091 0.654175
vt -60.0393 0.654175
vt -59.9695 0.654175
vt -59.8997 0.654175
vt -59.8299 0.654175
vt -59.7601 0.654175
vt -59.6903 0.654175
vt -59.6204 0.654175
vt -59.5506 0.654175
vt -59.4808 0.654175
vt -59.411 0.654175
vt -59.3412 0.654175
vt -59.2714 0.654175
vt -59.2016 0.654175
vt -59.1318 0.654175
vt -59.0619 0.654175
vt -58.9921 0.654175
vt -58.9223 0.654175
vt -58.8525 0.654175
vt -58.7827 0.654175
vt -58.7129 0.654175
vt -58.6431 0.654175
vt -58.5732 0.654175
vt -58.5034 0.654175
vt -58.4336 0.654175
vt -58.3638 0.654175
vt -58.294 0.654175
vt -58.2242 0.654175
vt -58.1544 0.654175
vt -58.0846 0.654175
vt -58.0147 0.654175
vt -57.9449 0.654175
vt -57.8751 0.654175
vt -57.8053 0.654175
vt -57.7355 0.654175
vt -57.6657 0.654175
vt -57.5959 0.654175
vt -57.5261 0.654175
vt -57.4562 0.654175
vt -57.3864 0.654175
vt -57.3166 0.654175
vt -57.2468 0.654175
vt -57.177 0.654175
vt -57.1072 0.654175
vt -57.0374 0.654175
vt -56.9675 0.654175
vt -56.8977 0.654175
vt -56.8279 0.654175
vt -56.7581 0.654175
vt -56.6883 0.654175
vt -56.6185 0.654175
vt -56.5487 0.721803
vt -56.4789 0.721803
vt -56.409 0.721803
vt -56.3392 0.721803
vt -56.2694 0.721803
vt -56.1996 0.721803
vt -56.1298 0.721803
vt -56.06 0.721803
vt -55.9902 0.721803
vt -55.9203 0.721803
vt -55.8505 0.721803
vt -55.7807 0.721803
vt -55.7109 0.721803
vt -55.6411 0.721803
vt -55.5713 0.721803
vt -55.5015 0.721803
vt -55.4317 0.721803
vt -55.3618 0.721803
vt -55.292 0.721803
vt -55.2222 0.721803
vt -55.1524 0.721803
vt -55.0826 0.721803
vt -55.0128 0.721803
vt -54.943 0.721803
vt -54.8732 0.721803
vt -54.8033 0.721803
vt -54.7335 0.721803
vt -54.6637 0.721803
vt -54.5939 0.721803
vt -54.5241 0.721803
vt -54.4543 0.721803
vt -54.3845 0.721803
vt -54.3146 0.721803
vt -54.2448 0.721803
vt -54.175 0.721803
vt -54.1052 0.721803
vt -54.0354 0.721803
vt -53.9656 0.721803
vt -53.8958 0.721803
vt -53.826 0.721803
vt -53.7561 0.721803
vt -53.6863 0.721803
vt -53.6165 0.721803
vt -53.5467 0.721803
vt -53.4769 0.721803
vt -53.4071 0.721803
vt -53.3373 0.721803
vt -53.2674 0.721803
vt -53.1976 0.721803
vt -53.1278 0.721803
vt -53.058 0.721803
vt -52.9882 0.721803
vt -52.9184 0.721803
vt -52.8486 0.721803
vt -52.7788 0.721803
vt -52.7089 0.721803
vt -52.6391 0.721803
vt -52.5693 0.721803
vt -52.4995 0.721803
vt -52.4297 0.721803
vt -52.3599 0.721803
vt -52.2901 0.721803
vt -52.2203 0.721803
vt -52.1504 0.721803
vt -52.0806 0.721803
vt -52.0108 0.721803
vt -51.941 0.721803
vt -51.8712 0.721803
vt -51.8014 0.721803
vt -51.7316 0.721803
vt -51.6617 0.721803
vt -51.5919 0.721803
vt -51.5221 0.721803
vt -51.4523 0.721803
vt -51.3825 0.721803
vt -51.3127 0.721803
vt -51.2429 0.721803
vt -51.1731 0.721803
vt -51.1032 0.721803
vt -51.0334 0.721803
vt -50.9636 0.721803
vt -50.8938 0.721803
vt -50.824 0.721803
vt -50.7542 0.721803
vt -50.6844 0.721803
vt -50.6145 0.721803
vt -50.5447 0.721803
vt -50.4749 0.721803
vt -50.4051 0.721803
vt -50.3353 0.721803
vt -50.2655 0.789431
vt -50.1957 0.789431
vt -50.1259 0.789431
vt -50.056 0.789431
vt -49.9862 0.789431
vt -49.9164 0.789431
vt -49.8466 0.789431
vt -49.7768 0.789431
vt -49.707 0.789431
vt -49.6372 0.789431
vt -49.5674 0.789431
vt -49.4975 0.789431
vt -49.4277 0.789431
vt -49.3579 0.789431
vt -49.2881 0.789431
vt -49.2183 0.789431
vt -49.1485 0.789431
vt -49.0787 0.789431
vt -49.0088 0.789431
vt -48.939 0.789431
vt -48.8692 0.789431
vt -48.7994 0.789431
vt -48.7296 0.789431
vt -48.6598 0.789431
vt -48.59 0.789431
vt -48.5202 0.789431
vt -48.4503 0.789431
vt -48.3805 0.789431
vt -48.3107 0.789431
vt -48.2409 0.789431
vt -48.1711 0.789431
vt -48.1013 0.789431
vt -48.0315 0.789431
vt -47.9616 0.789431
vt -47.8918 0.789431
vt -47.822 0.789431
vt -47.7522 0.789431
vt -47.6824 0.789431
vt -47.6126 0.789431
vt -47.5428 0.789431
vt -47.473 0.789431
vt -47.4031 0.789431
vt -47.3333 0.789431
vt -47.2635 0.789431
vt -47.1937 0.789431
vt -47.1239 0.789431
vt -47.0541 0.789431
vt -46.9843 0.789431
vt -46.9145 0.789431
vt -46.8446 0.789431
vt -46.7748 0.789431
vt -46.705 0.789431
vt -46.6352 0.789431
vt -46.5654 0.789431
vt -46.4956 0.789431
vt -46.4258 0.789431
vt -46.3559 0.789431
vt -46.2861 0.789431
vt -46.2163 0.789431
vt -46.1465 0.789431
vt -46.0767 0.789431
vt -46.0069 0.789431
vt -45.9371 0.789431
vt -45.8673 0.789431
vt -45.7974 0.789431
vt -45.7276 0.789431
vt -45.6578 0.789431
vt -45.588 0.789431
vt -45.5182 0.789431
vt -45.4484 0.789431
vt -45.3786 0.789431
vt -45.3087 0.789431
vt -45.2389 0.789431
vt -45.1691 0.789431
vt -45.0993 0.789431
vt -45.0295 0.789431
vt -44.9597 0.789431
vt -44.8899 0.789431
vt -44.8201 0.789431
vt -44.7502 0.789431
vt -44.6804 0.789431
vt -44.6106 0.789431
vt -44.5408 0.789431
vt -44.471 0.789431
vt -44.4012 0.789431
vt -44.3314 0.789431
vt -44.2615 0.789431
vt -44.1917 0.789431
vt -44.1219 0.789431
vt -44.0521 0.789431
vt -43.9823 0.85706
vt -43.9125 0.85706
vt -43.8427 0.85706
vt -43.7729 0.85706
vt -43.703 0.85706
vt -43.6332 0.85706
vt -43.5634 0.85706
vt -43.4936 0.85706
vt -43.4238 0.85706
vt -43.354 0.85706
vt -43.2842 0.85706
vt -43.2144 0.85706
vt -43.1445 0.85706
vt -43.0747 0.85706
vt -43.0049 0.85706
vt -42.9351 0.85706
vt -42.8653 0.85706
vt -42.7955 0.85706
vt -42.7257 0.85706
vt -42.6558 0.85706
vt -42.586 0.85706
vt -42.5162 0.85706
vt -42.4464 0.85706
vt -42.3766 0.85706
vt -42.3068 0.85706
vt -42.237 0.85706
vt -42.1672 0.85706
vt -42.0973 0.85706
vt -42.0275 0.85706
vt -41.9577 0.85706
vt -41.8879 0.85706
vt -41.8181 0.85706
vt -41.7483 0.85706
vt -41.6785 0.85706
vt -41.6086 0.85706
vt -41.5388 0.85706
vt -41.469 0.85706
vt -41.3992 0.85706
vt -41.3294 0.85706
vt -41.2596 0.85706
vt -41.1898 0.85706
vt -41.12 0.85706
vt -41.0501 0.85706
vt -40.9803 0.85706
vt -40.9105 0.85706
vt -40.8407 0.85706
vt -40.7709 0.85706
vt -40.7011 0.85706
vt -40.6313 0.85706
vt -40.5615 0.85706
vt -40.4916 0.85706
vt -40.4218 0.85706
vt -40.352 0.85706
vt -40.2822 0.85706
vt -40.2124 0.85706
vt -40.1426 0.85706
vt -40.0728 0.85706
vt -40.0029 0.85706
vt -39.9331 0.85706
vt -39.8633 0.85706
vt -39.7935 0.85706
vt -39.7237 0.85706
vt -39.6539 0.85706
vt -39.5841 0.85706
vt -39.5143 0.85706
vt -39.4444 0.85706
vt -39.3746 0.85706
vt -39.3048 0.85706
vt -39.235 0.85706
vt -39.1652 0.85706
vt -39.0954 0.85706
vt -39.0256 0.85706
vt -38.9557 0.85706
vt -38.8859 0.85706
vt -38.8161 0.85706
vt -38.7463 0.85706
vt -38.6765 0.85706
vt -38.6067 0.85706
vt -38.5369 0.85706
vt -38.4671 0.85706
vt -38.3972 0.85706
vt -38.3274 0.85706
vt -38.2576 0.85706
vt -38.1878 0.85706
vt -38.118 0.85706
vt -38.0482 0.85706
vt -37.9784 0.85706
vt -37.9086 0.85706
vt -37.8387 0.85706
vt -37.7689 0.85706
vt -37.6991 0.924688
vt -37.6293 0.924688
vt -37.5595 0.924688
vt -37.4897 0.924688
vt -37.4199 0.924688
vt -37.35 0.924688
vt -37.2802 0.924688
vt -37.2104 0.924688
vt -37.1406 0.924688
vt -37.0708 0.924688
vt -37.001 0.924688
vt -36.9312 0.924688
vt -36.8614 0.924688
vt -36.7915 0.924688
vt -36.7217 0.924688
vt -36.6519 0.924688
vt -36.5821 0.924688
vt -36.5123 0.924688
vt -36.4425 0.924688
vt -36.3727 0.924688
vt -36.3028 0.924688
vt -36.233 0.924688
vt -36.1632 0.924688
vt -36.0934 0.924688
vt -36.0236 0.924688
vt -35.9538 0.924688
vt -35.884 0.924688
vt -35.8142 0.924688
vt -35.7443 0.924688
vt -35.6745 0.924688
vt -35.6047 0.924688
vt -35.5349 0.924688
vt -35.4651 0.924688
vt -35.3953 0.924688
vt -35.3255 0.924688
vt -35.2557 0.924688
vt -35.1858 0.924688
vt -35.116 0.924688
vt -35.0462 0.924688
vt -34.9764 0.924688
vt -34.9066 0.924688
vt -34.8368 0.924688
vt -34.767 0.924688
vt -34.6971 0.924688
vt -34.6273 0.924688
vt -34.5575 0.924688
vt -34.4877 0.924688
vt -34.4179 0.924688
vt -34.3481 0.924688
vt -34.2783 0.924688
vt -34.2085 0.924688
vt -34.1386 0.924688
vt -34.0688 0.924688
vt -33.999 0.924688
vt -33.9292 0.924688
vt -33.8594 0.924688
vt -33.7896 0.924688
vt -33.7198 0.924688
vt -33.6499 0.924688
vt -33.5801 0.924688
vt -33.5103 0.924688
vt -33.4405 0.924688
vt -33.3707 0.924688
vt -33.3009 0.924688
vt -33.2311 0.924688
vt -33.1613 0.924688
vt -33.0914 0.924688
vt -33.0216 0.924688
vt -32.9518 0.924688
vt -32.882 0.924688
vt -32.8122 0.924688
vt -32.7424 0.924688
vt -32.6726 0.924688
vt -32.6028 0.924688
vt -32.5329 0.924688
vt -32.4631 0.924688
vt -32.3933 0.924688
vt -32.3235 0.924688
vt -32.2537 0.924688
vt -32.1839 0.924688
vt -32.1141 0.924688
vt -32.0442 0.924688
vt -31.9744 0.924688
vt -31.9046 0.924688
vt -31.8348 0.924688
vt -31.765 0.924688
vt -31.6952 0.924688
vt -31.6254 0.924688
vt -31.5556 0.924688
vt -31.4857 0.924688
vt -31.4159 0.992316
vt -31.3461 0.992316
vt -31.2763 0.992316
vt -31.2065 0.992316
vt -31.1367 0.992316
vt -31.0669 0.992316
vt -30.997 0.992316
vt -30.9272 0.992316
vt -30.8574 0.992316
vt -30.7876 0.992316
vt -30.7178 0.992316
vt -30.648 0.992316
vt -30.5782 0.992316
vt -30.5084 0.992316
vt -30.4385 0.992316
vt -30.3687 0.992316
vt -30.2989 0.992316
vt -30.2291 0.992316
vt -30.1593 0.992316
vt -30.0895 0.992316
vt -30.0197 0.992316
vt -29.9498 0.992316
vt -29.88 0.992316
vt -29.8102 0.992316
vt -29.7404 0.992316
vt -29.6706 0.992316
vt -29.6008 0.992316
vt -29.531 0.992316
vt -29.4612 0.992316
vt -29.3913 0.992316
vt -29.3215 0.992316
vt -29.2517 0.992316
vt -29.1819 0.992316
vt -29.1121 0.992316
vt -29.0423 0.992316
vt -28.9725 0.992316
vt -28.9027 0.992316
vt -28.8328 0.992316
vt -28.763 0.992316
vt -28.6932 0.992316
vt -28.6234 0.992316
vt -28.5536 0.992316
vt -28.4838 0.992316
vt -28.414 0.992316
vt -28.3441 0.992316
vt -28.2743 0.992316
vt -28.2045 0.992316
vt -28.1347 0.992316
vt -28.0649 0.992316
vt -27.9951 0.992316
vt -27.9253 0.992316
vt -27.8555 0.992316
vt -27.7856 0.992316
vt -27.7158 0.992316
vt -27.646 0.992316
vt -27.5762 0.992316
vt -27.5064 0.992316
vt -27.4366 0.992316
vt -27.3668 0.992316
vt -27.2969 0.992316
vt -27.2271 0.992316
vt -27.1573 0.992316
vt -27.0875 0.992316
vt -27.0177 0.992316
vt -26.9479 0.992316
vt -26.8781 0.992316
vt -26.8083 0.992316
vt -26.7384 0.992316
vt -26.6686 0.992316
vt -26.5988 0.992316
vt -26.529 0.992316
vt -26.4592 0.992316
vt -26.3894 0.992316
vt -26.3196 0.992316
vt -26.2498 0.992316
vt -26.1799 0.992316
vt -26.1101 0.992316
vt -26.0403 0.992316
vt -25.9705 0.992316
vt -25.9007 0.992316
vt -25.8309 0.992316
vt -25.7611 0.992316
vt -25.6912 0.992316
vt -25.6214 0.992316
vt -25.5516 0.992316
vt -25.4818 0.992316
vt -25.412 0.992316
vt -25.3422 0.992316
vt -25.2724 0.992316
vt -25.2026 0.992316
vt -25.1327 1.05994
vt -25.0629 1.05994
vt -24.9931 1.05994
vt -24.9233 1.05994
vt -24.8535 1.05994
vt -24.7837 1.05994
vt -24.7139 1.05994
vt -24.644 1.05994
vt -24.5742 1.05994
vt -24.5044 1.05994
vt -24.4346 1.05994
vt -24.3648 1.05994
vt -24.295 1.05994
vt -24.2252 1.05994
vt -24.1554 1.05994
vt -24.0855 1.05994
vt -24.0157 1.05994
vt -23.9459 1.05994
vt -23.8761 1.05994
vt -23.8063 1.05994
vt -23.7365 1.05994
vt -23.6667 1.05994
vt -23.5969 1.05994
vt -23.527 1.05994
vt -23.4572 1.05994
vt -23.3874 1.05994
vt -23.3176 1.05994
vt -23.2478 1.05994
vt -23.178 1.05994
vt -23.1082 1.05994
vt -23.0383 1.05994
vt -22.9685 1.05994
vt -22.8987 1.05994
vt -22.8289 1.05994
vt -22.7591 1.05994
vt -22.6893 1.05994
vt -22.6195 1.05994
vt -22.5497 1.05994
vt -22.4798 1.05994
vt -22.41 1.05994
vt -22.3402 1.05994
vt -22.2704 1.05994
vt -22.2006 1.05994
vt -22.1308 1.05994
vt -22.061 1.05994
vt -21.9911 1.05994
vt -21.9213 1.05994
vt -21.8515 1.05994
vt -21.7817 1.05994
vt -21.7119 1.05994
vt -21.6421 1.05994
vt -21.5723 1.05994
vt -21.5025 1.05994
vt -21.4326 1.05994
vt -21.3628 1.05994
vt -21.293 1.05994
vt -21.2232 1.05994
vt -21.1534 1.05994
vt -21.0836 1.05994
vt -21.0138 1.05994
vt -20.944 1.05994
vt -20.8741 1.05994
vt -20.8043 1.05994
vt -20.7345 1.05994
vt -20.6647 1.05994
vt -20.5949 1.05994
vt -20.5251 1.05994
vt -20.4553 1.05994
vt -20.3854 1.05994
vt -20.3156 1.05994
vt -20.2458 1.05994
vt -20.176 1.05994
vt -20.1062 1.05994
vt -20.0364 1.05994
vt -19.9666 1.05994
vt -19.8968 1.05994
vt -19.8269 1.05994
vt -19.7571 1.05994
vt -19.6873 1.05994
vt -19.6175 1.05994
vt -19.5477 1.05994
vt -19.4779 1.05994
vt -19.4081 1.05994
vt -19.3382 1.05994
vt -19.2684 1.05994
vt -19.1986 1.05994
vt -19.1288 1.05994
vt -19.059 1.05994
vt -18.9892 1.05994
vt -18.9194 1.05994
vt -18.8496 1.12757
vt -18.7797 1.12757
vt -18.7099 1.12757
vt -18.6401 1.12757
vt -18.5703 1.12757
vt -18.5005 1.12757
vt -18.4307 1.12757
vt -18.3609 1.12757
vt -18.2911 1.12757
vt -18.2212 1.12757
vt -18.1514 1.12757
vt -18.0816 1.12757
vt -18.0118 1.12757
vt -17.942 1.12757
vt -17.8722 1.12757
vt -17.8024 1.12757
vt -17.7325 1.12757
vt -17.6627 1.12757
vt -17.5929 1.12757
vt -17.5231 1.12757
vt -17.4533 1.12757
vt -17.3835 1.12757
vt -17.3137 1.12757
vt -17.2439 1.12757
vt -17.174 1.12757
vt -17.1042 1.12757
vt -17.0344 1.12757
vt -16.9646 1.12757
vt -16.8948 1.12757
vt -16.825 1.12757
vt -16.7552 1.12757
vt -16.6853 1.12757
vt -16.6155 1.12757
vt -16.5457 1.12757
vt -16.4759 1.12757
vt -16.4061 1.12757
vt -16.3363 1.12757
vt -16.2665 1.12757
vt -16.1967 1.12757
vt -16.1268 1.12757
vt -16.057 1.12757
vt -15.9872 1.12757
vt -15.9174 1.12757
vt -15.8476 1.12757
vt -15.7778 1.12757
vt -15.708 1.12757
vt -15.6382 1.12757
vt -15.5683 1.12757
vt -15.4985 1.12757
vt -15.4287 1.12757
vt -15.3589 1.12757
vt -15.2891 1.12757
vt -15.2193 1.12757
vt -15.1495 1.12757
vt -15.0796 1.12757
vt -15.0098 1.12757
vt -14.94 1.12757
vt -14.8702 1.12757
vt -14.8004 1.12757
vt -14.7306 1.12757
vt -14.6608 1.12757
vt -14.591 1.12757
vt -14.5211 1.12757
vt -14.4513 1.12757
vt -14.3815 1.12757
vt -14.3117 1.12757
vt -14.2419 1.12757
vt -14.1721 1.12757
vt -14.1023 1.12757
vt -14.0324 1.12757
vt -13.9626 1.12757
vt -13.8928 1.12757
vt -13.823 1.12757
vt -13.7532 1.12757
vt -13.6834 1.12757
vt -13.6136 1.12757
vt -13.5438 1.12757
vt -13.4739 1.12757
vt -13.4041 1.12757
vt -13.3343 1.12757
vt -13.2645 1.12757
vt -13.1947 1.12757
vt -13.1249 1.12757
vt -13.0551 1.12757
vt -12.9852 1.12757
vt -12.9154 1.12757
vt -12.8456 1.12757
vt -12.7758 1.12757
vt -12.706 1.12757
vt -12.6362 1.12757
vt -12.5664 1.1952
vt -12.4966 1.1952
vt -12.4267 1.1952
vt -12.3569 1.1952
vt -12.2871 1.1952
vt -12.2173 1.1952
vt -12.1475 1.1952
vt -12.0777 1.1952
vt -12.0079 1.1952
vt -11.9381 1.1952
vt -11.8682 1.1952
vt -11.7984 1.1952
vt -11.7286 1.1952
vt -11.6588 1.1952
vt -11.589 1.1952
vt -11.5192 1.1952
vt -11.4494 1.1952
vt -11.3795 1.1952
vt -11.3097 1.1952
vt -11.2399 1.1952
vt -11.1701 1.1952
vt -11.1003 1.1952
vt -11.0305 1.1952
vt -10.9607 1.1952
vt -10.8909 1.1952
vt -10.821 1.1952
vt -10.7512 1.1952
vt -10.6814 1.1952
vt -10.6116 1.1952
vt -10.5418 1.1952
vt -10.472 1.1952
vt -10.4022 1.1952
vt -10.3323 1.1952
vt -10.2625 1.1952
vt -10.1927 1.1952
vt -10.1229 1.1952
vt -10.0531 1.1952
vt -9.98328 1.1952
vt -9.91347 1.1952
vt -9.84366 1.1952
vt -9.77384 1.1952
vt -9.70403 1.1952
vt -9.63422 1.1952
vt -9.5644 1.1952
vt -9.49459 1.1952
vt -9.42478 1.1952
vt -9.35496 1.1952
vt -9.28515 1.1952
vt -9.21534 1.1952
vt -9.14553 1.1952
vt -9.07571 1.1952
vt -9.0059 1.1952
vt -8.93609 1.1952
vt -8.86627 1.1952
vt -8.79646 1.1952
vt -8.72665 1.1952
vt -8.65683 1.1952
vt -8.58702 1.1952
vt -8.51721 1.1952
vt -8.44739 1.1952
vt -8.37758 1.1952
vt -8.30777 1.1952
vt -8.23795 1.1952
vt -8.16814 1.1952
vt -8.09833 1.1952
vt -8.02851 1.1952
vt -7.9587 1.1952
vt -7.88889 1.1952
vt -7.81908 1.1952
vt -7.74926 1.1952
vt -7.67945 1.1952
vt -7.60964 1.1952
vt -7.53982 1.1952
vt -7.47001 1.1952
vt -7.4002 1.1952
vt -7.33038 1.1952
vt -7.26057 1.1952
vt -7.19076 1.1952
vt -7.12094 1.1952
vt -7.05113 1.1952
vt -6.98132 1.1952
vt -6.9115 1.1952
vt -6.84169 1.1952
vt -6.77188 1.1952
vt -6.70206 1.1952
vt -6.63225 1.1952
vt -6.56244 1.1952
vt -6.49262 1.1952
vt -6.42281 1.1952
vt -6.353 1.1952
vt -6.28319 1.26283
vt -6.21337 1.26283
vt -6.14356 1.26283
vt -6.07375 1.26283
vt -6.00393 1.26283
vt -5.93412 1.26283
vt -5.86431 1.26283
vt -5.79449 1.26283
vt -5.72468 1.26283
vt -5.65487 1.26283
vt -5.58505 1.26283
vt -5.51524 1.26283
vt -5.44543 1.26283
vt -5.37561 1.26283
vt -5.3058 1.26283
vt -5.23599 1.26283
vt -5.16617 1.26283
vt -5.09636 1.26283
vt -5.02655 1.26283
vt -4.95674 1.26283
vt -4.88692 1.26283
vt -4.81711 1.26283
vt -4.7473 1.26283
vt -4.67748 1.26283
vt -4.60767 1.26283
vt -4.53786 1.26283
vt -4.46804 1.26283
vt -4.39823 1.26283
vt -4.32842 1.26283
vt -4.2586 1.26283
vt -4.18879 1.26283
vt -4.11898 1.26283
vt -4.04916 1.26283
vt -3.97935 1.26283
vt -3.90954 1.26283
vt -3.83972 1.26283
vt -3.76991 1.26283
vt -3.7001 1.26283
vt -3.63028 1.26283
vt -3.56047 1.26283
vt -3.49066 1.26283
vt -3.42085 1.26283
vt -3.35103 1.26283
vt -3.28122 1.26283
vt -3.21141 1.26283
vt -3.14159 1.26283
vt -3.07178 1.26283
vt -3.00197 1.26283
vt -2.93215 1.26283
vt -2.86234 1.26283
vt -2.79253 1.26283
vt -2.72271 1.26283
vt -2.6529 1.26283
vt -2.58309 1.26283
vt -2.51327 1.26283
vt -2.44346 1.26283
vt -2.37365 1.26283
vt -2.30383 1.26283
vt -2.23402 1.26283
vt -2.16421 1.26283
vt -2.0944 1.26283
vt -2.02458 1.26283
vt -1.95477 1.26283
vt -1.88496 1.26283
vt -1.81514 1.26283
vt -1.74533 1.26283
vt -1.67552 1.26283
vt -1.6057 1.26283
vt -1.53589 1.26283
vt -1.46608 1.26283
vt -1.39626 1.26283
vt -1.32645 1.26283
vt -1.25664 1.26283
vt -1.18682 1.26283
vt -1.11701 1.26283
vt -1.0472 1.26283
vt -0.977384 1.26283
vt -0.907571 1.26283
vt -0.837758 1.26283
vt -0.767945 1.26283
vt -0.698132 1.26283
vt -0.628319 1.26283
vt -0.558505 1.26283
vt -0.488692 1.26283
vt -0.418879 1.26283
vt -0.349066 1.26283
vt -0.279253 1.26283
vt -0.20944 1.26283
vt -0.139626 1.26283
vt -0.0698132 1.26283
vt 0 1.33046
vt 0.0698132 1.33046
vt 0.139626 1.33046
vt 0.20944 1.33046
vt 0.279253 1.33046
vt 0.349066 1.33046
vt 0.418879 1.33046
vt 0.488692 1.33046
vt 0.558505 1.33046
vt -11.6588 1.33046
vt -11.589 1.33046
vt -11.5192 1.33046
vt -11.4494 1.33046
vt -11.3795 1.33046
vt -11.3097 1.33046
vt -11.2399 1.33046
vt -11.1701 1.33046
vt -11.1003 1.33046
vt -11.0305 1.33046
vt -10.9607 1.33046
vt -10.8909 1.33046
vt -10.821 1.33046
vt -10.7512 1.33046
vt -10.6814 1.33046
vt -10.6116 1.33046
vt -10.5418 1.33046
vt -10.472 1.33046
vt -10.4022 1.33046
vt -3.76991 1.33046
vt -3.7001 1.33046
vt -3.63028 1.33046
vt -3.56047 1.33046
vt -3.49066 1.33046
vt -3.42085 1.33046
vt -3.35103 1.33046
vt -3.28122 1.33046
vt -3.21141 1.33046
vt -3.14159 1.33046
vt -3.07178 1.33046
vt -3.00197 1.33046
vt -2.93215 1.33046
vt -2.86234 1.33046
vt -2.79253 1.33046
vt -2.72271 1.33046
vt -2.6529 1.33046
vt -2.58309 1.33046
vt -8.51721 1.33046
vt -8.44739 1.33046
vt -8.37758 1.33046
vt -8.30777 1.33046
vt -8.23795 1.33046
vt -8.16814 1.33046
vt -8.09833 1.33046
vt -8.02851 1.33046
vt -7.9587 1.33046
vt -7.88889 1.33046
vt -7.81908 1.33046
vt -7.74926 1.33046
vt -7.67945 1.33046
vt -7.60964 1.33046
vt -7.53982 1.33046
vt -7.47001 1.33046
vt -7.4002 1.33046
vt -7.33038 1.33046
vt -7.26057 1.33046
vt -0.628319 1.33046
vt -0.558505 1.33046
vt -0.488692 1.33046
vt -0.418879 1.33046
vt -0.349066 1.33046
vt -0.279253 1.33046
vt -0.20944 1.33046
vt -0.139626 1.33046
vt -0.0698132 1.33046
vt 5.45012 1.3215
vt 5.40092 1.3321
vt -7.19076 1.33046
vt 5.38104 1.33597
vt 5.30623 1.34869
vt 5.17162 1.36569
vt 5.09972 1.37232
vt -7.53068 1.37704
vt 4.95923 1.38139
vt 4.88937 1.38425
vt 4.81844 1.38614
vt 4.74751 1.38708
vt -7.85398 1.38719
vt 4.60634 1.38614
vt 4.53541 1.38425
vt 4.46555 1.38139
vt 4.39776 1.3776
vt -8.17729 1.37704
vt 4.25316 1.36569
vt 4.18429 1.35782
vt -8.44348 1.34935
vt 4.04374 1.33597
vt 4.02386 1.3321
vt 3.97466 1.3215
vt -14.9226 1.30964
vt 3.84555 1.32894
vt 3.83012 1.3321
vt -2.51327 1.33046
vt 3.7735 1.34256
vt 3.63571 1.3619
vt 3.56518 1.36916
vt -2.81829 1.37704
vt 3.42264 1.37961
vt 3.3537 1.38294
vt 3.28318 1.38532
vt 3.21211 1.38673
vt -3.14159 1.38719
vt 3.07108 1.38673
vt 3.00001 1.38532
vt 2.92948 1.38294
vt -3.4649 1.37704
vt 2.79099 1.37515
vt 2.718 1.36916
vt 2.64748 1.3619
vt -3.73109 1.34935
vt 2.50969 1.34256
vt 2.45306 1.3321
vt 2.43764 1.32894
vt -3.92699 1.30964
vt 2.30852 1.3215
vt 2.25933 1.3321
vt -10.3323 1.33046
vt 2.23945 1.33597
vt 2.16464 1.34869
vt 2.03003 1.36569
vt 1.95812 1.37232
vt -10.6723 1.37704
vt 1.81763 1.38139
vt 1.74778 1.38425
vt 1.67685 1.38614
vt 1.60592 1.38708
vt -10.9956 1.38719
vt 1.46475 1.38614
vt 1.39381 1.38425
vt 1.32396 1.38139
vt 1.25617 1.3776
vt -11.3189 1.37704
vt 1.11156 1.36569
vt 1.04269 1.35782
vt -11.5851 1.34935
vt 0.902145 1.33597
vt 0.882264 1.3321
vt 0.833069 1.3215
vt -18.0642 1.30964
vt 0.703955 1.32894
vt 0.688532 1.3321
vt 0.628319 1.33046
vt 0.631905 1.34256
vt 0.494112 1.3619
vt 0.423592 1.36916
vt 0.323306 1.37704
vt 0.281045 1.37961
vt 0.212109 1.38294
vt 0.141585 1.38532
vt 0.0705173 1.38673
vt 1.77636e-15 1.38719
vt 6.21267 1.38673
vt 6.1416 1.38532
vt 6.07108 1.38294
vt -0.323306 1.37704
vt 5.93258 1.37515
vt 5.85959 1.36916
vt 5.78907 1.3619
vt -0.589497 1.34935
vt 5.65128 1.34256
vt 5.59465 1.3321
vt 5.57923 1.32894
vt -0.785398 1.30964
vt 0.589497 1.34935
vt -10.4061 1.34935
vt -2.5521 1.34935
vt -7.26448 1.34935
vt -0.2367 0.0022
vt -0.242106 0.000991952
vt -0.242088 0.0011851
vt -0.2367 -0.0022
vt -0.242125 -0.000737138
vt -0.242138 -0.000473765
vt -0.242125 0.000737138
vt -0.242143 0.000313585
vt -0.242138 0.000473765
vt -0.24212 -0.000804567
vt -0.242056 0.00147142
vt -0.242146 0.000155396
vt -0.242146 -0.000155396
vt -0.242147 3.37054e-18
vt -0.242143 -0.000313585
vt -0.242056 -0.00147142
vt -0.242088 -0.0011851
vt -0.24213 0.00063511
vt -0.242037 -0.00161048
vt -0.242037 0.00161048
vt -0.242106 -0.000991952
vt -0.242008 0.00181032
vt -0.241999 0.00186796
vt -0.242008 -0.00181032
vt -0.241941 -0.0022
vt -0.241999 -0.00186796
vt -0.241941 0.0022
vt 0.0022 0.0045
vt -0.0022 0.0045
vt -0.0022 0.0001
vt 0.0022 0.0001
vt -0.2367 0.0022
vt -0.242106 0.000991952
vt -0.242088 0.0011851
vt -0.2367 -0.0022
vt -0.242125 -0.000737138
vt -0.242138 -0.000473765
vt -0.242125 0.000737138
vt -0.242143 0.000313585
vt -0.242138 0.000473765
vt -0.24212 -0.000804567
vt -0.242056 0.00147142
vt -0.242146 0.000155396
vt -0.242146 -0.000155396
vt -0.242147 3.78158e-18
vt -0.242143 -0.000313585
vt -0.242056 -0.00147142
vt -0.242088 -0.0011851
vt -0.24213 0.00063511
vt -0.242037 -0.00161048
vt -0.242037 0.00161048
vt -0.242106 -0.000991952
vt -0.242008 0.00181032
vt -0.241999 0.00186796
vt -0.242008 -0.00181032
vt -0.241941 -0.0022
vt -0.241999 -0.00186796
vt -0.241941 0.0022
vt -0.003125 0.0045
vt 0.00228843 0.00319746
vt 0.00227241 0.00338789
vt 0.00223074 0.00377142
vt 0.00229951 0.00303714
vt 0.00231593 0.00269348
vt 0.00230949 0.00285434
vt 0.00232015 0.00253419
vt -0.003125 0.0001
vt 0.00232015 0.00206581
vt 0.00232247 0.0023
vt 0.00225275 0.00101658
vt 0.00227241 0.00121211
vt 0.00219427 0.000561865
vt 0.00223074 0.00082858
vt 0.002229 0.00378529
vt 0.00219427 0.00403813
vt 0.00232222 0.0023773
vt 0.00231593 0.00190652
vt 0.00230082 0.00158405
vt 0.00230949 0.00174566
vt 0.00218334 0.00411032
vt 0.0021525 0.00429965
vt 0.00229951 0.00156286
vt 0.00218334 0.000489683
vt 0.00211641 0.0001
vt 0.0021525 0.000300352
vt 0.00211641 0.0045
vt 0.003125 0.0001
vt -0.00228843 0.00140254
vt -0.00227241 0.00121211
vt -0.00223074 0.00082858
vt -0.00229951 0.00156286
vt -0.00231593 0.00190652
vt -0.00230949 0.00174566
vt -0.00232015 0.00206581
vt 0.003125 0.0045
vt -0.00232015 0.00253419
vt -0.00232247 0.0023
vt -0.00225275 0.00358342
vt -0.00227241 0.00338789
vt -0.00219427 0.00403813
vt -0.00223074 0.00377142
vt -0.002229 0.000814706
vt -0.00219427 0.000561865
vt -0.00232222 0.0022227
vt -0.00231593 0.00269348
vt -0.00230082 0.00301595
vt -0.00230949 0.00285434
vt -0.00218334 0.000489683
vt -0.0021525 0.000300352
vt -0.00229951 0.00303714
vt -0.00218334 0.00411032
vt -0.00211641 0.0045
vt -0.0021525 0.00429965
vt -0.00211641 0.0001
f 91/1/1 1/2/1 2/3/1
f 2/3/1 3/4/1 91/1/1
f 3/4/1 4/5/1 91/1/1
f 4/5/1 5/6/1 91/1/1
f 5/6/1 6/7/1 91/1/1
f 6/7/1 7/8/1 91/1/1
f 7/8/1 8/9/1 91/1/1
f 8/9/1 9/10/1 91/1/1
f 9/10/1 10/11/1 91/1/1
f 10/11/1 11/12/1 91/1/1
f 11/12/1 12/13/1 91/1/1
f 12/13/1 13/14/1 91/1/1
f 13/14/1 14/15/1 91/1/1
f 14/15/1 15/16/1 91/1/1
f 15/16/1 16/17/1 91/1/1
f 16/17/1 17/18/1 91/1/1
f 17/18/1 18/19/1 91/1/1
f 18/19/1 19/20/1 91/1/1
f 19/20/1 20/21/1 91/1/1
f 20/21/1 21/22/1 91/1/1
f 21/22/1 22/23/1 91/1/1
f 22/23/1 23/24/1 91/1/1
f 23/24/1 24/25/1 91/1/1
f 24/25/1 25/26/1 91/1/1
f 25/26/1 26/27/1 91/1/1
f 26/27/1 27/28/1 91/1/1
f 27/28/1 28/29/1 91/1/1
f 28/29/1 29/30/1 91/1/1
f 29/30/1 30/31/1 91/1/1
f 30/31/1 31/32/1 91/1/1
f 31/32/1 32/33/1 91/1/1
f 32/33/1 33/34/1 91/1/1
f 33/34/1 34/35/1 91/1/1
f 34/35/1 35/36/1 91/1/1
f 35/36/1 36/37/1 91/1/1
f 36/37/1 37/38/1 91/1/1
f 37/38/1 38/39/1 91/1/1
f 38/39/1 39/40/1 91/1/1
f 39/40/1 40/41/1 91/1/1
f 40/41/1 41/42/1 91/1/1
f 41/42/1 42/43/1 91/1/1
f 42/43/1 43/44/1 91/1/1
f 43/44/1 44/45/1 91/1/1
f 44/45/1 45/46/1 91/1/1
f 45/46/1 46/47/1 91/1/1
f 46/47/1 47/48/1 91/1/1
f 47/48/1 48/49/1 91/1/1
f 48/49/1 49/50/1 91/1/1
f 49/50/1 50/51/1 91/1/1
f 50/51/1 51/52/1 91/1/1
f 51/52/1 52/53/1 91/1/1
f 52/53/1 53/54/1 91/1/1
f 53/54/1 54/55/1 91/1/1
f 54/55/1 55/56/1 91/1/1
f 55/56/1 56/57/1 91/1/1
f 56/57/1 57/58/1 91/1/1
f 57/58/1 58/59/1 91/1/1
f 58/59/1 59/60/1 91/1/1
f 59/60/1 60/61/1 91/1/1
f 60/61/1 61/62/1 91/1/1
f 61/62/1 62/63/1 91/1/1
f 62/63/1 63/64/1 91/1/1
f 63/64/1 64/65/1 91/1/1
f 64/65/1 65/66/1 91/1/1
f 65/66/1 66/67/1 91/1/1
f 66/67/1 67/68/1 91/1/1
f 67/68/1 68/69/1 91/1/1
f 68/69/1 69/70/1 91/1/1
f 69/70/1 70/71/1 91/1/1
f 70/71/1 71/72/1 91/1/1
f 71/72/1 72/73/1 91/1/1
f 72/73/1 73/74/1 91/1/1
f 73/74/1 74/75/1 91/1/1
f 74/75/1 75/76/1 91/1/1
f 75/76/1 76/77/1 91/1/1
f 76/77/1 77/78/1 91/1/1
f 77/78/1 78/79/1 91/1/1
f 78/79/1 79/80/1 91/1/1
f 79/80/1 80/81/1 91/1/1
f 80/81/1 81/82/1 91/1/1
f 81/82/1 82/83/1 91/1/1
f 82/83/1 83/84/1 91/1/1
f 83/84/1 84/85/1 91/1/1
f 84/85/1 85/86/1 91/1/1
f 85/86/1 86/87/1 91/1/1
f 86/87/1 87/88/1 91/1/1
f 87/88/1 88/89/1 91/1/1
f 88/89/1 89/90/1 91/1/1
f 89/90/1 90/91/1 91/1/1
f 90/91/1 1/2/1 91/1/1
f 190/92/2 45/93/3 44/94/4
f 191/95/5 44/94/4 43/96/6
f 192/97/7 43/96/6 42/98/8
f 193/99/9 42/98/8 41/100/10
f 194/101/11 41/100/10 40/102/12
f 195/103/13 40/102/12 39/104/14
f 196/105/15 39/104/14 38/106/16
f 197/107/17 38/106/16 37/108/18
f 198/109/19 37/108/18 36/110/20
f 199/111/21 36/110/20 35/112/22
f 200/113/23 35/112/22 34/114/24
f 201/115/25 34/114/24 33/116/26
f 202/117/27 33/116/26 32/118/28
f 203/119/29 32/118/28 31/120/30
f 204/121/31 31/120/30 30/122/32
f 205/123/33 30/122/32 29/124/34
f 206/125/35 29/124/34 28/126/36
f 207/127/37 28/126/36 27/128/38
f 208/129/39 27/128/38 26/130/40
f 209/131/41 26/130/40 25/132/42
f 210/133/43 25/132/42 24/134/44
f 211/135/45 24/134/44 23/136/46
f 212/137/47 23/136/46 22/138/48
f 213/139/49 22/138/48 21/140/50
f 214/141/51 21/140/50 20/142/52
f 215/143/53 20/142/52 19/144/54
f 216/145/55 19/144/54 18/146/56
f 217/147/57 18/146/56 17/148/58
f 218/149/59 17/148/58 16/150/60
f 219/151/61 16/150/60 15/152/62
f 220/153/63 15/152/62 14/154/64
f 221/155/65 14/154/64 13/156/66
f 222/157/67 13/156/66 12/158/68
f 223/159/69 12/158/68 11/160/70
f 224/161/71 11/160/70 10/162/72
f 225/163/73 10/162/72 9/164/74
f 226/165/75 9/164/74 8/166/76
f 227/167/77 8/166/76 7/168/78
f 228/169/79 7/168/78 6/170/80
f 229/171/81 6/170/80 5/172/82
f 230/173/83 5/172/82 4/174/84
f 231/175/85 4/174/84 3/176/86
f 232/177/87 3/176/86 2/178/88
f 233/179/89 2/178/88 1/180/90
f 234/181/91 1/180/90 90/182/92
f 235/183/93 90/182/92 89/184/94
f 236/185/95 89/184/94 88/186/96
f 237/187/97 88/186/96 87/188/98
f 238/189/99 87/188/98 86/190/100
f 239/191/101 86/190/100 85/192/102
f 240/193/103 85/192/102 84/194/104
f 241/195/105 84/194/104 83/196/106
f 242/197/107 83/196/106 82/198/108
f 243/199/109 82/198/108 81/200/110
f 244/201/111 81/200/110 80/202/112
f 245/203/113 80/202/112 79/204/114
f 246/205/115 79/204/114 78/206/116
f 247/207/117 78/206/116 77/208/118
f 248/209/119 77/208/118 76/210/120
f 249/211/121 76/210/120 75/212/122
f 250/213/123 75/212/122 74/214/124
f 251/215/125 74/214/124 73/216/126
f 252/217/127 73/216/126 72/218/128
f 253/219/129 72/218/128 71/220/130
f 254/221/131 71/220/130 70/222/132
f 255/223/133 70/222/132 69/224/134
f 256/225/135 69/224/134 68/226/136
f 257/227/137 68/226/136 67/228/138
f 258/229/139 67/228/138 66/230/140
f 259/231/141 66/230/140 65/232/142
f 260/233/143 65/232/142 64/234/144
f 261/235/145 64/234/144 63/236/146
f 262/237/147 63/236/146 62/238/148
f 263/239/149 62/238/148 61/240/150
f 264/241/151 61/240/150 60/242/152
f 265/243/153 60/242/152 59/244/154
f 266/245/155 59/244/154 58/246/156
f 267/247/157 58/246/156 57/248/158
f 268/249/159 57/248/158 56/250/160
f 269/251/161 56/250/160 55/252/162
f 270/253/163 55/252/162 54/254/164
f 271/255/165 54/254/164 53/256/166
f 272/257/167 53/256/166 52/258/168
f 273/259/169 52/258/168 51/260/170
f 274/261/171 51/260/170 50/262/172
f 275/263/173 50/262/172 49/264/174
f 276/265/175 49/264/174 48/266/176
f 277/267/177 48/266/176 47/268/178
f 278/269/179 47/268/178 46/270/180
f 279/271/181 46/270/180 45/93/3
f 280/272/182 190/92/2 191/95/5
f 281/273/183 191/95/5 192/97/7
f 282/274/184 192/97/7 193/99/9
f 283/275/185 193/99/9 194/101/11
f 284/276/186 194/101/11 195/103/13
f 285/277/187 195/103/13 196/105/15
f 286/278/188 196/105/15 197/107/17
f 287/279/189 197/107/17 198/109/19
f 288/280/190 198/109/19 199/111/21
f 289/281/191 199/111/21 200/113/23
f 290/282/192 200/113/23 201/115/25
f 291/283/193 201/115/25 202/117/27
f 292/284/194 202/117/27 203/119/29
f 293/285/195 203/119/29 204/121/31
f 294/286/196 204/121/31 205/123/33
f 295/287/197 205/123/33 206/125/35
f 296/288/198 206/125/35 207/127/37
f 297/289/199 207/127/37 208/129/39
f 298/290/200 208/129/39 209/131/41
f 299/291/201 209/131/41 210/133/43
f 300/292/202 210/133/43 211/135/45
f 301/293/203 211/135/45 212/137/47
f 302/294/204 212/137/47 213/139/49
f 303/295/205 213/139/49 214/141/51
f 304/296/206 214/141/51 215/143/53
f 305/297/207 215/143/53 216/145/55
f 306/298/208 216/145/55 217/147/57
f 307/299/209 217/147/57 218/149/59
f 308/300/210 218/149/59 219/151/61
f 309/301/211 219/151/61 220/153/63
f 310/302/212 220/153/63 221/155/65
f 311/303/213 221/155/65 222/157/67
f 312/304/214 222/157/67 223/159/69
f 313/305/215 223/159/69 224/161/71
f 314/306/216 224/161/71 225/163/73
f 315/307/217 225/163/73 226/165/75
f 316/308/218 226/165/75 227/167/77
f 317/309/219 227/167/77 228/169/79
f 318/310/220 228/169/79 229/171/81
f 319/311/221 229/171/81 230/173/83
f 320/312/222 230/173/83 231/175/85
f 321/313/223 231/175/85 232/177/87
f 322/314/224 232/177/87 233/179/89
f 323/315/225 233/179/89 234/181/91
f 324/316/226 234/181/91 235/183/93
f 325/317/227 235/183/93 236/185/95
f 326/318/228 236/185/95 237/187/97
f 327/319/229 237/187/97 238/189/99
f 328/320/230 238/189/99 239/191/101
f 329/321/231 239/191/101 240/193/103
f 330/322/232 240/193/103 241/195/105
f 331/323/233 241/195/105 242/197/107
f 332/324/234 242/197/107 243/199/109
f 333/325/235 243/199/109 244/201/111
f 334/326/236 244/201/111 245/203/113
f 335/327/237 245/203/113 246/205/115
f 336/328/238 246/205/115 247/207/117
f 337/329/239 247/207/117 248/209/119
f 338/330/240 248/209/119 249/211/121
f 339/331/241 249/211/121 250/213/123
f 340/332/242 250/213/123 251/215/125
f 341/333/243 251/215/125 252/217/127
f 342/334/244 252/217/127 253/219/129
f 343/335/245 253/219/129 254/221/131
f 344/336/246 254/221/131 255/223/133
f 345/337/247 255/223/133 256/225/135
f 346/338/248 256/225/135 257/227/137
f 347/339/249 257/227/137 258/229/139
f 348/340/250 258/229/139 259/231/141
f 349/341/251 259/231/141 260/233/143
f 350/342/252 260/233/143 261/235/145
f 351/343/253 261/235/145 262/237/147
f 352/344/254 262/237/147 263/239/149
f 353/345/255 263/239/149 264/241/151
f 354/346/256 264/241/151 265/243/153
f 355/347/257 265/243/153 266/245/155
f 356/348/258 266/245/155 267/247/157
f 357/349/259 267/247/157 268/249/159
f 358/350/260 268/249/159 269/251/161
f 359/351/261 269/251/161 270/253/163
f 360/352/262 270/253/163 271/255/165
f 361/353/263 271/255/165 272/257/167
f 362/354/264 272/257/167 273/259/169
f 363/355/265 273/259/169 274/261/171
f 364/356/266 274/261/171 275/263/173
f 365/357/267 275/263/173 276/265/175
f 366/358/268 276/265/175 277/267/177
f 367/359/269 277/267/177 278/269/179
f 368/360/270 278/269/179 279/271/181
f 369/361/271 279/271/181 190/92/2
f 370/362/272 280/272/182 281/273/183
f 371/363/273 281/273/183 282/274/184
f 372/364/274 282/274/184 283/275/185
f 373/365/275 283/275/185 284/276/186
f 374/366/276 284/276/186 285/277/187
f 375/367/277 285/277/187 286/278/188
f 376/368/278 286/278/188 287/279/189
f 377/369/279 287/279/189 288/280/190
f 378/370/280 288/280/190 289/281/191
f 379/371/281 289/281/191 290/282/192
f 380/372/282 290/282/192 291/283/193
f 381/373/283 291/283/193 292/284/194
f 382/374/284 292/284/194 293/285/195
f 383/375/285 293/285/195 294/286/196
f 384/376/286 294/286/196 295/287/197
f 385/377/287 295/287/197 296/288/198
f 386/378/288 296/288/198 297/289/199
f 387/379/289 297/289/199 298/290/200
f 388/380/290 298/290/200 299/291/201
f 389/381/291 299/291/201 300/292/202
f 390/382/292 300/292/202 301/293/203
f 391/383/293 301/293/203 302/294/204
f 392/384/294 302/294/204 303/295/205
f 393/385/295 303/295/205 304/296/206
f 394/386/296 304/296/206 305/297/207
f 395/387/297 305/297/207 306/298/208
f 396/388/298 306/298/208 307/299/209
f 397/389/299 307/299/209 308/300/210
f 398/390/300 308/300/210 309/301/211
f 399/391/301 309/301/211 310/302/212
f 400/392/302 310/302/212 311/303/213
f 401/393/303 311/303/213 312/304/214
f 402/394/304 312/304/214 313/305/215
f 403/395/305 313/305/215 314/306/216
f 404/396/306 314/306/216 315/307/217
f 405/397/307 315/307/217 316/308/218
f 406/398/308 316/308/218 317/309/219
f 407/399/309 317/309/219 318/310/220
f 408/400/310 318/310/220 319/311/221
f 409/401/311 319/311/221 320/312/222
f 410/402/312 320/312/222 321/313/223
f 411/403/313 321/313/223 322/314/224
f 412/404/314 322/314/224 323/315/225
f 413/405/315 323/315/225 324/316/226
f 414/406/316 324/316/226 325/317/227
f 415/407/317 325/317/227 326/318/228
f 416/408/318 326/318/228 327/319/229
f 417/409/319 327/319/229 328/320/230
f 418/410/320 328/320/230 329/321/231
f 419/411/321 329/321/231 330/322/232
f 420/412/322 330/322/232 331/323/233
f 421/413/323 331/323/233 332/324/234
f 422/414/324 332/324/234 333/325/235
f 423/415/325 333/325/235 334/326/236
f 424/416/326 334/326/236 335/327/237
f 425/417/327 335/327/237 336/328/238
f 426/418/328 336/328/238 337/329/239
f 427/419/329 337/329/239 338/330/240
f 428/420/330 338/330/240 339/331/241
f 429/421/331 339/331/241 340/332/242
f 430/422/332 340/332/242 341/333/243
f 431/423/333 341/333/243 342/334/244
f 432/424/334 342/334/244 343/335/245
f 433/425/335 343/335/245 344/336/246
f 434/426/336 344/336/246 345/337/247
f 435/427/337 345/337/247 346/338/248
f 436/428/338 346/338/248 347/339/249
f 437/429/339 347/339/249 348/340/250
f 438/430/340 348/340/250 349/341/251
f 439/431/341 349/341/251 350/342/252
f 440/432/342 350/342/252 351/343/253
f 441/433/343 351/343/253 352/344/254
f 442/434/344 352/344/254 353/345/255
f 443/435/345 353/345/255 354/346/256
f 444/436/346 354/346/256 355/347/257
f 445/437/347 355/347/257 356/348/258
f 446/438/348 356/348/258 357/349/259
f 447/439/349 357/349/259 358/350/260
f 448/440/350 358/350/260 359/351/261
f 449/441/351 359/351/261 360/352/262
f 450/442/352 360/352/262 361/353/263
f 451/443/353 361/353/263 362/354/264
f 452/444/354 362/354/264 363/355/265
f 453/445/355 363/355/265 364/356/266
f 454/446/356 364/356/266 365/357/267
f 455/447/357 365/357/267 366/358/268
f 456/448/358 366/358/268 367/359/269
f 457/449/359 367/359/269 368/360/270
f 458/450/360 368/360/270 369/361/271
f 459/451/361 369/361/271 280/272/182
f 460/452/362 370/362/272 371/363/273
f 461/453/363 371/363/273 372/364/274
f 462/454/364 372/364/274 373/365/275
f 463/455/365 373/365/275 374/366/276
f 464/456/366 374/366/276 375/367/277
f 465/457/367 375/367/277 376/368/278
f 466/458/368 376/368/278 377/369/279
f 467/459/369 377/369/279 378/370/280
f 468/460/370 378/370/280 379/371/281
f 469/461/371 379/371/281 380/372/282
f 470/462/372 380/372/282 381/373/283
f 471/463/373 381/373/283 382/374/284
f 472/464/374 382/374/284 383/375/285
f 473/465/375 383/375/285 384/376/286
f 474/466/376 384/376/286 385/377/287
f 475/467/377 385/377/287 386/378/288
f 476/468/378 386/378/288 387/379/289
f 477/469/379 387/379/289 388/380/290
f 478/470/380 388/380/290 389/381/291
f 479/471/381 389/381/291 390/382/292
f 480/472/382 390/382/292 391/383/293
f 481/473/383 391/383/293 392/384/294
f 482/474/384 392/384/294 393/385/295
f 483/475/385 393/385/295 394/386/296
f 484/476/386 394/386/296 395/387/297
f 485/477/387 395/387/297 396/388/298
f 486/478/388 396/388/298 397/389/299
f 487/479/389 397/389/299 398/390/300
f 488/480/390 398/390/300 399/391/301
f 489/481/391 399/391/301 400/392/302
f 490/482/392 400/392/302 401/393/303
f 491/483/393 401/393/303 402/394/304
f 492/484/394 402/394/304 403/395/305
f 493/485/395 403/395/305 404/396/306
f 494/486/396 404/396/306 405/397/307
f 495/487/397 405/397/307 406/398/308
f 496/488/398 406/398/308 407/399/309
f 497/489/399 407/399/309 408/400/310
f 498/490/400 408/400/310 409/401/311
f 499/491/401 409/401/311 410/402/312
f 500/492/402 410/402/312 411/403/313
f 501/493/403 411/403/313 412/404/314
f 502/494/404 412/404/314 413/405/315
f 503/495/405 413/405/315 414/406/316
f 504/496/406 414/406/316 415/407/317
f 505/497/407 415/407/317 416/408/318
f 506/498/408 416/408/318 417/409/319
f 507/499/409 417/409/319 418/410/320
f 508/500/410 418/410/320 419/411/321
f 509/501/411 419/411/321 420/412/322
f 510/502/412 420/412/322 421/413/323
f 511/503/413 421/413/323 422/414/324
f 512/504/414 422/414/324 423/415/325
f 513/505/415 423/415/325 424/416/326
f 514/506/416 424/416/326 425/417/327
f 515/507/417 425/417/327 426/418/328
f 516/508/418 426/418/328 427/419/329
f 517/509/419 427/419/329 428/420/330
f 518/510/420 428/420/330 429/421/331
f 519/511/421 429/421/331 430/422/332
f 520/512/422 430/422/332 431/423/333
f 521/513/423 431/423/333 432/424/334
f 522/514/424 432/424/334 433/425/335
f 523/515/425 433/425/335 434/426/336
f 524/516/426 434/426/336 435/427/337
f 525/517/427 435/427/337 436/428/338
f 526/518/428 436/428/338 437/429/339
f 527/519/429 437/429/339 438/430/340
f 528/520/430 438/430/340 439/431/341
f 529/521/431 439/431/341 440/432/342
f 530/522/432 440/432/342 441/433/343
f 531/523/433 441/433/343 442/434/344
f 532/524/434 442/434/344 443/435/345
f 533/525/435 443/435/345 444/436/346
f 534/526/436 444/436/346 445/437/347
f 535/527/437 445/437/347 446/438/348
f 536/528/438 446/438/348 447/439/349
f 537/529/439 447/439/349 448/440/350
f 538/530/440 448/440/350 449/441/351
f 539/531/441 449/441/351 450/442/352
f 540/532/442 450/442/352 451/443/353
f 541/533/443 451/443/353 452/444/354
f 542/534/444 452/444/354 453/445/355
f 543/535/445 453/445/355 454/446/356
f 544/536/446 454/446/356 455/447/357
f 545/537/447 455/447/357 456/448/358
f 546/538/448 456/448/358 457/449/359
f 547/539/449 457/449/359 458/450/360
f 548/540/450 458/450/360 459/451/361
f 549/541/451 459/451/361 370/362/272
f 550/542/452 460/452/362 461/453/363
f 551/543/453 461/453/363 462/454/364
f 552/544/454 462/454/364 463/455/365
f 553/545/455 463/455/365 464/456/366
f 554/546/456 464/456/366 465/457/367
f 555/547/457 465/457/367 466/458/368
f 556/548/458 466/458/368 467/459/369
f 557/549/459 467/459/369 468/460/370
f 558/550/460 468/460/370 469/461/371
f 559/551/461 469/461/371 470/462/372
f 560/552/462 470/462/372 471/463/373
f 561/553/463 471/463/373 472/464/374
f 562/554/464 472/464/374 473/465/375
f 563/555/465 473/465/375 474/466/376
f 564/556/466 474/466/376 475/467/377
f 565/557/467 475/467/377 476/468/378
f 566/558/468 476/468/378 477/469/379
f 567/559/469 477/469/379 478/470/380
f 568/560/470 478/470/380 479/471/381
f 569/561/471 479/471/381 480/472/382
f 570/562/472 480/472/382 481/473/383
f 571/563/473 481/473/383 482/474/384
f 572/564/474 482/474/384 483/475/385
f 573/565/475 483/475/385 484/476/386
f 574/566/476 484/476/386 485/477/387
f 575/567/477 485/477/387 486/478/388
f 576/568/478 486/478/388 487/479/389
f 577/569/479 487/479/389 488/480/390
f 578/570/480 488/480/390 489/481/391
f 579/571/481 489/481/391 490/482/392
f 580/572/482 490/482/392 491/483/393
f 581/573/483 491/483/393 492/484/394
f 582/574/484 492/484/394 493/485/395
f 583/575/485 493/485/395 494/486/396
f 584/576/486 494/486/396 495/487/397
f 585/577/487 495/487/397 496/488/398
f 586/578/488 496/488/398 497/489/399
f 587/579/489 497/489/399 498/490/400
f 588/580/490 498/490/400 499/491/401
f 589/581/491 499/491/401 500/492/402
f 590/582/492 500/492/402 501/493/403
f 591/583/493 501/493/403 502/494/404
f 592/584/494 502/494/404 503/495/405
f 593/585/495 503/495/405 504/496/406
f 594/586/496 504/496/406 505/497/407
f 595/587/497 505/497/407 506/498/408
f 596/588/498 506/498/408 507/499/409
f 597/589/499 507/499/409 508/500/410
f 598/590/500 508/500/410 509/501/411
f 599/591/501 509/501/411 510/502/412
f 600/592/502 510/502/412 511/503/413
f 601/593/503 511/503/413 512/504/414
f 602/594/504 512/504/414 513/505/415
f 603/595/505 513/505/415 514/506/416
f 604/596/506 514/506/416 515/507/417
f 605/597/507 515/507/417 516/508/418
f 606/598/508 516/508/418 517/509/419
f 607/599/509 517/509/419 518/510/420
f 608/600/510 518/510/420 519/511/421
f 609/601/511 519/511/421 520/512/422
f 610/602/512 520/512/422 521/513/423
f 611/603/513 521/513/423 522/514/424
f 612/604/514 522/514/424 523/515/425
f 613/605/515 523/515/425 524/516/426
f 614/606/516 524/516/426 525/517/427
f 615/607/517 525/517/427 526/518/428
f 616/608/518 526/518/428 527/519/429
f 617/609/519 527/519/429 528/520/430
f 618/610/520 528/520/430 529/521/431
f 619/611/521 529/521/431 530/522/432
f 620/612/522 530/522/432 531/523/433
f 621/613/523 531/523/433 532/524/434
f 622/614/524 532/524/434 533/525/435
f 623/615/525 533/525/435 534/526/436
f 624/616/526 534/526/436 535/527/437
f 625/617/527 535/527/437 536/528/438
f 626/618/528 536/528/438 537/529/439
f 627/619/529 537/529/439 538/530/440
f 628/620/530 538/530/440 539/531/441
f 629/621/531 539/531/441 540/532/442
f 630/622/532 540/532/442 541/533/443
f 631/623/533 541/533/443 542/534/444
f 632/624/534 542/534/444 543/535/445
f 633/625/535 543/535/445 544/536/446
f 634/626/536 544/536/446 545/537/447
f 635/627/537 545/537/447 546/538/448
f 636/628/538 546/538/448 547/539/449
f 637/629/539 547/539/449 548/540/450
f 638/630/540 548/540/450 549/541/451
f 639/631/541 549/541/451 460/452/362
f 640/632/542 550/542/452 551/543/453
f 641/633/543 551/543/453 552/544/454
f 642/634/544 552/544/454 553/545/455
f 643/635/545 553/545/455 554/546/456
f 644/636/546 554/546/456 555/547/457
f 645/637/547 555/547/457 556/548/458
f 646/638/548 556/548/458 557/549/459
f 647/639/549 557/549/459 558/550/460
f 648/640/550 558/550/460 559/551/461
f 649/641/551 559/551/461 560/552/462
f 650/642/552 560/552/462 561/553/463
f 651/643/553 561/553/463 562/554/464
f 652/644/554 562/554/464 563/555/465
f 653/645/555 563/555/465 564/556/466
f 654/646/556 564/556/466 565/557/467
f 655/647/557 565/557/467 566/558/468
f 656/648/558 566/558/468 567/559/469
f 657/649/559 567/559/469 568/560/470
f 658/650/560 568/560/470 569/561/471
f 659/651/561 569/561/471 570/562/472
f 660/652/562 570/562/472 571/563/473
f 661/653/563 571/563/473 572/564/474
f 662/654/564 572/564/474 573/565/475
f 663/655/565 573/565/475 574/566/476
f 664/656/566 574/566/476 575/567/477
f 665/657/567 575/567/477 576/568/478
f 666/658/568 576/568/478 577/569/479
f 667/659/569 577/569/479 578/570/480
f 668/660/570 578/570/480 579/571/481
f 669/661/571 579/571/481 580/572/482
f 670/662/572 580/572/482 581/573/483
f 671/663/573 581/573/483 582/574/484
f 672/664/574 582/574/484 583/575/485
f 673/665/575 583/575/485 584/576/486
f 674/666/576 584/576/486 585/577/487
f 675/667/577 585/577/487 586/578/488
f 676/668/578 586/578/488 587/579/489
f 677/669/579 587/579/489 588/580/490
f 678/670/580 588/580/490 589/581/491
f 679/671/581 589/581/491 590/582/492
f 680/672/582 590/582/492 591/583/493
f 681/673/583 591/583/493 592/584/494
f 682/674/584 592/584/494 593/585/495
f 683/675/585 593/585/495 594/586/496
f 684/676/586 594/586/496 595/587/497
f 685/677/587 595/587/497 596/588/498
f 686/678/588 596/588/498 597/589/499
f 687/679/589 597/589/499 598/590/500
f 688/680/590 598/590/500 599/591/501
f 689/681/591 599/591/501 600/592/502
f 690/682/592 600/592/502 601/593/503
f 691/683/593 601/593/503 602/594/504
f 692/684/594 602/594/504 603/595/505
f 693/685/595 603/595/505 604/596/506
f 694/686/596 604/596/506 605/597/507
f 695/687/597 605/597/507 606/598/508
f 696/688/598 606/598/508 607/599/509
f 697/689/599 607/599/509 608/600/510
f 698/690/600 608/600/510 609/601/511
f 699/691/601 609/601/511 610/602/512
f 700/692/602 610/602/512 611/603/513
f 701/693/603 611/603/513 612/604/514
f 702/694/604 612/604/514 613/605/515
f 703/695/605 613/605/515 614/606/516
f 704/696/606 614/606/516 615/607/517
f 705/697/607 615/607/517 616/608/518
f 706/698/608 616/608/518 617/609/519
f 707/699/609 617/609/519 618/610/520
f 708/700/610 618/610/520 619/611/521
f 709/701/611 619/611/521 620/612/522
f 710/702/612 620/612/522 621/613/523
f 711/703/613 621/613/523 622/614/524
f 712/704/614 622/614/524 623/615/525
f 713/705/615 623/615/525 624/616/526
f 714/706/616 624/616/526 625/617/527
f 715/707/617 625/617/527 626/618/528
f 716/708/618 626/618/528 627/619/529
f 717/709/619 627/619/529 628/620/530
f 718/710/620 628/620/530 629/621/531
f 719/711/621 629/621/531 630/622/532
f 720/712/622 630/622/532 631/623/533
f 721/713/623 631/623/533 632/624/534
f 722/714/624 632/624/534 633/625/535
f 723/715/625 633/625/535 634/626/536
f 724/716/626 634/626/536 635/627/537
f 725/717/627 635/627/537 636/628/538
f 726/718/628 636/628/538 637/629/539
f 727/719/629 637/629/539 638/630/540
f 728/720/630 638/630/540 639/631/541
f 729/721/631 639/631/541 550/542/452
f 730/722/632 640/632/542 641/633/543
f 731/723/633 641/633/543 642/634/544
f 732/724/634 642/634/544 643/635/545
f 733/725/635 643/635/545 644/636/546
f 734/726/636 644/636/546 645/637/547
f 735/727/637 645/637/547 646/638/548
f 736/728/638 646/638/548 647/639/549
f 737/729/639 647/639/549 648/640/550
f 738/730/640 648/640/550 649/641/551
f 739/731/641 649/641/551 650/642/552
f 740/732/642 650/642/552 651/643/553
f 741/733/643 651/643/553 652/644/554
f 742/734/644 652/644/554 653/645/555
f 743/735/645 653/645/555 654/646/556
f 744/736/646 654/646/556 655/647/557
f 745/737/647 655/647/557 656/648/558
f 746/738/648 656/648/558 657/649/559
f 747/739/649 657/649/559 658/650/560
f 748/740/650 658/650/560 659/651/561
f 749/741/651 659/651/561 660/652/562
f 750/742/652 660/652/562 661/653/563
f 751/743/653 661/653/563 662/654/564
f 752/744/654 662/654/564 663/655/565
f 753/745/655 663/655/565 664/656/566
f 754/746/656 664/656/566 665/657/567
f 755/747/657 665/657/567 666/658/568
f 756/748/658 666/658/568 667/659/569
f 757/749/659 667/659/569 668/660/570
f 758/750/660 668/660/570 669/661/571
f 759/751/661 669/661/571 670/662/572
f 760/752/662 670/662/572 671/663/573
f 761/753/663 671/663/573 672/664/574
f 762/754/664 672/664/574 673/665/575
f 763/755/665 673/665/575 674/666/576
f 764/756/666 674/666/576 675/667/577
f 765/757/667 675/667/577 676/668/578
f 766/758/668 676/668/578 677/669/579
f 767/759/669 677/669/579 678/670/580
f 768/760/670 678/670/580 679/671/581
f 769/761/671 679/671/581 680/672/582
f 770/762/672 680/672/582 681/673/583
f 771/763/673 681/673/583 682/674/584
f 772/764/674 682/674/584 683/675/585
f 773/765/675 683/675/585 684/676/586
f 774/766/676 684/676/586 685/677/587
f 775/767/677 685/677/587 686/678/588
f 776/768/678 686/678/588 687/679/589
f 777/769/679 687/679/589 688/680/590
f 778/770/680 688/680/590 689/681/591
f 779/771/681 689/681/591 690/682/592
f 780/772/682 690/682/592 691/683/593
f 781/773/683 691/683/593 692/684/594
f 782/774/684 692/684/594 693/685/595
f 783/775/685 693/685/595 694/686/596
f 784/776/686 694/686/596 695/687/597
f 785/777/687 695/687/597 696/688/598
f 786/778/688 696/688/598 697/689/599
f 787/779/689 697/689/599 698/690/600
f 788/780/690 698/690/600 699/691/601
f 789/781/691 699/691/601 700/692/602
f 790/782/692 700/692/602 701/693/603
f 791/783/693 701/693/603 702/694/604
f 792/784/694 702/694/604 703/695/605
f 793/785/695 703/695/605 704/696/606
f 794/786/696 704/696/606 705/697/607
f 795/787/697 705/697/607 706/698/608
f 796/788/698 706/698/608 707/699/609
f 797/789/699 707/699/609 708/700/610
f 798/790/700 708/700/610 709/701/611
f 799/791/701 709/701/611 710/702/612
f 800/792/702 710/702/612 711/703/613
f 801/793/703 711/703/613 712/704/614
f 802/794/704 712/704/614 713/705/615
f 803/795/705 713/705/615 714/706/616
f 804/796/706 714/706/616 715/707/617
f 805/797/707 715/707/617 716/708/618
f 806/798/708 716/708/618 717/709/619
f 807/799/709 717/709/619 718/710/620
f 808/800/710 718/710/620 719/711/621
f 809/801/711 719/711/621 720/712/622
f 810/802/712 720/712/622 721/713/623
f 811/803/713 721/713/623 722/714/624
f 812/804/714 722/714/624 723/715/625
f 813/805/715 723/715/625 724/716/626
f 814/806/716 724/716/626 725/717/627
f 815/807/717 725/717/627 726/718/628
f 816/808/718 726/718/628 727/719/629
f 817/809/719 727/719/629 728/720/630
f 818/810/720 728/720/630 729/721/631
f 819/811/721 729/721/631 640/632/542
f 820/812/722 730/722/632 731/723/633
f 821/813/723 731/723/633 732/724/634
f 822/814/724 732/724/634 733/725/635
f 823/815/725 733/725/635 734/726/636
f 824/816/726 734/726/636 735/727/637
f 825/817/727 735/727/637 736/728/638
f 826/818/728 736/728/638 737/729/639
f 827/819/729 737/729/639 738/730/640
f 828/820/730 738/730/640 739/731/641
f 829/821/731 739/731/641 740/732/642
f 830/822/732 740/732/642 741/733/643
f 831/823/733 741/733/643 742/734/644
f 832/824/734 742/734/644 743/735/645
f 833/825/735 743/735/645 744/736/646
f 834/826/736 744/736/646 745/737/647
f 835/827/737 745/737/647 746/738/648
f 836/828/738 746/738/648 747/739/649
f 837/829/739 747/739/649 748/740/650
f 838/830/740 748/740/650 749/741/651
f 839/831/741 749/741/651 750/742/652
f 840/832/742 750/742/652 751/743/653
f 841/833/743 751/743/653 752/744/654
f 842/834/744 752/744/654 753/745/655
f 843/835/745 753/745/655 754/746/656
f 844/836/746 754/746/656 755/747/657
f 845/837/747 755/747/657 756/748/658
f 846/838/748 756/748/658 757/749/659
f 847/839/749 757/749/659 758/750/660
f 848/840/750 758/750/660 759/751/661
f 849/841/751 759/751/661 760/752/662
f 850/842/752 760/752/662 761/753/663
f 851/843/753 761/753/663 762/754/664
f 852/844/754 762/754/664 763/755/665
f 853/845/755 763/755/665 764/756/666
f 854/846/756 764/756/666 765/757/667
f 855/847/757 765/757/667 766/758/668
f 856/848/758 766/758/668 767/759/669
f 857/849/759 767/759/669 768/760/670
f 858/850/760 768/760/670 769/761/671
f 859/851/761 769/761/671 770/762/672
f 860/852/762 770/762/672 771/763/673
f 861/853/763 771/763/673 772/764/674
f 862/854/764 772/764/674 773/765/675
f 863/855/765 773/765/675 774/766/676
f 864/856/766 774/766/676 775/767/677
f 865/857/767 775/767/677 776/768/678
f 866/858/768 776/768/678 777/769/679
f 867/859/769 777/769/679 778/770/680
f 868/860/770 778/770/680 779/771/681
f 869/861/771 779/771/681 780/772/682
f 870/862/772 780/772/682 781/773/683
f 871/863/773 781/773/683 782/774/684
f 872/864/774 782/774/684 783/775/685
f 873/865/775 783/775/685 784/776/686
f 874/866/776 784/776/686 785/777/687
f 875/867/777 785/777/687 786/778/688
f 876/868/778 786/778/688 787/779/689
f 877/869/779 787/779/689 788/780/690
f 878/870/780 788/780/690 789/781/691
f 879/871/781 789/781/691 790/782/692
f 880/872/782 790/782/692 791/783/693
f 881/873/783 791/783/693 792/784/694
f 882/874/784 792/784/694 793/785/695
f 883/875/785 793/785/695 794/786/696
f 884/876/786 794/786/696 795/787/697
f 885/877/787 795/787/697 796/788/698
f 886/878/788 796/788/698 797/789/699
f 887/879/789 797/789/699 798/790/700
f 888/880/790 798/790/700 799/791/701
f 889/881/791 799/791/701 800/792/702
f 890/882/792 800/792/702 801/793/703
f 891/883/793 801/793/703 802/794/704
f 892/884/794 802/794/704 803/795/705
f 893/885/795 803/795/705 804/796/706
f 894/886/796 804/796/706 805/797/707
f 895/887/797 805/797/707 806/798/708
f 896/888/798 806/798/708 807/799/709
f 897/889/799 807/799/709 808/800/710
f 898/890/800 808/800/710 809/801/711
f 899/891/801 809/801/711 810/802/712
f 900/892/802 810/802/712 811/803/713
f 901/893/803 811/803/713 812/804/714
f 902/894/804 812/804/714 813/805/715
f 903/895/805 813/805/715 814/806/716
f 904/896/806 814/806/716 815/807/717
f 905/897/807 815/807/717 816/808/718
f 906/898/808 816/808/718 817/809/719
f 907/899/809 817/809/719 818/810/720
f 908/900/810 818/810/720 819/811/721
f 909/901/811 819/811/721 730/722/632
f 910/902/812 820/812/722 821/813/723
f 911/903/813 821/813/723 822/814/724
f 912/904/814 822/814/724 823/815/725
f 913/905/815 823/815/725 824/816/726
f 914/906/816 824/816/726 825/817/727
f 915/907/817 825/817/727 826/818/728
f 916/908/818 826/818/728 827/819/729
f 917/909/819 827/819/729 828/820/730
f 918/910/820 828/820/730 829/821/731
f 919/911/821 829/821/731 830/822/732
f 920/912/822 830/822/732 831/823/733
f 921/913/823 831/823/733 832/824/734
f 922/914/824 832/824/734 833/825/735
f 923/915/825 833/825/735 834/826/736
f 924/916/826 834/826/736 835/827/737
f 925/917/827 835/827/737 836/828/738
f 926/918/828 836/828/738 837/829/739
f 927/919/829 837/829/739 838/830/740
f 928/920/830 838/830/740 839/831/741
f 929/921/831 839/831/741 840/832/742
f 930/922/832 840/832/742 841/833/743
f 931/923/833 841/833/743 842/834/744
f 932/924/834 842/834/744 843/835/745
f 933/925/835 843/835/745 844/836/746
f 934/926/836 844/836/746 845/837/747
f 935/927/837 845/837/747 846/838/748
f 936/928/838 846/838/748 847/839/749
f 937/929/839 847/839/749 848/840/750
f 938/930/840 848/840/750 849/841/751
f 939/931/841 849/841/751 850/842/752
f 940/932/842 850/842/752 851/843/753
f 941/933/843 851/843/753 852/844/754
f 942/934/844 852/844/754 853/845/755
f 943/935/845 853/845/755 854/846/756
f 944/936/846 854/846/756 855/847/757
f 945/937/847 855/847/757 856/848/758
f 946/938/848 856/848/758 857/849/759
f 947/939/849 857/849/759 858/850/760
f 948/940/850 858/850/760 859/851/761
f 949/941/851 859/851/761 860/852/762
f 950/942/852 860/852/762 861/853/763
f 951/943/853 861/853/763 862/854/764
f 952/944/854 862/854/764 863/855/765
f 953/945/855 863/855/765 864/856/766
f 954/946/856 864/856/766 865/857/767
f 955/947/857 865/857/767 866/858/768
f 956/948/858 866/858/768 867/859/769
f 957/949/859 867/859/769 868/860/770
f 958/950/860 868/860/770 869/861/771
f 959/951/861 869/861/771 870/862/772
f 960/952/862 870/862/772 871/863/773
f 961/953/863 871/863/773 872/864/774
f 962/954/864 872/864/774 873/865/775
f 963/955/865 873/865/775 874/866/776
f 964/956/866 874/866/776 875/867/777
f 965/957/867 875/867/777 876/868/778
f 966/958/868 876/868/778 877/869/779
f 967/959/869 877/869/779 878/870/780
f 968/960/870 878/870/780 879/871/781
f 969/961/871 879/871/781 880/872/782
f 970/962/872 880/872/782 881/873/783
f 971/963/873 881/873/783 882/874/784
f 972/964/874 882/874/784 883/875/785
f 973/965/875 883/875/785 884/876/786
f 974/966/876 884/876/786 885/877/787
f 975/967/877 885/877/787 886/878/788
f 976/968/878 886/878/788 887/879/789
f 977/969/879 887/879/789 888/880/790
f 978/970/880 888/880/790 889/881/791
f 979/971/881 889/881/791 890/882/792
f 980/972/882 890/882/792 891/883/793
f 981/973/883 891/883/793 892/884/794
f 982/974/884 892/884/794 893/885/795
f 983/975/885 893/885/795 894/886/796
f 984/976/886 894/886/796 895/887/797
f 985/977/887 895/887/797 896/888/798
f 986/978/888 896/888/798 897/889/799
f 987/979/889 897/889/799 898/890/800
f 988/980/890 898/890/800 899/891/801
f 989/981/891 899/891/801 900/892/802
f 990/982/892 900/892/802 901/893/803
f 991/983/893 901/893/803 902/894/804
f 992/984/894 902/894/804 903/895/805
f 993/985/895 903/895/805 904/896/806
f 994/986/896 904/896/806 905/897/807
f 995/987/897 905/897/807 906/898/808
f 996/988/898 906/898/808 907/899/809
f 997/989/899 907/899/809 908/900/810
f 998/990/900 908/900/810 909/901/811
f 999/991/901 909/901/811 820/812/722
f 1000/992/902 910/902/812 911/903/813
f 1001/993/903 911/903/813 912/904/814
f 1002/994/904 912/904/814 913/905/815
f 1003/995/905 913/905/815 914/906/816
f 1004/996/906 914/906/816 915/907/817
f 1005/997/907 915/907/817 916/908/818
f 1006/998/908 916/908/818 917/909/819
f 1007/999/909 917/909/819 918/910/820
f 1008/1000/910 918/910/820 919/911/821
f 1009/1001/911 919/911/821 920/912/822
f 1010/1002/912 920/912/822 921/913/823
f 1011/1003/913 921/913/823 922/914/824
f 1012/1004/914 922/914/824 923/915/825
f 1013/1005/915 923/915/825 924/916/826
f 1014/1006/916 924/916/826 925/917/827
f 1015/1007/917 925/917/827 926/918/828
f 1016/1008/918 926/918/828 927/919/829
f 1017/1009/919 927/919/829 928/920/830
f 1018/1010/920 928/920/830 929/921/831
f 1019/1011/921 929/921/831 930/922/832
f 1020/1012/922 930/922/832 931/923/833
f 1021/1013/923 931/923/833 932/924/834
f 1022/1014/924 932/924/834 933/925/835
f 1023/1015/925 933/925/835 934/926/836
f 1024/1016/926 934/926/836 935/927/837
f 1025/1017/927 935/927/837 936/928/838
f 1026/1018/928 936/928/838 937/929/839
f 1027/1019/929 937/929/839 938/930/840
f 1028/1020/930 938/930/840 939/931/841
f 1029/1021/931 939/931/841 940/932/842
f 1030/1022/932 940/932/842 941/933/843
f 1031/1023/933 941/933/843 942/934/844
f 1032/1024/934 942/934/844 943/935/845
f 1033/1025/935 943/935/845 944/936/846
f 1034/1026/936 944/936/846 945/937/847
f 1035/1027/937 945/937/847 946/938/848
f 1036/1028/938 946/938/848 947/939/849
f 1037/1029/939 947/939/849 948/940/850
f 1038/1030/940 948/940/850 949/941/851
f 1039/1031/941 949/941/851 950/942/852
f 1040/1032/942 950/942/852 951/943/853
f 1041/1033/943 951/943/853 952/944/854
f 1042/1034/944 952/944/854 953/945/855
f 1043/1035/945 953/945/855 954/946/856
f 1044/1036/946 954/946/856 955/947/857
f 1045/1037/947 955/947/857 956/948/858
f 1046/1038/948 956/948/858 957/949/859
f 1047/1039/949 957/949/859 958/950/860
f 1048/1040/950 958/950/860 959/951/861
f 1049/1041/951 959/951/861 960/952/862
f 1050/1042/952 960/952/862 961/953/863
f 1051/1043/953 961/953/863 962/954/864
f 1052/1044/954 962/954/864 963/955/865
f 1053/1045/955 963/955/865 964/956/866
f 1054/1046/956 964/956/866 965/957/867
f 1055/1047/957 965/957/867 966/958/868
f 1056/1048/958 966/958/868 967/959/869
f 1057/1049/959 967/959/869 968/960/870
f 1058/1050/960 968/960/870 969/961/871
f 1059/1051/961 969/961/871 970/962/872
f 1060/1052/962 970/962/872 971/963/873
f 1061/1053/963 971/963/873 972/964/874
f 1062/1054/964 972/964/874 973/965/875
f 1063/1055/965 973/965/875 974/966/876
f 1064/1056/966 974/966/876 975/967/877
f 1065/1057/967 975/967/877 976/968/878
f 1066/1058/968 976/968/878 977/969/879
f 1067/1059/969 977/969/879 978/970/880
f 1068/1060/970 978/970/880 979/971/881
f 1069/1061/971 979/971/881 980/972/882
f 1070/1062/972 980/972/882 981/973/883
f 1071/1063/973 981/973/883 982/974/884
f 1072/1064/974 982/974/884 983/975/885
f 1073/1065/975 983/975/885 984/976/886
f 1074/1066/976 984/976/886 985/977/887
f 1075/1067/977 985/977/887 986/978/888
f 1076/1068/978 986/978/888 987/979/889
f 1077/1069/979 987/979/889 988/980/890
f 1078/1070/980 988/980/890 989/981/891
f 1079/1071/981 989/981/891 990/982/892
f 1080/1072/982 990/982/892 991/983/893
f 1081/1073/983 991/983/893 992/984/894
f 1082/1074/984 992/984/894 993/985/895
f 1083/1075/985 993/985/895 994/986/896
f 1084/1076/986 994/986/896 995/987/897
f 1085/1077/987 995/987/897 996/988/898
f 1086/1078/988 996/988/898 997/989/899
f 1087/1079/989 997/989/899 998/990/900
f 1088/1080/990 998/990/900 999/991/901
f 1089/1081/991 999/991/901 910/902/812
f 1090/1082/992 1000/992/902 1001/993/903
f 1091/1083/993 1001/993/903 1002/994/904
f 1092/1084/994 1002/994/904 1003/995/905
f 1093/1085/995 1003/995/905 1004/996/906
f 1094/1086/996 1004/996/906 1005/997/907
f 1095/1087/997 1005/997/907 1006/998/908
f 1096/1088/998 1006/998/908 1007/999/909
f 1097/1089/999 1007/999/909 1008/1000/910
f 1098/1090/1000 1008/1000/910 1009/1001/911
f 1099/1091/1001 1009/1001/911 1010/1002/912
f 1100/1092/1002 1010/1002/912 1011/1003/913
f 1101/1093/1003 1011/1003/913 1012/1004/914
f 1102/1094/1004 1012/1004/914 1013/1005/915
f 1103/1095/1005 1013/1005/915 1014/1006/916
f 1104/1096/1006 1014/1006/916 1015/1007/917
f 1105/1097/1007 1015/1007/917 1016/1008/918
f 1106/1098/1008 1016/1008/918 1017/1009/919
f 1107/1099/1009 1017/1009/919 1018/1010/920
f 1108/1100/1010 1018/1010/920 1019/1011/921
f 1109/1101/1011 1019/1011/921 1020/1012/922
f 1110/1102/1012 1020/1012/922 1021/1013/923
f 1111/1103/1013 1021/1013/923 1022/1014/924
f 1112/1104/1014 1022/1014/924 1023/1015/925
f 1113/1105/1015 1023/1015/925 1024/1016/926
f 1114/1106/1016 1024/1016/926 1025/1017/927
f 1115/1107/1017 1025/1017/927 1026/1018/928
f 1116/1108/1018 1026/1018/928 1027/1019/929
f 1117/1109/1019 1027/1019/929 1028/1020/930
f 1118/1110/1020 1028/1020/930 1029/1021/931
f 1119/1111/1021 1029/1021/931 1030/1022/932
f 1120/1112/1022 1030/1022/932 1031/1023/933
f 1121/1113/1023 1031/1023/933 1032/1024/934
f 1122/1114/1024 1032/1024/934 1033/1025/935
f 1123/1115/1025 1033/1025/935 1034/1026/936
f 1124/1116/1026 1034/1026/936 1035/1027/937
f 1125/1117/1027 1035/1027/937 1036/1028/938
f 1126/1118/1028 1036/1028/938 1037/1029/939
f 1127/1119/1029 1037/1029/939 1038/1030/940
f 1128/1120/1030 1038/1030/940 1039/1031/941
f 1129/1121/1031 1039/1031/941 1040/1032/942
f 1130/1122/1032 1040/1032/942 1041/1033/943
f 1131/1123/1033 1041/1033/943 1042/1034/944
f 1132/1124/1034 1042/1034/944 1043/1035/945
f 1133/1125/1035 1043/1035/945 1044/1036/946
f 1134/1126/1036 1044/1036/946 1045/1037/947
f 1135/1127/1037 1045/1037/947 1046/1038/948
f 1136/1128/1038 1046/1038/948 1047/1039/949
f 1137/1129/1039 1047/1039/949 1048/1040/950
f 1138/1130/1040 1048/1040/950 1049/1041/951
f 1139/1131/1041 1049/1041/951 1050/1042/952
f 1140/1132/1042 1050/1042/952 1051/1043/953
f 1141/1133/1043 1051/1043/953 1052/1044/954
f 1142/1134/1044 1052/1044/954 1053/1045/955
f 1143/1135/1045 1053/1045/955 1054/1046/956
f 1144/1136/1046 1054/1046/956 1055/1047/957
f 1145/1137/1047 1055/1047/957 1056/1048/958
f 1146/1138/1048 1056/1048/958 1057/1049/959
f 1147/1139/1049 1057/1049/959 1058/1050/960
f 1148/1140/1050 1058/1050/960 1059/1051/961
f 1149/1141/1051 1059/1051/961 1060/1052/962
f 1150/1142/1052 1060/1052/962 1061/1053/963
f 1151/1143/1053 1061/1053/963 1062/1054/964
f 1152/1144/1054 1062/1054/964 1063/1055/965
f 1153/1145/1055 1063/1055/965 1064/1056/966
f 1154/1146/1056 1064/1056/966 1065/1057/967
f 1155/1147/1057 1065/1057/967 1066/1058/968
f 1156/1148/1058 1066/1058/968 1067/1059/969
f 1157/1149/1059 1067/1059/969 1068/1060/970
f 1158/1150/1060 1068/1060/970 1069/1061/971
f 1159/1151/1061 1069/1061/971 1070/1062/972
f 1160/1152/1062 1070/1062/972 1071/1063/973
f 1161/1153/1063 1071/1063/973 1072/1064/974
f 1162/1154/1064 1072/1064/974 1073/1065/975
f 1163/1155/1065 1073/1065/975 1074/1066/976
f 1164/1156/1066 1074/1066/976 1075/1067/977
f 1165/1157/1067 1075/1067/977 1076/1068/978
f 1166/1158/1068 1076/1068/978 1077/1069/979
f 1167/1159/1069 1077/1069/979 1078/1070/980
f 1168/1160/1070 1078/1070/980 1079/1071/981
f 1169/1161/1071 1079/1071/981 1080/1072/982
f 1170/1162/1072 1080/1072/982 1081/1073/983
f 1171/1163/1073 1081/1073/983 1082/1074/984
f 1172/1164/1074 1082/1074/984 1083/1075/985
f 1173/1165/1075 1083/1075/985 1084/1076/986
f 1174/1166/1076 1084/1076/986 1085/1077/987
f 1175/1167/1077 1085/1077/987 1086/1078/988
f 1176/1168/1078 1086/1078/988 1087/1079/989
f 1177/1169/1079 1087/1079/989 1088/1080/990
f 1178/1170/1080 1088/1080/990 1089/1081/991
f 1179/1171/1081 1089/1081/991 1000/992/902
f 1180/1172/1082 1090/1082/992 1091/1083/993
f 1181/1173/1083 1091/1083/993 1092/1084/994
f 1182/1174/1084 1092/1084/994 1093/1085/995
f 1183/1175/1085 1093/1085/995 1094/1086/996
f 1184/1176/1086 1094/1086/996 1095/1087/997
f 1185/1177/1087 1095/1087/997 1096/1088/998
f 1186/1178/1088 1096/1088/998 1097/1089/999
f 1187/1179/1089 1097/1089/999 1098/1090/1000
f 1188/1180/1090 1098/1090/1000 1099/1091/1001
f 1189/1181/1091 1099/1091/1001 1100/1092/1002
f 1190/1182/1092 1100/1092/1002 1101/1093/1003
f 1191/1183/1093 1101/1093/1003 1102/1094/1004
f 1192/1184/1094 1102/1094/1004 1103/1095/1005
f 1193/1185/1095 1103/1095/1005 1104/1096/1006
f 1194/1186/1096 1104/1096/1006 1105/1097/1007
f 1195/1187/1097 1105/1097/1007 1106/1098/1008
f 1196/1188/1098 1106/1098/1008 1107/1099/1009
f 1197/1189/1099 1107/1099/1009 1108/1100/1010
f 1198/1190/1100 1108/1100/1010 1109/1101/1011
f 1199/1191/1101 1109/1101/1011 1110/1102/1012
f 1200/1192/1102 1110/1102/1012 1111/1103/1013
f 1201/1193/1103 1111/1103/1013 1112/1104/1014
f 1202/1194/1104 1112/1104/1014 1113/1105/1015
f 1203/1195/1105 1113/1105/1015 1114/1106/1016
f 1204/1196/1106 1114/1106/1016 1115/1107/1017
f 1205/1197/1107 1115/1107/1017 1116/1108/1018
f 1206/1198/1108 1116/1108/1018 1117/1109/1019
f 1207/1199/1109 1117/1109/1019 1118/1110/1020
f 1208/1200/1110 1118/1110/1020 1119/1111/1021
f 1209/1201/1111 1119/1111/1021 1120/1112/1022
f 1210/1202/1112 1120/1112/1022 1121/1113/1023
f 1211/1203/1113 1121/1113/1023 1122/1114/1024
f 1212/1204/1114 1122/1114/1024 1123/1115/1025
f 1213/1205/1115 1123/1115/1025 1124/1116/1026
f 1214/1206/1116 1124/1116/1026 1125/1117/1027
f 1215/1207/1117 1125/1117/1027 1126/1118/1028
f 1216/1208/1118 1126/1118/1028 1127/1119/1029
f 1217/1209/1119 1127/1119/1029 1128/1120/1030
f 1218/1210/1120 1128/1120/1030 1129/1121/1031
f 1219/1211/1121 1129/1121/1031 1130/1122/1032
f 1220/1212/1122 1130/1122/1032 1131/1123/1033
f 1221/1213/1123 1131/1123/1033 1132/1124/1034
f 1222/1214/1124 1132/1124/1034 1133/1125/1035
f 1223/1215/1125 1133/1125/1035 1134/1126/1036
f 1224/1216/1126 1134/1126/1036 1135/1127/1037
f 1225/1217/1127 1135/1127/1037 1136/1128/1038
f 1226/1218/1128 1136/1128/1038 1137/1129/1039
f 1227/1219/1129 1137/1129/1039 1138/1130/1040
f 1228/1220/1130 1138/1130/1040 1139/1131/1041
f 1229/1221/1131 1139/1131/1041 1140/1132/1042
f 1230/1222/1132 1140/1132/1042 1141/1133/1043
f 1231/1223/1133 1141/1133/1043 1142/1134/1044
f 1232/1224/1134 1142/1134/1044 1143/1135/1045
f 1233/1225/1135 1143/1135/1045 1144/1136/1046
f 1234/1226/1136 1144/1136/1046 1145/1137/1047
f 1235/1227/1137 1145/1137/1047 1146/1138/1048
f 1236/1228/1138 1146/1138/1048 1147/1139/1049
f 1237/1229/1139 1147/1139/1049 1148/1140/1050
f 1238/1230/1140 1148/1140/1050 1149/1141/1051
f 1239/1231/1141 1149/1141/1051 1150/1142/1052
f 1240/1232/1142 1150/1142/1052 1151/1143/1053
f 1241/1233/1143 1151/1143/1053 1152/1144/1054
f 1242/1234/1144 1152/1144/1054 1153/1145/1055
f 1243/1235/1145 1153/1145/1055 1154/1146/1056
f 1244/1236/1146 1154/1146/1056 1155/1147/1057
f 1245/1237/1147 1155/1147/1057 1156/1148/1058
f 1246/1238/1148 1156/1148/1058 1157/1149/1059
f 1247/1239/1149 1157/1149/1059 1158/1150/1060
f 1248/1240/1150 1158/1150/1060 1159/1151/1061
f 1249/1241/1151 1159/1151/1061 1160/1152/1062
f 1250/1242/1152 1160/1152/1062 1161/1153/1063
f 1251/1243/1153 1161/1153/1063 1162/1154/1064
f 1252/1244/1154 1162/1154/1064 1163/1155/1065
f 1253/1245/1155 1163/1155/1065 1164/1156/1066
f 1254/1246/1156 1164/1156/1066 1165/1157/1067
f 1255/1247/1157 1165/1157/1067 1166/1158/1068
f 1256/1248/1158 1166/1158/1068 1167/1159/1069
f 1257/1249/1159 1167/1159/1069 1168/1160/1070
f 1258/1250/1160 1168/1160/1070 1169/1161/1071
f 1259/1251/1161 1169/1161/1071 1170/1162/1072
f 1260/1252/1162 1170/1162/1072 1171/1163/1073
f 1261/1253/1163 1171/1163/1073 1172/1164/1074
f 1262/1254/1164 1172/1164/1074 1173/1165/1075
f 1263/1255/1165 1173/1165/1075 1174/1166/1076
f 1264/1256/1166 1174/1166/1076 1175/1167/1077
f 1265/1257/1167 1175/1167/1077 1176/1168/1078
f 1266/1258/1168 1176/1168/1078 1177/1169/1079
f 1267/1259/1169 1177/1169/1079 1178/1170/1080
f 1268/1260/1170 1178/1170/1080 1179/1171/1081
f 1269/1261/1171 1179/1171/1081 1090/1082/992
f 1270/1262/1172 1180/1172/1082 1181/1173/1083
f 1271/1263/1173 1181/1173/1083 1182/1174/1084
f 1272/1264/1174 1182/1174/1084 1183/1175/1085
f 1273/1265/1175 1183/1175/1085 1184/1176/1086
f 1274/1266/1176 1184/1176/1086 1185/1177/1087
f 1275/1267/1177 1185/1177/1087 1186/1178/1088
f 1276/1268/1178 1186/1178/1088 1187/1179/1089
f 1277/1269/1179 1187/1179/1089 1188/1180/1090
f 1278/1270/1180 1188/1180/1090 1189/1181/1091
f 1279/1271/1181 1189/1181/1091 1190/1182/1092
f 1280/1272/1182 1190/1182/1092 1191/1183/1093
f 1281/1273/1183 1191/1183/1093 1192/1184/1094
f 1282/1274/1184 1192/1184/1094 1193/1185/1095
f 1283/1275/1185 1193/1185/1095 1194/1186/1096
f 1284/1276/1186 1194/1186/1096 1195/1187/1097
f 1285/1277/1187 1195/1187/1097 1196/1188/1098
f 1286/1278/1188 1196/1188/1098 1197/1189/1099
f 1287/1279/1189 1197/1189/1099 1198/1190/1100
f 1288/1280/1190 1198/1190/1100 1199/1191/1101
f 1289/1281/1191 1199/1191/1101 1200/1192/1102
f 1290/1282/1192 1200/1192/1102 1201/1193/1103
f 1291/1283/1193 1201/1193/1103 1202/1194/1104
f 1292/1284/1194 1202/1194/1104 1203/1195/1105
f 1293/1285/1195 1203/1195/1105 1204/1196/1106
f 1294/1286/1196 1204/1196/1106 1205/1197/1107
f 1295/1287/1197 1205/1197/1107 1206/1198/1108
f 1296/1288/1198 1206/1198/1108 1207/1199/1109
f 1297/1289/1199 1207/1199/1109 1208/1200/1110
f 1298/1290/1200 1208/1200/1110 1209/1201/1111
f 1299/1291/1201 1209/1201/1111 1210/1202/1112
f 1300/1292/1202 1210/1202/1112 1211/1203/1113
f 1301/1293/1203 1211/1203/1113 1212/1204/1114
f 1302/1294/1204 1212/1204/1114 1213/1205/1115
f 1303/1295/1205 1213/1205/1115 1214/1206/1116
f 1304/1296/1206 1214/1206/1116 1215/1207/1117
f 1305/1297/1207 1215/1207/1117 1216/1208/1118
f 1306/1298/1208 1216/1208/1118 1217/1209/1119
f 1307/1299/1209 1217/1209/1119 1218/1210/1120
f 1308/1300/1210 1218/1210/1120 1219/1211/1121
f 1309/1301/1211 1219/1211/1121 1220/1212/1122
f 1310/1302/1212 1220/1212/1122 1221/1213/1123
f 1311/1303/1213 1221/1213/1123 1222/1214/1124
f 1312/1304/1214 1222/1214/1124 1223/1215/1125
f 1313/1305/1215 1223/1215/1125 1224/1216/1126
f 1314/1306/1216 1224/1216/1126 1225/1217/1127
f 1315/1307/1217 1225/1217/1127 1226/1218/1128
f 1316/1308/1218 1226/1218/1128 1227/1219/1129
f 1317/1309/1219 1227/1219/1129 1228/1220/1130
f 1318/1310/1220 1228/1220/1130 1229/1221/1131
f 1319/1311/1221 1229/1221/1131 1230/1222/1132
f 1320/1312/1222 1230/1222/1132 1231/1223/1133
f 1321/1313/1223 1231/1223/1133 1232/1224/1134
f 1322/1314/1224 1232/1224/1134 1233/1225/1135
f 1323/1315/1225 1233/1225/1135 1234/1226/1136
f 1324/1316/1226 1234/1226/1136 1235/1227/1137
f 1325/1317/1227 1235/1227/1137 1236/1228/1138
f 1326/1318/1228 1236/1228/1138 1237/1229/1139
f 1327/1319/1229 1237/1229/1139 1238/1230/1140
f 1328/1320/1230 1238/1230/1140 1239/1231/1141
f 1329/1321/1231 1239/1231/1141 1240/1232/1142
f 1330/1322/1232 1240/1232/1142 1241/1233/1143
f 1331/1323/1233 1241/1233/1143 1242/1234/1144
f 1332/1324/1234 1242/1234/1144 1243/1235/1145
f 1333/1325/1235 1243/1235/1145 1244/1236/1146
f 1334/1326/1236 1244/1236/1146 1245/1237/1147
f 1335/1327/1237 1245/1237/1147 1246/1238/1148
f 1336/1328/1238 1246/1238/1148 1247/1239/1149
f 1337/1329/1239 1247/1239/1149 1248/1240/1150
f 1338/1330/1240 1248/1240/1150 1249/1241/1151
f 1339/1331/1241 1249/1241/1151 1250/1242/1152
f 1340/1332/1242 1250/1242/1152 1251/1243/1153
f 1341/1333/1243 1251/1243/1153 1252/1244/1154
f 1342/1334/1244 1252/1244/1154 1253/1245/1155
f 1343/1335/1245 1253/1245/1155 1254/1246/1156
f 1344/1336/1246 1254/1246/1156 1255/1247/1157
f 1345/1337/1247 1255/1247/1157 1256/1248/1158
f 1346/1338/1248 1256/1248/1158 1257/1249/1159
f 1347/1339/1249 1257/1249/1159 1258/1250/1160
f 1348/1340/1250 1258/1250/1160 1259/1251/1161
f 1349/1341/1251 1259/1251/1161 1260/1252/1162
f 1350/1342/1252 1260/1252/1162 1261/1253/1163
f 1351/1343/1253 1261/1253/1163 1262/1254/1164
f 1352/1344/1254 1262/1254/1164 1263/1255/1165
f 1353/1345/1255 1263/1255/1165 1264/1256/1166
f 1354/1346/1256 1264/1256/1166 1265/1257/1167
f 1355/1347/1257 1265/1257/1167 1266/1258/1168
f 1356/1348/1258 1266/1258/1168 1267/1259/1169
f 1357/1349/1259 1267/1259/1169 1268/1260/1170
f 1358/1350/1260 1268/1260/1170 1269/1261/1171
f 1359/1351/1261 1269/1261/1171 1180/1172/1082
f 1360/1352/1262 1270/1262/1172 1271/1263/1173
f 1361/1353/1263 1271/1263/1173 1272/1264/1174
f 1362/1354/1264 1272/1264/1174 1273/1265/1175
f 1363/1355/1265 1273/1265/1175 1274/1266/1176
f 1364/1356/1266 1274/1266/1176 1275/1267/1177
f 1365/1357/1267 1275/1267/1177 1276/1268/1178
f 1366/1358/1268 1276/1268/1178 1277/1269/1179
f 1367/1359/1269 1277/1269/1179 1278/1270/1180
f 1368/1360/1270 1278/1270/1180 1279/1271/1181
f 1369/1361/1271 1279/1271/1181 1280/1272/1182
f 1370/1362/1272 1280/1272/1182 1281/1273/1183
f 1371/1363/1273 1281/1273/1183 1282/1274/1184
f 1372/1364/1274 1282/1274/1184 1283/1275/1185
f 1373/1365/1275 1283/1275/1185 1284/1276/1186
f 1374/1366/1276 1284/1276/1186 1285/1277/1187
f 1375/1367/1277 1285/1277/1187 1286/1278/1188
f 1376/1368/1278 1286/1278/1188 1287/1279/1189
f 1377/1369/1279 1287/1279/1189 1288/1280/1190
f 1378/1370/1280 1288/1280/1190 1289/1281/1191
f 1379/1371/1281 1289/1281/1191 1290/1282/1192
f 1380/1372/1282 1290/1282/1192 1291/1283/1193
f 1381/1373/1283 1291/1283/1193 1292/1284/1194
f 1382/1374/1284 1292/1284/1194 1293/1285/1195
f 1383/1375/1285 1293/1285/1195 1294/1286/1196
f 1384/1376/1286 1294/1286/1196 1295/1287/1197
f 1385/1377/1287 1295/1287/1197 1296/1288/1198
f 1386/1378/1288 1296/1288/1198 1297/1289/1199
f 1387/1379/1289 1297/1289/1199 1298/1290/1200
f 1388/1380/1290 1298/1290/1200 1299/1291/1201
f 1389/1381/1291 1299/1291/1201 1300/1292/1202
f 1390/1382/1292 1300/1292/1202 1301/1293/1203
f 1391/1383/1293 1301/1293/1203 1302/1294/1204
f 1392/1384/1294 1302/1294/1204 1303/1295/1205
f 1393/1385/1295 1303/1295/1205 1304/1296/1206
f 1394/1386/1296 1304/1296/1206 1305/1297/1207
f 1395/1387/1297 1305/1297/1207 1306/1298/1208
f 1396/1388/1298 1306/1298/1208 1307/1299/1209
f 1397/1389/1299 1307/1299/1209 1308/1300/1210
f 1398/1390/1300 1308/1300/1210 1309/1301/1211
f 1399/1391/1301 1309/1301/1211 1310/1302/1212
f 1400/1392/1302 1310/1302/1212 1311/1303/1213
f 1401/1393/1303 1311/1303/1213 1312/1304/1214
f 1402/1394/1304 1312/1304/1214 1313/1305/1215
f 1403/1395/1305 1313/1305/1215 1314/1306/1216
f 1404/1396/1306 1314/1306/1216 1315/1307/1217
f 1405/1397/1307 1315/1307/1217 1316/1308/1218
f 1406/1398/1308 1316/1308/1218 1317/1309/1219
f 1407/1399/1309 1317/1309/1219 1318/1310/1220
f 1408/1400/1310 1318/1310/1220 1319/1311/1221
f 1409/1401/1311 1319/1311/1221 1320/1312/1222
f 1410/1402/1312 1320/1312/1222 1321/1313/1223
f 1411/1403/1313 1321/1313/1223 1322/1314/1224
f 1412/1404/1314 1322/1314/1224 1323/1315/1225
f 1413/1405/1315 1323/1315/1225 1324/1316/1226
f 1414/1406/1316 1324/1316/1226 1325/1317/1227
f 1415/1407/1317 1325/1317/1227 1326/1318/1228
f 1416/1408/1318 1326/1318/1228 1327/1319/1229
f 1417/1409/1319 1327/1319/1229 1328/1320/1230
f 1418/1410/1320 1328/1320/1230 1329/1321/1231
f 1419/1411/1321 1329/1321/1231 1330/1322/1232
f 1420/1412/1322 1330/1322/1232 1331/1323/1233
f 1421/1413/1323 1331/1323/1233 1332/1324/1234
f 1422/1414/1324 1332/1324/1234 1333/1325/1235
f 1423/1415/1325 1333/1325/1235 1334/1326/1236
f 1424/1416/1326 1334/1326/1236 1335/1327/1237
f 1425/1417/1327 1335/1327/1237 1336/1328/1238
f 1426/1418/1328 1336/1328/1238 1337/1329/1239
f 1427/1419/1329 1337/1329/1239 1338/1330/1240
f 1428/1420/1330 1338/1330/1240 1339/1331/1241
f 1429/1421/1331 1339/1331/1241 1340/1332/1242
f 1430/1422/1332 1340/1332/1242 1341/1333/1243
f 1431/1423/1333 1341/1333/1243 1342/1334/1244
f 1432/1424/1334 1342/1334/1244 1343/1335/1245
f 1433/1425/1335 1343/1335/1245 1344/1336/1246
f 1434/1426/1336 1344/1336/1246 1345/1337/1247
f 1435/1427/1337 1345/1337/1247 1346/1338/1248
f 1436/1428/1338 1346/1338/1248 1347/1339/1249
f 1437/1429/1339 1347/1339/1249 1348/1340/1250
f 1438/1430/1340 1348/1340/1250 1349/1341/1251
f 1439/1431/1341 1349/1341/1251 1350/1342/1252
f 1440/1432/1342 1350/1342/1252 1351/1343/1253
f 1441/1433/1343 1351/1343/1253 1352/1344/1254
f 1442/1434/1344 1352/1344/1254 1353/1345/1255
f 1443/1435/1345 1353/1345/1255 1354/1346/1256
f 1444/1436/1346 1354/1346/1256 1355/1347/1257
f 1445/1437/1347 1355/1347/1257 1356/1348/1258
f 1446/1438/1348 1356/1348/1258 1357/1349/1259
f 1447/1439/1349 1357/1349/1259 1358/1350/1260
f 1448/1440/1350 1358/1350/1260 1359/1351/1261
f 1449/1441/1351 1359/1351/1261 1270/1262/1172
f 1450/1442/1352 1360/1352/1262 1361/1353/1263
f 1451/1443/1353 1361/1353/1263 1362/1354/1264
f 1452/1444/1354 1362/1354/1264 1363/1355/1265
f 1453/1445/1355 1363/1355/1265 1364/1356/1266
f 1454/1446/1356 1364/1356/1266 1365/1357/1267
f 1455/1447/1357 1365/1357/1267 1366/1358/1268
f 1456/1448/1358 1366/1358/1268 1367/1359/1269
f 1457/1449/1359 1367/1359/1269 1368/1360/1270
f 1458/1450/1360 1368/1360/1270 1369/1361/1271
f 1459/1451/1361 1369/1361/1271 1370/1362/1272
f 1460/1452/1362 1370/1362/1272 1371/1363/1273
f 1461/1453/1363 1371/1363/1273 1372/1364/1274
f 1462/1454/1364 1372/1364/1274 1373/1365/1275
f 1463/1455/1365 1373/1365/1275 1374/1366/1276
f 1464/1456/1366 1374/1366/1276 1375/1367/1277
f 1465/1457/1367 1375/1367/1277 1376/1368/1278
f 1466/1458/1368 1376/1368/1278 1377/1369/1279
f 1467/1459/1369 1377/1369/1279 1378/1370/1280
f 1468/1460/1370 1378/1370/1280 1379/1371/1281
f 1469/1461/1371 1379/1371/1281 1380/1372/1282
f 1470/1462/1372 1380/1372/1282 1381/1373/1283
f 1471/1463/1373 1381/1373/1283 1382/1374/1284
f 1472/1464/1374 1382/1374/1284 1383/1375/1285
f 1473/1465/1375 1383/1375/1285 1384/1376/1286
f 1474/1466/1376 1384/1376/1286 1385/1377/1287
f 1475/1467/1377 1385/1377/1287 1386/1378/1288
f 1476/1468/1378 1386/1378/1288 1387/1379/1289
f 1477/1469/1379 1387/1379/1289 1388/1380/1290
f 1478/1470/1380 1388/1380/1290 1389/1381/1291
f 1479/1471/1381 1389/1381/1291 1390/1382/1292
f 1480/1472/1382 1390/1382/1292 1391/1383/1293
f 1481/1473/1383 1391/1383/1293 1392/1384/1294
f 1482/1474/1384 1392/1384/1294 1393/1385/1295
f 1483/1475/1385 1393/1385/1295 1394/1386/1296
f 1484/1476/1386 1394/1386/1296 1395/1387/1297
f 1485/1477/1387 1395/1387/1297 1396/1388/1298
f 1486/1478/1388 1396/1388/1298 1397/1389/1299
f 1487/1479/1389 1397/1389/1299 1398/1390/1300
f 1488/1480/1390 1398/1390/1300 1399/1391/1301
f 1489/1481/1391 1399/1391/1301 1400/1392/1302
f 1490/1482/1392 1400/1392/1302 1401/1393/1303
f 1491/1483/1393 1401/1393/1303 1402/1394/1304
f 1492/1484/1394 1402/1394/1304 1403/1395/1305
f 1493/1485/1395 1403/1395/1305 1404/1396/1306
f 1494/1486/1396 1404/1396/1306 1405/1397/1307
f 1495/1487/1397 1405/1397/1307 1406/1398/1308
f 1496/1488/1398 1406/1398/1308 1407/1399/1309
f 1497/1489/1399 1407/1399/1309 1408/1400/1310
f 1498/1490/1400 1408/1400/1310 1409/1401/1311
f 1499/1491/1401 1409/1401/1311 1410/1402/1312
f 1500/1492/1402 1410/1402/1312 1411/1403/1313
f 1501/1493/1403 1411/1403/1313 1412/1404/1314
f 1502/1494/1404 1412/1404/1314 1413/1405/1315
f 1503/1495/1405 1413/1405/1315 1414/1406/1316
f 1504/1496/1406 1414/1406/1316 1415/1407/1317
f 1505/1497/1407 1415/1407/1317 1416/1408/1318
f 1506/1498/1408 1416/1408/1318 1417/1409/1319
f 1507/1499/1409 1417/1409/1319 1418/1410/1320
f 1508/1500/1410 1418/1410/1320 1419/1411/1321
f 1509/1501/1411 1419/1411/1321 1420/1412/1322
f 1510/1502/1412 1420/1412/1322 1421/1413/1323
f 1511/1503/1413 1421/1413/1323 1422/1414/1324
f 1512/1504/1414 1422/1414/1324 1423/1415/1325
f 1513/1505/1415 1423/1415/1325 1424/1416/1326
f 1514/1506/1416 1424/1416/1326 1425/1417/1327
f 1515/1507/1417 1425/1417/1327 1426/1418/1328
f 1516/1508/1418 1426/1418/1328 1427/1419/1329
f 1517/1509/1419 1427/1419/1329 1428/1420/1330
f 1518/1510/1420 1428/1420/1330 1429/1421/1331
f 1519/1511/1421 1429/1421/1331 1430/1422/1332
f 1520/1512/1422 1430/1422/1332 1431/1423/1333
f 1521/1513/1423 1431/1423/1333 1432/1424/1334
f 1522/1514/1424 1432/1424/1334 1433/1425/1335
f 1523/1515/1425 1433/1425/1335 1434/1426/1336
f 1524/1516/1426 1434/1426/1336 1435/1427/1337
f 1525/1517/1427 1435/1427/1337 1436/1428/1338
f 1526/1518/1428 1436/1428/1338 1437/1429/1339
f 1527/1519/1429 1437/1429/1339 1438/1430/1340
f 1528/1520/1430 1438/1430/1340 1439/1431/1341
f 1529/1521/1431 1439/1431/1341 1440/1432/1342
f 1530/1522/1432 1440/1432/1342 1441/1433/1343
f 1531/1523/1433 1441/1433/1343 1442/1434/1344
f 1532/1524/1434 1442/1434/1344 1443/1435/1345
f 1533/1525/1435 1443/1435/1345 1444/1436/1346
f 1534/1526/1436 1444/1436/1346 1445/1437/1347
f 1535/1527/1437 1445/1437/1347 1446/1438/1348
f 1536/1528/1438 1446/1438/1348 1447/1439/1349
f 1537/1529/1439 1447/1439/1349 1448/1440/1350
f 1538/1530/1440 1448/1440/1350 1449/1441/1351
f 1539/1531/1441 1449/1441/1351 1360/1352/1262
f 1540/1532/1442 1450/1442/1352 1451/1443/1353
f 1541/1533/1443 1451/1443/1353 1452/1444/1354
f 1542/1534/1444 1452/1444/1354 1453/1445/1355
f 1543/1535/1445 1453/1445/1355 1454/1446/1356
f 1544/1536/1446 1454/1446/1356 1455/1447/1357
f 1545/1537/1447 1455/1447/1357 1456/1448/1358
f 1546/1538/1448 1456/1448/1358 1457/1449/1359
f 1547/1539/1449 1457/1449/1359 1458/1450/1360
f 1548/1540/1450 1458/1450/1360 1459/1451/1361
f 1549/1541/1451 1459/1451/1361 1460/1452/1362
f 1550/1542/1452 1460/1452/1362 1461/1453/1363
f 1551/1543/1453 1461/1453/1363 1462/1454/1364
f 1552/1544/1454 1462/1454/1364 1463/1455/1365
f 1553/1545/1455 1463/1455/1365 1464/1456/1366
f 1554/1546/1456 1464/1456/1366 1465/1457/1367
f 1555/1547/1457 1465/1457/1367 1466/1458/1368
f 1556/1548/1458 1466/1458/1368 1467/1459/1369
f 1557/1549/1459 1467/1459/1369 1468/1460/1370
f 1558/1550/1460 1468/1460/1370 1469/1461/1371
f 1559/1551/1461 1469/1461/1371 1470/1462/1372
f 1560/1552/1462 1470/1462/1372 1471/1463/1373
f 1561/1553/1463 1471/1463/1373 1472/1464/1374
f 1562/1554/1464 1472/1464/1374 1473/1465/1375
f 1563/1555/1465 1473/1465/1375 1474/1466/1376
f 1564/1556/1466 1474/1466/1376 1475/1467/1377
f 1565/1557/1467 1475/1467/1377 1476/1468/1378
f 1566/1558/1468 1476/1468/1378 1477/1469/1379
f 1567/1559/1469 1477/1469/1379 1478/1470/1380
f 1568/1560/1470 1478/1470/1380 1479/1471/1381
f 1569/1561/1471 1479/1471/1381 1480/1472/1382
f 1570/1562/1472 1480/1472/1382 1481/1473/1383
f 1571/1563/1473 1481/1473/1383 1482/1474/1384
f 1572/1564/1474 1482/1474/1384 1483/1475/1385
f 1573/1565/1475 1483/1475/1385 1484/1476/1386
f 1574/1566/1476 1484/1476/1386 1485/1477/1387
f 1575/1567/1477 1485/1477/1387 1486/1478/1388
f 1576/1568/1478 1486/1478/1388 1487/1479/1389
f 1577/1569/1479 1487/1479/1389 1488/1480/1390
f 1578/1570/1480 1488/1480/1390 1489/1481/1391
f 1579/1571/1481 1489/1481/1391 1490/1482/1392
f 1580/1572/1482 1490/1482/1392 1491/1483/1393
f 1581/1573/1483 1491/1483/1393 1492/1484/1394
f 1582/1574/1484 1492/1484/1394 1493/1485/1395
f 1583/1575/1485 1493/1485/1395 1494/1486/1396
f 1584/1576/1486 1494/1486/1396 1495/1487/1397
f 1585/1577/1487 1495/1487/1397 1496/1488/1398
f 1586/1578/1488 1496/1488/1398 1497/1489/1399
f 1587/1579/1489 1497/1489/1399 1498/1490/1400
f 1588/1580/1490 1498/1490/1400 1499/1491/1401
f 1589/1581/1491 1499/1491/1401 1500/1492/1402
f 1590/1582/1492 1500/1492/1402 1501/1493/1403
f 1591/1583/1493 1501/1493/1403 1502/1494/1404
f 1592/1584/1494 1502/1494/1404 1503/1495/1405
f 1593/1585/1495 1503/1495/1405 1504/1496/1406
f 1594/1586/1496 1504/1496/1406 1505/1497/1407
f 1595/1587/1497 1505/1497/1407 1506/1498/1408
f 1596/1588/1498 1506/1498/1408 1507/1499/1409
f 1597/1589/1499 1507/1499/1409 1508/1500/1410
f 1598/1590/1500 1508/1500/1410 1509/1501/1411
f 1599/1591/1501 1509/1501/1411 1510/1502/1412
f 1600/1592/1502 1510/1502/1412 1511/1503/1413
f 1601/1593/1503 1511/1503/1413 1512/1504/1414
f 1602/1594/1504 1512/1504/1414 1513/1505/1415
f 1603/1595/1505 1513/1505/1415 1514/1506/1416
f 1604/1596/1506 1514/1506/1416 1515/1507/1417
f 1605/1597/1507 1515/1507/1417 1516/1508/1418
f 1606/1598/1508 1516/1508/1418 1517/1509/1419
f 1607/1599/1509 1517/1509/1419 1518/1510/1420
f 1608/1600/1510 1518/1510/1420 1519/1511/1421
f 1609/1601/1511 1519/1511/1421 1520/1512/1422
f 1610/1602/1512 1520/1512/1422 1521/1513/1423
f 1611/1603/1513 1521/1513/1423 1522/1514/1424
f 1612/1604/1514 1522/1514/1424 1523/1515/1425
f 1613/1605/1515 1523/1515/1425 1524/1516/1426
f 1614/1606/1516 1524/1516/1426 1525/1517/1427
f 1615/1607/1517 1525/1517/1427 1526/1518/1428
f 1616/1608/1518 1526/1518/1428 1527/1519/1429
f 1617/1609/1519 1527/1519/1429 1528/1520/1430
f 1618/1610/1520 1528/1520/1430 1529/1521/1431
f 1619/1611/1521 1529/1521/1431 1530/1522/1432
f 1620/1612/1522 1530/1522/1432 1531/1523/1433
f 1621/1613/1523 1531/1523/1433 1532/1524/1434
f 1622/1614/1524 1532/1524/1434 1533/1525/1435
f 1623/1615/1525 1533/1525/1435 1534/1526/1436
f 1624/1616/1526 1534/1526/1436 1535/1527/1437
f 1625/1617/1527 1535/1527/1437 1536/1528/1438
f 1626/1618/1528 1536/1528/1438 1537/1529/1439
f 1627/1619/1529 1537/1529/1439 1538/1530/1440
f 1628/1620/1530 1538/1530/1440 1539/1531/1441
f 1629/1621/1531 1539/1531/1441 1450/1442/1352
f 1630/1622/1532 1540/1532/1442 1541/1533/1443
f 1631/1623/1533 1541/1533/1443 1542/1534/1444
f 1632/1624/1534 1542/1534/1444 1543/1535/1445
f 1633/1625/1535 1543/1535/1445 1544/1536/1446
f 1634/1626/1536 1544/1536/1446 1545/1537/1447
f 1635/1627/1537 1545/1537/1447 1546/1538/1448
f 1636/1628/1538 1546/1538/1448 1547/1539/1449
f 1637/1629/1539 1547/1539/1449 1548/1540/1450
f 1638/1630/1540 1548/1540/1450 1549/1541/1451
f 1639/1631/1541 1549/1541/1451 1550/1542/1452
f 1640/1632/1542 1550/1542/1452 1551/1543/1453
f 1641/1633/1543 1551/1543/1453 1552/1544/1454
f 1642/1634/1544 1552/1544/1454 1553/1545/1455
f 1643/1635/1545 1553/1545/1455 1554/1546/1456
f 1644/1636/1546 1554/1546/1456 1555/1547/1457
f 1645/1637/1547 1555/1547/1457 1556/1548/1458
f 1646/1638/1548 1556/1548/1458 1557/1549/1459
f 1647/1639/1549 1557/1549/1459 1558/1550/1460
f 1648/1640/1550 1558/1550/1460 1559/1551/1461
f 1649/1641/1551 1559/1551/1461 1560/1552/1462
f 1650/1642/1552 1560/1552/1462 1561/1553/1463
f 1651/1643/1553 1561/1553/1463 1562/1554/1464
f 1652/1644/1554 1562/1554/1464 1563/1555/1465
f 1653/1645/1555 1563/1555/1465 1564/1556/1466
f 1654/1646/1556 1564/1556/1466 1565/1557/1467
f 1655/1647/1557 1565/1557/1467 1566/1558/1468
f 1656/1648/1558 1566/1558/1468 1567/1559/1469
f 1657/1649/1559 1567/1559/1469 1568/1560/1470
f 1658/1650/1560 1568/1560/1470 1569/1561/1471
f 1659/1651/1561 1569/1561/1471 1570/1562/1472
f 1660/1652/1562 1570/1562/1472 1571/1563/1473
f 1661/1653/1563 1571/1563/1473 1572/1564/1474
f 1662/1654/1564 1572/1564/1474 1573/1565/1475
f 1663/1655/1565 1573/1565/1475 1574/1566/1476
f 1664/1656/1566 1574/1566/1476 1575/1567/1477
f 1665/1657/1567 1575/1567/1477 1576/1568/1478
f 1666/1658/1568 1576/1568/1478 1577/1569/1479
f 1667/1659/1569 1577/1569/1479 1578/1570/1480
f 1668/1660/1570 1578/1570/1480 1579/1571/1481
f 1669/1661/1571 1579/1571/1481 1580/1572/1482
f 1670/1662/1572 1580/1572/1482 1581/1573/1483
f 1671/1663/1573 1581/1573/1483 1582/1574/1484
f 1672/1664/1574 1582/1574/1484 1583/1575/1485
f 1673/1665/1575 1583/1575/1485 1584/1576/1486
f 1674/1666/1576 1584/1576/1486 1585/1577/1487
f 1675/1667/1577 1585/1577/1487 1586/1578/1488
f 1676/1668/1578 1586/1578/1488 1587/1579/1489
f 1677/1669/1579 1587/1579/1489 1588/1580/1490
f 1678/1670/1580 1588/1580/1490 1589/1581/1491
f 1679/1671/1581 1589/1581/1491 1590/1582/1492
f 1680/1672/1582 1590/1582/1492 1591/1583/1493
f 1681/1673/1583 1591/1583/1493 1592/1584/1494
f 1682/1674/1584 1592/1584/1494 1593/1585/1495
f 1683/1675/1585 1593/1585/1495 1594/1586/1496
f 1684/1676/1586 1594/1586/1496 1595/1587/1497
f 1685/1677/1587 1595/1587/1497 1596/1588/1498
f 1686/1678/1588 1596/1588/1498 1597/1589/1499
f 1687/1679/1589 1597/1589/1499 1598/1590/1500
f 1688/1680/1590 1598/1590/1500 1599/1591/1501
f 1689/1681/1591 1599/1591/1501 1600/1592/1502
f 1690/1682/1592 1600/1592/1502 1601/1593/1503
f 1691/1683/1593 1601/1593/1503 1602/1594/1504
f 1692/1684/1594 1602/1594/1504 1603/1595/1505
f 1693/1685/1595 1603/1595/1505 1604/1596/1506
f 1694/1686/1596 1604/1596/1506 1605/1597/1507
f 1695/1687/1597 1605/1597/1507 1606/1598/1508
f 1696/1688/1598 1606/1598/1508 1607/1599/1509
f 1697/1689/1599 1607/1599/1509 1608/1600/1510
f 1698/1690/1600 1608/1600/1510 1609/1601/1511
f 1699/1691/1601 1609/1601/1511 1610/1602/1512
f 1700/1692/1602 1610/1602/1512 1611/1603/1513
f 1701/1693/1603 1611/1603/1513 1612/1604/1514
f 1702/1694/1604 1612/1604/1514 1613/1605/1515
f 1703/1695/1605 1613/1605/1515 1614/1606/1516
f 1704/1696/1606 1614/1606/1516 1615/1607/1517
f 1705/1697/1607 1615/1607/1517 1616/1608/1518
f 1706/1698/1608 1616/1608/1518 1617/1609/1519
f 1707/1699/1609 1617/1609/1519 1618/1610/1520
f 1708/1700/1610 1618/1610/1520 1619/1611/1521
f 1709/1701/1611 1619/1611/1521 1620/1612/1522
f 1710/1702/1612 1620/1612/1522 1621/1613/1523
f 1711/1703/1613 1621/1613/1523 1622/1614/1524
f 1712/1704/1614 1622/1614/1524 1623/1615/1525
f 1713/1705/1615 1623/1615/1525 1624/1616/1526
f 1714/1706/1616 1624/1616/1526 1625/1617/1527
f 1715/1707/1617 1625/1617/1527 1626/1618/1528
f 1716/1708/1618 1626/1618/1528 1627/1619/1529
f 1717/1709/1619 1627/1619/1529 1628/1620/1530
f 1718/1710/1620 1628/1620/1530 1629/1621/1531
f 1719/1711/1621 1629/1621/1531 1540/1532/1442
f 1720/1712/1622 1630/1622/1532 1631/1623/1533
f 1721/1713/1623 1631/1623/1533 1632/1624/1534
f 1722/1714/1624 1632/1624/1534 1633/1625/1535
f 1723/1715/1625 1633/1625/1535 1634/1626/1536
f 1724/1716/1626 1634/1626/1536 1635/1627/1537
f 1725/1717/1627 1635/1627/1537 1636/1628/1538
f 1726/1718/1628 1636/1628/1538 1637/1629/1539
f 1727/1719/1629 1637/1629/1539 1638/1630/1540
f 1728/1720/1630 1638/1630/1540 1639/1631/1541
f 1729/1721/1631 1639/1631/1541 1640/1632/1542
f 1730/1722/1632 1640/1632/1542 1641/1633/1543
f 1731/1723/1633 1641/1633/1543 1642/1634/1544
f 1732/1724/1634 1642/1634/1544 1643/1635/1545
f 1733/1725/1635 1643/1635/1545 1644/1636/1546
f 1734/1726/1636 1644/1636/1546 1645/1637/1547
f 1735/1727/1637 1645/1637/1547 1646/1638/1548
f 1736/1728/1638 1646/1638/1548 1647/1639/1549
f 1737/1729/1639 1647/1639/1549 1648/1640/1550
f 1738/1730/1640 1648/1640/1550 1649/1641/1551
f 1739/1731/1641 1649/1641/1551 1650/1642/1552
f 1740/1732/1642 1650/1642/1552 1651/1643/1553
f 1741/1733/1643 1651/1643/1553 1652/1644/1554
f 1742/1734/1644 1652/1644/1554 1653/1645/1555
f 1743/1735/1645 1653/1645/1555 1654/1646/1556
f 1744/1736/1646 1654/1646/1556 1655/1647/1557
f 1745/1737/1647 1655/1647/1557 1656/1648/1558
f 1746/1738/1648 1656/1648/1558 1657/1649/1559
f 1747/1739/1649 1657/1649/1559 1658/1650/1560
f 1748/1740/1650 1658/1650/1560 1659/1651/1561
f 1749/1741/1651 1659/1651/1561 1660/1652/1562
f 1750/1742/1652 1660/1652/1562 1661/1653/1563
f 1751/1743/1653 1661/1653/1563 1662/1654/1564
f 1752/1744/1654 1662/1654/1564 1663/1655/1565
f 1753/1745/1655 1663/1655/1565 1664/1656/1566
f 1754/1746/1656 1664/1656/1566 1665/1657/1567
f 1755/1747/1657 1665/1657/1567 1666/1658/1568
f 1756/1748/1658 1666/1658/1568 1667/1659/1569
f 1757/1749/1659 1667/1659/1569 1668/1660/1570
f 1758/1750/1660 1668/1660/1570 1669/1661/1571
f 1759/1751/1661 1669/1661/1571 1670/1662/1572
f 1760/1752/1662 1670/1662/1572 1671/1663/1573
f 1761/1753/1663 1671/1663/1573 1672/1664/1574
f 1762/1754/1664 1672/1664/1574 1673/1665/1575
f 1763/1755/1665 1673/1665/1575 1674/1666/1576
f 1764/1756/1666 1674/1666/1576 1675/1667/1577
f 1765/1757/1667 1675/1667/1577 1676/1668/1578
f 1766/1758/1668 1676/1668/1578 1677/1669/1579
f 1767/1759/1669 1677/1669/1579 1678/1670/1580
f 1768/1760/1670 1678/1670/1580 1679/1671/1581
f 1769/1761/1671 1679/1671/1581 1680/1672/1582
f 1770/1762/1672 1680/1672/1582 1681/1673/1583
f 1771/1763/1673 1681/1673/1583 1682/1674/1584
f 1772/1764/1674 1682/1674/1584 1683/1675/1585
f 1773/1765/1675 1683/1675/1585 1684/1676/1586
f 1774/1766/1676 1684/1676/1586 1685/1677/1587
f 1775/1767/1677 1685/1677/1587 1686/1678/1588
f 1776/1768/1678 1686/1678/1588 1687/1679/1589
f 1777/1769/1679 1687/1679/1589 1688/1680/1590
f 1778/1770/1680 1688/1680/1590 1689/1681/1591
f 1779/1771/1681 1689/1681/1591 1690/1682/1592
f 1780/1772/1682 1690/1682/1592 1691/1683/1593
f 1781/1773/1683 1691/1683/1593 1692/1684/1594
f 1782/1774/1684 1692/1684/1594 1693/1685/1595
f 1783/1775/1685 1693/1685/1595 1694/1686/1596
f 1784/1776/1686 1694/1686/1596 1695/1687/1597
f 1785/1777/1687 1695/1687/1597 1696/1688/1598
f 1786/1778/1688 1696/1688/1598 1697/1689/1599
f 1787/1779/1689 1697/1689/1599 1698/1690/1600
f 1788/1780/1690 1698/1690/1600 1699/1691/1601
f 1789/1781/1691 1699/1691/1601 1700/1692/1602
f 1790/1782/1692 1700/1692/1602 1701/1693/1603
f 1791/1783/1693 1701/1693/1603 1702/1694/1604
f 1792/1784/1694 1702/1694/1604 1703/1695/1605
f 1793/1785/1695 1703/1695/1605 1704/1696/1606
f 1794/1786/1696 1704/1696/1606 1705/1697/1607
f 1795/1787/1697 1705/1697/1607 1706/1698/1608
f 1796/1788/1698 1706/1698/1608 1707/1699/1609
f 1797/1789/1699 1707/1699/1609 1708/1700/1610
f 1798/1790/1700 1708/1700/1610 1709/1701/1611
f 1799/1791/1701 1709/1701/1611 1710/1702/1612
f 1800/1792/1702 1710/1702/1612 1711/1703/1613
f 1801/1793/1703 1711/1703/1613 1712/1704/1614
f 1802/1794/1704 1712/1704/1614 1713/1705/1615
f 1803/1795/1705 1713/1705/1615 1714/1706/1616
f 1804/1796/1706 1714/1706/1616 1715/1707/1617
f 1805/1797/1707 1715/1707/1617 1716/1708/1618
f 1806/1798/1708 1716/1708/1618 1717/1709/1619
f 1807/1799/1709 1717/1709/1619 1718/1710/1620
f 1808/1800/1710 1718/1710/1620 1719/1711/1621
f 1809/1801/1711 1719/1711/1621 1630/1622/1532
f 1810/1802/1712 1720/1712/1622 1721/1713/1623
f 1811/1803/1713 1721/1713/1623 1722/1714/1624
f 1812/1804/1714 1722/1714/1624 1723/1715/1625
f 1813/1805/1715 1723/1715/1625 1724/1716/1626
f 1814/1806/1716 1724/1716/1626 1725/1717/1627
f 1815/1807/1717 1725/1717/1627 1726/1718/1628
f 1816/1808/1718 1726/1718/1628 1727/1719/1629
f 1817/1809/1719 1727/1719/1629 1728/1720/1630
f 1818/1810/1720 1728/1720/1630 1729/1721/1631
f 1819/1811/1721 1729/1721/1631 1730/1722/1632
f 1820/1812/1722 1730/1722/1632 1731/1723/1633
f 1821/1813/1723 1731/1723/1633 1732/1724/1634
f 1822/1814/1724 1732/1724/1634 1733/1725/1635
f 1823/1815/1725 1733/1725/1635 1734/1726/1636
f 1824/1816/1726 1734/1726/1636 1735/1727/1637
f 1825/1817/1727 1735/1727/1637 1736/1728/1638
f 1826/1818/1728 1736/1728/1638 1737/1729/1639
f 1827/1819/1729 1737/1729/1639 1738/1730/1640
f 1828/1820/1730 1738/1730/1640 1739/1731/1641
f 1829/1821/1731 1739/1731/1641 1740/1732/1642
f 1830/1822/1732 1740/1732/1642 1741/1733/1643
f 1831/1823/1733 1741/1733/1643 1742/1734/1644
f 1832/1824/1734 1742/1734/1644 1743/1735/1645
f 1833/1825/1735 1743/1735/1645 1744/1736/1646
f 1834/1826/1736 1744/1736/1646 1745/1737/1647
f 1835/1827/1737 1745/1737/1647 1746/1738/1648
f 1836/1828/1738 1746/1738/1648 1747/1739/1649
f 1837/1829/1739 1747/1739/1649 1748/1740/1650
f 1838/1830/1740 1748/1740/1650 1749/1741/1651
f 1839/1831/1741 1749/1741/1651 1750/1742/1652
f 1840/1832/1742 1750/1742/1652 1751/1743/1653
f 1841/1833/1743 1751/1743/1653 1752/1744/1654
f 1842/1834/1744 1752/1744/1654 1753/1745/1655
f 1843/1835/1745 1753/1745/1655 1754/1746/1656
f 1844/1836/1746 1754/1746/1656 1755/1747/1657
f 1845/1837/1747 1755/1747/1657 1756/1748/1658
f 1846/1838/1748 1756/1748/1658 1757/1749/1659
f 1847/1839/1749 1757/1749/1659 1758/1750/1660
f 1848/1840/1750 1758/1750/1660 1759/1751/1661
f 1849/1841/1751 1759/1751/1661 1760/1752/1662
f 1850/1842/1752 1760/1752/1662 1761/1753/1663
f 1851/1843/1753 1761/1753/1663 1762/1754/1664
f 1852/1844/1754 1762/1754/1664 1763/1755/1665
f 1853/1845/1755 1763/1755/1665 1764/1756/1666
f 1854/1846/1756 1764/1756/1666 1765/1757/1667
f 1855/1847/1757 1765/1757/1667 1766/1758/1668
f 1856/1848/1758 1766/1758/1668 1767/1759/1669
f 1857/1849/1759 1767/1759/1669 1768/1760/1670
f 1858/1850/1760 1768/1760/1670 1769/1761/1671
f 1859/1851/1761 1769/1761/1671 1770/1762/1672
f 1860/1852/1762 1770/1762/1672 1771/1763/1673
f 1861/1853/1763 1771/1763/1673 1772/1764/1674
f 1862/1854/1764 1772/1764/1674 1773/1765/1675
f 1863/1855/1765 1773/1765/1675 1774/1766/1676
f 1864/1856/1766 1774/1766/1676 1775/1767/1677
f 1865/1857/1767 1775/1767/1677 1776/1768/1678
f 1866/1858/1768 1776/1768/1678 1777/1769/1679
f 1867/1859/1769 1777/1769/1679 1778/1770/1680
f 1868/1860/1770 1778/1770/1680 1779/1771/1681
f 1869/1861/1771 1779/1771/1681 1780/1772/1682
f 1870/1862/1772 1780/1772/1682 1781/1773/1683
f 1871/1863/1773 1781/1773/1683 1782/1774/1684
f 1872/1864/1774 1782/1774/1684 1783/1775/1685
f 1873/1865/1775 1783/1775/1685 1784/1776/1686
f 1874/1866/1776 1784/1776/1686 1785/1777/1687
f 1875/1867/1777 1785/1777/1687 1786/1778/1688
f 1876/1868/1778 1786/1778/1688 1787/1779/1689
f 1877/1869/1779 1787/1779/1689 1788/1780/1690
f 1878/1870/1780 1788/1780/1690 1789/1781/1691
f 1879/1871/1781 1789/1781/1691 1790/1782/1692
f 1880/1872/1782 1790/1782/1692 1791/1783/1693
f 1881/1873/1783 1791/1783/1693 1792/1784/1694
f 1882/1874/1784 1792/1784/1694 1793/1785/1695
f 1883/1875/1785 1793/1785/1695 1794/1786/1696
f 1884/1876/1786 1794/1786/1696 1795/1787/1697
f 1885/1877/1787 1795/1787/1697 1796/1788/1698
f 1886/1878/1788 1796/1788/1698 1797/1789/1699
f 1887/1879/1789 1797/1789/1699 1798/1790/1700
f 1888/1880/1790 1798/1790/1700 1799/1791/1701
f 1889/1881/1791 1799/1791/1701 1800/1792/1702
f 1890/1882/1792 1800/1792/1702 1801/1793/1703
f 1891/1883/1793 1801/1793/1703 1802/1794/1704
f 1892/1884/1794 1802/1794/1704 1803/1795/1705
f 1893/1885/1795 1803/1795/1705 1804/1796/1706
f 1894/1886/1796 1804/1796/1706 1805/1797/1707
f 1895/1887/1797 1805/1797/1707 1806/1798/1708
f 1896/1888/1798 1806/1798/1708 1807/1799/1709
f 1897/1889/1799 1807/1799/1709 1808/1800/1710
f 1898/1890/1800 1808/1800/1710 1809/1801/1711
f 1899/1891/1801 1809/1801/1711 1720/1712/1622
f 1900/1892/1802 1810/1802/1712 1811/1803/1713
f 1901/1893/1803 1811/1803/1713 1812/1804/1714
f 1902/1894/1804 1812/1804/1714 1813/1805/1715
f 1903/1895/1805 1813/1805/1715 1814/1806/1716
f 1904/1896/1806 1814/1806/1716 1815/1807/1717
f 1905/1897/1807 1815/1807/1717 1816/1808/1718
f 1906/1898/1808 1816/1808/1718 1817/1809/1719
f 1907/1899/1809 1817/1809/1719 1818/1810/1720
f 1908/1900/1810 1818/1810/1720 1819/1811/1721
f 1909/1901/1811 1819/1811/1721 1820/1812/1722
f 1910/1902/1812 1820/1812/1722 1821/1813/1723
f 1911/1903/1813 1821/1813/1723 1822/1814/1724
f 1912/1904/1814 1822/1814/1724 1823/1815/1725
f 1913/1905/1815 1823/1815/1725 1824/1816/1726
f 1914/1906/1816 1824/1816/1726 1825/1817/1727
f 1915/1907/1817 1825/1817/1727 1826/1818/1728
f 1916/1908/1818 1826/1818/1728 1827/1819/1729
f 1917/1909/1819 1827/1819/1729 1828/1820/1730
f 1918/1910/1820 1828/1820/1730 1829/1821/1731
f 1919/1911/1821 1829/1821/1731 1830/1822/1732
f 1920/1912/1822 1830/1822/1732 1831/1823/1733
f 1921/1913/1823 1831/1823/1733 1832/1824/1734
f 1922/1914/1824 1832/1824/1734 1833/1825/1735
f 1923/1915/1825 1833/1825/1735 1834/1826/1736
f 1924/1916/1826 1834/1826/1736 1835/1827/1737
f 1925/1917/1827 1835/1827/1737 1836/1828/1738
f 1926/1918/1828 1836/1828/1738 1837/1829/1739
f 1927/1919/1829 1837/1829/1739 1838/1830/1740
f 1928/1920/1830 1838/1830/1740 1839/1831/1741
f 1929/1921/1831 1839/1831/1741 1840/1832/1742
f 1930/1922/1832 1840/1832/1742 1841/1833/1743
f 1931/1923/1833 1841/1833/1743 1842/1834/1744
f 1932/1924/1834 1842/1834/1744 1843/1835/1745
f 1933/1925/1835 1843/1835/1745 1844/1836/1746
f 1934/1926/1836 1844/1836/1746 1845/1837/1747
f 1935/1927/1837 1845/1837/1747 1846/1838/1748
f 1936/1928/1838 1846/1838/1748 1847/1839/1749
f 1937/1929/1839 1847/1839/1749 1848/1840/1750
f 1938/1930/1840 1848/1840/1750 1849/1841/1751
f 1939/1931/1841 1849/1841/1751 1850/1842/1752
f 1940/1932/1842 1850/1842/1752 1851/1843/1753
f 1941/1933/1843 1851/1843/1753 1852/1844/1754
f 1942/1934/1844 1852/1844/1754 1853/1845/1755
f 1943/1935/1845 1853/1845/1755 1854/1846/1756
f 1944/1936/1846 1854/1846/1756 1855/1847/1757
f 1945/1937/1847 1855/1847/1757 1856/1848/1758
f 1946/1938/1848 1856/1848/1758 1857/1849/1759
f 1947/1939/1849 1857/1849/1759 1858/1850/1760
f 1948/1940/1850 1858/1850/1760 1859/1851/1761
f 1949/1941/1851 1859/1851/1761 1860/1852/1762
f 1950/1942/1852 1860/1852/1762 1861/1853/1763
f 1951/1943/1853 1861/1853/1763 1862/1854/1764
f 1952/1944/1854 1862/1854/1764 1863/1855/1765
f 1953/1945/1855 1863/1855/1765 1864/1856/1766
f 1954/1946/1856 1864/1856/1766 1865/1857/1767
f 1955/1947/1857 1865/1857/1767 1866/1858/1768
f 1956/1948/1858 1866/1858/1768 1867/1859/1769
f 1957/1949/1859 1867/1859/1769 1868/1860/1770
f 1958/1950/1860 1868/1860/1770 1869/1861/1771
f 1959/1951/1861 1869/1861/1771 1870/1862/1772
f 1960/1952/1862 1870/1862/1772 1871/1863/1773
f 1961/1953/1863 1871/1863/1773 1872/1864/1774
f 1962/1954/1864 1872/1864/1774 1873/1865/1775
f 1963/1955/1865 1873/1865/1775 1874/1866/1776
f 1964/1956/1866 1874/1866/1776 1875/1867/1777
f 1965/1957/1867 1875/1867/1777 1876/1868/1778
f 1966/1958/1868 1876/1868/1778 1877/1869/1779
f 1967/1959/1869 1877/1869/1779 1878/1870/1780
f 1968/1960/1870 1878/1870/1780 1879/1871/1781
f 1969/1961/1871 1879/1871/1781 1880/1872/1782
f 1970/1962/1872 1880/1872/1782 1881/1873/1783
f 1971/1963/1873 1881/1873/1783 1882/1874/1784
f 1972/1964/1874 1882/1874/1784 1883/1875/1785
f 1973/1965/1875 1883/1875/1785 1884/1876/1786
f 1974/1966/1876 1884/1876/1786 1885/1877/1787
f 1975/1967/1877 1885/1877/1787 1886/1878/1788
f 1976/1968/1878 1886/1878/1788 1887/1879/1789
f 1977/1969/1879 1887/1879/1789 1888/1880/1790
f 1978/1970/1880 1888/1880/1790 1889/1881/1791
f 1979/1971/1881 1889/1881/1791 1890/1882/1792
f 1980/1972/1882 1890/1882/1792 1891/1883/1793
f 1981/1973/1883 1891/1883/1793 1892/1884/1794
f 1982/1974/1884 1892/1884/1794 1893/1885/1795
f 1983/1975/1885 1893/1885/1795 1894/1886/1796
f 1984/1976/1886 1894/1886/1796 1895/1887/1797
f 1985/1977/1887 1895/1887/1797 1896/1888/1798
f 1986/1978/1888 1896/1888/1798 1897/1889/1799
f 1987/1979/1889 1897/1889/1799 1898/1890/1800
f 1988/1980/1890 1898/1890/1800 1899/1891/1801
f 1989/1981/1891 1899/1891/1801 1810/1802/1712
f 1990/1982/1892 1900/1892/1802 1901/1893/1803
f 1991/1983/1893 1901/1893/1803 1902/1894/1804
f 1992/1984/1894 1902/1894/1804 1903/1895/1805
f 1993/1985/1895 1903/1895/1805 1904/1896/1806
f 1994/1986/1896 1904/1896/1806 1905/1897/1807
f 1995/1987/1897 1905/1897/1807 1906/1898/1808
f 1996/1988/1898 1906/1898/1808 1907/1899/1809
f 1997/1989/1899 1907/1899/1809 1908/1900/1810
f 1998/1990/1900 1908/1900/1810 1909/1901/1811
f 1999/1991/1901 1909/1901/1811 1910/1902/1812
f 2000/1992/1902 1910/1902/1812 1911/1903/1813
f 2001/1993/1903 1911/1903/1813 1912/1904/1814
f 2002/1994/1904 1912/1904/1814 1913/1905/1815
f 2003/1995/1905 1913/1905/1815 1914/1906/1816
f 2004/1996/1906 1914/1906/1816 1915/1907/1817
f 2005/1997/1907 1915/1907/1817 1916/1908/1818
f 2006/1998/1908 1916/1908/1818 1917/1909/1819
f 2007/1999/1909 1917/1909/1819 1918/1910/1820
f 2008/2000/1910 1918/1910/1820 1919/1911/1821
f 2009/2001/1911 1919/1911/1821 1920/1912/1822
f 2010/2002/1912 1920/1912/1822 1921/1913/1823
f 2011/2003/1913 1921/1913/1823 1922/1914/1824
f 2012/2004/1914 1922/1914/1824 1923/1915/1825
f 2013/2005/1915 1923/1915/1825 1924/1916/1826
f 2014/2006/1916 1924/1916/1826 1925/1917/1827
f 2015/2007/1917 1925/1917/1827 1926/1918/1828
f 2016/2008/1918 1926/1918/1828 1927/1919/1829
f 2017/2009/1919 1927/1919/1829 1928/1920/1830
f 2018/2010/1920 1928/1920/1830 1929/1921/1831
f 2019/2011/1921 1929/1921/1831 1930/1922/1832
f 2020/2012/1922 1930/1922/1832 1931/1923/1833
f 2021/2013/1923 1931/1923/1833 1932/1924/1834
f 2022/2014/1924 1932/1924/1834 1933/1925/1835
f 2023/2015/1925 1933/1925/1835 1934/1926/1836
f 2024/2016/1926 1934/1926/1836 1935/1927/1837
f 2025/2017/1927 1935/1927/1837 1936/1928/1838
f 2026/2018/1928 1936/1928/1838 1937/1929/1839
f 2027/2019/1929 1937/1929/1839 1938/1930/1840
f 2028/2020/1930 1938/1930/1840 1939/1931/1841
f 2029/2021/1931 1939/1931/1841 1940/1932/1842
f 2030/2022/1932 1940/1932/1842 1941/1933/1843
f 2031/2023/1933 1941/1933/1843 1942/1934/1844
f 2032/2024/1934 1942/1934/1844 1943/1935/1845
f 2033/2025/1935 1943/1935/1845 1944/1936/1846
f 2034/2026/1936 1944/1936/1846 1945/1937/1847
f 2035/2027/1937 1945/1937/1847 1946/1938/1848
f 2036/2028/1938 1946/1938/1848 1947/1939/1849
f 2037/2029/1939 1947/1939/1849 1948/1940/1850
f 2038/2030/1940 1948/1940/1850 1949/1941/1851
f 2039/2031/1941 1949/1941/1851 1950/1942/1852
f 2040/2032/1942 1950/1942/1852 1951/1943/1853
f 2041/2033/1943 1951/1943/1853 1952/1944/1854
f 2042/2034/1944 1952/1944/1854 1953/1945/1855
f 2043/2035/1945 1953/1945/1855 1954/1946/1856
f 2044/2036/1946 1954/1946/1856 1955/1947/1857
f 2045/2037/1947 1955/1947/1857 1956/1948/1858
f 2046/2038/1948 1956/1948/1858 1957/1949/1859
f 2047/2039/1949 1957/1949/1859 1958/1950/1860
f 2048/2040/1950 1958/1950/1860 1959/1951/1861
f 2049/2041/1951 1959/1951/1861 1960/1952/1862
f 2050/2042/1952 1960/1952/1862 1961/1953/1863
f 2051/2043/1953 1961/1953/1863 1962/1954/1864
f 2052/2044/1954 1962/1954/1864 1963/1955/1865
f 2053/2045/1955 1963/1955/1865 1964/1956/1866
f 2054/2046/1956 1964/1956/1866 1965/1957/1867
f 2055/2047/1957 1965/1957/1867 1966/1958/1868
f 2056/2048/1958 1966/1958/1868 1967/1959/1869
f 2057/2049/1959 1967/1959/1869 1968/1960/1870
f 2058/2050/1960 1968/1960/1870 1969/1961/1871
f 2059/2051/1961 1969/1961/1871 1970/1962/1872
f 2060/2052/1962 1970/1962/1872 1971/1963/1873
f 2061/2053/1963 1971/1963/1873 1972/1964/1874
f 2062/2054/1964 1972/1964/1874 1973/1965/1875
f 2063/2055/1965 1973/1965/1875 1974/1966/1876
f 2064/2056/1966 1974/1966/1876 1975/1967/1877
f 2065/2057/1967 1975/1967/1877 1976/1968/1878
f 2066/2058/1968 1976/1968/1878 1977/1969/1879
f 2067/2059/1969 1977/1969/1879 1978/1970/1880
f 2068/2060/1970 1978/1970/1880 1979/1971/1881
f 2069/2061/1971 1979/1971/1881 1980/1972/1882
f 2070/2062/1972 1980/1972/1882 1981/1973/1883
f 2071/2063/1973 1981/1973/1883 1982/1974/1884
f 2072/2064/1974 1982/1974/1884 1983/1975/1885
f 2073/2065/1975 1983/1975/1885 1984/1976/1886
f 2074/2066/1976 1984/1976/1886 1985/1977/1887
f 2075/2067/1977 1985/1977/1887 1986/1978/1888
f 2076/2068/1978 1986/1978/1888 1987/1979/1889
f 2077/2069/1979 1987/1979/1889 1988/1980/1890
f 2078/2070/1980 1988/1980/1890 1989/1981/1891
f 2079/2071/1981 1989/1981/1891 1900/1892/1802
f 2080/2072/1982 1990/1982/1892 1991/1983/1893
f 2081/2073/1983 1991/1983/1893 1992/1984/1894
f 2082/2074/1984 1992/1984/1894 1993/1985/1895
f 2083/2075/1985 1993/1985/1895 1994/1986/1896
f 2084/2076/1986 1994/1986/1896 1995/1987/1897
f 2085/2077/1987 1995/1987/1897 1996/1988/1898
f 2086/2078/1988 1996/1988/1898 1997/1989/1899
f 2087/2079/1989 1997/1989/1899 1998/1990/1900
f 2088/2080/1990 1998/1990/1900 1999/1991/1901
f 2089/2081/1991 1999/1991/1901 2000/1992/1902
f 2090/2082/1992 2000/1992/1902 2001/1993/1903
f 2091/2083/1993 2001/1993/1903 2002/1994/1904
f 2092/2084/1994 2002/1994/1904 2003/1995/1905
f 2093/2085/1995 2003/1995/1905 2004/1996/1906
f 2094/2086/1996 2004/1996/1906 2005/1997/1907
f 2095/2087/1997 2005/1997/1907 2006/1998/1908
f 2096/2088/1998 2006/1998/1908 2007/1999/1909
f 2097/2089/1999 2007/1999/1909 2008/2000/1910
f 2098/2090/2000 2008/2000/1910 2009/2001/1911
f 2099/2091/2001 2009/2001/1911 2010/2002/1912
f 2100/2092/2002 2010/2002/1912 2011/2003/1913
f 2101/2093/2003 2011/2003/1913 2012/2004/1914
f 2102/2094/2004 2012/2004/1914 2013/2005/1915
f 2103/2095/2005 2013/2005/1915 2014/2006/1916
f 2104/2096/2006 2014/2006/1916 2015/2007/1917
f 2105/2097/2007 2015/2007/1917 2016/2008/1918
f 2106/2098/2008 2016/2008/1918 2017/2009/1919
f 2107/2099/2009 2017/2009/1919 2018/2010/1920
f 2108/2100/2010 2018/2010/1920 2019/2011/1921
f 2109/2101/2011 2019/2011/1921 2020/2012/1922
f 2110/2102/2012 2020/2012/1922 2021/2013/1923
f 2111/2103/2013 2021/2013/1923 2022/2014/1924
f 2112/2104/2014 2022/2014/1924 2023/2015/1925
f 2113/2105/2015 2023/2015/1925 2024/2016/1926
f 2114/2106/2016 2024/2016/1926 2025/2017/1927
f 2115/2107/2017 2025/2017/1927 2026/2018/1928
f 2116/2108/2018 2026/2018/1928 2027/2019/1929
f 2117/2109/2019 2027/2019/1929 2028/2020/1930
f 2118/2110/2020 2028/2020/1930 2029/2021/1931
f 2119/2111/2021 2029/2021/1931 2030/2022/1932
f 2120/2112/2022 2030/2022/1932 2031/2023/1933
f 2121/2113/2023 2031/2023/1933 2032/2024/1934
f 2122/2114/2024 2032/2024/1934 2033/2025/1935
f 2123/2115/2025 2033/2025/1935 2034/2026/1936
f 2124/2116/2026 2034/2026/1936 2035/2027/1937
f 2125/2117/2027 2035/2027/1937 2036/2028/1938
f 2126/2118/2028 2036/2028/1938 2037/2029/1939
f 2127/2119/2029 2037/2029/1939 2038/2030/1940
f 2128/2120/2030 2038/2030/1940 2039/2031/1941
f 2129/2121/2031 2039/2031/1941 2040/2032/1942
f 2130/2122/2032 2040/2032/1942 2041/2033/1943
f 2131/2123/2033 2041/2033/1943 2042/2034/1944
f 2132/2124/2034 2042/2034/1944 2043/2035/1945
f 2133/2125/2035 2043/2035/1945 2044/2036/1946
f 2134/2126/2036 2044/2036/1946 2045/2037/1947
f 2135/2127/2037 2045/2037/1947 2046/2038/1948
f 2136/2128/2038 2046/2038/1948 2047/2039/1949
f 2137/2129/2039 2047/2039/1949 2048/2040/1950
f 2138/2130/2040 2048/2040/1950 2049/2041/1951
f 2139/2131/2041 2049/2041/1951 2050/2042/1952
f 2140/2132/2042 2050/2042/1952 2051/2043/1953
f 2141/2133/2043 2051/2043/1953 2052/2044/1954
f 2142/2134/2044 2052/2044/1954 2053/2045/1955
f 2143/2135/2045 2053/2045/1955 2054/2046/1956
f 2144/2136/2046 2054/2046/1956 2055/2047/1957
f 2145/2137/2047 2055/2047/1957 2056/2048/1958
f 2146/2138/2048 2056/2048/1958 2057/2049/1959
f 2147/2139/2049 2057/2049/1959 2058/2050/1960
f 2148/2140/2050 2058/2050/1960 2059/2051/1961
f 2149/2141/2051 2059/2051/1961 2060/2052/1962
f 2150/2142/2052 2060/2052/1962 2061/2053/1963
f 2151/2143/2053 2061/2053/1963 2062/2054/1964
f 2152/2144/2054 2062/2054/1964 2063/2055/1965
f 2153/2145/2055 2063/2055/1965 2064/2056/1966
f 2154/2146/2056 2064/2056/1966 2065/2057/1967
f 2155/2147/2057 2065/2057/1967 2066/2058/1968
f 2156/2148/2058 2066/2058/1968 2067/2059/1969
f 2157/2149/2059 2067/2059/1969 2068/2060/1970
f 2158/2150/2060 2068/2060/1970 2069/2061/1971
f 2159/2151/2061 2069/2061/1971 2070/2062/1972
f 2160/2152/2062 2070/2062/1972 2071/2063/1973
f 2161/2153/2063 2071/2063/1973 2072/2064/1974
f 2162/2154/2064 2072/2064/1974 2073/2065/1975
f 2163/2155/2065 2073/2065/1975 2074/2066/1976
f 2164/2156/2066 2074/2066/1976 2075/2067/1977
f 2165/2157/2067 2075/2067/1977 2076/2068/1978
f 2166/2158/2068 2076/2068/1978 2077/2069/1979
f 2167/2159/2069 2077/2069/1979 2078/2070/1980
f 2168/2160/2070 2078/2070/1980 2079/2071/1981
f 2169/2161/2071 2079/2071/1981 1990/1982/1892
f 2170/2162/2072 2080/2072/1982 2081/2073/1983
f 2171/2163/2073 2081/2073/1983 2082/2074/1984
f 2172/2164/2074 2082/2074/1984 2083/2075/1985
f 2173/2165/2075 2083/2075/1985 2084/2076/1986
f 2174/2166/2076 2084/2076/1986 2085/2077/1987
f 2175/2167/2077 2085/2077/1987 2086/2078/1988
f 2176/2168/2078 2086/2078/1988 2087/2079/1989
f 2177/2169/2079 2087/2079/1989 2088/2080/1990
f 2178/2170/2080 2088/2080/1990 2089/2081/1991
f 2179/2171/2081 2089/2081/1991 2090/2082/1992
f 2180/2172/2082 2090/2082/1992 2091/2083/1993
f 2181/2173/2083 2091/2083/1993 2092/2084/1994
f 2182/2174/2084 2092/2084/1994 2093/2085/1995
f 2183/2175/2085 2093/2085/1995 2094/2086/1996
f 2184/2176/2086 2094/2086/1996 2095/2087/1997
f 2185/2177/2087 2095/2087/1997 2096/2088/1998
f 2186/2178/2088 2096/2088/1998 2097/2089/1999
f 2187/2179/2089 2097/2089/1999 2098/2090/2000
f 2188/2180/2090 2098/2090/2000 2099/2091/2001
f 2189/2181/2091 2099/2091/2001 2100/2092/2002
f 2190/2182/2092 2100/2092/2002 2101/2093/2003
f 2191/2183/2093 2101/2093/2003 2102/2094/2004
f 2192/2184/2094 2102/2094/2004 2103/2095/2005
f 2193/2185/2095 2103/2095/2005 2104/2096/2006
f 2194/2186/2096 2104/2096/2006 2105/2097/2007
f 2195/2187/2097 2105/2097/2007 2106/2098/2008
f 2196/2188/2098 2106/2098/2008 2107/2099/2009
f 2197/2189/2099 2107/2099/2009 2108/2100/2010
f 2198/2190/2100 2108/2100/2010 2109/2101/2011
f 2199/2191/2101 2109/2101/2011 2110/2102/2012
f 2200/2192/2102 2110/2102/2012 2111/2103/2013
f 2201/2193/2103 2111/2103/2013 2112/2104/2014
f 2202/2194/2104 2112/2104/2014 2113/2105/2015
f 2203/2195/2105 2113/2105/2015 2114/2106/2016
f 2204/2196/2106 2114/2106/2016 2115/2107/2017
f 2205/2197/2107 2115/2107/2017 2116/2108/2018
f 2206/2198/2108 2116/2108/2018 2117/2109/2019
f 2207/2199/2109 2117/2109/2019 2118/2110/2020
f 2208/2200/2110 2118/2110/2020 2119/2111/2021
f 2209/2201/2111 2119/2111/2021 2120/2112/2022
f 2210/2202/2112 2120/2112/2022 2121/2113/2023
f 2211/2203/2113 2121/2113/2023 2122/2114/2024
f 2212/2204/2114 2122/2114/2024 2123/2115/2025
f 2213/2205/2115 2123/2115/2025 2124/2116/2026
f 2214/2206/2116 2124/2116/2026 2125/2117/2027
f 2215/2207/2117 2125/2117/2027 2126/2118/2028
f 2216/2208/2118 2126/2118/2028 2127/2119/2029
f 2217/2209/2119 2127/2119/2029 2128/2120/2030
f 2218/2210/2120 2128/2120/2030 2129/2121/2031
f 2219/2211/2121 2129/2121/2031 2130/2122/2032
f 2220/2212/2122 2130/2122/2032 2131/2123/2033
f 2221/2213/2123 2131/2123/2033 2132/2124/2034
f 2222/2214/2124 2132/2124/2034 2133/2125/2035
f 2223/2215/2125 2133/2125/2035 2134/2126/2036
f 2224/2216/2126 2134/2126/2036 2135/2127/2037
f 2225/2217/2127 2135/2127/2037 2136/2128/2038
f 2226/2218/2128 2136/2128/2038 2137/2129/2039
f 2227/2219/2129 2137/2129/2039 2138/2130/2040
f 2228/2220/2130 2138/2130/2040 2139/2131/2041
f 2229/2221/2131 2139/2131/2041 2140/2132/2042
f 2230/2222/2132 2140/2132/2042 2141/2133/2043
f 2231/2223/2133 2141/2133/2043 2142/2134/2044
f 2232/2224/2134 2142/2134/2044 2143/2135/2045
f 2233/2225/2135 2143/2135/2045 2144/2136/2046
f 2234/2226/2136 2144/2136/2046 2145/2137/2047
f 2235/2227/2137 2145/2137/2047 2146/2138/2048
f 2236/2228/2138 2146/2138/2048 2147/2139/2049
f 2237/2229/2139 2147/2139/2049 2148/2140/2050
f 2238/2230/2140 2148/2140/2050 2149/2141/2051
f 2239/2231/2141 2149/2141/2051 2150/2142/2052
f 2240/2232/2142 2150/2142/2052 2151/2143/2053
f 2241/2233/2143 2151/2143/2053 2152/2144/2054
f 2242/2234/2144 2152/2144/2054 2153/2145/2055
f 2243/2235/2145 2153/2145/2055 2154/2146/2056
f 2244/2236/2146 2154/2146/2056 2155/2147/2057
f 2245/2237/2147 2155/2147/2057 2156/2148/2058
f 2246/2238/2148 2156/2148/2058 2157/2149/2059
f 2247/2239/2149 2157/2149/2059 2158/2150/2060
f 2248/2240/2150 2158/2150/2060 2159/2151/2061
f 2249/2241/2151 2159/2151/2061 2160/2152/2062
f 2250/2242/2152 2160/2152/2062 2161/2153/2063
f 2251/2243/2153 2161/2153/2063 2162/2154/2064
f 2252/2244/2154 2162/2154/2064 2163/2155/2065
f 2253/2245/2155 2163/2155/2065 2164/2156/2066
f 2254/2246/2156 2164/2156/2066 2165/2157/2067
f 2255/2247/2157 2165/2157/2067 2166/2158/2068
f 2256/2248/2158 2166/2158/2068 2167/2159/2069
f 2257/2249/2159 2167/2159/2069 2168/2160/2070
f 2258/2250/2160 2168/2160/2070 2169/2161/2071
f 2259/2251/2161 2169/2161/2071 2080/2072/1982
f 2260/2252/2162 2170/2162/2072 2171/2163/2073
f 2261/2253/2163 2171/2163/2073 2172/2164/2074
f 2262/2254/2164 2172/2164/2074 2173/2165/2075
f 2263/2255/2165 2173/2165/2075 2174/2166/2076
f 2264/2256/2166 2174/2166/2076 2175/2167/2077
f 2265/2257/2167 2175/2167/2077 2176/2168/2078
f 2266/2258/2168 2176/2168/2078 2177/2169/2079
f 2267/2259/2169 2177/2169/2079 2178/2170/2080
f 2268/2260/2170 2178/2170/2080 2179/2171/2081
f 2269/2261/2171 2179/2171/2081 2180/2172/2082
f 2270/2262/2172 2180/2172/2082 2181/2173/2083
f 2271/2263/2173 2181/2173/2083 2182/2174/2084
f 2272/2264/2174 2182/2174/2084 2183/2175/2085
f 2273/2265/2175 2183/2175/2085 2184/2176/2086
f 2274/2266/2176 2184/2176/2086 2185/2177/2087
f 2275/2267/2177 2185/2177/2087 2186/2178/2088
f 2276/2268/2178 2186/2178/2088 2187/2179/2089
f 2277/2269/2179 2187/2179/2089 2188/2180/2090
f 2278/2270/2180 2188/2180/2090 2189/2181/2091
f 2279/2271/2181 2189/2181/2091 2190/2182/2092
f 2280/2272/2182 2190/2182/2092 2191/2183/2093
f 2281/2273/2183 2191/2183/2093 2192/2184/2094
f 2282/2274/2184 2192/2184/2094 2193/2185/2095
f 2283/2275/2185 2193/2185/2095 2194/2186/2096
f 2284/2276/2186 2194/2186/2096 2195/2187/2097
f 2285/2277/2187 2195/2187/2097 2196/2188/2098
f 2286/2278/2188 2196/2188/2098 2197/2189/2099
f 2287/2279/2189 2197/2189/2099 2198/2190/2100
f 2288/2280/2190 2198/2190/2100 2199/2191/2101
f 2289/2281/2191 2199/2191/2101 2200/2192/2102
f 2290/2282/2192 2200/2192/2102 2201/2193/2103
f 2291/2283/2193 2201/2193/2103 2202/2194/2104
f 2292/2284/2194 2202/2194/2104 2203/2195/2105
f 2293/2285/2195 2203/2195/2105 2204/2196/2106
f 2294/2286/2196 2204/2196/2106 2205/2197/2107
f 2295/2287/2197 2205/2197/2107 2206/2198/2108
f 2296/2288/2198 2206/2198/2108 2207/2199/2109
f 2297/2289/2199 2207/2199/2109 2208/2200/2110
f 2298/2290/2200 2208/2200/2110 2209/2201/2111
f 2299/2291/2201 2209/2201/2111 2210/2202/2112
f 2300/2292/2202 2210/2202/2112 2211/2203/2113
f 2301/2293/2203 2211/2203/2113 2212/2204/2114
f 2302/2294/2204 2212/2204/2114 2213/2205/2115
f 2303/2295/2205 2213/2205/2115 2214/2206/2116
f 2304/2296/2206 2214/2206/2116 2215/2207/2117
f 2305/2297/2207 2215/2207/2117 2216/2208/2118
f 2306/2298/2208 2216/2208/2118 2217/2209/2119
f 2307/2299/2209 2217/2209/2119 2218/2210/2120
f 2308/2300/2210 2218/2210/2120 2219/2211/2121
f 2309/2301/2211 2219/2211/2121 2220/2212/2122
f 2310/2302/2212 2220/2212/2122 2221/2213/2123
f 2311/2303/2213 2221/2213/2123 2222/2214/2124
f 2312/2304/2214 2222/2214/2124 2223/2215/2125
f 2313/2305/2215 2223/2215/2125 2224/2216/2126
f 2314/2306/2216 2224/2216/2126 2225/2217/2127
f 2315/2307/2217 2225/2217/2127 2226/2218/2128
f 2316/2308/2218 2226/2218/2128 2227/2219/2129
f 2317/2309/2219 2227/2219/2129 2228/2220/2130
f 2318/2310/2220 2228/2220/2130 2229/2221/2131
f 2319/2311/2221 2229/2221/2131 2230/2222/2132
f 2320/2312/2222 2230/2222/2132 2231/2223/2133
f 2321/2313/2223 2231/2223/2133 2232/2224/2134
f 2322/2314/2224 2232/2224/2134 2233/2225/2135
f 2323/2315/2225 2233/2225/2135 2234/2226/2136
f 2324/2316/2226 2234/2226/2136 2235/2227/2137
f 2325/2317/2227 2235/2227/2137 2236/2228/2138
f 2326/2318/2228 2236/2228/2138 2237/2229/2139
f 2327/2319/2229 2237/2229/2139 2238/2230/2140
f 2328/2320/2230 2238/2230/2140 2239/2231/2141
f 2329/2321/2231 2239/2231/2141 2240/2232/2142
f 2330/2322/2232 2240/2232/2142 2241/2233/2143
f 2331/2323/2233 2241/2233/2143 2242/2234/2144
f 2332/2324/2234 2242/2234/2144 2243/2235/2145
f 2333/2325/2235 2243/2235/2145 2244/2236/2146
f 2334/2326/2236 2244/2236/2146 2245/2237/2147
f 2335/2327/2237 2245/2237/2147 2246/2238/2148
f 2336/2328/2238 2246/2238/2148 2247/2239/2149
f 2337/2329/2239 2247/2239/2149 2248/2240/2150
f 2338/2330/2240 2248/2240/2150 2249/2241/2151
f 2339/2331/2241 2249/2241/2151 2250/2242/2152
f 2340/2332/2242 2250/2242/2152 2251/2243/2153
f 2341/2333/2243 2251/2243/2153 2252/2244/2154
f 2342/2334/2244 2252/2244/2154 2253/2245/2155
f 2343/2335/2245 2253/2245/2155 2254/2246/2156
f 2344/2336/2246 2254/2246/2156 2255/2247/2157
f 2345/2337/2247 2255/2247/2157 2256/2248/2158
f 2346/2338/2248 2256/2248/2158 2257/2249/2159
f 2347/2339/2249 2257/2249/2159 2258/2250/2160
f 2348/2340/2250 2258/2250/2160 2259/2251/2161
f 2349/2341/2251 2259/2251/2161 2170/2162/2072
f 2350/2342/2252 2260/2252/2162 2261/2253/2163
f 2351/2343/2253 2261/2253/2163 2262/2254/2164
f 2352/2344/2254 2262/2254/2164 2263/2255/2165
f 2353/2345/2255 2263/2255/2165 2264/2256/2166
f 2354/2346/2256 2264/2256/2166 2265/2257/2167
f 2355/2347/2257 2265/2257/2167 2266/2258/2168
f 2356/2348/2258 2266/2258/2168 2267/2259/2169
f 2357/2349/2259 2267/2259/2169 2268/2260/2170
f 2358/2350/2260 2268/2260/2170 2269/2261/2171
f 2359/2351/2261 2269/2261/2171 2270/2262/2172
f 2360/2352/2262 2270/2262/2172 2271/2263/2173
f 2361/2353/2263 2271/2263/2173 2272/2264/2174
f 2362/2354/2264 2272/2264/2174 2273/2265/2175
f 2363/2355/2265 2273/2265/2175 2274/2266/2176
f 2364/2356/2266 2274/2266/2176 2275/2267/2177
f 2365/2357/2267 2275/2267/2177 2276/2268/2178
f 2366/2358/2268 2276/2268/2178 2277/2269/2179
f 2367/2359/2269 2277/2269/2179 2278/2270/2180
f 2368/2360/2270 2278/2270/2180 2279/2271/2181
f 2369/2361/2271 2279/2271/2181 2280/2272/2182
f 2370/2362/2272 2280/2272/2182 2281/2273/2183
f 2371/2363/2273 2281/2273/2183 2282/2274/2184
f 2372/2364/2274 2282/2274/2184 2283/2275/2185
f 2373/2365/2275 2283/2275/2185 2284/2276/2186
f 2374/2366/2276 2284/2276/2186 2285/2277/2187
f 2375/2367/2277 2285/2277/2187 2286/2278/2188
f 2376/2368/2278 2286/2278/2188 2287/2279/2189
f 2377/2369/2279 2287/2279/2189 2288/2280/2190
f 2378/2370/2280 2288/2280/2190 2289/2281/2191
f 2379/2371/2281 2289/2281/2191 2290/2282/2192
f 2380/2372/2282 2290/2282/2192 2291/2283/2193
f 2381/2373/2283 2291/2283/2193 2292/2284/2194
f 2382/2374/2284 2292/2284/2194 2293/2285/2195
f 2383/2375/2285 2293/2285/2195 2294/2286/2196
f 2384/2376/2286 2294/2286/2196 2295/2287/2197
f 2385/2377/2287 2295/2287/2197 2296/2288/2198
f 2386/2378/2288 2296/2288/2198 2297/2289/2199
f 2387/2379/2289 2297/2289/2199 2298/2290/2200
f 2388/2380/2290 2298/2290/2200 2299/2291/2201
f 2389/2381/2291 2299/2291/2201 2300/2292/2202
f 2390/2382/2292 2300/2292/2202 2301/2293/2203
f 2391/2383/2293 2301/2293/2203 2302/2294/2204
f 2392/2384/2294 2302/2294/2204 2303/2295/2205
f 2393/2385/2295 2303/2295/2205 2304/2296/2206
f 2394/2386/2296 2304/2296/2206 2305/2297/2207
f 2395/2387/2297 2305/2297/2207 2306/2298/2208
f 2396/2388/2298 2306/2298/2208 2307/2299/2209
f 2397/2389/2299 2307/2299/2209 2308/2300/2210
f 2398/2390/2300 2308/2300/2210 2309/2301/2211
f 2399/2391/2301 2309/2301/2211 2310/2302/2212
f 2400/2392/2302 2310/2302/2212 2311/2303/2213
f 2401/2393/2303 2311/2303/2213 2312/2304/2214
f 2402/2394/2304 2312/2304/2214 2313/2305/2215
f 2403/2395/2305 2313/2305/2215 2314/2306/2216
f 2404/2396/2306 2314/2306/2216 2315/2307/2217
f 2405/2397/2307 2315/2307/2217 2316/2308/2218
f 2406/2398/2308 2316/2308/2218 2317/2309/2219
f 2407/2399/2309 2317/2309/2219 2318/2310/2220
f 2408/2400/2310 2318/2310/2220 2319/2311/2221
f 2409/2401/2311 2319/2311/2221 2320/2312/2222
f 2410/2402/2312 2320/2312/2222 2321/2313/2223
f 2411/2403/2313 2321/2313/2223 2322/2314/2224
f 2412/2404/2314 2322/2314/2224 2323/2315/2225
f 2413/2405/2315 2323/2315/2225 2324/2316/2226
f 2414/2406/2316 2324/2316/2226 2325/2317/2227
f 2415/2407/2317 2325/2317/2227 2326/2318/2228
f 2416/2408/2318 2326/2318/2228 2327/2319/2229
f 2417/2409/2319 2327/2319/2229 2328/2320/2230
f 2418/2410/2320 2328/2320/2230 2329/2321/2231
f 2419/2411/2321 2329/2321/2231 2330/2322/2232
f 2420/2412/2322 2330/2322/2232 2331/2323/2233
f 2421/2413/2323 2331/2323/2233 2332/2324/2234
f 2422/2414/2324 2332/2324/2234 2333/2325/2235
f 2423/2415/2325 2333/2325/2235 2334/2326/2236
f 2424/2416/2326 2334/2326/2236 2335/2327/2237
f 2425/2417/2327 2335/2327/2237 2336/2328/2238
f 2426/2418/2328 2336/2328/2238 2337/2329/2239
f 2427/2419/2329 2337/2329/2239 2338/2330/2240
f 2428/2420/2330 2338/2330/2240 2339/2331/2241
f 2429/2421/2331 2339/2331/2241 2340/2332/2242
f 2430/2422/2332 2340/2332/2242 2341/2333/2243
f 2431/2423/2333 2341/2333/2243 2342/2334/2244
f 2432/2424/2334 2342/2334/2244 2343/2335/2245
f 2433/2425/2335 2343/2335/2245 2344/2336/2246
f 2434/2426/2336 2344/2336/2246 2345/2337/2247
f 2435/2427/2337 2345/2337/2247 2346/2338/2248
f 2436/2428/2338 2346/2338/2248 2347/2339/2249
f 2437/2429/2339 2347/2339/2249 2348/2340/2250
f 2438/2430/2340 2348/2340/2250 2349/2341/2251
f 2439/2431/2341 2349/2341/2251 2260/2252/2162
f 2440/2432/2342 2350/2342/2252 2351/2343/2253
f 2441/2433/2343 2351/2343/2253 2352/2344/2254
f 2442/2434/2344 2352/2344/2254 2353/2345/2255
f 2443/2435/2345 2353/2345/2255 2354/2346/2256
f 2444/2436/2346 2354/2346/2256 2355/2347/2257
f 2445/2437/2347 2355/2347/2257 2356/2348/2258
f 2446/2438/2348 2356/2348/2258 2357/2349/2259
f 2447/2439/2349 2357/2349/2259 2358/2350/2260
f 2448/2440/2350 2358/2350/2260 2359/2351/2261
f 2449/2441/2351 2363/2355/2265 2364/2356/2266
f 2450/2442/2352 2364/2356/2266 2365/2357/2267
f 2451/2443/2353 2365/2357/2267 2366/2358/2268
f 2452/2444/2354 2366/2358/2268 2367/2359/2269
f 2453/2445/2355 2367/2359/2269 2368/2360/2270
f 2454/2446/2356 2368/2360/2270 2369/2361/2271
f 2455/2447/2357 2369/2361/2271 2370/2362/2272
f 2456/2448/2358 2370/2362/2272 2371/2363/2273
f 2457/2449/2359 2371/2363/2273 2372/2364/2274
f 2458/2450/2360 2372/2364/2274 2373/2365/2275
f 2459/2451/2361 2373/2365/2275 2374/2366/2276
f 2460/2452/2362 2374/2366/2276 2375/2367/2277
f 2461/2453/2363 2375/2367/2277 2376/2368/2278
f 2462/2454/2364 2376/2368/2278 2377/2369/2279
f 2463/2455/2365 2377/2369/2279 2378/2370/2280
f 2464/2456/2366 2378/2370/2280 2379/2371/2281
f 2465/2457/2367 2379/2371/2281 2380/2372/2282
f 2466/2458/2368 2380/2372/2282 2381/2373/2283
f 2467/2459/2369 2381/2373/2283 2382/2374/2284
f 2468/2460/2370 2386/2378/2288 2387/2379/2289
f 2469/2461/2371 2387/2379/2289 2388/2380/2290
f 2470/2462/2372 2388/2380/2290 2389/2381/2291
f 2471/2463/2373 2389/2381/2291 2390/2382/2292
f 2472/2464/2374 2390/2382/2292 2391/2383/2293
f 2473/2465/2375 2391/2383/2293 2392/2384/2294
f 2474/2466/2376 2392/2384/2294 2393/2385/2295
f 2475/2467/2377 2393/2385/2295 2394/2386/2296
f 2476/2468/2378 2394/2386/2296 2395/2387/2297
f 2477/2469/2379 2395/2387/2297 2396/2388/2298
f 2478/2470/2380 2396/2388/2298 2397/2389/2299
f 2479/2471/2381 2397/2389/2299 2398/2390/2300
f 2480/2472/2382 2398/2390/2300 2399/2391/2301
f 2481/2473/2383 2399/2391/2301 2400/2392/2302
f 2482/2474/2384 2400/2392/2302 2401/2393/2303
f 2483/2475/2385 2401/2393/2303 2402/2394/2304
f 2484/2476/2386 2402/2394/2304 2403/2395/2305
f 2485/2477/2387 2403/2395/2305 2404/2396/2306
f 2486/2478/2388 2408/2400/2310 2409/2401/2311
f 2487/2479/2389 2409/2401/2311 2410/2402/2312
f 2488/2480/2390 2410/2402/2312 2411/2403/2313
f 2489/2481/2391 2411/2403/2313 2412/2404/2314
f 2490/2482/2392 2412/2404/2314 2413/2405/2315
f 2491/2483/2393 2413/2405/2315 2414/2406/2316
f 2492/2484/2394 2414/2406/2316 2415/2407/2317
f 2493/2485/2395 2415/2407/2317 2416/2408/2318
f 2494/2486/2396 2416/2408/2318 2417/2409/2319
f 2495/2487/2397 2417/2409/2319 2418/2410/2320
f 2496/2488/2398 2418/2410/2320 2419/2411/2321
f 2497/2489/2399 2419/2411/2321 2420/2412/2322
f 2498/2490/2400 2420/2412/2322 2421/2413/2323
f 2499/2491/2401 2421/2413/2323 2422/2414/2324
f 2500/2492/2402 2422/2414/2324 2423/2415/2325
f 2501/2493/2403 2423/2415/2325 2424/2416/2326
f 2502/2494/2404 2424/2416/2326 2425/2417/2327
f 2503/2495/2405 2425/2417/2327 2426/2418/2328
f 2504/2496/2406 2426/2418/2328 2427/2419/2329
f 2505/2497/2407 2431/2423/2333 2432/2424/2334
f 2506/2498/2408 2432/2424/2334 2433/2425/2335
f 2507/2499/2409 2433/2425/2335 2434/2426/2336
f 2508/2500/2410 2434/2426/2336 2435/2427/2337
f 2509/2501/2411 2435/2427/2337 2436/2428/2338
f 2510/2502/2412 2436/2428/2338 2437/2429/2339
f 2511/2503/2413 2437/2429/2339 2438/2430/2340
f 2512/2504/2414 2438/2430/2340 2439/2431/2341
f 2513/2505/2415 2439/2431/2341 2350/2342/2252
f 2427/2419/2329 92/2506/2416 93/2507/2417
f 2427/2419/2329 2428/2420/2330 92/2506/2416
f 2504/2496/2406 2514/2508/2418 94/2509/2419
f 2503/2495/2405 2504/2496/2406 95/2510/2420
f 96/2511/2421 2502/2494/2404 2503/2495/2405
f 2501/2493/2403 2502/2494/2404 96/2511/2421
f 2500/2492/2402 2501/2493/2403 97/2512/2422
f 2499/2491/2401 2500/2492/2402 98/2513/2423
f 2498/2490/2400 2499/2491/2401 99/2514/2424
f 2497/2489/2399 2498/2490/2400 100/2515/2425
f 2496/2488/2398 2497/2489/2399 101/2516/2426
f 2496/2488/2398 102/2517/2427 103/2518/2428
f 2495/2487/2397 103/2518/2428 104/2519/2429
f 2494/2486/2396 104/2519/2429 105/2520/2430
f 2493/2485/2395 105/2520/2430 106/2521/2431
f 2492/2484/2394 106/2521/2431 107/2522/2432
f 2491/2483/2393 107/2522/2432 108/2523/2433
f 2490/2482/2392 108/2523/2433 109/2524/2434
f 2489/2481/2391 109/2524/2434 110/2525/2435
f 2488/2480/2390 110/2525/2435 111/2526/2436
f 2487/2479/2389 111/2526/2436 112/2527/2437
f 2408/2400/2310 2486/2478/2388 113/2528/2438
f 113/2528/2438 114/2529/2439 2408/2400/2310
f 2407/2399/2309 114/2529/2439 115/2530/2440
f 2405/2397/2307 2406/2398/2308 115/2530/2440
f 2404/2396/2306 2405/2397/2307 116/2531/2441
f 116/2531/2441 117/2532/2442 2404/2396/2306
f 2485/2477/2387 2515/2533/2443 118/2534/2444
f 119/2535/2445 2484/2476/2386 2485/2477/2387
f 2483/2475/2385 2484/2476/2386 119/2535/2445
f 2482/2474/2384 2483/2475/2385 120/2536/2446
f 2481/2473/2383 2482/2474/2384 121/2537/2447
f 2480/2472/2382 2481/2473/2383 122/2538/2448
f 2479/2471/2381 2480/2472/2382 123/2539/2449
f 2478/2470/2380 2479/2471/2381 124/2540/2450
f 2477/2469/2379 2478/2470/2380 125/2541/2451
f 2477/2469/2379 126/2542/2452 127/2543/2453
f 2476/2468/2378 127/2543/2453 128/2544/2454
f 2475/2467/2377 128/2544/2454 129/2545/2455
f 129/2545/2455 130/2546/2456 2473/2465/2375
f 2473/2465/2375 130/2546/2456 131/2547/2457
f 2472/2464/2374 131/2547/2457 132/2548/2458
f 2471/2463/2373 132/2548/2458 133/2549/2459
f 133/2549/2459 134/2550/2460 2469/2461/2371
f 2469/2461/2371 134/2550/2460 135/2551/2461
f 2386/2378/2288 136/2552/2462 137/2553/2463
f 2386/2378/2288 2468/2460/2370 136/2552/2462
f 2385/2377/2287 137/2553/2463 138/2554/2464
f 2383/2375/2285 2384/2376/2286 138/2554/2464
f 2382/2374/2284 139/2555/2465 140/2556/2466
f 2382/2374/2284 2383/2375/2285 139/2555/2465
f 2467/2459/2369 2516/2557/2467 141/2558/2468
f 2466/2458/2368 2467/2459/2369 142/2559/2469
f 143/2560/2470 2465/2457/2367 2466/2458/2368
f 2464/2456/2366 2465/2457/2367 143/2560/2470
f 2463/2455/2365 2464/2456/2366 144/2561/2471
f 2462/2454/2364 2463/2455/2365 145/2562/2472
f 2461/2453/2363 2462/2454/2364 146/2563/2473
f 2460/2452/2362 2461/2453/2363 147/2564/2474
f 2459/2451/2361 2460/2452/2362 148/2565/2475
f 2459/2451/2361 149/2566/2476 150/2567/2477
f 2458/2450/2360 150/2567/2477 151/2568/2478
f 2457/2449/2359 151/2568/2478 152/2569/2479
f 2456/2448/2358 152/2569/2479 153/2570/2480
f 2455/2447/2357 153/2570/2480 154/2571/2481
f 2454/2446/2356 154/2571/2481 155/2572/2482
f 2453/2445/2355 155/2572/2482 156/2573/2483
f 2452/2444/2354 156/2573/2483 157/2574/2484
f 2451/2443/2353 157/2574/2484 158/2575/2485
f 2450/2442/2352 158/2575/2485 159/2576/2486
f 2363/2355/2265 2449/2441/2351 160/2577/2487
f 160/2577/2487 161/2578/2488 2363/2355/2265
f 2362/2354/2264 161/2578/2488 162/2579/2489
f 2360/2352/2262 2361/2353/2263 162/2579/2489
f 2359/2351/2261 2360/2352/2262 163/2580/2490
f 163/2580/2490 164/2581/2491 2359/2351/2261
f 2448/2440/2350 2517/2582/2492 165/2583/2493
f 166/2584/2494 2447/2439/2349 2448/2440/2350
f 2446/2438/2348 2447/2439/2349 166/2584/2494
f 2445/2437/2347 2446/2438/2348 167/2585/2495
f 2444/2436/2346 2445/2437/2347 168/2586/2496
f 2443/2435/2345 2444/2436/2346 169/2587/2497
f 2442/2434/2344 2443/2435/2345 170/2588/2498
f 2441/2433/2343 2442/2434/2344 171/2589/2499
f 2440/2432/2342 2441/2433/2343 172/2590/2500
f 2440/2432/2342 173/2591/2501 174/2592/2502
f 2513/2505/2415 174/2592/2502 175/2593/2503
f 2512/2504/2414 175/2593/2503 176/2594/2504
f 176/2594/2504 177/2595/2505 2510/2502/2412
f 2510/2502/2412 177/2595/2505 178/2596/2506
f 2509/2501/2411 178/2596/2506 179/2597/2507
f 2508/2500/2410 179/2597/2507 180/2598/2508
f 180/2598/2508 181/2599/2509 2506/2498/2408
f 2506/2498/2408 181/2599/2509 182/2600/2510
f 2431/2423/2333 183/2601/2511 184/2602/2512
f 2431/2423/2333 2505/2497/2407 183/2601/2511
f 2430/2422/2332 184/2602/2512 185/2603/2513
f 2428/2420/2330 2429/2421/2331 185/2603/2513
f 185/2603/2513 92/2506/2416 2428/2420/2330
f 185/2603/2513 2429/2421/2331 2430/2422/2332
f 184/2602/2512 2430/2422/2332 2431/2423/2333
f 183/2601/2511 2505/2497/2407 182/2600/2510
f 182/2600/2510 2505/2497/2407 2506/2498/2408
f 2506/2498/2408 2507/2499/2409 180/2598/2508
f 180/2598/2508 2507/2499/2409 2508/2500/2410
f 179/2597/2507 2508/2500/2410 2509/2501/2411
f 178/2596/2506 2509/2501/2411 2510/2502/2412
f 2510/2502/2412 2511/2503/2413 176/2594/2504
f 176/2594/2504 2511/2503/2413 2512/2504/2414
f 175/2593/2503 2512/2504/2414 2513/2505/2415
f 174/2592/2502 2513/2505/2415 2440/2432/2342
f 172/2590/2500 173/2591/2501 2440/2432/2342
f 171/2589/2499 172/2590/2500 2441/2433/2343
f 170/2588/2498 171/2589/2499 2442/2434/2344
f 169/2587/2497 170/2588/2498 2443/2435/2345
f 168/2586/2496 169/2587/2497 2444/2436/2346
f 167/2585/2495 168/2586/2496 2445/2437/2347
f 166/2584/2494 167/2585/2495 2446/2438/2348
f 2448/2440/2350 186/2604/2514 166/2584/2494
f 165/2583/2493 186/2604/2514 2448/2440/2350
f 165/2583/2493 2517/2582/2492 164/2581/2491
f 164/2581/2491 2517/2582/2492 2359/2351/2261
f 162/2579/2489 163/2580/2490 2360/2352/2262
f 162/2579/2489 2361/2353/2263 2362/2354/2264
f 161/2578/2488 2362/2354/2264 2363/2355/2265
f 160/2577/2487 2449/2441/2351 159/2576/2486
f 159/2576/2486 2449/2441/2351 2450/2442/2352
f 158/2575/2485 2450/2442/2352 2451/2443/2353
f 157/2574/2484 2451/2443/2353 2452/2444/2354
f 156/2573/2483 2452/2444/2354 2453/2445/2355
f 155/2572/2482 2453/2445/2355 2454/2446/2356
f 154/2571/2481 2454/2446/2356 2455/2447/2357
f 153/2570/2480 2455/2447/2357 2456/2448/2358
f 152/2569/2479 2456/2448/2358 2457/2449/2359
f 151/2568/2478 2457/2449/2359 2458/2450/2360
f 150/2567/2477 2458/2450/2360 2459/2451/2361
f 148/2565/2475 149/2566/2476 2459/2451/2361
f 147/2564/2474 148/2565/2475 2460/2452/2362
f 146/2563/2473 147/2564/2474 2461/2453/2363
f 145/2562/2472 146/2563/2473 2462/2454/2364
f 144/2561/2471 145/2562/2472 2463/2455/2365
f 143/2560/2470 144/2561/2471 2464/2456/2366
f 2466/2458/2368 187/2605/2515 143/2560/2470
f 142/2559/2469 187/2605/2515 2466/2458/2368
f 141/2558/2468 142/2559/2469 2467/2459/2369
f 141/2558/2468 2516/2557/2467 140/2556/2466
f 140/2556/2466 2516/2557/2467 2382/2374/2284
f 138/2554/2464 139/2555/2465 2383/2375/2285
f 138/2554/2464 2384/2376/2286 2385/2377/2287
f 137/2553/2463 2385/2377/2287 2386/2378/2288
f 136/2552/2462 2468/2460/2370 135/2551/2461
f 135/2551/2461 2468/2460/2370 2469/2461/2371
f 2469/2461/2371 2470/2462/2372 133/2549/2459
f 133/2549/2459 2470/2462/2372 2471/2463/2373
f 132/2548/2458 2471/2463/2373 2472/2464/2374
f 131/2547/2457 2472/2464/2374 2473/2465/2375
f 2473/2465/2375 2474/2466/2376 129/2545/2455
f 129/2545/2455 2474/2466/2376 2475/2467/2377
f 128/2544/2454 2475/2467/2377 2476/2468/2378
f 127/2543/2453 2476/2468/2378 2477/2469/2379
f 125/2541/2451 126/2542/2452 2477/2469/2379
f 124/2540/2450 125/2541/2451 2478/2470/2380
f 123/2539/2449 124/2540/2450 2479/2471/2381
f 122/2538/2448 123/2539/2449 2480/2472/2382
f 121/2537/2447 122/2538/2448 2481/2473/2383
f 120/2536/2446 121/2537/2447 2482/2474/2384
f 119/2535/2445 120/2536/2446 2483/2475/2385
f 2485/2477/2387 188/2606/2516 119/2535/2445
f 118/2534/2444 188/2606/2516 2485/2477/2387
f 118/2534/2444 2515/2533/2443 117/2532/2442
f 117/2532/2442 2515/2533/2443 2404/2396/2306
f 115/2530/2440 116/2531/2441 2405/2397/2307
f 115/2530/2440 2406/2398/2308 2407/2399/2309
f 114/2529/2439 2407/2399/2309 2408/2400/2310
f 113/2528/2438 2486/2478/2388 112/2527/2437
f 112/2527/2437 2486/2478/2388 2487/2479/2389
f 111/2526/2436 2487/2479/2389 2488/2480/2390
f 110/2525/2435 2488/2480/2390 2489/2481/2391
f 109/2524/2434 2489/2481/2391 2490/2482/2392
f 108/2523/2433 2490/2482/2392 2491/2483/2393
f 107/2522/2432 2491/2483/2393 2492/2484/2394
f 106/2521/2431 2492/2484/2394 2493/2485/2395
f 105/2520/2430 2493/2485/2395 2494/2486/2396
f 104/2519/2429 2494/2486/2396 2495/2487/2397
f 103/2518/2428 2495/2487/2397 2496/2488/2398
f 101/2516/2426 102/2517/2427 2496/2488/2398
f 100/2515/2425 101/2516/2426 2497/2489/2399
f 99/2514/2424 100/2515/2425 2498/2490/2400
f 98/2513/2423 99/2514/2424 2499/2491/2401
f 97/2512/2422 98/2513/2423 2500/2492/2402
f 96/2511/2421 97/2512/2422 2501/2493/2403
f 2503/2495/2405 189/2607/2517 96/2511/2421
f 95/2510/2420 189/2607/2517 2503/2495/2405
f 94/2509/2419 95/2510/2420 2504/2496/2406
f 94/2509/2419 2514/2508/2418 93/2507/2417
f 93/2507/2417 2514/2508/2418 2427/2419/2329
f 2350/2342/2252 2440/2432/2342 2513/2505/2415
f 2439/2431/2341 2513/2505/2415 2512/2504/2414
f 2438/2430/2340 2512/2504/2414 2511/2503/2413
f 2437/2429/2339 2511/2503/2413 2510/2502/2412
f 2436/2428/2338 2510/2502/2412 2509/2501/2411
f 2435/2427/2337 2509/2501/2411 2508/2500/2410
f 2434/2426/2336 2508/2500/2410 2507/2499/2409
f 2433/2425/2335 2507/2499/2409 2506/2498/2408
f 2432/2424/2334 2506/2498/2408 2505/2497/2407
f 2427/2419/2329 2514/2508/2418 2504/2496/2406
f 2426/2418/2328 2504/2496/2406 2503/2495/2405
f 2425/2417/2327 2503/2495/2405 2502/2494/2404
f 2424/2416/2326 2502/2494/2404 2501/2493/2403
f 2423/2415/2325 2501/2493/2403 2500/2492/2402
f 2422/2414/2324 2500/2492/2402 2499/2491/2401
f 2421/2413/2323 2499/2491/2401 2498/2490/2400
f 2420/2412/2322 2498/2490/2400 2497/2489/2399
f 2419/2411/2321 2497/2489/2399 2496/2488/2398
f 2418/2410/2320 2496/2488/2398 2495/2487/2397
f 2417/2409/2319 2495/2487/2397 2494/2486/2396
f 2416/2408/2318 2494/2486/2396 2493/2485/2395
f 2415/2407/2317 2493/2485/2395 2492/2484/2394
f 2414/2406/2316 2492/2484/2394 2491/2483/2393
f 2413/2405/2315 2491/2483/2393 2490/2482/2392
f 2412/2404/2314 2490/2482/2392 2489/2481/2391
f 2411/2403/2313 2489/2481/2391 2488/2480/2390
f 2410/2402/2312 2488/2480/2390 2487/2479/2389
f 2409/2401/2311 2487/2479/2389 2486/2478/2388
f 2404/2396/2306 2515/2533/2443 2485/2477/2387
f 2403/2395/2305 2485/2477/2387 2484/2476/2386
f 2402/2394/2304 2484/2476/2386 2483/2475/2385
f 2401/2393/2303 2483/2475/2385 2482/2474/2384
f 2400/2392/2302 2482/2474/2384 2481/2473/2383
f 2399/2391/2301 2481/2473/2383 2480/2472/2382
f 2398/2390/2300 2480/2472/2382 2479/2471/2381
f 2397/2389/2299 2479/2471/2381 2478/2470/2380
f 2396/2388/2298 2478/2470/2380 2477/2469/2379
f 2395/2387/2297 2477/2469/2379 2476/2468/2378
f 2394/2386/2296 2476/2468/2378 2475/2467/2377
f 2393/2385/2295 2475/2467/2377 2474/2466/2376
f 2392/2384/2294 2474/2466/2376 2473/2465/2375
f 2391/2383/2293 2473/2465/2375 2472/2464/2374
f 2390/2382/2292 2472/2464/2374 2471/2463/2373
f 2389/2381/2291 2471/2463/2373 2470/2462/2372
f 2388/2380/2290 2470/2462/2372 2469/2461/2371
f 2387/2379/2289 2469/2461/2371 2468/2460/2370
f 2382/2374/2284 2516/2557/2467 2467/2459/2369
f 2381/2373/2283 2467/2459/2369 2466/2458/2368
f 2380/2372/2282 2466/2458/2368 2465/2457/2367
f 2379/2371/2281 2465/2457/2367 2464/2456/2366
f 2378/2370/2280 2464/2456/2366 2463/2455/2365
f 2377/2369/2279 2463/2455/2365 2462/2454/2364
f 2376/2368/2278 2462/2454/2364 2461/2453/2363
f 2375/2367/2277 2461/2453/2363 2460/2452/2362
f 2374/2366/2276 2460/2452/2362 2459/2451/2361
f 2373/2365/2275 2459/2451/2361 2458/2450/2360
f 2372/2364/2274 2458/2450/2360 2457/2449/2359
f 2371/2363/2273 2457/2449/2359 2456/2448/2358
f 2370/2362/2272 2456/2448/2358 2455/2447/2357
f 2369/2361/2271 2455/2447/2357 2454/2446/2356
f 2368/2360/2270 2454/2446/2356 2453/2445/2355
f 2367/2359/2269 2453/2445/2355 2452/2444/2354
f 2366/2358/2268 2452/2444/2354 2451/2443/2353
f 2365/2357/2267 2451/2443/2353 2450/2442/2352
f 2364/2356/2266 2450/2442/2352 2449/2441/2351
f 2359/2351/2261 2517/2582/2492 2448/2440/2350
f 2358/2350/2260 2448/2440/2350 2447/2439/2349
f 2357/2349/2259 2447/2439/2349 2446/2438/2348
f 2356/2348/2258 2446/2438/2348 2445/2437/2347
f 2355/2347/2257 2445/2437/2347 2444/2436/2346
f 2354/2346/2256 2444/2436/2346 2443/2435/2345
f 2353/2345/2255 2443/2435/2345 2442/2434/2344
f 2352/2344/2254 2442/2434/2344 2441/2433/2343
f 2351/2343/2253 2441/2433/2343 2440/2432/2342
f 2260/2252/2162 2350/2342/2252 2439/2431/2341
f 2349/2341/2251 2439/2431/2341 2438/2430/2340
f 2348/2340/2250 2438/2430/2340 2437/2429/2339
f 2347/2339/2249 2437/2429/2339 2436/2428/2338
f 2346/2338/2248 2436/2428/2338 2435/2427/2337
f 2345/2337/2247 2435/2427/2337 2434/2426/2336
f 2344/2336/2246 2434/2426/2336 2433/2425/2335
f 2343/2335/2245 2433/2425/2335 2432/2424/2334
f 2342/2334/2244 2432/2424/2334 2431/2423/2333
f 2341/2333/2243 2431/2423/2333 2430/2422/2332
f 2340/2332/2242 2430/2422/2332 2429/2421/2331
f 2339/2331/2241 2429/2421/2331 2428/2420/2330
f 2338/2330/2240 2428/2420/2330 2427/2419/2329
f 2337/2329/2239 2427/2419/2329 2426/2418/2328
f 2336/2328/2238 2426/2418/2328 2425/2417/2327
f 2335/2327/2237 2425/2417/2327 2424/2416/2326
f 2334/2326/2236 2424/2416/2326 2423/2415/2325
f 2333/2325/2235 2423/2415/2325 2422/2414/2324
f 2332/2324/2234 2422/2414/2324 2421/2413/2323
f 2331/2323/2233 2421/2413/2323 2420/2412/2322
f 2330/2322/2232 2420/2412/2322 2419/2411/2321
f 2329/2321/2231 2419/2411/2321 2418/2410/2320
f 2328/2320/2230 2418/2410/2320 2417/2409/2319
f 2327/2319/2229 2417/2409/2319 2416/2408/2318
f 2326/2318/2228 2416/2408/2318 2415/2407/2317
f 2325/2317/2227 2415/2407/2317 2414/2406/2316
f 2324/2316/2226 2414/2406/2316 2413/2405/2315
f 2323/2315/2225 2413/2405/2315 2412/2404/2314
f 2322/2314/2224 2412/2404/2314 2411/2403/2313
f 2321/2313/2223 2411/2403/2313 2410/2402/2312
f 2320/2312/2222 2410/2402/2312 2409/2401/2311
f 2319/2311/2221 2409/2401/2311 2408/2400/2310
f 2318/2310/2220 2408/2400/2310 2407/2399/2309
f 2317/2309/2219 2407/2399/2309 2406/2398/2308
f 2316/2308/2218 2406/2398/2308 2405/2397/2307
f 2315/2307/2217 2405/2397/2307 2404/2396/2306
f 2314/2306/2216 2404/2396/2306 2403/2395/2305
f 2313/2305/2215 2403/2395/2305 2402/2394/2304
f 2312/2304/2214 2402/2394/2304 2401/2393/2303
f 2311/2303/2213 2401/2393/2303 2400/2392/2302
f 2310/2302/2212 2400/2392/2302 2399/2391/2301
f 2309/2301/2211 2399/2391/2301 2398/2390/2300
f 2308/2300/2210 2398/2390/2300 2397/2389/2299
f 2307/2299/2209 2397/2389/2299 2396/2388/2298
f 2306/2298/2208 2396/2388/2298 2395/2387/2297
f 2305/2297/2207 2395/2387/2297 2394/2386/2296
f 2304/2296/2206 2394/2386/2296 2393/2385/2295
f 2303/2295/2205 2393/2385/2295 2392/2384/2294
f 2302/2294/2204 2392/2384/2294 2391/2383/2293
f 2301/2293/2203 2391/2383/2293 2390/2382/2292
f 2300/2292/2202 2390/2382/2292 2389/2381/2291
f 2299/2291/2201 2389/2381/2291 2388/2380/2290
f 2298/2290/2200 2388/2380/2290 2387/2379/2289
f 2297/2289/2199 2387/2379/2289 2386/2378/2288
f 2296/2288/2198 2386/2378/2288 2385/2377/2287
f 2295/2287/2197 2385/2377/2287 2384/2376/2286
f 2294/2286/2196 2384/2376/2286 2383/2375/2285
f 2293/2285/2195 2383/2375/2285 2382/2374/2284
f 2292/2284/2194 2382/2374/2284 2381/2373/2283
f 2291/2283/2193 2381/2373/2283 2380/2372/2282
f 2290/2282/2192 2380/2372/2282 2379/2371/2281
f 2289/2281/2191 2379/2371/2281 2378/2370/2280
f 2288/2280/2190 2378/2370/2280 2377/2369/2279
f 2287/2279/2189 2377/2369/2279 2376/2368/2278
f 2286/2278/2188 2376/2368/2278 2375/2367/2277
f 2285/2277/2187 2375/2367/2277 2374/2366/2276
f 2284/2276/2186 2374/2366/2276 2373/2365/2275
f 2283/2275/2185 2373/2365/2275 2372/2364/2274
f 2282/2274/2184 2372/2364/2274 2371/2363/2273
f 2281/2273/2183 2371/2363/2273 2370/2362/2272
f 2280/2272/2182 2370/2362/2272 2369/2361/2271
f 2279/2271/2181 2369/2361/2271 2368/2360/2270
f 2278/2270/2180 2368/2360/2270 2367/2359/2269
f 2277/2269/2179 2367/2359/2269 2366/2358/2268
f 2276/2268/2178 2366/2358/2268 2365/2357/2267
f 2275/2267/2177 2365/2357/2267 2364/2356/2266
f 2274/2266/2176 2364/2356/2266 2363/2355/2265
f 2273/2265/2175 2363/2355/2265 2362/2354/2264
f 2272/2264/2174 2362/2354/2264 2361/2353/2263
f 2271/2263/2173 2361/2353/2263 2360/2352/2262
f 2270/2262/2172 2360/2352/2262 2359/2351/2261
f 2269/2261/2171 2359/2351/2261 2358/2350/2260
f 2268/2260/2170 2358/2350/2260 2357/2349/2259
f 2267/2259/2169 2357/2349/2259 2356/2348/2258
f 2266/2258/2168 2356/2348/2258 2355/2347/2257
f 2265/2257/2167 2355/2347/2257 2354/2346/2256
f 2264/2256/2166 2354/2346/2256 2353/2345/2255
f 2263/2255/2165 2353/2345/2255 2352/2344/2254
f 2262/2254/2164 2352/2344/2254 2351/2343/2253
f 2261/2253/2163 2351/2343/2253 2350/2342/2252
f 2170/2162/2072 2260/2252/2162 2349/2341/2251
f 2259/2251/2161 2349/2341/2251 2348/2340/2250
f 2258/2250/2160 2348/2340/2250 2347/2339/2249
f 2257/2249/2159 2347/2339/2249 2346/2338/2248
f 2256/2248/2158 2346/2338/2248 2345/2337/2247
f 2255/2247/2157 2345/2337/2247 2344/2336/2246
f 2254/2246/2156 2344/2336/2246 2343/2335/2245
f 2253/2245/2155 2343/2335/2245 2342/2334/2244
f 2252/2244/2154 2342/2334/2244 2341/2333/2243
f 2251/2243/2153 2341/2333/2243 2340/2332/2242
f 2250/2242/2152 2340/2332/2242 2339/2331/2241
f 2249/2241/2151 2339/2331/2241 2338/2330/2240
f 2248/2240/2150 2338/2330/2240 2337/2329/2239
f 2247/2239/2149 2337/2329/2239 2336/2328/2238
f 2246/2238/2148 2336/2328/2238 2335/2327/2237
f 2245/2237/2147 2335/2327/2237 2334/2326/2236
f 2244/2236/2146 2334/2326/2236 2333/2325/2235
f 2243/2235/2145 2333/2325/2235 2332/2324/2234
f 2242/2234/2144 2332/2324/2234 2331/2323/2233
f 2241/2233/2143 2331/2323/2233 2330/2322/2232
f 2240/2232/2142 2330/2322/2232 2329/2321/2231
f 2239/2231/2141 2329/2321/2231 2328/2320/2230
f 2238/2230/2140 2328/2320/2230 2327/2319/2229
f 2237/2229/2139 2327/2319/2229 2326/2318/2228
f 2236/2228/2138 2326/2318/2228 2325/2317/2227
f 2235/2227/2137 2325/2317/2227 2324/2316/2226
f 2234/2226/2136 2324/2316/2226 2323/2315/2225
f 2233/2225/2135 2323/2315/2225 2322/2314/2224
f 2232/2224/2134 2322/2314/2224 2321/2313/2223
f 2231/2223/2133 2321/2313/2223 2320/2312/2222
f 2230/2222/2132 2320/2312/2222 2319/2311/2221
f 2229/2221/2131 2319/2311/2221 2318/2310/2220
f 2228/2220/2130 2318/2310/2220 2317/2309/2219
f 2227/2219/2129 2317/2309/2219 2316/2308/2218
f 2226/2218/2128 2316/2308/2218 2315/2307/2217
f 2225/2217/2127 2315/2307/2217 2314/2306/2216
f 2224/2216/2126 2314/2306/2216 2313/2305/2215
f 2223/2215/2125 2313/2305/2215 2312/2304/2214
f 2222/2214/2124 2312/2304/2214 2311/2303/2213
f 2221/2213/2123 2311/2303/2213 2310/2302/2212
f 2220/2212/2122 2310/2302/2212 2309/2301/2211
f 2219/2211/2121 2309/2301/2211 2308/2300/2210
f 2218/2210/2120 2308/2300/2210 2307/2299/2209
f 2217/2209/2119 2307/2299/2209 2306/2298/2208
f 2216/2208/2118 2306/2298/2208 2305/2297/2207
f 2215/2207/2117 2305/2297/2207 2304/2296/2206
f 2214/2206/2116 2304/2296/2206 2303/2295/2205
f 2213/2205/2115 2303/2295/2205 2302/2294/2204
f 2212/2204/2114 2302/2294/2204 2301/2293/2203
f 2211/2203/2113 2301/2293/2203 2300/2292/2202
f 2210/2202/2112 2300/2292/2202 2299/2291/2201
f 2209/2201/2111 2299/2291/2201 2298/2290/2200
f 2208/2200/2110 2298/2290/2200 2297/2289/2199
f 2207/2199/2109 2297/2289/2199 2296/2288/2198
f 2206/2198/2108 2296/2288/2198 2295/2287/2197
f 2205/2197/2107 2295/2287/2197 2294/2286/2196
f 2204/2196/2106 2294/2286/2196 2293/2285/2195
f 2203/2195/2105 2293/2285/2195 2292/2284/2194
f 2202/2194/2104 2292/2284/2194 2291/2283/2193
f 2201/2193/2103 2291/2283/2193 2290/2282/2192
f 2200/2192/2102 2290/2282/2192 2289/2281/2191
f 2199/2191/2101 2289/2281/2191 2288/2280/2190
f 2198/2190/2100 2288/2280/2190 2287/2279/2189
f 2197/2189/2099 2287/2279/2189 2286/2278/2188
f 2196/2188/2098 2286/2278/2188 2285/2277/2187
f 2195/2187/2097 2285/2277/2187 2284/2276/2186
f 2194/2186/2096 2284/2276/2186 2283/2275/2185
f 2193/2185/2095 2283/2275/2185 2282/2274/2184
f 2192/2184/2094 2282/2274/2184 2281/2273/2183
f 2191/2183/2093 2281/2273/2183 2280/2272/2182
f 2190/2182/2092 2280/2272/2182 2279/2271/2181
f 2189/2181/2091 2279/2271/2181 2278/2270/2180
f 2188/2180/2090 2278/2270/2180 2277/2269/2179
f 2187/2179/2089 2277/2269/2179 2276/2268/2178
f 2186/2178/2088 2276/2268/2178 2275/2267/2177
f 2185/2177/2087 2275/2267/2177 2274/2266/2176
f 2184/2176/2086 2274/2266/2176 2273/2265/2175
f 2183/2175/2085 2273/2265/2175 2272/2264/2174
f 2182/2174/2084 2272/2264/2174 2271/2263/2173
f 2181/2173/2083 2271/2263/2173 2270/2262/2172
f 2180/2172/2082 2270/2262/2172 2269/2261/2171
f 2179/2171/2081 2269/2261/2171 2268/2260/2170
f 2178/2170/2080 2268/2260/2170 2267/2259/2169
f 2177/2169/2079 2267/2259/2169 2266/2258/2168
f 2176/2168/2078 2266/2258/2168 2265/2257/2167
f 2175/2167/2077 2265/2257/2167 2264/2256/2166
f 2174/2166/2076 2264/2256/2166 2263/2255/2165
f 2173/2165/2075 2263/2255/2165 2262/2254/2164
f 2172/2164/2074 2262/2254/2164 2261/2253/2163
f 2171/2163/2073 2261/2253/2163 2260/2252/2162
f 2080/2072/1982 2170/2162/2072 2259/2251/2161
f 2169/2161/2071 2259/2251/2161 2258/2250/2160
f 2168/2160/2070 2258/2250/2160 2257/2249/2159
f 2167/2159/2069 2257/2249/2159 2256/2248/2158
f 2166/2158/2068 2256/2248/2158 2255/2247/2157
f 2165/2157/2067 2255/2247/2157 2254/2246/2156
f 2164/2156/2066 2254/2246/2156 2253/2245/2155
f 2163/2155/2065 2253/2245/2155 2252/2244/2154
f 2162/2154/2064 2252/2244/2154 2251/2243/2153
f 2161/2153/2063 2251/2243/2153 2250/2242/2152
f 2160/2152/2062 2250/2242/2152 2249/2241/2151
f 2159/2151/2061 2249/2241/2151 2248/2240/2150
f 2158/2150/2060 2248/2240/2150 2247/2239/2149
f 2157/2149/2059 2247/2239/2149 2246/2238/2148
f 2156/2148/2058 2246/2238/2148 2245/2237/2147
f 2155/2147/2057 2245/2237/2147 2244/2236/2146
f 2154/2146/2056 2244/2236/2146 2243/2235/2145
f 2153/2145/2055 2243/2235/2145 2242/2234/2144
f 2152/2144/2054 2242/2234/2144 2241/2233/2143
f 2151/2143/2053 2241/2233/2143 2240/2232/2142
f 2150/2142/2052 2240/2232/2142 2239/2231/2141
f 2149/2141/2051 2239/2231/2141 2238/2230/2140
f 2148/2140/2050 2238/2230/2140 2237/2229/2139
f 2147/2139/2049 2237/2229/2139 2236/2228/2138
f 2146/2138/2048 2236/2228/2138 2235/2227/2137
f 2145/2137/2047 2235/2227/2137 2234/2226/2136
f 2144/2136/2046 2234/2226/2136 2233/2225/2135
f 2143/2135/2045 2233/2225/2135 2232/2224/2134
f 2142/2134/2044 2232/2224/2134 2231/2223/2133
f 2141/2133/2043 2231/2223/2133 2230/2222/2132
f 2140/2132/2042 2230/2222/2132 2229/2221/2131
f 2139/2131/2041 2229/2221/2131 2228/2220/2130
f 2138/2130/2040 2228/2220/2130 2227/2219/2129
f 2137/2129/2039 2227/2219/2129 2226/2218/2128
f 2136/2128/2038 2226/2218/2128 2225/2217/2127
f 2135/2127/2037 2225/2217/2127 2224/2216/2126
f 2134/2126/2036 2224/2216/2126 2223/2215/2125
f 2133/2125/2035 2223/2215/2125 2222/2214/2124
f 2132/2124/2034 2222/2214/2124 2221/2213/2123
f 2131/2123/2033 2221/2213/2123 2220/2212/2122
f 2130/2122/2032 2220/2212/2122 2219/2211/2121
f 2129/2121/2031 2219/2211/2121 2218/2210/2120
f 2128/2120/2030 2218/2210/2120 2217/2209/2119
f 2127/2119/2029 2217/2209/2119 2216/2208/2118
f 2126/2118/2028 2216/2208/2118 2215/2207/2117
f 2125/2117/2027 2215/2207/2117 2214/2206/2116
f 2124/2116/2026 2214/2206/2116 2213/2205/2115
f 2123/2115/2025 2213/2205/2115 2212/2204/2114
f 2122/2114/2024 2212/2204/2114 2211/2203/2113
f 2121/2113/2023 2211/2203/2113 2210/2202/2112
f 2120/2112/2022 2210/2202/2112 2209/2201/2111
f 2119/2111/2021 2209/2201/2111 2208/2200/2110
f 2118/2110/2020 2208/2200/2110 2207/2199/2109
f 2117/2109/2019 2207/2199/2109 2206/2198/2108
f 2116/2108/2018 2206/2198/2108 2205/2197/2107
f 2115/2107/2017 2205/2197/2107 2204/2196/2106
f 2114/2106/2016 2204/2196/2106 2203/2195/2105
f 2113/2105/2015 2203/2195/2105 2202/2194/2104
f 2112/2104/2014 2202/2194/2104 2201/2193/2103
f 2111/2103/2013 2201/2193/2103 2200/2192/2102
f 2110/2102/2012 2200/2192/2102 2199/2191/2101
f 2109/2101/2011 2199/2191/2101 2198/2190/2100
f 2108/2100/2010 2198/2190/2100 2197/2189/2099
f 2107/2099/2009 2197/2189/2099 2196/2188/2098
f 2106/2098/2008 2196/2188/2098 2195/2187/2097
f 2105/2097/2007 2195/2187/2097 2194/2186/2096
f 2104/2096/2006 2194/2186/2096 2193/2185/2095
f 2103/2095/2005 2193/2185/2095 2192/2184/2094
f 2102/2094/2004 2192/2184/2094 2191/2183/2093
f 2101/2093/2003 2191/2183/2093 2190/2182/2092
f 2100/2092/2002 2190/2182/2092 2189/2181/2091
f 2099/2091/2001 2189/2181/2091 2188/2180/2090
f 2098/2090/2000 2188/2180/2090 2187/2179/2089
f 2097/2089/1999 2187/2179/2089 2186/2178/2088
f 2096/2088/1998 2186/2178/2088 2185/2177/2087
f 2095/2087/1997 2185/2177/2087 2184/2176/2086
f 2094/2086/1996 2184/2176/2086 2183/2175/2085
f 2093/2085/1995 2183/2175/2085 2182/2174/2084
f 2092/2084/1994 2182/2174/2084 2181/2173/2083
f 2091/2083/1993 2181/2173/2083 2180/2172/2082
f 2090/2082/1992 2180/2172/2082 2179/2171/2081
f 2089/2081/1991 2179/2171/2081 2178/2170/2080
f 2088/2080/1990 2178/2170/2080 2177/2169/2079
f 2087/2079/1989 2177/2169/2079 2176/2168/2078
f 2086/2078/1988 2176/2168/2078 2175/2167/2077
f 2085/2077/1987 2175/2167/2077 2174/2166/2076
f 2084/2076/1986 2174/2166/2076 2173/2165/2075
f 2083/2075/1985 2173/2165/2075 2172/2164/2074
f 2082/2074/1984 2172/2164/2074 2171/2163/2073
f 2081/2073/1983 2171/2163/2073 2170/2162/2072
f 1990/1982/1892 2080/2072/1982 2169/2161/2071
f 2079/2071/1981 2169/2161/2071 2168/2160/2070
f 2078/2070/1980 2168/2160/2070 2167/2159/2069
f 2077/2069/1979 2167/2159/2069 2166/2158/2068
f 2076/2068/1978 2166/2158/2068 2165/2157/2067
f 2075/2067/1977 2165/2157/2067 2164/2156/2066
f 2074/2066/1976 2164/2156/2066 2163/2155/2065
f 2073/2065/1975 2163/2155/2065 2162/2154/2064
f 2072/2064/1974 2162/2154/2064 2161/2153/2063
f 2071/2063/1973 2161/2153/2063 2160/2152/2062
f 2070/2062/1972 2160/2152/2062 2159/2151/2061
f 2069/2061/1971 2159/2151/2061 2158/2150/2060
f 2068/2060/1970 2158/2150/2060 2157/2149/2059
f 2067/2059/1969 2157/2149/2059 2156/2148/2058
f 2066/2058/1968 2156/2148/2058 2155/2147/2057
f 2065/2057/1967 2155/2147/2057 2154/2146/2056
f 2064/2056/1966 2154/2146/2056 2153/2145/2055
f 2063/2055/1965 2153/2145/2055 2152/2144/2054
f 2062/2054/1964 2152/2144/2054 2151/2143/2053
f 2061/2053/1963 2151/2143/2053 2150/2142/2052
f 2060/2052/1962 2150/2142/2052 2149/2141/2051
f 2059/2051/1961 2149/2141/2051 2148/2140/2050
f 2058/2050/1960 2148/2140/2050 2147/2139/2049
f 2057/2049/1959 2147/2139/2049 2146/2138/2048
f 2056/2048/1958 2146/2138/2048 2145/2137/2047
f 2055/2047/1957 2145/2137/2047 2144/2136/2046
f 2054/2046/1956 2144/2136/2046 2143/2135/2045
f 2053/2045/1955 2143/2135/2045 2142/2134/2044
f 2052/2044/1954 2142/2134/2044 2141/2133/2043
f 2051/2043/1953 2141/2133/2043 2140/2132/2042
f 2050/2042/1952 2140/2132/2042 2139/2131/2041
f 2049/2041/1951 2139/2131/2041 2138/2130/2040
f 2048/2040/1950 2138/2130/2040 2137/2129/2039
f 2047/2039/1949 2137/2129/2039 2136/2128/2038
f 2046/2038/1948 2136/2128/2038 2135/2127/2037
f 2045/2037/1947 2135/2127/2037 2134/2126/2036
f 2044/2036/1946 2134/2126/2036 2133/2125/2035
f 2043/2035/1945 2133/2125/2035 2132/2124/2034
f 2042/2034/1944 2132/2124/2034 2131/2123/2033
f 2041/2033/1943 2131/2123/2033 2130/2122/2032
f 2040/2032/1942 2130/2122/2032 2129/2121/2031
f 2039/2031/1941 2129/2121/2031 2128/2120/2030
f 2038/2030/1940 2128/2120/2030 2127/2119/2029
f 2037/2029/1939 2127/2119/2029 2126/2118/2028
f 2036/2028/1938 2126/2118/2028 2125/2117/2027
f 2035/2027/1937 2125/2117/2027 2124/2116/2026
f 2034/2026/1936 2124/2116/2026 2123/2115/2025
f 2033/2025/1935 2123/2115/2025 2122/2114/2024
f 2032/2024/1934 2122/2114/2024 2121/2113/2023
f 2031/2023/1933 2121/2113/2023 2120/2112/2022
f 2030/2022/1932 2120/2112/2022 2119/2111/2021
f 2029/2021/1931 2119/2111/2021 2118/2110/2020
f 2028/2020/1930 2118/2110/2020 2117/2109/2019
f 2027/2019/1929 2117/2109/2019 2116/2108/2018
f 2026/2018/1928 2116/2108/2018 2115/2107/2017
f 2025/2017/1927 2115/2107/2017 2114/2106/2016
f 2024/2016/1926 2114/2106/2016 2113/2105/2015
f 2023/2015/1925 2113/2105/2015 2112/2104/2014
f 2022/2014/1924 2112/2104/2014 2111/2103/2013
f 2021/2013/1923 2111/2103/2013 2110/2102/2012
f 2020/2012/1922 2110/2102/2012 2109/2101/2011
f 2019/2011/1921 2109/2101/2011 2108/2100/2010
f 2018/2010/1920 2108/2100/2010 2107/2099/2009
f 2017/2009/1919 2107/2099/2009 2106/2098/2008
f 2016/2008/1918 2106/2098/2008 2105/2097/2007
f 2015/2007/1917 2105/2097/2007 2104/2096/2006
f 2014/2006/1916 2104/2096/2006 2103/2095/2005
f 2013/2005/1915 2103/2095/2005 2102/2094/2004
f 2012/2004/1914 2102/2094/2004 2101/2093/2003
f 2011/2003/1913 2101/2093/2003 2100/2092/2002
f 2010/2002/1912 2100/2092/2002 2099/2091/2001
f 2009/2001/1911 2099/2091/2001 2098/2090/2000
f 2008/2000/1910 2098/2090/2000 2097/2089/1999
f 2007/1999/1909 2097/2089/1999 2096/2088/1998
f 2006/1998/1908 2096/2088/1998 2095/2087/1997
f 2005/1997/1907 2095/2087/1997 2094/2086/1996
f 2004/1996/1906 2094/2086/1996 2093/2085/1995
f 2003/1995/1905 2093/2085/1995 2092/2084/1994
f 2002/1994/1904 2092/2084/1994 2091/2083/1993
f 2001/1993/1903 2091/2083/1993 2090/2082/1992
f 2000/1992/1902 2090/2082/1992 2089/2081/1991
f 1999/1991/1901 2089/2081/1991 2088/2080/1990
f 1998/1990/1900 2088/2080/1990 2087/2079/1989
f 1997/1989/1899 2087/2079/1989 2086/2078/1988
f 1996/1988/1898 2086/2078/1988 2085/2077/1987
f 1995/1987/1897 2085/2077/1987 2084/2076/1986
f 1994/1986/1896 2084/2076/1986 2083/2075/1985
f 1993/1985/1895 2083/2075/1985 2082/2074/1984
f 1992/1984/1894 2082/2074/1984 2081/2073/1983
f 1991/1983/1893 2081/2073/1983 2080/2072/1982
f 1900/1892/1802 1990/1982/1892 2079/2071/1981
f 1989/1981/1891 2079/2071/1981 2078/2070/1980
f 1988/1980/1890 2078/2070/1980 2077/2069/1979
f 1987/1979/1889 2077/2069/1979 2076/2068/1978
f 1986/1978/1888 2076/2068/1978 2075/2067/1977
f 1985/1977/1887 2075/2067/1977 2074/2066/1976
f 1984/1976/1886 2074/2066/1976 2073/2065/1975
f 1983/1975/1885 2073/2065/1975 2072/2064/1974
f 1982/1974/1884 2072/2064/1974 2071/2063/1973
f 1981/1973/1883 2071/2063/1973 2070/2062/1972
f 1980/1972/1882 2070/2062/1972 2069/2061/1971
f 1979/1971/1881 2069/2061/1971 2068/2060/1970
f 1978/1970/1880 2068/2060/1970 2067/2059/1969
f 1977/1969/1879 2067/2059/1969 2066/2058/1968
f 1976/1968/1878 2066/2058/1968 2065/2057/1967
f 1975/1967/1877 2065/2057/1967 2064/2056/1966
f 1974/1966/1876 2064/2056/1966 2063/2055/1965
f 1973/1965/1875 2063/2055/1965 2062/2054/1964
f 1972/1964/1874 2062/2054/1964 2061/2053/1963
f 1971/1963/1873 2061/2053/1963 2060/2052/1962
f 1970/1962/1872 2060/2052/1962 2059/2051/1961
f 1969/1961/1871 2059/2051/1961 2058/2050/1960
f 1968/1960/1870 2058/2050/1960 2057/2049/1959
f 1967/1959/1869 2057/2049/1959 2056/2048/1958
f 1966/1958/1868 2056/2048/1958 2055/2047/1957
f 1965/1957/1867 2055/2047/1957 2054/2046/1956
f 1964/1956/1866 2054/2046/1956 2053/2045/1955
f 1963/1955/1865 2053/2045/1955 2052/2044/1954
f 1962/1954/1864 2052/2044/1954 2051/2043/1953
f 1961/1953/1863 2051/2043/1953 2050/2042/1952
f 1960/1952/1862 2050/2042/1952 2049/2041/1951
f 1959/1951/1861 2049/2041/1951 2048/2040/1950
f 1958/1950/1860 2048/2040/1950 2047/2039/1949
f 1957/1949/1859 2047/2039/1949 2046/2038/1948
f 1956/1948/1858 2046/2038/1948 2045/2037/1947
f 1955/1947/1857 2045/2037/1947 2044/2036/1946
f 1954/1946/1856 2044/2036/1946 2043/2035/1945
f 1953/1945/1855 2043/2035/1945 2042/2034/1944
f 1952/1944/1854 2042/2034/1944 2041/2033/1943
f 1951/1943/1853 2041/2033/1943 2040/2032/1942
f 1950/1942/1852 2040/2032/1942 2039/2031/1941
f 1949/1941/1851 2039/2031/1941 2038/2030/1940
f 1948/1940/1850 2038/2030/1940 2037/2029/1939
f 1947/1939/1849 2037/2029/1939 2036/2028/1938
f 1946/1938/1848 2036/2028/1938 2035/2027/1937
f 1945/1937/1847 2035/2027/1937 2034/2026/1936
f 1944/1936/1846 2034/2026/1936 2033/2025/1935
f 1943/1935/1845 2033/2025/1935 2032/2024/1934
f 1942/1934/1844 2032/2024/1934 2031/2023/1933
f 1941/1933/1843 2031/2023/1933 2030/2022/1932
f 1940/1932/1842 2030/2022/1932 2029/2021/1931
f 1939/1931/1841 2029/2021/1931 2028/2020/1930
f 1938/1930/1840 2028/2020/1930 2027/2019/1929
f 1937/1929/1839 2027/2019/1929 2026/2018/1928
f 1936/1928/1838 2026/2018/1928 2025/2017/1927
f 1935/1927/1837 2025/2017/1927 2024/2016/1926
f 1934/1926/1836 2024/2016/1926 2023/2015/1925
f 1933/1925/1835 2023/2015/1925 2022/2014/1924
f 1932/1924/1834 2022/2014/1924 2021/2013/1923
f 1931/1923/1833 2021/2013/1923 2020/2012/1922
f 1930/1922/1832 2020/2012/1922 2019/2011/1921
f 1929/1921/1831 2019/2011/1921 2018/2010/1920
f 1928/1920/1830 2018/2010/1920 2017/2009/1919
f 1927/1919/1829 2017/2009/1919 2016/2008/1918
f 1926/1918/1828 2016/2008/1918 2015/2007/1917
f 1925/1917/1827 2015/2007/1917 2014/2006/1916
f 1924/1916/1826 2014/2006/1916 2013/2005/1915
f 1923/1915/1825 2013/2005/1915 2012/2004/1914
f 1922/1914/1824 2012/2004/1914 2011/2003/1913
f 1921/1913/1823 2011/2003/1913 2010/2002/1912
f 1920/1912/1822 2010/2002/1912 2009/2001/1911
f 1919/1911/1821 2009/2001/1911 2008/2000/1910
f 1918/1910/1820 2008/2000/1910 2007/1999/1909
f 1917/1909/1819 2007/1999/1909 2006/1998/1908
f 1916/1908/1818 2006/1998/1908 2005/1997/1907
f 1915/1907/1817 2005/1997/1907 2004/1996/1906
f 1914/1906/1816 2004/1996/1906 2003/1995/1905
f 1913/1905/1815 2003/1995/1905 2002/1994/1904
f 1912/1904/1814 2002/1994/1904 2001/1993/1903
f 1911/1903/1813 2001/1993/1903 2000/1992/1902
f 1910/1902/1812 2000/1992/1902 1999/1991/1901
f 1909/1901/1811 1999/1991/1901 1998/1990/1900
f 1908/1900/1810 1998/1990/1900 1997/1989/1899
f 1907/1899/1809 1997/1989/1899 1996/1988/1898
f 1906/1898/1808 1996/1988/1898 1995/1987/1897
f 1905/1897/1807 1995/1987/1897 1994/1986/1896
f 1904/1896/1806 1994/1986/1896 1993/1985/1895
f 1903/1895/1805 1993/1985/1895 1992/1984/1894
f 1902/1894/1804 1992/1984/1894 1991/1983/1893
f 1901/1893/1803 1991/1983/1893 1990/1982/1892
f 1810/1802/1712 1900/1892/1802 1989/1981/1891
f 1899/1891/1801 1989/1981/1891 1988/1980/1890
f 1898/1890/1800 1988/1980/1890 1987/1979/1889
f 1897/1889/1799 1987/1979/1889 1986/1978/1888
f 1896/1888/1798 1986/1978/1888 1985/1977/1887
f 1895/1887/1797 1985/1977/1887 1984/1976/1886
f 1894/1886/1796 1984/1976/1886 1983/1975/1885
f 1893/1885/1795 1983/1975/1885 1982/1974/1884
f 1892/1884/1794 1982/1974/1884 1981/1973/1883
f 1891/1883/1793 1981/1973/1883 1980/1972/1882
f 1890/1882/1792 1980/1972/1882 1979/1971/1881
f 1889/1881/1791 1979/1971/1881 1978/1970/1880
f 1888/1880/1790 1978/1970/1880 1977/1969/1879
f 1887/1879/1789 1977/1969/1879 1976/1968/1878
f 1886/1878/1788 1976/1968/1878 1975/1967/1877
f 1885/1877/1787 1975/1967/1877 1974/1966/1876
f 1884/1876/1786 1974/1966/1876 1973/1965/1875
f 1883/1875/1785 1973/1965/1875 1972/1964/1874
f 1882/1874/1784 1972/1964/1874 1971/1963/1873
f 1881/1873/1783 1971/1963/1873 1970/1962/1872
f 1880/1872/1782 1970/1962/1872 1969/1961/1871
f 1879/1871/1781 1969/1961/1871 1968/1960/1870
f 1878/1870/1780 1968/1960/1870 1967/1959/1869
f 1877/1869/1779 1967/1959/1869 1966/1958/1868
f 1876/1868/1778 1966/1958/1868 1965/1957/1867
f 1875/1867/1777 1965/1957/1867 1964/1956/1866
f 1874/1866/1776 1964/1956/1866 1963/1955/1865
f 1873/1865/1775 1963/1955/1865 1962/1954/1864
f 1872/1864/1774 1962/1954/1864 1961/1953/1863
f 1871/1863/1773 1961/1953/1863 1960/1952/1862
f 1870/1862/1772 1960/1952/1862 1959/1951/1861
f 1869/1861/1771 1959/1951/1861 1958/1950/1860
f 1868/1860/1770 1958/1950/1860 1957/1949/1859
f 1867/1859/1769 1957/1949/1859 1956/1948/1858
f 1866/1858/1768 1956/1948/1858 1955/1947/1857
f 1865/1857/1767 1955/1947/1857 1954/1946/1856
f 1864/1856/1766 1954/1946/1856 1953/1945/1855
f 1863/1855/1765 1953/1945/1855 1952/1944/1854
f 1862/1854/1764 1952/1944/1854 1951/1943/1853
f 1861/1853/1763 1951/1943/1853 1950/1942/1852
f 1860/1852/1762 1950/1942/1852 1949/1941/1851
f 1859/1851/1761 1949/1941/1851 1948/1940/1850
f 1858/1850/1760 1948/1940/1850 1947/1939/1849
f 1857/1849/1759 1947/1939/1849 1946/1938/1848
f 1856/1848/1758 1946/1938/1848 1945/1937/1847
f 1855/1847/1757 1945/1937/1847 1944/1936/1846
f 1854/1846/1756 1944/1936/1846 1943/1935/1845
f 1853/1845/1755 1943/1935/1845 1942/1934/1844
f 1852/1844/1754 1942/1934/1844 1941/1933/1843
f 1851/1843/1753 1941/1933/1843 1940/1932/1842
f 1850/1842/1752 1940/1932/1842 1939/1931/1841
f 1849/1841/1751 1939/1931/1841 1938/1930/1840
f 1848/1840/1750 1938/1930/1840 1937/1929/1839
f 1847/1839/1749 1937/1929/1839 1936/1928/1838
f 1846/1838/1748 1936/1928/1838 1935/1927/1837
f 1845/1837/1747 1935/1927/1837 1934/1926/1836
f 1844/1836/1746 1934/1926/1836 1933/1925/1835
f 1843/1835/1745 1933/1925/1835 1932/1924/1834
f 1842/1834/1744 1932/1924/1834 1931/1923/1833
f 1841/1833/1743 1931/1923/1833 1930/1922/1832
f 1840/1832/1742 1930/1922/1832 1929/1921/1831
f 1839/1831/1741 1929/1921/1831 1928/1920/1830
f 1838/1830/1740 1928/1920/1830 1927/1919/1829
f 1837/1829/1739 1927/1919/1829 1926/1918/1828
f 1836/1828/1738 1926/1918/1828 1925/1917/1827
f 1835/1827/1737 1925/1917/1827 1924/1916/1826
f 1834/1826/1736 1924/1916/1826 1923/1915/1825
f 1833/1825/1735 1923/1915/1825 1922/1914/1824
f 1832/1824/1734 1922/1914/1824 1921/1913/1823
f 1831/1823/1733 1921/1913/1823 1920/1912/1822
f 1830/1822/1732 1920/1912/1822 1919/1911/1821
f 1829/1821/1731 1919/1911/1821 1918/1910/1820
f 1828/1820/1730 1918/1910/1820 1917/1909/1819
f 1827/1819/1729 1917/1909/1819 1916/1908/1818
f 1826/1818/1728 1916/1908/1818 1915/1907/1817
f 1825/1817/1727 1915/1907/1817 1914/1906/1816
f 1824/1816/1726 1914/1906/1816 1913/1905/1815
f 1823/1815/1725 1913/1905/1815 1912/1904/1814
f 1822/1814/1724 1912/1904/1814 1911/1903/1813
f 1821/1813/1723 1911/1903/1813 1910/1902/1812
f 1820/1812/1722 1910/1902/1812 1909/1901/1811
f 1819/1811/1721 1909/1901/1811 1908/1900/1810
f 1818/1810/1720 1908/1900/1810 1907/1899/1809
f 1817/1809/1719 1907/1899/1809 1906/1898/1808
f 1816/1808/1718 1906/1898/1808 1905/1897/1807
f 1815/1807/1717 1905/1897/1807 1904/1896/1806
f 1814/1806/1716 1904/1896/1806 1903/1895/1805
f 1813/1805/1715 1903/1895/1805 1902/1894/1804
f 1812/1804/1714 1902/1894/1804 1901/1893/1803
f 1811/1803/1713 1901/1893/1803 1900/1892/1802
f 1720/1712/1622 1810/1802/1712 1899/1891/1801
f 1809/1801/1711 1899/1891/1801 1898/1890/1800
f 1808/1800/1710 1898/1890/1800 1897/1889/1799
f 1807/1799/1709 1897/1889/1799 1896/1888/1798
f 1806/1798/1708 1896/1888/1798 1895/1887/1797
f 1805/1797/1707 1895/1887/1797 1894/1886/1796
f 1804/1796/1706 1894/1886/1796 1893/1885/1795
f 1803/1795/1705 1893/1885/1795 1892/1884/1794
f 1802/1794/1704 1892/1884/1794 1891/1883/1793
f 1801/1793/1703 1891/1883/1793 1890/1882/1792
f 1800/1792/1702 1890/1882/1792 1889/1881/1791
f 1799/1791/1701 1889/1881/1791 1888/1880/1790
f 1798/1790/1700 1888/1880/1790 1887/1879/1789
f 1797/1789/1699 1887/1879/1789 1886/1878/1788
f 1796/1788/1698 1886/1878/1788 1885/1877/1787
f 1795/1787/1697 1885/1877/1787 1884/1876/1786
f 1794/1786/1696 1884/1876/1786 1883/1875/1785
f 1793/1785/1695 1883/1875/1785 1882/1874/1784
f 1792/1784/1694 1882/1874/1784 1881/1873/1783
f 1791/1783/1693 1881/1873/1783 1880/1872/1782
f 1790/1782/1692 1880/1872/1782 1879/1871/1781
f 1789/1781/1691 1879/1871/1781 1878/1870/1780
f 1788/1780/1690 1878/1870/1780 1877/1869/1779
f 1787/1779/1689 1877/1869/1779 1876/1868/1778
f 1786/1778/1688 1876/1868/1778 1875/1867/1777
f 1785/1777/1687 1875/1867/1777 1874/1866/1776
f 1784/1776/1686 1874/1866/1776 1873/1865/1775
f 1783/1775/1685 1873/1865/1775 1872/1864/1774
f 1782/1774/1684 1872/1864/1774 1871/1863/1773
f 1781/1773/1683 1871/1863/1773 1870/1862/1772
f 1780/1772/1682 1870/1862/1772 1869/1861/1771
f 1779/1771/1681 1869/1861/1771 1868/1860/1770
f 1778/1770/1680 1868/1860/1770 1867/1859/1769
f 1777/1769/1679 1867/1859/1769 1866/1858/1768
f 1776/1768/1678 1866/1858/1768 1865/1857/1767
f 1775/1767/1677 1865/1857/1767 1864/1856/1766
f 1774/1766/1676 1864/1856/1766 1863/1855/1765
f 1773/1765/1675 1863/1855/1765 1862/1854/1764
f 1772/1764/1674 1862/1854/1764 1861/1853/1763
f 1771/1763/1673 1861/1853/1763 1860/1852/1762
f 1770/1762/1672 1860/1852/1762 1859/1851/1761
f 1769/1761/1671 1859/1851/1761 1858/1850/1760
f 1768/1760/1670 1858/1850/1760 1857/1849/1759
f 1767/1759/1669 1857/1849/1759 1856/1848/1758
f 1766/1758/1668 1856/1848/1758 1855/1847/1757
f 1765/1757/1667 1855/1847/1757 1854/1846/1756
f 1764/1756/1666 1854/1846/1756 1853/1845/1755
f 1763/1755/1665 1853/1845/1755 1852/1844/1754
f 1762/1754/1664 1852/1844/1754 1851/1843/1753
f 1761/1753/1663 1851/1843/1753 1850/1842/1752
f 1760/1752/1662 1850/1842/1752 1849/1841/1751
f 1759/1751/1661 1849/1841/1751 1848/1840/1750
f 1758/1750/1660 1848/1840/1750 1847/1839/1749
f 1757/1749/1659 1847/1839/1749 1846/1838/1748
f 1756/1748/1658 1846/1838/1748 1845/1837/1747
f 1755/1747/1657 1845/1837/1747 1844/1836/1746
f 1754/1746/1656 1844/1836/1746 1843/1835/1745
f 1753/1745/1655 1843/1835/1745 1842/1834/1744
f 1752/1744/1654 1842/1834/1744 1841/1833/1743
f 1751/1743/1653 1841/1833/1743 1840/1832/1742
f 1750/1742/1652 1840/1832/1742 1839/1831/1741
f 1749/1741/1651 1839/1831/1741 1838/1830/1740
f 1748/1740/1650 1838/1830/1740 1837/1829/1739
f 1747/1739/1649 1837/1829/1739 1836/1828/1738
f 1746/1738/1648 1836/1828/1738 1835/1827/1737
f 1745/1737/1647 1835/1827/1737 1834/1826/1736
f 1744/1736/1646 1834/1826/1736 1833/1825/1735
f 1743/1735/1645 1833/1825/1735 1832/1824/1734
f 1742/1734/1644 1832/1824/1734 1831/1823/1733
f 1741/1733/1643 1831/1823/1733 1830/1822/1732
f 1740/1732/1642 1830/1822/1732 1829/1821/1731
f 1739/1731/1641 1829/1821/1731 1828/1820/1730
f 1738/1730/1640 1828/1820/1730 1827/1819/1729
f 1737/1729/1639 1827/1819/1729 1826/1818/1728
f 1736/1728/1638 1826/1818/1728 1825/1817/1727
f 1735/1727/1637 1825/1817/1727 1824/1816/1726
f 1734/1726/1636 1824/1816/1726 1823/1815/1725
f 1733/1725/1635 1823/1815/1725 1822/1814/1724
f 1732/1724/1634 1822/1814/1724 1821/1813/1723
f 1731/1723/1633 1821/1813/1723 1820/1812/1722
f 1730/1722/1632 1820/1812/1722 1819/1811/1721
f 1729/1721/1631 1819/1811/1721 1818/1810/1720
f 1728/1720/1630 1818/1810/1720 1817/1809/1719
f 1727/1719/1629 1817/1809/1719 1816/1808/1718
f 1726/1718/1628 1816/1808/1718 1815/1807/1717
f 1725/1717/1627 1815/1807/1717 1814/1806/1716
f 1724/1716/1626 1814/1806/1716 1813/1805/1715
f 1723/1715/1625 1813/1805/1715 1812/1804/1714
f 1722/1714/1624 1812/1804/1714 1811/1803/1713
f 1721/1713/1623 1811/1803/1713 1810/1802/1712
f 1630/1622/1532 1720/1712/1622 1809/1801/1711
f 1719/1711/1621 1809/1801/1711 1808/1800/1710
f 1718/1710/1620 1808/1800/1710 1807/1799/1709
f 1717/1709/1619 1807/1799/1709 1806/1798/1708
f 1716/1708/1618 1806/1798/1708 1805/1797/1707
f 1715/1707/1617 1805/1797/1707 1804/1796/1706
f 1714/1706/1616 1804/1796/1706 1803/1795/1705
f 1713/1705/1615 1803/1795/1705 1802/1794/1704
f 1712/1704/1614 1802/1794/1704 1801/1793/1703
f 1711/1703/1613 1801/1793/1703 1800/1792/1702
f 1710/1702/1612 1800/1792/1702 1799/1791/1701
f 1709/1701/1611 1799/1791/1701 1798/1790/1700
f 1708/1700/1610 1798/1790/1700 1797/1789/1699
f 1707/1699/1609 1797/1789/1699 1796/1788/1698
f 1706/1698/1608 1796/1788/1698 1795/1787/1697
f 1705/1697/1607 1795/1787/1697 1794/1786/1696
f 1704/1696/1606 1794/1786/1696 1793/1785/1695
f 1703/1695/1605 1793/1785/1695 1792/1784/1694
f 1702/1694/1604 1792/1784/1694 1791/1783/1693
f 1701/1693/1603 1791/1783/1693 1790/1782/1692
f 1700/1692/1602 1790/1782/1692 1789/1781/1691
f 1699/1691/1601 1789/1781/1691 1788/1780/1690
f 1698/1690/1600 1788/1780/1690 1787/1779/1689
f 1697/1689/1599 1787/1779/1689 1786/1778/1688
f 1696/1688/1598 1786/1778/1688 1785/1777/1687
f 1695/1687/1597 1785/1777/1687 1784/1776/1686
f 1694/1686/1596 1784/1776/1686 1783/1775/1685
f 1693/1685/1595 1783/1775/1685 1782/1774/1684
f 1692/1684/1594 1782/1774/1684 1781/1773/1683
f 1691/1683/1593 1781/1773/1683 1780/1772/1682
f 1690/1682/1592 1780/1772/1682 1779/1771/1681
f 1689/1681/1591 1779/1771/1681 1778/1770/1680
f 1688/1680/1590 1778/1770/1680 1777/1769/1679
f 1687/1679/1589 1777/1769/1679 1776/1768/1678
f 1686/1678/1588 1776/1768/1678 1775/1767/1677
f 1685/1677/1587 1775/1767/1677 1774/1766/1676
f 1684/1676/1586 1774/1766/1676 1773/1765/1675
f 1683/1675/1585 1773/1765/1675 1772/1764/1674
f 1682/1674/1584 1772/1764/1674 1771/1763/1673
f 1681/1673/1583 1771/1763/1673 1770/1762/1672
f 1680/1672/1582 1770/1762/1672 1769/1761/1671
f 1679/1671/1581 1769/1761/1671 1768/1760/1670
f 1678/1670/1580 1768/1760/1670 1767/1759/1669
f 1677/1669/1579 1767/1759/1669 1766/1758/1668
f 1676/1668/1578 1766/1758/1668 1765/1757/1667
f 1675/1667/1577 1765/1757/1667 1764/1756/1666
f 1674/1666/1576 1764/1756/1666 1763/1755/1665
f 1673/1665/1575 1763/1755/1665 1762/1754/1664
f 1672/1664/1574 1762/1754/1664 1761/1753/1663
f 1671/1663/1573 1761/1753/1663 1760/1752/1662
f 1670/1662/1572 1760/1752/1662 1759/1751/1661
f 1669/1661/1571 1759/1751/1661 1758/1750/1660
f 1668/1660/1570 1758/1750/1660 1757/1749/1659
f 1667/1659/1569 1757/1749/1659 1756/1748/1658
f 1666/1658/1568 1756/1748/1658 1755/1747/1657
f 1665/1657/1567 1755/1747/1657 1754/1746/1656
f 1664/1656/1566 1754/1746/1656 1753/1745/1655
f 1663/1655/1565 1753/1745/1655 1752/1744/1654
f 1662/1654/1564 1752/1744/1654 1751/1743/1653
f 1661/1653/1563 1751/1743/1653 1750/1742/1652
f 1660/1652/1562 1750/1742/1652 1749/1741/1651
f 1659/1651/1561 1749/1741/1651 1748/1740/1650
f 1658/1650/1560 1748/1740/1650 1747/1739/1649
f 1657/1649/1559 1747/1739/1649 1746/1738/1648
f 1656/1648/1558 1746/1738/1648 1745/1737/1647
f 1655/1647/1557 1745/1737/1647 1744/1736/1646
f 1654/1646/1556 1744/1736/1646 1743/1735/1645
f 1653/1645/1555 1743/1735/1645 1742/1734/1644
f 1652/1644/1554 1742/1734/1644 1741/1733/1643
f 1651/1643/1553 1741/1733/1643 1740/1732/1642
f 1650/1642/1552 1740/1732/1642 1739/1731/1641
f 1649/1641/1551 1739/1731/1641 1738/1730/1640
f 1648/1640/1550 1738/1730/1640 1737/1729/1639
f 1647/1639/1549 1737/1729/1639 1736/1728/1638
f 1646/1638/1548 1736/1728/1638 1735/1727/1637
f 1645/1637/1547 1735/1727/1637 1734/1726/1636
f 1644/1636/1546 1734/1726/1636 1733/1725/1635
f 1643/1635/1545 1733/1725/1635 1732/1724/1634
f 1642/1634/1544 1732/1724/1634 1731/1723/1633
f 1641/1633/1543 1731/1723/1633 1730/1722/1632
f 1640/1632/1542 1730/1722/1632 1729/1721/1631
f 1639/1631/1541 1729/1721/1631 1728/1720/1630
f 1638/1630/1540 1728/1720/1630 1727/1719/1629
f 1637/1629/1539 1727/1719/1629 1726/1718/1628
f 1636/1628/1538 1726/1718/1628 1725/1717/1627
f 1635/1627/1537 1725/1717/1627 1724/1716/1626
f 1634/1626/1536 1724/1716/1626 1723/1715/1625
f 1633/1625/1535 1723/1715/1625 1722/1714/1624
f 1632/1624/1534 1722/1714/1624 1721/1713/1623
f 1631/1623/1533 1721/1713/1623 1720/1712/1622
f 1540/1532/1442 1630/1622/1532 1719/1711/1621
f 1629/1621/1531 1719/1711/1621 1718/1710/1620
f 1628/1620/1530 1718/1710/1620 1717/1709/1619
f 1627/1619/1529 1717/1709/1619 1716/1708/1618
f 1626/1618/1528 1716/1708/1618 1715/1707/1617
f 1625/1617/1527 1715/1707/1617 1714/1706/1616
f 1624/1616/1526 1714/1706/1616 1713/1705/1615
f 1623/1615/1525 1713/1705/1615 1712/1704/1614
f 1622/1614/1524 1712/1704/1614 1711/1703/1613
f 1621/1613/1523 1711/1703/1613 1710/1702/1612
f 1620/1612/1522 1710/1702/1612 1709/1701/1611
f 1619/1611/1521 1709/1701/1611 1708/1700/1610
f 1618/1610/1520 1708/1700/1610 1707/1699/1609
f 1617/1609/1519 1707/1699/1609 1706/1698/1608
f 1616/1608/1518 1706/1698/1608 1705/1697/1607
f 1615/1607/1517 1705/1697/1607 1704/1696/1606
f 1614/1606/1516 1704/1696/1606 1703/1695/1605
f 1613/1605/1515 1703/1695/1605 1702/1694/1604
f 1612/1604/1514 1702/1694/1604 1701/1693/1603
f 1611/1603/1513 1701/1693/1603 1700/1692/1602
f 1610/1602/1512 1700/1692/1602 1699/1691/1601
f 1609/1601/1511 1699/1691/1601 1698/1690/1600
f 1608/1600/1510 1698/1690/1600 1697/1689/1599
f 1607/1599/1509 1697/1689/1599 1696/1688/1598
f 1606/1598/1508 1696/1688/1598 1695/1687/1597
f 1605/1597/1507 1695/1687/1597 1694/1686/1596
f 1604/1596/1506 1694/1686/1596 1693/1685/1595
f 1603/1595/1505 1693/1685/1595 1692/1684/1594
f 1602/1594/1504 1692/1684/1594 1691/1683/1593
f 1601/1593/1503 1691/1683/1593 1690/1682/1592
f 1600/1592/1502 1690/1682/1592 1689/1681/1591
f 1599/1591/1501 1689/1681/1591 1688/1680/1590
f 1598/1590/1500 1688/1680/1590 1687/1679/1589
f 1597/1589/1499 1687/1679/1589 1686/1678/1588
f 1596/1588/1498 1686/1678/1588 1685/1677/1587
f 1595/1587/1497 1685/1677/1587 1684/1676/1586
f 1594/1586/1496 1684/1676/1586 1683/1675/1585
f 1593/1585/1495 1683/1675/1585 1682/1674/1584
f 1592/1584/1494 1682/1674/1584 1681/1673/1583
f 1591/1583/1493 1681/1673/1583 1680/1672/1582
f 1590/1582/1492 1680/1672/1582 1679/1671/1581
f 1589/1581/1491 1679/1671/1581 1678/1670/1580
f 1588/1580/1490 1678/1670/1580 1677/1669/1579
f 1587/1579/1489 1677/1669/1579 1676/1668/1578
f 1586/1578/1488 1676/1668/1578 1675/1667/1577
f 1585/1577/1487 1675/1667/1577 1674/1666/1576
f 1584/1576/1486 1674/1666/1576 1673/1665/1575
f 1583/1575/1485 1673/1665/1575 1672/1664/1574
f 1582/1574/1484 1672/1664/1574 1671/1663/1573
f 1581/1573/1483 1671/1663/1573 1670/1662/1572
f 1580/1572/1482 1670/1662/1572 1669/1661/1571
f 1579/1571/1481 1669/1661/1571 1668/1660/1570
f 1578/1570/1480 1668/1660/1570 1667/1659/1569
f 1577/1569/1479 1667/1659/1569 1666/1658/1568
f 1576/1568/1478 1666/1658/1568 1665/1657/1567
f 1575/1567/1477 1665/1657/1567 1664/1656/1566
f 1574/1566/1476 1664/1656/1566 1663/1655/1565
f 1573/1565/1475 1663/1655/1565 1662/1654/1564
f 1572/1564/1474 1662/1654/1564 1661/1653/1563
f 1571/1563/1473 1661/1653/1563 1660/1652/1562
f 1570/1562/1472 1660/1652/1562 1659/1651/1561
f 1569/1561/1471 1659/1651/1561 1658/1650/1560
f 1568/1560/1470 1658/1650/1560 1657/1649/1559
f 1567/1559/1469 1657/1649/1559 1656/1648/1558
f 1566/1558/1468 1656/1648/1558 1655/1647/1557
f 1565/1557/1467 1655/1647/1557 1654/1646/1556
f 1564/1556/1466 1654/1646/1556 1653/1645/1555
f 1563/1555/1465 1653/1645/1555 1652/1644/1554
f 1562/1554/1464 1652/1644/1554 1651/1643/1553
f 1561/1553/1463 1651/1643/1553 1650/1642/1552
f 1560/1552/1462 1650/1642/1552 1649/1641/1551
f 1559/1551/1461 1649/1641/1551 1648/1640/1550
f 1558/1550/1460 1648/1640/1550 1647/1639/1549
f 1557/1549/1459 1647/1639/1549 1646/1638/1548
f 1556/1548/1458 1646/1638/1548 1645/1637/1547
f 1555/1547/1457 1645/1637/1547 1644/1636/1546
f 1554/1546/1456 1644/1636/1546 1643/1635/1545
f 1553/1545/1455 1643/1635/1545 1642/1634/1544
f 1552/1544/1454 1642/1634/1544 1641/1633/1543
f 1551/1543/1453 1641/1633/1543 1640/1632/1542
f 1550/1542/1452 1640/1632/1542 1639/1631/1541
f 1549/1541/1451 1639/1631/1541 1638/1630/1540
f 1548/1540/1450 1638/1630/1540 1637/1629/1539
f 1547/1539/1449 1637/1629/1539 1636/1628/1538
f 1546/1538/1448 1636/1628/1538 1635/1627/1537
f 1545/1537/1447 1635/1627/1537 1634/1626/1536
f 1544/1536/1446 1634/1626/1536 1633/1625/1535
f 1543/1535/1445 1633/1625/1535 1632/1624/1534
f 1542/1534/1444 1632/1624/1534 1631/1623/1533
f 1541/1533/1443 1631/1623/1533 1630/1622/1532
f 1450/1442/1352 1540/1532/1442 1629/1621/1531
f 1539/1531/1441 1629/1621/1531 1628/1620/1530
f 1538/1530/1440 1628/1620/1530 1627/1619/1529
f 1537/1529/1439 1627/1619/1529 1626/1618/1528
f 1536/1528/1438 1626/1618/1528 1625/1617/1527
f 1535/1527/1437 1625/1617/1527 1624/1616/1526
f 1534/1526/1436 1624/1616/1526 1623/1615/1525
f 1533/1525/1435 1623/1615/1525 1622/1614/1524
f 1532/1524/1434 1622/1614/1524 1621/1613/1523
f 1531/1523/1433 1621/1613/1523 1620/1612/1522
f 1530/1522/1432 1620/1612/1522 1619/1611/1521
f 1529/1521/1431 1619/1611/1521 1618/1610/1520
f 1528/1520/1430 1618/1610/1520 1617/1609/1519
f 1527/1519/1429 1617/1609/1519 1616/1608/1518
f 1526/1518/1428 1616/1608/1518 1615/1607/1517
f 1525/1517/1427 1615/1607/1517 1614/1606/1516
f 1524/1516/1426 1614/1606/1516 1613/1605/1515
f 1523/1515/1425 1613/1605/1515 1612/1604/1514
f 1522/1514/1424 1612/1604/1514 1611/1603/1513
f 1521/1513/1423 1611/1603/1513 1610/1602/1512
f 1520/1512/1422 1610/1602/1512 1609/1601/1511
f 1519/1511/1421 1609/1601/1511 1608/1600/1510
f 1518/1510/1420 1608/1600/1510 1607/1599/1509
f 1517/1509/1419 1607/1599/1509 1606/1598/1508
f 1516/1508/1418 1606/1598/1508 1605/1597/1507
f 1515/1507/1417 1605/1597/1507 1604/1596/1506
f 1514/1506/1416 1604/1596/1506 1603/1595/1505
f 1513/1505/1415 1603/1595/1505 1602/1594/1504
f 1512/1504/1414 1602/1594/1504 1601/1593/1503
f 1511/1503/1413 1601/1593/1503 1600/1592/1502
f 1510/1502/1412 1600/1592/1502 1599/1591/1501
f 1509/1501/1411 1599/1591/1501 1598/1590/1500
f 1508/1500/1410 1598/1590/1500 1597/1589/1499
f 1507/1499/1409 1597/1589/1499 1596/1588/1498
f 1506/1498/1408 1596/1588/1498 1595/1587/1497
f 1505/1497/1407 1595/1587/1497 1594/1586/1496
f 1504/1496/1406 1594/1586/1496 1593/1585/1495
f 1503/1495/1405 1593/1585/1495 1592/1584/1494
f 1502/1494/1404 1592/1584/1494 1591/1583/1493
f 1501/1493/1403 1591/1583/1493 1590/1582/1492
f 1500/1492/1402 1590/1582/1492 1589/1581/1491
f 1499/1491/1401 1589/1581/1491 1588/1580/1490
f 1498/1490/1400 1588/1580/1490 1587/1579/1489
f 1497/1489/1399 1587/1579/1489 1586/1578/1488
f 1496/1488/1398 1586/1578/1488 1585/1577/1487
f 1495/1487/1397 1585/1577/1487 1584/1576/1486
f 1494/1486/1396 1584/1576/1486 1583/1575/1485
f 1493/1485/1395 1583/1575/1485 1582/1574/1484
f 1492/1484/1394 1582/1574/1484 1581/1573/1483
f 1491/1483/1393 1581/1573/1483 1580/1572/1482
f 1490/1482/1392 1580/1572/1482 1579/1571/1481
f 1489/1481/1391 1579/1571/1481 1578/1570/1480
f 1488/1480/1390 1578/1570/1480 1577/1569/1479
f 1487/1479/1389 1577/1569/1479 1576/1568/1478
f 1486/1478/1388 1576/1568/1478 1575/1567/1477
f 1485/1477/1387 1575/1567/1477 1574/1566/1476
f 1484/1476/1386 1574/1566/1476 1573/1565/1475
f 1483/1475/1385 1573/1565/1475 1572/1564/1474
f 1482/1474/1384 1572/1564/1474 1571/1563/1473
f 1481/1473/1383 1571/1563/1473 1570/1562/1472
f 1480/1472/1382 1570/1562/1472 1569/1561/1471
f 1479/1471/1381 1569/1561/1471 1568/1560/1470
f 1478/1470/1380 1568/1560/1470 1567/1559/1469
f 1477/1469/1379 1567/1559/1469 1566/1558/1468
f 1476/1468/1378 1566/1558/1468 1565/1557/1467
f 1475/1467/1377 1565/1557/1467 1564/1556/1466
f 1474/1466/1376 1564/1556/1466 1563/1555/1465
f 1473/1465/1375 1563/1555/1465 1562/1554/1464
f 1472/1464/1374 1562/1554/1464 1561/1553/1463
f 1471/1463/1373 1561/1553/1463 1560/1552/1462
f 1470/1462/1372 1560/1552/1462 1559/1551/1461
f 1469/1461/1371 1559/1551/1461 1558/1550/1460
f 1468/1460/1370 1558/1550/1460 1557/1549/1459
f 1467/1459/1369 1557/1549/1459 1556/1548/1458
f 1466/1458/1368 1556/1548/1458 1555/1547/1457
f 1465/1457/1367 1555/1547/1457 1554/1546/1456
f 1464/1456/1366 1554/1546/1456 1553/1545/1455
f 1463/1455/1365 1553/1545/1455 1552/1544/1454
f 1462/1454/1364 1552/1544/1454 1551/1543/1453
f 1461/1453/1363 1551/1543/1453 1550/1542/1452
f 1460/1452/1362 1550/1542/1452 1549/1541/1451
f 1459/1451/1361 1549/1541/1451 1548/1540/1450
f 1458/1450/1360 1548/1540/1450 1547/1539/1449
f 1457/1449/1359 1547/1539/1449 1546/1538/1448
f 1456/1448/1358 1546/1538/1448 1545/1537/1447
f 1455/1447/1357 1545/1537/1447 1544/1536/1446
f 1454/1446/1356 1544/1536/1446 1543/1535/1445
f 1453/1445/1355 1543/1535/1445 1542/1534/1444
f 1452/1444/1354 1542/1534/1444 1541/1533/1443
f 1451/1443/1353 1541/1533/1443 1540/1532/1442
f 1360/1352/1262 1450/1442/1352 1539/1531/1441
f 1449/1441/1351 1539/1531/1441 1538/1530/1440
f 1448/1440/1350 1538/1530/1440 1537/1529/1439
f 1447/1439/1349 1537/1529/1439 1536/1528/1438
f 1446/1438/1348 1536/1528/1438 1535/1527/1437
f 1445/1437/1347 1535/1527/1437 1534/1526/1436
f 1444/1436/1346 1534/1526/1436 1533/1525/1435
f 1443/1435/1345 1533/1525/1435 1532/1524/1434
f 1442/1434/1344 1532/1524/1434 1531/1523/1433
f 1441/1433/1343 1531/1523/1433 1530/1522/1432
f 1440/1432/1342 1530/1522/1432 1529/1521/1431
f 1439/1431/1341 1529/1521/1431 1528/1520/1430
f 1438/1430/1340 1528/1520/1430 1527/1519/1429
f 1437/1429/1339 1527/1519/1429 1526/1518/1428
f 1436/1428/1338 1526/1518/1428 1525/1517/1427
f 1435/1427/1337 1525/1517/1427 1524/1516/1426
f 1434/1426/1336 1524/1516/1426 1523/1515/1425
f 1433/1425/1335 1523/1515/1425 1522/1514/1424
f 1432/1424/1334 1522/1514/1424 1521/1513/1423
f 1431/1423/1333 1521/1513/1423 1520/1512/1422
f 1430/1422/1332 1520/1512/1422 1519/1511/1421
f 1429/1421/1331 1519/1511/1421 1518/1510/1420
f 1428/1420/1330 1518/1510/1420 1517/1509/1419
f 1427/1419/1329 1517/1509/1419 1516/1508/1418
f 1426/1418/1328 1516/1508/1418 1515/1507/1417
f 1425/1417/1327 1515/1507/1417 1514/1506/1416
f 1424/1416/1326 1514/1506/1416 1513/1505/1415
f 1423/1415/1325 1513/1505/1415 1512/1504/1414
f 1422/1414/1324 1512/1504/1414 1511/1503/1413
f 1421/1413/1323 1511/1503/1413 1510/1502/1412
f 1420/1412/1322 1510/1502/1412 1509/1501/1411
f 1419/1411/1321 1509/1501/1411 1508/1500/1410
f 1418/1410/1320 1508/1500/1410 1507/1499/1409
f 1417/1409/1319 1507/1499/1409 1506/1498/1408
f 1416/1408/1318 1506/1498/1408 1505/1497/1407
f 1415/1407/1317 1505/1497/1407 1504/1496/1406
f 1414/1406/1316 1504/1496/1406 1503/1495/1405
f 1413/1405/1315 1503/1495/1405 1502/1494/1404
f 1412/1404/1314 1502/1494/1404 1501/1493/1403
f 1411/1403/1313 1501/1493/1403 1500/1492/1402
f 1410/1402/1312 1500/1492/1402 1499/1491/1401
f 1409/1401/1311 1499/1491/1401 1498/1490/1400
f 1408/1400/1310 1498/1490/1400 1497/1489/1399
f 1407/1399/1309 1497/1489/1399 1496/1488/1398
f 1406/1398/1308 1496/1488/1398 1495/1487/1397
f 1405/1397/1307 1495/1487/1397 1494/1486/1396
f 1404/1396/1306 1494/1486/1396 1493/1485/1395
f 1403/1395/1305 1493/1485/1395 1492/1484/1394
f 1402/1394/1304 1492/1484/1394 1491/1483/1393
f 1401/1393/1303 1491/1483/1393 1490/1482/1392
f 1400/1392/1302 1490/1482/1392 1489/1481/1391
f 1399/1391/1301 1489/1481/1391 1488/1480/1390
f 1398/1390/1300 1488/1480/1390 1487/1479/1389
f 1397/1389/1299 1487/1479/1389 1486/1478/1388
f 1396/1388/1298 1486/1478/1388 1485/1477/1387
f 1395/1387/1297 1485/1477/1387 1484/1476/1386
f 1394/1386/1296 1484/1476/1386 1483/1475/1385
f 1393/1385/1295 1483/1475/1385 1482/1474/1384
f 1392/1384/1294 1482/1474/1384 1481/1473/1383
f 1391/1383/1293 1481/1473/1383 1480/1472/1382
f 1390/1382/1292 1480/1472/1382 1479/1471/1381
f 1389/1381/1291 1479/1471/1381 1478/1470/1380
f 1388/1380/1290 1478/1470/1380 1477/1469/1379
f 1387/1379/1289 1477/1469/1379 1476/1468/1378
f 1386/1378/1288 1476/1468/1378 1475/1467/1377
f 1385/1377/1287 1475/1467/1377 1474/1466/1376
f 1384/1376/1286 1474/1466/1376 1473/1465/1375
f 1383/1375/1285 1473/1465/1375 1472/1464/1374
f 1382/1374/1284 1472/1464/1374 1471/1463/1373
f 1381/1373/1283 1471/1463/1373 1470/1462/1372
f 1380/1372/1282 1470/1462/1372 1469/1461/1371
f 1379/1371/1281 1469/1461/1371 1468/1460/1370
f 1378/1370/1280 1468/1460/1370 1467/1459/1369
f 1377/1369/1279 1467/1459/1369 1466/1458/1368
f 1376/1368/1278 1466/1458/1368 1465/1457/1367
f 1375/1367/1277 1465/1457/1367 1464/1456/1366
f 1374/1366/1276 1464/1456/1366 1463/1455/1365
f 1373/1365/1275 1463/1455/1365 1462/1454/1364
f 1372/1364/1274 1462/1454/1364 1461/1453/1363
f 1371/1363/1273 1461/1453/1363 1460/1452/1362
f 1370/1362/1272 1460/1452/1362 1459/1451/1361
f 1369/1361/1271 1459/1451/1361 1458/1450/1360
f 1368/1360/1270 1458/1450/1360 1457/1449/1359
f 1367/1359/1269 1457/1449/1359 1456/1448/1358
f 1366/1358/1268 1456/1448/1358 1455/1447/1357
f 1365/1357/1267 1455/1447/1357 1454/1446/1356
f 1364/1356/1266 1454/1446/1356 1453/1445/1355
f 1363/1355/1265 1453/1445/1355 1452/1444/1354
f 1362/1354/1264 1452/1444/1354 1451/1443/1353
f 1361/1353/1263 1451/1443/1353 1450/1442/1352
f 1270/1262/1172 1360/1352/1262 1449/1441/1351
f 1359/1351/1261 1449/1441/1351 1448/1440/1350
f 1358/1350/1260 1448/1440/1350 1447/1439/1349
f 1357/1349/1259 1447/1439/1349 1446/1438/1348
f 1356/1348/1258 1446/1438/1348 1445/1437/1347
f 1355/1347/1257 1445/1437/1347 1444/1436/1346
f 1354/1346/1256 1444/1436/1346 1443/1435/1345
f 1353/1345/1255 1443/1435/1345 1442/1434/1344
f 1352/1344/1254 1442/1434/1344 1441/1433/1343
f 1351/1343/1253 1441/1433/1343 1440/1432/1342
f 1350/1342/1252 1440/1432/1342 1439/1431/1341
f 1349/1341/1251 1439/1431/1341 1438/1430/1340
f 1348/1340/1250 1438/1430/1340 1437/1429/1339
f 1347/1339/1249 1437/1429/1339 1436/1428/1338
f 1346/1338/1248 1436/1428/1338 1435/1427/1337
f 1345/1337/1247 1435/1427/1337 1434/1426/1336
f 1344/1336/1246 1434/1426/1336 1433/1425/1335
f 1343/1335/1245 1433/1425/1335 1432/1424/1334
f 1342/1334/1244 1432/1424/1334 1431/1423/1333
f 1341/1333/1243 1431/1423/1333 1430/1422/1332
f 1340/1332/1242 1430/1422/1332 1429/1421/1331
f 1339/1331/1241 1429/1421/1331 1428/1420/1330
f 1338/1330/1240 1428/1420/1330 1427/1419/1329
f 1337/1329/1239 1427/1419/1329 1426/1418/1328
f 1336/1328/1238 1426/1418/1328 1425/1417/1327
f 1335/1327/1237 1425/1417/1327 1424/1416/1326
f 1334/1326/1236 1424/1416/1326 1423/1415/1325
f 1333/1325/1235 1423/1415/1325 1422/1414/1324
f 1332/1324/1234 1422/1414/1324 1421/1413/1323
f 1331/1323/1233 1421/1413/1323 1420/1412/1322
f 1330/1322/1232 1420/1412/1322 1419/1411/1321
f 1329/1321/1231 1419/1411/1321 1418/1410/1320
f 1328/1320/1230 1418/1410/1320 1417/1409/1319
f 1327/1319/1229 1417/1409/1319 1416/1408/1318
f 1326/1318/1228 1416/1408/1318 1415/1407/1317
f 1325/1317/1227 1415/1407/1317 1414/1406/1316
f 1324/1316/1226 1414/1406/1316 1413/1405/1315
f 1323/1315/1225 1413/1405/1315 1412/1404/1314
f 1322/1314/1224 1412/1404/1314 1411/1403/1313
f 1321/1313/1223 1411/1403/1313 1410/1402/1312
f 1320/1312/1222 1410/1402/1312 1409/1401/1311
f 1319/1311/1221 1409/1401/1311 1408/1400/1310
f 1318/1310/1220 1408/1400/1310 1407/1399/1309
f 1317/1309/1219 1407/1399/1309 1406/1398/1308
f 1316/1308/1218 1406/1398/1308 1405/1397/1307
f 1315/1307/1217 1405/1397/1307 1404/1396/1306
f 1314/1306/1216 1404/1396/1306 1403/1395/1305
f 1313/1305/1215 1403/1395/1305 1402/1394/1304
f 1312/1304/1214 1402/1394/1304 1401/1393/1303
f 1311/1303/1213 1401/1393/1303 1400/1392/1302
f 1310/1302/1212 1400/1392/1302 1399/1391/1301
f 1309/1301/1211 1399/1391/1301 1398/1390/1300
f 1308/1300/1210 1398/1390/1300 1397/1389/1299
f 1307/1299/1209 1397/1389/1299 1396/1388/1298
f 1306/1298/1208 1396/1388/1298 1395/1387/1297
f 1305/1297/1207 1395/1387/1297 1394/1386/1296
f 1304/1296/1206 1394/1386/1296 1393/1385/1295
f 1303/1295/1205 1393/1385/1295 1392/1384/1294
f 1302/1294/1204 1392/1384/1294 1391/1383/1293
f 1301/1293/1203 1391/1383/1293 1390/1382/1292
f 1300/1292/1202 1390/1382/1292 1389/1381/1291
f 1299/1291/1201 1389/1381/1291 1388/1380/1290
f 1298/1290/1200 1388/1380/1290 1387/1379/1289
f 1297/1289/1199 1387/1379/1289 1386/1378/1288
f 1296/1288/1198 1386/1378/1288 1385/1377/1287
f 1295/1287/1197 1385/1377/1287 1384/1376/1286
f 1294/1286/1196 1384/1376/1286 1383/1375/1285
f 1293/1285/1195 1383/1375/1285 1382/1374/1284
f 1292/1284/1194 1382/1374/1284 1381/1373/1283
f 1291/1283/1193 1381/1373/1283 1380/1372/1282
f 1290/1282/1192 1380/1372/1282 1379/1371/1281
f 1289/1281/1191 1379/1371/1281 1378/1370/1280
f 1288/1280/1190 1378/1370/1280 1377/1369/1279
f 1287/1279/1189 1377/1369/1279 1376/1368/1278
f 1286/1278/1188 1376/1368/1278 1375/1367/1277
f 1285/1277/1187 1375/1367/1277 1374/1366/1276
f 1284/1276/1186 1374/1366/1276 1373/1365/1275
f 1283/1275/1185 1373/1365/1275 1372/1364/1274
f 1282/1274/1184 1372/1364/1274 1371/1363/1273
f 1281/1273/1183 1371/1363/1273 1370/1362/1272
f 1280/1272/1182 1370/1362/1272 1369/1361/1271
f 1279/1271/1181 1369/1361/1271 1368/1360/1270
f 1278/1270/1180 1368/1360/1270 1367/1359/1269
f 1277/1269/1179 1367/1359/1269 1366/1358/1268
f 1276/1268/1178 1366/1358/1268 1365/1357/1267
f 1275/1267/1177 1365/1357/1267 1364/1356/1266
f 1274/1266/1176 1364/1356/1266 1363/1355/1265
f 1273/1265/1175 1363/1355/1265 1362/1354/1264
f 1272/1264/1174 1362/1354/1264 1361/1353/1263
f 1271/1263/1173 1361/1353/1263 1360/1352/1262
f 1180/1172/1082 1270/1262/1172 1359/1351/1261
f 1269/1261/1171 1359/1351/1261 1358/1350/1260
f 1268/1260/1170 1358/1350/1260 1357/1349/1259
f 1267/1259/1169 1357/1349/1259 1356/1348/1258
f 1266/1258/1168 1356/1348/1258 1355/1347/1257
f 1265/1257/1167 1355/1347/1257 1354/1346/1256
f 1264/1256/1166 1354/1346/1256 1353/1345/1255
f 1263/1255/1165 1353/1345/1255 1352/1344/1254
f 1262/1254/1164 1352/1344/1254 1351/1343/1253
f 1261/1253/1163 1351/1343/1253 1350/1342/1252
f 1260/1252/1162 1350/1342/1252 1349/1341/1251
f 1259/1251/1161 1349/1341/1251 1348/1340/1250
f 1258/1250/1160 1348/1340/1250 1347/1339/1249
f 1257/1249/1159 1347/1339/1249 1346/1338/1248
f 1256/1248/1158 1346/1338/1248 1345/1337/1247
f 1255/1247/1157 1345/1337/1247 1344/1336/1246
f 1254/1246/1156 1344/1336/1246 1343/1335/1245
f 1253/1245/1155 1343/1335/1245 1342/1334/1244
f 1252/1244/1154 1342/1334/1244 1341/1333/1243
f 1251/1243/1153 1341/1333/1243 1340/1332/1242
f 1250/1242/1152 1340/1332/1242 1339/1331/1241
f 1249/1241/1151 1339/1331/1241 1338/1330/1240
f 1248/1240/1150 1338/1330/1240 1337/1329/1239
f 1247/1239/1149 1337/1329/1239 1336/1328/1238
f 1246/1238/1148 1336/1328/1238 1335/1327/1237
f 1245/1237/1147 1335/1327/1237 1334/1326/1236
f 1244/1236/1146 1334/1326/1236 1333/1325/1235
f 1243/1235/1145 1333/1325/1235 1332/1324/1234
f 1242/1234/1144 1332/1324/1234 1331/1323/1233
f 1241/1233/1143 1331/1323/1233 1330/1322/1232
f 1240/1232/1142 1330/1322/1232 1329/1321/1231
f 1239/1231/1141 1329/1321/1231 1328/1320/1230
f 1238/1230/1140 1328/1320/1230 1327/1319/1229
f 1237/1229/1139 1327/1319/1229 1326/1318/1228
f 1236/1228/1138 1326/1318/1228 1325/1317/1227
f 1235/1227/1137 1325/1317/1227 1324/1316/1226
f 1234/1226/1136 1324/1316/1226 1323/1315/1225
f 1233/1225/1135 1323/1315/1225 1322/1314/1224
f 1232/1224/1134 1322/1314/1224 1321/1313/1223
f 1231/1223/1133 1321/1313/1223 1320/1312/1222
f 1230/1222/1132 1320/1312/1222 1319/1311/1221
f 1229/1221/1131 1319/1311/1221 1318/1310/1220
f 1228/1220/1130 1318/1310/1220 1317/1309/1219
f 1227/1219/1129 1317/1309/1219 1316/1308/1218
f 1226/1218/1128 1316/1308/1218 1315/1307/1217
f 1225/1217/1127 1315/1307/1217 1314/1306/1216
f 1224/1216/1126 1314/1306/1216 1313/1305/1215
f 1223/1215/1125 1313/1305/1215 1312/1304/1214
f 1222/1214/1124 1312/1304/1214 1311/1303/1213
f 1221/1213/1123 1311/1303/1213 1310/1302/1212
f 1220/1212/1122 1310/1302/1212 1309/1301/1211
f 1219/1211/1121 1309/1301/1211 1308/1300/1210
f 1218/1210/1120 1308/1300/1210 1307/1299/1209
f 1217/1209/1119 1307/1299/1209 1306/1298/1208
f 1216/1208/1118 1306/1298/1208 1305/1297/1207
f 1215/1207/1117 1305/1297/1207 1304/1296/1206
f 1214/1206/1116 1304/1296/1206 1303/1295/1205
f 1213/1205/1115 1303/1295/1205 1302/1294/1204
f 1212/1204/1114 1302/1294/1204 1301/1293/1203
f 1211/1203/1113 1301/1293/1203 1300/1292/1202
f 1210/1202/1112 1300/1292/1202 1299/1291/1201
f 1209/1201/1111 1299/1291/1201 1298/1290/1200
f 1208/1200/1110 1298/1290/1200 1297/1289/1199
f 1207/1199/1109 1297/1289/1199 1296/1288/1198
f 1206/1198/1108 1296/1288/1198 1295/1287/1197
f 1205/1197/1107 1295/1287/1197 1294/1286/1196
f 1204/1196/1106 1294/1286/1196 1293/1285/1195
f 1203/1195/1105 1293/1285/1195 1292/1284/1194
f 1202/1194/1104 1292/1284/1194 1291/1283/1193
f 1201/1193/1103 1291/1283/1193 1290/1282/1192
f 1200/1192/1102 1290/1282/1192 1289/1281/1191
f 1199/1191/1101 1289/1281/1191 1288/1280/1190
f 1198/1190/1100 1288/1280/1190 1287/1279/1189
f 1197/1189/1099 1287/1279/1189 1286/1278/1188
f 1196/1188/1098 1286/1278/1188 1285/1277/1187
f 1195/1187/1097 1285/1277/1187 1284/1276/1186
f 1194/1186/1096 1284/1276/1186 1283/1275/1185
f 1193/1185/1095 1283/1275/1185 1282/1274/1184
f 1192/1184/1094 1282/1274/1184 1281/1273/1183
f 1191/1183/1093 1281/1273/1183 1280/1272/1182
f 1190/1182/1092 1280/1272/1182 1279/1271/1181
f 1189/1181/1091 1279/1271/1181 1278/1270/1180
f 1188/1180/1090 1278/1270/1180 1277/1269/1179
f 1187/1179/1089 1277/1269/1179 1276/1268/1178
f 1186/1178/1088 1276/1268/1178 1275/1267/1177
f 1185/1177/1087 1275/1267/1177 1274/1266/1176
f 1184/1176/1086 1274/1266/1176 1273/1265/1175
f 1183/1175/1085 1273/1265/1175 1272/1264/1174
f 1182/1174/1084 1272/1264/1174 1271/1263/1173
f 1181/1173/1083 1271/1263/1173 1270/1262/1172
f 1090/1082/992 1180/1172/1082 1269/1261/1171
f 1179/1171/1081 1269/1261/1171 1268/1260/1170
f 1178/1170/1080 1268/1260/1170 1267/1259/1169
f 1177/1169/1079 1267/1259/1169 1266/1258/1168
f 1176/1168/1078 1266/1258/1168 1265/1257/1167
f 1175/1167/1077 1265/1257/1167 1264/1256/1166
f 1174/1166/1076 1264/1256/1166 1263/1255/1165
f 1173/1165/1075 1263/1255/1165 1262/1254/1164
f 1172/1164/1074 1262/1254/1164 1261/1253/1163
f 1171/1163/1073 1261/1253/1163 1260/1252/1162
f 1170/1162/1072 1260/1252/1162 1259/1251/1161
f 1169/1161/1071 1259/1251/1161 1258/1250/1160
f 1168/1160/1070 1258/1250/1160 1257/1249/1159
f 1167/1159/1069 1257/1249/1159 1256/1248/1158
f 1166/1158/1068 1256/1248/1158 1255/1247/1157
f 1165/1157/1067 1255/1247/1157 1254/1246/1156
f 1164/1156/1066 1254/1246/1156 1253/1245/1155
f 1163/1155/1065 1253/1245/1155 1252/1244/1154
f 1162/1154/1064 1252/1244/1154 1251/1243/1153
f 1161/1153/1063 1251/1243/1153 1250/1242/1152
f 1160/1152/1062 1250/1242/1152 1249/1241/1151
f 1159/1151/1061 1249/1241/1151 1248/1240/1150
f 1158/1150/1060 1248/1240/1150 1247/1239/1149
f 1157/1149/1059 1247/1239/1149 1246/1238/1148
f 1156/1148/1058 1246/1238/1148 1245/1237/1147
f 1155/1147/1057 1245/1237/1147 1244/1236/1146
f 1154/1146/1056 1244/1236/1146 1243/1235/1145
f 1153/1145/1055 1243/1235/1145 1242/1234/1144
f 1152/1144/1054 1242/1234/1144 1241/1233/1143
f 1151/1143/1053 1241/1233/1143 1240/1232/1142
f 1150/1142/1052 1240/1232/1142 1239/1231/1141
f 1149/1141/1051 1239/1231/1141 1238/1230/1140
f 1148/1140/1050 1238/1230/1140 1237/1229/1139
f 1147/1139/1049 1237/1229/1139 1236/1228/1138
f 1146/1138/1048 1236/1228/1138 1235/1227/1137
f 1145/1137/1047 1235/1227/1137 1234/1226/1136
f 1144/1136/1046 1234/1226/1136 1233/1225/1135
f 1143/1135/1045 1233/1225/1135 1232/1224/1134
f 1142/1134/1044 1232/1224/1134 1231/1223/1133
f 1141/1133/1043 1231/1223/1133 1230/1222/1132
f 1140/1132/1042 1230/1222/1132 1229/1221/1131
f 1139/1131/1041 1229/1221/1131 1228/1220/1130
f 1138/1130/1040 1228/1220/1130 1227/1219/1129
f 1137/1129/1039 1227/1219/1129 1226/1218/1128
f 1136/1128/1038 1226/1218/1128 1225/1217/1127
f 1135/1127/1037 1225/1217/1127 1224/1216/1126
f 1134/1126/1036 1224/1216/1126 1223/1215/1125
f 1133/1125/1035 1223/1215/1125 1222/1214/1124
f 1132/1124/1034 1222/1214/1124 1221/1213/1123
f 1131/1123/1033 1221/1213/1123 1220/1212/1122
f 1130/1122/1032 1220/1212/1122 1219/1211/1121
f 1129/1121/1031 1219/1211/1121 1218/1210/1120
f 1128/1120/1030 1218/1210/1120 1217/1209/1119
f 1127/1119/1029 1217/1209/1119 1216/1208/1118
f 1126/1118/1028 1216/1208/1118 1215/1207/1117
f 1125/1117/1027 1215/1207/1117 1214/1206/1116
f 1124/1116/1026 1214/1206/1116 1213/1205/1115
f 1123/1115/1025 1213/1205/1115 1212/1204/1114
f 1122/1114/1024 1212/1204/1114 1211/1203/1113
f 1121/1113/1023 1211/1203/1113 1210/1202/1112
f 1120/1112/1022 1210/1202/1112 1209/1201/1111
f 1119/1111/1021 1209/1201/1111 1208/1200/1110
f 1118/1110/1020 1208/1200/1110 1207/1199/1109
f 1117/1109/1019 1207/1199/1109 1206/1198/1108
f 1116/1108/1018 1206/1198/1108 1205/1197/1107
f 1115/1107/1017 1205/1197/1107 1204/1196/1106
f 1114/1106/1016 1204/1196/1106 1203/1195/1105
f 1113/1105/1015 1203/1195/1105 1202/1194/1104
f 1112/1104/1014 1202/1194/1104 1201/1193/1103
f 1111/1103/1013 1201/1193/1103 1200/1192/1102
f 1110/1102/1012 1200/1192/1102 1199/1191/1101
f 1109/1101/1011 1199/1191/1101 1198/1190/1100
f 1108/1100/1010 1198/1190/1100 1197/1189/1099
f 1107/1099/1009 1197/1189/1099 1196/1188/1098
f 1106/1098/1008 1196/1188/1098 1195/1187/1097
f 1105/1097/1007 1195/1187/1097 1194/1186/1096
f 1104/1096/1006 1194/1186/1096 1193/1185/1095
f 1103/1095/1005 1193/1185/1095 1192/1184/1094
f 1102/1094/1004 1192/1184/1094 1191/1183/1093
f 1101/1093/1003 1191/1183/1093 1190/1182/1092
f 1100/1092/1002 1190/1182/1092 1189/1181/1091
f 1099/1091/1001 1189/1181/1091 1188/1180/1090
f 1098/1090/1000 1188/1180/1090 1187/1179/1089
f 1097/1089/999 1187/1179/1089 1186/1178/1088
f 1096/1088/998 1186/1178/1088 1185/1177/1087
f 1095/1087/997 1185/1177/1087 1184/1176/1086
f 1094/1086/996 1184/1176/1086 1183/1175/1085
f 1093/1085/995 1183/1175/1085 1182/1174/1084
f 1092/1084/994 1182/1174/1084 1181/1173/1083
f 1091/1083/993 1181/1173/1083 1180/1172/1082
f 1000/992/902 1090/1082/992 1179/1171/1081
f 1089/1081/991 1179/1171/1081 1178/1170/1080
f 1088/1080/990 1178/1170/1080 1177/1169/1079
f 1087/1079/989 1177/1169/1079 1176/1168/1078
f 1086/1078/988 1176/1168/1078 1175/1167/1077
f 1085/1077/987 1175/1167/1077 1174/1166/1076
f 1084/1076/986 1174/1166/1076 1173/1165/1075
f 1083/1075/985 1173/1165/1075 1172/1164/1074
f 1082/1074/984 1172/1164/1074 1171/1163/1073
f 1081/1073/983 1171/1163/1073 1170/1162/1072
f 1080/1072/982 1170/1162/1072 1169/1161/1071
f 1079/1071/981 1169/1161/1071 1168/1160/1070
f 1078/1070/980 1168/1160/1070 1167/1159/1069
f 1077/1069/979 1167/1159/1069 1166/1158/1068
f 1076/1068/978 1166/1158/1068 1165/1157/1067
f 1075/1067/977 1165/1157/1067 1164/1156/1066
f 1074/1066/976 1164/1156/1066 1163/1155/1065
f 1073/1065/975 1163/1155/1065 1162/1154/1064
f 1072/1064/974 1162/1154/1064 1161/1153/1063
f 1071/1063/973 1161/1153/1063 1160/1152/1062
f 1070/1062/972 1160/1152/1062 1159/1151/1061
f 1069/1061/971 1159/1151/1061 1158/1150/1060
f 1068/1060/970 1158/1150/1060 1157/1149/1059
f 1067/1059/969 1157/1149/1059 1156/1148/1058
f 1066/1058/968 1156/1148/1058 1155/1147/1057
f 1065/1057/967 1155/1147/1057 1154/1146/1056
f 1064/1056/966 1154/1146/1056 1153/1145/1055
f 1063/1055/965 1153/1145/1055 1152/1144/1054
f 1062/1054/964 1152/1144/1054 1151/1143/1053
f 1061/1053/963 1151/1143/1053 1150/1142/1052
f 1060/1052/962 1150/1142/1052 1149/1141/1051
f 1059/1051/961 1149/1141/1051 1148/1140/1050
f 1058/1050/960 1148/1140/1050 1147/1139/1049
f 1057/1049/959 1147/1139/1049 1146/1138/1048
f 1056/1048/958 1146/1138/1048 1145/1137/1047
f 1055/1047/957 1145/1137/1047 1144/1136/1046
f 1054/1046/956 1144/1136/1046 1143/1135/1045
f 1053/1045/955 1143/1135/1045 1142/1134/1044
f 1052/1044/954 1142/1134/1044 1141/1133/1043
f 1051/1043/953 1141/1133/1043 1140/1132/1042
f 1050/1042/952 1140/1132/1042 1139/1131/1041
f 1049/1041/951 1139/1131/1041 1138/1130/1040
f 1048/1040/950 1138/1130/1040 1137/1129/1039
f 1047/1039/949 1137/1129/1039 1136/1128/1038
f 1046/1038/948 1136/1128/1038 1135/1127/1037
f 1045/1037/947 1135/1127/1037 1134/1126/1036
f 1044/1036/946 1134/1126/1036 1133/1125/1035
f 1043/1035/945 1133/1125/1035 1132/1124/1034
f 1042/1034/944 1132/1124/1034 1131/1123/1033
f 1041/1033/943 1131/1123/1033 1130/1122/1032
f 1040/1032/942 1130/1122/1032 1129/1121/1031
f 1039/1031/941 1129/1121/1031 1128/1120/1030
f 1038/1030/940 1128/1120/1030 1127/1119/1029
f 1037/1029/939 1127/1119/1029 1126/1118/1028
f 1036/1028/938 1126/1118/1028 1125/1117/1027
f 1035/1027/937 1125/1117/1027 1124/1116/1026
f 1034/1026/936 1124/1116/1026 1123/1115/1025
f 1033/1025/935 1123/1115/1025 1122/1114/1024
f 1032/1024/934 1122/1114/1024 1121/1113/1023
f 1031/1023/933 1121/1113/1023 1120/1112/1022
f 1030/1022/932 1120/1112/1022 1119/1111/1021
f 1029/1021/931 1119/1111/1021 1118/1110/1020
f 1028/1020/930 1118/1110/1020 1117/1109/1019
f 1027/1019/929 1117/1109/1019 1116/1108/1018
f 1026/1018/928 1116/1108/1018 1115/1107/1017
f 1025/1017/927 1115/1107/1017 1114/1106/1016
f 1024/1016/926 1114/1106/1016 1113/1105/1015
f 1023/1015/925 1113/1105/1015 1112/1104/1014
f 1022/1014/924 1112/1104/1014 1111/1103/1013
f 1021/1013/923 1111/1103/1013 1110/1102/1012
f 1020/1012/922 1110/1102/1012 1109/1101/1011
f 1019/1011/921 1109/1101/1011 1108/1100/1010
f 1018/1010/920 1108/1100/1010 1107/1099/1009
f 1017/1009/919 1107/1099/1009 1106/1098/1008
f 1016/1008/918 1106/1098/1008 1105/1097/1007
f 1015/1007/917 1105/1097/1007 1104/1096/1006
f 1014/1006/916 1104/1096/1006 1103/1095/1005
f 1013/1005/915 1103/1095/1005 1102/1094/1004
f 1012/1004/914 1102/1094/1004 1101/1093/1003
f 1011/1003/913 1101/1093/1003 1100/1092/1002
f 1010/1002/912 1100/1092/1002 1099/1091/1001
f 1009/1001/911 1099/1091/1001 1098/1090/1000
f 1008/1000/910 1098/1090/1000 1097/1089/999
f 1007/999/909 1097/1089/999 1096/1088/998
f 1006/998/908 1096/1088/998 1095/1087/997
f 1005/997/907 1095/1087/997 1094/1086/996
f 1004/996/906 1094/1086/996 1093/1085/995
f 1003/995/905 1093/1085/995 1092/1084/994
f 1002/994/904 1092/1084/994 1091/1083/993
f 1001/993/903 1091/1083/993 1090/1082/992
f 910/902/812 1000/992/902 1089/1081/991
f 999/991/901 1089/1081/991 1088/1080/990
f 998/990/900 1088/1080/990 1087/1079/989
f 997/989/899 1087/1079/989 1086/1078/988
f 996/988/898 1086/1078/988 1085/1077/987
f 995/987/897 1085/1077/987 1084/1076/986
f 994/986/896 1084/1076/986 1083/1075/985
f 993/985/895 1083/1075/985 1082/1074/984
f 992/984/894 1082/1074/984 1081/1073/983
f 991/983/893 1081/1073/983 1080/1072/982
f 990/982/892 1080/1072/982 1079/1071/981
f 989/981/891 1079/1071/981 1078/1070/980
f 988/980/890 1078/1070/980 1077/1069/979
f 987/979/889 1077/1069/979 1076/1068/978
f 986/978/888 1076/1068/978 1075/1067/977
f 985/977/887 1075/1067/977 1074/1066/976
f 984/976/886 1074/1066/976 1073/1065/975
f 983/975/885 1073/1065/975 1072/1064/974
f 982/974/884 1072/1064/974 1071/1063/973
f 981/973/883 1071/1063/973 1070/1062/972
f 980/972/882 1070/1062/972 1069/1061/971
f 979/971/881 1069/1061/971 1068/1060/970
f 978/970/880 1068/1060/970 1067/1059/969
f 977/969/879 1067/1059/969 1066/1058/968
f 976/968/878 1066/1058/968 1065/1057/967
f 975/967/877 1065/1057/967 1064/1056/966
f 974/966/876 1064/1056/966 1063/1055/965
f 973/965/875 1063/1055/965 1062/1054/964
f 972/964/874 1062/1054/964 1061/1053/963
f 971/963/873 1061/1053/963 1060/1052/962
f 970/962/872 1060/1052/962 1059/1051/961
f 969/961/871 1059/1051/961 1058/1050/960
f 968/960/870 1058/1050/960 1057/1049/959
f 967/959/869 1057/1049/959 1056/1048/958
f 966/958/868 1056/1048/958 1055/1047/957
f 965/957/867 1055/1047/957 1054/1046/956
f 964/956/866 1054/1046/956 1053/1045/955
f 963/955/865 1053/1045/955 1052/1044/954
f 962/954/864 1052/1044/954 1051/1043/953
f 961/953/863 1051/1043/953 1050/1042/952
f 960/952/862 1050/1042/952 1049/1041/951
f 959/951/861 1049/1041/951 1048/1040/950
f 958/950/860 1048/1040/950 1047/1039/949
f 957/949/859 1047/1039/949 1046/1038/948
f 956/948/858 1046/1038/948 1045/1037/947
f 955/947/857 1045/1037/947 1044/1036/946
f 954/946/856 1044/1036/946 1043/1035/945
f 953/945/855 1043/1035/945 1042/1034/944
f 952/944/854 1042/1034/944 1041/1033/943
f 951/943/853 1041/1033/943 1040/1032/942
f 950/942/852 1040/1032/942 1039/1031/941
f 949/941/851 1039/1031/941 1038/1030/940
f 948/940/850 1038/1030/940 1037/1029/939
f 947/939/849 1037/1029/939 1036/1028/938
f 946/938/848 1036/1028/938 1035/1027/937
f 945/937/847 1035/1027/937 1034/1026/936
f 944/936/846 1034/1026/936 1033/1025/935
f 943/935/845 1033/1025/935 1032/1024/934
f 942/934/844 1032/1024/934 1031/1023/933
f 941/933/843 1031/1023/933 1030/1022/932
f 940/932/842 1030/1022/932 1029/1021/931
f 939/931/841 1029/1021/931 1028/1020/930
f 938/930/840 1028/1020/930 1027/1019/929
f 937/929/839 1027/1019/929 1026/1018/928
f 936/928/838 1026/1018/928 1025/1017/927
f 935/927/837 1025/1017/927 1024/1016/926
f 934/926/836 1024/1016/926 1023/1015/925
f 933/925/835 1023/1015/925 1022/1014/924
f 932/924/834 1022/1014/924 1021/1013/923
f 931/923/833 1021/1013/923 1020/1012/922
f 930/922/832 1020/1012/922 1019/1011/921
f 929/921/831 1019/1011/921 1018/1010/920
f 928/920/830 1018/1010/920 1017/1009/919
f 927/919/829 1017/1009/919 1016/1008/918
f 926/918/828 1016/1008/918 1015/1007/917
f 925/917/827 1015/1007/917 1014/1006/916
f 924/916/826 1014/1006/916 1013/1005/915
f 923/915/825 1013/1005/915 1012/1004/914
f 922/914/824 1012/1004/914 1011/1003/913
f 921/913/823 1011/1003/913 1010/1002/912
f 920/912/822 1010/1002/912 1009/1001/911
f 919/911/821 1009/1001/911 1008/1000/910
f 918/910/820 1008/1000/910 1007/999/909
f 917/909/819 1007/999/909 1006/998/908
f 916/908/818 1006/998/908 1005/997/907
f 915/907/817 1005/997/907 1004/996/906
f 914/906/816 1004/996/906 1003/995/905
f 913/905/815 1003/995/905 1002/994/904
f 912/904/814 1002/994/904 1001/993/903
f 911/903/813 1001/993/903 1000/992/902
f 820/812/722 910/902/812 999/991/901
f 909/901/811 999/991/901 998/990/900
f 908/900/810 998/990/900 997/989/899
f 907/899/809 997/989/899 996/988/898
f 906/898/808 996/988/898 995/987/897
f 905/897/807 995/987/897 994/986/896
f 904/896/806 994/986/896 993/985/895
f 903/895/805 993/985/895 992/984/894
f 902/894/804 992/984/894 991/983/893
f 901/893/803 991/983/893 990/982/892
f 900/892/802 990/982/892 989/981/891
f 899/891/801 989/981/891 988/980/890
f 898/890/800 988/980/890 987/979/889
f 897/889/799 987/979/889 986/978/888
f 896/888/798 986/978/888 985/977/887
f 895/887/797 985/977/887 984/976/886
f 894/886/796 984/976/886 983/975/885
f 893/885/795 983/975/885 982/974/884
f 892/884/794 982/974/884 981/973/883
f 891/883/793 981/973/883 980/972/882
f 890/882/792 980/972/882 979/971/881
f 889/881/791 979/971/881 978/970/880
f 888/880/790 978/970/880 977/969/879
f 887/879/789 977/969/879 976/968/878
f 886/878/788 976/968/878 975/967/877
f 885/877/787 975/967/877 974/966/876
f 884/876/786 974/966/876 973/965/875
f 883/875/785 973/965/875 972/964/874
f 882/874/784 972/964/874 971/963/873
f 881/873/783 971/963/873 970/962/872
f 880/872/782 970/962/872 969/961/871
f 879/871/781 969/961/871 968/960/870
f 878/870/780 968/960/870 967/959/869
f 877/869/779 967/959/869 966/958/868
f 876/868/778 966/958/868 965/957/867
f 875/867/777 965/957/867 964/956/866
f 874/866/776 964/956/866 963/955/865
f 873/865/775 963/955/865 962/954/864
f 872/864/774 962/954/864 961/953/863
f 871/863/773 961/953/863 960/952/862
f 870/862/772 960/952/862 959/951/861
f 869/861/771 959/951/861 958/950/860
f 868/860/770 958/950/860 957/949/859
f 867/859/769 957/949/859 956/948/858
f 866/858/768 956/948/858 955/947/857
f 865/857/767 955/947/857 954/946/856
f 864/856/766 954/946/856 953/945/855
f 863/855/765 953/945/855 952/944/854
f 862/854/764 952/944/854 951/943/853
f 861/853/763 951/943/853 950/942/852
f 860/852/762 950/942/852 949/941/851
f 859/851/761 949/941/851 948/940/850
f 858/850/760 948/940/850 947/939/849
f 857/849/759 947/939/849 946/938/848
f 856/848/758 946/938/848 945/937/847
f 855/847/757 945/937/847 944/936/846
f 854/846/756 944/936/846 943/935/845
f 853/845/755 943/935/845 942/934/844
f 852/844/754 942/934/844 941/933/843
f 851/843/753 941/933/843 940/932/842
f 850/842/752 940/932/842 939/931/841
f 849/841/751 939/931/841 938/930/840
f 848/840/750 938/930/840 937/929/839
f 847/839/749 937/929/839 936/928/838
f 846/838/748 936/928/838 935/927/837
f 845/837/747 935/927/837 934/926/836
f 844/836/746 934/926/836 933/925/835
f 843/835/745 933/925/835 932/924/834
f 842/834/744 932/924/834 931/923/833
f 841/833/743 931/923/833 930/922/832
f 840/832/742 930/922/832 929/921/831
f 839/831/741 929/921/831 928/920/830
f 838/830/740 928/920/830 927/919/829
f 837/829/739 927/919/829 926/918/828
f 836/828/738 926/918/828 925/917/827
f 835/827/737 925/917/827 924/916/826
f 834/826/736 924/916/826 923/915/825
f 833/825/735 923/915/825 922/914/824
f 832/824/734 922/914/824 921/913/823
f 831/823/733 921/913/823 920/912/822
f 830/822/732 920/912/822 919/911/821
f 829/821/731 919/911/821 918/910/820
f 828/820/730 918/910/820 917/909/819
f 827/819/729 917/909/819 916/908/818
f 826/818/728 916/908/818 915/907/817
f 825/817/727 915/907/817 914/906/816
f 824/816/726 914/906/816 913/905/815
f 823/815/725 913/905/815 912/904/814
f 822/814/724 912/904/814 911/903/813
f 821/813/723 911/903/813 910/902/812
f 730/722/632 820/812/722 909/901/811
f 819/811/721 909/901/811 908/900/810
f 818/810/720 908/900/810 907/899/809
f 817/809/719 907/899/809 906/898/808
f 816/808/718 906/898/808 905/897/807
f 815/807/717 905/897/807 904/896/806
f 814/806/716 904/896/806 903/895/805
f 813/805/715 903/895/805 902/894/804
f 812/804/714 902/894/804 901/893/803
f 811/803/713 901/893/803 900/892/802
f 810/802/712 900/892/802 899/891/801
f 809/801/711 899/891/801 898/890/800
f 808/800/710 898/890/800 897/889/799
f 807/799/709 897/889/799 896/888/798
f 806/798/708 896/888/798 895/887/797
f 805/797/707 895/887/797 894/886/796
f 804/796/706 894/886/796 893/885/795
f 803/795/705 893/885/795 892/884/794
f 802/794/704 892/884/794 891/883/793
f 801/793/703 891/883/793 890/882/792
f 800/792/702 890/882/792 889/881/791
f 799/791/701 889/881/791 888/880/790
f 798/790/700 888/880/790 887/879/789
f 797/789/699 887/879/789 886/878/788
f 796/788/698 886/878/788 885/877/787
f 795/787/697 885/877/787 884/876/786
f 794/786/696 884/876/786 883/875/785
f 793/785/695 883/875/785 882/874/784
f 792/784/694 882/874/784 881/873/783
f 791/783/693 881/873/783 880/872/782
f 790/782/692 880/872/782 879/871/781
f 789/781/691 879/871/781 878/870/780
f 788/780/690 878/870/780 877/869/779
f 787/779/689 877/869/779 876/868/778
f 786/778/688 876/868/778 875/867/777
f 785/777/687 875/867/777 874/866/776
f 784/776/686 874/866/776 873/865/775
f 783/775/685 873/865/775 872/864/774
f 782/774/684 872/864/774 871/863/773
f 781/773/683 871/863/773 870/862/772
f 780/772/682 870/862/772 869/861/771
f 779/771/681 869/861/771 868/860/770
f 778/770/680 868/860/770 867/859/769
f 777/769/679 867/859/769 866/858/768
f 776/768/678 866/858/768 865/857/767
f 775/767/677 865/857/767 864/856/766
f 774/766/676 864/856/766 863/855/765
f 773/765/675 863/855/765 862/854/764
f 772/764/674 862/854/764 861/853/763
f 771/763/673 861/853/763 860/852/762
f 770/762/672 860/852/762 859/851/761
f 769/761/671 859/851/761 858/850/760
f 768/760/670 858/850/760 857/849/759
f 767/759/669 857/849/759 856/848/758
f 766/758/668 856/848/758 855/847/757
f 765/757/667 855/847/757 854/846/756
f 764/756/666 854/846/756 853/845/755
f 763/755/665 853/845/755 852/844/754
f 762/754/664 852/844/754 851/843/753
f 761/753/663 851/843/753 850/842/752
f 760/752/662 850/842/752 849/841/751
f 759/751/661 849/841/751 848/840/750
f 758/750/660 848/840/750 847/839/749
f 757/749/659 847/839/749 846/838/748
f 756/748/658 846/838/748 845/837/747
f 755/747/657 845/837/747 844/836/746
f 754/746/656 844/836/746 843/835/745
f 753/745/655 843/835/745 842/834/744
f 752/744/654 842/834/744 841/833/743
f 751/743/653 841/833/743 840/832/742
f 750/742/652 840/832/742 839/831/741
f 749/741/651 839/831/741 838/830/740
f 748/740/650 838/830/740 837/829/739
f 747/739/649 837/829/739 836/828/738
f 746/738/648 836/828/738 835/827/737
f 745/737/647 835/827/737 834/826/736
f 744/736/646 834/826/736 833/825/735
f 743/735/645 833/825/735 832/824/734
f 742/734/644 832/824/734 831/823/733
f 741/733/643 831/823/733 830/822/732
f 740/732/642 830/822/732 829/821/731
f 739/731/641 829/821/731 828/820/730
f 738/730/640 828/820/730 827/819/729
f 737/729/639 827/819/729 826/818/728
f 736/728/638 826/818/728 825/817/727
f 735/727/637 825/817/727 824/816/726
f 734/726/636 824/816/726 823/815/725
f 733/725/635 823/815/725 822/814/724
f 732/724/634 822/814/724 821/813/723
f 731/723/633 821/813/723 820/812/722
f 640/632/542 730/722/632 819/811/721
f 729/721/631 819/811/721 818/810/720
f 728/720/630 818/810/720 817/809/719
f 727/719/629 817/809/719 816/808/718
f 726/718/628 816/808/718 815/807/717
f 725/717/627 815/807/717 814/806/716
f 724/716/626 814/806/716 813/805/715
f 723/715/625 813/805/715 812/804/714
f 722/714/624 812/804/714 811/803/713
f 721/713/623 811/803/713 810/802/712
f 720/712/622 810/802/712 809/801/711
f 719/711/621 809/801/711 808/800/710
f 718/710/620 808/800/710 807/799/709
f 717/709/619 807/799/709 806/798/708
f 716/708/618 806/798/708 805/797/707
f 715/707/617 805/797/707 804/796/706
f 714/706/616 804/796/706 803/795/705
f 713/705/615 803/795/705 802/794/704
f 712/704/614 802/794/704 801/793/703
f 711/703/613 801/793/703 800/792/702
f 710/702/612 800/792/702 799/791/701
f 709/701/611 799/791/701 798/790/700
f 708/700/610 798/790/700 797/789/699
f 707/699/609 797/789/699 796/788/698
f 706/698/608 796/788/698 795/787/697
f 705/697/607 795/787/697 794/786/696
f 704/696/606 794/786/696 793/785/695
f 703/695/605 793/785/695 792/784/694
f 702/694/604 792/784/694 791/783/693
f 701/693/603 791/783/693 790/782/692
f 700/692/602 790/782/692 789/781/691
f 699/691/601 789/781/691 788/780/690
f 698/690/600 788/780/690 787/779/689
f 697/689/599 787/779/689 786/778/688
f 696/688/598 786/778/688 785/777/687
f 695/687/597 785/777/687 784/776/686
f 694/686/596 784/776/686 783/775/685
f 693/685/595 783/775/685 782/774/684
f 692/684/594 782/774/684 781/773/683
f 691/683/593 781/773/683 780/772/682
f 690/682/592 780/772/682 779/771/681
f 689/681/591 779/771/681 778/770/680
f 688/680/590 778/770/680 777/769/679
f 687/679/589 777/769/679 776/768/678
f 686/678/588 776/768/678 775/767/677
f 685/677/587 775/767/677 774/766/676
f 684/676/586 774/766/676 773/765/675
f 683/675/585 773/765/675 772/764/674
f 682/674/584 772/764/674 771/763/673
f 681/673/583 771/763/673 770/762/672
f 680/672/582 770/762/672 769/761/671
f 679/671/581 769/761/671 768/760/670
f 678/670/580 768/760/670 767/759/669
f 677/669/579 767/759/669 766/758/668
f 676/668/578 766/758/668 765/757/667
f 675/667/577 765/757/667 764/756/666
f 674/666/576 764/756/666 763/755/665
f 673/665/575 763/755/665 762/754/664
f 672/664/574 762/754/664 761/753/663
f 671/663/573 761/753/663 760/752/662
f 670/662/572 760/752/662 759/751/661
f 669/661/571 759/751/661 758/750/660
f 668/660/570 758/750/660 757/749/659
f 667/659/569 757/749/659 756/748/658
f 666/658/568 756/748/658 755/747/657
f 665/657/567 755/747/657 754/746/656
f 664/656/566 754/746/656 753/745/655
f 663/655/565 753/745/655 752/744/654
f 662/654/564 752/744/654 751/743/653
f 661/653/563 751/743/653 750/742/652
f 660/652/562 750/742/652 749/741/651
f 659/651/561 749/741/651 748/740/650
f 658/650/560 748/740/650 747/739/649
f 657/649/559 747/739/649 746/738/648
f 656/648/558 746/738/648 745/737/647
f 655/647/557 745/737/647 744/736/646
f 654/646/556 744/736/646 743/735/645
f 653/645/555 743/735/645 742/734/644
f 652/644/554 742/734/644 741/733/643
f 651/643/553 741/733/643 740/732/642
f 650/642/552 740/732/642 739/731/641
f 649/641/551 739/731/641 738/730/640
f 648/640/550 738/730/640 737/729/639
f 647/639/549 737/729/639 736/728/638
f 646/638/548 736/728/638 735/727/637
f 645/637/547 735/727/637 734/726/636
f 644/636/546 734/726/636 733/725/635
f 643/635/545 733/725/635 732/724/634
f 642/634/544 732/724/634 731/723/633
f 641/633/543 731/723/633 730/722/632
f 550/542/452 640/632/542 729/721/631
f 639/631/541 729/721/631 728/720/630
f 638/630/540 728/720/630 727/719/629
f 637/629/539 727/719/629 726/718/628
f 636/628/538 726/718/628 725/717/627
f 635/627/537 725/717/627 724/716/626
f 634/626/536 724/716/626 723/715/625
f 633/625/535 723/715/625 722/714/624
f 632/624/534 722/714/624 721/713/623
f 631/623/533 721/713/623 720/712/622
f 630/622/532 720/712/622 719/711/621
f 629/621/531 719/711/621 718/710/620
f 628/620/530 718/710/620 717/709/619
f 627/619/529 717/709/619 716/708/618
f 626/618/528 716/708/618 715/707/617
f 625/617/527 715/707/617 714/706/616
f 624/616/526 714/706/616 713/705/615
f 623/615/525 713/705/615 712/704/614
f 622/614/524 712/704/614 711/703/613
f 621/613/523 711/703/613 710/702/612
f 620/612/522 710/702/612 709/701/611
f 619/611/521 709/701/611 708/700/610
f 618/610/520 708/700/610 707/699/609
f 617/609/519 707/699/609 706/698/608
f 616/608/518 706/698/608 705/697/607
f 615/607/517 705/697/607 704/696/606
f 614/606/516 704/696/606 703/695/605
f 613/605/515 703/695/605 702/694/604
f 612/604/514 702/694/604 701/693/603
f 611/603/513 701/693/603 700/692/602
f 610/602/512 700/692/602 699/691/601
f 609/601/511 699/691/601 698/690/600
f 608/600/510 698/690/600 697/689/599
f 607/599/509 697/689/599 696/688/598
f 606/598/508 696/688/598 695/687/597
f 605/597/507 695/687/597 694/686/596
f 604/596/506 694/686/596 693/685/595
f 603/595/505 693/685/595 692/684/594
f 602/594/504 692/684/594 691/683/593
f 601/593/503 691/683/593 690/682/592
f 600/592/502 690/682/592 689/681/591
f 599/591/501 689/681/591 688/680/590
f 598/590/500 688/680/590 687/679/589
f 597/589/499 687/679/589 686/678/588
f 596/588/498 686/678/588 685/677/587
f 595/587/497 685/677/587 684/676/586
f 594/586/496 684/676/586 683/675/585
f 593/585/495 683/675/585 682/674/584
f 592/584/494 682/674/584 681/673/583
f 591/583/493 681/673/583 680/672/582
f 590/582/492 680/672/582 679/671/581
f 589/581/491 679/671/581 678/670/580
f 588/580/490 678/670/580 677/669/579
f 587/579/489 677/669/579 676/668/578
f 586/578/488 676/668/578 675/667/577
f 585/577/487 675/667/577 674/666/576
f 584/576/486 674/666/576 673/665/575
f 583/575/485 673/665/575 672/664/574
f 582/574/484 672/664/574 671/663/573
f 581/573/483 671/663/573 670/662/572
f 580/572/482 670/662/572 669/661/571
f 579/571/481 669/661/571 668/660/570
f 578/570/480 668/660/570 667/659/569
f 577/569/479 667/659/569 666/658/568
f 576/568/478 666/658/568 665/657/567
f 575/567/477 665/657/567 664/656/566
f 574/566/476 664/656/566 663/655/565
f 573/565/475 663/655/565 662/654/564
f 572/564/474 662/654/564 661/653/563
f 571/563/473 661/653/563 660/652/562
f 570/562/472 660/652/562 659/651/561
f 569/561/471 659/651/561 658/650/560
f 568/560/470 658/650/560 657/649/559
f 567/559/469 657/649/559 656/648/558
f 566/558/468 656/648/558 655/647/557
f 565/557/467 655/647/557 654/646/556
f 564/556/466 654/646/556 653/645/555
f 563/555/465 653/645/555 652/644/554
f 562/554/464 652/644/554 651/643/553
f 561/553/463 651/643/553 650/642/552
f 560/552/462 650/642/552 649/641/551
f 559/551/461 649/641/551 648/640/550
f 558/550/460 648/640/550 647/639/549
f 557/549/459 647/639/549 646/638/548
f 556/548/458 646/638/548 645/637/547
f 555/547/457 645/637/547 644/636/546
f 554/546/456 644/636/546 643/635/545
f 553/545/455 643/635/545 642/634/544
f 552/544/454 642/634/544 641/633/543
f 551/543/453 641/633/543 640/632/542
f 460/452/362 550/542/452 639/631/541
f 549/541/451 639/631/541 638/630/540
f 548/540/450 638/630/540 637/629/539
f 547/539/449 637/629/539 636/628/538
f 546/538/448 636/628/538 635/627/537
f 545/537/447 635/627/537 634/626/536
f 544/536/446 634/626/536 633/625/535
f 543/535/445 633/625/535 632/624/534
f 542/534/444 632/624/534 631/623/533
f 541/533/443 631/623/533 630/622/532
f 540/532/442 630/622/532 629/621/531
f 539/531/441 629/621/531 628/620/530
f 538/530/440 628/620/530 627/619/529
f 537/529/439 627/619/529 626/618/528
f 536/528/438 626/618/528 625/617/527
f 535/527/437 625/617/527 624/616/526
f 534/526/436 624/616/526 623/615/525
f 533/525/435 623/615/525 622/614/524
f 532/524/434 622/614/524 621/613/523
f 531/523/433 621/613/523 620/612/522
f 530/522/432 620/612/522 619/611/521
f 529/521/431 619/611/521 618/610/520
f 528/520/430 618/610/520 617/609/519
f 527/519/429 617/609/519 616/608/518
f 526/518/428 616/608/518 615/607/517
f 525/517/427 615/607/517 614/606/516
f 524/516/426 614/606/516 613/605/515
f 523/515/425 613/605/515 612/604/514
f 522/514/424 612/604/514 611/603/513
f 521/513/423 611/603/513 610/602/512
f 520/512/422 610/602/512 609/601/511
f 519/511/421 609/601/511 608/600/510
f 518/510/420 608/600/510 607/599/509
f 517/509/419 607/599/509 606/598/508
f 516/508/418 606/598/508 605/597/507
f 515/507/417 605/597/507 604/596/506
f 514/506/416 604/596/506 603/595/505
f 513/505/415 603/595/505 602/594/504
f 512/504/414 602/594/504 601/593/503
f 511/503/413 601/593/503 600/592/502
f 510/502/412 600/592/502 599/591/501
f 509/501/411 599/591/501 598/590/500
f 508/500/410 598/590/500 597/589/499
f 507/499/409 597/589/499 596/588/498
f 506/498/408 596/588/498 595/587/497
f 505/497/407 595/587/497 594/586/496
f 504/496/406 594/586/496 593/585/495
f 503/495/405 593/585/495 592/584/494
f 502/494/404 592/584/494 591/583/493
f 501/493/403 591/583/493 590/582/492
f 500/492/402 590/582/492 589/581/491
f 499/491/401 589/581/491 588/580/490
f 498/490/400 588/580/490 587/579/489
f 497/489/399 587/579/489 586/578/488
f 496/488/398 586/578/488 585/577/487
f 495/487/397 585/577/487 584/576/486
f 494/486/396 584/576/486 583/575/485
f 493/485/395 583/575/485 582/574/484
f 492/484/394 582/574/484 581/573/483
f 491/483/393 581/573/483 580/572/482
f 490/482/392 580/572/482 579/571/481
f 489/481/391 579/571/481 578/570/480
f 488/480/390 578/570/480 577/569/479
f 487/479/389 577/569/479 576/568/478
f 486/478/388 576/568/478 575/567/477
f 485/477/387 575/567/477 574/566/476
f 484/476/386 574/566/476 573/565/475
f 483/475/385 573/565/475 572/564/474
f 482/474/384 572/564/474 571/563/473
f 481/473/383 571/563/473 570/562/472
f 480/472/382 570/562/472 569/561/471
f 479/471/381 569/561/471 568/560/470
f 478/470/380 568/560/470 567/559/469
f 477/469/379 567/559/469 566/558/468
f 476/468/378 566/558/468 565/557/467
f 475/467/377 565/557/467 564/556/466
f 474/466/376 564/556/466 563/555/465
f 473/465/375 563/555/465 562/554/464
f 472/464/374 562/554/464 561/553/463
f 471/463/373 561/553/463 560/552/462
f 470/462/372 560/552/462 559/551/461
f 469/461/371 559/551/461 558/550/460
f 468/460/370 558/550/460 557/549/459
f 467/459/369 557/549/459 556/548/458
f 466/458/368 556/548/458 555/547/457
f 465/457/367 555/547/457 554/546/456
f 464/456/366 554/546/456 553/545/455
f 463/455/365 553/545/455 552/544/454
f 462/454/364 552/544/454 551/543/453
f 461/453/363 551/543/453 550/542/452
f 370/362/272 460/452/362 549/541/451
f 459/451/361 549/541/451 548/540/450
f 458/450/360 548/540/450 547/539/449
f 457/449/359 547/539/449 546/538/448
f 456/448/358 546/538/448 545/537/447
f 455/447/357 545/537/447 544/536/446
f 454/446/356 544/536/446 543/535/445
f 453/445/355 543/535/445 542/534/444
f 452/444/354 542/534/444 541/533/443
f 451/443/353 541/533/443 540/532/442
f 450/442/352 540/532/442 539/531/441
f 449/441/351 539/531/441 538/530/440
f 448/440/350 538/530/440 537/529/439
f 447/439/349 537/529/439 536/528/438
f 446/438/348 536/528/438 535/527/437
f 445/437/347 535/527/437 534/526/436
f 444/436/346 534/526/436 533/525/435
f 443/435/345 533/525/435 532/524/434
f 442/434/344 532/524/434 531/523/433
f 441/433/343 531/523/433 530/522/432
f 440/432/342 530/522/432 529/521/431
f 439/431/341 529/521/431 528/520/430
f 438/430/340 528/520/430 527/519/429
f 437/429/339 527/519/429 526/518/428
f 436/428/338 526/518/428 525/517/427
f 435/427/337 525/517/427 524/516/426
f 434/426/336 524/516/426 523/515/425
f 433/425/335 523/515/425 522/514/424
f 432/424/334 522/514/424 521/513/423
f 431/423/333 521/513/423 520/512/422
f 430/422/332 520/512/422 519/511/421
f 429/421/331 519/511/421 518/510/420
f 428/420/330 518/510/420 517/509/419
f 427/419/329 517/509/419 516/508/418
f 426/418/328 516/508/418 515/507/417
f 425/417/327 515/507/417 514/506/416
f 424/416/326 514/506/416 513/505/415
f 423/415/325 513/505/415 512/504/414
f 422/414/324 512/504/414 511/503/413
f 421/413/323 511/503/413 510/502/412
f 420/412/322 510/502/412 509/501/411
f 419/411/321 509/501/411 508/500/410
f 418/410/320 508/500/410 507/499/409
f 417/409/319 507/499/409 506/498/408
f 416/408/318 506/498/408 505/497/407
f 415/407/317 505/497/407 504/496/406
f 414/406/316 504/496/406 503/495/405
f 413/405/315 503/495/405 502/494/404
f 412/404/314 502/494/404 501/493/403
f 411/403/313 501/493/403 500/492/402
f 410/402/312 500/492/402 499/491/401
f 409/401/311 499/491/401 498/490/400
f 408/400/310 498/490/400 497/489/399
f 407/399/309 497/489/399 496/488/398
f 406/398/308 496/488/398 495/487/397
f 405/397/307 495/487/397 494/486/396
f 404/396/306 494/486/396 493/485/395
f 403/395/305 493/485/395 492/484/394
f 402/394/304 492/484/394 491/483/393
f 401/393/303 491/483/393 490/482/392
f 400/392/302 490/482/392 489/481/391
f 399/391/301 489/481/391 488/480/390
f 398/390/300 488/480/390 487/479/389
f 397/389/299 487/479/389 486/478/388
f 396/388/298 486/478/388 485/477/387
f 395/387/297 485/477/387 484/476/386
f 394/386/296 484/476/386 483/475/385
f 393/385/295 483/475/385 482/474/384
f 392/384/294 482/474/384 481/473/383
f 391/383/293 481/473/383 480/472/382
f 390/382/292 480/472/382 479/471/381
f 389/381/291 479/471/381 478/470/380
f 388/380/290 478/470/380 477/469/379
f 387/379/289 477/469/379 476/468/378
f 386/378/288 476/468/378 475/467/377
f 385/377/287 475/467/377 474/466/376
f 384/376/286 474/466/376 473/465/375
f 383/375/285 473/465/375 472/464/374
f 382/374/284 472/464/374 471/463/373
f 381/373/283 471/463/373 470/462/372
f 380/372/282 470/462/372 469/461/371
f 379/371/281 469/461/371 468/460/370
f 378/370/280 468/460/370 467/459/369
f 377/369/279 467/459/369 466/458/368
f 376/368/278 466/458/368 465/457/367
f 375/367/277 465/457/367 464/456/366
f 374/366/276 464/456/366 463/455/365
f 373/365/275 463/455/365 462/454/364
f 372/364/274 462/454/364 461/453/363
f 371/363/273 461/453/363 460/452/362
f 280/272/182 370/362/272 459/451/361
f 369/361/271 459/451/361 458/450/360
f 368/360/270 458/450/360 457/449/359
f 367/359/269 457/449/359 456/448/358
f 366/358/268 456/448/358 455/447/357
f 365/357/267 455/447/357 454/446/356
f 364/356/266 454/446/356 453/445/355
f 363/355/265 453/445/355 452/444/354
f 362/354/264 452/444/354 451/443/353
f 361/353/263 451/443/353 450/442/352
f 360/352/262 450/442/352 449/441/351
f 359/351/261 449/441/351 448/440/350
f 358/350/260 448/440/350 447/439/349
f 357/349/259 447/439/349 446/438/348
f 356/348/258 446/438/348 445/437/347
f 355/347/257 445/437/347 444/436/346
f 354/346/256 444/436/346 443/435/345
f 353/345/255 443/435/345 442/434/344
f 352/344/254 442/434/344 441/433/343
f 351/343/253 441/433/343 440/432/342
f 350/342/252 440/432/342 439/431/341
f 349/341/251 439/431/341 438/430/340
f 348/340/250 438/430/340 437/429/339
f 347/339/249 437/429/339 436/428/338
f 346/338/248 436/428/338 435/427/337
f 345/337/247 435/427/337 434/426/336
f 344/336/246 434/426/336 433/425/335
f 343/335/245 433/425/335 432/424/334
f 342/334/244 432/424/334 431/423/333
f 341/333/243 431/423/333 430/422/332
f 340/332/242 430/422/332 429/421/331
f 339/331/241 429/421/331 428/420/330
f 338/330/240 428/420/330 427/419/329
f 337/329/239 427/419/329 426/418/328
f 336/328/238 426/418/328 425/417/327
f 335/327/237 425/417/327 424/416/326
f 334/326/236 424/416/326 423/415/325
f 333/325/235 423/415/325 422/414/324
f 332/324/234 422/414/324 421/413/323
f 331/323/233 421/413/323 420/412/322
f 330/322/232 420/412/322 419/411/321
f 329/321/231 419/411/321 418/410/320
f 328/320/230 418/410/320 417/409/319
f 327/319/229 417/409/319 416/408/318
f 326/318/228 416/408/318 415/407/317
f 325/317/227 415/407/317 414/406/316
f 324/316/226 414/406/316 413/405/315
f 323/315/225 413/405/315 412/404/314
f 322/314/224 412/404/314 411/403/313
f 321/313/223 411/403/313 410/402/312
f 320/312/222 410/402/312 409/401/311
f 319/311/221 409/401/311 408/400/310
f 318/310/220 408/400/310 407/399/309
f 317/309/219 407/399/309 406/398/308
f 316/308/218 406/398/308 405/397/307
f 315/307/217 405/397/307 404/396/306
f 314/306/216 404/396/306 403/395/305
f 313/305/215 403/395/305 402/394/304
f 312/304/214 402/394/304 401/393/303
f 311/303/213 401/393/303 400/392/302
f 310/302/212 400/392/302 399/391/301
f 309/301/211 399/391/301 398/390/300
f 308/300/210 398/390/300 397/389/299
f 307/299/209 397/389/299 396/388/298
f 306/298/208 396/388/298 395/387/297
f 305/297/207 395/387/297 394/386/296
f 304/296/206 394/386/296 393/385/295
f 303/295/205 393/385/295 392/384/294
f 302/294/204 392/384/294 391/383/293
f 301/293/203 391/383/293 390/382/292
f 300/292/202 390/382/292 389/381/291
f 299/291/201 389/381/291 388/380/290
f 298/290/200 388/380/290 387/379/289
f 297/289/199 387/379/289 386/378/288
f 296/288/198 386/378/288 385/377/287
f 295/287/197 385/377/287 384/376/286
f 294/286/196 384/376/286 383/375/285
f 293/285/195 383/375/285 382/374/284
f 292/284/194 382/374/284 381/373/283
f 291/283/193 381/373/283 380/372/282
f 290/282/192 380/372/282 379/371/281
f 289/281/191 379/371/281 378/370/280
f 288/280/190 378/370/280 377/369/279
f 287/279/189 377/369/279 376/368/278
f 286/278/188 376/368/278 375/367/277
f 285/277/187 375/367/277 374/366/276
f 284/276/186 374/366/276 373/365/275
f 283/275/185 373/365/275 372/364/274
f 282/274/184 372/364/274 371/363/273
f 281/273/183 371/363/273 370/362/272
f 190/92/2 280/272/182 369/361/271
f 279/271/181 369/361/271 368/360/270
f 278/269/179 368/360/270 367/359/269
f 277/267/177 367/359/269 366/358/268
f 276/265/175 366/358/268 365/357/267
f 275/263/173 365/357/267 364/356/266
f 274/261/171 364/356/266 363/355/265
f 273/259/169 363/355/265 362/354/264
f 272/257/167 362/354/264 361/353/263
f 271/255/165 361/353/263 360/352/262
f 270/253/163 360/352/262 359/351/261
f 269/251/161 359/351/261 358/350/260
f 268/249/159 358/350/260 357/349/259
f 267/247/157 357/349/259 356/348/258
f 266/245/155 356/348/258 355/347/257
f 265/243/153 355/347/257 354/346/256
f 264/241/151 354/346/256 353/345/255
f 263/239/149 353/345/255 352/344/254
f 262/237/147 352/344/254 351/343/253
f 261/235/145 351/343/253 350/342/252
f 260/233/143 350/342/252 349/341/251
f 259/231/141 349/341/251 348/340/250
f 258/229/139 348/340/250 347/339/249
f 257/227/137 347/339/249 346/338/248
f 256/225/135 346/338/248 345/337/247
f 255/223/133 345/337/247 344/336/246
f 254/221/131 344/336/246 343/335/245
f 253/219/129 343/335/245 342/334/244
f 252/217/127 342/334/244 341/333/243
f 251/215/125 341/333/243 340/332/242
f 250/213/123 340/332/242 339/331/241
f 249/211/121 339/331/241 338/330/240
f 248/209/119 338/330/240 337/329/239
f 247/207/117 337/329/239 336/328/238
f 246/205/115 336/328/238 335/327/237
f 245/203/113 335/327/237 334/326/236
f 244/201/111 334/326/236 333/325/235
f 243/199/109 333/325/235 332/324/234
f 242/197/107 332/324/234 331/323/233
f 241/195/105 331/323/233 330/322/232
f 240/193/103 330/322/232 329/321/231
f 239/191/101 329/321/231 328/320/230
f 238/189/99 328/320/230 327/319/229
f 237/187/97 327/319/229 326/318/228
f 236/185/95 326/318/228 325/317/227
f 235/183/93 325/317/227 324/316/226
f 234/181/91 324/316/226 323/315/225
f 233/179/89 323/315/225 322/314/224
f 232/177/87 322/314/224 321/313/223
f 231/175/85 321/313/223 320/312/222
f 230/173/83 320/312/222 319/311/221
f 229/171/81 319/311/221 318/310/220
f 228/169/79 318/310/220 317/309/219
f 227/167/77 317/309/219 316/308/218
f 226/165/75 316/308/218 315/307/217
f 225/163/73 315/307/217 314/306/216
f 224/161/71 314/306/216 313/305/215
f 223/159/69 313/305/215 312/304/214
f 222/157/67 312/304/214 311/303/213
f 221/155/65 311/303/213 310/302/212
f 220/153/63 310/302/212 309/301/211
f 219/151/61 309/301/211 308/300/210
f 218/149/59 308/300/210 307/299/209
f 217/147/57 307/299/209 306/298/208
f 216/145/55 306/298/208 305/297/207
f 215/143/53 305/297/207 304/296/206
f 214/141/51 304/296/206 303/295/205
f 213/139/49 303/295/205 302/294/204
f 212/137/47 302/294/204 301/293/203
f 211/135/45 301/293/203 300/292/202
f 210/133/43 300/292/202 299/291/201
f 209/131/41 299/291/201 298/290/200
f 208/129/39 298/290/200 297/289/199
f 207/127/37 297/289/199 296/288/198
f 206/125/35 296/288/198 295/287/197
f 205/123/33 295/287/197 294/286/196
f 204/121/31 294/286/196 293/285/195
f 203/119/29 293/285/195 292/284/194
f 202/117/27 292/284/194 291/283/193
f 201/115/25 291/283/193 290/282/192
f 200/113/23 290/282/192 289/281/191
f 199/111/21 289/281/191 288/280/190
f 198/109/19 288/280/190 287/279/189
f 197/107/17 287/279/189 286/278/188
f 196/105/15 286/278/188 285/277/187
f 195/103/13 285/277/187 284/276/186
f 194/101/11 284/276/186 283/275/185
f 193/99/9 283/275/185 282/274/184
f 192/97/7 282/274/184 281/273/183
f 191/95/5 281/273/183 280/272/182
f 45/93/3 190/92/2 279/271/181
f 46/270/180 279/271/181 278/269/179
f 47/268/178 278/269/179 277/267/177
f 48/266/176 277/267/177 276/265/175
f 49/264/174 276/265/175 275/263/173
f 50/262/172 275/263/173 274/261/171
f 51/260/170 274/261/171 273/259/169
f 52/258/168 273/259/169 272/257/167
f 53/256/166 272/257/167 271/255/165
f 54/254/164 271/255/165 270/253/163
f 55/252/162 270/253/163 269/251/161
f 56/250/160 269/251/161 268/249/159
f 57/248/158 268/249/159 267/247/157
f 58/246/156 267/247/157 266/245/155
f 59/244/154 266/245/155 265/243/153
f 60/242/152 265/243/153 264/241/151
f 61/240/150 264/241/151 263/239/149
f 62/238/148 263/239/149 262/237/147
f 63/236/146 262/237/147 261/235/145
f 64/234/144 261/235/145 260/233/143
f 65/232/142 260/233/143 259/231/141
f 66/230/140 259/231/141 258/229/139
f 67/228/138 258/229/139 257/227/137
f 68/226/136 257/227/137 256/225/135
f 69/224/134 256/225/135 255/223/133
f 70/222/132 255/223/133 254/221/131
f 71/220/130 254/221/131 253/219/129
f 72/218/128 253/219/129 252/217/127
f 73/216/126 252/217/127 251/215/125
f 74/214/124 251/215/125 250/213/123
f 75/212/122 250/213/123 249/211/121
f 76/210/120 249/211/121 248/209/119
f 77/208/118 248/209/119 247/207/117
f 78/206/116 247/207/117 246/205/115
f 79/204/114 246/205/115 245/203/113
f 80/202/112 245/203/113 244/201/111
f 81/200/110 244/201/111 243/199/109
f 82/198/108 243/199/109 242/197/107
f 83/196/106 242/197/107 241/195/105
f 84/194/104 241/195/105 240/193/103
f 85/192/102 240/193/103 239/191/101
f 86/190/100 239/191/101 238/189/99
f 87/188/98 238/189/99 237/187/97
f 88/186/96 237/187/97 236/185/95
f 89/184/94 236/185/95 235/183/93
f 90/182/92 235/183/93 234/181/91
f 1/180/90 234/181/91 233/179/89
f 2/178/88 233/179/89 232/177/87
f 3/176/86 232/177/87 231/175/85
f 4/174/84 231/175/85 230/173/83
f 5/172/82 230/173/83 229/171/81
f 6/170/80 229/171/81 228/169/79
f 7/168/78 228/169/79 227/167/77
f 8/166/76 227/167/77 226/165/75
f 9/164/74 226/165/75 225/163/73
f 10/162/72 225/163/73 224/161/71
f 11/160/70 224/161/71 223/159/69
f 12/158/68 223/159/69 222/157/67
f 13/156/66 222/157/67 221/155/65
f 14/154/64 221/155/65 220/153/63
f 15/152/62 220/153/63 219/151/61
f 16/150/60 219/151/61 218/149/59
f 17/148/58 218/149/59 217/147/57
f 18/146/56 217/147/57 216/145/55
f 19/144/54 216/145/55 215/143/53
f 20/142/52 215/143/53 214/141/51
f 21/140/50 214/141/51 213/139/49
f 22/138/48 213/139/49 212/137/47
f 23/136/46 212/137/47 211/135/45
f 24/134/44 211/135/45 210/133/43
f 25/132/42 210/133/43 209/131/41
f 26/130/40 209/131/41 208/129/39
f 27/128/38 208/129/39 207/127/37
f 28/126/36 207/127/37 206/125/35
f 29/124/34 206/125/35 205/123/33
f 30/122/32 205/123/33 204/121/31
f 31/120/30 204/121/31 203/119/29
f 32/118/28 203/119/29 202/117/27
f 33/116/26 202/117/27 201/115/25
f 34/114/24 201/115/25 200/113/23
f 35/112/22 200/113/23 199/111/21
f 36/110/20 199/111/21 198/109/19
f 37/108/18 198/109/19 197/107/17
f 38/106/16 197/107/17 196/105/15
f 39/104/14 196/105/15 195/103/13
f 40/102/12 195/103/13 194/101/11
f 41/100/10 194/101/11 193/99/9
f 42/98/8 193/99/9 192/97/7
f 43/96/6 192/97/7 191/95/5
f 44/94/4 191/95/5 190/92/2
f 2518/2608/2518 167/2609/2518 166/2610/2518
f 2519/2611/2518 177/2612/2518 176/2613/2518
f 2518/2608/2518 168/2614/2518 167/2609/2518
f 2518/2608/2518 171/2615/2518 170/2616/2518
f 2519/2611/2518 178/2617/2518 177/2612/2518
f 166/2610/2518 186/2618/2518 2518/2608/2518
f 2518/2608/2518 172/2619/2518 171/2615/2518
f 2519/2611/2518 174/2620/2518 173/2621/2518
f 176/2613/2518 175/2622/2518 2519/2611/2518
f 2519/2611/2518 181/2623/2518 180/2624/2518
f 2518/2608/2518 169/2625/2518 168/2614/2518
f 2518/2608/2518 173/2621/2518 172/2619/2518
f 175/2622/2518 174/2620/2518 2519/2611/2518
f 2519/2611/2518 182/2626/2518 181/2623/2518
f 186/2618/2518 165/2627/2518 2518/2608/2518
f 173/2621/2518 2518/2608/2518 2519/2611/2518
f 180/2624/2518 179/2628/2518 2519/2611/2518
f 2518/2608/2518 164/2629/2518 163/2630/2518
f 170/2616/2518 169/2625/2518 2518/2608/2518
f 2519/2611/2518 183/2631/2518 182/2626/2518
f 2519/2611/2518 185/2632/2518 184/2633/2518
f 165/2627/2518 164/2629/2518 2518/2608/2518
f 184/2633/2518 183/2631/2518 2519/2611/2518
f 179/2628/2518 178/2617/2518 2519/2611/2518
f 163/2630/2518 162/2634/2518 2518/2608/2518
f 2519/2635/2519 2518/2636/2519 2520/2637/2519
f 2520/2637/2519 2521/2638/2519 2519/2635/2519
f 2521/2639/2520 120/2640/2520 119/2641/2520
f 2520/2642/2520 130/2643/2520 129/2644/2520
f 2521/2639/2520 121/2645/2520 120/2640/2520
f 2521/2639/2520 124/2646/2520 123/2647/2520
f 2520/2642/2520 131/2648/2520 130/2643/2520
f 119/2641/2520 188/2649/2520 2521/2639/2520
f 2521/2639/2520 125/2650/2520 124/2646/2520
f 2520/2642/2520 127/2651/2520 126/2652/2520
f 129/2644/2520 128/2653/2520 2520/2642/2520
f 2520/2642/2520 134/2654/2520 133/2655/2520
f 2521/2639/2520 122/2656/2520 121/2645/2520
f 2521/2639/2520 126/2652/2520 125/2650/2520
f 128/2653/2520 127/2651/2520 2520/2642/2520
f 2520/2642/2520 135/2657/2520 134/2654/2520
f 188/2649/2520 118/2658/2520 2521/2639/2520
f 126/2652/2520 2521/2639/2520 2520/2642/2520
f 133/2655/2520 132/2659/2520 2520/2642/2520
f 2521/2639/2520 117/2660/2520 116/2661/2520
f 123/2647/2520 122/2656/2520 2521/2639/2520
f 2520/2642/2520 136/2662/2520 135/2657/2520
f 2520/2642/2520 138/2663/2520 137/2664/2520
f 118/2658/2520 117/2660/2520 2521/2639/2520
f 137/2664/2520 136/2662/2520 2520/2642/2520
f 132/2659/2520 131/2648/2520 2520/2642/2520
f 116/2661/2520 115/2665/2520 2521/2639/2520
f 2519/2666/2521 97/2667/2521 96/2668/2521
f 96/2668/2521 189/2669/2521 2519/2666/2521
f 2519/2666/2521 98/2670/2521 97/2667/2521
f 2519/2666/2521 100/2671/2521 99/2672/2521
f 99/2672/2521 98/2670/2521 2519/2666/2521
f 2519/2666/2521 101/2673/2521 100/2671/2521
f 2521/2674/2521 104/2675/2521 103/2676/2521
f 2521/2674/2521 110/2677/2521 109/2678/2521
f 2521/2674/2521 112/2679/2521 111/2680/2521
f 2519/2666/2521 95/2681/2521 94/2682/2521
f 2519/2666/2521 102/2683/2521 101/2673/2521
f 2521/2674/2521 105/2684/2521 104/2675/2521
f 2521/2674/2521 107/2685/2521 106/2686/2521
f 111/2680/2521 110/2677/2521 2521/2674/2521
f 2519/2666/2521 93/2687/2521 92/2688/2521
f 189/2669/2521 95/2681/2521 2519/2666/2521
f 106/2686/2521 105/2684/2521 2521/2674/2521
f 109/2678/2521 108/2689/2521 2521/2674/2521
f 94/2682/2521 93/2687/2521 2519/2666/2521
f 103/2676/2521 2519/2666/2521 2521/2674/2521
f 2521/2674/2521 113/2690/2521 112/2679/2521
f 2521/2674/2521 115/2691/2521 114/2692/2521
f 103/2676/2521 102/2683/2521 2519/2666/2521
f 114/2692/2521 113/2690/2521 2521/2674/2521
f 108/2689/2521 107/2685/2521 2521/2674/2521
f 92/2688/2521 185/2693/2521 2519/2666/2521
f 2520/2694/2522 144/2695/2522 143/2696/2522
f 143/2696/2522 187/2697/2522 2520/2694/2522
f 2520/2694/2522 145/2698/2522 144/2695/2522
f 2520/2694/2522 147/2699/2522 146/2700/2522
f 146/2700/2522 145/2698/2522 2520/2694/2522
f 2520/2694/2522 148/2701/2522 147/2699/2522
f 2518/2702/2522 151/2703/2522 150/2704/2522
f 2518/2702/2522 157/2705/2522 156/2706/2522
f 2518/2702/2522 159/2707/2522 158/2708/2522
f 2520/2694/2522 142/2709/2522 141/2710/2522
f 2520/2694/2522 149/2711/2522 148/2701/2522
f 2518/2702/2522 152/2712/2522 151/2703/2522
f 2518/2702/2522 154/2713/2522 153/2714/2522
f 158/2708/2522 157/2705/2522 2518/2702/2522
f 2520/2694/2522 140/2715/2522 139/2716/2522
f 187/2697/2522 142/2709/2522 2520/2694/2522
f 153/2714/2522 152/2712/2522 2518/2702/2522
f 156/2706/2522 155/2717/2522 2518/2702/2522
f 141/2710/2522 140/2715/2522 2520/2694/2522
f 150/2704/2522 2520/2694/2522 2518/2702/2522
f 2518/2702/2522 160/2718/2522 159/2707/2522
f 2518/2702/2522 162/2719/2522 161/2720/2522
f 150/2704/2522 149/2711/2522 2520/2694/2522
f 161/2720/2522 160/2718/2522 2518/2702/2522
f 155/2717/2522 154/2713/2522 2518/2702/2522
f 139/2716/2522 138/2721/2522 2520/2694/2522
g Mesh_body_02**_(1)
v -0.002 0.318911 0.19298 0.494118 0.494118 0.52549
v -0.002 0.319 0.19298 0.494118 0.494118 0.52549
v -0.002 0.319 0.192922 0.494118 0.494118 0.52549
v -0.00189512 0.319 0.19298 0.494118 0.494118 0.52549
v -0.00195868 0.318959 0.19298 0.494118 0.494118 0.52549
v 0.00179944 0.315088 0.19298 0.494118 0.494118 0.52549
v 0.00172829 0.315025 0.19298 0.494118 0.494118 0.52549
v 0.00184615 0.315 0.19298 0.494118 0.494118 0.52549
v 0.0018163 0.315102 0.19298 0.494118 0.494118 0.52549
v 0.002 0.315154 0.19298 0.494118 0.494118 0.52549
v 0.00191591 0.315227 0.19298 0.494118 0.494118 0.52549
v 0.00185969 0.31514 0.19298 0.494118 0.494118 0.52549
v 0.002 0.315308 0.19298 0.494118 0.494118 0.52549
v 0.00197347 0.315315 0.19298 0.494118 0.494118 0.52549
v 0.002 0.315 0.19298 0.494118 0.494118 0.52549
v 0.002 0.315356 0.19298 0.494118 0.494118 0.52549
v 0.00169915 0.315 0.19298 0.494118 0.494118 0.52549
v -0.002 0.317692 0.187913 0.494118 0.494118 0.52549
v -0.002 0.318308 0.188021 0.494118 0.494118 0.52549
v -0.002 0.318 0.187698 0.494118 0.494118 0.52549
v -0.002 0.315685 0.188821 0.494118 0.494118 0.52549
v -0.002 0.315692 0.188021 0.494118 0.494118 0.52549
v -0.002 0.31542 0.18835 0.494118 0.494118 0.52549
v -0.002 0.315495 0.189292 0.494118 0.494118 0.52549
v -0.002 0.315338 0.188821 0.494118 0.494118 0.52549
v -0.002 0.315971 0.189449 0.494118 0.494118 0.52549
v -0.002 0.315395 0.189763 0.494118 0.494118 0.52549
v -0.002 0.315648 0.190077 0.494118 0.494118 0.52549
v -0.002 0.31622 0.19039 0.494118 0.494118 0.52549
v -0.002 0.31549 0.190547 0.494118 0.494118 0.52549
v -0.002 0.315769 0.191018 0.494118 0.494118 0.52549
v -0.002 0.315589 0.191646 0.494118 0.494118 0.52549
v -0.002 0.315397 0.191175 0.494118 0.494118 0.52549
v -0.002 0.315692 0.192314 0.494118 0.494118 0.52549
v -0.002 0.31531 0.191803 0.494118 0.494118 0.52549
v -0.002 0.318 0.191981 0.494118 0.494118 0.52549
v -0.002 0.317231 0.191212 0.494118 0.494118 0.52549
v -0.002 0.317077 0.192091 0.494118 0.494118 0.52549
v -0.002 0.316154 0.191827 0.494118 0.494118 0.52549
v -0.002 0.317692 0.188501 0.494118 0.494118 0.52549
v -0.002 0.31836 0.188664 0.494118 0.494118 0.52549
v -0.002 0.318109 0.189292 0.494118 0.494118 0.52549
v -0.002 0.317848 0.190233 0.494118 0.494118 0.52549
v -0.002 0.318384 0.18992 0.494118 0.494118 0.52549
v -0.002 0.318451 0.190547 0.494118 0.494118 0.52549
v -0.002 0.318159 0.191018 0.494118 0.494118 0.52549
v -0.002 0.318447 0.191646 0.494118 0.494118 0.52549
v -0.002 0.316308 0.188501 0.494118 0.494118 0.52549
v -0.002 0.317077 0.188075 0.494118 0.494118 0.52549
v -0.002 0.316462 0.187923 0.494118 0.494118 0.52549
v -0.002 0.317 0.189449 0.494118 0.494118 0.52549
v -0.002 0.315078 0.1929 0.494118 0.494118 0.52549
v -0.002 0.315385 0.192597 0.494118 0.494118 0.52549
v -0.002 0.315 0.192823 0.494118 0.494118 0.52549
v -0.002 0.315075 0.1929 0.494118 0.494118 0.52549
v -0.002 0.315084 0.1929 0.494118 0.494118 0.52549
v -0.002 0.315094 0.1929 0.494118 0.494118 0.52549
v -0.002 0.315098 0.1929 0.494118 0.494118 0.52549
v -0.002 0.315109 0.1929 0.494118 0.494118 0.52549
v -0.002 0.315112 0.1929 0.494118 0.494118 0.52549
v -0.002 0.315125 0.1929 0.494118 0.494118 0.52549
v -0.002 0.315127 0.1929 0.494118 0.494118 0.52549
v -0.002 0.315142 0.1929 0.494118 0.494118 0.52549
v -0.002 0.315158 0.1929 0.494118 0.494118 0.52549
v -0.002 0.31516 0.1929 0.494118 0.494118 0.52549
v -0.002 0.315178 0.1929 0.494118 0.494118 0.52549
v -0.002 0.315182 0.1929 0.494118 0.494118 0.52549
v -0.002 0.315201 0.1929 0.494118 0.494118 0.52549
v -0.002 0.315202 0.1929 0.494118 0.494118 0.52549
v -0.002 0.315207 0.1929 0.494118 0.494118 0.52549
v -0.002 0.315445 0.1929 0.494118 0.494118 0.52549
v -0.002 0.315522 0.1929 0.494118 0.494118 0.52549
v -0.002 0.315692 0.192673 0.494118 0.494118 0.52549
v -0.002 0.315749 0.1929 0.494118 0.494118 0.52549
v -0.002 0.315826 0.1929 0.494118 0.494118 0.52549
v -0.002 0.316 0.19258 0.494118 0.494118 0.52549
v -0.002 0.315863 0.1929 0.494118 0.494118 0.52549
v -0.002 0.315938 0.1929 0.494118 0.494118 0.52549
v -0.002 0.315957 0.1929 0.494118 0.494118 0.52549
v -0.002 0.316062 0.1929 0.494118 0.494118 0.52549
v -0.002 0.316136 0.1929 0.494118 0.494118 0.52549
v -0.002 0.316593 0.1929 0.494118 0.494118 0.52549
v -0.002 0.31668 0.1929 0.494118 0.494118 0.52549
v -0.002 0.316923 0.192525 0.494118 0.494118 0.52549
v -0.002 0.316308 0.192669 0.494118 0.494118 0.52549
v -0.002 0.316733 0.1929 0.494118 0.494118 0.52549
v -0.002 0.316735 0.1929 0.494118 0.494118 0.52549
v -0.002 0.316986 0.1929 0.494118 0.494118 0.52549
v -0.002 0.317057 0.1929 0.494118 0.494118 0.52549
v -0.002 0.317231 0.192655 0.494118 0.494118 0.52549
v -0.002 0.317289 0.1929 0.494118 0.494118 0.52549
v -0.002 0.317375 0.1929 0.494118 0.494118 0.52549
v -0.002 0.317538 0.192705 0.494118 0.494118 0.52549
v -0.002 0.317405 0.1929 0.494118 0.494118 0.52549
v -0.002 0.317846 0.19262 0.494118 0.494118 0.52549
v -0.002 0.317702 0.1929 0.494118 0.494118 0.52549
v -0.002 0.317906 0.1929 0.494118 0.494118 0.52549
v -0.002 0.317976 0.1929 0.494118 0.494118 0.52549
v -0.002 0.317987 0.1929 0.494118 0.494118 0.52549
v -0.002 0.318154 0.192692 0.494118 0.494118 0.52549
v -0.002 0.318013 0.1929 0.494118 0.494118 0.52549
v -0.002 0.318023 0.1929 0.494118 0.494118 0.52549
v -0.002 0.318098 0.1929 0.494118 0.494118 0.52549
v -0.002 0.318102 0.1929 0.494118 0.494118 0.52549
v -0.002 0.318147 0.1929 0.494118 0.494118 0.52549
v -0.002 0.318209 0.1929 0.494118 0.494118 0.52549
v -0.002 0.318224 0.1929 0.494118 0.494118 0.52549
v -0.002 0.318287 0.1929 0.494118 0.494118 0.52549
v -0.002 0.318365 0.1929 0.494118 0.494118 0.52549
v -0.002 0.318615 0.192627 0.494118 0.494118 0.52549
v -0.002 0.318321 0.1929 0.494118 0.494118 0.52549
v -0.002 0.318437 0.1929 0.494118 0.494118 0.52549
v -0.002 0.318452 0.1929 0.494118 0.494118 0.52549
v -0.002 0.318533 0.1929 0.494118 0.494118 0.52549
v -0.002 0.318556 0.1929 0.494118 0.494118 0.52549
v -0.002 0.318658 0.1929 0.494118 0.494118 0.52549
v -0.002 0.318675 0.1929 0.494118 0.494118 0.52549
v -0.002 0.318746 0.1929 0.494118 0.494118 0.52549
v -0.002 0.318794 0.1929 0.494118 0.494118 0.52549
v -0.002 0.318925 0.1929 0.494118 0.494118 0.52549
v -0.002 0.319 0.192823 0.494118 0.494118 0.52549
v -0.002 0.318933 0.1929 0.494118 0.494118 0.52549
v -0.002 0.318953 0.1929 0.494118 0.494118 0.52549
v -0.002 0.318977 0.1929 0.494118 0.494118 0.52549
v -0.002 0.315 0.1929 0.494118 0.494118 0.52549
v -0.002 0.315 0.1929 0.494118 0.494118 0.52549
v -0.002 0.315024 0.1929 0.494118 0.494118 0.52549
v -0.002 0.315044 0.1929 0.494118 0.494118 0.52549
v -0.002 0.315053 0.1929 0.494118 0.494118 0.52549
v -0.002 0.315062 0.1929 0.494118 0.494118 0.52549
v -0.002 0.315069 0.1929 0.494118 0.494118 0.52549
v -0.002 0.319 0.1929 0.494118 0.494118 0.52549
v -0.002 0.317786 0.1929 0.494118 0.494118 0.52549
v -0.002 0.317593 0.1929 0.494118 0.494118 0.52549
v -0.002 0.317484 0.1929 0.494118 0.494118 0.52549
v -0.002 0.317173 0.1929 0.494118 0.494118 0.52549
v -0.002 0.31686 0.1929 0.494118 0.494118 0.52549
v -0.002 0.316479 0.1929 0.494118 0.494118 0.52549
v -0.002 0.316365 0.1929 0.494118 0.494118 0.52549
v -0.002 0.316251 0.1929 0.494118 0.494118 0.52549
v -0.002 0.315635 0.1929 0.494118 0.494118 0.52549
v -0.002 0.315324 0.1929 0.494118 0.494118 0.52549
v -0.002 0.319 0.187487 0.494118 0.494118 0.52549
v -0.002 0.319 0.18733 0.494118 0.494118 0.52549
v -0.002 0.318846 0.18733 0.494118 0.494118 0.52549
v -0.002 0.319 0.187644 0.494118 0.494118 0.52549
v -0.002 0.318615 0.187713 0.494118 0.494118 0.52549
v -0.002 0.319 0.187801 0.494118 0.494118 0.52549
v -0.002 0.319 0.187958 0.494118 0.494118 0.52549
v -0.002 0.318686 0.188036 0.494118 0.494118 0.52549
v -0.002 0.319 0.188115 0.494118 0.494118 0.52549
v -0.002 0.319 0.188272 0.494118 0.494118 0.52549
v -0.002 0.318608 0.18835 0.494118 0.494118 0.52549
v -0.002 0.319 0.188429 0.494118 0.494118 0.52549
v -0.002 0.318686 0.188664 0.494118 0.494118 0.52549
v -0.002 0.319 0.188586 0.494118 0.494118 0.52549
v -0.002 0.319 0.188743 0.494118 0.494118 0.52549
v -0.002 0.319 0.188899 0.494118 0.494118 0.52549
v -0.002 0.318608 0.188978 0.494118 0.494118 0.52549
v -0.002 0.319 0.189056 0.494118 0.494118 0.52549
v -0.002 0.319 0.189213 0.494118 0.494118 0.52549
v -0.002 0.319 0.18937 0.494118 0.494118 0.52549
v -0.002 0.318544 0.189449 0.494118 0.494118 0.52549
v -0.002 0.319 0.189527 0.494118 0.494118 0.52549
v -0.002 0.319 0.189684 0.494118 0.494118 0.52549
v -0.002 0.318677 0.189763 0.494118 0.494118 0.52549
v -0.002 0.319 0.189841 0.494118 0.494118 0.52549
v -0.002 0.319 0.189998 0.494118 0.494118 0.52549
v -0.002 0.318642 0.190233 0.494118 0.494118 0.52549
v -0.002 0.319 0.190155 0.494118 0.494118 0.52549
v -0.002 0.319 0.190312 0.494118 0.494118 0.52549
v -0.002 0.319 0.190469 0.494118 0.494118 0.52549
v -0.002 0.318709 0.190704 0.494118 0.494118 0.52549
v -0.002 0.319 0.190626 0.494118 0.494118 0.52549
v -0.002 0.319 0.190783 0.494118 0.494118 0.52549
v -0.002 0.319 0.19094 0.494118 0.494118 0.52549
v -0.002 0.318569 0.191175 0.494118 0.494118 0.52549
v -0.002 0.319 0.191097 0.494118 0.494118 0.52549
v -0.002 0.319 0.191254 0.494118 0.494118 0.52549
v -0.002 0.319 0.191411 0.494118 0.494118 0.52549
v -0.002 0.318707 0.191489 0.494118 0.494118 0.52549
v -0.002 0.319 0.191568 0.494118 0.494118 0.52549
v -0.002 0.318707 0.191803 0.494118 0.494118 0.52549
v -0.002 0.319 0.191724 0.494118 0.494118 0.52549
v -0.002 0.319 0.191881 0.494118 0.494118 0.52549
v -0.002 0.319 0.192038 0.494118 0.494118 0.52549
v -0.002 0.318585 0.192117 0.494118 0.494118 0.52549
v -0.002 0.319 0.192195 0.494118 0.494118 0.52549
v -0.002 0.319 0.192352 0.494118 0.494118 0.52549
v -0.002 0.319 0.192509 0.494118 0.494118 0.52549
v -0.002 0.319 0.192666 0.494118 0.494118 0.52549
v -0.002 0.315154 0.18733 0.494118 0.494118 0.52549
v -0.002 0.315 0.18733 0.494118 0.494118 0.52549
v -0.002 0.315 0.187487 0.494118 0.494118 0.52549
v -0.002 0.315308 0.18733 0.494118 0.494118 0.52549
v -0.002 0.315385 0.187713 0.494118 0.494118 0.52549
v -0.002 0.315462 0.18733 0.494118 0.494118 0.52549
v -0.002 0.315615 0.18733 0.494118 0.494118 0.52549
v -0.002 0.315692 0.187637 0.494118 0.494118 0.52549
v -0.002 0.315769 0.18733 0.494118 0.494118 0.52549
v -0.002 0.315923 0.18733 0.494118 0.494118 0.52549
v -0.002 0.316 0.18774 0.494118 0.494118 0.52549
v -0.002 0.316077 0.18733 0.494118 0.494118 0.52549
v -0.002 0.316231 0.18733 0.494118 0.494118 0.52549
v -0.002 0.316308 0.187642 0.494118 0.494118 0.52549
v -0.002 0.316385 0.18733 0.494118 0.494118 0.52549
v -0.002 0.316538 0.18733 0.494118 0.494118 0.52549
v -0.002 0.316692 0.18733 0.494118 0.494118 0.52549
v -0.002 0.316923 0.187714 0.494118 0.494118 0.52549
v -0.002 0.316846 0.18733 0.494118 0.494118 0.52549
v -0.002 0.317 0.18733 0.494118 0.494118 0.52549
v -0.002 0.317231 0.187638 0.494118 0.494118 0.52549
v -0.002 0.317154 0.18733 0.494118 0.494118 0.52549
v -0.002 0.317308 0.18733 0.494118 0.494118 0.52549
v -0.002 0.317462 0.18733 0.494118 0.494118 0.52549
v -0.002 0.317538 0.187628 0.494118 0.494118 0.52549
v -0.002 0.317615 0.18733 0.494118 0.494118 0.52549
v -0.002 0.317769 0.18733 0.494118 0.494118 0.52549
v -0.002 0.317923 0.18733 0.494118 0.494118 0.52549
v -0.002 0.318077 0.18733 0.494118 0.494118 0.52549
v -0.002 0.318231 0.18733 0.494118 0.494118 0.52549
v -0.002 0.318308 0.187635 0.494118 0.494118 0.52549
v -0.002 0.318385 0.18733 0.494118 0.494118 0.52549
v -0.002 0.318538 0.18733 0.494118 0.494118 0.52549
v -0.002 0.318692 0.18733 0.494118 0.494118 0.52549
v -0.002 0.315 0.187644 0.494118 0.494118 0.52549
v -0.002 0.315 0.187801 0.494118 0.494118 0.52549
v -0.002 0.315 0.187958 0.494118 0.494118 0.52549
v -0.002 0.31532 0.188036 0.494118 0.494118 0.52549
v -0.002 0.315 0.188115 0.494118 0.494118 0.52549
v -0.002 0.315 0.188272 0.494118 0.494118 0.52549
v -0.002 0.315 0.188429 0.494118 0.494118 0.52549
v -0.002 0.315 0.188586 0.494118 0.494118 0.52549
v -0.002 0.315 0.188743 0.494118 0.494118 0.52549
v -0.002 0.315 0.188899 0.494118 0.494118 0.52549
v -0.002 0.315 0.189056 0.494118 0.494118 0.52549
v -0.002 0.315266 0.189135 0.494118 0.494118 0.52549
v -0.002 0.315 0.189213 0.494118 0.494118 0.52549
v -0.002 0.315 0.18937 0.494118 0.494118 0.52549
v -0.002 0.315266 0.189449 0.494118 0.494118 0.52549
v -0.002 0.315 0.189527 0.494118 0.494118 0.52549
v -0.002 0.315 0.189684 0.494118 0.494118 0.52549
v -0.002 0.315 0.189841 0.494118 0.494118 0.52549
v -0.002 0.315 0.189998 0.494118 0.494118 0.52549
v -0.002 0.315338 0.190233 0.494118 0.494118 0.52549
v -0.002 0.315 0.190155 0.494118 0.494118 0.52549
v -0.002 0.315 0.190312 0.494118 0.494118 0.52549
v -0.002 0.315 0.190469 0.494118 0.494118 0.52549
v -0.002 0.315 0.190626 0.494118 0.494118 0.52549
v -0.002 0.315 0.190783 0.494118 0.494118 0.52549
v -0.002 0.315315 0.190861 0.494118 0.494118 0.52549
v -0.002 0.315 0.19094 0.494118 0.494118 0.52549
v -0.002 0.315 0.191097 0.494118 0.494118 0.52549
v -0.002 0.315 0.191254 0.494118 0.494118 0.52549
v -0.002 0.315 0.191411 0.494118 0.494118 0.52549
v -0.002 0.315304 0.191489 0.494118 0.494118 0.52549
v -0.002 0.315 0.191568 0.494118 0.494118 0.52549
v -0.002 0.315 0.191724 0.494118 0.494118 0.52549
v -0.002 0.315 0.191881 0.494118 0.494118 0.52549
v -0.002 0.315 0.192038 0.494118 0.494118 0.52549
v -0.002 0.315 0.192195 0.494118 0.494118 0.52549
v -0.002 0.31532 0.192274 0.494118 0.494118 0.52549
v -0.002 0.315 0.192352 0.494118 0.494118 0.52549
v -0.002 0.315 0.192509 0.494118 0.494118 0.52549
v -0.002 0.315 0.192666 0.494118 0.494118 0.52549
v -0.002 0.318308 0.192436 0.494118 0.494118 0.52549
v -0.002 0.317538 0.192419 0.494118 0.494118 0.52549
v -0.002 0.316462 0.192365 0.494118 0.494118 0.52549
v -0.00146154 0.315434 0.18733 0.494118 0.494118 0.52549
v -0.001 0.315472 0.18733 0.494118 0.494118 0.52549
v -0.00115385 0.315255 0.18733 0.494118 0.494118 0.52549
v -0.00130593 0.315846 0.18733 0.494118 0.494118 0.52549
v -0.00138462 0.315 0.18733 0.494118 0.494118 0.52549
v -0.00153846 0.315 0.18733 0.494118 0.494118 0.52549
v -0.00169675 0.315692 0.18733 0.494118 0.494118 0.52549
v -0.00173401 0.315385 0.18733 0.494118 0.494118 0.52549
v -0.000692308 0.315298 0.18733 0.494118 0.494118 0.52549
v -0.000538462 0.315597 0.18733 0.494118 0.494118 0.52549
v -0.000692308 0.316179 0.18733 0.494118 0.494118 0.52549
v -0.00123077 0.315 0.18733 0.494118 0.494118 0.52549
v -0.000923077 0.315 0.18733 0.494118 0.494118 0.52549
v -0.00107692 0.315 0.18733 0.494118 0.494118 0.52549
v -0.00184615 0.315 0.18733 0.494118 0.494118 0.52549
v -0.00169231 0.315 0.18733 0.494118 0.494118 0.52549
v -0.00164018 0.316 0.18733 0.494118 0.494118 0.52549
v 0.000769231 0.315 0.18733 0.494118 0.494118 0.52549
v 0.000615385 0.315 0.18733 0.494118 0.494118 0.52549
v 0.000692308 0.315287 0.18733 0.494118 0.494118 0.52549
v 0.000923077 0.315 0.18733 0.494118 0.494118 0.52549
v 0.000461538 0.315 0.18733 0.494118 0.494118 0.52549
v 0.001 0.315368 0.18733 0.494118 0.494118 0.52549
v 0.000692308 0.315585 0.18733 0.494118 0.494118 0.52549
v 0.000384615 0.315368 0.18733 0.494118 0.494118 0.52549
v 0.00107692 0.315 0.18733 0.494118 0.494118 0.52549
v -0.000384615 0.318632 0.18733 0.494118 0.494118 0.52549
v -0.000692308 0.318415 0.18733 0.494118 0.494118 0.52549
v -0.000692308 0.318713 0.18733 0.494118 0.494118 0.52549
v -7.69231e-05 0.318169 0.18733 0.494118 0.494118 0.52549
v -0.000461538 0.319 0.18733 0.494118 0.494118 0.52549
v 7.69231e-05 0.318574 0.18733 0.494118 0.494118 0.52549
v -0.000153846 0.319 0.18733 0.494118 0.494118 0.52549
v -0.000307692 0.319 0.18733 0.494118 0.494118 0.52549
v -0.001 0.318632 0.18733 0.494118 0.494118 0.52549
v -0.00133333 0.318308 0.18733 0.494118 0.494118 0.52549
v -0.000846154 0.317846 0.18733 0.494118 0.494118 0.52549
v -0.000769231 0.319 0.18733 0.494118 0.494118 0.52549
v -0.000615385 0.319 0.18733 0.494118 0.494118 0.52549
v -0.000923077 0.319 0.18733 0.494118 0.494118 0.52549
v 0.002 0.317769 0.18733 0.494118 0.494118 0.52549
v 0.002 0.317615 0.18733 0.494118 0.494118 0.52549
v 0.00170969 0.317692 0.18733 0.494118 0.494118 0.52549
v 0.002 0.317923 0.18733 0.494118 0.494118 0.52549
v 0.002 0.317462 0.18733 0.494118 0.494118 0.52549
v 0.00162954 0.318 0.18733 0.494118 0.494118 0.52549
v 0.00140936 0.317692 0.18733 0.494118 0.494118 0.52549
v 0.00162954 0.317385 0.18733 0.494118 0.494118 0.52549
v 0.002 0.318077 0.18733 0.494118 0.494118 0.52549
v -0.00155822 0.317077 0.18733 0.494118 0.494118 0.52549
v -0.00144851 0.316462 0.18733 0.494118 0.494118 0.52549
v -0.00170816 0.316615 0.18733 0.494118 0.494118 0.52549
v -0.001137 0.316923 0.18733 0.494118 0.494118 0.52549
v -0.00138462 0.317538 0.18733 0.494118 0.494118 0.52549
v -0.00167865 0.317385 0.18733 0.494118 0.494118 0.52549
v -0.00170816 0.316308 0.18733 0.494118 0.494118 0.52549
v 0.000538462 0.318403 0.18733 0.494118 0.494118 0.52549
v 0.000384615 0.318687 0.18733 0.494118 0.494118 0.52549
v 0.000692308 0.318702 0.18733 0.494118 0.494118 0.52549
v 0.001 0.31857 0.18733 0.494118 0.494118 0.52549
v 0.000846154 0.317886 0.18733 0.494118 0.494118 0.52549
v 0.000461538 0.319 0.18733 0.494118 0.494118 0.52549
v 0.000153846 0.319 0.18733 0.494118 0.494118 0.52549
v 0.000307692 0.319 0.18733 0.494118 0.494118 0.52549
v 0.000923077 0.319 0.18733 0.494118 0.494118 0.52549
v 0.000769231 0.319 0.18733 0.494118 0.494118 0.52549
v 0.000615385 0.319 0.18733 0.494118 0.494118 0.52549
v 0.00107692 0.319 0.18733 0.494118 0.494118 0.52549
v 0.00134864 0.318308 0.18733 0.494118 0.494118 0.52549
v 0.00130769 0.318692 0.18733 0.494118 0.494118 0.52549
v -0.000384615 0.315313 0.18733 0.494118 0.494118 0.52549
v -7.69231e-05 0.315426 0.18733 0.494118 0.494118 0.52549
v 7.69231e-05 0.315831 0.18733 0.494118 0.494118 0.52549
v -0.000461538 0.315 0.18733 0.494118 0.494118 0.52549
v -0.000615385 0.315 0.18733 0.494118 0.494118 0.52549
v -0.000769231 0.315 0.18733 0.494118 0.494118 0.52549
v -0.00170122 0.317692 0.18733 0.494118 0.494118 0.52549
v -0.0016001 0.318 0.18733 0.494118 0.494118 0.52549
v -0.00169231 0.318308 0.18733 0.494118 0.494118 0.52549
v -0.00153846 0.319 0.18733 0.494118 0.494118 0.52549
v -0.00138462 0.319 0.18733 0.494118 0.494118 0.52549
v -0.00130769 0.318695 0.18733 0.494118 0.494118 0.52549
v -0.00161538 0.318615 0.18733 0.494118 0.494118 0.52549
v -0.00169231 0.319 0.18733 0.494118 0.494118 0.52549
v -0.00123077 0.319 0.18733 0.494118 0.494118 0.52549
v -0.00107692 0.319 0.18733 0.494118 0.494118 0.52549
v -0.00184615 0.319 0.18733 0.494118 0.494118 0.52549
v 0.00153846 0.315 0.18733 0.494118 0.494118 0.52549
v 0.00138462 0.315 0.18733 0.494118 0.494118 0.52549
v 0.00130769 0.315305 0.18733 0.494118 0.494118 0.52549
v 0.00161538 0.315385 0.18733 0.494118 0.494118 0.52549
v 0.00169231 0.315 0.18733 0.494118 0.494118 0.52549
v 0.00123077 0.315 0.18733 0.494118 0.494118 0.52549
v 0.00130769 0.315667 0.18733 0.494118 0.494118 0.52549
v 0.00169231 0.315692 0.18733 0.494118 0.494118 0.52549
v 0.00157787 0.316 0.18733 0.494118 0.494118 0.52549
v 0.000846154 0.316154 0.18733 0.494118 0.494118 0.52549
v 0.002 0.315462 0.18733 0.494118 0.494118 0.52549
v 0.002 0.315308 0.18733 0.494118 0.494118 0.52549
v 0.002 0.315154 0.18733 0.494118 0.494118 0.52549
v 0.00184615 0.315 0.18733 0.494118 0.494118 0.52549
v 0.002 0.318538 0.18733 0.494118 0.494118 0.52549
v 0.002 0.318385 0.18733 0.494118 0.494118 0.52549
v 0.00169498 0.318308 0.18733 0.494118 0.494118 0.52549
v 0.00161538 0.318615 0.18733 0.494118 0.494118 0.52549
v 0.002 0.318692 0.18733 0.494118 0.494118 0.52549
v 0.002 0.318231 0.18733 0.494118 0.494118 0.52549
v 0.00153846 0.319 0.18733 0.494118 0.494118 0.52549
v 0.00169231 0.319 0.18733 0.494118 0.494118 0.52549
v 0.00184615 0.319 0.18733 0.494118 0.494118 0.52549
v 0.002 0.318846 0.18733 0.494118 0.494118 0.52549
v 0.00123077 0.319 0.18733 0.494118 0.494118 0.52549
v 0.00138462 0.319 0.18733 0.494118 0.494118 0.52549
v 0.002 0.315923 0.18733 0.494118 0.494118 0.52549
v 0.002 0.315769 0.18733 0.494118 0.494118 0.52549
v 0.002 0.316077 0.18733 0.494118 0.494118 0.52549
v 0.002 0.315615 0.18733 0.494118 0.494118 0.52549
v 0.00138462 0.316462 0.18733 0.494118 0.494118 0.52549
v 0.0016793 0.316615 0.18733 0.494118 0.494118 0.52549
v 0.002 0.316231 0.18733 0.494118 0.494118 0.52549
v 2.1684e-19 0.319 0.18733 0.494118 0.494118 0.52549
v -0.000153846 0.315 0.18733 0.494118 0.494118 0.52549
v -0.000307692 0.315 0.18733 0.494118 0.494118 0.52549
v 2.1684e-19 0.315 0.18733 0.494118 0.494118 0.52549
v 0.000153846 0.315 0.18733 0.494118 0.494118 0.52549
v 0.00156059 0.316923 0.18733 0.494118 0.494118 0.52549
v 0.00114187 0.317077 0.18733 0.494118 0.494118 0.52549
v 0.002 0.316846 0.18733 0.494118 0.494118 0.52549
v 0.002 0.317154 0.18733 0.494118 0.494118 0.52549
v 0.002 0.317 0.18733 0.494118 0.494118 0.52549
v 0.002 0.316385 0.18733 0.494118 0.494118 0.52549
v 0.002 0.316538 0.18733 0.494118 0.494118 0.52549
v 0.002 0.316692 0.18733 0.494118 0.494118 0.52549
v 7.69231e-05 0.317077 0.18733 0.494118 0.494118 0.52549
v 0.000307692 0.315 0.18733 0.494118 0.494118 0.52549
v 0.002 0.317308 0.18733 0.494118 0.494118 0.52549
v 0.002 0.319 0.18733 0.494118 0.494118 0.52549
v 0.002 0.315 0.18733 0.494118 0.494118 0.52549
v 0.002 0.315 0.191411 0.494118 0.494118 0.52549
v 0.002 0.315 0.191254 0.494118 0.494118 0.52549
v 0.002 0.315266 0.191175 0.494118 0.494118 0.52549
v 0.002 0.315338 0.191489 0.494118 0.494118 0.52549
v 0.002 0.315 0.191568 0.494118 0.494118 0.52549
v 0.002 0.315 0.191097 0.494118 0.494118 0.52549
v 0.002 0.315495 0.191018 0.494118 0.494118 0.52549
v 0.002 0.315266 0.190861 0.494118 0.494118 0.52549
v 0.002 0.315685 0.191489 0.494118 0.494118 0.52549
v 0.002 0.315395 0.190547 0.494118 0.494118 0.52549
v 0.002 0.315971 0.190861 0.494118 0.494118 0.52549
v 0.002 0.315 0.191724 0.494118 0.494118 0.52549
v 0.002 0.31542 0.19196 0.494118 0.494118 0.52549
v 0.002 0.315 0.190626 0.494118 0.494118 0.52549
v 0.002 0.315 0.190469 0.494118 0.494118 0.52549
v 0.002 0.315338 0.190077 0.494118 0.494118 0.52549
v 0.002 0.315648 0.190233 0.494118 0.494118 0.52549
v 0.002 0.315 0.190312 0.494118 0.494118 0.52549
v 0.002 0.315 0.190783 0.494118 0.494118 0.52549
v 0.002 0.315 0.19094 0.494118 0.494118 0.52549
v 0.002 0.317538 0.187605 0.494118 0.494118 0.52549
v 0.002 0.317231 0.187655 0.494118 0.494118 0.52549
v 0.002 0.317846 0.18769 0.494118 0.494118 0.52549
v 0.002 0.317538 0.187891 0.494118 0.494118 0.52549
v 0.002 0.319 0.18937 0.494118 0.494118 0.52549
v 0.002 0.319 0.189527 0.494118 0.494118 0.52549
v 0.002 0.318709 0.189606 0.494118 0.494118 0.52549
v 0.002 0.318569 0.189135 0.494118 0.494118 0.52549
v 0.002 0.319 0.189213 0.494118 0.494118 0.52549
v 0.002 0.319 0.189684 0.494118 0.494118 0.52549
v 0.002 0.318159 0.189292 0.494118 0.494118 0.52549
v 0.002 0.318451 0.189763 0.494118 0.494118 0.52549
v 0.002 0.318642 0.190077 0.494118 0.494118 0.52549
v 0.002 0.319 0.189841 0.494118 0.494118 0.52549
v 0.002 0.318447 0.188664 0.494118 0.494118 0.52549
v 0.002 0.318 0.188329 0.494118 0.494118 0.52549
v 0.002 0.317848 0.190077 0.494118 0.494118 0.52549
v 0.002 0.317231 0.189098 0.494118 0.494118 0.52549
v 0.002 0.318707 0.188821 0.494118 0.494118 0.52549
v 0.002 0.319 0.189056 0.494118 0.494118 0.52549
v 0.002 0.319 0.188272 0.494118 0.494118 0.52549
v 0.002 0.319 0.188429 0.494118 0.494118 0.52549
v 0.002 0.318707 0.188507 0.494118 0.494118 0.52549
v 0.002 0.318585 0.188193 0.494118 0.494118 0.52549
v 0.002 0.319 0.188115 0.494118 0.494118 0.52549
v 0.002 0.319 0.188586 0.494118 0.494118 0.52549
v 0.002 0.318308 0.187874 0.494118 0.494118 0.52549
v 0.002 0.318615 0.187683 0.494118 0.494118 0.52549
v 0.002 0.319 0.187958 0.494118 0.494118 0.52549
v 0.002 0.319 0.188899 0.494118 0.494118 0.52549
v 0.002 0.319 0.188743 0.494118 0.494118 0.52549
v 0.002 0.318154 0.187618 0.494118 0.494118 0.52549
v 0.002 0.315692 0.187996 0.494118 0.494118 0.52549
v 0.002 0.315589 0.188664 0.494118 0.494118 0.52549
v 0.002 0.315304 0.188507 0.494118 0.494118 0.52549
v 0.002 0.316154 0.188483 0.494118 0.494118 0.52549
v 0.002 0.31532 0.188036 0.494118 0.494118 0.52549
v 0.002 0.315385 0.187713 0.494118 0.494118 0.52549
v 0.002 0.315692 0.187637 0.494118 0.494118 0.52549
v 0.002 0.316 0.18773 0.494118 0.494118 0.52549
v 0.002 0.31531 0.188821 0.494118 0.494118 0.52549
v 0.002 0.315397 0.189135 0.494118 0.494118 0.52549
v 0.002 0.315769 0.189292 0.494118 0.494118 0.52549
v 0.002 0.315 0.188272 0.494118 0.494118 0.52549
v 0.002 0.315 0.188429 0.494118 0.494118 0.52549
v 0.002 0.315 0.188743 0.494118 0.494118 0.52549
v 0.002 0.315 0.188586 0.494118 0.494118 0.52549
v 0.002 0.315 0.188115 0.494118 0.494118 0.52549
v 0.002 0.315 0.187801 0.494118 0.494118 0.52549
v 0.002 0.315 0.187958 0.494118 0.494118 0.52549
v 0.002 0.317231 0.192672 0.494118 0.494118 0.52549
v 0.002 0.317692 0.192397 0.494118 0.494118 0.52549
v 0.002 0.317538 0.192682 0.494118 0.494118 0.52549
v 0.002 0.318 0.192612 0.494118 0.494118 0.52549
v 0.002 0.317077 0.192235 0.494118 0.494118 0.52549
v 0.002 0.316923 0.192596 0.494118 0.494118 0.52549
v 0.002 0.318308 0.192289 0.494118 0.494118 0.52549
v 0.002 0.317692 0.191809 0.494118 0.494118 0.52549
v 0.002 0.315 0.189056 0.494118 0.494118 0.52549
v 0.002 0.315 0.188899 0.494118 0.494118 0.52549
v 0.002 0.315 0.189213 0.494118 0.494118 0.52549
v 0.002 0.315315 0.189449 0.494118 0.494118 0.52549
v 0.002 0.318692 0.19298 0.494118 0.494118 0.52549
v 0.002 0.318538 0.19298 0.494118 0.494118 0.52549
v 0.002 0.318615 0.192597 0.494118 0.494118 0.52549
v 0.002 0.318308 0.192675 0.494118 0.494118 0.52549
v 0.002 0.318686 0.192274 0.494118 0.494118 0.52549
v 0.002 0.318608 0.19196 0.494118 0.494118 0.52549
v 0.002 0.31836 0.191646 0.494118 0.494118 0.52549
v 0.002 0.319 0.192509 0.494118 0.494118 0.52549
v 0.002 0.319 0.192666 0.494118 0.494118 0.52549
v 0.002 0.319 0.192823 0.494118 0.494118 0.52549
v 0.002 0.318846 0.19298 0.494118 0.494118 0.52549
v 0.002 0.315692 0.192289 0.494118 0.494118 0.52549
v 0.002 0.316 0.19257 0.494118 0.494118 0.52549
v 0.002 0.315692 0.192673 0.494118 0.494118 0.52549
v 0.002 0.315385 0.192597 0.494118 0.494118 0.52549
v 0.002 0.316308 0.191809 0.494118 0.494118 0.52549
v 0.002 0.31532 0.192274 0.494118 0.494118 0.52549
v 0.002 0.316462 0.192387 0.494118 0.494118 0.52549
v 0.002 0.316308 0.192668 0.494118 0.494118 0.52549
v 0.002 0.315 0.187644 0.494118 0.494118 0.52549
v 0.002 0.315 0.187487 0.494118 0.494118 0.52549
v 0.002 0.316462 0.187945 0.494118 0.494118 0.52549
v 0.002 0.316308 0.187641 0.494118 0.494118 0.52549
v 0.002 0.317 0.190861 0.494118 0.494118 0.52549
v 0.002 0.319 0.192038 0.494118 0.494118 0.52549
v 0.002 0.318686 0.191646 0.494118 0.494118 0.52549
v 0.002 0.319 0.191881 0.494118 0.494118 0.52549
v 0.002 0.319 0.192352 0.494118 0.494118 0.52549
v 0.002 0.319 0.192195 0.494118 0.494118 0.52549
v 0.002 0.318608 0.191332 0.494118 0.494118 0.52549
v 0.002 0.318109 0.191018 0.494118 0.494118 0.52549
v 0.002 0.319 0.191411 0.494118 0.494118 0.52549
v 0.002 0.318544 0.190861 0.494118 0.494118 0.52549
v 0.002 0.319 0.191097 0.494118 0.494118 0.52549
v 0.002 0.319 0.191254 0.494118 0.494118 0.52549
v 0.002 0.319 0.191724 0.494118 0.494118 0.52549
v 0.002 0.319 0.191568 0.494118 0.494118 0.52549
v 0.002 0.315 0.189684 0.494118 0.494118 0.52549
v 0.002 0.315 0.189527 0.494118 0.494118 0.52549
v 0.002 0.31549 0.189763 0.494118 0.494118 0.52549
v 0.002 0.315 0.189841 0.494118 0.494118 0.52549
v 0.002 0.315 0.18937 0.494118 0.494118 0.52549
v 0.002 0.31622 0.18992 0.494118 0.494118 0.52549
v 0.002 0.316923 0.187785 0.494118 0.494118 0.52549
v 0.002 0.317077 0.188219 0.494118 0.494118 0.52549
v 0.002 0.315 0.192509 0.494118 0.494118 0.52549
v 0.002 0.315 0.192352 0.494118 0.494118 0.52549
v 0.002 0.315 0.192666 0.494118 0.494118 0.52549
v 0.002 0.315 0.192195 0.494118 0.494118 0.52549
v 0.002 0.315 0.192038 0.494118 0.494118 0.52549
v 0.002 0.315 0.192823 0.494118 0.494118 0.52549
v 0.002 0.318384 0.19039 0.494118 0.494118 0.52549
v 0.002 0.318677 0.190547 0.494118 0.494118 0.52549
v 0.002 0.319 0.190783 0.494118 0.494118 0.52549
v 0.002 0.319 0.19094 0.494118 0.494118 0.52549
v 0.002 0.319 0.190626 0.494118 0.494118 0.52549
v 0.002 0.319 0.190312 0.494118 0.494118 0.52549
v 0.002 0.319 0.190469 0.494118 0.494118 0.52549
v 0.002 0.315 0.191881 0.494118 0.494118 0.52549
v 0.002 0.315 0.189998 0.494118 0.494118 0.52549
v 0.002 0.315 0.190155 0.494118 0.494118 0.52549
v 0.002 0.319 0.190155 0.494118 0.494118 0.52549
v 0.002 0.319 0.189998 0.494118 0.494118 0.52549
v 0.002 0.319 0.187487 0.494118 0.494118 0.52549
v 0.002 0.319 0.187644 0.494118 0.494118 0.52549
v 0.002 0.319 0.187801 0.494118 0.494118 0.52549
v 0.002 0.319 0.19298 0.494118 0.494118 0.52549
v 0.002 0.318364 0.1929 0.494118 0.494118 0.52549
v 0.002 0.3183 0.1929 0.494118 0.494118 0.52549
v 0.002 0.3185 0.1929 0.494118 0.494118 0.52549
v 0.002 0.318478 0.1929 0.494118 0.494118 0.52549
v 0.002 0.318484 0.192909 0.494118 0.494118 0.52549
v 0.002 0.318385 0.19298 0.494118 0.494118 0.52549
v 0.002 0.318381 0.192966 0.494118 0.494118 0.52549
v 0.002 0.318441 0.192933 0.494118 0.494118 0.52549
v 0.002 0.315635 0.1929 0.494118 0.494118 0.52549
v 0.002 0.315621 0.1929 0.494118 0.494118 0.52549
v 0.002 0.315749 0.1929 0.494118 0.494118 0.52549
v 0.002 0.315725 0.1929 0.494118 0.494118 0.52549
v 0.002 0.315938 0.1929 0.494118 0.494118 0.52549
v 0.002 0.315863 0.1929 0.494118 0.494118 0.52549
v 0.002 0.316136 0.1929 0.494118 0.494118 0.52549
v 0.002 0.316251 0.1929 0.494118 0.494118 0.52549
v 0.002 0.316206 0.1929 0.494118 0.494118 0.52549
v 0.002 0.316365 0.1929 0.494118 0.494118 0.52549
v 0.002 0.316262 0.1929 0.494118 0.494118 0.52549
v 0.002 0.31674 0.1929 0.494118 0.494118 0.52549
v 0.002 0.316594 0.1929 0.494118 0.494118 0.52549
v 0.002 0.316862 0.1929 0.494118 0.494118 0.52549
v 0.002 0.316831 0.1929 0.494118 0.494118 0.52549
v 0.002 0.31706 0.1929 0.494118 0.494118 0.52549
v 0.002 0.31737 0.1929 0.494118 0.494118 0.52549
v 0.002 0.317482 0.1929 0.494118 0.494118 0.52549
v 0.002 0.317426 0.1929 0.494118 0.494118 0.52549
v 0.002 0.317595 0.1929 0.494118 0.494118 0.52549
v 0.002 0.3175 0.1929 0.494118 0.494118 0.52549
v 0.002 0.317819 0.1929 0.494118 0.494118 0.52549
v 0.002 0.317707 0.1929 0.494118 0.494118 0.52549
v 0.002 0.318138 0.1929 0.494118 0.494118 0.52549
v 0.002 0.318128 0.1929 0.494118 0.494118 0.52549
v 0.002 0.315522 0.1929 0.494118 0.494118 0.52549
v 0.002 0.3155 0.1929 0.494118 0.494118 0.52549
v 0.002 0.315451 0.192927 0.494118 0.494118 0.52549
v 0.002 0.318251 0.1929 0.494118 0.494118 0.52549
v 0.002 0.31806 0.1929 0.494118 0.494118 0.52549
v 0.002 0.31794 0.1929 0.494118 0.494118 0.52549
v 0.002 0.317288 0.1929 0.494118 0.494118 0.52549
v 0.002 0.317174 0.1929 0.494118 0.494118 0.52549
v 0.002 0.316984 0.1929 0.494118 0.494118 0.52549
v 0.002 0.316479 0.1929 0.494118 0.494118 0.52549
v 0.002 0.316062 0.1929 0.494118 0.494118 0.52549
v 0.002 0.318357 0.19298 0.494118 0.494118 0.52549
v 0.00184615 0.319 0.19298 0.494118 0.494118 0.52549
v 0.00153846 0.319 0.19298 0.494118 0.494118 0.52549
v 0.00146272 0.319 0.19298 0.494118 0.494118 0.52549
v 0.00146599 0.318997 0.19298 0.494118 0.494118 0.52549
v 0.00169231 0.319 0.19298 0.494118 0.494118 0.52549
v 0.00155508 0.318917 0.19298 0.494118 0.494118 0.52549
v 0.0016573 0.318825 0.19298 0.494118 0.494118 0.52549
v 0.00167198 0.318812 0.19298 0.494118 0.494118 0.52549
v 0.00169504 0.318792 0.19298 0.494118 0.494118 0.52549
v 0.00171214 0.318777 0.19298 0.494118 0.494118 0.52549
v 0.00174655 0.318747 0.19298 0.494118 0.494118 0.52549
v 0.00177109 0.318709 0.19298 0.494118 0.494118 0.52549
v 0.00180691 0.318654 0.19298 0.494118 0.494118 0.52549
v 0.00186415 0.318566 0.19298 0.494118 0.494118 0.52549
v 0.00187868 0.318543 0.19298 0.494118 0.494118 0.52549
v 0.00192054 0.318479 0.19298 0.494118 0.494118 0.52549
v 0.00198434 0.318381 0.19298 0.494118 0.494118 0.52549
v 0.00150794 0.318959 0.19298 0.494118 0.494118 0.52549
v -0.00160476 0.315 0.190547 0.494118 0.494118 0.52549
v -0.00150503 0.315 0.191018 0.494118 0.494118 0.52549
v -0.00173385 0.315 0.190861 0.494118 0.494118 0.52549
v -0.00102908 0.315 0.190861 0.494118 0.494118 0.52549
v -0.00166178 0.315 0.190077 0.494118 0.494118 0.52549
v -0.00135208 0.315 0.190233 0.494118 0.494118 0.52549
v -0.00173385 0.315 0.191175 0.494118 0.494118 0.52549
v -0.00166187 0.315 0.191489 0.494118 0.494118 0.52549
v -0.00131476 0.315 0.191489 0.494118 0.494118 0.52549
v -0.00158001 0.315 0.19196 0.494118 0.494118 0.52549
v 0.000538462 0.315 0.187605 0.494118 0.494118 0.52549
v 0.000230769 0.315 0.187655 0.494118 0.494118 0.52549
v 0.000846154 0.315 0.18769 0.494118 0.494118 0.52549
v 0.000538462 0.315 0.187891 0.494118 0.494118 0.52549
v 0.00170889 0.315 0.189606 0.494118 0.494118 0.52549
v 0.00156866 0.315 0.189135 0.494118 0.494118 0.52549
v 0.00115929 0.315 0.189292 0.494118 0.494118 0.52549
v 0.00145146 0.315 0.189763 0.494118 0.494118 0.52549
v 0.00164154 0.315 0.190077 0.494118 0.494118 0.52549
v 0.00144684 0.315 0.188664 0.494118 0.494118 0.52549
v 0.001 0.315 0.188329 0.494118 0.494118 0.52549
v 0.000847592 0.315 0.190077 0.494118 0.494118 0.52549
v 0.000230769 0.315 0.189098 0.494118 0.494118 0.52549
v 0.00170672 0.315 0.188821 0.494118 0.494118 0.52549
v 0.00170672 0.315 0.188507 0.494118 0.494118 0.52549
v 0.0015846 0.315 0.188193 0.494118 0.494118 0.52549
v 0.00130769 0.315 0.187874 0.494118 0.494118 0.52549
v 0.00161538 0.315 0.187683 0.494118 0.494118 0.52549
v 0.00115385 0.315 0.187618 0.494118 0.494118 0.52549
v -0.00169602 0.315 0.188821 0.494118 0.494118 0.52549
v -0.00160347 0.315 0.189135 0.494118 0.494118 0.52549
v -0.00141147 0.315 0.188664 0.494118 0.494118 0.52549
v -0.00169004 0.315 0.188507 0.494118 0.494118 0.52549
v -0.00123095 0.315 0.189292 0.494118 0.494118 0.52549
v -0.00130769 0.315 0.187996 0.494118 0.494118 0.52549
v -0.000846154 0.315 0.188483 0.494118 0.494118 0.52549
v -0.00168526 0.315 0.189449 0.494118 0.494118 0.52549
v 0.000230769 0.315 0.192672 0.494118 0.494118 0.52549
v 0.000692308 0.315 0.192397 0.494118 0.494118 0.52549
v 0.000538462 0.315 0.192682 0.494118 0.494118 0.52549
v 0.001 0.315 0.192612 0.494118 0.494118 0.52549
v 7.69231e-05 0.315 0.192235 0.494118 0.494118 0.52549
v -7.69231e-05 0.315 0.192596 0.494118 0.494118 0.52549
v 0.00130769 0.315 0.192289 0.494118 0.494118 0.52549
v 0.000692308 0.315 0.191809 0.494118 0.494118 0.52549
v -0.00167999 0.315 0.188036 0.494118 0.494118 0.52549
v -0.00161538 0.315 0.187713 0.494118 0.494118 0.52549
v -0.00130769 0.315 0.187637 0.494118 0.494118 0.52549
v -0.001 0.315 0.18773 0.494118 0.494118 0.52549
v 0.00161538 0.315 0.192597 0.494118 0.494118 0.52549
v 0.00130769 0.315 0.192675 0.494118 0.494118 0.52549
v 0.00168612 0.315 0.192274 0.494118 0.494118 0.52549
v 0.00160768 0.315 0.19196 0.494118 0.494118 0.52549
v 0.00135958 0.315 0.191646 0.494118 0.494118 0.52549
v -0.00130769 0.315 0.192289 0.494118 0.494118 0.52549
v -0.001 0.315 0.19257 0.494118 0.494118 0.52549
v -0.00130769 0.315 0.192673 0.494118 0.494118 0.52549
v -0.00161538 0.315 0.192597 0.494118 0.494118 0.52549
v -0.000692308 0.315 0.191809 0.494118 0.494118 0.52549
v -0.00168004 0.315 0.192274 0.494118 0.494118 0.52549
v -0.000538462 0.315 0.192387 0.494118 0.494118 0.52549
v -0.000692308 0.315 0.192668 0.494118 0.494118 0.52549
v -0.000538462 0.315 0.187945 0.494118 0.494118 0.52549
v -0.000692308 0.315 0.187641 0.494118 0.494118 0.52549
v 1.30104e-18 0.315 0.190861 0.494118 0.494118 0.52549
v 0.00168612 0.315 0.191646 0.494118 0.494118 0.52549
v 0.00160768 0.315 0.191332 0.494118 0.494118 0.52549
v 0.00110945 0.315 0.191018 0.494118 0.494118 0.52549
v 0.00154435 0.315 0.190861 0.494118 0.494118 0.52549
v -0.00150972 0.315 0.189763 0.494118 0.494118 0.52549
v -0.000779855 0.315 0.18992 0.494118 0.494118 0.52549
v -7.69231e-05 0.315 0.187785 0.494118 0.494118 0.52549
v 7.69231e-05 0.315 0.188219 0.494118 0.494118 0.52549
v 0.00138372 0.315 0.19039 0.494118 0.494118 0.52549
v 0.00167687 0.315 0.190547 0.494118 0.494118 0.52549
v 0.00155452 0.315 0.1929 0.494118 0.494118 0.52549
v 0.00147784 0.315 0.1929 0.494118 0.494118 0.52549
v 0.00113755 0.315 0.1929 0.494118 0.494118 0.52549
v 0.000819449 0.315 0.1929 0.494118 0.494118 0.52549
v 0.000707295 0.315 0.1929 0.494118 0.494118 0.52549
v 0.000369628 0.315 0.1929 0.494118 0.494118 0.52549
v 6.00135e-05 0.315 0.1929 0.494118 0.494118 0.52549
v -0.000259649 0.315 0.1929 0.494118 0.494118 0.52549
v -0.000406462 0.315 0.1929 0.494118 0.494118 0.52549
v -0.000863815 0.315 0.1929 0.494118 0.494118 0.52549
v -0.0010619 0.315 0.1929 0.494118 0.494118 0.52549
v -0.00113698 0.315 0.1929 0.494118 0.494118 0.52549
v -0.00117586 0.315 0.1929 0.494118 0.494118 0.52549
v -0.0013646 0.315 0.1929 0.494118 0.494118 0.52549
v -0.00147465 0.315 0.1929 0.494118 0.494118 0.52549
v -0.0014784 0.315 0.1929 0.494118 0.494118 0.52549
v -0.0017053 0.315 0.1929 0.494118 0.494118 0.52549
v -0.0017894 0.315 0.1929 0.494118 0.494118 0.52549
v -0.00167625 0.315 0.1929 0.494118 0.494118 0.52549
v -0.00190224 0.315 0.1929 0.494118 0.494118 0.52549
v -0.00192457 0.315 0.1929 0.494118 0.494118 0.52549
v -0.00185907 0.315 0.1929 0.494118 0.494118 0.52549
v -0.00179797 0.315 0.1929 0.494118 0.494118 0.52549
v -0.00196193 0.315 0.1929 0.494118 0.494118 0.52549
v -0.00199944 0.315 0.1929 0.494118 0.494118 0.52549
v 0.00169126 0.315 0.192975 0.494118 0.494118 0.52549
v 0.0016308 0.315 0.192935 0.494118 0.494118 0.52549
v 0.00157972 0.315 0.1929 0.494118 0.494118 0.52549
v -0.00155452 0.315 0.1929 0.494118 0.494118 0.52549
v -0.00125079 0.315 0.1929 0.494118 0.494118 0.52549
v -0.000938098 0.315 0.1929 0.494118 0.494118 0.52549
v -0.000749477 0.315 0.1929 0.494118 0.494118 0.52549
v -0.000635139 0.315 0.1929 0.494118 0.494118 0.52549
v -0.0005208 0.315 0.1929 0.494118 0.494118 0.52549
v -0.000137832 0.315 0.1929 0.494118 0.494118 0.52549
v -1.60144e-05 0.315 0.1929 0.494118 0.494118 0.52549
v 0.000173851 0.315 0.1929 0.494118 0.494118 0.52549
v 0.000287688 0.315 0.1929 0.494118 0.494118 0.52549
v 0.000482184 0.315 0.1929 0.494118 0.494118 0.52549
v 0.000594739 0.315 0.1929 0.494118 0.494118 0.52549
v 0.000939816 0.315 0.1929 0.494118 0.494118 0.52549
v 0.00106018 0.315 0.1929 0.494118 0.494118 0.52549
v 0.00125098 0.315 0.1929 0.494118 0.494118 0.52549
v 0.00136441 0.315 0.1929 0.494118 0.494118 0.52549
v 0.00173385 0.319 0.191175 0.494118 0.494118 0.52549
v 0.00166187 0.319 0.191489 0.494118 0.494118 0.52549
v 0.00150503 0.319 0.191018 0.494118 0.494118 0.52549
v 0.00173385 0.319 0.190861 0.494118 0.494118 0.52549
v 0.00131476 0.319 0.191489 0.494118 0.494118 0.52549
v 0.00160476 0.319 0.190547 0.494118 0.494118 0.52549
v 0.00102908 0.319 0.190861 0.494118 0.494118 0.52549
v 0.00158001 0.319 0.19196 0.494118 0.494118 0.52549
v 0.00166178 0.319 0.190077 0.494118 0.494118 0.52549
v 0.00135208 0.319 0.190233 0.494118 0.494118 0.52549
v -0.000538462 0.319 0.187605 0.494118 0.494118 0.52549
v -0.000230769 0.319 0.187655 0.494118 0.494118 0.52549
v -0.000846154 0.319 0.18769 0.494118 0.494118 0.52549
v -0.000538462 0.319 0.187891 0.494118 0.494118 0.52549
v -0.00170889 0.319 0.189606 0.494118 0.494118 0.52549
v -0.00156866 0.319 0.189135 0.494118 0.494118 0.52549
v -0.00115929 0.319 0.189292 0.494118 0.494118 0.52549
v -0.00145146 0.319 0.189763 0.494118 0.494118 0.52549
v -0.00164154 0.319 0.190077 0.494118 0.494118 0.52549
v -0.00144684 0.319 0.188664 0.494118 0.494118 0.52549
v -0.001 0.319 0.188329 0.494118 0.494118 0.52549
v -0.000847592 0.319 0.190077 0.494118 0.494118 0.52549
v -0.000230769 0.319 0.189098 0.494118 0.494118 0.52549
v -0.00170672 0.319 0.188821 0.494118 0.494118 0.52549
v -0.00170672 0.319 0.188507 0.494118 0.494118 0.52549
v -0.0015846 0.319 0.188193 0.494118 0.494118 0.52549
v -0.00130769 0.319 0.187874 0.494118 0.494118 0.52549
v -0.00161538 0.319 0.187683 0.494118 0.494118 0.52549
v -0.00115385 0.319 0.187618 0.494118 0.494118 0.52549
v 0.00130769 0.319 0.187996 0.494118 0.494118 0.52549
v 0.00141147 0.319 0.188664 0.494118 0.494118 0.52549
v 0.00169602 0.319 0.188507 0.494118 0.494118 0.52549
v 0.000846154 0.319 0.188483 0.494118 0.494118 0.52549
v 0.00167999 0.319 0.188036 0.494118 0.494118 0.52549
v 0.00161538 0.319 0.187713 0.494118 0.494118 0.52549
v 0.00130769 0.319 0.187637 0.494118 0.494118 0.52549
v 0.001 0.319 0.18773 0.494118 0.494118 0.52549
v 0.00169004 0.319 0.188821 0.494118 0.494118 0.52549
v 0.00160347 0.319 0.189135 0.494118 0.494118 0.52549
v 0.00123095 0.319 0.189292 0.494118 0.494118 0.52549
v -0.000230769 0.319 0.192672 0.494118 0.494118 0.52549
v -0.000692308 0.319 0.192397 0.494118 0.494118 0.52549
v -0.000538462 0.319 0.192682 0.494118 0.494118 0.52549
v -0.001 0.319 0.192612 0.494118 0.494118 0.52549
v -7.69231e-05 0.319 0.192235 0.494118 0.494118 0.52549
v 7.69231e-05 0.319 0.192596 0.494118 0.494118 0.52549
v -0.00130769 0.319 0.192289 0.494118 0.494118 0.52549
v -0.000692308 0.319 0.191809 0.494118 0.494118 0.52549
v 0.00168526 0.319 0.189449 0.494118 0.494118 0.52549
v -0.00161538 0.319 0.192597 0.494118 0.494118 0.52549
v -0.00130769 0.319 0.192675 0.494118 0.494118 0.52549
v -0.00168612 0.319 0.192274 0.494118 0.494118 0.52549
v -0.00135958 0.319 0.191646 0.494118 0.494118 0.52549
v -0.00160768 0.319 0.19196 0.494118 0.494118 0.52549
v 0.00130769 0.319 0.192289 0.494118 0.494118 0.52549
v 0.001 0.319 0.19257 0.494118 0.494118 0.52549
v 0.00130769 0.319 0.192673 0.494118 0.494118 0.52549
v 0.00161538 0.319 0.192597 0.494118 0.494118 0.52549
v 0.000692308 0.319 0.191809 0.494118 0.494118 0.52549
v 0.00168004 0.319 0.192274 0.494118 0.494118 0.52549
v 0.000538462 0.319 0.192387 0.494118 0.494118 0.52549
v 0.000692308 0.319 0.192668 0.494118 0.494118 0.52549
v 0.000538462 0.319 0.187945 0.494118 0.494118 0.52549
v 0.000692308 0.319 0.187641 0.494118 0.494118 0.52549
v -4.33681e-19 0.319 0.190861 0.494118 0.494118 0.52549
v -0.00168612 0.319 0.191646 0.494118 0.494118 0.52549
v -0.00160768 0.319 0.191332 0.494118 0.494118 0.52549
v -0.00110945 0.319 0.191018 0.494118 0.494118 0.52549
v -0.00154435 0.319 0.190861 0.494118 0.494118 0.52549
v 0.00150972 0.319 0.189763 0.494118 0.494118 0.52549
v 0.000779855 0.319 0.18992 0.494118 0.494118 0.52549
v 7.69231e-05 0.319 0.187785 0.494118 0.494118 0.52549
v -7.69231e-05 0.319 0.188219 0.494118 0.494118 0.52549
v -0.00138372 0.319 0.19039 0.494118 0.494118 0.52549
v -0.00167687 0.319 0.190547 0.494118 0.494118 0.52549
v -0.00197785 0.319 0.1929 0.494118 0.494118 0.52549
v -0.00195077 0.319 0.1929 0.494118 0.494118 0.52549
v -0.00192457 0.319 0.1929 0.494118 0.494118 0.52549
v -0.00179797 0.319 0.1929 0.494118 0.494118 0.52549
v -0.00177562 0.319 0.1929 0.494118 0.494118 0.52549
v -0.00167625 0.319 0.1929 0.494118 0.494118 0.52549
v -0.00166537 0.319 0.1929 0.494118 0.494118 0.52549
v -0.00155452 0.319 0.1929 0.494118 0.494118 0.52549
v -0.00147784 0.319 0.1929 0.494118 0.494118 0.52549
v -0.00146435 0.319 0.1929 0.494118 0.494118 0.52549
v -0.00136441 0.319 0.1929 0.494118 0.494118 0.52549
v -0.00129151 0.319 0.1929 0.494118 0.494118 0.52549
v -0.00113755 0.319 0.1929 0.494118 0.494118 0.52549
v -0.00106018 0.319 0.1929 0.494118 0.494118 0.52549
v -0.00104841 0.319 0.1929 0.494118 0.494118 0.52549
v -0.000756608 0.319 0.1929 0.494118 0.494118 0.52549
v -0.000819449 0.319 0.1929 0.494118 0.494118 0.52549
v -0.000482184 0.319 0.1929 0.494118 0.494118 0.52549
v -0.000439843 0.319 0.1929 0.494118 0.494118 0.52549
v -0.000369628 0.319 0.1929 0.494118 0.494118 0.52549
v -6.00135e-05 0.319 0.1929 0.494118 0.494118 0.52549
v 1.60144e-05 0.319 0.1929 0.494118 0.494118 0.52549
v 0.000113274 0.319 0.1929 0.494118 0.494118 0.52549
v 0.000259649 0.319 0.1929 0.494118 0.494118 0.52549
v 0.000406462 0.319 0.1929 0.494118 0.494118 0.52549
v 0.0005208 0.319 0.1929 0.494118 0.494118 0.52549
v 0.000577719 0.319 0.1929 0.494118 0.494118 0.52549
v 0.000863815 0.319 0.1929 0.494118 0.494118 0.52549
v 0.0010619 0.319 0.1929 0.494118 0.494118 0.52549
v 0.00113698 0.319 0.1929 0.494118 0.494118 0.52549
v 0.0014784 0.319 0.1929 0.494118 0.494118 0.52549
v 0.00157972 0.319 0.1929 0.494118 0.494118 0.52549
v 0.00155051 0.319 0.19292 0.494118 0.494118 0.52549
v 0.00155452 0.319 0.1929 0.494118 0.494118 0.52549
v 0.0013646 0.319 0.1929 0.494118 0.494118 0.52549
v 0.00125079 0.319 0.1929 0.494118 0.494118 0.52549
v 0.000938098 0.319 0.1929 0.494118 0.494118 0.52549
v 0.000749477 0.319 0.1929 0.494118 0.494118 0.52549
v 0.000635139 0.319 0.1929 0.494118 0.494118 0.52549
v 0.000137832 0.319 0.1929 0.494118 0.494118 0.52549
v -0.000173851 0.319 0.1929 0.494118 0.494118 0.52549
v -0.000287688 0.319 0.1929 0.494118 0.494118 0.52549
v -0.000594739 0.319 0.1929 0.494118 0.494118 0.52549
v -0.000707295 0.319 0.1929 0.494118 0.494118 0.52549
v -0.000939816 0.319 0.1929 0.494118 0.494118 0.52549
v -0.00125098 0.319 0.1929 0.494118 0.494118 0.52549
v 0.00151277 0.319 0.192946 0.494118 0.494118 0.52549
v 0.00141119 0.319 0.19298 0.494118 0.494118 0.52549
v 0.00123077 0.319 0.19298 0.494118 0.494118 0.52549
v 0.00138462 0.319 0.19298 0.494118 0.494118 0.52549
v 0.00107692 0.319 0.19298 0.494118 0.494118 0.52549
v 0.000923077 0.319 0.19298 0.494118 0.494118 0.52549
v 0.000883246 0.319 0.19298 0.494118 0.494118 0.52549
v 0.000461538 0.319 0.19298 0.494118 0.494118 0.52549
v 0.000615385 0.319 0.19298 0.494118 0.494118 0.52549
v 0.000307692 0.319 0.19298 0.494118 0.494118 0.52549
v 0.000211151 0.319 0.19298 0.494118 0.494118 0.52549
v 0.000769231 0.319 0.19298 0.494118 0.494118 0.52549
v 0.000153846 0.319 0.19298 0.494118 0.494118 0.52549
v 3.79471e-19 0.319 0.19298 0.494118 0.494118 0.52549
v -0.000153846 0.319 0.19298 0.494118 0.494118 0.52549
v -0.000162734 0.319 0.19298 0.494118 0.494118 0.52549
v -0.000461538 0.319 0.19298 0.494118 0.494118 0.52549
v -0.000307692 0.319 0.19298 0.494118 0.494118 0.52549
v -0.000608001 0.319 0.19298 0.494118 0.494118 0.52549
v -0.000615385 0.319 0.19298 0.494118 0.494118 0.52549
v -0.000769231 0.319 0.19298 0.494118 0.494118 0.52549
v -0.000863001 0.319 0.19298 0.494118 0.494118 0.52549
v -0.000923077 0.319 0.19298 0.494118 0.494118 0.52549
v -0.00107692 0.319 0.19298 0.494118 0.494118 0.52549
v -0.00109791 0.319 0.19298 0.494118 0.494118 0.52549
v -0.00123077 0.319 0.19298 0.494118 0.494118 0.52549
v -0.00129361 0.319 0.19298 0.494118 0.494118 0.52549
v -0.00143274 0.319 0.19298 0.494118 0.494118 0.52549
v -0.00138462 0.319 0.19298 0.494118 0.494118 0.52549
v -0.00153846 0.319 0.19298 0.494118 0.494118 0.52549
v -0.00159457 0.319 0.19298 0.494118 0.494118 0.52549
v -0.00177155 0.319 0.19298 0.494118 0.494118 0.52549
v -0.00169231 0.319 0.19298 0.494118 0.494118 0.52549
v -0.00180804 0.319 0.19298 0.494118 0.494118 0.52549
v -0.00186601 0.319 0.19298 0.494118 0.494118 0.52549
v -0.00184615 0.319 0.19298 0.494118 0.494118 0.52549
v -0.00197901 0.315 0.19298 0.494118 0.494118 0.52549
v -0.002 0.315 0.192955 0.494118 0.494118 0.52549
v -0.002 0.315 0.19298 0.494118 0.494118 0.52549
v -0.00189413 0.315 0.19298 0.494118 0.494118 0.52549
v -0.00124027 0.315 0.19298 0.494118 0.494118 0.52549
v -0.00138462 0.315 0.19298 0.494118 0.494118 0.52549
v -0.00149676 0.315 0.19298 0.494118 0.494118 0.52549
v 0.00161561 0.315 0.19298 0.494118 0.494118 0.52549
v 0.00169231 0.315 0.19298 0.494118 0.494118 0.52549
v 0.00155775 0.315 0.19298 0.494118 0.494118 0.52549
v 0.00153846 0.315 0.19298 0.494118 0.494118 0.52549
v 0.00138462 0.315 0.19298 0.494118 0.494118 0.52549
v 0.00123077 0.315 0.19298 0.494118 0.494118 0.52549
v 0.000153846 0.315 0.19298 0.494118 0.494118 0.52549
v 3.79471e-19 0.315 0.19298 0.494118 0.494118 0.52549
v 0.00107692 0.315 0.19298 0.494118 0.494118 0.52549
v -0.000153846 0.315 0.19298 0.494118 0.494118 0.52549
v -0.000307692 0.315 0.19298 0.494118 0.494118 0.52549
v 0.000461538 0.315 0.19298 0.494118 0.494118 0.52549
v 0.000307692 0.315 0.19298 0.494118 0.494118 0.52549
v 0.000615385 0.315 0.19298 0.494118 0.494118 0.52549
v 0.000923077 0.315 0.19298 0.494118 0.494118 0.52549
v -0.000461538 0.315 0.19298 0.494118 0.494118 0.52549
v -0.000615385 0.315 0.19298 0.494118 0.494118 0.52549
v 0.000769231 0.315 0.19298 0.494118 0.494118 0.52549
v -0.000923077 0.315 0.19298 0.494118 0.494118 0.52549
v -0.000979632 0.315 0.19298 0.494118 0.494118 0.52549
v -0.000769231 0.315 0.19298 0.494118 0.494118 0.52549
v -0.00107692 0.315 0.19298 0.494118 0.494118 0.52549
v -0.00118867 0.315 0.19298 0.494118 0.494118 0.52549
v -0.00123077 0.315 0.19298 0.494118 0.494118 0.52549
v -0.00153846 0.315 0.19298 0.494118 0.494118 0.52549
v -0.00169231 0.315 0.19298 0.494118 0.494118 0.52549
v -0.00169476 0.315 0.19298 0.494118 0.494118 0.52549
v -0.00176695 0.315 0.19298 0.494118 0.494118 0.52549
v -0.00182676 0.315 0.19298 0.494118 0.494118 0.52549
v -0.00184615 0.315 0.19298 0.494118 0.494118 0.52549
v -0.002 0.315 0.192901 0.494118 0.494118 0.52549
v -0.00192656 0.315 0.19298 0.494118 0.494118 0.52549
v 0.00216506 0.31825 0.1929 0.494118 0.494118 0.52549
v 0.00208625 0.318368 0.1929 0.494118 0.494118 0.52549
v 0.00207846 0.3182 0.193 0.494118 0.494118 0.52549
v 0.00234366 0.317701 0.1929 0.494118 0.494118 0.52549
v 0.00236652 0.317634 0.1929 0.494118 0.494118 0.52549
v 0.00231822 0.317621 0.19295 0.494118 0.494118 0.52549
v 0.0024 0.317 0.1929 0.494118 0.494118 0.52549
v 0.00289778 0.316224 0.19345 0.494118 0.494118 0.52549
v 0.00236652 0.316366 0.1929 0.494118 0.494118 0.52549
v 0.00234366 0.316299 0.1929 0.494118 0.494118 0.52549
v 0.00259808 0.3155 0.1934 0.494118 0.494118 0.52549
v 0.00216506 0.31575 0.1929 0.494118 0.494118 0.52549
v 0.00208625 0.315632 0.1929 0.494118 0.494118 0.52549
v 0.00145637 0.319 0.192984 0.494118 0.494118 0.52549
v 0.00130225 0.319 0.19309 0.494118 0.494118 0.52549
v 0.00169706 0.318697 0.19305 0.494118 0.494118 0.52549
v 0.002 0.319 0.193478 0.494118 0.494118 0.52549
v 0.00221441 0.319 0.19364 0.494118 0.494118 0.52549
v 0.00259807 0.3185 0.1936 0.494118 0.494118 0.52549
v 0.00211568 0.319 0.193722 0.494118 0.494118 0.52549
v 0.00207846 0.3182 0.1942 0.494118 0.494118 0.52549
v 0.002 0.319 0.193822 0.494118 0.494118 0.52549
v 0.00169706 0.318697 0.19425 0.494118 0.494118 0.52549
v 0.0016308 0.319 0.194065 0.494118 0.494118 0.52549
v 0.00130225 0.319 0.19429 0.494118 0.494118 0.52549
v 0.002 0.319 0.194678 0.494118 0.494118 0.52549
v 0.00221441 0.319 0.19484 0.494118 0.494118 0.52549
v 0.00259807 0.3185 0.1948 0.494118 0.494118 0.52549
v 0.00211568 0.319 0.194922 0.494118 0.494118 0.52549
v 0.00207846 0.3182 0.1954 0.494118 0.494118 0.52549
v 0.002 0.319 0.195022 0.494118 0.494118 0.52549
v 0.00169706 0.318697 0.19545 0.494118 0.494118 0.52549
v 0.0016308 0.319 0.195265 0.494118 0.494118 0.52549
v 0.00130225 0.319 0.19549 0.494118 0.494118 0.52549
v 0.002 0.319 0.195878 0.494118 0.494118 0.52549
v 0.00221441 0.319 0.19604 0.494118 0.494118 0.52549
v 0.00259807 0.3185 0.196 0.494118 0.494118 0.52549
v 0.00211568 0.319 0.196122 0.494118 0.494118 0.52549
v 0.00207846 0.3182 0.1966 0.494118 0.494118 0.52549
v 0.002 0.319 0.196222 0.494118 0.494118 0.52549
v 0.00169706 0.318697 0.19665 0.494118 0.494118 0.52549
v 0.0016308 0.319 0.196465 0.494118 0.494118 0.52549
v 0.00130225 0.319 0.19669 0.494118 0.494118 0.52549
v 0.002 0.319 0.197078 0.494118 0.494118 0.52549
v 0.00221441 0.319 0.19724 0.494118 0.494118 0.52549
v 0.00259807 0.3185 0.1972 0.494118 0.494118 0.52549
v 0.00211568 0.319 0.197322 0.494118 0.494118 0.52549
v 0.00207846 0.3182 0.1978 0.494118 0.494118 0.52549
v 0.002 0.319 0.197422 0.494118 0.494118 0.52549
v 0.00169706 0.318697 0.19785 0.494118 0.494118 0.52549
v 0.0016308 0.319 0.197665 0.494118 0.494118 0.52549
v 0.00130225 0.319 0.19789 0.494118 0.494118 0.52549
v 0.002 0.319 0.198278 0.494118 0.494118 0.52549
v 0.00221441 0.319 0.19844 0.494118 0.494118 0.52549
v 0.00259807 0.3185 0.1984 0.494118 0.494118 0.52549
v 0.00211568 0.319 0.198522 0.494118 0.494118 0.52549
v 0.00207846 0.3182 0.199 0.494118 0.494118 0.52549
v 0.002 0.319 0.198622 0.494118 0.494118 0.52549
v 0.00169706 0.318697 0.19905 0.494118 0.494118 0.52549
v 0.0016308 0.319 0.198865 0.494118 0.494118 0.52549
v 0.00130225 0.319 0.19909 0.494118 0.494118 0.52549
v 0.002 0.319 0.199478 0.494118 0.494118 0.52549
v 0.00221441 0.319 0.19964 0.494118 0.494118 0.52549
v 0.00259807 0.3185 0.1996 0.494118 0.494118 0.52549
v 0.00211568 0.319 0.199722 0.494118 0.494118 0.52549
v 0.00207846 0.3182 0.2002 0.494118 0.494118 0.52549
v 0.002 0.319 0.199822 0.494118 0.494118 0.52549
v 0.00169706 0.318697 0.20025 0.494118 0.494118 0.52549
v 0.0016308 0.319 0.200065 0.494118 0.494118 0.52549
v 0.00130225 0.319 0.20029 0.494118 0.494118 0.52549
v 0.002 0.319 0.200678 0.494118 0.494118 0.52549
v 0.00221441 0.319 0.20084 0.494118 0.494118 0.52549
v 0.00259807 0.3185 0.2008 0.494118 0.494118 0.52549
v 0.00211568 0.319 0.200922 0.494118 0.494118 0.52549
v 0.00207846 0.3182 0.2014 0.494118 0.494118 0.52549
v 0.002 0.319 0.201022 0.494118 0.494118 0.52549
v 0.00169706 0.318697 0.20145 0.494118 0.494118 0.52549
v 0.0016308 0.319 0.201265 0.494118 0.494118 0.52549
v 0.00130225 0.319 0.20149 0.494118 0.494118 0.52549
v 0.002 0.319 0.201878 0.494118 0.494118 0.52549
v 0.00221441 0.319 0.20204 0.494118 0.494118 0.52549
v 0.00259807 0.3185 0.202 0.494118 0.494118 0.52549
v 0.00211568 0.319 0.202122 0.494118 0.494118 0.52549
v 0.00207846 0.3182 0.2026 0.494118 0.494118 0.52549
v 0.002 0.319 0.202222 0.494118 0.494118 0.52549
v 0.00169706 0.318697 0.20265 0.494118 0.494118 0.52549
v 0.0016308 0.319 0.202465 0.494118 0.494118 0.52549
v 0.00130225 0.319 0.20269 0.494118 0.494118 0.52549
v 0.0011547 0.319 0.202738 0.494118 0.494118 0.52549
v 0.000959999 0.318663 0.2029 0.494118 0.494118 0.52549
v 0.000779421 0.319 0.202824 0.494118 0.494118 0.52549
v 0.000523086 0.318952 0.2029 0.494118 0.494118 0.52549
v 0.000535899 0.319 0.20288 0.494118 0.494118 0.52549
v 0.000385002 0.319 0.2029 0.494118 0.494118 0.52549
v -0.000296917 0.319 0.2029 0.494118 0.494118 0.52549
v -0.00207846 0.3182 0.2029 0.494118 0.494118 0.52549
v -0.000861301 0.319 0.2029 0.494118 0.494118 0.52549
v -0.00100191 0.319 0.2029 0.494118 0.494118 0.52549
v -0.00169706 0.318697 0.2029 0.494118 0.494118 0.52549
v -0.00130225 0.319 0.2029 0.494118 0.494118 0.52549
v -0.00197461 0.319 0.202487 0.494118 0.494118 0.52549
v -0.002 0.319 0.202472 0.494118 0.494118 0.52549
v -0.00203012 0.319 0.202447 0.494118 0.494118 0.52549
v -0.00211568 0.319 0.202379 0.494118 0.494118 0.52549
v -0.00217781 0.319 0.202329 0.494118 0.494118 0.52549
v -0.00255477 0.318475 0.20235 0.494118 0.494118 0.52549
v -0.00211568 0.319 0.202278 0.494118 0.494118 0.52549
v -0.00207846 0.3182 0.2018 0.494118 0.494118 0.52549
v -0.00203012 0.319 0.202204 0.494118 0.494118 0.52549
v -0.00169706 0.318697 0.20175 0.494118 0.494118 0.52549
v -0.002 0.319 0.202178 0.494118 0.494118 0.52549
v -0.00197461 0.319 0.202162 0.494118 0.494118 0.52549
v -0.00166824 0.319 0.20196 0.494118 0.494118 0.52549
v -0.00164916 0.319 0.201947 0.494118 0.494118 0.52549
v -0.0016308 0.319 0.201935 0.494118 0.494118 0.52549
v -0.00130225 0.319 0.20171 0.494118 0.494118 0.52549
v -0.002 0.319 0.201322 0.494118 0.494118 0.52549
v -0.00221441 0.319 0.20116 0.494118 0.494118 0.52549
v -0.00259807 0.3185 0.2012 0.494118 0.494118 0.52549
v -0.00211568 0.319 0.201078 0.494118 0.494118 0.52549
v -0.00207846 0.3182 0.2006 0.494118 0.494118 0.52549
v -0.002 0.319 0.200978 0.494118 0.494118 0.52549
v -0.00169706 0.318697 0.20055 0.494118 0.494118 0.52549
v -0.0016308 0.319 0.200735 0.494118 0.494118 0.52549
v -0.00130225 0.319 0.20051 0.494118 0.494118 0.52549
v -0.002 0.319 0.200122 0.494118 0.494118 0.52549
v -0.00221441 0.319 0.19996 0.494118 0.494118 0.52549
v -0.00259807 0.3185 0.2 0.494118 0.494118 0.52549
v -0.00211568 0.319 0.199878 0.494118 0.494118 0.52549
v -0.00207846 0.3182 0.1994 0.494118 0.494118 0.52549
v -0.002 0.319 0.199778 0.494118 0.494118 0.52549
v -0.00169706 0.318697 0.19935 0.494118 0.494118 0.52549
v -0.0016308 0.319 0.199535 0.494118 0.494118 0.52549
v -0.00130225 0.319 0.19931 0.494118 0.494118 0.52549
v -0.002 0.319 0.198922 0.494118 0.494118 0.52549
v -0.00221441 0.319 0.19876 0.494118 0.494118 0.52549
v -0.00259807 0.3185 0.1988 0.494118 0.494118 0.52549
v -0.00211568 0.319 0.198678 0.494118 0.494118 0.52549
v -0.00207846 0.3182 0.1982 0.494118 0.494118 0.52549
v -0.002 0.319 0.198578 0.494118 0.494118 0.52549
v -0.00169706 0.318697 0.19815 0.494118 0.494118 0.52549
v -0.0016308 0.319 0.198335 0.494118 0.494118 0.52549
v -0.00130225 0.319 0.19811 0.494118 0.494118 0.52549
v -0.002 0.319 0.197722 0.494118 0.494118 0.52549
v -0.00221441 0.319 0.19756 0.494118 0.494118 0.52549
v -0.00259807 0.3185 0.1976 0.494118 0.494118 0.52549
v -0.00211568 0.319 0.197478 0.494118 0.494118 0.52549
v -0.00207846 0.3182 0.197 0.494118 0.494118 0.52549
v -0.002 0.319 0.197378 0.494118 0.494118 0.52549
v -0.00169706 0.318697 0.19695 0.494118 0.494118 0.52549
v -0.0016308 0.319 0.197135 0.494118 0.494118 0.52549
v -0.00130225 0.319 0.19691 0.494118 0.494118 0.52549
v -0.002 0.319 0.196522 0.494118 0.494118 0.52549
v -0.00221441 0.319 0.19636 0.494118 0.494118 0.52549
v -0.00259807 0.3185 0.1964 0.494118 0.494118 0.52549
v -0.00211568 0.319 0.196278 0.494118 0.494118 0.52549
v -0.00207846 0.3182 0.1958 0.494118 0.494118 0.52549
v -0.002 0.319 0.196178 0.494118 0.494118 0.52549
v -0.00169706 0.318697 0.19575 0.494118 0.494118 0.52549
v -0.0016308 0.319 0.195935 0.494118 0.494118 0.52549
v -0.00130225 0.319 0.19571 0.494118 0.494118 0.52549
v -0.002 0.319 0.195322 0.494118 0.494118 0.52549
v -0.00221441 0.319 0.19516 0.494118 0.494118 0.52549
v -0.00259807 0.3185 0.1952 0.494118 0.494118 0.52549
v -0.00211568 0.319 0.195078 0.494118 0.494118 0.52549
v -0.00207846 0.3182 0.1946 0.494118 0.494118 0.52549
v -0.002 0.319 0.194978 0.494118 0.494118 0.52549
v -0.00169706 0.318697 0.19455 0.494118 0.494118 0.52549
v -0.0016308 0.319 0.194735 0.494118 0.494118 0.52549
v -0.00130225 0.319 0.19451 0.494118 0.494118 0.52549
v -0.002 0.319 0.194122 0.494118 0.494118 0.52549
v -0.00221441 0.319 0.19396 0.494118 0.494118 0.52549
v -0.00259807 0.3185 0.194 0.494118 0.494118 0.52549
v -0.00211568 0.319 0.193878 0.494118 0.494118 0.52549
v -0.00207846 0.3182 0.1934 0.494118 0.494118 0.52549
v -0.002 0.319 0.193778 0.494118 0.494118 0.52549
v -0.00169706 0.318697 0.19335 0.494118 0.494118 0.52549
v -0.0016308 0.319 0.193535 0.494118 0.494118 0.52549
v -0.00130225 0.319 0.19331 0.494118 0.494118 0.52549
v -0.00182408 0.319 0.19302 0.494118 0.494118 0.52549
v -0.00211594 0.315 0.192966 0.494118 0.494118 0.52549
v -0.00211172 0.315095 0.1929 0.494118 0.494118 0.52549
v -0.00202858 0.315 0.1929 0.494118 0.494118 0.52549
v -0.00218616 0.315 0.193019 0.494118 0.494118 0.52549
v -0.00243425 0.315464 0.1929 0.494118 0.494118 0.52549
v -0.00259807 0.3155 0.193 0.494118 0.494118 0.52549
v -0.00251147 0.31555 0.1929 0.494118 0.494118 0.52549
v -0.00282329 0.316185 0.1929 0.494118 0.494118 0.52549
v -0.00284948 0.316236 0.1929 0.494118 0.494118 0.52549
v -0.00289778 0.316224 0.19295 0.494118 0.494118 0.52549
v -0.003 0.317 0.1929 0.494118 0.494118 0.52549
v -0.00231822 0.317621 0.19345 0.494118 0.494118 0.52549
v -0.00284948 0.317764 0.1929 0.494118 0.494118 0.52549
v -0.00282329 0.317815 0.1929 0.494118 0.494118 0.52549
v -0.00251147 0.31845 0.1929 0.494118 0.494118 0.52549
v -0.00243425 0.318536 0.1929 0.494118 0.494118 0.52549
v -0.00221441 0.315 0.19304 0.494118 0.494118 0.52549
v -0.00211568 0.315 0.193122 0.494118 0.494118 0.52549
v -0.00207846 0.3158 0.1936 0.494118 0.494118 0.52549
v -0.002 0.315 0.193222 0.494118 0.494118 0.52549
v -0.0016308 0.315 0.193465 0.494118 0.494118 0.52549
v -0.00169706 0.315303 0.19365 0.494118 0.494118 0.52549
v -0.00130225 0.315 0.19369 0.494118 0.494118 0.52549
v -0.00188501 0.315 0.194014 0.494118 0.494118 0.52549
v -0.002 0.315 0.194078 0.494118 0.494118 0.52549
v -0.00221441 0.315 0.19424 0.494118 0.494118 0.52549
v -0.00259807 0.3155 0.1942 0.494118 0.494118 0.52549
v -0.00211568 0.315 0.194322 0.494118 0.494118 0.52549
v -0.00207846 0.3158 0.1948 0.494118 0.494118 0.52549
v -0.002 0.315 0.194422 0.494118 0.494118 0.52549
v -0.0016308 0.315 0.194665 0.494118 0.494118 0.52549
v -0.00169706 0.315303 0.19485 0.494118 0.494118 0.52549
v -0.00130225 0.315 0.19489 0.494118 0.494118 0.52549
v -0.002 0.315 0.195278 0.494118 0.494118 0.52549
v -0.00221441 0.315 0.19544 0.494118 0.494118 0.52549
v -0.00259807 0.3155 0.1954 0.494118 0.494118 0.52549
v -0.00211568 0.315 0.195522 0.494118 0.494118 0.52549
v -0.00207846 0.3158 0.196 0.494118 0.494118 0.52549
v -0.002 0.315 0.195622 0.494118 0.494118 0.52549
v -0.0016308 0.315 0.195865 0.494118 0.494118 0.52549
v -0.00169706 0.315303 0.19605 0.494118 0.494118 0.52549
v -0.00130225 0.315 0.19609 0.494118 0.494118 0.52549
v -0.002 0.315 0.196478 0.494118 0.494118 0.52549
v -0.00221441 0.315 0.19664 0.494118 0.494118 0.52549
v -0.00259807 0.3155 0.1966 0.494118 0.494118 0.52549
v -0.00211568 0.315 0.196722 0.494118 0.494118 0.52549
v -0.00207846 0.3158 0.1972 0.494118 0.494118 0.52549
v -0.002 0.315 0.196822 0.494118 0.494118 0.52549
v -0.0016308 0.315 0.197065 0.494118 0.494118 0.52549
v -0.00169706 0.315303 0.19725 0.494118 0.494118 0.52549
v -0.00130225 0.315 0.19729 0.494118 0.494118 0.52549
v -0.002 0.315 0.197678 0.494118 0.494118 0.52549
v -0.00221441 0.315 0.19784 0.494118 0.494118 0.52549
v -0.00259807 0.3155 0.1978 0.494118 0.494118 0.52549
v -0.00211568 0.315 0.197922 0.494118 0.494118 0.52549
v -0.00207846 0.3158 0.1984 0.494118 0.494118 0.52549
v -0.002 0.315 0.198022 0.494118 0.494118 0.52549
v -0.0016308 0.315 0.198265 0.494118 0.494118 0.52549
v -0.00169706 0.315303 0.19845 0.494118 0.494118 0.52549
v -0.00130225 0.315 0.19849 0.494118 0.494118 0.52549
v -0.002 0.315 0.198878 0.494118 0.494118 0.52549
v -0.00221441 0.315 0.19904 0.494118 0.494118 0.52549
v -0.00259807 0.3155 0.199 0.494118 0.494118 0.52549
v -0.00211568 0.315 0.199122 0.494118 0.494118 0.52549
v -0.00207846 0.3158 0.1996 0.494118 0.494118 0.52549
v -0.002 0.315 0.199222 0.494118 0.494118 0.52549
v -0.0016308 0.315 0.199465 0.494118 0.494118 0.52549
v -0.00169706 0.315303 0.19965 0.494118 0.494118 0.52549
v -0.00130225 0.315 0.19969 0.494118 0.494118 0.52549
v -0.002 0.315 0.200078 0.494118 0.494118 0.52549
v -0.00221441 0.315 0.20024 0.494118 0.494118 0.52549
v -0.00259807 0.3155 0.2002 0.494118 0.494118 0.52549
v -0.00211568 0.315 0.200322 0.494118 0.494118 0.52549
v -0.00207846 0.3158 0.2008 0.494118 0.494118 0.52549
v -0.002 0.315 0.200422 0.494118 0.494118 0.52549
v -0.0016308 0.315 0.200665 0.494118 0.494118 0.52549
v -0.00169706 0.315303 0.20085 0.494118 0.494118 0.52549
v -0.00130225 0.315 0.20089 0.494118 0.494118 0.52549
v -0.002 0.315 0.201278 0.494118 0.494118 0.52549
v -0.00221441 0.315 0.20144 0.494118 0.494118 0.52549
v -0.00259807 0.3155 0.2014 0.494118 0.494118 0.52549
v -0.00211568 0.315 0.201522 0.494118 0.494118 0.52549
v -0.00207846 0.3158 0.202 0.494118 0.494118 0.52549
v -0.002 0.315 0.201622 0.494118 0.494118 0.52549
v -0.0016308 0.315 0.201865 0.494118 0.494118 0.52549
v -0.00169706 0.315303 0.20205 0.494118 0.494118 0.52549
v -0.00130225 0.315 0.20209 0.494118 0.494118 0.52549
v -0.00180304 0.315 0.202369 0.494118 0.494118 0.52549
v -0.00199416 0.315 0.202475 0.494118 0.494118 0.52549
v -0.00180304 0.315 0.202593 0.494118 0.494118 0.52549
v -0.00169706 0.315303 0.2029 0.494118 0.494118 0.52549
v -0.0016308 0.315 0.202698 0.494118 0.494118 0.52549
v -0.00130225 0.315 0.2029 0.494118 0.494118 0.52549
v -0.0010943 0.315 0.2029 0.494118 0.494118 0.52549
v -0.000316268 0.315 0.2029 0.494118 0.494118 0.52549
v 0.0016 0.317 0.2029 0.494118 0.494118 0.52549
v 0.000266667 0.315 0.2029 0.494118 0.494118 0.52549
v 0.000755529 0.315 0.2029 0.494118 0.494118 0.52549
v 0.0012151 0.315 0.2029 0.494118 0.494118 0.52549
v 0.00130225 0.315 0.2029 0.494118 0.494118 0.52549
v 0.0016308 0.315 0.202698 0.494118 0.494118 0.52549
v 0.00169706 0.315303 0.2029 0.494118 0.494118 0.52549
v 0.00175906 0.315 0.202619 0.494118 0.494118 0.52549
v 0.0016308 0.315 0.202535 0.494118 0.494118 0.52549
v 0.00169706 0.315303 0.20235 0.494118 0.494118 0.52549
v 0.00130225 0.315 0.20231 0.494118 0.494118 0.52549
v 0.002 0.315 0.201922 0.494118 0.494118 0.52549
v 0.00221441 0.315 0.20176 0.494118 0.494118 0.52549
v 0.00259808 0.3155 0.2018 0.494118 0.494118 0.52549
v 0.00211568 0.315 0.201678 0.494118 0.494118 0.52549
v 0.00207846 0.3158 0.2012 0.494118 0.494118 0.52549
v 0.002 0.315 0.201578 0.494118 0.494118 0.52549
v 0.0016308 0.315 0.201335 0.494118 0.494118 0.52549
v 0.00169706 0.315303 0.20115 0.494118 0.494118 0.52549
v 0.00130225 0.315 0.20111 0.494118 0.494118 0.52549
v 0.002 0.315 0.200722 0.494118 0.494118 0.52549
v 0.00221441 0.315 0.20056 0.494118 0.494118 0.52549
v 0.00259808 0.3155 0.2006 0.494118 0.494118 0.52549
v 0.00211568 0.315 0.200478 0.494118 0.494118 0.52549
v 0.00207846 0.3158 0.2 0.494118 0.494118 0.52549
v 0.002 0.315 0.200378 0.494118 0.494118 0.52549
v 0.0016308 0.315 0.200135 0.494118 0.494118 0.52549
v 0.00169706 0.315303 0.19995 0.494118 0.494118 0.52549
v 0.00130225 0.315 0.19991 0.494118 0.494118 0.52549
v 0.002 0.315 0.199522 0.494118 0.494118 0.52549
v 0.00221441 0.315 0.19936 0.494118 0.494118 0.52549
v 0.00259808 0.3155 0.1994 0.494118 0.494118 0.52549
v 0.00211568 0.315 0.199278 0.494118 0.494118 0.52549
v 0.00207846 0.3158 0.1988 0.494118 0.494118 0.52549
v 0.002 0.315 0.199178 0.494118 0.494118 0.52549
v 0.0016308 0.315 0.198935 0.494118 0.494118 0.52549
v 0.00169706 0.315303 0.19875 0.494118 0.494118 0.52549
v 0.00130225 0.315 0.19871 0.494118 0.494118 0.52549
v 0.002 0.315 0.198322 0.494118 0.494118 0.52549
v 0.00221441 0.315 0.19816 0.494118 0.494118 0.52549
v 0.00259808 0.3155 0.1982 0.494118 0.494118 0.52549
v 0.00211568 0.315 0.198078 0.494118 0.494118 0.52549
v 0.00207846 0.3158 0.1976 0.494118 0.494118 0.52549
v 0.002 0.315 0.197978 0.494118 0.494118 0.52549
v 0.0016308 0.315 0.197735 0.494118 0.494118 0.52549
v 0.00169706 0.315303 0.19755 0.494118 0.494118 0.52549
v 0.00130225 0.315 0.19751 0.494118 0.494118 0.52549
v 0.00150158 0.315 0.197399 0.494118 0.494118 0.52549
v 0.002 0.315 0.197122 0.494118 0.494118 0.52549
v 0.00221441 0.315 0.19696 0.494118 0.494118 0.52549
v 0.00259808 0.3155 0.197 0.494118 0.494118 0.52549
v 0.00211568 0.315 0.196878 0.494118 0.494118 0.52549
v 0.00207846 0.3158 0.1964 0.494118 0.494118 0.52549
v 0.002 0.315 0.196778 0.494118 0.494118 0.52549
v 0.0016308 0.315 0.196535 0.494118 0.494118 0.52549
v 0.00169706 0.315303 0.19635 0.494118 0.494118 0.52549
v 0.00130225 0.315 0.19631 0.494118 0.494118 0.52549
v 0.002 0.315 0.195922 0.494118 0.494118 0.52549
v 0.00221441 0.315 0.19576 0.494118 0.494118 0.52549
v 0.00259808 0.3155 0.1958 0.494118 0.494118 0.52549
v 0.00211568 0.315 0.195678 0.494118 0.494118 0.52549
v 0.00207846 0.3158 0.1952 0.494118 0.494118 0.52549
v 0.002 0.315 0.195578 0.494118 0.494118 0.52549
v 0.0016308 0.315 0.195335 0.494118 0.494118 0.52549
v 0.00169706 0.315303 0.19515 0.494118 0.494118 0.52549
v 0.00130225 0.315 0.19511 0.494118 0.494118 0.52549
v 0.002 0.315 0.194722 0.494118 0.494118 0.52549
v 0.00221441 0.315 0.19456 0.494118 0.494118 0.52549
v 0.00259808 0.3155 0.1946 0.494118 0.494118 0.52549
v 0.00211568 0.315 0.194478 0.494118 0.494118 0.52549
v 0.00207846 0.3158 0.194 0.494118 0.494118 0.52549
v 0.002 0.315 0.194378 0.494118 0.494118 0.52549
v 0.0016308 0.315 0.194135 0.494118 0.494118 0.52549
v 0.00169706 0.315303 0.19395 0.494118 0.494118 0.52549
v 0.00130225 0.315 0.19391 0.494118 0.494118 0.52549
v 0.002 0.315 0.193522 0.494118 0.494118 0.52549
v 0.00221441 0.315 0.19336 0.494118 0.494118 0.52549
v 0.00211568 0.315 0.193278 0.494118 0.494118 0.52549
v 0.002 0.315 0.193178 0.494118 0.494118 0.52549
v 0.003 0.317 0.1935 0.494118 0.494118 0.52549
v 0.00231822 0.317621 0.19415 0.494118 0.494118 0.52549
v 0.00231822 0.317621 0.19535 0.494118 0.494118 0.52549
v 0.00231822 0.317621 0.19655 0.494118 0.494118 0.52549
v 0.00231822 0.317621 0.19775 0.494118 0.494118 0.52549
v 0.00231822 0.317621 0.19895 0.494118 0.494118 0.52549
v 0.00231822 0.317621 0.20015 0.494118 0.494118 0.52549
v 0.00231822 0.317621 0.20135 0.494118 0.494118 0.52549
v 0.00231822 0.317621 0.20255 0.494118 0.494118 0.52549
v 0.00129299 0.318293 0.2029 0.494118 0.494118 0.52549
v -0.00257374 0.318424 0.202352 0.494118 0.494118 0.52549
v -0.00231822 0.317621 0.20065 0.494118 0.494118 0.52549
v -0.00231822 0.317621 0.19945 0.494118 0.494118 0.52549
v -0.00231822 0.317621 0.19825 0.494118 0.494118 0.52549
v -0.00231822 0.317621 0.19705 0.494118 0.494118 0.52549
v -0.00231822 0.317621 0.19585 0.494118 0.494118 0.52549
v -0.00231822 0.317621 0.19465 0.494118 0.494118 0.52549
v -0.0024 0.317 0.1935 0.494118 0.494118 0.52549
v -0.00199758 0.315002 0.202475 0.494118 0.494118 0.52549
v 0.00189151 0.315108 0.202625 0.494118 0.494118 0.52549
v 0.00289778 0.317776 0.19355 0.494118 0.494118 0.52549
v 0.00231822 0.316379 0.19405 0.494118 0.494118 0.52549
v 0.00289778 0.317776 0.19475 0.494118 0.494118 0.52549
v 0.00289778 0.317776 0.19595 0.494118 0.494118 0.52549
v 0.00289778 0.317776 0.19715 0.494118 0.494118 0.52549
v 0.00289778 0.317776 0.19835 0.494118 0.494118 0.52549
v 0.00289778 0.317776 0.19955 0.494118 0.494118 0.52549
v 0.00289778 0.317776 0.20075 0.494118 0.494118 0.52549
v 0.00289778 0.317776 0.20195 0.494118 0.494118 0.52549
v 0.00151161 0.317873 0.2029 0.494118 0.494118 0.52549
v -0.00231822 0.317621 0.2029 0.494118 0.494118 0.52549
v -0.00279867 0.317828 0.202373 0.494118 0.494118 0.52549
v -0.00231822 0.317621 0.20185 0.494118 0.494118 0.52549
v -0.00289778 0.317776 0.20125 0.494118 0.494118 0.52549
v -0.00289778 0.317776 0.20005 0.494118 0.494118 0.52549
v -0.00289778 0.317776 0.19885 0.494118 0.494118 0.52549
v -0.00289778 0.317776 0.19765 0.494118 0.494118 0.52549
v -0.00289778 0.317776 0.19645 0.494118 0.494118 0.52549
v -0.00289778 0.317776 0.19525 0.494118 0.494118 0.52549
v -0.00289778 0.317776 0.19405 0.494118 0.494118 0.52549
v -0.00231822 0.316379 0.19355 0.494118 0.494118 0.52549
v -0.00231822 0.316379 0.19475 0.494118 0.494118 0.52549
v -0.00231822 0.316379 0.19595 0.494118 0.494118 0.52549
v -0.00231822 0.316379 0.19715 0.494118 0.494118 0.52549
v -0.00231822 0.316379 0.19835 0.494118 0.494118 0.52549
v -0.00231822 0.316379 0.19955 0.494118 0.494118 0.52549
v -0.00231822 0.316379 0.20075 0.494118 0.494118 0.52549
v -0.00231822 0.316379 0.20195 0.494118 0.494118 0.52549
v -0.00236303 0.315449 0.202457 0.494118 0.494118 0.52549
v -0.00210922 0.315139 0.202469 0.494118 0.494118 0.52549
v -0.00207846 0.3158 0.2029 0.494118 0.494118 0.52549
v 0.00207846 0.3158 0.2029 0.494118 0.494118 0.52549
v 0.00208958 0.315389 0.202639 0.494118 0.494118 0.52549
v 0.00207846 0.3158 0.2024 0.494118 0.494118 0.52549
v 0.00231822 0.316379 0.20125 0.494118 0.494118 0.52549
v 0.00231822 0.316379 0.20005 0.494118 0.494118 0.52549
v 0.00231822 0.316379 0.19885 0.494118 0.494118 0.52549
v 0.00231822 0.316379 0.19765 0.494118 0.494118 0.52549
v 0.00231822 0.316379 0.19645 0.494118 0.494118 0.52549
v 0.00231822 0.316379 0.19525 0.494118 0.494118 0.52549
v 0.0024 0.317 0.1941 0.494118 0.494118 0.52549
v 0.003 0.317 0.1947 0.494118 0.494118 0.52549
v 0.0024 0.317 0.1953 0.494118 0.494118 0.52549
v 0.003 0.317 0.1959 0.494118 0.494118 0.52549
v 0.0024 0.317 0.1965 0.494118 0.494118 0.52549
v 0.003 0.317 0.1971 0.494118 0.494118 0.52549
v 0.0024 0.317 0.1977 0.494118 0.494118 0.52549
v 0.003 0.317 0.1983 0.494118 0.494118 0.52549
v 0.0024 0.317 0.1989 0.494118 0.494118 0.52549
v 0.003 0.317 0.1995 0.494118 0.494118 0.52549
v 0.0024 0.317 0.2001 0.494118 0.494118 0.52549
v 0.003 0.317 0.2007 0.494118 0.494118 0.52549
v 0.0024 0.317 0.2013 0.494118 0.494118 0.52549
v 0.003 0.317 0.2019 0.494118 0.494118 0.52549
v 0.0024 0.317 0.2025 0.494118 0.494118 0.52549
v 0.00161267 0.317432 0.2029 0.494118 0.494118 0.52549
v -0.0024 0.317 0.2029 0.494118 0.494118 0.52549
v -0.0024 0.317 0.2007 0.494118 0.494118 0.52549
v -0.003 0.317 0.2001 0.494118 0.494118 0.52549
v -0.0024 0.317 0.1995 0.494118 0.494118 0.52549
v -0.003 0.317 0.1989 0.494118 0.494118 0.52549
v -0.0024 0.317 0.1983 0.494118 0.494118 0.52549
v -0.003 0.317 0.1977 0.494118 0.494118 0.52549
v -0.0024 0.317 0.1971 0.494118 0.494118 0.52549
v -0.003 0.317 0.1965 0.494118 0.494118 0.52549
v -0.0024 0.317 0.1959 0.494118 0.494118 0.52549
v -0.003 0.317 0.1953 0.494118 0.494118 0.52549
v -0.0024 0.317 0.1947 0.494118 0.494118 0.52549
v -0.003 0.317 0.1941 0.494118 0.494118 0.52549
v -0.00289778 0.316224 0.19415 0.494118 0.494118 0.52549
v -0.00289778 0.316224 0.19535 0.494118 0.494118 0.52549
v -0.00289778 0.316224 0.19655 0.494118 0.494118 0.52549
v -0.00289778 0.316224 0.19775 0.494118 0.494118 0.52549
v -0.00289778 0.316224 0.19895 0.494118 0.494118 0.52549
v -0.00289778 0.316224 0.20015 0.494118 0.494118 0.52549
v -0.00289778 0.316224 0.20135 0.494118 0.494118 0.52549
v -0.00271966 0.316131 0.20243 0.494118 0.494118 0.52549
v -0.00246817 0.315575 0.20245 0.494118 0.494118 0.52549
v -0.00231822 0.316379 0.2029 0.494118 0.494118 0.52549
v 0.0020971 0.315399 0.202639 0.494118 0.494118 0.52549
v 0.00231822 0.316379 0.2029 0.494118 0.494118 0.52549
v 0.00289778 0.316224 0.20185 0.494118 0.494118 0.52549
v 0.00289778 0.316224 0.20065 0.494118 0.494118 0.52549
v 0.00289778 0.316224 0.19945 0.494118 0.494118 0.52549
v 0.00289778 0.316224 0.19825 0.494118 0.494118 0.52549
v 0.00289778 0.316224 0.19705 0.494118 0.494118 0.52549
v 0.00289778 0.316224 0.19585 0.494118 0.494118 0.52549
v 0.00289778 0.316224 0.19465 0.494118 0.494118 0.52549
v -0.00289004 0.3171 0.202397 0.494118 0.494118 0.52549
v -0.00282533 0.317757 0.202375 0.494118 0.494118 0.52549
v -0.003 0.317 0.2013 0.494118 0.494118 0.52549
v -0.0024 0.317 0.2019 0.494118 0.494118 0.52549
v -0.00277704 0.316256 0.202425 0.494118 0.494118 0.52549
v 0.00229497 0.315675 0.20265 0.494118 0.494118 0.52549
v 0.00242773 0.316035 0.202665 0.494118 0.494118 0.52549
v 0.0024 0.317 0.2029 0.494118 0.494118 0.52549
v 0.00231822 0.316379 0.20245 0.494118 0.494118 0.52549
v -0.00288143 0.316892 0.202404 0.494118 0.494118 0.52549
v -0.00283285 0.317675 0.202378 0.494118 0.494118 0.52549
v -0.0029 0.317 0.2024 0.494118 0.494118 0.52549
v 0.00240294 0.315968 0.202662 0.494118 0.494118 0.52549
v 0.00253555 0.316321 0.202675 0.494118 0.494118 0.52549
v 0.00257314 0.31673 0.202691 0.494118 0.494118 0.52549
v 0.00256123 0.3166 0.202686 0.494118 0.494118 0.52549
v 0.0026 0.317 0.2027 0.494118 0.494118 0.52549
v -0.00202858 0.319 0.1929 0.494118 0.494118 0.52549
v 0.00179649 0.315 0.193044 0.494118 0.494118 0.52549
vn -1 1.22465e-16 6.12323e-17
vn 6.12323e-17 1 6.12323e-17
vn 0 0 1
vn -1 1.22465e-16 6.12323e-17
vn 1.22465e-16 0 -1
vn 1 0 6.12323e-17
vn 0 0 1
vn 6.12323e-17 -1 6.12323e-17
vn 6.12323e-17 1 6.12323e-17
vn 0.635358 0.312172 0.706307
vn 0.596455 0.390796 0.701085
vn 0.638351 0.310808 0.704206
vn 0.588336 0.397415 -0.704217
vn 0.677261 0.223115 0.701097
vn 0.694469 0.137103 0.70634
vn 0.697015 0.135008 0.704232
vn 0.671145 0.231604 -0.704219
vn 0.713826 0.0376893 0.699308
vn 0.707927 0.053059 -0.70429
vn 0.693398 -0.133852 -0.708013
vn 0.667426 -0.230778 0.708014
vn 0.6959 -0.130989 -0.706091
vn 0.672457 -0.226797 -0.704532
vn 0.635125 -0.308755 -0.708016
vn 0.584956 -0.395658 0.708012
vn 0.638291 -0.306619 -0.706095
vn 0.590852 -0.393097 -0.704534
vn 0.478117 0.531433 0.699273
vn 0.478117 0.531435 0.699272
vn 0.389565 0.599373 -0.699279
vn 0.536162 0.465439 0.704199
vn 0.465429 0.536151 -0.704214
vn 0.504542 0.495442 -0.707089
vn 0.533029 0.465846 -0.706305
vn 0.58793 0.394294 0.706308
vn 0.584957 0.39566 -0.70801
vn 0.635129 0.308757 0.708012
vn 0.592318 0.392496 0.703638
vn 0.638344 0.310802 0.704215
vn 0.588336 0.397416 -0.704217
vn 0.574747 0.41919 0.702813
vn 0.536151 0.465428 0.704215
vn 0.465429 0.536151 -0.704214
vn 0.471468 0.532307 0.703112
vn 0.47811 0.531423 0.699285
vn 0.389565 0.599374 -0.699279
vn 0.504542 0.495442 -0.707089
vn 0.53303 0.465846 -0.706305
vn 0.587929 0.394294 0.706308
vn 0.584957 0.39566 -0.70801
vn 0.635128 0.308757 0.708012
vn 0.592318 0.392496 0.703638
vn 0.638344 0.310802 0.704215
vn 0.588336 0.397416 -0.704217
vn 0.574748 0.419189 0.702812
vn 0.536152 0.465428 0.704215
vn 0.465429 0.536151 -0.704215
vn 0.471469 0.532307 0.703112
vn 0.47811 0.531424 0.699285
vn 0.389565 0.599373 -0.699279
vn 0.504542 0.495442 -0.707089
vn 0.53303 0.465846 -0.706305
vn 0.587929 0.394294 0.706309
vn 0.584957 0.39566 -0.70801
vn 0.635128 0.308757 0.708012
vn 0.592318 0.392496 0.703638
vn 0.638344 0.310802 0.704215
vn 0.588336 0.397416 -0.704217
vn 0.574748 0.419189 0.702812
vn 0.536152 0.465428 0.704215
vn 0.465429 0.536152 -0.704214
vn 0.471469 0.532307 0.703112
vn 0.47811 0.531424 0.699285
vn 0.389565 0.599374 -0.699278
vn 0.504542 0.495442 -0.707089
vn 0.533029 0.465847 -0.706305
vn 0.587929 0.394294 0.706309
vn 0.584957 0.39566 -0.70801
vn 0.635128 0.308757 0.708012
vn 0.592318 0.392495 0.703638
vn 0.638344 0.310802 0.704216
vn 0.588336 0.397415 -0.704217
vn 0.574747 0.419189 0.702813
vn 0.536151 0.465427 0.704215
vn 0.465429 0.536152 -0.704214
vn 0.471468 0.532307 0.703112
vn 0.47811 0.531424 0.699285
vn 0.389565 0.599374 -0.699278
vn 0.504542 0.495442 -0.707089
vn 0.533029 0.465847 -0.706305
vn 0.58793 0.394294 0.706308
vn 0.584957 0.39566 -0.70801
vn 0.635129 0.308757 0.708012
vn 0.592318 0.392496 0.703638
vn 0.638344 0.310802 0.704215
vn 0.588335 0.397415 -0.704218
vn 0.574747 0.41919 0.702813
vn 0.536151 0.465428 0.704215
vn 0.465429 0.536151 -0.704214
vn 0.471468 0.532307 0.703113
vn 0.47811 0.531423 0.699286
vn 0.389565 0.599374 -0.699278
vn 0.504542 0.495442 -0.707089
vn 0.533029 0.465847 -0.706305
vn 0.58793 0.394294 0.706308
vn 0.584957 0.39566 -0.70801
vn 0.635129 0.308757 0.708012
vn 0.592318 0.392496 0.703638
vn 0.638344 0.310802 0.704215
vn 0.588335 0.397415 -0.704218
vn 0.574748 0.419189 0.702812
vn 0.536152 0.465428 0.704215
vn 0.465429 0.536151 -0.704215
vn 0.471468 0.532307 0.703112
vn 0.478109 0.531424 0.699286
vn 0.389565 0.599373 -0.699279
vn 0.504542 0.495442 -0.707089
vn 0.533029 0.465846 -0.706305
vn 0.58793 0.394294 0.706308
vn 0.584957 0.39566 -0.708011
vn 0.635128 0.308757 0.708012
vn 0.592318 0.392496 0.703638
vn 0.638344 0.310802 0.704215
vn 0.588336 0.397416 -0.704217
vn 0.574748 0.419189 0.702812
vn 0.536152 0.465428 0.704215
vn 0.465429 0.536151 -0.704215
vn 0.471469 0.532307 0.703112
vn 0.47811 0.531424 0.699285
vn 0.389565 0.599373 -0.699279
vn 0.504542 0.495442 -0.707089
vn 0.53303 0.465846 -0.706305
vn 0.587929 0.394294 0.706309
vn 0.584957 0.39566 -0.70801
vn 0.635128 0.308757 0.708012
vn 0.592318 0.392496 0.703638
vn 0.638344 0.310802 0.704215
vn 0.39685 0.143658 0.906572
vn 0.574748 0.419189 0.702812
vn 0.536152 0.465428 0.704215
vn 0.335312 0.229948 0.913614
vn 0.471469 0.532307 0.703112
vn 0.47811 0.531424 0.699285
vn 0.298186 0.268532 0.915956
vn 0.271375 0.285544 0.919141
vn 0.260169 0.292515 0.920189
vn 0 0 1
vn 0.21274 0.321166 0.922819
vn 0.171916 0.333752 0.926852
vn 0 0 1
vn 0.175805 0.332582 0.926543
vn 0.120707 0.348551 0.929485
vn 0 0 1
vn -0.612364 0.353551 0.707115
vn -0.499996 0.5 0.707109
vn 0 0 1
vn -0.4323 0.563395 0.704062
vn -0.432441 0.563277 0.70407
vn -0.538091 0.460406 0.706034
vn -0.56334 0.432357 0.704071
vn -0.563397 0.432294 0.704064
vn -0.563401 0.432292 0.704062
vn -0.587927 0.394302 -0.706306
vn -0.610682 0.356478 0.7071
vn -0.637007 0.309061 -0.70619
vn -0.592318 0.392503 -0.703634
vn -0.638355 0.310803 -0.704205
vn -0.588335 0.397415 0.704218
vn -0.599398 0.389544 -0.699269
vn -0.536156 0.46543 -0.70421
vn -0.465429 0.536151 0.704214
vn -0.574833 0.419092 -0.702801
vn -0.465779 0.533096 -0.706299
vn -0.465841 0.533029 -0.706308
vn -0.465837 0.533031 -0.70631
vn -0.471475 0.532308 -0.703107
vn -0.478111 0.531425 -0.699283
vn -0.389565 0.599374 0.699278
vn -0.504542 0.495442 0.707089
vn -0.533029 0.465847 0.706305
vn -0.58793 0.394294 -0.706308
vn -0.584957 0.39566 0.70801
vn -0.635129 0.308757 -0.708012
vn -0.592318 0.392496 -0.703638
vn -0.638344 0.310802 -0.704215
vn -0.588335 0.397415 0.704218
vn -0.574747 0.41919 -0.702813
vn -0.536151 0.465429 -0.704214
vn -0.465429 0.536151 0.704215
vn -0.471467 0.532309 -0.703111
vn -0.47811 0.531426 -0.699284
vn -0.389565 0.599373 0.699279
vn -0.504542 0.495442 0.707089
vn -0.533029 0.465846 0.706305
vn -0.58793 0.394294 -0.706308
vn -0.584957 0.39566 0.708011
vn -0.635128 0.308757 -0.708012
vn -0.592318 0.392496 -0.703638
vn -0.638344 0.310802 -0.704215
vn -0.588336 0.397416 0.704217
vn -0.574747 0.41919 -0.702813
vn -0.536152 0.465429 -0.704214
vn -0.465429 0.536151 0.704215
vn -0.471468 0.532309 -0.703111
vn -0.478111 0.531426 -0.699283
vn -0.389565 0.599373 0.699279
vn -0.504542 0.495442 0.707089
vn -0.53303 0.465846 0.706305
vn -0.587929 0.394294 -0.706309
vn -0.584957 0.39566 0.70801
vn -0.635128 0.308757 -0.708012
vn -0.592318 0.392496 -0.703638
vn -0.638344 0.310802 -0.704215
vn -0.588336 0.397416 0.704217
vn -0.574747 0.41919 -0.702813
vn -0.536152 0.465429 -0.704214
vn -0.465429 0.536152 0.704214
vn -0.471468 0.532309 -0.703111
vn -0.478111 0.531426 -0.699283
vn -0.389565 0.599374 0.699278
vn -0.504542 0.495442 0.707089
vn -0.533029 0.465847 0.706305
vn -0.587929 0.394294 -0.706309
vn -0.584957 0.39566 0.70801
vn -0.635128 0.308757 -0.708012
vn -0.592318 0.392495 -0.703638
vn -0.638344 0.310802 -0.704216
vn -0.588336 0.397415 0.704217
vn -0.574747 0.41919 -0.702813
vn -0.536151 0.465429 -0.704215
vn -0.465429 0.536152 0.704214
vn -0.471467 0.532309 -0.703111
vn -0.478111 0.531426 -0.699283
vn -0.389565 0.599374 0.699278
vn -0.504542 0.495442 0.707089
vn -0.533029 0.465847 0.706305
vn -0.58793 0.394294 -0.706308
vn -0.584957 0.39566 0.70801
vn -0.635129 0.308757 -0.708012
vn -0.592318 0.392496 -0.703638
vn -0.638344 0.310802 -0.704215
vn -0.588335 0.397415 0.704218
vn -0.574746 0.41919 -0.702813
vn -0.536151 0.465429 -0.704215
vn -0.465429 0.536151 0.704214
vn -0.471467 0.532309 -0.703112
vn -0.478111 0.531425 -0.699283
vn -0.389565 0.599374 0.699278
vn -0.504542 0.495442 0.707089
vn -0.533029 0.465847 0.706305
vn -0.58793 0.394294 -0.706308
vn -0.584957 0.39566 0.70801
vn -0.635129 0.308757 -0.708012
vn -0.592318 0.392496 -0.703638
vn -0.638344 0.310802 -0.704215
vn -0.588336 0.397416 0.704217
vn -0.574747 0.41919 -0.702813
vn -0.536151 0.465429 -0.704214
vn -0.465429 0.536151 0.704214
vn -0.471468 0.532309 -0.703111
vn -0.478111 0.531425 -0.699283
vn -0.389565 0.599374 0.699279
vn -0.504542 0.495442 0.707089
vn -0.53303 0.465846 0.706305
vn -0.587929 0.394294 -0.706308
vn -0.584957 0.39566 0.70801
vn -0.635128 0.308757 -0.708012
vn -0.592318 0.392496 -0.703638
vn -0.638344 0.310802 -0.704215
vn -0.588338 0.397416 0.704215
vn -0.574747 0.41919 -0.702813
vn -0.536151 0.465429 -0.704214
vn -0.465431 0.536153 0.704212
vn -0.471467 0.532309 -0.703111
vn -0.478111 0.531426 -0.699283
vn -0.389566 0.599374 0.699278
vn -0.38958 0.599366 0.699276
vn -0.533013 -0.465839 -0.706322
vn -0.533017 -0.46584 -0.706318
vn -0.532623 -0.46898 -0.704536
vn -0.58495 -0.395654 -0.708019
vn -0.635128 -0.308757 0.708012
vn -0.584682 -0.399468 -0.706097
vn -0.635826 -0.315148 -0.704561
vn -0.668126 -0.234546 -0.706113
vn -0.667399 -0.230779 -0.70804
vn -0.693398 -0.133853 0.708014
vn -0.694512 -0.136917 -0.706333
vn -0.704641 0.0474293 0.707977
vn -0.671147 0.231606 0.704216
vn -0.69703 0.134999 -0.704219
vn -0.669991 0.228544 0.706314
vn -0.636648 0.321158 0.701097
vn -0.588021 0.394149 0.706313
vn -0.531847 0.474976 0.701096
vn -0.533023 -0.465842 -0.706313
vn -0.587929 -0.394294 0.706308
vn -0.592318 -0.392496 0.703638
vn -0.638344 -0.310802 0.704215
vn -0.588336 -0.397416 -0.704217
vn -0.574747 -0.419189 0.702813
vn -0.471468 -0.532307 0.703112
vn -0.536152 -0.465428 0.704215
vn -0.465429 -0.536151 -0.704214
vn -0.47811 -0.531424 0.699285
vn -0.389565 -0.599374 -0.699279
vn -0.504542 -0.495442 -0.707089
vn -0.53303 -0.465846 -0.706305
vn -0.587929 -0.394294 0.706308
vn -0.584957 -0.39566 -0.70801
vn -0.635128 -0.308757 0.708012
vn -0.592318 -0.392496 0.703638
vn -0.638344 -0.310802 0.704215
vn -0.588336 -0.397415 -0.704217
vn -0.574747 -0.41919 0.702813
vn -0.471468 -0.532307 0.703112
vn -0.536151 -0.465428 0.704215
vn -0.465429 -0.536151 -0.704214
vn -0.47811 -0.531423 0.699285
vn -0.389565 -0.599374 -0.699278
vn -0.504542 -0.495442 -0.707089
vn -0.533029 -0.465847 -0.706305
vn -0.58793 -0.394294 0.706308
vn -0.584957 -0.39566 -0.70801
vn -0.635129 -0.308757 0.708012
vn -0.592318 -0.392496 0.703638
vn -0.638344 -0.310802 0.704215
vn -0.588335 -0.397415 -0.704218
vn -0.574747 -0.41919 0.702813
vn -0.471468 -0.532307 0.703113
vn -0.536151 -0.465428 0.704215
vn -0.465429 -0.536151 -0.704214
vn -0.47811 -0.531423 0.699286
vn -0.389565 -0.599374 -0.699278
vn -0.504542 -0.495442 -0.707089
vn -0.533029 -0.465847 -0.706305
vn -0.58793 -0.394294 0.706308
vn -0.584957 -0.39566 -0.70801
vn -0.635129 -0.308757 0.708012
vn -0.592318 -0.392496 0.703638
vn -0.638344 -0.310802 0.704215
vn -0.588335 -0.397415 -0.704218
vn -0.574748 -0.419189 0.702812
vn -0.471468 -0.532307 0.703112
vn -0.536152 -0.465428 0.704215
vn -0.465429 -0.536151 -0.704215
vn -0.478109 -0.531424 0.699286
vn -0.389565 -0.599373 -0.699279
vn -0.504542 -0.495442 -0.707089
vn -0.533029 -0.465846 -0.706305
vn -0.58793 -0.394294 0.706308
vn -0.584957 -0.39566 -0.708011
vn -0.635128 -0.308757 0.708012
vn -0.592318 -0.392496 0.703638
vn -0.638344 -0.310802 0.704215
vn -0.588336 -0.397416 -0.704217
vn -0.574748 -0.419189 0.702812
vn -0.471469 -0.532307 0.703112
vn -0.536152 -0.465428 0.704215
vn -0.465429 -0.536151 -0.704215
vn -0.47811 -0.531424 0.699285
vn -0.389565 -0.599373 -0.699279
vn -0.504542 -0.495442 -0.707089
vn -0.53303 -0.465846 -0.706305
vn -0.587929 -0.394294 0.706309
vn -0.584957 -0.39566 -0.70801
vn -0.635128 -0.308757 0.708012
vn -0.592318 -0.392496 0.703638
vn -0.638344 -0.310802 0.704215
vn -0.588336 -0.397416 -0.704217
vn -0.574748 -0.419189 0.702812
vn -0.471469 -0.532307 0.703112
vn -0.536152 -0.465428 0.704215
vn -0.465429 -0.536152 -0.704214
vn -0.47811 -0.531424 0.699285
vn -0.389565 -0.599374 -0.699278
vn -0.504542 -0.495442 -0.707089
vn -0.533029 -0.465847 -0.706305
vn -0.587929 -0.394294 0.706309
vn -0.584957 -0.39566 -0.70801
vn -0.635128 -0.308757 0.708012
vn -0.592318 -0.392495 0.703638
vn -0.638344 -0.310802 0.704216
vn -0.588336 -0.397415 -0.704217
vn -0.574747 -0.419189 0.702813
vn -0.471468 -0.532307 0.703112
vn -0.536151 -0.465427 0.704215
vn -0.465429 -0.536152 -0.704214
vn -0.47811 -0.531424 0.699285
vn -0.389565 -0.599374 -0.699278
vn -0.504542 -0.495442 -0.707089
vn -0.533029 -0.465847 -0.706305
vn -0.58793 -0.394294 0.706308
vn -0.584957 -0.39566 -0.70801
vn -0.635129 -0.308757 0.708012
vn -0.592318 -0.392496 0.703638
vn -0.638344 -0.310802 0.704215
vn -0.588324 -0.397409 -0.704231
vn -0.574747 -0.41919 0.702813
vn -0.471468 -0.532307 0.703113
vn -0.536151 -0.465428 0.704215
vn -0.46543 -0.53615 -0.704214
vn -0.47811 -0.531423 0.699286
vn -0.389557 -0.599365 -0.69929
vn -0.389581 -0.599354 -0.699287
vn -0.389591 -0.599349 -0.699285
vn -0.432278 -0.563415 0.70406
vn -0.432262 -0.563423 0.704063
vn -0.499975 -0.50002 0.70711
vn 0 0 1
vn -0.432273 -0.563436 0.704046
vn -0.432326 -0.563429 0.704019
vn 0 0 1
vn 0 1 0
vn 0.447175 -0.0131115 0.89435
vn 0 0 1
vn 0.432333 -0.563439 0.704006
vn 0.432287 -0.563444 0.70403
vn 0.500012 -0.500024 0.707081
vn 0 0 1
vn 0.432249 -0.563449 0.70405
vn 0.465911 -0.532976 -0.706303
vn 0.471491 -0.532261 -0.703132
vn 0.536144 -0.46541 -0.704232
vn 0.465427 -0.536151 0.704215
vn 0.478085 -0.531384 -0.699332
vn 0.389565 -0.599373 0.699279
vn 0.50454 -0.495444 0.707089
vn 0.533027 -0.465848 0.706305
vn 0.587925 -0.394296 -0.706311
vn 0.584956 -0.395658 0.708012
vn 0.635126 -0.308756 -0.708014
vn 0.592315 -0.392497 -0.70364
vn 0.638342 -0.310802 -0.704217
vn 0.588335 -0.397414 0.704219
vn 0.574748 -0.419189 -0.702812
vn 0.471469 -0.532307 -0.703112
vn 0.536152 -0.465428 -0.704215
vn 0.465428 -0.536152 0.704215
vn 0.47811 -0.531424 -0.699285
vn 0.389565 -0.599374 0.699278
vn 0.50454 -0.495444 0.707089
vn 0.533027 -0.465849 0.706305
vn 0.587925 -0.394295 -0.706311
vn 0.584956 -0.395658 0.708012
vn 0.635126 -0.308756 -0.708014
vn 0.592315 -0.392496 -0.70364
vn 0.638341 -0.310802 -0.704218
vn 0.588335 -0.397414 0.704219
vn 0.574747 -0.419189 -0.702813
vn 0.471468 -0.532307 -0.703112
vn 0.536151 -0.465427 -0.704215
vn 0.465428 -0.536152 0.704215
vn 0.47811 -0.531424 -0.699285
vn 0.389565 -0.599374 0.699278
vn 0.50454 -0.495444 0.707089
vn 0.533027 -0.465849 0.706305
vn 0.587926 -0.394296 -0.70631
vn 0.584956 -0.395658 0.708012
vn 0.635127 -0.308756 -0.708014
vn 0.592315 -0.392497 -0.70364
vn 0.638342 -0.310802 -0.704217
vn 0.588334 -0.397414 0.70422
vn 0.574747 -0.41919 -0.702813
vn 0.471468 -0.532307 -0.703113
vn 0.536151 -0.465428 -0.704215
vn 0.465428 -0.536152 0.704215
vn 0.47811 -0.531423 -0.699286
vn 0.389565 -0.599374 0.699278
vn 0.50454 -0.495444 0.707089
vn 0.533027 -0.465849 0.706305
vn 0.587926 -0.394296 -0.70631
vn 0.584956 -0.395658 0.708012
vn 0.635127 -0.308756 -0.708014
vn 0.592316 -0.392497 -0.703639
vn 0.638342 -0.310802 -0.704217
vn 0.588334 -0.397414 0.704219
vn 0.574748 -0.419189 -0.702812
vn 0.471468 -0.532307 -0.703112
vn 0.536152 -0.465428 -0.704215
vn 0.465428 -0.536151 0.704215
vn 0.478109 -0.531424 -0.699286
vn 0.389565 -0.599373 0.699279
vn 0.389565 -0.599373 0.699279
vn 0.50454 -0.495444 0.707089
vn 0.533027 -0.465849 0.706306
vn 0.587926 -0.394296 -0.70631
vn 0.584956 -0.395658 0.708013
vn 0.635127 -0.308756 -0.708014
vn 0.592316 -0.392497 -0.703639
vn 0.638342 -0.310802 -0.704217
vn 0.588335 -0.397414 0.704219
vn 0.574748 -0.419189 -0.702812
vn 0.471469 -0.532307 -0.703112
vn 0.536152 -0.465428 -0.704215
vn 0.465427 -0.536151 0.704215
vn 0.47811 -0.531424 -0.699285
vn 0.389565 -0.599373 0.699279
vn 0.50454 -0.495444 0.707089
vn 0.533027 -0.465848 0.706305
vn 0.587925 -0.394296 -0.706311
vn 0.584956 -0.395658 0.708012
vn 0.635126 -0.308756 -0.708014
vn 0.592315 -0.392497 -0.70364
vn 0.638342 -0.310802 -0.704217
vn 0.588335 -0.397414 0.704219
vn 0.574748 -0.419189 -0.702812
vn 0.471469 -0.532307 -0.703112
vn 0.536152 -0.465428 -0.704215
vn 0.465428 -0.536152 0.704215
vn 0.47811 -0.531424 -0.699285
vn 0.389565 -0.599374 0.699279
vn 0.50454 -0.495444 0.707089
vn 0.533027 -0.465849 0.706305
vn 0.587925 -0.394296 -0.706311
vn 0.584956 -0.395658 0.708012
vn 0.635126 -0.308756 -0.708014
vn 0.592315 -0.392497 -0.70364
vn 0.638342 -0.310802 -0.704217
vn 0.588334 -0.397414 0.704219
vn 0.574747 -0.41919 -0.702813
vn 0.471468 -0.532307 -0.703112
vn 0.536151 -0.465428 -0.704215
vn 0.465428 -0.536152 0.704215
vn 0.47811 -0.531423 -0.699285
vn 0.389565 -0.599374 0.699278
vn 0.50454 -0.495444 0.707089
vn 0.533027 -0.465849 0.706305
vn 0.587923 -0.394294 -0.706313
vn 0.592311 -0.392496 -0.703644
vn 0.574741 -0.419188 -0.702819
vn 0.704416 0.050174 -0.708012
vn 0.704416 -0.050174 0.708012
vn 0.69703 0.134999 0.704219
vn 0.671145 0.231604 -0.704218
vn 0.69703 0.134999 0.704219
vn 0.671146 0.231604 -0.704218
vn 0.69703 0.134999 0.704219
vn 0.671145 0.231604 -0.704218
vn 0.69703 0.134999 0.704219
vn 0.671145 0.231603 -0.704219
vn 0.697031 0.134999 0.704218
vn 0.671145 0.231604 -0.704219
vn 0.697031 0.134999 0.704218
vn 0.671146 0.231604 -0.704218
vn 0.69703 0.134999 0.704219
vn 0.583231 0.0922122 0.807055
vn 0.337999 0.227093 0.913338
vn 0 0 1
vn -0.655986 0.271937 0.704083
vn -0.677178 0.223092 -0.701185
vn -0.697031 0.134999 -0.704218
vn -0.671146 0.231604 0.704218
vn -0.69703 0.134999 -0.704219
vn -0.69703 0.134999 -0.704219
vn -0.671145 0.231604 0.704218
vn -0.69703 0.134999 -0.704219
vn -0.671145 0.231603 0.704219
vn -0.697031 0.134999 -0.704218
vn -0.671145 0.231604 0.704219
vn -0.697031 0.134999 -0.704218
vn -0.671145 0.231604 0.704218
vn -0.708221 0.0500084 0.704217
vn -0.708221 -0.0500084 -0.704217
vn -0.463601 -0.53512 -0.706201
vn -0.502181 -0.497815 0.707103
vn 0.497726 -0.502279 0.707096
vn 0.535231 -0.463494 -0.706188
vn 0.667426 0.230779 -0.708013
vn 0.693398 0.133853 0.708013
vn 0.671145 -0.231604 0.704219
vn 0.69703 -0.134998 -0.704219
vn 0.667426 0.230779 -0.708013
vn 0.693397 0.133853 0.708014
vn 0.667427 0.230779 -0.708013
vn 0.693397 0.133853 0.708014
vn 0.693398 0.133853 0.708013
vn 0.667426 0.230779 -0.708014
vn 0.693398 0.133853 0.708013
vn 0.667426 0.230779 -0.708014
vn 0.693398 0.133854 0.708013
vn 0.667427 0.230779 -0.708013
vn 0.693397 0.133854 0.708014
vn 0.667427 0.230779 -0.708013
vn 0.693397 0.133853 0.708014
vn 0.398624 0.140348 0.906312
vn 0 0 1
vn -0.682993 0.183011 0.707126
vn -0.656111 0.271647 0.704079
vn -0.669932 0.228756 -0.706301
vn -0.69705 0.135 -0.704199
vn -0.671145 0.231604 0.704219
vn -0.667426 0.230779 0.708014
vn -0.693398 0.133854 -0.708013
vn -0.667427 0.230779 0.708013
vn -0.693397 0.133854 -0.708014
vn -0.667427 0.230779 0.708013
vn -0.693397 0.133853 -0.708014
vn -0.693398 0.133853 -0.708013
vn -0.667426 0.230779 0.708014
vn -0.667426 0.230779 0.708014
vn -0.693398 0.133854 -0.708013
vn -0.667426 0.230779 0.708013
vn -0.693398 0.133853 -0.708013
vn -0.69703 -0.134999 0.704219
vn -0.671145 -0.231604 -0.704219
vn -0.69703 -0.134999 0.704219
vn -0.671145 -0.231604 -0.704219
vn -0.697031 -0.134999 0.704218
vn -0.671145 -0.231604 -0.704219
vn -0.697031 -0.134999 0.704218
vn -0.671146 -0.231604 -0.704218
vn -0.69703 -0.134999 0.704219
vn -0.671146 -0.231604 -0.704218
vn -0.69703 -0.134999 0.704219
vn -0.671145 -0.231604 -0.704218
vn -0.69703 -0.134999 0.704219
vn -0.671145 -0.231603 -0.704219
vn -0.697031 -0.134999 0.704218
vn -0.671126 -0.231604 -0.704237
vn -0.531887 -0.474779 -0.701199
vn -0.563418 -0.432294 0.704047
vn -0.533071 -0.465855 -0.706268
vn -0.563367 -0.432326 0.704068
vn 0 0 1
vn -0.612389 -0.353534 0.707102
vn 0.61237 -0.353566 0.707102
vn 0.56349 -0.431682 0.704365
vn 0.599267 -0.390335 -0.69894
vn 0.588335 -0.397414 0.704219
vn 0.638344 -0.310781 -0.704225
vn 0.69703 -0.134998 -0.70422
vn 0.671145 -0.231604 0.704218
vn 0.69703 -0.134998 -0.704219
vn 0.671145 -0.231603 0.704219
vn 0.69703 -0.134998 -0.704219
vn 0.671145 -0.231604 0.704219
vn 0.69703 -0.134998 -0.704219
vn 0.671146 -0.231604 0.704218
vn 0.69703 -0.134998 -0.70422
vn 0.671146 -0.231604 0.704218
vn 0.69703 -0.134998 -0.70422
vn 0.671145 -0.231604 0.704218
vn 0.708221 -0.0500084 0.704217
vn 0.708221 0.0500084 -0.704217
vn 0.704416 0.0501741 -0.708012
vn 0.704415 -0.0501738 0.708012
vn 0.708221 -0.0500081 0.704218
vn 0.708221 0.0500084 -0.704217
vn 0.704416 0.0501742 -0.708012
vn 0.704416 -0.0501742 0.708012
vn 0.708221 -0.0500084 0.704217
vn 0.708221 0.0500082 -0.704218
vn 0.704415 0.0501741 -0.708012
vn 0.704416 -0.0501742 0.708012
vn 0.708221 -0.0500086 0.704217
vn 0.708221 0.0500084 -0.704218
vn 0.704415 0.0501738 -0.708013
vn 0.704416 -0.0501739 0.708012
vn 0.708221 -0.0500086 0.704217
vn 0.708221 0.0500087 -0.704217
vn 0.704416 0.0501739 -0.708012
vn 0.704415 -0.0501738 0.708013
vn 0.708221 -0.0500084 0.704218
vn 0.708221 0.0500086 -0.704217
vn 0.704416 0.0501742 -0.708012
vn 0.704415 -0.0501741 0.708012
vn 0.708221 -0.0500082 0.704218
vn 0.708221 0.0500084 -0.704217
vn 0.704416 0.0501742 -0.708012
vn 0.704416 -0.0501742 0.708012
vn 0.637041 -0.0393835 0.769823
vn 0 1 0
vn 0.710314 -0.0423061 -0.702612
vn 0.436108 0.0370331 0.899132
vn 0 0 1
vn -0.707112 -2.68446e-05 0.707101
vn -0.708221 -0.0500084 -0.704218
vn -0.708221 0.0500086 0.704217
vn -0.704416 0.0501742 0.708012
vn -0.704415 -0.0501741 -0.708012
vn -0.708221 -0.0500082 -0.704218
vn -0.708221 0.0500084 0.704217
vn -0.704416 0.0501742 0.708012
vn -0.704416 -0.0501742 -0.708012
vn -0.708221 -0.0500084 -0.704217
vn -0.708221 0.0500082 0.704218
vn -0.704415 0.0501741 0.708012
vn -0.704416 -0.0501742 -0.708012
vn -0.708221 -0.0500086 -0.704217
vn -0.708221 0.0500084 0.704218
vn -0.704415 0.0501738 0.708013
vn -0.704416 -0.0501739 -0.708012
vn -0.708221 -0.0500086 -0.704217
vn -0.708221 0.0500086 0.704217
vn -0.704416 0.0501739 0.708012
vn -0.704415 -0.0501737 -0.708012
vn -0.708221 -0.0500082 -0.704218
vn -0.708221 0.0500084 0.704217
vn -0.704416 0.0501741 0.708012
vn -0.704416 -0.050174 -0.708012
vn -0.667426 -0.230779 -0.708013
vn -0.693398 -0.133853 0.708013
vn -0.667426 -0.230779 -0.708013
vn -0.693398 -0.133853 0.708013
vn -0.667426 -0.230779 -0.708014
vn -0.693398 -0.133854 0.708013
vn -0.667427 -0.230779 -0.708013
vn -0.693397 -0.133854 0.708014
vn -0.667427 -0.230779 -0.708013
vn -0.693397 -0.133853 0.708014
vn -0.693398 -0.133853 0.708013
vn -0.667426 -0.230779 -0.708014
vn -0.63664 -0.320901 -0.701221
vn -0.656059 -0.271848 0.704049
vn -0.586259 -0.396969 -0.706198
vn -0.613959 -0.3508 0.707102
vn 0 0 1
vn -0.683032 -0.183019 0.707086
vn 0.563435 -0.432074 0.704169
vn 0.596229 -0.391129 -0.701092
vn 0 0 1
vn 0.683035 -0.183015 0.707085
vn 0.667426 -0.230778 0.708014
vn 0.693398 -0.133851 -0.708014
vn 0.693398 -0.133851 -0.708013
vn 0.667426 -0.230778 0.708014
vn 0.693398 -0.133851 -0.708013
vn 0.667426 -0.230778 0.708014
vn 0.693398 -0.133852 -0.708013
vn 0.667426 -0.230778 0.708014
vn 0.693398 -0.133852 -0.708014
vn 0.667426 -0.230778 0.708014
vn 0.693398 -0.133851 -0.708014
vn 0.693398 -0.133851 -0.708013
vn -0.704056 0.0925888 0.704082
vn -0.706313 0.0475919 -0.706299
vn -0.682168 0.186151 0.707103
vn -0.695279 0.133713 -0.706193
vn -0.704416 0.0501739 0.708012
vn -0.704415 -0.0501738 -0.708013
vn -0.708221 0.0500086 0.704217
vn -0.708217 -0.0499801 -0.704223
vn -0.669023 -0.2317 -0.706203
vn -0.683811 -0.180006 0.707107
vn 0.610742 -0.356362 0.707108
vn 0.636961 -0.309132 -0.7062
vn 0.656069 -0.27166 0.704112
vn 0.677133 -0.223323 -0.701154
vn 0 0 1
vn 0.704065 -0.0926991 0.704059
vn 0 1 0
vn 0.671146 -0.231604 0.704218
vn 0.697015 -0.134993 -0.704235
vn -0.704062 -0.0928319 0.704044
vn -0.698009 -0.145114 -0.701232
vn -0.704014 0.0928667 0.704088
vn -0.711848 0.0402214 -0.701181
vn -0.707104 0.00291595 0.707104
vn -0.706206 -0.0504497 -0.706206
vn 0.656014 -0.271471 0.704237
vn 0.679852 -0.221511 -0.699095
vn 0.682196 -0.186066 0.707098
vn 0.695253 -0.133835 -0.706195
vn 0.704098 -0.0927417 0.704021
vn 0.71178 -0.0403161 -0.701245
vn 0.70417 -0.0928068 0.70394
vn 0.713749 -0.0375859 -0.699392
vn 0 1 0
vn 0.704062 -0.0927038 0.704062
vn 0.706309 -0.0474922 -0.706309
vn 0.599385 0.389577 0.699262
vn 0.599383 0.389573 0.699266
vn 0.478117 0.531435 0.699272
vn 0.474981 0.531857 0.701086
vn 0.532927 0.46598 0.706294
vn 0.465862 0.533038 0.706288
vn 0.599383 0.389573 0.699266
vn 0.599384 0.389576 0.699264
vn 0.599385 0.389577 0.699262
vn 0.465862 0.533038 0.706288
vn 0.478117 0.531431 0.699275
vn 0.478118 0.531412 0.699289
vn -0.389587 0.599363 0.699276
vn -0.465979 0.532912 0.706306
vn -0.53303 0.465854 0.7063
vn 0.599366 -0.389565 -0.699285
vn 0.53719 -0.461368 -0.706092
vn 0.465847 -0.533021 -0.706311
vn 0.465847 -0.533021 -0.706311
vn 0.465846 -0.533022 -0.706311
vn 0.599366 -0.389565 -0.699285
vn 0.465846 -0.533023 -0.70631
vn -0 -0 -1
vn 6.12323e-17 1 6.12323e-17
vn 6.12323e-17 -1 6.12323e-17
vn -0 -0 -1
vt 0.976562 -0.992188
vt 0.0078125 -0.0234375
vt 0.0078125 -0.992188
vt 0.976562 -0.992188
vt 0.0078125 -0.0234375
vt 0.0078125 -0.992188
vt 0.976562 -0.992188
vt 0.0078125 -0.0234375
vt 0.0078125 -0.992188
vt 0.992188 -0.976562
vt 0.976562 -0.992188
vt 0.0078125 -0.0234375
vt 0.0078125 -0.992188
vt 0.992188 -0.976562
vt 0.976562 0.0078125
vt 0.0078125 0.976562
vt 0.0078125 0.0078125
vt -0.992188 0.976562
vt -0.992188 0.0078125
vt -0.0078125 0.0234375
vt -0.0078125 -0.0078125
vt 1.99219 -1.97656
vt 0.976562 -0.992188
vt 0.0078125 -0.0234375
vt 0.0078125 -0.992188
vt 0.0234375 -0.0078125
vt 0.992188 -0.976562
vt 0.992188 -0.0078125
vt 0.976562 0.0078125
vt 0.0078125 0.0078125
vt 0.0234375 0.992188
vt 0.992188 0.992188
vt -0.0234375 0.0078125
vt -0.976562 0.992188
vt -0.0078125 0.992188
vt -0.0234375 -0.992188
vt -0.976562 -0.0078125
vt -0.0078125 -0.0078125
vt 1.97656 -1.99219
vt 1.00781 -1.99219
vt 1.02344 -1.00781
vt 1.99219 -1.97656
vt 1.99219 -1.00781
vt 1.00781 -0.0234375
vt 1.00781 0.976562
vt 1.00781 0.0078125
vt 1.99219 0.0234375
vt 1.00781 1.97656
vt 1.00781 1.00781
vt 1.99219 1.99219
vt 0.0078125 1.97656
vt 0.992188 1.99219
vt -0.992188 1.97656
vt -0.0078125 1.02344
vt -0.0078125 1.99219
vt -1.00781 -1.97656
vt 2.02344 -0.0078125
vt 2.99219 -0.976562
vt 2.99219 -0.0078125
vt 2.00781 0.976562
vt 2.99219 0.992188
vt 2.00781 1.00781
vt 2.99219 1.99219
vt 2.00781 2.00781
vt 2.99219 2.99219
vt 1.00781 2.00781
vt 1.02344 2.99219
vt 1.99219 2.02344
vt 0.992188 2.99219
vt -0.0234375 2.00781
vt -0.992188 2.97656
vt -1.99219 2.00781
vt -1.00781 2.99219
vt -2.99219 2.97656
vt -2.99219 2.00781
vt -2.00781 2.02344
vt -2.00781 2.99219
vt -2.02344 1.00781
vt -2.99219 1.97656
vt -2.99219 1.00781
vt -2.97656 1.99219
vt -2.00781 1.99219
vt -2.99219 0.976562
vt -2.99219 0.0078125
vt -2.00781 0.0234375
vt -2.00781 0.992188
vt -2.02344 -0.992188
vt -2.99219 -0.0234375
vt -2.99219 -0.992188
vt -2.00781 -0.976562
vt -2.99219 -1.02344
vt -2.99219 -1.99219
vt -2.00781 -1.97656
vt -2.00781 -1.00781
vt -2.02344 -2.99219
vt -2.99219 -2.02344
vt -2.99219 -2.99219
vt -2.97656 -2.00781
vt -2.00781 -2.00781
vt -1.02344 -2.99219
vt -1.99219 -2.99219
vt -1.00781 -2.97656
vt -1.00781 -2.00781
vt -0.992188 -2.99219
vt -0.976562 -2.00781
vt -0.0078125 -2.00781
vt 0.0078125 -2.99219
vt 0.992188 -2.97656
vt 0.992188 -2.00781
vt 1.00781 -2.99219
vt 1.99219 -2.97656
vt 1.99219 -2.00781
vt 3.00781 -3.99219
vt 3.02344 -3.00781
vt 3.99219 -3.97656
vt 3.00781 -2.02344
vt 3.99219 -2.97656
vt 3.99219 -2.00781
vt 3.00781 -1.99219
vt 3.99219 -1.97656
vt 3.99219 -1.00781
vt 3.00781 -0.0234375
vt 3.00781 -0.992188
vt 3.99219 -0.976562
vt 3.99219 -0.0078125
vt 3.97656 0.0078125
vt 3.00781 0.0078125
vt 3.99219 0.992188
vt 3.00781 1.00781
vt 3.99219 1.02344
vt 3.99219 1.99219
vt 3.00781 2.00781
vt 3.99219 2.99219
vt 3.00781 3.00781
vt 3.99219 3.99219
vt 2.00781 3.00781
vt 2.99219 3.02344
vt -2.00781 3.99219
vt -3.00781 3.99219
vt -3.99219 2.00781
vt -3.00781 1.99219
vt -3.99219 -0.992188
vt -3.00781 -1.00781
vt -3.99219 -2.99219
vt -3.00781 -2.00781
vt -1.00781 -3.00781
vt 0.0078125 -3.99219
vt 2.97656 -3.99219
vt 2.00781 -3.02344
vt 2.00781 -3.99219
vt 2.02344 -3.00781
vt 2.99219 -3.00781
vt 4.00781 -4.99219
vt 4.02344 -4.00781
vt 4.99219 -4.00781
vt 4.00781 -3.02344
vt 4.99219 -3.97656
vt 4.00781 -2.02344
vt 4.00781 -2.99219
vt 4.99219 -2.97656
vt 4.99219 -2.00781
vt 4.00781 -1.99219
vt 4.02344 -1.00781
vt 4.97656 -0.992188
vt 4.00781 -0.0234375
vt 4.02344 -0.0078125
vt 4.97656 0.0078125
vt 4.00781 0.0078125
vt 4.02344 0.992188
vt 4.97656 1.00781
vt 4.00781 1.00781
vt 4.99219 1.99219
vt 4.00781 2.97656
vt 4.02344 2.99219
vt 4.99219 2.02344
vt 4.00781 3.00781
vt 4.02344 3.99219
vt 4.00781 4.97656
vt 4.00781 4.00781
vt 4.99219 4.99219
vt 3.97656 4.00781
vt 3.99219 4.02344
vt 3.99219 4.99219
vt 2.97656 4.00781
vt 2.02344 4.99219
vt 2.99219 4.99219
vt 1.00781 4.97656
vt 1.99219 4.02344
vt 1.99219 4.99219
vt 0.0078125 4.00781
vt 0.0234375 4.99219
vt -0.992188 4.97656
vt -0.992188 4.00781
vt -0.0078125 4.99219
vt -1.99219 4.00781
vt -1.97656 4.99219
vt -2.97656 4.99219
vt -2.00781 4.02344
vt -2.00781 4.99219
vt -3.02344 4.00781
vt -3.99219 4.00781
vt -3.97656 4.99219
vt -4.02344 4.00781
vt -4.99219 4.00781
vt -4.00781 4.99219
vt -4.02344 3.00781
vt -4.00781 3.02344
vt -4.00781 3.99219
vt -4.02344 2.00781
vt -4.99219 2.00781
vt -4.00781 2.02344
vt -4.99219 1.97656
vt -4.00781 1.02344
vt -4.02344 0.0078125
vt -4.99219 0.976562
vt -4.00781 0.0234375
vt -4.02344 -0.992188
vt -4.99219 -0.0234375
vt -4.00781 -0.0078125
vt -4.02344 -1.99219
vt -4.99219 -1.99219
vt -4.97656 -1.00781
vt -4.02344 -2.99219
vt -4.97656 -2.00781
vt -4.99219 -3.99219
vt -4.97656 -3.00781
vt -4.00781 -3.00781
vt -4.99219 -4.02344
vt -4.97656 -4.00781
vt -3.02344 -4.99219
vt -2.99219 -4.02344
vt -2.00781 -4.97656
vt -1.99219 -4.02344
vt -1.99219 -4.99219
vt -1.97656 -4.00781
vt -0.0234375 -4.99219
vt -0.976562 -4.00781
vt 0.976562 -4.99219
vt 0.992188 -4.97656
vt 1.00781 -4.02344
vt 1.99219 -4.97656
vt 1.99219 -4.00781
vt 2.00781 -4.02344
vt 2.99219 -4.97656
vt 3.97656 -4.99219
vt 3.00781 -4.99219
vt 3.99219 -4.97656
vt 5.97656 -5.99219
vt 5.99219 -5.97656
vt 5.97656 -4.99219
vt 5.00781 -4.99219
vt 5.99219 -4.00781
vt 5.00781 -3.02344
vt 5.99219 -3.00781
vt 5.00781 -2.02344
vt 5.00781 -2.99219
vt 5.02344 -2.00781
vt 5.00781 -1.99219
vt 5.99219 -1.97656
vt 5.00781 -0.0234375
vt 5.00781 -0.992188
vt 5.02344 -0.0078125
vt 5.97656 0.0078125
vt 5.99219 0.0234375
vt 5.00781 1.97656
vt 5.99219 1.02344
vt 5.99219 1.99219
vt 5.00781 2.00781
vt 5.99219 2.02344
vt 5.00781 3.97656
vt 5.00781 4.97656
vt 5.00781 5.97656
vt 4.99219 5.02344
vt 0.976562 -0.992188
vt 0.0078125 -0.0234375
vt 0.0078125 -0.992188
vt 0.992188 -0.976562
vt 0.976562 0.0078125
vt 0.0234375 0.992188
vt -0.0234375 0.0078125
vt -0.992188 0.0078125
vt -0.0078125 -0.0078125
vt 1.00781 -1.02344
vt 1.02344 -1.00781
vt 1.99219 -0.0078125
vt 1.00781 0.0078125
vt 1.02344 0.992188
vt 1.02344 1.99219
vt 1.99219 1.02344
vt 0.976562 1.00781
vt 0.992188 1.02344
vt -0.992188 1.97656
vt -0.976562 1.99219
vt -1.97656 1.99219
vt -1.97656 0.992188
vt -1.02344 -0.992188
vt -1.97656 -0.0078125
vt -1.97656 -1.00781
vt -1.00781 -1.97656
vt -1.00781 -1.00781
vt -0.0234375 -1.99219
vt -0.0078125 -1.97656
vt 0.0078125 -1.02344
vt 0.992188 -1.97656
vt 2.97656 -2.99219
vt 2.00781 -1.99219
vt 2.02344 -1.00781
vt 2.99219 -1.97656
vt 2.99219 -1.00781
vt 2.97656 -0.992188
vt 2.99219 -0.0078125
vt 2.97656 0.0078125
vt 2.02344 0.992188
vt 2.00781 1.97656
vt 2.00781 2.00781
vt 2.99219 2.02344
vt 1.00781 2.97656
vt 0.976562 2.00781
vt 0.0078125 2.97656
vt 0.0234375 2.99219
vt -1.02344 2.00781
vt -1.99219 2.97656
vt -1.99219 2.00781
vt -1.97656 2.99219
vt -2.99219 2.00781
vt -2.00781 2.02344
vt -2.99219 1.97656
vt -2.97656 1.99219
vt -2.00781 0.992188
vt -2.02344 -0.992188
vt -2.99219 -0.0234375
vt -2.99219 -0.992188
vt -2.00781 -0.976562
vt -2.02344 -1.99219
vt -2.00781 -1.00781
vt -2.02344 -2.99219
vt -2.99219 -2.99219
vt -1.02344 -2.99219
vt -0.992188 -2.99219
vt 1.99219 -2.97656
vt 3.97656 -3.99219
vt 3.97656 -2.99219
vt 3.00781 -2.02344
vt 3.99219 -1.97656
vt 3.02344 -0.0078125
vt 3.99219 -0.976562
vt 3.99219 -0.0078125
vt 3.02344 0.992188
vt 3.97656 1.00781
vt 3.99219 2.99219
vt 3.97656 3.00781
vt 3.00781 3.97656
vt 2.02344 3.99219
vt 1.97656 3.00781
vt 1.99219 3.02344
vt 0.0234375 3.99219
vt -0.0234375 3.00781
vt -0.992188 3.00781
vt -1.00781 3.99219
vt -2.99219 3.97656
vt -2.00781 3.02344
vt -3.00781 3.99219
vt -3.99219 2.00781
vt -3.00781 2.02344
vt -3.00781 1.99219
vt -3.02344 0.0078125
vt -3.00781 -0.976562
vt -3.99219 -1.99219
vt -3.02344 -2.99219
vt -3.97656 -2.00781
vt -3.99219 -3.99219
vt -2.02344 -3.99219
vt -2.00781 -3.00781
vt -0.0234375 -3.99219
vt -0.992188 -3.02344
vt -0.992188 -3.99219
vt -0.0078125 -3.00781
vt 0.976562 -3.99219
vt 0.0234375 -3.00781
vt 2.00781 -3.02344
vt 4.99219 -4.00781
vt 4.97656 -3.99219
vt 4.02344 -3.00781
vt 4.99219 -3.97656
vt 4.97656 -1.99219
vt 4.00781 -1.02344
vt 4.00781 -1.99219
vt 4.99219 -1.00781
vt 4.97656 -0.992188
vt 4.02344 -0.0078125
vt 4.97656 0.0078125
vt 4.00781 2.00781
vt 4.99219 2.02344
vt 4.00781 3.97656
vt 4.02344 4.99219
vt 3.00781 4.97656
vt 3.02344 4.99219
vt 3.99219 4.02344
vt 1.97656 4.00781
vt 1.00781 4.97656
vt 1.00781 4.00781
vt 1.99219 4.99219
vt 0.976562 4.00781
vt 0.0234375 4.99219
vt -3.97656 4.99219
vt -4.99219 4.97656
vt -4.97656 4.99219
vt -4.00781 4.02344
vt -4.99219 2.97656
vt -4.97656 2.99219
vt -4.00781 1.02344
vt -4.99219 0.0078125
vt -4.02344 -0.992188
vt -4.99219 -0.0234375
vt -4.99219 -1.99219
vt -4.97656 -1.00781
vt -4.00781 -2.97656
vt -4.00781 -2.00781
vt -4.97656 -3.00781
vt -4.00781 -4.97656
vt -3.97656 -4.00781
vt -3.00781 -4.97656
vt -2.00781 -4.97656
vt -0.0234375 -4.99219
vt 0.0078125 -4.02344
vt 0.992188 -4.97656
vt 1.99219 -4.97656
vt 2.02344 -4.00781
vt 3.00781 -4.99219
vt 5.00781 -5.02344
vt 5.02344 -5.00781
vt 5.99219 -5.00781
vt 5.97656 -2.99219
vt 5.00781 -1.02344
vt 5.02344 2.99219
vt 5.99219 4.02344
vt 5.00781 5.97656
vt 5.99219 5.02344
vt 0.976562 -0.992188
vt 0.0078125 -0.0234375
vt 0.0078125 -0.992188
vt 0.0234375 -0.0078125
vt 0.976562 0.0078125
vt 0.992188 0.0234375
vt -0.0234375 0.0078125
vt -0.0078125 0.992188
vt -0.0078125 -0.976562
vt 1.97656 -1.99219
vt 1.02344 -1.00781
vt 1.02344 -0.0078125
vt 1.00781 0.0078125
vt 1.97656 1.00781
vt 1.02344 1.99219
vt 0.976562 1.00781
vt 0.0078125 1.97656
vt -0.992188 1.00781
vt -1.02344 1.00781
vt -1.00781 1.02344
vt -1.97656 0.992188
vt -1.00781 0.0234375
vt -1.00781 0.992188
vt -1.02344 -0.992188
vt -1.97656 -0.0078125
vt -1.02344 -1.99219
vt -1.97656 -1.00781
vt -1.00781 -1.97656
vt 0.0078125 -1.02344
vt 0.0234375 -1.00781
vt 0.992188 -1.97656
vt 0.992188 -1.00781
vt 2.97656 -2.99219
vt 2.99219 -2.00781
vt 2.97656 -1.99219
vt 2.02344 -1.00781
vt 2.97656 -0.992188
vt 2.99219 -0.0078125
vt 2.00781 0.976562
vt 2.00781 1.97656
vt 2.99219 1.02344
vt 2.97656 2.00781
vt 2.99219 2.02344
vt 1.99219 2.99219
vt 0.976562 2.00781
vt -0.0234375 2.00781
vt -0.992188 2.97656
vt -0.992188 2.00781
vt -0.0078125 2.02344
vt -1.99219 2.00781
vt -1.97656 2.99219
vt -2.99219 0.976562
vt -2.99219 0.0078125
vt -2.02344 -0.992188
vt -2.02344 -1.99219
vt -2.00781 -1.97656
vt -2.97656 -2.00781
vt -2.00781 -2.97656
vt -2.00781 -2.00781
vt -0.0234375 -2.99219
vt 0.0234375 -2.00781
vt 3.02344 -3.00781
vt 3.99219 -3.97656
vt 3.99219 -3.00781
vt 3.00781 -2.02344
vt 3.99219 -2.97656
vt 3.97656 -1.99219
vt 3.99219 -1.00781
vt 3.97656 -0.992188
vt 3.00781 0.0078125
vt 3.99219 0.0234375
vt 3.00781 1.97656
vt 3.97656 2.00781
vt 3.02344 2.99219
vt 3.97656 3.00781
vt 3.02344 3.99219
vt 2.99219 3.02344
vt 1.97656 3.00781
vt 1.99219 3.99219
vt 0.0234375 3.99219
vt 0.992188 3.02344
vt 0.992188 3.99219
vt -0.0234375 3.00781
vt -0.976562 3.99219
vt -1.02344 3.00781
vt -1.00781 3.02344
vt -2.99219 3.97656
vt -3.02344 3.00781
vt -3.99219 3.97656
vt -3.02344 2.00781
vt -3.99219 1.00781
vt -3.02344 0.0078125
vt -3.99219 0.976562
vt -3.99219 0.0078125
vt -3.00781 0.992188
vt -3.00781 -0.0078125
vt -3.99219 -1.02344
vt -3.00781 -1.97656
vt -3.97656 -2.00781
vt -3.02344 -3.99219
vt -3.97656 -3.00781
vt -3.00781 -3.97656
vt -1.02344 -3.99219
vt -1.99219 -3.02344
vt -1.99219 -3.99219
vt -1.97656 -3.00781
vt -0.992188 -3.02344
vt -0.0078125 -3.00781
vt 1.99219 -3.97656
vt 1.99219 -3.00781
vt 2.02344 -3.00781
vt 4.00781 -4.02344
vt 4.02344 -4.00781
vt 4.97656 -3.99219
vt 4.00781 -3.02344
vt 4.02344 -2.00781
vt 4.97656 -1.99219
vt 4.99219 -1.97656
vt 4.99219 -0.976562
vt 4.97656 0.0078125
vt 4.00781 0.0078125
vt 4.99219 2.99219
vt 4.02344 3.99219
vt 4.97656 4.00781
vt 4.02344 4.99219
vt 3.02344 4.99219
vt 2.00781 4.97656
vt 1.00781 4.97656
vt 1.99219 4.02344
vt 0.0234375 4.99219
vt -0.992188 4.97656
vt -0.992188 4.00781
vt -1.99219 4.97656
vt -2.99219 4.00781
vt -2.00781 4.99219
vt -3.97656 4.99219
vt -3.00781 4.02344
vt -4.99219 4.00781
vt -4.00781 4.02344
vt -4.02344 3.00781
vt -4.00781 2.99219
vt -4.97656 -0.0078125
vt -4.02344 -1.99219
vt -4.99219 -2.02344
vt -4.97656 -2.00781
vt -4.00781 -2.00781
vt -4.99219 -3.02344
vt -3.02344 -4.99219
vt -3.00781 -4.97656
vt -1.02344 -4.99219
vt -1.99219 -4.02344
vt -0.0234375 -4.99219
vt -0.976562 -4.00781
vt 0.976562 -4.99219
vt 1.97656 -4.99219
vt 1.00781 -4.02344
vt 1.02344 -4.00781
vt 2.99219 -4.97656
vt 2.99219 -4.00781
vt 3.02344 -4.00781
vt 5.00781 -5.02344
vt 5.97656 -2.99219
vt 5.99219 -2.97656
vt 5.00781 -1.99219
vt 5.99219 1.99219
vt 5.02344 2.99219
vt 5.00781 3.00781
vt 5.97656 4.00781
vt 5.00781 4.00781
vt 5.02344 5.99219
vt 5.99219 5.02344
vt 4.97656 5.00781
vt 4.99219 5.02344
vt 3.02344 5.99219
vt 2.00781 5.00781
vt 1.00781 5.97656
vt -2.00781 5.02344
vt -3.99219 5.97656
vt -3.00781 5.02344
vt -4.99219 5.97656
vt -4.99219 5.00781
vt -4.00781 5.02344
vt -4.00781 5.99219
vt -5.99219 5.97656
vt -5.02344 4.00781
vt -5.99219 4.97656
vt -5.99219 4.00781
vt -5.99219 3.97656
vt -5.99219 3.00781
vt -5.00781 3.02344
vt -5.00781 3.99219
vt -5.99219 2.97656
vt -5.99219 2.00781
vt -5.00781 2.99219
vt -5.99219 1.97656
vt -5.99219 1.00781
vt -5.00781 1.02344
vt -5.00781 1.99219
vt -5.99219 0.976562
vt -5.99219 0.0078125
vt -5.00781 0.0234375
vt -5.00781 0.992188
vt -5.99219 -0.992188
vt -5.00781 -0.0078125
vt -5.99219 -1.02344
vt -5.99219 -1.99219
vt -5.00781 -1.97656
vt -5.00781 -1.00781
vt -5.99219 -2.02344
vt -5.99219 -2.99219
vt -5.00781 -2.00781
vt -5.99219 -3.02344
vt -5.00781 -3.00781
vt -5.99219 -4.02344
vt -5.00781 -4.97656
vt -5.00781 -4.00781
vt -4.99219 -5.99219
vt -4.00781 -5.97656
vt -3.02344 -5.99219
vt -0.992188 -5.02344
vt -0.976562 -5.00781
vt 0.992188 -5.97656
vt 2.02344 -5.00781
vt 4.99219 -5.97656
vt 6.00781 -3.99219
vt 0.976562 -0.992188
vt 0.0078125 -0.0234375
vt 0.0078125 -0.992188
vt 0.0234375 -0.0078125
vt 0.992188 -0.976562
vt 0.992188 -0.0078125
vt 0.976562 0.0078125
vt 0.0078125 0.0078125
vt 0.992188 0.992188
vt -0.992188 0.976562
vt -0.0078125 0.0234375
vt -0.992188 -0.0234375
vt -0.992188 -0.992188
vt 1.00781 -1.02344
vt 1.00781 -1.99219
vt 1.02344 -1.00781
vt 1.99219 -1.00781
vt 1.97656 -0.992188
vt 1.00781 -0.992188
vt 1.99219 -0.976562
vt 1.99219 -0.0078125
vt 1.97656 0.0078125
vt 1.00781 0.976562
vt -1.99219 1.00781
vt 0.976562 -0.992188
vt 0.0078125 -0.0234375
vt 0.0078125 -0.992188
vt 0.0234375 -0.0078125
vt 0.976562 0.0078125
vt 0.0234375 0.992188
vt -0.0234375 0.0078125
vt -0.992188 0.976562
vt -0.992188 -0.992188
vt 1.00781 -1.02344
vt 1.99219 -1.97656
vt 1.00781 -0.0234375
vt 1.97656 0.0078125
vt 1.02344 0.992188
vt 1.02344 1.99219
vt 1.99219 1.02344
vt 0.0234375 1.99219
vt -0.992188 1.97656
vt -1.02344 1.00781
vt -1.00781 1.99219
vt -1.97656 0.992188
vt -1.00781 0.0234375
vt -1.00781 0.992188
vt -1.02344 -0.992188
vt -1.97656 -0.0078125
vt -1.02344 -1.99219
vt -1.97656 -1.00781
vt -1.00781 -1.97656
vt 0.0078125 -1.02344
vt 0.0234375 -1.00781
vt 0.992188 -1.97656
vt 0.992188 -1.00781
vt 2.97656 -2.99219
vt 2.99219 -2.00781
vt 2.97656 -1.99219
vt 2.02344 -1.00781
vt 2.97656 -0.992188
vt 2.99219 -0.0078125
vt 2.00781 0.976562
vt 2.00781 1.97656
vt 2.99219 1.02344
vt 2.97656 2.00781
vt 2.99219 2.02344
vt 1.99219 2.99219
vt 0.976562 2.00781
vt -0.0234375 2.00781
vt -0.992188 2.97656
vt -0.992188 2.00781
vt -0.0078125 2.02344
vt -1.99219 2.00781
vt -1.97656 2.99219
vt -2.99219 0.976562
vt -2.99219 0.0078125
vt -2.02344 -0.992188
vt -2.02344 -1.99219
vt -2.00781 -1.97656
vt -2.97656 -2.00781
vt -2.00781 -2.97656
vt -2.00781 -2.00781
vt -0.0234375 -2.99219
vt 0.0234375 -2.00781
vt 3.02344 -3.00781
vt 3.99219 -3.97656
vt 3.99219 -3.00781
vt 3.97656 -2.99219
vt 3.02344 -2.00781
vt 3.97656 -1.99219
vt 3.02344 -1.00781
vt 3.97656 -0.992188
vt 3.02344 -0.0078125
vt 3.99219 0.0234375
vt 3.97656 1.00781
vt 3.99219 1.02344
vt 3.99219 2.99219
vt 3.02344 3.99219
vt 3.99219 3.02344
vt 3.99219 3.99219
vt 2.97656 3.00781
vt 2.02344 3.99219
vt 1.97656 3.00781
vt 1.99219 3.02344
vt 0.0078125 3.97656
vt -0.992188 3.97656
vt -0.976562 3.99219
vt -1.99219 3.00781
vt -1.97656 3.99219
vt -2.97656 3.99219
vt -3.02344 3.00781
vt -3.99219 2.97656
vt -3.97656 2.99219
vt -3.99219 1.00781
vt -3.99219 0.976562
vt -3.99219 0.0078125
vt -3.99219 -0.992188
vt -3.00781 -0.976562
vt -3.99219 -1.02344
vt -3.02344 -2.99219
vt -3.97656 -2.00781
vt -3.02344 -3.99219
vt -3.99219 -3.02344
vt -2.02344 -3.99219
vt -2.99219 -3.02344
vt -2.99219 -3.99219
vt -2.97656 -3.00781
vt -1.99219 -3.02344
vt -1.00781 -3.00781
vt 0.992188 -3.97656
vt 0.992188 -3.00781
vt 1.02344 -3.00781
vt 2.00781 -3.02344
vt 2.02344 -3.00781
vt 4.97656 -4.99219
vt 4.00781 -4.02344
vt 4.02344 -3.00781
vt 4.97656 -2.99219
vt 4.99219 -2.97656
vt 4.99219 -1.97656
vt 4.97656 -0.992188
vt 4.00781 -0.992188
vt 4.99219 1.99219
vt 4.02344 2.99219
vt 4.97656 3.00781
vt 4.02344 3.99219
vt 4.02344 4.99219
vt 3.00781 4.97656
vt 2.00781 4.97656
vt 2.99219 4.02344
vt 1.02344 4.99219
vt 0.0078125 4.97656
vt 0.0078125 4.00781
vt -0.992188 4.97656
vt -1.99219 4.00781
vt -1.00781 4.99219
vt -2.97656 4.99219
vt -2.00781 4.02344
vt -3.99219 4.00781
vt -3.00781 4.02344
vt -4.02344 4.00781
vt -4.00781 3.02344
vt -4.97656 0.992188
vt -4.02344 -0.992188
vt -4.99219 -1.02344
vt -4.97656 -1.00781
vt -4.00781 -1.00781
vt -4.99219 -2.02344
vt -4.02344 -4.99219
vt -4.00781 -4.97656
vt -2.02344 -4.99219
vt -2.99219 -4.02344
vt -1.02344 -4.99219
vt -1.97656 -4.00781
vt -0.0234375 -4.99219
vt 0.976562 -4.99219
vt 0.992188 -4.97656
vt 0.992188 -4.00781
vt 1.02344 -4.00781
vt 2.00781 -4.02344
vt 5.97656 -4.99219
vt 5.99219 -4.97656
vt 5.00781 -3.99219
vt 5.99219 -0.0078125
vt 5.02344 0.992188
vt 5.00781 1.00781
vt 5.97656 2.00781
vt 5.00781 2.00781
vt 5.02344 3.99219
vt 5.99219 3.02344
vt 5.97656 4.00781
vt 5.99219 4.02344
vt 5.02344 5.99219
vt 4.00781 5.00781
vt 3.00781 5.97656
vt -0.0078125 5.02344
vt -1.99219 5.97656
vt -1.00781 5.02344
vt -1.00781 5.99219
vt -2.99219 5.00781
vt -2.00781 5.02344
vt -2.00781 5.99219
vt -3.99219 5.00781
vt -3.00781 5.99219
vt -4.99219 5.97656
vt -4.99219 5.00781
vt -4.00781 5.99219
vt -5.99219 5.97656
vt -5.99219 5.00781
vt -5.00781 5.99219
vt -5.99219 4.97656
vt -5.99219 4.00781
vt -5.00781 4.99219
vt -5.99219 3.97656
vt -5.99219 3.00781
vt -5.00781 3.02344
vt -5.99219 2.97656
vt -5.99219 2.00781
vt -5.00781 2.02344
vt -5.99219 1.97656
vt -5.00781 1.99219
vt -5.99219 0.976562
vt -5.00781 0.992188
vt -5.99219 -0.0234375
vt -5.99219 -0.992188
vt -5.00781 -0.976562
vt -5.99219 -2.02344
vt -5.00781 -3.00781
vt -5.99219 -5.99219
vt -4.00781 -5.00781
vt -3.00781 -5.00781
vt -2.99219 -5.99219
vt -2.00781 -5.00781
vt -0.992188 -5.99219
vt -0.0078125 -5.00781
vt 0.992188 -5.00781
vt 1.00781 -5.99219
vt 2.00781 -5.99219
vt 2.99219 -5.00781
vt 4.00781 -5.99219
vt 4.99219 -5.00781
vt 6.99219 -6.00781
vt 6.00781 -5.99219
vt 0.976562 -0.992188
vt 0.0078125 -0.0234375
vt 0.0078125 -0.992188
vt 0.0234375 -0.0078125
vt 0.976562 0.0078125
vt 0.992188 0.0234375
vt -0.0234375 0.0078125
vt -0.0078125 0.992188
vt -0.0078125 -0.976562
vt 1.97656 -1.99219
vt 1.02344 -1.00781
vt 1.02344 -0.0078125
vt 1.00781 0.0078125
vt 1.97656 1.00781
vt 1.02344 1.99219
vt 0.976562 1.00781
vt 0.0078125 1.97656
vt -0.0234375 1.00781
vt -1.02344 1.00781
vt -1.00781 1.02344
vt -1.97656 0.992188
vt -1.00781 0.0234375
vt -1.00781 0.992188
vt -1.02344 -0.992188
vt -1.97656 -0.0078125
vt -1.02344 -1.99219
vt -1.97656 -1.00781
vt -1.00781 -1.97656
vt 0.0078125 -1.02344
vt 0.0234375 -1.00781
vt 0.992188 -1.97656
vt 0.992188 -1.00781
vt 2.97656 -2.99219
vt 2.99219 -2.00781
vt 2.97656 -1.99219
vt 2.02344 -1.00781
vt 2.97656 -0.992188
vt 2.99219 -0.0078125
vt 2.00781 0.976562
vt 2.00781 1.97656
vt 2.99219 1.02344
vt 2.97656 2.00781
vt 2.99219 2.02344
vt 1.99219 2.99219
vt 0.976562 2.00781
vt -0.992188 2.00781
vt -0.0078125 2.02344
vt -1.97656 2.99219
vt -2.99219 2.00781
vt -2.02344 1.00781
vt -2.99219 1.97656
vt -2.99219 0.0078125
vt -2.97656 0.992188
vt -2.00781 -0.976562
vt -2.00781 -0.0078125
vt -2.97656 -1.00781
vt -2.97656 -2.00781
vt -2.00781 -2.97656
vt -2.00781 -2.00781
vt -0.0234375 -2.99219
vt 0.0234375 -2.00781
vt 3.02344 -3.00781
vt 3.99219 -3.97656
vt 3.99219 -3.00781
vt 3.00781 -2.02344
vt 3.99219 -2.97656
vt 3.97656 -1.99219
vt 3.99219 -1.00781
vt 3.97656 -0.992188
vt 3.00781 0.0078125
vt 3.99219 0.0234375
vt 3.00781 1.97656
vt 3.97656 2.00781
vt 3.02344 2.99219
vt 3.97656 3.00781
vt 3.02344 3.99219
vt 2.99219 3.02344
vt 1.97656 3.00781
vt 1.99219 3.99219
vt 0.0234375 3.99219
vt 0.992188 3.02344
vt 0.992188 3.99219
vt -0.0234375 3.00781
vt -0.976562 3.99219
vt -1.02344 3.00781
vt -1.00781 3.02344
vt -2.99219 3.97656
vt -3.02344 3.00781
vt -3.99219 3.97656
vt -3.02344 2.00781
vt -3.99219 1.00781
vt -3.99219 0.976562
vt -3.99219 0.0078125
vt -3.99219 -0.992188
vt -3.00781 -0.976562
vt -3.00781 -0.0078125
vt -3.02344 -2.99219
vt -3.97656 -2.00781
vt -3.99219 -3.02344
vt -3.97656 -3.00781
vt -3.00781 -3.97656
vt -3.00781 -3.00781
vt -2.02344 -3.99219
vt -2.00781 -3.97656
vt -1.99219 -3.99219
vt 0.0078125 -3.02344
vt 0.0078125 -3.99219
vt 1.97656 -3.99219
vt 1.99219 -3.97656
vt 2.97656 -3.99219
vt 2.02344 -3.00781
vt 2.99219 -3.97656
vt 4.97656 -3.99219
vt 4.02344 -3.00781
vt 4.00781 -2.02344
vt 4.00781 -1.02344
vt 4.02344 -1.00781
vt 4.99219 -1.00781
vt 4.00781 1.00781
vt 4.97656 2.00781
vt 4.00781 2.97656
vt 4.00781 2.00781
vt 4.99219 2.99219
vt 4.00781 3.97656
vt 4.02344 3.99219
vt 3.00781 4.00781
vt 2.00781 4.97656
vt 1.00781 4.97656
vt 1.00781 4.00781
vt 0.0234375 4.99219
vt -0.976562 4.99219
vt -1.99219 4.97656
vt -2.02344 4.00781
vt -2.99219 4.97656
vt -2.00781 4.99219
vt -3.99219 4.97656
vt -3.97656 4.99219
vt -4.99219 3.00781
vt -4.02344 0.0078125
vt -4.97656 0.992188
vt -4.00781 -0.976562
vt -4.02344 -1.99219
vt -4.99219 -1.99219
vt -4.00781 -1.97656
vt -4.97656 -3.00781
vt -4.99219 -4.02344
vt -3.97656 -4.00781
vt -3.00781 -4.97656
vt -2.97656 -4.00781
vt -1.02344 -4.99219
vt -1.97656 -4.00781
vt -0.976562 -4.00781
vt -0.0078125 -4.97656
vt 0.976562 -4.99219
vt 1.00781 -4.02344
vt 1.00781 -4.99219
vt 2.97656 -4.99219
vt 2.99219 -4.97656
vt 5.02344 -4.00781
vt 5.00781 -3.02344
vt 5.99219 -3.00781
vt 5.00781 0.0078125
vt 5.97656 1.00781
vt 5.99219 1.99219
vt 5.02344 2.99219
vt 5.99219 2.99219
vt 5.97656 4.00781
vt 5.00781 4.97656
vt 5.02344 4.99219
vt 5.00781 5.97656
vt 4.97656 5.00781
vt 4.99219 5.99219
vt 3.99219 5.02344
vt -1.99219 5.97656
vt -1.00781 5.02344
vt -2.99219 5.97656
vt -2.99219 5.00781
vt -2.00781 5.02344
vt -3.99219 5.00781
vt -3.00781 5.02344
vt -3.00781 5.99219
vt -4.99219 5.97656
vt -4.99219 5.00781
vt -4.00781 5.02344
vt -4.00781 5.99219
vt -5.99219 5.00781
vt -5.00781 5.02344
vt -5.00781 5.99219
vt -5.99219 4.00781
vt -5.00781 4.02344
vt -5.00781 4.99219
vt -5.99219 3.00781
vt -5.00781 3.02344
vt -5.99219 2.97656
vt -5.99219 2.00781
vt -5.00781 2.99219
vt -5.99219 1.00781
vt -5.00781 1.02344
vt -5.00781 1.99219
vt -5.99219 0.976562
vt -5.99219 0.0078125
vt -5.00781 0.0234375
vt -5.00781 0.992188
vt -5.99219 -0.992188
vt -5.00781 -0.976562
vt -5.00781 -0.0078125
vt -5.99219 -1.99219
vt -5.00781 -1.97656
vt -5.00781 -1.00781
vt -5.99219 -2.02344
vt -5.99219 -3.02344
vt -5.99219 -4.99219
vt -5.00781 -4.00781
vt -4.99219 -5.99219
vt -3.99219 -5.99219
vt -3.00781 -5.00781
vt -1.00781 -5.00781
vt 0.0078125 -5.99219
vt 0.992188 -5.00781
vt 2.00781 -5.99219
vt 2.99219 -5.00781
vt 3.99219 -5.00781
vt 6.00781 -6.99219
vt 6.97656 -2.99219
vt 6.00781 -2.99219
vt 0.976562 -0.992188
vt 0.0078125 -0.0234375
vt 0.0078125 -0.992188
vt 0.0234375 -0.0078125
vt 0.992188 -0.976562
vt 0.992188 -0.0078125
vt 0.0078125 0.976562
vt 0.0234375 0.992188
vt 0.992188 0.0234375
vt -0.992188 0.976562
vt -0.0078125 0.0234375
vt -0.992188 -0.0234375
vt -0.0078125 -0.976562
vt -0.0078125 -0.0078125
vt 1.00781 -1.02344
vt 1.00781 -0.0234375
vt 1.99219 -0.976562
vt 1.99219 -0.0078125
vt 1.99219 0.0234375
vt 1.00781 1.97656
vt 1.00781 1.00781
vt 1.99219 1.02344
vt 0.0078125 1.97656
vt 0.992188 1.02344
vt -0.992188 1.97656
vt -0.992188 1.00781
vt -0.0078125 1.02344
vt -1.99219 1.97656
vt -1.00781 1.02344
vt -1.02344 0.0078125
vt -1.99219 0.976562
vt -1.00781 0.0234375
vt -1.00781 0.992188
vt -1.99219 -0.0234375
vt -1.99219 -1.99219
vt -1.00781 -1.97656
vt -0.992188 -1.02344
vt -0.0078125 -1.97656
vt 0.0078125 -1.02344
vt 0.0078125 -1.99219
vt 0.992188 -1.97656
vt 2.00781 -2.02344
vt 2.02344 -2.00781
vt 2.99219 -2.97656
vt 2.99219 -2.00781
vt 2.00781 -0.0234375
vt 2.99219 -0.976562
vt 2.97656 0.0078125
vt 2.00781 0.976562
vt 2.02344 0.992188
vt 2.99219 0.0234375
vt 2.99219 0.992188
vt 2.99219 1.99219
vt 2.99219 2.02344
vt 1.97656 2.00781
vt 1.00781 2.97656
vt 1.99219 2.99219
vt 0.0078125 2.00781
vt 0.992188 2.02344
vt -0.992188 2.97656
vt -0.976562 2.99219
vt -0.0078125 2.99219
vt -1.99219 2.97656
vt -2.02344 2.00781
vt -2.99219 2.00781
vt -2.00781 2.02344
vt -2.99219 1.00781
vt -2.00781 1.02344
vt -2.00781 1.99219
vt -2.99219 0.976562
vt -2.97656 0.992188
vt -2.00781 0.992188
vt -2.97656 -0.0078125
vt -2.00781 -0.976562
vt -2.00781 -0.0078125
vt -2.00781 -1.97656
vt -2.00781 -1.00781
vt -2.02344 -2.99219
vt -2.99219 -2.02344
vt -2.00781 -2.00781
vt -1.02344 -2.99219
vt -1.99219 -2.02344
vt -1.99219 -2.99219
vt -0.992188 -2.02344
vt 0.0078125 -2.02344
vt 3.99219 1.99219
vt 0.976562 -0.992188
vt 0.0078125 -0.0234375
vt 0.0078125 -0.992188
vt 0.992188 -0.976562
vt 0.0078125 0.976562
vt 0.0234375 0.992188
vt 0.992188 0.0234375
vt 0.992188 0.992188
vt -0.0234375 0.0078125
vt -0.992188 0.976562
vt -0.992188 0.0078125
vt -0.0078125 0.0234375
vt -0.0078125 0.992188
vt -0.992188 -0.0234375
vt -0.0078125 -0.976562
vt 1.97656 -1.99219
vt 1.00781 -1.02344
vt 1.00781 -1.99219
vt 1.99219 -1.97656
vt 1.97656 -0.992188
vt 1.00781 -0.0234375
vt 1.00781 -0.992188
vt 1.99219 -0.976562
vt 1.97656 0.0078125
vt 1.00781 0.976562
vt 1.00781 1.97656
vt 1.00781 1.00781
vt 1.02344 1.99219
vt 1.99219 1.02344
vt 1.99219 1.99219
vt 0.992188 1.02344
vt 0.992188 1.99219
vt -0.992188 1.97656
vt -0.0078125 1.02344
vt -0.0078125 1.99219
vt -1.99219 0.976562
vt -1.99219 0.0078125
vt -1.97656 0.992188
vt -1.00781 0.0234375
vt -1.00781 0.992188
vt -1.02344 -0.992188
vt -1.99219 -0.992188
vt -1.00781 -0.976562
vt -1.00781 -0.0078125
vt -1.99219 -1.02344
vt -1.00781 -1.97656
vt -1.00781 -1.00781
vt -0.0078125 -1.97656
vt -0.0078125 -1.00781
vt 0.976562 -1.99219
vt 0.0078125 -1.02344
vt 0.0078125 -1.99219
vt 2.00781 -2.02344
vt 2.00781 -1.99219
vt 2.99219 -1.00781
vt 2.97656 0.0078125
vt 2.00781 0.976562
vt 2.00781 0.0078125
vt 2.02344 0.992188
vt 2.99219 0.992188
vt 2.00781 1.97656
vt 2.99219 2.02344
vt 1.99219 2.02344
vt 1.99219 2.99219
vt 0.992188 2.02344
vt -2.00781 1.99219
vt -2.99219 0.976562
vt -2.99219 0.0078125
vt -2.97656 0.992188
vt -2.00781 0.0234375
vt -2.00781 0.992188
vt -2.99219 -0.0234375
vt -2.97656 -0.0078125
vt -2.00781 -0.976562
vt -2.00781 -2.97656
vt -2.00781 -2.00781
vt -1.99219 -2.02344
vt -1.99219 -2.99219
vt -0.992188 -2.99219
vt -0.0078125 -2.00781
vt 0.0078125 -2.02344
vt 0.992188 -2.00781
vt 1.99219 -2.97656
vt 3.00781 -0.0234375
vt 3.97656 1.00781
vt 0.976562 -0.992188
vt 0.0078125 -0.0234375
vt 0.0078125 -0.992188
vt 0.0078125 -0.992188
vt 0.992188 -0.976562
vt 0.976562 0.0078125
vt 0.0078125 0.0078125
vt 0.0078125 0.0078125
vt 0.0234375 0.992188
vt 0.0234375 0.992188
vt -0.992188 0.976562
vt -0.992188 0.976562
vt -0.992188 0.0078125
vt -0.0078125 0.0234375
vt -0.992188 -0.0234375
vt -0.992188 -0.0234375
vt -0.992188 -0.992188
vt -0.0078125 -0.976562
vt 1.97656 -1.99219
vt 1.00781 -1.02344
vt 1.00781 -1.02344
vt 1.00781 -1.99219
vt 1.00781 -1.99219
vt 1.02344 -1.00781
vt 1.00781 -0.0234375
vt 1.00781 -0.0234375
vt 1.00781 -0.992188
vt 1.00781 -0.992188
vt 1.99219 -0.976562
vt 1.99219 -0.0078125
vt 1.99219 -0.0078125
vt 1.97656 0.0078125
vt 1.00781 0.976562
vt 1.00781 0.976562
vt 1.02344 0.992188
vt 1.97656 1.00781
vt 1.97656 1.00781
vt 1.02344 1.99219
vt 0.0078125 1.97656
vt 0.0078125 1.97656
vt 0.0078125 1.00781
vt 0.0078125 1.00781
vt 0.992188 1.02344
vt 0.992188 1.99219
vt 0.992188 1.99219
vt -0.0234375 1.00781
vt -0.992188 1.97656
vt -0.992188 1.97656
vt -0.976562 1.99219
vt -1.02344 1.00781
vt -1.02344 1.00781
vt -1.97656 1.99219
vt -1.99219 0.976562
vt -1.99219 0.976562
vt -1.99219 0.0078125
vt -1.99219 0.0078125
vt -1.00781 0.0234375
vt -1.00781 0.992188
vt -1.00781 0.992188
vt -1.02344 -0.992188
vt -1.99219 -0.0234375
vt -1.99219 -0.0234375
vt -1.97656 -0.0078125
vt -1.02344 -1.99219
vt -1.02344 -1.99219
vt -1.97656 -1.00781
vt -0.992188 -1.02344
vt -0.992188 -1.02344
vt -0.992188 -1.99219
vt -0.992188 -1.99219
vt -0.0078125 -1.97656
vt -0.0078125 -1.00781
vt -0.0078125 -1.00781
vt 0.976562 -1.99219
vt 0.0078125 -1.02344
vt 0.0078125 -1.02344
vt 0.0234375 -1.00781
vt 2.97656 -2.99219
vt 2.97656 -2.99219
vt 2.02344 -2.00781
vt 2.00781 -1.02344
vt 2.00781 -1.02344
vt 2.00781 -1.99219
vt 2.00781 -1.99219
vt 2.99219 -1.97656
vt 2.99219 -1.00781
vt 2.99219 -1.00781
vt 2.97656 -0.992188
vt 2.00781 -0.0234375
vt 2.00781 -0.0234375
vt 2.02344 -0.0078125
vt 2.97656 0.0078125
vt 2.97656 0.0078125
vt 2.02344 0.992188
vt 2.00781 1.97656
vt 2.00781 1.97656
vt 2.00781 1.00781
vt 2.00781 1.00781
vt 2.99219 1.02344
vt 2.99219 1.99219
vt 2.99219 1.99219
vt 2.97656 2.00781
vt 2.00781 2.97656
vt 2.00781 2.97656
vt 2.02344 2.99219
vt 1.97656 2.00781
vt 1.97656 2.00781
vt 1.02344 2.99219
vt 0.0078125 2.97656
vt 0.0078125 2.97656
vt 0.0078125 2.00781
vt 0.0078125 2.00781
vt 0.992188 2.02344
vt 0.992188 2.99219
vt 0.992188 2.99219
vt -0.0234375 2.00781
vt -0.992188 2.97656
vt -0.992188 2.97656
vt -0.976562 2.99219
vt -1.02344 2.00781
vt -1.02344 2.00781
vt -1.97656 2.99219
vt -2.99219 2.97656
vt -2.99219 2.97656
vt -2.99219 2.00781
vt -2.99219 2.00781
vt -2.00781 2.02344
vt -2.00781 2.99219
vt -2.00781 2.99219
vt -2.02344 1.00781
vt -2.99219 1.97656
vt -2.99219 1.97656
vt -2.97656 1.99219
vt -2.02344 0.0078125
vt -2.02344 0.0078125
vt -2.00781 0.0234375
vt -2.00781 0.992188
vt -2.00781 0.992188
vt -2.02344 -0.992188
vt -2.99219 -0.0234375
vt -2.99219 -0.0234375
vt -2.97656 -0.0078125
vt -2.02344 -1.99219
vt -2.02344 -1.99219
vt -2.00781 -1.97656
vt -2.00781 -1.00781
vt -2.00781 -1.00781
vt -2.02344 -2.99219
vt -2.97656 -2.00781
vt -2.00781 -2.97656
vt -2.00781 -2.97656
vt -1.02344 -2.99219
vt -1.02344 -2.99219
vt -1.97656 -2.00781
vt -0.0234375 -2.99219
vt -0.976562 -2.00781
vt 0.0078125 -2.02344
vt 0.0234375 -2.00781
vt 0.0234375 -2.00781
vt 0.992188 -2.97656
vt 0.992188 -2.97656
vt 1.00781 -2.02344
vt 1.00781 -2.99219
vt 1.00781 -2.99219
vt 1.02344 -2.00781
vt 1.99219 -2.97656
vt 1.99219 -2.97656
vt 3.97656 -3.99219
vt 3.02344 -3.00781
vt 3.97656 -2.99219
vt 3.02344 -2.00781
vt 3.97656 -1.99219
vt 3.02344 -1.00781
vt 3.02344 -1.00781
vt 3.97656 -0.992188
vt 3.99219 -0.976562
vt 3.99219 -0.976562
vt 3.99219 -0.0078125
vt 3.99219 -0.0078125
vt 3.00781 0.976562
vt 3.00781 0.0078125
vt 3.00781 0.0078125
vt 3.02344 0.992188
vt 3.99219 0.0234375
vt 3.99219 0.0234375
vt 3.97656 1.00781
vt 3.02344 1.99219
vt 3.02344 1.99219
vt 3.97656 2.00781
vt 3.99219 2.02344
vt 3.99219 2.02344
vt 3.99219 2.99219
vt 3.99219 2.99219
vt 3.00781 3.97656
vt 3.00781 3.00781
vt 3.00781 3.00781
vt 3.02344 3.99219
vt 3.99219 3.02344
vt 3.99219 3.02344
vt 2.97656 3.00781
vt 2.02344 3.99219
vt 2.02344 3.99219
vt 1.97656 3.00781
vt 1.99219 3.02344
vt 1.99219 3.02344
vt 1.99219 3.99219
vt 1.99219 3.99219
vt 0.0078125 3.97656
vt 0.0078125 3.00781
vt 0.0078125 3.00781
vt 0.0234375 3.99219
vt 0.992188 3.02344
vt 0.992188 3.02344
vt -0.0234375 3.00781
vt -0.976562 3.99219
vt -0.976562 3.99219
vt -1.02344 3.00781
vt -1.00781 3.02344
vt -1.00781 3.02344
vt -1.00781 3.99219
vt -1.00781 3.99219
vt -2.99219 3.97656
vt -2.99219 3.00781
vt -2.99219 3.00781
vt -2.97656 3.99219
vt -2.00781 3.02344
vt -2.00781 3.02344
vt -3.02344 3.00781
vt -3.97656 3.99219
vt -3.97656 3.99219
vt -3.02344 2.00781
vt -3.00781 2.02344
vt -3.00781 2.02344
vt -3.00781 2.99219
vt -3.00781 2.99219
vt -3.99219 1.97656
vt -3.99219 1.00781
vt -3.99219 1.00781
vt -3.97656 1.99219
vt -3.00781 1.02344
vt -3.00781 1.02344
vt -3.02344 0.0078125
vt -3.97656 0.992188
vt -3.97656 0.992188
vt -3.02344 -0.992188
vt -3.00781 -0.976562
vt -3.00781 -0.976562
vt -3.00781 -0.0078125
vt -3.00781 -0.0078125
vt -3.99219 -1.02344
vt -3.99219 -1.99219
vt -3.99219 -1.99219
vt -3.97656 -1.00781
vt -3.00781 -1.97656
vt -3.00781 -1.97656
vt -3.02344 -2.99219
vt -3.97656 -2.00781
vt -3.97656 -2.00781
vt -3.02344 -3.99219
vt -3.00781 -3.97656
vt -3.00781 -3.97656
vt -3.00781 -3.00781
vt -3.00781 -3.00781
vt -2.99219 -3.02344
vt -2.99219 -3.99219
vt -2.99219 -3.99219
vt -2.97656 -3.00781
vt -2.00781 -3.97656
vt -2.00781 -3.97656
vt -1.02344 -3.99219
vt -1.97656 -3.00781
vt -1.97656 -3.00781
vt -0.0234375 -3.99219
vt -0.976562 -3.00781
vt -0.0078125 -3.97656
vt -0.0078125 -3.00781
vt 0.976562 -3.99219
vt 0.0078125 -3.02344
vt 0.0234375 -3.00781
vt 0.0234375 -3.00781
vt 0.992188 -3.97656
vt 1.00781 -3.02344
vt 1.02344 -3.00781
vt 1.99219 -3.00781
vt 1.99219 -3.00781
vt 2.00781 -3.99219
vt 2.00781 -3.99219
vt 2.02344 -3.00781
vt 2.02344 -3.00781
vt 2.99219 -3.97656
vt 4.00781 -4.02344
vt 4.99219 -4.97656
vt 4.00781 -3.02344
vt 4.00781 -2.99219
vt 4.00781 -2.99219
vt 4.99219 -2.97656
vt 4.99219 -2.00781
vt 4.99219 -2.00781
vt 4.00781 -1.99219
vt 4.02344 -1.00781
vt 4.99219 -1.97656
vt 4.99219 -1.97656
vt 4.97656 -0.992188
vt 4.97656 -0.992188
vt 4.99219 -0.0078125
vt 4.00781 0.976562
vt 4.99219 0.0234375
vt 4.99219 0.0234375
vt 4.99219 0.992188
vt 4.99219 0.992188
vt 4.00781 1.97656
vt 4.00781 1.00781
vt 4.00781 1.00781
vt 4.99219 1.99219
vt 4.97656 2.00781
vt 4.00781 2.97656
vt 4.00781 2.97656
vt 4.02344 2.99219
vt 4.02344 2.99219
vt 4.97656 3.00781
vt 4.99219 3.02344
vt 4.99219 3.02344
vt 4.99219 3.99219
vt 4.99219 3.99219
vt 4.00781 4.97656
vt 4.00781 4.00781
vt 4.00781 4.00781
vt 4.99219 4.99219
vt 3.97656 4.00781
vt 3.00781 4.97656
vt 3.00781 4.97656
vt 3.02344 4.99219
vt 3.02344 4.99219
vt 2.97656 4.00781
vt 2.99219 4.02344
vt 2.99219 4.02344
vt 2.99219 4.99219
vt 2.99219 4.99219
vt 1.00781 4.97656
vt 1.00781 4.00781
vt 1.00781 4.00781
vt 1.99219 4.99219
vt 0.976562 4.00781
vt 0.0078125 4.97656
vt 0.0078125 4.97656
vt 0.0234375 4.99219
vt 0.0234375 4.99219
vt -0.0234375 4.00781
vt -0.0078125 4.02344
vt -0.0078125 4.02344
vt -0.0078125 4.99219
vt -0.0078125 4.99219
vt -1.99219 4.97656
vt -1.99219 4.00781
vt -1.99219 4.00781
vt -1.00781 4.99219
vt -2.02344 4.00781
vt -2.99219 4.97656
vt -2.99219 4.97656
vt -2.97656 4.99219
vt -2.97656 4.99219
vt -3.02344 4.00781
vt -3.00781 4.02344
vt -3.00781 4.02344
vt -3.00781 4.99219
vt -3.00781 4.99219
vt -4.99219 4.97656
vt -4.99219 4.00781
vt -4.99219 4.00781
vt -4.00781 4.99219
vt -4.02344 3.00781
vt -4.99219 3.97656
vt -4.99219 3.97656
vt -4.97656 3.99219
vt -4.97656 3.99219
vt -4.02344 2.00781
vt -4.00781 2.02344
vt -4.00781 2.02344
vt -4.00781 2.99219
vt -4.00781 2.99219
vt -4.99219 1.97656
vt -4.99219 1.00781
vt -4.99219 1.00781
vt -4.00781 1.99219
vt -4.02344 0.0078125
vt -4.99219 0.976562
vt -4.99219 0.976562
vt -4.97656 0.992188
vt -4.97656 0.992188
vt -4.02344 -0.992188
vt -4.00781 -0.976562
vt -4.00781 -0.976562
vt -4.00781 -0.0078125
vt -4.00781 -0.0078125
vt -4.99219 -1.02344
vt -4.99219 -1.99219
vt -4.99219 -1.99219
vt -4.00781 -1.00781
vt -4.02344 -2.99219
vt -4.99219 -2.02344
vt -4.99219 -2.02344
vt -4.97656 -2.00781
vt -4.97656 -2.00781
vt -4.02344 -3.99219
vt -4.00781 -3.00781
vt -4.00781 -3.00781
vt -4.99219 -4.02344
vt -4.99219 -4.99219
vt -4.99219 -4.99219
vt -4.97656 -4.00781
vt -3.02344 -4.99219
vt -3.02344 -4.99219
vt -3.00781 -4.00781
vt -2.02344 -4.99219
vt -2.99219 -4.02344
vt -2.99219 -4.02344
vt -2.99219 -4.02344
vt -2.97656 -4.00781
vt -1.02344 -4.99219
vt -1.97656 -4.00781
vt -0.992188 -4.99219
vt -0.992188 -4.99219
vt -0.976562 -4.00781
vt -0.0078125 -4.97656
vt -0.0078125 -4.97656
vt 0.0078125 -4.99219
vt 0.0078125 -4.99219
vt 0.992188 -4.97656
vt 0.992188 -4.00781
vt 0.992188 -4.00781
vt 1.97656 -4.99219
vt 1.97656 -4.99219
vt 1.02344 -4.00781
vt 2.00781 -4.02344
vt 2.00781 -4.02344
vt 2.00781 -4.99219
vt 2.00781 -4.99219
vt 2.99219 -4.97656
vt 2.99219 -4.00781
vt 2.99219 -4.00781
vt 3.00781 -4.99219
vt 3.02344 -4.00781
vt 3.99219 -4.97656
vt 3.99219 -4.97656
vt 5.97656 -5.99219
vt 5.97656 -5.99219
vt 5.02344 -5.00781
vt 5.00781 -4.02344
vt 5.00781 -4.02344
vt 5.00781 -4.99219
vt 5.00781 -4.99219
vt 5.99219 -4.97656
vt 5.99219 -4.00781
vt 5.99219 -4.00781
vt 5.00781 -3.99219
vt 5.02344 -3.00781
vt 5.99219 -3.97656
vt 5.99219 -3.97656
vt 5.97656 -2.99219
vt 5.97656 -2.99219
vt 5.02344 -2.00781
vt 5.00781 -1.02344
vt 5.00781 -1.02344
vt 5.00781 -1.99219
vt 5.00781 -1.99219
vt 5.99219 -1.97656
vt 5.99219 -1.00781
vt 5.99219 -1.00781
vt 5.00781 -0.992188
vt 5.02344 -0.0078125
vt 5.99219 -0.976562
vt 5.99219 -0.976562
vt 5.97656 0.0078125
vt 5.97656 0.0078125
vt 5.02344 0.992188
vt 5.00781 1.97656
vt 5.00781 1.97656
vt 5.00781 1.00781
vt 5.00781 1.00781
vt 5.99219 1.02344
vt 5.99219 1.99219
vt 5.99219 1.99219
vt 5.00781 2.00781
vt 5.02344 2.99219
vt 5.99219 2.02344
vt 5.99219 2.02344
vt 5.97656 3.00781
vt 5.97656 3.00781
vt 5.99219 3.99219
vt 5.00781 4.97656
vt 5.99219 4.02344
vt 5.99219 4.02344
vt 5.99219 4.99219
vt 5.99219 4.99219
vt 5.00781 5.97656
vt 5.00781 5.00781
vt 5.00781 5.00781
vt 5.99219 5.99219
vt 4.97656 5.00781
vt 4.00781 5.97656
vt 4.00781 5.97656
vt 4.02344 5.99219
vt 4.02344 5.99219
vt 3.97656 5.00781
vt 3.99219 5.02344
vt 3.99219 5.02344
vt 3.99219 5.99219
vt 3.99219 5.99219
vt 2.00781 5.97656
vt 2.00781 5.00781
vt 2.00781 5.00781
vt 2.99219 5.99219
vt 1.97656 5.00781
vt 1.00781 5.97656
vt 1.00781 5.97656
vt 1.02344 5.99219
vt 1.02344 5.99219
vt 0.976562 5.00781
vt 0.992188 5.02344
vt 0.992188 5.02344
vt 0.992188 5.99219
vt 0.992188 5.99219
vt -0.992188 5.97656
vt -0.992188 5.00781
vt -0.992188 5.00781
vt -0.0078125 5.99219
vt -1.02344 5.00781
vt -1.99219 5.97656
vt -1.99219 5.97656
vt -1.97656 5.99219
vt -1.97656 5.99219
vt -2.02344 5.00781
vt -2.00781 5.02344
vt -2.00781 5.02344
vt -3.99219 5.97656
vt -3.00781 5.99219
vt -4.97656 5.99219
vt -4.97656 5.99219
vt -5.99219 3.00781
vt -5.99219 3.00781
vt -5.99219 2.00781
vt -5.99219 2.00781
vt -5.99219 1.00781
vt -5.99219 1.00781
vt -5.99219 0.0078125
vt -5.99219 0.0078125
vt -5.99219 -0.992188
vt -5.99219 -0.992188
vt -5.99219 -1.99219
vt -5.99219 -1.99219
vt -5.99219 -2.99219
vt -5.99219 -2.99219
vt -5.99219 -3.99219
vt -5.97656 -3.00781
vt -5.97656 -3.00781
vt -5.97656 -5.00781
vt -5.97656 -5.00781
vt -3.99219 -5.99219
vt -3.99219 -5.99219
vt -2.99219 -5.99219
vt -2.99219 -5.99219
vt -1.99219 -5.99219
vt -1.99219 -5.99219
vt -0.992188 -5.99219
vt -0.992188 -5.99219
vt 0.0078125 -5.99219
vt 0.0078125 -5.99219
vt 1.00781 -5.99219
vt 1.00781 -5.99219
vt 4.00781 -5.02344
vt 4.00781 -5.02344
vt 6.00781 5.97656
vt 6.00781 5.97656
vt 5.00781 6.97656
vt 5.00781 6.97656
vt -6.02344 6.00781
vt -6.02344 6.00781
vt -6.99219 5.00781
vt -6.99219 5.00781
vt -6.02344 3.00781
vt -6.02344 3.00781
vt -6.97656 2.99219
vt -6.97656 2.99219
vt -6.02344 0.0078125
vt -6.02344 0.0078125
vt -6.97656 -0.0078125
vt -6.97656 -0.0078125
vt -6.02344 -2.99219
vt -6.02344 -2.99219
vt -6.97656 -3.00781
vt -6.97656 -3.00781
vt -6.02344 -5.99219
vt -6.02344 -5.99219
vt -6.97656 -6.00781
vt -6.97656 -6.00781
vt -4.99219 -6.99219
vt -4.99219 -6.99219
vt -4.00781 -6.00781
vt -4.00781 -6.00781
vt -3.99219 -6.99219
vt -3.99219 -6.99219
vt -3.00781 -6.00781
vt -3.00781 -6.00781
vt -2.00781 -6.00781
vt -2.00781 -6.00781
vt -0.992188 -6.99219
vt -0.992188 -6.99219
vt 0.992188 -6.00781
vt 0.992188 -6.00781
vt 2.00781 -6.99219
vt 2.00781 -6.99219
vt 3.99219 -6.00781
vt 3.99219 -6.00781
vt 5.97656 -6.99219
vt 5.97656 -6.99219
vt 7.99219 -7.97656
vt 7.99219 -7.97656
vt 7.00781 -4.99219
vt 7.00781 -4.99219
vt 7.00781 -3.99219
vt 7.00781 -3.99219
vt 7.00781 -2.99219
vt 7.00781 -2.99219
vt 7.00781 -1.99219
vt 7.00781 -1.99219
vt 7.00781 -0.992188
vt 7.00781 -0.992188
vt 7.00781 0.0078125
vt 7.00781 0.0078125
vt 7.00781 1.00781
vt 7.00781 1.00781
vt 7.02344 1.99219
vt 7.02344 1.99219
vt 7.97656 2.00781
vt 7.97656 2.00781
vt 7.00781 3.97656
vt 7.00781 3.97656
vt 7.02344 3.99219
vt 7.02344 3.99219
vt 7.97656 4.00781
vt 7.97656 4.00781
vt 7.00781 5.97656
vt 7.00781 5.97656
vt 7.02344 5.99219
vt 7.02344 5.99219
vt 7.02344 6.99219
vt 7.02344 6.99219
vt 7.02344 7.99219
vt 7.02344 7.99219
vt 6.02344 7.99219
vt 6.02344 7.99219
vt 5.99219 7.99219
vt 5.99219 7.99219
vt 4.02344 7.99219
vt 4.02344 7.99219
vt 2.99219 7.99219
vt 2.99219 7.99219
vt 0.992188 7.99219
vt 0.992188 7.99219
vt -0.0234375 7.00781
vt -0.0234375 7.00781
vt -0.0078125 7.02344
vt -0.0078125 7.02344
vt -1.02344 7.00781
vt -1.02344 7.00781
vt -1.00781 7.02344
vt -1.00781 7.02344
vt -2.02344 7.00781
vt -2.02344 7.00781
vt -2.00781 7.02344
vt -2.00781 7.02344
vt -3.02344 7.00781
vt -3.02344 7.00781
vt -3.00781 7.02344
vt -3.00781 7.02344
vt -4.02344 7.00781
vt -4.02344 7.00781
vt -4.00781 7.02344
vt -4.00781 7.02344
vt -5.02344 7.00781
vt -5.02344 7.00781
vt -5.00781 7.02344
vt -5.00781 7.02344
vt -6.02344 7.00781
vt -6.02344 7.00781
vt -6.02344 7.00781
vt -6.00781 7.99219
vt -6.00781 7.99219
vt -7.00781 7.99219
vt -7.00781 7.99219
vt -7.00781 5.02344
vt -7.00781 5.02344
vt -7.99219 4.00781
vt -7.99219 4.00781
vt -7.00781 4.02344
vt -7.00781 4.02344
vt -7.99219 3.00781
vt -7.99219 3.00781
vt -7.00781 3.02344
vt -7.00781 3.02344
vt -7.99219 2.00781
vt -7.99219 2.00781
vt -7.00781 2.02344
vt -7.00781 2.02344
vt -7.99219 1.00781
vt -7.99219 1.00781
vt -7.00781 1.02344
vt -7.00781 1.02344
vt -7.99219 0.0078125
vt -7.99219 0.0078125
vt -7.00781 0.992188
vt -7.00781 0.992188
vt -7.99219 -0.992188
vt -7.99219 -0.992188
vt -7.00781 -1.00781
vt -7.00781 -1.00781
vt -7.99219 -3.99219
vt -7.99219 -3.99219
vt -7.00781 -4.00781
vt -7.00781 -4.00781
vt -7.02344 -6.99219
vt -7.02344 -6.99219
vt -7.00781 -7.00781
vt -7.00781 -7.00781
vt -5.99219 -7.99219
vt -5.99219 -7.99219
vt -4.00781 -7.00781
vt -4.00781 -7.00781
vt -2.02344 -7.99219
vt -2.02344 -7.99219
vt -1.99219 -7.99219
vt -1.99219 -7.99219
vt -0.992188 -7.02344
vt -0.992188 -7.02344
vt -0.0078125 -7.97656
vt -0.0078125 -7.97656
vt 0.976562 -7.99219
vt 0.976562 -7.99219
vt 1.99219 -7.97656
vt 1.99219 -7.97656
vt 2.02344 -7.00781
vt 2.02344 -7.00781
vt 4.97656 -7.99219
vt 4.97656 -7.99219
vt 5.02344 -7.00781
vt 5.02344 -7.00781
vt 8.97656 -8.99219
vt 8.97656 -8.99219
vt 8.97656 -6.99219
vt 8.97656 -6.99219
vt 8.97656 -5.99219
vt 8.97656 -5.99219
vt 8.97656 5.00781
vt 8.97656 5.00781
vt 8.99219 5.99219
vt 8.99219 5.99219
vt 8.99219 6.99219
vt 8.99219 6.99219
vt -2.00781 8.02344
vt -2.00781 8.02344
vt -3.00781 8.99219
vt -3.00781 8.99219
vt -5.00781 8.99219
vt -5.00781 8.99219
vt -6.99219 8.97656
vt -6.99219 8.97656
vt -6.00781 8.99219
vt -6.00781 8.99219
vt -6.00781 8.99219
vt -7.99219 8.97656
vt -7.99219 8.97656
vt -8.00781 -4.97656
vt -8.00781 -4.97656
vt -8.99219 -5.02344
vt -8.99219 -5.02344
vt -8.00781 -5.00781
vt -8.00781 -5.00781
vt -0.0234375 -8.99219
vt -0.0234375 -8.99219
vt 0.0078125 -8.99219
vt 0.0078125 -8.99219
vt 1.00781 -8.02344
vt 1.00781 -8.02344
vt 7.97656 -8.99219
vt 7.97656 -8.99219
vt 9.00781 -9.99219
vt 9.00781 -9.99219
vt 9.00781 -9.99219
vt -0.0078125 9.02344
vt -0.0078125 9.99219
vt -1.99219 9.97656
vt -1.00781 9.02344
vt -2.99219 9.00781
vt -2.00781 9.02344
vt -3.99219 9.97656
vt -3.99219 9.00781
vt -4.99219 9.97656
vt -4.99219 9.00781
vt -4.00781 9.02344
vt -4.00781 9.99219
vt -5.99219 9.00781
vt -5.00781 9.02344
vt -6.00781 9.02344
vt -7.00781 9.02344
vt -7.00781 9.99219
vt -9.99219 9.97656
vt -9.99219 8.97656
vt -9.97656 8.99219
vt -9.00781 7.99219
vt -9.99219 6.97656
vt -9.99219 6.00781
vt -9.99219 5.97656
vt -9.00781 5.02344
vt -9.00781 4.99219
vt -9.99219 3.97656
vt -9.99219 3.00781
vt -9.00781 3.02344
vt -9.99219 2.97656
vt -9.99219 1.97656
vt -9.99219 1.00781
vt -9.00781 1.02344
vt -9.99219 0.0078125
vt -9.99219 -0.0234375
vt -9.00781 -0.0078125
vt 0.0078125 -0.0234375
vt 0.976562 -0.992188
vt 0.0078125 -0.992188
vt 0.992188 -0.976562
vt 0.0234375 -0.0078125
vt 0.992188 -0.0078125
vt 0.0078125 0.976562
vt 0.0078125 0.0078125
vt 0.992188 0.0234375
vt 0.992188 0.992188
vt -0.992188 0.976562
vt -0.976562 0.992188
vt -0.0078125 0.992188
vt -0.992188 -0.0234375
vt -0.0234375 -0.992188
vt -0.0078125 -0.976562
vt -0.0078125 -0.0078125
vt 1.00781 -1.02344
vt 1.00781 -1.99219
vt 1.99219 -1.97656
vt 1.99219 -1.00781
vt 1.00781 -0.0234375
vt 1.00781 -0.992188
vt 1.99219 -0.976562
vt 1.99219 -0.0078125
vt 1.00781 0.976562
vt 1.00781 0.0078125
vt 1.99219 0.0234375
vt 1.02344 0.992188
vt 1.00781 1.97656
vt 1.99219 1.02344
vt 1.99219 1.99219
vt 0.0078125 1.97656
vt 0.992188 1.02344
vt -0.992188 1.97656
vt -0.992188 1.00781
vt -1.99219 1.97656
vt -1.00781 1.02344
vt -1.00781 1.99219
vt -1.99219 0.976562
vt -1.00781 0.0234375
vt -1.99219 -0.0234375
vt -1.00781 -0.976562
vt -1.00781 -0.0078125
vt -1.00781 -1.97656
vt -0.992188 -1.02344
vt -0.992188 -1.99219
vt -0.0078125 -1.97656
vt 0.0078125 -1.02344
vt 0.0078125 -1.99219
vt 0.992188 -1.97656
vt 2.00781 -2.02344
vt 2.99219 -2.97656
vt 2.00781 -1.02344
vt 2.99219 -1.97656
vt 2.99219 -1.00781
vt 2.99219 -0.976562
vt 2.99219 -0.0078125
vt 2.00781 0.976562
vt 2.99219 0.0234375
vt 2.00781 1.97656
vt 2.00781 1.00781
vt 2.99219 1.02344
vt 2.00781 2.97656
vt 2.99219 2.02344
vt 1.00781 2.00781
vt 0.0078125 2.97656
vt 0.0078125 2.00781
vt 0.0234375 2.99219
vt 0.992188 2.99219
vt -0.0234375 2.00781
vt -0.992188 2.00781
vt -0.976562 2.99219
vt -1.02344 2.00781
vt -1.97656 2.99219
vt -2.02344 2.00781
vt -2.97656 2.99219
vt -2.02344 1.00781
vt -2.97656 1.99219
vt -2.00781 -2.97656
vt -1.00781 -2.97656
vt -0.0078125 -2.97656
vt 1.00781 -2.02344
vt 3.00781 -1.02344
vt 3.97656 0.0078125
vt 3.02344 0.992188
vt 3.97656 1.00781
vt 3.02344 1.99219
vt 3.99219 2.02344
vt 3.00781 3.00781
vt 2.00781 3.97656
vt 0.976562 -0.992188
vt 0.0078125 -0.0234375
vt 0.0078125 -0.992188
vt 0.992188 -0.0078125
vt 0.0078125 0.976562
vt 0.0078125 0.0078125
vt 0.992188 0.0234375
vt 0.992188 0.992188
vt -0.992188 0.976562
vt -0.992188 0.0078125
vt -0.0078125 0.0234375
vt -0.0078125 0.992188
vt -0.992188 -0.992188
vt -0.976562 -0.0078125
vt -0.0078125 -0.976562
vt 1.00781 -1.02344
vt 1.99219 -1.97656
vt 1.99219 -1.00781
vt 1.00781 -0.992188
vt 1.99219 -0.976562
vt 1.99219 -0.0078125
vt 1.00781 0.0078125
vt 1.99219 0.992188
vt 1.97656 1.00781
vt 1.00781 1.00781
vt 1.99219 1.02344
vt 1.99219 1.99219
vt 0.0078125 1.00781
vt -0.992188 1.00781
vt -0.976562 1.99219
vt -0.0078125 1.02344
vt -1.99219 1.97656
vt -1.00781 1.99219
vt -1.99219 0.0078125
vt -1.00781 0.992188
vt -1.99219 -0.992188
vt -1.02344 -1.99219
vt -1.99219 -1.99219
vt -1.00781 -1.97656
vt -0.0234375 -1.99219
vt -0.0078125 -1.97656
vt 0.976562 -1.99219
vt 0.0234375 -1.00781
vt 0.992188 -1.00781
vt 2.00781 -2.02344
vt 2.02344 -2.00781
vt 2.00781 -1.02344
vt 2.02344 -1.00781
vt 2.97656 -0.992188
vt 2.00781 -0.992188
vt 2.99219 -0.976562
vt 2.97656 0.0078125
vt 2.99219 0.0234375
vt 2.97656 1.00781
vt 2.02344 1.99219
vt 2.99219 1.99219
vt 2.00781 2.97656
vt 2.02344 2.99219
vt 1.00781 2.97656
vt 1.02344 2.99219
vt 0.976562 2.00781
vt 0.0078125 2.00781
vt 0.992188 2.02344
vt -0.0234375 2.00781
vt -0.0078125 2.02344
vt -1.02344 2.00781
vt -1.97656 2.99219
vt -1.00781 2.99219
vt -2.99219 2.97656
vt -2.97656 2.99219
vt -2.99219 1.97656
vt -2.97656 1.99219
vt -2.02344 0.0078125
vt -2.99219 0.0078125
vt -2.00781 0.0234375
vt -2.02344 -0.992188
vt -2.00781 -0.976562
vt -2.02344 -1.99219
vt -2.97656 -1.00781
vt -2.00781 -1.00781
vt -2.99219 -2.02344
vt -2.97656 -2.00781
vt -1.99219 -2.02344
vt -1.97656 -2.00781
vt -0.992188 -2.02344
vt -0.0078125 -2.97656
vt 0.976562 -2.99219
vt 0.0234375 -2.00781
vt 1.97656 -2.99219
vt 1.02344 -2.00781
vt 1.99219 -2.97656
vt 3.97656 -3.99219
vt 3.02344 -3.00781
vt 3.99219 -3.00781
vt 3.97656 -2.99219
vt 3.00781 -2.99219
vt 3.02344 -2.00781
vt 3.99219 -2.00781
vt 3.00781 -1.02344
vt 3.99219 -1.97656
vt 3.00781 -0.0234375
vt 3.97656 0.0078125
vt 3.99219 0.0234375
vt 3.99219 1.02344
vt 3.00781 2.97656
vt 3.97656 3.00781
vt 3.00781 3.00781
vt 3.99219 3.02344
vt 2.97656 3.00781
vt 2.99219 3.02344
vt 1.97656 3.00781
vt 1.02344 3.99219
vt 1.99219 3.99219
vt 0.0078125 3.97656
vt 0.0234375 3.99219
vt -0.992188 3.97656
vt -0.976562 3.99219
vt -1.02344 3.00781
vt -1.99219 3.00781
vt -1.00781 3.02344
vt -2.02344 3.00781
vt -2.00781 3.02344
vt -3.02344 3.00781
vt -3.97656 3.99219
vt -3.00781 3.99219
vt -3.99219 2.97656
vt -3.97656 2.99219
vt -3.99219 1.97656
vt -3.97656 1.99219
vt -3.02344 0.0078125
vt -3.99219 0.0078125
vt -3.00781 0.0234375
vt -3.02344 -0.992188
vt -3.00781 -0.976562
vt -3.02344 -1.99219
vt -3.97656 -1.00781
vt -3.00781 -1.00781
vt -3.99219 -2.02344
vt -3.97656 -2.00781
vt -3.99219 -3.02344
vt -3.97656 -3.00781
vt -2.02344 -3.99219
vt -2.99219 -3.99219
vt -2.00781 -3.97656
vt -1.02344 -3.99219
vt -1.00781 -3.97656
vt -0.0078125 -3.97656
vt 0.976562 -3.99219
vt 0.0078125 -3.99219
vt 4.02344 -3.00781
vt 4.97656 -2.99219
vt 0.976562 -0.992188
vt 0.0078125 -0.0234375
vt 0.0078125 -0.992188
vt 0.976562 -0.992188
vt 0.0078125 -0.0234375
vt 0.0078125 -0.992188
vt 0.0234375 -0.0078125
vt 0.992188 -0.976562
vt 0.992188 -0.0078125
vt 0.976562 0.0078125
vt 0.0078125 0.976562
vt 0.0078125 0.0078125
vt 0.992188 0.992188
vt -0.0234375 0.0078125
vt -0.992188 0.976562
vt -0.0078125 0.0234375
vt -0.0234375 -0.992188
vt -0.992188 -0.0234375
vt -0.0078125 -0.0078125
vt 1.00781 -1.99219
vt 1.99219 -1.00781
vt 1.00781 -0.992188
vt 1.99219 -0.0078125
vt 1.00781 0.0078125
vt 1.99219 0.992188
vt 1.00781 1.00781
vt 1.99219 1.99219
vt 0.0078125 1.00781
vt 0.992188 1.99219
vt -0.992188 1.00781
vt -0.0078125 1.99219
vt -1.97656 1.99219
vt -1.00781 1.02344
vt -1.00781 1.99219
vt -1.97656 0.992188
vt -1.00781 0.0234375
vt -1.99219 -0.0234375
vt -1.00781 -0.976562
vt -1.00781 -0.0078125
vt -1.02344 -1.99219
vt -1.99219 -1.02344
vt -1.00781 -1.97656
vt -0.0234375 -1.99219
vt -0.992188 -1.99219
vt -0.0078125 -1.97656
vt 0.0078125 -1.99219
vt 2.00781 -1.02344
vt 2.00781 -0.0234375
vt 2.02344 -0.0078125
vt 2.99219 2.02344
vt 1.99219 2.02344
vt 0.0078125 2.97656
vt 0.0234375 2.99219
vt -0.992188 2.97656
vt -0.976562 2.99219
vt -0.0078125 2.02344
vt -1.02344 2.00781
vt -1.99219 2.00781
vt -1.00781 2.02344
vt -2.02344 2.00781
vt -2.00781 2.02344
vt -2.99219 1.97656
vt -2.97656 1.99219
vt -2.00781 1.99219
vt -2.99219 0.976562
vt -2.97656 0.992188
vt -2.99219 -0.0234375
vt -2.97656 -0.0078125
vt -2.02344 -1.99219
vt -2.99219 -1.99219
vt -2.00781 -1.97656
vt -2.02344 -2.99219
vt -2.00781 -2.97656
vt -1.02344 -2.99219
vt -1.97656 -2.00781
vt -1.00781 -2.00781
vt -0.992188 -2.02344
vt -0.976562 -2.00781
vt 0.0078125 -2.02344
vt 0.0234375 -2.00781
vt 1.97656 -2.99219
vt 1.00781 -2.99219
vt 1.99219 -2.97656
vt 3.97656 -3.99219
vt 3.99219 -3.97656
vt 3.97656 -2.99219
vt 3.02344 -2.00781
vt 3.99219 -2.00781
vt 3.00781 -1.02344
vt 3.02344 -1.00781
vt 3.00781 -0.0234375
vt 3.02344 -0.0078125
vt 3.97656 0.0078125
vt 3.00781 0.0078125
vt 3.99219 0.0234375
vt 3.97656 1.00781
vt 3.99219 1.02344
vt 3.97656 2.00781
vt 3.02344 2.99219
vt 3.99219 2.99219
vt 3.97656 3.00781
vt 3.00781 3.97656
vt 2.97656 3.00781
vt 2.99219 3.02344
vt 1.00781 3.97656
vt 1.02344 3.99219
vt 0.976562 3.00781
vt 0.0078125 3.97656
vt 0.992188 3.02344
vt -0.0234375 3.00781
vt -0.976562 3.99219
vt -0.0078125 3.99219
vt -1.99219 3.97656
vt -2.02344 3.00781
vt -2.99219 3.00781
vt -2.00781 3.02344
vt -3.02344 3.00781
vt -3.00781 3.02344
vt -3.02344 2.00781
vt -3.97656 2.99219
vt -3.00781 2.99219
vt -3.99219 1.97656
vt -3.97656 1.99219
vt -3.99219 0.976562
vt -3.97656 0.992188
vt -3.02344 -0.992188
vt -3.99219 -0.992188
vt -3.00781 -0.976562
vt -3.02344 -1.99219
vt -3.00781 -1.97656
vt -3.02344 -2.99219
vt -3.97656 -2.00781
vt -3.00781 -2.00781
vt -3.99219 -3.02344
vt -3.97656 -3.00781
vt -2.99219 -3.02344
vt -2.97656 -3.00781
vt -1.99219 -3.02344
vt -1.97656 -3.00781
vt -1.00781 -3.00781
vt -0.992188 -3.02344
vt -0.976562 -3.00781
vt 0.0078125 -3.02344
vt 0.992188 -3.97656
vt 1.97656 -3.99219
vt 1.00781 -3.99219
vt 1.99219 -3.97656
vt 2.97656 -3.99219
vt 2.99219 -3.97656
vt 4.02344 -4.00781
vt 4.99219 -4.00781
vt 4.00781 -3.02344
vt 4.02344 -3.00781
vt 4.00781 -2.02344
vt 4.97656 -1.99219
vt 4.00781 -1.99219
vt 4.99219 -1.97656
vt 4.97656 -0.992188
vt 0.0078125 -0.0234375
vt 0.976562 -0.992188
vt 0.0078125 -0.992188
vt 0.992188 -0.976562
vt 0.992188 -0.0078125
vt 0.0078125 0.976562
vt 0.992188 0.0234375
vt 0.0234375 0.992188
vt 0.992188 0.992188
vt -0.992188 0.0078125
vt -0.0078125 0.992188
vt -0.992188 -0.0234375
vt 1.00781 -1.99219
vt 1.99219 -1.97656
vt 1.99219 -1.00781
vt 1.00781 -0.0234375
vt 1.99219 -0.976562
vt 1.02344 -0.0078125
vt 1.99219 -0.0078125
vt 1.00781 0.976562
vt 1.00781 1.00781
vt 1.99219 1.99219
vt 0.0078125 1.97656
vt 0.976562 1.00781
vt 0.992188 1.02344
vt 0.0234375 1.99219
vt -0.992188 1.00781
vt -1.99219 1.00781
vt -1.00781 1.99219
vt -1.99219 0.0078125
vt -1.00781 0.0234375
vt -1.97656 0.992188
vt -1.99219 -0.0234375
vt -1.97656 -0.0078125
vt -1.00781 -0.0078125
vt -1.99219 -1.02344
vt -1.00781 -1.00781
vt -0.992188 -1.99219
vt -0.0078125 -1.00781
vt 0.0078125 -1.99219
vt 0.992188 -1.97656
vt 0.0234375 -1.00781
vt 2.00781 -2.02344
vt 2.99219 -2.00781
vt 2.00781 -1.02344
vt 2.97656 -1.99219
vt 2.99219 -1.97656
vt 1.99219 2.02344
f 2522/2722/2523 2523/2723/2523 2524/2724/2523
f 2524/2725/2524 2523/2726/2524 2525/2727/2524
f 2523/2728/2525 2522/2729/2525 2526/2730/2525
f 2526/2730/2525 2525/2731/2525 2523/2728/2525
f 2527/2732/2525 2528/2733/2525 2529/2734/2525
f 2529/2734/2525 2530/2735/2525 2527/2732/2525
f 2531/2736/2525 2532/2737/2525 2533/2738/2525
f 2529/2734/2525 2531/2736/2525 2533/2738/2525
f 2531/2736/2525 2534/2739/2525 2535/2740/2525
f 2529/2734/2525 2536/2741/2525 2531/2736/2525
f 2535/2740/2525 2532/2737/2525 2531/2736/2525
f 2535/2740/2525 2534/2739/2525 2537/2742/2525
f 2533/2738/2525 2530/2735/2525 2529/2734/2525
f 2528/2733/2525 2538/2743/2525 2529/2734/2525
f 2539/2744/2526 2540/2745/2526 2541/2746/2526
f 2542/2747/2526 2543/2748/2526 2544/2749/2526
f 2545/2750/2526 2542/2747/2526 2546/2751/2526
f 2547/2752/2526 2545/2750/2526 2548/2753/2526
f 2549/2754/2526 2547/2752/2526 2548/2753/2526
f 2550/2755/2526 2549/2754/2526 2551/2756/2526
f 2552/2757/2526 2550/2755/2526 2551/2756/2526
f 2553/2758/2526 2552/2757/2526 2554/2759/2526
f 2555/2760/2526 2553/2758/2526 2556/2761/2526
f 2557/2762/2526 2558/2763/2526 2559/2764/2526
f 2558/2763/2526 2560/2765/2526 2559/2764/2526
f 2560/2765/2526 2552/2757/2526 2553/2758/2526
f 2540/2745/2526 2561/2766/2526 2562/2767/2526
f 2561/2766/2526 2563/2768/2526 2562/2767/2526
f 2563/2768/2526 2564/2769/2526 2565/2770/2526
f 2565/2770/2526 2564/2769/2526 2566/2771/2526
f 2564/2769/2526 2567/2772/2526 2566/2771/2526
f 2567/2772/2526 2557/2762/2526 2568/2773/2526
f 2542/2747/2526 2569/2774/2526 2543/2748/2526
f 2569/2774/2526 2570/2775/2526 2571/2776/2526
f 2570/2775/2526 2561/2766/2526 2539/2744/2526
f 2539/2744/2526 2561/2766/2526 2540/2745/2526
f 2547/2752/2526 2542/2747/2526 2545/2750/2526
f 2550/2755/2526 2547/2752/2526 2549/2754/2526
f 2558/2763/2526 2550/2755/2526 2552/2757/2526
f 2567/2772/2526 2558/2763/2526 2557/2762/2526
f 2560/2765/2526 2558/2763/2526 2552/2757/2526
f 2561/2766/2526 2572/2777/2526 2563/2768/2526
f 2572/2777/2526 2564/2769/2526 2563/2768/2526
f 2564/2769/2526 2558/2763/2526 2567/2772/2526
f 2547/2752/2526 2569/2774/2526 2542/2747/2526
f 2570/2775/2526 2569/2774/2526 2572/2777/2526
f 2572/2777/2526 2561/2766/2526 2570/2775/2526
f 2550/2755/2526 2572/2777/2526 2547/2752/2526
f 2550/2755/2526 2558/2763/2526 2564/2769/2526
f 2564/2769/2526 2572/2777/2526 2550/2755/2526
f 2572/2777/2526 2569/2774/2526 2547/2752/2526
f 2573/2778/2526 2574/2779/2526 2575/2780/2526
f 2575/2780/2526 2576/2781/2526 2573/2778/2526
f 2574/2779/2526 2573/2778/2526 2577/2782/2526
f 2574/2779/2526 2577/2782/2526 2578/2783/2526
f 2574/2779/2526 2578/2783/2526 2579/2784/2526
f 2574/2779/2526 2579/2784/2526 2580/2785/2526
f 2574/2779/2526 2580/2785/2526 2581/2786/2526
f 2574/2779/2526 2581/2786/2526 2582/2787/2526
f 2583/2788/2526 2584/2789/2526 2574/2779/2526
f 2574/2779/2526 2582/2787/2526 2583/2788/2526
f 2574/2779/2526 2584/2789/2526 2585/2790/2526
f 2586/2791/2526 2587/2792/2526 2574/2779/2526
f 2574/2779/2526 2585/2790/2526 2586/2791/2526
f 2574/2779/2526 2587/2792/2526 2588/2793/2526
f 2574/2779/2526 2588/2793/2526 2589/2794/2526
f 2574/2779/2526 2590/2795/2526 2591/2796/2526
f 2574/2779/2526 2592/2797/2526 2593/2798/2526
f 2594/2799/2526 2595/2800/2526 2596/2801/2526
f 2597/2802/2526 2594/2799/2526 2598/2803/2526
f 2597/2802/2526 2599/2804/2526 2600/2805/2526
f 2597/2802/2526 2601/2806/2526 2602/2807/2526
f 2603/2808/2526 2604/2809/2526 2605/2810/2526
f 2605/2810/2526 2606/2811/2526 2603/2808/2526
f 2605/2810/2526 2607/2812/2526 2608/2813/2526
f 2605/2810/2526 2609/2814/2526 2610/2815/2526
f 2611/2816/2526 2612/2817/2526 2613/2818/2526
f 2614/2819/2526 2613/2818/2526 2615/2820/2526
f 2616/2821/2526 2614/2819/2526 2617/2822/2526
f 2616/2821/2526 2618/2823/2526 2619/2824/2526
f 2616/2821/2526 2619/2824/2526 2620/2825/2526
f 2621/2826/2526 2620/2825/2526 2622/2827/2526
f 2621/2826/2526 2622/2827/2526 2623/2828/2526
f 2621/2826/2526 2624/2829/2526 2625/2830/2526
f 2621/2826/2526 2625/2830/2526 2626/2831/2526
f 2621/2826/2526 2627/2832/2526 2628/2833/2526
f 2621/2826/2526 2628/2833/2526 2629/2834/2526
f 2630/2835/2526 2631/2836/2526 2621/2826/2526
f 2621/2826/2526 2632/2837/2526 2630/2835/2526
f 2631/2836/2526 2633/2838/2526 2634/2839/2526
f 2631/2836/2526 2634/2839/2526 2635/2840/2526
f 2631/2836/2526 2636/2841/2526 2637/2842/2526
f 2631/2836/2526 2638/2843/2526 2639/2844/2526
f 2631/2836/2526 2640/2845/2526 2641/2846/2526
f 2642/2847/2526 2641/2846/2526 2643/2848/2526
f 2642/2847/2526 2643/2848/2526 2644/2849/2526
f 2642/2847/2526 2644/2849/2526 2645/2850/2526
f 2575/2780/2526 2646/2851/2526 2647/2852/2526
f 2575/2780/2526 2647/2852/2526 2648/2853/2526
f 2575/2780/2526 2648/2853/2526 2649/2854/2526
f 2575/2780/2526 2649/2854/2526 2650/2855/2526
f 2575/2780/2526 2650/2855/2526 2651/2856/2526
f 2575/2780/2526 2651/2856/2526 2652/2857/2526
f 2645/2850/2526 2653/2858/2526 2642/2847/2526
f 2641/2846/2526 2642/2847/2526 2631/2836/2526
f 2639/2844/2526 2640/2845/2526 2631/2836/2526
f 2637/2842/2526 2638/2843/2526 2631/2836/2526
f 2635/2840/2526 2636/2841/2526 2631/2836/2526
f 2630/2835/2526 2633/2838/2526 2631/2836/2526
f 2629/2834/2526 2632/2837/2526 2621/2826/2526
f 2626/2831/2526 2627/2832/2526 2621/2826/2526
f 2623/2828/2526 2624/2829/2526 2621/2826/2526
f 2620/2825/2526 2621/2826/2526 2616/2821/2526
f 2618/2823/2526 2616/2821/2526 2654/2859/2526
f 2617/2822/2526 2654/2859/2526 2616/2821/2526
f 2617/2822/2526 2614/2819/2526 2655/2860/2526
f 2655/2860/2526 2614/2819/2526 2656/2861/2526
f 2615/2820/2526 2656/2861/2526 2614/2819/2526
f 2613/2818/2526 2614/2819/2526 2611/2816/2526
f 2612/2817/2526 2611/2816/2526 2657/2862/2526
f 2657/2862/2526 2611/2816/2526 2610/2815/2526
f 2610/2815/2526 2611/2816/2526 2605/2810/2526
f 2609/2814/2526 2605/2810/2526 2658/2863/2526
f 2608/2813/2526 2658/2863/2526 2605/2810/2526
f 2604/2809/2526 2607/2812/2526 2605/2810/2526
f 2603/2808/2526 2606/2811/2526 2659/2864/2526
f 2659/2864/2526 2606/2811/2526 2660/2865/2526
f 2660/2865/2526 2606/2811/2526 2661/2866/2526
f 2661/2866/2526 2606/2811/2526 2602/2807/2526
f 2602/2807/2526 2606/2811/2526 2597/2802/2526
f 2600/2805/2526 2601/2806/2526 2597/2802/2526
f 2598/2803/2526 2599/2804/2526 2597/2802/2526
f 2596/2801/2526 2598/2803/2526 2594/2799/2526
f 2595/2800/2526 2594/2799/2526 2662/2867/2526
f 2662/2867/2526 2594/2799/2526 2593/2798/2526
f 2593/2798/2526 2594/2799/2526 2574/2779/2526
f 2592/2797/2526 2574/2779/2526 2663/2868/2526
f 2591/2796/2526 2663/2868/2526 2574/2779/2526
f 2589/2794/2526 2590/2795/2526 2574/2779/2526
f 2652/2857/2526 2576/2781/2526 2575/2780/2526
f 2664/2869/2526 2665/2870/2526 2666/2871/2526
f 2667/2872/2526 2664/2869/2526 2668/2873/2526
f 2667/2872/2526 2668/2873/2526 2669/2874/2526
f 2670/2875/2526 2669/2874/2526 2671/2876/2526
f 2671/2876/2526 2672/2877/2526 2670/2875/2526
f 2671/2876/2526 2673/2878/2526 2672/2877/2526
f 2673/2878/2526 2674/2879/2526 2675/2880/2526
f 2675/2880/2526 2676/2881/2526 2677/2882/2526
f 2677/2882/2526 2676/2881/2526 2678/2883/2526
f 2679/2884/2526 2678/2883/2526 2676/2881/2526
f 2680/2885/2526 2681/2886/2526 2679/2884/2526
f 2682/2887/2526 2681/2886/2526 2680/2885/2526
f 2683/2888/2526 2682/2887/2526 2684/2889/2526
f 2685/2890/2526 2683/2888/2526 2684/2889/2526
f 2686/2891/2526 2685/2890/2526 2687/2892/2526
f 2686/2891/2526 2687/2892/2526 2688/2893/2526
f 2687/2892/2526 2689/2894/2526 2688/2893/2526
f 2690/2895/2526 2691/2896/2526 2689/2894/2526
f 2691/2896/2526 2690/2895/2526 2692/2897/2526
f 2693/2898/2526 2692/2897/2526 2690/2895/2526
f 2693/2898/2526 2694/2899/2526 2695/2900/2526
f 2695/2900/2526 2694/2899/2526 2696/2901/2526
f 2697/2902/2526 2696/2901/2526 2694/2899/2526
f 2697/2902/2526 2698/2903/2526 2699/2904/2526
f 2700/2905/2526 2699/2904/2526 2698/2903/2526
f 2701/2906/2526 2700/2905/2526 2702/2907/2526
f 2702/2907/2526 2703/2908/2526 2701/2906/2526
f 2703/2908/2526 2704/2909/2526 2705/2910/2526
f 2705/2910/2526 2704/2909/2526 2706/2911/2526
f 2707/2912/2526 2706/2911/2526 2704/2909/2526
f 2707/2912/2526 2708/2913/2526 2709/2914/2526
f 2709/2914/2526 2708/2913/2526 2710/2915/2526
f 2710/2915/2526 2631/2836/2526 2711/2916/2526
f 2712/2917/2526 2711/2916/2526 2631/2836/2526
f 2642/2847/2526 2712/2917/2526 2631/2836/2526
f 2713/2918/2526 2714/2919/2526 2715/2920/2526
f 2716/2921/2526 2713/2918/2526 2717/2922/2526
f 2718/2923/2526 2716/2921/2526 2717/2922/2526
f 2719/2924/2526 2718/2923/2526 2720/2925/2526
f 2719/2924/2526 2720/2925/2526 2721/2926/2526
f 2722/2927/2526 2721/2926/2526 2720/2925/2526
f 2722/2927/2526 2723/2928/2526 2724/2929/2526
f 2725/2930/2526 2724/2929/2526 2726/2931/2526
f 2726/2931/2526 2727/2932/2526 2725/2930/2526
f 2726/2931/2526 2728/2933/2526 2727/2932/2526
f 2726/2931/2526 2729/2934/2526 2728/2933/2526
f 2730/2935/2526 2731/2936/2526 2729/2934/2526
f 2730/2935/2526 2732/2937/2526 2731/2936/2526
f 2733/2938/2526 2734/2939/2526 2732/2937/2526
f 2734/2939/2526 2733/2938/2526 2735/2940/2526
f 2736/2941/2526 2735/2940/2526 2737/2942/2526
f 2738/2943/2526 2736/2941/2526 2737/2942/2526
f 2739/2944/2526 2738/2943/2526 2737/2942/2526
f 2740/2945/2526 2739/2944/2526 2541/2746/2526
f 2740/2945/2526 2541/2746/2526 2741/2946/2526
f 2742/2947/2526 2741/2946/2526 2743/2948/2526
f 2743/2948/2526 2744/2949/2526 2742/2947/2526
f 2745/2950/2526 2744/2949/2526 2743/2948/2526
f 2746/2951/2526 2745/2950/2526 2668/2873/2526
f 2666/2871/2526 2746/2951/2526 2668/2873/2526
f 2715/2920/2526 2747/2952/2526 2717/2922/2526
f 2747/2952/2526 2748/2953/2526 2717/2922/2526
f 2748/2953/2526 2749/2954/2526 2750/2955/2526
f 2751/2956/2526 2750/2955/2526 2749/2954/2526
f 2752/2957/2526 2750/2955/2526 2751/2956/2526
f 2753/2958/2526 2544/2749/2526 2752/2957/2526
f 2754/2959/2526 2544/2749/2526 2753/2958/2526
f 2754/2959/2526 2755/2960/2526 2546/2751/2526
f 2755/2960/2526 2756/2961/2526 2546/2751/2526
f 2756/2961/2526 2757/2962/2526 2758/2963/2526
f 2757/2962/2526 2759/2964/2526 2758/2963/2526
f 2759/2964/2526 2760/2965/2526 2758/2963/2526
f 2761/2966/2526 2760/2965/2526 2762/2967/2526
f 2762/2967/2526 2763/2968/2526 2761/2966/2526
f 2764/2969/2526 2548/2753/2526 2763/2968/2526
f 2764/2969/2526 2765/2970/2526 2548/2753/2526
f 2766/2971/2526 2765/2970/2526 2767/2972/2526
f 2766/2971/2526 2767/2972/2526 2768/2973/2526
f 2768/2973/2526 2769/2974/2526 2766/2971/2526
f 2551/2756/2526 2769/2974/2526 2770/2975/2526
f 2770/2975/2526 2771/2976/2526 2772/2977/2526
f 2773/2978/2526 2772/2977/2526 2771/2976/2526
f 2772/2977/2526 2773/2978/2526 2774/2979/2526
f 2774/2979/2526 2775/2980/2526 2554/2759/2526
f 2775/2980/2526 2776/2981/2526 2777/2982/2526
f 2778/2983/2526 2777/2982/2526 2776/2981/2526
f 2779/2984/2526 2777/2982/2526 2778/2983/2526
f 2779/2984/2526 2780/2985/2526 2556/2761/2526
f 2780/2985/2526 2781/2986/2526 2556/2761/2526
f 2781/2986/2526 2782/2987/2526 2783/2988/2526
f 2783/2988/2526 2782/2987/2526 2784/2989/2526
f 2784/2989/2526 2785/2990/2526 2783/2988/2526
f 2785/2990/2526 2786/2991/2526 2574/2779/2526
f 2786/2991/2526 2575/2780/2526 2574/2779/2526
f 2631/2836/2526 2787/2992/2526 2621/2826/2526
f 2787/2992/2526 2616/2821/2526 2621/2826/2526
f 2616/2821/2526 2788/2993/2526 2614/2819/2526
f 2614/2819/2526 2788/2993/2526 2611/2816/2526
f 2559/2764/2526 2605/2810/2526 2611/2816/2526
f 2605/2810/2526 2789/2994/2526 2606/2811/2526
f 2789/2994/2526 2597/2802/2526 2606/2811/2526
f 2597/2802/2526 2555/2760/2526 2594/2799/2526
f 2555/2760/2526 2574/2779/2526 2594/2799/2526
f 2664/2869/2526 2666/2871/2526 2668/2873/2526
f 2669/2874/2526 2668/2873/2526 2671/2876/2526
f 2673/2878/2526 2671/2876/2526 2674/2879/2526
f 2674/2879/2526 2676/2881/2526 2675/2880/2526
f 2679/2884/2526 2676/2881/2526 2680/2885/2526
f 2680/2885/2526 2684/2889/2526 2682/2887/2526
f 2685/2890/2526 2684/2889/2526 2687/2892/2526
f 2690/2895/2526 2689/2894/2526 2687/2892/2526
f 2694/2899/2526 2693/2898/2526 2690/2895/2526
f 2698/2903/2526 2697/2902/2526 2694/2899/2526
f 2700/2905/2526 2698/2903/2526 2702/2907/2526
f 2702/2907/2526 2704/2909/2526 2703/2908/2526
f 2704/2909/2526 2708/2913/2526 2707/2912/2526
f 2710/2915/2526 2708/2913/2526 2631/2836/2526
f 2713/2918/2526 2715/2920/2526 2717/2922/2526
f 2718/2923/2526 2717/2922/2526 2720/2925/2526
f 2722/2927/2526 2720/2925/2526 2723/2928/2526
f 2724/2929/2526 2723/2928/2526 2726/2931/2526
f 2729/2934/2526 2726/2931/2526 2730/2935/2526
f 2733/2938/2526 2732/2937/2526 2730/2935/2526
f 2735/2940/2526 2733/2938/2526 2737/2942/2526
f 2739/2944/2526 2737/2942/2526 2541/2746/2526
f 2541/2746/2526 2743/2948/2526 2741/2946/2526
f 2743/2948/2526 2668/2873/2526 2745/2950/2526
f 2748/2953/2526 2750/2955/2526 2717/2922/2526
f 2752/2957/2526 2544/2749/2526 2750/2955/2526
f 2754/2959/2526 2546/2751/2526 2544/2749/2526
f 2546/2751/2526 2756/2961/2526 2758/2963/2526
f 2760/2965/2526 2761/2966/2526 2758/2963/2526
f 2763/2968/2526 2548/2753/2526 2761/2966/2526
f 2766/2971/2526 2548/2753/2526 2765/2970/2526
f 2769/2974/2526 2551/2756/2526 2766/2971/2526
f 2770/2975/2526 2772/2977/2526 2551/2756/2526
f 2554/2759/2526 2772/2977/2526 2774/2979/2526
f 2554/2759/2526 2775/2980/2526 2777/2982/2526
f 2779/2984/2526 2556/2761/2526 2777/2982/2526
f 2781/2986/2526 2783/2988/2526 2556/2761/2526
f 2785/2990/2526 2574/2779/2526 2783/2988/2526
f 2708/2913/2526 2787/2992/2526 2631/2836/2526
f 2787/2992/2526 2557/2762/2526 2616/2821/2526
f 2557/2762/2526 2788/2993/2526 2616/2821/2526
f 2788/2993/2526 2559/2764/2526 2611/2816/2526
f 2559/2764/2526 2789/2994/2526 2605/2810/2526
f 2597/2802/2526 2789/2994/2526 2560/2765/2526
f 2560/2765/2526 2555/2760/2526 2597/2802/2526
f 2574/2779/2526 2555/2760/2526 2783/2988/2526
f 2668/2873/2526 2540/2745/2526 2671/2876/2526
f 2540/2745/2526 2674/2879/2526 2671/2876/2526
f 2676/2881/2526 2674/2879/2526 2562/2767/2526
f 2562/2767/2526 2680/2885/2526 2676/2881/2526
f 2563/2768/2526 2684/2889/2526 2680/2885/2526
f 2684/2889/2526 2565/2770/2526 2687/2892/2526
f 2687/2892/2526 2565/2770/2526 2690/2895/2526
f 2566/2771/2526 2694/2899/2526 2690/2895/2526
f 2567/2772/2526 2698/2903/2526 2694/2899/2526
f 2698/2903/2526 2568/2773/2526 2702/2907/2526
f 2702/2907/2526 2568/2773/2526 2704/2909/2526
f 2568/2773/2526 2708/2913/2526 2704/2909/2526
f 2717/2922/2526 2543/2748/2526 2720/2925/2526
f 2543/2748/2526 2723/2928/2526 2720/2925/2526
f 2723/2928/2526 2571/2776/2526 2726/2931/2526
f 2726/2931/2526 2571/2776/2526 2730/2935/2526
f 2730/2935/2526 2570/2775/2526 2733/2938/2526
f 2733/2938/2526 2539/2744/2526 2737/2942/2526
f 2541/2746/2526 2737/2942/2526 2539/2744/2526
f 2541/2746/2526 2540/2745/2526 2743/2948/2526
f 2540/2745/2526 2668/2873/2526 2743/2948/2526
f 2543/2748/2526 2717/2922/2526 2750/2955/2526
f 2544/2749/2526 2543/2748/2526 2750/2955/2526
f 2546/2751/2526 2542/2747/2526 2544/2749/2526
f 2545/2750/2526 2546/2751/2526 2758/2963/2526
f 2545/2750/2526 2758/2963/2526 2761/2966/2526
f 2548/2753/2526 2545/2750/2526 2761/2966/2526
f 2766/2971/2526 2549/2754/2526 2548/2753/2526
f 2551/2756/2526 2549/2754/2526 2766/2971/2526
f 2552/2757/2526 2551/2756/2526 2772/2977/2526
f 2554/2759/2526 2552/2757/2526 2772/2977/2526
f 2553/2758/2526 2554/2759/2526 2777/2982/2526
f 2556/2761/2526 2553/2758/2526 2777/2982/2526
f 2556/2761/2526 2783/2988/2526 2555/2760/2526
f 2557/2762/2526 2787/2992/2526 2708/2913/2526
f 2557/2762/2526 2559/2764/2526 2788/2993/2526
f 2559/2764/2526 2560/2765/2526 2789/2994/2526
f 2555/2760/2526 2560/2765/2526 2553/2758/2526
f 2540/2745/2526 2562/2767/2526 2674/2879/2526
f 2562/2767/2526 2563/2768/2526 2680/2885/2526
f 2563/2768/2526 2565/2770/2526 2684/2889/2526
f 2565/2770/2526 2566/2771/2526 2690/2895/2526
f 2566/2771/2526 2567/2772/2526 2694/2899/2526
f 2567/2772/2526 2568/2773/2526 2698/2903/2526
f 2568/2773/2526 2557/2762/2526 2708/2913/2526
f 2543/2748/2526 2569/2774/2526 2723/2928/2526
f 2569/2774/2526 2571/2776/2526 2723/2928/2526
f 2571/2776/2526 2570/2775/2526 2730/2935/2526
f 2570/2775/2526 2539/2744/2526 2733/2938/2526
f 2790/2995/2527 2791/2996/2527 2792/2997/2527
f 2790/2995/2527 2793/2998/2527 2791/2996/2527
f 2794/2999/2527 2790/2995/2527 2792/2997/2527
f 2795/3000/2527 2790/2995/2527 2794/2999/2527
f 2796/3001/2527 2790/2995/2527 2797/3002/2527
f 2795/3000/2527 2797/3002/2527 2790/2995/2527
f 2793/2998/2527 2790/2995/2527 2796/3001/2527
f 2792/2997/2527 2791/2996/2527 2798/3003/2527
f 2791/2996/2527 2799/3004/2527 2798/3003/2527
f 2800/3005/2527 2799/3004/2527 2791/2996/2527
f 2793/2998/2527 2800/3005/2527 2791/2996/2527
f 2794/2999/2527 2792/2997/2527 2801/3006/2527
f 2792/2997/2527 2798/3003/2527 2802/3007/2527
f 2803/3008/2527 2792/2997/2527 2802/3007/2527
f 2801/3006/2527 2792/2997/2527 2803/3008/2527
f 2713/3009/2527 2716/3010/2527 2797/3002/2527
f 2804/3011/2527 2713/3009/2527 2797/3002/2527
f 2804/3011/2527 2714/3012/2527 2713/3009/2527
f 2716/3010/2527 2718/3013/2527 2797/3002/2527
f 2719/3014/2527 2796/3001/2527 2797/3002/2527
f 2718/3013/2527 2719/3014/2527 2797/3002/2527
f 2805/3015/2527 2804/3011/2527 2797/3002/2527
f 2805/3015/2527 2797/3002/2527 2795/3000/2527
f 2806/3016/2527 2793/2998/2527 2796/3001/2527
f 2722/3017/2527 2806/3016/2527 2796/3001/2527
f 2721/3018/2527 2796/3001/2527 2719/3014/2527
f 2722/3017/2527 2796/3001/2527 2721/3018/2527
f 2807/3019/2527 2808/3020/2527 2809/3021/2527
f 2810/3022/2527 2807/3019/2527 2809/3021/2527
f 2808/3020/2527 2811/3023/2527 2809/3021/2527
f 2809/3021/2527 2812/3024/2527 2810/3022/2527
f 2809/3021/2527 2813/3025/2527 2812/3024/2527
f 2814/3026/2527 2813/3025/2527 2809/3021/2527
f 2814/3026/2527 2809/3021/2527 2811/3023/2527
f 2810/3022/2527 2812/3024/2527 2815/3027/2527
f 2816/3028/2527 2817/3029/2527 2818/3030/2527
f 2819/3031/2527 2817/3029/2527 2816/3028/2527
f 2816/3028/2527 2818/3030/2527 2820/3032/2527
f 2821/3033/2527 2819/3031/2527 2816/3028/2527
f 2822/3034/2527 2821/3033/2527 2816/3028/2527
f 2816/3028/2527 2823/3035/2527 2822/3034/2527
f 2816/3028/2527 2820/3032/2527 2823/3035/2527
f 2818/3030/2527 2817/3029/2527 2824/3036/2527
f 2817/3029/2527 2825/3037/2527 2824/3036/2527
f 2817/3029/2527 2826/3038/2527 2825/3037/2527
f 2819/3031/2527 2826/3038/2527 2817/3029/2527
f 2827/3039/2527 2828/3040/2527 2818/3030/2527
f 2829/3041/2527 2827/3039/2527 2818/3030/2527
f 2818/3030/2527 2828/3040/2527 2820/3032/2527
f 2824/3036/2527 2829/3041/2527 2818/3030/2527
f 2830/3042/2527 2831/3043/2527 2832/3044/2527
f 2833/3045/2527 2830/3042/2527 2832/3044/2527
f 2832/3044/2527 2831/3043/2527 2834/3046/2527
f 2832/3044/2527 2835/3047/2527 2833/3045/2527
f 2832/3044/2527 2836/3048/2527 2835/3047/2527
f 2837/3049/2527 2836/3048/2527 2832/3044/2527
f 2837/3049/2527 2832/3044/2527 2834/3046/2527
f 2833/3045/2527 2835/3047/2527 2838/3050/2527
f 2839/3051/2527 2840/3052/2527 2841/3053/2527
f 2839/3051/2527 2842/3054/2527 2840/3052/2527
f 2731/3055/2527 2839/3051/2527 2841/3053/2527
f 2839/3051/2527 2731/3055/2527 2732/3056/2527
f 2843/3057/2527 2839/3051/2527 2844/3058/2527
f 2843/3057/2527 2842/3054/2527 2839/3051/2527
f 2734/3059/2527 2844/3058/2527 2839/3051/2527
f 2734/3059/2527 2839/3051/2527 2732/3056/2527
f 2841/3053/2527 2840/3052/2527 2845/3060/2527
f 2840/3052/2527 2806/3016/2527 2845/3060/2527
f 2840/3052/2527 2793/2998/2527 2806/3016/2527
f 2800/3005/2527 2793/2998/2527 2840/3052/2527
f 2840/3052/2527 2842/3054/2527 2800/3005/2527
f 2841/3053/2527 2729/3061/2527 2731/3055/2527
f 2728/3062/2527 2841/3053/2527 2845/3060/2527
f 2841/3053/2527 2728/3062/2527 2729/3061/2527
f 2724/3063/2527 2725/3064/2527 2845/3060/2527
f 2806/3016/2527 2724/3063/2527 2845/3060/2527
f 2724/3063/2527 2806/3016/2527 2722/3017/2527
f 2725/3064/2527 2727/3065/2527 2845/3060/2527
f 2728/3062/2527 2845/3060/2527 2727/3065/2527
f 2846/3066/2527 2847/3067/2527 2848/3068/2527
f 2846/3066/2527 2821/3033/2527 2847/3067/2527
f 2849/3069/2527 2846/3066/2527 2848/3068/2527
f 2850/3070/2527 2846/3066/2527 2849/3069/2527
f 2846/3066/2527 2819/3031/2527 2821/3033/2527
f 2850/3070/2527 2819/3031/2527 2846/3066/2527
f 2848/3068/2527 2847/3067/2527 2851/3071/2527
f 2852/3072/2527 2853/3073/2527 2847/3067/2527
f 2821/3033/2527 2852/3072/2527 2847/3067/2527
f 2853/3073/2527 2851/3071/2527 2847/3067/2527
f 2854/3074/2527 2849/3069/2527 2848/3068/2527
f 2855/3075/2527 2854/3074/2527 2848/3068/2527
f 2848/3068/2527 2856/3076/2527 2855/3075/2527
f 2848/3068/2527 2851/3071/2527 2856/3076/2527
f 2857/3077/2527 2849/3069/2527 2854/3074/2527
f 2858/3078/2527 2849/3069/2527 2859/3079/2527
f 2858/3078/2527 2850/3070/2527 2849/3069/2527
f 2859/3079/2527 2849/3069/2527 2857/3077/2527
f 2798/3003/2527 2799/3004/2527 2860/3080/2527
f 2799/3004/2527 2861/3081/2527 2860/3080/2527
f 2799/3004/2527 2862/3082/2527 2861/3081/2527
f 2800/3005/2527 2862/3082/2527 2799/3004/2527
f 2798/3003/2527 2860/3080/2527 2863/3083/2527
f 2798/3003/2527 2863/3083/2527 2864/3084/2527
f 2798/3003/2527 2865/3085/2527 2802/3007/2527
f 2798/3003/2527 2864/3084/2527 2865/3085/2527
f 2843/3057/2527 2844/3058/2527 2866/3086/2527
f 2867/3087/2527 2843/3057/2527 2866/3086/2527
f 2826/3038/2527 2843/3057/2527 2867/3087/2527
f 2826/3038/2527 2842/3054/2527 2843/3057/2527
f 2844/3058/2527 2736/3088/2527 2866/3086/2527
f 2736/3088/2527 2844/3058/2527 2735/3089/2527
f 2735/3089/2527 2844/3058/2527 2734/3059/2527
f 2740/3090/2527 2867/3087/2527 2866/3086/2527
f 2739/3091/2527 2740/3090/2527 2866/3086/2527
f 2739/3091/2527 2866/3086/2527 2738/3092/2527
f 2738/3092/2527 2866/3086/2527 2736/3088/2527
f 2741/3093/2527 2867/3087/2527 2740/3090/2527
f 2825/3037/2527 2867/3087/2527 2868/3094/2527
f 2825/3037/2527 2826/3038/2527 2867/3087/2527
f 2867/3087/2527 2741/3093/2527 2868/3094/2527
f 2869/3095/2527 2870/3096/2527 2871/3097/2527
f 2869/3095/2527 2871/3097/2527 2872/3098/2527
f 2873/3099/2527 2869/3095/2527 2872/3098/2527
f 2874/3100/2527 2871/3097/2527 2870/3096/2527
f 2825/3037/2527 2872/3098/2527 2871/3097/2527
f 2824/3036/2527 2825/3037/2527 2871/3097/2527
f 2874/3100/2527 2875/3101/2527 2871/3097/2527
f 2875/3101/2527 2824/3036/2527 2871/3097/2527
f 2825/3037/2527 2868/3094/2527 2872/3098/2527
f 2872/3098/2527 2868/3094/2527 2745/3102/2527
f 2746/3103/2527 2872/3098/2527 2745/3102/2527
f 2666/3104/2527 2876/3105/2527 2872/3098/2527
f 2666/3104/2527 2872/3098/2527 2746/3103/2527
f 2876/3105/2527 2873/3099/2527 2872/3098/2527
f 2877/3106/2527 2878/3107/2527 2879/3108/2527
f 2877/3106/2527 2879/3108/2527 2880/3109/2527
f 2881/3110/2527 2877/3106/2527 2880/3109/2527
f 2882/3111/2527 2879/3108/2527 2878/3107/2527
f 2883/3112/2527 2880/3109/2527 2879/3108/2527
f 2812/3024/2527 2883/3112/2527 2879/3108/2527
f 2882/3111/2527 2815/3027/2527 2879/3108/2527
f 2815/3027/2527 2812/3024/2527 2879/3108/2527
f 2880/3109/2527 2883/3112/2527 2884/3113/2527
f 2883/3112/2527 2885/3114/2527 2884/3113/2527
f 2883/3112/2527 2886/3115/2527 2885/3114/2527
f 2813/3025/2527 2883/3112/2527 2812/3024/2527
f 2883/3112/2527 2813/3025/2527 2886/3115/2527
f 2887/3116/2527 2880/3109/2527 2884/3113/2527
f 2887/3116/2527 2888/3117/2527 2880/3109/2527
f 2889/3118/2527 2890/3119/2527 2880/3109/2527
f 2888/3117/2527 2889/3118/2527 2880/3109/2527
f 2890/3119/2527 2881/3110/2527 2880/3109/2527
f 2891/3120/2527 2892/3121/2527 2893/3122/2527
f 2891/3120/2527 2893/3122/2527 2894/3123/2527
f 2895/3124/2527 2891/3120/2527 2894/3123/2527
f 2896/3125/2527 2893/3122/2527 2892/3121/2527
f 2858/3078/2527 2894/3123/2527 2893/3122/2527
f 2835/3047/2527 2858/3078/2527 2893/3122/2527
f 2896/3125/2527 2838/3050/2527 2893/3122/2527
f 2838/3050/2527 2835/3047/2527 2893/3122/2527
f 2858/3078/2527 2859/3079/2527 2894/3123/2527
f 2836/3048/2527 2858/3078/2527 2835/3047/2527
f 2858/3078/2527 2836/3048/2527 2850/3070/2527
f 2897/3126/2527 2894/3123/2527 2859/3079/2527
f 2897/3126/2527 2898/3127/2527 2894/3123/2527
f 2899/3128/2527 2900/3129/2527 2894/3123/2527
f 2898/3127/2527 2899/3128/2527 2894/3123/2527
f 2900/3129/2527 2895/3124/2527 2894/3123/2527
f 2857/3077/2527 2901/3130/2527 2859/3079/2527
f 2902/3131/2527 2859/3079/2527 2901/3130/2527
f 2902/3131/2527 2897/3126/2527 2859/3079/2527
f 2741/3093/2527 2742/3132/2527 2868/3094/2527
f 2868/3094/2527 2742/3132/2527 2744/3133/2527
f 2744/3133/2527 2745/3102/2527 2868/3094/2527
f 2903/3134/2527 2904/3135/2527 2884/3113/2527
f 2884/3113/2527 2885/3114/2527 2903/3134/2527
f 2903/3134/2527 2885/3114/2527 2905/3136/2527
f 2906/3137/2527 2884/3113/2527 2904/3135/2527
f 2906/3137/2527 2887/3116/2527 2884/3113/2527
f 2885/3114/2527 2907/3138/2527 2908/3139/2527
f 2886/3115/2527 2907/3138/2527 2885/3114/2527
f 2909/3140/2527 2885/3114/2527 2908/3139/2527
f 2909/3140/2527 2905/3136/2527 2885/3114/2527
f 2821/3033/2527 2910/3141/2527 2852/3072/2527
f 2821/3033/2527 2822/3034/2527 2910/3141/2527
f 2911/3142/2527 2912/3143/2527 2860/3080/2527
f 2861/3081/2527 2911/3142/2527 2860/3080/2527
f 2861/3081/2527 2913/3144/2527 2911/3142/2527
f 2912/3143/2527 2863/3083/2527 2860/3080/2527
f 2861/3081/2527 2862/3082/2527 2814/3026/2527
f 2914/3145/2527 2861/3081/2527 2814/3026/2527
f 2861/3081/2527 2914/3145/2527 2913/3144/2527
f 2907/3138/2527 2915/3146/2527 2908/3139/2527
f 2907/3138/2527 2916/3147/2527 2915/3146/2527
f 2886/3115/2527 2916/3147/2527 2907/3138/2527
f 2915/3146/2527 2917/3148/2527 2908/3139/2527
f 2915/3146/2527 2916/3147/2527 2837/3049/2527
f 2918/3149/2527 2915/3146/2527 2837/3049/2527
f 2915/3146/2527 2918/3149/2527 2919/3150/2527
f 2915/3146/2527 2919/3150/2527 2917/3148/2527
f 2908/3139/2527 2920/3151/2527 2909/3140/2527
f 2921/3152/2527 2908/3139/2527 2922/3153/2527
f 2920/3151/2527 2908/3139/2527 2921/3152/2527
f 2922/3153/2527 2908/3139/2527 2917/3148/2527
f 2862/3082/2527 2813/3025/2527 2814/3026/2527
f 2862/3082/2527 2886/3115/2527 2813/3025/2527
f 2923/3154/2527 2886/3115/2527 2862/3082/2527
f 2800/3005/2527 2923/3154/2527 2862/3082/2527
f 2814/3026/2527 2924/3155/2527 2914/3145/2527
f 2811/3023/2527 2924/3155/2527 2814/3026/2527
f 2829/3041/2527 2824/3036/2527 2875/3101/2527
f 2923/3154/2527 2826/3038/2527 2819/3031/2527
f 2850/3070/2527 2923/3154/2527 2819/3031/2527
f 2916/3147/2527 2836/3048/2527 2837/3049/2527
f 2916/3147/2527 2850/3070/2527 2836/3048/2527
f 2886/3115/2527 2923/3154/2527 2916/3147/2527
f 2923/3154/2527 2850/3070/2527 2916/3147/2527
f 2925/3156/2527 2918/3149/2527 2837/3049/2527
f 2834/3046/2527 2925/3156/2527 2837/3049/2527
f 2826/3038/2527 2923/3154/2527 2842/3054/2527
f 2923/3154/2527 2800/3005/2527 2842/3054/2527
f 2899/3128/2527 2926/3157/2527 2900/3129/2527
f 2666/3104/2527 2665/3158/2527 2876/3105/2527
f 2889/3118/2527 2927/3159/2527 2890/3119/2527
f 2928/3160/2528 2929/3161/2528 2930/3162/2528
f 2931/3163/2528 2928/3160/2528 2930/3162/2528
f 2932/3164/2528 2928/3160/2528 2931/3163/2528
f 2929/3161/2528 2933/3165/2528 2930/3162/2528
f 2934/3166/2528 2931/3163/2528 2930/3162/2528
f 2934/3166/2528 2930/3162/2528 2935/3167/2528
f 2933/3165/2528 2935/3167/2528 2930/3162/2528
f 2934/3166/2528 2936/3168/2528 2931/3163/2528
f 2937/3169/2528 2934/3166/2528 2935/3167/2528
f 2938/3170/2528 2934/3166/2528 2937/3169/2528
f 2938/3170/2528 2936/3168/2528 2934/3166/2528
f 2939/3171/2528 2932/3164/2528 2931/3163/2528
f 2939/3171/2528 2931/3163/2528 2940/3172/2528
f 2931/3163/2528 2936/3168/2528 2940/3172/2528
f 2941/3173/2528 2937/3169/2528 2935/3167/2528
f 2942/3174/2528 2937/3169/2528 2941/3173/2528
f 2943/3175/2528 2944/3176/2528 2937/3169/2528
f 2944/3176/2528 2938/3170/2528 2937/3169/2528
f 2943/3175/2528 2937/3169/2528 2945/3177/2528
f 2942/3174/2528 2945/3177/2528 2937/3169/2528
f 2946/3178/2528 2941/3173/2528 2935/3167/2528
f 2935/3167/2528 2947/3179/2528 2946/3178/2528
f 2947/3179/2528 2935/3167/2528 2933/3165/2528
f 2834/3180/2528 2831/3181/2528 2948/3182/2528
f 2925/3183/2528 2834/3180/2528 2948/3182/2528
f 2830/3184/2528 2948/3182/2528 2831/3181/2528
f 2949/3185/2528 2925/3183/2528 2948/3182/2528
f 2950/3186/2528 2951/3187/2528 2948/3182/2528
f 2950/3186/2528 2948/3182/2528 2830/3184/2528
f 2948/3182/2528 2951/3187/2528 2949/3185/2528
f 2949/3185/2528 2918/3188/2528 2925/3183/2528
f 2952/3189/2528 2953/3190/2528 2954/3191/2528
f 2955/3192/2528 2952/3189/2528 2954/3191/2528
f 2952/3189/2528 2955/3192/2528 2956/3193/2528
f 2957/3194/2528 2954/3191/2528 2953/3190/2528
f 2958/3195/2528 2955/3192/2528 2954/3191/2528
f 2959/3196/2528 2958/3195/2528 2954/3191/2528
f 2959/3196/2528 2954/3191/2528 2960/3197/2528
f 2954/3191/2528 2961/3198/2528 2960/3197/2528
f 2961/3198/2528 2954/3191/2528 2957/3194/2528
f 2958/3195/2528 2962/3199/2528 2955/3192/2528
f 2958/3195/2528 2963/3200/2528 2962/3199/2528
f 2964/3201/2528 2958/3195/2528 2959/3196/2528
f 2958/3195/2528 2965/3202/2528 2963/3200/2528
f 2964/3201/2528 2965/3202/2528 2958/3195/2528
f 2955/3192/2528 2962/3199/2528 2966/3203/2528
f 2967/3204/2528 2955/3192/2528 2966/3203/2528
f 2967/3204/2528 2956/3193/2528 2955/3192/2528
f 2968/3205/2528 2969/3206/2528 2970/3207/2528
f 2970/3207/2528 2971/3208/2528 2968/3205/2528
f 2968/3205/2528 2971/3208/2528 2972/3209/2528
f 2973/3210/2528 2970/3207/2528 2969/3206/2528
f 2962/3199/2528 2971/3208/2528 2970/3207/2528
f 2966/3203/2528 2962/3199/2528 2970/3207/2528
f 2966/3203/2528 2970/3207/2528 2973/3210/2528
f 2962/3199/2528 2963/3200/2528 2971/3208/2528
f 2971/3208/2528 2974/3211/2528 2975/3212/2528
f 2963/3200/2528 2974/3211/2528 2971/3208/2528
f 2976/3213/2528 2971/3208/2528 2975/3212/2528
f 2972/3209/2528 2971/3208/2528 2976/3213/2528
f 2977/3214/2528 2967/3204/2528 2966/3203/2528
f 2966/3203/2528 2978/3215/2528 2977/3214/2528
f 2966/3203/2528 2973/3210/2528 2978/3215/2528
f 2833/3216/2528 2838/3217/2528 2979/3218/2528
f 2979/3218/2528 2950/3186/2528 2833/3216/2528
f 2833/3216/2528 2950/3186/2528 2830/3184/2528
f 2896/3219/2528 2979/3218/2528 2838/3217/2528
f 2974/3211/2528 2950/3186/2528 2979/3218/2528
f 2975/3212/2528 2974/3211/2528 2979/3218/2528
f 2892/3220/2528 2975/3212/2528 2979/3218/2528
f 2892/3220/2528 2979/3218/2528 2896/3219/2528
f 2974/3211/2528 2963/3200/2528 2950/3186/2528
f 2963/3200/2528 2951/3187/2528 2950/3186/2528
f 2980/3221/2528 2981/3222/2528 2982/3223/2528
f 2980/3221/2528 2983/3224/2528 2981/3222/2528
f 2982/3223/2528 2984/3225/2528 2980/3221/2528
f 2985/3226/2528 2980/3221/2528 2984/3225/2528
f 2980/3221/2528 2985/3226/2528 2986/3227/2528
f 2987/3228/2528 2980/3221/2528 2986/3227/2528
f 2983/3224/2528 2980/3221/2528 2987/3228/2528
f 2982/3223/2528 2981/3222/2528 2988/3229/2528
f 2981/3222/2528 2989/3230/2528 2988/3229/2528
f 2981/3222/2528 2990/3231/2528 2989/3230/2528
f 2983/3224/2528 2990/3231/2528 2981/3222/2528
f 2991/3232/2528 2984/3225/2528 2982/3223/2528
f 2992/3233/2528 2991/3232/2528 2982/3223/2528
f 2993/3234/2528 2982/3223/2528 2988/3229/2528
f 2994/3235/2528 2982/3223/2528 2993/3234/2528
f 2994/3235/2528 2992/3233/2528 2982/3223/2528
f 2991/3232/2528 2995/3236/2528 2984/3225/2528
f 2996/3237/2528 2985/3226/2528 2984/3225/2528
f 2984/3225/2528 2995/3236/2528 2997/3238/2528
f 2997/3238/2528 2996/3237/2528 2984/3225/2528
f 2998/3239/2528 2999/3240/2528 3000/3241/2528
f 3001/3242/2528 3000/3241/2528 2999/3240/2528
f 3002/3243/2528 2999/3240/2528 2998/3239/2528
f 3003/3244/2528 3002/3243/2528 2998/3239/2528
f 2999/3240/2528 3004/3245/2528 3001/3242/2528
f 2999/3240/2528 3005/3246/2528 3004/3245/2528
f 3002/3243/2528 3005/3246/2528 2999/3240/2528
f 3006/3247/2528 3007/3248/2528 2988/3229/2528
f 2989/3230/2528 3006/3247/2528 2988/3229/2528
f 3008/3249/2528 3006/3247/2528 2989/3230/2528
f 3007/3248/2528 2993/3234/2528 2988/3229/2528
f 2989/3230/2528 2990/3231/2528 3009/3250/2528
f 2989/3230/2528 3009/3250/2528 3008/3249/2528
f 3010/3251/2528 3011/3252/2528 3012/3253/2528
f 3004/3245/2528 3012/3253/2528 3013/3254/2528
f 3001/3242/2528 3004/3245/2528 3013/3254/2528
f 3012/3253/2528 3004/3245/2528 3014/3255/2528
f 3004/3245/2528 3015/3256/2528 3014/3255/2528
f 3004/3245/2528 3016/3257/2528 3015/3256/2528
f 3004/3245/2528 3005/3246/2528 3016/3257/2528
f 3017/3258/2528 3012/3253/2528 3014/3255/2528
f 3018/3259/2528 3012/3253/2528 3017/3258/2528
f 3019/3260/2528 3020/3261/2528 3012/3253/2528
f 3018/3259/2528 3019/3260/2528 3012/3253/2528
f 3020/3261/2528 3010/3251/2528 3012/3253/2528
f 3021/3262/2528 3022/3263/2528 3023/3264/2528
f 3024/3265/2528 3021/3262/2528 3023/3264/2528
f 3021/3262/2528 3025/3266/2528 3022/3263/2528
f 3021/3262/2528 3024/3265/2528 3026/3267/2528
f 2940/3172/2528 3021/3262/2528 3026/3267/2528
f 2936/3168/2528 3021/3262/2528 2940/3172/2528
f 2936/3168/2528 3025/3266/2528 3021/3262/2528
f 3022/3263/2528 3027/3268/2528 3028/3269/2528
f 3025/3266/2528 3027/3268/2528 3022/3263/2528
f 2887/3270/2528 2986/3227/2528 2985/3226/2528
f 2996/3237/2528 3029/3271/2528 2985/3226/2528
f 2888/3272/2528 2887/3270/2528 2985/3226/2528
f 3030/3273/2528 2889/3274/2528 2985/3226/2528
f 3029/3271/2528 3030/3273/2528 2985/3226/2528
f 2889/3274/2528 2888/3272/2528 2985/3226/2528
f 2903/3275/2528 2987/3228/2528 2986/3227/2528
f 2904/3276/2528 2903/3275/2528 2986/3227/2528
f 2887/3270/2528 2906/3277/2528 2986/3227/2528
f 2986/3227/2528 2906/3277/2528 2904/3276/2528
f 2903/3275/2528 2905/3278/2528 2987/3228/2528
f 3031/3279/2528 2987/3228/2528 3032/3280/2528
f 2987/3228/2528 3031/3279/2528 2983/3224/2528
f 3032/3280/2528 2987/3228/2528 2905/3278/2528
f 3027/3268/2528 3002/3243/2528 3003/3244/2528
f 3025/3266/2528 3002/3243/2528 3027/3268/2528
f 3002/3243/2528 3025/3266/2528 3033/3281/2528
f 3033/3281/2528 3005/3246/2528 3002/3243/2528
f 3034/3282/2528 3014/3255/2528 3015/3256/2528
f 3035/3283/2528 3015/3256/2528 3016/3257/2528
f 3036/3284/2528 3015/3256/2528 3035/3283/2528
f 3034/3282/2528 3015/3256/2528 3036/3284/2528
f 3037/3285/2528 3017/3258/2528 3014/3255/2528
f 3014/3255/2528 3038/3286/2528 3037/3285/2528
f 3014/3255/2528 3034/3282/2528 3038/3286/2528
f 3016/3257/2528 3039/3287/2528 3035/3283/2528
f 3016/3257/2528 3040/3288/2528 3039/3287/2528
f 3005/3246/2528 3040/3288/2528 3016/3257/2528
f 3041/3289/2528 3035/3283/2528 3039/3287/2528
f 3039/3287/2528 3042/3290/2528 3043/3291/2528
f 3040/3288/2528 3042/3290/2528 3039/3287/2528
f 3043/3291/2528 3044/3292/2528 3039/3287/2528
f 3039/3287/2528 3044/3292/2528 3041/3289/2528
f 3036/3284/2528 3035/3283/2528 3045/3293/2528
f 3035/3283/2528 3041/3289/2528 3046/3294/2528
f 3045/3293/2528 3035/3283/2528 3046/3294/2528
f 3047/3295/2528 3048/3296/2528 3009/3250/2528
f 3047/3295/2528 3009/3250/2528 3049/3297/2528
f 3049/3297/2528 3050/3298/2528 3047/3295/2528
f 3051/3299/2528 3009/3250/2528 3048/3296/2528
f 2990/3231/2528 3049/3297/2528 3009/3250/2528
f 3009/3250/2528 3051/3299/2528 3008/3249/2528
f 3049/3297/2528 2990/3231/2528 3052/3300/2528
f 2983/3224/2528 2965/3202/2528 2990/3231/2528
f 2965/3202/2528 3052/3300/2528 2990/3231/2528
f 3049/3297/2528 2944/3176/2528 2943/3175/2528
f 3052/3300/2528 2944/3176/2528 3049/3297/2528
f 3050/3298/2528 3049/3297/2528 2943/3175/2528
f 3053/3301/2528 3031/3279/2528 3032/3280/2528
f 3054/3302/2528 3031/3279/2528 3053/3301/2528
f 3054/3302/2528 2983/3224/2528 3031/3279/2528
f 3032/3280/2528 2922/3303/2528 3053/3301/2528
f 2920/3304/2528 3032/3280/2528 2909/3305/2528
f 2920/3304/2528 2921/3306/2528 3032/3280/2528
f 3032/3280/2528 2905/3278/2528 2909/3305/2528
f 3032/3280/2528 2921/3306/2528 2922/3303/2528
f 3054/3302/2528 3053/3301/2528 2949/3185/2528
f 2919/3307/2528 2949/3185/2528 3053/3301/2528
f 2922/3303/2528 2917/3308/2528 3053/3301/2528
f 2917/3308/2528 2919/3307/2528 3053/3301/2528
f 3028/3269/2528 3027/3268/2528 3003/3244/2528
f 3055/3309/2528 3056/3310/2528 3026/3267/2528
f 3055/3309/2528 3026/3267/2528 3024/3265/2528
f 3057/3311/2528 3055/3309/2528 3024/3265/2528
f 3058/3312/2528 3026/3267/2528 3056/3310/2528
f 3059/3313/2528 2940/3172/2528 3026/3267/2528
f 3059/3313/2528 3026/3267/2528 3058/3312/2528
f 2531/3314/2528 3060/3315/2528 3024/3265/2528
f 2534/3316/2528 2531/3314/2528 3024/3265/2528
f 3060/3315/2528 3057/3311/2528 3024/3265/2528
f 3042/3290/2528 3061/3317/2528 3062/3318/2528
f 3040/3288/2528 3061/3317/2528 3042/3290/2528
f 3063/3319/2528 3042/3290/2528 3062/3318/2528
f 3063/3319/2528 3064/3320/2528 3042/3290/2528
f 3064/3320/2528 3043/3291/2528 3042/3290/2528
f 3062/3318/2528 3061/3317/2528 2960/3197/2528
f 3061/3317/2528 2959/3196/2528 2960/3197/2528
f 3061/3317/2528 2964/3201/2528 2959/3196/2528
f 3040/3288/2528 2964/3201/2528 3061/3317/2528
f 3065/3321/2528 3063/3319/2528 3062/3318/2528
f 2960/3197/2528 3066/3322/2528 3062/3318/2528
f 3065/3321/2528 3062/3318/2528 3067/3323/2528
f 3062/3318/2528 3066/3322/2528 3067/3323/2528
f 2951/3187/2528 3054/3302/2528 2949/3185/2528
f 2963/3200/2528 3054/3302/2528 2951/3187/2528
f 2963/3200/2528 2965/3202/2528 3054/3302/2528
f 2965/3202/2528 2983/3224/2528 3054/3302/2528
f 2919/3307/2528 2918/3188/2528 2949/3185/2528
f 2939/3171/2528 2940/3172/2528 3068/3324/2528
f 3052/3300/2528 2938/3170/2528 2944/3176/2528
f 3069/3325/2528 3050/3298/2528 2943/3175/2528
f 2943/3175/2528 2945/3177/2528 3070/3326/2528
f 2943/3175/2528 3070/3326/2528 3069/3325/2528
f 3071/3327/2528 2960/3197/2528 3072/3328/2528
f 2960/3197/2528 3071/3327/2528 3066/3322/2528
f 2961/3198/2528 3072/3328/2528 2960/3197/2528
f 3073/3329/2528 3074/3330/2528 2975/3212/2528
f 2900/3331/2528 3073/3329/2528 2975/3212/2528
f 3074/3330/2528 3075/3332/2528 2975/3212/2528
f 2976/3213/2528 2975/3212/2528 3075/3332/2528
f 2895/3333/2528 2900/3331/2528 2975/3212/2528
f 2895/3333/2528 2975/3212/2528 2891/3334/2528
f 2891/3334/2528 2975/3212/2528 2892/3220/2528
f 2900/3331/2528 2926/3335/2528 3073/3329/2528
f 3068/3324/2528 2940/3172/2528 3059/3313/2528
f 3033/3281/2528 2964/3201/2528 3040/3288/2528
f 3005/3246/2528 3033/3281/2528 3040/3288/2528
f 2938/3170/2528 3025/3266/2528 2936/3168/2528
f 3033/3281/2528 3025/3266/2528 2938/3170/2528
f 3052/3300/2528 3033/3281/2528 2938/3170/2528
f 2964/3201/2528 3033/3281/2528 3052/3300/2528
f 3052/3300/2528 2965/3202/2528 2964/3201/2528
f 3019/3260/2528 3076/3336/2528 3020/3261/2528
f 2531/3314/2528 2536/3337/2528 3060/3315/2528
f 3030/3273/2528 2927/3338/2528 2889/3274/2528
f 3013/3254/2528 3077/3339/2528 3078/3340/2528
f 3012/3253/2528 3079/3341/2528 3080/3342/2528
f 3011/3252/2528 3081/3343/2528 3079/3341/2528
f 3079/3341/2528 3012/3253/2528 3011/3252/2528
f 3082/3344/2528 3083/3345/2528 3084/3346/2528
f 3084/3346/2528 3011/3252/2528 3082/3344/2528
f 3023/3264/2528 3085/3347/2528 3086/3348/2528
f 3023/3264/2528 3087/3349/2528 3088/3350/2528
f 3022/3263/2528 3089/3351/2528 3090/3352/2528
f 3022/3263/2528 3028/3269/2528 3091/3353/2528
f 3028/3269/2528 3092/3354/2528 3093/3355/2528
f 3028/3269/2528 3094/3356/2528 3095/3357/2528
f 3003/3244/2528 3096/3358/2528 3097/3359/2528
f 3003/3244/2528 3098/3360/2528 3099/3361/2528
f 3003/3244/2528 2998/3239/2528 3100/3362/2528
f 2998/3239/2528 3000/3241/2528 3101/3363/2528
f 3000/3241/2528 3102/3364/2528 3103/3365/2528
f 3000/3241/2528 3104/3366/2528 3105/3367/2528
f 3001/3242/2528 3106/3368/2528 3107/3369/2528
f 3001/3242/2528 3013/3254/2528 3108/3370/2528
f 3108/3370/2528 3109/3371/2528 3001/3242/2528
f 3024/3265/2528 3023/3264/2528 3110/3372/2528
f 3110/3372/2528 3111/3373/2528 3024/3265/2528
f 3024/3265/2528 3112/3374/2528 2537/3375/2528
f 2537/3375/2528 2534/3316/2528 3024/3265/2528
f 3111/3373/2528 3112/3374/2528 3024/3265/2528
f 3108/3370/2528 3013/3254/2528 3113/3376/2528
f 3109/3371/2528 3114/3377/2528 3001/3242/2528
f 3115/3378/2528 3001/3242/2528 3114/3377/2528
f 3106/3368/2528 3001/3242/2528 3115/3378/2528
f 3107/3369/2528 3000/3241/2528 3001/3242/2528
f 3104/3366/2528 3000/3241/2528 3107/3369/2528
f 3105/3367/2528 3102/3364/2528 3000/3241/2528
f 3103/3365/2528 3101/3363/2528 3000/3241/2528
f 3101/3363/2528 3116/3379/2528 2998/3239/2528
f 3117/3380/2528 2998/3239/2528 3116/3379/2528
f 3100/3362/2528 2998/3239/2528 3117/3380/2528
f 3100/3362/2528 3118/3381/2528 3003/3244/2528
f 3098/3360/2528 3003/3244/2528 3118/3381/2528
f 3099/3361/2528 3096/3358/2528 3003/3244/2528
f 3097/3359/2528 3028/3269/2528 3003/3244/2528
f 3119/3382/2528 3028/3269/2528 3097/3359/2528
f 3094/3356/2528 3028/3269/2528 3119/3382/2528
f 3095/3357/2528 3092/3354/2528 3028/3269/2528
f 3093/3355/2528 3091/3353/2528 3028/3269/2528
f 3091/3353/2528 3120/3383/2528 3022/3263/2528
f 3089/3351/2528 3022/3263/2528 3120/3383/2528
f 3090/3352/2528 3023/3264/2528 3022/3263/2528
f 3087/3349/2528 3023/3264/2528 3090/3352/2528
f 3088/3350/2528 3085/3347/2528 3023/3264/2528
f 3086/3348/2528 3110/3372/2528 3023/3264/2528
f 3084/3346/2528 3081/3343/2528 3011/3252/2528
f 3083/3345/2528 3082/3344/2528 3121/3384/2528
f 3080/3342/2528 3013/3254/2528 3012/3253/2528
f 3077/3339/2528 3013/3254/2528 3080/3342/2528
f 3078/3340/2528 3113/3376/2528 3013/3254/2528
f 3020/3385/2529 3076/3386/2529 3122/3387/2529
f 3123/3388/2529 3124/3389/2529 3125/3390/2529
f 3126/3391/2529 3123/3388/2529 3127/3392/2529
f 3122/3387/2529 3126/3391/2529 3128/3393/2529
f 3128/3393/2529 3129/3394/2529 3122/3387/2529
f 3129/3394/2529 3130/3395/2529 3122/3387/2529
f 3122/3387/2529 3131/3396/2529 3132/3397/2529
f 3132/3397/2529 3020/3385/2529 3122/3387/2529
f 3020/3385/2529 3133/3398/2529 3134/3399/2529
f 3010/3400/2529 3134/3399/2529 3135/3401/2529
f 3011/3402/2529 3135/3401/2529 3136/3403/2529
f 3011/3402/2529 3137/3404/2529 3138/3405/2529
f 3121/3406/2529 3082/3407/2529 3138/3405/2529
f 3138/3405/2529 3082/3407/2529 3011/3402/2529
f 3136/3403/2529 3137/3404/2529 3011/3402/2529
f 3135/3401/2529 3011/3402/2529 3010/3400/2529
f 3134/3399/2529 3010/3400/2529 3020/3385/2529
f 3132/3397/2529 3133/3398/2529 3020/3385/2529
f 3130/3395/2529 3131/3396/2529 3122/3387/2529
f 3127/3392/2529 3128/3393/2529 3126/3391/2529
f 3127/3392/2529 3123/3388/2529 3139/3408/2529
f 3125/3390/2529 3139/3408/2529 3123/3388/2529
f 3140/3409/2530 3141/3410/2530 3142/3411/2530
f 3143/3412/2530 3141/3410/2530 3140/3409/2530
f 2770/3413/2530 3140/3409/2530 3142/3411/2530
f 2769/3414/2530 3140/3409/2530 2770/3413/2530
f 3144/3415/2530 3145/3416/2530 3140/3409/2530
f 3145/3416/2530 3143/3412/2530 3140/3409/2530
f 3144/3415/2530 3140/3409/2530 2768/3417/2530
f 2769/3414/2530 2768/3417/2530 3140/3409/2530
f 3141/3410/2530 3146/3418/2530 3142/3411/2530
f 3141/3410/2530 3147/3419/2530 3146/3418/2530
f 3141/3410/2530 3148/3420/2530 3147/3419/2530
f 3143/3412/2530 3148/3420/2530 3141/3410/2530
f 2771/3421/2530 2770/3413/2530 3142/3411/2530
f 2773/3422/2530 3142/3411/2530 3146/3418/2530
f 3142/3411/2530 2773/3422/2530 2771/3421/2530
f 2776/3423/2530 2775/3424/2530 3146/3418/2530
f 3147/3419/2530 2776/3423/2530 3146/3418/2530
f 2778/3425/2530 2776/3423/2530 3147/3419/2530
f 2775/3424/2530 2774/3426/2530 3146/3418/2530
f 2774/3426/2530 2773/3422/2530 3146/3418/2530
f 2779/3427/2530 2778/3425/2530 3147/3419/2530
f 2779/3427/2530 3147/3419/2530 3149/3428/2530
f 3147/3419/2530 3148/3420/2530 3149/3428/2530
f 2811/3429/2530 2808/3430/2530 3150/3431/2530
f 2924/3432/2530 2811/3429/2530 3150/3431/2530
f 2807/3433/2530 3150/3431/2530 2808/3430/2530
f 3151/3434/2530 2924/3432/2530 3150/3431/2530
f 3152/3435/2530 3153/3436/2530 3150/3431/2530
f 3152/3435/2530 3150/3431/2530 2807/3433/2530
f 3150/3431/2530 3153/3436/2530 3151/3434/2530
f 3151/3434/2530 2914/3437/2530 2924/3432/2530
f 3051/3438/2530 3048/3439/2530 3154/3440/2530
f 3155/3441/2530 3051/3438/2530 3154/3440/2530
f 3051/3438/2530 3155/3441/2530 3008/3442/2530
f 3047/3443/2530 3154/3440/2530 3048/3439/2530
f 3156/3444/2530 3155/3441/2530 3154/3440/2530
f 3157/3445/2530 3156/3444/2530 3154/3440/2530
f 3157/3445/2530 3154/3440/2530 3158/3446/2530
f 3154/3440/2530 3050/3447/2530 3158/3446/2530
f 3050/3447/2530 3154/3440/2530 3047/3443/2530
f 3156/3444/2530 3159/3448/2530 3155/3441/2530
f 3156/3444/2530 3160/3449/2530 3159/3448/2530
f 3161/3450/2530 3156/3444/2530 3157/3445/2530
f 3156/3444/2530 3162/3451/2530 3160/3449/2530
f 3161/3450/2530 3162/3451/2530 3156/3444/2530
f 3155/3441/2530 3159/3448/2530 3163/3452/2530
f 3006/3453/2530 3155/3441/2530 3163/3452/2530
f 3006/3453/2530 3008/3442/2530 3155/3441/2530
f 2991/3454/2530 2992/3455/2530 3164/3456/2530
f 3164/3456/2530 3165/3457/2530 2991/3454/2530
f 2991/3454/2530 3165/3457/2530 2995/3458/2530
f 2994/3459/2530 3164/3456/2530 2992/3455/2530
f 3159/3448/2530 3165/3457/2530 3164/3456/2530
f 3163/3452/2530 3159/3448/2530 3164/3456/2530
f 3163/3452/2530 3164/3456/2530 2994/3459/2530
f 3159/3448/2530 3160/3449/2530 3165/3457/2530
f 3165/3457/2530 3166/3460/2530 3167/3461/2530
f 3160/3449/2530 3166/3460/2530 3165/3457/2530
f 2997/3462/2530 3165/3457/2530 3167/3461/2530
f 2995/3458/2530 3165/3457/2530 2997/3462/2530
f 3007/3463/2530 3006/3453/2530 3163/3452/2530
f 3163/3452/2530 2993/3464/2530 3007/3463/2530
f 3163/3452/2530 2994/3459/2530 2993/3464/2530
f 2810/3465/2530 2815/3466/2530 3168/3467/2530
f 3168/3467/2530 3152/3435/2530 2810/3465/2530
f 2810/3465/2530 3152/3435/2530 2807/3433/2530
f 2882/3468/2530 3168/3467/2530 2815/3466/2530
f 3166/3460/2530 3152/3435/2530 3168/3467/2530
f 3167/3461/2530 3166/3460/2530 3168/3467/2530
f 2878/3469/2530 3167/3461/2530 3168/3467/2530
f 2878/3469/2530 3168/3467/2530 2882/3468/2530
f 3166/3460/2530 3160/3449/2530 3152/3435/2530
f 3160/3449/2530 3153/3436/2530 3152/3435/2530
f 2757/3470/2530 2756/3471/2530 3169/3472/2530
f 3170/3473/2530 2757/3470/2530 3169/3472/2530
f 2759/3474/2530 2757/3470/2530 3170/3473/2530
f 2755/3475/2530 3169/3472/2530 2756/3471/2530
f 3171/3476/2530 3170/3473/2530 3169/3472/2530
f 3172/3477/2530 3171/3476/2530 3169/3472/2530
f 2754/3478/2530 3172/3477/2530 3169/3472/2530
f 2754/3478/2530 3169/3472/2530 2755/3475/2530
f 3171/3476/2530 3173/3479/2530 3170/3473/2530
f 3174/3480/2530 3171/3476/2530 3172/3477/2530
f 3174/3480/2530 3175/3481/2530 3171/3476/2530
f 3175/3481/2530 3173/3479/2530 3171/3476/2530
f 3170/3473/2530 3173/3479/2530 3176/3482/2530
f 3170/3473/2530 3176/3482/2530 2759/3474/2530
f 3177/3483/2530 3178/3484/2530 3179/3485/2530
f 3180/3486/2530 3179/3485/2530 3178/3484/2530
f 3181/3487/2530 3178/3484/2530 3177/3483/2530
f 3182/3488/2530 3181/3487/2530 3177/3483/2530
f 3178/3484/2530 3183/3489/2530 3180/3486/2530
f 3178/3484/2530 3184/3490/2530 3183/3489/2530
f 3181/3487/2530 3184/3490/2530 3178/3484/2530
f 3172/3477/2530 3185/3491/2530 3174/3480/2530
f 3186/3492/2530 3174/3480/2530 3185/3491/2530
f 3174/3480/2530 3186/3492/2530 3187/3493/2530
f 3188/3494/2530 3174/3480/2530 3187/3493/2530
f 3175/3481/2530 3174/3480/2530 3188/3494/2530
f 2752/3495/2530 3185/3491/2530 3172/3477/2530
f 2753/3496/2530 2752/3495/2530 3172/3477/2530
f 2754/3478/2530 2753/3496/2530 3172/3477/2530
f 2752/3495/2530 2751/3497/2530 3185/3491/2530
f 2748/3498/2530 3186/3492/2530 3185/3491/2530
f 3185/3491/2530 2751/3497/2530 2749/3499/2530
f 2749/3499/2530 2748/3498/2530 3185/3491/2530
f 3183/3489/2530 3189/3500/2530 3190/3501/2530
f 3180/3486/2530 3183/3489/2530 3190/3501/2530
f 3189/3500/2530 3183/3489/2530 3191/3502/2530
f 3183/3489/2530 3192/3503/2530 3191/3502/2530
f 3183/3489/2530 3193/3504/2530 3192/3503/2530
f 3183/3489/2530 3184/3490/2530 3193/3504/2530
f 3055/3505/2530 3189/3500/2530 3191/3502/2530
f 3057/3506/2530 3189/3500/2530 3055/3505/2530
f 3060/3507/2530 2529/3508/2530 3189/3500/2530
f 3057/3506/2530 3060/3507/2530 3189/3500/2530
f 3194/3509/2530 3195/3510/2530 3196/3511/2530
f 3197/3512/2530 3194/3509/2530 3196/3511/2530
f 3194/3509/2530 3198/3513/2530 3195/3510/2530
f 3194/3509/2530 3197/3512/2530 3199/3514/2530
f 3149/3428/2530 3194/3509/2530 3199/3514/2530
f 3148/3420/2530 3194/3509/2530 3149/3428/2530
f 3148/3420/2530 3198/3513/2530 3194/3509/2530
f 3195/3510/2530 3200/3515/2530 3201/3516/2530
f 3198/3513/2530 3200/3515/2530 3195/3510/2530
f 2795/3517/2530 3187/3493/2530 3186/3492/2530
f 2748/3498/2530 2747/3518/2530 3186/3492/2530
f 2805/3519/2530 2795/3517/2530 3186/3492/2530
f 2715/3520/2530 2804/3521/2530 3186/3492/2530
f 2747/3518/2530 2715/3520/2530 3186/3492/2530
f 2804/3521/2530 2805/3519/2530 3186/3492/2530
f 2803/3522/2530 3188/3494/2530 3187/3493/2530
f 2801/3523/2530 2803/3522/2530 3187/3493/2530
f 2795/3517/2530 2794/3524/2530 3187/3493/2530
f 3187/3493/2530 2794/3524/2530 2801/3523/2530
f 2803/3522/2530 2802/3525/2530 3188/3494/2530
f 3202/3526/2530 3188/3494/2530 3203/3527/2530
f 3188/3494/2530 3202/3526/2530 3175/3481/2530
f 3203/3527/2530 3188/3494/2530 2802/3525/2530
f 3200/3515/2530 3181/3487/2530 3182/3488/2530
f 3198/3513/2530 3181/3487/2530 3200/3515/2530
f 3181/3487/2530 3198/3513/2530 3204/3528/2530
f 3204/3528/2530 3184/3490/2530 3181/3487/2530
f 3059/3529/2530 3191/3502/2530 3192/3503/2530
f 3205/3530/2530 3192/3503/2530 3193/3504/2530
f 3068/3531/2530 3192/3503/2530 3205/3530/2530
f 3059/3529/2530 3192/3503/2530 3068/3531/2530
f 3056/3532/2530 3055/3505/2530 3191/3502/2530
f 3191/3502/2530 3058/3533/2530 3056/3532/2530
f 3191/3502/2530 3059/3529/2530 3058/3533/2530
f 3193/3504/2530 3206/3534/2530 3205/3530/2530
f 3193/3504/2530 3207/3535/2530 3206/3534/2530
f 3184/3490/2530 3207/3535/2530 3193/3504/2530
f 2928/3536/2530 3205/3530/2530 3206/3534/2530
f 3206/3534/2530 3208/3537/2530 2933/3538/2530
f 3207/3535/2530 3208/3537/2530 3206/3534/2530
f 2933/3538/2530 2929/3539/2530 3206/3534/2530
f 3206/3534/2530 2929/3539/2530 2928/3536/2530
f 3068/3531/2530 3205/3530/2530 2939/3540/2530
f 3205/3530/2530 2928/3536/2530 2932/3541/2530
f 2939/3540/2530 3205/3530/2530 2932/3541/2530
f 2763/3542/2530 2762/3543/2530 3176/3482/2530
f 2763/3542/2530 3176/3482/2530 3209/3544/2530
f 3209/3544/2530 2764/3545/2530 2763/3542/2530
f 2760/3546/2530 3176/3482/2530 2762/3543/2530
f 3173/3479/2530 3209/3544/2530 3176/3482/2530
f 3176/3482/2530 2760/3546/2530 2759/3474/2530
f 3173/3479/2530 3210/3547/2530 3209/3544/2530
f 3175/3481/2530 3162/3451/2530 3173/3479/2530
f 3162/3451/2530 3210/3547/2530 3173/3479/2530
f 3209/3544/2530 3145/3416/2530 3144/3415/2530
f 3210/3547/2530 3145/3416/2530 3209/3544/2530
f 2764/3545/2530 3209/3544/2530 3144/3415/2530
f 3211/3548/2530 3202/3526/2530 3203/3527/2530
f 3212/3549/2530 3202/3526/2530 3211/3548/2530
f 3212/3549/2530 3175/3481/2530 3202/3526/2530
f 3203/3527/2530 2912/3550/2530 3211/3548/2530
f 2864/3551/2530 3203/3527/2530 2865/3552/2530
f 2864/3551/2530 2863/3553/2530 3203/3527/2530
f 3203/3527/2530 2802/3525/2530 2865/3552/2530
f 3203/3527/2530 2863/3553/2530 2912/3550/2530
f 3212/3549/2530 3211/3548/2530 3151/3434/2530
f 2913/3554/2530 3151/3434/2530 3211/3548/2530
f 2912/3550/2530 2911/3555/2530 3211/3548/2530
f 2911/3555/2530 2913/3554/2530 3211/3548/2530
f 3201/3516/2530 3200/3515/2530 3182/3488/2530
f 2785/3556/2530 2784/3557/2530 3199/3514/2530
f 2785/3556/2530 3199/3514/2530 3197/3512/2530
f 2786/3558/2530 2785/3556/2530 3197/3512/2530
f 2782/3559/2530 3199/3514/2530 2784/3557/2530
f 2781/3560/2530 3149/3428/2530 3199/3514/2530
f 2781/3560/2530 3199/3514/2530 2782/3559/2530
f 2575/3561/2530 2786/3558/2530 3197/3512/2530
f 3208/3537/2530 3213/3562/2530 3214/3563/2530
f 3207/3535/2530 3213/3562/2530 3208/3537/2530
f 2946/3564/2530 3208/3537/2530 3214/3563/2530
f 2946/3564/2530 2947/3565/2530 3208/3537/2530
f 2947/3565/2530 2933/3538/2530 3208/3537/2530
f 3214/3563/2530 3213/3562/2530 3158/3446/2530
f 3213/3562/2530 3157/3445/2530 3158/3446/2530
f 3213/3562/2530 3161/3450/2530 3157/3445/2530
f 3207/3535/2530 3161/3450/2530 3213/3562/2530
f 2941/3566/2530 2946/3564/2530 3214/3563/2530
f 3158/3446/2530 2945/3567/2530 3214/3563/2530
f 2941/3566/2530 3214/3563/2530 2942/3568/2530
f 3214/3563/2530 2945/3567/2530 2942/3568/2530
f 3153/3436/2530 3212/3549/2530 3151/3434/2530
f 3160/3449/2530 3212/3549/2530 3153/3436/2530
f 3160/3449/2530 3162/3451/2530 3212/3549/2530
f 3162/3451/2530 3175/3481/2530 3212/3549/2530
f 2913/3554/2530 2914/3437/2530 3151/3434/2530
f 2779/3427/2530 3149/3428/2530 2780/3569/2530
f 3210/3547/2530 3143/3412/2530 3145/3416/2530
f 2765/3570/2530 2764/3545/2530 3144/3415/2530
f 3144/3415/2530 2768/3417/2530 2767/3571/2530
f 3144/3415/2530 2767/3571/2530 2765/3570/2530
f 3070/3572/2530 3158/3446/2530 3069/3573/2530
f 3158/3446/2530 3070/3572/2530 2945/3567/2530
f 3050/3447/2530 3069/3573/2530 3158/3446/2530
f 3030/3574/2530 3029/3575/2530 3167/3461/2530
f 2890/3576/2530 3030/3574/2530 3167/3461/2530
f 3029/3575/2530 2996/3577/2530 3167/3461/2530
f 2997/3462/2530 3167/3461/2530 2996/3577/2530
f 2881/3578/2530 2890/3576/2530 3167/3461/2530
f 2881/3578/2530 3167/3461/2530 2877/3579/2530
f 2877/3579/2530 3167/3461/2530 2878/3469/2530
f 2890/3576/2530 2927/3580/2530 3030/3574/2530
f 2780/3569/2530 3149/3428/2530 2781/3560/2530
f 3204/3528/2530 3161/3450/2530 3207/3535/2530
f 3184/3490/2530 3204/3528/2530 3207/3535/2530
f 3143/3412/2530 3198/3513/2530 3148/3420/2530
f 3204/3528/2530 3198/3513/2530 3143/3412/2530
f 3210/3547/2530 3204/3528/2530 3143/3412/2530
f 3161/3450/2530 3204/3528/2530 3210/3547/2530
f 3210/3547/2530 3162/3451/2530 3161/3450/2530
f 3060/3507/2530 2536/3581/2530 2529/3508/2530
f 2715/3520/2530 2714/3582/2530 2804/3521/2530
f 3189/3500/2530 3215/3583/2530 3216/3584/2530
f 3180/3486/2530 3190/3501/2530 3217/3585/2530
f 3180/3486/2530 3218/3586/2530 3219/3587/2530
f 3177/3483/2530 3179/3485/2530 3220/3588/2530
f 3182/3488/2530 3177/3483/2530 3221/3589/2530
f 3182/3488/2530 3222/3590/2530 3223/3591/2530
f 3195/3510/2530 3201/3516/2530 3224/3592/2530
f 3195/3510/2530 3225/3593/2530 3226/3594/2530
f 3196/3511/2530 3226/3594/2530 3227/3595/2530
f 3196/3511/2530 3228/3596/2530 3229/3597/2530
f 3197/3512/2530 3196/3511/2530 3230/3598/2530
f 3197/3512/2530 3231/3599/2530 3232/3600/2530
f 3197/3512/2530 3233/3601/2530 3231/3599/2530
f 3197/3512/2530 3234/3602/2530 3235/3603/2530
f 3197/3512/2530 3236/3604/2530 3234/3602/2530
f 3197/3512/2530 3237/3605/2530 3236/3604/2530
f 2575/3561/2530 3235/3603/2530 3238/3606/2530
f 3238/3606/2530 3239/3607/2530 2575/3561/2530
f 3189/3500/2530 2529/3508/2530 2538/3608/2530
f 3189/3500/2530 3240/3609/2530 3241/3610/2530
f 3241/3610/2530 3242/3611/2530 3189/3500/2530
f 3242/3611/2530 3215/3583/2530 3189/3500/2530
f 2538/3608/2530 3240/3609/2530 3189/3500/2530
f 3239/3607/2530 2646/3612/2530 2575/3561/2530
f 3235/3603/2530 2575/3561/2530 3197/3512/2530
f 3232/3600/2530 3237/3605/2530 3197/3512/2530
f 3233/3601/2530 3197/3512/2530 3243/3613/2530
f 3230/3598/2530 3243/3613/2530 3197/3512/2530
f 3229/3597/2530 3230/3598/2530 3196/3511/2530
f 3228/3596/2530 3196/3511/2530 3244/3614/2530
f 3227/3595/2530 3244/3614/2530 3196/3511/2530
f 3226/3594/2530 3196/3511/2530 3195/3510/2530
f 3225/3593/2530 3195/3510/2530 3245/3615/2530
f 3224/3592/2530 3245/3615/2530 3195/3510/2530
f 3224/3592/2530 3201/3516/2530 3246/3616/2530
f 3246/3616/2530 3201/3516/2530 3247/3617/2530
f 3247/3617/2530 3201/3516/2530 3248/3618/2530
f 3248/3618/2530 3201/3516/2530 3223/3591/2530
f 3223/3591/2530 3201/3516/2530 3182/3488/2530
f 3222/3590/2530 3182/3488/2530 3249/3619/2530
f 3249/3619/2530 3182/3488/2530 3250/3620/2530
f 3221/3589/2530 3250/3620/2530 3182/3488/2530
f 3221/3589/2530 3177/3483/2530 3251/3621/2530
f 3251/3621/2530 3177/3483/2530 3252/3622/2530
f 3220/3588/2530 3252/3622/2530 3177/3483/2530
f 3220/3588/2530 3179/3485/2530 3253/3623/2530
f 3253/3623/2530 3179/3485/2530 3254/3624/2530
f 3254/3624/2530 3179/3485/2530 3219/3587/2530
f 3219/3587/2530 3179/3485/2530 3180/3486/2530
f 3218/3586/2530 3180/3486/2530 3255/3625/2530
f 3255/3625/2530 3180/3486/2530 3256/3626/2530
f 3217/3585/2530 3256/3626/2530 3180/3486/2530
f 3217/3585/2530 3190/3501/2530 3257/3627/2530
f 3257/3627/2530 3190/3501/2530 3258/3628/2530
f 3258/3628/2530 3190/3501/2530 3216/3584/2530
f 3216/3584/2530 3190/3501/2530 3189/3500/2530
f 3041/3629/2531 3044/3630/2531 3259/3631/2531
f 3260/3632/2531 3041/3629/2531 3259/3631/2531
f 3046/3633/2531 3041/3629/2531 3260/3632/2531
f 3044/3630/2531 3043/3634/2531 3259/3631/2531
f 3261/3635/2531 3260/3632/2531 3259/3631/2531
f 3261/3635/2531 3259/3631/2531 3262/3636/2531
f 3043/3634/2531 3262/3636/2531 3259/3631/2531
f 3261/3635/2531 3263/3637/2531 3260/3632/2531
f 3264/3638/2531 3261/3635/2531 3262/3636/2531
f 3265/3639/2531 3261/3635/2531 3264/3638/2531
f 3265/3639/2531 3263/3637/2531 3261/3635/2531
f 3045/3640/2531 3046/3633/2531 3260/3632/2531
f 3045/3640/2531 3260/3632/2531 3266/3641/2531
f 3260/3632/2531 3263/3637/2531 3266/3641/2531
f 3065/3642/2531 3264/3638/2531 3262/3636/2531
f 3067/3643/2531 3264/3638/2531 3065/3642/2531
f 3267/3644/2531 3268/3645/2531 3264/3638/2531
f 3268/3645/2531 3265/3639/2531 3264/3638/2531
f 3066/3646/2531 3267/3644/2531 3264/3638/2531
f 3067/3643/2531 3066/3646/2531 3264/3638/2531
f 3063/3647/2531 3065/3642/2531 3262/3636/2531
f 3262/3636/2531 3064/3648/2531 3063/3647/2531
f 3064/3648/2531 3262/3636/2531 3043/3634/2531
f 2820/3649/2531 2828/3650/2531 3269/3651/2531
f 2823/3652/2531 2820/3649/2531 3269/3651/2531
f 2827/3653/2531 3269/3651/2531 2828/3650/2531
f 3270/3654/2531 2823/3652/2531 3269/3651/2531
f 3271/3655/2531 3272/3656/2531 3269/3651/2531
f 3271/3655/2531 3269/3651/2531 2827/3653/2531
f 3269/3651/2531 3272/3656/2531 3270/3654/2531
f 3270/3654/2531 2822/3657/2531 2823/3652/2531
f 2683/3658/2531 2685/3659/2531 3273/3660/2531
f 3274/3661/2531 2683/3658/2531 3273/3660/2531
f 2683/3658/2531 3274/3661/2531 2682/3662/2531
f 2686/3663/2531 3273/3660/2531 2685/3659/2531
f 3275/3664/2531 3274/3661/2531 3273/3660/2531
f 3276/3665/2531 3275/3664/2531 3273/3660/2531
f 3276/3665/2531 3273/3660/2531 3277/3666/2531
f 3273/3660/2531 2688/3667/2531 3277/3666/2531
f 2688/3667/2531 3273/3660/2531 2686/3663/2531
f 3275/3664/2531 3278/3668/2531 3274/3661/2531
f 3275/3664/2531 3279/3669/2531 3278/3668/2531
f 3280/3670/2531 3275/3664/2531 3276/3665/2531
f 3275/3664/2531 3281/3671/2531 3279/3669/2531
f 3280/3670/2531 3281/3671/2531 3275/3664/2531
f 3274/3661/2531 3278/3668/2531 3282/3672/2531
f 2681/3673/2531 3274/3661/2531 3282/3672/2531
f 2681/3673/2531 2682/3662/2531 3274/3661/2531
f 3282/3672/2531 3278/3668/2531 3283/3674/2531
f 3278/3668/2531 3284/3675/2531 3283/3674/2531
f 3278/3668/2531 3279/3669/2531 3284/3675/2531
f 2679/3676/2531 2681/3673/2531 3282/3672/2531
f 3282/3672/2531 3283/3674/2531 2678/3677/2531
f 3282/3672/2531 2678/3677/2531 2679/3676/2531
f 2673/3678/2531 2675/3679/2531 3283/3674/2531
f 3283/3674/2531 3284/3675/2531 2673/3678/2531
f 2673/3678/2531 3284/3675/2531 2672/3680/2531
f 2677/3681/2531 3283/3674/2531 2675/3679/2531
f 2678/3677/2531 3283/3674/2531 2677/3681/2531
f 3284/3675/2531 3285/3682/2531 3286/3683/2531
f 3279/3669/2531 3285/3682/2531 3284/3675/2531
f 2670/3684/2531 3284/3675/2531 3286/3683/2531
f 2672/3680/2531 3284/3675/2531 2670/3684/2531
f 2829/3685/2531 2875/3686/2531 3287/3687/2531
f 3287/3687/2531 3271/3655/2531 2829/3685/2531
f 2829/3685/2531 3271/3655/2531 2827/3653/2531
f 2874/3688/2531 3287/3687/2531 2875/3686/2531
f 3285/3682/2531 3271/3655/2531 3287/3687/2531
f 3286/3683/2531 3285/3682/2531 3287/3687/2531
f 2870/3689/2531 3286/3683/2531 3287/3687/2531
f 2870/3689/2531 3287/3687/2531 2874/3688/2531
f 3285/3682/2531 3279/3669/2531 3271/3655/2531
f 3279/3669/2531 3272/3656/2531 3271/3655/2531
f 3288/3690/2531 3289/3691/2531 3290/3692/2531
f 3288/3690/2531 3291/3693/2531 3289/3691/2531
f 3290/3692/2531 3292/3694/2531 3288/3690/2531
f 3293/3695/2531 3288/3690/2531 3292/3694/2531
f 3288/3690/2531 3293/3695/2531 3294/3696/2531
f 3295/3697/2531 3288/3690/2531 3294/3696/2531
f 3291/3693/2531 3288/3690/2531 3295/3697/2531
f 3290/3692/2531 3289/3691/2531 3296/3698/2531
f 3289/3691/2531 3297/3699/2531 3296/3698/2531
f 3289/3691/2531 3298/3700/2531 3297/3699/2531
f 3291/3693/2531 3298/3700/2531 3289/3691/2531
f 2968/3701/2531 3292/3694/2531 3290/3692/2531
f 2969/3702/2531 2968/3701/2531 3290/3692/2531
f 2978/3703/2531 3290/3692/2531 3296/3698/2531
f 2973/3704/2531 3290/3692/2531 2978/3703/2531
f 2973/3704/2531 2969/3702/2531 3290/3692/2531
f 2968/3701/2531 2972/3705/2531 3292/3694/2531
f 3075/3706/2531 3293/3695/2531 3292/3694/2531
f 3292/3694/2531 2972/3705/2531 2976/3707/2531
f 2976/3707/2531 3075/3706/2531 3292/3694/2531
f 3299/3708/2531 3300/3709/2531 3301/3710/2531
f 3302/3711/2531 3301/3710/2531 3300/3709/2531
f 3303/3712/2531 3300/3709/2531 3299/3708/2531
f 3304/3713/2531 3303/3712/2531 3299/3708/2531
f 3300/3709/2531 3305/3714/2531 3302/3711/2531
f 3300/3709/2531 3306/3715/2531 3305/3714/2531
f 3303/3712/2531 3306/3715/2531 3300/3709/2531
f 2967/3716/2531 2977/3717/2531 3296/3698/2531
f 3297/3699/2531 2967/3716/2531 3296/3698/2531
f 2956/3718/2531 2967/3716/2531 3297/3699/2531
f 2977/3717/2531 2978/3703/2531 3296/3698/2531
f 3297/3699/2531 3298/3700/2531 3307/3719/2531
f 3297/3699/2531 3307/3719/2531 2956/3718/2531
f 3305/3714/2531 3308/3720/2531 3309/3721/2531
f 3302/3711/2531 3305/3714/2531 3309/3721/2531
f 3308/3720/2531 3305/3714/2531 3310/3722/2531
f 3305/3714/2531 3311/3723/2531 3312/3724/2531
f 3305/3714/2531 3306/3715/2531 3311/3723/2531
f 3305/3714/2531 3312/3724/2531 3310/3722/2531
f 2711/3725/2531 3308/3720/2531 3310/3722/2531
f 2712/3726/2531 3308/3720/2531 2711/3725/2531
f 2712/3726/2531 2642/3727/2531 3308/3720/2531
f 3313/3728/2531 3314/3729/2531 3315/3730/2531
f 3316/3731/2531 3313/3728/2531 3315/3730/2531
f 3313/3728/2531 3317/3732/2531 3314/3729/2531
f 3313/3728/2531 3316/3731/2531 3318/3733/2531
f 3266/3641/2531 3313/3728/2531 3318/3733/2531
f 3263/3637/2531 3313/3728/2531 3266/3641/2531
f 3263/3637/2531 3317/3732/2531 3313/3728/2531
f 3314/3729/2531 3319/3734/2531 3320/3735/2531
f 3317/3732/2531 3319/3734/2531 3314/3729/2531
f 2897/3736/2531 3294/3696/2531 3293/3695/2531
f 3075/3706/2531 3074/3737/2531 3293/3695/2531
f 2898/3738/2531 2897/3736/2531 3293/3695/2531
f 3073/3739/2531 2899/3740/2531 3293/3695/2531
f 3074/3737/2531 3073/3739/2531 3293/3695/2531
f 2899/3740/2531 2898/3738/2531 3293/3695/2531
f 2857/3741/2531 3295/3697/2531 3294/3696/2531
f 2901/3742/2531 2857/3741/2531 3294/3696/2531
f 2897/3736/2531 2902/3743/2531 3294/3696/2531
f 3294/3696/2531 2902/3743/2531 2901/3742/2531
f 2857/3741/2531 2854/3744/2531 3295/3697/2531
f 3321/3745/2531 3295/3697/2531 3322/3746/2531
f 3295/3697/2531 3321/3745/2531 3291/3693/2531
f 3322/3746/2531 3295/3697/2531 2854/3744/2531
f 3319/3734/2531 3303/3712/2531 3304/3713/2531
f 3317/3732/2531 3303/3712/2531 3319/3734/2531
f 3303/3712/2531 3317/3732/2531 3323/3747/2531
f 3323/3747/2531 3306/3715/2531 3303/3712/2531
f 2701/3748/2531 2703/3749/2531 3324/3750/2531
f 2701/3748/2531 3324/3750/2531 3325/3751/2531
f 3325/3751/2531 2700/3752/2531 2701/3748/2531
f 2705/3753/2531 3324/3750/2531 2703/3749/2531
f 3311/3723/2531 3325/3751/2531 3324/3750/2531
f 3324/3750/2531 3312/3724/2531 3311/3723/2531
f 3312/3724/2531 3324/3750/2531 2706/3754/2531
f 2706/3754/2531 3324/3750/2531 2705/3753/2531
f 3311/3723/2531 3326/3755/2531 3325/3751/2531
f 3306/3715/2531 3326/3755/2531 3311/3723/2531
f 3325/3751/2531 3327/3756/2531 2699/3757/2531
f 3326/3755/2531 3327/3756/2531 3325/3751/2531
f 2699/3757/2531 2700/3752/2531 3325/3751/2531
f 2707/3758/2531 3310/3722/2531 3312/3724/2531
f 2707/3758/2531 3312/3724/2531 2706/3754/2531
f 2710/3759/2531 2711/3725/2531 3310/3722/2531
f 3310/3722/2531 2709/3760/2531 2710/3759/2531
f 3310/3722/2531 2707/3758/2531 2709/3760/2531
f 2957/3761/2531 2953/3762/2531 3307/3719/2531
f 2957/3761/2531 3307/3719/2531 3328/3763/2531
f 3328/3763/2531 2961/3764/2531 2957/3761/2531
f 2952/3765/2531 3307/3719/2531 2953/3762/2531
f 3298/3700/2531 3328/3763/2531 3307/3719/2531
f 3307/3719/2531 2952/3765/2531 2956/3718/2531
f 3328/3763/2531 3298/3700/2531 3329/3766/2531
f 3291/3693/2531 3281/3671/2531 3298/3700/2531
f 3281/3671/2531 3329/3766/2531 3298/3700/2531
f 3328/3763/2531 3268/3645/2531 3267/3644/2531
f 3329/3766/2531 3268/3645/2531 3328/3763/2531
f 2961/3764/2531 3328/3763/2531 3267/3644/2531
f 3330/3767/2531 3321/3745/2531 3322/3746/2531
f 3331/3768/2531 3321/3745/2531 3330/3767/2531
f 3331/3768/2531 3291/3693/2531 3321/3745/2531
f 3322/3746/2531 2853/3769/2531 3330/3767/2531
f 2856/3770/2531 3322/3746/2531 2855/3771/2531
f 2856/3770/2531 2851/3772/2531 3322/3746/2531
f 3322/3746/2531 2854/3744/2531 2855/3771/2531
f 3322/3746/2531 2851/3772/2531 2853/3769/2531
f 3331/3768/2531 3330/3767/2531 3270/3654/2531
f 2910/3773/2531 3270/3654/2531 3330/3767/2531
f 2853/3769/2531 2852/3774/2531 3330/3767/2531
f 2852/3774/2531 2910/3773/2531 3330/3767/2531
f 3320/3735/2531 3319/3734/2531 3304/3713/2531
f 3017/3775/2531 3037/3776/2531 3318/3733/2531
f 3017/3775/2531 3318/3733/2531 3316/3731/2531
f 3018/3777/2531 3017/3775/2531 3316/3731/2531
f 3038/3778/2531 3318/3733/2531 3037/3776/2531
f 3034/3779/2531 3266/3641/2531 3318/3733/2531
f 3034/3779/2531 3318/3733/2531 3038/3778/2531
f 3122/3780/2531 3019/3781/2531 3316/3731/2531
f 3126/3782/2531 3122/3780/2531 3316/3731/2531
f 3019/3781/2531 3018/3777/2531 3316/3731/2531
f 3327/3756/2531 3332/3783/2531 3333/3784/2531
f 3326/3755/2531 3332/3783/2531 3327/3756/2531
f 2696/3785/2531 3327/3756/2531 3333/3784/2531
f 2696/3785/2531 2697/3786/2531 3327/3756/2531
f 2697/3786/2531 2699/3757/2531 3327/3756/2531
f 3333/3784/2531 3332/3783/2531 3277/3666/2531
f 3332/3783/2531 3276/3665/2531 3277/3666/2531
f 3332/3783/2531 3280/3670/2531 3276/3665/2531
f 3326/3755/2531 3280/3670/2531 3332/3783/2531
f 2695/3787/2531 2696/3785/2531 3333/3784/2531
f 3277/3666/2531 2692/3788/2531 3333/3784/2531
f 2695/3787/2531 3333/3784/2531 2693/3789/2531
f 3333/3784/2531 2692/3788/2531 2693/3789/2531
f 3272/3656/2531 3331/3768/2531 3270/3654/2531
f 3279/3669/2531 3331/3768/2531 3272/3656/2531
f 3279/3669/2531 3281/3671/2531 3331/3768/2531
f 3281/3671/2531 3291/3693/2531 3331/3768/2531
f 2910/3773/2531 2822/3657/2531 3270/3654/2531
f 3045/3640/2531 3266/3641/2531 3036/3790/2531
f 3329/3766/2531 3265/3639/2531 3268/3645/2531
f 3072/3791/2531 2961/3764/2531 3267/3644/2531
f 3267/3644/2531 3066/3646/2531 3071/3792/2531
f 3267/3644/2531 3071/3792/2531 3072/3791/2531
f 2691/3793/2531 3277/3666/2531 2689/3794/2531
f 3277/3666/2531 2691/3793/2531 2692/3788/2531
f 2688/3667/2531 2689/3794/2531 3277/3666/2531
f 2664/3795/2531 2667/3796/2531 3286/3683/2531
f 2876/3797/2531 2664/3795/2531 3286/3683/2531
f 2667/3796/2531 2669/3798/2531 3286/3683/2531
f 2670/3684/2531 3286/3683/2531 2669/3798/2531
f 2873/3799/2531 2876/3797/2531 3286/3683/2531
f 2873/3799/2531 3286/3683/2531 2869/3800/2531
f 2869/3800/2531 3286/3683/2531 2870/3689/2531
f 2876/3797/2531 2665/3801/2531 2664/3795/2531
f 3036/3790/2531 3266/3641/2531 3034/3779/2531
f 3323/3747/2531 3280/3670/2531 3326/3755/2531
f 3306/3715/2531 3323/3747/2531 3326/3755/2531
f 3265/3639/2531 3317/3732/2531 3263/3637/2531
f 3323/3747/2531 3317/3732/2531 3265/3639/2531
f 3329/3766/2531 3323/3747/2531 3265/3639/2531
f 3280/3670/2531 3323/3747/2531 3329/3766/2531
f 3329/3766/2531 3281/3671/2531 3280/3670/2531
f 3122/3780/2531 3076/3802/2531 3019/3781/2531
f 3073/3739/2531 2926/3803/2531 2899/3740/2531
f 2642/3727/2531 3334/3804/2531 3335/3805/2531
f 2642/3727/2531 2653/3806/2531 3334/3804/2531
f 3308/3720/2531 2642/3727/2531 3336/3807/2531
f 3308/3720/2531 3337/3808/2531 3338/3809/2531
f 3308/3720/2531 3339/3810/2531 3340/3811/2531
f 3308/3720/2531 3341/3812/2531 3342/3813/2531
f 3309/3721/2531 3342/3813/2531 3343/3814/2531
f 3309/3721/2531 3344/3815/2531 3345/3816/2531
f 3302/3711/2531 3309/3721/2531 3346/3817/2531
f 3302/3711/2531 3347/3818/2531 3348/3819/2531
f 3301/3710/2531 3302/3711/2531 3349/3820/2531
f 3302/3711/2531 3350/3821/2531 3349/3820/2531
f 3301/3710/2531 3351/3822/2531 3352/3823/2531
f 3299/3708/2531 3301/3710/2531 3353/3824/2531
f 3304/3713/2531 3299/3708/2531 3354/3825/2531
f 3304/3713/2531 3355/3826/2531 3356/3827/2531
f 3304/3713/2531 3357/3828/2531 3358/3829/2531
f 3320/3735/2531 3359/3830/2531 3360/3831/2531
f 3314/3729/2531 3320/3735/2531 3361/3832/2531
f 3314/3729/2531 3362/3833/2531 3363/3834/2531
f 3316/3731/2531 3315/3730/2531 3364/3835/2531
f 3126/3782/2531 3365/3836/2531 3366/3837/2531
f 3316/3731/2531 3367/3838/2531 3365/3836/2531
f 3365/3836/2531 3126/3782/2531 3316/3731/2531
f 3366/3837/2531 3123/3839/2531 3126/3782/2531
f 3364/3835/2531 3367/3838/2531 3316/3731/2531
f 3364/3835/2531 3315/3730/2531 3368/3840/2531
f 3368/3840/2531 3315/3730/2531 3369/3841/2531
f 3369/3841/2531 3315/3730/2531 3363/3834/2531
f 3363/3834/2531 3315/3730/2531 3314/3729/2531
f 3362/3833/2531 3314/3729/2531 3370/3842/2531
f 3361/3832/2531 3370/3842/2531 3314/3729/2531
f 3361/3832/2531 3320/3735/2531 3371/3843/2531
f 3371/3843/2531 3320/3735/2531 3372/3844/2531
f 3360/3831/2531 3372/3844/2531 3320/3735/2531
f 3359/3830/2531 3320/3735/2531 3358/3829/2531
f 3358/3829/2531 3320/3735/2531 3304/3713/2531
f 3357/3828/2531 3304/3713/2531 3373/3845/2531
f 3356/3827/2531 3373/3845/2531 3304/3713/2531
f 3354/3825/2531 3355/3826/2531 3304/3713/2531
f 3354/3825/2531 3299/3708/2531 3374/3846/2531
f 3374/3846/2531 3299/3708/2531 3375/3847/2531
f 3353/3824/2531 3375/3847/2531 3299/3708/2531
f 3352/3823/2531 3353/3824/2531 3301/3710/2531
f 3351/3822/2531 3301/3710/2531 3376/3848/2531
f 3376/3848/2531 3301/3710/2531 3377/3849/2531
f 3349/3820/2531 3377/3849/2531 3301/3710/2531
f 3350/3821/2531 3302/3711/2531 3378/3850/2531
f 3348/3819/2531 3378/3850/2531 3302/3711/2531
f 3346/3817/2531 3347/3818/2531 3302/3711/2531
f 3346/3817/2531 3309/3721/2531 3379/3851/2531
f 3345/3816/2531 3379/3851/2531 3309/3721/2531
f 3343/3814/2531 3344/3815/2531 3309/3721/2531
f 3342/3813/2531 3309/3721/2531 3308/3720/2531
f 3340/3811/2531 3341/3812/2531 3308/3720/2531
f 3338/3809/2531 3339/3810/2531 3308/3720/2531
f 3336/3807/2531 3337/3808/2531 3308/3720/2531
f 3335/3805/2531 3336/3807/2531 2642/3727/2531
f 3124/3852/2531 3123/3839/2531 3380/3853/2531
f 3380/3853/2531 3123/3839/2531 3366/3837/2531
f 3335/3854/2531 2524/3855/2531 2525/3856/2531
f 3381/3857/2531 3371/3858/2531 3372/3859/2531
f 3381/3857/2531 3361/3860/2531 3371/3858/2531
f 3364/3861/2531 3368/3862/2531 3381/3857/2531
f 3381/3857/2531 3370/3863/2531 3361/3860/2531
f 3381/3857/2531 3124/3864/2531 3364/3861/2531
f 3381/3857/2531 3362/3865/2531 3370/3863/2531
f 3381/3857/2531 3369/3866/2531 3363/3867/2531
f 3124/3864/2531 3380/3868/2531 3364/3861/2531
f 3363/3867/2531 3362/3865/2531 3381/3857/2531
f 3380/3868/2531 3366/3869/2531 3364/3861/2531
f 3366/3869/2531 3365/3870/2531 3367/3871/2531
f 3368/3862/2531 3369/3866/2531 3381/3857/2531
f 3372/3859/2531 3360/3872/2531 3381/3857/2531
f 3360/3872/2531 3382/3873/2531 3383/3874/2531
f 3360/3872/2531 3384/3875/2531 3382/3873/2531
f 3360/3872/2531 3385/3876/2531 3384/3875/2531
f 3360/3872/2531 3386/3877/2531 3385/3876/2531
f 3360/3872/2531 3387/3878/2531 3388/3879/2531
f 3360/3872/2531 3389/3880/2531 3387/3878/2531
f 3360/3872/2531 3390/3881/2531 3389/3880/2531
f 3388/3879/2531 3391/3882/2531 3360/3872/2531
f 3373/3883/2531 3392/3884/2531 3390/3881/2531
f 3390/3881/2531 3358/3885/2531 3357/3886/2531
f 3390/3881/2531 3359/3887/2531 3358/3885/2531
f 3390/3881/2531 3360/3872/2531 3359/3887/2531
f 3392/3884/2531 3373/3883/2531 3356/3888/2531
f 3356/3888/2531 3393/3889/2531 3392/3884/2531
f 3356/3888/2531 3394/3890/2531 3393/3889/2531
f 3356/3888/2531 3395/3891/2531 3394/3890/2531
f 3395/3891/2531 3374/3892/2531 3375/3893/2531
f 3395/3891/2531 3354/3894/2531 3374/3892/2531
f 3395/3891/2531 3355/3895/2531 3354/3894/2531
f 3396/3896/2531 3397/3897/2531 3353/3898/2531
f 3395/3891/2531 3356/3888/2531 3355/3895/2531
f 3397/3897/2531 3375/3893/2531 3353/3898/2531
f 3353/3898/2531 3352/3899/2531 3396/3896/2531
f 3352/3899/2531 3398/3900/2531 3396/3896/2531
f 3376/3901/2531 3399/3902/2531 3398/3900/2531
f 3400/3903/2531 3377/3904/2531 3349/3905/2531
f 3399/3902/2531 3376/3901/2531 3377/3904/2531
f 3398/3900/2531 3352/3899/2531 3351/3906/2531
f 3377/3904/2531 3400/3903/2531 3399/3902/2531
f 3349/3905/2531 3401/3907/2531 3400/3903/2531
f 3378/3908/2531 3402/3909/2531 3401/3907/2531
f 3401/3907/2531 3349/3905/2531 3350/3910/2531
f 3402/3909/2531 3378/3908/2531 3348/3911/2531
f 3348/3911/2531 3403/3912/2531 3402/3909/2531
f 3348/3911/2531 3404/3913/2531 3403/3912/2531
f 3405/3914/2531 3404/3913/2531 3346/3915/2531
f 3404/3913/2531 3347/3916/2531 3346/3915/2531
f 3404/3913/2531 3348/3911/2531 3347/3916/2531
f 3406/3917/2531 3405/3914/2531 3379/3918/2531
f 3379/3918/2531 3345/3919/2531 3406/3917/2531
f 3406/3917/2531 3345/3919/2531 3344/3920/2531
f 3344/3920/2531 3343/3921/2531 3407/3922/2531
f 3407/3922/2531 3408/3923/2531 3344/3920/2531
f 3409/3924/2531 3407/3922/2531 3342/3925/2531
f 3407/3922/2531 3343/3921/2531 3342/3925/2531
f 3341/3926/2531 3340/3927/2531 3410/3928/2531
f 3410/3928/2531 3409/3924/2531 3341/3926/2531
f 3340/3927/2531 3411/3929/2531 3412/3930/2531
f 3338/3931/2531 3413/3932/2531 3411/3929/2531
f 3411/3929/2531 3340/3927/2531 3339/3933/2531
f 3337/3934/2531 3336/3935/2531 3414/3936/2531
f 3413/3932/2531 3338/3931/2531 3337/3934/2531
f 3414/3936/2531 3415/3937/2531 3337/3934/2531
f 3336/3935/2531 3335/3854/2531 3414/3936/2531
f 3335/3854/2531 3334/3938/2531 2524/3855/2531
f 3337/3934/2531 3415/3937/2531 3413/3932/2531
f 3411/3929/2531 3339/3933/2531 3338/3931/2531
f 3412/3930/2531 3410/3928/2531 3340/3927/2531
f 3342/3925/2531 3341/3926/2531 3409/3924/2531
f 3344/3920/2531 3408/3923/2531 3406/3917/2531
f 3346/3915/2531 3379/3918/2531 3405/3914/2531
f 3401/3907/2531 3350/3910/2531 3378/3908/2531
f 3398/3900/2531 3351/3906/2531 3376/3901/2531
f 3375/3893/2531 3397/3897/2531 3395/3891/2531
f 3390/3881/2531 3357/3886/2531 3373/3883/2531
f 3391/3882/2531 3386/3877/2531 3360/3872/2531
f 3383/3874/2531 3381/3857/2531 3360/3872/2531
f 3367/3871/2531 3364/3861/2531 3366/3869/2531
f 2525/3856/2531 3414/3936/2531 3335/3854/2531
f 2524/3855/2531 3334/3938/2531 2653/3939/2531
f 3416/3940/2530 3417/3941/2530 3238/3942/2530
f 3416/3940/2530 3418/3943/2530 3417/3941/2530
f 3238/3942/2530 3235/3944/2530 3416/3940/2530
f 3234/3945/2530 3236/3946/2530 3419/3947/2530
f 3420/3948/2530 3421/3949/2530 3228/3950/2530
f 3421/3949/2530 3422/3951/2530 3229/3952/2530
f 3228/3950/2530 3244/3953/2530 3420/3948/2530
f 3244/3953/2530 3227/3954/2530 3420/3948/2530
f 3423/3955/2530 3241/3956/2530 3240/3957/2530
f 3240/3957/2530 3424/3958/2530 3423/3955/2530
f 3215/3959/2530 3425/3960/2530 3426/3961/2530
f 3426/3961/2530 3216/3962/2530 3215/3959/2530
f 3427/3963/2530 3258/3964/2530 3216/3962/2530
f 3216/3962/2530 3426/3961/2530 3427/3963/2530
f 3427/3963/2530 3428/3965/2530 3257/3966/2530
f 3429/3967/2530 3430/3968/2530 3221/3969/2530
f 3257/3966/2530 3258/3964/2530 3427/3963/2530
f 3428/3965/2530 3431/3970/2530 3217/3971/2530
f 3430/3968/2530 3250/3972/2530 3221/3969/2530
f 3430/3968/2530 3432/3973/2530 3249/3974/2530
f 3217/3971/2530 3257/3966/2530 3428/3965/2530
f 3249/3974/2530 3250/3972/2530 3430/3968/2530
f 3432/3973/2530 3433/3975/2530 3222/3976/2530
f 3434/3977/2530 3435/3978/2530 3220/3979/2530
f 3436/3980/2530 3434/3977/2530 3253/3981/2530
f 3436/3980/2530 3254/3982/2530 3219/3983/2530
f 3431/3970/2530 3256/3984/2530 3217/3971/2530
f 3431/3970/2530 3437/3985/2530 3255/3986/2530
f 3222/3976/2530 3249/3974/2530 3432/3973/2530
f 3433/3975/2530 3438/3987/2530 3223/3988/2530
f 3439/3989/2530 3247/3990/2530 3248/3991/2530
f 3253/3981/2530 3254/3982/2530 3436/3980/2530
f 3219/3983/2530 3440/3992/2530 3436/3980/2530
f 3255/3986/2530 3256/3984/2530 3431/3970/2530
f 3437/3985/2530 3440/3992/2530 3218/3993/2530
f 3435/3978/2530 3429/3967/2530 3251/3994/2530
f 3223/3988/2530 3222/3976/2530 3433/3975/2530
f 3248/3991/2530 3438/3987/2530 3439/3989/2530
f 3245/3995/2530 3441/3996/2530 3442/3997/2530
f 3443/3998/2530 3441/3996/2530 3224/3999/2530
f 3443/3998/2530 3246/4000/2530 3247/3990/2530
f 3219/3983/2530 3218/3993/2530 3440/3992/2530
f 3218/3993/2530 3255/3986/2530 3437/3985/2530
f 3251/3994/2530 3252/4001/2530 3435/3978/2530
f 3248/3991/2530 3223/3988/2530 3438/3987/2530
f 3442/3997/2530 3226/4002/2530 3225/4003/2530
f 3247/3990/2530 3439/3989/2530 3443/3998/2530
f 3215/3959/2530 3242/4004/2530 3425/3960/2530
f 3221/3969/2530 3251/3994/2530 3429/3967/2530
f 3442/3997/2530 3227/3954/2530 3226/4002/2530
f 3441/3996/2530 3245/3995/2530 3224/3999/2530
f 3252/4001/2530 3220/3979/2530 3435/3978/2530
f 3224/3999/2530 3246/4000/2530 3443/3998/2530
f 3442/3997/2530 3225/4003/2530 3245/3995/2530
f 3242/4004/2530 3241/3956/2530 3423/3955/2530
f 3227/3954/2530 3442/3997/2530 3444/4005/2530
f 3227/3954/2530 3445/4006/2530 3446/4007/2530
f 3447/4008/2530 3448/4009/2530 3233/4010/2530
f 3448/4009/2530 3231/4011/2530 3233/4010/2530
f 3243/4012/2530 3230/4013/2530 3422/3951/2530
f 3233/4010/2530 3243/4012/2530 3447/4008/2530
f 3422/3951/2530 3447/4008/2530 3243/4012/2530
f 3230/4013/2530 3229/3952/2530 3422/3951/2530
f 3231/4011/2530 3449/4014/2530 3450/4015/2530
f 3450/4015/2530 3451/4016/2530 3237/4017/2530
f 3451/4016/2530 3236/3946/2530 3237/4017/2530
f 3236/3946/2530 3451/4016/2530 3452/4018/2530
f 3238/3942/2530 3417/3941/2530 3453/4019/2530
f 3453/4019/2530 3239/4020/2530 3238/3942/2530
f 3416/3940/2530 3234/3945/2530 3454/4021/2530
f 3452/4018/2530 3419/3947/2530 3236/3946/2530
f 3237/4017/2530 3232/4022/2530 3450/4015/2530
f 3450/4015/2530 3232/4022/2530 3231/4011/2530
f 3448/4009/2530 3449/4014/2530 3231/4011/2530
f 3446/4007/2530 3420/3948/2530 3227/3954/2530
f 3444/4005/2530 3445/4006/2530 3227/3954/2530
f 3423/3955/2530 3425/3960/2530 3242/4004/2530
f 3220/3979/2530 3253/3981/2530 3434/3977/2530
f 3240/3957/2530 2538/4023/2530 3424/3958/2530
f 3229/3952/2530 3228/3950/2530 3421/3949/2530
f 3419/3947/2530 3454/4021/2530 3234/3945/2530
f 3235/3944/2530 3234/3945/2530 3416/3940/2530
f 2646/4024/2530 3239/4020/2530 3453/4019/2530
f 3455/4025/2532 3456/4026/2533 3457/4027/2534
f 3457/4027/2534 3458/4029/2536 3455/4025/2532
f 3459/4030/2537 3458/4029/2536 3460/4031/2538
f 3461/4033/2540 3459/4030/2537 3460/4031/2538
f 3461/4034/2541 3462/4035/2542 3463/4037/2544
f 3462/4035/2542 3464/4038/2545 3463/4037/2544
f 3464/4038/2545 3465/4039/2546 3466/4041/2548
f 3465/4039/2546 3467/4042/2549 3466/4041/2548
f 3468/4043/2550 3469/4044/2551 3470/4046/2553
f 3471/4048/2555 3470/4047/2554 3469/4045/2552
f 3471/4048/2555 3472/4049/2556 3473/4051/2558
f 3472/4050/2557 3474/4053/2560 3475/4054/2561
f 3476/4056/2563 3477/4057/2564 3475/4054/2561
f 3478/4059/2566 3477/4057/2564 3476/4056/2563
f 3479/4060/2567 3477/4057/2564 3478/4059/2566
f 3480/4062/2569 3477/4058/2565 3479/4061/2568
f 3480/4062/2569 3481/4063/2570 3482/4065/2572
f 3481/4064/2571 3483/4067/2574 3484/4068/2575
f 3485/4070/2577 3486/4071/2578 3484/4068/2575
f 3487/4073/2580 3486/4071/2578 3485/4070/2577
f 3488/4074/2581 3486/4071/2578 3487/4073/2580
f 3489/4076/2583 3486/4072/2579 3488/4075/2582
f 3489/4076/2583 3490/4077/2584 3491/4079/2586
f 3490/4078/2585 3492/4081/2588 3493/4082/2589
f 3494/4084/2591 3495/4085/2592 3493/4082/2589
f 3496/4087/2594 3495/4085/2592 3494/4084/2591
f 3497/4088/2595 3495/4085/2592 3496/4087/2594
f 3498/4090/2597 3495/4086/2593 3497/4089/2596
f 3498/4090/2597 3499/4091/2598 3500/4093/2600
f 3499/4092/2599 3501/4095/2602 3502/4096/2603
f 3503/4098/2605 3504/4099/2606 3502/4096/2603
f 3505/4101/2608 3504/4099/2606 3503/4098/2605
f 3506/4102/2609 3504/4099/2606 3505/4101/2608
f 3507/4104/2611 3504/4100/2607 3506/4103/2610
f 3507/4104/2611 3508/4105/2612 3509/4107/2614
f 3508/4106/2613 3510/4109/2616 3511/4110/2617
f 3512/4112/2619 3513/4113/2620 3511/4110/2617
f 3514/4115/2622 3513/4113/2620 3512/4112/2619
f 3515/4116/2623 3513/4113/2620 3514/4115/2622
f 3516/4118/2625 3513/4114/2621 3515/4117/2624
f 3516/4118/2625 3517/4119/2626 3518/4121/2628
f 3517/4120/2627 3519/4123/2630 3520/4124/2631
f 3521/4126/2633 3522/4127/2634 3520/4124/2631
f 3523/4129/2636 3522/4127/2634 3521/4126/2633
f 3524/4130/2637 3522/4127/2634 3523/4129/2636
f 3525/4132/2639 3522/4128/2635 3524/4131/2638
f 3525/4132/2639 3526/4133/2640 3527/4135/2642
f 3526/4134/2641 3528/4137/2644 3529/4138/2645
f 3530/4140/2647 3531/4141/2648 3529/4138/2645
f 3532/4143/2650 3531/4141/2648 3530/4140/2647
f 3533/4144/2651 3531/4141/2648 3532/4143/2650
f 3534/4146/2653 3531/4142/2649 3533/4145/2652
f 3534/4146/2653 3535/4147/2654 3536/4149/2656
f 3535/4148/2655 3537/4151/2658 3538/4152/2659
f 3539/4154/2661 3540/4155/2662 3538/4152/2659
f 3541/4157/2664 3540/4155/2662 3539/4154/2661
f 3542/4158/2665 3540/4155/2662 3541/4157/2664
f 3542/4159/2666 3543/4160/2667 3544/4161/2668
f 3545/4163/2670 3546/4164/2671 3544/4161/2668
f 3547/4166/2673 3546/4164/2671 3545/4163/2670
f 3548/4167/2674 3546/4164/2671 3547/4166/2673
f 3548/4168/2675 3549/4169/2675 3550/4170/2675
f 3551/4172/2675 3550/4170/2675 3549/4169/2675
f 3552/4173/2675 3553/4174/2675 3550/4170/2675
f 3554/4176/2678 3553/4174/2675 3552/4173/2675
f 3555/4178/2680 3553/4175/2677 3554/4177/2679
f 3556/4179/2681 3553/4175/2677 3555/4178/2680
f 3557/4180/2682 3553/4175/2677 3556/4179/2681
f 3557/4180/2682 3558/4181/2683 3550/4171/2676
f 3559/4182/2684 3560/4184/2686 3550/4171/2676
f 3559/4183/2685 3561/4186/2688 3562/4187/2689
f 3563/4189/2691 3564/4190/2692 3562/4187/2689
f 3565/4192/2694 3564/4190/2692 3563/4189/2691
f 3566/4193/2695 3564/4190/2692 3565/4192/2694
f 3567/4194/2696 3564/4190/2692 3566/4193/2695
f 3568/4195/2697 3564/4190/2692 3567/4194/2696
f 3569/4196/2698 3564/4190/2692 3568/4195/2697
f 3570/4197/2699 3564/4190/2692 3569/4196/2698
f 3571/4199/2701 3564/4191/2693 3570/4198/2700
f 3571/4199/2701 3572/4200/2702 3573/4202/2704
f 3572/4201/2703 3574/4204/2706 3575/4205/2707
f 3576/4207/2709 3577/4208/2710 3575/4205/2707
f 3578/4210/2712 3577/4208/2710 3576/4207/2709
f 3579/4211/2713 3577/4208/2710 3578/4210/2712
f 3580/4213/2715 3577/4209/2711 3579/4212/2714
f 3580/4213/2715 3581/4214/2716 3582/4216/2718
f 3581/4215/2717 3583/4218/2720 3584/4219/2721
f 3585/4221/2723 3586/4222/2724 3584/4219/2721
f 3587/4224/2726 3586/4222/2724 3585/4221/2723
f 3588/4225/2727 3586/4222/2724 3587/4224/2726
f 3589/4227/2729 3586/4223/2725 3588/4226/2728
f 3589/4227/2729 3590/4228/2730 3591/4230/2732
f 3590/4229/2731 3592/4232/2734 3593/4233/2735
f 3594/4235/2737 3595/4236/2738 3593/4233/2735
f 3596/4238/2740 3595/4236/2738 3594/4235/2737
f 3597/4239/2741 3595/4236/2738 3596/4238/2740
f 3598/4241/2743 3595/4237/2739 3597/4240/2742
f 3598/4241/2743 3599/4242/2744 3600/4244/2746
f 3599/4243/2745 3601/4246/2748 3602/4247/2749
f 3603/4249/2751 3604/4250/2752 3602/4247/2749
f 3605/4252/2754 3604/4250/2752 3603/4249/2751
f 3606/4253/2755 3604/4250/2752 3605/4252/2754
f 3607/4255/2757 3604/4251/2753 3606/4254/2756
f 3607/4255/2757 3608/4256/2758 3609/4258/2760
f 3608/4257/2759 3610/4260/2762 3611/4261/2763
f 3612/4263/2765 3613/4264/2766 3611/4261/2763
f 3614/4266/2768 3613/4264/2766 3612/4263/2765
f 3615/4267/2769 3613/4264/2766 3614/4266/2768
f 3616/4269/2771 3613/4265/2767 3615/4268/2770
f 3616/4269/2771 3617/4270/2772 3618/4272/2774
f 3617/4271/2773 3619/4274/2776 3620/4275/2777
f 3621/4277/2779 3622/4278/2780 3620/4275/2777
f 3623/4280/2782 3622/4278/2780 3621/4277/2779
f 3624/4281/2783 3622/4278/2780 3623/4280/2782
f 3625/4283/2785 3622/4279/2781 3624/4282/2784
f 3625/4283/2785 3626/4284/2786 3627/4286/2788
f 3626/4285/2787 3628/4288/2790 3629/4289/2791
f 3630/4291/2793 3631/4292/2794 3629/4289/2791
f 3632/4294/2796 3631/4292/2794 3630/4291/2793
f 3633/4295/2797 3631/4292/2794 3632/4294/2796
f 3634/4297/2799 3631/4293/2795 3633/4296/2798
f 3635/4298/2800 3636/4299/2800 3637/4300/2800
f 3638/4301/2801 3639/4302/2802 3636/4299/2800
f 3640/4303/2803 3641/4305/2805 3639/4302/2802
f 3640/4303/2803 3642/4306/2806 3641/4305/2805
f 3643/4307/2807 3642/4306/2806 3644/4308/2808
f 3643/4307/2807 3644/4308/2808 3645/4310/2810
f 3646/4312/2812 3647/4314/2814 3645/4311/2811
f 3646/4312/2812 3648/4315/2815 3647/4314/2814
f 3629/4290/2792 3649/4316/2816 3648/4315/2815
f 3629/4290/2792 3650/4317/2817 3649/4316/2816
f 3636/4299/2800 3635/4298/2800 3638/4301/2801
f 3639/4302/2802 3638/4301/2801 3651/4318/2818
f 3651/4319/2819 3652/4320/2820 3653/4321/2821
f 3653/4321/2821 3652/4320/2820 3654/4323/2823
f 3655/4324/2824 3656/4325/2825 3654/4323/2823
f 3657/4327/2827 3656/4325/2825 3655/4324/2824
f 3656/4326/2826 3657/4328/2828 3658/4329/2828
f 3658/4329/2828 3659/4330/2829 3656/4326/2826
f 3659/4330/2829 3660/4331/2830 3661/4333/2832
f 3660/4332/2831 3662/4335/2834 3663/4336/2835
f 3663/4336/2835 3662/4335/2834 3664/4338/2837
f 3665/4339/2838 3666/4340/2839 3664/4338/2837
f 3667/4342/2841 3666/4340/2839 3665/4339/2838
f 3668/4344/2843 3666/4341/2840 3667/4343/2842
f 3668/4344/2843 3669/4345/2844 3670/4347/2846
f 3669/4346/2845 3671/4349/2848 3672/4350/2849
f 3672/4350/2849 3671/4349/2848 3673/4352/2851
f 3674/4353/2852 3675/4354/2853 3673/4352/2851
f 3676/4356/2855 3675/4354/2853 3674/4353/2852
f 3677/4358/2857 3675/4355/2854 3676/4357/2856
f 3677/4358/2857 3678/4359/2858 3679/4361/2860
f 3678/4360/2859 3680/4363/2862 3681/4364/2863
f 3681/4364/2863 3680/4363/2862 3682/4366/2865
f 3683/4367/2866 3684/4368/2867 3682/4366/2865
f 3685/4370/2869 3684/4368/2867 3683/4367/2866
f 3686/4372/2871 3684/4369/2868 3685/4371/2870
f 3686/4372/2871 3687/4373/2872 3688/4375/2874
f 3687/4374/2873 3689/4377/2876 3690/4378/2877
f 3690/4378/2877 3689/4377/2876 3691/4380/2879
f 3692/4381/2880 3693/4382/2881 3691/4380/2879
f 3694/4384/2883 3693/4382/2881 3692/4381/2880
f 3695/4386/2885 3693/4383/2882 3694/4385/2884
f 3695/4386/2885 3696/4387/2886 3697/4389/2888
f 3696/4388/2887 3698/4391/2890 3699/4392/2891
f 3699/4392/2891 3698/4391/2890 3700/4394/2893
f 3701/4395/2894 3702/4396/2895 3700/4394/2893
f 3703/4398/2897 3702/4396/2895 3701/4395/2894
f 3704/4400/2899 3702/4397/2896 3703/4399/2898
f 3704/4400/2899 3705/4401/2900 3706/4403/2902
f 3705/4402/2901 3707/4405/2904 3708/4406/2905
f 3708/4406/2905 3707/4405/2904 3709/4408/2907
f 3710/4409/2908 3711/4410/2909 3709/4408/2907
f 3712/4412/2911 3711/4410/2909 3710/4409/2908
f 3713/4414/2913 3711/4411/2910 3712/4413/2912
f 3713/4414/2913 3714/4415/2914 3715/4417/2916
f 3714/4416/2915 3716/4419/2918 3717/4420/2919
f 3717/4420/2919 3716/4419/2918 3718/4422/2921
f 3719/4423/2922 3720/4424/2923 3718/4422/2921
f 3721/4426/2925 3720/4424/2923 3719/4423/2922
f 3722/4428/2927 3720/4425/2924 3721/4427/2926
f 3720/4425/2924 3722/4428/2927 3723/4429/2928
f 3723/4430/2929 3724/4431/2930 3725/4432/2931
f 3726/4434/2933 3725/4432/2931 3724/4431/2930
f 3727/4435/2934 3725/4432/2931 3726/4434/2933
f 3725/4433/2932 3727/4436/2935 3728/4437/2935
f 3729/4438/2935 3730/4439/2935 3728/4437/2935
f 3731/4442/2938 3730/4439/2935 3729/4438/2935
f 3732/4443/2938 3730/4439/2935 3731/4442/2938
f 3733/4444/2938 3730/4439/2935 3732/4443/2938
f 3730/4439/2935 3733/4444/2938 3734/4445/2938
f 3735/4447/2940 3736/4448/2941 3734/4446/2939
f 3736/4448/2941 3735/4447/2940 3737/4450/2943
f 3737/4451/2944 3738/4452/2945 3739/4453/2946
f 3740/4455/2948 3739/4453/2946 3738/4452/2945
f 3741/4457/2950 3739/4454/2947 3740/4456/2949
f 3741/4457/2950 3742/4458/2951 3743/4460/2953
f 3742/4459/2952 3744/4462/2955 3745/4463/2956
f 3745/4463/2956 3744/4462/2955 3746/4465/2958
f 3747/4466/2959 3748/4467/2960 3746/4465/2958
f 3749/4469/2962 3748/4467/2960 3747/4466/2959
f 3750/4471/2964 3748/4468/2961 3749/4470/2963
f 3750/4471/2964 3751/4472/2965 3752/4474/2967
f 3751/4473/2966 3753/4476/2969 3754/4477/2970
f 3754/4477/2970 3753/4476/2969 3755/4479/2972
f 3756/4480/2973 3757/4481/2974 3755/4479/2972
f 3758/4483/2976 3757/4481/2974 3756/4480/2973
f 3759/4485/2978 3757/4482/2975 3758/4484/2977
f 3759/4485/2978 3760/4486/2979 3761/4488/2981
f 3760/4487/2980 3762/4490/2983 3763/4491/2984
f 3763/4491/2984 3762/4490/2983 3764/4493/2986
f 3765/4494/2987 3766/4495/2988 3764/4493/2986
f 3767/4497/2990 3766/4495/2988 3765/4494/2987
f 3768/4499/2992 3766/4496/2989 3767/4498/2991
f 3768/4499/2992 3769/4500/2993 3770/4502/2995
f 3769/4501/2994 3771/4504/2997 3772/4505/2998
f 3772/4505/2998 3771/4504/2997 3773/4507/3000
f 3774/4508/3001 3775/4509/3002 3773/4507/3000
f 3776/4511/3004 3775/4509/3002 3774/4508/3001
f 3775/4510/3003 3776/4512/3005 3777/4513/3006
f 3777/4513/3006 3778/4514/3007 3775/4510/3003
f 3778/4514/3007 3779/4515/3008 3780/4517/3010
f 3779/4516/3009 3781/4519/3012 3782/4520/3013
f 3782/4520/3013 3781/4519/3012 3783/4522/3015
f 3784/4523/3016 3785/4524/3017 3783/4522/3015
f 3786/4526/3019 3785/4524/3017 3784/4523/3016
f 3787/4528/3021 3785/4525/3018 3786/4527/3020
f 3787/4528/3021 3788/4529/3022 3789/4531/3024
f 3788/4530/3023 3790/4533/3026 3791/4534/3027
f 3791/4534/3027 3790/4533/3026 3792/4536/3029
f 3793/4537/3030 3794/4538/3031 3792/4536/3029
f 3795/4540/3033 3794/4538/3031 3793/4537/3030
f 3796/4542/3035 3794/4539/3032 3795/4541/3034
f 3796/4542/3035 3797/4543/3036 3798/4545/3038
f 3797/4544/3037 3799/4547/3040 3800/4548/3041
f 3800/4548/3041 3799/4547/3040 3801/4550/3043
f 3802/4551/3044 3803/4552/3045 3801/4550/3043
f 3804/4554/3047 3803/4552/3045 3802/4551/3044
f 3805/4556/3049 3803/4553/3046 3804/4555/3048
f 3805/4556/3049 3806/4557/3050 3465/4040/2547
f 3806/4558/3051 3807/4559/3052 3467/4042/2549
f 3467/4042/2549 3807/4559/3052 3808/4560/3053
f 3458/4029/2536 3457/4027/2534 3460/4031/2538
f 3809/4561/3054 3461/4034/2541 3460/4032/2539
f 3809/4561/3054 3462/4035/2542 3461/4034/2541
f 3464/4038/2545 3462/4035/2542 3465/4039/2546
f 3467/4042/2549 3465/4039/2546 3806/4558/3051
f 3473/4051/2558 3457/4028/2535 3470/4047/2554
f 3473/4052/2559 3475/4054/2561 3810/4563/3056
f 3482/4065/2572 3475/4055/2562 3477/4058/2565
f 3482/4066/2573 3484/4068/2575 3811/4565/3058
f 3491/4079/2586 3484/4069/2576 3486/4072/2579
f 3491/4080/2587 3493/4082/2589 3812/4567/3060
f 3500/4093/2600 3493/4083/2590 3495/4086/2593
f 3500/4094/2601 3502/4096/2603 3813/4569/3062
f 3509/4107/2614 3502/4097/2604 3504/4100/2607
f 3509/4108/2615 3511/4110/2617 3814/4571/3064
f 3518/4121/2628 3511/4111/2618 3513/4114/2621
f 3518/4122/2629 3520/4124/2631 3815/4573/3066
f 3527/4135/2642 3520/4125/2632 3522/4128/2635
f 3527/4136/2643 3529/4138/2645 3816/4575/3068
f 3536/4149/2656 3529/4139/2646 3531/4142/2649
f 3536/4150/2657 3538/4152/2659 3817/4577/3069
f 3818/4578/3070 3538/4153/2660 3540/4156/2663
f 3540/4156/2663 3544/4161/2668 3818/4578/3070
f 3546/4165/2672 3730/4439/2935 3544/4162/2669
f 3550/4170/2675 3730/4439/2935 3546/4165/2672
f 3819/4580/3072 3550/4171/2676 3560/4184/2686
f 3562/4187/2689 3819/4581/3073 3560/4185/2687
f 3573/4202/2704 3562/4188/2690 3564/4191/2693
f 3573/4203/2705 3575/4205/2707 3820/4582/3074
f 3582/4216/2718 3575/4206/2708 3577/4209/2711
f 3582/4217/2719 3584/4219/2721 3821/4584/3076
f 3591/4230/2732 3584/4220/2722 3586/4223/2725
f 3591/4231/2733 3593/4233/2735 3822/4586/3077
f 3600/4244/2746 3593/4234/2736 3595/4237/2739
f 3600/4245/2747 3602/4247/2749 3823/4588/3079
f 3609/4258/2760 3602/4248/2750 3604/4251/2753
f 3609/4259/2761 3611/4261/2763 3824/4590/3081
f 3618/4272/2774 3611/4262/2764 3613/4265/2767
f 3618/4273/2775 3620/4275/2777 3825/4592/3083
f 3627/4286/2788 3620/4276/2778 3622/4279/2781
f 3627/4287/2789 3629/4289/2791 3646/4313/2813
f 3650/4317/2817 3629/4290/2792 3631/4293/2795
f 3651/4318/2818 3640/4303/2803 3639/4302/2802
f 3642/4306/2806 3640/4303/2803 3644/4308/2808
f 3644/4309/2809 3826/4594/3085 3645/4311/2811
f 3826/4594/3085 3646/4312/2812 3645/4311/2811
f 3648/4315/2815 3646/4312/2812 3629/4290/2792
f 3653/4321/2821 3640/4304/2804 3651/4319/2819
f 3654/4323/2823 3656/4325/2825 3653/4321/2821
f 3661/4333/2832 3656/4326/2826 3659/4330/2829
f 3663/4336/2835 3661/4334/2833 3660/4332/2831
f 3664/4338/2837 3666/4340/2839 3663/4336/2835
f 3670/4347/2846 3666/4341/2840 3668/4344/2843
f 3672/4350/2849 3670/4348/2847 3669/4346/2845
f 3673/4352/2851 3675/4354/2853 3672/4350/2849
f 3679/4361/2860 3675/4355/2854 3677/4358/2857
f 3681/4364/2863 3679/4362/2861 3678/4360/2859
f 3682/4366/2865 3684/4368/2867 3681/4364/2863
f 3688/4375/2874 3684/4369/2868 3686/4372/2871
f 3690/4378/2877 3688/4376/2875 3687/4374/2873
f 3691/4380/2879 3693/4382/2881 3690/4378/2877
f 3697/4389/2888 3693/4383/2882 3695/4386/2885
f 3699/4392/2891 3697/4390/2889 3696/4388/2887
f 3700/4394/2893 3702/4396/2895 3699/4392/2891
f 3706/4403/2902 3702/4397/2896 3704/4400/2899
f 3708/4406/2905 3706/4404/2903 3705/4402/2901
f 3709/4408/2907 3711/4410/2909 3708/4406/2905
f 3715/4417/2916 3711/4411/2910 3713/4414/2913
f 3717/4420/2919 3715/4418/2917 3714/4416/2915
f 3718/4422/2921 3720/4424/2923 3717/4420/2919
f 3723/4429/2928 3827/4596/3087 3720/4425/2924
f 3725/4432/2931 3827/4597/3088 3723/4430/2929
f 3728/4437/2935 3730/4439/2935 3725/4433/2932
f 3734/4445/2938 3736/4449/2942 3730/4439/2935
f 3737/4450/2943 3828/4598/3089 3736/4448/2941
f 3739/4453/2946 3828/4599/3090 3737/4451/2944
f 3743/4460/2953 3739/4454/2947 3741/4457/2950
f 3745/4463/2956 3743/4461/2954 3742/4459/2952
f 3746/4465/2958 3748/4467/2960 3745/4463/2956
f 3752/4474/2967 3748/4468/2961 3750/4471/2964
f 3754/4477/2970 3752/4475/2968 3751/4473/2966
f 3755/4479/2972 3757/4481/2974 3754/4477/2970
f 3761/4488/2981 3757/4482/2975 3759/4485/2978
f 3763/4491/2984 3761/4489/2982 3760/4487/2980
f 3764/4493/2986 3766/4495/2988 3763/4491/2984
f 3770/4502/2995 3766/4496/2989 3768/4499/2992
f 3772/4505/2998 3770/4503/2996 3769/4501/2994
f 3773/4507/3000 3775/4509/3002 3772/4505/2998
f 3780/4517/3010 3775/4510/3003 3778/4514/3007
f 3782/4520/3013 3780/4518/3011 3779/4516/3009
f 3783/4522/3015 3785/4524/3017 3782/4520/3013
f 3789/4531/3024 3785/4525/3018 3787/4528/3021
f 3791/4534/3027 3789/4532/3025 3788/4530/3023
f 3792/4536/3029 3794/4538/3031 3791/4534/3027
f 3798/4545/3038 3794/4539/3032 3796/4542/3035
f 3800/4548/3041 3798/4546/3039 3797/4544/3037
f 3801/4550/3043 3803/4552/3045 3800/4548/3041
f 3465/4040/2547 3803/4553/3046 3805/4556/3049
f 3829/4600/3091 3460/4032/2539 3457/4028/2535
f 3829/4600/3091 3809/4561/3054 3460/4032/2539
f 3462/4036/2543 3809/4562/3055 3830/4602/3093
f 3465/4040/2547 3462/4036/2543 3800/4549/3042
f 3457/4028/2535 3473/4051/2558 3829/4600/3091
f 3473/4052/2559 3810/4563/3056 3829/4601/3092
f 3831/4604/3095 3810/4564/3057 3475/4055/2562
f 3475/4055/2562 3482/4065/2572 3831/4604/3095
f 3482/4066/2573 3811/4565/3058 3831/4605/3096
f 3832/4606/3097 3811/4566/3059 3484/4069/2576
f 3484/4069/2576 3491/4079/2586 3832/4606/3097
f 3491/4080/2587 3812/4567/3060 3832/4607/3098
f 3833/4608/3097 3812/4568/3061 3493/4083/2590
f 3493/4083/2590 3500/4093/2600 3833/4608/3097
f 3500/4094/2601 3813/4569/3062 3833/4609/3099
f 3834/4610/3100 3813/4570/3063 3502/4097/2604
f 3502/4097/2604 3509/4107/2614 3834/4610/3100
f 3509/4108/2615 3814/4571/3064 3834/4611/3101
f 3835/4612/3102 3814/4572/3065 3511/4111/2618
f 3511/4111/2618 3518/4121/2628 3835/4612/3102
f 3518/4122/2629 3815/4573/3066 3835/4613/3103
f 3836/4614/3104 3815/4574/3067 3520/4125/2632
f 3520/4125/2632 3527/4135/2642 3836/4614/3104
f 3527/4136/2643 3816/4575/3068 3836/4615/3105
f 3837/4616/3106 3816/4576/3067 3529/4139/2646
f 3529/4139/2646 3536/4149/2656 3837/4616/3106
f 3536/4150/2657 3817/4577/3069 3837/4617/3107
f 3838/4618/3108 3817/4577/3069 3538/4153/2660
f 3538/4153/2660 3818/4578/3070 3838/4618/3108
f 3730/4439/2935 3818/4579/3071 3544/4162/2669
f 3730/4439/2935 3550/4170/2675 3839/4620/3109
f 3550/4171/2676 3819/4580/3072 3840/4622/3111
f 3819/4581/3073 3562/4187/2689 3841/4624/3113
f 3562/4188/2690 3573/4202/2704 3842/4626/3115
f 3573/4203/2705 3820/4582/3074 3842/4627/3116
f 3820/4583/3075 3575/4206/2708 3843/4628/3117
f 3575/4206/2708 3582/4216/2718 3843/4628/3117
f 3582/4217/2719 3821/4584/3076 3843/4629/3118
f 3821/4585/3075 3584/4220/2722 3844/4630/3119
f 3584/4220/2722 3591/4230/2732 3844/4630/3119
f 3591/4231/2733 3822/4586/3077 3844/4631/3120
f 3822/4587/3078 3593/4234/2736 3845/4632/3119
f 3593/4234/2736 3600/4244/2746 3845/4632/3119
f 3600/4245/2747 3823/4588/3079 3845/4633/3121
f 3823/4589/3080 3602/4248/2750 3846/4634/3122
f 3602/4248/2750 3609/4258/2760 3846/4634/3122
f 3609/4259/2761 3824/4590/3081 3846/4635/3121
f 3824/4591/3082 3611/4262/2764 3847/4636/3123
f 3611/4262/2764 3618/4272/2774 3847/4636/3123
f 3825/4592/3083 3847/4637/3124 3618/4273/2775
f 3848/4638/3125 3825/4593/3084 3620/4276/2778
f 3620/4276/2778 3627/4286/2788 3848/4638/3125
f 3627/4287/2789 3646/4313/2813 3848/4639/3126
f 3640/4304/2804 3849/4640/3127 3644/4309/2809
f 3849/4640/3127 3826/4594/3085 3644/4309/2809
f 3646/4313/2813 3826/4595/3086 3848/4639/3126
f 3640/4304/2804 3653/4321/2821 3849/4640/3127
f 3661/4333/2832 3653/4322/2822 3656/4326/2826
f 3661/4334/2833 3663/4336/2835 3850/4642/3129
f 3670/4347/2846 3663/4337/2836 3666/4341/2840
f 3670/4348/2847 3672/4350/2849 3851/4644/3131
f 3679/4361/2860 3672/4351/2850 3675/4355/2854
f 3679/4362/2861 3681/4364/2863 3852/4646/3133
f 3688/4375/2874 3681/4365/2864 3684/4369/2868
f 3688/4376/2875 3690/4378/2877 3853/4648/3135
f 3697/4389/2888 3690/4379/2878 3693/4383/2882
f 3697/4390/2889 3699/4392/2891 3854/4650/3137
f 3706/4403/2902 3699/4393/2892 3702/4397/2896
f 3706/4404/2903 3708/4406/2905 3855/4652/3139
f 3715/4417/2916 3708/4407/2906 3711/4411/2910
f 3715/4418/2917 3717/4420/2919 3856/4654/3141
f 3857/4656/3143 3717/4421/2920 3720/4425/2924
f 3858/4658/3145 3720/4425/2924 3827/4596/3087
f 3725/4432/2931 3858/4659/3146 3827/4597/3088
f 3730/4439/2935 3859/4660/3147 3725/4433/2932
f 3860/4662/3147 3730/4439/2935 3736/4449/2942
f 3861/4664/3150 3736/4448/2941 3828/4598/3089
f 3739/4453/2946 3861/4665/3151 3828/4599/3090
f 3743/4460/2953 3862/4666/3152 3739/4454/2947
f 3863/4668/3154 3743/4461/2954 3745/4463/2956
f 3752/4474/2967 3745/4464/2957 3748/4468/2961
f 3864/4670/3156 3752/4475/2968 3754/4477/2970
f 3761/4488/2981 3754/4478/2971 3757/4482/2975
f 3865/4672/3158 3761/4489/2982 3763/4491/2984
f 3770/4502/2995 3763/4492/2985 3766/4496/2989
f 3866/4674/3160 3770/4503/2996 3772/4505/2998
f 3780/4517/3010 3772/4506/2999 3775/4510/3003
f 3780/4518/3011 3782/4520/3013 3867/4676/3162
f 3789/4531/3024 3782/4521/3014 3785/4525/3018
f 3868/4678/3164 3789/4532/3025 3791/4534/3027
f 3798/4545/3038 3791/4535/3028 3794/4539/3032
f 3830/4603/3094 3798/4546/3039 3800/4548/3041
f 3465/4040/2547 3800/4549/3042 3803/4553/3046
f 3809/4562/3055 3829/4601/3092 3869/4680/3166
f 3462/4036/2543 3830/4602/3093 3800/4549/3042
f 3809/4562/3055 3869/4680/3166 3830/4602/3093
f 3829/4601/3092 3810/4563/3056 3869/4680/3166
f 3810/4564/3057 3831/4604/3095 3870/4682/3168
f 3871/4684/3170 3831/4605/3096 3811/4565/3058
f 3832/4606/3097 3872/4686/3172 3811/4566/3059
f 3873/4688/3174 3832/4607/3098 3812/4567/3060
f 3833/4608/3097 3874/4690/3176 3812/4568/3061
f 3875/4692/3178 3833/4609/3099 3813/4569/3062
f 3834/4610/3100 3876/4694/3180 3813/4570/3063
f 3877/4696/3182 3834/4611/3101 3814/4571/3064
f 3835/4612/3102 3878/4698/3184 3814/4572/3065
f 3879/4700/3186 3835/4613/3103 3815/4573/3066
f 3836/4614/3104 3880/4702/3188 3815/4574/3067
f 3881/4704/3190 3836/4615/3105 3816/4575/3068
f 3837/4616/3106 3882/4706/3192 3816/4576/3067
f 3883/4708/3194 3837/4617/3107 3817/4577/3069
f 3817/4577/3069 3838/4618/3108 3884/4711/3197
f 3818/4579/3071 3730/4439/2935 3838/4619/3109
f 3730/4439/2935 3839/4620/3109 3885/4713/3198
f 3840/4622/3111 3839/4621/3110 3550/4171/2676
f 3841/4624/3113 3840/4623/3112 3819/4581/3073
f 3841/4625/3114 3562/4188/2690 3842/4626/3115
f 3820/4582/3074 3886/4715/3200 3842/4627/3116
f 3820/4583/3075 3843/4628/3117 3887/4717/3202
f 3821/4584/3076 3888/4719/3204 3843/4629/3118
f 3821/4585/3075 3844/4630/3119 3889/4721/3206
f 3822/4586/3077 3890/4723/3208 3844/4631/3120
f 3822/4587/3078 3845/4632/3119 3891/4725/3210
f 3823/4588/3079 3892/4727/3212 3845/4633/3121
f 3823/4589/3080 3846/4634/3122 3893/4729/3214
f 3824/4590/3081 3894/4731/3216 3846/4635/3121
f 3824/4591/3082 3847/4636/3123 3895/4733/3218
f 3847/4637/3124 3825/4592/3083 3896/4735/3220
f 3825/4593/3084 3848/4638/3125 3897/4737/3222
f 3826/4595/3086 3849/4641/3128 3897/4738/3223
f 3848/4639/3126 3826/4595/3086 3897/4738/3223
f 3849/4641/3128 3653/4322/2822 3898/4739/3224
f 3653/4322/2822 3661/4333/2832 3898/4739/3224
f 3661/4334/2833 3850/4642/3129 3898/4740/3225
f 3850/4643/3130 3663/4337/2836 3899/4741/3226
f 3663/4337/2836 3670/4347/2846 3899/4741/3226
f 3670/4348/2847 3851/4644/3131 3899/4742/3227
f 3851/4645/3132 3672/4351/2850 3900/4743/3228
f 3672/4351/2850 3679/4361/2860 3900/4743/3228
f 3852/4646/3133 3900/4744/3229 3679/4362/2861
f 3901/4745/3230 3852/4647/3134 3681/4365/2864
f 3681/4365/2864 3688/4375/2874 3901/4745/3230
f 3688/4376/2875 3853/4648/3135 3901/4746/3231
f 3853/4649/3136 3690/4379/2878 3902/4747/3232
f 3690/4379/2878 3697/4389/2888 3902/4747/3232
f 3697/4390/2889 3854/4650/3137 3902/4748/3233
f 3854/4651/3138 3699/4393/2892 3903/4749/3232
f 3699/4393/2892 3706/4403/2902 3903/4749/3232
f 3706/4404/2903 3855/4652/3139 3903/4750/3234
f 3855/4653/3140 3708/4407/2906 3904/4751/3235
f 3708/4407/2906 3715/4417/2916 3904/4751/3235
f 3715/4418/2917 3856/4654/3141 3904/4752/3234
f 3905/4753/3236 3856/4655/3142 3717/4421/2920
f 3720/4425/2924 3858/4658/3145 3857/4656/3143
f 3717/4421/2920 3857/4656/3143 3906/4755/3238
f 3858/4659/3146 3725/4432/2931 3859/4661/3148
f 3730/4439/2935 3907/4757/3240 3859/4660/3147
f 3736/4448/2941 3908/4759/3242 3860/4663/3149
f 3909/4761/3244 3730/4439/2935 3860/4662/3147
f 3908/4759/3242 3736/4448/2941 3861/4664/3150
f 3739/4453/2946 3908/4760/3243 3861/4665/3151
f 3743/4460/2953 3910/4763/3246 3862/4666/3152
f 3908/4760/3243 3739/4453/2946 3862/4667/3153
f 3911/4765/3246 3863/4669/3155 3745/4464/2957
f 3910/4764/3247 3743/4461/2954 3863/4668/3154
f 3752/4474/2967 3911/4765/3246 3745/4464/2957
f 3912/4767/3249 3864/4671/3157 3754/4478/2971
f 3911/4766/3248 3752/4475/2968 3864/4670/3156
f 3761/4488/2981 3912/4767/3249 3754/4478/2971
f 3913/4769/3251 3865/4673/3159 3763/4492/2985
f 3912/4768/3250 3761/4489/2982 3865/4672/3158
f 3770/4502/2995 3913/4769/3251 3763/4492/2985
f 3914/4771/3253 3866/4675/3161 3772/4506/2999
f 3866/4674/3160 3913/4770/3252 3770/4503/2996
f 3780/4517/3010 3914/4771/3253 3772/4506/2999
f 3914/4772/3254 3780/4518/3011 3867/4676/3162
f 3915/4773/3255 3867/4677/3163 3782/4521/3014
f 3782/4521/3014 3789/4531/3024 3915/4773/3255
f 3916/4775/3255 3868/4679/3165 3791/4535/3028
f 3915/4774/3256 3789/4532/3025 3868/4678/3164
f 3798/4545/3038 3916/4775/3255 3791/4535/3028
f 3916/4776/3257 3798/4546/3039 3830/4603/3094
f 3869/4681/3167 3916/4776/3257 3830/4603/3094
f 3870/4682/3168 3869/4681/3167 3810/4564/3057
f 3870/4683/3169 3831/4605/3096 3871/4684/3170
f 3872/4686/3172 3871/4685/3171 3811/4566/3059
f 3872/4687/3173 3832/4607/3098 3873/4688/3174
f 3874/4690/3176 3873/4689/3175 3812/4568/3061
f 3874/4691/3177 3833/4609/3099 3875/4692/3178
f 3876/4694/3180 3875/4693/3179 3813/4570/3063
f 3877/4696/3182 3876/4695/3181 3834/4611/3101
f 3878/4698/3184 3877/4697/3183 3814/4572/3065
f 3878/4699/3185 3835/4613/3103 3879/4700/3186
f 3880/4702/3188 3879/4701/3187 3815/4574/3067
f 3880/4703/3189 3836/4615/3105 3881/4704/3190
f 3882/4706/3192 3881/4705/3191 3816/4576/3067
f 3882/4707/3193 3837/4617/3107 3883/4708/3194
f 3884/4711/3197 3883/4708/3194 3817/4577/3069
f 3884/4712/3198 3838/4619/3109 3730/4439/2935
f 3730/4439/2935 3885/4713/3198 3907/4757/3240
f 3917/4777/3258 3885/4714/3199 3839/4621/3110
f 3839/4621/3110 3840/4622/3111 3918/4779/3260
f 3840/4623/3112 3841/4624/3113 3918/4780/3261
f 3841/4625/3114 3842/4626/3115 3919/4781/3262
f 3886/4716/3201 3820/4583/3075 3887/4717/3202
f 3842/4627/3116 3886/4715/3200 3919/4782/3263
f 3843/4629/3118 3888/4719/3204 3887/4718/3203
f 3888/4720/3205 3821/4585/3075 3889/4721/3206
f 3844/4631/3120 3890/4723/3208 3889/4722/3207
f 3890/4724/3209 3822/4587/3078 3891/4725/3210
f 3845/4633/3121 3892/4727/3212 3891/4726/3211
f 3892/4728/3213 3823/4589/3080 3893/4729/3214
f 3894/4731/3216 3893/4730/3215 3846/4635/3121
f 3895/4733/3218 3894/4732/3217 3824/4591/3082
f 3847/4637/3124 3896/4735/3220 3895/4734/3219
f 3896/4736/3221 3825/4593/3084 3897/4737/3222
f 3849/4641/3128 3898/4739/3224 3897/4738/3223
f 3850/4642/3129 3896/4736/3221 3898/4740/3225
f 3850/4643/3130 3899/4741/3226 3895/4734/3219
f 3851/4644/3131 3894/4732/3217 3899/4742/3227
f 3851/4645/3132 3900/4743/3228 3893/4730/3215
f 3900/4744/3229 3852/4646/3133 3892/4728/3213
f 3852/4647/3134 3901/4745/3230 3891/4726/3211
f 3853/4648/3135 3890/4724/3209 3901/4746/3231
f 3853/4649/3136 3902/4747/3232 3889/4722/3207
f 3854/4650/3137 3888/4720/3205 3902/4748/3233
f 3854/4651/3138 3903/4749/3232 3887/4718/3203
f 3855/4652/3139 3886/4716/3201 3903/4750/3234
f 3855/4653/3140 3904/4751/3235 3919/4782/3263
f 3856/4654/3141 3920/4783/3264 3904/4752/3234
f 3717/4421/2920 3906/4755/3238 3905/4753/3236
f 3856/4655/3142 3905/4753/3236 3921/4785/3266
f 3859/4661/3148 3857/4657/3144 3858/4659/3146
f 3859/4661/3148 3906/4756/3239 3857/4657/3144
f 3907/4758/3241 3905/4754/3237 3859/4661/3148
f 3860/4663/3149 3908/4759/3242 3922/4787/3268
f 3860/4663/3149 3923/4789/3270 3909/4762/3245
f 3730/4439/2935 3909/4761/3244 3924/4791/3272
f 3910/4763/3246 3925/4794/3275 3862/4666/3152
f 3922/4788/3269 3908/4760/3243 3862/4667/3153
f 3911/4765/3246 3880/4703/3189 3863/4669/3155
f 3881/4705/3191 3910/4764/3247 3863/4668/3154
f 3912/4767/3249 3878/4699/3185 3864/4671/3157
f 3879/4701/3187 3911/4766/3248 3864/4670/3156
f 3913/4769/3251 3876/4695/3181 3865/4673/3159
f 3877/4697/3183 3912/4768/3250 3865/4672/3158
f 3866/4675/3161 3914/4771/3253 3874/4691/3177
f 3913/4770/3252 3866/4674/3160 3875/4693/3179
f 3873/4689/3175 3914/4772/3254 3867/4676/3162
f 3915/4773/3255 3872/4687/3173 3867/4677/3163
f 3916/4775/3255 3870/4683/3169 3868/4679/3165
f 3871/4685/3171 3915/4774/3256 3868/4678/3164
f 3870/4682/3168 3916/4776/3257 3869/4681/3167
f 3870/4683/3169 3871/4684/3170 3868/4679/3165
f 3872/4686/3172 3915/4774/3256 3871/4685/3171
f 3872/4687/3173 3873/4688/3174 3867/4677/3163
f 3874/4690/3176 3914/4772/3254 3873/4689/3175
f 3874/4691/3177 3875/4692/3178 3866/4675/3161
f 3876/4694/3180 3913/4770/3252 3875/4693/3179
f 3877/4696/3182 3865/4673/3159 3876/4695/3181
f 3878/4698/3184 3912/4768/3250 3877/4697/3183
f 3878/4699/3185 3879/4700/3186 3864/4671/3157
f 3880/4702/3188 3911/4766/3248 3879/4701/3187
f 3880/4703/3189 3881/4704/3190 3863/4669/3155
f 3882/4706/3192 3910/4764/3247 3881/4705/3191
f 3882/4707/3193 3883/4708/3194 3925/4794/3275
f 3883/4708/3194 3884/4711/3197 3730/4441/2937
f 3885/4714/3199 3926/4796/3277 3907/4758/3241
f 3839/4621/3110 3927/4798/3279 3917/4777/3258
f 3885/4714/3199 3917/4777/3258 3928/4800/3281
f 3927/4798/3279 3839/4621/3110 3918/4779/3260
f 3841/4624/3113 3927/4799/3280 3918/4780/3261
f 3920/4783/3264 3841/4625/3114 3919/4781/3262
f 3903/4750/3234 3886/4716/3201 3887/4717/3202
f 3886/4715/3200 3855/4653/3140 3919/4782/3263
f 3888/4719/3204 3854/4651/3138 3887/4718/3203
f 3902/4748/3233 3888/4720/3205 3889/4721/3206
f 3890/4723/3208 3853/4649/3136 3889/4722/3207
f 3901/4746/3231 3890/4724/3209 3891/4725/3210
f 3892/4727/3212 3852/4647/3134 3891/4726/3211
f 3900/4744/3229 3892/4728/3213 3893/4729/3214
f 3893/4730/3215 3894/4731/3216 3851/4645/3132
f 3894/4732/3217 3895/4733/3218 3899/4742/3227
f 3896/4735/3220 3850/4643/3130 3895/4734/3219
f 3898/4740/3225 3896/4736/3221 3897/4737/3222
f 3904/4752/3234 3920/4783/3264 3919/4781/3262
f 3926/4797/3278 3920/4784/3265 3856/4655/3142
f 3859/4661/3148 3905/4754/3237 3906/4756/3239
f 3856/4655/3142 3921/4785/3266 3926/4797/3278
f 3905/4754/3237 3907/4758/3241 3921/4786/3267
f 3929/4802/3283 3860/4663/3149 3922/4787/3268
f 3923/4789/3270 3860/4663/3149 3929/4802/3283
f 3909/4762/3245 3923/4789/3270 3930/4804/3285
f 3924/4793/3274 3883/4709/3195 3730/4440/2936
f 3909/4762/3245 3931/4806/3287 3924/4792/3273
f 3910/4763/3246 3882/4707/3193 3925/4794/3275
f 3923/4790/3271 3862/4667/3153 3925/4795/3276
f 3862/4667/3153 3929/4803/3284 3922/4788/3269
f 3931/4807/3288 3925/4795/3276 3883/4710/3196
f 3926/4796/3277 3885/4714/3199 3928/4800/3281
f 3907/4758/3241 3926/4796/3277 3921/4786/3267
f 3920/4784/3265 3917/4778/3259 3927/4799/3280
f 3917/4778/3259 3920/4784/3265 3928/4801/3282
f 3927/4799/3280 3841/4624/3113 3920/4784/3265
f 3920/4784/3265 3926/4797/3278 3928/4801/3282
f 3862/4667/3153 3923/4790/3271 3929/4803/3284
f 3932/4808/3289 3909/4762/3245 3930/4804/3285
f 3930/4805/3286 3923/4790/3271 3925/4795/3276
f 3883/4709/3195 3924/4793/3274 3933/4810/3291
f 3931/4806/3287 3909/4762/3245 3932/4808/3289
f 3924/4792/3273 3931/4806/3287 3933/4811/3292
f 3933/4812/3293 3931/4807/3288 3883/4710/3196
f 3925/4795/3276 3931/4807/3288 3932/4809/3290
f 3925/4795/3276 3932/4809/3290 3930/4805/3286
f 3473/4051/2558 3470/4047/2554 3471/4048/2555
f 3475/4054/2561 3474/4053/2560 3476/4056/2563
f 3475/4054/2561 3473/4052/2559 3472/4050/2557
f 3482/4065/2572 3477/4058/2565 3480/4062/2569
f 3484/4068/2575 3483/4067/2574 3485/4070/2577
f 3484/4068/2575 3482/4066/2573 3481/4064/2571
f 3491/4079/2586 3486/4072/2579 3489/4076/2583
f 3493/4082/2589 3492/4081/2588 3494/4084/2591
f 3493/4082/2589 3491/4080/2587 3490/4078/2585
f 3500/4093/2600 3495/4086/2593 3498/4090/2597
f 3502/4096/2603 3501/4095/2602 3503/4098/2605
f 3502/4096/2603 3500/4094/2601 3499/4092/2599
f 3509/4107/2614 3504/4100/2607 3507/4104/2611
f 3511/4110/2617 3510/4109/2616 3512/4112/2619
f 3511/4110/2617 3509/4108/2615 3508/4106/2613
f 3518/4121/2628 3513/4114/2621 3516/4118/2625
f 3520/4124/2631 3519/4123/2630 3521/4126/2633
f 3520/4124/2631 3518/4122/2629 3517/4120/2627
f 3527/4135/2642 3522/4128/2635 3525/4132/2639
f 3529/4138/2645 3528/4137/2644 3530/4140/2647
f 3529/4138/2645 3527/4136/2643 3526/4134/2641
f 3536/4149/2656 3531/4142/2649 3534/4146/2653
f 3538/4152/2659 3537/4151/2658 3539/4154/2661
f 3538/4152/2659 3536/4150/2657 3535/4148/2655
f 3544/4161/2668 3543/4160/2667 3545/4163/2670
f 3544/4161/2668 3540/4156/2663 3542/4159/2666
f 3550/4170/2675 3551/4172/2675 3552/4173/2675
f 3550/4170/2675 3546/4165/2672 3548/4168/2675
f 3550/4171/2676 3558/4181/2683 3559/4182/2684
f 3550/4171/2676 3553/4175/2677 3557/4180/2682
f 3562/4187/2689 3561/4186/2688 3563/4189/2691
f 3562/4187/2689 3560/4185/2687 3559/4183/2685
f 3573/4202/2704 3564/4191/2693 3571/4199/2701
f 3575/4205/2707 3574/4204/2706 3576/4207/2709
f 3575/4205/2707 3573/4203/2705 3572/4201/2703
f 3582/4216/2718 3577/4209/2711 3580/4213/2715
f 3584/4219/2721 3583/4218/2720 3585/4221/2723
f 3584/4219/2721 3582/4217/2719 3581/4215/2717
f 3591/4230/2732 3586/4223/2725 3589/4227/2729
f 3593/4233/2735 3592/4232/2734 3594/4235/2737
f 3593/4233/2735 3591/4231/2733 3590/4229/2731
f 3600/4244/2746 3595/4237/2739 3598/4241/2743
f 3602/4247/2749 3601/4246/2748 3603/4249/2751
f 3602/4247/2749 3600/4245/2747 3599/4243/2745
f 3609/4258/2760 3604/4251/2753 3607/4255/2757
f 3611/4261/2763 3610/4260/2762 3612/4263/2765
f 3611/4261/2763 3609/4259/2761 3608/4257/2759
f 3618/4272/2774 3613/4265/2767 3616/4269/2771
f 3620/4275/2777 3619/4274/2776 3621/4277/2779
f 3620/4275/2777 3618/4273/2775 3617/4271/2773
f 3627/4286/2788 3622/4279/2781 3625/4283/2785
f 3629/4289/2791 3628/4288/2790 3630/4291/2793
f 3629/4289/2791 3627/4287/2789 3626/4285/2787
f 3470/4046/2553 3134/4813/3294 3133/4814/3294
f 3470/4046/2553 3135/4815/3294 3134/4813/3294
f 3470/4046/2553 3136/4816/3295 3135/4815/3294
f 3468/4043/2550 3470/4046/2553 3139/4817/3296
f 3470/4046/2553 3127/4818/3296 3139/4817/3296
f 3470/4046/2553 3129/4819/3297 3128/4820/3296
f 3128/4820/3296 3127/4818/3296 3470/4046/2553
f 3470/4046/2553 3132/4821/3298 3131/4822/3299
f 3470/4046/2553 3138/4823/3300 3137/4824/3300
f 3470/4046/2553 3457/4027/2534 3121/4825/3300
f 3456/4026/2533 3083/4826/3300 3121/4825/3300
f 3121/4825/3300 3138/4823/3300 3470/4046/2553
f 3456/4026/2533 3084/4827/3301 3083/4826/3300
f 3121/4825/3300 3457/4027/2534 3456/4026/2533
f 3456/4026/2533 3079/4828/3302 3081/4829/3302
f 3081/4829/3302 3084/4827/3301 3456/4026/2533
f 3137/4824/3300 3136/4816/3295 3470/4046/2553
f 3131/4822/3299 3130/4830/3303 3470/4046/2553
f 3129/4819/3297 3470/4046/2553 3130/4830/3303
f 3139/4817/3296 3125/4831/3304 3468/4043/2550
f 3124/4832/3305 3468/4043/2550 3125/4831/3304
f 3133/4814/3294 3132/4821/3298 3470/4046/2553
f 3631/4293/2795 3634/4297/2799 2525/4833/3306
f 3631/4293/2795 2526/4834/3307 2522/4835/3308
f 2522/4835/3308 3650/4317/2817 3631/4293/2795
f 2522/4835/3308 2524/4836/3308 3650/4317/2817
f 2524/4836/3308 3934/4837/3308 3650/4317/2817
f 2525/4833/3306 2526/4834/3307 3631/4293/2795
f 3467/4042/2549 3808/4560/3053 2537/4838/3309
f 3808/4560/3053 2532/4839/3309 2535/4840/3309
f 2537/4838/3309 3112/4841/3309 3467/4042/2549
f 3808/4560/3053 2533/4842/3310 2532/4839/3309
f 2535/4840/3309 2537/4838/3309 3808/4560/3053
f 3808/4560/3053 3935/4843/3311 2527/4844/3312
f 2527/4844/3312 2530/4845/3312 3808/4560/3053
f 2527/4844/3312 3935/4843/3311 2528/4846/3313
f 2530/4845/3312 2533/4842/3310 3808/4560/3053
f 3112/4841/3309 3111/4847/3314 3467/4042/2549
f 2528/4846/3313 3935/4843/3311 2538/4848/3315
f 3649/4849/3316 3650/4850/3316 3648/4851/3316
f 3636/4852/3316 2647/4853/3316 3637/4854/3316
f 2652/4855/3316 3636/4852/3316 2576/4856/3316
f 2640/4857/3316 3648/4851/3316 2641/4858/3316
f 2639/4859/3316 3648/4851/3316 2640/4857/3316
f 3650/4850/3316 3934/4860/3316 2645/4861/3316
f 2644/4862/3316 2643/4863/3316 3650/4850/3316
f 2637/4864/3316 3648/4851/3316 2638/4865/3316
f 2635/4866/3316 3648/4851/3316 2636/4867/3316
f 2630/4868/3316 3648/4851/3316 2633/4869/3316
f 2629/4870/3316 3648/4851/3316 2632/4871/3316
f 2626/4872/3316 3648/4851/3316 2627/4873/3316
f 2623/4874/3316 3648/4851/3316 2624/4875/3316
f 2620/4876/3316 2619/4877/3316 3648/4851/3316
f 3647/4878/3316 3648/4851/3316 2619/4877/3316
f 2617/4879/3316 3647/4878/3316 2654/4880/3316
f 2655/4881/3316 3647/4878/3316 2617/4879/3316
f 2656/4882/3316 3647/4878/3316 2655/4881/3316
f 3645/4883/3316 3647/4878/3316 2615/4884/3316
f 2656/4882/3316 2615/4884/3316 3647/4878/3316
f 2618/4885/3316 2654/4880/3316 3647/4878/3316
f 2657/4886/3316 3645/4883/3316 2612/4887/3316
f 2610/4888/3316 3645/4883/3316 2657/4886/3316
f 2609/4889/3316 3645/4883/3316 2610/4888/3316
f 2658/4890/3316 3645/4883/3316 2609/4889/3316
f 3643/4891/3316 3645/4883/3316 2608/4892/3316
f 2658/4890/3316 2608/4892/3316 3645/4883/3316
f 2613/4893/3316 2612/4887/3316 3645/4883/3316
f 3642/4894/3316 3643/4891/3316 2607/4895/3316
f 2604/4896/3316 3642/4894/3316 2607/4895/3316
f 2659/4897/3316 3642/4894/3316 2603/4898/3316
f 2660/4899/3316 3642/4894/3316 2659/4897/3316
f 2661/4900/3316 3642/4894/3316 2660/4899/3316
f 2602/4901/3316 3642/4894/3316 2661/4900/3316
f 2601/4902/3316 3642/4894/3316 2602/4901/3316
f 3641/4903/3316 3642/4894/3316 2600/4904/3316
f 2601/4902/3316 2600/4904/3316 3642/4894/3316
f 3639/4905/3316 3641/4903/3316 2596/4906/3316
f 2598/4907/3316 2596/4906/3316 3641/4903/3316
f 2599/4908/3316 2598/4907/3316 3641/4903/3316
f 2662/4909/3316 3639/4905/3316 2595/4910/3316
f 2593/4911/3316 3639/4905/3316 2662/4909/3316
f 2592/4912/3316 3639/4905/3316 2593/4911/3316
f 2663/4913/3316 3639/4905/3316 2592/4912/3316
f 3636/4852/3316 3639/4905/3316 2591/4914/3316
f 2663/4913/3316 2591/4914/3316 3639/4905/3316
f 2589/4915/3316 3636/4852/3316 2590/4916/3316
f 3636/4852/3316 2579/4917/3316 2578/4918/3316
f 3636/4852/3316 2581/4919/3316 2580/4920/3316
f 3636/4852/3316 2582/4921/3316 2581/4919/3316
f 3636/4852/3316 2583/4922/3316 2582/4921/3316
f 3636/4852/3316 2584/4923/3316 2583/4922/3316
f 3636/4852/3316 2585/4924/3316 2584/4923/3316
f 3636/4852/3316 2586/4925/3316 2585/4924/3316
f 3636/4852/3316 2587/4926/3316 2586/4925/3316
f 3636/4852/3316 2588/4927/3316 2587/4926/3316
f 2591/4914/3316 2590/4916/3316 3636/4852/3316
f 2596/4906/3316 2595/4910/3316 3639/4905/3316
f 2600/4904/3316 2599/4908/3316 3641/4903/3316
f 2604/4896/3316 2603/4898/3316 3642/4894/3316
f 2608/4892/3316 2607/4895/3316 3643/4891/3316
f 2615/4884/3316 2613/4893/3316 3645/4883/3316
f 2619/4877/3316 2618/4885/3316 3647/4878/3316
f 2622/4928/3316 2620/4876/3316 3648/4851/3316
f 3648/4851/3316 2623/4874/3316 2622/4928/3316
f 2625/4929/3316 2624/4875/3316 3648/4851/3316
f 3648/4851/3316 2626/4872/3316 2625/4929/3316
f 2628/4930/3316 2627/4873/3316 3648/4851/3316
f 3648/4851/3316 2629/4870/3316 2628/4930/3316
f 2630/4868/3316 2632/4871/3316 3648/4851/3316
f 2634/4931/3316 2633/4869/3316 3648/4851/3316
f 3648/4851/3316 2635/4866/3316 2634/4931/3316
f 2637/4864/3316 2636/4867/3316 3648/4851/3316
f 2639/4859/3316 2638/4865/3316 3648/4851/3316
f 3648/4851/3316 3650/4850/3316 2643/4863/3316
f 3650/4850/3316 2645/4861/3316 2644/4862/3316
f 2653/4932/3316 2645/4861/3316 3934/4860/3316
f 2643/4863/3316 2641/4858/3316 3648/4851/3316
f 3636/4852/3316 2589/4915/3316 2588/4927/3316
f 3636/4852/3316 2580/4920/3316 2579/4917/3316
f 3636/4852/3316 2648/4933/3316 2647/4853/3316
f 3636/4852/3316 2649/4934/3316 2648/4933/3316
f 3636/4852/3316 2650/4935/3316 2649/4934/3316
f 3636/4852/3316 2651/4936/3316 2650/4935/3316
f 3636/4852/3316 2652/4855/3316 2651/4936/3316
f 2573/4937/3316 2576/4856/3316 3636/4852/3316
f 3636/4852/3316 2578/4918/3316 2577/4938/3316
f 3636/4852/3316 2577/4938/3316 2573/4937/3316
f 2646/4939/3316 3637/4854/3316 2647/4853/3316
f 3633/4940/3317 3410/4941/3317 3412/4942/3317
f 3633/4940/3317 3412/4942/3317 3411/4943/3317
f 3633/4940/3317 3407/4944/3317 3409/4945/3317
f 3633/4940/3317 3406/4946/3317 3408/4947/3317
f 3633/4940/3317 3404/4948/3317 3405/4949/3317
f 3633/4940/3317 3401/4950/3317 3402/4951/3317
f 3633/4940/3317 3402/4951/3317 3403/4952/3317
f 3399/4953/3317 3400/4954/3317 3633/4940/3317
f 3633/4940/3317 3398/4955/3317 3399/4953/3317
f 3633/4940/3317 3395/4956/3317 3397/4957/3317
f 3633/4940/3317 3397/4957/3317 3396/4958/3317
f 3633/4940/3317 3390/4959/3317 3392/4960/3317
f 3633/4940/3317 3392/4960/3317 3393/4961/3317
f 3633/4940/3317 3393/4961/3317 3394/4962/3317
f 3388/4963/3317 3633/4940/3317 3469/4964/3317
f 3469/4964/3317 3386/4965/3317 3391/4966/3317
f 3633/4940/3317 3388/4963/3317 3387/4967/3317
f 3469/4964/3317 3391/4966/3317 3388/4963/3317
f 3633/4940/3317 3387/4967/3317 3389/4968/3317
f 3381/4969/3317 3383/4970/3317 3469/4964/3317
f 3469/4964/3317 3468/4971/3317 3381/4969/3317
f 3469/4964/3317 3383/4970/3317 3382/4972/3317
f 3469/4964/3317 3382/4972/3317 3384/4973/3317
f 3469/4964/3317 3384/4973/3317 3385/4974/3317
f 3381/4969/3317 3468/4971/3317 3124/4975/3317
f 3385/4974/3317 3386/4965/3317 3469/4964/3317
f 3471/4976/3317 3469/4964/3317 3474/4977/3317
f 3474/4977/3317 3472/4978/3317 3471/4976/3317
f 3476/4979/3317 3474/4977/3317 3469/4964/3317
f 3469/4964/3317 3478/4980/3317 3476/4979/3317
f 3479/4981/3317 3478/4980/3317 3469/4964/3317
f 3480/4982/3317 3479/4981/3317 3483/4983/3317
f 3483/4983/3317 3481/4984/3317 3480/4982/3317
f 3485/4985/3317 3483/4983/3317 3479/4981/3317
f 3479/4981/3317 3487/4986/3317 3485/4985/3317
f 3488/4987/3317 3487/4986/3317 3479/4981/3317
f 3489/4988/3317 3488/4987/3317 3492/4989/3317
f 3492/4989/3317 3490/4990/3317 3489/4988/3317
f 3494/4991/3317 3492/4989/3317 3488/4987/3317
f 3488/4987/3317 3496/4992/3317 3494/4991/3317
f 3497/4993/3317 3496/4992/3317 3488/4987/3317
f 3498/4994/3317 3497/4993/3317 3501/4995/3317
f 3501/4995/3317 3499/4996/3317 3498/4994/3317
f 3503/4997/3317 3501/4995/3317 3497/4993/3317
f 3497/4993/3317 3505/4998/3317 3503/4997/3317
f 3506/4999/3317 3505/4998/3317 3497/4993/3317
f 3507/5000/3317 3506/4999/3317 3510/5001/3317
f 3510/5001/3317 3508/5002/3317 3507/5000/3317
f 3512/5003/3317 3510/5001/3317 3506/4999/3317
f 3506/4999/3317 3514/5004/3317 3512/5003/3317
f 3515/5005/3317 3514/5004/3317 3506/4999/3317
f 3516/5006/3317 3515/5005/3317 3519/5007/3317
f 3519/5007/3317 3517/5008/3317 3516/5006/3317
f 3521/5009/3317 3519/5007/3317 3515/5005/3317
f 3515/5005/3317 3523/5010/3317 3521/5009/3317
f 3524/5011/3317 3523/5010/3317 3515/5005/3317
f 3525/5012/3317 3524/5011/3317 3528/5013/3317
f 3528/5013/3317 3526/5014/3317 3525/5012/3317
f 3530/5015/3317 3528/5013/3317 3524/5011/3317
f 3524/5011/3317 3532/5016/3317 3530/5015/3317
f 3533/5017/3317 3532/5016/3317 3524/5011/3317
f 3534/5018/3317 3533/5017/3317 3537/5019/3317
f 3537/5019/3317 3535/5020/3317 3534/5018/3317
f 3539/5021/3317 3537/5019/3317 3533/5017/3317
f 3533/5017/3317 3541/5022/3317 3539/5021/3317
f 3542/5023/3317 3541/5022/3317 3533/5017/3317
f 3533/5017/3317 3543/5024/3317 3542/5023/3317
f 3533/5017/3317 3545/5025/3317 3543/5024/3317
f 3547/5026/3317 3545/5025/3317 3533/5017/3317
f 3548/5027/3317 3547/5026/3317 3533/5017/3317
f 3549/5028/3317 3548/5027/3317 3533/5017/3317
f 3570/5029/3317 3551/5030/3317 3549/5028/3317
f 3552/5031/3317 3551/5030/3317 3570/5029/3317
f 3554/5032/3317 3552/5031/3317 3567/5033/3317
f 3555/5034/3317 3554/5032/3317 3563/5035/3317
f 3556/5036/3317 3555/5034/3317 3561/5037/3317
f 3561/5037/3317 3557/5038/3317 3556/5036/3317
f 3561/5037/3317 3558/5039/3317 3557/5038/3317
f 3561/5037/3317 3559/5040/3317 3558/5039/3317
f 3563/5035/3317 3561/5037/3317 3555/5034/3317
f 3565/5041/3317 3563/5035/3317 3554/5032/3317
f 3554/5032/3317 3566/5042/3317 3565/5041/3317
f 3567/5033/3317 3566/5042/3317 3554/5032/3317
f 3552/5031/3317 3568/5043/3317 3567/5033/3317
f 3552/5031/3317 3569/5044/3317 3568/5043/3317
f 3570/5029/3317 3569/5044/3317 3552/5031/3317
f 3571/5045/3317 3570/5029/3317 3574/5046/3317
f 3574/5046/3317 3572/5047/3317 3571/5045/3317
f 3576/5048/3317 3574/5046/3317 3570/5029/3317
f 3570/5029/3317 3578/5049/3317 3576/5048/3317
f 3579/5050/3317 3578/5049/3317 3570/5029/3317
f 3580/5051/3317 3579/5050/3317 3583/5052/3317
f 3583/5052/3317 3581/5053/3317 3580/5051/3317
f 3585/5054/3317 3583/5052/3317 3579/5050/3317
f 3579/5050/3317 3587/5055/3317 3585/5054/3317
f 3588/5056/3317 3587/5055/3317 3579/5050/3317
f 3589/5057/3317 3588/5056/3317 3592/5058/3317
f 3592/5058/3317 3590/5059/3317 3589/5057/3317
f 3594/5060/3317 3592/5058/3317 3588/5056/3317
f 3588/5056/3317 3596/5061/3317 3594/5060/3317
f 3597/5062/3317 3596/5061/3317 3588/5056/3317
f 3598/5063/3317 3597/5062/3317 3601/5064/3317
f 3601/5064/3317 3599/5065/3317 3598/5063/3317
f 3603/5066/3317 3601/5064/3317 3597/5062/3317
f 3597/5062/3317 3605/5067/3317 3603/5066/3317
f 3606/5068/3317 3605/5067/3317 3597/5062/3317
f 3607/5069/3317 3606/5068/3317 3610/5070/3317
f 3610/5070/3317 3608/5071/3317 3607/5069/3317
f 3612/5072/3317 3610/5070/3317 3606/5068/3317
f 3606/5068/3317 3614/5073/3317 3612/5072/3317
f 3615/5074/3317 3614/5073/3317 3606/5068/3317
f 3616/5075/3317 3615/5074/3317 3619/5076/3317
f 3619/5076/3317 3617/5077/3317 3616/5075/3317
f 3621/5078/3317 3619/5076/3317 3615/5074/3317
f 3615/5074/3317 3623/5079/3317 3621/5078/3317
f 3624/5080/3317 3623/5079/3317 3615/5074/3317
f 3625/5081/3317 3624/5080/3317 3628/5082/3317
f 3628/5082/3317 3626/5083/3317 3625/5081/3317
f 3630/5084/3317 3628/5082/3317 3624/5080/3317
f 3624/5080/3317 3632/5085/3317 3630/5084/3317
f 3633/4940/3317 3632/5085/3317 3624/5080/3317
f 3411/4943/3317 3634/5086/3317 3633/4940/3317
f 2525/5087/3317 3634/5086/3317 3414/5088/3317
f 3389/4968/3317 3390/4959/3317 3633/4940/3317
f 3394/4962/3317 3395/4956/3317 3633/4940/3317
f 3396/4958/3317 3398/4955/3317 3633/4940/3317
f 3400/4954/3317 3401/4950/3317 3633/4940/3317
f 3403/4952/3317 3404/4948/3317 3633/4940/3317
f 3405/4949/3317 3406/4946/3317 3633/4940/3317
f 3408/4947/3317 3407/4944/3317 3633/4940/3317
f 3409/4945/3317 3410/4941/3317 3633/4940/3317
f 3413/5089/3317 3634/5086/3317 3411/4943/3317
f 3415/5090/3317 3414/5088/3317 3634/5086/3317
f 3479/4981/3317 3469/4964/3317 3633/4940/3317
f 3488/4987/3317 3479/4981/3317 3624/5080/3317
f 3497/4993/3317 3488/4987/3317 3615/5074/3317
f 3506/4999/3317 3497/4993/3317 3606/5068/3317
f 3515/5005/3317 3506/4999/3317 3597/5062/3317
f 3524/5011/3317 3515/5005/3317 3588/5056/3317
f 3533/5017/3317 3524/5011/3317 3579/5050/3317
f 3533/5017/3317 3570/5029/3317 3549/5028/3317
f 3579/5050/3317 3570/5029/3317 3533/5017/3317
f 3588/5056/3317 3579/5050/3317 3524/5011/3317
f 3597/5062/3317 3588/5056/3317 3515/5005/3317
f 3606/5068/3317 3597/5062/3317 3506/4999/3317
f 3615/5074/3317 3606/5068/3317 3497/4993/3317
f 3624/5080/3317 3615/5074/3317 3488/4987/3317
f 3633/4940/3317 3624/5080/3317 3479/4981/3317
f 3634/5086/3317 3413/5089/3317 3415/5090/3317
f 2653/5091/3317 3934/5092/3317 2524/5093/3317
f 3652/5094/3318 3417/5095/3318 3418/5096/3318
f 3637/5097/3318 2646/5098/3318 3453/5099/3318
f 3804/5100/3318 3423/5101/3318 3424/5102/3318
f 3804/5100/3318 3424/5102/3318 2538/5103/3318
f 3441/5104/3318 3443/5105/3318 3804/5100/3318
f 3804/5100/3318 3442/5106/3318 3441/5104/3318
f 3440/5107/3318 3437/5108/3318 3804/5100/3318
f 3804/5100/3318 3443/5105/3318 3439/5109/3318
f 3804/5100/3318 3437/5108/3318 3431/5110/3318
f 3804/5100/3318 3439/5109/3318 3438/5111/3318
f 3804/5100/3318 3431/5110/3318 3428/5112/3318
f 3804/5100/3318 3438/5111/3318 3433/5113/3318
f 3804/5100/3318 3428/5112/3318 3427/5114/3318
f 3804/5100/3318 3433/5113/3318 3432/5115/3318
f 3804/5100/3318 3427/5114/3318 3426/5116/3318
f 3804/5100/3318 3432/5115/3318 3430/5117/3318
f 3804/5100/3318 3430/5117/3318 3429/5118/3318
f 3804/5100/3318 3429/5118/3318 3435/5119/3318
f 3804/5100/3318 3435/5119/3318 3434/5120/3318
f 3804/5100/3318 3434/5120/3318 3436/5121/3318
f 3804/5100/3318 3436/5121/3318 3440/5107/3318
f 3657/5122/3318 3445/5123/3318 3444/5124/3318
f 3657/5122/3318 3444/5124/3318 3442/5106/3318
f 3420/5125/3318 3446/5126/3318 3657/5122/3318
f 3657/5122/3318 3655/5127/3318 3420/5125/3318
f 3655/5127/3318 3422/5128/3318 3421/5129/3318
f 3448/5130/3318 3447/5131/3318 3655/5127/3318
f 3655/5127/3318 3449/5132/3318 3448/5130/3318
f 3452/5133/3318 3655/5127/3318 3654/5134/3318
f 3654/5134/3318 3419/5135/3318 3452/5133/3318
f 3654/5134/3318 3652/5094/3318 3416/5136/3318
f 3453/5099/3318 3652/5094/3318 3637/5097/3318
f 3417/5095/3318 3652/5094/3318 3453/5099/3318
f 3418/5096/3318 3416/5136/3318 3652/5094/3318
f 3416/5136/3318 3454/5137/3318 3654/5134/3318
f 3419/5135/3318 3654/5134/3318 3454/5137/3318
f 3452/5133/3318 3451/5138/3318 3655/5127/3318
f 3450/5139/3318 3655/5127/3318 3451/5138/3318
f 3449/5132/3318 3655/5127/3318 3450/5139/3318
f 3447/5131/3318 3422/5128/3318 3655/5127/3318
f 3421/5129/3318 3420/5125/3318 3655/5127/3318
f 3446/5126/3318 3445/5123/3318 3657/5122/3318
f 3442/5106/3318 3804/5100/3318 3657/5122/3318
f 3426/5116/3318 3425/5140/3318 3804/5100/3318
f 3423/5101/3318 3804/5100/3318 3425/5140/3318
f 2538/5103/3318 3935/5141/3318 3804/5100/3318
f 3652/5094/3318 3635/5142/3318 3637/5097/3318
f 3638/5143/3318 3635/5142/3318 3652/5094/3318
f 3652/5094/3318 3651/5144/3318 3638/5143/3318
f 3795/5145/3318 3658/5146/3318 3657/5122/3318
f 3659/5147/3318 3658/5146/3318 3662/5148/3318
f 3662/5148/3318 3660/5149/3318 3659/5147/3318
f 3664/5150/3318 3662/5148/3318 3658/5146/3318
f 3658/5146/3318 3665/5151/3318 3664/5150/3318
f 3658/5146/3318 3667/5152/3318 3665/5151/3318
f 3668/5153/3318 3667/5152/3318 3671/5154/3318
f 3671/5154/3318 3669/5155/3318 3668/5153/3318
f 3673/5156/3318 3671/5154/3318 3667/5152/3318
f 3667/5152/3318 3674/5157/3318 3673/5156/3318
f 3676/5158/3318 3674/5157/3318 3667/5152/3318
f 3677/5159/3318 3676/5158/3318 3680/5160/3318
f 3680/5160/3318 3678/5161/3318 3677/5159/3318
f 3682/5162/3318 3680/5160/3318 3676/5158/3318
f 3676/5158/3318 3683/5163/3318 3682/5162/3318
f 3685/5164/3318 3683/5163/3318 3676/5158/3318
f 3686/5165/3318 3685/5164/3318 3689/5166/3318
f 3689/5166/3318 3687/5167/3318 3686/5165/3318
f 3691/5168/3318 3689/5166/3318 3685/5164/3318
f 3685/5164/3318 3692/5169/3318 3691/5168/3318
f 3694/5170/3318 3692/5169/3318 3685/5164/3318
f 3695/5171/3318 3694/5170/3318 3698/5172/3318
f 3698/5172/3318 3696/5173/3318 3695/5171/3318
f 3700/5174/3318 3698/5172/3318 3694/5170/3318
f 3694/5170/3318 3701/5175/3318 3700/5174/3318
f 3703/5176/3318 3701/5175/3318 3694/5170/3318
f 3704/5177/3318 3703/5176/3318 3707/5178/3318
f 3707/5178/3318 3705/5179/3318 3704/5177/3318
f 3709/5180/3318 3707/5178/3318 3703/5176/3318
f 3703/5176/3318 3710/5181/3318 3709/5180/3318
f 3712/5182/3318 3710/5181/3318 3703/5176/3318
f 3713/5183/3318 3712/5182/3318 3716/5184/3318
f 3716/5184/3318 3714/5185/3318 3713/5183/3318
f 3718/5186/3318 3716/5184/3318 3712/5182/3318
f 3712/5182/3318 3719/5187/3318 3718/5186/3318
f 3721/5188/3318 3719/5187/3318 3712/5182/3318
f 3722/5189/3318 3721/5188/3318 3726/5190/3318
f 3724/5191/3318 3723/5192/3318 3722/5189/3318
f 3722/5189/3318 3726/5190/3318 3724/5191/3318
f 3727/5193/3318 3726/5190/3318 3721/5188/3318
f 3721/5188/3318 3728/5194/3318 3727/5193/3318
f 3721/5188/3318 3729/5195/3318 3728/5194/3318
f 3731/5196/3318 3729/5195/3318 3721/5188/3318
f 3740/5197/3318 3732/5198/3318 3731/5196/3318
f 3740/5197/3318 3733/5199/3318 3732/5198/3318
f 3734/5200/3318 3733/5199/3318 3740/5197/3318
f 3735/5201/3318 3734/5200/3318 3738/5202/3318
f 3738/5202/3318 3737/5203/3318 3735/5201/3318
f 3740/5197/3318 3738/5202/3318 3734/5200/3318
f 3741/5204/3318 3740/5197/3318 3744/5205/3318
f 3744/5205/3318 3742/5206/3318 3741/5204/3318
f 3746/5207/3318 3744/5205/3318 3740/5197/3318
f 3740/5197/3318 3747/5208/3318 3746/5207/3318
f 3749/5209/3318 3747/5208/3318 3740/5197/3318
f 3750/5210/3318 3749/5209/3318 3753/5211/3318
f 3753/5211/3318 3751/5212/3318 3750/5210/3318
f 3755/5213/3318 3753/5211/3318 3749/5209/3318
f 3749/5209/3318 3756/5214/3318 3755/5213/3318
f 3758/5215/3318 3756/5214/3318 3749/5209/3318
f 3759/5216/3318 3758/5215/3318 3762/5217/3318
f 3762/5217/3318 3760/5218/3318 3759/5216/3318
f 3764/5219/3318 3762/5217/3318 3758/5215/3318
f 3758/5215/3318 3765/5220/3318 3764/5219/3318
f 3767/5221/3318 3765/5220/3318 3758/5215/3318
f 3768/5222/3318 3767/5221/3318 3771/5223/3318
f 3771/5223/3318 3769/5224/3318 3768/5222/3318
f 3773/5225/3318 3771/5223/3318 3767/5221/3318
f 3767/5221/3318 3774/5226/3318 3773/5225/3318
f 3776/5227/3318 3774/5226/3318 3767/5221/3318
f 3676/5158/3318 3777/5228/3318 3776/5227/3318
f 3778/5229/3318 3777/5228/3318 3781/5230/3318
f 3781/5230/3318 3779/5231/3318 3778/5229/3318
f 3783/5232/3318 3781/5230/3318 3777/5228/3318
f 3777/5228/3318 3784/5233/3318 3783/5232/3318
f 3777/5228/3318 3786/5234/3318 3784/5233/3318
f 3787/5235/3318 3786/5234/3318 3790/5236/3318
f 3790/5236/3318 3788/5237/3318 3787/5235/3318
f 3792/5238/3318 3790/5236/3318 3786/5234/3318
f 3786/5234/3318 3793/5239/3318 3792/5238/3318
f 3795/5145/3318 3793/5239/3318 3786/5234/3318
f 3796/5240/3318 3795/5145/3318 3799/5241/3318
f 3799/5241/3318 3797/5242/3318 3796/5240/3318
f 3801/5243/3318 3799/5241/3318 3795/5145/3318
f 3795/5145/3318 3802/5244/3318 3801/5243/3318
f 3804/5100/3318 3802/5244/3318 3795/5145/3318
f 3805/5245/3318 3804/5100/3318 3807/5246/3318
f 3807/5246/3318 3806/5247/3318 3805/5245/3318
f 3808/5248/3318 3807/5246/3318 3804/5100/3318
f 3804/5100/3318 3935/5141/3318 3808/5248/3318
f 3657/5122/3318 3804/5100/3318 3795/5145/3318
f 3786/5234/3318 3658/5146/3318 3795/5145/3318
f 3658/5146/3318 3777/5228/3318 3667/5152/3318
f 3667/5152/3318 3777/5228/3318 3676/5158/3318
f 3776/5227/3318 3685/5164/3318 3676/5158/3318
f 3694/5170/3318 3685/5164/3318 3776/5227/3318
f 3703/5176/3318 3694/5170/3318 3767/5221/3318
f 3712/5182/3318 3703/5176/3318 3758/5215/3318
f 3721/5188/3318 3712/5182/3318 3749/5209/3318
f 3721/5188/3318 3740/5197/3318 3731/5196/3318
f 3749/5209/3318 3740/5197/3318 3721/5188/3318
f 3758/5215/3318 3749/5209/3318 3712/5182/3318
f 3767/5221/3318 3758/5215/3318 3703/5176/3318
f 3776/5227/3318 3767/5221/3318 3694/5170/3318
f 3777/5228/3318 3658/5146/3318 3786/5234/3318
f 3086/5249/3319 3467/5250/3319 3110/5251/3319
f 3466/5252/3319 3467/5250/3319 3088/5253/3319
f 3085/5254/3319 3088/5253/3319 3467/5250/3319
f 3093/5255/3319 3464/5256/3319 3091/5257/3319
f 3091/5257/3319 3464/5256/3319 3120/5258/3319
f 3120/5258/3319 3464/5256/3319 3089/5259/3319
f 3090/5260/3319 3089/5259/3319 3466/5252/3319
f 3464/5256/3319 3466/5252/3319 3089/5259/3319
f 3090/5260/3319 3466/5252/3319 3087/5261/3319
f 3463/5262/3319 3464/5256/3319 3095/5263/3319
f 3092/5264/3319 3095/5263/3319 3464/5256/3319
f 3099/5265/3319 3461/5266/3319 3096/5267/3319
f 3097/5268/3319 3096/5267/3319 3463/5262/3319
f 3461/5266/3319 3463/5262/3319 3096/5267/3319
f 3097/5268/3319 3463/5262/3319 3119/5269/3319
f 3119/5269/3319 3463/5262/3319 3094/5270/3319
f 3116/5271/3319 3101/5272/3319 3461/5266/3319
f 3103/5273/3319 3459/5274/3319 3101/5272/3319
f 3116/5271/3319 3461/5266/3319 3117/5275/3319
f 3459/5274/3319 3461/5266/3319 3101/5272/3319
f 3117/5275/3319 3461/5266/3319 3100/5276/3319
f 3100/5276/3319 3461/5266/3319 3118/5277/3319
f 3118/5277/3319 3461/5266/3319 3098/5278/3319
f 3102/5279/3319 3105/5280/3319 3459/5274/3319
f 3458/5281/3319 3459/5274/3319 3105/5280/3319
f 3458/5281/3319 3114/5282/3319 3455/5283/3319
f 3109/5284/3319 3455/5283/3319 3114/5282/3319
f 3114/5282/3319 3458/5281/3319 3115/5285/3319
f 3115/5285/3319 3458/5281/3319 3106/5286/3319
f 3106/5286/3319 3458/5281/3319 3107/5287/3319
f 3107/5287/3319 3458/5281/3319 3104/5288/3319
f 3113/5289/3319 3078/5290/3319 3455/5283/3319
f 3456/5291/3319 3455/5283/3319 3078/5290/3319
f 3113/5289/3319 3455/5283/3319 3108/5292/3319
f 3077/5293/3319 3080/5294/3319 3456/5291/3319
f 3079/5295/3319 3456/5291/3319 3080/5294/3319
f 3078/5290/3319 3077/5293/3319 3456/5291/3319
f 3109/5284/3319 3108/5292/3319 3455/5283/3319
f 3105/5280/3319 3104/5288/3319 3458/5281/3319
f 3103/5273/3319 3102/5279/3319 3459/5274/3319
f 3099/5265/3319 3098/5278/3319 3461/5266/3319
f 3095/5263/3319 3094/5270/3319 3463/5262/3319
f 3093/5255/3319 3092/5264/3319 3464/5256/3319
f 3088/5253/3319 3087/5261/3319 3466/5252/3319
f 3086/5249/3319 3085/5254/3319 3467/5250/3319
f 3111/5296/3319 3110/5251/3319 3467/5250/3319
