g Mesh_body_25
v 0.0755213 0.30497 0.252596 0.627451 0.627451 0.643137
v 0.0790619 0.304989 0.252623 0.627451 0.627451 0.643137
v 0.0825412 0.30497 0.252596 0.627451 0.627451 0.643137
v 0.0790619 0.302105 0.254643 0.627451 0.627451 0.643137
v 0.0831759 0.304819 0.25238 0.627451 0.627451 0.643137
v 0.0755213 0.302086 0.254615 0.627451 0.627451 0.643137
v 0.0839245 0.304177 0.251463 0.627451 0.627451 0.643137
v 0.0748867 0.304819 0.25238 0.627451 0.627451 0.643137
v 0.075191 0.304912 0.252514 0.627451 0.627451 0.643137
v 0.0744009 0.304541 0.251982 0.627451 0.627451 0.643137
v 0.0741381 0.303783 0.2509 0.627451 0.627451 0.643137
v 0.0825412 0.302086 0.254615 0.627451 0.627451 0.643137
v 0.0828715 0.302028 0.254533 0.627451 0.627451 0.643137
v 0.0828715 0.304912 0.252514 0.627451 0.627451 0.643137
v 0.075191 0.302028 0.254533 0.627451 0.627451 0.643137
v 0.0836616 0.304541 0.251982 0.627451 0.627451 0.643137
v 0.0831759 0.301935 0.2544 0.627451 0.627451 0.643137
v 0.0834426 0.301809 0.25422 0.627451 0.627451 0.643137
v 0.0834426 0.304694 0.252201 0.627451 0.627451 0.643137
v 0.0746199 0.304694 0.252201 0.627451 0.627451 0.643137
v 0.0748867 0.301935 0.2544 0.627451 0.627451 0.643137
v 0.0741381 0.304177 0.251463 0.627451 0.627451 0.643137
v 0.0746199 0.301809 0.25422 0.627451 0.627451 0.643137
v 0.0744009 0.301656 0.254002 0.627451 0.627451 0.643137
v 0.0742383 0.304366 0.251733 0.627451 0.627451 0.643137
v 0.0825412 0.302989 0.249767 0.627451 0.627451 0.643137
v 0.0838243 0.304366 0.251733 0.627451 0.627451 0.643137
v 0.0839245 0.301292 0.253482 0.627451 0.627451 0.643137
v 0.0839583 0.301095 0.253201 0.627451 0.627451 0.643137
v 0.0839583 0.30398 0.251181 0.627451 0.627451 0.643137
v 0.0839245 0.303783 0.2509 0.627451 0.627451 0.643137
v 0.0836616 0.303419 0.25038 0.627451 0.627451 0.643137
v 0.0741042 0.30398 0.251181 0.627451 0.627451 0.643137
v 0.0741042 0.301095 0.253201 0.627451 0.627451 0.643137
v 0.0748867 0.30314 0.249982 0.627451 0.627451 0.643137
v 0.0741381 0.300898 0.252919 0.627451 0.627451 0.643137
v 0.0744009 0.303419 0.25038 0.627451 0.627451 0.643137
v 0.0742383 0.303593 0.250629 0.627451 0.627451 0.643137
v 0.0742383 0.301482 0.253753 0.627451 0.627451 0.643137
v 0.0838243 0.301482 0.253753 0.627451 0.627451 0.643137
v 0.0838243 0.300709 0.252649 0.627451 0.627451 0.643137
v 0.0836616 0.301656 0.254002 0.627451 0.627451 0.643137
v 0.0741381 0.301292 0.253482 0.627451 0.627451 0.643137
v 0.0742383 0.300709 0.252649 0.627451 0.627451 0.643137
v 0.075191 0.300162 0.251868 0.627451 0.627451 0.643137
v 0.0839245 0.300898 0.252919 0.627451 0.627451 0.643137
v 0.0838243 0.303593 0.250629 0.627451 0.627451 0.643137
v 0.0831759 0.30314 0.249982 0.627451 0.627451 0.643137
v 0.0755213 0.302989 0.249767 0.627451 0.627451 0.643137
v 0.0828715 0.303047 0.249849 0.627451 0.627451 0.643137
v 0.0790619 0.30297 0.249739 0.627451 0.627451 0.643137
v 0.0825412 0.300105 0.251786 0.627451 0.627451 0.643137
v 0.0790619 0.300086 0.251759 0.627451 0.627451 0.643137
v 0.0836616 0.300534 0.2524 0.627451 0.627451 0.643137
v 0.0834426 0.300381 0.252181 0.627451 0.627451 0.643137
v 0.0834426 0.303266 0.250161 0.627451 0.627451 0.643137
v 0.0746199 0.303266 0.250161 0.627451 0.627451 0.643137
v 0.0744009 0.300534 0.2524 0.627451 0.627451 0.643137
v 0.0746199 0.300381 0.252181 0.627451 0.627451 0.643137
v 0.0748867 0.300256 0.252002 0.627451 0.627451 0.643137
v 0.075191 0.303047 0.249849 0.627451 0.627451 0.643137
v 0.0828715 0.300162 0.251868 0.627451 0.627451 0.643137
v 0.0831759 0.300256 0.252002 0.627451 0.627451 0.643137
v 0.0755213 0.300105 0.251786 0.627451 0.627451 0.643137
vn -2.89399e-08 0.819152 -0.573577
vn -0.151452 0.566961 0.809702
vn -4.55037e-16 0.819146 -0.573585
vn 8.41178e-05 0.573577 0.819151
vn -1.25127e-07 0.819152 -0.573577
vn 0.151535 0.566953 0.809692
vn 8.41178e-05 0.573577 0.819151
vn -1.04915e-11 -0.819148 0.573583
vn 6.00021e-07 0.819152 -0.573576
vn 0.55557 0.476912 0.6811
vn -0.151453 0.566961 0.809702
vn 3.85042e-08 -0.819148 0.573582
vn -8.05907e-07 0.819152 -0.573576
vn 0.980787 0.111896 0.159804
vn 7.03188e-07 0.81915 -0.573579
vn -0.555567 0.476913 0.681102
vn 3.64099e-06 0.819147 -0.573584
vn -0.382681 0.529917 0.756798
vn -1.49653e-06 0.819153 -0.573575
vn -0.831471 0.318661 0.455095
vn -4.12148e-07 0.819152 -0.573576
vn -0.980785 -0.1119 -0.159809
vn 0.151536 0.566953 0.809692
vn -3.92047e-08 -0.819148 0.573582
vn 0.382685 0.529916 0.756797
vn -1.31967e-07 -0.819152 0.573577
vn -3.64092e-06 0.819147 -0.573584
vn 0.382684 0.529916 0.756797
vn -1.30234e-07 -0.819151 0.573578
vn -0.382682 0.529916 0.756798
vn 4.49516e-06 0.819154 -0.573574
vn 0.831468 0.318664 0.455098
vn 0.555573 0.476911 0.681098
vn -1.61389e-05 -0.819168 0.573554
vn 0.707106 0.40558 0.579229
vn 8.48761e-06 -0.819147 0.573584
vn 1.13766e-05 0.819157 -0.573569
vn 0.707106 0.405581 0.579229
vn -1.13766e-05 0.819157 -0.573569
vn -0.707106 0.40558 0.579228
vn -0.55557 0.476912 0.6811
vn 1.61382e-05 -0.819168 0.573554
vn -6.83332e-07 0.819153 -0.573575
vn -0.980785 0.111899 0.159809
vn -0.707106 0.40558 0.579228
vn -8.48734e-06 -0.819147 0.573584
vn -0.831469 0.318663 0.455096
vn 1.13052e-05 -0.819154 0.573574
vn 1.78231e-05 0.819148 -0.573582
vn -0.923882 0.219495 0.313471
vn 2.64242e-07 0.819152 -0.573577
vn 0.151539 -0.566953 -0.809692
vn -1.78219e-05 0.819148 -0.573582
vn 0.92388 0.219498 0.313476
vn 0.980787 0.111895 0.159802
vn 2.80137e-05 -0.819151 0.573577
vn 1 -4.19753e-07 -5.9947e-07
vn 1.36649e-05 -0.819153 0.573576
vn -5.01587e-17 0.819153 -0.573575
vn 1 -1.02653e-07 -5.72835e-08
vn -1.01163e-05 0.819153 -0.573575
vn 0.980787 -0.111896 -0.159803
vn -1.16784e-06 0.819152 -0.573576
vn 0.831467 -0.318664 -0.4551
vn -5.01587e-17 0.819153 -0.573575
vn -1 -4.0903e-08 -5.84156e-08
vn -1 -4.41992e-07 -5.41897e-07
vn -1.36644e-05 -0.819153 0.573576
vn -7.76716e-07 0.819151 -0.573578
vn -0.555566 -0.476913 -0.681102
vn -0.980785 -0.111899 -0.159809
vn 4.66781e-05 -0.819146 0.573585
vn -8.18482e-06 0.819149 -0.573581
vn -0.83147 -0.318661 -0.455096
vn 1.54905e-05 0.819154 -0.573573
vn -0.923882 -0.219495 -0.313472
vn -2.31539e-06 -0.819152 0.573577
vn -0.923883 0.219494 0.31347
vn 2.79998e-08 -0.819152 0.573576
vn 0.92388 0.219497 0.313474
vn -2.62475e-07 -0.819153 0.573576
vn 0.92388 -0.219498 -0.313475
vn 0.831466 0.318665 0.455101
vn -1.13058e-05 -0.819154 0.573574
vn -0.980785 0.111899 0.159808
vn -2.80156e-05 -0.819151 0.573577
vn -6.24438e-07 -0.819153 0.573575
vn -0.923882 -0.219494 -0.313471
vn -4.30199e-07 -0.819153 0.573575
vn -0.382681 -0.529916 -0.756799
vn 0.980787 -0.111896 -0.159803
vn -4.6675e-05 -0.819146 0.573585
vn -1.54894e-05 0.819154 -0.573573
vn 0.923879 -0.219499 -0.313476
vn -4.42891e-06 0.819156 -0.573571
vn 0.555569 -0.476912 -0.6811
vn -4.21847e-07 0.819149 -0.573581
vn -0.151455 -0.56696 -0.809702
vn 1.22749e-05 0.819133 -0.573604
vn 0.382685 -0.529915 -0.756797
vn -4.55037e-16 0.819146 -0.573585
vn 8.41178e-05 -0.573577 -0.819152
vn 0.151535 -0.566953 -0.809692
vn 1.37108e-07 -0.819154 0.573574
vn 8.41178e-05 -0.573577 -0.819152
vn 3.66913e-11 -0.819152 0.573577
vn 0.831468 -0.318663 -0.455099
vn 1.06945e-05 -0.819157 0.573569
vn 0.707105 -0.40558 -0.579229
vn 3.59459e-06 -0.819154 0.573573
vn -4.8774e-06 0.819157 -0.57357
vn 0.707107 -0.40558 -0.579228
vn 4.8774e-06 0.819157 -0.57357
vn -0.707107 -0.405579 -0.579228
vn -0.831471 -0.31866 -0.455095
vn -1.06939e-05 -0.819157 0.573569
vn -0.707105 -0.40558 -0.579229
vn -3.5945e-06 -0.819154 0.573573
vn -0.555566 -0.476913 -0.681102
vn -3.82661e-06 -0.819155 0.573573
vn -1.22752e-05 0.819133 -0.573604
vn -0.382682 -0.529916 -0.756798
vn 3.61809e-07 -0.819153 0.573575
vn 0.382684 -0.529915 -0.756798
vn 0.555569 -0.476912 -0.681101
vn 3.82678e-06 -0.819155 0.573573
vn -0.151452 -0.56696 -0.809703
vn -1.34658e-07 -0.819154 0.573574
vt 0.976562 -0.992188
vt 0.976562 -0.992188
vt 0.0078125 -0.0234375
vt 0.0078125 -0.0234375
vt 0.0078125 -0.992188
vt 0.0078125 -0.992188
vt 0.992188 -0.976562
vt 0.992188 -0.976562
vt 0.0078125 0.0078125
vt 0.0078125 0.0078125
vt 0.992188 0.0234375
vt 0.992188 0.0234375
vt -0.992188 0.0078125
vt -0.992188 0.0078125
vt -0.976562 0.992188
vt -0.976562 0.992188
vt -0.0078125 0.0234375
vt -0.0078125 0.0234375
vt -0.0234375 -0.992188
vt -0.0234375 -0.992188
vt 1.97656 -1.99219
vt 1.97656 -1.99219
vt 1.00781 -0.0234375
vt 1.00781 -0.0234375
vt 1.00781 0.0078125
vt 1.00781 0.0078125
vt 1.99219 0.0234375
vt 1.99219 0.0234375
vt 0.0078125 1.00781
vt 0.0078125 1.00781
vt -0.992188 1.97656
vt -0.992188 1.97656
vt -0.0078125 1.02344
vt -0.0078125 1.02344
vt -1.99219 1.00781
vt -1.99219 1.00781
vt -1.00781 1.02344
vt -1.00781 1.02344
vt -1.99219 -0.0234375
vt -1.99219 -0.0234375
vt -1.00781 -0.976562
vt -1.00781 -0.976562
vt -0.992188 -1.02344
vt -0.992188 -1.02344
vt -0.0078125 -1.97656
vt -0.0078125 -1.97656
vt 0.0078125 -1.02344
vt 0.0078125 -1.02344
vt 0.992188 -1.97656
vt 0.992188 -1.97656
vt 2.99219 -2.97656
vt 2.99219 -2.97656
vt 2.00781 -1.02344
vt 2.00781 -1.02344
vt 2.99219 -1.97656
vt 2.99219 -1.97656
vt 2.00781 -0.992188
vt 2.00781 -0.992188
vt 2.99219 -0.976562
vt 2.99219 -0.976562
vt 2.99219 -0.0078125
vt 2.99219 -0.0078125
vt 2.99219 0.992188
vt 2.99219 0.992188
vt 2.99219 1.02344
vt 2.99219 1.02344
vt 2.00781 2.97656
vt 2.00781 2.97656
vt 2.99219 2.02344
vt 2.99219 2.02344
vt 1.00781 2.97656
vt 1.00781 2.97656
vt 1.02344 2.99219
vt 1.02344 2.99219
vt 1.99219 2.02344
vt 1.99219 2.02344
vt -0.0078125 2.99219
vt -0.0078125 2.99219
vt -1.97656 2.99219
vt -1.97656 2.99219
vt -2.02344 2.00781
vt -2.02344 2.00781
vt -2.00781 0.0234375
vt -2.00781 0.0234375
vt -1.99219 -2.02344
vt -1.99219 -2.02344
vt 1.99219 -2.00781
vt 1.99219 -2.00781
vt 3.00781 -3.02344
vt 3.00781 -3.02344
vt 3.99219 -2.97656
vt 3.99219 -2.97656
vt 3.99219 -1.97656
vt 3.99219 -1.97656
vt 3.99219 0.0234375
vt 3.99219 0.0234375
vt 3.00781 1.97656
vt 3.00781 1.97656
vt 3.99219 1.02344
vt 3.99219 1.02344
vt 3.00781 2.97656
vt 3.00781 2.97656
vt 3.99219 2.02344
vt 3.99219 2.02344
vt 3.00781 3.00781
vt 3.00781 3.00781
vt 2.00781 3.97656
vt 2.00781 3.97656
vt 2.99219 3.99219
vt 2.99219 3.99219
vt 1.00781 3.97656
vt 1.00781 3.97656
vt -0.992188 3.97656
vt -0.992188 3.97656
vt -0.0078125 3.02344
vt -0.0078125 3.02344
vt -2.99219 3.97656
vt -2.99219 3.97656
vt -2.00781 3.02344
vt -2.00781 3.02344
vt -3.99219 3.97656
vt -3.99219 3.97656
vt -3.02344 1.00781
vt -3.02344 1.00781
vt -3.00781 -0.976562
vt -3.00781 -0.976562
vt -2.99219 -3.02344
vt -2.99219 -3.02344
f 1/1/1 2/3/3 3/5/5
f 1/2/2 4/7/7 2/4/4
f 1/1/1 3/5/5 5/9/9
f 1/2/2 6/11/11 4/7/7
f 1/1/1 5/9/9 7/13/13
f 8/15/15 9/17/17 1/1/1
f 10/19/19 8/15/15 1/1/1
f 9/18/18 6/11/11 1/2/2
f 11/21/21 10/19/19 1/1/1
f 11/21/21 1/1/1 7/13/13
f 2/4/4 12/23/23 3/6/6
f 2/4/4 4/7/7 12/23/23
f 3/6/6 12/23/23 13/25/25
f 3/5/5 14/27/27 5/9/9
f 3/6/6 13/25/25 14/28/28
f 13/26/26 12/24/24 4/8/8
f 4/8/8 6/12/12 15/29/29
f 13/26/26 4/8/8 15/29/29
f 5/9/9 16/31/31 7/13/13
f 14/28/28 17/33/33 5/10/10
f 5/10/10 17/33/33 18/35/35
f 5/9/9 19/37/37 16/31/31
f 5/10/10 18/35/35 19/38/38
f 8/16/16 15/30/30 9/18/18
f 10/19/19 20/39/39 8/15/15
f 8/16/16 21/41/41 15/30/30
f 20/40/40 21/41/41 8/16/16
f 9/18/18 15/30/30 6/11/11
f 11/21/21 22/43/43 10/19/19
f 10/20/20 23/45/45 20/40/40
f 10/20/20 24/47/47 23/45/45
f 22/43/43 25/49/49 10/19/19
f 25/50/50 24/47/47 10/20/20
f 7/13/13 26/51/51 11/21/21
f 16/31/31 27/53/53 7/13/13
f 27/54/54 28/55/55 7/14/14
f 7/14/14 28/55/55 29/57/57
f 7/13/13 30/59/59 31/61/61
f 7/14/14 29/57/57 30/60/60
f 7/13/13 31/61/61 32/63/63
f 7/13/13 32/63/63 26/51/51
f 11/21/21 33/65/65 22/43/43
f 11/22/22 34/67/67 33/66/66
f 26/51/51 35/69/69 11/21/21
f 11/22/22 36/71/71 34/67/67
f 37/73/73 38/75/75 11/21/21
f 35/69/69 37/73/73 11/21/21
f 38/76/76 36/71/71 11/22/22
f 14/28/28 13/25/25 17/33/33
f 13/26/26 15/29/29 39/77/77
f 18/36/36 17/34/34 13/26/26
f 40/79/79 18/36/36 13/26/26
f 41/81/81 40/79/79 13/26/26
f 41/81/81 13/26/26 39/77/77
f 15/29/29 21/42/42 23/46/46
f 15/29/29 23/46/46 39/77/77
f 20/40/40 23/45/45 21/41/41
f 19/38/38 42/83/83 16/32/32
f 19/38/38 18/35/35 42/83/83
f 16/32/32 42/83/83 40/80/80
f 16/32/32 40/80/80 27/54/54
f 40/79/79 42/84/84 18/36/36
f 23/46/46 24/48/48 39/77/77
f 22/44/44 39/78/78 25/50/50
f 22/44/44 43/85/85 39/78/78
f 33/66/66 43/85/85 22/44/44
f 25/50/50 39/78/78 24/47/47
f 27/54/54 40/80/80 28/55/55
f 29/58/58 28/56/56 40/79/79
f 41/81/81 29/58/58 40/79/79
f 39/77/77 43/86/86 34/68/68
f 39/77/77 34/68/68 44/87/87
f 39/77/77 45/89/89 41/81/81
f 39/77/77 44/87/87 45/89/89
f 33/66/66 34/67/67 43/85/85
f 30/60/60 46/91/91 31/62/62
f 30/60/60 29/57/57 46/91/91
f 31/61/61 47/93/93 32/63/63
f 31/62/62 46/91/91 41/82/82
f 31/62/62 41/82/82 47/94/94
f 41/81/81 46/92/92 29/58/58
f 32/63/63 48/95/95 26/51/51
f 26/51/51 49/97/97 35/69/69
f 48/95/95 50/99/99 26/51/51
f 26/51/51 51/101/101 49/97/97
f 50/100/100 52/103/103 26/52/52
f 26/52/52 52/103/103 53/105/105
f 26/52/52 53/105/105 51/102/102
f 47/94/94 54/107/107 32/64/64
f 32/64/64 54/107/107 55/109/109
f 32/63/63 56/111/111 48/95/95
f 32/64/64 55/109/109 56/112/112
f 34/68/68 36/72/72 44/87/87
f 37/74/74 44/88/88 38/76/76
f 35/69/69 57/113/113 37/73/73
f 37/74/74 58/115/115 44/88/88
f 57/114/114 58/115/115 37/74/74
f 38/76/76 44/88/88 36/71/71
f 35/70/70 59/117/117 57/114/114
f 35/70/70 60/119/119 59/117/117
f 49/97/97 61/121/121 35/69/69
f 61/122/122 60/119/119 35/70/70
f 47/94/94 41/82/82 54/107/107
f 55/110/110 54/108/108 41/81/81
f 62/123/123 55/110/110 41/81/81
f 45/89/89 62/123/123 41/81/81
f 44/87/87 58/116/116 59/118/118
f 44/87/87 59/118/118 45/89/89
f 57/114/114 59/117/117 58/115/115
f 56/112/112 63/125/125 48/96/96
f 56/112/112 55/109/109 63/125/125
f 48/96/96 63/125/125 62/124/124
f 48/96/96 62/124/124 50/100/100
f 62/123/123 63/126/126 55/110/110
f 59/118/118 60/120/120 45/89/89
f 49/98/98 45/90/90 61/122/122
f 49/98/98 64/127/127 45/90/90
f 51/102/102 64/127/127 49/98/98
f 61/122/122 45/90/90 60/119/119
f 50/100/100 62/124/124 52/103/103
f 45/89/89 53/106/106 62/123/123
f 53/106/106 52/104/104 62/123/123
f 45/89/89 64/128/128 53/106/106
f 51/102/102 53/105/105 64/127/127
g Mesh_body_30
v 0.0925223 0.342856 0.237521 0.627451 0.627451 0.643137
v 0.0960433 0.34289 0.23398 0.627451 0.627451 0.643137
v 0.0925223 0.34289 0.23398 0.627451 0.627451 0.643137
v 0.0960433 0.342856 0.237521 0.627451 0.627451 0.643137
v 0.0925223 0.342856 0.230501 0.627451 0.627451 0.643137
v 0.0925223 0.342593 0.229866 0.627451 0.627451 0.643137
v 0.0925223 0.342756 0.237851 0.627451 0.627451 0.643137
v 0.0925223 0.341473 0.229118 0.627451 0.627451 0.643137
v 0.0925223 0.342593 0.238155 0.627451 0.627451 0.643137
v 0.0925223 0.342108 0.238641 0.627451 0.627451 0.643137
v 0.0925223 0.340786 0.238904 0.627451 0.627451 0.643137
v 0.0960433 0.342856 0.230501 0.627451 0.627451 0.643137
v 0.0960433 0.342756 0.230171 0.627451 0.627451 0.643137
v 0.0960433 0.342756 0.237851 0.627451 0.627451 0.643137
v 0.0925223 0.342756 0.230171 0.627451 0.627451 0.643137
v 0.0960433 0.341803 0.238804 0.627451 0.627451 0.643137
v 0.0960433 0.342593 0.229866 0.627451 0.627451 0.643137
v 0.0960433 0.342374 0.229599 0.627451 0.627451 0.643137
v 0.0960433 0.340456 0.229218 0.627451 0.627451 0.643137
v 0.0960433 0.341803 0.229218 0.627451 0.627451 0.643137
v 0.0960433 0.342593 0.238155 0.627451 0.627451 0.643137
v 0.0960433 0.342374 0.238422 0.627451 0.627451 0.643137
v 0.0925223 0.342108 0.22938 0.627451 0.627451 0.643137
v 0.0925223 0.342374 0.229599 0.627451 0.627451 0.643137
v 0.0925223 0.342374 0.238422 0.627451 0.627451 0.643137
v 0.0925223 0.339403 0.230501 0.627451 0.627451 0.643137
v 0.0925223 0.341803 0.229218 0.627451 0.627451 0.643137
v 0.0960433 0.341473 0.229118 0.627451 0.627451 0.643137
v 0.0960433 0.34113 0.229084 0.627451 0.627451 0.643137
v 0.0925223 0.34113 0.229084 0.627451 0.627451 0.643137
v 0.0925223 0.340786 0.229118 0.627451 0.627451 0.643137
v 0.0925223 0.340151 0.22938 0.627451 0.627451 0.643137
v 0.0925223 0.341473 0.238904 0.627451 0.627451 0.643137
v 0.0960433 0.342108 0.238641 0.627451 0.627451 0.643137
v 0.0925223 0.341803 0.238804 0.627451 0.627451 0.643137
v 0.0925223 0.34113 0.238938 0.627451 0.627451 0.643137
v 0.0960433 0.34113 0.238938 0.627451 0.627451 0.643137
v 0.0960433 0.340786 0.238904 0.627451 0.627451 0.643137
v 0.0925223 0.339666 0.238155 0.627451 0.627451 0.643137
v 0.0925223 0.340456 0.238804 0.627451 0.627451 0.643137
v 0.0925223 0.340151 0.238641 0.627451 0.627451 0.643137
v 0.0960433 0.339503 0.237851 0.627451 0.627451 0.643137
v 0.0960433 0.341473 0.238904 0.627451 0.627451 0.643137
v 0.0960433 0.340456 0.238804 0.627451 0.627451 0.643137
v 0.0960433 0.342108 0.22938 0.627451 0.627451 0.643137
v 0.0960433 0.340786 0.229118 0.627451 0.627451 0.643137
v 0.0960433 0.339503 0.230171 0.627451 0.627451 0.643137
v 0.0925223 0.340456 0.229218 0.627451 0.627451 0.643137
v 0.0960433 0.340151 0.22938 0.627451 0.627451 0.643137
v 0.0960433 0.339885 0.229599 0.627451 0.627451 0.643137
v 0.0960433 0.339885 0.238422 0.627451 0.627451 0.643137
v 0.0960433 0.340151 0.238641 0.627451 0.627451 0.643137
v 0.0960433 0.339369 0.23398 0.627451 0.627451 0.643137
v 0.0960433 0.339666 0.238155 0.627451 0.627451 0.643137
v 0.0925223 0.339503 0.237851 0.627451 0.627451 0.643137
v 0.0925223 0.339403 0.237521 0.627451 0.627451 0.643137
v 0.0960433 0.339403 0.237521 0.627451 0.627451 0.643137
v 0.0925223 0.339666 0.229866 0.627451 0.627451 0.643137
v 0.0925223 0.339885 0.229599 0.627451 0.627451 0.643137
v 0.0925223 0.339503 0.230171 0.627451 0.627451 0.643137
v 0.0960433 0.339403 0.230501 0.627451 0.627451 0.643137
v 0.0925223 0.339369 0.23398 0.627451 0.627451 0.643137
v 0.0925223 0.339885 0.238422 0.627451 0.627451 0.643137
v 0.0960433 0.339666 0.229866 0.627451 0.627451 0.643137
vn -6.0526e-17 0.988465 0.151452
vn -1 5.17195e-15 2.63091e-14
vn -5.90674e-17 1 -8.4124e-05
vn 1 6.12323e-17 0
vn -1 5.17195e-15 2.63091e-14
vn -6.0526e-17 0.988465 0.151452
vn 1 6.12323e-17 0
vn -1 5.17195e-15 2.63091e-14
vn -5.07057e-16 0.988452 -0.151535
vn -8.70715e-16 0.831468 -0.555572
vn -5.65714e-17 0.923881 0.382681
vn -1 5.17195e-15 2.63091e-14
vn 2.39738e-16 0.195091 -0.980785
vn -5.09128e-17 0.83147 0.55557
vn -1 5.17195e-15 2.63091e-14
vn 8.8668e-16 0.55557 0.83147
vn -1 -5.29443e-15 -4.6987e-06
vn 5.17107e-16 -0.19509 0.980785
vn -5.07057e-16 0.988452 -0.151535
vn 1 6.12323e-17 0
vn -5.23025e-16 0.923881 -0.382681
vn -5.65714e-17 0.923881 0.382681
vn -1 5.17195e-15 2.63091e-14
vn 1 6.12323e-17 0
vn -2.47875e-16 0.382681 0.923881
vn -8.70715e-16 0.831468 -0.555572
vn 1 6.12323e-17 0
vn -4.02294e-16 0.707107 -0.707107
vn 2.655e-16 -0.382681 -0.923881
vn 1 6.12323e-17 0
vn 1.98216e-16 0.382681 -0.923881
vn -5.09128e-17 0.83147 0.55557
vn 1 6.12323e-17 0
vn -4.32978e-17 0.707106 0.707107
vn -1 5.17195e-15 2.63091e-14
vn -3.4019e-17 0.555572 -0.831468
vn -4.02294e-16 0.707107 -0.707107
vn -1 5.17195e-15 2.63091e-14
vn -4.32978e-17 0.707106 0.707107
vn 2.04579e-16 -0.988452 -0.151537
vn -1 5.17195e-15 2.63091e-14
vn 1.98216e-16 0.382681 -0.923881
vn 2.39738e-16 0.195091 -0.980785
vn 1 6.12323e-17 0
vn 1.23202e-31 -2.01522e-15 -1
vn -1 5.17195e-15 2.63091e-14
vn 1.19459e-17 -0.195091 -0.980785
vn 2.52622e-16 -0.555571 -0.831469
vn -1 -5.29443e-15 -4.6987e-06
vn -3.21775e-16 0.19509 0.980785
vn 8.8668e-16 0.55557 0.83147
vn 1 6.12323e-17 0
vn -2.47875e-16 0.382681 0.923881
vn -1 5.17195e-15 2.63091e-14
vn -1 -6.19445e-17 -0.000140954
vn 4.61975e-16 8.07864e-16 1
vn 1 6.12323e-17 0
vn 8.99262e-17 -0.195091 0.980785
vn -1 5.17195e-15 2.63091e-14
vn 1.8846e-16 -0.83147 0.555569
vn -6.749e-17 -0.382681 0.923881
vn -1 5.17195e-15 2.63091e-14
vn 4.94824e-16 -0.555569 0.83147
vn 1 6.12323e-17 0
vn -1.67871e-16 -0.92388 0.382683
vn -1.19459e-17 0.195091 0.980785
vn 1 6.12323e-17 0
vn -6.749e-17 -0.382681 0.923881
vn -3.4019e-17 0.555572 -0.831468
vn 1 6.12323e-17 0
vn 1.19459e-17 -0.195091 -0.980785
vn 5.65713e-17 -0.92388 -0.382683
vn 2.655e-16 -0.382681 -0.923881
vn -1 5.17195e-15 2.63091e-14
vn 2.52622e-16 -0.555571 -0.831469
vn 1 6.12323e-17 0
vn 4.32978e-17 -0.707107 -0.707107
vn 3.38009e-16 -0.707107 0.707107
vn 4.94824e-16 -0.555569 0.83147
vn 1 6.12323e-17 0
vn 5.9061e-17 -1 -8.4121e-05
vn 1.8846e-16 -0.83147 0.555569
vn -1.67871e-16 -0.92388 0.382683
vn -1 5.17195e-15 2.63091e-14
vn -2.50968e-16 -0.988464 0.151454
vn 1 6.12323e-17 0
vn -1 5.17195e-15 2.63091e-14
vn 5.09128e-17 -0.831469 -0.555571
vn 4.32978e-17 -0.707107 -0.707107
vn -1 5.17195e-15 2.63091e-14
vn 5.65713e-17 -0.92388 -0.382683
vn 2.04579e-16 -0.988452 -0.151537
vn 1 6.12323e-17 0
vn -1 5.17195e-15 2.63091e-14
vn 5.9061e-17 -1 -8.4121e-05
vn 3.38009e-16 -0.707107 0.707107
vn 1 6.12323e-17 0
vn 5.09128e-17 -0.831469 -0.555571
vt 0.976562 -0.992188
vt 0.976562 -0.992188
vt 0.0078125 -0.0234375
vt 0.0078125 -0.0234375
vt 0.0078125 -0.992188
vt 0.0078125 -0.992188
vt 0.992188 -0.976562
vt 0.992188 -0.976562
vt 0.0078125 0.0078125
vt 0.0078125 0.0078125
vt 0.992188 0.992188
vt 0.992188 0.992188
vt -0.0234375 0.0078125
vt -0.0234375 0.0078125
vt -0.0078125 0.992188
vt -0.0078125 0.992188
vt -0.0234375 -0.992188
vt -0.0234375 -0.992188
vt -0.976562 -0.0078125
vt -0.976562 -0.0078125
vt 1.97656 -1.99219
vt 1.97656 -1.99219
vt 1.00781 -0.992188
vt 1.00781 -0.992188
vt 1.02344 -0.0078125
vt 1.02344 -0.0078125
vt 1.00781 0.0078125
vt 1.00781 0.0078125
vt 0.0078125 1.00781
vt 0.0078125 1.00781
vt -0.0078125 1.99219
vt -0.0078125 1.99219
vt -1.99219 1.00781
vt -1.99219 1.00781
vt -1.97656 1.99219
vt -1.97656 1.99219
vt -1.02344 0.0078125
vt -1.02344 0.0078125
vt -1.97656 0.992188
vt -1.97656 0.992188
vt -1.99219 -1.02344
vt -1.99219 -1.02344
vt -1.00781 -1.97656
vt -1.00781 -1.97656
vt 0.0078125 -1.02344
vt 0.0078125 -1.02344
vt 2.00781 -2.99219
vt 2.00781 -2.99219
vt 2.00781 -1.02344
vt 2.00781 -1.02344
vt 2.00781 -0.0234375
vt 2.00781 -0.0234375
vt 2.99219 -0.976562
vt 2.99219 -0.976562
vt 2.00781 0.976562
vt 2.00781 0.976562
vt 2.99219 0.992188
vt 2.99219 0.992188
vt 2.00781 1.00781
vt 2.00781 1.00781
vt 2.99219 1.99219
vt 2.99219 1.99219
vt 2.00781 2.00781
vt 2.00781 2.00781
vt 1.00781 2.97656
vt 1.00781 2.97656
vt 0.0078125 2.97656
vt 0.0078125 2.97656
vt 0.0234375 2.99219
vt 0.0234375 2.99219
vt -0.0078125 2.02344
vt -0.0078125 2.02344
vt -1.99219 2.97656
vt -1.99219 2.97656
vt -1.00781 2.02344
vt -1.00781 2.02344
vt -2.99219 2.97656
vt -2.99219 2.97656
vt -2.97656 2.99219
vt -2.97656 2.99219
vt -2.02344 1.00781
vt -2.02344 1.00781
vt -2.99219 0.976562
vt -2.99219 0.976562
vt -2.99219 -1.02344
vt -2.99219 -1.02344
vt -2.99219 -2.99219
vt -2.99219 -2.99219
vt -1.99219 -2.02344
vt -1.99219 -2.02344
vt 1.99219 -2.97656
vt 1.99219 -2.97656
vt 3.00781 -3.02344
vt 3.00781 -3.02344
vt 3.00781 -2.99219
vt 3.00781 -2.99219
vt 3.99219 -2.00781
vt 3.99219 -2.00781
vt 3.97656 -1.99219
vt 3.97656 -1.99219
vt 3.00781 2.97656
vt 3.00781 2.97656
vt 3.99219 3.02344
vt 3.99219 3.02344
vt 2.99219 3.02344
vt 2.99219 3.02344
vt 1.00781 3.97656
vt 1.00781 3.97656
vt 1.02344 3.99219
vt 1.02344 3.99219
vt 0.976562 3.00781
vt 0.976562 3.00781
vt 0.992188 3.02344
vt 0.992188 3.02344
vt -1.00781 3.02344
vt -1.00781 3.02344
vt -3.99219 3.00781
vt -3.99219 3.00781
vt -3.00781 2.02344
vt -3.00781 2.02344
vt -3.99219 1.97656
vt -3.99219 1.97656
vt -3.00781 1.02344
vt -3.00781 1.02344
vt -3.99219 -0.0234375
vt -3.99219 -0.0234375
vt -3.99219 -3.02344
vt -3.99219 -3.02344
f 65/129/129 66/131/131 67/133/131
f 65/129/129 68/135/134 66/131/131
f 65/130/130 67/134/133 69/137/136
f 65/130/130 69/137/136 70/139/136
f 71/141/139 68/135/134 65/129/129
f 65/130/130 70/139/136 72/143/140
f 73/145/140 71/142/140 65/130/130
f 74/147/143 73/145/140 65/130/130
f 75/149/145 65/130/130 72/143/140
f 75/149/145 74/147/143 65/130/130
f 67/133/131 66/131/131 76/151/147
f 77/153/148 76/152/148 66/132/132
f 66/132/132 68/136/135 78/155/148
f 77/153/148 66/132/132 78/155/148
f 67/133/131 76/151/147 69/138/137
f 69/138/137 76/151/147 77/154/149
f 69/138/137 77/154/149 79/157/149
f 69/137/136 79/158/151 70/139/136
f 71/141/139 78/156/150 68/135/134
f 77/153/148 78/155/148 80/159/152
f 79/157/149 77/154/149 81/161/154
f 82/163/155 81/162/155 77/153/148
f 83/165/155 77/153/148 80/159/152
f 84/167/158 82/163/155 77/153/148
f 83/165/155 84/167/158 77/153/148
f 73/146/142 78/156/150 71/141/139
f 73/146/142 85/169/160 78/156/150
f 78/155/148 86/171/161 80/159/152
f 78/155/148 85/170/161 86/171/161
f 79/157/149 81/161/154 70/140/138
f 70/139/136 87/173/163 72/143/140
f 70/140/138 81/161/154 82/164/156
f 70/140/138 82/164/156 88/175/165
f 70/139/136 88/176/166 87/173/163
f 74/147/143 89/177/166 73/145/140
f 89/178/167 85/169/160 73/146/142
f 72/143/140 90/179/166 75/149/145
f 87/173/163 91/181/169 72/143/140
f 91/182/170 92/183/171 72/144/141
f 72/144/141 92/183/171 93/185/173
f 72/144/141 93/185/173 94/187/173
f 72/143/140 94/188/174 95/189/174
f 72/143/140 95/189/174 96/191/174
f 72/143/140 96/191/174 90/179/166
f 75/149/145 97/193/177 74/147/143
f 74/148/144 86/172/162 89/178/167
f 74/148/144 98/195/179 86/172/162
f 99/197/181 98/195/179 74/148/144
f 97/193/177 99/198/182 74/147/143
f 75/149/145 100/199/183 97/193/177
f 75/150/146 101/201/184 100/200/184
f 75/150/146 102/203/186 101/201/184
f 90/179/166 103/205/187 75/149/145
f 104/207/189 102/203/186 75/150/146
f 105/209/190 104/208/190 75/149/145
f 103/205/187 105/209/190 75/149/145
f 80/159/152 106/211/192 83/165/155
f 86/171/161 98/196/180 80/159/152
f 99/197/181 80/160/153 98/195/179
f 97/194/178 80/160/153 99/197/181
f 97/194/178 107/213/194 80/160/153
f 80/159/152 107/214/195 101/202/185
f 80/159/152 101/202/185 108/215/195
f 80/159/152 108/215/195 106/211/192
f 84/167/158 109/217/195 82/163/155
f 88/175/165 82/164/156 109/218/197
f 83/165/155 93/186/172 84/167/158
f 87/174/164 109/218/197 84/168/159
f 87/174/164 84/168/159 91/182/170
f 91/182/170 84/168/159 92/183/171
f 93/186/172 92/184/172 84/167/158
f 83/165/155 110/219/198 93/186/172
f 106/211/192 111/221/198 83/165/155
f 95/190/175 110/220/199 83/166/157
f 95/190/175 83/166/157 112/223/201
f 112/223/201 83/166/157 113/225/203
f 114/227/204 113/226/204 83/165/155
f 111/221/198 114/227/204 83/165/155
f 89/178/167 86/172/162 85/169/160
f 88/175/165 109/218/197 87/174/164
f 100/200/184 107/213/194 97/194/178
f 94/187/173 93/185/173 110/220/199
f 100/200/184 101/201/184 107/213/194
f 101/202/185 102/204/185 108/215/195
f 108/215/195 115/229/204 106/211/192
f 104/207/189 108/216/196 102/203/186
f 105/210/191 108/216/196 104/207/189
f 105/210/191 116/231/207 108/216/196
f 108/215/195 116/232/208 115/229/204
f 106/211/192 117/233/208 111/221/198
f 115/229/204 118/235/208 106/211/192
f 119/237/211 106/212/193 118/236/210
f 120/239/213 106/212/193 119/237/211
f 120/239/213 121/241/213 106/212/193
f 106/211/192 121/242/214 117/233/208
f 94/187/173 110/220/199 95/190/175
f 95/189/174 112/224/202 96/191/174
f 96/191/174 122/243/215 90/179/166
f 112/223/201 113/225/203 96/192/176
f 96/192/176 113/225/203 114/228/205
f 96/192/176 114/228/205 123/245/217
f 96/191/174 123/246/218 122/243/215
f 90/179/166 120/240/212 103/205/187
f 122/243/215 124/247/218 90/179/166
f 124/248/219 125/249/220 90/180/168
f 90/179/166 126/251/222 120/240/212
f 90/180/168 125/249/220 117/234/209
f 90/180/168 117/234/209 126/252/223
f 103/205/187 127/253/222 105/209/190
f 127/254/224 116/231/207 105/210/191
f 103/206/188 115/230/206 127/254/224
f 103/206/188 118/236/210 115/230/206
f 119/237/211 118/236/210 103/206/188
f 120/240/212 119/238/212 103/205/187
f 111/221/198 128/255/225 114/227/204
f 123/245/217 114/228/205 128/256/226
f 122/244/216 128/256/226 111/222/200
f 122/244/216 111/222/200 124/248/219
f 124/248/219 111/222/200 125/249/220
f 117/233/208 125/250/221 111/221/198
f 127/254/224 115/230/206 116/231/207
f 123/245/217 128/256/226 122/244/216
f 126/252/223 121/241/213 120/239/213
f 126/252/223 117/234/209 121/241/213
g Mesh_body_22
v 0.0860078 0.331706 0.242879 0.627451 0.627451 0.643137
v 0.0575121 0.331706 0.242879 0.627451 0.627451 0.643137
v 0.0575121 0.331706 0.259695 0.627451 0.627451 0.643137
v 0.0597101 0.331706 0.259695 0.627451 0.627451 0.643137
v 0.0710004 0.331706 0.259695 0.627451 0.627451 0.643137
v 0.084156 0.331706 0.259695 0.627451 0.627451 0.643137
v 0.0860078 0.331706 0.257856 0.627451 0.627451 0.643137
v 0.0860078 0.327706 0.242879 0.627451 0.627451 0.643137
v 0.0575121 0.327706 0.242879 0.627451 0.627451 0.643137
v 0.0575121 0.327706 0.260829 0.627451 0.627451 0.643137
v 0.0604336 0.329656 0.261745 0.627451 0.627451 0.643137
v 0.0604336 0.326476 0.262879 0.627451 0.627451 0.643137
v 0.0575121 0.323706 0.242879 0.627451 0.627451 0.643137
v 0.0623906 0.329656 0.261745 0.627451 0.627451 0.643137
v 0.0623906 0.328066 0.262312 0.627451 0.627451 0.643137
v 0.0604336 0.323296 0.263228 0.627451 0.627451 0.643137
v 0.0623906 0.326476 0.262879 0.627451 0.627451 0.643137
v 0.0623906 0.323296 0.263228 0.627451 0.627451 0.643137
v 0.0575121 0.323706 0.261178 0.627451 0.627451 0.643137
v 0.0725514 0.329656 0.261745 0.627451 0.627451 0.643137
v 0.0725514 0.328066 0.262312 0.627451 0.627451 0.643137
v 0.084156 0.329656 0.261745 0.627451 0.627451 0.643137
v 0.0860078 0.328854 0.260709 0.627451 0.627451 0.643137
v 0.0860078 0.326559 0.26153 0.627451 0.627451 0.643137
v 0.084156 0.326476 0.262879 0.627451 0.627451 0.643137
v 0.0760821 0.326476 0.262879 0.627451 0.627451 0.643137
v 0.0860078 0.323323 0.261888 0.627451 0.627451 0.643137
v 0.0860078 0.323706 0.242879 0.627451 0.627451 0.643137
v 0.0839373 0.325696 0.262043 0.627451 0.627451 0.643137
v 0.0854864 0.325766 0.260914 0.627451 0.627451 0.643137
v 0.0725514 0.326476 0.262879 0.627451 0.627451 0.643137
v 0.0771835 0.325696 0.262043 0.627451 0.627451 0.643137
v 0.0760821 0.323296 0.263228 0.627451 0.627451 0.643137
v 0.0771835 0.323036 0.262335 0.627451 0.627451 0.643137
v 0.0634937 0.32544 0.261326 0.627451 0.627451 0.643137
v 0.0714483 0.32544 0.261326 0.627451 0.627451 0.643137
v 0.0725514 0.323296 0.263228 0.627451 0.627451 0.643137
v 0.0634937 0.322951 0.2616 0.627451 0.627451 0.643137
v 0.0575121 0.319706 0.242879 0.627451 0.627451 0.643137
v 0.0604336 0.320116 0.263228 0.627451 0.627451 0.643137
v 0.0623906 0.320116 0.263228 0.627451 0.627451 0.643137
v 0.0575121 0.319706 0.261178 0.627451 0.627451 0.643137
v 0.0860078 0.320089 0.261888 0.627451 0.627451 0.643137
v 0.0854864 0.323059 0.261214 0.627451 0.627451 0.643137
v 0.0860078 0.319706 0.242879 0.627451 0.627451 0.643137
v 0.0839373 0.323036 0.262335 0.627451 0.627451 0.643137
v 0.0634937 0.320462 0.2616 0.627451 0.627451 0.643137
v 0.0714483 0.322951 0.2616 0.627451 0.627451 0.643137
v 0.0714483 0.320462 0.2616 0.627451 0.627451 0.643137
v 0.0760821 0.320116 0.263228 0.627451 0.627451 0.643137
v 0.0771835 0.320376 0.262335 0.627451 0.627451 0.643137
v 0.0725514 0.320116 0.263228 0.627451 0.627451 0.643137
v 0.0839373 0.320376 0.262335 0.627451 0.627451 0.643137
v 0.0854864 0.320354 0.261214 0.627451 0.627451 0.643137
v 0.0575121 0.315706 0.242879 0.627451 0.627451 0.643137
v 0.0604336 0.316937 0.262879 0.627451 0.627451 0.643137
v 0.0623906 0.316937 0.262879 0.627451 0.627451 0.643137
v 0.0575121 0.315706 0.260829 0.627451 0.627451 0.643137
v 0.0860078 0.316854 0.26153 0.627451 0.627451 0.643137
v 0.0860078 0.315706 0.242879 0.627451 0.627451 0.643137
v 0.0634937 0.317972 0.261326 0.627451 0.627451 0.643137
v 0.0714483 0.317972 0.261326 0.627451 0.627451 0.643137
v 0.0760821 0.316937 0.262879 0.627451 0.627451 0.643137
v 0.0771835 0.317716 0.262043 0.627451 0.627451 0.643137
v 0.0725514 0.316937 0.262879 0.627451 0.627451 0.643137
v 0.0839373 0.317716 0.262043 0.627451 0.627451 0.643137
v 0.0854864 0.317647 0.260914 0.627451 0.627451 0.643137
v 0.0725514 0.315347 0.262312 0.627451 0.627451 0.643137
v 0.084156 0.316937 0.262879 0.627451 0.627451 0.643137
v 0.0860078 0.311706 0.242879 0.627451 0.627451 0.643137
v 0.0860078 0.314559 0.260709 0.627451 0.627451 0.643137
v 0.0860078 0.311706 0.257856 0.627451 0.627451 0.643137
v 0.0623906 0.315347 0.262312 0.627451 0.627451 0.643137
v 0.0604336 0.313757 0.261745 0.627451 0.627451 0.643137
v 0.0725514 0.313757 0.261745 0.627451 0.627451 0.643137
v 0.0575121 0.311706 0.242879 0.627451 0.627451 0.643137
v 0.0575121 0.311706 0.259695 0.627451 0.627451 0.643137
v 0.084156 0.313757 0.261745 0.627451 0.627451 0.643137
v 0.0623906 0.313757 0.261745 0.627451 0.627451 0.643137
v 0.0710004 0.311706 0.259695 0.627451 0.627451 0.643137
v 0.0597101 0.311706 0.259695 0.627451 0.627451 0.643137
v 0.084156 0.311706 0.259695 0.627451 0.627451 0.643137
vn -6.12323e-17 1 0
vn 1 1.29081e-16 -4.17366e-18
vn -1 -2.66634e-16 -3.63787e-16
vn -6.12323e-17 1 0
vn -0.447525 0.269237 0.852779
vn 4.05645e-16 0.707107 0.707106
vn -6.12323e-17 1 0
vn 0.574483 0.578779 0.578778
vn 0.574483 0.578779 0.578778
vn 1 1.29081e-16 -4.17366e-18
vn -1 -2.66634e-16 -3.63787e-16
vn -0.515742 0.180768 0.837456
vn 4.05645e-16 0.707107 0.707106
vn -0.391398 0.309098 0.866756
vn 2.79753e-08 0.335895 0.941899
vn -0.513113 0.155159 0.844181
vn 1.40833e-08 0.224043 0.974579
vn -1 -2.66634e-16 -3.63787e-16
vn 4.05645e-16 0.707107 0.707106
vn -5.7024e-17 0.335895 0.941899
vn 1.15887e-08 0.335895 0.941899
vn -0.567034 0.0366193 0.82288
vn -3.34673e-18 0.0546562 0.998505
vn 2.28449e-15 0.261893 0.965097
vn 0.832302 0.0605036 0.55101
vn 5.09389e-17 -0.831896 0.554932
vn -3.34673e-18 0.0546562 0.998505
vn 0.83068 0.0328126 0.555782
vn -1 -2.66634e-16 -3.63787e-16
vn -0.570374 0.0389899 0.820459
vn 4.05645e-16 0.707107 0.707106
vn -5.7024e-17 0.335895 0.941899
vn -1.24299e-09 0.335895 0.941899
vn 4.05645e-16 0.707107 0.707106
vn -2.11875e-09 0.335895 0.941899
vn 0.557784 0.279151 0.781634
vn 0.574483 0.578779 0.578778
vn 0.574483 0.578779 0.578778
vn 0.558158 0.2794 0.781278
vn 1 1.29081e-16 -4.17366e-18
vn 0.557665 0.279072 0.781747
vn 0.433741 -0.712643 0.55137
vn -0.801461 0.0657942 0.594416
vn 0.557376 0.27888 0.782021
vn 7.88421e-16 0.335895 0.941899
vn 1.9715e-16 -0.731206 0.682157
vn 0.433741 -0.712644 0.551369
vn -6.49429e-09 0.261893 0.965097
vn 0.639451 0.0839168 0.764238
vn 1.9715e-16 -0.731206 0.682157
vn 1 1.29081e-16 -4.17366e-18
vn -0.797507 0.0384554 0.602083
vn 0.433741 -0.712643 0.551369
vn 1.9715e-16 -0.731206 0.682157
vn -1.9934e-17 0.109148 0.994025
vn 0.583672 0.0890592 0.807091
vn -0.801461 0.0657942 0.594416
vn 0.433741 -0.712643 0.55137
vn 0.583967 0.0893081 0.80685
vn 2.28449e-15 0.261893 0.965097
vn 5.09389e-17 -0.831896 0.554932
vn -0.832302 0.0605038 0.55101
vn 1.9715e-16 -0.731206 0.682157
vn 0.639451 0.0839166 0.764238
vn -1.9934e-17 0.109148 0.994025
vn -3.34673e-18 0.0546562 0.998505
vn 0.63566 0.0460044 0.770597
vn 0.634758 0.038162 0.771768
vn -3.3467e-18 0.0546558 0.998505
vn 5.09389e-17 -0.831896 0.554932
vn 0.832302 0.0605035 0.551011
vn -6.68342e-18 0.109149 0.994025
vn 5.09389e-17 -0.831896 0.554932
vn -0.832302 0.0605036 0.55101
vn -3.34673e-18 0.0546562 0.998505
vn -0.83068 0.0328125 0.555782
vn 0.830321 0.0278626 0.556588
vn -3.34671e-18 0.054656 0.998505
vn -1 -2.66634e-16 -3.63787e-16
vn -0.570155 -0.0408605 0.82052
vn 3.34673e-18 -0.0546562 0.998505
vn 0.83068 -0.0328125 0.555782
vn -1 -2.66634e-16 -3.63787e-16
vn -0.565794 -0.0439032 0.823377
vn 1 1.29081e-16 -4.17366e-18
vn -0.797507 -0.0384554 0.602083
vn -0.79577 0.0276782 0.604966
vn 0.585473 0.0457258 0.809402
vn 1 1.29081e-16 -4.17366e-18
vn -3.3467e-18 0.0546558 0.998505
vn 0.585404 0.0431121 0.809595
vn 0.830321 -0.0278625 0.556588
vn 3.34671e-18 -0.054656 0.998505
vn -3.34671e-18 0.054656 0.998505
vn -0.830321 0.0278625 0.556588
vn 3.34671e-18 -0.054656 0.998505
vn -0.830321 -0.0278626 0.556588
vn 3.34673e-18 -0.0546562 0.998505
vn 0.63566 -0.0460041 0.770597
vn 0.634759 -0.0381618 0.771768
vn -1.69503e-18 -0.0546558 0.998505
vn -0.83068 -0.0328126 0.555782
vn 3.34673e-18 -0.0546562 0.998505
vn -1.69503e-18 -0.0546558 0.998505
vn 0.585553 -0.0433092 0.809476
vn 0.585302 -0.0459604 0.809512
vn -0.79577 -0.0276781 0.604966
vn -1 -2.66634e-16 -3.63787e-16
vn -0.52732 -0.158061 0.834835
vn 1.40833e-08 -0.224043 0.974579
vn 1.60363e-17 -0.261893 0.965097
vn -5.09389e-17 0.831896 0.554932
vn 0.832302 -0.0605038 0.55101
vn -0.488891 -0.198586 0.84944
vn -1 -2.66634e-16 -3.63787e-16
vn 1 1.29081e-16 -4.17366e-18
vn -0.801461 -0.0657943 0.594416
vn 0.433742 0.712643 0.55137
vn 0.55723 -0.27961 0.781865
vn 1 1.29081e-16 -4.17366e-18
vn 0.832302 -0.0605036 0.55101
vn -5.09389e-17 0.831896 0.554932
vn 6.68342e-18 -0.109149 0.994025
vn -0.832302 -0.0605035 0.551011
vn -3.8381e-09 -0.261893 0.965097
vn -7.24761e-17 0.731206 0.682157
vn 0.639451 -0.0839173 0.764238
vn 0.639451 -0.0839171 0.764238
vn -7.24761e-17 0.731206 0.682157
vn 3.50122e-18 -0.109148 0.994025
vn -0.832302 -0.0605036 0.55101
vn -5.09389e-17 0.831896 0.554932
vn 1.60363e-17 -0.261893 0.965097
vn 3.50122e-18 -0.109148 0.994025
vn -7.24761e-17 0.731206 0.682157
vn 0.433741 0.712644 0.551369
vn 0.584025 -0.0885995 0.806886
vn 0.583679 -0.0889077 0.807102
vn 0.433741 0.712643 0.551369
vn -0.801462 -0.0657943 0.594416
vn -1.82011e-08 -0.335895 0.941899
vn 0.433741 0.712643 0.551369
vn -7.24761e-17 0.731206 0.682157
vn 2.05676e-17 -0.335895 0.941899
vn 0.557624 -0.279185 0.781736
vn 1 1.29081e-16 -4.17366e-18
vn 6.12323e-17 -1 0
vn 0.557746 -0.279053 0.781696
vn 0.574483 -0.578779 0.578778
vn 1 1.29081e-16 -4.17366e-18
vn 0.574483 -0.578779 0.578778
vn 6.12323e-17 -1 0
vn 1.15887e-08 -0.335895 0.941899
vn -0.448606 -0.272042 0.85132
vn 1.13503e-16 -0.707107 0.707106
vn 2.79753e-08 -0.335895 0.941899
vn -1.45807e-08 -0.335895 0.941899
vn 1.13503e-16 -0.707107 0.707106
vn -1 -2.66634e-16 -3.63787e-16
vn 6.12323e-17 -1 0
vn -0.435526 -0.245517 0.866048
vn -1 -2.66634e-16 -3.63787e-16
vn 6.12323e-17 -1 0
vn 1.13503e-16 -0.707107 0.707106
vn 2.05676e-17 -0.335895 0.941899
vn 0.574483 -0.578779 0.578778
vn 0.558047 -0.278729 0.781597
vn 3.13605e-16 -0.335895 0.941899
vn 1.13503e-16 -0.707107 0.707106
vn 6.12323e-17 -1 0
vn 0.574483 -0.578779 0.578778
vn 1.13503e-16 -0.707107 0.707106
vn 6.12323e-17 -1 0
vt 0.976562 -0.992188
vt 0.976562 -0.992188
vt 0.0078125 -0.0234375
vt 0.0078125 -0.0234375
vt 0.0078125 -0.992188
vt 0.0078125 -0.992188
vt 0.0078125 -0.992188
vt 0.0078125 -0.992188
vt 0.992188 -0.0078125
vt 0.992188 -0.0078125
vt 0.0078125 0.0078125
vt 0.0078125 0.0078125
vt 0.992188 0.0234375
vt 0.992188 0.0234375
vt 0.992188 0.0234375
vt -0.992188 0.976562
vt -0.992188 0.976562
vt -0.992188 0.976562
vt -0.976562 0.992188
vt -0.0234375 -0.992188
vt -0.0078125 -0.976562
vt -0.0078125 -0.976562
vt 1.97656 -1.99219
vt 1.97656 -1.99219
vt 1.97656 -1.99219
vt 1.02344 -1.00781
vt 1.02344 -1.00781
vt 1.02344 -0.0078125
vt 1.00781 0.976562
vt 1.00781 0.976562
vt 1.97656 1.00781
vt 0.976562 1.00781
vt 0.976562 1.00781
vt 0.992188 1.02344
vt 0.992188 1.02344
vt 0.992188 1.02344
vt -0.0234375 1.00781
vt -0.0234375 1.00781
vt -1.99219 1.97656
vt -1.99219 1.97656
vt -1.99219 0.976562
vt -1.99219 0.976562
vt -1.02344 -0.992188
vt -1.99219 -1.02344
vt -1.99219 -1.02344
vt -1.99219 -1.02344
vt -1.99219 -1.02344
vt -1.97656 -1.00781
vt -1.97656 -1.00781
vt -1.97656 -1.00781
vt 0.0078125 -1.99219
vt 0.0078125 -1.99219
vt 0.0078125 -1.99219
vt 0.0078125 -1.99219
vt 2.99219 -2.00781
vt 2.99219 -2.00781
vt 2.99219 -2.00781
vt 2.99219 -2.00781
vt 2.00781 -1.99219
vt 2.00781 -1.99219
vt 2.00781 -1.99219
vt 2.00781 -0.992188
vt 2.00781 -0.992188
vt 2.99219 -0.0078125
vt 2.00781 0.0078125
vt 2.00781 0.0078125
vt 2.00781 0.0078125
vt 2.00781 0.0078125
vt 2.99219 0.992188
vt 2.99219 0.992188
vt 2.99219 0.992188
vt 2.02344 1.99219
vt 2.02344 1.99219
vt 2.02344 1.99219
vt 1.00781 2.00781
vt 1.00781 2.00781
vt 1.00781 2.00781
vt 1.02344 2.99219
vt 1.02344 2.99219
vt 0.0078125 2.00781
vt 0.0078125 2.00781
vt -0.0078125 2.99219
vt -0.0078125 2.99219
vt -0.0078125 2.99219
vt -1.99219 2.00781
vt -1.99219 2.00781
vt -1.99219 2.00781
vt -1.00781 2.99219
vt -1.00781 2.99219
vt -2.00781 2.99219
vt -2.00781 2.99219
vt -2.97656 1.99219
vt -2.02344 0.0078125
vt -2.02344 0.0078125
vt -2.97656 0.992188
vt -2.97656 0.992188
vt -2.00781 -0.976562
vt -2.00781 -0.976562
vt -2.00781 -1.00781
vt -2.00781 -1.00781
vt -2.99219 -2.99219
vt -2.99219 -2.99219
vt -1.99219 -2.99219
vt -0.0234375 -2.99219
vt -0.0234375 -2.99219
vt 0.0078125 -2.02344
vt 0.0078125 -2.02344
vt 1.97656 -2.99219
vt 1.97656 -2.99219
vt 3.97656 -3.99219
vt 3.97656 -3.99219
vt 3.97656 -2.99219
vt 3.97656 -2.99219
vt 3.99219 -2.97656
vt 3.99219 -2.97656
vt 3.97656 -0.992188
vt 3.97656 -0.992188
vt 3.02344 0.992188
vt 3.02344 0.992188
vt 3.02344 1.99219
vt 3.02344 1.99219
vt 3.02344 3.99219
vt 2.97656 3.00781
vt 2.97656 3.00781
vt 2.02344 3.99219
vt 2.02344 3.99219
vt 2.02344 3.99219
vt 1.99219 3.99219
vt 1.99219 3.99219
vt 0.992188 3.99219
vt 0.992188 3.99219
vt 0.992188 3.99219
vt 0.992188 3.99219
vt -0.0078125 3.99219
vt -1.99219 3.97656
vt -1.99219 3.97656
vt -1.99219 3.97656
vt -2.02344 3.00781
vt -2.02344 3.00781
vt -2.02344 3.00781
vt -3.02344 3.00781
vt -3.02344 3.00781
vt -3.02344 3.00781
vt -3.00781 3.02344
vt -3.00781 3.02344
vt -3.00781 3.02344
vt -3.97656 2.99219
vt -3.97656 2.99219
vt -3.97656 2.99219
vt -3.97656 1.99219
vt -3.97656 1.99219
vt -3.97656 1.99219
vt -3.97656 1.99219
vt -3.97656 0.992188
vt -3.97656 0.992188
vt -3.97656 0.992188
vt -3.97656 -2.00781
vt -2.02344 -3.99219
vt -2.02344 -3.99219
vt -2.02344 -3.99219
vt -2.02344 -3.99219
vt -1.97656 -3.00781
vt -1.97656 -3.00781
vt -0.0234375 -3.99219
vt -0.0234375 -3.99219
vt -0.0234375 -3.99219
vt -0.0078125 -3.00781
vt -0.0078125 -3.00781
vt -0.0078125 -3.00781
vt 0.0234375 -3.00781
vt 1.02344 -3.00781
vt 1.02344 -3.00781
vt 1.02344 -3.00781
vt 2.02344 -3.00781
vt 2.02344 -3.00781
vt 4.02344 -4.00781
vt 4.02344 -4.00781
vt 4.00781 -3.99219
vt 4.00781 -3.99219
vt 4.00781 -3.99219
vt 4.00781 -3.99219
vt 4.00781 -2.02344
vt 4.00781 -2.02344
vt 4.00781 -2.02344
vt 4.00781 -2.02344
vt 4.00781 -1.02344
vt 4.00781 -1.02344
vt 4.00781 0.0078125
vt 4.00781 0.0078125
vt 4.99219 0.992188
vt 4.99219 0.992188
vt 4.00781 2.00781
vt 4.00781 2.00781
vt 4.00781 2.00781
f 129/257/227 130/259/227 131/261/230
f 129/257/227 131/261/230 132/265/233
f 129/257/227 132/265/233 133/267/233
f 133/267/233 134/269/233 129/257/227
f 134/269/233 135/272/233 129/257/227
f 136/275/236 129/258/228 135/274/236
f 137/276/237 131/262/229 130/260/229
f 137/276/237 138/277/237 131/262/229
f 139/279/239 132/266/232 131/264/232
f 140/282/242 139/280/240 131/263/231
f 140/282/242 131/263/231 138/278/238
f 141/284/244 138/277/237 137/276/237
f 139/279/239 142/285/245 132/266/232
f 142/285/245 133/268/232 132/266/232
f 143/287/247 139/281/241 140/283/243
f 143/287/247 142/286/246 139/281/241
f 144/288/248 140/282/242 138/278/238
f 140/283/243 145/290/250 143/287/247
f 146/293/253 145/290/250 140/283/243
f 146/293/253 140/283/243 144/289/249
f 141/284/244 147/295/255 138/277/237
f 144/288/248 138/278/238 147/296/256
f 142/285/245 148/297/257 133/268/232
f 148/297/257 134/270/232 133/268/232
f 149/299/259 148/298/258 142/286/246
f 149/299/259 142/286/246 143/287/247
f 148/297/257 150/300/260 134/270/232
f 151/304/264 135/273/235 134/271/234
f 151/304/264 134/271/234 150/303/263
f 150/301/261 148/298/258 149/299/259
f 135/274/236 151/306/266 152/307/266
f 135/274/236 152/307/266 136/275/236
f 152/308/267 151/305/265 150/302/262
f 152/308/267 150/302/262 153/311/270
f 150/301/261 149/299/259 154/315/274
f 154/315/274 153/312/271 150/301/261
f 136/275/236 152/307/266 155/318/277
f 136/275/236 155/318/277 156/320/277
f 152/309/268 153/314/273 157/321/279
f 155/319/278 152/310/269 158/325/283
f 152/309/268 157/321/279 158/326/284
f 159/328/286 149/299/259 143/287/247
f 159/328/286 143/287/247 145/290/250
f 149/299/259 159/328/286 154/315/274
f 153/313/272 154/317/276 160/331/289
f 161/334/292 154/315/274 159/328/286
f 154/316/275 161/335/293 162/336/294
f 154/316/275 162/336/294 160/332/290
f 153/313/272 160/331/289 157/322/280
f 159/329/287 145/292/252 163/338/296
f 159/329/287 163/338/296 164/341/299
f 161/334/292 159/328/286 165/344/301
f 165/345/302 159/330/288 164/343/300
f 145/291/251 146/294/254 166/346/303
f 145/291/251 166/346/303 163/339/297
f 167/348/305 147/295/255 141/284/244
f 168/349/306 144/288/248 147/296/256
f 169/351/307 146/293/253 144/289/249
f 169/351/307 144/289/249 168/350/307
f 167/348/305 170/353/309 147/295/255
f 168/349/306 147/296/256 170/354/310
f 156/320/277 155/318/277 171/355/311
f 155/319/278 158/325/283 172/357/313
f 171/356/312 155/319/278 172/357/313
f 156/320/277 171/355/311 173/359/315
f 172/358/314 158/327/285 157/324/282
f 174/360/316 157/323/281 160/333/291
f 172/358/314 157/324/282 174/361/317
f 146/294/254 175/362/318 166/346/303
f 146/294/254 169/352/308 175/362/318
f 176/364/320 163/340/298 166/347/304
f 176/364/320 164/342/298 163/340/298
f 177/366/322 176/364/320 166/347/304
f 177/366/322 166/347/304 175/363/319
f 178/368/324 161/334/292 165/344/301
f 161/335/293 179/370/326 162/336/294
f 161/335/293 178/369/325 179/370/326
f 165/345/302 164/343/300 176/365/321
f 180/372/328 165/345/302 176/365/321
f 178/368/324 165/344/301 180/373/329
f 174/360/316 160/333/291 162/337/295
f 181/374/330 174/360/316 162/337/295
f 181/374/330 162/337/295 179/371/327
f 182/376/332 172/358/314 174/361/317
f 171/356/312 172/357/313 182/377/333
f 182/376/332 174/361/317 181/375/331
f 180/372/328 176/365/321 177/367/323
f 183/378/334 170/353/309 167/348/305
f 184/379/335 168/349/306 170/354/310
f 185/381/337 169/351/307 168/350/307
f 185/381/337 168/350/307 184/380/336
f 184/379/335 170/354/310 186/384/340
f 183/378/334 186/385/341 170/353/309
f 173/359/315 171/355/311 187/386/342
f 187/387/343 171/356/312 182/377/333
f 173/359/315 187/386/342 188/390/346
f 169/352/308 189/391/347 175/362/318
f 169/352/308 185/383/339 189/391/347
f 190/394/349 177/366/322 175/363/319
f 190/394/349 175/363/319 189/393/349
f 191/397/351 178/368/324 180/373/329
f 178/369/325 192/400/354 179/370/326
f 178/369/325 191/399/353 192/400/354
f 193/403/357 180/372/328 177/367/323
f 191/397/351 180/373/329 193/405/359
f 194/406/360 181/374/330 179/371/327
f 194/406/360 179/371/327 192/402/356
f 195/410/364 182/376/332 181/375/331
f 187/387/343 182/377/333 195/412/366
f 195/410/364 181/375/331 194/409/363
f 193/403/357 177/367/323 190/396/350
f 185/382/338 190/395/348 189/392/348
f 185/382/338 193/404/358 190/395/348
f 196/413/367 193/405/359 185/381/337
f 191/397/351 193/405/359 196/413/367
f 191/398/352 194/407/361 192/401/355
f 197/414/368 195/411/365 194/408/362
f 191/398/352 197/415/369 194/407/361
f 197/414/368 187/388/344 195/411/365
f 198/418/372 188/390/346 187/386/342
f 199/420/374 187/389/345 197/417/371
f 187/386/342 199/422/376 200/423/376
f 187/386/342 200/423/376 198/418/372
f 201/426/379 185/381/337 184/380/336
f 196/413/367 185/381/337 201/426/379
f 202/427/380 184/379/335 186/384/340
f 201/426/379 184/380/336 202/429/382
f 203/430/383 197/416/370 191/397/351
f 191/397/351 196/413/367 203/430/383
f 204/432/385 186/385/341 183/378/334
f 202/427/380 186/384/340 205/434/387
f 204/432/385 205/435/388 186/385/341
f 203/430/383 206/438/391 197/416/370
f 199/420/374 197/417/371 206/441/393
f 202/429/382 207/442/394 201/426/379
f 203/430/383 196/413/367 201/426/379
f 203/430/383 201/426/379 207/442/394
f 207/443/395 202/428/381 205/437/390
f 206/439/390 203/431/384 208/444/395
f 203/431/384 207/443/395 209/446/395
f 203/431/384 209/446/395 208/444/395
f 200/424/377 199/421/375 206/440/392
f 200/424/377 206/440/392 210/448/397
f 206/439/390 208/444/395 210/449/398
f 204/433/386 198/419/373 200/425/378
f 200/425/378 209/447/396 204/433/386
f 200/425/378 208/445/396 209/447/396
f 200/425/378 210/450/399 208/445/396
f 209/447/396 205/436/389 204/433/386
f 207/443/395 205/437/390 209/446/395
g Mesh_body_18
v 0.101367 0.334077 0.245741 0.627451 0.627451 0.643137
v 0.0780607 0.334468 0.247137 0.627451 0.627451 0.643137
v 0.101367 0.334468 0.247137 0.627451 0.627451 0.643137
v 0.0780607 0.334077 0.245741 0.627451 0.627451 0.643137
v 0.101367 0.333159 0.247593 0.627451 0.627451 0.643137
v 0.101367 0.332863 0.24495 0.627451 0.627451 0.643137
v 0.101367 0.332809 0.246341 0.627451 0.627451 0.643137
v 0.101367 0.333552 0.255818 0.627451 0.627451 0.643137
v 0.0780607 0.333552 0.255818 0.627451 0.627451 0.643137
v 0.101367 0.332337 0.255384 0.627451 0.627451 0.643137
v 0.0780607 0.332898 0.257248 0.627451 0.627451 0.643137
v 0.101367 0.33175 0.256667 0.627451 0.627451 0.643137
v 0.101367 0.332898 0.257248 0.627451 0.627451 0.643137
v 0.0780607 0.332863 0.24495 0.627451 0.627451 0.643137
v 0.0992276 0.332337 0.255384 0.627451 0.627451 0.643137
v 0.0992276 0.333159 0.247593 0.627451 0.627451 0.643137
v 0.0992276 0.33175 0.256667 0.627451 0.627451 0.643137
v 0.0780607 0.329479 0.244266 0.627451 0.627451 0.643137
v 0.101367 0.331719 0.245631 0.627451 0.627451 0.643137
v 0.101367 0.329479 0.244266 0.627451 0.627451 0.643137
v 0.0992276 0.332809 0.246341 0.627451 0.627451 0.643137
v 0.0780607 0.33159 0.25812 0.627451 0.627451 0.643137
v 0.101367 0.330577 0.25745 0.627451 0.627451 0.643137
v 0.101367 0.33159 0.25812 0.627451 0.627451 0.643137
v 0.0992276 0.330577 0.25745 0.627451 0.627451 0.643137
v 0.0992276 0.327646 0.253709 0.627451 0.627451 0.643137
v 0.0992276 0.327733 0.249357 0.627451 0.627451 0.643137
v 0.0992276 0.327318 0.254426 0.627451 0.627451 0.643137
v 0.0992276 0.327548 0.248657 0.627451 0.627451 0.643137
v 0.0992276 0.331719 0.245631 0.627451 0.627451 0.643137
v 0.0985066 0.327646 0.253709 0.627451 0.627451 0.643137
v 0.0985066 0.327733 0.249357 0.627451 0.627451 0.643137
v 0.0985066 0.327318 0.254426 0.627451 0.627451 0.643137
v 0.101367 0.328698 0.258904 0.627451 0.627451 0.643137
v 0.0780607 0.328698 0.258904 0.627451 0.627451 0.643137
v 0.101367 0.327981 0.258153 0.627451 0.627451 0.643137
v 0.0992276 0.327981 0.258153 0.627451 0.627451 0.643137
v 0.0780607 0.324297 0.243944 0.627451 0.627451 0.643137
v 0.101367 0.328681 0.245017 0.627451 0.627451 0.643137
v 0.101367 0.324297 0.243944 0.627451 0.627451 0.643137
v 0.0992276 0.326975 0.24826 0.627451 0.627451 0.643137
v 0.0992276 0.328681 0.245017 0.627451 0.627451 0.643137
v 0.0985066 0.327548 0.248657 0.627451 0.627451 0.643137
v 0.0992276 0.326662 0.254864 0.627451 0.627451 0.643137
v 0.0985066 0.326662 0.254864 0.627451 0.627451 0.643137
v 0.0992276 0.325212 0.255256 0.627451 0.627451 0.643137
v 0.0985066 0.325212 0.255256 0.627451 0.627451 0.643137
v 0.101367 0.324031 0.244728 0.627451 0.627451 0.643137
v 0.0992276 0.325603 0.247917 0.627451 0.627451 0.643137
v 0.0992276 0.324031 0.244728 0.627451 0.627451 0.643137
v 0.0985066 0.326975 0.24826 0.627451 0.627451 0.643137
v 0.101367 0.324037 0.25976 0.627451 0.627451 0.643137
v 0.101367 0.323798 0.258922 0.627451 0.627451 0.643137
v 0.0780607 0.324037 0.25976 0.627451 0.627451 0.643137
v 0.0992276 0.323798 0.258922 0.627451 0.627451 0.643137
v 0.0992276 0.322875 0.255415 0.627451 0.627451 0.643137
v 0.0985066 0.322875 0.255415 0.627451 0.627451 0.643137
v 0.0780607 0.319116 0.243944 0.627451 0.627451 0.643137
v 0.101367 0.319116 0.243944 0.627451 0.627451 0.643137
v 0.101367 0.319376 0.25976 0.627451 0.627451 0.643137
v 0.101367 0.319615 0.258922 0.627451 0.627451 0.643137
v 0.0780607 0.319376 0.25976 0.627451 0.627451 0.643137
v 0.0992276 0.319615 0.258922 0.627451 0.627451 0.643137
v 0.101367 0.319381 0.244728 0.627451 0.627451 0.643137
v 0.0992276 0.323005 0.247756 0.627451 0.627451 0.643137
v 0.0985066 0.325603 0.247917 0.627451 0.627451 0.643137
v 0.0992276 0.319381 0.244728 0.627451 0.627451 0.643137
v 0.0992276 0.320538 0.255415 0.627451 0.627451 0.643137
v 0.0985066 0.320538 0.255415 0.627451 0.627451 0.643137
v 0.0985066 0.316438 0.24826 0.627451 0.627451 0.643137
v 0.0985066 0.316095 0.254426 0.627451 0.627451 0.643137
v 0.0985066 0.320407 0.247756 0.627451 0.627451 0.643137
v 0.0985066 0.323005 0.247756 0.627451 0.627451 0.643137
v 0.0985066 0.318201 0.255256 0.627451 0.627451 0.643137
v 0.0985066 0.31568 0.249357 0.627451 0.627451 0.643137
v 0.0985066 0.31781 0.247917 0.627451 0.627451 0.643137
v 0.0992276 0.316438 0.24826 0.627451 0.627451 0.643137
v 0.0992276 0.315865 0.248657 0.627451 0.627451 0.643137
v 0.0985066 0.315865 0.248657 0.627451 0.627451 0.643137
v 0.0985066 0.316751 0.254864 0.627451 0.627451 0.643137
v 0.0992276 0.316751 0.254864 0.627451 0.627451 0.643137
v 0.0992276 0.316095 0.254426 0.627451 0.627451 0.643137
v 0.0985066 0.315767 0.253709 0.627451 0.627451 0.643137
v 0.0992276 0.320407 0.247756 0.627451 0.627451 0.643137
v 0.0992276 0.31781 0.247917 0.627451 0.627451 0.643137
v 0.0780607 0.313934 0.244266 0.627451 0.627451 0.643137
v 0.101367 0.313934 0.244266 0.627451 0.627451 0.643137
v 0.101367 0.314714 0.258904 0.627451 0.627451 0.643137
v 0.101367 0.315431 0.258153 0.627451 0.627451 0.643137
v 0.0780607 0.314714 0.258904 0.627451 0.627451 0.643137
v 0.0992276 0.315431 0.258153 0.627451 0.627451 0.643137
v 0.101367 0.314731 0.245017 0.627451 0.627451 0.643137
v 0.0992276 0.314731 0.245017 0.627451 0.627451 0.643137
v 0.0992276 0.318201 0.255256 0.627451 0.627451 0.643137
v 0.0992276 0.311694 0.245631 0.627451 0.627451 0.643137
v 0.101367 0.311694 0.245631 0.627451 0.627451 0.643137
v 0.0992276 0.312836 0.25745 0.627451 0.627451 0.643137
v 0.101367 0.312836 0.25745 0.627451 0.627451 0.643137
v 0.101367 0.31055 0.24495 0.627451 0.627451 0.643137
v 0.0780607 0.31055 0.24495 0.627451 0.627451 0.643137
v 0.101367 0.311823 0.25812 0.627451 0.627451 0.643137
v 0.0780607 0.311823 0.25812 0.627451 0.627451 0.643137
v 0.0992276 0.310604 0.246341 0.627451 0.627451 0.643137
v 0.101367 0.310604 0.246341 0.627451 0.627451 0.643137
v 0.0992276 0.311663 0.256667 0.627451 0.627451 0.643137
v 0.0992276 0.315767 0.253709 0.627451 0.627451 0.643137
v 0.0992276 0.31568 0.249357 0.627451 0.627451 0.643137
v 0.0992276 0.310254 0.247593 0.627451 0.627451 0.643137
v 0.101367 0.310254 0.247593 0.627451 0.627451 0.643137
v 0.0992276 0.311076 0.255384 0.627451 0.627451 0.643137
v 0.101367 0.311663 0.256667 0.627451 0.627451 0.643137
v 0.101367 0.311076 0.255384 0.627451 0.627451 0.643137
v 0.101367 0.309335 0.245741 0.627451 0.627451 0.643137
v 0.0780607 0.310515 0.257248 0.627451 0.627451 0.643137
v 0.101367 0.310515 0.257248 0.627451 0.627451 0.643137
v 0.0780607 0.309335 0.245741 0.627451 0.627451 0.643137
v 0.0780607 0.309861 0.255818 0.627451 0.627451 0.643137
v 0.101367 0.309861 0.255818 0.627451 0.627451 0.643137
v 0.101367 0.308945 0.247137 0.627451 0.627451 0.643137
v 0.0780607 0.308945 0.247137 0.627451 0.627451 0.643137
vn -6.46473e-17 0.963039 -0.269362
vn 1 6.12323e-17 0
vn -3.66311e-17 0.545728 -0.837962
vn -6.46473e-17 0.963039 -0.269362
vn -6.08946e-17 0.994484 0.104891
vn 1 6.12323e-17 0
vn -6.46473e-17 0.963039 -0.269362
vn -3.66311e-17 0.545728 -0.837962
vn 1 6.12323e-17 0
vn 6.08946e-17 -0.994484 -0.104891
vn 5.89691e-17 -0.963039 0.269362
vn -3.66311e-17 0.545728 -0.837962
vn 1 6.12323e-17 0
vn -1.21315e-17 0.198123 -0.980177
vn 5.89691e-17 -0.963039 0.269362
vn 3.34162e-17 -0.545729 0.837962
vn -5.90603e-17 0.964528 0.263982
vn 1 6.12323e-17 0
vn 5.90603e-17 -0.964528 -0.263982
vn -5.56782e-17 0.909294 0.416154
vn -3.39968e-17 0.555209 0.831711
vn 1 6.12323e-17 0
vn 3.39967e-17 -0.555208 -0.831711
vn 5.56782e-17 -0.909294 -0.416154
vn -5.56782e-17 0.909294 0.416154
vn -3.39968e-17 0.555209 0.831711
vn 1 6.12323e-17 0
vn -3.66311e-17 0.545728 -0.837962
vn -1.21315e-17 0.198123 -0.980177
vn 5.90603e-17 -0.964528 -0.263982
vn 1 9.23722e-07 2.59548e-07
vn 5.89691e-17 -0.963039 0.269362
vn 6.08946e-17 -0.994484 -0.104891
vn 1 8.60031e-07 -1.04598e-07
vn 5.56782e-17 -0.909294 -0.416154
vn 3.39967e-17 -0.555208 -0.831711
vn 1 7.66885e-07 6.10956e-07
vn -7.98213e-18 0.130358 -0.991467
vn 1 6.12323e-17 0
vn 3.34162e-17 -0.545729 0.837962
vn 1.21315e-17 -0.198123 0.980177
vn -7.98213e-18 0.130358 -0.991467
vn 1 6.12323e-17 0
vn 5.89691e-17 -0.963039 0.269362
vn 1 6.97401e-07 -4.72717e-07
vn 3.34162e-17 -0.545729 0.837962
vn -2.53338e-17 0.413733 0.910398
vn 1 6.12323e-17 0
vn 2.53338e-17 -0.413733 -0.910398
vn -2.53338e-17 0.413733 0.910398
vn 1 6.12323e-17 0
vn 2.53338e-17 -0.413733 -0.910398
vn 1 5.34439e-07 1.03458e-06
vn 1 9.10999e-07 2.24475e-07
vn -2.93527e-15 -0.909294 -0.416155
vn -1.16944e-15 -0.999801 -0.0199534
vn 1 8.52058e-07 -8.566e-08
vn -4.62189e-16 -0.99295 0.118532
vn 1 7.26075e-07 6.91668e-07
vn -6.28613e-16 -0.55521 -0.83171
vn -2.93527e-15 -0.909294 -0.416155
vn 1 6.71146e-07 -5.42063e-07
vn 5.92123e-17 -0.96701 0.254738
vn 3.90495e-15 -0.568752 0.822509
vn 3.34162e-17 -0.545729 0.837962
vn 1 4.72103e-07 -9.56666e-07
vn 1.21315e-17 -0.198123 0.980177
vn -1.16944e-15 -0.999801 -0.0199534
vn -2.93527e-15 -0.909294 -0.416155
vn 1 6.12323e-17 0
vn -4.62189e-16 -0.99295 0.118532
vn -2.93527e-15 -0.909294 -0.416155
vn -6.28613e-16 -0.55521 -0.83171
vn 1 6.12323e-17 0
vn -1.35472e-17 0.221243 0.975219
vn 1.35472e-17 -0.221243 -0.975219
vn 1 3.02835e-07 1.32974e-06
vn -1.89844e-18 0.0310038 -0.999519
vn 1 6.12323e-17 0
vn 7.98212e-18 -0.130358 0.991467
vn -1.89844e-18 0.0310038 -0.999519
vn 1 3.8954e-07 -1.14796e-06
vn 3.90495e-15 -0.568752 0.822509
vn 6.59023e-15 -0.242618 0.970122
vn 7.98212e-18 -0.130358 0.991467
vn 1 2.2778e-07 -1.38381e-06
vn 3.90495e-15 -0.568752 0.822509
vn 5.92123e-17 -0.96701 0.254738
vn 1 6.12323e-17 0
vn 1 4.41407e-07 1.17536e-06
vn 1.36594e-15 -0.413733 -0.910398
vn 1 6.12323e-17 0
vn 1 1.84783e-07 1.46933e-06
vn 9.49917e-15 -0.165277 -0.986247
vn 1 6.12323e-17 0
vn 1.89843e-18 -0.0310038 0.999519
vn 1 1.6476e-07 -1.46932e-06
vn 8.98356e-17 -0.152938 0.988236
vn 1.89843e-18 -0.0310038 0.999519
vn 1 5.70917e-08 -1.55564e-06
vn 6.59023e-15 -0.242618 0.970122
vn 3.90495e-15 -0.568752 0.822509
vn 1 6.12323e-17 0
vn -5.69872e-18 0.0907199 0.995876
vn 5.55501e-18 -0.0907203 -0.995876
vn 1 1.32527e-07 1.32466e-06
vn 1 7.92197e-08 1.37601e-06
vn 9.61841e-15 -0.0337888 -0.999429
vn 1 6.12323e-17 0
vn 1.89844e-18 -0.0310038 -0.999519
vn 4.4296e-18 -0.0907199 0.995876
vn 1 6.12323e-17 0
vn -5.55501e-18 0.0907203 -0.995876
vn 4.4296e-18 -0.0907199 0.995876
vn 1 -1.07828e-07 1.3685e-06
vn -1.89843e-18 0.0310038 0.999519
vn 1 6.12323e-17 0
vn 1 3.90499e-08 -1.56175e-06
vn 1.89841e-18 -0.0310034 0.999519
vn 8.98356e-17 -0.152938 0.988236
vn 1 6.12323e-17 0
vn 1 -5.70919e-08 -1.55564e-06
vn -1.89843e-18 0.0310038 0.999519
vn 1 -3.89118e-08 1.3493e-06
vn -2.06897e-18 0.0337888 -0.999429
vn 1 6.12323e-17 0
vn 4.0051e-15 0.568753 0.822509
vn -1.48561e-17 0.242618 0.970122
vn 1 6.12323e-17 0
vn -3.39968e-17 0.55521 -0.83171
vn -5.56782e-17 0.909294 -0.416155
vn 1 6.12323e-17 0
vn -1.89841e-18 0.0310034 0.999519
vn 1.89841e-18 -0.0310034 0.999519
vn 1 6.12323e-17 0
vn -1.01203e-17 0.165277 -0.986247
vn 5.55299e-16 0.99295 0.118532
vn 1 6.12323e-17 0
vn -9.36473e-18 0.152938 0.988236
vn -1.48561e-17 0.242618 0.970122
vn 4.0051e-15 0.568753 0.822509
vn 1 -3.88521e-07 -1.10907e-06
vn 2.38692e-15 0.96701 0.254738
vn 1 -6.68426e-07 -5.37891e-07
vn 4.0051e-15 0.568753 0.822509
vn 1 6.12323e-17 0
vn 2.38692e-15 0.96701 0.254738
vn -2.53339e-17 0.413733 -0.910398
vn 1 -4.41408e-07 1.17536e-06
vn -3.39968e-17 0.55521 -0.83171
vn 1 -7.26075e-07 6.91668e-07
vn -5.56782e-17 0.909294 -0.416155
vn -6.12201e-17 0.999801 -0.0199534
vn 1 6.12323e-17 0
vn -1.89841e-18 0.0310034 0.999519
vn 1 -3.90502e-08 -1.56175e-06
vn -9.36473e-18 0.152938 0.988236
vn 1 -1.5637e-07 -1.46684e-06
vn 7.98213e-18 -0.130358 -0.991467
vn 1 6.12323e-17 0
vn 1.25687e-17 -0.221242 0.975219
vn -1.35472e-17 0.221243 -0.975219
vn 1 -3.22759e-07 1.33744e-06
vn -7.98212e-18 0.130358 0.991467
vn 1 6.12323e-17 0
vn 1 -2.2523e-07 -1.40513e-06
vn -7.98212e-18 0.130358 0.991467
vn 1 -2.31634e-07 1.34846e-06
vn -1.01203e-17 0.165277 -0.986247
vn 1 -4.76343e-07 -9.60949e-07
vn -3.34162e-17 0.545728 0.837962
vn -1.21315e-17 0.198123 0.980177
vn 1 6.12323e-17 0
vn -2.53338e-17 0.413733 -0.910398
vn 1 -5.34439e-07 1.03458e-06
vn 1 6.12323e-17 0
vn -2.53338e-17 0.413733 -0.910398
vn 3.02013e-17 -0.545728 -0.837962
vn 1.21315e-17 -0.198123 -0.980177
vn 8.13015e-18 -0.413733 0.910398
vn 1 6.12323e-17 0
vn 1 -6.99306e-07 -4.73599e-07
vn -5.89691e-17 0.963039 0.269362
vn -3.34162e-17 0.545728 0.837962
vn 1 6.12323e-17 0
vn 1 -7.66885e-07 6.10956e-07
vn -3.39967e-17 0.555209 -0.831711
vn -5.56782e-17 0.909294 -0.416155
vn -5.56782e-17 0.909294 -0.416155
vn 1 -9.45934e-07 1.97334e-07
vn -6.12201e-17 0.999801 -0.0199534
vn 5.55299e-16 0.99295 0.118532
vn 1 -8.84949e-07 -5.58713e-08
vn 1 -8.50039e-07 -9.11248e-08
vn -6.08946e-17 0.994484 -0.104891
vn -5.89691e-17 0.963039 0.269362
vn 1 6.12323e-17 0
vn 1 -9.11083e-07 2.40586e-07
vn -5.90603e-17 0.964528 -0.263982
vn -5.56782e-17 0.909294 -0.416155
vn -3.39967e-17 0.555209 -0.831711
vn 1 6.12323e-17 0
vn -5.90603e-17 0.964528 -0.263982
vn -7.61585e-17 -0.963039 -0.269362
vn 3.02013e-17 -0.545728 -0.837962
vn -2.03294e-16 -0.555209 0.831711
vn 5.56782e-17 -0.909294 0.416154
vn 1 6.12323e-17 0
vn -2.03294e-16 -0.555209 0.831711
vn 5.56782e-17 -0.909294 0.416154
vn 3.02013e-17 -0.545728 -0.837962
vn -7.61585e-17 -0.963039 -0.269362
vn 5.90603e-17 -0.964528 0.263982
vn 1 6.12323e-17 0
vn 1.3522e-16 -0.994484 0.104891
vn -7.61585e-17 -0.963039 -0.269362
vt 0.976562 -0.992188
vt 0.976562 -0.992188
vt 0.976562 -0.992188
vt 0.0078125 -0.0234375
vt 0.0078125 -0.0234375
vt 0.0078125 -0.992188
vt 0.0078125 -0.992188
vt 0.0078125 -0.992188
vt 0.992188 -0.976562
vt 0.992188 -0.976562
vt 0.0078125 0.0078125
vt 0.0078125 0.0078125
vt 0.0078125 0.0078125
vt 0.0234375 0.992188
vt 0.0234375 0.992188
vt 0.0234375 0.992188
vt -0.992188 0.0078125
vt -0.992188 0.0078125
vt -0.992188 0.0078125
vt -0.992188 -0.0234375
vt -0.992188 -0.0234375
vt -0.0078125 -0.976562
vt 1.00781 -1.99219
vt 1.00781 -1.99219
vt 1.97656 -0.992188
vt 1.97656 -0.992188
vt 1.99219 -0.976562
vt 1.99219 -0.976562
vt 1.99219 -0.976562
vt 1.00781 0.976562
vt 1.00781 0.976562
vt 1.00781 0.976562
vt 1.00781 1.97656
vt 1.00781 1.97656
vt 1.99219 1.99219
vt 1.99219 1.99219
vt 0.0078125 1.00781
vt 0.0078125 1.00781
vt 0.0078125 1.00781
vt -0.992188 1.00781
vt -0.992188 1.00781
vt -0.992188 1.00781
vt -1.99219 1.97656
vt -1.00781 1.99219
vt -1.00781 1.99219
vt -1.00781 1.99219
vt -1.99219 0.976562
vt -1.99219 0.976562
vt -1.99219 -0.992188
vt -1.99219 -0.992188
vt -1.99219 -0.992188
vt -1.02344 -1.99219
vt -1.00781 -1.97656
vt -1.00781 -1.97656
vt -0.992188 -1.02344
vt -0.992188 -1.02344
vt 0.0078125 -1.99219
vt 0.0078125 -1.99219
vt 2.00781 -2.99219
vt 2.00781 -2.99219
vt 2.00781 -2.99219
vt 2.99219 -2.00781
vt 2.99219 -2.00781
vt 2.99219 -1.97656
vt 2.99219 -1.97656
vt 2.99219 -1.97656
vt 2.99219 -0.0078125
vt 2.99219 -0.0078125
vt 2.99219 -0.0078125
vt 2.00781 0.0078125
vt 2.00781 0.0078125
vt 2.00781 0.0078125
vt 2.00781 1.00781
vt 2.00781 1.00781
vt 2.00781 1.00781
vt 2.99219 1.99219
vt 2.99219 1.99219
vt 2.99219 2.99219
vt 2.99219 2.99219
vt 2.99219 2.99219
vt 1.02344 2.99219
vt 1.02344 2.99219
vt 0.0078125 2.00781
vt 0.992188 2.02344
vt 0.992188 2.02344
vt -0.992188 2.97656
vt -0.992188 2.97656
vt -1.00781 2.02344
vt -2.99219 2.00781
vt -2.99219 2.00781
vt -2.02344 1.00781
vt -2.02344 1.00781
vt -2.99219 0.0078125
vt -2.99219 0.0078125
vt -2.99219 0.0078125
vt -2.00781 0.992188
vt -2.00781 0.992188
vt -2.00781 -0.0078125
vt -2.00781 -0.0078125
vt -2.00781 -0.0078125
vt -2.00781 -1.97656
vt -2.00781 -1.97656
vt -2.00781 -2.00781
vt -2.00781 -2.00781
vt -1.00781 -2.97656
vt -1.00781 -2.97656
vt -0.0078125 -2.00781
vt -0.0078125 -2.00781
vt 0.0234375 -2.00781
vt 0.0234375 -2.00781
vt 1.99219 -2.00781
vt 1.99219 -2.00781
vt 3.00781 -3.99219
vt 3.00781 -3.99219
vt 3.00781 -2.99219
vt 3.00781 -2.99219
vt 3.00781 -2.99219
vt 3.97656 -1.99219
vt 3.97656 -1.99219
vt 3.99219 -1.97656
vt 3.99219 -1.97656
vt 3.99219 -0.0078125
vt 3.00781 0.976562
vt 3.00781 0.976562
vt 3.00781 1.97656
vt 3.00781 1.97656
vt 3.00781 2.00781
vt 3.00781 2.00781
vt 3.00781 3.97656
vt 3.02344 3.99219
vt 3.02344 3.99219
vt 2.02344 3.99219
vt 2.02344 3.99219
vt 1.00781 3.97656
vt 1.00781 3.97656
vt 0.0078125 3.00781
vt 0.992188 3.02344
vt 0.992188 3.02344
vt -0.976562 3.99219
vt -0.976562 3.99219
vt -1.00781 3.99219
vt -1.00781 3.99219
vt -2.99219 3.00781
vt -2.99219 3.00781
vt -3.02344 3.00781
vt -3.02344 3.00781
vt -3.99219 2.97656
vt -3.99219 2.97656
vt -3.99219 1.97656
vt -3.99219 1.97656
vt -3.97656 -0.0078125
vt -3.97656 -0.0078125
vt -3.97656 -0.0078125
vt -3.00781 -1.00781
vt -3.00781 -1.00781
vt -3.00781 -1.00781
vt -3.99219 -3.02344
vt -3.99219 -3.02344
vt -3.00781 -3.00781
vt -3.00781 -3.00781
vt -1.99219 -3.02344
vt -1.99219 -3.02344
vt -0.992188 -3.02344
vt -0.992188 -3.02344
vt -0.0078125 -3.97656
vt -0.0078125 -3.97656
vt 0.976562 -3.99219
vt 0.976562 -3.99219
vt 0.976562 -3.99219
vt 0.0234375 -3.00781
vt 0.0234375 -3.00781
vt 0.0234375 -3.00781
vt 1.00781 -3.99219
vt 1.00781 -3.99219
vt 1.00781 -3.99219
vt 2.00781 -3.02344
vt 2.00781 -3.02344
vt 2.02344 -3.00781
vt 2.02344 -3.00781
vt 4.00781 -4.02344
vt 4.00781 -4.02344
vt 4.00781 -4.02344
vt 4.99219 -4.97656
vt 4.99219 -4.97656
vt 4.99219 -4.97656
vt 4.02344 -3.00781
vt 4.02344 -3.00781
vt 4.97656 -1.99219
vt 4.97656 -1.99219
vt 4.00781 -0.0234375
vt 4.02344 -0.0078125
vt 4.02344 -0.0078125
vt 4.02344 0.992188
vt 4.02344 0.992188
vt 4.00781 1.97656
vt 4.00781 1.97656
vt 4.00781 2.00781
vt 4.99219 2.02344
vt 4.99219 2.02344
vt 4.02344 3.99219
vt 4.02344 3.99219
vt 4.02344 4.99219
vt 4.02344 4.99219
vt 3.99219 4.02344
vt 3.99219 4.02344
vt -1.02344 4.00781
vt -1.02344 4.00781
vt -1.02344 4.00781
vt -2.02344 4.00781
vt -2.02344 4.00781
vt -2.02344 4.00781
vt -3.99219 4.97656
vt -3.99219 4.97656
vt -4.99219 4.97656
vt -4.99219 4.97656
vt -4.02344 3.00781
vt -4.02344 3.00781
vt -4.02344 3.00781
vt -4.99219 2.97656
vt -4.99219 2.97656
vt -4.02344 1.00781
vt -4.02344 1.00781
vt -4.99219 0.0078125
vt -4.02344 -0.992188
vt -4.02344 -0.992188
vt -4.02344 -0.992188
vt -4.02344 -1.99219
vt -4.02344 -1.99219
vt -4.02344 -1.99219
vt -4.99219 -2.02344
vt -4.99219 -2.02344
vt -4.99219 -2.02344
vt -4.00781 -2.97656
vt -4.00781 -2.97656
vt -4.00781 -2.97656
vt -4.02344 -4.99219
vt -4.02344 -4.99219
vt -4.97656 -4.00781
vt -4.97656 -4.00781
vt -4.97656 -4.00781
vt -1.02344 -4.99219
vt -1.02344 -4.99219
vt -1.02344 -4.99219
vt -0.992188 -4.02344
vt -0.992188 -4.02344
vt 0.976562 -4.99219
vt 0.976562 -4.99219
vt 0.976562 -4.99219
vt 1.02344 -4.00781
vt 1.02344 -4.00781
vt 3.02344 -4.00781
vt 3.02344 -4.00781
vt 3.02344 -4.00781
vt 5.00781 -4.99219
vt 5.00781 -4.99219
vt 5.99219 -4.97656
vt 5.99219 -4.97656
vt 5.99219 -4.97656
vt 5.99219 -3.00781
vt 5.99219 -3.00781
vt 5.99219 -2.00781
vt 5.00781 -1.02344
vt 5.00781 -1.02344
vt 5.97656 -0.992188
vt 5.97656 -0.992188
vt 5.97656 -0.992188
vt 5.00781 2.00781
vt 5.00781 2.00781
f 211/451/400 212/454/403 213/456/403
f 211/451/400 214/459/406 212/454/403
f 211/452/401 213/458/405 215/461/408
f 216/464/411 214/460/407 211/453/402
f 211/452/401 215/461/408 217/467/412
f 216/465/412 211/452/401 217/467/412
f 212/455/404 218/470/416 213/457/404
f 212/455/404 219/472/416 218/470/416
f 213/458/405 218/471/417 220/473/417
f 213/458/405 220/473/417 215/461/408
f 221/475/419 218/470/416 219/472/416
f 218/471/417 222/477/421 220/473/417
f 221/475/419 223/480/424 218/470/416
f 218/471/417 223/482/426 222/477/421
f 216/464/411 224/483/427 214/460/407
f 215/462/409 220/474/418 225/485/429
f 217/468/414 215/463/410 226/487/431
f 215/462/409 225/485/429 226/488/432
f 220/474/418 222/479/423 227/490/434
f 220/474/418 227/490/434 225/485/429
f 216/466/413 228/493/437 224/484/428
f 216/465/412 217/467/412 229/494/438
f 216/466/413 230/497/441 228/493/437
f 230/498/442 216/465/412 229/494/438
f 217/468/414 226/487/431 231/499/443
f 229/495/439 217/469/415 231/501/445
f 232/502/446 223/481/425 221/476/420
f 223/482/426 233/503/447 222/477/421
f 232/502/446 234/505/449 223/481/425
f 223/482/426 234/506/450 233/503/447
f 222/478/422 233/504/448 235/507/451
f 222/478/422 235/507/451 227/491/435
f 226/489/433 225/486/430 236/509/453
f 231/500/444 226/489/433 237/512/456
f 226/489/433 236/509/453 237/512/456
f 225/486/430 238/514/458 236/509/453
f 225/486/430 227/492/436 238/514/458
f 231/500/444 237/512/456 239/517/461
f 229/495/439 231/501/445 240/520/464
f 240/521/465 231/500/444 239/517/461
f 237/513/457 236/511/455 241/523/467
f 239/518/462 237/513/457 242/526/470
f 237/513/457 241/523/467 242/526/470
f 236/510/454 238/516/460 243/528/471
f 236/510/454 243/528/471 241/524/468
f 244/531/474 234/505/449 232/502/446
f 244/531/474 232/502/446 245/533/474
f 234/506/450 246/534/473 233/503/447
f 233/504/448 247/536/475 235/507/451
f 233/504/448 246/535/475 247/536/475
f 234/506/450 244/532/473 246/534/473
f 230/497/441 248/538/477 228/493/437
f 230/498/442 229/494/438 249/539/478
f 249/540/479 229/496/440 240/522/466
f 250/541/478 230/498/442 249/539/478
f 230/497/441 250/542/480 248/538/477
f 240/521/465 239/517/461 251/543/481
f 249/540/479 240/522/466 252/546/484
f 252/547/485 240/521/465 251/543/481
f 251/544/482 239/519/463 253/548/486
f 239/518/462 242/526/470 253/549/487
f 227/492/436 254/551/489 238/514/458
f 227/492/436 235/508/452 254/551/489
f 238/515/459 254/552/490 255/553/490
f 238/515/459 255/553/490 243/529/472
f 235/508/452 256/555/492 254/551/489
f 235/508/452 247/537/476 256/555/492
f 254/552/490 256/556/493 257/557/493
f 254/552/490 257/557/493 255/553/490
f 258/559/495 249/540/479 252/546/484
f 250/541/478 249/539/478 258/560/494
f 252/547/485 251/543/481 259/561/496
f 258/559/495 252/546/484 260/563/498
f 260/564/499 252/547/485 259/561/496
f 259/562/497 251/545/483 261/565/500
f 251/544/482 253/548/486 261/566/501
f 262/568/503 244/531/474 245/533/474
f 244/532/473 263/570/502 246/534/473
f 244/532/473 262/569/502 263/570/502
f 262/568/503 245/533/474 264/572/503
f 246/535/475 265/573/504 247/536/475
f 246/535/475 263/571/504 265/573/504
f 247/537/476 266/575/506 256/555/492
f 247/537/476 265/574/505 266/575/506
f 256/556/493 266/576/507 267/577/507
f 256/556/493 267/577/507 257/557/493
f 250/542/480 268/579/509 248/538/477
f 269/580/508 250/541/478 258/560/494
f 250/542/480 269/581/509 268/579/509
f 270/582/510 262/568/503 264/572/503
f 262/569/502 271/584/511 263/570/502
f 262/569/502 270/583/511 271/584/511
f 270/582/510 264/572/503 272/586/513
f 263/571/504 273/587/512 265/573/504
f 263/571/504 271/585/512 273/587/512
f 274/589/515 258/559/495 260/563/498
f 269/580/508 258/560/494 274/590/516
f 260/564/499 259/561/496 275/591/517
f 259/562/497 261/565/500 276/593/519
f 275/592/518 259/562/497 276/593/519
f 277/595/521 260/564/499 275/591/517
f 274/589/515 260/563/498 277/596/522
f 265/574/505 278/597/523 266/575/506
f 265/574/505 273/588/514 278/597/523
f 266/576/507 279/599/524 267/577/507
f 266/576/507 278/598/524 279/599/524
f 253/550/488 242/527/469 241/525/469
f 276/594/520 253/550/488 241/525/469
f 241/525/469 243/530/473 255/554/491
f 280/601/525 276/594/520 241/525/469
f 241/525/469 255/554/491 267/578/508
f 241/525/469 267/578/508 281/604/528
f 241/525/469 281/604/528 280/601/525
f 276/594/520 261/567/502 253/550/488
f 280/601/525 282/607/531 276/594/520
f 275/592/518 276/593/519 283/609/533
f 282/607/531 283/610/534 276/594/520
f 255/554/491 257/558/494 267/578/508
f 267/578/508 284/611/534 281/604/528
f 267/578/508 279/600/525 284/611/534
f 281/604/528 285/613/534 280/601/525
f 280/601/525 286/615/537 282/607/531
f 287/617/539 286/616/538 280/603/527
f 288/620/540 287/618/540 280/602/526
f 288/620/540 280/602/526 289/623/544
f 285/613/534 289/624/545 280/601/525
f 284/611/534 290/626/545 281/604/528
f 291/628/547 281/605/529 290/627/547
f 291/628/547 292/630/549 281/605/529
f 292/632/551 293/633/551 281/606/530
f 281/604/528 293/635/553 285/613/534
f 294/636/554 275/592/518 283/609/533
f 277/595/521 275/591/517 294/637/555
f 294/636/554 283/609/533 282/608/532
f 295/638/556 294/636/554 282/608/532
f 295/638/556 282/608/532 286/616/538
f 269/581/509 296/640/558 268/579/509
f 297/641/559 269/580/508 274/590/516
f 269/581/509 297/642/558 296/640/558
f 298/643/560 270/582/510 272/586/513
f 270/583/511 299/645/559 271/584/511
f 270/583/511 298/644/559 299/645/559
f 298/643/560 272/586/513 300/647/560
f 271/585/512 301/648/561 273/587/512
f 271/585/512 299/646/561 301/648/561
f 302/650/563 274/589/515 277/596/522
f 297/641/559 274/590/516 302/651/564
f 303/652/565 277/595/521 294/637/555
f 302/650/563 277/596/522 303/653/566
f 273/588/514 304/654/567 278/597/523
f 273/588/514 301/649/562 304/654/567
f 278/598/524 284/612/535 279/599/524
f 278/598/524 304/655/568 284/612/535
f 303/652/565 294/637/555 295/639/557
f 304/655/568 290/627/547 284/612/535
f 301/649/562 291/629/548 304/654/567
f 304/655/568 291/628/547 290/627/547
f 287/617/539 295/638/556 286/616/538
f 305/656/569 303/652/565 295/639/557
f 305/656/569 295/639/557 287/619/541
f 306/659/571 302/650/563 303/653/566
f 306/659/571 303/653/566 305/658/571
f 299/646/561 307/662/573 301/648/561
f 301/649/562 307/663/574 291/629/548
f 298/644/559 308/664/575 299/645/559
f 299/646/561 308/665/576 307/662/573
f 309/666/575 297/641/559 302/651/564
f 309/666/575 302/651/564 306/661/572
f 297/642/558 310/669/578 296/640/558
f 297/642/558 309/668/578 310/669/578
f 311/671/579 298/643/560 300/647/560
f 298/644/559 311/672/580 308/664/575
f 311/671/579 300/647/560 312/673/579
f 307/663/574 292/631/550 291/629/548
f 313/674/581 305/656/569 287/619/541
f 313/674/581 287/619/541 288/622/543
f 314/677/583 305/657/570 313/676/583
f 314/677/583 306/660/570 305/657/570
f 307/663/574 315/680/585 292/631/550
f 292/632/551 316/683/588 293/633/551
f 315/680/585 316/684/589 292/631/550
f 308/665/576 315/681/586 307/662/573
f 317/686/591 288/621/542 289/625/546
f 318/688/593 313/674/581 288/622/543
f 318/688/593 288/622/543 317/687/592
f 317/686/591 289/625/546 285/614/536
f 316/685/590 285/614/536 293/634/552
f 316/685/590 317/686/591 285/614/536
f 319/691/595 313/675/582 318/690/595
f 319/691/595 314/678/582 313/675/582
f 315/680/585 320/694/597 316/684/589
f 320/694/597 317/687/592 316/684/589
f 321/696/599 320/695/598 315/682/587
f 308/665/576 321/697/600 315/681/586
f 320/694/597 318/688/593 317/687/592
f 322/699/602 318/689/594 320/695/598
f 322/699/602 319/692/594 318/689/594
f 321/696/599 322/699/602 320/695/598
f 311/672/580 321/698/601 308/664/575
f 323/701/601 309/666/575 306/661/572
f 323/701/601 306/661/572 314/679/584
f 310/670/577 309/667/577 323/703/604
f 311/671/579 312/673/579 324/704/605
f 311/672/580 325/706/607 321/698/601
f 311/671/579 324/704/605 325/707/608
f 310/670/577 323/703/604 326/709/610
f 325/706/607 322/700/601 321/698/601
f 325/708/609 324/705/606 327/711/612
f 325/706/607 328/712/613 322/700/601
f 325/708/609 327/711/612 328/713/612
f 329/714/613 323/701/601 314/679/584
f 329/714/613 314/679/584 319/693/596
f 326/710/611 323/702/603 329/716/615
f 328/712/613 319/693/596 322/700/601
f 328/712/613 329/714/613 319/693/596
f 329/715/614 328/713/612 327/711/612
f 326/710/611 329/716/615 330/717/615
f 329/715/614 327/711/612 330/718/614
g Mesh_body_16
v -0.00528922 0.285241 0.204194 0.627451 0.627451 0.643137
v 0.00106135 0.285266 0.204194 0.627451 0.627451 0.643137
v 0.00106135 0.285266 0.211568 0.627451 0.627451 0.643137
v 0.00106135 0.285266 0.218943 0.627451 0.627451 0.643137
v 0.00106135 0.285266 0.226317 0.627451 0.627451 0.643137
v 0.00106135 0.285266 0.233692 0.627451 0.627451 0.643137
v -0.00587121 0.285238 0.233692 0.627451 0.627451 0.643137
v 0.00106135 0.285266 0.241066 0.627451 0.627451 0.643137
v -0.00528922 0.285241 0.241066 0.627451 0.627451 0.643137
v -0.00617696 0.285237 0.218943 0.627451 0.627451 0.643137
v -0.00587121 0.285238 0.211568 0.627451 0.627451 0.643137
v -0.00617696 0.285237 0.226317 0.627451 0.627451 0.643137
vn 0.00398733 -0.999992 -3.13894e-11
vn 0.0039874 -0.999992 0
vn 0.0039873 -0.999992 1.7809e-08
vn 0.00398728 -0.999992 -1.19922e-24
vn 0.00398737 -0.999992 -1.75574e-08
vn 0.00398734 -0.999992 -5.89738e-08
vn 0.0039874 -0.999992 -1.13487e-07
vn 0.00398927 -0.999992 6.19753e-08
vn 0.0039787 -0.999992 -5.72604e-07
vn 0.00399251 -0.999992 -3.75792e-18
vt 0.976562 -0.992188
vt 0.0078125 -0.0234375
vt 0.0078125 -0.992188
vt 0.992188 -0.0078125
vt 0.0078125 0.0078125
vt 0.992188 0.0234375
vt 0.992188 0.992188
vt -0.0078125 0.0234375
vt -0.992188 -0.0234375
vt -0.0078125 -0.976562
vt -0.0078125 -0.0078125
vt 1.99219 -1.97656
f 331/719/616 332/720/617 333/721/617
f 331/719/616 333/721/617 334/722/617
f 331/719/616 334/722/617 335/723/618
f 335/723/618 336/724/619 337/725/620
f 335/723/618 337/725/620 331/719/616
f 336/724/619 338/726/621 337/725/620
f 338/726/621 339/727/622 337/725/620
f 331/719/616 340/728/623 341/729/624
f 337/725/620 340/728/623 331/719/616
f 337/725/620 342/730/625 340/728/623
g Mesh_body_17
v -0.0267713 0.306337 0.204094 0.627451 0.627451 0.643137
v -0.0273191 0.306337 0.204094 0.627451 0.627451 0.643137
v -0.0273191 0.306216 0.205329 0.627451 0.627451 0.643137
v -0.0267713 0.306216 0.202859 0.627451 0.627451 0.643137
v -0.0267713 0.306216 0.205329 0.627451 0.627451 0.643137
v -0.0265879 0.306039 0.204094 0.627451 0.627451 0.643137
v -0.0189969 0.306337 0.204094 0.627451 0.627451 0.643137
v -0.0191802 0.306039 0.204094 0.627451 0.627451 0.643137
v -0.0273191 0.305379 0.204094 0.627451 0.627451 0.643137
v -0.0273191 0.306216 0.202859 0.627451 0.627451 0.643137
v -0.0273191 0.305276 0.203046 0.627451 0.627451 0.643137
v -0.0273191 0.305276 0.205142 0.627451 0.627451 0.643137
v -0.0273191 0.305856 0.206517 0.627451 0.627451 0.643137
v -0.0267713 0.305856 0.201671 0.627451 0.627451 0.643137
v -0.0265879 0.305923 0.202917 0.627451 0.627451 0.643137
v -0.0189969 0.306216 0.202859 0.627451 0.627451 0.643137
v -0.0189969 0.305856 0.201671 0.627451 0.627451 0.643137
v -0.0273191 0.30497 0.202038 0.627451 0.627451 0.643137
v -0.0273191 0.305856 0.201671 0.627451 0.627451 0.643137
v -0.02699 0.305171 0.203067 0.627451 0.627451 0.643137
v -0.02699 0.304871 0.202079 0.627451 0.627451 0.643137
v -0.02699 0.305272 0.204094 0.627451 0.627451 0.643137
v -0.0189969 0.306216 0.205329 0.627451 0.627451 0.643137
v -0.0191802 0.305923 0.202917 0.627451 0.627451 0.643137
v -0.018521 0.306337 0.204094 0.627451 0.627451 0.643137
v -0.018521 0.306216 0.205329 0.627451 0.627451 0.643137
v -0.0265879 0.305923 0.205271 0.627451 0.627451 0.643137
v -0.0267713 0.305856 0.206517 0.627451 0.627451 0.643137
v -0.0265879 0.30558 0.206402 0.627451 0.627451 0.643137
v -0.018521 0.306216 0.202859 0.627451 0.627451 0.643137
v -0.018521 0.305856 0.206517 0.627451 0.627451 0.643137
v -0.0191802 0.305923 0.205271 0.627451 0.627451 0.643137
v -0.0189969 0.305856 0.206517 0.627451 0.627451 0.643137
v -0.018521 0.305856 0.201671 0.627451 0.627451 0.643137
v -0.0267713 0.305271 0.200577 0.627451 0.627451 0.643137
v -0.0191802 0.30558 0.201786 0.627451 0.627451 0.643137
v -0.0265879 0.30558 0.201786 0.627451 0.627451 0.643137
v -0.0273191 0.304474 0.20111 0.627451 0.627451 0.643137
v -0.0273191 0.305271 0.200577 0.627451 0.627451 0.643137
v -0.02699 0.304385 0.201169 0.627451 0.627451 0.643137
v -0.0273191 0.30497 0.20615 0.627451 0.627451 0.643137
v -0.0273191 0.305271 0.207611 0.627451 0.627451 0.643137
v -0.02699 0.305171 0.205121 0.627451 0.627451 0.643137
v -0.0189969 0.305271 0.200577 0.627451 0.627451 0.643137
v -0.0191802 0.305022 0.200743 0.627451 0.627451 0.643137
v -0.0191802 0.30558 0.206402 0.627451 0.627451 0.643137
v -0.0267713 0.305271 0.207611 0.627451 0.627451 0.643137
v -0.018521 0.305271 0.207611 0.627451 0.627451 0.643137
v -0.0189969 0.305271 0.207611 0.627451 0.627451 0.643137
v -0.018521 0.305271 0.200577 0.627451 0.627451 0.643137
v -0.0267713 0.304483 0.199618 0.627451 0.627451 0.643137
v -0.0265879 0.305022 0.200743 0.627451 0.627451 0.643137
v -0.0189969 0.304483 0.199618 0.627451 0.627451 0.643137
v -0.0273191 0.303805 0.200296 0.627451 0.627451 0.643137
v -0.0273191 0.304483 0.199618 0.627451 0.627451 0.643137
v -0.02699 0.30373 0.200371 0.627451 0.627451 0.643137
v -0.0273191 0.304474 0.207078 0.627451 0.627451 0.643137
v -0.0273191 0.304483 0.20857 0.627451 0.627451 0.643137
v -0.02699 0.304871 0.206109 0.627451 0.627451 0.643137
v -0.0265879 0.305022 0.207445 0.627451 0.627451 0.643137
v -0.0267713 0.304483 0.20857 0.627451 0.627451 0.643137
v -0.0265879 0.304272 0.208359 0.627451 0.627451 0.643137
v -0.018521 0.304483 0.20857 0.627451 0.627451 0.643137
v -0.0191802 0.305022 0.207445 0.627451 0.627451 0.643137
v -0.0189969 0.304483 0.20857 0.627451 0.627451 0.643137
v -0.018521 0.304483 0.199618 0.627451 0.627451 0.643137
v -0.02699 0.304937 0.203113 0.627451 0.627451 0.643137
v -0.02699 0.304651 0.20217 0.627451 0.627451 0.643137
v -0.02699 0.305034 0.204094 0.627451 0.627451 0.643137
v -0.02699 0.304186 0.201301 0.627451 0.627451 0.643137
v -0.02699 0.304937 0.205075 0.627451 0.627451 0.643137
v -0.0273191 0.304762 0.203148 0.627451 0.627451 0.643137
v -0.0273191 0.304486 0.202239 0.627451 0.627451 0.643137
v -0.0273191 0.304855 0.204094 0.627451 0.627451 0.643137
v -0.0267713 0.303524 0.19883 0.627451 0.627451 0.643137
v -0.0191802 0.304272 0.199829 0.627451 0.627451 0.643137
v -0.0265879 0.304272 0.199829 0.627451 0.627451 0.643137
v -0.0273191 0.302991 0.199627 0.627451 0.627451 0.643137
v -0.0273191 0.303524 0.19883 0.627451 0.627451 0.643137
v -0.02699 0.302932 0.199716 0.627451 0.627451 0.643137
v -0.0273191 0.303805 0.207893 0.627451 0.627451 0.643137
v -0.0273191 0.303524 0.209358 0.627451 0.627451 0.643137
v -0.02699 0.304385 0.207019 0.627451 0.627451 0.643137
v -0.0189969 0.303524 0.19883 0.627451 0.627451 0.643137
v -0.0191802 0.303358 0.199079 0.627451 0.627451 0.643137
v -0.0191802 0.304272 0.208359 0.627451 0.627451 0.643137
v -0.0267713 0.303524 0.209358 0.627451 0.627451 0.643137
v -0.018521 0.303524 0.209358 0.627451 0.627451 0.643137
v -0.0189969 0.303524 0.209358 0.627451 0.627451 0.643137
v -0.018521 0.303524 0.19883 0.627451 0.627451 0.643137
v -0.0273191 0.304038 0.2014 0.627451 0.627451 0.643137
v -0.02699 0.304651 0.206018 0.627451 0.627451 0.643137
v -0.0273191 0.304762 0.20504 0.627451 0.627451 0.643137
v -0.0273191 0.304486 0.205949 0.627451 0.627451 0.643137
v -0.02699 0.303561 0.20054 0.627451 0.627451 0.643137
v -0.0273191 0.301862 0.199615 0.627451 0.627451 0.643137
v -0.0273191 0.303435 0.200666 0.627451 0.627451 0.643137
v -0.02699 0.304186 0.206887 0.627451 0.627451 0.643137
v -0.02699 0.30373 0.207817 0.627451 0.627451 0.643137
v -0.0273191 0.304038 0.206788 0.627451 0.627451 0.643137
v -0.0273191 0.298151 0.208573 0.627451 0.627451 0.643137
v -0.0273191 0.303435 0.207522 0.627451 0.627451 0.643137
v -0.0273191 0.301862 0.208573 0.627451 0.627451 0.643137
v -0.02699 0.303561 0.207648 0.627451 0.627451 0.643137
v -0.0273191 0.302701 0.200063 0.627451 0.627451 0.643137
v -0.0273191 0.295527 0.202239 0.627451 0.627451 0.643137
v -0.02699 0.3028 0.199915 0.627451 0.627451 0.643137
v -0.02699 0.301931 0.19945 0.627451 0.627451 0.643137
v -0.0273191 0.300953 0.199339 0.627451 0.627451 0.643137
v -0.0273191 0.300007 0.199245 0.627451 0.627451 0.643137
v -0.0273191 0.298151 0.199615 0.627451 0.627451 0.643137
v -0.0273191 0.302701 0.208125 0.627451 0.627451 0.643137
v -0.02699 0.3028 0.208274 0.627451 0.627451 0.643137
v -0.0273191 0.300007 0.208943 0.627451 0.627451 0.643137
v -0.02699 0.301931 0.208738 0.627451 0.627451 0.643137
v -0.02699 0.300988 0.209024 0.627451 0.627451 0.643137
v -0.0273191 0.300953 0.208849 0.627451 0.627451 0.643137
v -0.0273191 0.295527 0.205949 0.627451 0.627451 0.643137
v -0.0273191 0.299061 0.208849 0.627451 0.627451 0.643137
v -0.02699 0.298083 0.208738 0.627451 0.627451 0.643137
v -0.02699 0.297214 0.208274 0.627451 0.627451 0.643137
v -0.0273191 0.297313 0.208125 0.627451 0.627451 0.643137
v -0.0273191 0.296579 0.207522 0.627451 0.627451 0.643137
v -0.0267713 0.30243 0.198245 0.627451 0.627451 0.643137
v -0.0265879 0.303358 0.199079 0.627451 0.627451 0.643137
v -0.0189969 0.30243 0.198245 0.627451 0.627451 0.643137
v -0.0273191 0.302063 0.199131 0.627451 0.627451 0.643137
v -0.02699 0.302022 0.19923 0.627451 0.627451 0.643137
v -0.0273191 0.30243 0.198245 0.627451 0.627451 0.643137
v -0.0273191 0.302991 0.208561 0.627451 0.627451 0.643137
v -0.0273191 0.30243 0.209943 0.627451 0.627451 0.643137
v -0.0265879 0.303358 0.209109 0.627451 0.627451 0.643137
v -0.0267713 0.30243 0.209943 0.627451 0.627451 0.643137
v -0.0265879 0.302315 0.209667 0.627451 0.627451 0.643137
v -0.018521 0.30243 0.209943 0.627451 0.627451 0.643137
v -0.0191802 0.303358 0.209109 0.627451 0.627451 0.643137
v -0.0189969 0.30243 0.209943 0.627451 0.627451 0.643137
v -0.018521 0.30243 0.198245 0.627451 0.627451 0.643137
v -0.02699 0.302932 0.208472 0.627451 0.627451 0.643137
v -0.0273191 0.302063 0.209057 0.627451 0.627451 0.643137
v -0.02699 0.302022 0.208958 0.627451 0.627451 0.643137
v -0.0267713 0.301242 0.197885 0.627451 0.627451 0.643137
v -0.0191802 0.302315 0.198521 0.627451 0.627451 0.643137
v -0.0265879 0.302315 0.198521 0.627451 0.627451 0.643137
v -0.0273191 0.301055 0.198825 0.627451 0.627451 0.643137
v -0.02699 0.301034 0.19893 0.627451 0.627451 0.643137
v -0.0273191 0.301242 0.197885 0.627451 0.627451 0.643137
v -0.0273191 0.301242 0.210303 0.627451 0.627451 0.643137
v -0.0189969 0.301242 0.197885 0.627451 0.627451 0.643137
v -0.0191802 0.301184 0.198178 0.627451 0.627451 0.643137
v -0.0191802 0.302315 0.209667 0.627451 0.627451 0.643137
v -0.0267713 0.301242 0.210303 0.627451 0.627451 0.643137
v -0.018521 0.301242 0.210303 0.627451 0.627451 0.643137
v -0.0189969 0.301242 0.210303 0.627451 0.627451 0.643137
v -0.018521 0.301242 0.197885 0.627451 0.627451 0.643137
v -0.02699 0.300988 0.199164 0.627451 0.627451 0.643137
v -0.0273191 0.301055 0.209363 0.627451 0.627451 0.643137
v -0.02699 0.301034 0.209258 0.627451 0.627451 0.643137
v -0.0267713 0.300007 0.197764 0.627451 0.627451 0.643137
v -0.0265879 0.301184 0.198178 0.627451 0.627451 0.643137
v -0.0189969 0.300007 0.197764 0.627451 0.627451 0.643137
v -0.0273191 0.300007 0.198722 0.627451 0.627451 0.643137
v -0.02699 0.300007 0.198829 0.627451 0.627451 0.643137
v -0.0273191 0.300007 0.197764 0.627451 0.627451 0.643137
v -0.0273191 0.300007 0.210424 0.627451 0.627451 0.643137
v -0.0265879 0.301184 0.21001 0.627451 0.627451 0.643137
v -0.0267713 0.300007 0.210424 0.627451 0.627451 0.643137
v -0.0265879 0.300007 0.210126 0.627451 0.627451 0.643137
v -0.018521 0.300007 0.210424 0.627451 0.627451 0.643137
v -0.0191802 0.301184 0.21001 0.627451 0.627451 0.643137
v -0.0189969 0.300007 0.210424 0.627451 0.627451 0.643137
v -0.018521 0.300007 0.197764 0.627451 0.627451 0.643137
v -0.02699 0.300007 0.199067 0.627451 0.627451 0.643137
v -0.0273191 0.300007 0.209466 0.627451 0.627451 0.643137
v -0.02699 0.300007 0.209359 0.627451 0.627451 0.643137
v -0.02699 0.300007 0.209121 0.627451 0.627451 0.643137
v -0.0273191 0.299061 0.199339 0.627451 0.627451 0.643137
v -0.0273191 0.296579 0.200666 0.627451 0.627451 0.643137
v -0.02699 0.299026 0.199164 0.627451 0.627451 0.643137
v -0.02699 0.298083 0.19945 0.627451 0.627451 0.643137
v -0.0273191 0.297313 0.200063 0.627451 0.627451 0.643137
v -0.0273191 0.295976 0.2014 0.627451 0.627451 0.643137
v -0.0273191 0.295158 0.204094 0.627451 0.627451 0.643137
v -0.02699 0.295827 0.201301 0.627451 0.627451 0.643137
v -0.02699 0.295363 0.20217 0.627451 0.627451 0.643137
v -0.0273191 0.295252 0.203148 0.627451 0.627451 0.643137
v -0.02699 0.299026 0.209024 0.627451 0.627451 0.643137
v -0.0267713 0.298772 0.197885 0.627451 0.627451 0.643137
v -0.0191802 0.300007 0.198062 0.627451 0.627451 0.643137
v -0.0265879 0.300007 0.198062 0.627451 0.627451 0.643137
v -0.0273191 0.298959 0.198825 0.627451 0.627451 0.643137
v -0.02699 0.29898 0.19893 0.627451 0.627451 0.643137
v -0.0273191 0.298772 0.197885 0.627451 0.627451 0.643137
v -0.0273191 0.298772 0.210303 0.627451 0.627451 0.643137
v -0.0189969 0.298772 0.197885 0.627451 0.627451 0.643137
v -0.0191802 0.29883 0.198178 0.627451 0.627451 0.643137
v -0.0191802 0.300007 0.210126 0.627451 0.627451 0.643137
v -0.0267713 0.298772 0.210303 0.627451 0.627451 0.643137
v -0.018521 0.298772 0.210303 0.627451 0.627451 0.643137
v -0.0189969 0.298772 0.210303 0.627451 0.627451 0.643137
v -0.018521 0.298772 0.197885 0.627451 0.627451 0.643137
v -0.0273191 0.298959 0.209363 0.627451 0.627451 0.643137
v -0.02699 0.29898 0.209258 0.627451 0.627451 0.643137
v -0.0273191 0.297951 0.199131 0.627451 0.627451 0.643137
v -0.02699 0.297992 0.19923 0.627451 0.627451 0.643137
v -0.0267713 0.297584 0.198245 0.627451 0.627451 0.643137
v -0.0265879 0.29883 0.198178 0.627451 0.627451 0.643137
v -0.0189969 0.297584 0.198245 0.627451 0.627451 0.643137
v -0.0273191 0.297584 0.198245 0.627451 0.627451 0.643137
v -0.02699 0.297992 0.208958 0.627451 0.627451 0.643137
v -0.0273191 0.297584 0.209943 0.627451 0.627451 0.643137
v -0.0273191 0.297951 0.209057 0.627451 0.627451 0.643137
v -0.0265879 0.29883 0.21001 0.627451 0.627451 0.643137
v -0.0267713 0.297584 0.209943 0.627451 0.627451 0.643137
v -0.0265879 0.297699 0.209667 0.627451 0.627451 0.643137
v -0.018521 0.297584 0.209943 0.627451 0.627451 0.643137
v -0.0191802 0.29883 0.21001 0.627451 0.627451 0.643137
v -0.0189969 0.297584 0.209943 0.627451 0.627451 0.643137
v -0.018521 0.297584 0.198245 0.627451 0.627451 0.643137
v -0.02699 0.297082 0.208472 0.627451 0.627451 0.643137
v -0.02699 0.297214 0.199915 0.627451 0.627451 0.643137
v -0.0273191 0.297022 0.208561 0.627451 0.627451 0.643137
v -0.02699 0.297082 0.199716 0.627451 0.627451 0.643137
v -0.0273191 0.29649 0.209358 0.627451 0.627451 0.643137
v -0.0273191 0.297022 0.199627 0.627451 0.627451 0.643137
v -0.0191802 0.297699 0.209667 0.627451 0.627451 0.643137
v -0.0267713 0.29649 0.209358 0.627451 0.627451 0.643137
v -0.018521 0.29649 0.209358 0.627451 0.627451 0.643137
v -0.0189969 0.29649 0.209358 0.627451 0.627451 0.643137
v -0.0267713 0.29649 0.19883 0.627451 0.627451 0.643137
v -0.0191802 0.297699 0.198521 0.627451 0.627451 0.643137
v -0.0265879 0.297699 0.198521 0.627451 0.627451 0.643137
v -0.0273191 0.29649 0.19883 0.627451 0.627451 0.643137
v -0.0189969 0.29649 0.19883 0.627451 0.627451 0.643137
v -0.0191802 0.296656 0.199079 0.627451 0.627451 0.643137
v -0.018521 0.29649 0.19883 0.627451 0.627451 0.643137
v -0.02699 0.296453 0.20054 0.627451 0.627451 0.643137
v -0.02699 0.296453 0.207648 0.627451 0.627451 0.643137
v -0.02699 0.296284 0.207817 0.627451 0.627451 0.643137
v -0.0273191 0.295976 0.206788 0.627451 0.627451 0.643137
v -0.02699 0.295827 0.206887 0.627451 0.627451 0.643137
v -0.02699 0.295363 0.206018 0.627451 0.627451 0.643137
v -0.02699 0.295077 0.205075 0.627451 0.627451 0.643137
v -0.0273191 0.295252 0.20504 0.627451 0.627451 0.643137
v -0.0273191 0.296208 0.207893 0.627451 0.627451 0.643137
v -0.02699 0.296284 0.200371 0.627451 0.627451 0.643137
v -0.0273191 0.295531 0.20857 0.627451 0.627451 0.643137
v -0.0273191 0.296208 0.200296 0.627451 0.627451 0.643137
v -0.0265879 0.296656 0.199079 0.627451 0.627451 0.643137
v -0.0267713 0.295531 0.199618 0.627451 0.627451 0.643137
v -0.0189969 0.295531 0.199618 0.627451 0.627451 0.643137
v -0.0273191 0.295531 0.199618 0.627451 0.627451 0.643137
v -0.0265879 0.296656 0.209109 0.627451 0.627451 0.643137
v -0.0267713 0.295531 0.20857 0.627451 0.627451 0.643137
v -0.0265879 0.295742 0.208359 0.627451 0.627451 0.643137
v -0.018521 0.295531 0.20857 0.627451 0.627451 0.643137
v -0.0191802 0.296656 0.209109 0.627451 0.627451 0.643137
v -0.0189969 0.295531 0.20857 0.627451 0.627451 0.643137
v -0.018521 0.295531 0.199618 0.627451 0.627451 0.643137
v -0.02699 0.295629 0.207019 0.627451 0.627451 0.643137
v -0.0273191 0.29554 0.207078 0.627451 0.627451 0.643137
v -0.02699 0.295629 0.201169 0.627451 0.627451 0.643137
v -0.0273191 0.294743 0.207611 0.627451 0.627451 0.643137
v -0.0273191 0.29554 0.20111 0.627451 0.627451 0.643137
v -0.0191802 0.295742 0.208359 0.627451 0.627451 0.643137
v -0.0267713 0.294743 0.207611 0.627451 0.627451 0.643137
v -0.018521 0.294743 0.207611 0.627451 0.627451 0.643137
v -0.0189969 0.294743 0.207611 0.627451 0.627451 0.643137
v -0.02699 0.295143 0.206109 0.627451 0.627451 0.643137
v -0.0267713 0.294743 0.200577 0.627451 0.627451 0.643137
v -0.0191802 0.295742 0.199829 0.627451 0.627451 0.643137
v -0.0265879 0.295742 0.199829 0.627451 0.627451 0.643137
v -0.0273191 0.294743 0.200577 0.627451 0.627451 0.643137
v -0.0189969 0.294743 0.200577 0.627451 0.627451 0.643137
v -0.0191802 0.294992 0.200743 0.627451 0.627451 0.643137
v -0.018521 0.294743 0.200577 0.627451 0.627451 0.643137
v -0.0273191 0.295044 0.20615 0.627451 0.627451 0.643137
v -0.02699 0.295143 0.202079 0.627451 0.627451 0.643137
v -0.0273191 0.294158 0.206517 0.627451 0.627451 0.643137
v -0.0273191 0.295044 0.202038 0.627451 0.627451 0.643137
v -0.02699 0.294843 0.205121 0.627451 0.627451 0.643137
v -0.02699 0.295077 0.203113 0.627451 0.627451 0.643137
v -0.0273191 0.294738 0.205142 0.627451 0.627451 0.643137
v -0.0265879 0.294992 0.200743 0.627451 0.627451 0.643137
v -0.0267713 0.294158 0.201671 0.627451 0.627451 0.643137
v -0.0189969 0.294158 0.201671 0.627451 0.627451 0.643137
v -0.02699 0.294843 0.203067 0.627451 0.627451 0.643137
v -0.0273191 0.293798 0.205329 0.627451 0.627451 0.643137
v -0.0273191 0.294158 0.201671 0.627451 0.627451 0.643137
v -0.0273191 0.294738 0.203046 0.627451 0.627451 0.643137
v -0.0267713 0.294158 0.206517 0.627451 0.627451 0.643137
v -0.0265879 0.294992 0.207445 0.627451 0.627451 0.643137
v -0.0265879 0.294434 0.206402 0.627451 0.627451 0.643137
v -0.018521 0.294158 0.206517 0.627451 0.627451 0.643137
v -0.0191802 0.294992 0.207445 0.627451 0.627451 0.643137
v -0.0189969 0.294158 0.206517 0.627451 0.627451 0.643137
v -0.018521 0.294158 0.201671 0.627451 0.627451 0.643137
v -0.02699 0.29498 0.204094 0.627451 0.627451 0.643137
v -0.02699 0.294742 0.204094 0.627451 0.627451 0.643137
v -0.0273191 0.294635 0.204094 0.627451 0.627451 0.643137
v -0.0273191 0.293676 0.204094 0.627451 0.627451 0.643137
v -0.0273191 0.293798 0.202859 0.627451 0.627451 0.643137
v -0.0267713 0.293798 0.202859 0.627451 0.627451 0.643137
v -0.0267713 0.293798 0.205329 0.627451 0.627451 0.643137
v -0.0191802 0.294434 0.206402 0.627451 0.627451 0.643137
v -0.018521 0.293798 0.205329 0.627451 0.627451 0.643137
v -0.0189969 0.293798 0.205329 0.627451 0.627451 0.643137
v -0.0191802 0.294434 0.201786 0.627451 0.627451 0.643137
v -0.0265879 0.294434 0.201786 0.627451 0.627451 0.643137
v -0.0189969 0.293798 0.202859 0.627451 0.627451 0.643137
v -0.0191802 0.294091 0.202917 0.627451 0.627451 0.643137
v -0.018521 0.293798 0.202859 0.627451 0.627451 0.643137
v -0.0267713 0.293676 0.204094 0.627451 0.627451 0.643137
v -0.0265879 0.294091 0.202917 0.627451 0.627451 0.643137
v -0.0189969 0.293676 0.204094 0.627451 0.627451 0.643137
v -0.0265879 0.294091 0.205271 0.627451 0.627451 0.643137
v -0.0265879 0.293975 0.204094 0.627451 0.627451 0.643137
v -0.018521 0.293676 0.204094 0.627451 0.627451 0.643137
v -0.0191802 0.294091 0.205271 0.627451 0.627451 0.643137
v -0.0191802 0.293975 0.204094 0.627451 0.627451 0.643137
vn 7.54697e-09 0.999462 0.0328126
vn -2.40951e-07 -1.37069e-07 -1
vn 0.851035 0.52258 -0.0514694
vn -2.43181e-15 1 -2.35387e-08
vn -1 -6.12323e-17 0
vn 2.20908e-15 0.980785 0.19509
vn -2.98013e-08 0.973856 -0.227167
vn 0.851037 0.522578 -0.0514698
vn 3.00777e-07 0.195091 0.980785
vn 3.55291e-08 0.986659 0.162802
vn 0.851037 0.502495 0.15243
vn 2.25583e-07 -0.19509 0.980785
vn 0.851036 0.522579 -0.0514695
vn -2.4139e-07 -1.48226e-07 -1
vn -1.65685e-08 0.995185 -0.0980182
vn 7.54698e-09 0.999462 0.0328126
vn -0.851036 0.522579 -0.05147
vn -2.30002e-07 1.41233e-07 -1
vn -2.30213e-07 1.35869e-07 -1
vn -0.851035 0.52258 -0.0514702
vn -2.36606e-08 0.995185 -0.0980182
vn -1 -6.12323e-17 0
vn -0.309171 -0.951007 -6.14965e-07
vn 2.14649e-15 0.980785 -0.19509
vn -1 -6.12323e-17 0
vn -0.309167 -0.932734 0.185533
vn -0.309167 -0.932734 -0.185532
vn 3.74392e-07 0.923879 0.382684
vn -1 -6.12323e-17 0
vn -2.98013e-08 0.935939 -0.352162
vn -2.96813e-07 -0.382683 -0.92388
vn 0.851037 0.463101 -0.247533
vn 0.851037 0.522577 -0.0514699
vn -1.57737e-08 0.995185 -0.0980182
vn 2.98128e-07 0.195091 0.980785
vn 1.63344e-07 0.195094 0.980785
vn -0.851037 0.522577 -0.0514691
vn -2.98013e-08 0.973856 -0.227167
vn -2.98013e-08 0.935939 -0.352162
vn -0.851037 0.463101 -0.247533
vn -2.83326e-07 -0.382683 -0.92388
vn -1 -6.12323e-17 0
vn -0.309168 -0.878616 0.363935
vn -2.72791e-07 0.92388 -0.382683
vn -1 -6.12323e-17 0
vn -0.309167 -0.932734 0.185533
vn -0.309167 -0.878616 0.363935
vn -1 -6.12323e-17 0
vn -0.309171 -0.951007 -6.4506e-07
vn 7.54697e-09 0.986659 0.162802
vn 2.36321e-07 -0.195091 0.980785
vn -0.851037 0.502495 0.15243
vn -0.851037 0.522578 -0.0514693
vn 1.57834e-07 0.195094 0.980785
vn -2.28658e-08 0.995185 -0.0980182
vn -6.12323e-17 1 0
vn 2.20908e-15 0.980785 0.19509
vn 2.2579e-07 -0.19509 0.980785
vn 0.851037 0.502495 0.15243
vn 7.00718e-08 0.95694 0.290285
vn 3.0164e-07 0.910825 0.412793
vn -2.1988e-07 0.38268 -0.923881
vn 0.851037 0.502495 0.15243
vn 0.851037 0.502495 0.15243
vn -2.23015e-07 0.38268 -0.923881
vn 7.00718e-08 0.95694 0.290285
vn -6.98663e-15 0.980785 -0.19509
vn -7.49673e-16 0.923879 0.382684
vn 2.36752e-07 -0.195091 0.980785
vn 7.00718e-08 0.95694 0.290285
vn -0.851037 0.502495 0.15243
vn 3.5077e-08 0.910825 0.412793
vn -0.851037 0.502494 0.15243
vn -1.41663e-07 0.382682 -0.92388
vn -1.01476e-15 0.92388 -0.382683
vn -1.4945e-06 0.812792 -0.582555
vn 0.851037 0.463101 -0.247533
vn 2.54986e-07 0.555575 0.831466
vn -2.83586e-07 -0.382683 -0.92388
vn -0.851037 0.463101 -0.247533
vn -1.51721e-07 0.881921 -0.471397
vn 0.851037 0.463101 -0.247533
vn -2.97353e-07 -0.382683 -0.92388
vn -1.51721e-07 0.881921 -0.471397
vn -1 -6.12323e-17 0
vn -0.309169 -0.790733 0.528352
vn -2.05089e-06 0.831469 -0.555571
vn -1 -6.12323e-17 0
vn -0.309169 -0.790733 0.528351
vn -0.309167 -0.878616 -0.363935
vn 6.04501e-07 0.83147 0.55557
vn -1 -1.07252e-06 1.60515e-06
vn -0.309167 -0.932735 -0.185532
vn -1 -6.12323e-17 0
vn -6.51285e-08 0.812792 -0.582554
vn 2.67123e-07 0.555575 0.831467
vn -0.851037 0.463101 -0.247533
vn -0.851037 0.463101 -0.247533
vn 2.6761e-07 0.555575 0.831467
vn -1.51721e-07 0.881921 -0.471397
vn -1.43171e-07 0.382682 -0.92388
vn -0.851037 0.502494 0.15243
vn 7.00718e-08 0.95694 0.290285
vn 3.97625e-07 0.849252 0.527988
vn 0.851036 0.405913 0.333124
vn 1.9124e-07 -0.555569 0.83147
vn -3.56666e-15 0.831469 0.55557
vn 3.62962e-08 0.849251 0.527989
vn 2.00343e-07 -0.55557 0.83147
vn -0.851036 0.405913 0.333124
vn -6.5596e-15 0.831469 -0.555571
vn -3.09739e-07 0.729928 -0.683524
vn -2.27171e-07 -0.707107 -0.707107
vn 0.851036 0.333125 -0.405913
vn 0.851037 0.463101 -0.247533
vn -1.51721e-07 0.881921 -0.471397
vn 2.5522e-07 0.555575 0.831466
vn -6.51285e-08 0.729928 -0.683524
vn -0.851036 0.333125 -0.405913
vn -2.16848e-07 -0.707107 -0.707107
vn -1 -6.12323e-17 0
vn -0.30917 -0.672464 0.672463
vn -4.32978e-17 0.707108 -0.707106
vn -1 -6.12323e-17 0
vn -0.30917 -0.672464 0.672463
vn -1 1.76378e-07 1.59698e-06
vn -0.309167 -0.790734 -0.528351
vn 4.30584e-07 0.707107 0.707107
vn -1 2.10204e-06 3.52671e-06
vn -0.309167 -0.878616 -0.363935
vn -1 -6.12323e-17 0
vn 1.91416e-07 -0.555569 0.83147
vn 0.851036 0.405913 0.333124
vn 1.53136e-07 0.773011 0.634393
vn 2.88507e-07 0.683524 0.729928
vn -1.71423e-07 0.707108 -0.707106
vn 0.851036 0.405913 0.333124
vn 0.851036 0.405913 0.333124
vn -1.70688e-07 0.707108 -0.707106
vn 1.53136e-07 0.773011 0.634393
vn 4.05586e-15 0.707107 0.707107
vn 2.00708e-07 -0.55557 0.83147
vn 1.53136e-07 0.773011 0.634393
vn -0.851036 0.405913 0.333124
vn 6.0519e-08 0.683524 0.729928
vn -0.851036 0.405913 0.333124
vn -1.89742e-07 0.707107 -0.707106
vn 4.56223e-15 0.707107 -0.707107
vn -1 -6.12323e-17 0
vn -0.476 0.862547 -0.171571
vn -0.476 0.812501 -0.336549
vn -1 -6.12323e-17 0
vn -0.476 0.879446 -5.95481e-08
vn -0.476 0.731232 -0.488594
vn -1 -6.12323e-17 0
vn -0.476 0.862547 0.171571
vn -0.476 0.862547 -0.171571
vn -1 -6.12323e-17 0
vn -0.476 0.812501 -0.336549
vn -0.476 0.879446 -6.59911e-08
vn -1 -6.12323e-17 0
vn -3.233e-17 0.527988 -0.849252
vn 0.851037 0.333124 -0.405912
vn -5.09129e-17 0.831471 0.555568
vn -2.17047e-07 -0.707107 -0.707107
vn -0.851036 0.333125 -0.405913
vn -2.48796e-07 0.634394 -0.77301
vn 0.851036 0.333125 -0.405913
vn -2.27584e-07 -0.707107 -0.707107
vn -2.48796e-07 0.634394 -0.77301
vn -1 -6.12323e-17 0
vn -0.309168 -0.528352 0.790734
vn 3.30882e-16 0.555571 -0.831469
vn -1 -6.12323e-17 0
vn -0.309169 -0.528352 0.790733
vn -1 3.51747e-06 3.51746e-06
vn -0.309169 -0.672464 -0.672464
vn 5.59162e-08 0.55557 0.83147
vn -1 2.76365e-06 4.1361e-06
vn -0.309168 -0.790734 -0.528351
vn -1 -6.12323e-17 0
vn 3.29553e-16 0.527988 -0.849252
vn 1.7192e-07 0.831469 0.555571
vn -0.851036 0.333125 -0.405914
vn -0.851036 0.333125 -0.405914
vn 1.78812e-07 0.831469 0.555571
vn -2.48796e-07 0.634394 -0.77301
vn -1.89389e-07 0.707107 -0.707106
vn -0.851036 0.405913 0.333124
vn 1.53136e-07 0.773011 0.634393
vn 6.84397e-08 0.582554 0.812792
vn 0.851036 0.247534 0.463103
vn 1.27782e-07 -0.83147 0.55557
vn 5.09098e-16 0.55557 0.83147
vn 5.95194e-08 0.582554 0.812792
vn 1.33865e-07 -0.83147 0.555569
vn -0.851036 0.247533 0.463103
vn -8.12362e-16 0.55557 -0.83147
vn -0.476 0.731232 -0.488594
vn -1 -6.12323e-17 0
vn -0.476 0.812501 0.336549
vn -0.476 0.862547 0.171571
vn -1 -6.12323e-17 0
vn -0.476001 0.812501 0.336549
vn -0.476001 0.621861 -0.621861
vn -1 -6.12323e-17 0
vn -0.476001 0.336549 -0.812501
vn -0.476001 0.621861 -0.621862
vn -1 -6.12323e-17 0
vn -0.476002 0.731231 0.488593
vn -0.309169 -0.672464 -0.672464
vn -0.476002 0.731231 0.488593
vn -1 -6.12323e-17 0
vn -0.476002 -0.336549 0.812501
vn -0.476002 0.621861 0.621861
vn -1 -6.12323e-17 0
vn -0.476001 0.336549 0.812501
vn -0.476002 0.621861 0.621861
vn -1 -6.12323e-17 0
vn -0.476003 0.488593 -0.731231
vn -0.476 -0.812501 -0.336549
vn -0.476003 0.488593 -0.731231
vn -1 -6.12323e-17 0
vn -0.476001 0.336549 -0.812501
vn -0.476002 0.171572 -0.862546
vn -1 -6.12323e-17 0
vn -0.476 -5.34737e-07 -0.879445
vn -0.476002 -0.336549 -0.812501
vn -1 -6.12323e-17 0
vn -0.476002 0.488593 0.731231
vn -0.476002 0.488593 0.731231
vn -1 -6.12323e-17 0
vn -0.476 3.10783e-07 0.879445
vn -0.476001 0.336549 0.812501
vn -1 -6.12323e-17 0
vn -0.476001 0.171571 0.862546
vn -0.476001 0.171571 0.862547
vn -1 -6.12323e-17 0
vn -0.476001 -0.812501 0.336549
vn -0.476001 -0.171571 0.862546
vn -0.476002 -0.336549 0.8125
vn -1 -6.12323e-17 0
vn -0.476 -0.488594 0.731232
vn -0.475999 -0.488594 0.731232
vn -1 -6.12323e-17 0
vn -0.476 -0.621862 0.621862
vn 1.66554e-15 0.412792 -0.910825
vn -1.18419e-07 -0.923881 -0.38268
vn 0.851037 0.152429 -0.502495
vn 0.851037 0.333124 -0.405912
vn -2.48796e-07 0.634394 -0.77301
vn 3.31416e-09 0.831471 0.555568
vn -3.61271e-15 0.412792 -0.910825
vn -0.851035 0.152431 -0.502497
vn 5.65713e-17 -0.92388 -0.382683
vn -1 -6.12323e-17 0
vn -0.309165 -0.363934 0.878617
vn -0.309165 -0.363934 0.878618
vn -1 -6.12323e-17 0
vn 2.47584e-15 0.382683 -0.92388
vn -1 2.76365e-06 4.1361e-06
vn -0.309167 -0.528352 -0.790734
vn 6.09435e-16 0.382683 0.92388
vn -1 1.90364e-06 4.59579e-06
vn 1.279e-07 -0.83147 0.55557
vn 0.851036 0.247534 0.463103
vn 2.12887e-07 0.471397 0.881921
vn 9.8242e-08 0.352162 0.935939
vn -1.22943e-07 0.92388 -0.382681
vn 0.851036 0.247534 0.463103
vn 0.851036 0.247534 0.463103
vn -1.23167e-07 0.92388 -0.382681
vn 2.20038e-07 0.471397 0.881921
vn -2.41308e-15 0.382683 0.92388
vn 1.34109e-07 -0.83147 0.555569
vn 2.76698e-07 0.471397 0.881921
vn -0.851036 0.247533 0.463103
vn 9.8242e-08 0.352162 0.935939
vn -0.851036 0.247534 0.463103
vn -1.17357e-07 0.92388 -0.382681
vn -5.52773e-15 0.382683 -0.92388
vn -1 -6.12323e-17 0
vn -0.309167 -0.528352 -0.790734
vn -0.309168 -0.363934 -0.878616
vn -1 1.90364e-06 4.59579e-06
vn -1 -6.12323e-17 0
vn -0.309168 -0.363934 -0.878616
vn -1.02168e-07 0.162803 -0.986659
vn 0.851036 0.152431 -0.502497
vn 5.98274e-08 0.980786 0.195087
vn -2.28281e-09 -0.92388 -0.382683
vn -0.851035 0.152431 -0.502497
vn -3.07994e-07 0.290285 -0.95694
vn 0.851037 0.15243 -0.502495
vn -1.23167e-07 -0.923881 -0.38268
vn -3.07994e-07 0.290285 -0.95694
vn -1 -6.12323e-17 0
vn -0.309173 -0.185532 0.932733
vn -0.309172 -0.185532 0.932733
vn -1 -6.12323e-17 0
vn -1.19458e-17 0.19509 -0.980785
vn 8.97211e-17 0.19509 0.980785
vn -1 9.70463e-07 4.87886e-06
vn -1.02168e-07 0.162803 -0.986659
vn 6.26753e-08 0.980786 0.195087
vn -0.851036 0.152431 -0.502497
vn -0.851036 0.152431 -0.502497
vn 6.27895e-08 0.980786 0.195087
vn -3.07994e-07 0.290285 -0.95694
vn -1.17464e-07 0.92388 -0.382681
vn -0.851036 0.247534 0.463103
vn 2.83849e-07 0.471396 0.881921
vn 9.8242e-08 0.227167 0.973856
vn 0.851037 0.0514691 0.522578
vn 5.98272e-08 -0.980786 0.195087
vn 1.32503e-15 0.195091 0.980785
vn 9.8242e-08 0.227168 0.973856
vn 6.2675e-08 -0.980786 0.195087
vn -0.851037 0.0514697 0.522578
vn -1.19459e-17 0.195091 -0.980785
vn -1 -6.12323e-17 0
vn -0.476002 0.171572 -0.862546
vn -0.309168 -0.185532 -0.932734
vn -1 9.70463e-07 4.87886e-06
vn -1 -6.12323e-17 0
vn -0.309169 -0.185532 -0.932734
vn -1.02168e-07 0.032813 -0.999462
vn 6.12323e-17 -1 0
vn 0.851036 -0.0514697 -0.522578
vn 0.851036 0.152431 -0.502497
vn -3.07994e-07 0.290285 -0.95694
vn 5.98823e-08 0.980786 0.195087
vn -1.02168e-07 0.032813 -0.999462
vn -0.851036 -0.0514695 -0.522579
vn 6.12323e-17 -1 0
vn -1 -6.12323e-17 0
vn -0.309171 2.40949e-07 0.951006
vn -0.309171 2.55008e-07 0.951006
vn -1 -6.12323e-17 0
vn 1.6584e-16 7.98986e-17 -1
vn 6.84276e-16 1.77552e-17 1
vn -1 1.47564e-12 4.97445e-06
vn 5.98821e-08 -0.980786 0.195087
vn 0.851037 0.0514691 0.522578
vn 3.20303e-07 0.0980166 0.995185
vn 2.55421e-08 -0.0328125 0.999462
vn -6.12323e-17 1 0
vn 0.851036 0.051469 0.522578
vn 0.851036 0.051469 0.522578
vn -6.12323e-17 1 0
vn 2.96096e-07 0.0980168 0.995185
vn 6.84276e-16 1.77552e-17 1
vn 6.27892e-08 -0.980786 0.195087
vn 1.04283e-07 0.098018 0.995185
vn -0.851037 0.0514697 0.522578
vn 9.44466e-08 -0.0328129 0.999462
vn -0.851036 0.0514699 0.522578
vn -6.12323e-17 1 0
vn 1.6584e-16 7.98986e-17 -1
vn -1 -6.12323e-17 0
vn -0.476 -4.87552e-07 -0.879445
vn -0.309169 1.73651e-07 -0.951007
vn -1 1.47564e-12 4.97445e-06
vn -1 -6.12323e-17 0
vn -0.309169 1.83783e-07 -0.951007
vn -0.476 2.83359e-07 0.879445
vn -1 -6.12323e-17 0
vn -0.476002 -0.171571 -0.862546
vn -0.475999 -0.621862 -0.621862
vn -0.476002 -0.171571 -0.862546
vn -1 -6.12323e-17 0
vn -0.476001 -0.336549 -0.812501
vn -0.476 -0.488594 -0.731232
vn -1 -6.12323e-17 0
vn -0.476 -0.731232 -0.488594
vn -0.476 -0.879445 5.61068e-07
vn -0.476 -0.731232 -0.488593
vn -1 -6.12323e-17 0
vn -0.476001 -0.812501 -0.336549
vn -0.476002 -0.862546 -0.171572
vn -1 -6.12323e-17 0
vn -0.476001 -0.171571 0.862546
vn -9.89983e-09 -0.227167 -0.973856
vn 0.851036 -0.0514696 -0.522579
vn -5.98274e-08 0.980786 -0.195087
vn 6.12323e-17 -1 0
vn -0.851036 -0.0514695 -0.522578
vn -3.20303e-07 -0.0980171 -0.995185
vn 0.851036 -0.0514697 -0.522579
vn 6.12323e-17 -1 0
vn -3.20303e-07 -0.0980171 -0.995185
vn -1 -6.12323e-17 0
vn -0.309172 0.185531 0.932733
vn -0.309173 0.185531 0.932733
vn -1 -6.12323e-17 0
vn 4.15162e-16 -0.19509 -0.980785
vn 1.16297e-16 -0.19509 0.980785
vn -1 -9.70465e-07 4.87886e-06
vn -9.82419e-08 -0.227168 -0.973856
vn -6.26753e-08 0.980786 -0.195087
vn -0.851036 -0.0514698 -0.522579
vn -0.851036 -0.0514698 -0.522579
vn -6.27895e-08 0.980786 -0.195087
vn -3.20303e-07 -0.0980171 -0.995185
vn -6.12323e-17 1 0
vn -0.851036 0.05147 0.522578
vn 8.00758e-08 0.0980181 0.995185
vn 3.32637e-08 -0.162802 0.986659
vn 0.851037 -0.15243 0.502496
vn -5.98272e-08 -0.980786 -0.195087
vn 4.38089e-15 -0.195091 0.980785
vn 1.02168e-07 -0.162803 0.986659
vn -6.2675e-08 -0.980786 -0.195087
vn -0.851037 -0.15243 0.502496
vn 1.94305e-15 -0.195091 -0.980785
vn -0.309169 0.185532 -0.932734
vn -1 -9.70465e-07 4.87886e-06
vn -1 -6.12323e-17 0
vn -0.309168 0.185532 -0.932734
vn -0.309165 0.363936 0.878617
vn -0.309165 0.363936 0.878617
vn -1 -6.12323e-17 0
vn 1.70423e-15 -0.352161 -0.935939
vn 1.1842e-07 -0.92388 0.382683
vn 0.851037 -0.247533 -0.463101
vn 0.851036 -0.0514696 -0.522579
vn -3.20303e-07 -0.0980171 -0.995185
vn -5.98823e-08 0.980786 -0.195087
vn -8.83421e-08 -0.352162 -0.935939
vn -0.851036 -0.247534 -0.463104
vn 5.65712e-17 -0.923878 0.382686
vn -1 -6.12323e-17 0
vn 2.5802e-15 -0.382683 -0.92388
vn -0.309168 0.363934 -0.878616
vn -1 -1.90364e-06 4.59579e-06
vn 6.70216e-16 -0.382683 0.92388
vn -0.309168 0.363934 -0.878616
vn -1 -1.90364e-06 4.59579e-06
vn -5.98821e-08 -0.980786 -0.195087
vn 0.851037 -0.15243 0.502496
vn 3.07994e-07 -0.290285 0.95694
vn 9.05403e-08 -0.412792 0.910825
vn 1.22944e-07 0.923879 0.382685
vn 0.851037 -0.15243 0.502495
vn 0.851037 -0.15243 0.502496
vn 1.23168e-07 0.923879 0.382685
vn 3.07994e-07 -0.290285 0.95694
vn 7.24591e-16 -0.382683 0.92388
vn -6.27892e-08 -0.980786 -0.195087
vn 3.07994e-07 -0.290285 0.95694
vn -0.851037 -0.15243 0.502496
vn -0.851037 -0.15243 0.502495
vn 1.17358e-07 0.923879 0.382685
vn 7.01862e-08 -0.412792 0.910825
vn -3.78064e-15 -0.382683 -0.92388
vn -1 -6.12323e-17 0
vn -0.30917 0.528351 -0.790733
vn -0.476 -0.488594 -0.731232
vn -0.30917 0.528351 -0.790733
vn -1 -2.76365e-06 4.1361e-06
vn -0.309171 0.528351 0.790733
vn -1 -6.12323e-17 0
vn -1 -2.76365e-06 4.1361e-06
vn 1.30421e-16 -0.55557 0.83147
vn -1 -6.12323e-17 0
vn -0.309172 0.52835 0.790733
vn 3.07994e-07 -0.290285 0.95694
vn 1.17465e-07 0.923879 0.382685
vn -0.851037 -0.15243 0.502495
vn 1.25517e-07 -0.527988 0.849252
vn 0.851037 -0.333124 0.405913
vn -1.27782e-07 -0.83147 -0.55557
vn -7.2898e-15 -0.55557 0.83147
vn 6.79052e-08 -0.527988 0.849252
vn -1.33865e-07 -0.83147 -0.555569
vn -0.851036 -0.333124 0.405913
vn -7.13622e-08 -0.582554 -0.812792
vn 0.851037 -0.247533 -0.463102
vn -5.09129e-17 0.831471 -0.555568
vn 2.28284e-09 -0.923878 0.382686
vn -0.851036 -0.247534 -0.463104
vn -2.83849e-07 -0.471396 -0.881922
vn 1.23168e-07 -0.92388 0.382683
vn 0.851037 -0.247533 -0.463101
vn -1 -6.12323e-17 0
vn 5.69637e-16 -0.55557 -0.83147
vn -5.09545e-15 -0.582553 -0.812792
vn -1.7192e-07 0.831469 -0.555571
vn -0.851036 -0.247534 -0.463104
vn -0.851036 -0.247534 -0.463104
vn -1.78812e-07 0.831469 -0.555571
vn -2.83849e-07 -0.471396 -0.881922
vn -8.09947e-15 -0.55557 -0.83147
vn -0.475999 -0.621862 -0.621862
vn -1 -6.12323e-17 0
vn -0.476 -0.621862 0.621862
vn -0.309169 0.672464 -0.672464
vn -1 -6.12323e-17 0
vn -0.476002 -0.731232 0.488593
vn -0.476001 -0.731232 0.488593
vn -1 -6.12323e-17 0
vn -0.476001 -0.812501 0.336549
vn -0.476002 -0.862546 0.171571
vn -1 -6.12323e-17 0
vn -0.476002 -0.862546 0.171571
vn -0.309169 0.672464 -0.672463
vn -1 -1.91675e-06 3.65603e-06
vn -0.30917 0.672464 0.672463
vn -1 -6.12323e-17 0
vn -1 -2.1524e-06 4.88253e-06
vn 3.28779e-07 -0.707107 0.707106
vn -1 -6.12323e-17 0
vn -0.30917 0.672464 0.672463
vn -2.83849e-07 -0.471396 -0.881922
vn -3.31416e-09 0.831471 -0.555568
vn 0.851037 -0.247533 -0.463102
vn -7.93592e-08 -0.683524 -0.729928
vn 2.27172e-07 -0.707103 0.707111
vn 0.851037 -0.405912 -0.333123
vn -7.99703e-09 -0.683524 -0.729928
vn -0.851037 -0.405912 -0.333123
vn 2.1685e-07 -0.707103 0.707111
vn -1 -6.12323e-17 0
vn -3.67113e-07 -0.707108 -0.707106
vn -1.279e-07 -0.83147 -0.55557
vn 0.851036 -0.333125 0.405913
vn 1.86597e-07 -0.634394 0.77301
vn 3.43889e-07 -0.729929 0.683523
vn 1.71424e-07 0.707104 0.70711
vn 0.851038 -0.333123 0.405912
vn 0.851037 -0.333123 0.405912
vn 1.70689e-07 0.707104 0.70711
vn 1.86597e-07 -0.634394 0.77301
vn -1.0284e-14 -0.707107 0.707106
vn -1.34109e-07 -0.83147 -0.555569
vn 1.86597e-07 -0.634394 0.77301
vn -0.851037 -0.333124 0.405913
vn -0.851037 -0.333124 0.405912
vn 1.89743e-07 0.707103 0.70711
vn 4.96666e-08 -0.729929 0.683523
vn -9.23453e-15 -0.707107 -0.707107
vn -1 -6.12323e-17 0
vn -0.30917 0.790734 -0.52835
vn -0.30917 0.790734 -0.52835
vn -1 -6.12323e-17 0
vn -0.309172 0.790733 0.528351
vn -1 -2.67063e-07 1.39003e-06
vn 5.58612e-07 -0.83147 0.55557
vn -1 -6.12323e-17 0
vn -0.309172 0.790733 0.528351
vn 1.86597e-07 -0.634394 0.77301
vn 1.8939e-07 0.707103 0.70711
vn -0.851037 -0.333123 0.405911
vn 4.5895e-07 -0.812793 0.582553
vn 0.851036 -0.463104 0.247534
vn -1.9124e-07 -0.555571 -0.831469
vn 4.99186e-16 -0.83147 0.55557
vn 4.88462e-08 -0.812792 0.582553
vn -2.00343e-07 -0.555571 -0.831469
vn -0.851036 -0.463103 0.247535
vn -1 -6.12323e-17 0
vn -0.309171 0.878615 -0.363935
vn -1.41492e-06 -0.849252 -0.527989
vn 0.851037 -0.405912 -0.333123
vn -2.54985e-07 0.555577 -0.831465
vn 2.17049e-07 -0.707103 0.707111
vn -0.851038 -0.405912 -0.333123
vn -2.04181e-07 -0.773011 -0.634393
vn 2.27586e-07 -0.707103 0.707111
vn 0.851037 -0.405912 -0.333123
vn -1 -6.12323e-17 0
vn -2.14521e-06 -0.83147 -0.55557
vn -4.83949e-08 -0.849251 -0.527989
vn -2.67123e-07 0.555577 -0.831465
vn -0.851037 -0.405913 -0.333123
vn -0.851037 -0.405913 -0.333123
vn -2.6761e-07 0.555577 -0.831465
vn -2.04181e-07 -0.773011 -0.634393
vn -1.03178e-15 -0.83147 -0.55557
vn -0.30917 0.878616 -0.363935
vn -1 -6.12323e-17 0
vn -0.30917 0.878616 0.363934
vn 4.16388e-07 -0.923879 0.382684
vn -0.309171 0.878616 0.363934
vn -1 -6.12323e-17 0
vn -0.309172 0.932733 -0.185532
vn -0.476002 -0.862546 -0.171572
vn -0.309172 0.932733 -0.185532
vn -1 -6.12323e-17 0
vn -2.04181e-07 -0.773011 -0.634393
vn -2.55219e-07 0.555577 -0.831465
vn 0.851037 -0.405913 -0.333124
vn -2.30158e-07 -0.910825 -0.412793
vn 2.96813e-07 -0.382683 0.92388
vn 0.851037 -0.502494 -0.152429
vn -4.83949e-08 -0.910825 -0.412793
vn -0.851037 -0.502495 -0.15243
vn 2.83326e-07 -0.382683 0.92388
vn -0.309173 0.932732 0.185533
vn -1 -6.12323e-17 0
vn 4.19957e-08 -0.980785 0.19509
vn -5.11703e-15 -0.923879 -0.382684
vn -0.309172 0.932733 0.185533
vn -1 -6.12323e-17 0
vn 2.64361e-07 -0.935939 0.352162
vn 2.1988e-07 0.38268 0.923881
vn 0.851037 -0.463102 0.247534
vn -1.91415e-07 -0.555571 -0.831469
vn 0.851036 -0.463104 0.247534
vn 1.1379e-07 -0.881921 0.471397
vn 0.851037 -0.463102 0.247534
vn 2.23015e-07 0.38268 0.923881
vn 1.1379e-07 -0.881921 0.471397
vn 6.22651e-15 -0.923879 0.382684
vn -2.00708e-07 -0.555571 -0.831469
vn 1.1379e-07 -0.881921 0.471397
vn -0.851036 -0.463103 0.247535
vn -0.851037 -0.463102 0.247533
vn 1.41663e-07 0.382682 0.92388
vn 2.16002e-08 -0.935939 0.352162
vn 5.85705e-15 -0.92388 -0.382683
vn -0.476 -0.879445 5.1218e-07
vn -1 -6.12323e-17 0
vn -0.309166 0.951008 -1.14955e-06
vn -0.309166 0.951008 -1.09164e-06
vn -1 -6.12323e-17 0
vn -5.43555e-15 -1 -2.35389e-08
vn -1.35741e-15 -0.980785 -0.19509
vn -7.80056e-09 -0.986659 -0.162803
vn 0.851036 -0.502496 -0.15243
vn -3.00777e-07 0.195091 -0.980785
vn 1.56514e-08 -0.973856 0.227167
vn 0.851036 -0.522579 0.0514696
vn -2.25583e-07 -0.195091 -0.980785
vn 1.1379e-07 -0.881921 0.471397
vn 1.43171e-07 0.382682 0.92388
vn -0.851037 -0.463102 0.247533
vn 1.46752e-15 -0.980785 0.19509
vn 2.23509e-08 -0.973856 0.227167
vn -2.36321e-07 -0.195091 -0.980785
vn -0.851036 -0.522579 0.0514697
vn 2.83586e-07 -0.382683 0.92388
vn -0.851037 -0.502494 -0.15243
vn -9.3429e-08 -0.95694 -0.290285
vn 2.97353e-07 -0.382683 0.92388
vn -5.1422e-08 -0.95694 -0.290285
vn 0.851037 -0.502495 -0.152429
vn -1.00627e-08 -0.986659 -0.162803
vn -1.63344e-07 0.195095 -0.980784
vn -0.851036 -0.502496 -0.15243
vn -0.851036 -0.502496 -0.15243
vn -1.57834e-07 0.195095 -0.980784
vn -8.87216e-08 -0.95694 -0.290285
vn 1.08757e-15 -0.980785 -0.19509
vn -7.54706e-09 -0.999462 -0.032813
vn 2.40951e-07 -1.37068e-07 1
vn 0.851036 -0.522578 0.0514697
vn -4.67145e-08 -0.95694 -0.290285
vn -2.98128e-07 0.195091 -0.980785
vn 0.851036 -0.502497 -0.152431
vn -9.80922e-09 -0.999462 -0.0328129
vn -0.851036 -0.522579 0.0514695
vn 2.30002e-07 1.41233e-07 1
vn -2.2579e-07 -0.195091 -0.980785
vn 0.851036 -0.522579 0.0514695
vn 2.36603e-08 -0.995185 0.0980171
vn 0.851036 -0.522579 0.0514697
vn 2.4139e-07 -1.48225e-07 1
vn 2.36603e-08 -0.995185 0.0980171
vn 6.12323e-17 -1 0
vn -2.36752e-07 -0.195091 -0.980785
vn 2.36603e-08 -0.995185 0.0980171
vn -0.851036 -0.522579 0.0514697
vn 2.30213e-07 1.35868e-07 1
vn -0.851036 -0.522578 0.0514695
vt 0.976562 -0.992188
vt 0.976562 -0.992188
vt 0.976562 -0.992188
vt 0.0078125 -0.0234375
vt 0.0078125 -0.0234375
vt 0.0078125 -0.992188
vt 0.0078125 -0.992188
vt 0.0234375 -0.0078125
vt 0.0234375 -0.0078125
vt 0.0234375 -0.0078125
vt 0.0078125 0.0078125
vt 0.0078125 0.0078125
vt 0.0078125 0.0078125
vt 0.992188 0.992188
vt 0.992188 0.992188
vt 0.992188 0.992188
vt -0.0234375 0.0078125
vt -0.0234375 0.0078125
vt -0.0234375 0.0078125
vt -0.0078125 0.992188
vt -0.0078125 0.992188
vt -0.0078125 0.992188
vt -0.0078125 -0.0078125
vt -0.0078125 -0.0078125
vt 1.00781 -1.02344
vt 1.00781 -1.02344
vt 1.99219 -1.00781
vt 1.99219 -1.00781
vt 1.99219 -0.0078125
vt 1.99219 -0.0078125
vt 1.00781 0.0078125
vt 1.00781 0.0078125
vt 1.97656 1.00781
vt 1.97656 1.00781
vt 1.97656 1.00781
vt 1.99219 1.99219
vt 1.99219 1.99219
vt 1.99219 1.99219
vt 0.976562 1.00781
vt 0.976562 1.00781
vt 0.976562 1.00781
vt 0.0234375 1.99219
vt 0.0234375 1.99219
vt 0.0234375 1.99219
vt -0.0078125 1.02344
vt -0.0078125 1.02344
vt -1.99219 1.97656
vt -1.99219 1.97656
vt -1.99219 0.0078125
vt -1.99219 0.0078125
vt -1.00781 0.992188
vt -1.00781 0.992188
vt -1.00781 -0.0078125
vt -1.00781 -0.0078125
vt -1.00781 -1.00781
vt -1.00781 -1.00781
vt -1.00781 -1.00781
vt -0.992188 -1.02344
vt -0.992188 -1.02344
vt -0.992188 -1.02344
vt -0.0078125 -1.00781
vt 0.992188 -1.97656
vt 2.99219 -2.00781
vt 2.99219 -2.00781
vt 2.99219 -2.00781
vt 2.00781 -1.99219
vt 2.00781 -1.99219
vt 2.00781 -1.99219
vt 2.99219 -1.97656
vt 2.99219 -1.97656
vt 2.99219 -1.97656
vt 2.99219 0.992188
vt 2.00781 2.97656
vt 2.99219 2.99219
vt 2.99219 2.99219
vt 2.99219 2.99219
vt 1.00781 2.97656
vt 1.00781 2.97656
vt 1.00781 2.97656
vt 0.0078125 2.00781
vt 0.0234375 2.99219
vt 0.0234375 2.99219
vt 0.0234375 2.99219
vt -0.992188 2.00781
vt -0.992188 2.00781
vt -0.992188 2.00781
vt -0.0078125 2.99219
vt -0.0078125 2.99219
vt -0.0078125 2.99219
vt -1.00781 2.02344
vt -1.00781 2.02344
vt -2.99219 2.97656
vt -2.99219 2.97656
vt -2.99219 1.00781
vt -2.99219 1.00781
vt -2.99219 0.0078125
vt -2.99219 0.0078125
vt -2.00781 0.992188
vt -2.00781 0.992188
vt -2.00781 -0.0078125
vt -2.00781 -0.0078125
vt -2.97656 -1.00781
vt -2.97656 -1.00781
vt -2.97656 -1.00781
vt -2.99219 -2.02344
vt -2.99219 -2.02344
vt -2.99219 -2.02344
vt -1.00781 -2.97656
vt -1.00781 -2.97656
vt -1.00781 -2.97656
vt 0.0078125 -2.99219
vt 0.0078125 -2.99219
vt 0.0078125 -2.99219
vt 1.00781 -2.02344
vt 3.00781 -3.99219
vt 3.00781 -3.99219
vt 3.00781 -3.99219
vt 3.00781 -2.99219
vt 3.02344 -2.00781
vt 3.02344 -2.00781
vt 3.02344 -2.00781
vt 3.00781 -1.99219
vt 3.00781 -1.99219
vt 3.00781 -1.99219
vt 3.97656 -0.992188
vt 3.97656 -0.992188
vt 3.97656 -0.992188
vt 3.00781 0.976562
vt 3.00781 0.976562
vt 3.99219 0.0234375
vt 3.99219 0.0234375
vt 3.99219 1.99219
vt 3.99219 1.99219
vt 3.99219 2.99219
vt 3.99219 2.99219
vt 3.00781 3.00781
vt 3.00781 3.00781
vt 2.00781 3.00781
vt 2.00781 3.00781
vt 0.0078125 3.00781
vt 0.0078125 3.00781
vt 0.0078125 3.00781
vt 0.992188 3.99219
vt 0.992188 3.99219
vt 0.992188 3.99219
vt -0.992188 3.97656
vt -0.992188 3.97656
vt -0.992188 3.97656
vt -2.99219 3.97656
vt -2.00781 3.99219
vt -2.00781 3.99219
vt -2.00781 3.99219
vt -3.99219 3.97656
vt -3.99219 3.97656
vt -3.99219 3.97656
vt -3.99219 2.00781
vt -3.00781 2.99219
vt -3.00781 2.99219
vt -3.99219 1.00781
vt -3.99219 1.00781
vt -3.99219 0.0078125
vt -3.99219 0.0078125
vt -3.99219 -0.0234375
vt -3.99219 -0.0234375
vt -3.99219 -1.99219
vt -3.99219 -1.99219
vt -3.02344 -2.99219
vt -3.02344 -2.99219
vt -3.97656 -2.00781
vt -3.97656 -2.00781
vt -3.97656 -3.00781
vt -3.97656 -3.00781
vt -2.97656 -3.00781
vt -2.97656 -3.00781
vt -2.97656 -3.00781
vt -1.99219 -3.99219
vt -1.99219 -3.99219
vt -1.99219 -3.99219
vt -1.00781 -3.00781
vt -1.00781 -3.00781
vt -1.00781 -3.00781
vt -0.0078125 -3.97656
vt -0.0078125 -3.97656
vt 0.0078125 -3.02344
vt 0.0078125 -3.02344
vt 1.00781 -3.99219
vt 1.00781 -3.99219
vt 2.00781 -3.99219
vt 2.00781 -3.99219
vt 2.99219 -3.00781
vt 2.99219 -3.00781
vt 4.99219 -4.00781
vt 4.99219 -4.00781
vt 4.02344 -3.00781
vt 4.02344 -3.00781
vt 4.02344 -3.00781
vt 4.00781 -2.02344
vt 4.00781 -2.02344
vt 4.00781 -2.02344
vt 4.99219 -1.97656
vt 4.99219 -1.97656
vt 4.99219 -1.97656
vt 4.00781 0.0078125
vt 4.00781 0.0078125
vt 4.00781 0.0078125
vt 4.00781 1.97656
vt 4.00781 2.00781
vt 4.00781 2.00781
vt 4.00781 2.00781
vt 4.00781 3.00781
vt 4.02344 3.99219
vt 4.02344 3.99219
vt 4.99219 4.99219
vt 4.99219 4.99219
vt 3.00781 4.97656
vt 3.00781 4.97656
vt 1.97656 4.00781
vt 1.97656 4.00781
vt 0.0078125 4.97656
vt 0.0078125 4.97656
vt -0.992188 4.00781
vt -0.992188 4.00781
vt -0.0078125 4.99219
vt -0.0078125 4.99219
vt -2.99219 4.00781
vt -2.99219 4.00781
vt -4.02344 4.00781
vt -4.02344 4.00781
vt -4.99219 3.97656
vt -4.99219 3.97656
vt -4.97656 3.99219
vt -4.97656 3.99219
vt -4.02344 2.00781
vt -4.02344 2.00781
vt -4.97656 2.99219
vt -4.97656 2.99219
vt -4.00781 1.02344
vt -4.00781 1.02344
vt -4.00781 0.0234375
vt -4.00781 0.0234375
vt -4.99219 -0.0234375
vt -4.99219 -0.0234375
vt -4.00781 -0.0078125
vt -4.00781 -0.0078125
vt -4.99219 -1.99219
vt -4.99219 -1.99219
vt -4.97656 -1.00781
vt -4.97656 -1.00781
vt -4.99219 -2.99219
vt -4.99219 -2.99219
vt -4.00781 -2.00781
vt -4.00781 -2.00781
vt -4.00781 -4.97656
vt -4.00781 -4.97656
vt -3.99219 -4.02344
vt -3.99219 -4.02344
vt -2.99219 -4.02344
vt -2.99219 -4.02344
vt -2.00781 -4.00781
vt -2.00781 -4.00781
vt -1.99219 -4.02344
vt -1.99219 -4.02344
vt -1.00781 -4.97656
vt -1.00781 -4.97656
vt -0.0078125 -4.97656
vt -0.0078125 -4.97656
vt 0.0078125 -4.02344
vt 0.0078125 -4.02344
vt 0.992188 -4.00781
vt 0.992188 -4.00781
vt 1.00781 -4.02344
vt 1.00781 -4.02344
vt 1.99219 -4.97656
vt 1.99219 -4.97656
vt 2.97656 -4.99219
vt 2.97656 -4.99219
vt 3.97656 -4.99219
vt 3.97656 -4.99219
vt 3.97656 -4.99219
vt 3.99219 -4.00781
vt 3.99219 -4.00781
vt 3.99219 -4.00781
vt 5.02344 -5.00781
vt 5.02344 -5.00781
vt 5.02344 -5.00781
vt 5.99219 -4.97656
vt 5.99219 -4.97656
vt 5.00781 -3.02344
vt 5.00781 -3.02344
vt 5.00781 -2.02344
vt 5.00781 -2.02344
vt 5.00781 -1.99219
vt 5.00781 -1.99219
vt 5.99219 -1.00781
vt 5.99219 -1.00781
vt 5.00781 1.00781
vt 5.00781 1.00781
vt 5.00781 1.00781
vt 5.99219 1.99219
vt 5.99219 1.99219
vt 5.99219 1.99219
vt 5.00781 2.97656
vt 5.00781 2.97656
vt 5.00781 2.97656
vt 5.00781 4.97656
vt 5.99219 4.99219
vt 5.99219 4.99219
vt 5.99219 4.99219
vt 5.00781 5.97656
vt 5.00781 5.97656
vt 5.00781 5.97656
vt 4.00781 5.00781
vt 2.97656 5.00781
vt 2.97656 5.00781
vt 0.0234375 5.99219
vt 0.0234375 5.99219
vt -0.976562 5.99219
vt -0.976562 5.99219
vt -2.97656 5.99219
vt -2.97656 5.99219
vt -2.97656 5.99219
vt -3.99219 5.00781
vt -3.99219 5.00781
vt -3.99219 5.00781
vt -3.00781 5.99219
vt -3.00781 5.99219
vt -3.00781 5.99219
vt -4.00781 5.02344
vt -4.00781 5.02344
vt -5.99219 5.97656
vt -5.99219 5.97656
vt -5.99219 4.97656
vt -5.99219 4.97656
vt -5.99219 3.00781
vt -5.99219 3.00781
vt -5.02344 2.00781
vt -5.02344 2.00781
vt -5.02344 2.00781
vt -5.00781 2.02344
vt -5.00781 2.02344
vt -5.00781 2.02344
vt -5.99219 0.976562
vt -5.99219 0.976562
vt -5.99219 0.976562
vt -5.00781 -0.0078125
vt -5.00781 -0.0078125
vt -5.00781 -0.0078125
vt -5.00781 -1.97656
vt -5.00781 -2.00781
vt -5.00781 -2.00781
vt -5.00781 -2.00781
vt -5.00781 -3.00781
vt -5.99219 -4.02344
vt -5.99219 -4.02344
vt -5.02344 -5.99219
vt -5.02344 -5.99219
vt -4.97656 -5.00781
vt -4.97656 -5.00781
vt -2.02344 -5.99219
vt -2.02344 -5.99219
vt -2.02344 -5.99219
vt -2.00781 -5.00781
vt -2.00781 -5.00781
vt -2.00781 -5.00781
vt -1.97656 -5.00781
vt -1.97656 -5.00781
vt -1.97656 -5.00781
vt -0.0078125 -5.97656
vt -0.0078125 -5.97656
vt 0.0078125 -5.02344
vt 0.0078125 -5.02344
vt 1.00781 -5.02344
vt 1.00781 -5.02344
vt 2.00781 -5.99219
vt 2.00781 -5.99219
vt 4.00781 -5.99219
vt 4.00781 -5.99219
vt 4.00781 -5.99219
vt 4.99219 -5.00781
vt 4.99219 -5.00781
vt 4.99219 -5.00781
vt 6.00781 -6.02344
vt 6.00781 -6.02344
vt 6.00781 -6.02344
vt 6.00781 -4.02344
vt 6.99219 -4.00781
vt 6.99219 -4.00781
vt 6.99219 -4.00781
vt 6.00781 -3.02344
vt 6.00781 -3.02344
vt 6.00781 -3.02344
vt 6.00781 -2.99219
vt 6.99219 -2.97656
vt 6.99219 -2.97656
vt 6.02344 -1.00781
vt 6.02344 -1.00781
vt 6.02344 0.992188
vt 6.02344 0.992188
vt 6.99219 1.02344
vt 6.99219 1.02344
vt 6.99219 2.02344
vt 6.99219 2.02344
vt 6.99219 3.02344
vt 6.99219 3.02344
vt 6.00781 4.00781
vt 6.00781 4.00781
vt 6.99219 4.99219
vt 6.99219 4.99219
vt 6.97656 5.00781
vt 6.97656 5.00781
vt 6.00781 6.97656
vt 6.00781 6.97656
vt 6.99219 6.02344
vt 6.99219 6.02344
vt 5.00781 6.00781
vt 5.00781 6.00781
vt 5.99219 6.99219
vt 5.99219 6.99219
vt 4.97656 6.00781
vt 4.97656 6.00781
vt 3.99219 6.02344
vt 3.99219 6.02344
vt 2.02344 6.99219
vt 2.02344 6.99219
vt 2.02344 6.99219
vt 1.00781 6.00781
vt 1.00781 6.00781
vt 1.00781 6.00781
vt 1.99219 6.99219
vt 1.99219 6.99219
vt 1.99219 6.99219
vt 0.992188 6.02344
vt 0.992188 6.02344
vt -0.992188 6.97656
vt -0.992188 6.97656
vt -1.99219 6.97656
vt -1.99219 6.97656
vt -2.99219 6.00781
vt -2.99219 6.00781
vt -3.02344 6.00781
vt -3.02344 6.00781
vt -3.02344 6.00781
vt -3.00781 6.02344
vt -3.00781 6.02344
vt -3.00781 6.02344
vt -5.99219 6.97656
vt -5.99219 6.97656
vt -5.99219 6.97656
vt -6.00781 6.99219
vt -6.00781 6.99219
vt -6.00781 6.99219
vt -6.00781 5.02344
vt -6.00781 4.99219
vt -6.00781 4.99219
vt -6.00781 4.99219
vt -6.00781 3.99219
vt -6.02344 1.00781
vt -6.02344 1.00781
vt -6.97656 0.992188
vt -6.97656 0.992188
vt -6.99219 -1.02344
vt -6.99219 -1.02344
vt -6.00781 -1.97656
vt -6.00781 -1.97656
vt -6.97656 -2.00781
vt -6.97656 -2.00781
vt -6.97656 -2.00781
vt -6.99219 -3.99219
vt -6.99219 -3.99219
vt -6.99219 -3.99219
vt -6.02344 -4.99219
vt -6.02344 -4.99219
vt -6.02344 -4.99219
vt -6.99219 -5.02344
vt -6.99219 -5.02344
vt -5.97656 -6.00781
vt -5.97656 -6.00781
vt -4.97656 -6.00781
vt -4.97656 -6.00781
vt -3.97656 -6.00781
vt -3.97656 -6.00781
vt -0.992188 -6.99219
vt -0.992188 -6.99219
vt -0.992188 -6.99219
vt -0.0078125 -6.00781
vt -0.0078125 -6.00781
vt -0.0078125 -6.00781
vt 0.0078125 -6.02344
vt 0.0078125 -6.02344
vt 0.0078125 -6.02344
vt 2.00781 -6.02344
vt 2.99219 -6.00781
vt 2.99219 -6.00781
vt 2.99219 -6.00781
vt 3.97656 -6.99219
vt 3.97656 -6.99219
vt 3.97656 -6.99219
vt 4.00781 -6.99219
vt 4.02344 -6.00781
vt 4.02344 -6.00781
vt 5.99219 -6.97656
vt 5.99219 -6.97656
vt 7.02344 -7.00781
vt 7.02344 -7.00781
vt 7.99219 -6.97656
vt 7.99219 -6.97656
vt 7.02344 -5.00781
vt 7.02344 -5.00781
vt 7.99219 -4.97656
vt 7.99219 -4.97656
vt 7.99219 -2.00781
vt 7.99219 -2.00781
vt 7.99219 -2.00781
vt 7.99219 -0.0078125
vt 7.99219 -0.0078125
vt 7.99219 -0.0078125
vt 7.00781 0.976562
vt 7.99219 0.992188
vt 7.99219 0.992188
vt 7.99219 0.992188
vt 7.02344 1.99219
vt 7.02344 1.99219
vt 7.02344 1.99219
vt 7.00781 2.00781
vt 7.00781 2.00781
vt 7.00781 2.00781
vt 7.99219 2.99219
vt 7.99219 2.99219
vt 7.99219 2.99219
vt 7.99219 3.02344
vt 7.99219 3.02344
vt 7.02344 4.99219
vt 7.02344 4.99219
vt 7.02344 4.99219
vt 7.00781 5.97656
vt 7.00781 5.97656
vt 7.00781 5.97656
vt 7.99219 6.99219
vt 7.99219 7.99219
vt 7.99219 7.99219
vt 6.99219 7.02344
vt 6.99219 7.02344
vt 5.97656 7.00781
vt 5.97656 7.00781
vt 4.99219 7.02344
vt 4.99219 7.02344
vt 3.00781 7.97656
vt 3.00781 7.97656
vt 2.00781 7.00781
vt 2.00781 7.00781
vt 2.99219 7.02344
vt 2.99219 7.02344
vt 1.00781 7.97656
vt 1.00781 7.97656
vt 0.0234375 7.99219
vt 0.0234375 7.99219
vt -0.0078125 7.02344
vt -0.0078125 7.02344
vt -1.97656 7.99219
vt -1.97656 7.99219
vt -2.00781 7.02344
vt -2.00781 7.02344
vt -4.00781 7.02344
vt -4.00781 7.02344
vt -4.00781 7.02344
vt -6.97656 7.99219
vt -6.97656 7.99219
vt -6.97656 7.99219
vt -7.02344 7.00781
vt -7.02344 7.00781
vt -7.02344 7.00781
vt -7.99219 6.97656
vt -7.99219 6.97656
vt -7.99219 5.00781
vt -7.99219 5.00781
vt -7.99219 5.00781
vt -7.00781 5.99219
vt -7.00781 5.99219
vt -7.00781 5.99219
vt -7.99219 4.97656
vt -7.99219 4.97656
vt -7.99219 4.97656
vt -7.00781 3.02344
vt -7.99219 2.00781
vt -7.99219 2.00781
vt -7.99219 2.00781
vt -7.97656 2.99219
vt -7.97656 2.99219
vt -7.97656 2.99219
vt -7.00781 1.99219
vt -7.02344 0.0078125
vt -7.02344 0.0078125
vt -7.02344 -1.99219
vt -7.02344 -1.99219
vt -7.99219 -2.02344
vt -7.99219 -2.02344
vt -7.02344 -3.99219
vt -7.02344 -3.99219
vt -7.99219 -4.02344
vt -7.99219 -4.02344
vt -7.99219 -6.99219
vt -7.99219 -6.99219
vt -7.99219 -6.99219
vt -6.99219 -7.99219
vt -6.99219 -7.99219
vt -6.99219 -7.99219
vt -6.00781 -7.97656
vt -5.99219 -7.99219
vt -5.99219 -7.99219
vt -5.99219 -7.99219
vt -4.97656 -7.00781
vt -4.97656 -7.00781
vt -3.97656 -7.00781
vt -3.97656 -7.00781
vt -3.97656 -7.00781
vt -2.99219 -7.99219
vt -2.99219 -7.99219
vt -2.99219 -7.99219
vt -2.00781 -7.00781
vt -2.00781 -7.00781
vt -2.00781 -7.00781
vt -1.00781 -7.97656
vt -1.00781 -7.97656
vt -0.976562 -7.00781
vt -0.976562 -7.00781
vt -0.976562 -7.00781
vt 0.0078125 -7.02344
vt 0.0078125 -7.02344
vt 0.0078125 -7.02344
vt 1.99219 -7.00781
vt 2.02344 -7.00781
vt 2.02344 -7.00781
vt 3.99219 -7.97656
vt 3.99219 -7.97656
vt 4.02344 -7.00781
vt 4.02344 -7.00781
vt 5.99219 -7.97656
vt 5.99219 -7.97656
vt 8.97656 -8.99219
vt 8.97656 -8.99219
vt 8.00781 -7.02344
vt 8.00781 -7.02344
vt 8.97656 -6.99219
vt 8.97656 -6.99219
vt 8.99219 -5.97656
vt 8.99219 -5.97656
vt 8.99219 -5.97656
vt 8.02344 -3.00781
vt 8.02344 -3.00781
vt 8.02344 -3.00781
vt 8.97656 -2.99219
vt 8.97656 -2.99219
vt 8.97656 -2.99219
vt 8.00781 -1.02344
vt 8.00781 -1.02344
vt 8.97656 -0.992188
vt 8.97656 -0.992188
vt 8.00781 0.976562
vt 8.00781 0.976562
vt 8.00781 1.97656
vt 8.00781 1.97656
vt 8.00781 2.00781
vt 8.00781 2.00781
vt 8.00781 2.00781
vt 8.00781 3.00781
vt 8.00781 3.00781
vt 8.00781 3.00781
vt 8.99219 3.02344
vt 8.99219 3.02344
vt 8.99219 3.02344
vt 8.00781 5.97656
vt 8.99219 5.99219
vt 8.99219 5.99219
vt 8.99219 5.99219
vt 8.97656 6.00781
vt 8.97656 6.00781
vt 8.97656 6.00781
vt 8.00781 7.00781
vt 8.00781 8.00781
vt 8.00781 8.00781
vt 7.02344 8.99219
vt 7.02344 8.99219
vt 5.97656 8.00781
vt 5.97656 8.00781
vt 3.97656 8.00781
vt 3.97656 8.00781
vt 2.99219 8.02344
vt 2.99219 8.02344
vt 1.02344 8.99219
vt 1.02344 8.99219
vt 1.02344 8.99219
vt 0.992188 8.99219
vt 0.992188 8.99219
vt 0.992188 8.99219
vt -1.99219 8.00781
vt -1.99219 8.00781
vt -1.99219 8.00781
vt -3.00781 8.02344
vt -4.99219 8.00781
vt -4.99219 8.00781
vt -4.99219 8.00781
vt -5.00781 8.99219
vt -5.00781 8.99219
vt -5.00781 8.99219
vt -6.99219 8.00781
vt -6.99219 8.00781
vt -6.99219 8.00781
vt -7.02344 8.00781
vt -7.02344 8.00781
vt -7.02344 8.00781
vt -7.00781 8.02344
vt -7.00781 8.02344
vt -7.00781 8.02344
vt -8.00781 8.99219
vt -8.02344 7.00781
vt -8.02344 7.00781
vt -8.02344 7.00781
vt -8.99219 5.97656
vt -8.99219 5.97656
vt -8.99219 5.97656
vt -8.02344 3.00781
vt -8.02344 3.00781
vt -8.02344 3.00781
vt -8.99219 2.00781
vt -8.99219 2.00781
vt -8.99219 2.00781
vt -8.00781 2.02344
vt -8.00781 2.02344
vt -8.00781 2.02344
vt -8.99219 0.976562
vt -8.00781 0.992188
vt -8.00781 0.992188
vt -8.00781 0.992188
vt -8.99219 -2.99219
vt -8.99219 -2.99219
vt -8.99219 -2.99219
f 343/731/626 344/734/629 345/736/631
f 346/738/632 344/734/629 343/731/626
f 343/731/626 345/736/631 347/741/635
f 346/739/633 343/733/628 348/744/638
f 349/747/641 343/731/626 347/741/635
f 343/732/627 349/749/643 350/750/644
f 343/732/627 350/750/644 348/745/639
f 345/737/630 344/735/630 351/753/647
f 346/738/632 352/755/649 344/734/629
f 344/735/630 352/756/650 353/757/650
f 344/735/630 353/757/650 351/753/647
f 345/737/630 351/753/647 354/759/650
f 347/741/635 345/736/631 355/761/653
f 355/762/654 345/737/630 354/759/650
f 356/763/655 352/755/649 346/738/632
f 346/739/633 348/744/638 357/766/658
f 358/769/661 346/740/634 357/768/660
f 359/772/664 346/738/632 358/771/663
f 359/772/664 356/763/655 346/738/632
f 352/756/650 360/775/667 353/757/650
f 356/763/655 361/777/669 352/755/649
f 352/756/650 361/778/670 360/775/667
f 351/754/648 353/758/651 362/779/671
f 353/758/651 360/776/668 363/781/672
f 353/758/651 363/781/672 362/779/671
f 354/760/652 351/754/648 364/783/674
f 351/754/648 362/779/671 364/783/674
f 349/747/641 347/741/635 365/785/675
f 349/748/642 366/788/678 350/751/645
f 358/771/663 349/747/641 367/791/681
f 349/748/642 358/770/662 366/788/678
f 349/747/641 368/792/682 367/791/681
f 349/747/641 365/785/675 368/792/682
f 365/786/676 347/743/637 369/793/683
f 347/741/635 355/761/653 370/796/686
f 347/742/636 371/799/689 369/794/684
f 347/742/636 370/798/688 371/799/689
f 366/790/680 348/746/640 350/752/646
f 366/790/680 357/767/659 348/746/640
f 358/771/663 367/791/681 372/802/692
f 358/769/661 357/768/660 366/789/679
f 359/772/664 358/771/663 372/802/692
f 365/785/675 373/803/693 368/792/682
f 365/786/676 369/793/683 374/804/694
f 365/785/675 375/807/697 373/803/693
f 375/808/698 365/787/677 374/806/696
f 359/772/664 372/802/692 376/810/700
f 377/811/701 361/777/669 356/763/655
f 356/764/656 359/774/666 378/814/704
f 377/812/702 356/765/657 379/817/707
f 356/764/656 378/814/704 379/818/708
f 361/778/670 380/820/710 360/775/667
f 377/811/701 381/822/712 361/777/669
f 361/778/670 381/823/713 380/820/710
f 360/776/668 380/821/711 382/824/714
f 360/776/668 382/824/714 363/781/672
f 355/762/654 354/759/650 383/826/713
f 370/796/686 355/761/653 384/828/716
f 384/829/717 355/762/654 383/826/713
f 383/827/715 354/760/652 385/830/718
f 354/760/652 364/783/674 385/830/718
f 386/832/720 359/772/664 376/810/700
f 359/773/665 387/835/723 378/815/705
f 359/773/665 386/834/722 387/835/723
f 374/805/695 369/795/685 371/801/691
f 370/797/687 388/838/726 371/800/690
f 374/805/695 371/801/691 388/840/728
f 370/797/687 375/809/699 388/838/726
f 375/807/697 370/796/686 389/841/729
f 370/796/686 384/828/716 389/841/729
f 375/807/697 390/844/732 373/803/693
f 375/808/698 374/806/696 388/839/727
f 375/807/697 389/841/729 391/845/733
f 375/807/697 391/845/733 390/844/732
f 386/832/720 376/810/700 392/848/736
f 393/849/737 381/822/712 377/811/701
f 377/812/702 379/817/707 394/852/740
f 386/833/721 377/813/703 394/854/742
f 395/855/743 377/811/701 386/832/720
f 395/855/743 393/849/737 377/811/701
f 381/823/713 396/858/746 380/820/710
f 393/849/737 397/860/748 381/822/712
f 381/823/713 397/861/749 396/858/746
f 380/821/711 396/859/747 398/862/750
f 380/821/711 398/862/750 382/824/714
f 384/829/717 383/826/713 399/864/751
f 389/841/729 384/828/716 400/866/753
f 400/867/754 384/829/717 399/864/751
f 383/827/715 385/830/718 401/868/755
f 399/865/752 383/827/715 401/868/755
f 387/837/725 379/819/709 378/816/706
f 387/837/725 394/853/741 379/819/709
f 391/846/734 389/843/731 402/870/757
f 389/841/729 400/866/753 403/873/760
f 389/842/730 404/876/763 402/871/758
f 389/842/730 403/875/762 404/876/763
f 386/833/721 394/854/742 387/836/724
f 395/855/743 386/832/720 392/848/736
f 391/845/733 405/879/766 390/844/732
f 391/846/734 402/870/757 406/880/767
f 391/845/733 407/883/770 405/879/766
f 407/884/771 391/847/735 406/882/769
f 395/855/743 392/848/736 408/886/773
f 364/784/673 362/780/670 409/887/774
f 362/780/670 363/782/673 410/889/774
f 362/780/670 410/889/774 409/887/774
f 385/831/719 364/784/673 411/891/777
f 364/784/673 409/887/774 411/891/777
f 363/782/673 412/893/777 410/889/774
f 363/782/673 382/825/713 412/893/777
f 385/831/719 411/891/777 413/895/780
f 401/869/756 385/831/719 413/895/780
f 414/897/782 411/892/778 409/888/775
f 415/899/784 409/888/775 410/890/776
f 415/899/784 414/897/782 409/888/775
f 416/901/785 413/896/781 411/892/778
f 414/897/782 416/901/785 411/892/778
f 417/903/787 397/860/748 393/849/737
f 393/850/738 395/857/745 418/906/790
f 417/904/788 393/851/739 419/909/793
f 393/850/738 418/906/790 419/910/794
f 397/861/749 420/912/796 396/858/746
f 417/903/787 421/914/798 397/860/748
f 397/861/749 421/915/799 420/912/796
f 396/859/747 420/913/797 422/916/800
f 396/859/747 422/916/800 398/862/750
f 400/867/754 399/864/751 423/918/801
f 403/873/760 400/866/753 424/920/803
f 424/921/804 400/867/754 423/918/801
f 399/865/752 401/868/755 425/922/805
f 423/919/802 399/865/752 425/922/805
f 426/924/807 395/855/743 408/886/773
f 395/856/744 427/927/810 418/907/791
f 395/856/744 426/926/809 427/927/810
f 406/881/768 402/872/759 404/878/765
f 403/874/761 428/930/813 404/877/764
f 406/881/768 404/878/765 428/932/815
f 403/874/761 407/885/772 428/930/813
f 407/883/770 403/873/760 429/933/816
f 403/873/760 424/920/803 429/933/816
f 407/883/770 430/936/819 405/879/766
f 407/884/771 406/882/769 428/931/814
f 407/883/770 429/933/816 431/937/820
f 407/883/770 431/937/820 430/936/819
f 426/924/807 408/886/773 432/940/823
f 433/941/824 415/899/784 410/890/776
f 433/941/824 410/890/776 412/894/779
f 401/869/756 413/895/780 434/943/825
f 416/901/785 435/945/827 413/896/781
f 435/945/827 434/944/826 413/896/781
f 425/923/806 401/869/756 434/943/825
f 416/902/786 414/898/783 415/900/783
f 436/947/828 416/902/786 415/900/783
f 436/947/828 435/946/828 416/902/786
f 382/825/713 437/949/828 412/893/777
f 382/825/713 398/863/749 437/949/828
f 436/947/828 415/900/783 438/951/831
f 415/900/783 433/942/825 439/953/831
f 415/900/783 439/953/831 438/951/831
f 435/945/827 436/948/829 434/944/826
f 425/923/806 434/943/825 440/955/834
f 436/948/829 440/956/835 434/944/826
f 439/954/833 433/941/824 412/894/779
f 439/954/833 412/894/779 437/950/830
f 441/957/834 425/923/806 440/955/834
f 423/919/802 425/922/805 441/958/836
f 436/948/829 442/959/837 440/956/835
f 443/961/838 436/947/828 438/951/831
f 444/963/838 442/960/838 436/947/828
f 445/965/841 444/963/838 436/947/828
f 443/961/838 445/965/841 436/947/828
f 442/959/837 446/967/843 440/956/835
f 441/957/834 440/955/834 446/968/844
f 439/953/831 447/969/844 438/951/831
f 438/951/831 448/971/844 443/961/838
f 438/952/832 447/970/845 449/973/847
f 438/952/832 449/973/847 450/975/849
f 451/977/850 438/952/832 450/975/849
f 438/951/831 451/978/851 452/979/851
f 438/951/831 452/979/851 453/981/851
f 438/951/831 453/981/851 448/971/844
f 447/970/845 439/954/833 437/950/830
f 442/959/837 444/964/840 446/967/843
f 445/965/841 454/983/854 444/963/838
f 444/964/840 455/985/856 446/967/843
f 444/964/840 454/984/855 455/985/856
f 443/961/838 456/987/857 445/965/841
f 454/984/855 445/966/842 457/989/859
f 445/966/842 458/991/861 457/989/859
f 445/966/842 459/993/862 458/991/861
f 456/987/857 459/994/863 445/965/841
f 448/971/844 460/995/863 443/961/838
f 443/961/838 461/997/863 456/987/857
f 461/998/865 443/962/839 462/999/866
f 443/962/839 463/1001/868 462/999/866
f 443/962/839 464/1003/869 463/1001/868
f 465/1005/870 464/1004/870 443/961/838
f 460/995/863 465/1005/870 443/961/838
f 466/1007/872 421/914/798 417/903/787
f 417/904/788 419/909/793 467/1010/875
f 426/925/808 417/905/789 467/1012/877
f 468/1013/878 417/903/787 426/924/807
f 468/1013/878 466/1007/872 417/903/787
f 421/915/799 469/1016/881 420/912/796
f 420/913/797 470/1018/883 422/916/800
f 420/913/797 469/1017/882 470/1018/883
f 466/1007/872 471/1020/885 421/914/798
f 421/915/799 471/1021/884 469/1016/881
f 424/921/804 423/918/801 472/1022/886
f 429/933/816 424/920/803 473/1024/888
f 473/1025/889 424/921/804 472/1022/886
f 472/1023/887 423/919/802 441/958/836
f 427/929/812 419/911/795 418/908/792
f 427/929/812 467/1011/876 419/911/795
f 431/938/821 429/935/818 474/1026/890
f 429/933/816 473/1024/888 475/1029/893
f 429/934/817 476/1032/896 474/1027/891
f 429/934/817 475/1031/895 476/1032/896
f 426/925/808 467/1012/877 427/928/811
f 468/1013/878 426/924/807 432/940/823
f 431/937/820 477/1035/899 430/936/819
f 431/938/821 474/1026/890 478/1036/900
f 431/937/820 479/1039/903 477/1035/899
f 479/1040/904 431/939/822 478/1038/902
f 468/1013/878 432/940/823 480/1042/906
f 398/863/749 449/974/848 437/949/828
f 398/863/749 422/917/799 449/974/848
f 447/970/845 437/950/830 449/973/847
f 481/1043/907 441/957/834 446/968/844
f 472/1023/887 441/958/836 481/1044/908
f 481/1043/907 446/968/844 455/986/857
f 422/917/799 450/976/848 449/974/848
f 422/917/799 470/1019/884 450/976/848
f 482/1045/909 472/1023/887 481/1044/908
f 473/1025/889 472/1022/886 482/1046/910
f 483/1047/911 481/1043/907 455/986/857
f 482/1045/909 481/1044/908 483/1048/912
f 454/984/855 457/989/859 455/985/856
f 483/1047/911 455/986/857 457/990/860
f 484/1049/913 471/1020/885 466/1007/872
f 466/1008/873 468/1015/880 485/1052/916
f 484/1050/914 466/1009/874 486/1055/919
f 466/1008/873 485/1052/916 486/1056/920
f 471/1021/884 487/1058/922 469/1016/881
f 469/1017/882 488/1060/924 470/1018/883
f 469/1017/882 487/1059/923 488/1060/924
f 484/1049/913 489/1062/926 471/1020/885
f 471/1021/884 489/1063/925 487/1058/922
f 475/1029/893 473/1024/888 490/1064/927
f 490/1065/928 473/1025/889 482/1046/910
f 491/1066/929 468/1013/878 480/1042/906
f 468/1014/879 492/1069/932 485/1053/917
f 468/1014/879 491/1068/931 492/1069/932
f 478/1037/901 474/1028/892 476/1034/898
f 475/1030/894 493/1072/935 476/1033/897
f 478/1037/901 476/1034/898 493/1074/937
f 475/1030/894 479/1041/905 493/1072/935
f 479/1039/903 475/1029/893 494/1075/938
f 475/1029/893 490/1064/927 494/1075/938
f 479/1039/903 495/1078/941 477/1035/899
f 479/1040/904 478/1038/902 493/1073/936
f 479/1039/903 494/1075/938 496/1079/942
f 479/1039/903 496/1079/942 495/1078/941
f 491/1066/929 480/1042/906 497/1082/945
f 470/1019/884 498/1083/946 450/976/848
f 470/1019/884 488/1061/925 498/1083/946
f 499/1085/948 482/1045/909 483/1048/912
f 490/1065/928 482/1046/910 499/1086/949
f 451/977/850 450/975/849 498/1084/947
f 500/1087/950 483/1047/911 457/990/860
f 499/1085/948 483/1048/912 500/1088/951
f 500/1087/950 457/990/860 458/992/860
f 501/1089/952 489/1062/926 484/1049/913
f 484/1050/914 486/1055/919 502/1092/955
f 491/1067/930 484/1051/915 502/1094/957
f 503/1095/958 484/1049/913 491/1066/929
f 503/1095/958 501/1089/952 484/1049/913
f 489/1063/925 504/1098/961 487/1058/922
f 487/1059/923 505/1100/963 488/1060/924
f 487/1059/923 504/1099/962 505/1100/963
f 501/1089/952 506/1102/965 489/1062/926
f 489/1063/925 506/1103/964 504/1098/961
f 494/1075/938 490/1064/927 507/1104/966
f 507/1105/967 490/1065/928 499/1086/949
f 492/1071/934 486/1057/921 485/1054/918
f 492/1071/934 502/1093/956 486/1057/921
f 496/1080/943 494/1077/940 508/1106/968
f 494/1075/938 507/1104/966 509/1109/971
f 494/1076/939 510/1112/974 508/1107/969
f 494/1076/939 509/1111/973 510/1112/974
f 491/1067/930 502/1094/957 492/1070/933
f 503/1095/958 491/1066/929 497/1082/945
f 496/1079/942 511/1115/977 495/1078/941
f 496/1080/943 508/1106/968 512/1116/978
f 496/1079/942 513/1119/981 511/1115/977
f 513/1120/982 496/1081/944 512/1118/980
f 503/1095/958 497/1082/945 514/1122/984
f 488/1061/925 515/1123/985 498/1083/946
f 488/1061/925 505/1101/964 515/1123/985
f 516/1125/987 499/1085/948 500/1088/951
f 507/1105/967 499/1086/949 516/1126/988
f 452/980/852 451/977/850 498/1084/947
f 452/980/852 498/1084/947 515/1124/986
f 517/1127/989 500/1087/950 458/992/860
f 516/1125/987 500/1088/951 517/1128/990
f 459/993/862 518/1129/991 458/991/861
f 517/1127/989 458/992/860 518/1130/992
f 452/979/851 519/1131/992 453/981/851
f 519/1132/993 452/980/852 515/1124/986
f 453/981/851 520/1133/992 448/971/844
f 453/982/853 519/1132/993 521/1135/995
f 453/982/853 521/1135/995 522/1137/997
f 523/1139/998 453/982/853 522/1137/997
f 453/981/851 523/1140/999 520/1133/992
f 520/1133/992 524/1141/999 448/971/844
f 448/971/844 525/1143/999 460/995/863
f 448/972/846 524/1142/1000 526/1145/1002
f 448/972/846 526/1145/1002 527/1147/1004
f 528/1149/1005 448/972/846 527/1147/1004
f 448/971/844 528/1150/1006 525/1143/999
f 459/993/862 456/988/858 518/1129/991
f 456/988/858 529/1151/1007 518/1129/991
f 456/988/858 461/998/865 529/1151/1007
f 530/1153/1008 506/1102/965 501/1089/952
f 501/1090/953 503/1097/960 531/1156/1011
f 530/1154/1009 501/1091/954 532/1159/1014
f 501/1090/953 531/1156/1011 532/1160/1015
f 506/1103/964 533/1162/1017 504/1098/961
f 504/1099/962 534/1164/1019 505/1100/963
f 504/1099/962 533/1163/1018 534/1164/1019
f 506/1103/964 535/1166/1020 533/1162/1017
f 530/1153/1008 535/1167/1021 506/1102/965
f 509/1109/971 507/1104/966 536/1168/1022
f 536/1169/1023 507/1105/967 516/1126/988
f 537/1170/1024 503/1095/958 514/1122/984
f 503/1096/959 538/1173/1027 531/1157/1012
f 503/1096/959 537/1172/1026 538/1173/1027
f 512/1117/979 508/1108/970 510/1114/976
f 509/1110/972 539/1176/1030 510/1113/975
f 512/1117/979 510/1114/976 539/1178/1032
f 509/1110/972 513/1121/983 539/1176/1030
f 513/1119/981 509/1109/971 540/1179/1033
f 509/1109/971 536/1168/1022 540/1179/1033
f 513/1119/981 541/1182/1036 511/1115/977
f 513/1120/982 512/1118/980 539/1177/1031
f 513/1119/981 540/1179/1033 542/1183/1037
f 513/1119/981 542/1183/1037 541/1182/1036
f 537/1170/1024 514/1122/984 543/1186/1040
f 505/1101/964 521/1136/996 515/1123/985
f 505/1101/964 534/1165/1020 521/1136/996
f 544/1187/1041 516/1125/987 517/1128/990
f 536/1169/1023 516/1126/988 544/1188/1042
f 519/1132/993 515/1124/986 521/1135/995
f 545/1189/1043 517/1127/989 518/1130/992
f 544/1187/1041 517/1128/990 545/1190/1044
f 545/1189/1043 518/1130/992 529/1152/1006
f 535/1166/1020 546/1191/1043 533/1162/1017
f 533/1163/1018 547/1193/1046 534/1164/1019
f 533/1163/1018 546/1192/1045 547/1193/1046
f 548/1195/1048 535/1167/1021 530/1153/1008
f 530/1154/1009 532/1159/1014 549/1198/1051
f 537/1171/1025 530/1155/1010 549/1200/1053
f 550/1201/1054 530/1153/1008 537/1170/1024
f 550/1201/1054 548/1195/1048 530/1153/1008
f 535/1166/1020 551/1204/1057 546/1191/1043
f 548/1195/1048 551/1205/1058 535/1167/1021
f 534/1165/1020 522/1138/996 521/1136/996
f 534/1165/1020 547/1194/1047 522/1138/996
f 461/998/865 462/999/866 529/1151/1007
f 552/1206/1057 545/1189/1043 529/1152/1006
f 552/1206/1057 529/1152/1006 462/1000/867
f 553/1208/1060 536/1169/1023 544/1188/1042
f 540/1179/1033 536/1168/1022 553/1209/1061
f 554/1210/1062 544/1187/1041 545/1190/1044
f 553/1208/1060 544/1188/1042 554/1211/1063
f 554/1210/1062 545/1190/1044 552/1207/1059
f 538/1175/1029 532/1161/1016 531/1158/1013
f 538/1175/1029 549/1199/1052 532/1161/1016
f 542/1184/1038 540/1181/1035 555/1212/1064
f 540/1179/1033 553/1209/1061 556/1215/1067
f 540/1180/1034 557/1218/1070 555/1213/1065
f 540/1180/1034 556/1217/1069 557/1218/1070
f 537/1171/1025 549/1200/1053 538/1174/1028
f 550/1201/1054 537/1170/1024 543/1186/1040
f 542/1183/1037 558/1221/1073 541/1182/1036
f 542/1184/1038 555/1212/1064 559/1222/1074
f 560/1225/1077 542/1185/1039 559/1224/1076
f 542/1183/1037 560/1227/1079 558/1221/1073
f 550/1201/1054 543/1186/1040 561/1228/1080
f 562/1229/1081 552/1206/1057 462/1000/867
f 562/1229/1081 462/1000/867 463/1002/867
f 547/1194/1047 563/1231/1081 522/1138/996
f 523/1139/998 522/1137/997 563/1232/1083
f 564/1233/1084 554/1210/1062 552/1207/1059
f 564/1233/1084 552/1207/1059 562/1230/1082
f 546/1192/1045 565/1235/1086 547/1193/1046
f 547/1194/1047 565/1236/1087 563/1231/1081
f 566/1237/1088 553/1208/1060 554/1211/1063
f 566/1237/1088 554/1211/1063 564/1234/1085
f 551/1204/1057 567/1239/1090 546/1191/1043
f 546/1192/1045 567/1240/1091 565/1235/1086
f 556/1215/1067 553/1209/1061 566/1238/1089
f 559/1223/1075 555/1214/1066 557/1220/1072
f 559/1223/1075 557/1220/1072 568/1241/1092
f 560/1225/1077 559/1224/1076 568/1243/1094
f 556/1216/1068 568/1242/1093 557/1219/1071
f 556/1216/1068 560/1226/1078 568/1242/1093
f 560/1227/1079 556/1215/1067 569/1244/1095
f 560/1227/1079 570/1247/1098 558/1221/1073
f 560/1227/1079 569/1244/1095 571/1248/1099
f 560/1227/1079 571/1248/1099 570/1247/1098
f 572/1251/1102 551/1205/1058 548/1195/1048
f 548/1196/1049 550/1203/1056 573/1254/1105
f 548/1196/1049 573/1254/1105 574/1257/1108
f 572/1252/1103 548/1197/1050 574/1259/1109
f 551/1204/1057 575/1260/1110 567/1239/1090
f 572/1251/1102 575/1261/1111 551/1205/1058
f 576/1262/1112 550/1201/1054 561/1228/1080
f 550/1202/1055 577/1265/1115 573/1255/1106
f 550/1202/1055 576/1264/1114 577/1265/1115
f 556/1215/1067 566/1238/1089 569/1244/1095
f 576/1262/1112 561/1228/1080 578/1268/1118
f 520/1134/994 523/1139/998 563/1232/1083
f 520/1134/994 563/1232/1083 579/1269/1119
f 524/1142/1000 520/1134/994 579/1269/1119
f 464/1003/869 580/1271/1121 463/1001/868
f 581/1273/1120 562/1229/1081 463/1002/867
f 581/1273/1120 463/1002/867 580/1272/1120
f 464/1003/869 465/1006/871 580/1271/1121
f 460/995/863 582/1275/1123 465/1005/870
f 465/1006/871 583/1277/1125 580/1271/1121
f 465/1006/871 582/1276/1124 583/1277/1125
f 582/1276/1124 460/996/864 584/1279/1127
f 460/996/864 585/1281/1128 584/1279/1127
f 525/1143/999 586/1283/1129 460/995/863
f 460/996/864 586/1284/1130 585/1281/1128
f 565/1236/1087 579/1270/1120 563/1231/1081
f 587/1285/1131 564/1233/1084 562/1230/1082
f 587/1285/1131 562/1230/1082 581/1274/1122
f 567/1240/1091 588/1287/1133 565/1235/1086
f 565/1236/1087 588/1288/1134 579/1270/1120
f 589/1289/1135 566/1237/1088 564/1234/1085
f 589/1289/1135 564/1234/1085 587/1286/1132
f 575/1260/1110 590/1291/1137 567/1239/1090
f 567/1240/1091 590/1292/1138 588/1287/1133
f 569/1244/1095 566/1238/1089 589/1290/1136
f 577/1267/1117 574/1258/1107 573/1256/1107
f 577/1267/1117 591/1293/1139 574/1258/1107
f 572/1252/1103 574/1259/1109 591/1295/1141
f 576/1263/1113 591/1294/1140 577/1266/1116
f 576/1263/1113 572/1253/1104 591/1294/1140
f 592/1296/1142 575/1261/1111 572/1251/1102
f 593/1299/1145 572/1251/1102 576/1262/1112
f 593/1299/1145 592/1296/1142 572/1251/1102
f 575/1260/1110 594/1302/1148 590/1291/1137
f 592/1296/1142 594/1303/1149 575/1261/1111
f 571/1249/1100 569/1246/1097 595/1304/1150
f 569/1244/1095 589/1290/1136 596/1307/1153
f 569/1245/1096 597/1310/1156 595/1305/1151
f 569/1245/1096 596/1309/1155 597/1310/1156
f 593/1299/1145 576/1262/1112 578/1268/1118
f 571/1248/1099 598/1313/1159 570/1247/1098
f 571/1249/1100 595/1304/1150 599/1314/1160
f 600/1317/1163 571/1250/1101 599/1316/1162
f 571/1248/1099 600/1319/1165 598/1313/1159
f 593/1299/1145 578/1268/1118 601/1320/1166
f 602/1321/1167 581/1273/1120 580/1272/1120
f 602/1321/1167 580/1272/1120 583/1278/1126
f 588/1288/1134 526/1146/1003 579/1270/1120
f 524/1142/1000 579/1269/1119 526/1145/1002
f 603/1323/1169 587/1285/1131 581/1274/1122
f 603/1323/1169 581/1274/1122 602/1322/1168
f 590/1292/1138 604/1325/1171 588/1287/1133
f 588/1288/1134 604/1326/1170 526/1146/1003
f 605/1327/1172 589/1289/1135 587/1286/1132
f 605/1327/1172 587/1286/1132 603/1324/1170
f 594/1302/1148 606/1329/1174 590/1291/1137
f 590/1292/1138 606/1330/1175 604/1325/1171
f 596/1307/1153 589/1290/1136 605/1328/1173
f 599/1315/1161 595/1306/1152 597/1312/1158
f 599/1315/1161 597/1312/1158 607/1331/1176
f 600/1317/1163 599/1316/1162 607/1333/1178
f 596/1308/1154 607/1332/1177 597/1311/1157
f 596/1308/1154 600/1318/1164 607/1332/1177
f 600/1319/1165 596/1307/1153 608/1334/1179
f 600/1319/1165 609/1337/1182 598/1313/1159
f 600/1319/1165 608/1334/1179 610/1338/1183
f 600/1319/1165 610/1338/1183 609/1337/1182
f 582/1276/1124 584/1279/1127 583/1277/1125
f 611/1341/1186 602/1321/1167 583/1278/1126
f 611/1341/1186 583/1278/1126 584/1280/1126
f 612/1343/1188 594/1303/1149 592/1296/1142
f 592/1297/1143 593/1301/1147 613/1346/1191
f 592/1297/1143 613/1346/1191 614/1349/1194
f 612/1344/1189 592/1298/1144 614/1351/1195
f 594/1302/1148 615/1352/1196 606/1329/1174
f 612/1343/1188 615/1353/1197 594/1303/1149
f 616/1354/1198 593/1299/1145 601/1320/1166
f 593/1300/1146 617/1357/1201 613/1347/1192
f 593/1300/1146 616/1356/1200 617/1357/1201
f 596/1307/1153 605/1328/1173 608/1334/1179
f 616/1354/1198 601/1320/1166 618/1360/1204
f 604/1326/1170 527/1148/1003 526/1146/1003
f 619/1361/1205 603/1323/1169 602/1322/1168
f 619/1361/1205 602/1322/1168 611/1342/1187
f 606/1330/1175 620/1363/1207 604/1325/1171
f 604/1326/1170 620/1364/1206 527/1148/1003
f 621/1365/1206 605/1327/1172 603/1324/1170
f 621/1365/1206 603/1324/1170 619/1362/1206
f 606/1330/1175 622/1367/1209 620/1363/1207
f 615/1352/1196 622/1368/1210 606/1329/1174
f 608/1334/1179 605/1328/1173 621/1366/1208
f 623/1369/1210 611/1341/1186 584/1280/1126
f 623/1369/1210 584/1280/1126 585/1282/1129
f 620/1364/1206 624/1371/1210 527/1148/1003
f 528/1149/1005 527/1147/1004 624/1372/1212
f 625/1373/1213 619/1361/1205 611/1342/1187
f 625/1373/1213 611/1342/1187 623/1370/1211
f 617/1359/1203 614/1350/1193 613/1348/1193
f 617/1359/1203 626/1375/1215 614/1350/1193
f 612/1344/1189 614/1351/1195 626/1377/1217
f 616/1355/1199 626/1376/1216 617/1358/1202
f 616/1355/1199 612/1345/1190 626/1376/1216
f 627/1378/1218 615/1353/1197 612/1343/1188
f 628/1381/1221 612/1343/1188 616/1354/1198
f 628/1381/1221 627/1378/1218 612/1343/1188
f 622/1367/1209 629/1384/1224 620/1363/1207
f 620/1364/1206 629/1385/1225 624/1371/1210
f 630/1386/1225 621/1365/1206 619/1362/1206
f 630/1386/1225 619/1362/1206 625/1374/1214
f 615/1352/1196 631/1388/1225 622/1368/1210
f 627/1378/1218 631/1389/1227 615/1353/1197
f 622/1367/1209 632/1390/1228 629/1384/1224
f 631/1388/1225 632/1391/1229 622/1368/1210
f 608/1334/1179 621/1366/1208 633/1392/1230
f 633/1392/1230 621/1366/1208 630/1387/1226
f 610/1339/1184 608/1336/1181 634/1395/1233
f 608/1335/1180 635/1398/1236 634/1396/1234
f 608/1335/1180 633/1394/1232 635/1398/1236
f 628/1381/1221 616/1354/1198 618/1360/1204
f 610/1338/1183 636/1401/1239 609/1337/1182
f 610/1339/1184 634/1395/1233 637/1402/1240
f 638/1405/1243 610/1340/1185 637/1404/1242
f 610/1338/1183 638/1407/1245 636/1401/1239
f 628/1381/1221 618/1360/1204 639/1408/1246
f 525/1144/1001 528/1149/1005 624/1372/1212
f 586/1284/1130 525/1144/1001 640/1409/1247
f 525/1144/1001 624/1372/1212 640/1409/1247
f 586/1284/1130 640/1409/1247 585/1281/1128
f 641/1411/1248 623/1369/1210 585/1282/1129
f 641/1411/1248 585/1282/1129 640/1410/1248
f 629/1385/1225 640/1410/1248 624/1371/1210
f 642/1413/1250 625/1373/1213 623/1370/1211
f 642/1413/1250 623/1370/1211 641/1412/1249
f 629/1385/1225 641/1411/1248 640/1410/1248
f 632/1390/1228 641/1412/1249 629/1384/1224
f 643/1415/1251 630/1386/1225 625/1374/1214
f 643/1415/1251 625/1374/1214 642/1414/1251
f 632/1390/1228 642/1413/1250 641/1412/1249
f 631/1388/1225 644/1417/1251 632/1391/1229
f 644/1417/1251 642/1414/1251 632/1391/1229
f 645/1419/1254 631/1389/1227 627/1378/1218
f 645/1419/1254 644/1418/1253 631/1389/1227
f 633/1392/1230 630/1387/1226 646/1422/1257
f 646/1422/1257 630/1387/1226 643/1416/1252
f 637/1403/1241 634/1397/1235 635/1400/1238
f 637/1403/1241 635/1400/1238 647/1425/1260
f 638/1405/1243 637/1404/1242 647/1427/1262
f 633/1393/1231 647/1426/1261 635/1399/1237
f 633/1393/1231 638/1406/1244 647/1426/1261
f 638/1407/1245 633/1392/1230 646/1422/1257
f 638/1407/1245 648/1428/1263 636/1401/1239
f 638/1407/1245 646/1422/1257 649/1429/1264
f 638/1407/1245 649/1429/1264 648/1428/1263
f 644/1417/1251 643/1415/1251 642/1414/1251
f 627/1379/1219 628/1383/1223 650/1432/1267
f 627/1379/1219 650/1432/1267 651/1435/1270
f 645/1420/1255 627/1380/1220 651/1437/1272
f 652/1438/1273 628/1381/1221 639/1408/1246
f 628/1382/1222 653/1441/1276 650/1433/1268
f 628/1382/1222 652/1440/1275 653/1441/1276
f 652/1438/1273 639/1408/1246 654/1444/1279
f 655/1445/1280 643/1416/1252 644/1418/1253
f 655/1445/1280 644/1418/1253 645/1419/1254
f 646/1422/1257 643/1416/1252 655/1445/1280
f 653/1443/1278 651/1436/1271 650/1434/1269
f 653/1443/1278 656/1448/1283 651/1436/1271
f 645/1420/1255 651/1437/1272 656/1450/1285
f 652/1439/1274 656/1449/1284 653/1442/1277
f 652/1439/1274 645/1421/1256 656/1449/1284
f 657/1451/1286 645/1419/1254 652/1438/1273
f 657/1451/1286 655/1445/1280 645/1419/1254
f 649/1430/1265 646/1424/1259 658/1454/1289
f 646/1423/1258 659/1457/1292 658/1455/1290
f 646/1423/1258 655/1447/1282 659/1457/1292
f 657/1451/1286 652/1438/1273 654/1444/1279
f 649/1429/1264 660/1460/1295 648/1428/1263
f 649/1430/1265 658/1454/1289 661/1461/1296
f 657/1452/1287 649/1431/1266 661/1463/1298
f 649/1429/1264 657/1451/1286 660/1460/1295
f 657/1451/1286 654/1444/1279 660/1460/1295
f 661/1462/1297 658/1456/1291 659/1459/1294
f 661/1462/1297 659/1459/1294 662/1464/1297
f 657/1452/1287 661/1463/1298 662/1466/1300
f 655/1446/1281 662/1465/1299 659/1458/1293
f 655/1446/1281 657/1453/1288 662/1465/1299
g Mesh_body_19
v 0.00106135 0.285266 0.204194 0.627451 0.627451 0.643137
v 0.00106135 0.285266 0.211568 0.627451 0.627451 0.643137
v 0.00108128 0.280266 0.213323 0.627451 0.627451 0.643137
v -0.00356771 0.285248 0.196819 0.627451 0.627451 0.643137
v -0.00528922 0.285241 0.204194 0.627451 0.627451 0.643137
v 0.00106135 0.285266 0.196819 0.627451 0.627451 0.643137
v 0.00108128 0.280266 0.207118 0.627451 0.627451 0.643137
v 0.00106135 0.285266 0.218943 0.627451 0.627451 0.643137
v 0.00108128 0.280266 0.219528 0.627451 0.627451 0.643137
v 0.00106135 0.285266 0.226317 0.627451 0.627451 0.643137
v 0.00108128 0.280266 0.225732 0.627451 0.627451 0.643137
v 0.00106135 0.285266 0.233692 0.627451 0.627451 0.643137
v 0.00108128 0.280266 0.231937 0.627451 0.627451 0.643137
v 0.00106135 0.285266 0.241066 0.627451 0.627451 0.643137
v 0.00108128 0.280266 0.238141 0.627451 0.627451 0.643137
v -0.00528922 0.285241 0.241066 0.627451 0.627451 0.643137
v 0.00106135 0.285266 0.24844 0.627451 0.627451 0.643137
v 0.00108128 0.280266 0.244346 0.627451 0.627451 0.643137
v -0.00493786 0.19712 0.204194 0.627451 0.627451 0.643137
v -0.00587121 0.285238 0.211568 0.627451 0.627451 0.643137
v -0.00321636 0.197127 0.196819 0.627451 0.627451 0.643137
v -0.00551986 0.197118 0.233692 0.627451 0.627451 0.643137
v -0.00587121 0.285238 0.233692 0.627451 0.627451 0.643137
v -0.00356771 0.285248 0.24844 0.627451 0.627451 0.643137
v -0.00493786 0.19712 0.241066 0.627451 0.627451 0.643137
v -0.00551986 0.197118 0.211568 0.627451 0.627451 0.643137
v -0.00617696 0.285237 0.218943 0.627451 0.627451 0.643137
v -0.0058256 0.197117 0.226317 0.627451 0.627451 0.643137
v -0.00617696 0.285237 0.226317 0.627451 0.627451 0.643137
v -0.0058256 0.197117 0.218943 0.627451 0.627451 0.643137
v 0.00141271 0.197146 0.196819 0.627451 0.627451 0.643137
v 0.00108128 0.280266 0.200914 0.627451 0.627451 0.643137
v 0.000359079 0.280263 0.207118 0.627451 0.627451 0.643137
v 0.000359079 0.280263 0.213323 0.627451 0.627451 0.643137
v 0.0013769 0.206125 0.200914 0.627451 0.627451 0.643137
v 0.00141271 0.197146 0.204194 0.627451 0.627451 0.643137
v 0.000359079 0.280263 0.200914 0.627451 0.627451 0.643137
v 0.000359079 0.280263 0.219528 0.627451 0.627451 0.643137
v 0.000359079 0.280263 0.225732 0.627451 0.627451 0.643137
v 0.000359079 0.280263 0.231937 0.627451 0.627451 0.643137
v 0.000359079 0.280263 0.238141 0.627451 0.627451 0.643137
v 0.000359079 0.280263 0.244346 0.627451 0.627451 0.643137
v 0.0013769 0.206125 0.244346 0.627451 0.627451 0.643137
v -0.00321636 0.197127 0.24844 0.627451 0.627451 0.643137
v 0.00141271 0.197146 0.24844 0.627451 0.627451 0.643137
v 0.000654694 0.206122 0.244346 0.627451 0.627451 0.643137
v 0.00141271 0.197146 0.241066 0.627451 0.627451 0.643137
v 0.0013769 0.206125 0.238141 0.627451 0.627451 0.643137
v 0.000654694 0.206122 0.238141 0.627451 0.627451 0.643137
v 0.00141271 0.197146 0.233692 0.627451 0.627451 0.643137
v 0.00141271 0.197146 0.226317 0.627451 0.627451 0.643137
v 0.00141271 0.197146 0.211568 0.627451 0.627451 0.643137
v 0.00141271 0.197146 0.218943 0.627451 0.627451 0.643137
v 0.000654694 0.206122 0.207118 0.627451 0.627451 0.643137
v 0.000654694 0.206122 0.213323 0.627451 0.627451 0.643137
v 0.000654694 0.206122 0.200914 0.627451 0.627451 0.643137
v 0.0013769 0.206125 0.207118 0.627451 0.627451 0.643137
v 0.000654694 0.206122 0.219528 0.627451 0.627451 0.643137
v 0.000654694 0.206122 0.225732 0.627451 0.627451 0.643137
v 0.000654694 0.206122 0.231937 0.627451 0.627451 0.643137
v 0.0013769 0.206125 0.213323 0.627451 0.627451 0.643137
v 0.0013769 0.206125 0.219528 0.627451 0.627451 0.643137
v 0.0013769 0.206125 0.225732 0.627451 0.627451 0.643137
v 0.0013769 0.206125 0.231937 0.627451 0.627451 0.643137
vn 0.999992 0.00398672 1.16722e-16
vn -0.00398742 0.999992 -2.78818e-08
vn 0.00398789 -0.999992 4.13328e-17
vn -0.00398743 0.999992 -1.90229e-08
vn 2.97906e-17 -1.71402e-19 -1
vn -0.97381 -0.00388279 -0.227331
vn -0.0039874 0.999992 -4.33525e-08
vn -0.98815 -0.00393997 -0.153438
vn -0.00398747 0.999992 9.39035e-16
vn 0.999992 0.00398692 2.51657e-07
vn 2.97906e-17 -1.71402e-19 -1
vn 0.999992 0.00398672 1.16722e-16
vn 0.00398789 -0.999992 4.13328e-17
vn -0.0039874 0.999992 -1.88175e-15
vn 0.999992 0.00398672 1.16722e-16
vn 0.00398789 -0.999992 4.13328e-17
vn -0.00398742 0.999992 2.13523e-08
vn -0.98815 -0.00393997 0.153438
vn -0.00398743 0.999992 3.25567e-08
vn 2.40193e-15 9.57702e-18 1
vn 0.999992 0.00398693 -2.49121e-07
vn 0.999992 0.00398698 -3.15906e-07
vn 2.97906e-17 -1.71402e-19 -1
vn 0.00398789 -0.999992 4.13328e-17
vn -0.98815 -0.00393997 -0.153438
vn 0.00398693 -0.999992 1.4335e-07
vn -0.998187 -0.00397999 -0.0600608
vn -0.97381 -0.00388279 -0.227331
vn 2.97906e-17 -1.71402e-19 -1
vn 0.00398643 -0.999992 -5.0429e-07
vn -0.998187 -0.00397999 0.0600608
vn 0.00398665 -0.999992 -1.18931e-07
vn -0.998187 -0.00397999 0.0600608
vn -0.00398747 0.999992 5.94749e-08
vn -0.97381 -0.00388279 0.227331
vn 2.40193e-15 9.57702e-18 1
vn -0.98815 -0.00393997 0.153438
vn 0.00398691 -0.999992 6.63872e-08
vn -0.998187 -0.00397999 -0.0600608
vn 0.00398668 -0.999992 -3.89688e-08
vn -0.999777 -0.00398633 -0.0207168
vn -0.999777 -0.00398633 0.0207168
vn 0.00398684 -0.999992 1.16085e-07
vn -0.999777 -0.00398633 0.0207168
vn -0.999777 -0.00398633 -0.0207168
vn 0.00398678 -0.999992 -5.82221e-08
vn 2.97906e-17 -1.71402e-19 -1
vn 0.999992 0.00398724 3.60219e-08
vn 0.0039867 -0.999992 -2.7605e-07
vn 0.999992 0.00398696 2.94947e-07
vn 0.00398789 -0.999992 4.13328e-17
vn 2.40193e-15 9.57702e-18 1
vn 0.999992 0.00398718 0
vn 0.00398789 -0.999992 4.13328e-17
vn 0.999992 0.00398723 4.2933e-08
vn 2.40193e-15 9.57702e-18 1
vn -0.00398787 0.999992 -8.25006e-17
vn 0.00398692 -0.999992 1.05791e-07
vn 0.999992 0.00398725 0
vn 0.00398789 -0.999992 4.13328e-17
vn 0.999992 0.00398718 0
vn 2.40193e-15 9.57702e-18 1
vn 0.00398789 -0.999992 4.13328e-17
vn 0.999992 0.00398718 0
vn 2.97906e-17 -1.71402e-19 -1
vn 0.999992 0.00398721 -7.93738e-08
vn -0.00398787 0.999992 -8.25006e-17
vn 2.97906e-17 -1.71402e-19 -1
vn 2.40193e-15 9.57702e-18 1
vn -0.97381 -0.00388279 0.227331
vn 0.00398669 -0.999992 1.61296e-07
vn 2.40193e-15 9.57702e-18 1
vn 0.00398643 -0.999992 -1.89649e-18
vn 0.999992 0.00398723 -3.5063e-08
vn 2.97906e-17 -1.71402e-19 -1
vn -0.00398787 0.999992 -8.25006e-17
vn 0.999992 0.00398718 0
vn 0.00398692 -0.999992 1.18205e-07
vn 0.999992 0.00398725 0
vn -0.00398787 0.999992 -8.25006e-17
vn 0.999992 0.00398718 0
vn 0.00398669 -0.999992 -1.02084e-07
vn 0.999992 0.00398725 0
vn 0.00398678 -0.999992 6.11412e-08
vn 0.00398665 -0.999992 -6.21516e-08
vn 0.999992 0.00398725 0
vn 0.00398684 -0.999992 0
vn 0.999992 0.00398718 0
vn -0.00398787 0.999992 -8.25006e-17
vn 2.40193e-15 9.57702e-18 1
vn 0.999992 0.00398718 0
vn -0.00398787 0.999992 -8.25006e-17
vn 0.999992 0.00398725 0
vn 0.999992 0.00398718 0
vn -0.00398787 0.999992 -8.25006e-17
vn 0.999992 0.00398725 0
vt 0.976562 -0.992188
vt 0.976562 -0.992188
vt 0.0078125 -0.0234375
vt 0.0078125 -0.992188
vt 0.0078125 -0.992188
vt 0.0234375 -0.0078125
vt 0.0234375 -0.0078125
vt 0.0234375 -0.0078125
vt 0.992188 -0.976562
vt 0.992188 -0.976562
vt 0.0078125 0.0078125
vt 0.0078125 0.0078125
vt 0.0078125 0.0078125
vt 0.992188 0.992188
vt 0.992188 0.992188
vt -0.0078125 0.0234375
vt -0.0078125 0.992188
vt -0.0078125 0.992188
vt -0.0078125 -0.976562
vt -0.0078125 -0.0078125
vt -0.0078125 -0.0078125
vt 1.99219 -1.97656
vt 1.99219 -1.00781
vt 1.99219 -1.00781
vt 1.99219 -0.976562
vt 1.99219 -0.976562
vt 1.99219 -0.0078125
vt 1.99219 -0.0078125
vt 1.02344 0.992188
vt 1.02344 0.992188
vt 1.99219 0.0234375
vt 1.99219 0.0234375
vt 1.99219 0.0234375
vt 1.00781 1.97656
vt 1.00781 1.97656
vt 1.00781 1.97656
vt 0.976562 1.00781
vt 0.976562 1.00781
vt 0.0078125 1.97656
vt 0.0234375 1.99219
vt 0.0234375 1.99219
vt 0.0234375 1.99219
vt -0.976562 1.99219
vt -0.976562 1.99219
vt -0.0078125 1.99219
vt -1.99219 1.97656
vt -1.99219 1.97656
vt -1.99219 1.97656
vt -1.97656 1.99219
vt -1.97656 1.99219
vt -1.97656 0.992188
vt -1.97656 0.992188
vt -1.00781 0.0234375
vt -1.97656 -0.0078125
vt -1.97656 -0.0078125
vt -1.00781 -0.0078125
vt -1.97656 -1.00781
vt -1.97656 -1.00781
vt 0.976562 -1.99219
vt 0.976562 -1.99219
vt 0.976562 -1.99219
vt 2.00781 -2.99219
vt 2.00781 -2.99219
vt 2.00781 -2.99219
vt 2.00781 -1.99219
vt 2.00781 -1.99219
vt 2.99219 -1.00781
vt 2.99219 -1.00781
vt 2.99219 -0.0078125
vt 2.99219 -0.0078125
vt 2.99219 -0.0078125
vt 2.99219 0.0234375
vt 2.99219 0.0234375
vt 2.99219 1.99219
vt 2.99219 1.99219
vt 2.99219 1.99219
vt 2.99219 2.99219
vt 2.99219 2.99219
vt 1.99219 2.99219
vt 1.99219 2.99219
vt 0.992188 2.99219
vt 0.992188 2.99219
vt -0.0078125 2.99219
vt -0.0078125 2.99219
vt -1.00781 2.99219
vt -1.00781 2.99219
vt -1.00781 2.99219
vt -2.00781 2.02344
vt -2.00781 2.02344
vt -2.00781 2.02344
vt -2.02344 1.00781
vt -2.02344 1.00781
vt -2.02344 1.00781
vt -2.00781 1.02344
vt -2.00781 1.02344
vt -2.00781 1.02344
vt -2.00781 0.992188
vt -2.00781 0.992188
vt -2.00781 0.992188
vt -2.02344 -1.99219
vt -2.02344 -1.99219
vt -2.99219 -2.02344
vt -2.99219 -2.02344
vt -2.00781 -2.97656
vt -2.00781 -2.97656
vt -0.0234375 -2.99219
vt -0.0234375 -2.99219
vt 0.0234375 -2.00781
vt 0.0234375 -2.00781
vt 1.02344 -2.00781
vt 1.02344 -2.00781
vt 3.02344 -3.00781
vt 3.02344 -3.00781
vt 3.97656 -1.99219
vt 3.97656 -1.99219
vt 3.02344 -1.00781
vt 3.02344 -1.00781
vt 3.99219 -0.0078125
vt 3.99219 -0.0078125
vt 3.99219 -0.0078125
vt 3.02344 0.992188
vt 3.02344 0.992188
vt 3.02344 1.99219
vt 3.02344 1.99219
vt 3.02344 2.99219
vt 3.02344 2.99219
vt 3.02344 3.99219
vt 3.02344 3.99219
vt -0.0234375 3.00781
vt -0.0234375 3.00781
vt -1.02344 3.00781
vt -1.02344 3.00781
vt -2.02344 3.00781
vt -2.02344 3.00781
vt -3.02344 3.00781
vt -3.02344 3.00781
f 663/1467/1301 664/1469/1301 665/1470/1301
f 666/1472/1304 667/1475/1307 663/1468/1302
f 666/1472/1304 663/1468/1302 668/1477/1309
f 668/1478/1310 663/1467/1301 669/1480/1312
f 663/1467/1301 665/1470/1301 669/1480/1312
f 664/1469/1301 670/1482/1312 671/1483/1312
f 664/1469/1301 671/1483/1312 665/1470/1301
f 670/1482/1312 672/1485/1312 673/1486/1312
f 670/1482/1312 673/1486/1312 671/1483/1312
f 672/1485/1312 674/1488/1312 675/1489/1312
f 672/1485/1312 675/1489/1312 673/1486/1312
f 674/1488/1312 676/1491/1312 677/1493/1315
f 674/1488/1312 677/1493/1315 675/1489/1312
f 678/1495/1317 679/1497/1319 676/1492/1314
f 676/1491/1312 680/1500/1322 677/1493/1315
f 676/1491/1312 679/1499/1321 680/1500/1322
f 681/1503/1325 682/1505/1327 667/1476/1308
f 683/1506/1328 667/1476/1308 666/1474/1306
f 683/1506/1328 681/1503/1325 667/1476/1308
f 684/1509/1331 678/1496/1318 685/1511/1333
f 678/1495/1317 686/1512/1334 679/1497/1319
f 687/1515/1337 686/1513/1335 678/1496/1318
f 684/1509/1331 687/1515/1337 678/1496/1318
f 688/1517/1339 689/1519/1341 682/1505/1327
f 681/1503/1325 688/1517/1339 682/1505/1327
f 690/1520/1342 685/1511/1333 691/1522/1344
f 690/1520/1342 684/1509/1331 685/1511/1333
f 692/1523/1345 691/1522/1344 689/1519/1341
f 688/1517/1339 692/1523/1345 689/1519/1341
f 692/1523/1345 690/1520/1342 691/1522/1344
f 693/1525/1347 666/1473/1305 668/1479/1311
f 693/1525/1347 683/1507/1329 666/1473/1305
f 668/1478/1310 669/1480/1312 694/1528/1350
f 693/1526/1348 668/1478/1310 694/1528/1350
f 694/1529/1351 669/1481/1313 695/1531/1351
f 669/1481/1313 665/1471/1303 696/1533/1354
f 669/1481/1313 696/1533/1354 695/1531/1351
f 693/1526/1348 694/1528/1350 697/1535/1355
f 693/1527/1349 681/1504/1326 683/1508/1330
f 693/1527/1349 698/1538/1358 681/1504/1326
f 698/1539/1359 693/1526/1348 697/1535/1355
f 694/1529/1351 695/1531/1351 699/1540/1360
f 697/1536/1356 694/1530/1352 699/1542/1362
f 665/1471/1303 671/1484/1313 700/1543/1363
f 665/1471/1303 700/1543/1363 696/1533/1354
f 671/1484/1313 673/1487/1313 701/1545/1363
f 671/1484/1313 701/1545/1363 700/1543/1363
f 673/1487/1313 675/1490/1313 702/1547/1363
f 673/1487/1313 702/1547/1363 701/1545/1363
f 675/1490/1313 677/1494/1316 703/1549/1363
f 675/1490/1313 703/1549/1363 702/1547/1363
f 677/1494/1316 680/1502/1324 704/1551/1363
f 677/1494/1316 704/1551/1363 703/1549/1363
f 679/1499/1321 705/1554/1366 680/1500/1322
f 706/1557/1369 679/1498/1320 686/1514/1336
f 706/1557/1369 707/1560/1372 679/1498/1320
f 679/1499/1321 707/1562/1374 705/1554/1366
f 680/1501/1323 705/1556/1368 708/1563/1375
f 680/1501/1323 708/1563/1375 704/1552/1365
f 687/1515/1337 706/1558/1370 686/1513/1335
f 709/1566/1378 707/1561/1373 706/1559/1371
f 709/1566/1378 706/1559/1371 687/1516/1338
f 707/1562/1374 710/1568/1379 705/1554/1366
f 705/1555/1367 711/1570/1380 708/1564/1376
f 705/1555/1367 710/1569/1380 711/1570/1380
f 707/1562/1374 709/1567/1379 710/1568/1379
f 712/1572/1382 687/1516/1338 684/1510/1332
f 712/1572/1382 709/1566/1378 687/1516/1338
f 698/1538/1358 688/1518/1340 681/1504/1326
f 713/1574/1384 684/1510/1332 690/1521/1343
f 713/1574/1384 712/1572/1382 684/1510/1332
f 714/1576/1385 692/1524/1346 688/1518/1340
f 698/1538/1358 714/1576/1385 688/1518/1340
f 715/1578/1387 690/1521/1343 692/1524/1346
f 715/1578/1387 713/1574/1384 690/1521/1343
f 714/1576/1385 715/1578/1387 692/1524/1346
f 716/1580/1388 699/1541/1361 695/1532/1353
f 717/1582/1388 695/1532/1353 696/1534/1353
f 717/1582/1388 716/1580/1388 695/1532/1353
f 697/1536/1356 699/1542/1362 718/1584/1390
f 716/1580/1388 718/1585/1391 699/1541/1361
f 719/1587/1392 697/1537/1357 718/1586/1392
f 698/1539/1359 697/1535/1355 719/1588/1393
f 720/1589/1394 696/1534/1353 700/1544/1364
f 720/1589/1394 717/1582/1388 696/1534/1353
f 721/1591/1394 700/1544/1364 701/1546/1364
f 721/1591/1394 720/1589/1394 700/1544/1364
f 722/1593/1394 701/1546/1364 702/1548/1364
f 722/1593/1394 721/1591/1394 701/1546/1364
f 702/1548/1364 703/1550/1364 711/1571/1381
f 711/1571/1381 722/1593/1394 702/1548/1364
f 703/1550/1364 704/1553/1364 711/1571/1381
f 704/1553/1364 708/1565/1377 711/1571/1381
f 719/1587/1392 718/1586/1392 716/1581/1389
f 723/1595/1395 716/1581/1389 717/1583/1389
f 723/1595/1395 719/1587/1392 716/1581/1389
f 724/1597/1395 717/1583/1389 720/1590/1395
f 724/1597/1395 723/1595/1395 717/1583/1389
f 725/1599/1395 720/1590/1395 721/1592/1395
f 725/1599/1395 724/1597/1395 720/1590/1395
f 726/1601/1395 721/1592/1395 722/1594/1395
f 726/1601/1395 725/1599/1395 721/1592/1395
f 710/1569/1380 722/1594/1395 711/1570/1380
f 710/1569/1380 726/1601/1395 722/1594/1395
f 714/1577/1386 698/1539/1359 719/1588/1393
f 714/1577/1386 719/1588/1393 723/1596/1396
f 715/1579/1386 714/1577/1386 723/1596/1396
f 715/1579/1386 723/1596/1396 724/1598/1396
f 713/1575/1383 715/1579/1386 724/1598/1396
f 713/1575/1383 724/1598/1396 725/1600/1396
f 712/1573/1383 713/1575/1383 725/1600/1396
f 712/1573/1383 725/1600/1396 726/1602/1396
f 709/1567/1379 712/1573/1383 726/1602/1396
f 709/1567/1379 726/1602/1396 710/1568/1379
g Mesh_body_20
v 0.00106135 0.285266 0.211568 0.627451 0.627451 0.643137
v 0.00106135 0.285266 0.204194 0.627451 0.627451 0.643137
v 0.00100689 0.298925 0.204194 0.627451 0.627451 0.643137
v -0.00528922 0.285241 0.204194 0.627451 0.627451 0.643137
v -0.00534368 0.2989 0.204194 0.627451 0.627451 0.643137
v 0.00106135 0.285266 0.218943 0.627451 0.627451 0.643137
v 0.00100689 0.298925 0.211568 0.627451 0.627451 0.643137
v 0.00106135 0.285266 0.226317 0.627451 0.627451 0.643137
v 0.00100689 0.298925 0.218943 0.627451 0.627451 0.643137
v 0.00106135 0.285266 0.233692 0.627451 0.627451 0.643137
v 0.00100689 0.298925 0.226317 0.627451 0.627451 0.643137
v 0.00106135 0.285266 0.241066 0.627451 0.627451 0.643137
v 0.00100689 0.298925 0.233692 0.627451 0.627451 0.643137
v -0.00528922 0.285241 0.241066 0.627451 0.627451 0.643137
v 0.00100689 0.298925 0.241066 0.627451 0.627451 0.643137
v -0.00587121 0.285238 0.211568 0.627451 0.627451 0.643137
v -0.00683612 0.286956 0.211568 0.627451 0.627451 0.643137
v -0.00625413 0.286958 0.204194 0.627451 0.627451 0.643137
v -0.00587121 0.285238 0.233692 0.627451 0.627451 0.643137
v -0.00625413 0.286958 0.241066 0.627451 0.627451 0.643137
v -0.00534368 0.2989 0.241066 0.627451 0.627451 0.643137
v -0.00629357 0.29685 0.241066 0.627451 0.627451 0.643137
v -0.00617696 0.285237 0.218943 0.627451 0.627451 0.643137
v -0.00714186 0.286954 0.218943 0.627451 0.627451 0.643137
v -0.00617696 0.285237 0.226317 0.627451 0.627451 0.643137
v -0.00683612 0.286956 0.233692 0.627451 0.627451 0.643137
v -0.00714186 0.286954 0.226317 0.627451 0.627451 0.643137
v -0.00592567 0.298897 0.211568 0.627451 0.627451 0.643137
v -0.00629357 0.29685 0.204194 0.627451 0.627451 0.643137
v -0.00623142 0.298896 0.218943 0.627451 0.627451 0.643137
v -0.00687556 0.296848 0.211568 0.627451 0.627451 0.643137
v -0.00623142 0.298896 0.226317 0.627451 0.627451 0.643137
v -0.0071813 0.296847 0.218943 0.627451 0.627451 0.643137
v -0.00592567 0.298897 0.233692 0.627451 0.627451 0.643137
v -0.0071813 0.296847 0.226317 0.627451 0.627451 0.643137
v -0.00687556 0.296848 0.233692 0.627451 0.627451 0.643137
vn 0.999992 0.00398723 -1.48262e-16
vn 0 0 -1
vn -0.00398702 0.999992 -1.81571e-18
vn -0.869712 -0.488743 -0.0687912
vn 0 0 -1
vn -0.905 0.419395 -0.0712904
vn -0.00398714 0.999992 1.05006e-07
vn 0.999992 0.00398723 -1.48262e-16
vn -0.00398722 0.999992 6.00338e-08
vn -0.00398719 0.999992 -2.64092e-08
vn 0.999992 0.00398723 -1.48262e-16
vn -0.00398717 0.999992 0
vn 1.51642e-16 -6.97699e-17 1
vn 0.999992 0.00398723 -1.48262e-16
vn -0.00398725 0.999992 2.68456e-08
vn 1.51642e-16 -6.97699e-17 1
vn -0.869712 -0.488743 0.0687912
vn 0.999992 0.00398723 -1.48262e-16
vn -0.00398714 0.999992 -1.24427e-07
vn -0.87056 -0.48922 -0.0528046
vn -0.870588 -0.489236 -0.0521984
vn -0.998187 -0.0039799 -0.0600608
vn 0 0 -1
vn -0.869712 -0.488743 -0.0687912
vn -0.996892 -0.00397474 -0.0786758
vn -0.87056 -0.48922 0.0528046
vn -0.869712 -0.488743 0.0687912
vn 1.51642e-16 -6.97699e-17 1
vn -0.996892 -0.00397474 0.0786758
vn -0.00398702 0.999992 -2.39442e-07
vn -0.905 0.419395 0.0712904
vn 1.51642e-16 -6.97699e-17 1
vn -0.996892 -0.00397474 0.0786758
vn -0.871632 -0.489822 -0.018219
vn -0.871636 -0.489824 -0.0179867
vn -0.999777 -0.00398624 -0.0207168
vn -0.871632 -0.489822 0.018219
vn -0.870588 -0.489236 0.0521984
vn -0.998187 -0.0039799 0.0600608
vn -0.871636 -0.489824 0.0179867
vn -0.999777 -0.00398624 0.0207168
vn -0.00398725 0.999992 7.93624e-08
vn -0.905951 0.419835 -0.054686
vn -0.905 0.419395 -0.0712904
vn 0 0 -1
vn -0.996892 -0.00397474 -0.0786758
vn -0.00398717 0.999992 -5.01414e-08
vn -0.907147 0.42039 -0.0188682
vn -0.905978 0.419848 -0.0541384
vn -0.998187 -0.0039799 -0.0600608
vn -0.00398719 0.999992 2.51484e-08
vn -0.907147 0.42039 0.0188682
vn -0.907151 0.420391 -0.0186583
vn -0.999777 -0.00398624 -0.0207168
vn -0.00398722 0.999992 2.99249e-09
vn -0.905951 0.419835 0.054686
vn -0.907151 0.420391 0.0186583
vn -0.999777 -0.00398624 0.0207168
vn -0.905978 0.419848 0.0541384
vn -0.998187 -0.0039799 0.0600608
vt 0.976562 -0.992188
vt 0.0078125 -0.0234375
vt 0.0078125 -0.0234375
vt 0.0078125 -0.992188
vt 0.0078125 -0.992188
vt 0.0078125 -0.992188
vt 0.992188 -0.976562
vt 0.992188 -0.976562
vt 0.992188 -0.0078125
vt 0.992188 -0.0078125
vt 0.992188 -0.0078125
vt 0.0234375 0.992188
vt 0.992188 0.992188
vt 0.992188 0.992188
vt -0.976562 0.992188
vt -0.0078125 0.992188
vt -0.0078125 0.992188
vt -0.976562 -0.0078125
vt -0.0078125 -0.0078125
vt -0.0078125 -0.0078125
vt 1.02344 -1.00781
vt 1.02344 -1.00781
vt 1.99219 -1.00781
vt 1.99219 -1.00781
vt 1.02344 -0.0078125
vt 1.02344 -0.0078125
vt 1.99219 -0.0078125
vt 1.99219 -0.0078125
vt 1.99219 -0.0078125
vt 1.99219 0.0234375
vt 1.99219 0.992188
vt 1.99219 0.992188
vt 1.00781 1.00781
vt 1.00781 1.00781
vt 1.00781 1.00781
vt 0.976562 1.00781
vt 0.0078125 1.00781
vt 0.0078125 1.00781
vt 0.0078125 1.00781
vt 0.992188 1.99219
vt 0.992188 1.99219
vt 0.992188 1.99219
vt -0.992188 1.00781
vt -0.992188 1.00781
vt -0.992188 1.00781
vt -1.99219 1.97656
vt -1.99219 1.00781
vt -1.99219 1.00781
vt -1.02344 0.0078125
vt -1.99219 0.0078125
vt -1.99219 0.0078125
vt -1.99219 -0.992188
vt -1.99219 -0.992188
vt -0.992188 -1.02344
vt -0.992188 -1.02344
vt -0.0078125 -1.00781
vt -0.0078125 -1.00781
vt -0.0078125 -1.00781
vt 2.00781 -2.02344
vt 2.00781 -2.02344
vt 2.99219 -2.00781
vt 2.99219 -2.00781
vt 2.00781 -0.0234375
vt 2.00781 -0.0234375
vt 2.99219 -0.0078125
vt 2.99219 -0.0078125
vt 2.00781 1.97656
vt 2.00781 1.97656
vt 2.99219 1.99219
vt 2.99219 1.99219
vt 1.99219 2.99219
vt 1.99219 2.99219
f 727/1603/1397 728/1604/1397 729/1606/1397
f 728/1605/1398 730/1609/1398 731/1611/1401
f 728/1605/1398 731/1611/1401 729/1607/1398
f 732/1614/1404 727/1603/1397 733/1615/1404
f 727/1603/1397 729/1606/1397 733/1615/1404
f 734/1617/1404 732/1614/1404 735/1618/1404
f 732/1614/1404 733/1615/1404 735/1618/1404
f 736/1620/1407 734/1617/1404 737/1621/1407
f 734/1617/1404 735/1618/1404 737/1621/1407
f 738/1623/1407 736/1620/1407 739/1625/1410
f 736/1620/1407 737/1621/1407 739/1625/1410
f 740/1627/1412 738/1624/1409 741/1629/1412
f 738/1623/1407 739/1625/1410 741/1630/1414
f 730/1610/1400 742/1632/1416 743/1633/1417
f 731/1611/1401 730/1609/1398 744/1635/1419
f 730/1610/1400 743/1633/1417 744/1636/1420
f 745/1638/1422 740/1628/1413 746/1639/1423
f 740/1627/1412 741/1629/1412 747/1642/1424
f 740/1627/1412 747/1642/1424 748/1645/1428
f 740/1627/1412 748/1645/1428 746/1640/1424
f 742/1632/1416 749/1648/1430 750/1649/1431
f 742/1632/1416 750/1649/1431 743/1633/1417
f 751/1651/1433 745/1638/1422 752/1652/1434
f 745/1638/1422 746/1639/1423 752/1652/1434
f 749/1648/1430 751/1651/1433 753/1654/1436
f 749/1648/1430 753/1654/1436 750/1649/1431
f 751/1651/1433 752/1652/1434 753/1654/1436
f 731/1613/1403 733/1616/1405 729/1608/1399
f 731/1613/1403 754/1656/1438 733/1616/1405
f 754/1657/1439 731/1612/1402 755/1658/1440
f 731/1611/1401 744/1635/1419 755/1659/1441
f 754/1656/1438 735/1619/1406 733/1616/1405
f 754/1656/1438 756/1661/1443 735/1619/1406
f 756/1662/1444 754/1657/1439 757/1663/1445
f 754/1657/1439 755/1658/1440 757/1663/1445
f 756/1661/1443 737/1622/1408 735/1619/1406
f 756/1661/1443 758/1665/1447 737/1622/1408
f 758/1666/1448 756/1662/1444 759/1667/1449
f 756/1662/1444 757/1663/1445 759/1667/1449
f 758/1665/1447 739/1626/1411 737/1622/1408
f 758/1665/1447 760/1669/1451 739/1626/1411
f 760/1670/1452 758/1666/1448 761/1671/1453
f 758/1666/1448 759/1667/1449 761/1671/1453
f 760/1669/1451 741/1631/1415 739/1626/1411
f 760/1669/1451 747/1643/1426 741/1631/1415
f 747/1644/1427 760/1670/1452 762/1673/1455
f 760/1670/1452 761/1671/1453 762/1673/1455
f 747/1644/1427 762/1673/1455 748/1646/1427
f 744/1637/1421 757/1664/1446 755/1660/1442
f 744/1637/1421 743/1634/1418 757/1664/1446
f 752/1653/1435 748/1647/1429 762/1674/1456
f 753/1655/1437 762/1674/1456 761/1672/1454
f 753/1655/1437 752/1653/1435 762/1674/1456
f 752/1653/1435 746/1641/1425 748/1647/1429
f 743/1634/1418 759/1668/1450 757/1664/1446
f 750/1650/1432 761/1672/1454 759/1668/1450
f 750/1650/1432 753/1655/1437 761/1672/1454
f 743/1634/1418 750/1650/1432 759/1668/1450
g Mesh_body_21
v -0.0100651 0.306705 0.204094 0.627451 0.627451 0.643137
v -0.0188703 0.306705 0.204094 0.627451 0.627451 0.643137
v -0.0188703 0.306576 0.205401 0.627451 0.627451 0.643137
v -0.0100651 0.306576 0.202787 0.627451 0.627451 0.643137
v -0.0100651 0.306576 0.205401 0.627451 0.627451 0.643137
v -0.0188703 0.306195 0.206657 0.627451 0.627451 0.643137
v -0.0188703 0.306576 0.202787 0.627451 0.627451 0.643137
v -0.0188703 0.306195 0.201531 0.627451 0.627451 0.643137
v -0.0100651 0.306195 0.201531 0.627451 0.627451 0.643137
v -0.0188703 0.30257 0.197906 0.627451 0.627451 0.643137
v -0.0100651 0.305576 0.200373 0.627451 0.627451 0.643137
v -0.0188703 0.304743 0.199358 0.627451 0.627451 0.643137
v -0.0188703 0.305576 0.200373 0.627451 0.627451 0.643137
v -0.0100651 0.306195 0.206657 0.627451 0.627451 0.643137
v -0.0188703 0.305576 0.207815 0.627451 0.627451 0.643137
v -0.0188703 0.297444 0.210282 0.627451 0.627451 0.643137
v -0.0188703 0.304743 0.20883 0.627451 0.627451 0.643137
v -0.0188703 0.30257 0.210282 0.627451 0.627451 0.643137
v -0.0100651 0.305576 0.207815 0.627451 0.627451 0.643137
v -0.0188703 0.303728 0.198525 0.627451 0.627451 0.643137
v -0.0188703 0.293819 0.201531 0.627451 0.627451 0.643137
v -0.0100651 0.30257 0.197906 0.627451 0.627451 0.643137
v -0.0100651 0.301314 0.197525 0.627451 0.627451 0.643137
v -0.0188703 0.301314 0.197525 0.627451 0.627451 0.643137
v -0.0188703 0.300007 0.197396 0.627451 0.627451 0.643137
v -0.0188703 0.297444 0.197906 0.627451 0.627451 0.643137
v -0.0100651 0.304743 0.199358 0.627451 0.627451 0.643137
v -0.0100651 0.303728 0.198525 0.627451 0.627451 0.643137
v -0.0188703 0.303728 0.209663 0.627451 0.627451 0.643137
v -0.0100651 0.304743 0.20883 0.627451 0.627451 0.643137
v -0.0188703 0.300007 0.210792 0.627451 0.627451 0.643137
v -0.0100651 0.303728 0.209663 0.627451 0.627451 0.643137
v -0.0100651 0.30257 0.210282 0.627451 0.627451 0.643137
v -0.0188703 0.301314 0.210663 0.627451 0.627451 0.643137
v -0.0188703 0.293819 0.206657 0.627451 0.627451 0.643137
v -0.0188703 0.2987 0.210663 0.627451 0.627451 0.643137
v -0.0100651 0.2987 0.210663 0.627451 0.627451 0.643137
v -0.0100651 0.297444 0.210282 0.627451 0.627451 0.643137
v -0.0188703 0.296286 0.209663 0.627451 0.627451 0.643137
v -0.0188703 0.295271 0.20883 0.627451 0.627451 0.643137
v -0.0100651 0.301314 0.210663 0.627451 0.627451 0.643137
v -0.0100651 0.300007 0.197396 0.627451 0.627451 0.643137
v -0.0188703 0.2987 0.197525 0.627451 0.627451 0.643137
v -0.0100651 0.2987 0.197525 0.627451 0.627451 0.643137
v -0.0188703 0.295271 0.199358 0.627451 0.627451 0.643137
v -0.0100651 0.297444 0.197906 0.627451 0.627451 0.643137
v -0.0100651 0.296286 0.198525 0.627451 0.627451 0.643137
v -0.0188703 0.296286 0.198525 0.627451 0.627451 0.643137
v -0.0188703 0.294438 0.200373 0.627451 0.627451 0.643137
v -0.0188703 0.293309 0.204094 0.627451 0.627451 0.643137
v -0.0100651 0.293819 0.201531 0.627451 0.627451 0.643137
v -0.0100651 0.293438 0.202787 0.627451 0.627451 0.643137
v -0.0188703 0.293438 0.202787 0.627451 0.627451 0.643137
v -0.0100651 0.300007 0.210792 0.627451 0.627451 0.643137
v -0.0100651 0.296286 0.209663 0.627451 0.627451 0.643137
v -0.0100651 0.295271 0.199358 0.627451 0.627451 0.643137
v -0.0100651 0.294438 0.200373 0.627451 0.627451 0.643137
v -0.0188703 0.294438 0.207815 0.627451 0.627451 0.643137
v -0.0100651 0.295271 0.20883 0.627451 0.627451 0.643137
v -0.0100651 0.294438 0.207815 0.627451 0.627451 0.643137
v -0.0100651 0.293819 0.206657 0.627451 0.627451 0.643137
v -0.0188703 0.293438 0.205401 0.627451 0.627451 0.643137
v -0.0100651 0.293438 0.205401 0.627451 0.627451 0.643137
v -0.0100651 0.293309 0.204094 0.627451 0.627451 0.643137
vn -1.06603e-14 1 -3.9144e-08
vn -1.50134e-15 1 -5.35176e-09
vn -1 3.19578e-15 1.3491e-15
vn 5.28247e-08 0.980785 0.19509
vn -5.28247e-08 0.980785 -0.19509
vn 5.28247e-08 0.980785 0.19509
vn -1 3.19578e-15 1.3491e-15
vn 1.03619e-07 0.923879 0.382684
vn -5.28247e-08 0.980785 -0.19509
vn -1 3.19578e-15 1.3491e-15
vn -1.03619e-07 0.92388 -0.382683
vn -1.03619e-07 0.92388 -0.382683
vn -1 3.19578e-15 1.3491e-15
vn -1.17914e-07 0.382683 -0.92388
vn -1.50432e-07 0.83147 -0.55557
vn -1 3.19578e-15 1.3491e-15
vn -1.91463e-07 0.707107 -0.707107
vn -1.50432e-07 0.83147 -0.55557
vn -1 3.19578e-15 1.3491e-15
vn 1.03619e-07 0.923879 0.382684
vn 1.50432e-07 0.831469 0.555571
vn -1 3.19578e-15 1.3491e-15
vn 2.50159e-07 -0.382684 0.923879
vn 1.91463e-07 0.707107 0.707107
vn -1 3.19578e-15 1.3491e-15
vn 2.50159e-07 0.382683 0.92388
vn 1.50432e-07 0.831469 0.555571
vn -1 3.19578e-15 1.3491e-15
vn -1.16467e-07 0.55557 -0.831469
vn -1.03619e-07 -0.92388 -0.382683
vn -1.08671e-07 0.382683 -0.92388
vn -1.47653e-07 0.19509 -0.980785
vn -2.65568e-07 0.195089 -0.980785
vn -1 3.19578e-15 1.3491e-15
vn -2.7077e-07 8.89899e-08 -1
vn -1.0867e-07 -0.382684 -0.923879
vn -1.91463e-07 0.707107 -0.707107
vn -2.25137e-07 0.55557 -0.83147
vn -1 3.19578e-15 1.3491e-15
vn 2.25137e-07 0.55557 0.83147
vn 1.91463e-07 0.707107 0.707107
vn -1 3.19578e-15 1.3491e-15
vn 1.96699e-07 1.31563e-07 1
vn 2.25137e-07 0.55557 0.83147
vn 2.50159e-07 0.382683 0.92388
vn 2.65567e-07 0.19509 0.980785
vn -1 3.19578e-15 1.3491e-15
vn 1.03619e-07 -0.923879 0.382684
vn 2.04254e-07 -0.19509 0.980785
vn 2.65567e-07 -0.19509 0.980785
vn 2.50159e-07 -0.382684 0.923879
vn 2.25137e-07 -0.55557 0.83147
vn -1 3.19578e-15 1.3491e-15
vn 1.91464e-07 -0.707107 0.707107
vn 2.04254e-07 0.19509 0.980785
vn -2.7077e-07 8.89899e-08 -1
vn -1 3.19578e-15 1.3491e-15
vn -1.47653e-07 -0.19509 -0.980785
vn -2.65567e-07 -0.19509 -0.980785
vn -1 3.19578e-15 1.3491e-15
vn -1.91463e-07 -0.707107 -0.707107
vn -1.17914e-07 -0.382684 -0.923879
vn -1.16467e-07 -0.55557 -0.83147
vn -2.25137e-07 -0.555571 -0.831469
vn -1 3.19578e-15 1.3491e-15
vn -1.50432e-07 -0.83147 -0.55557
vn -1.2099e-15 -1 -5.35176e-09
vn -1.03619e-07 -0.92388 -0.382683
vn -5.28247e-08 -0.980785 -0.19509
vn -1 3.19578e-15 1.3491e-15
vn -5.28247e-08 -0.980785 -0.19509
vn 1.96699e-07 1.31563e-07 1
vn 2.25137e-07 -0.55557 0.83147
vn -1.91463e-07 -0.707107 -0.707107
vn -1.50432e-07 -0.83147 -0.55557
vn -1 3.19578e-15 1.3491e-15
vn 1.50432e-07 -0.831469 0.555571
vn 1.91463e-07 -0.707107 0.707107
vn 1.50432e-07 -0.831469 0.555571
vn 1.03619e-07 -0.923879 0.382684
vn 5.28247e-08 -0.980785 0.19509
vn -1 3.19578e-15 1.3491e-15
vn 5.28247e-08 -0.980785 0.19509
vn -1.03505e-14 -1 -3.9144e-08
vt 0.976562 -0.992188
vt 0.0078125 -0.0234375
vt 0.0078125 -0.0234375
vt 0.0078125 -0.992188
vt 0.0078125 -0.992188
vt 0.0234375 -0.0078125
vt 0.0078125 0.0078125
vt 0.0234375 0.992188
vt 0.0234375 0.992188
vt -0.992188 0.976562
vt -0.992188 0.976562
vt -0.0078125 0.992188
vt -0.0078125 0.992188
vt 1.97656 -1.99219
vt 1.00781 -0.992188
vt 1.00781 -0.992188
vt 1.02344 -0.0078125
vt 1.00781 0.976562
vt 1.00781 0.976562
vt 1.99219 0.0234375
vt 1.99219 0.0234375
vt 1.99219 1.99219
vt 0.0078125 1.00781
vt 0.0078125 1.00781
vt 0.0234375 1.99219
vt 0.0234375 1.99219
vt -0.0234375 1.00781
vt -0.0234375 1.00781
vt -0.976562 1.99219
vt -0.976562 1.99219
vt -1.00781 1.99219
vt -1.99219 0.976562
vt -1.99219 0.976562
vt -1.00781 0.0234375
vt -1.00781 0.0234375
vt -1.02344 -0.992188
vt -1.97656 -0.0078125
vt -1.99219 -1.02344
vt -1.99219 -1.02344
vt -1.00781 -1.00781
vt -1.00781 -1.00781
vt -0.992188 -1.99219
vt -0.992188 -1.99219
vt 0.976562 -1.99219
vt 2.97656 -2.99219
vt 2.99219 -1.97656
vt 2.99219 -1.97656
vt 2.00781 -0.992188
vt 2.00781 0.976562
vt 2.00781 0.976562
vt 2.02344 0.992188
vt 2.00781 1.00781
vt 2.99219 1.99219
vt 2.99219 1.99219
vt 2.99219 2.02344
vt 2.99219 2.02344
vt 1.00781 2.97656
vt 1.00781 2.97656
vt 1.02344 2.99219
vt 0.0078125 2.00781
vt 0.992188 2.99219
vt 0.992188 2.99219
vt -0.0234375 2.00781
vt -0.0234375 2.00781
vt -2.99219 2.00781
vt -2.97656 2.99219
vt -2.00781 1.02344
vt -2.00781 1.02344
vt -2.02344 0.0078125
vt -2.99219 -0.0234375
vt -2.99219 -0.0234375
vt -2.97656 -0.0078125
vt -2.02344 -1.99219
vt -2.00781 -1.97656
vt -2.00781 -1.97656
vt -2.00781 -2.97656
vt -2.00781 -2.97656
vt -1.99219 -2.02344
vt -1.99219 -2.02344
vt -1.97656 -2.00781
vt -0.0234375 -2.99219
vt -0.0078125 -2.97656
vt -0.0078125 -2.97656
vt 1.00781 -2.99219
vt 3.00781 -2.99219
vt 3.02344 -2.00781
vt 3.02344 -1.00781
vt 3.00781 0.976562
vt 3.00781 0.976562
vt 3.99219 0.992188
vt 3.02344 1.99219
vt 3.00781 2.00781
vt 3.99219 2.99219
vt 3.99219 2.99219
vt 2.99219 3.99219
vt 1.97656 3.00781
f 763/1675/1457 764/1676/1458 765/1678/1460
f 766/1680/1461 764/1676/1458 763/1675/1457
f 763/1675/1457 765/1678/1460 767/1681/1462
f 768/1682/1463 765/1679/1459 764/1677/1459
f 766/1680/1461 769/1684/1465 764/1676/1458
f 764/1677/1459 769/1685/1466 770/1686/1466
f 768/1682/1463 764/1677/1459 770/1686/1466
f 767/1681/1462 765/1678/1460 768/1683/1464
f 771/1688/1468 769/1684/1465 766/1680/1461
f 771/1688/1468 770/1687/1467 769/1684/1465
f 768/1682/1463 770/1686/1466 772/1689/1469
f 773/1691/1471 770/1687/1467 771/1688/1468
f 770/1686/1466 774/1692/1472 772/1689/1469
f 773/1691/1471 775/1694/1474 770/1687/1467
f 770/1686/1466 775/1695/1475 774/1692/1472
f 767/1681/1462 768/1683/1464 776/1696/1476
f 776/1696/1476 768/1683/1464 777/1697/1477
f 778/1699/1478 768/1682/1463 772/1689/1469
f 779/1701/1478 777/1698/1478 768/1682/1463
f 780/1703/1481 779/1701/1478 768/1682/1463
f 778/1699/1478 780/1703/1481 768/1682/1463
f 776/1696/1476 777/1697/1477 781/1705/1483
f 774/1692/1472 782/1706/1484 772/1689/1469
f 772/1689/1469 783/1708/1484 778/1699/1478
f 784/1710/1487 772/1690/1470 782/1707/1485
f 785/1711/1488 772/1690/1470 784/1710/1487
f 785/1711/1488 786/1712/1489 772/1690/1470
f 772/1689/1469 786/1713/1490 787/1714/1490
f 772/1689/1469 787/1714/1490 788/1716/1490
f 772/1689/1469 788/1716/1490 783/1708/1484
f 789/1718/1493 775/1694/1474 773/1691/1471
f 789/1718/1493 774/1693/1473 775/1694/1474
f 790/1719/1494 774/1693/1473 789/1718/1493
f 790/1719/1494 782/1707/1485 774/1693/1473
f 781/1705/1483 777/1697/1477 779/1702/1480
f 780/1703/1481 791/1720/1495 779/1701/1478
f 781/1705/1483 779/1702/1480 792/1722/1497
f 792/1722/1497 779/1702/1480 791/1721/1496
f 778/1699/1478 793/1723/1498 780/1703/1481
f 794/1725/1500 791/1721/1496 780/1704/1482
f 794/1725/1500 780/1704/1482 795/1726/1501
f 795/1726/1501 780/1704/1482 796/1727/1502
f 793/1723/1498 796/1728/1503 780/1703/1481
f 783/1708/1484 797/1729/1503 778/1699/1478
f 778/1699/1478 798/1731/1503 793/1723/1498
f 799/1733/1506 798/1732/1505 778/1700/1479
f 799/1733/1506 778/1700/1479 800/1734/1507
f 800/1734/1507 778/1700/1479 801/1735/1508
f 802/1737/1509 801/1736/1509 778/1699/1478
f 797/1729/1503 802/1737/1509 778/1699/1478
f 792/1722/1497 791/1721/1496 794/1725/1500
f 784/1710/1487 782/1707/1485 790/1719/1494
f 795/1726/1501 796/1727/1502 803/1739/1511
f 804/1740/1512 786/1712/1489 785/1711/1488
f 804/1740/1512 787/1715/1491 786/1712/1489
f 787/1714/1490 805/1741/1513 788/1716/1490
f 806/1743/1515 787/1715/1491 804/1740/1512
f 806/1743/1515 805/1742/1514 787/1715/1491
f 788/1716/1490 807/1744/1516 783/1708/1484
f 808/1746/1518 788/1717/1492 805/1742/1514
f 809/1747/1519 788/1717/1492 808/1746/1518
f 809/1747/1519 810/1748/1520 788/1717/1492
f 788/1716/1490 810/1749/1521 807/1744/1516
f 807/1744/1516 811/1750/1521 783/1708/1484
f 783/1708/1484 812/1752/1521 797/1729/1503
f 813/1754/1524 783/1709/1486 811/1751/1522
f 814/1755/1525 783/1709/1486 813/1754/1524
f 783/1708/1484 815/1756/1526 812/1752/1521
f 814/1755/1525 815/1757/1527 783/1709/1486
f 803/1739/1511 796/1727/1502 793/1724/1499
f 803/1739/1511 793/1724/1499 816/1758/1528
f 816/1758/1528 793/1724/1499 798/1732/1505
f 816/1758/1528 798/1732/1505 799/1733/1506
f 808/1746/1518 805/1742/1514 806/1743/1515
f 800/1734/1507 801/1735/1508 817/1759/1529
f 818/1760/1530 810/1748/1520 809/1747/1519
f 818/1760/1530 807/1745/1517 810/1748/1520
f 819/1761/1531 807/1745/1517 818/1760/1530
f 819/1761/1531 811/1751/1522 807/1745/1517
f 817/1759/1529 801/1735/1508 802/1738/1510
f 797/1729/1503 820/1762/1532 802/1737/1509
f 817/1759/1529 802/1738/1510 821/1764/1534
f 821/1764/1534 802/1738/1510 820/1763/1533
f 822/1765/1535 820/1763/1533 797/1730/1504
f 822/1765/1535 797/1730/1504 823/1766/1536
f 823/1766/1536 797/1730/1504 824/1767/1537
f 812/1752/1521 824/1768/1538 797/1729/1503
f 821/1764/1534 820/1763/1533 822/1765/1535
f 813/1754/1524 811/1751/1522 819/1761/1531
f 823/1766/1536 824/1767/1537 825/1769/1539
f 826/1770/1540 812/1753/1523 815/1757/1527
f 825/1769/1539 824/1767/1537 812/1753/1523
f 825/1769/1539 812/1753/1523 826/1770/1540
f 826/1770/1540 815/1757/1527 814/1755/1525
g Mesh_body_23
v -0.0055953 0.333667 0.233131 0.627451 0.627451 0.643137
v -0.0245038 0.333667 0.233131 0.627451 0.627451 0.643137
v -0.0245038 0.333437 0.235465 0.627451 0.627451 0.643137
v -0.0055953 0.333437 0.230798 0.627451 0.627451 0.643137
v -0.0055953 0.333437 0.235465 0.627451 0.627451 0.643137
v -0.0271447 0.331514 0.235082 0.627451 0.627451 0.643137
v -0.0245038 0.333437 0.230798 0.627451 0.627451 0.643137
v -0.0271447 0.331706 0.233131 0.627451 0.627451 0.643137
v -0.0271447 0.330945 0.236958 0.627451 0.627451 0.643137
v -0.0245038 0.332756 0.237708 0.627451 0.627451 0.643137
v -0.0055953 0.332756 0.228554 0.627451 0.627451 0.643137
v -0.0271447 0.331514 0.23118 0.627451 0.627451 0.643137
v -0.0245038 0.332756 0.228554 0.627451 0.627451 0.643137
v -0.0271447 0.328353 0.233131 0.627451 0.627451 0.643137
v -0.0271447 0.328225 0.231834 0.627451 0.627451 0.643137
v -0.0271447 0.328225 0.234428 0.627451 0.627451 0.643137
v -0.0055953 0.332756 0.237708 0.627451 0.627451 0.643137
v -0.0055953 0.331651 0.226487 0.627451 0.627451 0.643137
v -0.0271447 0.330945 0.229304 0.627451 0.627451 0.643137
v -0.0245038 0.331651 0.226487 0.627451 0.627451 0.643137
v -0.0271447 0.327847 0.230588 0.627451 0.627451 0.643137
v -0.0271447 0.330021 0.238687 0.627451 0.627451 0.643137
v -0.0245038 0.331651 0.239776 0.627451 0.627451 0.643137
v -0.0271447 0.327847 0.235675 0.627451 0.627451 0.643137
v -0.0055953 0.331651 0.239776 0.627451 0.627451 0.643137
v -0.0055953 0.330163 0.224674 0.627451 0.627451 0.643137
v -0.0271447 0.330021 0.227576 0.627451 0.627451 0.643137
v -0.0245038 0.330163 0.224674 0.627451 0.627451 0.643137
v -0.0271447 0.327233 0.229438 0.627451 0.627451 0.643137
v -0.0271447 0.328777 0.240202 0.627451 0.627451 0.643137
v -0.0245038 0.330163 0.241588 0.627451 0.627451 0.643137
v -0.0271447 0.327233 0.236824 0.627451 0.627451 0.643137
v -0.0055953 0.330163 0.241588 0.627451 0.627451 0.643137
v -0.0238858 0.325706 0.232336 0.627451 0.627451 0.643137
v -0.0238858 0.325474 0.231571 0.627451 0.627451 0.643137
v -0.0238858 0.325784 0.233131 0.627451 0.627451 0.643137
v -0.0055953 0.328351 0.223187 0.627451 0.627451 0.643137
v -0.0271447 0.328777 0.22606 0.627451 0.627451 0.643137
v -0.0271447 0.326406 0.228431 0.627451 0.627451 0.643137
v -0.0245038 0.328351 0.223187 0.627451 0.627451 0.643137
v -0.0271447 0.327262 0.241446 0.627451 0.627451 0.643137
v -0.0245038 0.328351 0.243076 0.627451 0.627451 0.643137
v -0.0271447 0.326406 0.237831 0.627451 0.627451 0.643137
v -0.0055953 0.328351 0.243076 0.627451 0.627451 0.643137
v -0.0238858 0.325097 0.230866 0.627451 0.627451 0.643137
v -0.0238858 0.325706 0.233927 0.627451 0.627451 0.643137
v -0.0238858 0.32459 0.230248 0.627451 0.627451 0.643137
v -0.0238858 0.325474 0.234692 0.627451 0.627451 0.643137
v -0.0055953 0.326283 0.222082 0.627451 0.627451 0.643137
v -0.0271447 0.327262 0.224817 0.627451 0.627451 0.643137
v -0.0271447 0.325399 0.227605 0.627451 0.627451 0.643137
v -0.0245038 0.326283 0.222082 0.627451 0.627451 0.643137
v -0.0271447 0.325533 0.24237 0.627451 0.627451 0.643137
v -0.0245038 0.326283 0.244181 0.627451 0.627451 0.643137
v -0.0271447 0.325399 0.238658 0.627451 0.627451 0.643137
v -0.0055953 0.326283 0.244181 0.627451 0.627451 0.643137
v -0.0238858 0.323972 0.229741 0.627451 0.627451 0.643137
v -0.0238858 0.325097 0.235397 0.627451 0.627451 0.643137
v -0.0271447 0.32425 0.22699 0.627451 0.627451 0.643137
v -0.0271447 0.325533 0.223892 0.627451 0.627451 0.643137
v -0.0238858 0.323267 0.229364 0.627451 0.627451 0.643137
v -0.0238858 0.32459 0.236015 0.627451 0.627451 0.643137
v -0.0245068 0.325292 0.232418 0.627451 0.627451 0.643137
v -0.0245068 0.325084 0.231732 0.627451 0.627451 0.643137
v -0.0245068 0.325362 0.233131 0.627451 0.627451 0.643137
v -0.0055953 0.32404 0.221401 0.627451 0.627451 0.643137
v -0.0245038 0.32404 0.221401 0.627451 0.627451 0.643137
v -0.0271447 0.323657 0.242939 0.627451 0.627451 0.643137
v -0.0245038 0.32404 0.244862 0.627451 0.627451 0.643137
v -0.0271447 0.32425 0.239272 0.627451 0.627451 0.643137
v -0.0055953 0.32404 0.244862 0.627451 0.627451 0.643137
v -0.0245068 0.324746 0.2311 0.627451 0.627451 0.643137
v -0.0245068 0.325292 0.233844 0.627451 0.627451 0.643137
v -0.0245068 0.324291 0.230546 0.627451 0.627451 0.643137
v -0.0245068 0.325084 0.23453 0.627451 0.627451 0.643137
v -0.0271447 0.323003 0.226612 0.627451 0.627451 0.643137
v -0.0271447 0.323657 0.223323 0.627451 0.627451 0.643137
v -0.0238858 0.322502 0.229132 0.627451 0.627451 0.643137
v -0.0238858 0.323972 0.236522 0.627451 0.627451 0.643137
v -0.0245068 0.323737 0.230092 0.627451 0.627451 0.643137
v -0.0245068 0.324746 0.235162 0.627451 0.627451 0.643137
v -0.0245068 0.323105 0.229754 0.627451 0.627451 0.643137
v -0.0245068 0.324291 0.235716 0.627451 0.627451 0.643137
v -0.0055953 0.321706 0.221171 0.627451 0.627451 0.643137
v -0.0245038 0.321706 0.221171 0.627451 0.627451 0.643137
v -0.0271447 0.321706 0.243131 0.627451 0.627451 0.643137
v -0.0245038 0.321706 0.245091 0.627451 0.627451 0.643137
v -0.0271447 0.323003 0.23965 0.627451 0.627451 0.643137
v -0.0055953 0.321706 0.245091 0.627451 0.627451 0.643137
v -0.025058 0.324775 0.232521 0.627451 0.627451 0.643137
v -0.025058 0.324597 0.231934 0.627451 0.627451 0.643137
v -0.025058 0.324835 0.233131 0.627451 0.627451 0.643137
v -0.025058 0.324308 0.231393 0.627451 0.627451 0.643137
v -0.025058 0.324775 0.233742 0.627451 0.627451 0.643137
v -0.0271447 0.321706 0.226484 0.627451 0.627451 0.643137
v -0.0238858 0.321706 0.229053 0.627451 0.627451 0.643137
v -0.0271447 0.321706 0.223131 0.627451 0.627451 0.643137
v -0.0238858 0.323267 0.236899 0.627451 0.627451 0.643137
v -0.025058 0.323919 0.230919 0.627451 0.627451 0.643137
v -0.025058 0.324597 0.234328 0.627451 0.627451 0.643137
v -0.0245068 0.32242 0.229546 0.627451 0.627451 0.643137
v -0.0245068 0.323737 0.236171 0.627451 0.627451 0.643137
v -0.025505 0.324258 0.232624 0.627451 0.627451 0.643137
v -0.025505 0.32411 0.232136 0.627451 0.627451 0.643137
v -0.025505 0.324308 0.233131 0.627451 0.627451 0.643137
v -0.025505 0.323869 0.231686 0.627451 0.627451 0.643137
v -0.025505 0.324258 0.233639 0.627451 0.627451 0.643137
v -0.025058 0.323445 0.23053 0.627451 0.627451 0.643137
v -0.025058 0.324308 0.234869 0.627451 0.627451 0.643137
v -0.025505 0.323546 0.231292 0.627451 0.627451 0.643137
v -0.025505 0.32411 0.234127 0.627451 0.627451 0.643137
v -0.0258479 0.322946 0.232885 0.627451 0.627451 0.643137
v -0.0258479 0.322874 0.232647 0.627451 0.627451 0.643137
v -0.0258479 0.322971 0.233131 0.627451 0.627451 0.643137
v -0.0258479 0.322758 0.232429 0.627451 0.627451 0.643137
v -0.0258479 0.322946 0.233378 0.627451 0.627451 0.643137
v -0.025505 0.323152 0.230968 0.627451 0.627451 0.643137
v -0.025058 0.323919 0.235343 0.627451 0.627451 0.643137
v -0.025505 0.323869 0.234576 0.627451 0.627451 0.643137
v -0.0258479 0.3226 0.232237 0.627451 0.627451 0.643137
v -0.0258479 0.322874 0.233615 0.627451 0.627451 0.643137
v -0.025058 0.322904 0.230241 0.627451 0.627451 0.643137
v -0.0258479 0.322409 0.23208 0.627451 0.627451 0.643137
v -0.025505 0.323546 0.234971 0.627451 0.627451 0.643137
v -0.025058 0.323445 0.235733 0.627451 0.627451 0.643137
v -0.0258479 0.322758 0.233834 0.627451 0.627451 0.643137
v -0.025505 0.322702 0.230728 0.627451 0.627451 0.643137
v -0.0245068 0.323105 0.236508 0.627451 0.627451 0.643137
v -0.0258479 0.32219 0.231963 0.627451 0.627451 0.643137
v -0.0245068 0.321706 0.229476 0.627451 0.627451 0.643137
v -0.0238858 0.322502 0.237131 0.627451 0.627451 0.643137
v -0.0271447 0.321706 0.239778 0.627451 0.627451 0.643137
v -0.0258479 0.3226 0.234025 0.627451 0.627451 0.643137
v -0.0258479 0.32219 0.234299 0.627451 0.627451 0.643137
v -0.0258479 0.321223 0.234299 0.627451 0.627451 0.643137
v -0.0055953 0.319373 0.221401 0.627451 0.627451 0.643137
v -0.0245038 0.319373 0.221401 0.627451 0.627451 0.643137
v -0.0271447 0.319755 0.242939 0.627451 0.627451 0.643137
v -0.0245038 0.319373 0.244862 0.627451 0.627451 0.643137
v -0.0055953 0.319373 0.244862 0.627451 0.627451 0.643137
v -0.025058 0.322317 0.230063 0.627451 0.627451 0.643137
v -0.025505 0.323152 0.235294 0.627451 0.627451 0.643137
v -0.025058 0.322904 0.236022 0.627451 0.627451 0.643137
v -0.025505 0.322214 0.23058 0.627451 0.627451 0.643137
v -0.0245068 0.32242 0.236716 0.627451 0.627451 0.643137
v -0.0271447 0.32041 0.226612 0.627451 0.627451 0.643137
v -0.0238858 0.320911 0.229132 0.627451 0.627451 0.643137
v -0.0271447 0.319755 0.223323 0.627451 0.627451 0.643137
v -0.0258479 0.322409 0.234182 0.627451 0.627451 0.643137
v -0.025505 0.322702 0.235534 0.627451 0.627451 0.643137
v -0.0258479 0.321953 0.231891 0.627451 0.627451 0.643137
v -0.025058 0.322317 0.2362 0.627451 0.627451 0.643137
v -0.025058 0.321706 0.230003 0.627451 0.627451 0.643137
v -0.0238858 0.321706 0.237209 0.627451 0.627451 0.643137
v -0.0258479 0.320538 0.232647 0.627451 0.627451 0.643137
v -0.0258479 0.321706 0.231867 0.627451 0.627451 0.643137
v -0.0258479 0.321223 0.231963 0.627451 0.627451 0.643137
v -0.025505 0.322214 0.235683 0.627451 0.627451 0.643137
v -0.025505 0.321706 0.23053 0.627451 0.627451 0.643137
v -0.0245068 0.321706 0.236787 0.627451 0.627451 0.643137
v -0.0245068 0.320993 0.229546 0.627451 0.627451 0.643137
v -0.0271447 0.32041 0.23965 0.627451 0.627451 0.643137
v -0.025058 0.321706 0.23626 0.627451 0.627451 0.643137
v -0.0258479 0.321706 0.234395 0.627451 0.627451 0.643137
v -0.0258479 0.321953 0.234371 0.627451 0.627451 0.643137
v -0.0258479 0.320538 0.233615 0.627451 0.627451 0.643137
v -0.0258479 0.32146 0.234371 0.627451 0.627451 0.643137
v -0.025505 0.320711 0.235534 0.627451 0.627451 0.643137
v -0.025505 0.320261 0.235294 0.627451 0.627451 0.643137
v -0.0258479 0.320812 0.234025 0.627451 0.627451 0.643137
v -0.0258479 0.321004 0.234182 0.627451 0.627451 0.643137
v -0.025505 0.321706 0.235733 0.627451 0.627451 0.643137
v -0.025058 0.321096 0.230063 0.627451 0.627451 0.643137
v -0.0238858 0.320911 0.237131 0.627451 0.627451 0.643137
v -0.025505 0.321199 0.23058 0.627451 0.627451 0.643137
v -0.0245068 0.320993 0.236716 0.627451 0.627451 0.643137
v -0.0258479 0.32146 0.231891 0.627451 0.627451 0.643137
v -0.025058 0.321096 0.2362 0.627451 0.627451 0.643137
v -0.025505 0.321199 0.235683 0.627451 0.627451 0.643137
v -0.0258479 0.320812 0.232237 0.627451 0.627451 0.643137
v -0.025505 0.320711 0.230728 0.627451 0.627451 0.643137
v -0.0258479 0.321004 0.23208 0.627451 0.627451 0.643137
v -0.0258479 0.320655 0.232429 0.627451 0.627451 0.643137
v -0.0258479 0.320442 0.233131 0.627451 0.627451 0.643137
v -0.025505 0.319543 0.231686 0.627451 0.627451 0.643137
v -0.025505 0.319303 0.232136 0.627451 0.627451 0.643137
v -0.0258479 0.320466 0.232885 0.627451 0.627451 0.643137
v -0.0271447 0.319163 0.22699 0.627451 0.627451 0.643137
v -0.0238858 0.320146 0.229364 0.627451 0.627451 0.643137
v -0.0245038 0.317129 0.222082 0.627451 0.627451 0.643137
v -0.0055953 0.317129 0.222082 0.627451 0.627451 0.643137
v -0.0271447 0.31788 0.223892 0.627451 0.627451 0.643137
v -0.0245068 0.320308 0.229754 0.627451 0.627451 0.643137
v -0.0271447 0.31788 0.24237 0.627451 0.627451 0.643137
v -0.0271447 0.319163 0.239272 0.627451 0.627451 0.643137
v -0.025058 0.320509 0.236022 0.627451 0.627451 0.643137
v -0.0245068 0.320308 0.236508 0.627451 0.627451 0.643137
v -0.025058 0.320509 0.230241 0.627451 0.627451 0.643137
v -0.0238858 0.320146 0.236899 0.627451 0.627451 0.643137
v -0.0245038 0.317129 0.244181 0.627451 0.627451 0.643137
v -0.0055953 0.317129 0.244181 0.627451 0.627451 0.643137
v -0.025058 0.319968 0.235733 0.627451 0.627451 0.643137
v -0.025505 0.320261 0.230968 0.627451 0.627451 0.643137
v -0.025505 0.319867 0.231292 0.627451 0.627451 0.643137
v -0.025505 0.319867 0.234971 0.627451 0.627451 0.643137
v -0.0258479 0.320655 0.233834 0.627451 0.627451 0.643137
v -0.025505 0.319543 0.234576 0.627451 0.627451 0.643137
v -0.025058 0.319494 0.235343 0.627451 0.627451 0.643137
v -0.025505 0.319303 0.234127 0.627451 0.627451 0.643137
v -0.025505 0.319155 0.233639 0.627451 0.627451 0.643137
v -0.0258479 0.320466 0.233378 0.627451 0.627451 0.643137
v -0.0245068 0.319676 0.236171 0.627451 0.627451 0.643137
v -0.025058 0.319968 0.23053 0.627451 0.627451 0.643137
v -0.0238858 0.319441 0.236522 0.627451 0.627451 0.643137
v -0.025058 0.319105 0.234869 0.627451 0.627451 0.643137
v -0.0245068 0.319676 0.230092 0.627451 0.627451 0.643137
v -0.0271447 0.318014 0.238658 0.627451 0.627451 0.643137
v -0.0238858 0.319441 0.229741 0.627451 0.627451 0.643137
v -0.0271447 0.316151 0.241446 0.627451 0.627451 0.643137
v -0.025058 0.319494 0.230919 0.627451 0.627451 0.643137
v -0.025058 0.318816 0.234328 0.627451 0.627451 0.643137
v -0.0245068 0.319122 0.235716 0.627451 0.627451 0.643137
v -0.025058 0.319105 0.231393 0.627451 0.627451 0.643137
v -0.025058 0.318638 0.233742 0.627451 0.627451 0.643137
v -0.025505 0.319155 0.232624 0.627451 0.627451 0.643137
v -0.025505 0.319105 0.233131 0.627451 0.627451 0.643137
v -0.025058 0.318816 0.231934 0.627451 0.627451 0.643137
v -0.025058 0.318578 0.233131 0.627451 0.627451 0.643137
v -0.0238858 0.318823 0.236015 0.627451 0.627451 0.643137
v -0.025058 0.318638 0.232521 0.627451 0.627451 0.643137
v -0.0271447 0.318014 0.227605 0.627451 0.627451 0.643137
v -0.0245068 0.319122 0.230546 0.627451 0.627451 0.643137
v -0.0271447 0.317006 0.237831 0.627451 0.627451 0.643137
v -0.0245068 0.318667 0.235162 0.627451 0.627451 0.643137
v -0.0238858 0.318823 0.230248 0.627451 0.627451 0.643137
v -0.0271447 0.314635 0.240202 0.627451 0.627451 0.643137
v -0.0238858 0.318316 0.235397 0.627451 0.627451 0.643137
v -0.0245068 0.318329 0.23453 0.627451 0.627451 0.643137
v -0.0245038 0.315062 0.223187 0.627451 0.627451 0.643137
v -0.0055953 0.315062 0.223187 0.627451 0.627451 0.643137
v -0.0271447 0.316151 0.224817 0.627451 0.627451 0.643137
v -0.0245068 0.318667 0.2311 0.627451 0.627451 0.643137
v -0.0271447 0.31618 0.236824 0.627451 0.627451 0.643137
v -0.0245068 0.318121 0.233844 0.627451 0.627451 0.643137
v -0.0238858 0.317939 0.234692 0.627451 0.627451 0.643137
v -0.0271447 0.317006 0.228431 0.627451 0.627451 0.643137
v -0.0238858 0.318316 0.230866 0.627451 0.627451 0.643137
v -0.0271447 0.313392 0.238687 0.627451 0.627451 0.643137
v -0.0245038 0.315062 0.243076 0.627451 0.627451 0.643137
v -0.0055953 0.315062 0.243076 0.627451 0.627451 0.643137
v -0.0245068 0.318329 0.231732 0.627451 0.627451 0.643137
v -0.0245068 0.318051 0.233131 0.627451 0.627451 0.643137
v -0.0245068 0.318121 0.232418 0.627451 0.627451 0.643137
v -0.0271447 0.315566 0.235675 0.627451 0.627451 0.643137
v -0.0238858 0.317707 0.233927 0.627451 0.627451 0.643137
v -0.0271447 0.31618 0.229438 0.627451 0.627451 0.643137
v -0.0238858 0.317939 0.231571 0.627451 0.627451 0.643137
v -0.0271447 0.314635 0.22606 0.627451 0.627451 0.643137
v -0.0271447 0.312468 0.236958 0.627451 0.627451 0.643137
v -0.0238858 0.317628 0.233131 0.627451 0.627451 0.643137
v -0.0271447 0.315187 0.234428 0.627451 0.627451 0.643137
v -0.0238858 0.317707 0.232336 0.627451 0.627451 0.643137
v -0.0271447 0.315566 0.230588 0.627451 0.627451 0.643137
v -0.0271447 0.31506 0.233131 0.627451 0.627451 0.643137
v -0.0271447 0.313392 0.227576 0.627451 0.627451 0.643137
v -0.0271447 0.311899 0.235082 0.627451 0.627451 0.643137
v -0.0271447 0.315187 0.231834 0.627451 0.627451 0.643137
v -0.0245038 0.313249 0.224674 0.627451 0.627451 0.643137
v -0.0245038 0.313249 0.241588 0.627451 0.627451 0.643137
v -0.0271447 0.312468 0.229304 0.627451 0.627451 0.643137
v -0.0271447 0.311706 0.233131 0.627451 0.627451 0.643137
v -0.0055953 0.313249 0.224674 0.627451 0.627451 0.643137
v -0.0271447 0.311899 0.23118 0.627451 0.627451 0.643137
v -0.0055953 0.313249 0.241588 0.627451 0.627451 0.643137
v -0.0245038 0.311762 0.226487 0.627451 0.627451 0.643137
v -0.0245038 0.311762 0.239776 0.627451 0.627451 0.643137
v -0.0245038 0.310657 0.228554 0.627451 0.627451 0.643137
v -0.0245038 0.310657 0.237708 0.627451 0.627451 0.643137
v -0.0055953 0.311762 0.226487 0.627451 0.627451 0.643137
v -0.0245038 0.309976 0.230798 0.627451 0.627451 0.643137
v -0.0245038 0.309976 0.235465 0.627451 0.627451 0.643137
v -0.0245038 0.309746 0.233131 0.627451 0.627451 0.643137
v -0.0055953 0.311762 0.239776 0.627451 0.627451 0.643137
v -0.0055953 0.310657 0.228554 0.627451 0.627451 0.643137
v -0.0055953 0.309976 0.230798 0.627451 0.627451 0.643137
v -0.0055953 0.310657 0.237708 0.627451 0.627451 0.643137
v -0.0055953 0.309746 0.233131 0.627451 0.627451 0.643137
v -0.0055953 0.309976 0.235465 0.627451 0.627451 0.643137
vn -5.72175e-09 1 -4.59223e-08
vn -1.4597e-16 1 -3.55105e-17
vn -0.59599 0.802992 -4.67456e-09
vn -1.88773e-08 0.980785 0.19509
vn -0.59599 0.787563 0.156656
vn -1.58896e-16 0.980785 -0.195091
vn -7.6537e-09 0.980785 0.19509
vn -0.59599 0.787563 0.156656
vn -1 2.78943e-06 5.54852e-07
vn -1.58896e-16 0.980785 -0.195091
vn -0.59599 0.787563 -0.156656
vn -0.59599 0.802992 -6.0543e-09
vn -1 2.84408e-06 1.92571e-14
vn -0.59599 0.741868 0.307292
vn -1 2.62758e-06 1.08838e-06
vn -1.69453e-08 0.92388 0.382683
vn -0.59599 0.741868 0.307292
vn -9.33373e-17 0.92388 -0.382683
vn -0.59599 0.787563 -0.156656
vn -1 2.78943e-06 -5.54852e-07
vn -9.33373e-17 0.92388 -0.382683
vn -0.59599 0.741868 -0.307292
vn -1 2.84408e-06 1.92571e-14
vn -0.619059 -0.785344 -1.069e-07
vn -1 2.78943e-06 -5.54852e-07
vn -0.619059 -0.770254 0.153213
vn -1 2.78943e-06 5.54852e-07
vn -0.619059 -0.770254 -0.153213
vn -2.75177e-08 0.92388 0.382683
vn -8.89995e-17 0.83147 -0.55557
vn -0.59599 0.741868 -0.307292
vn -1 2.62758e-06 -1.08838e-06
vn -8.89995e-17 0.83147 -0.55557
vn -0.595989 0.667664 -0.446118
vn -1 2.62758e-06 -1.08838e-06
vn -0.619059 -0.725564 0.300538
vn -0.59599 0.667663 0.446119
vn -1 2.36476e-06 1.58008e-06
vn -4.25344e-08 0.83147 0.55557
vn -0.59599 0.667663 0.446119
vn -1 2.62758e-06 1.08838e-06
vn -0.619059 -0.725564 -0.300538
vn -3.30195e-08 0.83147 0.55557
vn 5.70199e-19 0.707107 -0.707107
vn -0.59599 0.667664 -0.446118
vn -1 2.36476e-06 -1.58008e-06
vn 4.51244e-08 0.707107 -0.707107
vn -0.59599 0.567801 -0.567801
vn -1 2.36476e-06 -1.58008e-06
vn -0.619059 -0.65299 0.436314
vn -0.59599 0.567801 0.567801
vn -1 2.01106e-06 2.01106e-06
vn -3.70326e-08 0.707107 0.707107
vn -0.59599 0.567801 0.567801
vn -1 2.36476e-06 1.58008e-06
vn -0.619059 -0.65299 -0.436314
vn -4.51244e-08 0.707107 0.707107
vn -0.619059 -0.770254 0.153213
vn -0.562509 0.810905 -0.161299
vn -0.619059 -0.725564 0.300538
vn -0.562509 0.763856 -0.316399
vn -0.619059 -0.785344 -6.90985e-09
vn -0.562508 0.826792 -1.53062e-07
vn 5.9716e-08 0.55557 -0.83147
vn -0.59599 0.567801 -0.567801
vn -1 2.01106e-06 -2.01106e-06
vn -0.619059 -0.555322 0.555322
vn 5.33583e-08 0.55557 -0.83147
vn -0.59599 0.446118 -0.667664
vn -0.59599 0.446118 0.667664
vn -1 1.58008e-06 2.36476e-06
vn -5.9716e-08 0.55557 0.831469
vn -0.59599 0.446119 0.667664
vn -1 2.01106e-06 2.01106e-06
vn -0.619059 -0.555322 -0.555322
vn -5.33583e-08 0.55557 0.83147
vn -0.619059 -0.65299 0.436314
vn -0.562508 0.687452 -0.459341
vn -0.619059 -0.770254 -0.153213
vn -0.562509 0.810905 0.161299
vn -0.619059 -0.555323 0.555322
vn -0.562509 0.58463 -0.584629
vn -0.619059 -0.725564 -0.300538
vn -0.562509 0.763856 0.316399
vn 5.14821e-08 0.382684 -0.923879
vn -0.59599 0.446118 -0.667664
vn -1 1.58008e-06 -2.36476e-06
vn -0.619059 -0.436314 0.65299
vn -0.595989 0.307292 -0.741868
vn -3.44139e-17 0.382683 -0.92388
vn -0.59599 0.307292 0.741868
vn -1 1.08838e-06 2.62758e-06
vn -5.14821e-08 0.382683 0.92388
vn -0.59599 0.307292 0.741868
vn -1 1.58008e-06 2.36476e-06
vn -0.619059 -0.436314 -0.65299
vn -3.60138e-17 0.382683 0.92388
vn -0.619059 -0.436314 0.65299
vn -0.562508 0.459341 -0.687452
vn -0.619059 -0.65299 -0.436314
vn -0.562509 0.687452 0.459341
vn -1 1.08838e-06 -2.62758e-06
vn -0.619059 -0.300538 0.725564
vn -0.595989 0.307292 -0.741868
vn -1 1.08838e-06 -2.62758e-06
vn -0.619059 -0.300538 0.725564
vn -0.562507 0.3164 -0.763857
vn -0.619059 -0.555322 -0.555322
vn -0.562508 0.58463 0.58463
vn -0.626376 0.764543 -0.152078
vn -0.626376 0.720183 -0.298309
vn -0.626376 0.779521 -7.88379e-08
vn -5.41303e-17 0.19509 -0.980785
vn -0.595989 0.156656 -0.787563
vn -0.59599 0.156656 0.787563
vn -1 5.54851e-07 2.78943e-06
vn -1.8267e-17 0.19509 0.980785
vn -0.59599 0.156656 0.787563
vn -1 1.08838e-06 2.62758e-06
vn -0.619059 -0.300538 -0.725564
vn -1.8267e-17 0.19509 0.980785
vn -0.626376 0.648148 -0.433079
vn -0.626376 0.764543 0.152077
vn -0.626376 0.551205 -0.551204
vn -0.626376 0.720183 0.29831
vn -1 5.54854e-07 -2.78943e-06
vn -0.619059 -0.153214 0.770254
vn -0.59599 0.156656 -0.787563
vn -1 5.54854e-07 -2.78943e-06
vn -0.619059 -0.153214 0.770254
vn -0.562508 0.1613 -0.810905
vn -0.619059 -0.436314 -0.652989
vn -0.562508 0.459341 0.687452
vn -0.626377 0.433079 -0.648147
vn -0.626376 0.648148 0.433079
vn -0.626376 0.29831 -0.720183
vn -0.626376 0.551205 0.551205
vn -4.93754e-17 -2.66329e-17 -1
vn -0.59599 -8.01663e-08 -0.802992
vn -0.59599 -1.14981e-08 0.802992
vn -1 2.43028e-13 2.84407e-06
vn 1.84803e-34 -2.21941e-18 1
vn -0.59599 -1.0311e-08 0.802992
vn -1 5.54851e-07 2.78943e-06
vn -0.619059 -0.153213 -0.770254
vn 1.84803e-34 -2.21941e-18 1
vn -0.726215 0.674258 -0.134119
vn -0.726215 0.635137 -0.263082
vn -0.726215 0.687468 -5.22325e-08
vn -0.726215 0.571608 -0.381936
vn -0.726215 0.674258 0.134118
vn -1 -5.92686e-13 -2.84408e-06
vn -0.619059 -4.58958e-08 0.785344
vn -0.619059 -7.57137e-08 0.785344
vn -0.562508 1.29345e-07 -0.826792
vn -0.59599 -1.01972e-07 -0.802992
vn -1 -5.92686e-13 -2.84408e-06
vn -0.619059 -0.300539 -0.725563
vn -0.562509 0.3164 0.763855
vn -0.726215 0.486113 -0.486113
vn -0.726215 0.635137 0.263082
vn -0.626376 0.152077 -0.764543
vn -0.626376 0.433079 0.648148
vn -0.762726 0.634295 -0.126169
vn -0.968662 0.24361 -0.048457
vn -0.762725 0.597493 -0.247491
vn -0.968662 0.229475 -0.095052
vn -0.762726 0.646722 -8.9816e-08
vn -0.968662 0.248383 -5.75878e-08
vn -0.762726 0.53773 -0.359299
vn -0.968662 0.206523 -0.137994
vn -0.762726 0.634295 0.126169
vn -0.968662 0.24361 0.0484571
vn -0.726215 0.381937 -0.571608
vn -0.726215 0.571608 0.381937
vn -0.762725 0.457302 -0.457302
vn -0.968662 0.175633 -0.175633
vn -0.762726 0.597493 0.24749
vn -0.968662 0.229476 0.0950519
vn -0.991135 0.130308 -0.02592
vn -0.991135 0.122748 -0.0508439
vn -0.991135 0.132861 -6.37104e-08
vn -0.991135 0.11047 -0.0738135
vn -0.991135 0.130308 0.0259201
vn -0.762725 0.3593 -0.53773
vn -0.968662 0.137994 -0.206523
vn -0.726215 0.486113 0.486113
vn -0.762726 0.53773 0.359299
vn -0.968662 0.206523 0.137994
vn -0.991135 0.0939474 -0.0939471
vn -0.991135 0.122748 0.0508438
vn -0.726216 0.263082 -0.635137
vn -0.991135 0.0738136 -0.110471
vn -0.762725 0.457303 0.457302
vn -0.968662 0.175633 0.175633
vn -0.726215 0.381937 0.571609
vn -0.991135 0.11047 0.0738137
vn -0.762725 0.24749 -0.597494
vn -0.968662 0.0950518 -0.229476
vn -0.626376 0.29831 0.720183
vn -0.991135 0.0508435 -0.122748
vn -0.626376 -2.04223e-07 -0.779521
vn -0.619059 -0.153213 -0.770254
vn -0.56251 0.161298 0.810904
vn -1 2.43028e-13 2.84407e-06
vn -0.619059 1.71445e-07 -0.785344
vn -0.991135 0.0939469 0.0939471
vn -0.991135 0.0508441 0.122748
vn -0.991135 -0.050844 0.122748
vn -3.02386e-17 -0.19509 -0.980785
vn -0.59599 -0.156656 -0.787563
vn -0.59599 -0.156656 0.787563
vn -1 -5.54853e-07 2.78943e-06
vn 5.6247e-18 -0.19509 0.980785
vn -0.59599 -0.156656 0.787563
vn -0.726216 0.134119 -0.674257
vn -0.762725 0.359299 0.53773
vn -0.968662 0.137994 0.206522
vn -0.726215 0.263082 0.635138
vn -0.762725 0.12617 -0.634296
vn -0.968662 0.0484573 -0.24361
vn -0.626377 0.152077 0.764542
vn -1 -5.54853e-07 -2.78943e-06
vn -0.619059 0.153214 0.770254
vn -0.619059 0.153214 0.770254
vn -0.562508 -0.1613 -0.810905
vn -1 -5.54853e-07 -2.78943e-06
vn -0.595989 -0.156656 -0.787563
vn -0.991135 0.0738138 0.11047
vn -0.762725 0.24749 0.597494
vn -0.968662 0.0950518 0.229476
vn -0.991135 0.02592 -0.130308
vn -0.726215 0.134118 0.674258
vn -0.726215 -2.91919e-07 -0.687467
vn -0.562509 4.34664e-07 0.826791
vn -0.619059 3.14607e-07 -0.785344
vn -0.991135 -0.122748 -0.050844
vn -0.991135 1.43033e-08 -0.132861
vn -0.991135 -0.0508434 -0.122748
vn -0.762726 0.126169 0.634296
vn -0.968662 0.0484568 0.24361
vn -0.762726 2.84938e-07 -0.646722
vn -0.968662 1.11796e-08 -0.248382
vn -0.626376 2.83785e-07 0.779521
vn -0.626377 -0.152077 -0.764542
vn -0.619059 0.153213 -0.770254
vn -1 -5.54853e-07 2.78943e-06
vn -0.726215 -1.30735e-07 0.687468
vn -0.991135 6.24249e-08 0.132861
vn -0.991135 0.02592 0.130308
vn -0.991135 -0.122748 0.0508438
vn -0.991135 -0.02592 0.130308
vn -0.968662 -0.0950518 0.229476
vn -0.762725 -0.24749 0.597494
vn -0.968662 -0.137994 0.206523
vn -0.762725 -0.359299 0.53773
vn -0.991135 -0.093947 0.0939471
vn -0.991135 -0.0738138 0.11047
vn -0.762726 -4.11582e-07 0.646722
vn -0.968662 4.87921e-08 0.248383
vn -0.726215 -0.134119 -0.674258
vn -0.56251 -0.161299 0.810904
vn -0.619059 0.153213 -0.770254
vn -0.762725 -0.12617 -0.634296
vn -0.968662 -0.0484573 -0.24361
vn -0.626377 -0.152077 0.764542
vn -0.991135 -0.02592 -0.130308
vn -0.726215 -0.134118 0.674258
vn -0.968662 -0.0484569 0.24361
vn -0.762725 -0.126169 0.634296
vn -0.991135 -0.0939475 -0.0939471
vn -0.968662 -0.0950518 -0.229476
vn -0.762725 -0.24749 -0.597494
vn -0.991135 -0.0738136 -0.11047
vn -0.991135 -0.11047 -0.0738136
vn -0.991135 -0.132861 -6.18877e-08
vn -0.968662 -0.206523 -0.137994
vn -0.762726 -0.537729 -0.3593
vn -0.968662 -0.229475 -0.0950521
vn -0.762726 -0.597493 -0.24749
vn -0.991135 -0.130308 -0.02592
vn -1 -1.08838e-06 -2.62758e-06
vn -0.619059 0.300538 0.725564
vn -0.619059 0.300538 0.725564
vn -0.562507 -0.3164 -0.763856
vn -0.595989 -0.307292 -0.741868
vn 5.14821e-08 -0.382683 -0.92388
vn 1.24513e-17 -0.382684 -0.923879
vn -1 -1.08838e-06 -2.62758e-06
vn -0.595989 -0.307292 -0.741868
vn -0.626376 -0.29831 -0.720183
vn -1 -1.08838e-06 2.62758e-06
vn -0.59599 -0.307291 0.741868
vn -0.619059 0.300538 -0.725564
vn -1 -1.08838e-06 2.62758e-06
vn -0.726215 -0.263082 0.635138
vn -0.626376 -0.29831 0.720183
vn -0.726216 -0.263082 -0.635137
vn -0.562509 -0.3164 0.763855
vn -0.619059 0.300539 -0.725563
vn 1.24513e-17 -0.382683 0.92388
vn -0.59599 -0.307292 0.741868
vn -5.14821e-08 -0.382683 0.92388
vn -0.726215 -0.381937 0.571609
vn -0.968662 -0.137994 -0.206523
vn -0.762725 -0.359299 -0.53773
vn -0.968662 -0.175633 -0.175633
vn -0.762725 -0.457303 -0.457301
vn -0.968662 -0.175633 0.175633
vn -0.762725 -0.457302 0.457302
vn -0.991135 -0.11047 0.0738138
vn -0.968662 -0.206523 0.137994
vn -0.762726 -0.53773 0.359298
vn -0.726215 -0.486113 0.486113
vn -0.968662 -0.229476 0.095052
vn -0.762726 -0.597493 0.24749
vn -0.968662 -0.24361 0.0484572
vn -0.762726 -0.634295 0.12617
vn -0.991135 -0.130308 0.0259201
vn -0.626376 -0.433079 0.648148
vn -0.726215 -0.381936 -0.571608
vn -0.562508 -0.459341 0.687452
vn -0.619059 0.436314 -0.652989
vn -0.726215 -0.571608 0.381937
vn -0.626376 -0.433079 -0.648148
vn -0.619059 0.436314 -0.65299
vn -1 -1.58008e-06 2.36476e-06
vn -0.619059 0.436314 0.65299
vn -0.562509 -0.459341 -0.687452
vn -1 -1.58008e-06 2.36476e-06
vn -0.59599 -0.446119 0.667663
vn -0.726215 -0.486113 -0.486113
vn -0.726215 -0.635137 0.263082
vn -0.626376 -0.551205 0.551205
vn -0.726215 -0.571608 -0.381937
vn -0.726215 -0.674258 0.134118
vn -0.968662 -0.24361 -0.0484571
vn -0.762726 -0.634295 -0.126169
vn -0.968662 -0.248383 -5.61632e-08
vn -0.762726 -0.646722 -1.31149e-07
vn -0.726215 -0.635137 -0.263082
vn -0.726215 -0.687468 -1.57128e-07
vn -0.562508 -0.58463 0.58463
vn -0.619059 0.555322 -0.555322
vn -0.726215 -0.674258 -0.134118
vn -0.619059 0.436314 0.65299
vn -1 -1.58008e-06 -2.36476e-06
vn -0.626376 -0.551204 -0.551204
vn -0.619059 0.555322 -0.555322
vn -1 -2.01107e-06 2.01106e-06
vn -0.626376 -0.648148 0.433079
vn -0.562509 -0.58463 -0.58463
vn -0.619059 0.555323 0.555322
vn -1 -2.01107e-06 2.01106e-06
vn -0.59599 -0.567801 0.567801
vn -0.562509 -0.687452 0.459341
vn -0.619059 0.65299 -0.436314
vn -0.626376 -0.720184 0.29831
vn -0.59599 -0.446119 -0.667664
vn 5.9716e-08 -0.55557 -0.83147
vn 5.33584e-08 -0.55557 -0.83147
vn -1 -1.58008e-06 -2.36476e-06
vn -0.59599 -0.446119 -0.667663
vn -0.626376 -0.648148 -0.433079
vn -0.619059 0.65299 -0.436314
vn -1 -2.36476e-06 1.58008e-06
vn -0.626376 -0.764543 0.152077
vn -0.562509 -0.763856 0.316399
vn -0.619059 0.725564 -0.300538
vn -0.619059 0.555322 0.555322
vn -1 -2.01106e-06 -2.01106e-06
vn -0.562508 -0.687453 -0.45934
vn -0.619059 0.65299 0.436314
vn -1 -2.36476e-06 1.58008e-06
vn -0.59599 -0.667663 0.446119
vn -5.33584e-08 -0.55557 0.83147
vn -0.59599 -0.446119 0.667663
vn -5.9716e-08 -0.55557 0.83147
vn -0.626376 -0.720184 -0.29831
vn -0.626376 -0.779521 -8.98917e-08
vn -0.626376 -0.764543 -0.152078
vn -0.619059 0.725564 -0.300538
vn -1 -2.62758e-06 1.08838e-06
vn -0.562509 -0.810905 0.161299
vn -0.619059 0.770254 -0.153213
vn -0.619059 0.65299 0.436314
vn -1 -2.36476e-06 -1.58008e-06
vn -0.562509 -0.763856 -0.3164
vn -0.619059 0.725564 0.300539
vn -1 -2.01106e-06 -2.01106e-06
vn -0.59599 -0.567801 -0.567801
vn -1 -2.62758e-06 1.08838e-06
vn -0.59599 -0.741868 0.307292
vn -0.562509 -0.826791 -6.65896e-08
vn -0.619059 0.785344 -7.82693e-09
vn -0.619059 0.770254 -0.153213
vn -1 -2.78943e-06 5.54852e-07
vn -0.562509 -0.810905 -0.161299
vn -0.619059 0.770254 0.153214
vn -0.619059 0.725564 0.300538
vn -1 -2.62758e-06 -1.08838e-06
vn -0.619059 0.785344 -1.07411e-07
vn -1 -2.84407e-06 2.39193e-13
vn -1 -2.36476e-06 -1.58008e-06
vn -0.595989 -0.667664 -0.446119
vn -1 -2.78943e-06 5.54852e-07
vn -0.59599 -0.787563 0.156656
vn -0.619059 0.770254 0.153213
vn -1 -2.78943e-06 -5.54852e-07
vn -0.59599 -0.567801 -0.567801
vn 8.58172e-17 -0.707107 -0.707107
vn -0.59599 -0.567801 0.567801
vn -4.51244e-08 -0.707107 0.707107
vn -1 -2.62758e-06 -1.08838e-06
vn -0.59599 -0.741868 -0.307292
vn -1 -2.84407e-06 2.39193e-13
vn -0.59599 -0.802992 6.0543e-09
vn 4.51244e-08 -0.707107 -0.707107
vn -1 -2.78943e-06 -5.54852e-07
vn -0.59599 -0.787563 -0.156656
vn -3.70327e-08 -0.707107 0.707107
vn -0.59599 -0.667664 -0.446118
vn 6.32339e-17 -0.83147 -0.55557
vn -0.59599 -0.667663 0.446119
vn -3.30195e-08 -0.83147 0.55557
vn -0.595989 -0.741868 -0.307292
vn -2.41576e-17 -0.92388 -0.382683
vn -0.59599 -0.741868 0.307292
vn -2.75177e-08 -0.92388 0.382683
vn 6.32339e-17 -0.83147 -0.55557
vn -0.59599 -0.787563 -0.156656
vn -3.47761e-17 -0.980785 -0.195091
vn -0.59599 -0.787563 0.156656
vn -7.65371e-09 -0.980785 0.19509
vn -0.59599 -0.802992 4.67457e-09
vn -5.72175e-09 -1 -3.91403e-09
vn -4.25344e-08 -0.83147 0.55557
vn -2.41576e-17 -0.92388 -0.382683
vn -3.47761e-17 -0.980785 -0.195091
vn -1.69454e-08 -0.92388 0.382683
vn -2.35052e-17 -1 -4.98363e-08
vn -1.88773e-08 -0.980785 0.19509
vt 0.976562 -0.992188
vt 0.0078125 -0.0234375
vt 0.0078125 -0.0234375
vt 0.0078125 -0.992188
vt 0.0078125 -0.992188
vt 0.0234375 -0.0078125
vt 0.0078125 0.0078125
vt 0.992188 0.0234375
vt 0.992188 0.0234375
vt -0.992188 0.976562
vt -0.992188 0.976562
vt -0.0078125 0.0234375
vt -0.0078125 0.0234375
vt -0.0078125 -0.0078125
vt -0.0078125 -0.0078125
vt 1.00781 -1.99219
vt 1.00781 -1.99219
vt 1.97656 -0.992188
vt 1.99219 -0.976562
vt 1.99219 -0.976562
vt 1.00781 0.976562
vt 1.00781 0.976562
vt 1.00781 1.00781
vt 1.00781 1.00781
vt 1.99219 1.99219
vt 1.99219 1.99219
vt 0.992188 1.99219
vt 0.992188 1.99219
vt -0.0078125 1.99219
vt -1.02344 1.00781
vt -1.00781 1.02344
vt -1.00781 1.02344
vt -1.99219 0.976562
vt -1.99219 0.976562
vt -1.99219 -0.992188
vt -1.99219 -0.992188
vt -1.99219 -1.99219
vt -1.99219 -1.99219
vt -1.00781 -1.00781
vt -1.00781 -1.00781
vt -0.0078125 -1.00781
vt -0.0078125 -1.00781
vt 0.992188 -1.00781
vt 2.97656 -2.99219
vt 2.99219 -2.97656
vt 2.99219 -2.97656
vt 2.00781 -1.02344
vt 2.00781 -1.02344
vt 2.00781 -0.992188
vt 2.00781 -0.992188
vt 2.00781 0.0078125
vt 2.00781 0.0078125
vt 2.99219 0.992188
vt 2.99219 0.992188
vt 2.99219 1.99219
vt 2.99219 1.99219
vt 2.99219 2.99219
vt 1.00781 2.00781
vt 1.00781 2.00781
vt 1.99219 2.99219
vt 1.99219 2.99219
vt 0.992188 2.99219
vt 0.992188 2.99219
vt -0.976562 2.99219
vt -1.99219 2.97656
vt -1.99219 2.97656
vt -1.00781 2.02344
vt -1.00781 2.02344
vt -2.00781 2.02344
vt -2.00781 2.02344
vt -2.00781 1.99219
vt -2.00781 1.99219
vt -2.99219 0.0078125
vt -2.99219 0.0078125
vt -2.99219 -0.992188
vt -2.99219 -0.992188
vt -2.99219 -1.99219
vt -2.00781 -1.00781
vt -2.00781 -1.00781
vt -2.00781 -2.00781
vt -2.00781 -2.00781
vt -1.00781 -2.00781
vt -1.00781 -2.00781
vt -0.0078125 -2.00781
vt -0.0078125 -2.00781
vt 0.0234375 -2.00781
vt 1.00781 -2.02344
vt 1.00781 -2.02344
vt 1.99219 -2.97656
vt 1.99219 -2.97656
vt 3.02344 -3.00781
vt 3.02344 -3.00781
vt 3.99219 -2.00781
vt 3.99219 -2.00781
vt 3.00781 -1.99219
vt 3.00781 -1.99219
vt 3.00781 -0.992188
vt 3.00781 -0.992188
vt 3.00781 0.0078125
vt 3.99219 0.992188
vt 3.99219 0.992188
vt 3.99219 1.99219
vt 3.99219 1.99219
vt 3.99219 2.02344
vt 3.99219 2.02344
vt 3.00781 3.97656
vt 3.00781 3.97656
vt 2.00781 3.00781
vt 2.00781 3.00781
vt 1.00781 3.00781
vt 1.00781 3.00781
vt 0.0078125 3.00781
vt 0.992188 3.99219
vt -0.0078125 3.99219
vt -1.97656 3.99219
vt -2.02344 3.00781
vt -2.02344 3.00781
vt -3.99219 3.00781
vt -3.99219 3.00781
vt -3.00781 3.99219
vt -3.00781 3.99219
vt -3.00781 2.99219
vt -3.00781 2.99219
vt -3.00781 1.99219
vt -3.99219 0.0078125
vt -3.99219 -0.992188
vt -3.99219 -1.99219
vt -3.99219 -2.99219
vt -3.99219 -3.02344
vt -3.99219 -3.02344
vt -3.00781 -3.97656
vt -3.00781 -3.97656
vt -2.00781 -3.00781
vt -2.00781 -3.00781
vt -1.00781 -3.00781
vt -1.00781 -3.00781
vt -0.0078125 -3.00781
vt 0.992188 -3.00781
vt 1.99219 -3.00781
vt 2.99219 -3.00781
vt 4.02344 -4.00781
vt 4.97656 -3.99219
vt 4.97656 -3.99219
vt 4.00781 -2.99219
vt 4.00781 -2.99219
vt 4.99219 -2.00781
vt 4.99219 -2.00781
vt 4.99219 -1.00781
vt 4.99219 -1.00781
vt 4.99219 -0.0078125
vt 4.00781 0.0078125
vt 4.99219 0.992188
vt 4.99219 1.99219
vt 4.99219 2.99219
vt 4.99219 3.99219
vt 4.99219 4.02344
vt 4.99219 4.02344
vt 3.00781 4.97656
vt 3.00781 4.97656
vt 2.00781 4.97656
vt 2.00781 4.97656
vt 1.00781 4.00781
vt 1.00781 4.00781
vt 0.0078125 4.00781
vt -0.992188 4.00781
vt -1.99219 4.00781
vt -2.99219 4.00781
vt -3.99219 4.00781
vt -3.99219 4.00781
vt -3.00781 4.99219
vt -3.00781 4.99219
vt -4.00781 4.99219
vt -4.00781 4.99219
vt -4.00781 3.99219
vt -4.00781 3.99219
vt -4.00781 2.99219
vt -4.00781 2.99219
vt -4.00781 1.02344
vt -4.00781 0.992188
vt -4.00781 -0.0078125
vt -4.00781 -0.0078125
vt -4.00781 -1.00781
vt -4.00781 -1.00781
vt -4.00781 -2.00781
vt -4.99219 -3.99219
vt -4.99219 -4.99219
vt -3.99219 -4.99219
vt -2.99219 -4.99219
vt -1.99219 -4.02344
vt -1.99219 -4.02344
vt -0.992188 -4.99219
vt -0.0078125 -4.00781
vt -0.0078125 -4.00781
vt 1.00781 -4.99219
vt 2.00781 -4.99219
vt 3.00781 -4.02344
vt 5.00781 -5.99219
vt 5.00781 -4.99219
vt 5.00781 -4.99219
vt 5.99219 -4.00781
vt 5.99219 -3.00781
vt 5.00781 -0.0234375
vt 5.00781 -0.0234375
vt 5.00781 0.0078125
vt 5.99219 1.99219
vt 5.99219 2.02344
vt 5.99219 3.99219
vt 5.99219 3.99219
vt 5.99219 4.99219
vt 5.99219 4.99219
vt 5.02344 5.99219
vt 4.97656 5.00781
vt 4.02344 5.99219
vt 3.02344 5.99219
vt 2.97656 5.00781
vt 2.97656 5.00781
vt 1.00781 5.00781
vt 1.00781 5.00781
vt 1.99219 5.99219
vt 1.99219 5.99219
vt -0.992188 5.00781
vt -0.0078125 5.02344
vt -2.00781 5.99219
vt -2.00781 5.99219
vt -4.99219 5.00781
vt -5.00781 5.02344
vt -5.00781 5.02344
vt -5.97656 4.99219
vt -5.00781 3.02344
vt -5.00781 3.02344
vt -5.99219 2.97656
vt -5.99219 2.97656
vt -5.99219 1.97656
vt -5.99219 1.97656
vt -5.99219 0.0078125
vt -5.00781 0.992188
vt -5.00781 0.992188
vt -5.99219 -1.02344
vt -5.02344 -2.99219
vt -5.99219 -3.02344
vt -5.02344 -4.99219
vt -5.02344 -4.99219
vt -5.99219 -5.02344
vt -5.00781 -5.00781
vt -4.99219 -5.99219
vt -3.00781 -5.00781
vt -3.00781 -5.00781
vt -2.00781 -5.97656
vt -2.00781 -5.97656
vt -1.97656 -5.00781
vt -0.0078125 -5.97656
vt 0.0234375 -5.00781
vt 0.0234375 -5.00781
vt 2.02344 -5.00781
vt 3.99219 -5.97656
vt 4.00781 -5.99219
vt 6.00781 -6.02344
vt 6.99219 -6.97656
vt 6.97656 -5.99219
vt 6.97656 -5.99219
vt 6.02344 -5.00781
vt 6.02344 -5.00781
vt 6.97656 -4.99219
vt 6.00781 -4.02344
vt 6.99219 -3.00781
vt 6.99219 -3.00781
vt 6.99219 -2.97656
vt 6.02344 -1.00781
vt 6.02344 -1.00781
vt 6.99219 -0.976562
vt 6.99219 -0.976562
vt 6.02344 0.992188
vt 6.99219 1.02344
vt 6.02344 2.99219
vt 6.02344 4.99219
vt 6.02344 4.99219
vt 6.99219 5.02344
vt 6.99219 6.02344
vt 6.99219 6.02344
vt 5.00781 6.97656
vt 4.00781 6.97656
vt 4.99219 6.02344
vt 3.97656 6.00781
vt 3.97656 6.00781
vt 3.99219 6.02344
vt 3.99219 6.02344
vt 2.00781 6.97656
vt 1.99219 6.02344
vt 1.99219 6.02344
vt 0.0078125 6.97656
vt 0.0078125 6.97656
vt -0.0234375 6.00781
vt -0.0234375 6.00781
vt -0.976562 6.99219
vt -1.00781 6.02344
vt -1.00781 6.02344
vt -2.00781 6.02344
vt -3.97656 6.99219
vt -3.97656 6.99219
vt -4.97656 6.99219
vt -4.97656 6.99219
vt -6.02344 6.00781
vt -6.97656 5.99219
vt -6.00781 4.02344
vt -6.97656 3.99219
vt -6.97656 3.99219
vt -6.00781 1.99219
vt -6.00781 1.99219
vt -6.00781 0.992188
vt -6.02344 -0.992188
vt -6.99219 -1.02344
vt -6.99219 -1.02344
vt -6.00781 -2.97656
vt -6.00781 -2.97656
vt -6.97656 -3.00781
vt -6.97656 -3.00781
vt -6.99219 -4.02344
vt -6.97656 -4.00781
vt -6.97656 -4.00781
vt -6.02344 -6.99219
vt -5.02344 -6.99219
vt -5.02344 -6.99219
vt -5.97656 -6.00781
vt -5.97656 -6.00781
vt -4.99219 -6.02344
vt -3.02344 -6.99219
vt -2.99219 -6.02344
vt -1.02344 -6.99219
vt -1.02344 -6.99219
vt -0.976562 -6.00781
vt 0.992188 -6.97656
vt 1.02344 -6.00781
vt 1.02344 -6.00781
vt 2.99219 -6.97656
vt 2.99219 -6.97656
vt 3.02344 -6.00781
vt 3.02344 -6.00781
vt 5.97656 -6.99219
vt 7.02344 -7.00781
vt 7.02344 -6.00781
vt 7.02344 -5.00781
vt 7.02344 -4.00781
vt 7.02344 -3.00781
vt 7.02344 -3.00781
vt 7.97656 -2.99219
vt 7.97656 -2.99219
vt 7.02344 -1.00781
vt 7.97656 0.0078125
vt 7.02344 1.99219
vt 7.02344 1.99219
vt 7.02344 2.99219
vt 7.00781 4.97656
vt 7.00781 4.97656
vt 7.99219 5.02344
vt 7.02344 6.99219
vt 7.02344 6.99219
vt 7.02344 7.99219
vt 6.99219 7.02344
vt 6.99219 7.02344
vt 5.02344 7.99219
vt 5.02344 7.99219
vt 3.97656 7.00781
vt 3.97656 7.00781
vt 2.97656 7.00781
vt 1.97656 7.00781
vt 1.97656 7.00781
vt 1.02344 7.99219
vt 0.992188 7.02344
vt 0.992188 7.02344
vt -0.0078125 7.02344
vt -1.97656 7.99219
vt -1.97656 7.99219
vt -3.02344 7.00781
vt -4.02344 7.00781
vt -4.02344 7.00781
vt -5.99219 7.97656
vt -5.99219 7.97656
vt -6.99219 7.97656
vt -6.99219 7.97656
vt -7.02344 7.00781
vt -7.02344 7.00781
vt -7.99219 6.00781
vt -7.99219 6.00781
vt -7.99219 5.00781
vt -7.97656 5.99219
vt -7.97656 4.99219
vt -7.02344 2.00781
vt -7.02344 0.0078125
vt -7.02344 0.0078125
vt -7.02344 -0.992188
vt -7.02344 -0.992188
vt -7.99219 -1.02344
vt -7.99219 -1.02344
vt -7.00781 -1.97656
vt -7.00781 -1.97656
vt -7.97656 -2.00781
vt -7.97656 -2.00781
vt -7.97656 -3.00781
vt -7.97656 -3.00781
vt -7.02344 -5.99219
vt -7.02344 -5.99219
vt -7.02344 -6.99219
vt -7.02344 -6.99219
vt -7.02344 -7.99219
vt -7.02344 -7.99219
vt -6.00781 -7.97656
vt -6.00781 -7.97656
vt -5.97656 -7.00781
vt -5.97656 -7.00781
vt -4.97656 -7.00781
vt -4.97656 -7.00781
vt -3.97656 -7.00781
vt -3.97656 -7.00781
vt -2.97656 -7.00781
vt -2.97656 -7.00781
vt -0.0234375 -7.99219
vt -0.0234375 -7.99219
vt 0.0078125 -7.99219
vt 0.0078125 -7.99219
vt 1.97656 -7.99219
vt 1.97656 -7.99219
vt 2.97656 -7.99219
vt 2.97656 -7.99219
vt 3.97656 -7.99219
vt 4.97656 -7.99219
vt 4.97656 -7.99219
vt 6.00781 -7.99219
vt 6.02344 -7.00781
vt 6.02344 -7.00781
vt 8.02344 -8.00781
vt 8.02344 -8.00781
vt 8.02344 -7.00781
vt 8.02344 -7.00781
vt 8.02344 -6.00781
vt 8.02344 -6.00781
vt 8.02344 -5.00781
vt 8.02344 -4.00781
vt 8.02344 -4.00781
vt 8.02344 -3.00781
vt 8.02344 -3.00781
vt 8.02344 -2.00781
vt 8.02344 -2.00781
vt 8.99219 -0.0078125
vt 8.97656 0.0078125
vt 8.97656 1.00781
vt 8.99219 2.99219
vt 8.97656 3.00781
vt 8.02344 4.99219
f 827/1771/1541 828/1772/1542 829/1774/1544
f 830/1776/1546 828/1772/1542 827/1771/1541
f 827/1771/1541 829/1774/1544 831/1777/1547
f 828/1773/1543 832/1778/1548 829/1775/1545
f 830/1776/1546 833/1780/1550 828/1772/1542
f 833/1781/1551 834/1782/1552 828/1773/1543
f 828/1773/1543 834/1782/1552 832/1778/1548
f 829/1775/1545 832/1778/1548 835/1784/1554
f 831/1777/1547 829/1774/1544 836/1786/1556
f 829/1775/1545 835/1784/1554 836/1787/1557
f 837/1788/1558 833/1780/1550 830/1776/1546
f 833/1781/1551 838/1789/1559 834/1782/1552
f 837/1788/1558 839/1791/1561 833/1780/1550
f 839/1792/1562 838/1789/1559 833/1781/1551
f 832/1779/1549 834/1783/1553 840/1793/1563
f 834/1783/1553 838/1790/1560 841/1795/1565
f 834/1783/1553 841/1795/1565 840/1793/1563
f 835/1785/1555 832/1779/1549 842/1797/1567
f 832/1779/1549 840/1793/1563 842/1797/1567
f 831/1777/1547 836/1786/1556 843/1799/1569
f 844/1800/1570 839/1791/1561 837/1788/1558
f 839/1792/1562 845/1801/1571 838/1789/1559
f 844/1800/1570 846/1803/1573 839/1791/1561
f 846/1804/1574 845/1801/1571 839/1792/1562
f 838/1790/1560 845/1802/1572 847/1805/1575
f 838/1790/1560 847/1805/1575 841/1795/1565
f 836/1787/1557 835/1784/1554 848/1807/1577
f 843/1799/1569 836/1786/1556 849/1809/1579
f 836/1787/1557 848/1807/1577 849/1810/1580
f 848/1808/1578 835/1785/1555 850/1811/1581
f 835/1785/1555 842/1797/1567 850/1811/1581
f 843/1799/1569 849/1809/1579 851/1813/1583
f 852/1814/1584 846/1803/1573 844/1800/1570
f 846/1804/1574 853/1815/1585 845/1801/1571
f 852/1814/1584 854/1817/1587 846/1803/1573
f 854/1818/1588 853/1815/1585 846/1804/1574
f 845/1802/1572 853/1816/1586 855/1819/1589
f 845/1802/1572 855/1819/1589 847/1805/1575
f 849/1810/1580 848/1807/1577 856/1821/1591
f 851/1813/1583 849/1809/1579 857/1823/1593
f 849/1810/1580 856/1821/1591 857/1824/1594
f 856/1822/1592 848/1808/1578 858/1825/1595
f 848/1808/1578 850/1811/1581 858/1825/1595
f 851/1813/1583 857/1823/1593 859/1827/1597
f 840/1794/1564 841/1796/1566 860/1828/1598
f 841/1796/1566 847/1806/1576 861/1830/1600
f 841/1796/1566 861/1830/1600 860/1828/1598
f 842/1798/1568 840/1794/1564 862/1832/1602
f 840/1794/1564 860/1828/1598 862/1832/1602
f 863/1834/1604 854/1817/1587 852/1814/1584
f 854/1818/1588 864/1835/1605 853/1815/1585
f 853/1816/1586 865/1837/1606 855/1819/1589
f 853/1816/1586 864/1836/1606 865/1837/1606
f 863/1834/1604 866/1839/1608 854/1817/1587
f 866/1840/1609 864/1835/1605 854/1818/1588
f 857/1824/1594 856/1821/1591 867/1841/1610
f 859/1827/1597 857/1823/1593 868/1843/1612
f 857/1824/1594 867/1841/1610 868/1844/1613
f 867/1842/1611 856/1822/1592 869/1845/1614
f 856/1822/1592 858/1825/1595 869/1845/1614
f 859/1827/1597 868/1843/1612 870/1847/1616
f 847/1806/1576 855/1820/1590 871/1848/1617
f 847/1806/1576 871/1848/1617 861/1830/1600
f 850/1812/1582 842/1798/1568 872/1850/1619
f 842/1798/1568 862/1832/1602 872/1850/1619
f 855/1820/1590 865/1838/1607 873/1852/1621
f 855/1820/1590 873/1852/1621 871/1848/1617
f 858/1826/1596 850/1812/1582 874/1854/1623
f 850/1812/1582 872/1850/1619 874/1854/1623
f 875/1856/1625 866/1839/1608 863/1834/1604
f 866/1840/1609 876/1857/1626 864/1835/1605
f 864/1836/1606 877/1859/1627 865/1837/1606
f 864/1836/1606 876/1858/1627 877/1859/1627
f 878/1861/1629 876/1857/1626 866/1840/1609
f 875/1856/1625 878/1862/1630 866/1839/1608
f 868/1844/1613 867/1841/1610 879/1863/1631
f 870/1847/1616 868/1843/1612 880/1865/1633
f 868/1844/1613 879/1863/1631 880/1866/1634
f 867/1842/1611 869/1845/1614 881/1867/1635
f 879/1864/1632 867/1842/1611 881/1867/1635
f 870/1847/1616 880/1865/1633 882/1869/1637
f 865/1838/1607 877/1860/1628 883/1870/1638
f 865/1838/1607 883/1870/1638 873/1852/1621
f 869/1846/1615 858/1826/1596 884/1872/1640
f 858/1826/1596 874/1854/1623 884/1872/1640
f 876/1858/1627 885/1874/1642 877/1859/1627
f 878/1861/1629 886/1876/1644 876/1857/1626
f 876/1858/1627 886/1877/1645 885/1874/1642
f 877/1860/1628 885/1875/1643 887/1878/1646
f 877/1860/1628 887/1878/1646 883/1870/1638
f 881/1868/1636 869/1846/1615 888/1880/1648
f 869/1846/1615 884/1872/1640 888/1880/1648
f 862/1833/1603 860/1829/1599 889/1882/1650
f 860/1829/1599 861/1831/1601 890/1883/1651
f 860/1829/1599 890/1883/1651 889/1882/1650
f 872/1851/1620 862/1833/1603 891/1884/1652
f 862/1833/1603 889/1882/1650 891/1884/1652
f 892/1885/1653 878/1862/1630 875/1856/1625
f 893/1886/1654 886/1876/1644 878/1861/1629
f 892/1885/1653 893/1887/1653 878/1862/1630
f 880/1866/1634 879/1863/1631 894/1888/1655
f 882/1869/1637 880/1865/1633 895/1890/1657
f 880/1866/1634 894/1888/1655 895/1891/1658
f 879/1864/1632 881/1867/1635 896/1892/1659
f 894/1889/1656 879/1864/1632 896/1892/1659
f 882/1869/1637 895/1890/1657 897/1894/1661
f 861/1831/1601 871/1849/1618 898/1895/1662
f 861/1831/1601 898/1895/1662 890/1883/1651
f 874/1855/1624 872/1851/1620 899/1896/1663
f 872/1851/1620 891/1884/1652 899/1896/1663
f 871/1849/1618 873/1853/1622 900/1897/1664
f 871/1849/1618 900/1897/1664 898/1895/1662
f 884/1873/1641 874/1855/1624 901/1898/1665
f 874/1855/1624 899/1896/1663 901/1898/1665
f 886/1877/1645 902/1899/1666 885/1874/1642
f 893/1886/1654 903/1901/1668 886/1876/1644
f 886/1877/1645 903/1902/1669 902/1899/1666
f 885/1875/1643 902/1900/1667 904/1903/1670
f 885/1875/1643 904/1903/1670 887/1878/1646
f 881/1868/1636 888/1880/1648 905/1905/1672
f 896/1893/1660 881/1868/1636 905/1905/1672
f 873/1853/1622 883/1871/1639 906/1907/1674
f 873/1853/1622 906/1907/1674 900/1897/1664
f 888/1881/1649 884/1873/1641 907/1908/1675
f 884/1873/1641 901/1898/1665 907/1908/1675
f 883/1871/1639 887/1879/1647 908/1909/1676
f 883/1871/1639 908/1909/1676 906/1907/1674
f 905/1906/1673 888/1881/1649 909/1910/1677
f 888/1881/1649 907/1908/1675 909/1910/1677
f 910/1911/1678 893/1887/1653 892/1885/1653
f 911/1912/1679 903/1901/1668 893/1886/1654
f 910/1911/1678 911/1913/1678 893/1887/1653
f 895/1891/1658 894/1888/1655 912/1914/1680
f 897/1894/1661 895/1890/1657 913/1916/1682
f 895/1891/1658 912/1914/1680 913/1917/1683
f 894/1889/1656 896/1892/1659 914/1918/1684
f 912/1915/1681 894/1889/1656 914/1918/1684
f 897/1894/1661 913/1916/1682 915/1920/1686
f 891/1884/1652 889/1882/1650 916/1921/1687
f 889/1882/1650 890/1883/1651 917/1922/1688
f 889/1882/1650 917/1922/1688 916/1921/1687
f 899/1896/1663 891/1884/1652 918/1923/1689
f 891/1884/1652 916/1921/1687 918/1923/1689
f 890/1883/1651 898/1895/1662 919/1924/1690
f 890/1883/1651 919/1924/1690 917/1922/1688
f 901/1898/1665 899/1896/1663 920/1925/1691
f 899/1896/1663 918/1923/1689 920/1925/1691
f 903/1902/1669 921/1926/1692 902/1899/1666
f 902/1900/1667 922/1928/1694 904/1903/1670
f 902/1900/1667 921/1927/1693 922/1928/1694
f 911/1912/1679 923/1930/1696 903/1901/1668
f 903/1902/1669 923/1931/1697 921/1926/1692
f 896/1893/1660 905/1905/1672 924/1932/1698
f 914/1919/1685 896/1893/1660 924/1932/1698
f 898/1895/1662 900/1897/1664 925/1934/1700
f 898/1895/1662 925/1934/1700 919/1924/1690
f 901/1898/1665 920/1925/1691 926/1935/1701
f 907/1908/1675 901/1898/1665 926/1935/1701
f 887/1879/1647 904/1904/1671 927/1936/1702
f 887/1879/1647 927/1936/1702 908/1909/1676
f 905/1906/1673 909/1910/1677 928/1937/1703
f 924/1933/1699 905/1906/1673 928/1937/1703
f 918/1923/1689 916/1921/1687 929/1938/1704
f 916/1921/1687 917/1922/1688 930/1940/1706
f 916/1921/1687 930/1940/1706 929/1938/1704
f 920/1925/1691 918/1923/1689 931/1942/1708
f 918/1923/1689 929/1938/1704 931/1942/1708
f 917/1922/1688 919/1924/1690 932/1944/1710
f 917/1922/1688 932/1944/1710 930/1940/1706
f 926/1935/1701 920/1925/1691 933/1946/1712
f 920/1925/1691 931/1942/1708 933/1946/1712
f 900/1897/1664 934/1948/1714 925/1934/1700
f 900/1897/1664 906/1907/1674 934/1948/1714
f 907/1908/1675 926/1935/1701 935/1949/1715
f 909/1910/1677 907/1908/1675 935/1949/1715
f 919/1924/1690 925/1934/1700 936/1950/1716
f 919/1924/1690 936/1950/1716 932/1944/1710
f 926/1935/1701 933/1946/1712 937/1952/1718
f 935/1949/1715 926/1935/1701 937/1952/1718
f 931/1943/1709 929/1939/1705 938/1954/1720
f 929/1939/1705 930/1941/1707 939/1955/1721
f 929/1939/1705 939/1955/1721 938/1954/1720
f 933/1947/1713 931/1943/1709 940/1956/1722
f 931/1943/1709 938/1954/1720 940/1956/1722
f 930/1941/1707 932/1945/1711 941/1957/1723
f 930/1941/1707 941/1957/1723 939/1955/1721
f 937/1953/1719 933/1947/1713 942/1958/1724
f 933/1947/1713 940/1956/1722 942/1958/1724
f 925/1934/1700 943/1959/1725 936/1950/1716
f 925/1934/1700 934/1948/1714 943/1959/1725
f 909/1910/1677 935/1949/1715 944/1961/1727
f 935/1949/1715 937/1952/1718 945/1962/1728
f 944/1961/1727 935/1949/1715 945/1962/1728
f 928/1937/1703 909/1910/1677 944/1961/1727
f 932/1945/1711 936/1951/1717 946/1964/1730
f 932/1945/1711 946/1964/1730 941/1957/1723
f 945/1963/1729 937/1953/1719 947/1965/1731
f 937/1953/1719 942/1958/1724 947/1965/1731
f 906/1907/1674 948/1966/1732 934/1948/1714
f 906/1907/1674 908/1909/1676 948/1966/1732
f 936/1951/1717 943/1960/1726 949/1967/1733
f 936/1951/1717 949/1967/1733 946/1964/1730
f 944/1961/1727 945/1962/1728 950/1968/1734
f 928/1937/1703 944/1961/1727 951/1970/1736
f 951/1970/1736 944/1961/1727 950/1968/1734
f 945/1963/1729 947/1965/1731 952/1971/1737
f 950/1969/1735 945/1963/1729 952/1971/1737
f 940/1956/1722 938/1954/1720 939/1955/1721
f 947/1965/1731 940/1956/1722 939/1955/1721
f 947/1965/1731 942/1958/1724 940/1956/1722
f 934/1948/1714 953/1972/1738 943/1959/1725
f 934/1948/1714 948/1966/1732 953/1972/1738
f 924/1933/1699 928/1937/1703 954/1974/1740
f 954/1974/1740 928/1937/1703 951/1970/1736
f 939/1955/1721 941/1957/1723 946/1964/1730
f 947/1965/1731 939/1955/1721 955/1975/1741
f 939/1955/1721 946/1964/1730 955/1975/1741
f 904/1904/1671 956/1976/1742 927/1936/1702
f 904/1904/1671 922/1929/1695 956/1976/1742
f 914/1919/1685 924/1932/1698 957/1977/1743
f 957/1978/1744 924/1933/1699 954/1974/1740
f 912/1915/1681 914/1918/1684 958/1979/1745
f 958/1980/1746 914/1919/1685 957/1977/1743
f 959/1981/1747 952/1971/1737 947/1965/1731
f 960/1982/1748 959/1981/1747 947/1965/1731
f 961/1983/1749 947/1965/1731 955/1975/1741
f 961/1983/1749 960/1982/1748 947/1965/1731
f 962/1984/1750 911/1913/1678 910/1911/1678
f 963/1985/1751 923/1930/1696 911/1912/1679
f 962/1984/1750 963/1986/1750 911/1913/1678
f 913/1917/1683 912/1914/1680 964/1987/1752
f 915/1920/1686 913/1916/1682 965/1989/1754
f 913/1917/1683 964/1987/1752 965/1990/1755
f 964/1988/1753 912/1915/1681 958/1979/1745
f 915/1920/1686 965/1989/1754 966/1991/1754
f 908/1909/1676 967/1992/1756 948/1966/1732
f 908/1909/1676 927/1936/1702 967/1992/1756
f 943/1960/1726 955/1975/1741 949/1967/1733
f 943/1960/1726 953/1973/1739 955/1975/1741
f 951/1970/1736 950/1968/1734 968/1993/1757
f 950/1969/1735 952/1971/1737 959/1981/1747
f 968/1994/1758 950/1969/1735 959/1981/1747
f 954/1974/1740 951/1970/1736 969/1995/1759
f 969/1995/1759 951/1970/1736 968/1993/1757
f 946/1964/1730 949/1967/1733 955/1975/1741
f 948/1966/1732 970/1996/1760 953/1972/1738
f 948/1966/1732 967/1992/1756 970/1996/1760
f 971/1998/1762 954/1974/1740 969/1995/1759
f 957/1978/1744 954/1974/1740 971/1998/1762
f 923/1931/1697 972/1999/1763 921/1926/1692
f 921/1927/1693 973/2001/1765 922/1928/1694
f 921/1927/1693 972/2000/1764 973/2001/1765
f 923/1931/1697 974/2003/1767 972/1999/1763
f 963/1985/1751 974/2004/1768 923/1930/1696
f 968/1994/1758 959/1981/1747 975/2005/1769
f 969/1995/1759 968/1993/1757 976/2006/1770
f 976/2007/1771 968/1994/1758 975/2005/1769
f 960/1982/1748 975/2005/1769 959/1981/1747
f 953/1973/1739 977/2008/1772 955/1975/1741
f 953/1973/1739 970/1997/1761 977/2008/1772
f 978/2009/1773 969/1995/1759 976/2006/1770
f 971/1998/1762 969/1995/1759 978/2009/1773
f 927/1936/1702 979/2010/1774 967/1992/1756
f 927/1936/1702 956/1976/1742 979/2010/1774
f 980/2011/1775 957/1978/1744 971/1998/1762
f 958/1980/1746 957/1977/1743 980/2012/1776
f 955/1975/1741 981/2013/1777 961/1983/1749
f 955/1975/1741 977/2008/1772 982/2014/1778
f 955/1975/1741 982/2014/1778 983/2015/1779
f 955/1975/1741 983/2015/1779 981/2013/1777
f 976/2007/1771 975/2005/1769 960/1982/1748
f 978/2009/1773 976/2006/1770 984/2016/1780
f 984/2017/1781 976/2007/1771 960/1982/1748
f 967/1992/1756 985/2018/1782 970/1996/1760
f 967/1992/1756 979/2010/1774 985/2018/1782
f 986/2020/1784 971/1998/1762 978/2009/1773
f 980/2011/1775 971/1998/1762 986/2020/1784
f 922/1929/1695 987/2021/1785 956/1976/1742
f 922/1929/1695 973/2002/1766 987/2021/1785
f 988/2022/1786 958/1980/1746 980/2012/1776
f 964/1988/1753 958/1979/1745 988/2023/1787
f 970/1997/1761 982/2014/1778 977/2008/1772
f 970/1997/1761 985/2019/1783 982/2014/1778
f 989/2024/1788 978/2009/1773 984/2016/1780
f 986/2020/1784 978/2009/1773 989/2024/1788
f 961/1983/1749 990/2025/1789 960/1982/1748
f 984/2017/1781 960/1982/1748 991/2026/1790
f 990/2025/1789 991/2026/1790 960/1982/1748
f 981/2013/1777 992/2027/1791 961/1983/1749
f 961/1983/1749 993/2028/1792 990/2025/1789
f 994/2029/1793 993/2028/1792 961/1983/1749
f 995/2031/1795 994/2029/1793 961/1983/1749
f 996/2033/1797 997/2034/1798 961/1983/1749
f 992/2027/1791 996/2033/1797 961/1983/1749
f 995/2031/1795 961/1983/1749 997/2034/1798
f 989/2024/1788 984/2016/1780 998/2035/1799
f 998/2036/1800 984/2017/1781 991/2026/1790
f 956/1976/1742 999/2037/1801 979/2010/1774
f 956/1976/1742 987/2021/1785 999/2037/1801
f 1000/2038/1802 980/2011/1775 986/2020/1784
f 988/2022/1786 980/2012/1776 1000/2039/1803
f 979/2010/1774 1001/2040/1804 985/2018/1782
f 979/2010/1774 999/2037/1801 1001/2040/1804
f 1002/2042/1806 986/2020/1784 989/2024/1788
f 1000/2038/1802 986/2020/1784 1002/2042/1806
f 985/2019/1783 1003/2043/1807 982/2014/1778
f 985/2019/1783 1001/2041/1805 1003/2043/1807
f 1004/2044/1808 989/2024/1788 998/2035/1799
f 1002/2042/1806 989/2024/1788 1004/2044/1808
f 982/2014/1778 1003/2043/1807 983/2015/1779
f 998/2036/1800 991/2026/1790 990/2025/1789
f 1005/2045/1809 998/2036/1800 990/2025/1789
f 1004/2044/1808 998/2035/1799 1005/2046/1810
f 983/2015/1779 1006/2047/1811 981/2013/1777
f 1001/2041/1805 983/2015/1779 1003/2043/1807
f 1001/2041/1805 1007/2048/1812 983/2015/1779
f 1007/2048/1812 1008/2050/1814 983/2015/1779
f 983/2015/1779 1008/2050/1814 1006/2047/1811
f 1006/2047/1811 1009/2051/1815 981/2013/1777
f 981/2013/1777 1010/2052/1816 992/2027/1791
f 1011/2053/1817 981/2013/1777 1009/2051/1815
f 1011/2053/1817 1012/2055/1819 981/2013/1777
f 981/2013/1777 1013/2057/1821 1010/2052/1816
f 1012/2055/1819 1013/2057/1821 981/2013/1777
f 1005/2045/1809 990/2025/1789 993/2028/1792
f 974/2003/1767 1014/2058/1822 972/1999/1763
f 972/2000/1764 1015/2060/1824 973/2001/1765
f 972/2000/1764 1014/2059/1823 1015/2060/1824
f 1016/2062/1826 974/2004/1768 963/1985/1751
f 1017/2064/1828 963/1986/1750 962/1984/1750
f 1017/2064/1828 1016/2063/1827 963/1986/1750
f 974/2003/1767 1018/2065/1829 1014/2058/1822
f 1016/2062/1826 1018/2066/1830 974/2004/1768
f 973/2002/1766 1019/2067/1831 987/2021/1785
f 973/2002/1766 1015/2061/1825 1019/2067/1831
f 1020/2068/1832 964/1988/1753 988/2023/1787
f 965/1990/1755 964/1987/1752 1020/2069/1833
f 1021/2070/1834 988/2022/1786 1000/2039/1803
f 1020/2068/1832 988/2023/1787 1021/2071/1835
f 994/2029/1793 1005/2045/1809 993/2028/1792
f 1022/2072/1836 1004/2044/1808 1005/2046/1810
f 1022/2072/1836 1005/2046/1810 994/2030/1794
f 999/2037/1801 1007/2049/1813 1001/2040/1804
f 1023/2073/1837 1002/2042/1806 1004/2044/1808
f 1023/2073/1837 1004/2044/1808 1022/2072/1836
f 987/2021/1785 1024/2074/1838 999/2037/1801
f 999/2037/1801 1024/2074/1838 1007/2049/1813
f 1025/2075/1839 1000/2038/1802 1002/2042/1806
f 1025/2075/1839 1002/2042/1806 1023/2073/1837
f 987/2021/1785 1019/2067/1831 1024/2074/1838
f 1021/2070/1834 1000/2039/1803 1025/2076/1840
f 966/1991/1754 965/1989/1754 1026/2077/1841
f 965/1990/1755 1020/2069/1833 1026/2078/1842
f 966/1991/1754 1026/2077/1841 1027/2079/1843
f 1028/2080/1844 994/2030/1794 995/2032/1796
f 1028/2080/1844 1022/2072/1836 994/2030/1794
f 1007/2048/1812 1029/2081/1845 1008/2050/1814
f 1024/2074/1838 1029/2082/1846 1007/2049/1813
f 1029/2081/1845 1006/2047/1811 1008/2050/1814
f 1029/2081/1845 1030/2083/1847 1006/2047/1811
f 1030/2083/1847 1009/2051/1815 1006/2047/1811
f 1031/2085/1849 997/2034/1798 996/2033/1797
f 992/2027/1791 1032/2087/1851 996/2033/1797
f 1033/2088/1852 1031/2085/1849 996/2033/1797
f 1033/2088/1852 996/2033/1797 1032/2087/1851
f 1031/2085/1849 995/2031/1795 997/2034/1798
f 1034/2090/1854 995/2032/1796 1031/2086/1850
f 1034/2090/1854 1028/2080/1844 995/2032/1796
f 1035/2091/1855 1032/2087/1851 992/2027/1791
f 1036/2093/1857 1035/2091/1855 992/2027/1791
f 1010/2052/1816 1037/2095/1859 992/2027/1791
f 1036/2093/1857 992/2027/1791 1037/2095/1859
f 1038/2096/1860 1023/2073/1837 1022/2072/1836
f 1038/2096/1860 1022/2072/1836 1028/2080/1844
f 1024/2074/1838 1039/2097/1861 1029/2082/1846
f 1019/2067/1831 1039/2097/1861 1024/2074/1838
f 1040/2098/1862 1025/2075/1839 1023/2073/1837
f 1040/2098/1862 1023/2073/1837 1038/2096/1860
f 1039/2097/1861 1030/2084/1848 1029/2082/1846
f 1041/2100/1864 1031/2086/1850 1033/2089/1853
f 1041/2100/1864 1034/2090/1854 1031/2086/1850
f 1015/2061/1825 1042/2101/1865 1019/2067/1831
f 1019/2067/1831 1042/2101/1865 1039/2097/1861
f 1043/2102/1866 1021/2070/1834 1025/2076/1840
f 1043/2102/1866 1025/2076/1840 1040/2099/1863
f 1014/2059/1823 1044/2104/1868 1015/2060/1824
f 1015/2061/1825 1044/2105/1869 1042/2101/1865
f 1045/2106/1870 1020/2068/1832 1021/2071/1835
f 1045/2106/1870 1021/2071/1835 1043/2103/1867
f 1030/2083/1847 1011/2053/1817 1009/2051/1815
f 1046/2108/1872 1011/2054/1818 1030/2084/1848
f 1039/2097/1861 1046/2108/1872 1030/2084/1848
f 1035/2091/1855 1033/2088/1852 1032/2087/1851
f 1047/2109/1873 1033/2089/1853 1035/2092/1856
f 1047/2109/1873 1041/2100/1864 1033/2089/1853
f 1048/2110/1874 1038/2096/1860 1028/2080/1844
f 1048/2110/1874 1028/2080/1844 1034/2090/1854
f 1049/2111/1875 1012/2056/1820 1011/2054/1818
f 1046/2108/1872 1049/2111/1875 1011/2054/1818
f 1050/2112/1876 1035/2092/1856 1036/2094/1858
f 1050/2112/1876 1047/2109/1873 1035/2092/1856
f 1051/2113/1877 1010/2052/1816 1013/2057/1821
f 1052/2115/1879 1037/2095/1859 1010/2052/1816
f 1051/2113/1877 1052/2115/1879 1010/2052/1816
f 1012/2055/1819 1051/2113/1877 1013/2057/1821
f 1053/2117/1881 1051/2114/1878 1012/2056/1820
f 1049/2111/1875 1053/2117/1881 1012/2056/1820
f 1052/2115/1879 1036/2093/1857 1037/2095/1859
f 1054/2118/1882 1036/2094/1858 1052/2116/1880
f 1054/2118/1882 1050/2112/1876 1036/2094/1858
f 1042/2101/1865 1046/2108/1872 1039/2097/1861
f 1055/2119/1883 1040/2098/1862 1038/2096/1860
f 1055/2119/1883 1038/2096/1860 1048/2110/1874
f 1056/2121/1885 1052/2116/1880 1051/2114/1878
f 1053/2117/1881 1056/2121/1885 1051/2114/1878
f 1056/2121/1885 1054/2118/1882 1052/2116/1880
f 1014/2059/1823 1057/2122/1886 1044/2104/1868
f 1018/2065/1829 1057/2123/1887 1014/2058/1822
f 1026/2078/1842 1020/2069/1833 1045/2107/1871
f 1044/2105/1869 1058/2124/1888 1042/2101/1865
f 1042/2101/1865 1058/2124/1888 1046/2108/1872
f 1059/2125/1889 1043/2102/1866 1040/2099/1863
f 1059/2125/1889 1040/2099/1863 1055/2120/1884
f 1060/2127/1891 1048/2110/1874 1034/2090/1854
f 1060/2127/1891 1034/2090/1854 1041/2100/1864
f 1044/2105/1869 1061/2128/1892 1058/2124/1888
f 1057/2122/1886 1061/2129/1893 1044/2104/1868
f 1062/2130/1894 1043/2103/1867 1059/2126/1890
f 1062/2130/1894 1045/2106/1870 1043/2103/1867
f 1058/2124/1888 1049/2111/1875 1046/2108/1872
f 1063/2132/1896 1055/2119/1883 1048/2110/1874
f 1063/2132/1896 1048/2110/1874 1060/2127/1891
f 1064/2134/1898 1041/2100/1864 1047/2109/1873
f 1064/2134/1898 1060/2127/1891 1041/2100/1864
f 1065/2135/1899 1018/2066/1830 1016/2062/1826
f 1066/2137/1901 1016/2063/1827 1017/2064/1828
f 1066/2137/1901 1065/2136/1900 1016/2063/1827
f 1018/2065/1829 1067/2138/1902 1057/2123/1887
f 1065/2135/1899 1067/2139/1903 1018/2066/1830
f 1058/2124/1888 1068/2140/1904 1049/2111/1875
f 1061/2128/1892 1068/2140/1904 1058/2124/1888
f 1069/2141/1905 1059/2125/1889 1055/2120/1884
f 1069/2141/1905 1055/2120/1884 1063/2133/1897
f 1068/2140/1904 1053/2117/1881 1049/2111/1875
f 1070/2143/1907 1047/2109/1873 1050/2112/1876
f 1070/2143/1907 1064/2134/1898 1047/2109/1873
f 1071/2144/1908 1063/2132/1896 1060/2127/1891
f 1071/2144/1908 1060/2127/1891 1064/2134/1898
f 1057/2122/1886 1072/2146/1910 1061/2129/1893
f 1067/2138/1902 1072/2147/1911 1057/2123/1887
f 1061/2128/1892 1073/2148/1912 1068/2140/1904
f 1072/2146/1910 1073/2149/1913 1061/2129/1893
f 1074/2150/1914 1059/2126/1890 1069/2142/1906
f 1074/2150/1914 1062/2130/1894 1059/2126/1890
f 1027/2079/1843 1026/2077/1841 1075/2152/1916
f 1026/2078/1842 1045/2107/1871 1075/2153/1917
f 1027/2079/1843 1075/2152/1916 1076/2154/1918
f 1077/2155/1919 1056/2121/1885 1053/2117/1881
f 1068/2140/1904 1077/2155/1919 1053/2117/1881
f 1078/2156/1920 1050/2112/1876 1054/2118/1882
f 1078/2156/1920 1070/2143/1907 1050/2112/1876
f 1075/2153/1917 1045/2107/1871 1062/2131/1895
f 1079/2157/1921 1054/2118/1882 1056/2121/1885
f 1077/2155/1919 1079/2157/1921 1056/2121/1885
f 1079/2157/1921 1078/2156/1920 1054/2118/1882
f 1073/2148/1912 1077/2155/1919 1068/2140/1904
f 1080/2158/1922 1069/2141/1905 1063/2133/1897
f 1080/2158/1922 1063/2133/1897 1071/2145/1909
f 1081/2160/1924 1064/2134/1898 1070/2143/1907
f 1081/2160/1924 1071/2144/1908 1064/2134/1898
f 1072/2146/1910 1082/2162/1926 1073/2149/1913
f 1073/2148/1912 1083/2164/1928 1077/2155/1919
f 1082/2162/1926 1083/2165/1929 1073/2149/1913
f 1084/2166/1930 1082/2163/1927 1072/2147/1911
f 1067/2138/1902 1084/2166/1930 1072/2147/1911
f 1085/2168/1932 1069/2142/1906 1080/2159/1923
f 1085/2168/1932 1074/2150/1914 1069/2142/1906
f 1083/2164/1928 1079/2157/1921 1077/2155/1919
f 1086/2170/1934 1070/2143/1907 1078/2156/1920
f 1086/2170/1934 1081/2160/1924 1070/2143/1907
f 1087/2172/1936 1071/2145/1909 1081/2161/1925
f 1087/2172/1936 1080/2158/1922 1071/2145/1909
f 1088/2174/1938 1078/2156/1920 1079/2157/1921
f 1083/2164/1928 1088/2174/1938 1079/2157/1921
f 1088/2174/1938 1086/2170/1934 1078/2156/1920
f 1082/2162/1926 1089/2176/1940 1083/2165/1929
f 1089/2176/1940 1088/2175/1939 1083/2165/1929
f 1090/2178/1942 1081/2161/1925 1086/2171/1935
f 1090/2178/1942 1087/2172/1936 1081/2161/1925
f 1091/2180/1944 1089/2177/1941 1082/2163/1927
f 1084/2166/1930 1091/2180/1944 1082/2163/1927
f 1092/2182/1946 1080/2159/1923 1087/2173/1937
f 1092/2182/1946 1085/2168/1932 1080/2159/1923
f 1093/2184/1948 1086/2171/1935 1088/2175/1939
f 1089/2176/1940 1093/2184/1948 1088/2175/1939
f 1093/2184/1948 1090/2178/1942 1086/2171/1935
f 1094/2186/1950 1067/2139/1903 1065/2135/1899
f 1094/2186/1950 1084/2167/1931 1067/2139/1903
f 1075/2153/1917 1062/2131/1895 1095/2188/1952
f 1095/2188/1952 1062/2131/1895 1074/2151/1915
f 1096/2190/1954 1093/2185/1949 1089/2177/1941
f 1091/2180/1944 1096/2190/1954 1089/2177/1941
f 1097/2192/1956 1087/2173/1937 1090/2179/1943
f 1097/2192/1956 1092/2182/1946 1087/2173/1937
f 1098/2194/1958 1065/2136/1900 1066/2137/1901
f 1098/2194/1958 1094/2187/1951 1065/2136/1900
f 1099/2195/1959 1090/2179/1943 1093/2185/1949
f 1096/2190/1954 1099/2195/1959 1093/2185/1949
f 1099/2195/1959 1097/2192/1956 1090/2179/1943
f 1076/2154/1918 1075/2152/1916 1095/2189/1953
f 1076/2154/1918 1095/2189/1953 1100/2197/1961
f 1101/2198/1962 1091/2181/1945 1084/2167/1931
f 1101/2198/1962 1084/2167/1931 1094/2186/1950
f 1102/2200/1964 1074/2151/1915 1085/2169/1933
f 1095/2188/1952 1074/2151/1915 1102/2200/1964
f 1103/2202/1966 1096/2191/1955 1091/2181/1945
f 1103/2202/1966 1091/2181/1945 1101/2198/1962
f 1104/2204/1968 1085/2169/1933 1092/2183/1947
f 1102/2200/1964 1085/2169/1933 1104/2204/1968
f 1105/2206/1970 1094/2187/1951 1098/2194/1958
f 1105/2206/1970 1101/2199/1963 1094/2187/1951
f 1106/2207/1971 1099/2196/1960 1096/2191/1955
f 1106/2207/1971 1096/2191/1955 1103/2202/1966
f 1107/2209/1973 1092/2183/1947 1097/2193/1957
f 1104/2204/1968 1092/2183/1947 1107/2209/1973
f 1108/2211/1975 1097/2193/1957 1099/2196/1960
f 1108/2211/1975 1099/2196/1960 1106/2207/1971
f 1107/2209/1973 1097/2193/1957 1108/2211/1975
f 1100/2197/1961 1095/2189/1953 1102/2201/1965
f 1100/2197/1961 1102/2201/1965 1109/2213/1977
f 1110/2214/1978 1103/2203/1967 1101/2199/1963
f 1110/2214/1978 1101/2199/1963 1105/2206/1970
f 1111/2215/1979 1106/2208/1972 1103/2203/1967
f 1111/2215/1979 1103/2203/1967 1110/2214/1978
f 1109/2213/1977 1102/2201/1965 1104/2205/1969
f 1109/2213/1977 1104/2205/1969 1112/2216/1980
f 1113/2217/1981 1108/2212/1976 1106/2208/1972
f 1113/2217/1981 1106/2208/1972 1111/2215/1979
f 1112/2216/1980 1104/2205/1969 1107/2210/1974
f 1114/2218/1982 1107/2210/1974 1108/2212/1976
f 1114/2218/1982 1108/2212/1976 1113/2217/1981
f 1112/2216/1980 1107/2210/1974 1114/2218/1982
g Mesh_body_24
v -0.019564 0.349206 0.233228 0.627451 0.627451 0.643137
v -0.035047 0.349206 0.233228 0.627451 0.627451 0.643137
v -0.035047 0.349074 0.235923 0.627451 0.627451 0.643137
v -0.019564 0.349074 0.230532 0.627451 0.627451 0.643137
v -0.019564 0.349074 0.235923 0.627451 0.627451 0.643137
v -0.0124 0.349074 0.230532 0.627451 0.627451 0.643137
v -0.0124 0.349206 0.233228 0.627451 0.627451 0.643137
v -0.035047 0.347655 0.233228 0.627451 0.627451 0.643137
v -0.035047 0.349074 0.230532 0.627451 0.627451 0.643137
v -0.035047 0.34753 0.230684 0.627451 0.627451 0.643137
v -0.035047 0.34753 0.235771 0.627451 0.627451 0.643137
v -0.035047 0.348678 0.238593 0.627451 0.627451 0.643137
v -0.019564 0.348678 0.227863 0.627451 0.627451 0.643137
v -0.0124 0.348678 0.227863 0.627451 0.627451 0.643137
v -0.035047 0.347156 0.228165 0.627451 0.627451 0.643137
v -0.035047 0.348678 0.227863 0.627451 0.627451 0.643137
v -0.035047 0.342524 0.231177 0.627451 0.627451 0.643137
v -0.035047 0.342223 0.229147 0.627451 0.627451 0.643137
v -0.035047 0.342625 0.233228 0.627451 0.627451 0.643137
v -0.0124 0.349074 0.235923 0.627451 0.627451 0.643137
v -0.00523591 0.349074 0.230532 0.627451 0.627451 0.643137
v -0.00523591 0.349206 0.233228 0.627451 0.627451 0.643137
v -0.019564 0.348678 0.238593 0.627451 0.627451 0.643137
v -0.00523591 0.348678 0.227863 0.627451 0.627451 0.643137
v -0.00523591 0.349074 0.235923 0.627451 0.627451 0.643137
v -0.000934361 0.349074 0.230532 0.627451 0.627451 0.643137
v -0.000934361 0.349206 0.233228 0.627451 0.627451 0.643137
v -0.0124 0.348678 0.238593 0.627451 0.627451 0.643137
v -0.000934361 0.348678 0.227863 0.627451 0.627451 0.643137
v -0.000934361 0.349074 0.235923 0.627451 0.627451 0.643137
v 0.0033672 0.349074 0.230532 0.627451 0.627451 0.643137
v 0.0033672 0.349206 0.233228 0.627451 0.627451 0.643137
v -0.00523591 0.348678 0.238593 0.627451 0.627451 0.643137
v 0.0033672 0.348678 0.227863 0.627451 0.627451 0.643137
v 0.0033672 0.349074 0.235923 0.627451 0.627451 0.643137
v 0.0557834 0.349074 0.230532 0.627451 0.627451 0.643137
v 0.0557834 0.349206 0.233228 0.627451 0.627451 0.643137
v -0.000934361 0.348678 0.238593 0.627451 0.627451 0.643137
v 0.0557834 0.348678 0.227863 0.627451 0.627451 0.643137
v 0.0557834 0.349074 0.235923 0.627451 0.627451 0.643137
v 0.0756842 0.349074 0.230532 0.627451 0.627451 0.643137
v 0.0756842 0.349206 0.233228 0.627451 0.627451 0.643137
v 0.0033672 0.348678 0.238593 0.627451 0.627451 0.643137
v 0.0756842 0.348678 0.227863 0.627451 0.627451 0.643137
v 0.0756842 0.349074 0.235923 0.627451 0.627451 0.643137
v 0.0557834 0.348678 0.238593 0.627451 0.627451 0.643137
v 0.0756842 0.348678 0.238593 0.627451 0.627451 0.643137
v -0.019564 0.348022 0.225245 0.627451 0.627451 0.643137
v -0.0124 0.348022 0.225245 0.627451 0.627451 0.643137
v -0.035047 0.346538 0.225695 0.627451 0.627451 0.643137
v -0.035047 0.348022 0.225245 0.627451 0.627451 0.643137
v -0.035047 0.341724 0.227156 0.627451 0.627451 0.643137
v -0.035047 0.347156 0.23829 0.627451 0.627451 0.643137
v -0.035047 0.348022 0.241211 0.627451 0.627451 0.643137
v -0.035047 0.342524 0.235278 0.627451 0.627451 0.643137
v -0.00523591 0.348022 0.225245 0.627451 0.627451 0.643137
v -0.019564 0.348022 0.241211 0.627451 0.627451 0.643137
v -0.000934361 0.348022 0.225245 0.627451 0.627451 0.643137
v -0.0124 0.348022 0.241211 0.627451 0.627451 0.643137
v 0.0033672 0.348022 0.225245 0.627451 0.627451 0.643137
v -0.00523591 0.348022 0.241211 0.627451 0.627451 0.643137
v 0.0557834 0.348022 0.225245 0.627451 0.627451 0.643137
v -0.000934361 0.348022 0.241211 0.627451 0.627451 0.643137
v 0.0756842 0.348022 0.225245 0.627451 0.627451 0.643137
v 0.0033672 0.348022 0.241211 0.627451 0.627451 0.643137
v 0.0557834 0.348022 0.241211 0.627451 0.627451 0.643137
v 0.0756842 0.348022 0.241211 0.627451 0.627451 0.643137
v -0.019564 0.347113 0.222704 0.627451 0.627451 0.643137
v -0.0124 0.347113 0.222704 0.627451 0.627451 0.643137
v -0.035047 0.34568 0.223298 0.627451 0.627451 0.643137
v -0.035047 0.347113 0.222704 0.627451 0.627451 0.643137
v -0.035047 0.341032 0.225223 0.627451 0.627451 0.643137
v -0.035047 0.346538 0.24076 0.627451 0.627451 0.643137
v -0.035047 0.347113 0.243752 0.627451 0.627451 0.643137
v -0.035047 0.342223 0.237309 0.627451 0.627451 0.643137
v -0.00523591 0.347113 0.222704 0.627451 0.627451 0.643137
v -0.019564 0.347113 0.243752 0.627451 0.627451 0.643137
v -0.000934361 0.347113 0.222704 0.627451 0.627451 0.643137
v -0.0124 0.347113 0.243752 0.627451 0.627451 0.643137
v 0.0033672 0.347113 0.222704 0.627451 0.627451 0.643137
v -0.00523591 0.347113 0.243752 0.627451 0.627451 0.643137
v 0.0557834 0.347113 0.222704 0.627451 0.627451 0.643137
v -0.000934361 0.347113 0.243752 0.627451 0.627451 0.643137
v 0.0756842 0.347113 0.222704 0.627451 0.627451 0.643137
v 0.0033672 0.347113 0.243752 0.627451 0.627451 0.643137
v 0.0557834 0.347113 0.243752 0.627451 0.627451 0.643137
v 0.0756842 0.347113 0.243752 0.627451 0.627451 0.643137
v -0.019564 0.345959 0.220264 0.627451 0.627451 0.643137
v -0.0124 0.345959 0.220264 0.627451 0.627451 0.643137
v -0.035047 0.344591 0.220996 0.627451 0.627451 0.643137
v -0.035047 0.345959 0.220264 0.627451 0.627451 0.643137
v -0.035047 0.340155 0.223367 0.627451 0.627451 0.643137
v -0.035047 0.34568 0.243158 0.627451 0.627451 0.643137
v -0.035047 0.345959 0.246191 0.627451 0.627451 0.643137
v -0.035047 0.341724 0.2393 0.627451 0.627451 0.643137
v -0.00523591 0.345959 0.220264 0.627451 0.627451 0.643137
v -0.019564 0.345959 0.246191 0.627451 0.627451 0.643137
v -0.000934361 0.345959 0.220264 0.627451 0.627451 0.643137
v -0.0124 0.345959 0.246191 0.627451 0.627451 0.643137
v 0.0033672 0.345959 0.220264 0.627451 0.627451 0.643137
v -0.00523591 0.345959 0.246191 0.627451 0.627451 0.643137
v 0.0557834 0.345959 0.220264 0.627451 0.627451 0.643137
v -0.000934361 0.345959 0.246191 0.627451 0.627451 0.643137
v 0.0756842 0.345959 0.220264 0.627451 0.627451 0.643137
v 0.0033672 0.345959 0.246191 0.627451 0.627451 0.643137
v 0.0557834 0.345959 0.246191 0.627451 0.627451 0.643137
v 0.0756842 0.345959 0.246191 0.627451 0.627451 0.643137
v 0.0924815 0.347113 0.243752 0.627451 0.627451 0.643137
v -0.0314693 0.341243 0.231304 0.627451 0.627451 0.643137
v -0.0314693 0.34096 0.229398 0.627451 0.627451 0.643137
v -0.0314693 0.341337 0.233228 0.627451 0.627451 0.643137
v -0.0314693 0.340492 0.227529 0.627451 0.627451 0.643137
v -0.0314693 0.341243 0.235152 0.627451 0.627451 0.643137
v -0.0314693 0.339843 0.225715 0.627451 0.627451 0.643137
v -0.0314693 0.34096 0.237058 0.627451 0.627451 0.643137
v -0.019564 0.344572 0.21795 0.627451 0.627451 0.643137
v -0.0124 0.344572 0.21795 0.627451 0.627451 0.643137
v -0.035047 0.343282 0.218811 0.627451 0.627451 0.643137
v -0.035047 0.344572 0.21795 0.627451 0.627451 0.643137
v -0.035047 0.339099 0.221606 0.627451 0.627451 0.643137
v -0.035047 0.344591 0.24546 0.627451 0.627451 0.643137
v -0.035047 0.344572 0.248506 0.627451 0.627451 0.643137
v -0.035047 0.341032 0.241233 0.627451 0.627451 0.643137
v -0.00523591 0.344572 0.21795 0.627451 0.627451 0.643137
v -0.019564 0.344572 0.248506 0.627451 0.627451 0.643137
v -0.000934361 0.344572 0.21795 0.627451 0.627451 0.643137
v -0.0124 0.344572 0.248506 0.627451 0.627451 0.643137
v 0.0033672 0.344572 0.21795 0.627451 0.627451 0.643137
v -0.00523591 0.344572 0.248506 0.627451 0.627451 0.643137
v 0.0557834 0.344572 0.21795 0.627451 0.627451 0.643137
v -0.000934361 0.344572 0.248506 0.627451 0.627451 0.643137
v 0.0756842 0.344572 0.21795 0.627451 0.627451 0.643137
v 0.0033672 0.344572 0.248506 0.627451 0.627451 0.643137
v 0.0557834 0.344572 0.248506 0.627451 0.627451 0.643137
v 0.0924815 0.345959 0.246191 0.627451 0.627451 0.643137
v 0.0924815 0.33467 0.243752 0.627451 0.627451 0.643137
v 0.0756842 0.344572 0.248506 0.627451 0.627451 0.643137
v 0.0924815 0.342964 0.250674 0.627451 0.627451 0.643137
v 0.0924815 0.344572 0.248506 0.627451 0.627451 0.643137
v 0.092432 0.341152 0.25321 0.627451 0.627451 0.643137
v 0.092432 0.33467 0.25321 0.627451 0.627451 0.643137
v 0.0924815 0.306984 0.243752 0.627451 0.627451 0.643137
v -0.0314693 0.339019 0.223974 0.627451 0.627451 0.643137
v -0.0314693 0.340492 0.238926 0.627451 0.627451 0.643137
v -0.019564 0.342964 0.215782 0.627451 0.627451 0.643137
v -0.0124 0.342964 0.215782 0.627451 0.627451 0.643137
v -0.035047 0.341765 0.216766 0.627451 0.627451 0.643137
v -0.035047 0.337876 0.219957 0.627451 0.627451 0.643137
v -0.035047 0.342964 0.215782 0.627451 0.627451 0.643137
v -0.035047 0.343282 0.247644 0.627451 0.627451 0.643137
v -0.035047 0.342964 0.250674 0.627451 0.627451 0.643137
v -0.035047 0.340155 0.243089 0.627451 0.627451 0.643137
v -0.00523592 0.342964 0.215782 0.627451 0.627451 0.643137
v -0.019564 0.342964 0.250674 0.627451 0.627451 0.643137
v -0.000934361 0.342964 0.215782 0.627451 0.627451 0.643137
v -0.0124 0.342964 0.250674 0.627451 0.627451 0.643137
v 0.0033672 0.342964 0.215782 0.627451 0.627451 0.643137
v -0.00523591 0.342964 0.250674 0.627451 0.627451 0.643137
v 0.0557834 0.342964 0.215782 0.627451 0.627451 0.643137
v -0.000934356 0.342964 0.250674 0.627451 0.627451 0.643137
v 0.0756842 0.342964 0.215782 0.627451 0.627451 0.643137
v 0.0033672 0.342964 0.250674 0.627451 0.627451 0.643137
v 0.0557834 0.342964 0.250674 0.627451 0.627451 0.643137
v 0.0756842 0.342964 0.250674 0.627451 0.627451 0.643137
v 0.0756842 0.341152 0.252673 0.627451 0.627451 0.643137
v -0.0314693 0.338029 0.222321 0.627451 0.627451 0.643137
v -0.0314693 0.339843 0.24074 0.627451 0.627451 0.643137
v -0.0314693 0.336881 0.220774 0.627451 0.627451 0.643137
v -0.035047 0.339099 0.244849 0.627451 0.627451 0.643137
v -0.035047 0.341765 0.249689 0.627451 0.627451 0.643137
v -0.0314693 0.339019 0.242482 0.627451 0.627451 0.643137
v -0.019564 0.341152 0.213782 0.627451 0.627451 0.643137
v -0.0124 0.341152 0.213782 0.627451 0.627451 0.643137
v -0.035047 0.340055 0.214879 0.627451 0.627451 0.643137
v -0.035047 0.336498 0.218436 0.627451 0.627451 0.643137
v -0.035047 0.341152 0.213782 0.627451 0.627451 0.643137
v -0.035047 0.341152 0.252673 0.627451 0.627451 0.643137
v -0.00523592 0.341152 0.213782 0.627451 0.627451 0.643137
v -0.019564 0.341152 0.252673 0.627451 0.627451 0.643137
v -0.000934361 0.341152 0.213782 0.627451 0.627451 0.643137
v -0.0124 0.341152 0.252673 0.627451 0.627451 0.643137
v 0.0033672 0.341152 0.213782 0.627451 0.627451 0.643137
v -0.00523591 0.341152 0.252673 0.627451 0.627451 0.643137
v 0.0557834 0.341152 0.213782 0.627451 0.627451 0.643137
v -0.000934356 0.341152 0.252673 0.627451 0.627451 0.643137
v 0.0756842 0.341152 0.213782 0.627451 0.627451 0.643137
v 0.0033672 0.341152 0.252673 0.627451 0.627451 0.643137
v 0.0557834 0.341152 0.252673 0.627451 0.627451 0.643137
v -0.0314693 0.335588 0.219346 0.627451 0.627451 0.643137
v -0.035047 0.337876 0.246498 0.627451 0.627451 0.643137
v -0.035047 0.340055 0.251576 0.627451 0.627451 0.643137
v -0.0314693 0.338029 0.244134 0.627451 0.627451 0.643137
v -0.019564 0.339152 0.21197 0.627451 0.627451 0.643137
v -0.0124 0.339152 0.21197 0.627451 0.627451 0.643137
v -0.035047 0.338168 0.213169 0.627451 0.627451 0.643137
v -0.035047 0.334977 0.217058 0.627451 0.627451 0.643137
v -0.035047 0.339152 0.21197 0.627451 0.627451 0.643137
v -0.035047 0.339152 0.254486 0.627451 0.627451 0.643137
v -0.00523592 0.339152 0.21197 0.627451 0.627451 0.643137
v -0.019564 0.339152 0.254486 0.627451 0.627451 0.643137
v -0.000934361 0.339152 0.21197 0.627451 0.627451 0.643137
v -0.0124 0.339152 0.254486 0.627451 0.627451 0.643137
v 0.0033672 0.339152 0.21197 0.627451 0.627451 0.643137
v -0.00523591 0.339152 0.254486 0.627451 0.627451 0.643137
v 0.0557834 0.339152 0.21197 0.627451 0.627451 0.643137
v -0.000934356 0.339152 0.254486 0.627451 0.627451 0.643137
v 0.0756842 0.339152 0.21197 0.627451 0.627451 0.643137
v 0.0033672 0.339152 0.254486 0.627451 0.627451 0.643137
v 0.0557834 0.339152 0.254486 0.627451 0.627451 0.643137
v 0.0756842 0.339152 0.255282 0.627451 0.627451 0.643137
v 0.0909485 0.339152 0.256421 0.627451 0.627451 0.643137
v -0.0314693 0.33416 0.218053 0.627451 0.627451 0.643137
v -0.035047 0.336498 0.248019 0.627451 0.627451 0.643137
v -0.035047 0.338168 0.253286 0.627451 0.627451 0.643137
v -0.0314693 0.336881 0.245682 0.627451 0.627451 0.643137
v -0.019564 0.336985 0.210362 0.627451 0.627451 0.643137
v -0.0124 0.336985 0.210362 0.627451 0.627451 0.643137
v -0.035047 0.336123 0.211652 0.627451 0.627451 0.643137
v -0.035047 0.333328 0.215835 0.627451 0.627451 0.643137
v -0.035047 0.336985 0.210362 0.627451 0.627451 0.643137
v -0.035047 0.336985 0.256093 0.627451 0.627451 0.643137
v -0.00523592 0.336985 0.210362 0.627451 0.627451 0.643137
v -0.019564 0.336985 0.256093 0.627451 0.627451 0.643137
v -0.000934361 0.336985 0.210362 0.627451 0.627451 0.643137
v -0.0124 0.336985 0.256093 0.627451 0.627451 0.643137
v 0.0033672 0.336985 0.210362 0.627451 0.627451 0.643137
v -0.00523591 0.336985 0.256093 0.627451 0.627451 0.643137
v 0.0557834 0.336985 0.210362 0.627451 0.627451 0.643137
v -0.000934356 0.336985 0.256093 0.627451 0.627451 0.643137
v 0.0756842 0.336985 0.210362 0.627451 0.627451 0.643137
v 0.0033672 0.336985 0.256093 0.627451 0.627451 0.643137
v 0.0557834 0.336985 0.256093 0.627451 0.627451 0.643137
v 0.0756842 0.336985 0.25689 0.627451 0.627451 0.643137
v 0.0902743 0.336985 0.25788 0.627451 0.627451 0.643137
v 0.0896924 0.33467 0.25914 0.627451 0.627451 0.643137
v 0.0892085 0.33223 0.260187 0.627451 0.627451 0.643137
v 0.0896924 0.308743 0.25914 0.627451 0.627451 0.643137
v 0.092432 0.308 0.25321 0.627451 0.627451 0.643137
v -0.0314693 0.335588 0.247109 0.627451 0.627451 0.643137
v -0.0314693 0.336881 0.245681 0.627451 0.627451 0.643137
v -0.0314693 0.334687 0.244916 0.627451 0.627451 0.643137
v -0.0314693 0.306532 0.245681 0.627451 0.627451 0.643137
v -0.0314693 0.306531 0.245682 0.627451 0.627451 0.643137
v -0.0314693 0.332613 0.216905 0.627451 0.627451 0.643137
v -0.035047 0.334977 0.249398 0.627451 0.627451 0.643137
v -0.035047 0.336123 0.254803 0.627451 0.627451 0.643137
v -0.019564 0.33467 0.208975 0.627451 0.627451 0.643137
v -0.0124 0.33467 0.208975 0.627451 0.627451 0.643137
v -0.035047 0.333938 0.210343 0.627451 0.627451 0.643137
v -0.035047 0.331567 0.214779 0.627451 0.627451 0.643137
v -0.035047 0.33467 0.208975 0.627451 0.627451 0.643137
v -0.035047 0.33467 0.257481 0.627451 0.627451 0.643137
v -0.00523592 0.33467 0.208975 0.627451 0.627451 0.643137
v -0.019564 0.33467 0.257481 0.627451 0.627451 0.643137
v -0.000933574 0.33467 0.208976 0.627451 0.627451 0.643137
v -0.0124 0.33467 0.257481 0.627451 0.627451 0.643137
v 0.00336877 0.33467 0.208977 0.627451 0.627451 0.643137
v -0.00523591 0.33467 0.257481 0.627451 0.627451 0.643137
v 0.0557945 0.33467 0.208986 0.627451 0.627451 0.643137
v -0.000934356 0.33467 0.257481 0.627451 0.627451 0.643137
v 0.075699 0.33467 0.20899 0.627451 0.627451 0.643137
v 0.0033672 0.33467 0.257481 0.627451 0.627451 0.643137
v 0.0557834 0.33467 0.257481 0.627451 0.627451 0.643137
v 0.0756842 0.33467 0.258277 0.627451 0.627451 0.643137
v -0.0314693 0.335948 0.222801 0.627451 0.627451 0.643137
v -0.0314693 0.336881 0.220774 0.627451 0.627451 0.643137
v -0.0314693 0.306531 0.220774 0.627451 0.627451 0.643137
v -0.0314693 0.307825 0.219346 0.627451 0.627451 0.643137
v -0.0314693 0.33096 0.215915 0.627451 0.627451 0.643137
v -0.0314693 0.309253 0.218053 0.627451 0.627451 0.643137
v -0.035047 0.333328 0.250621 0.627451 0.627451 0.643137
v -0.035047 0.333938 0.256112 0.627451 0.627451 0.643137
v -0.0314693 0.33416 0.248403 0.627451 0.627451 0.643137
v -0.019564 0.33223 0.207821 0.627451 0.627451 0.643137
v -0.0124 0.33223 0.207821 0.627451 0.627451 0.643137
v -0.035047 0.331636 0.209254 0.627451 0.627451 0.643137
v -0.035047 0.329711 0.213902 0.627451 0.627451 0.643137
v -0.035047 0.33223 0.207821 0.627451 0.627451 0.643137
v -0.035047 0.33223 0.258634 0.627451 0.627451 0.643137
v -0.00523592 0.33223 0.207821 0.627451 0.627451 0.643137
v -0.019564 0.33467 0.256814 0.627451 0.627451 0.643137
v -0.019564 0.33223 0.258634 0.627451 0.627451 0.643137
v -0.019564 0.33223 0.257967 0.627451 0.627451 0.643137
v -0.0124 0.33467 0.256814 0.627451 0.627451 0.643137
v -0.00523591 0.33467 0.256814 0.627451 0.627451 0.643137
v -0.000934356 0.33223 0.258634 0.627451 0.627451 0.643137
v -0.000934356 0.33467 0.256814 0.627451 0.627451 0.643137
v 0.0033672 0.33223 0.258634 0.627451 0.627451 0.643137
v 0.0557834 0.33223 0.258634 0.627451 0.627451 0.643137
v 0.0756842 0.33223 0.259431 0.627451 0.627451 0.643137
v -0.0314693 0.335948 0.243655 0.627451 0.627451 0.643137
v -0.0314693 0.334687 0.22154 0.627451 0.627451 0.643137
v -0.0314693 0.308726 0.22154 0.627451 0.627451 0.643137
v -0.0219058 0.335948 0.222801 0.627451 0.627451 0.643137
v -0.035047 0.306915 0.218436 0.627451 0.627451 0.643137
v -0.0314693 0.306532 0.220774 0.627451 0.627451 0.643137
v -0.0314693 0.305384 0.222321 0.627451 0.627451 0.643137
v -0.035047 0.305536 0.219957 0.627451 0.627451 0.643137
v -0.0314693 0.316008 0.214442 0.627451 0.627451 0.643137
v -0.0314693 0.329219 0.215091 0.627451 0.627451 0.643137
v -0.0314693 0.327405 0.214442 0.627451 0.627451 0.643137
v -0.0314693 0.323631 0.213691 0.627451 0.627451 0.643137
v -0.035047 0.308436 0.217058 0.627451 0.627451 0.643137
v -0.0314693 0.312452 0.215915 0.627451 0.627451 0.643137
v -0.0314693 0.3108 0.216905 0.627451 0.627451 0.643137
v -0.035047 0.310085 0.215835 0.627451 0.627451 0.643137
v -0.0314693 0.308726 0.244916 0.627451 0.627451 0.643137
v -0.0219058 0.334687 0.244916 0.627451 0.627451 0.643137
v -0.0314693 0.309253 0.248403 0.627451 0.627451 0.643137
v -0.0314693 0.332613 0.24955 0.627451 0.627451 0.643137
v -0.0314693 0.329219 0.251365 0.627451 0.627451 0.643137
v -0.0314693 0.307464 0.243655 0.627451 0.627451 0.643137
v -0.0314693 0.307825 0.247109 0.627451 0.627451 0.643137
v -0.035047 0.305536 0.246498 0.627451 0.627451 0.643137
v -0.035047 0.304313 0.244849 0.627451 0.627451 0.643137
v -0.0314693 0.30357 0.225715 0.627451 0.627451 0.643137
v -0.0314693 0.305384 0.244134 0.627451 0.627451 0.643137
v -0.0314693 0.30357 0.24074 0.627451 0.627451 0.643137
v -0.0314693 0.304393 0.242482 0.627451 0.627451 0.643137
v -0.0219058 0.308726 0.22154 0.627451 0.627451 0.643137
v -0.0219058 0.334687 0.22154 0.627451 0.627451 0.643137
v -0.0314693 0.307464 0.222801 0.627451 0.627451 0.643137
v -0.0219058 0.335948 0.243655 0.627451 0.627451 0.643137
v -0.035047 0.331567 0.251676 0.627451 0.627451 0.643137
v -0.035047 0.331636 0.257201 0.627451 0.627451 0.643137
v -0.0219058 0.308726 0.244916 0.627451 0.627451 0.643137
v -0.0219058 0.307464 0.222801 0.627451 0.627451 0.643137
v -0.0219058 0.307464 0.243655 0.627451 0.627451 0.643137
v -0.0314693 0.33096 0.250541 0.627451 0.627451 0.643137
v -0.0314693 0.316008 0.252014 0.627451 0.627451 0.643137
v -0.035047 0.329711 0.252554 0.627451 0.627451 0.643137
v -0.035047 0.327779 0.253245 0.627451 0.627451 0.643137
v -0.0314693 0.327405 0.252014 0.627451 0.627451 0.643137
v -0.0314693 0.325536 0.252482 0.627451 0.627451 0.643137
v -0.0314693 0.321706 0.252859 0.627451 0.627451 0.643137
v -0.0314693 0.312452 0.250541 0.627451 0.627451 0.643137
v -0.0314693 0.3108 0.24955 0.627451 0.627451 0.643137
v -0.035047 0.308436 0.249398 0.627451 0.627451 0.643137
v -0.035047 0.306915 0.248019 0.627451 0.627451 0.643137
v -0.019564 0.329689 0.206912 0.627451 0.627451 0.643137
v -0.0124 0.329689 0.206912 0.627451 0.627451 0.643137
v -0.035047 0.329239 0.208396 0.627451 0.627451 0.643137
v -0.035047 0.327779 0.21321 0.627451 0.627451 0.643137
v -0.035047 0.329689 0.206912 0.627451 0.627451 0.643137
v -0.035047 0.329689 0.259544 0.627451 0.627451 0.643137
v -0.00523592 0.329689 0.206912 0.627451 0.627451 0.643137
v -0.0190201 0.331709 0.258006 0.627451 0.627451 0.643137
v -0.0190201 0.334028 0.25691 0.627451 0.627451 0.643137
v -0.0190201 0.329294 0.258871 0.627451 0.627451 0.643137
v -0.019564 0.329689 0.258877 0.627451 0.627451 0.643137
v -0.0122107 0.334028 0.25691 0.627451 0.627451 0.643137
v -0.0190201 0.334028 0.258149 0.627451 0.627451 0.643137
v -0.0190201 0.333255 0.258515 0.627451 0.627451 0.643137
v -0.0190201 0.332482 0.25888 0.627451 0.627451 0.643137
v -0.0190201 0.331709 0.259246 0.627451 0.627451 0.643137
v -0.019564 0.329689 0.259544 0.627451 0.627451 0.643137
v -0.0054014 0.334028 0.25691 0.627451 0.627451 0.643137
v -0.0054014 0.334028 0.258149 0.627451 0.627451 0.643137
v -0.0175069 0.334028 0.258149 0.627451 0.627451 0.643137
v -0.0159937 0.334028 0.258149 0.627451 0.627451 0.643137
v -0.0144805 0.334028 0.258149 0.627451 0.627451 0.643137
v -0.0129673 0.334028 0.258149 0.627451 0.627451 0.643137
v -0.0114541 0.334028 0.258149 0.627451 0.627451 0.643137
v -0.00994096 0.334028 0.258149 0.627451 0.627451 0.643137
v -0.00842777 0.334028 0.258149 0.627451 0.627451 0.643137
v -0.00691459 0.334028 0.258149 0.627451 0.627451 0.643137
v -0.00131285 0.334028 0.25691 0.627451 0.627451 0.643137
v -0.000934356 0.33223 0.257967 0.627451 0.627451 0.643137
v -0.00131285 0.334028 0.258149 0.627451 0.627451 0.643137
v -0.00403855 0.334028 0.258149 0.627451 0.627451 0.643137
v -0.0026757 0.334028 0.258149 0.627451 0.627451 0.643137
v -0.000934356 0.329689 0.259544 0.627451 0.627451 0.643137
v -0.00131285 0.331709 0.258006 0.627451 0.627451 0.643137
v -0.00131285 0.333255 0.258515 0.627451 0.627451 0.643137
v -0.00131285 0.331709 0.259246 0.627451 0.627451 0.643137
v -0.000934356 0.329689 0.258877 0.627451 0.627451 0.643137
v 0.0033672 0.329689 0.259544 0.627451 0.627451 0.643137
v 0.0557834 0.329689 0.259544 0.627451 0.627451 0.643137
v 0.0756842 0.329689 0.26034 0.627451 0.627451 0.643137
v 0.0883861 0.319011 0.261967 0.627451 0.627451 0.643137
v 0.0888272 0.329689 0.261013 0.627451 0.627451 0.643137
v 0.0885522 0.327071 0.261608 0.627451 0.627451 0.643137
v 0.0924815 0.298841 0.243752 0.627451 0.627451 0.643137
v 0.092432 0.302261 0.25321 0.627451 0.627451 0.643137
v 0.0888272 0.313724 0.261013 0.627451 0.627451 0.643137
v 0.0892085 0.311183 0.260187 0.627451 0.627451 0.643137
v 0.0756842 0.308743 0.258277 0.627451 0.627451 0.643137
v 0.0756842 0.306428 0.25689 0.627451 0.627451 0.643137
v 0.0902743 0.306428 0.25788 0.627451 0.627451 0.643137
v 0.0909485 0.304261 0.256421 0.627451 0.627451 0.643137
v 0.0924815 0.300449 0.250674 0.627451 0.627451 0.643137
v -0.0175069 0.333255 0.258515 0.627451 0.627451 0.643137
v -0.0159937 0.333255 0.258515 0.627451 0.627451 0.643137
v -0.0175069 0.332482 0.25888 0.627451 0.627451 0.643137
v -0.0144805 0.333255 0.258515 0.627451 0.627451 0.643137
v -0.0159937 0.332482 0.25888 0.627451 0.627451 0.643137
v -0.0129673 0.333255 0.258515 0.627451 0.627451 0.643137
v -0.0144805 0.332482 0.25888 0.627451 0.627451 0.643137
v -0.0114541 0.333255 0.258515 0.627451 0.627451 0.643137
v -0.0129673 0.332482 0.25888 0.627451 0.627451 0.643137
v -0.00994096 0.333255 0.258515 0.627451 0.627451 0.643137
v -0.00842777 0.333255 0.258515 0.627451 0.627451 0.643137
v -0.00691459 0.333255 0.258515 0.627451 0.627451 0.643137
v -0.0054014 0.333255 0.258515 0.627451 0.627451 0.643137
v -0.0114541 0.332482 0.25888 0.627451 0.627451 0.643137
v -0.00994096 0.332482 0.25888 0.627451 0.627451 0.643137
v -0.00842777 0.332482 0.25888 0.627451 0.627451 0.643137
v -0.00691459 0.332482 0.25888 0.627451 0.627451 0.643137
v -0.00403855 0.333255 0.258515 0.627451 0.627451 0.643137
v -0.0026757 0.333255 0.258515 0.627451 0.627451 0.643137
v -0.0054014 0.332482 0.25888 0.627451 0.627451 0.643137
v -0.00403855 0.332482 0.25888 0.627451 0.627451 0.643137
v -0.0026757 0.332482 0.25888 0.627451 0.627451 0.643137
v -0.00131285 0.332482 0.25888 0.627451 0.627451 0.643137
v -0.00131285 0.330904 0.259534 0.627451 0.627451 0.643137
v -0.0026757 0.331709 0.259246 0.627451 0.627451 0.643137
v -0.0026757 0.330904 0.259534 0.627451 0.627451 0.643137
v -0.00131285 0.329294 0.258871 0.627451 0.627451 0.643137
v -0.00131285 0.330099 0.259822 0.627451 0.627451 0.643137
v -0.00131285 0.329294 0.26011 0.627451 0.627451 0.643137
v -0.035047 0.329239 0.258059 0.627451 0.627451 0.643137
v -0.0175069 0.331709 0.259246 0.627451 0.627451 0.643137
v -0.0159937 0.331709 0.259246 0.627451 0.627451 0.643137
v -0.0144805 0.331709 0.259246 0.627451 0.627451 0.643137
v -0.0129673 0.331709 0.259246 0.627451 0.627451 0.643137
v -0.0114541 0.331709 0.259246 0.627451 0.627451 0.643137
v -0.00994096 0.331709 0.259246 0.627451 0.627451 0.643137
v -0.00842777 0.331709 0.259246 0.627451 0.627451 0.643137
v -0.00691459 0.331709 0.259246 0.627451 0.627451 0.643137
v -0.0054014 0.331709 0.259246 0.627451 0.627451 0.643137
v -0.00403855 0.331709 0.259246 0.627451 0.627451 0.643137
v -0.0190201 0.330904 0.259534 0.627451 0.627451 0.643137
v -0.0175069 0.330904 0.259534 0.627451 0.627451 0.643137
v -0.0159937 0.330904 0.259534 0.627451 0.627451 0.643137
v -0.0144805 0.330904 0.259534 0.627451 0.627451 0.643137
v -0.0129673 0.330904 0.259534 0.627451 0.627451 0.643137
v -0.0114541 0.330904 0.259534 0.627451 0.627451 0.643137
v -0.00994096 0.330904 0.259534 0.627451 0.627451 0.643137
v -0.00842777 0.330904 0.259534 0.627451 0.627451 0.643137
v -0.00691459 0.330904 0.259534 0.627451 0.627451 0.643137
v -0.0054014 0.330904 0.259534 0.627451 0.627451 0.643137
v -0.00403855 0.330904 0.259534 0.627451 0.627451 0.643137
v -0.019564 0.327071 0.206256 0.627451 0.627451 0.643137
v -0.0124 0.327071 0.206256 0.627451 0.627451 0.643137
v -0.035047 0.326769 0.207778 0.627451 0.627451 0.643137
v -0.035047 0.325787 0.212711 0.627451 0.627451 0.643137
v -0.035047 0.327071 0.206256 0.627451 0.627451 0.643137
v -0.035047 0.327071 0.260199 0.627451 0.627451 0.643137
v -0.00523592 0.327071 0.206256 0.627451 0.627451 0.643137
v -0.0190201 0.326806 0.259494 0.627451 0.627451 0.643137
v -0.019564 0.327071 0.259532 0.627451 0.627451 0.643137
v -0.0190201 0.330099 0.259822 0.627451 0.627451 0.643137
v -0.0190201 0.329294 0.26011 0.627451 0.627451 0.643137
v -0.019564 0.327071 0.260199 0.627451 0.627451 0.643137
v -0.000934356 0.327071 0.260199 0.627451 0.627451 0.643137
v -0.000934356 0.327071 0.259532 0.627451 0.627451 0.643137
v 0.0033672 0.327071 0.260199 0.627451 0.627451 0.643137
v 0.0557834 0.327071 0.260199 0.627451 0.627451 0.643137
v 0.0756842 0.327071 0.260996 0.627451 0.627451 0.643137
v 0.0883861 0.324402 0.261967 0.627451 0.627451 0.643137
v 0.0756842 0.324402 0.261392 0.627451 0.627451 0.643137
v 0.0883306 0.321706 0.262088 0.627451 0.627451 0.643137
v 0.0756842 0.319011 0.261392 0.627451 0.627451 0.643137
v 0.0756842 0.316341 0.260996 0.627451 0.627451 0.643137
v 0.0885522 0.316341 0.261608 0.627451 0.627451 0.643137
v -0.0175069 0.330099 0.259822 0.627451 0.627451 0.643137
v -0.0159937 0.330099 0.259822 0.627451 0.627451 0.643137
v -0.0144805 0.330099 0.259822 0.627451 0.627451 0.643137
v -0.0129673 0.330099 0.259822 0.627451 0.627451 0.643137
v -0.0114541 0.330099 0.259822 0.627451 0.627451 0.643137
v -0.00994096 0.330099 0.259822 0.627451 0.627451 0.643137
v -0.00842777 0.330099 0.259822 0.627451 0.627451 0.643137
v -0.00691459 0.330099 0.259822 0.627451 0.627451 0.643137
v -0.0054014 0.330099 0.259822 0.627451 0.627451 0.643137
v -0.00403855 0.330099 0.259822 0.627451 0.627451 0.643137
v -0.0026757 0.330099 0.259822 0.627451 0.627451 0.643137
v -0.0026757 0.329294 0.26011 0.627451 0.627451 0.643137
v -0.00131285 0.328465 0.260318 0.627451 0.627451 0.643137
v -0.0026757 0.328465 0.260318 0.627451 0.627451 0.643137
v -0.00131285 0.326806 0.259494 0.627451 0.627451 0.643137
v -0.00131285 0.327635 0.260525 0.627451 0.627451 0.643137
v -0.00131285 0.326806 0.260733 0.627451 0.627451 0.643137
v -0.0314693 0.325536 0.213974 0.627451 0.627451 0.643137
v -0.035047 0.326769 0.258678 0.627451 0.627451 0.643137
v -0.0314693 0.319782 0.213691 0.627451 0.627451 0.643137
v -0.035047 0.323757 0.21241 0.627451 0.627451 0.643137
v -0.0314693 0.321706 0.213597 0.627451 0.627451 0.643137
v -0.0314693 0.317877 0.213974 0.627451 0.627451 0.643137
v -0.035047 0.317625 0.212711 0.627451 0.627451 0.643137
v -0.035047 0.315634 0.21321 0.627451 0.627451 0.643137
v -0.0314693 0.314194 0.215091 0.627451 0.627451 0.643137
v -0.0175069 0.329294 0.26011 0.627451 0.627451 0.643137
v -0.0159937 0.329294 0.26011 0.627451 0.627451 0.643137
v -0.0144805 0.329294 0.26011 0.627451 0.627451 0.643137
v -0.0129673 0.329294 0.26011 0.627451 0.627451 0.643137
v -0.0114541 0.329294 0.26011 0.627451 0.627451 0.643137
v -0.00994096 0.329294 0.26011 0.627451 0.627451 0.643137
v -0.00842777 0.329294 0.26011 0.627451 0.627451 0.643137
v -0.00691459 0.329294 0.26011 0.627451 0.627451 0.643137
v -0.0054014 0.329294 0.26011 0.627451 0.627451 0.643137
v -0.00403855 0.329294 0.26011 0.627451 0.627451 0.643137
v -0.0190201 0.328465 0.260318 0.627451 0.627451 0.643137
v -0.0190201 0.327635 0.260525 0.627451 0.627451 0.643137
v -0.0175069 0.328465 0.260318 0.627451 0.627451 0.643137
v -0.0159937 0.328465 0.260318 0.627451 0.627451 0.643137
v -0.0144805 0.328465 0.260318 0.627451 0.627451 0.643137
v -0.0129673 0.328465 0.260318 0.627451 0.627451 0.643137
v -0.0114541 0.328465 0.260318 0.627451 0.627451 0.643137
v -0.00994096 0.328465 0.260318 0.627451 0.627451 0.643137
v -0.00842777 0.328465 0.260318 0.627451 0.627451 0.643137
v -0.00691459 0.328465 0.260318 0.627451 0.627451 0.643137
v -0.0054014 0.328465 0.260318 0.627451 0.627451 0.643137
v -0.00403855 0.328465 0.260318 0.627451 0.627451 0.643137
v -0.035047 0.325787 0.253744 0.627451 0.627451 0.643137
v -0.019564 0.324402 0.20586 0.627451 0.627451 0.643137
v -0.0124 0.324402 0.20586 0.627451 0.627451 0.643137
v -0.035047 0.32425 0.207404 0.627451 0.627451 0.643137
v -0.035047 0.324402 0.20586 0.627451 0.627451 0.643137
v -0.035047 0.324402 0.260595 0.627451 0.627451 0.643137
v -0.00523592 0.324402 0.20586 0.627451 0.627451 0.643137
v -0.0190201 0.324268 0.25987 0.627451 0.627451 0.643137
v -0.019564 0.324402 0.259928 0.627451 0.627451 0.643137
v -0.0190201 0.326806 0.260733 0.627451 0.627451 0.643137
v -0.019564 0.324402 0.260595 0.627451 0.627451 0.643137
v -0.000934356 0.324402 0.260595 0.627451 0.627451 0.643137
v -0.000934356 0.324402 0.259928 0.627451 0.627451 0.643137
v 0.0033672 0.324402 0.260595 0.627451 0.627451 0.643137
v 0.0557834 0.324402 0.260595 0.627451 0.627451 0.643137
v -0.0175069 0.327635 0.260525 0.627451 0.627451 0.643137
v -0.0159937 0.327635 0.260525 0.627451 0.627451 0.643137
v -0.0144805 0.327635 0.260525 0.627451 0.627451 0.643137
v -0.0129673 0.327635 0.260525 0.627451 0.627451 0.643137
v -0.0114541 0.327635 0.260525 0.627451 0.627451 0.643137
v -0.00994096 0.327635 0.260525 0.627451 0.627451 0.643137
v -0.00842777 0.327635 0.260525 0.627451 0.627451 0.643137
v -0.00691459 0.327635 0.260525 0.627451 0.627451 0.643137
v -0.0054014 0.327635 0.260525 0.627451 0.627451 0.643137
v -0.00403855 0.327635 0.260525 0.627451 0.627451 0.643137
v -0.0026757 0.327635 0.260525 0.627451 0.627451 0.643137
v -0.0026757 0.326806 0.260733 0.627451 0.627451 0.643137
v -0.00131285 0.32596 0.260859 0.627451 0.627451 0.643137
v -0.0026757 0.32596 0.260859 0.627451 0.627451 0.643137
v -0.00131285 0.324268 0.25987 0.627451 0.627451 0.643137
v -0.00131285 0.325114 0.260984 0.627451 0.627451 0.643137
v -0.00131285 0.324268 0.26111 0.627451 0.627451 0.643137
v -0.035047 0.32425 0.259051 0.627451 0.627451 0.643137
v -0.0314693 0.323631 0.252764 0.627451 0.627451 0.643137
v -0.035047 0.323757 0.254045 0.627451 0.627451 0.643137
v -0.0314693 0.317877 0.252482 0.627451 0.627451 0.643137
v -0.035047 0.321706 0.254146 0.627451 0.627451 0.643137
v -0.035047 0.319656 0.254045 0.627451 0.627451 0.643137
v -0.0314693 0.319782 0.252764 0.627451 0.627451 0.643137
v -0.035047 0.315634 0.253245 0.627451 0.627451 0.643137
v -0.035047 0.313701 0.252554 0.627451 0.627451 0.643137
v -0.0314693 0.314194 0.251365 0.627451 0.627451 0.643137
v -0.0175069 0.326806 0.260733 0.627451 0.627451 0.643137
v -0.0159937 0.326806 0.260733 0.627451 0.627451 0.643137
v -0.0144805 0.326806 0.260733 0.627451 0.627451 0.643137
v -0.0129673 0.326806 0.260733 0.627451 0.627451 0.643137
v -0.0114541 0.326806 0.260733 0.627451 0.627451 0.643137
v -0.00994096 0.326806 0.260733 0.627451 0.627451 0.643137
v -0.00842777 0.326806 0.260733 0.627451 0.627451 0.643137
v -0.00691459 0.326806 0.260733 0.627451 0.627451 0.643137
v -0.0054014 0.326806 0.260733 0.627451 0.627451 0.643137
v -0.00403855 0.326806 0.260733 0.627451 0.627451 0.643137
v -0.0190201 0.32596 0.260859 0.627451 0.627451 0.643137
v -0.0175069 0.32596 0.260859 0.627451 0.627451 0.643137
v -0.0159937 0.32596 0.260859 0.627451 0.627451 0.643137
v -0.0144805 0.32596 0.260859 0.627451 0.627451 0.643137
v -0.0129673 0.32596 0.260859 0.627451 0.627451 0.643137
v -0.0114541 0.32596 0.260859 0.627451 0.627451 0.643137
v -0.00994096 0.32596 0.260859 0.627451 0.627451 0.643137
v -0.00842777 0.32596 0.260859 0.627451 0.627451 0.643137
v -0.00691459 0.32596 0.260859 0.627451 0.627451 0.643137
v -0.0054014 0.32596 0.260859 0.627451 0.627451 0.643137
v -0.00403855 0.32596 0.260859 0.627451 0.627451 0.643137
v -0.019564 0.321706 0.205728 0.627451 0.627451 0.643137
v -0.0124 0.321706 0.205728 0.627451 0.627451 0.643137
v -0.035047 0.321706 0.207279 0.627451 0.627451 0.643137
v -0.035047 0.321706 0.212309 0.627451 0.627451 0.643137
v -0.035047 0.321706 0.205728 0.627451 0.627451 0.643137
v -0.035047 0.321706 0.260728 0.627451 0.627451 0.643137
v -0.00523592 0.321706 0.205728 0.627451 0.627451 0.643137
v -0.0190201 0.321706 0.259996 0.627451 0.627451 0.643137
v -0.019564 0.321706 0.260061 0.627451 0.627451 0.643137
v -0.0190201 0.325114 0.260984 0.627451 0.627451 0.643137
v -0.0190201 0.324268 0.26111 0.627451 0.627451 0.643137
v -0.019564 0.321706 0.260728 0.627451 0.627451 0.643137
v -0.000934356 0.321706 0.260728 0.627451 0.627451 0.643137
v -0.000934356 0.321706 0.260061 0.627451 0.627451 0.643137
v 0.0033672 0.321706 0.260728 0.627451 0.627451 0.643137
v 0.0557834 0.321706 0.260728 0.627451 0.627451 0.643137
v 0.0756842 0.321706 0.261524 0.627451 0.627451 0.643137
v -0.0175069 0.325114 0.260984 0.627451 0.627451 0.643137
v -0.0159937 0.325114 0.260984 0.627451 0.627451 0.643137
v -0.0144805 0.325114 0.260984 0.627451 0.627451 0.643137
v -0.0129673 0.325114 0.260984 0.627451 0.627451 0.643137
v -0.0114541 0.325114 0.260984 0.627451 0.627451 0.643137
v -0.00994096 0.325114 0.260984 0.627451 0.627451 0.643137
v -0.00842777 0.325114 0.260984 0.627451 0.627451 0.643137
v -0.00691459 0.325114 0.260984 0.627451 0.627451 0.643137
v -0.0054014 0.325114 0.260984 0.627451 0.627451 0.643137
v -0.00403855 0.325114 0.260984 0.627451 0.627451 0.643137
v -0.0026757 0.325114 0.260984 0.627451 0.627451 0.643137
v -0.0026757 0.324268 0.26111 0.627451 0.627451 0.643137
v -0.00131285 0.323414 0.261151 0.627451 0.627451 0.643137
v -0.0026757 0.323414 0.261151 0.627451 0.627451 0.643137
v -0.00131285 0.321706 0.259996 0.627451 0.627451 0.643137
v -0.00131285 0.32256 0.261193 0.627451 0.627451 0.643137
v -0.00131285 0.321706 0.261235 0.627451 0.627451 0.643137
v -0.035047 0.321706 0.259176 0.627451 0.627451 0.643137
v -0.0175069 0.324268 0.26111 0.627451 0.627451 0.643137
v -0.0159937 0.324268 0.26111 0.627451 0.627451 0.643137
v -0.0144805 0.324268 0.26111 0.627451 0.627451 0.643137
v -0.0129673 0.324268 0.26111 0.627451 0.627451 0.643137
v -0.0114541 0.324268 0.26111 0.627451 0.627451 0.643137
v -0.00994096 0.324268 0.26111 0.627451 0.627451 0.643137
v -0.00842777 0.324268 0.26111 0.627451 0.627451 0.643137
v -0.00691459 0.324268 0.26111 0.627451 0.627451 0.643137
v -0.0054014 0.324268 0.26111 0.627451 0.627451 0.643137
v -0.00403855 0.324268 0.26111 0.627451 0.627451 0.643137
v -0.0190201 0.323414 0.261151 0.627451 0.627451 0.643137
v -0.0175069 0.323414 0.261151 0.627451 0.627451 0.643137
v -0.0159937 0.323414 0.261151 0.627451 0.627451 0.643137
v -0.0144805 0.323414 0.261151 0.627451 0.627451 0.643137
v -0.0129673 0.323414 0.261151 0.627451 0.627451 0.643137
v -0.0114541 0.323414 0.261151 0.627451 0.627451 0.643137
v -0.00994096 0.323414 0.261151 0.627451 0.627451 0.643137
v -0.00842777 0.323414 0.261151 0.627451 0.627451 0.643137
v -0.00691459 0.323414 0.261151 0.627451 0.627451 0.643137
v -0.0054014 0.323414 0.261151 0.627451 0.627451 0.643137
v -0.00403855 0.323414 0.261151 0.627451 0.627451 0.643137
v -0.019564 0.319011 0.20586 0.627451 0.627451 0.643137
v -0.0124 0.319011 0.20586 0.627451 0.627451 0.643137
v -0.035047 0.319163 0.207404 0.627451 0.627451 0.643137
v -0.035047 0.319656 0.21241 0.627451 0.627451 0.643137
v -0.035047 0.319011 0.20586 0.627451 0.627451 0.643137
v -0.035047 0.319011 0.260595 0.627451 0.627451 0.643137
v -0.00523592 0.319011 0.20586 0.627451 0.627451 0.643137
v -0.0190201 0.319144 0.25987 0.627451 0.627451 0.643137
v -0.019564 0.319011 0.259928 0.627451 0.627451 0.643137
v -0.0190201 0.32256 0.261193 0.627451 0.627451 0.643137
v -0.0190201 0.321706 0.261235 0.627451 0.627451 0.643137
v -0.019564 0.319011 0.260595 0.627451 0.627451 0.643137
v -0.000934356 0.319011 0.260595 0.627451 0.627451 0.643137
v -0.000934356 0.319011 0.259928 0.627451 0.627451 0.643137
v 0.0033672 0.319011 0.260595 0.627451 0.627451 0.643137
v 0.0557834 0.319011 0.260595 0.627451 0.627451 0.643137
v -0.0175069 0.32256 0.261193 0.627451 0.627451 0.643137
v -0.0159937 0.32256 0.261193 0.627451 0.627451 0.643137
v -0.0144805 0.32256 0.261193 0.627451 0.627451 0.643137
v -0.0129673 0.32256 0.261193 0.627451 0.627451 0.643137
v -0.0114541 0.32256 0.261193 0.627451 0.627451 0.643137
v -0.00994096 0.32256 0.261193 0.627451 0.627451 0.643137
v -0.00842777 0.32256 0.261193 0.627451 0.627451 0.643137
v -0.00691459 0.32256 0.261193 0.627451 0.627451 0.643137
v -0.0054014 0.32256 0.261193 0.627451 0.627451 0.643137
v -0.00403856 0.32256 0.261193 0.627451 0.627451 0.643137
v -0.0026757 0.32256 0.261193 0.627451 0.627451 0.643137
v -0.0026757 0.321706 0.261235 0.627451 0.627451 0.643137
v -0.00131285 0.320852 0.261193 0.627451 0.627451 0.643137
v -0.0026757 0.320852 0.261193 0.627451 0.627451 0.643137
v -0.00131285 0.319144 0.26111 0.627451 0.627451 0.643137
v -0.00131285 0.319144 0.25987 0.627451 0.627451 0.643137
v -0.035047 0.319163 0.259051 0.627451 0.627451 0.643137
v -0.0175069 0.321706 0.261235 0.627451 0.627451 0.643137
v -0.0159937 0.321706 0.261235 0.627451 0.627451 0.643137
v -0.0144805 0.321706 0.261235 0.627451 0.627451 0.643137
v -0.0129673 0.321706 0.261235 0.627451 0.627451 0.643137
v -0.0114541 0.321706 0.261235 0.627451 0.627451 0.643137
v -0.00994095 0.321706 0.261235 0.627451 0.627451 0.643137
v -0.00842777 0.321706 0.261235 0.627451 0.627451 0.643137
v -0.00691459 0.321706 0.261235 0.627451 0.627451 0.643137
v -0.0054014 0.321706 0.261235 0.627451 0.627451 0.643137
v -0.00403856 0.321706 0.261235 0.627451 0.627451 0.643137
v -0.0190201 0.320852 0.261193 0.627451 0.627451 0.643137
v -0.0175069 0.320852 0.261193 0.627451 0.627451 0.643137
v -0.0159937 0.320852 0.261193 0.627451 0.627451 0.643137
v -0.0144805 0.320852 0.261193 0.627451 0.627451 0.643137
v -0.0129673 0.320852 0.261193 0.627451 0.627451 0.643137
v -0.0114541 0.320852 0.261193 0.627451 0.627451 0.643137
v -0.00994095 0.320852 0.261193 0.627451 0.627451 0.643137
v -0.00842777 0.320852 0.261193 0.627451 0.627451 0.643137
v -0.00691459 0.320852 0.261193 0.627451 0.627451 0.643137
v -0.0054014 0.320852 0.261193 0.627451 0.627451 0.643137
v -0.00403856 0.320852 0.261193 0.627451 0.627451 0.643137
v -0.035047 0.316644 0.207778 0.627451 0.627451 0.643137
v -0.019564 0.316341 0.206256 0.627451 0.627451 0.643137
v -0.0124 0.316341 0.206256 0.627451 0.627451 0.643137
v -0.035047 0.316341 0.206256 0.627451 0.627451 0.643137
v -0.035047 0.316644 0.258678 0.627451 0.627451 0.643137
v -0.035047 0.316341 0.260199 0.627451 0.627451 0.643137
v -0.035047 0.317625 0.253744 0.627451 0.627451 0.643137
v -0.00523592 0.316341 0.206256 0.627451 0.627451 0.643137
v -0.0190201 0.316607 0.259494 0.627451 0.627451 0.643137
v -0.019564 0.316341 0.259532 0.627451 0.627451 0.643137
v -0.0190201 0.319998 0.261151 0.627451 0.627451 0.643137
v -0.0190201 0.319144 0.26111 0.627451 0.627451 0.643137
v -0.019564 0.316341 0.260199 0.627451 0.627451 0.643137
v -0.0175069 0.319998 0.261151 0.627451 0.627451 0.643137
v -0.0159937 0.319998 0.261151 0.627451 0.627451 0.643137
v -0.0144805 0.319998 0.261151 0.627451 0.627451 0.643137
v -0.0129673 0.319998 0.261151 0.627451 0.627451 0.643137
v -0.0114541 0.319998 0.261151 0.627451 0.627451 0.643137
v -0.00994096 0.319998 0.261151 0.627451 0.627451 0.643137
v -0.00842777 0.319998 0.261151 0.627451 0.627451 0.643137
v -0.00691459 0.319998 0.261151 0.627451 0.627451 0.643137
v -0.0054014 0.319998 0.261151 0.627451 0.627451 0.643137
v -0.00403856 0.319998 0.261151 0.627451 0.627451 0.643137
v -0.0026757 0.319998 0.261151 0.627451 0.627451 0.643137
v -0.00131285 0.319998 0.261151 0.627451 0.627451 0.643137
v -0.000934356 0.316341 0.259532 0.627451 0.627451 0.643137
v -0.000934356 0.316341 0.260199 0.627451 0.627451 0.643137
v -0.00131285 0.318299 0.260984 0.627451 0.627451 0.643137
v -0.0026757 0.319144 0.26111 0.627451 0.627451 0.643137
v -0.0026757 0.318299 0.260984 0.627451 0.627451 0.643137
v -0.00131285 0.317453 0.260859 0.627451 0.627451 0.643137
v -0.00131285 0.316607 0.259494 0.627451 0.627451 0.643137
v -0.00131285 0.316607 0.260733 0.627451 0.627451 0.643137
v 0.0033672 0.316341 0.260199 0.627451 0.627451 0.643137
v 0.0557834 0.316341 0.260199 0.627451 0.627451 0.643137
v -0.0175069 0.319144 0.26111 0.627451 0.627451 0.643137
v -0.0159937 0.319144 0.26111 0.627451 0.627451 0.643137
v -0.0144805 0.319144 0.26111 0.627451 0.627451 0.643137
v -0.0129673 0.319144 0.26111 0.627451 0.627451 0.643137
v -0.0114541 0.319144 0.26111 0.627451 0.627451 0.643137
v -0.00994096 0.319144 0.26111 0.627451 0.627451 0.643137
v -0.00842777 0.319144 0.26111 0.627451 0.627451 0.643137
v -0.00691459 0.319144 0.26111 0.627451 0.627451 0.643137
v -0.0054014 0.319144 0.26111 0.627451 0.627451 0.643137
v -0.00403855 0.319144 0.26111 0.627451 0.627451 0.643137
v -0.0190201 0.318299 0.260984 0.627451 0.627451 0.643137
v -0.0190201 0.317453 0.260859 0.627451 0.627451 0.643137
v -0.0175069 0.318299 0.260984 0.627451 0.627451 0.643137
v -0.0159937 0.318299 0.260984 0.627451 0.627451 0.643137
v -0.0144805 0.318299 0.260984 0.627451 0.627451 0.643137
v -0.0129673 0.318299 0.260984 0.627451 0.627451 0.643137
v -0.0114541 0.318299 0.260984 0.627451 0.627451 0.643137
v -0.00994096 0.318299 0.260984 0.627451 0.627451 0.643137
v -0.00842777 0.318299 0.260984 0.627451 0.627451 0.643137
v -0.00691459 0.318299 0.260984 0.627451 0.627451 0.643137
v -0.0054014 0.318299 0.260984 0.627451 0.627451 0.643137
v -0.00403855 0.318299 0.260984 0.627451 0.627451 0.643137
v -0.035047 0.314174 0.258059 0.627451 0.627451 0.643137
v -0.035047 0.313724 0.259544 0.627451 0.627451 0.643137
v -0.035047 0.314174 0.208396 0.627451 0.627451 0.643137
v -0.0190201 0.316607 0.260733 0.627451 0.627451 0.643137
v -0.0190201 0.314119 0.258871 0.627451 0.627451 0.643137
v -0.0175069 0.317453 0.260859 0.627451 0.627451 0.643137
v -0.0159937 0.317453 0.260859 0.627451 0.627451 0.643137
v -0.0144805 0.317453 0.260859 0.627451 0.627451 0.643137
v -0.0129673 0.317453 0.260859 0.627451 0.627451 0.643137
v -0.0114541 0.317453 0.260859 0.627451 0.627451 0.643137
v -0.00994096 0.317453 0.260859 0.627451 0.627451 0.643137
v -0.00842777 0.317453 0.260859 0.627451 0.627451 0.643137
v -0.00691459 0.317453 0.260859 0.627451 0.627451 0.643137
v -0.0054014 0.317453 0.260859 0.627451 0.627451 0.643137
v -0.00403855 0.317453 0.260859 0.627451 0.627451 0.643137
v -0.0026757 0.317453 0.260859 0.627451 0.627451 0.643137
v -0.000934356 0.313724 0.258877 0.627451 0.627451 0.643137
v -0.000934356 0.313724 0.259544 0.627451 0.627451 0.643137
v -0.0026757 0.316607 0.260733 0.627451 0.627451 0.643137
v -0.00131285 0.315778 0.260525 0.627451 0.627451 0.643137
v -0.0026757 0.315778 0.260525 0.627451 0.627451 0.643137
v -0.00131285 0.314948 0.260318 0.627451 0.627451 0.643137
v -0.00131285 0.314119 0.258871 0.627451 0.627451 0.643137
v -0.00131285 0.314119 0.26011 0.627451 0.627451 0.643137
v -0.019564 0.313724 0.206912 0.627451 0.627451 0.643137
v -0.0124 0.313724 0.206912 0.627451 0.627451 0.643137
v -0.035047 0.313724 0.206912 0.627451 0.627451 0.643137
v -0.00523592 0.313724 0.206912 0.627451 0.627451 0.643137
v -0.019564 0.313724 0.258877 0.627451 0.627451 0.643137
v -0.019564 0.313724 0.259544 0.627451 0.627451 0.643137
v 0.0033672 0.313724 0.259544 0.627451 0.627451 0.643137
v 0.0557834 0.313724 0.259544 0.627451 0.627451 0.643137
v 0.0756842 0.313724 0.26034 0.627451 0.627451 0.643137
v 0.0756842 0.311183 0.259431 0.627451 0.627451 0.643137
v -0.0175069 0.316607 0.260733 0.627451 0.627451 0.643137
v -0.0159937 0.316607 0.260733 0.627451 0.627451 0.643137
v -0.0144805 0.316607 0.260733 0.627451 0.627451 0.643137
v -0.0129673 0.316607 0.260733 0.627451 0.627451 0.643137
v -0.0114541 0.316607 0.260733 0.627451 0.627451 0.643137
v -0.00994096 0.316607 0.260733 0.627451 0.627451 0.643137
v -0.00842777 0.316607 0.260733 0.627451 0.627451 0.643137
v -0.00691459 0.316607 0.260733 0.627451 0.627451 0.643137
v -0.0054014 0.316607 0.260733 0.627451 0.627451 0.643137
v -0.00403855 0.316607 0.260733 0.627451 0.627451 0.643137
v -0.035047 0.311776 0.257201 0.627451 0.627451 0.643137
v -0.035047 0.313701 0.213902 0.627451 0.627451 0.643137
v -0.035047 0.311183 0.258634 0.627451 0.627451 0.643137
v -0.0190201 0.315778 0.260525 0.627451 0.627451 0.643137
v -0.0175069 0.315778 0.260525 0.627451 0.627451 0.643137
v -0.0159937 0.315778 0.260525 0.627451 0.627451 0.643137
v -0.0144805 0.315778 0.260525 0.627451 0.627451 0.643137
v -0.0129673 0.315778 0.260525 0.627451 0.627451 0.643137
v -0.0114541 0.315778 0.260525 0.627451 0.627451 0.643137
v -0.00994096 0.315778 0.260525 0.627451 0.627451 0.643137
v -0.00842777 0.315778 0.260525 0.627451 0.627451 0.643137
v -0.00691459 0.315778 0.260525 0.627451 0.627451 0.643137
v -0.0054014 0.315778 0.260525 0.627451 0.627451 0.643137
v -0.00403855 0.315778 0.260525 0.627451 0.627451 0.643137
v -0.035047 0.311776 0.209254 0.627451 0.627451 0.643137
v -0.0190201 0.314948 0.260318 0.627451 0.627451 0.643137
v -0.0190201 0.311704 0.258006 0.627451 0.627451 0.643137
v -0.0190201 0.314119 0.26011 0.627451 0.627451 0.643137
v -0.0175069 0.314948 0.260318 0.627451 0.627451 0.643137
v -0.0159937 0.314948 0.260318 0.627451 0.627451 0.643137
v -0.0144805 0.314948 0.260318 0.627451 0.627451 0.643137
v -0.0129673 0.314948 0.260318 0.627451 0.627451 0.643137
v -0.0114541 0.314948 0.260318 0.627451 0.627451 0.643137
v -0.00994096 0.314948 0.260318 0.627451 0.627451 0.643137
v -0.00842777 0.314948 0.260318 0.627451 0.627451 0.643137
v -0.00691459 0.314948 0.260318 0.627451 0.627451 0.643137
v -0.0054014 0.314948 0.260318 0.627451 0.627451 0.643137
v -0.00403855 0.314948 0.260318 0.627451 0.627451 0.643137
v -0.0026757 0.314948 0.260318 0.627451 0.627451 0.643137
v -0.000934356 0.311183 0.257967 0.627451 0.627451 0.643137
v -0.000934356 0.311183 0.258634 0.627451 0.627451 0.643137
v -0.0026757 0.314119 0.26011 0.627451 0.627451 0.643137
v -0.00131285 0.313314 0.259822 0.627451 0.627451 0.643137
v -0.0026757 0.313314 0.259822 0.627451 0.627451 0.643137
v -0.00131285 0.311704 0.259246 0.627451 0.627451 0.643137
v -0.00131285 0.311704 0.258006 0.627451 0.627451 0.643137
v -0.019564 0.311183 0.207821 0.627451 0.627451 0.643137
v -0.0124 0.311183 0.207821 0.627451 0.627451 0.643137
v -0.035047 0.311183 0.207821 0.627451 0.627451 0.643137
v -0.00523592 0.311183 0.207821 0.627451 0.627451 0.643137
v -0.019564 0.311183 0.257967 0.627451 0.627451 0.643137
v -0.019564 0.311183 0.258634 0.627451 0.627451 0.643137
v 0.0033672 0.311183 0.258634 0.627451 0.627451 0.643137
v 0.0557834 0.311183 0.258634 0.627451 0.627451 0.643137
v -0.035047 0.311846 0.214779 0.627451 0.627451 0.643137
v -0.035047 0.311846 0.251676 0.627451 0.627451 0.643137
v -0.035047 0.309474 0.256112 0.627451 0.627451 0.643137
v -0.035047 0.310085 0.250621 0.627451 0.627451 0.643137
v -0.0175069 0.314119 0.26011 0.627451 0.627451 0.643137
v -0.0159937 0.314119 0.26011 0.627451 0.627451 0.643137
v -0.0144805 0.314119 0.26011 0.627451 0.627451 0.643137
v -0.0129673 0.314119 0.26011 0.627451 0.627451 0.643137
v -0.0114541 0.314119 0.26011 0.627451 0.627451 0.643137
v -0.00994096 0.314119 0.26011 0.627451 0.627451 0.643137
v -0.00842777 0.314119 0.26011 0.627451 0.627451 0.643137
v -0.00691459 0.314119 0.26011 0.627451 0.627451 0.643137
v -0.0054014 0.314119 0.26011 0.627451 0.627451 0.643137
v -0.00403855 0.314119 0.26011 0.627451 0.627451 0.643137
v -0.035047 0.308743 0.257481 0.627451 0.627451 0.643137
v -0.0190201 0.313314 0.259822 0.627451 0.627451 0.643137
v -0.0190201 0.312509 0.259534 0.627451 0.627451 0.643137
v -0.0175069 0.313314 0.259822 0.627451 0.627451 0.643137
v -0.0159937 0.313314 0.259822 0.627451 0.627451 0.643137
v -0.0144805 0.313314 0.259822 0.627451 0.627451 0.643137
v -0.0129673 0.313314 0.259822 0.627451 0.627451 0.643137
v -0.0114541 0.313314 0.259822 0.627451 0.627451 0.643137
v -0.00994096 0.313314 0.259822 0.627451 0.627451 0.643137
v -0.00842777 0.313314 0.259822 0.627451 0.627451 0.643137
v -0.00691459 0.313314 0.259822 0.627451 0.627451 0.643137
v -0.0054014 0.313314 0.259822 0.627451 0.627451 0.643137
v -0.00403855 0.313314 0.259822 0.627451 0.627451 0.643137
v -0.035047 0.30729 0.254803 0.627451 0.627451 0.643137
v -0.035047 0.309474 0.210343 0.627451 0.627451 0.643137
v -0.0190201 0.311704 0.259246 0.627451 0.627451 0.643137
v -0.0190201 0.309385 0.25691 0.627451 0.627451 0.643137
v -0.0175069 0.312509 0.259534 0.627451 0.627451 0.643137
v -0.0159937 0.312509 0.259534 0.627451 0.627451 0.643137
v -0.0144805 0.312509 0.259534 0.627451 0.627451 0.643137
v -0.0129673 0.312509 0.259534 0.627451 0.627451 0.643137
v -0.0114541 0.312509 0.259534 0.627451 0.627451 0.643137
v -0.00994096 0.312509 0.259534 0.627451 0.627451 0.643137
v -0.00842777 0.312509 0.259534 0.627451 0.627451 0.643137
v -0.00691459 0.312509 0.259534 0.627451 0.627451 0.643137
v -0.0054014 0.312509 0.259534 0.627451 0.627451 0.643137
v -0.00403855 0.312509 0.259534 0.627451 0.627451 0.643137
v -0.0026757 0.312509 0.259534 0.627451 0.627451 0.643137
v -0.00131285 0.312509 0.259534 0.627451 0.627451 0.643137
v -0.000934356 0.308743 0.256814 0.627451 0.627451 0.643137
v -0.000934356 0.308743 0.257481 0.627451 0.627451 0.643137
v -0.00131285 0.310931 0.25888 0.627451 0.627451 0.643137
v -0.0026757 0.311704 0.259246 0.627451 0.627451 0.643137
v -0.0026757 0.310931 0.25888 0.627451 0.627451 0.643137
v -0.00131285 0.309385 0.258149 0.627451 0.627451 0.643137
v -0.00131285 0.309385 0.25691 0.627451 0.627451 0.643137
v -0.019564 0.308743 0.208975 0.627451 0.627451 0.643137
v -0.0124 0.308743 0.208975 0.627451 0.627451 0.643137
v -0.035047 0.308743 0.208975 0.627451 0.627451 0.643137
v -0.00523592 0.308743 0.208975 0.627451 0.627451 0.643137
v -0.019564 0.308743 0.256814 0.627451 0.627451 0.643137
v -0.019564 0.308743 0.257481 0.627451 0.627451 0.643137
v 0.0033672 0.308743 0.257481 0.627451 0.627451 0.643137
v 0.0557834 0.308743 0.257481 0.627451 0.627451 0.643137
v -0.035047 0.306428 0.256093 0.627451 0.627451 0.643137
v -0.0175069 0.311704 0.259246 0.627451 0.627451 0.643137
v -0.0159937 0.311704 0.259246 0.627451 0.627451 0.643137
v -0.0144805 0.311704 0.259246 0.627451 0.627451 0.643137
v -0.0129673 0.311704 0.259246 0.627451 0.627451 0.643137
v -0.0114541 0.311704 0.259246 0.627451 0.627451 0.643137
v -0.00994096 0.311704 0.259246 0.627451 0.627451 0.643137
v -0.00842777 0.311704 0.259246 0.627451 0.627451 0.643137
v -0.00691459 0.311704 0.259246 0.627451 0.627451 0.643137
v -0.0054014 0.311704 0.259246 0.627451 0.627451 0.643137
v -0.00403855 0.311704 0.259246 0.627451 0.627451 0.643137
v -0.0190201 0.310931 0.25888 0.627451 0.627451 0.643137
v -0.0175069 0.310931 0.25888 0.627451 0.627451 0.643137
v -0.0159937 0.310931 0.25888 0.627451 0.627451 0.643137
v -0.0144805 0.310931 0.25888 0.627451 0.627451 0.643137
v -0.0129673 0.310931 0.25888 0.627451 0.627451 0.643137
v -0.0114541 0.310931 0.25888 0.627451 0.627451 0.643137
v -0.00994096 0.310931 0.25888 0.627451 0.627451 0.643137
v -0.00842777 0.310931 0.25888 0.627451 0.627451 0.643137
v -0.00691459 0.310931 0.25888 0.627451 0.627451 0.643137
v -0.0054014 0.310931 0.25888 0.627451 0.627451 0.643137
v -0.00403855 0.310931 0.25888 0.627451 0.627451 0.643137
v -0.035047 0.305245 0.253286 0.627451 0.627451 0.643137
v -0.035047 0.30729 0.211652 0.627451 0.627451 0.643137
v -0.035047 0.304261 0.254486 0.627451 0.627451 0.643137
v -0.0190201 0.310158 0.258515 0.627451 0.627451 0.643137
v -0.0122107 0.309385 0.25691 0.627451 0.627451 0.643137
v -0.0190201 0.309385 0.258149 0.627451 0.627451 0.643137
v -0.0175069 0.310158 0.258515 0.627451 0.627451 0.643137
v -0.0159937 0.310158 0.258515 0.627451 0.627451 0.643137
v -0.0144805 0.310158 0.258515 0.627451 0.627451 0.643137
v -0.0129673 0.310158 0.258515 0.627451 0.627451 0.643137
v -0.0114541 0.310158 0.258515 0.627451 0.627451 0.643137
v -0.00994096 0.310158 0.258515 0.627451 0.627451 0.643137
v -0.00842777 0.310158 0.258515 0.627451 0.627451 0.643137
v -0.00691459 0.310158 0.258515 0.627451 0.627451 0.643137
v -0.0054014 0.310158 0.258515 0.627451 0.627451 0.643137
v -0.00403855 0.310158 0.258515 0.627451 0.627451 0.643137
v -0.0026757 0.310158 0.258515 0.627451 0.627451 0.643137
v -0.00131285 0.310158 0.258515 0.627451 0.627451 0.643137
v -0.00523591 0.308743 0.256814 0.627451 0.627451 0.643137
v -0.00523591 0.308743 0.257481 0.627451 0.627451 0.643137
v -0.0026757 0.309385 0.258149 0.627451 0.627451 0.643137
v -0.00403855 0.309385 0.258149 0.627451 0.627451 0.643137
v -0.0054014 0.309385 0.258149 0.627451 0.627451 0.643137
v -0.0054014 0.309385 0.25691 0.627451 0.627451 0.643137
v -0.019564 0.306428 0.210362 0.627451 0.627451 0.643137
v -0.0124 0.306428 0.210362 0.627451 0.627451 0.643137
v -0.035047 0.306428 0.210362 0.627451 0.627451 0.643137
v -0.00523592 0.306428 0.210362 0.627451 0.627451 0.643137
v -0.0124 0.308743 0.256814 0.627451 0.627451 0.643137
v -0.019564 0.306428 0.256093 0.627451 0.627451 0.643137
v -0.0124 0.308743 0.257481 0.627451 0.627451 0.643137
v -0.000934356 0.306428 0.256093 0.627451 0.627451 0.643137
v -0.00523591 0.306428 0.256093 0.627451 0.627451 0.643137
v 0.0033672 0.306428 0.256093 0.627451 0.627451 0.643137
v 0.0557834 0.306428 0.256093 0.627451 0.627451 0.643137
v -0.0175069 0.309385 0.258149 0.627451 0.627451 0.643137
v -0.0159937 0.309385 0.258149 0.627451 0.627451 0.643137
v -0.0144805 0.309385 0.258149 0.627451 0.627451 0.643137
v -0.0129673 0.309385 0.258149 0.627451 0.627451 0.643137
v -0.0114541 0.309385 0.258149 0.627451 0.627451 0.643137
v -0.00994096 0.309385 0.258149 0.627451 0.627451 0.643137
v -0.00842777 0.309385 0.258149 0.627451 0.627451 0.643137
v -0.00691459 0.309385 0.258149 0.627451 0.627451 0.643137
v -0.035047 0.303358 0.251576 0.627451 0.627451 0.643137
v -0.035047 0.305245 0.213169 0.627451 0.627451 0.643137
v -0.035047 0.302261 0.252673 0.627451 0.627451 0.643137
v -0.035047 0.301648 0.249689 0.627451 0.627451 0.643137
v -0.019564 0.304261 0.21197 0.627451 0.627451 0.643137
v -0.0124 0.304261 0.21197 0.627451 0.627451 0.643137
v -0.035047 0.304261 0.21197 0.627451 0.627451 0.643137
v -0.00523592 0.304261 0.21197 0.627451 0.627451 0.643137
v -0.0124 0.306428 0.256093 0.627451 0.627451 0.643137
v -0.019564 0.304261 0.254486 0.627451 0.627451 0.643137
v -0.0124 0.304261 0.254486 0.627451 0.627451 0.643137
v -0.00523591 0.304261 0.254486 0.627451 0.627451 0.643137
v -0.000934356 0.304261 0.254486 0.627451 0.627451 0.643137
v 0.0033672 0.304261 0.254486 0.627451 0.627451 0.643137
v 0.0557834 0.304261 0.254486 0.627451 0.627451 0.643137
v 0.0756842 0.304261 0.255282 0.627451 0.627451 0.643137
v 0.0756842 0.302261 0.252673 0.627451 0.627451 0.643137
v 0.0756842 0.300449 0.250674 0.627451 0.627451 0.643137
v -0.035047 0.303358 0.214879 0.627451 0.627451 0.643137
v -0.035047 0.300449 0.250674 0.627451 0.627451 0.643137
v 0.0924815 0.298841 0.248506 0.627451 0.627451 0.643137
v 0.0756842 0.298841 0.248506 0.627451 0.627451 0.643137
v -0.035047 0.300131 0.247644 0.627451 0.627451 0.643137
v -0.035047 0.301648 0.216766 0.627451 0.627451 0.643137
v -0.035047 0.304313 0.221606 0.627451 0.627451 0.643137
v -0.035047 0.302261 0.213782 0.627451 0.627451 0.643137
v -0.035047 0.298841 0.248506 0.627451 0.627451 0.643137
v -0.0314693 0.304393 0.223974 0.627451 0.627451 0.643137
v -0.035047 0.303258 0.243089 0.627451 0.627451 0.643137
v -0.035047 0.298822 0.24546 0.627451 0.627451 0.643137
v -0.0314693 0.302075 0.233228 0.627451 0.627451 0.643137
v -0.035047 0.303258 0.223367 0.627451 0.627451 0.643137
v -0.035047 0.30238 0.225223 0.627451 0.627451 0.643137
v -0.0314693 0.302453 0.229398 0.627451 0.627451 0.643137
v -0.0314693 0.302921 0.227529 0.627451 0.627451 0.643137
v -0.035047 0.30238 0.241233 0.627451 0.627451 0.643137
v -0.035047 0.301689 0.2393 0.627451 0.627451 0.643137
v -0.0314693 0.302453 0.237058 0.627451 0.627451 0.643137
v -0.0314693 0.302921 0.238926 0.627451 0.627451 0.643137
v -0.019564 0.302261 0.213782 0.627451 0.627451 0.643137
v -0.0124 0.302261 0.213782 0.627451 0.627451 0.643137
v -0.00523592 0.302261 0.213782 0.627451 0.627451 0.643137
v -0.019564 0.302261 0.252673 0.627451 0.627451 0.643137
v -0.0124 0.302261 0.252673 0.627451 0.627451 0.643137
v -0.00523591 0.302261 0.252673 0.627451 0.627451 0.643137
v -0.000934356 0.302261 0.252673 0.627451 0.627451 0.643137
v 0.0033672 0.302261 0.252673 0.627451 0.627451 0.643137
v 0.0557834 0.302261 0.252673 0.627451 0.627451 0.643137
v -0.035047 0.300131 0.218811 0.627451 0.627451 0.643137
v -0.035047 0.300449 0.215782 0.627451 0.627451 0.643137
v -0.035047 0.297454 0.246191 0.627451 0.627451 0.643137
v -0.035047 0.297733 0.243158 0.627451 0.627451 0.643137
v -0.035047 0.298822 0.220996 0.627451 0.627451 0.643137
v -0.035047 0.296875 0.24076 0.627451 0.627451 0.643137
v -0.035047 0.298841 0.21795 0.627451 0.627451 0.643137
v -0.035047 0.2963 0.243752 0.627451 0.627451 0.643137
v -0.019564 0.300449 0.215782 0.627451 0.627451 0.643137
v -0.0124 0.300449 0.215782 0.627451 0.627451 0.643137
v -0.00523592 0.300449 0.215782 0.627451 0.627451 0.643137
v -0.019564 0.300449 0.250674 0.627451 0.627451 0.643137
v -0.0124 0.300449 0.250674 0.627451 0.627451 0.643137
v -0.00523591 0.300449 0.250674 0.627451 0.627451 0.643137
v -0.000934356 0.300449 0.250674 0.627451 0.627451 0.643137
v 0.0033672 0.300449 0.250674 0.627451 0.627451 0.643137
v 0.0557834 0.300449 0.250674 0.627451 0.627451 0.643137
v -0.0314693 0.30217 0.231304 0.627451 0.627451 0.643137
v -0.0314693 0.30217 0.235152 0.627451 0.627451 0.643137
v -0.035047 0.300889 0.231177 0.627451 0.627451 0.643137
v -0.035047 0.300788 0.233228 0.627451 0.627451 0.643137
v -0.035047 0.301689 0.227156 0.627451 0.627451 0.643137
v -0.035047 0.297733 0.223298 0.627451 0.627451 0.643137
v -0.035047 0.30119 0.229147 0.627451 0.627451 0.643137
v -0.035047 0.30119 0.237309 0.627451 0.627451 0.643137
v -0.035047 0.300889 0.235278 0.627451 0.627451 0.643137
v -0.035047 0.296256 0.23829 0.627451 0.627451 0.643137
v -0.035047 0.297454 0.220264 0.627451 0.627451 0.643137
v -0.035047 0.295391 0.241211 0.627451 0.627451 0.643137
v -0.035047 0.296875 0.225695 0.627451 0.627451 0.643137
v -0.035047 0.295883 0.235771 0.627451 0.627451 0.643137
v -0.035047 0.296256 0.228165 0.627451 0.627451 0.643137
v -0.035047 0.295758 0.233228 0.627451 0.627451 0.643137
v -0.035047 0.2963 0.222704 0.627451 0.627451 0.643137
v -0.035047 0.294735 0.238593 0.627451 0.627451 0.643137
v -0.019564 0.298841 0.21795 0.627451 0.627451 0.643137
v -0.0124 0.298841 0.21795 0.627451 0.627451 0.643137
v -0.00523591 0.298841 0.21795 0.627451 0.627451 0.643137
v -0.019564 0.298841 0.248506 0.627451 0.627451 0.643137
v -0.0124 0.298841 0.248506 0.627451 0.627451 0.643137
v -0.00523591 0.298841 0.248506 0.627451 0.627451 0.643137
v -0.000934361 0.298841 0.248506 0.627451 0.627451 0.643137
v 0.0033672 0.298841 0.248506 0.627451 0.627451 0.643137
v 0.0557834 0.298841 0.248506 0.627451 0.627451 0.643137
v -0.035047 0.295883 0.230684 0.627451 0.627451 0.643137
v -0.035047 0.295391 0.225245 0.627451 0.627451 0.643137
v -0.035047 0.294339 0.235923 0.627451 0.627451 0.643137
v -0.035047 0.294735 0.227863 0.627451 0.627451 0.643137
v -0.035047 0.294206 0.233228 0.627451 0.627451 0.643137
v -0.035047 0.294339 0.230532 0.627451 0.627451 0.643137
v -0.019564 0.297454 0.220264 0.627451 0.627451 0.643137
v -0.0124 0.297454 0.220264 0.627451 0.627451 0.643137
v -0.00523591 0.297454 0.220264 0.627451 0.627451 0.643137
v -0.019564 0.297454 0.246191 0.627451 0.627451 0.643137
v -0.00523591 0.298841 0.243752 0.627451 0.627451 0.643137
v -0.0124 0.297454 0.246191 0.627451 0.627451 0.643137
v -0.00523591 0.297454 0.246191 0.627451 0.627451 0.643137
v -0.019564 0.2963 0.222704 0.627451 0.627451 0.643137
v -0.0124 0.2963 0.222704 0.627451 0.627451 0.643137
v -0.00523591 0.2963 0.222704 0.627451 0.627451 0.643137
v -0.019564 0.2963 0.243752 0.627451 0.627451 0.643137
v -0.00523591 0.295391 0.241211 0.627451 0.627451 0.643137
v -0.00523591 0.294339 0.230532 0.627451 0.627451 0.643137
v -0.00523591 0.295391 0.225245 0.627451 0.627451 0.643137
v -0.0124 0.2963 0.243752 0.627451 0.627451 0.643137
v -0.00523591 0.2963 0.243752 0.627451 0.627451 0.643137
v -0.00523591 0.294339 0.235923 0.627451 0.627451 0.643137
v -0.00523591 0.294735 0.238593 0.627451 0.627451 0.643137
v -0.019564 0.295391 0.225245 0.627451 0.627451 0.643137
v -0.019564 0.295391 0.241211 0.627451 0.627451 0.643137
v -0.0124 0.295391 0.225245 0.627451 0.627451 0.643137
v -0.0124 0.295391 0.241211 0.627451 0.627451 0.643137
v -0.00523591 0.294735 0.227863 0.627451 0.627451 0.643137
v -0.00523591 0.294206 0.233228 0.627451 0.627451 0.643137
v -0.019564 0.294735 0.227863 0.627451 0.627451 0.643137
v -0.019564 0.294735 0.238593 0.627451 0.627451 0.643137
v -0.0124 0.294735 0.227863 0.627451 0.627451 0.643137
v -0.0124 0.294735 0.238593 0.627451 0.627451 0.643137
v -0.019564 0.294339 0.230532 0.627451 0.627451 0.643137
v -0.019564 0.294339 0.235923 0.627451 0.627451 0.643137
v -0.019564 0.294206 0.233228 0.627451 0.627451 0.643137
v -0.0124 0.294339 0.230532 0.627451 0.627451 0.643137
v -0.0124 0.294339 0.235923 0.627451 0.627451 0.643137
v -0.0124 0.294206 0.233228 0.627451 0.627451 0.643137
vn 4.83336e-09 1 2.31962e-08
vn -3.36692e-09 1 -1.92933e-08
vn -1 -6.12323e-17 0
vn 1.17265e-08 0.995185 0.0980172
vn -5.86324e-09 0.995185 -0.0980171
vn 5.66245e-09 0.995185 0.0980171
vn -3.1499e-09 0.995185 -0.0980171
vn -3.1499e-09 1 -2.43868e-08
vn -1 -4.59153e-07 -2.19458e-14
vn -1.50934e-08 0.995185 -0.0980171
vn -1 -6.12323e-17 0
vn -1 -4.56942e-07 4.50049e-08
vn -1 -4.56942e-07 -4.50048e-08
vn 1.00683e-08 0.980785 0.19509
vn -1 -6.12323e-17 0
vn -1.50207e-08 0.980785 -0.19509
vn -1.55981e-08 0.980785 -0.19509
vn -1 -4.50331e-07 8.9576e-08
vn -1.33687e-08 0.980785 -0.19509
vn -1 -6.12323e-17 0
vn -1 -9.43364e-07 9.2913e-08
vn -0.338538 -0.936422 0.0922293
vn -1 -9.29715e-07 1.84931e-07
vn -0.338538 -0.922873 0.18357
vn -1 -9.47928e-07 -4.09312e-14
vn -0.338538 -0.940953 -1.78588e-08
vn -6.09375e-17 0.995185 0.0980171
vn -6.09375e-17 0.995185 -0.0980171
vn -6.12323e-17 1 -2.16744e-08
vn 8.33636e-09 0.980785 0.19509
vn -6.00558e-17 0.980785 -0.19509
vn 9.41936e-09 0.995185 0.0980172
vn -1.40685e-08 0.995185 -0.0980171
vn -4.37909e-09 1 -1.78087e-08
vn 2.30434e-08 0.980785 0.19509
vn -6.00558e-17 0.980785 -0.19509
vn 2.27845e-08 0.995185 0.0980172
vn -2.66295e-08 0.995185 -0.0980172
vn 4.91944e-09 1 1.88747e-08
vn 1.68647e-08 0.980785 0.19509
vn -2.19689e-08 0.980785 -0.19509
vn 1.6838e-08 0.995185 0.0980171
vn -8.64092e-09 0.995185 -0.0980171
vn -1.88548e-09 1 -2.18105e-08
vn 3.478e-08 0.980785 0.19509
vn -1.22832e-08 0.980785 -0.19509
vn 8.37128e-09 0.995185 0.0980172
vn -9.0525e-09 0.995185 -0.0980171
vn 2.69027e-09 1 1.98146e-08
vn 7.25797e-09 0.980785 0.19509
vn -2.33724e-08 0.980785 -0.19509
vn 3.69789e-09 0.995185 0.0980171
vn 1.02205e-08 0.980785 0.19509
vn 1.3322e-08 0.980785 0.19509
vn -8.33636e-09 0.95694 -0.290285
vn -3.74897e-08 0.95694 -0.290285
vn -1 -4.39381e-07 1.33285e-07
vn -1.15583e-08 0.95694 -0.290285
vn -1 -6.12323e-17 0
vn -1 -9.07111e-07 2.75169e-07
vn -0.338538 -0.900436 0.273144
vn -1 -4.50331e-07 -8.9576e-08
vn 2.80274e-08 0.95694 0.290285
vn -1 -6.12323e-17 0
vn -1 -9.43364e-07 -9.2913e-08
vn -0.338538 -0.936422 -0.0922292
vn -4.7738e-08 0.95694 -0.290285
vn 1.07918e-08 0.95694 0.290285
vn -5.85957e-17 0.95694 -0.290285
vn 1.55981e-08 0.95694 0.290285
vn -1.13488e-08 0.95694 -0.290285
vn 5.87619e-08 0.95694 0.290285
vn -1.78215e-08 0.95694 -0.290285
vn 8.04468e-08 0.95694 0.290285
vn -1.3322e-08 0.95694 -0.290285
vn 9.27766e-09 0.95694 0.290285
vn 1.73294e-08 0.95694 0.290285
vn 3.4777e-08 0.95694 0.290285
vn -8.95295e-09 0.923879 -0.382684
vn -3.18391e-08 0.923879 -0.382684
vn -1 -4.24202e-07 1.7571e-07
vn -2.94642e-08 0.923879 -0.382684
vn -1 -6.12323e-17 0
vn -1 -8.75772e-07 3.62757e-07
vn -0.338538 -0.869327 0.360087
vn -1 -4.39382e-07 -1.33285e-07
vn 2.31167e-08 0.923879 0.382684
vn -1 -6.12323e-17 0
vn -1 -9.29715e-07 -1.84931e-07
vn -0.338538 -0.922873 -0.18357
vn -9.56792e-08 0.923879 -0.382684
vn 1.46689e-08 0.923879 0.382684
vn -3.79937e-08 0.923879 -0.382684
vn -5.65713e-17 0.923879 0.382684
vn -1.3055e-08 0.923879 -0.382684
vn 1.335e-07 0.923879 0.382684
vn -2.63716e-08 0.923879 -0.382684
vn 6.78959e-08 0.923879 0.382684
vn -1.36879e-08 0.923879 -0.382684
vn 8.70331e-09 0.923879 0.382684
vn 3.63351e-08 0.923879 0.382684
vn 3.51852e-08 0.91749 0.397759
vn -3.46487e-08 0.881921 -0.471397
vn -2.27186e-08 0.881921 -0.471397
vn -1 -4.04937e-07 2.16443e-07
vn -3.62946e-08 0.881921 -0.471397
vn -1 -6.12323e-17 0
vn -1 -8.35998e-07 4.4685e-07
vn -0.338538 -0.829846 0.443562
vn -1 -4.24202e-07 -1.7571e-07
vn 4.32512e-08 0.881921 0.471397
vn -1 -6.12323e-17 0
vn -1 -9.07111e-07 -2.75169e-07
vn -0.338538 -0.900436 -0.273144
vn -8.15985e-08 0.881921 -0.471397
vn 3.62946e-08 0.881921 0.471397
vn -8.82601e-08 0.881921 -0.471397
vn 5.09931e-08 0.881921 0.471397
vn -1.60814e-08 0.881921 -0.471397
vn 8.35948e-08 0.881921 0.471397
vn -3.02001e-08 0.881921 -0.471397
vn -5.40021e-17 0.881921 0.471397
vn -2.82374e-08 0.881921 -0.471397
vn 1.67334e-08 0.881921 0.471397
vn 3.31627e-08 0.881921 0.471397
vn 1.36495e-08 0.881921 0.471397
vn 6.15457e-09 0.903989 0.427555
vn 1 -5.27875e-16 9.56107e-17
vn -0.338538 -0.936422 0.0922294
vn -1 -6.12323e-17 0
vn -0.338538 -0.922873 0.18357
vn -0.338538 -0.940953 -3.98368e-08
vn -1 -6.12323e-17 0
vn -0.338538 -0.900436 0.273144
vn -0.338538 -0.936422 -0.0922292
vn -1 -6.12323e-17 0
vn -0.338538 -0.869327 0.360088
vn -0.338538 -0.922873 -0.18357
vn -1 -6.12323e-17 0
vn -6.76109e-08 0.83147 -0.55557
vn -2.97217e-08 0.83147 -0.55557
vn -1 -3.81772e-07 2.55092e-07
vn -4.27754e-08 0.83147 -0.55557
vn -1 -6.12323e-17 0
vn -1 -7.88174e-07 5.26641e-07
vn -0.338538 -0.782374 0.522765
vn -1 -4.04937e-07 -2.16443e-07
vn 8.55508e-08 0.83147 0.55557
vn -1 -6.12323e-17 0
vn -1 -8.75772e-07 -3.62757e-07
vn -0.338538 -0.869327 -0.360087
vn -1.65014e-08 0.83147 -0.55557
vn 4.27754e-08 0.83147 0.55557
vn -9.99235e-08 0.83147 -0.55557
vn 3.30028e-08 0.83147 0.55557
vn -7.29948e-08 0.83147 -0.55557
vn -5.09128e-17 0.83147 0.55557
vn -3.55926e-08 0.83147 -0.55557
vn -3.32796e-08 0.83147 -0.55557
vn 2.52705e-08 0.83147 0.55557
vn 2.52705e-08 0.83147 0.55557
vn 3.28249e-08 0.881921 0.471397
vn 1 -5.27875e-16 9.56107e-17
vn 0.999989 -0.000890597 0.00468065
vn 2.30161e-08 0.83147 0.55557
vn 0.999966 -0.00530875 0.00636126
vn -0.00831802 0.804982 0.593241
vn 7.8857e-08 0.83147 0.55557
vn 1 -5.27875e-16 9.56107e-17
vn 0.999942 -0.00567959 0.0091197
vn -0.0260374 0.828668 0.559135
vn 0.907804 5.5587e-17 0.419395
vn 0.999986 1.77915e-10 0.0052275
vn 0.907804 -8.65215e-08 0.419395
vn 0.999986 4.71737e-11 0.0052275
vn -0.338538 -0.829846 0.443562
vn -1 5.85136e-15 1.52203e-17
vn -0.338538 -0.900436 -0.273144
vn -7.72034e-08 0.77301 -0.634393
vn -5.27813e-08 0.77301 -0.634393
vn -1 -3.5493e-07 2.91284e-07
vn -1 -7.32758e-07 6.0136e-07
vn -0.338538 -0.727366 0.596934
vn -4.88443e-08 0.77301 -0.634393
vn -1 -6.12323e-17 0
vn -1 -3.81772e-07 -2.55092e-07
vn 9.76885e-08 0.77301 0.634393
vn -1 -6.12323e-17 0
vn -1 -8.35998e-07 -4.4685e-07
vn -0.338538 -0.829846 -0.443562
vn -4.73332e-17 0.77301 -0.634393
vn 2.58038e-08 0.77301 0.634393
vn -8.79049e-08 0.77301 -0.634393
vn -4.73332e-17 0.77301 0.634393
vn -1.09547e-07 0.77301 -0.634393
vn -4.06425e-08 0.77301 -0.634393
vn -4.73332e-17 0.77301 0.634393
vn -3.80012e-08 0.77301 -0.634393
vn 1.48724e-07 0.77301 0.634394
vn 2.88558e-08 0.77301 0.634394
vn 4.50226e-08 0.77301 0.634394
vn -0.0109191 0.767417 0.641055
vn -0.338538 -0.782374 0.522765
vn -1 6.15679e-15 8.4336e-18
vn -0.338538 -0.869327 -0.360088
vn -0.338538 -0.727366 0.596934
vn -1 -4.28744e-12 2.96816e-12
vn -1 -7.88174e-07 -5.26641e-07
vn -0.338538 -0.782374 -0.522765
vn -1 -3.5493e-07 -2.91283e-07
vn -0.338538 -0.829846 -0.443562
vn -1 1.74822e-14 7.455e-15
vn -6.22697e-08 0.707107 -0.707107
vn -1.06396e-07 0.707107 -0.707107
vn -1 -3.2467e-07 3.2467e-07
vn -1 -6.70286e-07 6.70287e-07
vn -0.338538 -0.665354 0.665354
vn -2.90216e-08 0.707107 -0.707107
vn -1 -6.12323e-17 0
vn 4.60809e-08 0.707107 0.707106
vn -4.32978e-17 0.707107 -0.707107
vn -4.32978e-17 0.707107 0.707106
vn -6.4917e-08 0.707107 -0.707107
vn -1.26183e-07 0.707107 -0.707107
vn 9.51307e-08 0.707107 0.707107
vn -3.51447e-08 0.707107 -0.707107
vn 2.72054e-07 0.707107 0.707107
vn -4.23568e-08 0.707107 -0.707107
vn 2.91832e-07 0.707107 0.707107
vn 3.21632e-08 0.707107 0.707107
vn -0.338538 -0.665354 0.665354
vn -1 4.92943e-14 -5.44555e-14
vn -1 -7.32758e-07 -6.0136e-07
vn -0.338538 -0.727366 -0.596934
vn -1 -3.2467e-07 -3.2467e-07
vn -0.338538 -0.782374 -0.522765
vn -1 6.29768e-14 3.77836e-14
vn -1.27106e-08 0.634393 -0.77301
vn -1.52411e-07 0.634393 -0.77301
vn -1 -2.91283e-07 3.5493e-07
vn -1 -6.01359e-07 7.32758e-07
vn -0.338538 -0.596934 0.727366
vn -3.88454e-17 0.634393 -0.77301
vn -1 -6.12323e-17 0
vn -3.88454e-17 0.634394 0.77301
vn -8.10628e-08 0.634393 -0.77301
vn -3.88454e-17 0.634393 -0.77301
vn 1.62126e-07 0.634394 0.77301
vn -6.82243e-08 0.634393 -0.77301
vn 2.57256e-07 0.634393 0.77301
vn -3.10811e-08 0.634393 -0.77301
vn 1.32254e-07 0.634394 0.77301
vn -2.03123e-08 0.634393 -0.77301
vn 3.51609e-08 0.634394 0.77301
vn -0.0085556 0.638301 0.769739
vn -0.0347228 0.704768 0.708587
vn -0.0384503 0.856116 0.515351
vn -0.056222 0.572761 0.817792
vn 0.907804 1.48386e-08 0.419395
vn -0.338538 -0.596934 0.727366
vn -1 1.73505e-14 -2.25524e-14
vn -1 -6.70286e-07 -6.70287e-07
vn -0.338538 -0.665354 -0.665354
vn -1 -2.91284e-07 -3.5493e-07
vn -0.338538 -0.727366 -0.596934
vn -1 -3.66146e-12 -4.38339e-12
vn -3.40189e-17 0.55557 -0.83147
vn -1.38356e-07 0.55557 -0.83147
vn -1 -2.55092e-07 3.81771e-07
vn -1 -5.26641e-07 7.88173e-07
vn -0.338538 -0.522765 0.782374
vn -3.40189e-17 0.55557 -0.83147
vn -1 -6.12323e-17 0
vn -3.40188e-17 0.55557 0.83147
vn 2.56577e-05 0.555551 -0.831482
vn 2.57966e-05 0.555445 -0.831553
vn 2.76712e-07 0.55557 0.83147
vn 3.8777e-05 0.555337 -0.831626
vn 1.66588e-07 0.55557 0.83147
vn 3.66026e-05 0.554038 -0.832491
vn -3.40189e-17 0.55557 0.83147
vn -3.38915e-17 0.55349 -0.832856
vn 3.782e-08 0.55557 0.83147
vn -0.0166319 0.555782 0.831162
vn -0.0460795 0.554472 0.830926
vn 0.907804 -3.42901e-07 0.419395
vn -0.0551214 0.535763 0.842568
vn 0.907804 -2.62434e-07 0.419395
vn -0.0528538 0.451637 0.890635
vn 0.907804 -2.97309e-08 0.419395
vn -0.0502288 0.364435 0.929873
vn 0.907804 1.22851e-07 0.419395
vn -0.0575263 -0.452562 0.889875
vn 0.999983 0.0010793 0.00565395
vn 0.907804 5.5587e-17 0.419395
vn -0.338538 -0.665354 -0.665354
vn -1 2.93747e-16 7.52037e-15
vn -1 -5.59026e-13 -1.68986e-11
vn 4.32978e-17 -0.707107 -0.707106
vn 0 0 -1
vn -1 2.48638e-11 -5.50233e-12
vn -1 8.54408e-12 -5.92768e-12
vn -0.338538 0.727366 -0.596934
vn -0.338538 -0.522765 0.782374
vn -1 2.18288e-14 -2.95153e-14
vn -1 -6.0136e-07 -7.32758e-07
vn -0.338538 -0.596935 -0.727366
vn -1 -2.55092e-07 -3.81772e-07
vn -2.88647e-17 0.471397 -0.881921
vn -8.87192e-08 0.471397 -0.881921
vn -1 -2.16443e-07 4.04937e-07
vn -1 -4.46851e-07 8.35998e-07
vn -0.338538 -0.443563 0.829846
vn -6.20297e-08 0.471397 -0.881921
vn -1 -6.12323e-17 0
vn -2.88647e-17 0.471396 0.881921
vn 5.32535e-05 0.485773 -0.874085
vn 8.26952e-08 0.485772 0.874085
vn 1 -5.27875e-16 9.56107e-17
vn 8.90402e-17 -1 1.11121e-15
vn 0.00010868 0.513923 -0.857837
vn 2.19983e-07 0.514101 0.857729
vn 8.90402e-17 -1 1.11121e-15
vn 0.000108733 0.513703 -0.857968
vn -3.14797e-17 0.514103 0.857729
vn 8.90402e-17 -1 1.11121e-15
vn 8.30516e-05 0.511027 -0.859565
vn -2.9745e-17 0.485773 0.874085
vn 8.90402e-17 -1 1.11121e-15
vn -1 3.82107e-15 5.20161e-15
vn 1.37817e-05 0.51005 -0.860145
vn 4.01148e-08 0.471396 0.881921
vn -0.0176434 0.471583 0.881645
vn -0.0460083 0.470283 0.881316
vn -1 -1.1285e-14 5.84831e-16
vn 4.32978e-17 -0.707107 0.707107
vn 8.90402e-17 -1 1.11121e-15
vn -1 -1.23577e-11 2.86289e-12
vn -1 -3.68033e-12 -4.39682e-12
vn -0.338538 0.727366 0.596934
vn -0.338538 0.665354 0.665354
vn -1 7.33332e-16 -2.95023e-15
vn -0.338538 -0.443563 0.829846
vn -0.338538 0.596934 0.727366
vn -1 -5.26641e-07 -7.88174e-07
vn -0.338538 -0.522765 -0.782374
vn -1 -2.16443e-07 -4.04936e-07
vn -0.338538 -0.596935 -0.727366
vn -1 -6.12323e-17 0
vn -4.0118e-08 0.382684 -0.923879
vn -6.04424e-08 0.382684 -0.923879
vn -1 -1.7571e-07 4.24202e-07
vn -1 -3.62757e-07 8.75771e-07
vn -0.338538 -0.360088 0.869327
vn -7.76591e-08 0.382684 -0.923879
vn -1 -6.12323e-17 0
vn 1.60472e-07 0.382684 0.923879
vn -1.16063e-07 0.382684 -0.923879
vn 8.90402e-17 -1 1.11121e-15
vn 1 -5.27875e-16 9.56107e-17
vn 0.325993 0.404198 0.854607
vn 3.27326e-17 0.148049 0.98898
vn 1.55318e-07 0.382684 0.923879
vn 1 -5.27875e-16 9.56107e-17
vn 0.305258 0.383816 0.871495
vn 8.90402e-17 -1 1.11121e-15
vn 2.69687e-07 0.148049 0.98898
vn 1.94424e-08 0.148056 0.988979
vn -2.34326e-17 0.382684 0.923879
vn -1 1.93111e-16 3.40776e-16
vn 8.90402e-17 -1 1.11121e-15
vn -9.06583e-18 0.148056 0.988979
vn -0.444052 0.383091 0.809975
vn -1 3.13545e-15 4.283e-15
vn 4.20233e-08 0.382684 0.923879
vn -0.0184846 0.38284 0.92363
vn -0.0454419 0.38163 0.923197
vn -1 -5.92313e-15 -7.26504e-16
vn 8.90402e-17 -1 1.11121e-15
vn 4.32978e-17 -0.707107 -0.707106
vn -1 -7.30642e-16 7.14766e-15
vn 0 -2.21138e-18 1
vn 4.32978e-17 -0.707107 0.707107
vn -1 6.96947e-16 4.77756e-16
vn -1.55291e-16 0.707107 0.707107
vn 0 -2.21138e-18 1
vn 4.32978e-17 -0.707107 0.707107
vn -1 -6.12323e-17 0
vn 8.90402e-17 -1 1.11121e-15
vn -0.338538 0.665354 0.665354
vn -1 6.70287e-07 6.70287e-07
vn -1 -5.59026e-13 -1.68986e-11
vn -1 -1.2409e-15 -8.18789e-16
vn -0.338538 0.782374 0.522765
vn -0.338538 0.727366 0.596934
vn -1 7.32758e-07 6.01359e-07
vn -1 -4.04854e-16 -7.66853e-16
vn -0.338539 0.273143 0.900436
vn -0.338538 -0.360087 0.869327
vn -1 1.23181e-14 -3.4598e-14
vn -0.338538 -0.273143 0.900436
vn -0.338539 -0.0922287 0.936422
vn -0.338538 0.596934 0.727366
vn -1 6.01359e-07 7.32758e-07
vn -1 -6.12323e-17 0
vn -0.338538 0.443562 0.829846
vn -0.338538 0.522765 0.782374
vn -0.338538 0.522765 0.782374
vn -1 5.2664e-07 7.88174e-07
vn -1 6.08178e-16 -7.14767e-15
vn 0 0 -1
vn -1.28667e-16 0.707107 -0.707106
vn 4.32978e-17 -0.707107 -0.707106
vn -1 -6.12323e-17 0
vn 0 0 -1
vn -0.338538 0.596935 -0.727366
vn -1 5.91755e-15 7.42224e-15
vn -0.338538 -0.522765 -0.782373
vn -0.338538 -0.360087 -0.869327
vn -1 1.65265e-14 -4.431e-16
vn -1.28667e-16 0.707107 -0.707106
vn 2.37764e-16 1 1.07094e-15
vn -1 -7.4095e-14 8.16836e-14
vn -0.338538 0.665354 -0.665354
vn -0.338538 0.727366 -0.596934
vn -1 7.32758e-07 -6.01359e-07
vn -0.338538 0.782374 -0.522765
vn -1 7.88174e-07 -5.2664e-07
vn -1 -1.65726e-15 -6.71314e-16
vn -0.338538 0.869326 0.360088
vn -0.338538 0.782374 -0.522765
vn -1 -1.24134e-13 7.85656e-14
vn -0.338538 0.869327 -0.360088
vn -0.338538 0.829846 -0.443562
vn 0 -2.21138e-18 1
vn -1.55291e-16 0.707107 0.707107
vn -1 -6.12323e-17 0
vn 4.32978e-17 -0.707107 0.707107
vn 0 -2.21138e-18 1
vn -1 -6.12323e-17 0
vn -1.55291e-16 0.707107 0.707107
vn 2.37764e-16 1 1.07094e-15
vn 8.90402e-17 -1 1.11121e-15
vn -1 -6.12323e-17 0
vn 4.32978e-17 -0.707107 -0.707106
vn -1 -4.4685e-07 -8.35998e-07
vn -0.338538 -0.443562 -0.829846
vn -1 -1.75711e-07 -4.24202e-07
vn -1 -6.12323e-17 0
vn -1.28667e-16 0.707107 -0.707106
vn 0 0 -1
vn -1 -6.12323e-17 0
vn -1.55291e-16 0.707107 0.707107
vn 2.37764e-16 1 1.07094e-15
vn -1 -6.12323e-17 0
vn -1.28667e-16 0.707107 -0.707106
vn -0.338538 -0.443562 -0.829846
vn -1 -3.23953e-16 -2.31649e-16
vn -0.338538 0.273145 -0.900436
vn -0.338538 -0.360087 -0.869327
vn -1 -3.62757e-07 -8.75771e-07
vn -0.338538 -0.273146 -0.900435
vn -1 -2.7517e-07 -9.07111e-07
vn -0.338538 -0.273145 -0.900435
vn -1 8.8673e-15 3.56447e-14
vn -0.338539 -0.183571 -0.922872
vn -0.338538 4.52769e-08 -0.940953
vn -1 -6.12323e-17 0
vn -0.338538 0.443561 -0.829847
vn -0.338538 0.522765 -0.782374
vn -0.338538 0.596935 -0.727366
vn -1 6.0136e-07 -7.32758e-07
vn -0.338538 0.665354 -0.665354
vn -1 6.70287e-07 -6.70286e-07
vn -3.23033e-08 0.290285 -0.95694
vn -9.69628e-08 0.290285 -0.95694
vn -1 -1.33285e-07 4.39381e-07
vn -1 -2.75168e-07 9.07111e-07
vn -0.338539 -0.273143 0.900436
vn -6.65614e-08 0.290285 -0.95694
vn -1 -6.12323e-17 0
vn 1.29213e-07 0.290285 0.95694
vn -1.97583e-07 0.290285 -0.95694
vn 0.269301 0.348252 0.897885
vn -1 -6.12323e-17 0
vn 3.27326e-17 0.148049 0.98898
vn 0.325993 0.404198 0.854607
vn -1 -6.12323e-17 0
vn 2.37764e-16 1 1.07094e-15
vn 0.204186 0.266568 0.941939
vn -1 -6.12323e-17 0
vn 1 -5.27875e-16 9.56107e-17
vn 0.228096 0.299712 0.926361
vn 3.69132e-07 0.148049 0.98898
vn 2.37764e-16 1 1.07094e-15
vn -1 -6.12323e-17 0
vn 1.65795e-16 0.427554 0.90399
vn 2.37764e-16 1 1.07094e-15
vn -1 -6.12323e-17 0
vn 6.13939e-17 0.427555 0.90399
vn -2.34326e-17 0.382684 0.923879
vn -1.77749e-17 0.290285 0.95694
vn 1 -5.27875e-16 9.56107e-17
vn -9.06583e-18 0.148056 0.988979
vn 2.37764e-16 1 1.07094e-15
vn 1.65795e-16 0.427554 0.90399
vn -9.06583e-18 0.148056 0.988979
vn 2.37764e-16 1 1.07094e-15
vn 1 -5.27875e-16 9.56107e-17
vn -0.444053 0.38309 0.809975
vn -1 -6.12323e-17 0
vn -0.423108 0.369178 0.827458
vn 2.37764e-16 1 1.07094e-15
vn 1.65795e-16 0.427554 0.90399
vn 1 -5.27875e-16 9.56107e-17
vn 2.37764e-16 1 1.07094e-15
vn 1.65795e-16 0.427554 0.90399
vn -1 -6.12323e-17 0
vn -1.77749e-17 0.290285 0.95694
vn -0.367445 0.331842 0.86883
vn 1 -5.27875e-16 9.56107e-17
vn 6.13939e-17 0.427555 0.90399
vn -2.34326e-17 0.382684 0.923879
vn -0.323298 0.295795 0.898879
vn -1 -6.12323e-17 0
vn 2.1667e-07 0.290285 0.95694
vn -0.0191474 0.290405 0.956712
vn -0.0445955 0.289369 0.956178
vn 0.907804 3.39741e-08 0.419395
vn -0.0460655 -0.0926499 0.994633
vn -0.0477251 0.274999 0.960259
vn 0.907804 4.98428e-07 0.419396
vn 0.907805 -4.12339e-07 0.419393
vn -0.0457838 0.184036 0.981853
vn 0.999995 0.00244644 0.00209912
vn 0.907804 1.56325e-07 0.419395
vn -0.00860019 -0.827411 0.561531
vn 0.99981 6.12207e-17 0.0194917
vn 0.907805 7.96182e-07 0.419393
vn -0.0512394 -0.275731 0.959868
vn 0.907803 -8.15878e-07 0.419396
vn -0.0544718 -0.365283 0.929302
vn -0.0436871 -0.470382 0.881381
vn -0.0436879 -0.554539 0.83101
vn -0.0599299 -0.536707 0.841638
vn 0.907807 4.4303e-06 0.419389
vn 0.907804 6.87097e-07 0.419394
vn -0.0379582 -0.745062 0.665914
vn 0.999985 0.00477244 0.00275605
vn 8.35474e-08 -0.808414 0.588615
vn 6.13939e-17 0.427555 0.90399
vn 1 5.82077e-09 1.2307e-08
vn 1 -5.27875e-16 9.56107e-17
vn 1.25129e-16 0.336889 0.941544
vn -2.34326e-17 0.382684 0.923879
vn -0.282513 0.256353 0.924375
vn 1 -5.27875e-16 9.56107e-17
vn -2.06287e-17 0.336892 0.941543
vn -1.77749e-17 0.290287 0.95694
vn -1 -1.33284e-07 -4.39381e-07
vn -2.34326e-17 0.382684 0.923879
vn -8.74995e-16 0.336891 0.941544
vn -1 -6.12323e-17 0
vn 4.9888e-07 0.336889 0.941544
vn 1.25129e-16 0.336889 0.941544
vn -4.22336e-08 0.19509 -0.980785
vn -1.19458e-17 0.19509 -0.980785
vn -1 -8.9576e-08 4.50331e-07
vn -1 -1.84931e-07 9.29714e-07
vn -0.338538 -0.18357 0.922873
vn -1.51029e-07 0.19509 -0.980785
vn -1 -6.12323e-17 0
vn -1.19458e-17 0.19509 0.980785
vn -1.24542e-07 0.19509 -0.980785
vn 0.156466 0.179555 0.971225
vn -1 -6.12323e-17 0
vn 1 -5.27875e-16 9.56107e-17
vn 0.168477 0.205181 0.964114
vn -1 -6.12323e-17 0
vn -2.06287e-17 0.336892 0.941543
vn -1.77748e-17 0.290284 0.95694
vn -1.19458e-17 0.19509 0.980785
vn 1 -5.27875e-16 9.56107e-17
vn -1 -6.12323e-17 0
vn 7.40937e-07 0.19509 0.980785
vn -0.241291 0.206267 0.948279
vn -1 -6.12323e-17 0
vn 5.88223e-07 0.19509 0.980785
vn -0.0196255 0.195172 0.980573
vn -0.0436879 0.194387 0.979952
vn 0.907801 1.2231e-15 0.419401
vn -0.0447519 0.0921287 0.994741
vn -0.0429133 0.0975871 0.994301
vn 0.907814 1.22392e-15 0.419373
vn -0.0448347 -0.000243999 0.998994
vn -0.0422618 -0.0978189 0.994306
vn -0.0424397 -0.194595 0.979965
vn -0.0483 -0.184648 0.981617
vn 0.907809 2.86723e-06 0.419383
vn -2.06287e-17 0.336892 0.941543
vn 9.84624e-07 0.336891 0.941544
vn 9.84625e-07 0.336891 0.941544
vn -2.06287e-17 0.336892 0.941543
vn -1.77749e-17 0.290287 0.95694
vn 1 -5.27875e-16 9.56107e-17
vn -1.48781e-17 0.242978 0.970032
vn -0.219096 0.172906 0.960261
vn 1 -5.27875e-16 9.56107e-17
vn -1.48783e-17 0.24298 0.970031
vn -1.19458e-17 0.19509 0.980785
vn -0.338538 -0.18357 0.922873
vn -1 -6.12323e-17 0
vn -1 -8.95765e-08 -4.50331e-07
vn -0.338539 0.0922286 0.936422
vn -0.338539 -0.0922287 0.936422
vn -1 -9.29123e-08 9.43364e-07
vn -0.338538 2.49643e-08 0.940953
vn -1 -6.12323e-17 0
vn -0.338539 0.18357 0.922873
vn -0.338539 0.18357 0.922873
vn -1 1.84931e-07 9.29714e-07
vn -0.338538 0.273143 0.900436
vn -1 2.75168e-07 9.07111e-07
vn -0.338538 0.360088 0.869327
vn -1 -6.12323e-17 0
vn -1.77748e-17 0.290284 0.95694
vn 4.9948e-07 0.290285 0.95694
vn -1.77749e-17 0.290287 0.95694
vn -1.48781e-17 0.242978 0.970032
vn -1 -6.12323e-17 0
vn -1.48783e-17 0.24298 0.970031
vn -1.48781e-17 0.242978 0.970032
vn -1 -1.84933e-07 -9.29715e-07
vn -0.338538 -0.183571 -0.922872
vn -7.66229e-08 0.0980167 -0.995185
vn -6.41177e-08 0.0980167 -0.995185
vn -1 -4.50047e-08 4.56942e-07
vn -8.47108e-08 0.0980171 -0.995185
vn -1 -6.12323e-17 0
vn -6.00179e-18 0.0980167 0.995185
vn -6.00182e-18 0.0980171 -0.995185
vn 0.127668 0.0901507 0.987711
vn -1 -6.12323e-17 0
vn 1 -5.27875e-16 9.56107e-17
vn 0.13091 0.104149 0.985909
vn -1 -6.12323e-17 0
vn -1.19458e-17 0.19509 0.980785
vn -6.00179e-18 0.0980167 0.995185
vn 1 -5.27875e-16 9.56107e-17
vn -1 -6.12323e-17 0
vn 1.10318e-06 0.0980167 0.995185
vn -0.187342 0.105933 0.976566
vn -1 -6.12323e-17 0
vn 4.18582e-07 0.0980174 0.995185
vn -0.0199142 0.0980592 0.994981
vn -1.48783e-17 0.24298 0.970031
vn -1.19458e-17 0.19509 0.980785
vn 1 -5.27875e-16 9.56107e-17
vn -8.98443e-18 0.146727 0.989177
vn -0.180989 0.0865639 0.979668
vn 1 -5.27875e-16 9.56107e-17
vn -8.98477e-18 0.146732 0.989176
vn -6.00197e-18 0.0980196 0.995184
vn -1 -4.50051e-08 -4.56942e-07
vn -1 -6.12323e-17 0
vn -0.338538 -0.0922299 -0.936422
vn -0.338538 -0.0922291 -0.936422
vn -1 -9.29125e-08 -9.43364e-07
vn -1 5.21461e-15 -3.51709e-14
vn -0.338538 0.183572 -0.922872
vn -0.338538 4.15024e-08 -0.940953
vn -1 6.19039e-14 -9.47928e-07
vn -0.338538 0.0922287 -0.936422
vn -1 9.2913e-08 -9.43365e-07
vn -0.338538 0.0922294 -0.936422
vn -1 -1.86427e-15 3.67019e-14
vn -0.338538 0.273145 -0.900435
vn -1 2.75171e-07 -9.07109e-07
vn -0.338538 0.360087 -0.869327
vn -1 3.62756e-07 -8.75771e-07
vn -0.338538 0.360088 -0.869327
vn -1 -6.12323e-17 0
vn -1.19458e-17 0.19509 0.980785
vn -8.98443e-18 0.146727 0.989177
vn -1 -6.12323e-17 0
vn -3.42676e-08 2.69441e-08 -1
vn -1.02281e-07 -4.78846e-08 -1
vn -1 -1.47883e-13 4.59152e-07
vn -1 -4.08647e-13 9.47928e-07
vn -0.338538 2.28832e-08 0.940953
vn -6.85351e-08 5.1179e-08 -1
vn -1 -6.12323e-17 0
vn -1.65894e-25 2.70925e-09 1
vn -2.04563e-07 -9.84784e-08 -1
vn 0.118091 6.68791e-07 0.993003
vn -1 -6.12323e-17 0
vn 1 -5.27875e-16 9.56107e-17
vn 0.118091 6.58177e-07 0.993003
vn -1 -6.12323e-17 0
vn -8.98477e-18 0.146732 0.989176
vn -6.00197e-18 0.0980196 0.995184
vn -1.65894e-25 2.70925e-09 1
vn 1 -5.27875e-16 9.56107e-17
vn -1 -6.12323e-17 0
vn 3.56553e-07 3.17461e-07 1
vn -0.168477 -7.19679e-07 0.985706
vn -1 -6.12323e-17 0
vn 2.23762e-07 1.60085e-07 1
vn -0.0200107 2.7105e-09 0.9998
vn -0.0424148 -0.000120255 0.9991
vn -8.98477e-18 0.146732 0.989176
vn -6.00197e-18 0.0980196 0.995184
vn 1 -5.27875e-16 9.56107e-17
vn -1.05488e-17 0.0490651 0.998796
vn -0.168477 -7.32593e-07 0.985706
vn 1 -5.27875e-16 9.56107e-17
vn -3.00454e-18 0.0490679 0.998795
vn 0 -2.21138e-18 1
vn -1 2.321e-14 -4.59153e-07
vn -6.00197e-18 0.0980196 0.995184
vn -1.05488e-17 0.0490651 0.998796
vn -1 -6.12323e-17 0
vn -4.23554e-08 -0.0980167 -0.995185
vn 6.00179e-18 -0.0980167 -0.995185
vn -1 4.50049e-08 4.56942e-07
vn -1 9.29128e-08 9.43364e-07
vn -0.338539 0.0922286 0.936422
vn -1 -6.12323e-17 0
vn -1.53246e-07 -0.0980171 -0.995185
vn 6.00179e-18 -0.0980167 0.995185
vn -1 -6.12323e-17 0
vn -1.28235e-07 -0.098017 -0.995185
vn 0.127668 -0.0901515 0.987711
vn -1 -6.12323e-17 0
vn 1 -5.27875e-16 9.56107e-17
vn 0.13091 -0.104149 0.985909
vn -1 -6.12323e-17 0
vn -2.22689e-18 0.0490707 0.998795
vn 3.94423e-19 2.78506e-06 1
vn 6.00179e-18 -0.0980167 0.995185
vn 1 -5.27875e-16 9.56107e-17
vn -1 -6.12323e-17 0
vn 7.46631e-07 -0.098017 0.995185
vn -0.187342 -0.105933 0.976566
vn -1 -6.12323e-17 0
vn 5.96859e-07 -0.0980176 0.995185
vn -0.0199142 -0.0980592 0.994981
vn -2.22689e-18 0.0490707 0.998795
vn 5.29214e-07 0.0490683 0.998795
vn -3.00454e-18 0.0490679 0.998795
vn 0 -2.21138e-18 1
vn 1 -5.27875e-16 9.56107e-17
vn 3.00454e-18 -0.0490679 0.998795
vn 6.0018e-18 -0.0980168 0.995185
vn -0.180988 -0.086563 0.979668
vn 1 -5.27875e-16 9.56107e-17
vn -1 4.50052e-08 -4.56942e-07
vn 3.94423e-19 2.78506e-06 1
vn 1.04575e-06 2.3291e-06 1
vn 1.57561e-06 -6.60651e-16 1
vn 0 -2.21138e-18 1
vn 4.56043e-18 -0.0490707 0.998795
vn -1 -6.12323e-17 0
vn 1.57371e-06 -0.0490707 0.998795
vn 1.04449e-06 -0.0490683 0.998795
vn 3.00454e-18 -0.0490679 0.998795
vn -1 8.95759e-08 4.50331e-07
vn -7.55143e-08 -0.19509 -0.980785
vn -6.22711e-08 -0.19509 -0.980785
vn -1 -6.12323e-17 0
vn -8.44672e-08 -0.19509 -0.980785
vn -1 8.9576e-08 -4.50332e-07
vn -1 -6.12323e-17 0
vn 1.19458e-17 -0.19509 0.980785
vn -0.338539 0.183572 -0.922872
vn -1 1.84932e-07 -9.29715e-07
vn 1.19458e-17 -0.19509 -0.980785
vn 0.156466 -0.179555 0.971225
vn -1 -6.12323e-17 0
vn 1 -5.27875e-16 9.56107e-17
vn 0.168477 -0.205181 0.964114
vn -1 -6.12323e-17 0
vn 5.126e-18 -0.0490679 0.998795
vn 1 -5.27875e-16 9.56107e-17
vn 6.0018e-18 -0.0980168 0.995185
vn 1.19458e-17 -0.19509 0.980785
vn 1 -5.27875e-16 9.56107e-17
vn 5.126e-18 -0.0490679 0.998795
vn 5.29214e-07 -0.0490674 0.998795
vn 3.00437e-18 -0.0490651 0.998796
vn 1 -4.65661e-08 9.47925e-07
vn -0.241291 -0.206266 0.948279
vn -1 -6.12323e-17 0
vn 1.08722e-06 -0.19509 0.980785
vn 1 -5.27875e-16 9.56107e-17
vn 8.98477e-18 -0.146732 0.989176
vn 6.0018e-18 -0.0980168 0.995185
vn 1 -5.27875e-16 9.56107e-17
vn 8.9846e-18 -0.14673 0.989177
vn -0.219096 -0.172906 0.960261
vn 1 -5.27875e-16 9.56107e-17
vn 1.19458e-17 -0.19509 0.980785
vn 4.1508e-07 -0.19509 0.980785
vn -0.0196255 -0.195172 0.980573
vn 6.0018e-18 -0.0980168 0.995185
vn 8.98477e-18 -0.146732 0.989176
vn 1 -5.27875e-16 9.56107e-17
vn -1 -6.12323e-17 0
vn 8.9846e-18 -0.14673 0.989177
vn 1 -5.27875e-16 9.56107e-17
vn 8.98477e-18 -0.146732 0.989176
vn -1 1.33285e-07 -4.39381e-07
vn -1 -6.12323e-17 0
vn 1.77748e-17 -0.290285 0.95694
vn -1 1.33285e-07 4.39382e-07
vn -1 -6.12323e-17 0
vn 1.19458e-17 -0.19509 0.980785
vn 0.204185 -0.266568 0.941939
vn -1 -6.12323e-17 0
vn 8.9846e-18 -0.14673 0.989177
vn -0.323296 -0.295794 0.89888
vn -1 -6.12323e-17 0
vn 3.46285e-07 -0.290285 0.95694
vn 1.19458e-17 -0.19509 0.980785
vn 1 -5.27875e-16 9.56107e-17
vn 1.48784e-17 -0.242983 0.970031
vn 1.48781e-17 -0.242978 0.970032
vn -0.282514 -0.256353 0.924375
vn 1 -5.27875e-16 9.56107e-17
vn 1.77748e-17 -0.290284 0.956941
vn -3.32807e-08 -0.290285 -0.95694
vn -9.87915e-08 -0.290285 -0.95694
vn -1 -6.12323e-17 0
vn -6.46066e-08 -0.290285 -0.95694
vn -1.93925e-07 -0.290285 -0.95694
vn 1 -5.27875e-16 9.56107e-17
vn 0.228097 -0.299713 0.92636
vn 1.29213e-07 -0.290285 0.95694
vn 1 -5.27875e-16 9.56107e-17
vn 4.35271e-08 -0.290285 0.95694
vn -0.0191474 -0.290405 0.956712
vn -0.0428518 -0.289543 0.956205
vn -0.0433357 -0.381766 0.923243
vn 1.19458e-17 -0.19509 0.980785
vn -1 1.7571e-07 -4.24202e-07
vn -1 3.62758e-07 8.75771e-07
vn -0.338538 0.360088 0.869327
vn -1 -6.12323e-17 0
vn 1.55318e-07 -0.382684 0.923879
vn 1.48781e-17 -0.242978 0.970032
vn -1 -6.12323e-17 0
vn 5.13975e-07 -0.24298 0.970031
vn 5.13973e-07 -0.242983 0.970031
vn 1.48784e-17 -0.242983 0.970031
vn -1 1.75711e-07 4.24202e-07
vn -1 -6.12323e-17 0
vn 1.48781e-17 -0.242978 0.970032
vn 0.269299 -0.348251 0.897886
vn -1 -6.12323e-17 0
vn -7.09022e-16 -0.290287 0.95694
vn 1.48781e-17 -0.242978 0.970032
vn 1.01441e-06 -0.242978 0.970032
vn 2.02883e-06 -0.242979 0.970032
vn 1.48781e-17 -0.242978 0.970032
vn -0.423109 -0.369179 0.827457
vn -1 -1.02312e-15 3.93056e-16
vn 2.34326e-17 -0.382684 0.923879
vn 1.77748e-17 -0.290284 0.956941
vn 1 -5.27875e-16 9.56107e-17
vn 2.06287e-17 -0.336891 0.941543
vn 2.34326e-17 -0.382684 0.923879
vn -0.367448 -0.331843 0.868828
vn 1 -5.27875e-16 9.56107e-17
vn -3.88295e-08 -0.382684 -0.923879
vn -5.80316e-08 -0.382684 -0.923879
vn -1 -6.12323e-17 0
vn -8.0236e-08 -0.382684 -0.923879
vn -1.20885e-07 -0.382684 -0.923879
vn 1 -5.27875e-16 9.56107e-17
vn 0.305258 -0.383815 0.871495
vn 1.60472e-07 -0.382684 0.923879
vn 1 -5.27875e-16 9.56107e-17
vn 4.20233e-08 -0.382684 0.923879
vn -0.0184846 -0.38284 0.92363
vn -0.338538 0.443562 0.829846
vn -1 4.4685e-07 8.35998e-07
vn -0.338538 0.443561 -0.829847
vn -1 4.4685e-07 -8.35998e-07
vn -1 2.16443e-07 -4.04936e-07
vn -0.338538 0.522765 -0.782374
vn -1 5.26641e-07 -7.88174e-07
vn -7.09022e-16 -0.290287 0.95694
vn 5.14594e-07 -0.290286 0.95694
vn 5.14594e-07 -0.290284 0.956941
vn 4.9948e-07 -0.290284 0.956941
vn 1.77748e-17 -0.290284 0.956941
vn -1 -6.12323e-17 0
vn 1.24059e-07 -0.471396 0.881921
vn -1.43121e-15 -0.336891 0.941543
vn -1 -6.12323e-17 0
vn 9.84623e-07 -0.336892 0.941543
vn 9.84622e-07 -0.336892 0.941543
vn 2.06287e-17 -0.336891 0.941543
vn -1 2.55092e-07 -3.81771e-07
vn -1 2.16443e-07 4.04937e-07
vn -1 -6.12323e-17 0
vn 2.34326e-17 -0.382684 0.923879
vn 0.325993 -0.404198 0.854607
vn 9.06539e-18 -0.148049 0.98898
vn 8.90402e-17 -1 1.11121e-15
vn -1 -6.12323e-17 0
vn -1.43121e-15 -0.336891 0.941543
vn 4.9888e-07 -0.336891 0.941544
vn 2.06285e-17 -0.336889 0.941544
vn 1 -5.45052e-10 1.52332e-09
vn -0.444052 -0.383089 0.809975
vn 1.35292e-16 -0.148056 0.988979
vn 2.37764e-16 1 1.07094e-15
vn -1 -2.52142e-15 5.20161e-15
vn 2.9745e-17 -0.485773 0.874085
vn 1 -5.27875e-16 9.56107e-17
vn 2.61802e-17 -0.427554 0.90399
vn 2.34326e-17 -0.382684 0.923879
vn 1 -5.27875e-16 9.56107e-17
vn -1.21919e-16 -0.427555 0.903989
vn 8.90402e-17 -1 1.11121e-15
vn -0.44405 -0.38309 0.809976
vn 1 -5.27875e-16 9.56107e-17
vn 8.90402e-17 -1 1.11121e-15
vn 1.35292e-16 -0.148056 0.988979
vn -3.10148e-08 -0.471397 -0.881921
vn -1.46751e-07 -0.471397 -0.881921
vn -1 -6.12323e-17 0
vn 2.88647e-17 -0.471397 -0.881921
vn -1.77438e-07 -0.471397 -0.881921
vn 1 -5.27875e-16 9.56107e-17
vn 2.37764e-16 1 1.07094e-15
vn 9.06539e-18 -0.148049 0.98898
vn 0.325993 -0.404198 0.854607
vn 2.9745e-17 -0.485772 0.874085
vn 2.37764e-16 1 1.07094e-15
vn 1 -5.27875e-16 9.56107e-17
vn 4.01148e-08 -0.471396 0.881921
vn -0.0176434 -0.471583 0.881645
vn -1 -6.12323e-17 0
vn 3.40188e-17 -0.55557 0.83147
vn 2.34326e-17 -0.382684 0.923879
vn 2.61802e-17 -0.427554 0.90399
vn -1 -6.12323e-17 0
vn -1 2.91284e-07 -3.5493e-07
vn -1 2.55091e-07 3.81771e-07
vn -1 -6.12323e-17 0
vn 3.88454e-17 -0.634394 0.77301
vn 2.61802e-17 -0.427555 0.90399
vn 9.06539e-18 -0.148049 0.98898
vn 8.90402e-17 -1 1.11121e-15
vn -1 -6.12323e-17 0
vn -1.21919e-16 -0.427555 0.903989
vn 2.61802e-17 -0.427555 0.90399
vn 1 -2.91038e-09 6.15349e-09
vn 2.76821e-07 -0.148056 0.988979
vn 2.37764e-16 1 1.07094e-15
vn 2.19982e-07 -0.514102 0.857729
vn 8.90402e-17 -1 1.11121e-15
vn -1.21919e-16 -0.427555 0.903989
vn 3.62064e-07 -0.148056 0.988979
vn 3.40189e-17 -0.55557 -0.83147
vn -1.38356e-07 -0.55557 -0.83147
vn -1 -6.12323e-17 0
vn 3.40189e-17 -0.55557 -0.83147
vn -2.76711e-07 -0.55557 -0.83147
vn 2.37764e-16 1 1.07094e-15
vn 1.93768e-08 -0.148049 0.98898
vn 3.40188e-17 -0.55557 0.83147
vn 2.37764e-16 1 1.07094e-15
vn 3.14796e-17 -0.514101 0.85773
vn 3.40189e-17 -0.55557 0.83147
vn 2.76712e-07 -0.55557 0.83147
vn 3.782e-08 -0.55557 0.83147
vn -0.0166319 -0.555782 0.831162
vn -1.21919e-16 -0.427555 0.903989
vn 8.90402e-17 -1 1.11121e-15
vn -1 3.2467e-07 -3.2467e-07
vn -1 2.91283e-07 3.5493e-07
vn -1 -6.12323e-17 0
vn 4.32978e-17 -0.707107 0.707106
vn -1 3.5493e-07 -2.91283e-07
vn -2.37827e-08 -0.634393 -0.77301
vn -8.10628e-08 -0.634393 -0.77301
vn -1 -6.12323e-17 0
vn -2.54212e-08 -0.634393 -0.77301
vn -2.57256e-07 -0.634393 -0.77301
vn 1.66588e-07 -0.55557 0.83147
vn 3.88454e-17 -0.634394 0.77301
vn 2.57256e-07 -0.634394 0.77301
vn 1.62126e-07 -0.634394 0.77301
vn 3.88454e-17 -0.634393 0.77301
vn 1.67414e-07 -0.634394 0.77301
vn -0.0154599 -0.634625 0.772666
vn -0.0342535 -0.69853 0.714761
vn -0.0155338 -0.770223 0.637585
vn -0.00475662 -0.775146 0.631765
vn -1 3.2467e-07 3.2467e-07
vn -1 -6.12323e-17 0
vn 5.16077e-08 -0.77301 0.634393
vn 1 -5.27875e-16 9.56107e-17
vn 8.45529e-08 -0.803207 0.595699
vn 4.22765e-08 -0.803207 0.595699
vn -1 3.81772e-07 -2.55091e-07
vn -1 3.5493e-07 2.91283e-07
vn -0.338538 0.782374 0.522765
vn -1 7.88174e-07 5.2664e-07
vn -1 -6.12323e-17 0
vn -5.44427e-08 -0.707107 -0.707107
vn 8.55508e-08 -0.83147 0.55557
vn -1 -6.12323e-17 0
vn -0.338538 0.829846 0.443562
vn -0.338538 0.829846 -0.443562
vn -1 8.35998e-07 -4.46851e-07
vn -1 4.04936e-07 -2.16443e-07
vn -1 -6.12323e-17 0
vn -0.338538 0.940953 4.84282e-08
vn -0.338538 0.829846 0.443562
vn -1 8.35998e-07 4.4685e-07
vn -0.338538 0.869327 0.360088
vn -1 8.75771e-07 3.62757e-07
vn -1 -6.12323e-17 0
vn -0.338538 0.922873 0.18357
vn -0.338538 0.900436 0.273144
vn -1 -6.12323e-17 0
vn -0.338538 0.869327 -0.360088
vn -1 8.75771e-07 -3.62757e-07
vn -0.338538 0.900436 -0.273144
vn -1 9.07111e-07 -2.75169e-07
vn -1 -6.12323e-17 0
vn -0.338538 0.922873 -0.18357
vn -0.338538 0.900436 -0.273144
vn -7.33418e-08 -0.707107 -0.707107
vn -3.50483e-08 -0.707107 -0.707107
vn -9.51307e-08 -0.707107 -0.707107
vn 2.30404e-08 -0.707107 0.707106
vn 9.51306e-08 -0.707107 0.707106
vn 4.32978e-17 -0.707107 0.707107
vn 2.59668e-07 -0.707107 0.707106
vn 3.04217e-07 -0.707107 0.707106
vn -0.00665738 -0.710394 0.703773
vn -1 3.81771e-07 2.55091e-07
vn -1 -6.12323e-17 0
vn -4.88443e-08 -0.77301 -0.634393
vn 7.25891e-08 -0.881921 0.471397
vn -1 4.24202e-07 -1.7571e-07
vn -1 4.04937e-07 2.16443e-07
vn -1 4.39381e-07 -1.33285e-07
vn -1 -6.12323e-17 0
vn -4.27754e-08 -0.83147 -0.55557
vn 2.93379e-08 -0.923879 0.382684
vn -7.72034e-08 -0.77301 -0.634393
vn -5.27813e-08 -0.77301 -0.634393
vn 4.73332e-17 -0.77301 -0.634393
vn 4.88443e-08 -0.77301 0.634393
vn 4.73332e-17 -0.77301 0.634393
vn 1.19868e-07 -0.77301 0.634393
vn 2.88559e-08 -0.77301 0.634394
vn 2.88558e-08 -0.77301 0.634394
vn -1 -6.12323e-17 0
vn -0.338538 0.936422 0.0922292
vn -0.338538 0.936422 -0.0922292
vn -0.338538 0.936422 0.0922292
vn -1 9.43364e-07 9.2913e-08
vn -0.338538 0.940953 6.30481e-08
vn -1 9.47928e-07 8.82514e-14
vn -0.338538 0.900435 0.273144
vn -1 9.07111e-07 2.75169e-07
vn -1 4.24202e-07 1.75711e-07
vn -0.338538 0.922873 0.18357
vn -1 9.29715e-07 1.84931e-07
vn -0.338538 0.922873 -0.18357
vn -1 9.29715e-07 -1.84931e-07
vn -0.338538 0.936422 -0.0922293
vn -1 9.43364e-07 -9.29131e-08
vn -1 4.50331e-07 -8.9576e-08
vn -1 -6.12323e-17 0
vn -3.62946e-08 -0.881921 -0.471397
vn 2.15835e-08 -0.95694 0.290285
vn -1 4.39381e-07 1.33285e-07
vn -1 4.56942e-07 -4.50049e-08
vn -1 4.50331e-07 8.95759e-08
vn -1 4.59153e-07 2.50252e-14
vn -1 -6.12323e-17 0
vn -1.79059e-08 -0.923879 -0.382684
vn 1.66727e-08 -0.980785 0.19509
vn -5.11095e-08 -0.83147 -0.55557
vn -6.27245e-08 -0.83147 -0.55557
vn 1.47941e-17 -0.83147 -0.55557
vn 1 -5.27875e-16 9.56107e-17
vn 4.27754e-08 -0.83147 0.55557
vn 5.09128e-17 -0.83147 0.55557
vn 4.39978e-08 -0.822262 0.56911
vn 1 -5.27875e-16 9.56107e-17
vn 4.91823e-17 -0.803207 0.595699
vn 2.70958e-08 -0.803207 0.595699
vn -1 4.56942e-07 4.50049e-08
vn -1 -6.12323e-17 0
vn -1.66727e-08 -0.95694 -0.290285
vn 5.02508e-09 -0.995185 0.0980172
vn -1 -6.12323e-17 0
vn -3.00414e-08 -0.980785 -0.19509
vn 3.36691e-09 -1 -1.92933e-08
vn -1 -6.12323e-17 0
vn -1.17265e-08 -0.995185 -0.0980171
vn -1.81473e-08 -0.881921 -0.471397
vn -5.57214e-08 -0.881921 -0.471397
vn -4.54371e-08 -0.881921 -0.471397
vn 1 -5.27875e-16 9.56107e-17
vn 2.16256e-08 -0.881921 0.471397
vn 4.54371e-08 -0.881921 0.471397
vn 1.01986e-07 -0.881921 0.471397
vn 1 -5.27875e-16 9.56107e-17
vn -1.47321e-08 -0.923879 -0.382684
vn -2.37403e-08 -0.91749 -0.397759
vn -7.11448e-08 -0.903989 -0.427555
vn 1 -5.27875e-16 9.56107e-17
vn 1.15583e-08 -0.923879 0.382684
vn 3.6591e-08 -0.91749 0.397759
vn 1 -5.27875e-16 9.56107e-17
vn 2.66411e-16 -0.903989 0.427556
vn -5.77916e-09 -0.95694 -0.290285
vn 1.40137e-08 -0.95694 0.290285
vn -4.83079e-16 -0.95694 -0.290285
vn -1.38439e-16 -0.95694 0.290285
vn 1 -5.27875e-16 9.56107e-17
vn -6.68433e-09 -0.980785 -0.19509
vn 5.03415e-09 -0.980785 0.19509
vn -8.8646e-18 -0.980785 -0.19509
vn 5.38648e-16 -0.980785 0.19509
vn -1.06966e-08 -0.995185 -0.0980171
vn 5.86324e-09 -0.995185 0.0980171
vn -4.83336e-09 -1 2.31962e-08
vn 2.24712e-16 -0.995185 -0.0980171
vn 6.2998e-09 -0.995185 0.0980171
vn 6.2998e-09 -1 -2.70992e-08
vt 0.976562 -0.992188
vt 0.0078125 -0.0234375
vt 0.0078125 -0.0234375
vt 0.0078125 -0.992188
vt 0.0078125 -0.992188
vt 0.0234375 -0.0078125
vt 0.0078125 0.0078125
vt 0.0234375 0.992188
vt -0.0234375 0.0078125
vt -0.992188 -0.992188
vt -0.0078125 -0.976562
vt -0.0078125 -0.976562
vt 1.00781 -1.99219
vt 1.00781 -0.992188
vt 1.99219 -0.0078125
vt 1.99219 -0.0078125
vt 1.02344 0.992188
vt 1.97656 1.00781
vt 0.0078125 1.97656
vt 0.992188 1.02344
vt 0.992188 1.02344
vt -0.0078125 1.99219
vt -0.0078125 1.99219
vt -1.99219 1.00781
vt -1.99219 1.00781
vt -1.99219 0.0078125
vt -1.99219 0.0078125
vt -1.99219 -0.992188
vt -1.97656 -0.0078125
vt -1.02344 -1.99219
vt -0.992188 -1.99219
vt 0.976562 -1.99219
vt 2.00781 -2.99219
vt 2.02344 -2.00781
vt 2.97656 -1.99219
vt 2.00781 -0.992188
vt 2.97656 0.0078125
vt 2.00781 1.00781
vt 2.02344 1.99219
vt 2.97656 2.00781
vt 1.00781 2.00781
vt 0.976562 2.00781
vt -0.992188 2.00781
vt -0.976562 2.99219
vt -1.02344 2.00781
vt -2.99219 2.00781
vt -2.02344 1.00781
vt -2.99219 0.0078125
vt -2.97656 0.992188
vt -2.02344 -0.992188
vt -2.99219 -1.99219
vt -2.02344 -2.99219
vt -1.99219 -2.99219
vt -1.00781 -2.00781
vt -0.0078125 -2.00781
vt 0.976562 -2.99219
vt 0.0234375 -2.00781
vt 1.99219 -2.97656
vt 3.00781 -3.02344
vt 3.00781 -3.02344
vt 3.00781 -2.99219
vt 3.00781 -2.99219
vt 3.00781 -1.99219
vt 3.99219 -1.00781
vt 3.99219 -1.00781
vt 3.99219 -0.0078125
vt 3.99219 -0.0078125
vt 3.02344 0.992188
vt 3.99219 1.99219
vt 3.02344 2.99219
vt 3.99219 3.99219
vt 2.02344 3.99219
vt 1.99219 3.99219
vt 0.0234375 3.99219
vt -0.0078125 3.99219
vt -1.97656 3.99219
vt -2.00781 3.99219
vt -3.00781 3.99219
vt -3.00781 2.99219
vt -3.02344 1.00781
vt -3.97656 1.99219
vt -3.00781 0.0234375
vt -3.99219 -0.0234375
vt -3.99219 -0.0234375
vt -3.99219 -1.99219
vt -3.99219 -1.99219
vt -3.99219 -2.99219
vt -3.00781 -2.00781
vt -3.00781 -2.00781
vt -3.00781 -3.00781
vt -3.00781 -3.00781
vt -2.97656 -3.00781
vt -1.00781 -3.00781
vt -0.976562 -3.00781
vt 0.992188 -3.00781
vt 1.02344 -3.00781
vt 2.99219 -3.00781
vt 4.02344 -4.00781
vt 4.99219 -3.00781
vt 4.02344 -2.00781
vt 4.99219 -1.00781
vt 4.99219 -0.0078125
vt 4.99219 0.992188
vt 4.97656 1.00781
vt 4.02344 1.99219
vt 4.99219 2.02344
vt 4.00781 3.97656
vt 4.00781 3.97656
vt 4.00781 4.00781
vt 4.00781 4.00781
vt 3.00781 4.00781
vt 3.99219 4.99219
vt 3.99219 4.99219
vt 2.99219 4.99219
vt 2.99219 4.99219
vt 1.02344 4.99219
vt 0.992188 4.99219
vt -0.976562 4.99219
vt -1.00781 4.99219
vt -2.97656 4.99219
vt -3.00781 4.99219
vt -4.97656 4.99219
vt -4.00781 3.99219
vt -4.97656 2.99219
vt -4.00781 1.99219
vt -4.00781 0.992188
vt -4.00781 -0.0078125
vt -4.02344 -1.99219
vt -4.02344 -1.99219
vt -4.00781 -1.00781
vt -4.00781 -1.00781
vt -4.99219 -2.99219
vt -4.99219 -2.99219
vt -4.99219 -3.99219
vt -4.99219 -3.99219
vt -4.99219 -4.99219
vt -4.99219 -4.99219
vt -3.99219 -4.99219
vt -3.99219 -4.99219
vt -2.99219 -4.99219
vt -2.99219 -4.99219
vt -1.99219 -4.99219
vt -1.99219 -4.99219
vt -0.0234375 -4.99219
vt -0.976562 -4.00781
vt 0.992188 -4.97656
vt 1.00781 -4.02344
vt 1.00781 -4.02344
vt 2.00781 -4.99219
vt 2.00781 -4.99219
vt 3.00781 -4.99219
vt 3.99219 -4.00781
vt 3.99219 -4.00781
vt 5.99219 -5.00781
vt 5.99219 -5.00781
vt 5.02344 -4.00781
vt 5.99219 -3.00781
vt 5.02344 -2.00781
vt 5.99219 -1.00781
vt 5.02344 -0.0078125
vt 5.99219 0.992188
vt 5.02344 1.99219
vt 5.99219 2.99219
vt 5.02344 3.99219
vt 5.99219 4.99219
vt 5.99219 5.99219
vt 4.99219 5.99219
vt 4.99219 5.99219
vt 3.97656 5.00781
vt 3.99219 5.99219
vt 2.99219 5.99219
vt 2.99219 5.99219
vt 1.00781 5.00781
vt 1.00781 5.00781
vt 0.0078125 5.97656
vt 0.0078125 5.97656
vt 0.0078125 5.97656
vt 0.992188 5.02344
vt 0.992188 5.02344
vt -0.992188 5.97656
vt -0.0078125 5.99219
vt -0.0078125 5.99219
vt -1.00781 5.99219
vt -1.00781 5.99219
vt -2.97656 5.99219
vt -3.02344 5.00781
vt -4.99219 5.97656
vt -4.00781 5.02344
vt -4.00781 5.02344
vt -5.00781 5.02344
vt -5.00781 5.02344
vt -5.00781 4.99219
vt -5.99219 3.00781
vt -5.99219 3.00781
vt -5.99219 2.00781
vt -5.99219 2.00781
vt -5.02344 1.00781
vt -5.99219 0.0078125
vt -5.02344 -0.992188
vt -5.99219 -1.99219
vt -5.02344 -2.99219
vt -5.99219 -3.99219
vt -5.02344 -4.99219
vt -5.99219 -5.99219
vt -4.02344 -5.99219
vt -3.99219 -5.99219
vt -2.99219 -5.99219
vt -1.99219 -5.99219
vt -0.0078125 -5.00781
vt 0.992188 -5.00781
vt 0.992188 -5.00781
vt 1.99219 -5.00781
vt 1.99219 -5.00781
vt 2.99219 -5.00781
vt 2.99219 -5.00781
vt 3.99219 -5.00781
vt 3.99219 -5.00781
vt 4.00781 -5.99219
vt 6.00781 -6.99219
vt 6.00781 -6.99219
vt 6.97656 -5.99219
vt 6.02344 -5.00781
vt 6.99219 -4.97656
vt 6.00781 -3.02344
vt 6.00781 -3.02344
vt 6.00781 -2.02344
vt 6.00781 -2.02344
vt 6.00781 -1.99219
vt 6.00781 -1.99219
vt 6.97656 -0.992188
vt 6.00781 0.0078125
vt 6.97656 1.00781
vt 6.00781 2.00781
vt 6.97656 3.00781
vt 6.00781 4.00781
vt 6.97656 5.00781
vt 6.00781 6.00781
vt 5.97656 6.00781
vt 4.00781 6.00781
vt 3.00781 6.00781
vt 2.99219 6.99219
vt 2.99219 6.99219
vt 1.99219 6.99219
vt 1.99219 6.99219
vt 0.0078125 6.00781
vt -0.992188 6.00781
vt -0.992188 6.00781
vt -1.02344 6.00781
vt -1.97656 6.99219
vt -2.00781 6.02344
vt -3.99219 6.97656
vt -3.99219 6.97656
vt -4.99219 6.97656
vt -4.99219 6.97656
vt -5.99219 6.00781
vt -5.99219 6.00781
vt -6.02344 6.00781
vt -6.99219 5.00781
vt -6.02344 4.00781
vt -6.99219 3.00781
vt -6.02344 2.00781
vt -6.99219 1.00781
vt -6.02344 0.0078125
vt -6.99219 -0.992188
vt -6.02344 -1.99219
vt -6.99219 -2.99219
vt -6.99219 -3.99219
vt -6.99219 -4.99219
vt -6.99219 -5.99219
vt -6.99219 -5.99219
vt -6.99219 -5.99219
vt -3.00781 -6.00781
vt -3.00781 -6.00781
vt -2.00781 -6.00781
vt -2.00781 -6.00781
vt -1.99219 -6.99219
vt -0.992188 -6.99219
vt -0.992188 -6.99219
vt 2.97656 -6.99219
vt 2.02344 -6.00781
vt 3.99219 -6.97656
vt 4.00781 -6.02344
vt 4.00781 -6.02344
vt 5.00781 -6.02344
vt 5.00781 -6.02344
vt 7.00781 -7.99219
vt 7.00781 -7.99219
vt 7.97656 -6.99219
vt 7.00781 -5.99219
vt 7.97656 -4.99219
vt 7.00781 -3.99219
vt 7.97656 -2.99219
vt 7.00781 -1.99219
vt 7.97656 -0.992188
vt 7.00781 0.0078125
vt 7.97656 1.00781
vt 7.00781 2.00781
vt 7.00781 3.00781
vt 7.00781 4.00781
vt 7.00781 5.00781
vt 7.00781 5.00781
vt 7.00781 6.97656
vt 7.00781 6.97656
vt 7.99219 6.99219
vt 7.99219 6.99219
vt 7.97656 7.00781
vt 7.97656 7.00781
vt 7.99219 7.02344
vt 7.99219 7.02344
vt 5.99219 7.99219
vt 5.99219 7.99219
vt 4.97656 7.00781
vt 4.99219 7.99219
vt 4.99219 7.99219
vt 4.99219 7.99219
vt 3.00781 7.00781
vt 3.99219 7.99219
vt 3.99219 7.99219
vt 2.99219 7.99219
vt 2.99219 7.99219
vt 1.99219 7.99219
vt 1.99219 7.99219
vt 0.0078125 7.00781
vt -0.976562 7.99219
vt -1.02344 7.00781
vt -2.99219 7.97656
vt -2.00781 7.02344
vt -2.00781 7.02344
vt -3.00781 7.02344
vt -3.00781 7.02344
vt -4.00781 7.99219
vt -4.00781 7.99219
vt -5.97656 7.99219
vt -6.00781 7.99219
vt -6.00781 7.99219
vt -6.00781 7.99219
vt -7.97656 7.99219
vt -7.00781 6.99219
vt -7.00781 6.99219
vt -7.97656 5.99219
vt -7.00781 4.99219
vt -7.00781 4.99219
vt -7.97656 3.99219
vt -7.00781 2.99219
vt -7.00781 2.99219
vt -7.00781 2.99219
vt -7.97656 1.99219
vt -7.00781 0.992188
vt -7.00781 -0.0078125
vt -7.00781 -1.00781
vt -7.00781 -3.97656
vt -7.00781 -3.97656
vt -7.00781 -3.97656
vt -7.99219 -4.02344
vt -7.00781 -4.00781
vt -7.00781 -4.00781
vt -7.02344 -5.99219
vt -7.02344 -5.99219
vt -7.00781 -5.00781
vt -7.00781 -5.00781
vt -7.02344 -6.99219
vt -7.02344 -6.99219
vt -6.99219 -7.99219
vt -6.99219 -7.99219
vt -6.00781 -7.00781
vt -5.00781 -7.00781
vt -5.00781 -7.00781
vt -4.97656 -7.00781
vt -3.02344 -7.99219
vt -2.99219 -7.02344
vt -2.00781 -7.97656
vt -2.00781 -7.97656
vt -1.00781 -7.97656
vt -1.00781 -7.97656
vt -0.0078125 -7.00781
vt -0.0078125 -7.00781
vt 0.0234375 -7.00781
vt 1.99219 -7.00781
vt 1.99219 -7.00781
vt 1.99219 -7.00781
vt 1.99219 -7.00781
vt 2.00781 -7.99219
vt 2.00781 -7.99219
vt 2.99219 -7.97656
vt 2.99219 -7.97656
vt 3.99219 -7.00781
vt 3.99219 -7.00781
vt 4.99219 -7.00781
vt 4.99219 -7.00781
vt 5.99219 -7.00781
vt 5.99219 -7.00781
vt 6.00781 -7.99219
vt 6.00781 -7.99219
vt 6.00781 -7.99219
vt 6.00781 -7.99219
vt 8.00781 -8.99219
vt 8.00781 -7.99219
vt 8.00781 -6.99219
vt 8.99219 -5.97656
vt 8.99219 -5.97656
vt 8.99219 -5.97656
vt 8.02344 -4.00781
vt 8.02344 -4.00781
vt 8.02344 -4.00781
vt 8.00781 -3.02344
vt 8.00781 -3.02344
vt 8.00781 -3.02344
vt 8.00781 -2.02344
vt 8.00781 -2.02344
vt 8.00781 -2.02344
vt 8.97656 -1.99219
vt 8.97656 -1.99219
vt 8.02344 -1.00781
vt 8.00781 -0.992188
vt 8.00781 -0.992188
vt 8.00781 0.976562
vt 8.00781 0.976562
vt 8.99219 1.02344
vt 8.99219 1.02344
vt 8.00781 2.97656
vt 8.00781 2.97656
vt 8.99219 2.99219
vt 8.99219 2.99219
vt 8.00781 3.00781
vt 8.00781 3.00781
vt 8.97656 4.00781
vt 8.97656 4.00781
vt 8.99219 4.02344
vt 8.99219 4.02344
vt 8.00781 5.97656
vt 8.00781 5.97656
vt 8.02344 5.99219
vt 8.02344 5.99219
vt 8.00781 7.97656
vt 8.00781 7.97656
vt 8.00781 7.97656
vt 8.02344 7.99219
vt 8.02344 7.99219
vt 8.02344 7.99219
vt 8.99219 8.99219
vt 8.99219 8.99219
vt 7.97656 8.00781
vt 7.97656 8.00781
vt 7.02344 8.99219
vt 7.02344 8.99219
vt 6.99219 8.99219
vt 6.99219 8.99219
vt 6.99219 8.99219
vt 5.00781 8.97656
vt 5.00781 8.97656
vt 5.02344 8.99219
vt 5.02344 8.99219
vt 4.02344 8.99219
vt 4.02344 8.99219
vt 3.00781 8.00781
vt 3.00781 8.00781
vt 3.99219 8.99219
vt 3.99219 8.99219
vt 2.97656 8.00781
vt 2.97656 8.00781
vt 2.02344 8.99219
vt 2.02344 8.99219
vt 0.0078125 8.00781
vt 0.0078125 8.00781
vt 0.0078125 8.00781
vt 0.992188 8.02344
vt 0.992188 8.02344
vt 0.992188 8.02344
vt -0.0078125 8.99219
vt -0.0078125 8.99219
vt -0.0078125 8.99219
vt -1.00781 8.99219
vt -1.00781 8.99219
vt -1.00781 8.99219
vt -3.99219 8.00781
vt -3.99219 8.00781
vt -4.00781 8.99219
vt -6.02344 8.00781
vt -6.02344 8.00781
vt -6.02344 8.00781
vt -6.00781 8.99219
vt -6.00781 8.99219
vt -6.00781 8.99219
vt -8.00781 8.02344
vt -8.00781 8.02344
vt -8.00781 8.02344
vt -8.00781 6.02344
vt -8.00781 6.02344
vt -8.00781 5.99219
vt -8.00781 5.99219
vt -8.02344 4.00781
vt -8.02344 4.00781
vt -8.97656 4.99219
vt -8.97656 4.99219
vt -8.99219 3.00781
vt -8.99219 3.00781
vt -8.97656 3.99219
vt -8.97656 3.99219
vt -8.02344 2.00781
vt -8.02344 2.00781
vt -8.99219 1.97656
vt -8.99219 1.97656
vt -8.00781 1.02344
vt -8.00781 1.02344
vt -8.02344 0.0078125
vt -8.02344 0.0078125
vt -8.97656 0.992188
vt -8.97656 0.992188
vt -8.02344 -1.99219
vt -8.97656 -1.00781
vt -8.00781 -2.97656
vt -8.99219 -3.02344
vt -8.99219 -3.02344
vt -8.99219 -4.02344
vt -8.99219 -4.02344
vt -8.99219 -5.99219
vt -8.99219 -5.99219
vt -8.02344 -6.99219
vt -8.99219 -7.99219
vt -8.99219 -7.99219
vt -8.00781 -7.00781
vt -8.00781 -7.00781
vt -8.00781 -7.00781
vt -8.00781 -7.00781
vt -8.00781 -8.97656
vt -8.00781 -8.97656
vt -7.99219 -8.02344
vt -7.99219 -8.02344
vt -6.99219 -8.99219
vt -6.99219 -8.99219
vt -5.02344 -8.99219
vt -5.02344 -8.99219
vt -5.02344 -8.99219
vt -4.02344 -8.99219
vt -4.02344 -8.99219
vt -4.00781 -8.97656
vt -4.00781 -8.97656
vt -3.99219 -8.02344
vt -3.99219 -8.02344
vt -2.99219 -8.99219
vt -2.99219 -8.99219
vt -1.99219 -8.99219
vt -1.99219 -8.99219
vt -0.0234375 -8.99219
vt -0.0234375 -8.99219
vt -0.0078125 -8.00781
vt -0.0078125 -8.00781
vt 0.0078125 -8.99219
vt 0.0078125 -8.99219
vt 0.992188 -8.00781
vt 0.992188 -8.00781
vt 1.00781 -8.99219
vt 1.00781 -8.99219
vt 1.99219 -8.00781
vt 1.99219 -8.00781
vt 2.00781 -8.02344
vt 2.00781 -8.02344
vt 2.99219 -8.97656
vt 2.99219 -8.97656
vt 3.00781 -8.02344
vt 3.00781 -8.02344
vt 4.00781 -8.99219
vt 4.00781 -8.99219
vt 4.00781 -8.99219
vt 4.00781 -8.99219
vt 4.99219 -8.00781
vt 4.99219 -8.00781
vt 5.02344 -8.00781
vt 5.02344 -8.00781
vt 5.02344 -8.00781
vt 6.00781 -8.99219
vt 6.00781 -8.99219
vt 6.99219 -8.00781
vt 6.99219 -8.00781
vt 7.02344 -8.00781
vt 7.02344 -8.00781
vt 9.99219 -9.00781
vt 9.99219 -9.00781
vt 9.00781 -8.99219
vt 9.00781 -8.99219
vt 9.99219 -8.00781
vt 9.99219 -8.00781
vt 9.02344 -7.00781
vt 9.02344 -7.00781
vt 9.99219 -6.00781
vt 9.99219 -5.00781
vt 9.99219 -4.00781
vt 9.02344 -3.00781
vt 9.02344 -3.00781
vt 9.00781 -2.99219
vt 9.00781 -2.99219
vt 9.99219 -2.00781
vt 9.99219 -2.00781
vt 9.02344 -1.00781
vt 9.97656 -0.992188
vt 9.97656 -0.992188
vt 9.97656 -0.992188
vt 9.99219 -0.976562
vt 9.99219 -0.976562
vt 9.00781 0.976562
vt 9.00781 0.976562
vt 9.99219 0.0234375
vt 9.00781 1.00781
vt 9.99219 1.99219
vt 9.99219 1.99219
vt 9.00781 2.97656
vt 9.00781 2.97656
vt 9.00781 3.00781
vt 9.00781 3.00781
vt 9.99219 4.99219
vt 9.00781 6.00781
vt 9.00781 7.00781
vt 9.00781 8.00781
vt 9.00781 9.00781
vt 8.00781 9.00781
vt 7.00781 9.00781
vt 6.00781 9.00781
vt 5.00781 9.00781
vt 4.00781 9.00781
vt 3.00781 9.00781
vt 2.00781 9.00781
vt 1.00781 9.00781
vt 0.0078125 9.00781
vt -0.992188 9.00781
vt -1.99219 9.00781
vt -2.99219 9.00781
vt -3.99219 9.00781
vt -4.99219 9.00781
vt -5.00781 9.99219
vt -6.00781 9.99219
vt -7.00781 9.99219
vt -8.00781 9.02344
vt -8.00781 9.02344
vt -9.00781 9.99219
vt -9.00781 9.99219
vt -9.99219 8.97656
vt -9.00781 8.99219
vt -9.00781 7.99219
vt -9.00781 7.99219
vt -9.99219 6.00781
vt -9.99219 6.00781
vt -9.00781 6.02344
vt -9.00781 6.02344
vt -9.00781 3.99219
vt -9.99219 1.00781
vt -9.99219 0.0078125
vt -9.99219 -0.992188
vt -9.99219 -1.99219
vt -9.99219 -2.99219
vt -9.99219 -3.99219
vt -9.99219 -4.99219
vt -9.99219 -5.99219
vt -9.99219 -6.99219
vt -9.99219 -7.99219
vt -9.99219 -9.99219
vt -9.99219 -9.99219
vt -8.99219 -9.99219
vt -7.99219 -9.99219
vt -6.99219 -9.99219
vt -5.99219 -9.99219
vt -4.99219 -9.99219
vt -3.99219 -9.99219
vt -2.99219 -9.99219
vt -1.99219 -9.99219
vt -0.992188 -9.99219
vt 0.0078125 -9.99219
vt 1.02344 -9.00781
vt 2.97656 -9.99219
vt 3.00781 -9.02344
vt 3.99219 -9.97656
vt 3.99219 -9.97656
vt 4.99219 -9.97656
vt 4.99219 -9.97656
vt 5.99219 -9.00781
vt 5.99219 -9.00781
vt 6.02344 -9.00781
vt 7.99219 -9.97656
vt 7.99219 -9.97656
vt 8.00781 -9.02344
vt 8.00781 -9.02344
vt 10.0078 -10.0234
vt 10.0078 -10.0234
vt 10.9922 -10.9766
vt 10.9922 -10.9766
vt 10.9922 -9.00781
vt 10.9922 -9.00781
vt 10.0234 -8.00781
vt 10.0234 -8.00781
vt 10.0234 -7.00781
vt 10.0234 -7.00781
vt 10.9922 -6.00781
vt 10.9922 -5.00781
vt 10.9922 -4.00781
vt 10.0078 -2.02344
vt 10.0078 -2.02344
vt 10.9922 -2.00781
vt 10.9922 -1.97656
vt 10.9922 -1.97656
vt 10.0078 -0.0234375
vt 10.9922 -0.0078125
vt 10.0078 0.0078125
vt 10.0078 0.0078125
vt 10.9922 1.99219
vt 10.9922 2.99219
vt 10.9922 3.99219
vt 10.9922 4.99219
vt 10.9922 5.99219
vt 10.9922 6.99219
vt 10.9922 7.99219
vt 10.9922 8.99219
vt 10.9922 9.99219
vt 10.9922 10.9922
vt 9.99219 10.9922
vt 7.00781 10.9766
vt 6.00781 10.0078
vt 6.00781 10.0078
vt 6.99219 10.9922
vt 5.99219 10.9922
vt 5.99219 10.9922
vt 4.00781 10.0078
vt 4.00781 10.0078
vt 4.99219 10.0234
vt 4.99219 10.0234
vt 3.99219 10.0234
vt 3.99219 10.0234
vt 1.97656 10.0078
vt 0.992188 10.0234
vt 0.992188 10.0234
vt -0.0078125 10.0234
vt -0.0078125 10.0234
vt -1.99219 10.9766
vt -1.99219 10.9766
vt -2.99219 10.9766
vt -2.99219 10.9766
vt -2.97656 10.9922
vt -2.97656 10.9922
vt -3.99219 10.9766
vt -3.99219 10.9766
vt -3.00781 10.0234
vt -3.00781 10.0234
vt -5.99219 10.0078
vt -6.99219 10.0078
vt -7.99219 10.0078
vt -8.99219 10.0078
vt -9.99219 10.0078
vt -10.9922 10.0078
vt -10.9922 9.00781
vt -10.9922 8.00781
vt -10.9922 7.00781
vt -10.9922 6.00781
vt -10.0078 5.99219
vt -10.0078 5.99219
vt -10.9922 4.97656
vt -10.9922 4.97656
vt -10.9922 3.00781
vt -10.9922 2.00781
vt -10.9922 1.00781
vt -10.9922 0.0078125
vt -10.9922 -0.992188
vt -10.9922 -1.99219
vt -10.9922 -2.99219
vt -10.9922 -3.99219
vt -10.9922 -4.99219
vt -10.9922 -5.99219
vt -10.0078 -6.00781
vt -10.0078 -6.00781
vt -10.9766 -7.00781
vt -10.0234 -8.99219
vt -10.9922 -9.02344
vt -10.0078 -10.9766
vt -10.0078 -10.9766
vt -9.00781 -10.0078
vt -9.00781 -10.0078
vt -8.97656 -10.0078
vt -7.00781 -10.9766
vt -7.00781 -10.9766
vt -6.99219 -10.0234
vt -6.99219 -10.0234
vt -5.99219 -10.0234
vt -5.99219 -10.0234
vt -4.99219 -10.9922
vt -4.99219 -10.9922
vt -3.02344 -10.9922
vt -3.02344 -10.9922
vt -2.02344 -10.9922
vt -2.02344 -10.9922
vt -1.99219 -10.9922
vt -0.992188 -10.9922
vt 1.00781 -10.9922
vt 2.99219 -10.0078
vt 3.99219 -10.0078
vt 4.99219 -10.0078
vt 5.99219 -10.0078
vt 6.99219 -10.0078
vt 7.99219 -10.0078
vt 8.99219 -10.0078
vt 9.99219 -10.0078
vt 11.9922 -11.0078
vt 11.9922 -10.0078
vt 11.0078 -8.02344
vt 11.0078 -7.99219
vt 11.0078 -7.99219
vt 11.9922 -7.00781
vt 11.9922 -6.00781
vt 11.9922 -6.00781
vt 11.0078 -5.99219
vt 11.0078 -5.99219
vt 11.9922 -5.97656
vt 11.9922 -5.97656
vt 11.0234 -4.00781
vt 11.0078 -2.02344
vt 11.0078 -2.02344
vt 11.0234 -2.00781
vt 11.0234 -2.00781
vt 11.9922 -1.97656
vt 11.9922 -1.97656
vt 11.9766 -0.992188
vt 11.9766 -0.992188
vt 11.0234 -0.0078125
vt 11.0234 -0.0078125
vt 11.0078 0.0078125
vt 11.0078 0.0078125
vt 11.9766 1.00781
vt 11.9766 1.00781
vt 11.0234 1.99219
vt 11.0234 1.99219
vt 11.0078 2.00781
vt 11.0078 2.00781
vt 11.0078 3.00781
vt 11.0078 4.00781
vt 11.0078 5.00781
vt 11.0078 6.00781
vt 11.0078 7.00781
vt 11.0078 8.00781
vt 11.0078 9.00781
vt 11.0078 10.0078
vt 11.0078 11.0078
vt 10.0078 11.0078
vt 8.00781 11.0078
vt 8.00781 11.0078
vt 7.00781 11.0078
vt 6.00781 11.0078
vt 5.00781 11.0078
vt 4.00781 11.0078
vt 3.00781 11.0078
vt 2.00781 11.0078
vt 1.00781 11.0078
vt 0.0078125 11.0078
vt -0.992188 11.0078
vt -1.99219 11.0078
vt -2.97656 11.9922
vt -3.02344 11.0078
vt -4.99219 11.9766
vt -4.00781 11.0234
vt -4.00781 11.0234
vt -5.00781 11.0234
vt -5.00781 11.0234
vt -6.00781 11.9922
vt -6.00781 11.9922
vt -7.97656 11.9922
vt -8.00781 11.0234
vt -8.00781 11.0234
vt -9.99219 11.9766
vt -9.99219 11.9766
vt -10.9922 11.9766
vt -10.9922 11.9766
vt -10.0078 11.0234
vt -10.0078 11.0234
vt -11.0078 11.9922
vt -11.0078 11.9922
vt -11.9766 10.9922
vt -11.9766 10.9922
vt -11.9766 9.99219
vt -11.9766 9.99219
vt -11.0078 8.99219
vt -11.0078 7.99219
vt -11.0078 6.99219
vt -11.0078 4.99219
vt -11.0078 3.99219
vt -11.0078 2.99219
vt -11.0078 1.99219
vt -11.0078 0.992188
vt -11.0078 -0.0078125
vt -11.0078 -1.00781
vt -11.0078 -2.00781
vt -11.0078 -3.00781
vt -11.0078 -4.00781
vt -11.0078 -5.00781
vt -11.9922 -7.02344
vt -11.9922 -8.99219
vt -11.9922 -8.99219
vt -11.0078 -8.00781
vt -11.0078 -9.00781
vt -11.0078 -9.00781
vt -11.9922 -10.9922
vt -11.9922 -10.9922
vt -11.0078 -10.9766
vt -11.0078 -10.9766
vt -10.0234 -11.9922
vt -9.00781 -11.0078
vt -8.00781 -11.0078
vt -7.00781 -11.0078
vt -6.00781 -11.0078
vt -5.00781 -11.0078
vt -4.00781 -11.0078
vt -3.00781 -11.0078
vt -2.00781 -11.0078
vt -1.00781 -11.0078
vt -0.0078125 -11.0078
vt 2.00781 -11.9922
vt 2.00781 -11.9922
vt 3.00781 -11.9922
vt 4.00781 -11.9922
vt 5.00781 -11.9922
vt 6.00781 -11.9922
vt 7.00781 -11.9922
vt 8.00781 -11.9922
vt 9.00781 -11.9922
vt 10.0078 -11.9922
vt 12.0078 -12.9922
vt 12.0078 -11.9922
vt 12.0234 -10.0078
vt 12.9766 -9.99219
vt 12.0078 -8.02344
vt 12.9922 -8.97656
vt 12.9922 -8.97656
vt 12.9922 -7.97656
vt 12.9922 -7.97656
vt 12.9922 -6.00781
vt 12.9922 -6.00781
vt 12.0234 -5.00781
vt 12.9922 -4.97656
vt 12.9922 -4.97656
vt 12.0078 -3.02344
vt 12.0078 -3.02344
vt 12.0078 -2.02344
vt 12.0078 -2.02344
vt 12.9922 -2.97656
vt 12.9922 -2.97656
vt 12.9922 -1.00781
vt 12.9922 -1.00781
vt 12.0234 -0.0078125
vt 12.0234 -0.0078125
vt 12.0234 0.992188
vt 12.0234 0.992188
vt 12.9922 1.99219
vt 12.9922 2.99219
vt 12.0078 5.00781
vt 12.0078 6.00781
vt 12.0078 7.00781
vt 12.0078 8.00781
vt 12.0078 9.00781
vt 12.0078 10.0078
vt 12.0078 11.0078
vt 12.0078 12.0078
vt 11.0078 12.0078
vt 10.0078 12.0078
vt 9.00781 12.0078
vt 8.99219 12.0234
vt 7.99219 12.9922
vt 7.99219 12.9922
vt 6.00781 12.0078
vt 5.00781 12.0078
vt 5.00781 12.0078
vt 5.99219 12.9922
vt 5.99219 12.9922
vt 3.02344 12.9922
vt 0.0078125 12.0078
vt -0.992188 12.0078
vt -1.99219 12.0078
vt -2.99219 12.0078
vt -3.99219 12.0078
vt -4.99219 12.0078
vt -5.99219 12.0078
vt -6.99219 12.0078
vt -7.99219 12.0078
vt -8.99219 12.0078
vt -9.00781 12.9922
vt -9.00781 12.9922
vt -10.0078 12.9922
vt -11.0078 12.9922
vt -12.0078 12.9922
vt -12.0078 11.9922
vt -12.0078 10.9922
vt -12.0078 9.99219
vt -12.0078 8.99219
vt -12.0078 7.99219
vt -12.0078 6.99219
vt -12.0078 5.99219
vt -12.9922 3.97656
vt -12.9766 2.99219
vt -12.0234 1.00781
vt -12.9922 0.976562
vt -12.9922 0.976562
vt -12.9766 -0.0078125
vt -12.0234 -1.99219
vt -12.0234 -1.99219
vt -12.0234 -2.99219
vt -12.0234 -2.99219
vt -12.9766 -4.00781
vt -12.0078 -5.97656
vt -12.0078 -5.97656
vt -12.9922 -6.02344
vt -12.9922 -6.02344
vt -12.9922 -7.02344
vt -12.9922 -7.02344
vt -12.0078 -7.97656
vt -12.0078 -7.97656
vt -12.0078 -7.97656
vt -12.0078 -8.00781
vt -12.0078 -8.00781
vt -12.9922 -10.9922
vt -12.9922 -11.9922
vt -12.9922 -12.9922
vt -11.9922 -12.9922
vt -10.9922 -12.9922
vt -9.99219 -12.9922
vt -8.99219 -12.9922
vt -7.99219 -12.9922
vt -6.99219 -12.9922
vt -5.99219 -12.9922
vt -4.99219 -12.9922
vt -3.99219 -12.0234
vt -3.99219 -12.0234
vt -2.02344 -12.9922
vt -2.02344 -12.9922
vt -2.97656 -12.0078
vt -2.97656 -12.0078
vt -1.00781 -12.0078
vt -1.00781 -12.0078
vt -0.992188 -12.0234
vt -0.0078125 -12.0078
vt 0.992188 -12.0078
vt 0.992188 -12.0078
vt 1.00781 -12.9922
vt 1.00781 -12.9922
vt 1.99219 -12.9766
vt 1.99219 -12.9766
vt 3.00781 -12.9922
vt 4.00781 -12.9922
vt 6.00781 -12.9922
vt 7.00781 -12.9922
vt 8.00781 -12.9922
vt 9.00781 -12.9922
vt 10.0078 -12.9922
vt 11.0078 -12.9922
vt 13.0078 -13.9922
vt 13.0078 -12.9922
vt 13.0078 -11.9922
vt 13.0078 -10.9922
vt 13.0078 -8.99219
vt 13.0078 -8.99219
vt 13.9922 -8.97656
vt 13.9922 -8.97656
vt 13.9922 -8.97656
vt 13.9922 -7.00781
vt 13.9922 -6.00781
vt 13.9922 -5.00781
vt 13.9922 -4.00781
vt 13.9922 -3.00781
vt 13.9922 -2.00781
vt 13.9922 -1.00781
vt 13.9922 -0.0078125
vt 13.9922 0.992188
vt 13.9922 1.99219
vt 13.9766 3.00781
vt 13.0234 4.99219
vt 13.0234 4.99219
vt 13.9922 5.02344
vt 13.0078 7.97656
vt 13.0078 7.97656
vt 13.9922 7.02344
vt 13.9922 7.02344
vt 13.0078 9.00781
vt 13.9922 10.9922
vt 13.9922 11.9922
vt 13.9922 12.9922
vt 13.9922 13.9922
vt 12.9922 13.9922
vt 11.9922 13.9922
vt 10.9922 13.9922
vt 9.99219 13.9922
vt 8.99219 13.9922
vt 7.99219 13.9922
vt 5.97656 13.0078
vt 5.97656 13.0078
vt 5.02344 13.9922
vt 5.02344 13.9922
vt 4.99219 13.0234
vt 3.99219 13.9922
vt 3.99219 13.9922
vt 2.00781 13.0078
vt 1.00781 13.0078
vt 1.00781 13.0078
vt 1.99219 13.9922
vt 1.99219 13.9922
vt 0.0078125 13.9766
vt 0.0078125 13.9766
vt -0.0234375 13.0078
vt -0.976562 13.9922
vt -1.00781 13.0234
vt -1.00781 13.0234
vt -2.97656 13.9922
vt -3.00781 13.0234
vt -3.00781 13.0234
vt -4.00781 13.9922
vt -4.00781 13.9922
vt -6.99219 13.0078
vt -7.99219 13.0078
vt -8.99219 13.0078
vt -9.00781 13.9922
vt -10.0078 13.9922
vt -11.0078 13.9922
vt -12.0078 13.9922
vt -13.0078 13.9922
vt -13.0078 12.9922
vt -13.0078 11.9922
vt -13.0078 10.9922
vt -13.0078 9.99219
vt -13.0078 8.99219
vt -13.0078 7.99219
vt -13.0234 5.00781
vt -13.9922 4.97656
vt -13.9922 4.97656
vt -13.0234 3.00781
vt -13.0234 3.00781
vt -13.9922 2.00781
vt -13.9922 2.00781
vt -13.9922 1.00781
vt -13.9922 0.0078125
vt -13.9922 -0.992188
vt -13.9922 -1.99219
vt -13.9922 -2.99219
vt -13.9922 -3.99219
vt -13.9922 -4.99219
vt -13.9922 -5.99219
vt -13.9922 -6.99219
vt -13.9922 -7.99219
vt -13.0078 -8.97656
vt -13.9922 -10.0234
vt -13.9922 -10.0234
vt -13.0078 -10.9766
vt -13.0078 -10.9766
vt -13.9922 -11.0234
vt -13.9922 -11.0234
vt -13.0078 -12.0078
vt -13.0078 -13.0078
vt -12.0078 -13.0078
vt -11.0078 -13.0078
vt -10.0078 -13.0078
vt -9.00781 -13.0078
vt -8.00781 -13.0078
vt -7.00781 -13.0078
vt -6.00781 -13.0078
vt -5.00781 -13.0078
vt -4.00781 -13.0078
vt -2.02344 -13.9922
vt -2.02344 -13.9922
vt -2.97656 -13.0078
vt -2.97656 -13.0078
vt -1.00781 -13.9766
vt -0.0078125 -13.0078
vt -0.0078125 -13.0078
vt 0.0078125 -13.9922
vt 1.00781 -13.9922
vt 1.00781 -13.9922
vt 1.99219 -13.0078
vt 1.99219 -13.0078
vt 2.02344 -13.0078
vt 3.97656 -13.9922
vt 4.00781 -13.0234
vt 4.00781 -13.0234
vt 5.97656 -13.9922
vt 6.00781 -13.0234
vt 6.00781 -13.0234
vt 7.00781 -13.9922
vt 7.00781 -13.9922
vt 8.99219 -13.0078
vt 9.99219 -13.0078
vt 11.9922 -13.9766
vt 11.9922 -13.9766
vt 12.0234 -13.0078
vt 12.0234 -13.0078
vt 14.9766 -14.9922
vt 14.0234 -13.0078
vt 14.0234 -13.0078
vt 14.0078 -11.9922
vt 14.0078 -10.9922
vt 14.0078 -9.99219
vt 14.0078 -8.99219
vt 14.0078 -7.99219
vt 14.0078 -6.99219
vt 14.0078 -5.99219
vt 14.0078 -4.99219
vt 14.0078 -3.99219
vt 14.0078 -2.99219
vt 14.9766 -0.992188
vt 14.9766 -0.992188
vt 14.0078 0.0078125
vt 14.0078 0.0078125
vt 14.9922 0.0234375
vt 14.9922 0.0234375
vt 14.9922 1.99219
vt 14.9922 2.99219
vt 14.9922 3.99219
vt 14.9922 4.99219
vt 14.9922 5.99219
vt 14.9922 6.99219
vt 14.9922 7.99219
vt 14.9922 8.99219
vt 14.9922 9.99219
vt 14.9922 10.9922
vt 14.9766 12.0078
vt 14.0078 13.9766
vt 14.9922 14.0234
vt 14.9922 14.0234
vt 13.0078 14.9766
vt 13.0078 14.9766
vt 13.0078 14.9766
vt 13.0078 14.9766
vt 12.9922 14.9922
vt 10.0078 14.0078
vt 9.00781 14.0078
vt 8.00781 14.0078
vt 7.00781 14.0078
vt 6.00781 14.0078
vt 5.00781 14.0078
vt 4.00781 14.0078
vt 3.00781 14.0078
vt 2.00781 14.0078
vt 1.00781 14.0078
vt 0.0078125 14.9766
vt 0.0078125 14.9766
vt -0.0234375 14.0078
vt -0.0234375 14.0078
vt -0.0234375 14.0078
vt -0.0234375 14.0078
vt -0.976562 14.9922
vt -0.976562 14.9922
vt -0.976562 14.9922
vt -1.00781 14.9922
vt -1.00781 14.9922
vt -2.99219 14.9766
vt -2.00781 14.9922
vt -3.00781 14.9922
vt -3.00781 14.9922
vt -3.00781 14.9922
vt -4.99219 14.0078
vt -4.99219 14.0078
vt -4.99219 14.0078
vt -4.99219 14.0078
vt -5.02344 14.0078
vt -5.97656 14.9922
vt -6.00781 14.0234
vt -6.00781 14.0234
vt -7.97656 14.9922
vt -8.00781 14.0234
vt -8.00781 14.0234
vt -8.00781 14.0234
vt -8.00781 14.0234
vt -9.00781 14.9922
vt -9.00781 14.9922
vt -9.00781 14.9922
vt -11.9922 14.0078
vt -12.9922 14.0078
vt -14.0234 13.0078
vt -14.0234 13.0078
vt -14.9922 12.0078
vt -14.9922 11.0078
vt -14.9922 10.0078
vt -14.9922 9.00781
vt -14.9922 8.00781
vt -14.9922 7.00781
vt -14.9922 6.00781
vt -14.9922 5.00781
vt -14.9922 4.00781
vt -14.9922 3.00781
vt -14.9922 1.00781
vt -14.9922 1.00781
vt -14.9922 0.0078125
vt -14.9922 -0.992188
vt -14.9922 -1.99219
vt -14.9922 -2.99219
vt -14.9922 -3.99219
vt -14.9922 -4.99219
vt -14.9922 -5.99219
vt -14.9922 -6.99219
vt -14.9922 -7.99219
vt -14.9922 -8.99219
vt -14.0234 -10.9922
vt -14.9922 -11.0234
vt -14.9766 -12.0078
vt -14.9766 -12.0078
vt -14.9922 -14.0234
vt -14.9922 -14.0234
vt -14.0078 -14.9766
vt -14.0078 -14.9766
vt -13.9922 -14.0234
vt -13.9922 -14.0234
vt -13.9922 -14.0234
vt -12.0078 -14.0078
vt -11.0078 -14.0078
vt -10.0078 -14.0078
vt -9.00781 -14.0078
vt -8.00781 -14.0078
vt -7.00781 -14.0078
vt -6.00781 -14.0078
vt -5.00781 -14.0078
vt -4.00781 -14.0078
vt -3.00781 -14.0078
vt -2.00781 -14.0078
vt -1.00781 -14.9766
vt -1.00781 -14.9766
vt -0.976562 -14.0078
vt -0.976562 -14.0078
vt 0.976562 -14.9922
vt 0.976562 -14.9922
vt 1.00781 -14.9922
vt 1.00781 -14.9922
vt 2.97656 -14.9922
vt 2.97656 -14.9922
vt 2.00781 -14.0234
vt 2.00781 -14.0234
vt 2.99219 -14.9766
vt 2.99219 -14.9766
vt 4.97656 -14.9922
vt 4.02344 -14.0078
vt 5.99219 -14.9766
vt 5.99219 -14.9766
vt 6.02344 -14.0078
vt 7.99219 -14.9766
vt 7.99219 -14.9766
vt 8.99219 -14.0078
vt 9.00781 -14.0234
vt 9.00781 -14.0234
vt 10.0078 -14.9922
vt 10.9922 -14.0078
vt 11.9922 -14.0078
vt 12.9922 -14.0078
vt 15.9922 -15.0078
vt 15.9922 -15.0078
vt 15.9922 -14.0078
vt 15.9922 -14.0078
vt 15.9922 -13.0078
vt 15.9922 -13.0078
vt 15.9922 -12.0078
vt 15.9922 -12.0078
vt 15.9922 -11.0078
vt 15.9922 -11.0078
vt 15.9922 -10.0078
vt 15.9922 -10.0078
vt 15.9922 -9.00781
vt 15.9922 -9.00781
vt 15.9922 -8.00781
vt 15.9922 -8.00781
vt 15.0234 -4.00781
vt 15.9922 1.02344
vt 15.9766 3.00781
vt 15.9766 3.00781
vt 15.9766 7.00781
vt 15.9766 8.00781
vt 15.0234 8.99219
vt 15.9922 9.02344
vt 15.9922 9.02344
vt 15.0234 10.9922
vt 15.9922 11.9922
vt 15.9922 12.9922
vt 15.0078 14.0078
vt 15.0078 15.0078
vt 14.0078 15.0078
vt 13.0078 15.0078
vt 12.0078 15.0078
vt 11.0078 15.0078
vt 10.0078 15.9766
vt 10.9922 15.0234
vt 7.99219 15.0234
vt 5.97656 15.0078
vt 5.97656 15.0078
vt 4.00781 15.9766
vt 4.00781 15.9766
vt 4.99219 15.9922
vt 3.02344 15.9922
vt 1.00781 15.9766
vt 1.99219 15.0234
vt 1.99219 15.0234
vt 0.992188 15.0234
vt 0.992188 15.0234
vt -0.976562 15.9922
vt -0.976562 15.9922
vt -1.00781 15.0234
vt -1.00781 15.0234
vt -2.97656 15.9922
vt -2.97656 15.9922
vt -3.02344 15.0078
vt -4.99219 15.9766
vt -4.99219 15.9766
vt -4.97656 15.9922
vt -4.97656 15.9922
vt -5.99219 15.9766
vt -5.99219 15.9766
vt -5.00781 15.0234
vt -5.00781 15.0234
vt -6.99219 15.9766
vt -6.99219 15.9766
vt -7.97656 15.9922
vt -7.97656 15.9922
vt -8.97656 15.9922
vt -8.97656 15.9922
vt -9.99219 15.9766
vt -9.99219 15.9766
vt -9.00781 15.0234
vt -9.00781 15.0234
vt -10.9766 15.9922
vt -11.0234 15.0078
vt -12.9766 15.9922
vt -13.0078 15.9922
vt -14.0078 15.9922
vt -15.0078 15.9922
vt -15.0078 14.9922
vt -15.0078 13.9922
vt -15.0078 12.9922
vt -15.9922 10.9766
vt -15.9766 9.99219
vt -15.9766 9.99219
vt -15.9766 8.99219
vt -15.9766 8.99219
vt -15.9766 7.99219
vt -15.9922 5.97656
vt -15.0234 4.00781
vt -15.0234 3.00781
vt -15.0234 3.00781
vt -15.0234 2.00781
vt -15.0234 2.00781
vt -15.0234 1.00781
vt -15.9766 1.99219
vt -15.0234 -0.992188
vt -15.9922 -1.99219
vt -15.9922 -2.99219
vt -15.9922 -3.99219
vt -15.9922 -4.99219
vt -15.9922 -5.99219
vt -15.9922 -6.99219
vt -15.0078 -7.97656
vt -15.0078 -7.97656
vt -15.9922 -8.02344
vt -15.9922 -8.02344
vt -15.9766 -8.00781
vt -15.9766 -8.00781
vt -15.0234 -9.99219
vt -15.0234 -9.99219
vt -15.9922 -10.0234
vt -15.9922 -10.0234
vt -15.0078 -10.9766
vt -15.9922 -12.0234
vt -15.9922 -12.0234
vt -15.0234 -13.9922
vt -15.0234 -13.9922
vt -15.9766 -13.0078
vt -15.9766 -13.0078
vt -15.0234 -15.9922
vt -14.9766 -15.0078
vt -14.9766 -15.0078
vt -13.9766 -15.0078
vt -13.9766 -15.0078
vt -12.9766 -15.0078
vt -11.9766 -15.0078
vt -9.02344 -15.9922
vt -8.97656 -15.0078
vt -7.97656 -15.0078
vt -7.97656 -15.0078
vt -6.97656 -15.0078
vt -6.97656 -15.0078
vt -5.97656 -15.0078
vt -4.02344 -15.9922
vt -3.97656 -15.0078
vt -3.97656 -15.0078
vt -2.00781 -15.0078
vt -1.00781 -15.0078
vt -0.0078125 -15.0078
vt -0.0078125 -15.0078
vt 0.992188 -15.0078
vt 1.99219 -15.0078
vt 2.99219 -15.0078
vt 4.97656 -15.9922
vt 5.02344 -15.0078
vt 5.02344 -15.0078
vt 6.02344 -15.0078
vt 6.02344 -15.0078
vt 8.97656 -15.9922
vt 8.97656 -15.9922
vt 9.97656 -15.9922
vt 9.97656 -15.9922
vt 10.9766 -15.9922
vt 10.9766 -15.9922
vt 11.0234 -15.0078
vt 12.9766 -15.9922
vt 13.0234 -15.0078
vt 13.0234 -15.0078
vt 14.9922 -15.0078
vt 16.9922 -16.0078
vt 16.0078 -15.9922
vt 16.0078 -14.9922
vt 16.0078 -14.9922
vt 16.0234 -13.0078
vt 16.9766 -12.9922
vt 16.0234 -11.0078
vt 16.0234 -11.0078
vt 16.9922 -10.0078
vt 16.9922 -9.00781
vt 16.0078 -8.02344
vt 16.0234 -8.00781
vt 16.9922 -7.00781
vt 16.9922 -6.00781
vt 16.9922 -6.00781
vt 16.0078 -4.02344
vt 16.9922 -4.97656
vt 16.0234 -3.00781
vt 16.9922 -2.00781
vt 16.0234 -1.00781
vt 16.0078 0.0078125
vt 16.9922 0.0234375
vt 16.0078 1.97656
vt 16.0234 1.99219
vt 16.9922 2.99219
vt 16.0234 3.99219
vt 16.0078 5.00781
vt 16.0234 5.99219
vt 16.0234 6.99219
vt 16.0234 7.99219
vt 16.9766 9.00781
vt 16.9922 10.9922
vt 16.9766 11.0078
f 1115/2219/1983 1116/2220/1984 1117/2222/1986
f 1118/2224/1987 1116/2220/1984 1115/2219/1983
f 1115/2219/1983 1117/2222/1986 1119/2225/1988
f 1120/2226/1989 1118/2224/1987 1115/2219/1983
f 1121/2227/1990 1115/2219/1983 1119/2225/1988
f 1120/2226/1989 1115/2219/1983 1121/2227/1990
f 1117/2223/1985 1116/2221/1985 1122/2228/1991
f 1118/2224/1987 1123/2229/1992 1116/2220/1984
f 1116/2221/1985 1123/2230/1993 1124/2231/1994
f 1116/2221/1985 1124/2231/1994 1122/2228/1991
f 1117/2223/1985 1122/2228/1991 1125/2232/1995
f 1119/2225/1988 1117/2222/1986 1126/2233/1996
f 1126/2234/1997 1117/2223/1985 1125/2232/1995
f 1127/2235/1998 1123/2229/1992 1118/2224/1987
f 1128/2236/1999 1118/2224/1987 1120/2226/1989
f 1128/2236/1999 1127/2235/1998 1118/2224/1987
f 1123/2230/1993 1129/2237/2000 1124/2231/1994
f 1127/2235/1998 1130/2238/2001 1123/2229/1992
f 1123/2230/1993 1130/2239/2002 1129/2237/2000
f 1122/2228/1991 1124/2231/1994 1131/2240/2003
f 1124/2231/1994 1129/2237/2000 1132/2242/2005
f 1124/2231/1994 1132/2242/2005 1131/2240/2003
f 1125/2232/1995 1122/2228/1991 1133/2244/2007
f 1122/2228/1991 1131/2240/2003 1133/2244/2007
f 1121/2227/1990 1119/2225/1988 1134/2246/2009
f 1135/2247/2010 1120/2226/1989 1121/2227/1990
f 1136/2248/2011 1121/2227/1990 1134/2246/2009
f 1135/2247/2010 1121/2227/1990 1136/2248/2011
f 1134/2246/2009 1119/2225/1988 1137/2249/2012
f 1119/2225/1988 1126/2233/1996 1137/2249/2012
f 1138/2250/2013 1120/2226/1989 1135/2247/2010
f 1138/2250/2013 1128/2236/1999 1120/2226/1989
f 1136/2248/2011 1134/2246/2009 1139/2251/2014
f 1140/2252/2015 1135/2247/2010 1136/2248/2011
f 1141/2253/2016 1136/2248/2011 1139/2251/2014
f 1140/2252/2015 1136/2248/2011 1141/2253/2016
f 1139/2251/2014 1134/2246/2009 1142/2254/2017
f 1134/2246/2009 1137/2249/2012 1142/2254/2017
f 1143/2255/2018 1135/2247/2010 1140/2252/2015
f 1143/2255/2018 1138/2250/2013 1135/2247/2010
f 1141/2253/2016 1139/2251/2014 1144/2256/2019
f 1145/2257/2020 1140/2252/2015 1141/2253/2016
f 1146/2258/2021 1141/2253/2016 1144/2256/2019
f 1145/2257/2020 1141/2253/2016 1146/2258/2021
f 1144/2256/2019 1139/2251/2014 1147/2259/2022
f 1139/2251/2014 1142/2254/2017 1147/2259/2022
f 1148/2260/2023 1140/2252/2015 1145/2257/2020
f 1148/2260/2023 1143/2255/2018 1140/2252/2015
f 1146/2258/2021 1144/2256/2019 1149/2261/2024
f 1150/2262/2025 1145/2257/2020 1146/2258/2021
f 1151/2263/2026 1146/2258/2021 1149/2261/2024
f 1150/2262/2025 1146/2258/2021 1151/2263/2026
f 1149/2261/2024 1144/2256/2019 1152/2264/2027
f 1144/2256/2019 1147/2259/2022 1152/2264/2027
f 1153/2265/2028 1145/2257/2020 1150/2262/2025
f 1153/2265/2028 1148/2260/2023 1145/2257/2020
f 1151/2263/2026 1149/2261/2024 1154/2266/2029
f 1155/2267/2030 1150/2262/2025 1151/2263/2026
f 1156/2268/2031 1151/2263/2026 1154/2266/2029
f 1155/2267/2030 1151/2263/2026 1156/2268/2031
f 1154/2266/2029 1149/2261/2024 1157/2269/2032
f 1149/2261/2024 1152/2264/2027 1157/2269/2032
f 1158/2270/2033 1150/2262/2025 1155/2267/2030
f 1158/2270/2033 1153/2265/2028 1150/2262/2025
f 1156/2268/2031 1154/2266/2029 1159/2271/2034
f 1159/2271/2034 1154/2266/2029 1160/2272/2035
f 1154/2266/2029 1157/2269/2032 1160/2272/2035
f 1159/2271/2034 1160/2272/2035 1161/2273/2036
f 1162/2274/2037 1130/2238/2001 1127/2235/1998
f 1163/2275/2038 1127/2235/1998 1128/2236/1999
f 1163/2275/2038 1162/2274/2037 1127/2235/1998
f 1130/2239/2002 1164/2276/2039 1129/2237/2000
f 1162/2274/2037 1165/2277/2040 1130/2238/2001
f 1130/2239/2002 1165/2278/2041 1164/2276/2039
f 1129/2237/2000 1164/2276/2039 1166/2279/2042
f 1129/2237/2000 1166/2279/2042 1132/2242/2005
f 1126/2234/1997 1125/2232/1995 1167/2281/2044
f 1137/2249/2012 1126/2233/1996 1168/2282/2045
f 1168/2283/2046 1126/2234/1997 1167/2281/2044
f 1167/2281/2044 1125/2232/1995 1169/2284/2047
f 1125/2232/1995 1133/2244/2007 1169/2284/2047
f 1170/2286/2049 1128/2236/1999 1138/2250/2013
f 1170/2286/2049 1163/2275/2038 1128/2236/1999
f 1142/2254/2017 1137/2249/2012 1171/2287/2050
f 1137/2249/2012 1168/2282/2045 1171/2287/2050
f 1172/2288/2051 1138/2250/2013 1143/2255/2018
f 1172/2288/2051 1170/2286/2049 1138/2250/2013
f 1147/2259/2022 1142/2254/2017 1173/2289/2052
f 1142/2254/2017 1171/2287/2050 1173/2289/2052
f 1174/2290/2053 1143/2255/2018 1148/2260/2023
f 1174/2290/2053 1172/2288/2051 1143/2255/2018
f 1152/2264/2027 1147/2259/2022 1175/2291/2054
f 1147/2259/2022 1173/2289/2052 1175/2291/2054
f 1176/2292/2055 1148/2260/2023 1153/2265/2028
f 1176/2292/2055 1174/2290/2053 1148/2260/2023
f 1157/2269/2032 1152/2264/2027 1177/2293/2056
f 1152/2264/2027 1175/2291/2054 1177/2293/2056
f 1178/2294/2057 1153/2265/2028 1158/2270/2033
f 1178/2294/2057 1176/2292/2055 1153/2265/2028
f 1160/2272/2035 1157/2269/2032 1179/2295/2058
f 1157/2269/2032 1177/2293/2056 1179/2295/2058
f 1161/2273/2036 1160/2272/2035 1180/2296/2059
f 1160/2272/2035 1179/2295/2058 1180/2296/2059
f 1161/2273/2036 1180/2296/2059 1181/2297/2060
f 1182/2298/2061 1165/2277/2040 1162/2274/2037
f 1183/2299/2062 1162/2274/2037 1163/2275/2038
f 1183/2299/2062 1182/2298/2061 1162/2274/2037
f 1165/2278/2041 1184/2300/2063 1164/2276/2039
f 1182/2298/2061 1185/2301/2064 1165/2277/2040
f 1165/2278/2041 1185/2302/2065 1184/2300/2063
f 1164/2276/2039 1184/2300/2063 1186/2303/2066
f 1164/2276/2039 1186/2303/2066 1166/2279/2042
f 1168/2283/2046 1167/2281/2044 1187/2305/2068
f 1171/2287/2050 1168/2282/2045 1188/2306/2069
f 1188/2307/2070 1168/2283/2046 1187/2305/2068
f 1187/2305/2068 1167/2281/2044 1189/2308/2071
f 1167/2281/2044 1169/2284/2047 1189/2308/2071
f 1190/2310/2073 1163/2275/2038 1170/2286/2049
f 1190/2310/2073 1183/2299/2062 1163/2275/2038
f 1173/2289/2052 1171/2287/2050 1191/2311/2074
f 1171/2287/2050 1188/2306/2069 1191/2311/2074
f 1192/2312/2075 1170/2286/2049 1172/2288/2051
f 1192/2312/2075 1190/2310/2073 1170/2286/2049
f 1175/2291/2054 1173/2289/2052 1193/2313/2076
f 1173/2289/2052 1191/2311/2074 1193/2313/2076
f 1194/2314/2077 1172/2288/2051 1174/2290/2053
f 1194/2314/2077 1192/2312/2075 1172/2288/2051
f 1177/2293/2056 1175/2291/2054 1195/2315/2078
f 1175/2291/2054 1193/2313/2076 1195/2315/2078
f 1196/2316/2079 1174/2290/2053 1176/2292/2055
f 1196/2316/2079 1194/2314/2077 1174/2290/2053
f 1179/2295/2058 1177/2293/2056 1197/2317/2080
f 1177/2293/2056 1195/2315/2078 1197/2317/2080
f 1198/2318/2081 1176/2292/2055 1178/2294/2057
f 1198/2318/2081 1196/2316/2079 1176/2292/2055
f 1180/2296/2059 1179/2295/2058 1199/2319/2082
f 1179/2295/2058 1197/2317/2080 1199/2319/2082
f 1181/2297/2060 1180/2296/2059 1200/2320/2083
f 1180/2296/2059 1199/2319/2082 1200/2320/2083
f 1181/2297/2060 1200/2320/2083 1201/2321/2084
f 1202/2322/2085 1185/2301/2064 1182/2298/2061
f 1203/2323/2086 1182/2298/2061 1183/2299/2062
f 1203/2323/2086 1202/2322/2085 1182/2298/2061
f 1185/2302/2065 1204/2324/2087 1184/2300/2063
f 1202/2322/2085 1205/2325/2088 1185/2301/2064
f 1185/2302/2065 1205/2326/2089 1204/2324/2087
f 1184/2300/2063 1204/2324/2087 1206/2327/2090
f 1184/2300/2063 1206/2327/2090 1186/2303/2066
f 1188/2307/2070 1187/2305/2068 1207/2329/2092
f 1191/2311/2074 1188/2306/2069 1208/2330/2093
f 1208/2331/2094 1188/2307/2070 1207/2329/2092
f 1187/2305/2068 1189/2308/2071 1209/2332/2095
f 1207/2329/2092 1187/2305/2068 1209/2332/2095
f 1210/2334/2097 1183/2299/2062 1190/2310/2073
f 1210/2334/2097 1203/2323/2086 1183/2299/2062
f 1193/2313/2076 1191/2311/2074 1211/2335/2098
f 1191/2311/2074 1208/2330/2093 1211/2335/2098
f 1212/2336/2099 1190/2310/2073 1192/2312/2075
f 1212/2336/2099 1210/2334/2097 1190/2310/2073
f 1195/2315/2078 1193/2313/2076 1213/2337/2100
f 1193/2313/2076 1211/2335/2098 1213/2337/2100
f 1214/2338/2101 1192/2312/2075 1194/2314/2077
f 1214/2338/2101 1212/2336/2099 1192/2312/2075
f 1197/2317/2080 1195/2315/2078 1215/2339/2102
f 1195/2315/2078 1213/2337/2100 1215/2339/2102
f 1216/2340/2103 1194/2314/2077 1196/2316/2079
f 1216/2340/2103 1214/2338/2101 1194/2314/2077
f 1199/2319/2082 1197/2317/2080 1217/2341/2104
f 1197/2317/2080 1215/2339/2102 1217/2341/2104
f 1218/2342/2105 1196/2316/2079 1198/2318/2081
f 1218/2342/2105 1216/2340/2103 1196/2316/2079
f 1200/2320/2083 1199/2319/2082 1219/2343/2106
f 1199/2319/2082 1217/2341/2104 1219/2343/2106
f 1201/2321/2084 1200/2320/2083 1220/2344/2107
f 1200/2320/2083 1219/2343/2106 1220/2344/2107
f 1201/2321/2084 1220/2344/2107 1221/2345/2108
f 1222/2346/2109 1201/2321/2084 1221/2345/2108
f 1133/2245/2008 1131/2241/2004 1223/2348/2111
f 1131/2241/2004 1132/2243/2006 1224/2350/2113
f 1131/2241/2004 1224/2350/2113 1223/2348/2111
f 1169/2285/2048 1133/2245/2008 1225/2352/2114
f 1133/2245/2008 1223/2348/2111 1225/2352/2114
f 1132/2243/2006 1166/2280/2043 1226/2354/2116
f 1132/2243/2006 1226/2354/2116 1224/2350/2113
f 1189/2309/2072 1169/2285/2048 1227/2356/2117
f 1169/2285/2048 1225/2352/2114 1227/2356/2117
f 1166/2280/2043 1186/2304/2067 1228/2358/2119
f 1166/2280/2043 1228/2358/2119 1226/2354/2116
f 1209/2333/2096 1189/2309/2072 1229/2360/2120
f 1189/2309/2072 1227/2356/2117 1229/2360/2120
f 1230/2362/2122 1205/2325/2088 1202/2322/2085
f 1231/2363/2123 1202/2322/2085 1203/2323/2086
f 1231/2363/2123 1230/2362/2122 1202/2322/2085
f 1205/2326/2089 1232/2364/2124 1204/2324/2087
f 1230/2362/2122 1233/2365/2125 1205/2325/2088
f 1205/2326/2089 1233/2366/2126 1232/2364/2124
f 1204/2324/2087 1232/2364/2124 1234/2367/2127
f 1204/2324/2087 1234/2367/2127 1206/2327/2090
f 1208/2331/2094 1207/2329/2092 1235/2369/2129
f 1211/2335/2098 1208/2330/2093 1236/2370/2130
f 1236/2371/2131 1208/2331/2094 1235/2369/2129
f 1207/2329/2092 1209/2332/2095 1237/2372/2132
f 1235/2369/2129 1207/2329/2092 1237/2372/2132
f 1238/2374/2134 1203/2323/2086 1210/2334/2097
f 1238/2374/2134 1231/2363/2123 1203/2323/2086
f 1213/2337/2100 1211/2335/2098 1239/2375/2135
f 1211/2335/2098 1236/2370/2130 1239/2375/2135
f 1240/2376/2136 1210/2334/2097 1212/2336/2099
f 1240/2376/2136 1238/2374/2134 1210/2334/2097
f 1215/2339/2102 1213/2337/2100 1241/2377/2137
f 1213/2337/2100 1239/2375/2135 1241/2377/2137
f 1242/2378/2138 1212/2336/2099 1214/2338/2101
f 1242/2378/2138 1240/2376/2136 1212/2336/2099
f 1217/2341/2104 1215/2339/2102 1243/2379/2139
f 1215/2339/2102 1241/2377/2137 1243/2379/2139
f 1244/2380/2140 1214/2338/2101 1216/2340/2103
f 1244/2380/2140 1242/2378/2138 1214/2338/2101
f 1219/2343/2106 1217/2341/2104 1245/2381/2139
f 1217/2341/2104 1243/2379/2139 1245/2381/2139
f 1246/2382/2141 1216/2340/2103 1218/2342/2105
f 1246/2382/2141 1244/2380/2140 1216/2340/2103
f 1220/2344/2107 1219/2343/2106 1247/2383/2142
f 1219/2343/2106 1245/2381/2139 1247/2383/2142
f 1221/2345/2108 1220/2344/2107 1248/2384/2143
f 1220/2344/2107 1247/2383/2142 1248/2384/2143
f 1222/2346/2109 1221/2345/2108 1249/2385/2144
f 1250/2387/2146 1222/2347/2110 1249/2386/2145
f 1249/2385/2144 1221/2345/2108 1251/2388/2147
f 1221/2345/2108 1248/2384/2143 1251/2388/2147
f 1250/2387/2146 1249/2386/2145 1252/2389/2148
f 1249/2385/2144 1251/2388/2147 1253/2391/2150
f 1249/2386/2145 1253/2392/2151 1252/2389/2148
f 1252/2389/2148 1254/2393/2152 1250/2387/2146
f 1254/2393/2152 1255/2396/2155 1250/2387/2146
f 1255/2396/2155 1256/2398/2157 1250/2387/2146
f 1186/2304/2067 1206/2328/2091 1257/2399/2158
f 1186/2304/2067 1257/2399/2158 1228/2358/2119
f 1237/2373/2133 1209/2333/2096 1258/2401/2160
f 1209/2333/2096 1229/2360/2120 1258/2401/2160
f 1259/2403/2161 1233/2365/2125 1230/2362/2122
f 1260/2404/2162 1230/2362/2122 1231/2363/2123
f 1260/2404/2162 1259/2403/2161 1230/2362/2122
f 1233/2366/2126 1261/2405/2163 1232/2364/2124
f 1232/2364/2124 1262/2406/2164 1234/2367/2127
f 1232/2364/2124 1261/2405/2163 1262/2406/2164
f 1259/2403/2161 1263/2408/2166 1233/2365/2125
f 1233/2366/2126 1263/2409/2167 1261/2405/2163
f 1236/2371/2131 1235/2369/2129 1264/2410/2168
f 1239/2375/2135 1236/2370/2130 1265/2411/2169
f 1265/2412/2170 1236/2371/2131 1264/2410/2168
f 1235/2369/2129 1237/2372/2132 1266/2413/2171
f 1264/2410/2168 1235/2369/2129 1266/2413/2171
f 1267/2415/2173 1231/2363/2123 1238/2374/2134
f 1267/2415/2173 1260/2404/2162 1231/2363/2123
f 1241/2377/2137 1239/2375/2135 1268/2416/2174
f 1239/2375/2135 1265/2411/2169 1268/2416/2174
f 1269/2417/2175 1238/2374/2134 1240/2376/2136
f 1269/2417/2175 1267/2415/2173 1238/2374/2134
f 1243/2379/2139 1241/2377/2137 1270/2418/2176
f 1241/2377/2137 1268/2416/2174 1270/2418/2176
f 1271/2419/2177 1240/2376/2136 1242/2378/2138
f 1271/2419/2177 1269/2417/2175 1240/2376/2136
f 1245/2381/2139 1243/2379/2139 1272/2420/2176
f 1243/2379/2139 1270/2418/2176 1272/2420/2176
f 1273/2421/2178 1242/2378/2138 1244/2380/2140
f 1273/2421/2178 1271/2419/2177 1242/2378/2138
f 1247/2383/2142 1245/2381/2139 1274/2422/2179
f 1245/2381/2139 1272/2420/2176 1274/2422/2179
f 1275/2423/2180 1244/2380/2140 1246/2382/2141
f 1275/2423/2180 1273/2421/2178 1244/2380/2140
f 1248/2384/2143 1247/2383/2142 1276/2424/2181
f 1247/2383/2142 1274/2422/2179 1276/2424/2181
f 1251/2388/2147 1248/2384/2143 1277/2425/2182
f 1248/2384/2143 1276/2424/2181 1277/2425/2182
f 1253/2391/2150 1251/2388/2147 1278/2426/2183
f 1251/2388/2147 1277/2425/2182 1278/2426/2183
f 1253/2391/2150 1278/2426/2183 1252/2390/2149
f 1252/2390/2149 1278/2426/2183 1279/2427/2184
f 1252/2390/2149 1279/2427/2184 1254/2394/2153
f 1206/2328/2091 1234/2368/2128 1280/2428/2185
f 1206/2328/2091 1280/2428/2185 1257/2399/2158
f 1266/2414/2172 1237/2373/2133 1281/2430/2187
f 1237/2373/2133 1258/2401/2160 1281/2430/2187
f 1234/2368/2128 1262/2407/2165 1282/2432/2188
f 1234/2368/2128 1282/2432/2188 1280/2428/2185
f 1264/2410/2168 1266/2413/2171 1283/2434/2190
f 1265/2412/2170 1264/2410/2168 1284/2436/2192
f 1284/2436/2192 1264/2410/2168 1283/2434/2190
f 1283/2435/2191 1266/2414/2172 1285/2437/2193
f 1266/2414/2172 1281/2430/2187 1285/2437/2193
f 1286/2439/2195 1263/2408/2166 1259/2403/2161
f 1287/2440/2196 1259/2403/2161 1260/2404/2162
f 1287/2440/2196 1286/2439/2195 1259/2403/2161
f 1263/2409/2167 1288/2441/2197 1261/2405/2163
f 1261/2405/2163 1289/2442/2198 1262/2406/2164
f 1261/2405/2163 1288/2441/2197 1289/2442/2198
f 1286/2439/2195 1290/2444/2200 1263/2408/2166
f 1263/2409/2167 1290/2445/2201 1288/2441/2197
f 1268/2416/2174 1265/2411/2169 1291/2446/2202
f 1291/2447/2201 1265/2412/2170 1284/2436/2192
f 1292/2448/2203 1260/2404/2162 1267/2415/2173
f 1292/2448/2203 1287/2440/2196 1260/2404/2162
f 1270/2418/2176 1268/2416/2174 1293/2449/2204
f 1268/2416/2174 1291/2446/2202 1293/2449/2204
f 1294/2450/2205 1267/2415/2173 1269/2417/2175
f 1294/2450/2205 1292/2448/2203 1267/2415/2173
f 1272/2420/2176 1270/2418/2176 1295/2451/2204
f 1270/2418/2176 1293/2449/2204 1295/2451/2204
f 1296/2452/2206 1269/2417/2175 1271/2419/2177
f 1296/2452/2206 1294/2450/2205 1269/2417/2175
f 1274/2422/2179 1272/2420/2176 1297/2453/2207
f 1272/2420/2176 1295/2451/2204 1297/2453/2207
f 1298/2454/2208 1271/2419/2177 1273/2421/2178
f 1298/2454/2208 1296/2452/2206 1271/2419/2177
f 1276/2424/2181 1274/2422/2179 1299/2455/2209
f 1274/2422/2179 1297/2453/2207 1299/2455/2209
f 1300/2456/2210 1273/2421/2178 1275/2423/2180
f 1300/2456/2210 1298/2454/2208 1273/2421/2178
f 1277/2425/2182 1276/2424/2181 1301/2457/2211
f 1276/2424/2181 1299/2455/2209 1301/2457/2211
f 1278/2426/2183 1277/2425/2182 1302/2458/2212
f 1277/2425/2182 1301/2457/2211 1302/2458/2212
f 1278/2426/2183 1302/2458/2212 1279/2427/2184
f 1262/2407/2165 1289/2443/2199 1303/2459/2213
f 1262/2407/2165 1303/2459/2213 1282/2432/2188
f 1284/2436/2192 1283/2434/2190 1304/2461/2215
f 1291/2447/2201 1284/2436/2192 1305/2463/2217
f 1305/2463/2217 1284/2436/2192 1304/2461/2215
f 1304/2462/2216 1283/2435/2191 1306/2464/2218
f 1283/2435/2191 1285/2437/2193 1306/2464/2218
f 1307/2466/2220 1290/2444/2200 1286/2439/2195
f 1308/2467/2221 1286/2439/2195 1287/2440/2196
f 1308/2467/2221 1307/2466/2220 1286/2439/2195
f 1290/2445/2201 1309/2468/2222 1288/2441/2197
f 1288/2441/2197 1310/2469/2223 1289/2442/2198
f 1288/2441/2197 1309/2468/2222 1310/2469/2223
f 1307/2466/2220 1311/2471/2225 1290/2444/2200
f 1290/2445/2201 1311/2472/2226 1309/2468/2222
f 1293/2449/2204 1291/2446/2202 1312/2473/2227
f 1312/2474/2226 1291/2447/2201 1305/2463/2217
f 1313/2475/2228 1287/2440/2196 1292/2448/2203
f 1313/2475/2228 1308/2467/2221 1287/2440/2196
f 1295/2451/2204 1293/2449/2204 1314/2476/2227
f 1293/2449/2204 1312/2473/2227 1314/2476/2227
f 1315/2477/2229 1292/2448/2203 1294/2450/2205
f 1315/2477/2229 1313/2475/2228 1292/2448/2203
f 1297/2453/2207 1295/2451/2204 1316/2478/2230
f 1295/2451/2204 1314/2476/2227 1316/2478/2230
f 1317/2479/2231 1294/2450/2205 1296/2452/2206
f 1317/2479/2231 1315/2477/2229 1294/2450/2205
f 1299/2455/2209 1297/2453/2207 1318/2480/2232
f 1297/2453/2207 1316/2478/2230 1318/2480/2232
f 1319/2481/2233 1296/2452/2206 1298/2454/2208
f 1319/2481/2233 1317/2479/2231 1296/2452/2206
f 1301/2457/2211 1299/2455/2209 1320/2482/2234
f 1299/2455/2209 1318/2480/2232 1320/2482/2234
f 1321/2483/2235 1298/2454/2208 1300/2456/2210
f 1321/2483/2235 1319/2481/2233 1298/2454/2208
f 1302/2458/2212 1301/2457/2211 1322/2484/2236
f 1301/2457/2211 1320/2482/2234 1322/2484/2236
f 1279/2427/2184 1302/2458/2212 1323/2485/2237
f 1302/2458/2212 1322/2484/2236 1323/2485/2237
f 1254/2394/2153 1279/2427/2184 1324/2486/2238
f 1279/2427/2184 1323/2485/2237 1324/2486/2238
f 1254/2394/2153 1324/2486/2238 1325/2487/2239
f 1255/2397/2156 1254/2395/2154 1325/2489/2241
f 1227/2357/2118 1225/2353/2115 1223/2349/2112
f 1223/2349/2112 1224/2351/2112 1226/2355/2115
f 1258/2402/2159 1227/2357/2118 1223/2349/2112
f 1223/2349/2112 1226/2355/2115 1257/2400/2159
f 1258/2402/2159 1223/2349/2112 1257/2400/2159
f 1258/2402/2159 1229/2361/2121 1227/2357/2118
f 1226/2355/2115 1228/2359/2118 1257/2400/2159
f 1289/2443/2199 1310/2470/2224 1326/2490/2242
f 1289/2443/2199 1326/2490/2242 1303/2459/2213
f 1305/2463/2217 1304/2461/2215 1327/2492/2244
f 1312/2474/2226 1305/2463/2217 1328/2494/2246
f 1328/2494/2246 1305/2463/2217 1327/2492/2244
f 1327/2493/2245 1304/2462/2216 1329/2495/2247
f 1304/2462/2216 1306/2464/2218 1329/2495/2247
f 1257/2400/2159 1329/2496/2248 1258/2402/2159
f 1285/2438/2194 1281/2431/2186 1258/2402/2159
f 1329/2496/2248 1285/2438/2194 1258/2402/2159
f 1257/2400/2159 1280/2429/2186 1329/2496/2248
f 1330/2497/2249 1311/2471/2225 1307/2466/2220
f 1331/2498/2250 1307/2466/2220 1308/2467/2221
f 1331/2498/2250 1330/2497/2249 1307/2466/2220
f 1311/2472/2226 1332/2499/2251 1309/2468/2222
f 1309/2468/2222 1333/2500/2252 1310/2469/2223
f 1309/2468/2222 1332/2499/2251 1333/2500/2252
f 1330/2497/2249 1334/2502/2254 1311/2471/2225
f 1311/2472/2226 1334/2503/2255 1332/2499/2251
f 1314/2476/2227 1312/2473/2227 1335/2504/2256
f 1335/2505/2255 1312/2474/2226 1328/2494/2246
f 1336/2506/2257 1308/2467/2221 1313/2475/2228
f 1336/2506/2257 1331/2498/2250 1308/2467/2221
f 1316/2478/2230 1314/2476/2227 1337/2507/2256
f 1314/2476/2227 1335/2504/2256 1337/2507/2256
f 1338/2508/2258 1313/2475/2228 1315/2477/2229
f 1338/2508/2258 1336/2506/2257 1313/2475/2228
f 1318/2480/2232 1316/2478/2230 1339/2509/2259
f 1316/2478/2230 1337/2507/2256 1339/2509/2259
f 1340/2510/2260 1315/2477/2229 1317/2479/2231
f 1340/2510/2260 1338/2508/2258 1315/2477/2229
f 1320/2482/2234 1318/2480/2232 1341/2511/2261
f 1318/2480/2232 1339/2509/2259 1341/2511/2261
f 1342/2512/2262 1317/2479/2231 1319/2481/2233
f 1342/2512/2262 1340/2510/2260 1317/2479/2231
f 1322/2484/2236 1320/2482/2234 1343/2513/2263
f 1320/2482/2234 1341/2511/2261 1343/2513/2263
f 1344/2514/2264 1319/2481/2233 1321/2483/2235
f 1344/2514/2264 1342/2512/2262 1319/2481/2233
f 1323/2485/2237 1322/2484/2236 1345/2515/2265
f 1322/2484/2236 1343/2513/2263 1345/2515/2265
f 1324/2486/2238 1323/2485/2237 1346/2516/2266
f 1323/2485/2237 1345/2515/2265 1346/2516/2266
f 1325/2488/2240 1324/2486/2238 1347/2517/2267
f 1324/2486/2238 1346/2516/2266 1347/2517/2267
f 1255/2397/2156 1325/2489/2241 1348/2518/2268
f 1325/2488/2240 1347/2517/2267 1348/2519/2269
f 1348/2518/2268 1349/2520/2270 1255/2397/2156
f 1255/2397/2156 1349/2520/2270 1350/2522/2272
f 1351/2524/2274 1255/2397/2156 1350/2522/2272
f 1255/2396/2155 1352/2526/2276 1256/2398/2157
f 1351/2524/2274 1352/2527/2277 1255/2397/2156
f 1329/2496/2248 1306/2465/2219 1285/2438/2194
f 1280/2429/2186 1282/2433/2189 1329/2496/2248
f 1327/2493/2245 1329/2495/2247 1353/2528/2278
f 1354/2530/2280 1329/2496/2248 1282/2433/2189
f 1329/2496/2248 1354/2530/2280 1355/2531/2279
f 1329/2496/2248 1355/2531/2279 1356/2534/2283
f 1353/2529/2279 1329/2496/2248 1357/2535/2284
f 1356/2534/2283 1357/2535/2284 1329/2496/2248
f 1310/2470/2224 1333/2501/2253 1358/2537/2286
f 1310/2470/2224 1358/2537/2286 1326/2490/2242
f 1328/2494/2246 1327/2492/2244 1359/2539/2288
f 1335/2505/2255 1328/2494/2246 1360/2541/2290
f 1360/2541/2290 1328/2494/2246 1359/2539/2288
f 1359/2540/2289 1327/2493/2245 1353/2528/2278
f 1361/2542/2291 1334/2502/2254 1330/2497/2249
f 1362/2543/2292 1330/2497/2249 1331/2498/2250
f 1362/2543/2292 1361/2542/2291 1330/2497/2249
f 1334/2503/2255 1363/2544/2293 1332/2499/2251
f 1332/2499/2251 1364/2545/2294 1333/2500/2252
f 1332/2499/2251 1363/2544/2293 1364/2545/2294
f 1361/2542/2291 1365/2547/2296 1334/2502/2254
f 1334/2503/2255 1365/2548/2297 1363/2544/2293
f 1337/2507/2256 1335/2504/2256 1366/2549/2298
f 1366/2550/2297 1335/2505/2255 1360/2541/2290
f 1367/2551/2299 1331/2498/2250 1336/2506/2257
f 1367/2551/2299 1362/2543/2292 1331/2498/2250
f 1339/2509/2259 1337/2507/2256 1368/2552/2300
f 1337/2507/2256 1366/2549/2298 1368/2552/2300
f 1369/2555/2303 1336/2506/2257 1338/2508/2258
f 1369/2555/2303 1367/2551/2299 1336/2506/2257
f 1341/2511/2261 1339/2509/2259 1370/2556/2304
f 1339/2509/2259 1368/2552/2300 1370/2556/2304
f 1371/2558/2306 1338/2508/2258 1340/2510/2260
f 1371/2558/2306 1369/2555/2303 1338/2508/2258
f 1343/2513/2263 1341/2511/2261 1372/2559/2307
f 1341/2511/2261 1370/2556/2304 1372/2559/2307
f 1373/2561/2309 1340/2510/2260 1342/2512/2262
f 1373/2561/2309 1371/2558/2306 1340/2510/2260
f 1345/2515/2265 1343/2513/2263 1374/2562/2310
f 1343/2513/2263 1372/2559/2307 1374/2562/2310
f 1375/2565/2313 1342/2512/2262 1344/2514/2264
f 1375/2565/2313 1373/2561/2309 1342/2512/2262
f 1346/2516/2266 1345/2515/2265 1376/2566/2314
f 1345/2515/2265 1374/2562/2310 1376/2566/2314
f 1347/2517/2267 1346/2516/2266 1377/2567/2315
f 1346/2516/2266 1376/2566/2314 1377/2567/2315
f 1348/2519/2269 1347/2517/2267 1378/2568/2316
f 1347/2517/2267 1377/2567/2315 1378/2568/2316
f 1348/2519/2269 1378/2568/2316 1349/2521/2271
f 1282/2433/2189 1303/2460/2214 1326/2491/2243
f 1282/2433/2189 1379/2569/2317 1354/2530/2280
f 1282/2433/2189 1380/2572/2320 1379/2569/2317
f 1380/2572/2320 1282/2433/2189 1381/2573/2321
f 1382/2575/2321 1381/2573/2321 1282/2433/2189
f 1282/2433/2189 1326/2491/2243 1383/2577/2324
f 1384/2579/2324 1282/2433/2189 1383/2577/2324
f 1384/2579/2324 1382/2575/2321 1282/2433/2189
f 1333/2501/2253 1364/2546/2295 1383/2578/2325
f 1333/2501/2253 1383/2578/2325 1358/2537/2286
f 1360/2541/2290 1359/2539/2288 1385/2581/2327
f 1366/2550/2297 1360/2541/2290 1386/2583/2329
f 1386/2583/2329 1360/2541/2290 1385/2581/2327
f 1359/2540/2289 1353/2528/2278 1387/2584/2330
f 1385/2582/2328 1359/2540/2289 1387/2584/2330
f 1388/2586/2332 1365/2547/2296 1361/2542/2291
f 1389/2587/2333 1361/2542/2291 1362/2543/2292
f 1389/2587/2333 1388/2586/2332 1361/2542/2291
f 1365/2548/2297 1390/2588/2334 1363/2544/2293
f 1363/2544/2293 1391/2589/2335 1364/2545/2294
f 1363/2544/2293 1390/2588/2334 1391/2589/2335
f 1388/2586/2332 1392/2591/2337 1365/2547/2296
f 1365/2548/2297 1392/2592/2338 1390/2588/2334
f 1368/2552/2300 1366/2549/2298 1393/2593/2339
f 1393/2594/2338 1366/2550/2297 1386/2583/2329
f 1394/2595/2340 1362/2543/2292 1367/2551/2299
f 1394/2595/2340 1389/2587/2333 1362/2543/2292
f 1370/2557/2305 1368/2554/2302 1395/2596/2341
f 1368/2552/2300 1393/2593/2339 1396/2600/2345
f 1368/2553/2301 1397/2602/2346 1395/2597/2342
f 1368/2553/2301 1396/2601/2346 1397/2602/2346
f 1372/2560/2308 1370/2557/2305 1398/2604/2348
f 1370/2557/2305 1395/2596/2341 1398/2604/2348
f 1374/2563/2311 1372/2560/2308 1399/2606/2348
f 1372/2560/2308 1398/2604/2348 1399/2606/2348
f 1376/2566/2314 1374/2562/2310 1400/2608/2351
f 1374/2563/2311 1399/2606/2348 1401/2610/2353
f 1400/2609/2352 1374/2564/2312 1401/2613/2356
f 1377/2567/2315 1376/2566/2314 1402/2614/2357
f 1376/2566/2314 1400/2608/2351 1402/2614/2357
f 1378/2568/2316 1377/2567/2315 1403/2615/2358
f 1377/2567/2315 1402/2614/2357 1403/2615/2358
f 1349/2521/2271 1378/2568/2316 1404/2616/2359
f 1378/2568/2316 1403/2615/2358 1404/2616/2359
f 1349/2521/2271 1404/2616/2359 1350/2523/2273
f 1379/2569/2317 1405/2617/2360 1354/2530/2280
f 1405/2617/2360 1355/2531/2279 1354/2530/2280
f 1406/2620/2363 1379/2569/2317 1380/2572/2320
f 1381/2573/2321 1407/2623/2366 1380/2572/2320
f 1407/2623/2366 1406/2620/2363 1380/2572/2320
f 1406/2622/2365 1408/2626/2369 1379/2570/2318
f 1405/2618/2361 1379/2571/2319 1408/2628/2371
f 1409/2629/2372 1381/2574/2322 1382/2576/2323
f 1410/2631/2374 1381/2573/2321 1357/2535/2284
f 1357/2535/2284 1381/2573/2321 1411/2632/2375
f 1381/2573/2321 1410/2631/2374 1407/2623/2366
f 1409/2629/2372 1412/2634/2377 1381/2574/2322
f 1412/2634/2377 1411/2633/2376 1381/2574/2322
f 1326/2491/2243 1358/2538/2287 1383/2577/2324
f 1383/2577/2324 1413/2636/2379 1384/2579/2324
f 1364/2546/2295 1414/2638/2381 1383/2578/2325
f 1383/2577/2324 1414/2639/2382 1415/2640/2382
f 1383/2577/2324 1415/2640/2382 1416/2642/2382
f 1383/2577/2324 1416/2642/2382 1413/2636/2379
f 1417/2644/2385 1382/2576/2323 1384/2580/2326
f 1413/2636/2379 1418/2646/2387 1384/2579/2324
f 1418/2646/2387 1419/2648/2387 1384/2579/2324
f 1420/2650/2390 1384/2580/2326 1419/2649/2389
f 1420/2650/2390 1417/2644/2385 1384/2580/2326
f 1417/2644/2385 1409/2629/2372 1382/2576/2323
f 1355/2531/2279 1421/2652/2392 1356/2534/2283
f 1422/2655/2395 1355/2532/2281 1405/2619/2362
f 1421/2653/2393 1355/2533/2282 1422/2657/2397
f 1353/2529/2279 1357/2535/2284 1423/2658/2396
f 1424/2660/2399 1387/2585/2331 1353/2529/2279
f 1425/2662/2399 1424/2660/2399 1353/2529/2279
f 1425/2662/2399 1353/2529/2279 1423/2658/2396
f 1357/2535/2284 1356/2534/2283 1426/2664/2402
f 1357/2535/2284 1427/2667/2405 1423/2658/2396
f 1428/2669/2407 1427/2668/2406 1357/2536/2285
f 1357/2535/2284 1426/2664/2402 1410/2631/2374
f 1429/2671/2409 1428/2669/2407 1357/2536/2285
f 1357/2535/2284 1411/2632/2375 1430/2673/2411
f 1429/2671/2409 1357/2536/2285 1431/2675/2413
f 1432/2677/2414 1357/2535/2284 1430/2673/2411
f 1433/2679/2414 1431/2676/2414 1357/2535/2284
f 1432/2677/2414 1433/2679/2414 1357/2535/2284
f 1421/2652/2392 1426/2664/2402 1356/2534/2283
f 1406/2621/2364 1407/2625/2368 1434/2681/2417
f 1406/2622/2365 1435/2684/2420 1408/2626/2369
f 1406/2621/2364 1434/2681/2417 1435/2685/2421
f 1434/2682/2418 1407/2624/2367 1436/2687/2423
f 1436/2688/2422 1407/2623/2366 1410/2631/2374
f 1405/2618/2361 1408/2628/2371 1437/2690/2425
f 1422/2655/2395 1405/2619/2362 1437/2692/2427
f 1364/2546/2295 1391/2590/2336 1414/2638/2381
f 1386/2583/2329 1385/2581/2327 1438/2693/2428
f 1385/2582/2328 1387/2584/2330 1424/2661/2400
f 1438/2694/2429 1385/2582/2328 1424/2661/2400
f 1393/2594/2338 1386/2583/2329 1439/2695/2430
f 1439/2695/2430 1386/2583/2329 1438/2693/2428
f 1437/2691/2426 1408/2627/2370 1435/2686/2422
f 1440/2696/2431 1422/2656/2396 1437/2691/2426
f 1437/2691/2426 1435/2686/2422 1441/2699/2434
f 1441/2699/2434 1440/2696/2431 1437/2691/2426
f 1421/2653/2393 1422/2657/2397 1440/2698/2433
f 1435/2686/2422 1434/2683/2419 1441/2699/2434
f 1441/2699/2434 1442/2702/2437 1440/2696/2431
f 1434/2682/2418 1436/2687/2423 1441/2700/2435
f 1436/2689/2424 1442/2703/2436 1441/2701/2436
f 1421/2654/2394 1440/2697/2432 1442/2704/2438
f 1425/2662/2399 1443/2705/2437 1424/2660/2399
f 1438/2694/2429 1424/2661/2400 1443/2706/2439
f 1425/2662/2399 1423/2658/2396 1444/2707/2440
f 1445/2709/2442 1443/2706/2439 1425/2663/2401
f 1446/2711/2444 1445/2709/2442 1425/2663/2401
f 1446/2711/2444 1425/2663/2401 1447/2713/2446
f 1448/2715/2447 1447/2714/2447 1425/2662/2399
f 1449/2717/2447 1448/2715/2447 1425/2662/2399
f 1444/2707/2440 1449/2717/2447 1425/2662/2399
f 1423/2658/2396 1450/2719/2450 1444/2707/2440
f 1423/2658/2396 1451/2721/2450 1450/2719/2450
f 1452/2723/2453 1451/2722/2452 1423/2659/2398
f 1453/2725/2455 1452/2723/2453 1423/2659/2398
f 1453/2725/2455 1423/2659/2398 1427/2668/2406
f 1421/2654/2394 1442/2704/2438 1426/2665/2403
f 1454/2727/2457 1392/2591/2337 1388/2586/2332
f 1455/2728/2458 1388/2586/2332 1389/2587/2333
f 1455/2728/2458 1454/2727/2457 1388/2586/2332
f 1392/2592/2338 1456/2729/2459 1390/2588/2334
f 1390/2588/2334 1457/2730/2460 1391/2589/2335
f 1390/2588/2334 1456/2729/2459 1457/2730/2460
f 1454/2727/2457 1458/2732/2462 1392/2591/2337
f 1392/2592/2338 1458/2733/2463 1456/2729/2459
f 1396/2600/2345 1393/2593/2339 1459/2734/2464
f 1459/2735/2463 1393/2594/2338 1439/2695/2430
f 1460/2736/2465 1389/2587/2333 1394/2595/2340
f 1460/2736/2465 1455/2728/2458 1389/2587/2333
f 1395/2598/2343 1397/2603/2347 1461/2737/2466
f 1398/2605/2349 1395/2599/2344 1462/2739/2468
f 1395/2598/2343 1461/2737/2466 1462/2740/2469
f 1397/2603/2347 1463/2743/2472 1461/2737/2466
f 1396/2601/2346 1464/2745/2474 1397/2602/2346
f 1397/2603/2347 1464/2746/2475 1463/2743/2472
f 1398/2605/2349 1462/2739/2468 1465/2747/2476
f 1399/2607/2350 1398/2605/2349 1465/2747/2476
f 1466/2749/2478 1462/2741/2470 1461/2738/2467
f 1465/2748/2477 1462/2742/2471 1466/2751/2480
f 1467/2752/2481 1466/2749/2478 1461/2738/2467
f 1461/2738/2467 1468/2754/2481 1467/2752/2481
f 1461/2738/2467 1469/2756/2481 1468/2754/2481
f 1469/2756/2481 1461/2738/2467 1463/2744/2473
f 1396/2600/2345 1459/2734/2464 1470/2758/2484
f 1396/2601/2346 1470/2759/2485 1464/2745/2474
f 1399/2607/2350 1465/2747/2476 1471/2760/2486
f 1401/2611/2354 1399/2607/2350 1471/2760/2486
f 1472/2762/2487 1471/2761/2487 1465/2748/2477
f 1465/2748/2477 1466/2751/2480 1473/2764/2487
f 1465/2748/2477 1473/2764/2487 1474/2766/2487
f 1465/2748/2477 1474/2766/2487 1475/2768/2487
f 1465/2748/2477 1475/2768/2487 1476/2770/2487
f 1465/2748/2477 1476/2770/2487 1477/2772/2487
f 1477/2772/2487 1478/2774/2487 1465/2748/2477
f 1478/2774/2487 1479/2776/2487 1465/2748/2477
f 1479/2776/2487 1480/2778/2487 1465/2748/2477
f 1480/2778/2487 1472/2762/2487 1465/2748/2477
f 1401/2611/2354 1471/2760/2486 1481/2780/2489
f 1400/2609/2352 1401/2613/2356 1482/2784/2493
f 1482/2785/2494 1401/2612/2355 1481/2783/2492
f 1483/2786/2495 1481/2781/2490 1471/2761/2487
f 1471/2761/2487 1472/2762/2487 1484/2789/2498
f 1471/2761/2487 1484/2789/2498 1485/2791/2498
f 1485/2791/2498 1483/2786/2495 1471/2761/2487
f 1486/2793/2500 1400/2609/2352 1482/2784/2493
f 1402/2614/2357 1400/2608/2351 1486/2794/2501
f 1482/2785/2494 1481/2783/2492 1487/2795/2502
f 1481/2782/2491 1483/2788/2497 1488/2797/2503
f 1481/2782/2491 1488/2797/2503 1489/2799/2503
f 1489/2799/2503 1487/2796/2503 1481/2782/2491
f 1490/2801/2506 1482/2785/2494 1487/2795/2502
f 1486/2793/2500 1482/2784/2493 1490/2802/2507
f 1403/2615/2358 1402/2614/2357 1491/2803/2508
f 1402/2614/2357 1486/2794/2501 1491/2803/2508
f 1404/2616/2359 1403/2615/2358 1492/2804/2509
f 1403/2615/2358 1491/2803/2508 1492/2804/2509
f 1350/2523/2273 1404/2616/2359 1493/2805/2510
f 1404/2616/2359 1492/2804/2509 1493/2805/2510
f 1494/2806/2511 1351/2524/2274 1350/2522/2272
f 1350/2523/2273 1493/2805/2510 1495/2808/2513
f 1350/2522/2272 1495/2809/2514 1496/2810/2515
f 1350/2522/2272 1496/2810/2515 1494/2806/2511
f 1497/2812/2517 1256/2398/2157 1352/2526/2276
f 1498/2813/2518 1352/2527/2277 1351/2524/2274
f 1494/2806/2511 1499/2816/2521 1351/2524/2274
f 1499/2816/2521 1500/2818/2523 1351/2524/2274
f 1500/2819/2524 1501/2820/2525 1351/2525/2275
f 1351/2525/2275 1501/2820/2525 1502/2821/2526
f 1351/2525/2275 1502/2821/2526 1503/2822/2527
f 1351/2524/2274 1504/2824/2529 1498/2813/2518
f 1351/2524/2274 1503/2823/2528 1504/2824/2529
f 1352/2526/2276 1498/2815/2520 1505/2826/2531
f 1352/2526/2276 1505/2826/2531 1497/2812/2517
f 1473/2765/2488 1466/2750/2479 1467/2753/2482
f 1473/2765/2488 1467/2753/2482 1506/2828/2533
f 1474/2767/2488 1473/2765/2488 1506/2828/2533
f 1506/2828/2533 1467/2753/2482 1468/2755/2482
f 1474/2767/2488 1506/2828/2533 1507/2829/2533
f 1475/2769/2488 1474/2767/2488 1507/2829/2533
f 1507/2829/2533 1506/2828/2533 1508/2830/2533
f 1506/2828/2533 1468/2755/2482 1508/2830/2533
f 1475/2769/2488 1507/2829/2533 1509/2831/2533
f 1476/2771/2488 1475/2769/2488 1509/2831/2533
f 1509/2831/2533 1507/2829/2533 1510/2832/2533
f 1507/2829/2533 1508/2830/2533 1510/2832/2533
f 1476/2771/2488 1509/2831/2533 1511/2833/2533
f 1477/2773/2488 1476/2771/2488 1511/2833/2533
f 1511/2833/2533 1509/2831/2533 1512/2834/2533
f 1509/2831/2533 1510/2832/2533 1512/2834/2533
f 1477/2773/2488 1511/2833/2533 1513/2835/2533
f 1478/2775/2488 1477/2773/2488 1513/2835/2533
f 1513/2835/2533 1511/2833/2533 1514/2836/2533
f 1511/2833/2533 1512/2834/2533 1514/2836/2533
f 1479/2777/2488 1478/2775/2488 1515/2837/2533
f 1478/2775/2488 1513/2835/2533 1515/2837/2533
f 1480/2779/2488 1479/2777/2488 1516/2838/2533
f 1479/2777/2488 1515/2837/2533 1516/2838/2533
f 1472/2763/2488 1480/2779/2488 1517/2839/2533
f 1480/2779/2488 1516/2838/2533 1517/2839/2533
f 1472/2763/2488 1517/2839/2533 1518/2840/2533
f 1484/2790/2499 1472/2763/2488 1518/2840/2533
f 1515/2837/2533 1513/2835/2533 1519/2841/2533
f 1513/2835/2533 1514/2836/2533 1519/2841/2533
f 1516/2838/2533 1515/2837/2533 1520/2842/2533
f 1515/2837/2533 1519/2841/2533 1520/2842/2533
f 1517/2839/2533 1516/2838/2533 1521/2843/2533
f 1516/2838/2533 1520/2842/2533 1521/2843/2533
f 1518/2840/2533 1517/2839/2533 1522/2844/2533
f 1517/2839/2533 1521/2843/2533 1522/2844/2533
f 1485/2792/2499 1484/2790/2499 1523/2845/2533
f 1484/2790/2499 1518/2840/2533 1523/2845/2533
f 1483/2787/2496 1485/2792/2499 1524/2846/2533
f 1485/2792/2499 1523/2845/2533 1524/2846/2533
f 1483/2787/2496 1524/2846/2533 1488/2798/2504
f 1523/2845/2533 1518/2840/2533 1525/2847/2533
f 1518/2840/2533 1522/2844/2533 1525/2847/2533
f 1524/2846/2533 1523/2845/2533 1526/2848/2533
f 1523/2845/2533 1525/2847/2533 1526/2848/2533
f 1488/2798/2504 1524/2846/2533 1527/2849/2533
f 1524/2846/2533 1526/2848/2533 1527/2849/2533
f 1488/2797/2503 1528/2850/2534 1489/2799/2503
f 1488/2798/2504 1527/2849/2533 1528/2851/2533
f 1487/2796/2503 1489/2799/2503 1529/2852/2535
f 1528/2851/2533 1530/2854/2537 1489/2800/2505
f 1489/2800/2505 1530/2854/2537 1531/2855/2536
f 1489/2800/2505 1531/2855/2536 1529/2853/2536
f 1490/2801/2506 1487/2795/2502 1532/2856/2538
f 1487/2796/2503 1529/2852/2535 1533/2858/2539
f 1533/2858/2539 1534/2860/2539 1487/2796/2503
f 1534/2860/2539 1532/2857/2539 1487/2796/2503
f 1391/2590/2336 1457/2731/2461 1415/2641/2383
f 1391/2590/2336 1415/2641/2383 1414/2638/2381
f 1439/2695/2430 1438/2693/2428 1445/2710/2443
f 1445/2709/2442 1438/2694/2429 1443/2706/2439
f 1459/2735/2463 1439/2695/2430 1535/2862/2542
f 1535/2862/2542 1439/2695/2430 1445/2710/2443
f 1508/2830/2533 1468/2755/2482 1469/2757/2483
f 1510/2832/2533 1508/2830/2533 1536/2863/2543
f 1508/2830/2533 1469/2757/2483 1536/2863/2543
f 1512/2834/2533 1510/2832/2533 1537/2864/2543
f 1510/2832/2533 1536/2863/2543 1537/2864/2543
f 1514/2836/2533 1512/2834/2533 1538/2865/2543
f 1512/2834/2533 1537/2864/2543 1538/2865/2543
f 1519/2841/2533 1514/2836/2533 1539/2866/2543
f 1514/2836/2533 1538/2865/2543 1539/2866/2543
f 1520/2842/2533 1519/2841/2533 1540/2867/2543
f 1519/2841/2533 1539/2866/2543 1540/2867/2543
f 1521/2843/2533 1520/2842/2533 1541/2868/2543
f 1520/2842/2533 1540/2867/2543 1541/2868/2543
f 1522/2844/2533 1521/2843/2533 1542/2869/2543
f 1521/2843/2533 1541/2868/2543 1542/2869/2543
f 1525/2847/2533 1522/2844/2533 1543/2870/2543
f 1522/2844/2533 1542/2869/2543 1543/2870/2543
f 1526/2848/2533 1525/2847/2533 1544/2871/2543
f 1525/2847/2533 1543/2870/2543 1544/2871/2543
f 1527/2849/2533 1526/2848/2533 1545/2872/2543
f 1526/2848/2533 1544/2871/2543 1545/2872/2543
f 1528/2851/2533 1527/2849/2533 1530/2854/2537
f 1527/2849/2533 1545/2872/2543 1530/2854/2537
f 1536/2863/2543 1469/2757/2483 1546/2873/2544
f 1546/2874/2545 1469/2756/2481 1463/2744/2473
f 1537/2864/2543 1536/2863/2543 1547/2875/2544
f 1536/2863/2543 1546/2873/2544 1547/2875/2544
f 1538/2865/2543 1537/2864/2543 1548/2876/2544
f 1537/2864/2543 1547/2875/2544 1548/2876/2544
f 1539/2866/2543 1538/2865/2543 1549/2877/2544
f 1538/2865/2543 1548/2876/2544 1549/2877/2544
f 1540/2867/2543 1539/2866/2543 1550/2878/2544
f 1539/2866/2543 1549/2877/2544 1550/2878/2544
f 1541/2868/2543 1540/2867/2543 1551/2879/2546
f 1540/2867/2543 1550/2878/2544 1551/2879/2546
f 1542/2869/2543 1541/2868/2543 1552/2880/2547
f 1541/2868/2543 1551/2879/2546 1552/2880/2547
f 1543/2870/2543 1542/2869/2543 1553/2881/2547
f 1542/2869/2543 1552/2880/2547 1553/2881/2547
f 1544/2871/2543 1543/2870/2543 1554/2882/2547
f 1543/2870/2543 1553/2881/2547 1554/2882/2547
f 1545/2872/2543 1544/2871/2543 1555/2883/2547
f 1544/2871/2543 1554/2882/2547 1555/2883/2547
f 1530/2854/2537 1545/2872/2543 1556/2884/2547
f 1545/2872/2543 1555/2883/2547 1556/2884/2547
f 1530/2854/2537 1556/2884/2547 1531/2855/2536
f 1557/2885/2548 1458/2732/2462 1454/2727/2457
f 1558/2886/2549 1454/2727/2457 1455/2728/2458
f 1558/2886/2549 1557/2885/2548 1454/2727/2457
f 1458/2733/2463 1559/2887/2550 1456/2729/2459
f 1456/2729/2459 1560/2888/2551 1457/2730/2460
f 1456/2729/2459 1559/2887/2550 1560/2888/2551
f 1557/2885/2548 1561/2890/2553 1458/2732/2462
f 1458/2733/2463 1561/2891/2554 1559/2887/2550
f 1470/2758/2484 1459/2734/2464 1562/2892/2555
f 1562/2893/2554 1459/2735/2463 1535/2862/2542
f 1563/2894/2556 1455/2728/2458 1460/2736/2465
f 1563/2894/2556 1558/2886/2549 1455/2728/2458
f 1464/2746/2475 1564/2895/2557 1463/2743/2472
f 1470/2759/2485 1565/2897/2559 1464/2745/2474
f 1464/2746/2475 1565/2898/2560 1564/2895/2557
f 1463/2744/2473 1566/2899/2561 1546/2874/2545
f 1463/2744/2473 1567/2901/2561 1566/2899/2561
f 1567/2901/2561 1463/2744/2473 1564/2896/2558
f 1470/2758/2484 1562/2892/2555 1568/2903/2564
f 1470/2759/2485 1568/2904/2565 1565/2897/2559
f 1569/2905/2566 1486/2793/2500 1490/2802/2507
f 1491/2803/2508 1486/2794/2501 1569/2906/2567
f 1570/2907/2568 1490/2801/2506 1532/2856/2538
f 1569/2905/2566 1490/2802/2507 1570/2908/2569
f 1492/2804/2509 1491/2803/2508 1571/2909/2570
f 1491/2803/2508 1569/2906/2567 1571/2909/2570
f 1493/2805/2510 1492/2804/2509 1572/2910/2571
f 1492/2804/2509 1571/2909/2570 1572/2910/2571
f 1495/2808/2513 1493/2805/2510 1573/2911/2572
f 1493/2805/2510 1572/2910/2571 1573/2911/2572
f 1495/2808/2513 1573/2911/2572 1496/2811/2516
f 1496/2810/2515 1574/2912/2573 1494/2806/2511
f 1496/2811/2516 1573/2911/2572 1575/2914/2575
f 1496/2811/2516 1575/2914/2575 1574/2913/2574
f 1574/2912/2573 1576/2915/2576 1494/2806/2511
f 1576/2916/2577 1577/2917/2578 1494/2807/2512
f 1494/2807/2512 1577/2917/2578 1578/2918/2579
f 1494/2807/2512 1578/2918/2579 1579/2919/2580
f 1494/2806/2511 1579/2920/2581 1499/2816/2521
f 1547/2875/2544 1546/2873/2544 1566/2900/2562
f 1548/2876/2544 1547/2875/2544 1580/2921/2582
f 1547/2875/2544 1566/2900/2562 1580/2921/2582
f 1549/2877/2544 1548/2876/2544 1581/2922/2582
f 1548/2876/2544 1580/2921/2582 1581/2922/2582
f 1550/2878/2544 1549/2877/2544 1582/2923/2582
f 1549/2877/2544 1581/2922/2582 1582/2923/2582
f 1551/2879/2546 1550/2878/2544 1583/2924/2583
f 1550/2878/2544 1582/2923/2582 1583/2924/2583
f 1552/2880/2547 1551/2879/2546 1584/2925/2584
f 1551/2879/2546 1583/2924/2583 1584/2925/2584
f 1553/2881/2547 1552/2880/2547 1585/2926/2585
f 1552/2880/2547 1584/2925/2584 1585/2926/2585
f 1554/2882/2547 1553/2881/2547 1586/2927/2585
f 1553/2881/2547 1585/2926/2585 1586/2927/2585
f 1555/2883/2547 1554/2882/2547 1587/2928/2585
f 1554/2882/2547 1586/2927/2585 1587/2928/2585
f 1556/2884/2547 1555/2883/2547 1588/2929/2585
f 1555/2883/2547 1587/2928/2585 1588/2929/2585
f 1531/2855/2536 1556/2884/2547 1589/2930/2585
f 1556/2884/2547 1588/2929/2585 1589/2930/2585
f 1529/2853/2536 1531/2855/2536 1590/2931/2585
f 1531/2855/2536 1589/2930/2585 1590/2931/2585
f 1529/2853/2536 1590/2931/2585 1533/2859/2540
f 1533/2859/2540 1591/2932/2586 1534/2861/2541
f 1533/2859/2540 1590/2931/2585 1591/2932/2586
f 1532/2857/2539 1534/2860/2539 1592/2933/2587
f 1534/2861/2541 1591/2932/2586 1593/2935/2588
f 1534/2861/2541 1593/2935/2588 1592/2934/2588
f 1570/2907/2568 1532/2856/2538 1594/2936/2589
f 1532/2857/2539 1592/2933/2587 1595/2938/2590
f 1595/2938/2590 1596/2940/2590 1532/2857/2539
f 1596/2940/2590 1594/2937/2590 1532/2857/2539
f 1457/2731/2461 1597/2942/2593 1415/2641/2383
f 1457/2731/2461 1560/2889/2552 1597/2942/2593
f 1535/2862/2542 1445/2710/2443 1446/2712/2445
f 1598/2944/2595 1535/2862/2542 1446/2712/2445
f 1562/2893/2554 1535/2862/2542 1598/2944/2595
f 1415/2640/2382 1597/2943/2594 1416/2642/2382
f 1416/2642/2382 1599/2945/2594 1413/2636/2379
f 1560/2889/2552 1416/2643/2384 1597/2942/2593
f 1560/2889/2552 1600/2947/2597 1416/2643/2384
f 1600/2947/2597 1601/2949/2599 1416/2643/2384
f 1416/2642/2382 1601/2950/2600 1599/2945/2594
f 1599/2945/2594 1602/2951/2600 1413/2636/2379
f 1603/2953/2602 1413/2637/2380 1602/2952/2601
f 1603/2953/2602 1604/2955/2604 1413/2637/2380
f 1604/2955/2604 1605/2957/2606 1413/2637/2380
f 1413/2636/2379 1605/2958/2607 1418/2646/2387
f 1580/2921/2582 1566/2900/2562 1567/2902/2563
f 1581/2922/2582 1580/2921/2582 1606/2959/2608
f 1580/2921/2582 1567/2902/2563 1606/2959/2608
f 1582/2923/2582 1581/2922/2582 1607/2960/2608
f 1581/2922/2582 1606/2959/2608 1607/2960/2608
f 1583/2924/2583 1582/2923/2582 1608/2961/2608
f 1582/2923/2582 1607/2960/2608 1608/2961/2608
f 1584/2925/2584 1583/2924/2583 1609/2962/2609
f 1583/2924/2583 1608/2961/2608 1609/2962/2609
f 1585/2926/2585 1584/2925/2584 1610/2963/2610
f 1584/2925/2584 1609/2962/2609 1610/2963/2610
f 1586/2927/2585 1585/2926/2585 1611/2964/2610
f 1585/2926/2585 1610/2963/2610 1611/2964/2610
f 1587/2928/2585 1586/2927/2585 1612/2965/2610
f 1586/2927/2585 1611/2964/2610 1612/2965/2610
f 1588/2929/2585 1587/2928/2585 1613/2966/2610
f 1587/2928/2585 1612/2965/2610 1613/2966/2610
f 1589/2930/2585 1588/2929/2585 1614/2967/2610
f 1588/2929/2585 1613/2966/2610 1614/2967/2610
f 1590/2931/2585 1589/2930/2585 1615/2968/2610
f 1589/2930/2585 1614/2967/2610 1615/2968/2610
f 1590/2931/2585 1615/2968/2610 1591/2932/2586
f 1606/2959/2608 1567/2902/2563 1616/2969/2611
f 1564/2896/2558 1617/2971/2612 1567/2901/2561
f 1617/2971/2612 1616/2970/2612 1567/2901/2561
f 1607/2960/2608 1606/2959/2608 1618/2973/2614
f 1606/2959/2608 1616/2969/2611 1618/2973/2614
f 1608/2961/2608 1607/2960/2608 1619/2974/2614
f 1607/2960/2608 1618/2973/2614 1619/2974/2614
f 1609/2962/2609 1608/2961/2608 1620/2975/2614
f 1608/2961/2608 1619/2974/2614 1620/2975/2614
f 1610/2963/2610 1609/2962/2609 1621/2976/2614
f 1609/2962/2609 1620/2975/2614 1621/2976/2614
f 1611/2964/2610 1610/2963/2610 1622/2977/2614
f 1610/2963/2610 1621/2976/2614 1622/2977/2614
f 1612/2965/2610 1611/2964/2610 1623/2978/2614
f 1611/2964/2610 1622/2977/2614 1623/2978/2614
f 1613/2966/2610 1612/2965/2610 1624/2979/2614
f 1612/2965/2610 1623/2978/2614 1624/2979/2614
f 1614/2967/2610 1613/2966/2610 1625/2980/2614
f 1613/2966/2610 1624/2979/2614 1625/2980/2614
f 1615/2968/2610 1614/2967/2610 1626/2981/2614
f 1614/2967/2610 1625/2980/2614 1626/2981/2614
f 1591/2932/2586 1615/2968/2610 1627/2982/2614
f 1615/2968/2610 1626/2981/2614 1627/2982/2614
f 1591/2932/2586 1627/2982/2614 1593/2935/2588
f 1598/2944/2595 1446/2712/2445 1628/2983/2615
f 1628/2984/2616 1446/2711/2444 1447/2713/2446
f 1629/2985/2617 1561/2890/2553 1557/2885/2548
f 1630/2986/2618 1557/2885/2548 1558/2886/2549
f 1630/2986/2618 1629/2985/2617 1557/2885/2548
f 1561/2891/2554 1631/2987/2619 1559/2887/2550
f 1559/2887/2550 1600/2948/2598 1560/2888/2551
f 1559/2887/2550 1631/2987/2619 1600/2948/2598
f 1629/2985/2617 1632/2988/2620 1561/2890/2553
f 1561/2891/2554 1632/2989/2621 1631/2987/2619
f 1568/2903/2564 1562/2892/2555 1633/2990/2622
f 1633/2991/2621 1562/2893/2554 1598/2944/2595
f 1634/2992/2623 1558/2886/2549 1563/2894/2556
f 1634/2992/2623 1630/2986/2618 1558/2886/2549
f 1565/2898/2560 1635/2993/2624 1564/2895/2557
f 1568/2904/2565 1636/2995/2626 1565/2897/2559
f 1565/2898/2560 1636/2996/2627 1635/2993/2624
f 1564/2896/2558 1637/2997/2628 1617/2971/2612
f 1637/2997/2628 1564/2896/2558 1635/2994/2625
f 1568/2903/2564 1633/2990/2622 1638/2999/2630
f 1568/2904/2565 1638/3000/2631 1636/2995/2626
f 1639/3001/2632 1569/2905/2566 1570/2908/2569
f 1571/2909/2570 1569/2906/2567 1639/3002/2633
f 1640/3003/2634 1570/2907/2568 1594/2936/2589
f 1639/3001/2632 1570/2908/2569 1640/3004/2635
f 1572/2910/2571 1571/2909/2570 1641/3005/2636
f 1571/2909/2570 1639/3002/2633 1641/3005/2636
f 1573/2911/2572 1572/2910/2571 1642/3006/2637
f 1572/2910/2571 1641/3005/2636 1642/3006/2637
f 1573/2911/2572 1642/3006/2637 1575/2914/2575
f 1618/2973/2614 1616/2969/2611 1617/2972/2613
f 1618/2973/2614 1617/2972/2613 1643/3007/2638
f 1643/3007/2638 1617/2972/2613 1637/2998/2629
f 1619/2974/2614 1618/2973/2614 1643/3007/2638
f 1620/2975/2614 1619/2974/2614 1644/3008/2638
f 1619/2974/2614 1643/3007/2638 1644/3008/2638
f 1621/2976/2614 1620/2975/2614 1645/3009/2638
f 1620/2975/2614 1644/3008/2638 1645/3009/2638
f 1622/2977/2614 1621/2976/2614 1646/3010/2638
f 1621/2976/2614 1645/3009/2638 1646/3010/2638
f 1623/2978/2614 1622/2977/2614 1647/3011/2638
f 1622/2977/2614 1646/3010/2638 1647/3011/2638
f 1624/2979/2614 1623/2978/2614 1648/3012/2638
f 1623/2978/2614 1647/3011/2638 1648/3012/2638
f 1625/2980/2614 1624/2979/2614 1649/3013/2638
f 1624/2979/2614 1648/3012/2638 1649/3013/2638
f 1626/2981/2614 1625/2980/2614 1650/3014/2638
f 1625/2980/2614 1649/3013/2638 1650/3014/2638
f 1627/2982/2614 1626/2981/2614 1651/3015/2638
f 1626/2981/2614 1650/3014/2638 1651/3015/2638
f 1593/2935/2588 1627/2982/2614 1652/3016/2638
f 1627/2982/2614 1651/3015/2638 1652/3016/2638
f 1592/2934/2588 1593/2935/2588 1653/3017/2638
f 1593/2935/2588 1652/3016/2638 1653/3017/2638
f 1592/2934/2588 1653/3017/2638 1595/2939/2591
f 1595/2939/2591 1654/3018/2639 1596/2941/2592
f 1595/2939/2591 1653/3017/2638 1654/3018/2639
f 1594/2937/2590 1596/2940/2590 1655/3019/2640
f 1596/2941/2592 1654/3018/2639 1656/3021/2641
f 1596/2941/2592 1656/3021/2641 1655/3020/2641
f 1640/3003/2634 1594/2936/2589 1657/3022/2642
f 1594/2937/2590 1655/3019/2640 1658/3024/2643
f 1658/3024/2643 1659/3026/2643 1594/2937/2590
f 1659/3026/2643 1657/3023/2643 1594/2937/2590
f 1660/3028/2646 1598/2944/2595 1628/2983/2615
f 1633/2991/2621 1598/2944/2595 1660/3028/2646
f 1628/2984/2616 1447/2713/2446 1448/2716/2448
f 1449/2717/2447 1661/3029/2647 1448/2715/2447
f 1662/3031/2649 1628/2984/2616 1448/2716/2448
f 1662/3031/2649 1448/2716/2448 1661/3030/2648
f 1444/2707/2440 1663/3033/2651 1449/2717/2447
f 1664/3035/2653 1661/3030/2648 1449/2718/2449
f 1665/3037/2655 1664/3035/2653 1449/2718/2449
f 1665/3037/2655 1449/2718/2449 1666/3039/2657
f 1663/3033/2651 1666/3040/2658 1449/2717/2447
f 1667/3041/2659 1663/3034/2652 1444/2708/2441
f 1668/3043/2661 1667/3041/2659 1444/2708/2441
f 1668/3043/2661 1444/2708/2441 1669/3045/2663
f 1450/2719/2450 1669/3046/2664 1444/2707/2440
f 1644/3008/2638 1643/3007/2638 1670/3047/2665
f 1643/3007/2638 1637/2998/2629 1670/3047/2665
f 1645/3009/2638 1644/3008/2638 1671/3048/2665
f 1644/3008/2638 1670/3047/2665 1671/3048/2665
f 1646/3010/2638 1645/3009/2638 1672/3049/2665
f 1645/3009/2638 1671/3048/2665 1672/3049/2665
f 1647/3011/2638 1646/3010/2638 1673/3050/2665
f 1646/3010/2638 1672/3049/2665 1673/3050/2665
f 1648/3012/2638 1647/3011/2638 1674/3051/2665
f 1647/3011/2638 1673/3050/2665 1674/3051/2665
f 1649/3013/2638 1648/3012/2638 1675/3052/2665
f 1648/3012/2638 1674/3051/2665 1675/3052/2665
f 1650/3014/2638 1649/3013/2638 1676/3053/2665
f 1649/3013/2638 1675/3052/2665 1676/3053/2665
f 1651/3015/2638 1650/3014/2638 1677/3054/2665
f 1650/3014/2638 1676/3053/2665 1677/3054/2665
f 1652/3016/2638 1651/3015/2638 1678/3055/2665
f 1651/3015/2638 1677/3054/2665 1678/3055/2665
f 1653/3017/2638 1652/3016/2638 1679/3056/2665
f 1652/3016/2638 1678/3055/2665 1679/3056/2665
f 1653/3017/2638 1679/3056/2665 1654/3018/2639
f 1660/3028/2646 1628/2983/2615 1662/3032/2650
f 1670/3047/2665 1637/2998/2629 1680/3057/2666
f 1680/3058/2667 1637/2997/2628 1635/2994/2625
f 1671/3048/2665 1670/3047/2665 1681/3059/2666
f 1670/3047/2665 1680/3057/2666 1681/3059/2666
f 1672/3049/2665 1671/3048/2665 1682/3060/2666
f 1671/3048/2665 1681/3059/2666 1682/3060/2666
f 1673/3050/2665 1672/3049/2665 1683/3061/2666
f 1672/3049/2665 1682/3060/2666 1683/3061/2666
f 1674/3051/2665 1673/3050/2665 1684/3062/2666
f 1673/3050/2665 1683/3061/2666 1684/3062/2666
f 1675/3052/2665 1674/3051/2665 1685/3063/2666
f 1674/3051/2665 1684/3062/2666 1685/3063/2666
f 1676/3053/2665 1675/3052/2665 1686/3064/2666
f 1675/3052/2665 1685/3063/2666 1686/3064/2666
f 1677/3054/2665 1676/3053/2665 1687/3065/2666
f 1676/3053/2665 1686/3064/2666 1687/3065/2666
f 1678/3055/2665 1677/3054/2665 1688/3066/2666
f 1677/3054/2665 1687/3065/2666 1688/3066/2666
f 1679/3056/2665 1678/3055/2665 1689/3067/2666
f 1678/3055/2665 1688/3066/2666 1689/3067/2666
f 1654/3018/2639 1679/3056/2665 1690/3068/2666
f 1679/3056/2665 1689/3067/2666 1690/3068/2666
f 1654/3018/2639 1690/3068/2666 1656/3021/2641
f 1691/3069/2668 1632/2988/2620 1629/2985/2617
f 1692/3070/2669 1629/2985/2617 1630/2986/2618
f 1692/3070/2669 1691/3069/2668 1629/2985/2617
f 1632/2989/2621 1693/3071/2670 1631/2987/2619
f 1631/2987/2619 1694/3072/2671 1600/2948/2598
f 1631/2987/2619 1693/3071/2670 1694/3072/2671
f 1691/3069/2668 1695/3074/2673 1632/2988/2620
f 1632/2989/2621 1695/3075/2674 1693/3071/2670
f 1638/2999/2630 1633/2990/2622 1696/3076/2675
f 1696/3077/2674 1633/2991/2621 1660/3028/2646
f 1697/3078/2676 1630/2986/2618 1634/2992/2623
f 1697/3078/2676 1692/3070/2669 1630/2986/2618
f 1636/2996/2627 1698/3079/2677 1635/2993/2624
f 1638/3000/2631 1699/3081/2679 1636/2995/2626
f 1636/2996/2627 1699/3082/2680 1698/3079/2677
f 1635/2994/2625 1700/3083/2681 1680/3058/2667
f 1635/2994/2625 1701/3085/2681 1700/3083/2681
f 1701/3085/2681 1635/2994/2625 1698/3080/2678
f 1638/2999/2630 1696/3076/2675 1702/3087/2684
f 1638/3000/2631 1702/3088/2685 1699/3081/2679
f 1703/3089/2686 1639/3001/2632 1640/3004/2635
f 1641/3005/2636 1639/3002/2633 1703/3090/2687
f 1704/3091/2688 1640/3003/2634 1657/3022/2642
f 1703/3089/2686 1640/3004/2635 1704/3092/2689
f 1642/3006/2637 1641/3005/2636 1705/3093/2690
f 1641/3005/2636 1703/3090/2687 1705/3093/2690
f 1575/2914/2575 1642/3006/2637 1706/3094/2691
f 1642/3006/2637 1705/3093/2690 1706/3094/2691
f 1574/2913/2574 1575/2914/2575 1707/3095/2692
f 1575/2914/2575 1706/3094/2691 1707/3095/2692
f 1574/2913/2574 1707/3095/2692 1576/2916/2577
f 1681/3059/2666 1680/3057/2666 1700/3084/2682
f 1682/3060/2666 1681/3059/2666 1708/3096/2693
f 1681/3059/2666 1700/3084/2682 1708/3096/2693
f 1683/3061/2666 1682/3060/2666 1709/3097/2693
f 1682/3060/2666 1708/3096/2693 1709/3097/2693
f 1684/3062/2666 1683/3061/2666 1710/3098/2693
f 1683/3061/2666 1709/3097/2693 1710/3098/2693
f 1685/3063/2666 1684/3062/2666 1711/3099/2693
f 1684/3062/2666 1710/3098/2693 1711/3099/2693
f 1686/3064/2666 1685/3063/2666 1712/3100/2693
f 1685/3063/2666 1711/3099/2693 1712/3100/2693
f 1687/3065/2666 1686/3064/2666 1713/3101/2693
f 1686/3064/2666 1712/3100/2693 1713/3101/2693
f 1688/3066/2666 1687/3065/2666 1714/3102/2693
f 1687/3065/2666 1713/3101/2693 1714/3102/2693
f 1689/3067/2666 1688/3066/2666 1715/3103/2693
f 1688/3066/2666 1714/3102/2693 1715/3103/2693
f 1690/3068/2666 1689/3067/2666 1716/3104/2693
f 1689/3067/2666 1715/3103/2693 1716/3104/2693
f 1656/3021/2641 1690/3068/2666 1717/3105/2693
f 1690/3068/2666 1716/3104/2693 1717/3105/2693
f 1655/3020/2641 1656/3021/2641 1718/3106/2693
f 1656/3021/2641 1717/3105/2693 1718/3106/2693
f 1655/3020/2641 1718/3106/2693 1658/3025/2644
f 1658/3025/2644 1719/3107/2694 1659/3027/2645
f 1658/3025/2644 1718/3106/2693 1719/3107/2694
f 1657/3023/2643 1659/3026/2643 1720/3108/2695
f 1659/3027/2645 1719/3107/2694 1721/3110/2696
f 1659/3027/2645 1721/3110/2696 1720/3109/2696
f 1704/3091/2688 1657/3022/2642 1722/3111/2697
f 1657/3023/2643 1720/3108/2695 1723/3113/2698
f 1723/3113/2698 1724/3115/2698 1657/3023/2643
f 1724/3115/2698 1722/3112/2698 1657/3023/2643
f 1600/2947/2597 1694/3073/2672 1601/2949/2599
f 1725/3117/2701 1660/3028/2646 1662/3032/2650
f 1696/3077/2674 1660/3028/2646 1725/3117/2701
f 1708/3096/2693 1700/3084/2682 1701/3086/2683
f 1709/3097/2693 1708/3096/2693 1726/3118/2702
f 1708/3096/2693 1701/3086/2683 1726/3118/2702
f 1710/3098/2693 1709/3097/2693 1727/3119/2702
f 1709/3097/2693 1726/3118/2702 1727/3119/2702
f 1711/3099/2693 1710/3098/2693 1728/3120/2702
f 1710/3098/2693 1727/3119/2702 1728/3120/2702
f 1712/3100/2693 1711/3099/2693 1729/3121/2702
f 1711/3099/2693 1728/3120/2702 1729/3121/2702
f 1713/3101/2693 1712/3100/2693 1730/3122/2702
f 1712/3100/2693 1729/3121/2702 1730/3122/2702
f 1714/3102/2693 1713/3101/2693 1731/3123/2702
f 1713/3101/2693 1730/3122/2702 1731/3123/2702
f 1715/3103/2693 1714/3102/2693 1732/3124/2702
f 1714/3102/2693 1731/3123/2702 1732/3124/2702
f 1716/3104/2693 1715/3103/2693 1733/3125/2702
f 1715/3103/2693 1732/3124/2702 1733/3125/2702
f 1717/3105/2693 1716/3104/2693 1734/3126/2702
f 1716/3104/2693 1733/3125/2702 1734/3126/2702
f 1718/3106/2693 1717/3105/2693 1735/3127/2702
f 1717/3105/2693 1734/3126/2702 1735/3127/2702
f 1718/3106/2693 1735/3127/2702 1719/3107/2694
f 1664/3035/2653 1662/3031/2649 1661/3030/2648
f 1725/3117/2701 1662/3032/2650 1664/3036/2654
f 1726/3118/2702 1701/3086/2683 1736/3128/2703
f 1736/3129/2704 1701/3085/2681 1698/3080/2678
f 1727/3119/2702 1726/3118/2702 1737/3130/2703
f 1726/3118/2702 1736/3128/2703 1737/3130/2703
f 1728/3120/2702 1727/3119/2702 1738/3131/2703
f 1727/3119/2702 1737/3130/2703 1738/3131/2703
f 1729/3121/2702 1728/3120/2702 1739/3132/2703
f 1728/3120/2702 1738/3131/2703 1739/3132/2703
f 1730/3122/2702 1729/3121/2702 1740/3133/2703
f 1729/3121/2702 1739/3132/2703 1740/3133/2703
f 1731/3123/2702 1730/3122/2702 1741/3134/2703
f 1730/3122/2702 1740/3133/2703 1741/3134/2703
f 1732/3124/2702 1731/3123/2702 1742/3135/2703
f 1731/3123/2702 1741/3134/2703 1742/3135/2703
f 1733/3125/2702 1732/3124/2702 1743/3136/2703
f 1732/3124/2702 1742/3135/2703 1743/3136/2703
f 1734/3126/2702 1733/3125/2702 1744/3137/2703
f 1733/3125/2702 1743/3136/2703 1744/3137/2703
f 1735/3127/2702 1734/3126/2702 1745/3138/2703
f 1734/3126/2702 1744/3137/2703 1745/3138/2703
f 1719/3107/2694 1735/3127/2702 1746/3139/2703
f 1735/3127/2702 1745/3138/2703 1746/3139/2703
f 1719/3107/2694 1746/3139/2703 1721/3110/2696
f 1747/3140/2705 1695/3074/2673 1691/3069/2668
f 1748/3141/2706 1691/3069/2668 1692/3070/2669
f 1748/3141/2706 1747/3140/2705 1691/3069/2668
f 1695/3075/2674 1749/3142/2707 1693/3071/2670
f 1693/3071/2670 1750/3143/2708 1694/3072/2671
f 1693/3071/2670 1749/3142/2707 1750/3143/2708
f 1695/3075/2674 1751/3145/2710 1749/3142/2707
f 1747/3140/2705 1751/3146/2711 1695/3074/2673
f 1702/3087/2684 1696/3076/2675 1752/3147/2712
f 1752/3148/2713 1696/3077/2674 1725/3117/2701
f 1753/3149/2714 1692/3070/2669 1697/3078/2676
f 1753/3149/2714 1748/3141/2706 1692/3070/2669
f 1699/3082/2680 1754/3150/2715 1698/3079/2677
f 1702/3088/2685 1755/3152/2717 1699/3081/2679
f 1699/3082/2680 1755/3153/2718 1754/3150/2715
f 1698/3080/2678 1756/3154/2719 1736/3129/2704
f 1698/3080/2678 1757/3156/2719 1756/3154/2719
f 1757/3156/2719 1698/3080/2678 1754/3151/2716
f 1702/3087/2684 1752/3147/2712 1758/3158/2722
f 1702/3088/2685 1758/3159/2723 1755/3152/2717
f 1759/3160/2724 1703/3089/2686 1704/3092/2689
f 1705/3093/2690 1703/3090/2687 1759/3161/2725
f 1760/3162/2726 1704/3091/2688 1722/3111/2697
f 1759/3160/2724 1704/3092/2689 1760/3163/2727
f 1706/3094/2691 1705/3093/2690 1761/3164/2728
f 1705/3093/2690 1759/3161/2725 1761/3164/2728
f 1707/3095/2692 1706/3094/2691 1762/3165/2729
f 1706/3094/2691 1761/3164/2728 1762/3165/2729
f 1576/2916/2577 1707/3095/2692 1577/2917/2578
f 1707/3095/2692 1762/3165/2729 1577/2917/2578
f 1737/3130/2703 1736/3128/2703 1756/3155/2720
f 1738/3131/2703 1737/3130/2703 1763/3166/2730
f 1737/3130/2703 1756/3155/2720 1763/3166/2730
f 1739/3132/2703 1738/3131/2703 1764/3167/2730
f 1738/3131/2703 1763/3166/2730 1764/3167/2730
f 1740/3133/2703 1739/3132/2703 1765/3168/2730
f 1739/3132/2703 1764/3167/2730 1765/3168/2730
f 1741/3134/2703 1740/3133/2703 1766/3169/2730
f 1740/3133/2703 1765/3168/2730 1766/3169/2730
f 1742/3135/2703 1741/3134/2703 1767/3170/2731
f 1741/3134/2703 1766/3169/2730 1767/3170/2731
f 1743/3136/2703 1742/3135/2703 1768/3171/2732
f 1742/3135/2703 1767/3170/2731 1768/3171/2732
f 1744/3137/2703 1743/3136/2703 1769/3172/2732
f 1743/3136/2703 1768/3171/2732 1769/3172/2732
f 1745/3138/2703 1744/3137/2703 1770/3173/2732
f 1744/3137/2703 1769/3172/2732 1770/3173/2732
f 1746/3139/2703 1745/3138/2703 1771/3174/2732
f 1745/3138/2703 1770/3173/2732 1771/3174/2732
f 1721/3110/2696 1746/3139/2703 1772/3175/2732
f 1746/3139/2703 1771/3174/2732 1772/3175/2732
f 1720/3109/2696 1721/3110/2696 1773/3176/2732
f 1721/3110/2696 1772/3175/2732 1773/3176/2732
f 1720/3109/2696 1773/3176/2732 1723/3114/2699
f 1723/3114/2699 1774/3177/2733 1724/3116/2700
f 1723/3114/2699 1773/3176/2732 1774/3177/2733
f 1722/3112/2698 1724/3115/2698 1775/3178/2734
f 1724/3116/2700 1774/3177/2733 1776/3180/2735
f 1724/3116/2700 1776/3180/2735 1775/3179/2735
f 1722/3112/2698 1775/3178/2734 1777/3181/2734
f 1760/3162/2726 1722/3111/2697 1778/3183/2737
f 1777/3181/2734 1778/3184/2738 1722/3112/2698
f 1694/3073/2672 1599/2946/2596 1601/2949/2599
f 1694/3073/2672 1750/3144/2709 1599/2946/2596
f 1779/3185/2739 1725/3117/2701 1664/3036/2654
f 1752/3148/2713 1725/3117/2701 1779/3185/2739
f 1779/3185/2739 1664/3036/2654 1665/3038/2656
f 1750/3144/2709 1602/2952/2601 1599/2946/2596
f 1763/3166/2730 1756/3155/2720 1757/3157/2721
f 1764/3167/2730 1763/3166/2730 1780/3186/2740
f 1763/3166/2730 1757/3157/2721 1780/3186/2740
f 1765/3168/2730 1764/3167/2730 1781/3187/2740
f 1764/3167/2730 1780/3186/2740 1781/3187/2740
f 1766/3169/2730 1765/3168/2730 1782/3188/2740
f 1765/3168/2730 1781/3187/2740 1782/3188/2740
f 1767/3170/2731 1766/3169/2730 1783/3189/2741
f 1766/3169/2730 1782/3188/2740 1783/3189/2741
f 1768/3171/2732 1767/3170/2731 1784/3190/2742
f 1767/3170/2731 1783/3189/2741 1784/3190/2742
f 1769/3172/2732 1768/3171/2732 1785/3191/2743
f 1768/3171/2732 1784/3190/2742 1785/3191/2743
f 1770/3173/2732 1769/3172/2732 1786/3192/2743
f 1769/3172/2732 1785/3191/2743 1786/3192/2743
f 1771/3174/2732 1770/3173/2732 1787/3193/2743
f 1770/3173/2732 1786/3192/2743 1787/3193/2743
f 1772/3175/2732 1771/3174/2732 1788/3194/2743
f 1771/3174/2732 1787/3193/2743 1788/3194/2743
f 1773/3176/2732 1772/3175/2732 1789/3195/2743
f 1772/3175/2732 1788/3194/2743 1789/3195/2743
f 1773/3176/2732 1789/3195/2743 1774/3177/2733
f 1780/3186/2740 1757/3157/2721 1790/3196/2744
f 1790/3197/2745 1757/3156/2719 1754/3151/2716
f 1781/3187/2740 1780/3186/2740 1791/3198/2744
f 1780/3186/2740 1790/3196/2744 1791/3198/2744
f 1782/3188/2740 1781/3187/2740 1792/3199/2744
f 1781/3187/2740 1791/3198/2744 1792/3199/2744
f 1783/3189/2741 1782/3188/2740 1793/3200/2744
f 1782/3188/2740 1792/3199/2744 1793/3200/2744
f 1784/3190/2742 1783/3189/2741 1794/3201/2746
f 1783/3189/2741 1793/3200/2744 1794/3201/2746
f 1785/3191/2743 1784/3190/2742 1795/3202/2747
f 1784/3190/2742 1794/3201/2746 1795/3202/2747
f 1786/3192/2743 1785/3191/2743 1796/3203/2748
f 1785/3191/2743 1795/3202/2747 1796/3203/2748
f 1787/3193/2743 1786/3192/2743 1797/3204/2748
f 1786/3192/2743 1796/3203/2748 1797/3204/2748
f 1788/3194/2743 1787/3193/2743 1798/3205/2748
f 1787/3193/2743 1797/3204/2748 1798/3205/2748
f 1789/3195/2743 1788/3194/2743 1799/3206/2748
f 1788/3194/2743 1798/3205/2748 1799/3206/2748
f 1774/3177/2733 1789/3195/2743 1800/3207/2748
f 1789/3195/2743 1799/3206/2748 1800/3207/2748
f 1774/3177/2733 1800/3207/2748 1776/3180/2735
f 1751/3145/2710 1801/3208/2749 1749/3142/2707
f 1749/3142/2707 1603/2954/2603 1750/3143/2708
f 1749/3142/2707 1801/3208/2749 1603/2954/2603
f 1802/3209/2750 1751/3146/2711 1747/3140/2705
f 1803/3210/2751 1747/3140/2705 1748/3141/2706
f 1803/3210/2751 1802/3209/2750 1747/3140/2705
f 1751/3145/2710 1804/3211/2752 1801/3208/2749
f 1802/3209/2750 1804/3212/2753 1751/3146/2711
f 1750/3144/2709 1603/2953/2602 1602/2952/2601
f 1805/3213/2754 1779/3185/2739 1665/3038/2656
f 1806/3214/2755 1752/3148/2713 1779/3185/2739
f 1806/3214/2755 1779/3185/2739 1805/3213/2754
f 1807/3216/2757 1665/3037/2655 1666/3039/2657
f 1805/3213/2754 1665/3038/2656 1807/3217/2758
f 1758/3158/2722 1752/3147/2712 1806/3215/2756
f 1807/3216/2757 1666/3039/2657 1663/3034/2652
f 1667/3041/2659 1807/3216/2757 1663/3034/2652
f 1808/3218/2759 1748/3141/2706 1753/3149/2714
f 1808/3218/2759 1803/3210/2751 1748/3141/2706
f 1755/3153/2718 1809/3219/2760 1754/3150/2715
f 1758/3159/2723 1810/3221/2762 1755/3152/2717
f 1755/3153/2718 1810/3222/2763 1809/3219/2760
f 1754/3151/2716 1811/3223/2764 1790/3197/2745
f 1754/3151/2716 1812/3225/2764 1811/3223/2764
f 1812/3225/2764 1754/3151/2716 1809/3220/2761
f 1758/3158/2722 1806/3215/2756 1813/3228/2768
f 1758/3159/2723 1813/3229/2769 1810/3221/2762
f 1791/3198/2744 1790/3196/2744 1811/3224/2765
f 1792/3199/2744 1791/3198/2744 1814/3230/2770
f 1791/3198/2744 1811/3224/2765 1814/3230/2770
f 1793/3200/2744 1792/3199/2744 1815/3231/2770
f 1792/3199/2744 1814/3230/2770 1815/3231/2770
f 1794/3201/2746 1793/3200/2744 1816/3232/2770
f 1793/3200/2744 1815/3231/2770 1816/3232/2770
f 1795/3202/2747 1794/3201/2746 1817/3233/2771
f 1794/3201/2746 1816/3232/2770 1817/3233/2771
f 1796/3203/2748 1795/3202/2747 1818/3234/2772
f 1795/3202/2747 1817/3233/2771 1818/3234/2772
f 1797/3204/2748 1796/3203/2748 1819/3235/2772
f 1796/3203/2748 1818/3234/2772 1819/3235/2772
f 1798/3205/2748 1797/3204/2748 1820/3236/2772
f 1797/3204/2748 1819/3235/2772 1820/3236/2772
f 1799/3206/2748 1798/3205/2748 1821/3237/2772
f 1798/3205/2748 1820/3236/2772 1821/3237/2772
f 1800/3207/2748 1799/3206/2748 1822/3238/2772
f 1799/3206/2748 1821/3237/2772 1822/3238/2772
f 1776/3180/2735 1800/3207/2748 1823/3239/2772
f 1800/3207/2748 1822/3238/2772 1823/3239/2772
f 1775/3179/2735 1776/3180/2735 1824/3240/2772
f 1776/3180/2735 1823/3239/2772 1824/3240/2772
f 1775/3178/2734 1825/3241/2773 1777/3181/2734
f 1775/3179/2735 1824/3240/2772 1825/3242/2772
f 1826/3243/2774 1760/3162/2726 1778/3183/2737
f 1827/3245/2775 1759/3160/2724 1760/3163/2727
f 1827/3245/2775 1760/3163/2727 1826/3244/2775
f 1778/3184/2738 1777/3181/2734 1828/3247/2777
f 1825/3242/2772 1829/3249/2779 1777/3182/2736
f 1777/3182/2736 1829/3249/2779 1830/3250/2778
f 1777/3182/2736 1830/3250/2778 1828/3248/2778
f 1778/3184/2738 1828/3247/2777 1831/3251/2780
f 1826/3243/2774 1778/3183/2737 1832/3253/2782
f 1831/3251/2780 1833/3255/2783 1778/3184/2738
f 1833/3255/2783 1832/3254/2783 1778/3184/2738
f 1761/3164/2728 1759/3161/2725 1827/3246/2776
f 1762/3165/2729 1761/3164/2728 1834/3257/2785
f 1761/3164/2728 1827/3246/2776 1834/3257/2785
f 1577/2917/2578 1762/3165/2729 1835/3258/2786
f 1762/3165/2729 1834/3257/2785 1835/3258/2786
f 1577/2917/2578 1835/3258/2786 1578/2918/2579
f 1814/3230/2770 1811/3224/2765 1812/3227/2767
f 1815/3231/2770 1814/3230/2770 1836/3259/2787
f 1814/3230/2770 1812/3227/2767 1836/3259/2787
f 1816/3232/2770 1815/3231/2770 1837/3260/2787
f 1815/3231/2770 1836/3259/2787 1837/3260/2787
f 1817/3233/2771 1816/3232/2770 1838/3261/2787
f 1816/3232/2770 1837/3260/2787 1838/3261/2787
f 1818/3234/2772 1817/3233/2771 1839/3262/2787
f 1817/3233/2771 1838/3261/2787 1839/3262/2787
f 1819/3235/2772 1818/3234/2772 1840/3263/2787
f 1818/3234/2772 1839/3262/2787 1840/3263/2787
f 1820/3236/2772 1819/3235/2772 1841/3264/2787
f 1819/3235/2772 1840/3263/2787 1841/3264/2787
f 1821/3237/2772 1820/3236/2772 1842/3265/2787
f 1820/3236/2772 1841/3264/2787 1842/3265/2787
f 1822/3238/2772 1821/3237/2772 1843/3266/2787
f 1821/3237/2772 1842/3265/2787 1843/3266/2787
f 1823/3239/2772 1822/3238/2772 1844/3267/2787
f 1822/3238/2772 1843/3266/2787 1844/3267/2787
f 1824/3240/2772 1823/3239/2772 1845/3268/2787
f 1823/3239/2772 1844/3267/2787 1845/3268/2787
f 1825/3242/2772 1824/3240/2772 1829/3249/2779
f 1824/3240/2772 1845/3268/2787 1829/3249/2779
f 1836/3259/2787 1812/3227/2767 1846/3269/2788
f 1809/3220/2761 1847/3271/2790 1812/3225/2764
f 1847/3273/2792 1846/3270/2789 1812/3226/2766
f 1837/3260/2787 1836/3259/2787 1848/3274/2793
f 1836/3259/2787 1846/3269/2788 1848/3274/2793
f 1838/3261/2787 1837/3260/2787 1849/3275/2793
f 1837/3260/2787 1848/3274/2793 1849/3275/2793
f 1839/3262/2787 1838/3261/2787 1850/3276/2793
f 1838/3261/2787 1849/3275/2793 1850/3276/2793
f 1840/3263/2787 1839/3262/2787 1851/3277/2793
f 1839/3262/2787 1850/3276/2793 1851/3277/2793
f 1841/3264/2787 1840/3263/2787 1852/3278/2793
f 1840/3263/2787 1851/3277/2793 1852/3278/2793
f 1842/3265/2787 1841/3264/2787 1853/3279/2793
f 1841/3264/2787 1852/3278/2793 1853/3279/2793
f 1843/3266/2787 1842/3265/2787 1854/3280/2793
f 1842/3265/2787 1853/3279/2793 1854/3280/2793
f 1844/3267/2787 1843/3266/2787 1855/3281/2793
f 1843/3266/2787 1854/3280/2793 1855/3281/2793
f 1845/3268/2787 1844/3267/2787 1856/3282/2793
f 1844/3267/2787 1855/3281/2793 1856/3282/2793
f 1829/3249/2779 1845/3268/2787 1857/3283/2793
f 1845/3268/2787 1856/3282/2793 1857/3283/2793
f 1829/3249/2779 1857/3283/2793 1830/3250/2778
f 1858/3284/2794 1805/3213/2754 1807/3217/2758
f 1858/3284/2794 1807/3217/2758 1667/3042/2660
f 1801/3208/2749 1604/2956/2605 1603/2954/2603
f 1859/3285/2795 1806/3214/2755 1805/3213/2754
f 1859/3285/2795 1805/3213/2754 1858/3284/2794
f 1804/3211/2752 1860/3287/2797 1801/3208/2749
f 1801/3208/2749 1860/3287/2797 1604/2956/2605
f 1813/3228/2768 1806/3215/2756 1859/3286/2796
f 1809/3220/2761 1861/3288/2798 1847/3271/2790
f 1810/3222/2763 1862/3290/2800 1809/3219/2760
f 1861/3288/2798 1809/3220/2761 1862/3291/2801
f 1848/3274/2793 1846/3269/2788 1847/3272/2791
f 1848/3274/2793 1847/3272/2791 1863/3292/2802
f 1863/3292/2802 1847/3272/2791 1861/3289/2799
f 1849/3275/2793 1848/3274/2793 1863/3292/2802
f 1850/3276/2793 1849/3275/2793 1864/3293/2802
f 1849/3275/2793 1863/3292/2802 1864/3293/2802
f 1851/3277/2793 1850/3276/2793 1865/3294/2802
f 1850/3276/2793 1864/3293/2802 1865/3294/2802
f 1852/3278/2793 1851/3277/2793 1866/3295/2802
f 1851/3277/2793 1865/3294/2802 1866/3295/2802
f 1853/3279/2793 1852/3278/2793 1867/3296/2802
f 1852/3278/2793 1866/3295/2802 1867/3296/2802
f 1854/3280/2793 1853/3279/2793 1868/3297/2802
f 1853/3279/2793 1867/3296/2802 1868/3297/2802
f 1855/3281/2793 1854/3280/2793 1869/3298/2802
f 1854/3280/2793 1868/3297/2802 1869/3298/2802
f 1856/3282/2793 1855/3281/2793 1870/3299/2802
f 1855/3281/2793 1869/3298/2802 1870/3299/2802
f 1857/3283/2793 1856/3282/2793 1871/3300/2802
f 1856/3282/2793 1870/3299/2802 1871/3300/2802
f 1830/3250/2778 1857/3283/2793 1872/3301/2802
f 1857/3283/2793 1871/3300/2802 1872/3301/2802
f 1828/3248/2778 1830/3250/2778 1873/3302/2802
f 1830/3250/2778 1872/3301/2802 1873/3302/2802
f 1828/3248/2778 1873/3302/2802 1831/3252/2781
f 1874/3303/2803 1826/3243/2774 1832/3253/2782
f 1875/3305/2804 1827/3245/2775 1826/3244/2775
f 1875/3305/2804 1826/3244/2775 1874/3304/2804
f 1831/3252/2781 1876/3307/2806 1833/3256/2784
f 1831/3252/2781 1873/3302/2802 1876/3307/2806
f 1832/3254/2783 1833/3255/2783 1877/3308/2807
f 1833/3256/2784 1876/3307/2806 1878/3310/2808
f 1833/3256/2784 1878/3310/2808 1877/3309/2808
f 1832/3254/2783 1877/3308/2807 1879/3311/2807
f 1874/3303/2803 1832/3253/2782 1880/3313/2810
f 1879/3311/2807 1881/3315/2811 1832/3254/2783
f 1881/3315/2811 1880/3314/2811 1832/3254/2783
f 1882/3317/2813 1804/3212/2753 1802/3209/2750
f 1883/3318/2814 1802/3209/2750 1803/3210/2751
f 1883/3318/2814 1882/3317/2813 1802/3209/2750
f 1804/3211/2752 1884/3319/2815 1860/3287/2797
f 1882/3317/2813 1884/3320/2816 1804/3212/2753
f 1885/3321/2817 1803/3210/2751 1808/3218/2759
f 1885/3321/2817 1883/3318/2814 1803/3210/2751
f 1813/3229/2769 1886/3322/2818 1810/3221/2762
f 1810/3222/2763 1886/3323/2819 1862/3290/2800
f 1813/3228/2768 1859/3286/2796 1887/3324/2820
f 1813/3229/2769 1887/3325/2821 1886/3322/2818
f 1834/3257/2785 1827/3246/2776 1875/3306/2805
f 1835/3258/2786 1834/3257/2785 1888/3326/2822
f 1834/3257/2785 1875/3306/2805 1888/3326/2822
f 1578/2918/2579 1835/3258/2786 1889/3327/2823
f 1835/3258/2786 1888/3326/2822 1889/3327/2823
f 1579/2919/2580 1578/2918/2579 1890/3328/2824
f 1578/2918/2579 1889/3327/2823 1890/3328/2824
f 1579/2919/2580 1890/3328/2824 1499/2817/2522
f 1499/2817/2522 1890/3328/2824 1891/3329/2825
f 1499/2817/2522 1891/3329/2825 1500/2819/2524
f 1864/3293/2802 1863/3292/2802 1892/3330/2826
f 1863/3292/2802 1861/3289/2799 1892/3330/2826
f 1865/3294/2802 1864/3293/2802 1893/3331/2826
f 1864/3293/2802 1892/3330/2826 1893/3331/2826
f 1866/3295/2802 1865/3294/2802 1894/3332/2826
f 1865/3294/2802 1893/3331/2826 1894/3332/2826
f 1867/3296/2802 1866/3295/2802 1895/3333/2826
f 1866/3295/2802 1894/3332/2826 1895/3333/2826
f 1868/3297/2802 1867/3296/2802 1896/3334/2826
f 1867/3296/2802 1895/3333/2826 1896/3334/2826
f 1869/3298/2802 1868/3297/2802 1897/3335/2826
f 1868/3297/2802 1896/3334/2826 1897/3335/2826
f 1870/3299/2802 1869/3298/2802 1898/3336/2826
f 1869/3298/2802 1897/3335/2826 1898/3336/2826
f 1871/3300/2802 1870/3299/2802 1899/3337/2826
f 1870/3299/2802 1898/3336/2826 1899/3337/2826
f 1872/3301/2802 1871/3300/2802 1900/3338/2826
f 1871/3300/2802 1899/3337/2826 1900/3338/2826
f 1873/3302/2802 1872/3301/2802 1901/3339/2826
f 1872/3301/2802 1900/3338/2826 1901/3339/2826
f 1873/3302/2802 1901/3339/2826 1876/3307/2806
f 1902/3340/2827 1858/3284/2794 1667/3042/2660
f 1902/3340/2827 1667/3042/2660 1668/3044/2662
f 1860/3287/2797 1903/3341/2828 1604/2956/2605
f 1604/2955/2604 1903/3342/2829 1605/2957/2606
f 1904/3343/2830 1859/3285/2795 1858/3284/2794
f 1904/3343/2830 1858/3284/2794 1902/3340/2827
f 1892/3330/2826 1861/3289/2799 1905/3345/2832
f 1905/3346/2833 1861/3288/2798 1862/3291/2801
f 1893/3331/2826 1892/3330/2826 1906/3347/2832
f 1892/3330/2826 1905/3345/2832 1906/3347/2832
f 1894/3332/2826 1893/3331/2826 1907/3348/2832
f 1893/3331/2826 1906/3347/2832 1907/3348/2832
f 1895/3333/2826 1894/3332/2826 1908/3349/2832
f 1894/3332/2826 1907/3348/2832 1908/3349/2832
f 1896/3334/2826 1895/3333/2826 1909/3350/2834
f 1895/3333/2826 1908/3349/2832 1909/3350/2834
f 1897/3335/2826 1896/3334/2826 1910/3351/2835
f 1896/3334/2826 1909/3350/2834 1910/3351/2835
f 1898/3336/2826 1897/3335/2826 1911/3352/2836
f 1897/3335/2826 1910/3351/2835 1911/3352/2836
f 1899/3337/2826 1898/3336/2826 1912/3353/2836
f 1898/3336/2826 1911/3352/2836 1912/3353/2836
f 1900/3338/2826 1899/3337/2826 1913/3354/2836
f 1899/3337/2826 1912/3353/2836 1913/3354/2836
f 1901/3339/2826 1900/3338/2826 1914/3355/2836
f 1900/3338/2826 1913/3354/2836 1914/3355/2836
f 1876/3307/2806 1901/3339/2826 1915/3356/2836
f 1901/3339/2826 1914/3355/2836 1915/3356/2836
f 1876/3307/2806 1915/3356/2836 1878/3310/2808
f 1884/3319/2815 1916/3357/2837 1860/3287/2797
f 1860/3287/2797 1916/3357/2837 1903/3341/2828
f 1887/3324/2820 1859/3286/2796 1904/3344/2831
f 1862/3291/2801 1917/3358/2838 1905/3346/2833
f 1886/3323/2819 1918/3360/2840 1862/3290/2800
f 1862/3291/2801 1919/3362/2841 1917/3358/2838
f 1919/3362/2841 1862/3291/2801 1918/3361/2841
f 1906/3347/2832 1905/3345/2832 1917/3359/2839
f 1907/3348/2832 1906/3347/2832 1920/3364/2843
f 1906/3347/2832 1917/3359/2839 1920/3364/2843
f 1908/3349/2832 1907/3348/2832 1921/3365/2843
f 1907/3348/2832 1920/3364/2843 1921/3365/2843
f 1909/3350/2834 1908/3349/2832 1922/3366/2844
f 1908/3349/2832 1921/3365/2843 1922/3366/2844
f 1910/3351/2835 1909/3350/2834 1923/3367/2845
f 1909/3350/2834 1922/3366/2844 1923/3367/2845
f 1911/3352/2836 1910/3351/2835 1924/3368/2844
f 1910/3351/2835 1923/3367/2845 1924/3368/2844
f 1912/3353/2836 1911/3352/2836 1925/3369/2846
f 1911/3352/2836 1924/3368/2844 1925/3369/2846
f 1913/3354/2836 1912/3353/2836 1926/3370/2846
f 1912/3353/2836 1925/3369/2846 1926/3370/2846
f 1914/3355/2836 1913/3354/2836 1927/3371/2846
f 1913/3354/2836 1926/3370/2846 1927/3371/2846
f 1915/3356/2836 1914/3355/2836 1928/3372/2846
f 1914/3355/2836 1927/3371/2846 1928/3372/2846
f 1878/3310/2808 1915/3356/2836 1929/3373/2846
f 1915/3356/2836 1928/3372/2846 1929/3373/2846
f 1877/3309/2808 1878/3310/2808 1930/3374/2846
f 1878/3310/2808 1929/3373/2846 1930/3374/2846
f 1877/3309/2808 1930/3374/2846 1879/3312/2809
f 1931/3375/2847 1874/3303/2803 1880/3313/2810
f 1932/3377/2848 1875/3305/2804 1874/3304/2804
f 1932/3377/2848 1874/3304/2804 1931/3376/2848
f 1879/3312/2809 1933/3379/2850 1881/3316/2812
f 1879/3312/2809 1930/3374/2846 1933/3379/2850
f 1880/3314/2811 1881/3315/2811 1934/3380/2851
f 1881/3316/2812 1933/3379/2850 1935/3382/2852
f 1881/3316/2812 1935/3382/2852 1934/3381/2852
f 1880/3314/2811 1934/3380/2851 1936/3383/2851
f 1931/3375/2847 1880/3313/2810 1937/3385/2854
f 1936/3383/2851 1937/3386/2855 1880/3314/2811
f 1938/3387/2856 1884/3320/2816 1882/3317/2813
f 1939/3388/2857 1882/3317/2813 1883/3318/2814
f 1939/3388/2857 1938/3387/2856 1882/3317/2813
f 1884/3319/2815 1940/3389/2858 1916/3357/2837
f 1938/3387/2856 1940/3390/2859 1884/3320/2816
f 1941/3391/2860 1883/3318/2814 1885/3321/2817
f 1941/3391/2860 1939/3388/2857 1883/3318/2814
f 1887/3325/2821 1942/3392/2861 1886/3322/2818
f 1886/3323/2819 1942/3393/2862 1918/3360/2840
f 1887/3324/2820 1904/3344/2831 1943/3394/2863
f 1887/3325/2821 1943/3395/2864 1942/3392/2861
f 1888/3326/2822 1875/3306/2805 1932/3378/2849
f 1889/3327/2823 1888/3326/2822 1944/3396/2865
f 1888/3326/2822 1932/3378/2849 1944/3396/2865
f 1890/3328/2824 1889/3327/2823 1945/3397/2866
f 1889/3327/2823 1944/3396/2865 1945/3397/2866
f 1890/3328/2824 1945/3397/2866 1891/3329/2825
f 1903/3342/2829 1418/2647/2388 1605/2957/2606
f 1903/3342/2829 1946/3398/2867 1418/2647/2388
f 1946/3398/2867 1419/2649/2389 1418/2647/2388
f 1947/3400/2869 1668/3043/2661 1669/3045/2663
f 1948/3402/2871 1902/3340/2827 1668/3044/2662
f 1948/3402/2871 1668/3044/2662 1947/3401/2870
f 1947/3400/2869 1669/3045/2663 1450/2720/2451
f 1949/3403/2872 1947/3400/2869 1450/2720/2451
f 1949/3403/2872 1450/2720/2451 1451/2722/2452
f 1920/3364/2843 1917/3359/2839 1919/3363/2842
f 1921/3365/2843 1920/3364/2843 1950/3405/2874
f 1920/3364/2843 1919/3363/2842 1950/3405/2874
f 1922/3366/2844 1921/3365/2843 1951/3406/2874
f 1921/3365/2843 1950/3405/2874 1951/3406/2874
f 1923/3367/2845 1922/3366/2844 1952/3407/2875
f 1922/3366/2844 1951/3406/2874 1952/3407/2875
f 1924/3368/2844 1923/3367/2845 1953/3408/2876
f 1923/3367/2845 1952/3407/2875 1953/3408/2876
f 1925/3369/2846 1924/3368/2844 1954/3409/2877
f 1924/3368/2844 1953/3408/2876 1954/3409/2877
f 1926/3370/2846 1925/3369/2846 1955/3410/2878
f 1925/3369/2846 1954/3409/2877 1955/3410/2878
f 1927/3371/2846 1926/3370/2846 1956/3411/2878
f 1926/3370/2846 1955/3410/2878 1956/3411/2878
f 1928/3372/2846 1927/3371/2846 1957/3412/2878
f 1927/3371/2846 1956/3411/2878 1957/3412/2878
f 1929/3373/2846 1928/3372/2846 1958/3413/2878
f 1928/3372/2846 1957/3412/2878 1958/3413/2878
f 1930/3374/2846 1929/3373/2846 1959/3414/2878
f 1929/3373/2846 1958/3413/2878 1959/3414/2878
f 1930/3374/2846 1959/3414/2878 1933/3379/2850
f 1916/3357/2837 1946/3399/2868 1903/3341/2828
f 1960/3415/2879 1904/3343/2830 1902/3340/2827
f 1960/3415/2879 1902/3340/2827 1948/3402/2871
f 1950/3405/2874 1919/3363/2842 1961/3417/2881
f 1918/3361/2841 1962/3419/2882 1919/3362/2841
f 1962/3419/2882 1961/3418/2882 1919/3362/2841
f 1951/3406/2874 1950/3405/2874 1963/3421/2881
f 1950/3405/2874 1961/3417/2881 1963/3421/2881
f 1952/3407/2875 1951/3406/2874 1964/3422/2881
f 1951/3406/2874 1963/3421/2881 1964/3422/2881
f 1953/3408/2876 1952/3407/2875 1965/3423/2881
f 1952/3407/2875 1964/3422/2881 1965/3423/2881
f 1954/3409/2877 1953/3408/2876 1966/3424/2883
f 1953/3408/2876 1965/3423/2881 1966/3424/2883
f 1955/3410/2878 1954/3409/2877 1967/3425/2884
f 1954/3409/2877 1966/3424/2883 1967/3425/2884
f 1956/3411/2878 1955/3410/2878 1968/3426/2885
f 1955/3410/2878 1967/3425/2884 1968/3426/2885
f 1957/3412/2878 1956/3411/2878 1969/3427/2885
f 1956/3411/2878 1968/3426/2885 1969/3427/2885
f 1958/3413/2878 1957/3412/2878 1970/3428/2885
f 1957/3412/2878 1969/3427/2885 1970/3428/2885
f 1959/3414/2878 1958/3413/2878 1971/3429/2885
f 1958/3413/2878 1970/3428/2885 1971/3429/2885
f 1933/3379/2850 1959/3414/2878 1972/3430/2885
f 1959/3414/2878 1971/3429/2885 1972/3430/2885
f 1933/3379/2850 1972/3430/2885 1935/3382/2852
f 1973/3431/2886 1948/3402/2871 1947/3401/2870
f 1973/3431/2886 1947/3401/2870 1949/3404/2873
f 1940/3389/2858 1974/3432/2887 1916/3357/2837
f 1916/3357/2837 1974/3432/2887 1946/3399/2868
f 1943/3394/2863 1904/3344/2831 1960/3416/2880
f 1918/3361/2841 1975/3433/2888 1962/3419/2882
f 1942/3393/2862 1976/3435/2890 1918/3360/2840
f 1975/3433/2888 1918/3361/2841 1976/3438/2893
f 1963/3421/2881 1961/3417/2881 1962/3420/2881
f 1963/3421/2881 1962/3420/2881 1977/3439/2894
f 1977/3439/2894 1962/3420/2881 1975/3434/2889
f 1964/3422/2881 1963/3421/2881 1977/3439/2894
f 1965/3423/2881 1964/3422/2881 1978/3440/2894
f 1964/3422/2881 1977/3439/2894 1978/3440/2894
f 1966/3424/2883 1965/3423/2881 1979/3441/2894
f 1965/3423/2881 1978/3440/2894 1979/3441/2894
f 1967/3425/2884 1966/3424/2883 1980/3442/2895
f 1966/3424/2883 1979/3441/2894 1980/3442/2895
f 1968/3426/2885 1967/3425/2884 1981/3443/2896
f 1967/3425/2884 1980/3442/2895 1981/3443/2896
f 1969/3427/2885 1968/3426/2885 1982/3444/2896
f 1968/3426/2885 1981/3443/2896 1982/3444/2896
f 1970/3428/2885 1969/3427/2885 1983/3445/2896
f 1969/3427/2885 1982/3444/2896 1983/3445/2896
f 1971/3429/2885 1970/3428/2885 1984/3446/2896
f 1970/3428/2885 1983/3445/2896 1984/3446/2896
f 1972/3430/2885 1971/3429/2885 1985/3447/2896
f 1971/3429/2885 1984/3446/2896 1985/3447/2896
f 1935/3382/2852 1972/3430/2885 1986/3448/2896
f 1972/3430/2885 1985/3447/2896 1986/3448/2896
f 1934/3381/2852 1935/3382/2852 1987/3449/2896
f 1935/3382/2852 1986/3448/2896 1987/3449/2896
f 1934/3380/2851 1988/3450/2897 1936/3383/2851
f 1934/3381/2852 1987/3449/2896 1988/3451/2896
f 1989/3452/2898 1931/3375/2847 1937/3385/2854
f 1990/3456/2901 1932/3377/2848 1931/3376/2848
f 1990/3456/2901 1931/3376/2848 1989/3455/2901
f 1937/3386/2855 1936/3383/2851 1991/3459/2903
f 1988/3451/2896 1992/3461/2905 1936/3384/2853
f 1936/3384/2853 1992/3461/2905 1993/3462/2904
f 1936/3384/2853 1993/3462/2904 1991/3460/2904
f 1937/3386/2855 1991/3459/2903 1994/3463/2906
f 1989/3452/2898 1937/3385/2854 1995/3466/2909
f 1994/3463/2906 1995/3467/2910 1937/3386/2855
f 1996/3470/2913 1940/3390/2859 1938/3387/2856
f 1997/3471/2914 1938/3387/2856 1939/3388/2857
f 1997/3471/2914 1996/3470/2913 1938/3387/2856
f 1940/3389/2858 1998/3472/2915 1974/3432/2887
f 1996/3470/2913 1998/3473/2916 1940/3390/2859
f 1999/3474/2917 1939/3388/2857 1941/3391/2860
f 1999/3474/2917 1997/3471/2914 1939/3388/2857
f 1943/3395/2864 2000/3475/2918 1942/3392/2861
f 1942/3393/2862 2000/3478/2921 1976/3435/2890
f 1943/3394/2863 1960/3416/2880 2001/3479/2922
f 1943/3395/2864 2001/3481/2924 2000/3475/2918
f 1944/3396/2865 1932/3378/2849 1990/3458/2902
f 1945/3397/2866 1944/3396/2865 2002/3482/2925
f 1944/3396/2865 1990/3458/2902 2002/3482/2925
f 1891/3329/2825 1945/3397/2866 2003/3483/2926
f 1945/3397/2866 2002/3482/2925 2003/3483/2926
f 1500/2819/2524 1891/3329/2825 1501/2820/2525
f 1891/3329/2825 2003/3483/2926 1501/2820/2525
f 1946/3398/2867 1420/2650/2390 1419/2649/2389
f 1974/3432/2887 1420/2651/2391 1946/3399/2868
f 2004/3484/2927 1948/3402/2871 1973/3431/2886
f 2004/3484/2927 1960/3415/2879 1948/3402/2871
f 1978/3440/2894 1977/3439/2894 2005/3486/2929
f 1977/3439/2894 1975/3434/2889 2005/3486/2929
f 1979/3441/2894 1978/3440/2894 2006/3487/2929
f 1978/3440/2894 2005/3486/2929 2006/3487/2929
f 1980/3442/2895 1979/3441/2894 2007/3488/2929
f 1979/3441/2894 2006/3487/2929 2007/3488/2929
f 1981/3443/2896 1980/3442/2895 2008/3489/2929
f 1980/3442/2895 2007/3488/2929 2008/3489/2929
f 1982/3444/2896 1981/3443/2896 2009/3490/2929
f 1981/3443/2896 2008/3489/2929 2009/3490/2929
f 1983/3445/2896 1982/3444/2896 2010/3491/2929
f 1982/3444/2896 2009/3490/2929 2010/3491/2929
f 1984/3446/2896 1983/3445/2896 2011/3492/2929
f 1983/3445/2896 2010/3491/2929 2011/3492/2929
f 1985/3447/2896 1984/3446/2896 2012/3493/2929
f 1984/3446/2896 2011/3492/2929 2012/3493/2929
f 1986/3448/2896 1985/3447/2896 2013/3494/2929
f 1985/3447/2896 2012/3493/2929 2013/3494/2929
f 1987/3449/2896 1986/3448/2896 2014/3495/2929
f 1986/3448/2896 2013/3494/2929 2014/3495/2929
f 1988/3451/2896 1987/3449/2896 1992/3461/2905
f 1987/3449/2896 2014/3495/2929 1992/3461/2905
f 2005/3486/2929 1975/3434/2889 2015/3496/2930
f 2015/3497/2931 1975/3433/2888 1976/3438/2893
f 2006/3487/2929 2005/3486/2929 2016/3498/2930
f 2005/3486/2929 2015/3496/2930 2016/3498/2930
f 2007/3488/2929 2006/3487/2929 2017/3499/2930
f 2006/3487/2929 2016/3498/2930 2017/3499/2930
f 2008/3489/2929 2007/3488/2929 2018/3500/2930
f 2007/3488/2929 2017/3499/2930 2018/3500/2930
f 2009/3490/2929 2008/3489/2929 2019/3501/2930
f 2008/3489/2929 2018/3500/2930 2019/3501/2930
f 2010/3491/2929 2009/3490/2929 2020/3502/2930
f 2009/3490/2929 2019/3501/2930 2020/3502/2930
f 2011/3492/2929 2010/3491/2929 2021/3503/2930
f 2010/3491/2929 2020/3502/2930 2021/3503/2930
f 2012/3493/2929 2011/3492/2929 2022/3504/2930
f 2011/3492/2929 2021/3503/2930 2022/3504/2930
f 2013/3494/2929 2012/3493/2929 2023/3505/2930
f 2012/3493/2929 2022/3504/2930 2023/3505/2930
f 2014/3495/2929 2013/3494/2929 2024/3506/2930
f 2013/3494/2929 2023/3505/2930 2024/3506/2930
f 1992/3461/2905 2014/3495/2929 2025/3507/2930
f 2014/3495/2929 2024/3506/2930 2025/3507/2930
f 1992/3461/2905 2025/3507/2930 1993/3462/2904
f 1452/2723/2453 1949/3403/2872 1451/2722/2452
f 2026/3508/2932 1973/3431/2886 1949/3404/2873
f 2026/3508/2932 1949/3404/2873 1452/2724/2454
f 1974/3432/2887 2027/3509/2933 1420/2651/2391
f 1998/3472/2915 2027/3509/2933 1974/3432/2887
f 2027/3509/2933 1417/2645/2386 1420/2651/2391
f 2028/3510/2934 1973/3431/2886 2026/3508/2932
f 2028/3510/2934 2004/3484/2927 1973/3431/2886
f 2001/3479/2922 1960/3416/2880 2004/3485/2928
f 1976/3438/2893 2029/3512/2934 2015/3497/2931
f 2000/3477/2920 2030/3514/2937 1976/3436/2891
f 1976/3438/2893 2031/3516/2939 2029/3512/2934
f 2031/3517/2938 1976/3437/2892 2030/3515/2938
f 2016/3498/2930 2015/3496/2930 2029/3513/2936
f 2017/3499/2930 2016/3498/2930 2032/3519/2941
f 2016/3498/2930 2029/3513/2936 2032/3519/2941
f 2018/3500/2930 2017/3499/2930 2033/3520/2941
f 2017/3499/2930 2032/3519/2941 2033/3520/2941
f 2019/3501/2930 2018/3500/2930 2034/3521/2941
f 2018/3500/2930 2033/3520/2941 2034/3521/2941
f 2020/3502/2930 2019/3501/2930 2035/3522/2941
f 2019/3501/2930 2034/3521/2941 2035/3522/2941
f 2021/3503/2930 2020/3502/2930 2036/3523/2941
f 2020/3502/2930 2035/3522/2941 2036/3523/2941
f 2022/3504/2930 2021/3503/2930 2037/3524/2941
f 2021/3503/2930 2036/3523/2941 2037/3524/2941
f 2023/3505/2930 2022/3504/2930 2038/3525/2941
f 2022/3504/2930 2037/3524/2941 2038/3525/2941
f 2024/3506/2930 2023/3505/2930 2039/3526/2941
f 2023/3505/2930 2038/3525/2941 2039/3526/2941
f 2025/3507/2930 2024/3506/2930 2040/3527/2941
f 2024/3506/2930 2039/3526/2941 2040/3527/2941
f 1993/3462/2904 2025/3507/2930 2041/3528/2941
f 2025/3507/2930 2040/3527/2941 2041/3528/2941
f 1991/3460/2904 1993/3462/2904 2042/3529/2941
f 1993/3462/2904 2041/3528/2941 2042/3529/2941
f 1991/3459/2903 2043/3530/2942 1994/3463/2906
f 1991/3460/2904 2042/3529/2941 2043/3531/2941
f 2044/3532/2943 1989/3453/2899 1995/3469/2912
f 2045/3534/2944 1990/3457/2900 1989/3454/2900
f 2045/3534/2944 1989/3454/2900 2044/3533/2944
f 1995/3468/2911 1994/3465/2908 2046/3536/2946
f 2043/3531/2941 2046/3537/2947 1994/3464/2907
f 2047/3538/2946 2048/3540/2946 1995/3468/2911
f 2048/3540/2946 2049/3542/2946 1995/3468/2911
f 1995/3468/2911 2046/3536/2946 2047/3538/2946
f 2044/3532/2943 1995/3469/2912 2049/3543/2948
f 2050/3544/2949 1998/3473/2916 1996/3470/2913
f 2051/3545/2950 1996/3470/2913 1997/3471/2914
f 2051/3545/2950 2050/3544/2949 1996/3470/2913
f 1998/3472/2915 2052/3546/2951 2027/3509/2933
f 2050/3544/2949 2052/3547/2952 1998/3473/2916
f 2053/3548/2953 1997/3471/2914 1999/3474/2917
f 2053/3548/2953 2051/3545/2950 1997/3471/2914
f 2001/3480/2923 2054/3549/2954 2000/3476/2919
f 2000/3477/2920 2054/3550/2955 2030/3514/2937
f 2001/3479/2922 2004/3485/2928 2055/3551/2956
f 2001/3480/2923 2056/3552/2957 2054/3549/2954
f 2056/3553/2958 2001/3479/2922 2055/3551/2956
f 2002/3482/2925 1990/3458/2902 2057/3554/2959
f 1990/3458/2902 2045/3535/2945 2058/3555/2960
f 1990/3458/2902 2058/3555/2960 2057/3554/2959
f 2003/3483/2926 2002/3482/2925 2059/3556/2961
f 2002/3482/2925 2057/3554/2959 2059/3556/2961
f 1501/2820/2525 2003/3483/2926 2060/3557/2962
f 2003/3483/2926 2059/3556/2961 2060/3557/2962
f 1501/2820/2525 2060/3557/2962 1502/2821/2526
f 2032/3519/2941 2029/3513/2936 2031/3518/2940
f 2033/3520/2941 2032/3519/2941 2061/3558/2963
f 2032/3519/2941 2031/3518/2940 2061/3558/2963
f 2034/3521/2941 2033/3520/2941 2062/3560/2963
f 2033/3520/2941 2061/3558/2963 2062/3560/2963
f 2035/3522/2941 2034/3521/2941 2063/3562/2963
f 2034/3521/2941 2062/3560/2963 2063/3562/2963
f 2036/3523/2941 2035/3522/2941 2064/3564/2963
f 2035/3522/2941 2063/3562/2963 2064/3564/2963
f 2037/3524/2941 2036/3523/2941 2065/3566/2963
f 2036/3523/2941 2064/3564/2963 2065/3566/2963
f 2038/3525/2941 2037/3524/2941 2066/3568/2963
f 2037/3524/2941 2065/3566/2963 2066/3568/2963
f 2039/3526/2941 2038/3525/2941 2067/3570/2963
f 2038/3525/2941 2066/3568/2963 2067/3570/2963
f 2040/3527/2941 2039/3526/2941 2068/3572/2963
f 2039/3526/2941 2067/3570/2963 2068/3572/2963
f 2041/3528/2941 2040/3527/2941 2048/3541/2947
f 2040/3527/2941 2068/3572/2963 2048/3541/2947
f 2042/3529/2941 2041/3528/2941 2047/3539/2947
f 2041/3528/2941 2048/3541/2947 2047/3539/2947
f 2043/3531/2941 2042/3529/2941 2046/3537/2947
f 2042/3529/2941 2047/3539/2947 2046/3537/2947
f 2069/3574/2965 2026/3508/2932 1452/2724/2454
f 2069/3574/2965 1452/2724/2454 1453/2726/2456
f 2061/3559/2964 2031/3517/2938 2030/3515/2938
f 2062/3561/2964 2061/3559/2964 2030/3515/2938
f 2063/3563/2964 2062/3561/2964 2030/3515/2938
f 2064/3565/2964 2063/3563/2964 2030/3515/2938
f 2030/3515/2938 2065/3567/2964 2064/3565/2964
f 2030/3515/2938 2066/3569/2964 2065/3567/2964
f 2030/3515/2938 2067/3571/2964 2066/3569/2964
f 2030/3515/2938 2068/3573/2964 2067/3571/2964
f 2030/3515/2938 2048/3540/2946 2068/3573/2964
f 2030/3515/2938 2049/3542/2946 2048/3540/2946
f 2027/3509/2933 2070/3575/2966 1417/2645/2386
f 2052/3546/2951 2070/3575/2966 2027/3509/2933
f 2070/3575/2966 1409/2630/2373 1417/2645/2386
f 2071/3576/2967 2026/3508/2932 2069/3574/2965
f 2071/3576/2967 2028/3510/2934 2026/3508/2932
f 2055/3551/2956 2004/3485/2928 2028/3511/2935
f 2054/3550/2955 2049/3543/2948 2030/3514/2937
f 2054/3550/2955 2044/3532/2943 2049/3543/2948
f 2056/3552/2957 2044/3533/2944 2054/3549/2954
f 2056/3552/2957 2045/3534/2944 2044/3533/2944
f 1428/2669/2407 1453/2725/2455 1427/2668/2406
f 2072/3578/2969 2069/3574/2965 1453/2726/2456
f 2072/3578/2969 1453/2726/2456 1428/2670/2408
f 2073/3579/2970 2052/3547/2952 2050/3544/2949
f 2074/3580/2971 2050/3544/2949 2051/3545/2950
f 2074/3580/2971 2073/3579/2970 2050/3544/2949
f 2052/3546/2951 2075/3581/2972 2070/3575/2966
f 2073/3579/2970 2075/3582/2973 2052/3547/2952
f 2076/3583/2974 2051/3545/2950 2053/3548/2953
f 2076/3583/2974 2074/3580/2971 2051/3545/2950
f 2056/3553/2958 2055/3551/2956 2077/3584/2975
f 2045/3535/2945 2056/3553/2958 2077/3584/2975
f 2077/3584/2975 2055/3551/2956 2078/3585/2976
f 2055/3551/2956 2028/3511/2935 2078/3585/2976
f 2045/3535/2945 2077/3584/2975 2058/3555/2960
f 2058/3555/2960 2077/3584/2975 2079/3586/2977
f 2077/3584/2975 2078/3585/2976 2079/3586/2977
f 2057/3554/2959 2058/3555/2960 2080/3587/2978
f 2058/3555/2960 2079/3586/2977 2080/3587/2978
f 2059/3556/2961 2057/3554/2959 2081/3588/2979
f 2057/3554/2959 2080/3587/2978 2081/3588/2979
f 2060/3557/2962 2059/3556/2961 2082/3589/2980
f 2059/3556/2961 2081/3588/2979 2082/3589/2980
f 1502/2821/2526 2060/3557/2962 2083/3590/2981
f 2060/3557/2962 2082/3589/2980 2083/3590/2981
f 1503/2822/2527 1502/2821/2526 2084/3591/2982
f 1502/2821/2526 2083/3590/2981 2084/3591/2982
f 1504/2825/2530 2085/3592/2983 1498/2814/2519
f 1498/2814/2519 2086/3593/2984 1505/2827/2532
f 1498/2814/2519 2085/3592/2983 2086/3593/2984
f 1503/2822/2527 2084/3591/2982 1504/2825/2530
f 1504/2825/2530 2084/3591/2982 2085/3592/2983
f 1426/2664/2402 1436/2688/2422 1410/2631/2374
f 1436/2689/2424 1426/2666/2404 1442/2703/2436
f 2070/3575/2966 2087/3594/2985 1409/2630/2373
f 2087/3594/2985 1412/2635/2378 1409/2630/2373
f 2075/3581/2972 2087/3594/2985 2070/3575/2966
f 2088/3595/2986 2069/3574/2965 2072/3578/2969
f 2088/3595/2986 2071/3576/2967 2069/3574/2965
f 1505/2826/2531 2089/3597/2988 1497/2812/2517
f 1505/2827/2532 2086/3593/2984 2090/3599/2990
f 1505/2827/2532 2090/3599/2990 2089/3598/2989
f 2091/3600/2991 2072/3578/2969 1428/2670/2408
f 2091/3600/2991 1428/2670/2408 1429/2672/2410
f 2078/3585/2976 2028/3511/2935 2071/3577/2968
f 2087/3594/2985 2092/3601/2992 1412/2635/2378
f 1412/2634/2377 2093/3602/2993 1411/2633/2376
f 2092/3601/2992 2093/3603/2994 1412/2635/2378
f 2075/3581/2972 2094/3604/2995 2087/3594/2985
f 2094/3604/2995 2092/3601/2992 2087/3594/2985
f 2095/3606/2995 2072/3578/2969 2091/3600/2991
f 2095/3606/2995 2088/3595/2986 2072/3578/2969
f 1411/2632/2375 2096/3608/2998 1430/2673/2411
f 2093/3602/2993 2096/3609/2999 1411/2633/2376
f 2097/3610/3000 1429/2671/2409 1431/2675/2413
f 2098/3612/3002 2091/3600/2991 1429/2672/2410
f 2098/3612/3002 1429/2672/2410 2097/3611/3001
f 1430/2673/2411 2099/3613/3003 1432/2677/2414
f 2100/3615/3005 1430/2674/2412 2096/3609/2999
f 2100/3615/3005 2101/3617/3007 1430/2674/2412
f 1430/2673/2411 2102/3619/3009 2099/3613/3003
f 2101/3617/3007 2103/3621/3011 1430/2674/2412
f 1430/2673/2411 2103/3622/3012 2102/3619/3009
f 2097/3610/3000 1431/2675/2413 1433/2680/2416
f 2104/3623/3013 1433/2680/2416 1432/2678/2415
f 2104/3623/3013 2097/3610/3000 1433/2680/2416
f 2105/3625/3015 2104/3623/3013 1432/2678/2415
f 2099/3613/3003 2106/3627/3017 1432/2677/2414
f 2106/3627/3017 2107/3629/3017 1432/2677/2414
f 2105/3625/3015 1432/2678/2415 2107/3630/3019
f 2108/3631/3020 2075/3582/2973 2073/3579/2970
f 2109/3632/3021 2073/3579/2970 2074/3580/2971
f 2109/3632/3021 2108/3631/3020 2073/3579/2970
f 2108/3631/3020 2094/3605/2996 2075/3582/2973
f 2110/3633/3022 2074/3580/2971 2076/3583/2974
f 2110/3633/3022 2109/3632/3021 2074/3580/2971
f 2079/3586/2977 2078/3585/2976 2111/3634/3023
f 2078/3585/2976 2071/3577/2968 2111/3634/3023
f 2080/3587/2978 2079/3586/2977 2112/3635/3024
f 2079/3586/2977 2111/3634/3023 2112/3635/3024
f 2081/3588/2979 2080/3587/2978 2113/3636/3025
f 2080/3587/2978 2112/3635/3024 2113/3636/3025
f 2082/3589/2980 2081/3588/2979 2114/3637/3026
f 2081/3588/2979 2113/3636/3025 2114/3637/3026
f 2083/3590/2981 2082/3589/2980 2115/3638/3027
f 2082/3589/2980 2114/3637/3026 2115/3638/3027
f 2084/3591/2982 2083/3590/2981 2116/3639/3028
f 2083/3590/2981 2115/3638/3027 2116/3639/3028
f 2084/3591/2982 2116/3639/3028 2085/3592/2983
f 2092/3601/2992 2117/3640/3029 2093/3603/2994
f 2093/3602/2993 2100/3615/3005 2096/3609/2999
f 2117/3640/3029 2100/3616/3006 2093/3603/2994
f 2118/3641/3030 2117/3640/3029 2092/3601/2992
f 2094/3604/2995 2118/3641/3030 2092/3601/2992
f 2119/3643/3030 2091/3600/2991 2098/3612/3002
f 2119/3643/3030 2095/3606/2995 2091/3600/2991
f 2120/3645/3033 2097/3611/3001 2104/3624/3014
f 2120/3645/3033 2098/3612/3002 2097/3611/3001
f 2111/3634/3023 2071/3577/2968 2088/3596/2987
f 2117/3640/3029 2121/3646/3034 2100/3616/3006
f 2121/3646/3034 2101/3618/3008 2100/3616/3006
f 2122/3647/3035 2104/3624/3014 2105/3626/3016
f 2122/3647/3035 2120/3645/3033 2104/3624/3014
f 2123/3648/3036 2121/3646/3034 2117/3640/3029
f 2118/3641/3030 2123/3648/3036 2117/3640/3029
f 2124/3650/3036 2098/3612/3002 2120/3645/3033
f 2124/3650/3036 2119/3643/3030 2098/3612/3002
f 2125/3652/3039 2094/3605/2996 2108/3631/3020
f 2126/3653/3040 2108/3631/3020 2109/3632/3021
f 2126/3653/3040 2125/3652/3039 2108/3631/3020
f 2125/3652/3039 2118/3642/3031 2094/3605/2996
f 2127/3654/3041 2109/3632/3021 2110/3633/3022
f 2127/3654/3041 2126/3653/3040 2109/3632/3021
f 2112/3635/3024 2111/3634/3023 2128/3655/3042
f 2111/3634/3023 2088/3596/2987 2128/3655/3042
f 2113/3636/3025 2112/3635/3024 2129/3656/3043
f 2112/3635/3024 2128/3655/3042 2129/3656/3043
f 2114/3637/3026 2113/3636/3025 2130/3657/3043
f 2113/3636/3025 2129/3656/3043 2130/3657/3043
f 2115/3638/3027 2114/3637/3026 2131/3658/3044
f 2114/3637/3026 2130/3657/3043 2131/3658/3044
f 2116/3639/3028 2115/3638/3027 2132/3659/3045
f 2115/3638/3027 2131/3658/3044 2132/3659/3045
f 2085/3592/2983 2116/3639/3028 2133/3660/3046
f 2116/3639/3028 2132/3659/3045 2133/3660/3046
f 2085/3592/2983 2133/3660/3046 2086/3593/2984
f 2102/3619/3009 2134/3661/3047 2099/3613/3003
f 2099/3613/3003 2135/3663/3047 2106/3627/3017
f 2136/3665/3050 2099/3614/3004 2134/3662/3048
f 2137/3667/3052 2135/3664/3049 2099/3614/3004
f 2136/3665/3050 2137/3667/3052 2099/3614/3004
f 2101/3617/3007 2138/3669/3054 2103/3621/3011
f 2121/3646/3034 2139/3671/3056 2101/3618/3008
f 2139/3671/3056 2138/3670/3055 2101/3618/3008
f 2138/3669/3054 2102/3620/3010 2103/3621/3011
f 2138/3669/3054 2140/3672/3057 2102/3620/3010
f 2140/3672/3057 2134/3662/3048 2102/3620/3010
f 2141/3674/3059 2107/3630/3019 2106/3628/3018
f 2142/3676/3061 2141/3674/3059 2106/3628/3018
f 2142/3676/3061 2106/3628/3018 2135/3664/3049
f 2141/3674/3059 2105/3625/3015 2107/3630/3019
f 2143/3678/3063 2105/3626/3016 2141/3675/3060
f 2143/3678/3063 2122/3647/3035 2105/3626/3016
f 2128/3655/3042 2088/3596/2987 2095/3607/2997
f 2144/3679/3064 2139/3671/3056 2121/3646/3034
f 2123/3648/3036 2144/3679/3064 2121/3646/3034
f 2145/3681/3064 2120/3645/3033 2122/3647/3035
f 2145/3681/3064 2124/3650/3036 2120/3645/3033
f 2146/3683/3067 2140/3673/3058 2138/3670/3055
f 2139/3671/3056 2146/3683/3067 2138/3670/3055
f 2147/3684/3068 2141/3675/3060 2142/3677/3062
f 2147/3684/3068 2143/3678/3063 2141/3675/3060
f 2140/3672/3057 2136/3665/3050 2134/3662/3048
f 2148/3685/3069 2136/3666/3051 2140/3673/3058
f 2146/3683/3067 2148/3685/3069 2140/3673/3058
f 2137/3667/3052 2142/3676/3061 2135/3664/3049
f 2149/3686/3070 2142/3677/3062 2137/3668/3053
f 2149/3686/3070 2147/3684/3068 2142/3677/3062
f 2150/3687/3071 2146/3683/3067 2139/3671/3056
f 2144/3679/3064 2150/3687/3071 2139/3671/3056
f 2151/3689/3071 2122/3647/3035 2143/3678/3063
f 2151/3689/3071 2145/3681/3064 2122/3647/3035
f 2152/3691/3074 2118/3642/3031 2125/3652/3039
f 2153/3692/3075 2125/3652/3039 2126/3653/3040
f 2153/3692/3075 2152/3691/3074 2125/3652/3039
f 2152/3691/3074 2123/3649/3037 2118/3642/3031
f 2154/3693/3076 2126/3653/3040 2127/3654/3041
f 2154/3693/3076 2153/3692/3075 2126/3653/3040
f 2129/3656/3043 2128/3655/3042 2155/3695/3078
f 2128/3655/3042 2095/3607/2997 2155/3695/3078
f 2130/3657/3043 2129/3656/3043 2156/3696/3079
f 2129/3656/3043 2155/3695/3078 2156/3696/3079
f 2131/3658/3044 2130/3657/3043 2157/3697/3080
f 2130/3657/3043 2156/3696/3079 2157/3697/3080
f 2132/3659/3045 2131/3658/3044 2158/3699/3082
f 2131/3658/3044 2157/3697/3080 2158/3699/3082
f 2133/3660/3046 2132/3659/3045 2159/3700/3083
f 2132/3659/3045 2158/3699/3082 2159/3700/3083
f 2086/3593/2984 2133/3660/3046 2160/3701/3083
f 2133/3660/3046 2159/3700/3083 2160/3701/3083
f 2086/3593/2984 2160/3701/3083 2090/3599/2990
f 2161/3702/3084 2137/3668/3053 2136/3666/3051
f 2148/3685/3069 2161/3702/3084 2136/3666/3051
f 2161/3702/3084 2149/3686/3070 2137/3668/3053
f 2162/3703/3085 2148/3685/3069 2146/3683/3067
f 2150/3687/3071 2162/3703/3085 2146/3683/3067
f 2163/3705/3085 2143/3678/3063 2147/3684/3068
f 2163/3705/3085 2151/3689/3071 2143/3678/3063
f 2155/3695/3078 2095/3607/2997 2119/3644/3032
f 2164/3707/3088 2161/3702/3084 2148/3685/3069
f 2162/3703/3085 2164/3707/3088 2148/3685/3069
f 2165/3709/3088 2147/3684/3068 2149/3686/3070
f 2165/3709/3088 2163/3705/3085 2147/3684/3068
f 2166/3711/3091 2149/3686/3070 2161/3702/3084
f 2164/3707/3088 2166/3711/3091 2161/3702/3084
f 2166/3711/3091 2165/3709/3088 2149/3686/3070
f 2167/3713/3093 2123/3649/3037 2152/3691/3074
f 2168/3714/3094 2152/3691/3074 2153/3692/3075
f 2168/3714/3094 2167/3713/3093 2152/3691/3074
f 2167/3713/3093 2144/3680/3065 2123/3649/3037
f 2169/3715/3095 2153/3692/3075 2154/3693/3076
f 2169/3715/3095 2168/3714/3094 2153/3692/3075
f 2156/3696/3079 2155/3695/3078 2170/3717/3097
f 2155/3695/3078 2119/3644/3032 2170/3717/3097
f 2169/3716/3096 2154/3694/3077 2171/3718/3096
f 2157/3697/3080 2156/3696/3079 2172/3719/3098
f 2156/3696/3079 2170/3717/3097 2172/3719/3098
f 2157/3697/3080 2172/3719/3098 2173/3720/3099
f 2171/3718/3096 2157/3698/3081 2173/3721/3100
f 2170/3717/3097 2119/3644/3032 2124/3651/3038
f 2174/3722/3101 2144/3680/3065 2167/3713/3093
f 2175/3723/3102 2167/3713/3093 2168/3714/3094
f 2175/3723/3102 2174/3722/3101 2167/3713/3093
f 2174/3722/3101 2150/3688/3072 2144/3680/3065
f 2176/3724/3103 2168/3714/3094 2169/3715/3095
f 2176/3724/3103 2175/3723/3102 2168/3714/3094
f 2172/3719/3098 2170/3717/3097 2177/3726/3105
f 2170/3717/3097 2124/3651/3038 2177/3726/3105
f 2169/3716/3096 2171/3718/3096 2178/3727/3104
f 2178/3727/3104 2179/3728/3104 2169/3716/3096
f 2180/3729/3104 2176/3725/3104 2169/3716/3096
f 2179/3728/3104 2180/3729/3104 2169/3716/3096
f 2173/3720/3099 2172/3719/3098 2181/3730/3106
f 2172/3719/3098 2177/3726/3105 2181/3730/3106
f 2171/3718/3096 2173/3721/3100 2182/3731/3107
f 2171/3718/3096 2182/3731/3107 2178/3727/3104
f 2173/3720/3099 2181/3730/3106 2182/3732/3108
f 2178/3727/3104 2183/3733/3107 2179/3728/3104
f 2178/3727/3104 2184/3734/3107 2183/3733/3107
f 2177/3726/3105 2124/3651/3038 2145/3682/3066
f 2185/3735/3109 2150/3688/3072 2174/3722/3101
f 2185/3735/3109 2162/3704/3086 2150/3688/3072
f 2177/3726/3105 2145/3682/3066 2186/3736/3110
f 2186/3736/3110 2145/3682/3066 2151/3690/3073
f 2187/3737/3111 2174/3722/3101 2175/3723/3102
f 2187/3737/3111 2185/3735/3109 2174/3722/3101
f 2181/3730/3106 2177/3726/3105 2186/3736/3110
f 2181/3730/3106 2186/3736/3110 2188/3738/3112
f 2179/3728/3104 2189/3739/3113 2180/3729/3104
f 2183/3733/3107 2190/3740/3113 2179/3728/3104
f 2191/3741/3114 2162/3704/3086 2185/3735/3109
f 2191/3741/3114 2164/3708/3089 2162/3704/3086
f 2186/3736/3110 2151/3690/3073 2192/3742/3115
f 2192/3742/3115 2151/3690/3073 2163/3706/3087
f 2193/3743/3116 2185/3735/3109 2187/3737/3111
f 2193/3743/3116 2191/3741/3114 2185/3735/3109
f 2188/3738/3112 2186/3736/3110 2192/3742/3115
f 2188/3738/3112 2192/3742/3115 2194/3744/3117
f 2195/3745/3118 2166/3712/3092 2164/3708/3089
f 2195/3745/3118 2164/3708/3089 2191/3741/3114
f 2196/3746/3119 2163/3706/3087 2165/3710/3090
f 2192/3742/3115 2163/3706/3087 2196/3746/3119
f 2197/3747/3120 2165/3710/3090 2166/3712/3092
f 2197/3747/3120 2166/3712/3092 2195/3745/3118
f 2196/3746/3119 2165/3710/3090 2197/3747/3120
f 2198/3748/3121 2191/3741/3114 2193/3743/3116
f 2198/3748/3121 2195/3745/3118 2191/3741/3114
f 2194/3744/3117 2192/3742/3115 2196/3746/3119
f 2194/3744/3117 2196/3746/3119 2199/3749/3122
f 2200/3750/3123 2195/3745/3118 2198/3748/3121
f 2200/3750/3123 2197/3747/3120 2195/3745/3118
f 2199/3749/3122 2196/3746/3119 2197/3747/3120
f 2199/3749/3122 2197/3747/3120 2200/3750/3123
g Mesh_body_26
v 0.0718083 0.324356 0.263326 0.627451 0.627451 0.643137
v 0.0631778 0.324356 0.263326 0.627451 0.627451 0.643137
v 0.0631778 0.324356 0.263898 0.627451 0.627451 0.643137
v 0.0718083 0.322749 0.263175 0.627451 0.627451 0.643137
v 0.0718083 0.324356 0.263898 0.627451 0.627451 0.643137
v 0.0718083 0.322228 0.263175 0.627451 0.627451 0.643137
v 0.0718083 0.323031 0.263326 0.627451 0.627451 0.643137
v 0.0631778 0.323031 0.264082 0.627451 0.627451 0.643137
v 0.0631778 0.323031 0.263326 0.627451 0.627451 0.643137
v 0.0631778 0.322749 0.263175 0.627451 0.627451 0.643137
v 0.0718083 0.323031 0.264082 0.627451 0.627451 0.643137
v 0.0631778 0.321706 0.264139 0.627451 0.627451 0.643137
v 0.0718083 0.321706 0.264139 0.627451 0.627451 0.643137
v 0.0631778 0.322749 0.258175 0.627451 0.627451 0.643137
v 0.0718083 0.322749 0.258175 0.627451 0.627451 0.643137
v 0.0631778 0.322228 0.263175 0.627451 0.627451 0.643137
v 0.0631778 0.321706 0.263326 0.627451 0.627451 0.643137
v 0.0631778 0.322228 0.258175 0.627451 0.627451 0.643137
v 0.0718083 0.321706 0.263326 0.627451 0.627451 0.643137
v 0.0718083 0.321706 0.263175 0.627451 0.627451 0.643137
v 0.0718083 0.322228 0.258175 0.627451 0.627451 0.643137
v 0.0631778 0.320381 0.264082 0.627451 0.627451 0.643137
v 0.0718083 0.320381 0.264082 0.627451 0.627451 0.643137
v 0.0631778 0.321706 0.263175 0.627451 0.627451 0.643137
v 0.0631778 0.321706 0.258175 0.627451 0.627451 0.643137
v 0.0631778 0.320381 0.263326 0.627451 0.627451 0.643137
v 0.0718083 0.320381 0.263326 0.627451 0.627451 0.643137
v 0.0718083 0.321185 0.263175 0.627451 0.627451 0.643137
v 0.0718083 0.321706 0.258175 0.627451 0.627451 0.643137
v 0.0631778 0.321185 0.258175 0.627451 0.627451 0.643137
v 0.0631778 0.321185 0.263175 0.627451 0.627451 0.643137
v 0.0718083 0.321185 0.258175 0.627451 0.627451 0.643137
v 0.0631778 0.320663 0.258175 0.627451 0.627451 0.643137
v 0.0631778 0.319057 0.263326 0.627451 0.627451 0.643137
v 0.0631778 0.319057 0.263898 0.627451 0.627451 0.643137
v 0.0631778 0.320663 0.263175 0.627451 0.627451 0.643137
v 0.0718083 0.319057 0.263898 0.627451 0.627451 0.643137
v 0.0718083 0.319057 0.263326 0.627451 0.627451 0.643137
v 0.0718083 0.320663 0.263175 0.627451 0.627451 0.643137
v 0.0718083 0.320663 0.258175 0.627451 0.627451 0.643137
vn -6.12323e-17 1 0
vn 1 6.12323e-17 0
vn -5.6995e-18 0.0930798 -0.995659
vn -6.12323e-17 1 0
vn -1 -6.12323e-17 0
vn -8.42297e-18 0.137557 0.990494
vn -5.6995e-18 0.0930798 -0.995659
vn 1 6.12323e-17 0
vn -6.12323e-17 1 0
vn -8.42297e-18 0.137557 0.990494
vn 1 6.12323e-17 0
vn -1 -6.12323e-17 0
vn -5.52317e-18 0.0902002 0.995924
vn -5.6995e-18 0.0930798 -0.995659
vn -6.12323e-17 1 0
vn -1 -6.12323e-17 0
vn -5.52317e-18 0.0902002 0.995924
vn 1 6.12323e-17 0
vn -1 -6.12323e-17 0
vn 0 0 1
vn 1 6.12323e-17 0
vn -6.12323e-17 1 0
vn 0 0 -1
vn -1 -6.12323e-17 0
vn 1 6.12323e-17 0
vn 0 0 -1
vn -6.12323e-17 1 0
vn -1 -6.12323e-17 0
vn 0 0 -1
vn 1 6.12323e-17 0
vn -1 -6.12323e-17 0
vn 5.52317e-18 -0.0902002 0.995924
vn 1 6.12323e-17 0
vn -1 -6.12323e-17 0
vn 0 0 -1
vn 1 6.12323e-17 0
vn -1 -6.12323e-17 0
vn 0 0 -1
vn 1 6.12323e-17 0
vn -1 -6.12323e-17 0
vn 0 0 -1
vn 6.12323e-17 -1 0
vn -1 -6.12323e-17 0
vn 5.6995e-18 -0.0930798 -0.995659
vn 6.12323e-17 -1 0
vn -1 -6.12323e-17 0
vn 8.42296e-18 -0.137557 0.990494
vn 6.12323e-17 -1 0
vn 5.6995e-18 -0.0930798 -0.995659
vn 8.42296e-18 -0.137557 0.990494
vn 6.12323e-17 -1 0
vn 1 6.12323e-17 0
vn 5.6995e-18 -0.0930798 -0.995659
vn 6.12323e-17 -1 0
vn 0 0 -1
vn 1 6.12323e-17 0
vn 6.12323e-17 -1 0
vt 0.976562 -0.992188
vt 0.976562 -0.992188
vt 0.976562 -0.992188
vt 0.0078125 -0.0234375
vt 0.0078125 -0.0234375
vt 0.0078125 -0.0234375
vt 0.0078125 -0.992188
vt 0.0078125 -0.992188
vt 0.0078125 -0.992188
vt 0.0234375 -0.0078125
vt 0.0234375 -0.0078125
vt 0.0234375 -0.0078125
vt 0.0078125 0.0078125
vt 0.0078125 0.0078125
vt 0.0078125 0.0078125
vt 0.0234375 0.992188
vt -0.0234375 0.0078125
vt -0.992188 -0.0234375
vt -0.992188 -0.0234375
vt -0.0078125 -0.976562
vt 1.00781 -1.02344
vt 1.00781 -1.02344
vt 1.00781 -1.02344
vt 1.97656 -0.992188
vt 1.97656 -0.992188
vt 1.00781 0.976562
vt 1.00781 0.976562
vt 1.02344 0.992188
vt 1.02344 0.992188
vt 1.02344 1.99219
vt 1.02344 1.99219
vt 1.02344 1.99219
vt 0.976562 1.00781
vt 0.976562 1.00781
vt 0.976562 1.00781
vt -0.992188 1.97656
vt -0.0078125 1.02344
vt -1.97656 1.99219
vt -1.97656 1.99219
vt -1.02344 -0.992188
vt -1.02344 -1.99219
vt -0.0234375 -1.99219
vt -0.0234375 -1.99219
vt 0.0078125 -1.02344
vt 0.0078125 -1.02344
vt 0.0234375 -1.00781
vt 0.0234375 -1.00781
vt 2.99219 -2.97656
vt 2.97656 -1.99219
vt 2.97656 -1.99219
vt 2.00781 -0.0234375
vt 2.97656 0.0078125
vt 2.97656 1.00781
vt 2.00781 2.00781
vt 2.00781 2.00781
vt -0.0234375 2.00781
vt -0.0234375 2.00781
vt -1.99219 2.97656
vt -2.99219 2.97656
vt -2.99219 2.97656
vt -2.02344 1.00781
vt -2.02344 1.00781
vt -2.02344 1.00781
vt -2.99219 0.976562
vt -2.99219 0.976562
vt -2.99219 0.976562
vt -2.00781 0.0234375
vt -2.00781 0.0234375
vt -2.00781 0.0234375
vt -2.00781 -0.976562
vt -2.00781 -0.976562
vt -2.00781 -0.976562
vt -2.97656 -1.00781
vt -2.97656 -1.00781
vt -2.97656 -1.00781
vt -2.97656 -2.00781
vt -2.97656 -2.00781
vt -2.97656 -2.00781
vt -1.00781 -2.00781
vt -1.00781 -2.00781
vt -1.00781 -2.00781
vt -0.0078125 -2.97656
vt -0.0078125 -2.97656
vt -0.0078125 -2.97656
f 2201/3751/3124 2202/3754/3127 2203/3757/3127
f 2204/3760/3130 2202/3755/3126 2201/3753/3126
f 2201/3751/3124 2203/3757/3127 2205/3763/3132
f 2206/3766/3134 2204/3761/3131 2201/3752/3125
f 2207/3767/3134 2201/3752/3125 2205/3765/3134
f 2206/3766/3134 2201/3752/3125 2207/3767/3134
f 2202/3756/3128 2208/3768/3135 2203/3758/3128
f 2202/3756/3128 2209/3770/3135 2208/3768/3135
f 2204/3760/3130 2210/3771/3137 2202/3755/3126
f 2210/3773/3139 2209/3770/3135 2202/3756/3128
f 2211/3774/3140 2203/3759/3129 2208/3769/3136
f 2211/3774/3140 2205/3764/3133 2203/3759/3129
f 2209/3770/3135 2212/3776/3142 2208/3768/3135
f 2213/3778/3143 2211/3774/3140 2208/3769/3136
f 2213/3778/3143 2208/3769/3136 2212/3777/3143
f 2214/3780/3145 2210/3772/3138 2204/3762/3132
f 2215/3783/3148 2204/3761/3131 2206/3766/3134
f 2214/3780/3145 2204/3762/3132 2215/3785/3150
f 2210/3773/3139 2216/3786/3151 2209/3770/3135
f 2209/3770/3135 2217/3787/3151 2212/3776/3142
f 2216/3786/3151 2217/3787/3151 2209/3770/3135
f 2218/3788/3151 2216/3786/3151 2210/3773/3139
f 2218/3788/3151 2210/3773/3139 2214/3782/3147
f 2207/3767/3134 2205/3765/3134 2211/3775/3141
f 2219/3790/3153 2207/3767/3134 2211/3775/3141
f 2219/3790/3153 2211/3775/3141 2213/3779/3144
f 2220/3791/3153 2206/3766/3134 2207/3767/3134
f 2220/3791/3153 2207/3767/3134 2219/3790/3153
f 2221/3792/3153 2206/3766/3134 2220/3791/3153
f 2215/3783/3148 2206/3766/3134 2221/3792/3153
f 2217/3787/3151 2222/3794/3154 2212/3776/3142
f 2223/3796/3155 2213/3778/3143 2212/3777/3143
f 2223/3796/3155 2212/3777/3143 2222/3795/3155
f 2216/3786/3151 2224/3798/3157 2217/3787/3151
f 2225/3799/3157 2216/3786/3151 2218/3788/3151
f 2225/3799/3157 2224/3798/3157 2216/3786/3151
f 2224/3798/3157 2226/3801/3157 2217/3787/3151
f 2217/3787/3151 2226/3801/3157 2222/3794/3154
f 2227/3802/3159 2219/3790/3153 2213/3779/3144
f 2227/3802/3159 2213/3779/3144 2223/3797/3156
f 2228/3803/3159 2220/3791/3153 2219/3790/3153
f 2228/3803/3159 2219/3790/3153 2227/3802/3159
f 2221/3792/3153 2220/3791/3153 2229/3804/3159
f 2229/3804/3159 2220/3791/3153 2228/3803/3159
f 2215/3784/3149 2218/3789/3152 2214/3781/3146
f 2215/3784/3149 2221/3793/3152 2218/3789/3152
f 2221/3793/3152 2225/3800/3158 2218/3789/3152
f 2221/3793/3152 2229/3805/3158 2225/3800/3158
f 2230/3806/3160 2224/3798/3157 2225/3799/3157
f 2229/3805/3158 2230/3807/3161 2225/3800/3158
f 2230/3806/3160 2231/3808/3160 2224/3798/3157
f 2224/3798/3157 2231/3808/3160 2226/3801/3157
f 2229/3805/3158 2232/3809/3161 2230/3807/3161
f 2229/3804/3159 2228/3803/3159 2232/3810/3162
f 2233/3811/3163 2231/3808/3160 2230/3806/3160
f 2232/3809/3161 2233/3812/3164 2230/3807/3161
f 2231/3808/3160 2234/3814/3166 2226/3801/3157
f 2226/3801/3157 2235/3817/3169 2222/3794/3154
f 2226/3801/3157 2234/3814/3166 2235/3817/3169
f 2233/3811/3163 2236/3820/3169 2231/3808/3160
f 2231/3808/3160 2236/3820/3169 2234/3814/3166
f 2237/3823/3173 2223/3796/3155 2222/3795/3155
f 2237/3823/3173 2222/3795/3155 2235/3819/3170
f 2238/3826/3175 2227/3802/3159 2223/3797/3156
f 2238/3826/3175 2223/3797/3156 2237/3825/3175
f 2232/3810/3162 2228/3803/3159 2239/3829/3175
f 2239/3829/3175 2228/3803/3159 2227/3802/3159
f 2232/3809/3161 2240/3832/3178 2233/3812/3164
f 2232/3810/3162 2239/3829/3175 2240/3833/3179
f 2239/3829/3175 2227/3802/3159 2238/3826/3175
f 2240/3834/3180 2236/3821/3171 2233/3813/3165
f 2236/3822/3172 2238/3828/3176 2234/3815/3167
f 2240/3834/3180 2239/3831/3177 2236/3821/3171
f 2236/3822/3172 2239/3830/3176 2238/3828/3176
f 2234/3816/3168 2238/3827/3174 2237/3824/3174
f 2234/3816/3168 2237/3824/3174 2235/3818/3168
g Mesh_body_27
v 0.0780741 0.325403 0.259451 0.627451 0.627451 0.643137
v 0.0780741 0.325403 0.263554 0.627451 0.627451 0.643137
v 0.080442 0.325403 0.263554 0.627451 0.627451 0.643137
v 0.0776058 0.325015 0.259451 0.627451 0.627451 0.643137
v 0.080442 0.325403 0.259451 0.627451 0.627451 0.643137
v 0.0774118 0.324077 0.259451 0.627451 0.627451 0.643137
v 0.0809103 0.325015 0.259451 0.627451 0.627451 0.643137
v 0.0811043 0.319336 0.259451 0.627451 0.627451 0.643137
v 0.0776058 0.318398 0.259451 0.627451 0.627451 0.643137
v 0.0780741 0.325015 0.264188 0.627451 0.627451 0.643137
v 0.0776058 0.325015 0.263554 0.627451 0.627451 0.643137
v 0.0776917 0.324843 0.264072 0.627451 0.627451 0.643137
v 0.0809103 0.325015 0.263554 0.627451 0.627451 0.643137
v 0.080442 0.325015 0.264188 0.627451 0.627451 0.643137
v 0.0808244 0.324843 0.264072 0.627451 0.627451 0.643137
v 0.0811043 0.324077 0.259451 0.627451 0.627451 0.643137
v 0.0811043 0.324077 0.263554 0.627451 0.627451 0.643137
v 0.0774118 0.319336 0.259451 0.627451 0.627451 0.643137
v 0.0774118 0.324077 0.263554 0.627451 0.627451 0.643137
v 0.080442 0.31801 0.259451 0.627451 0.627451 0.643137
v 0.0811043 0.319336 0.263554 0.627451 0.627451 0.643137
v 0.0809103 0.318398 0.263554 0.627451 0.627451 0.643137
v 0.0809103 0.318398 0.259451 0.627451 0.627451 0.643137
v 0.0774118 0.319336 0.263554 0.627451 0.627451 0.643137
v 0.0776058 0.318398 0.263554 0.627451 0.627451 0.643137
v 0.0780741 0.31801 0.259451 0.627451 0.627451 0.643137
v 0.0780741 0.324077 0.264451 0.627451 0.627451 0.643137
v 0.0776058 0.324077 0.264188 0.627451 0.627451 0.643137
v 0.080442 0.324077 0.264451 0.627451 0.627451 0.643137
v 0.0809103 0.324077 0.264188 0.627451 0.627451 0.643137
v 0.0776058 0.319336 0.264188 0.627451 0.627451 0.643137
v 0.080442 0.319336 0.264451 0.627451 0.627451 0.643137
v 0.0780741 0.319336 0.264451 0.627451 0.627451 0.643137
v 0.0809103 0.319336 0.264188 0.627451 0.627451 0.643137
v 0.0776917 0.31857 0.264072 0.627451 0.627451 0.643137
v 0.0780741 0.318398 0.264188 0.627451 0.627451 0.643137
v 0.0808244 0.31857 0.264072 0.627451 0.627451 0.643137
v 0.080442 0.318398 0.264188 0.627451 0.627451 0.643137
v 0.0780741 0.31801 0.263554 0.627451 0.627451 0.643137
v 0.080442 0.31801 0.263554 0.627451 0.627451 0.643137
vn -6.12323e-17 1 0
vn 0 0 -1
vn -0.638373 0.769727 1.0802e-15
vn -6.12323e-17 1 0
vn -0.611522 0.771329 0.176329
vn -5.22167e-17 0.852763 0.522298
vn -6.12323e-17 1 0
vn 0.611522 0.771329 0.176329
vn -0.638373 0.769727 1.0802e-15
vn 0 0 -1
vn -0.979265 0.202583 2.10117e-17
vn -6.12323e-17 1 0
vn 0.638373 0.769727 8.25114e-17
vn 0 0 -1
vn -0.994803 0.101821 9.01941e-18
vn 0.638373 0.769727 8.25114e-17
vn 0.979265 0.202583 2.10117e-17
vn 0 0 -1
vn 0.994803 -0.101821 0
vn -0.638373 -0.769727 9.52522e-16
vn -0.979265 -0.202583 1.67748e-15
vn -5.22167e-17 0.852763 0.522298
vn -0.476973 0.749509 0.459057
vn -0.382852 0.249192 0.889566
vn -1.65171e-17 0.269744 0.962932
vn -0.628302 0.757584 0.176925
vn -0.974176 0.201531 0.101815
vn -0.531683 0.741248 0.409712
vn -0.951777 0.179932 0.248486
vn -0.412866 0.230085 0.88125
vn 0.628302 0.757584 0.176925
vn 0.974176 0.201531 0.101815
vn -5.22167e-17 0.852763 0.522298
vn -1.65171e-17 0.269744 0.962932
vn 0.382852 0.249192 0.889566
vn 0.476973 0.749509 0.459057
vn 0.531683 0.741248 0.409712
vn 0.412866 0.230085 0.88125
vn 0.951777 0.179932 0.248486
vn 0 0 -1
vn 0.994803 0.101821 1.05607e-17
vn 0.985732 0.0933881 0.140042
vn 0 0 -1
vn -0.994803 -0.101821 1.30707e-15
vn -0.985732 0.0933881 0.140042
vn 0 0 -1
vn 0.638373 -0.769727 0
vn 6.12323e-17 -1 0
vn 0.985732 -0.093388 0.140042
vn 0.974176 -0.201531 0.101815
vn 0.628302 -0.757584 0.176925
vn 0.979265 -0.202583 0
vn 0.638373 -0.769727 0
vn 0 0 -1
vn -0.985732 -0.093388 0.140042
vn -0.974176 -0.201531 0.101815
vn -0.628302 -0.757584 0.176925
vn -0.638373 -0.769727 9.52522e-16
vn 0 0 -1
vn 6.12323e-17 -1 0
vn -0.473227 0.0986578 0.875399
vn -8.33614e-18 0.136139 0.99069
vn -0.953745 0.0725014 0.291743
vn -0.487119 0.0918433 0.868493
vn 0.473227 0.0986578 0.875399
vn -8.33614e-18 0.136139 0.99069
vn 0.487119 0.0918433 0.868493
vn 0.953745 0.0725014 0.291743
vn -0.953745 -0.0725014 0.291743
vn -0.487119 -0.0918433 0.868493
vn 8.33614e-18 -0.136139 0.99069
vn 0.473227 -0.0986578 0.875399
vn -0.473227 -0.0986578 0.875399
vn 8.33614e-18 -0.136139 0.99069
vn 0.487119 -0.0918433 0.868493
vn 0.953745 -0.0725014 0.291743
vn -0.951777 -0.179932 0.248486
vn -0.531683 -0.741248 0.409712
vn -0.412866 -0.230085 0.88125
vn 1.6517e-17 -0.269744 0.962932
vn -0.382853 -0.249192 0.889566
vn -0.476974 -0.749509 0.459057
vn 5.22167e-17 -0.852763 0.522298
vn 0.412866 -0.230085 0.88125
vn 0.531683 -0.741248 0.409712
vn 0.951777 -0.179932 0.248486
vn 1.6517e-17 -0.269744 0.962932
vn 5.22167e-17 -0.852763 0.522298
vn 0.476974 -0.749509 0.459057
vn 0.382853 -0.249192 0.889566
vn -0.611522 -0.771329 0.176329
vn 6.12323e-17 -1 0
vn 5.22167e-17 -0.852763 0.522298
vn 0.611522 -0.771329 0.176329
vn 6.12323e-17 -1 0
vt 0.976562 -0.992188
vt 0.976562 -0.992188
vt 0.976562 -0.992188
vt 0.0078125 -0.0234375
vt 0.0078125 -0.0234375
vt 0.0078125 -0.0234375
vt 0.0078125 -0.992188
vt 0.0078125 -0.992188
vt 0.0078125 -0.992188
vt 0.0234375 -0.0078125
vt 0.0234375 -0.0078125
vt 0.0234375 -0.0078125
vt 0.0078125 0.0078125
vt 0.0078125 0.0078125
vt 0.0078125 0.0078125
vt 0.0234375 0.992188
vt 0.0234375 0.992188
vt -0.992188 0.0078125
vt -0.992188 0.0078125
vt -0.992188 0.0078125
vt -0.0078125 0.992188
vt -0.0078125 0.992188
vt -0.0234375 -0.992188
vt -0.0234375 -0.992188
vt -0.0234375 -0.992188
vt 1.97656 -1.99219
vt 1.97656 -1.99219
vt 1.97656 -1.99219
vt 1.97656 -1.99219
vt 1.99219 -1.97656
vt 1.99219 -1.97656
vt 1.00781 -0.0234375
vt 1.00781 -0.0234375
vt 1.00781 -0.0234375
vt 1.97656 0.0078125
vt 1.97656 0.0078125
vt 1.99219 0.0234375
vt 1.99219 0.0234375
vt 1.99219 0.0234375
vt 1.99219 0.0234375
vt 1.00781 1.97656
vt 1.00781 1.97656
vt 1.00781 1.97656
vt -0.992188 1.97656
vt -0.992188 1.97656
vt -0.976562 1.99219
vt -1.00781 1.02344
vt -1.00781 1.02344
vt -1.99219 0.976562
vt -1.99219 -0.0234375
vt -1.99219 -0.0234375
vt -1.99219 -0.0234375
vt -1.00781 -0.976562
vt -1.02344 -1.99219
vt -1.02344 -1.99219
vt -1.00781 -1.97656
vt -1.00781 -1.97656
vt -1.00781 -1.97656
vt -0.976562 -1.00781
vt 0.0078125 -1.99219
vt 0.0078125 -1.99219
vt 0.992188 -1.00781
vt 0.992188 -1.00781
vt 0.992188 -1.00781
vt 2.02344 -2.00781
vt 2.02344 -2.00781
vt 2.00781 -0.0234375
vt 2.00781 -0.0234375
vt 2.02344 0.992188
vt 2.02344 0.992188
vt 2.99219 1.02344
vt 2.99219 1.02344
vt 2.02344 2.99219
vt 2.02344 2.99219
vt 0.976562 2.00781
vt 0.976562 2.00781
vt 0.0234375 2.99219
vt 0.0234375 2.99219
vt -0.0078125 2.02344
vt -0.0078125 2.02344
vt -2.00781 1.02344
vt -2.00781 1.02344
vt -2.00781 1.02344
vt -2.99219 -0.992188
vt -2.99219 -0.992188
vt -2.99219 -0.992188
vt -2.99219 -0.992188
vt -2.99219 -1.02344
vt -2.99219 -1.02344
vt -2.99219 -1.02344
vt -2.00781 -1.00781
vt -2.00781 -1.00781
vt -2.00781 -1.00781
vt -2.00781 -1.00781
vt -1.97656 -2.00781
vt -1.97656 -2.00781
vt -1.97656 -2.00781
vt 0.0234375 -2.00781
vt 0.0234375 -2.00781
vt 0.0234375 -2.00781
f 2241/3835/3181 2242/3838/3184 2243/3841/3187
f 2244/3844/3189 2242/3839/3185 2241/3837/3183
f 2241/3835/3181 2243/3841/3187 2245/3847/3192
f 2246/3850/3194 2244/3845/3190 2241/3836/3182
f 2241/3836/3182 2245/3849/3194 2247/3852/3194
f 2241/3836/3182 2247/3852/3194 2248/3855/3198
f 2249/3857/3198 2246/3850/3194 2241/3836/3182
f 2248/3855/3198 2249/3857/3198 2241/3836/3182
f 2250/3860/3202 2243/3842/3186 2242/3840/3186
f 2244/3844/3189 2251/3864/3206 2242/3839/3185
f 2242/3839/3185 2252/3866/3208 2250/3861/3203
f 2242/3839/3185 2251/3864/3206 2252/3866/3208
f 2253/3869/3211 2245/3848/3193 2243/3843/3188
f 2250/3860/3202 2254/3871/3213 2243/3842/3186
f 2243/3843/3188 2255/3875/3217 2253/3869/3211
f 2243/3843/3188 2254/3874/3216 2255/3875/3217
f 2246/3851/3195 2251/3865/3207 2244/3846/3191
f 2253/3869/3211 2247/3853/3196 2245/3848/3193
f 2247/3852/3194 2256/3878/3220 2248/3855/3198
f 2257/3880/3222 2247/3854/3197 2253/3870/3212
f 2257/3880/3222 2256/3879/3221 2247/3854/3197
f 2249/3857/3198 2258/3881/3223 2246/3850/3194
f 2246/3851/3195 2259/3883/3225 2251/3865/3207
f 2258/3882/3224 2259/3883/3225 2246/3851/3195
f 2248/3855/3198 2260/3884/3226 2249/3857/3198
f 2256/3879/3221 2261/3887/3229 2248/3856/3199
f 2262/3888/3230 2248/3856/3199 2261/3887/3229
f 2262/3888/3230 2263/3890/3232 2248/3856/3199
f 2248/3855/3198 2263/3892/3234 2260/3884/3226
f 2264/3893/3235 2258/3882/3224 2249/3859/3201
f 2264/3893/3235 2249/3859/3201 2265/3894/3236
f 2265/3895/3237 2249/3858/3200 2266/3896/3238
f 2260/3884/3226 2266/3897/3239 2249/3857/3198
f 2267/3899/3241 2250/3862/3204 2252/3868/3210
f 2267/3900/3242 2254/3872/3214 2250/3863/3205
f 2259/3883/3225 2252/3867/3209 2251/3865/3207
f 2259/3883/3225 2268/3901/3243 2252/3867/3209
f 2267/3899/3241 2252/3868/3210 2268/3902/3244
f 2257/3880/3222 2253/3870/3212 2255/3877/3219
f 2269/3903/3245 2255/3876/3218 2254/3873/3215
f 2267/3900/3242 2269/3904/3246 2254/3872/3214
f 2269/3903/3245 2270/3905/3247 2255/3876/3218
f 2257/3880/3222 2255/3877/3219 2270/3906/3248
f 2271/3907/3249 2268/3901/3243 2259/3883/3225
f 2258/3882/3224 2264/3893/3235 2259/3883/3225
f 2271/3907/3249 2259/3883/3225 2264/3893/3235
f 2272/3909/3251 2269/3904/3246 2267/3900/3242
f 2273/3911/3253 2267/3899/3241 2268/3902/3244
f 2272/3909/3251 2267/3900/3242 2273/3912/3254
f 2269/3903/3245 2274/3913/3255 2270/3905/3247
f 2269/3903/3245 2272/3910/3252 2274/3913/3255
f 2256/3879/3221 2257/3880/3222 2261/3887/3229
f 2270/3906/3248 2261/3887/3229 2257/3880/3222
f 2273/3911/3253 2268/3902/3244 2271/3908/3250
f 2270/3906/3248 2274/3914/3256 2261/3887/3229
f 2264/3893/3235 2275/3915/3257 2271/3907/3249
f 2273/3911/3253 2271/3908/3250 2275/3917/3259
f 2264/3893/3235 2265/3894/3236 2275/3915/3257
f 2272/3909/3251 2273/3912/3254 2276/3918/3260
f 2273/3911/3253 2275/3917/3259 2276/3919/3261
f 2272/3910/3252 2277/3922/3264 2274/3913/3255
f 2272/3909/3251 2276/3918/3260 2278/3925/3267
f 2272/3910/3252 2278/3928/3270 2277/3922/3264
f 2261/3887/3229 2274/3914/3256 2277/3924/3266
f 2261/3887/3229 2277/3924/3266 2262/3888/3230
f 2279/3929/3271 2275/3916/3258 2265/3895/3237
f 2279/3929/3271 2276/3920/3262 2275/3916/3258
f 2265/3895/3237 2266/3896/3238 2279/3929/3271
f 2278/3926/3268 2276/3921/3263 2279/3931/3273
f 2280/3932/3274 2277/3923/3265 2278/3927/3269
f 2280/3932/3274 2262/3889/3231 2277/3923/3265
f 2278/3926/3268 2279/3931/3273 2280/3933/3273
f 2280/3932/3274 2263/3891/3233 2262/3889/3231
f 2280/3932/3274 2260/3885/3227 2263/3891/3233
f 2260/3886/3228 2280/3934/3275 2279/3930/3272
f 2260/3886/3228 2279/3930/3272 2266/3898/3240
g Mesh_body_28
v 0.0762808 0.334038 0.196512 0.627451 0.627451 0.643137
v 0.0762808 0.334038 0.203256 0.627451 0.627451 0.643137
v 0.0971062 0.334038 0.203256 0.627451 0.627451 0.643137
v 0.0762808 0.330469 0.196512 0.627451 0.627451 0.643137
v 0.0971062 0.334038 0.196512 0.627451 0.627451 0.643137
v 0.100702 0.332205 0.196512 0.627451 0.627451 0.643137
v 0.0984798 0.33382 0.196512 0.627451 0.627451 0.643137
v 0.0971062 0.334038 0.235839 0.627451 0.627451 0.643137
v 0.0762808 0.330469 0.203256 0.627451 0.627451 0.643137
v 0.0762808 0.334038 0.235839 0.627451 0.627451 0.643137
v 0.0984798 0.33382 0.203256 0.627451 0.627451 0.643137
v 0.0984798 0.33382 0.235839 0.627451 0.627451 0.643137
v 0.0762808 0.3269 0.196512 0.627451 0.627451 0.643137
v 0.0997188 0.333189 0.196512 0.627451 0.627451 0.643137
v 0.0997188 0.333189 0.203256 0.627451 0.627451 0.643137
v 0.100702 0.332205 0.203256 0.627451 0.627451 0.643137
v 0.101334 0.330966 0.203256 0.627451 0.627451 0.643137
v 0.101334 0.330966 0.196512 0.627451 0.627451 0.643137
v 0.101551 0.329593 0.196512 0.627451 0.627451 0.643137
v 0.101551 0.323039 0.196512 0.627451 0.627451 0.643137
v 0.0762808 0.325116 0.196512 0.627451 0.627451 0.643137
v 0.101551 0.316485 0.196512 0.627451 0.627451 0.643137
v 0.0971062 0.305487 0.196512 0.627451 0.627451 0.643137
v 0.101334 0.308558 0.196512 0.627451 0.627451 0.643137
v 0.0971062 0.334038 0.2412 0.627451 0.627451 0.643137
v 0.0762808 0.330469 0.235839 0.627451 0.627451 0.643137
v 0.0762808 0.334038 0.2412 0.627451 0.627451 0.643137
v 0.0984798 0.33382 0.2412 0.627451 0.627451 0.643137
v 0.0762808 0.3269 0.203256 0.627451 0.627451 0.643137
v 0.0762808 0.330469 0.2412 0.627451 0.627451 0.643137
v 0.0770016 0.3269 0.2412 0.627451 0.627451 0.643137
v 0.0997188 0.333189 0.2412 0.627451 0.627451 0.643137
v 0.101334 0.330966 0.2412 0.627451 0.627451 0.643137
v 0.101551 0.316485 0.2412 0.627451 0.627451 0.643137
v 0.0770016 0.321547 0.2412 0.627451 0.627451 0.643137
v 0.0770016 0.325116 0.2412 0.627451 0.627451 0.643137
v 0.0770016 0.323331 0.2412 0.627451 0.627451 0.643137
v 0.0762808 0.3269 0.235839 0.627451 0.627451 0.643137
v 0.0762808 0.3269 0.2412 0.627451 0.627451 0.643137
v 0.0997188 0.333189 0.235839 0.627451 0.627451 0.643137
v 0.100702 0.332205 0.2412 0.627451 0.627451 0.643137
v 0.101551 0.323039 0.2412 0.627451 0.627451 0.643137
v 0.100702 0.332205 0.235839 0.627451 0.627451 0.643137
v 0.101334 0.330966 0.235839 0.627451 0.627451 0.643137
v 0.101551 0.329593 0.2412 0.627451 0.627451 0.643137
v 0.0984798 0.305704 0.2412 0.627451 0.627451 0.643137
v 0.101551 0.323039 0.235839 0.627451 0.627451 0.643137
v 0.101551 0.316485 0.235839 0.627451 0.627451 0.643137
v 0.101551 0.309932 0.2412 0.627451 0.627451 0.643137
v 0.100702 0.307319 0.2412 0.627451 0.627451 0.643137
v 0.101334 0.308558 0.2412 0.627451 0.627451 0.643137
v 0.0770016 0.325116 0.235839 0.627451 0.627451 0.643137
v 0.0770016 0.3269 0.235839 0.627451 0.627451 0.643137
v 0.0762808 0.323331 0.2412 0.627451 0.627451 0.643137
v 0.0762808 0.325116 0.235839 0.627451 0.627451 0.643137
v 0.0762808 0.325116 0.2412 0.627451 0.627451 0.643137
v 0.0770016 0.321547 0.235839 0.627451 0.627451 0.643137
v 0.0770016 0.323331 0.235839 0.627451 0.627451 0.643137
v 0.0762808 0.321547 0.235839 0.627451 0.627451 0.643137
v 0.0762808 0.321547 0.2412 0.627451 0.627451 0.643137
v 0.0762808 0.319762 0.2412 0.627451 0.627451 0.643137
v 0.0762808 0.317978 0.2412 0.627451 0.627451 0.643137
v 0.0770016 0.317978 0.2412 0.627451 0.627451 0.643137
v 0.101551 0.329593 0.203256 0.627451 0.627451 0.643137
v 0.101551 0.329593 0.235839 0.627451 0.627451 0.643137
v 0.101551 0.323039 0.203256 0.627451 0.627451 0.643137
v 0.101551 0.316485 0.203256 0.627451 0.627451 0.643137
v 0.0762808 0.323331 0.196512 0.627451 0.627451 0.643137
v 0.0762808 0.325116 0.203256 0.627451 0.627451 0.643137
v 0.0997188 0.306336 0.196512 0.627451 0.627451 0.643137
v 0.0762808 0.321547 0.196512 0.627451 0.627451 0.643137
v 0.0762808 0.319762 0.196512 0.627451 0.627451 0.643137
v 0.0762808 0.317978 0.196512 0.627451 0.627451 0.643137
v 0.0762808 0.316193 0.196512 0.627451 0.627451 0.643137
v 0.0762808 0.314409 0.196512 0.627451 0.627451 0.643137
v 0.0762808 0.312625 0.196512 0.627451 0.627451 0.643137
v 0.0762808 0.309056 0.196512 0.627451 0.627451 0.643137
v 0.0762808 0.305487 0.196512 0.627451 0.627451 0.643137
v 0.0762808 0.305487 0.203256 0.627451 0.627451 0.643137
v 0.0971062 0.305487 0.203256 0.627451 0.627451 0.643137
v 0.0984798 0.305704 0.196512 0.627451 0.627451 0.643137
v 0.101551 0.309932 0.196512 0.627451 0.627451 0.643137
v 0.101551 0.309932 0.203256 0.627451 0.627451 0.643137
v 0.101334 0.308558 0.203256 0.627451 0.627451 0.643137
v 0.100702 0.307319 0.203256 0.627451 0.627451 0.643137
v 0.100702 0.307319 0.196512 0.627451 0.627451 0.643137
v 0.0762808 0.323331 0.203256 0.627451 0.627451 0.643137
v 0.0762808 0.323331 0.235839 0.627451 0.627451 0.643137
v 0.0762808 0.321547 0.203256 0.627451 0.627451 0.643137
v 0.0762808 0.319762 0.203256 0.627451 0.627451 0.643137
v 0.0762808 0.319762 0.235839 0.627451 0.627451 0.643137
v 0.101551 0.309932 0.235839 0.627451 0.627451 0.643137
v 0.0762808 0.317978 0.203256 0.627451 0.627451 0.643137
v 0.0762808 0.317978 0.235839 0.627451 0.627451 0.643137
v 0.0770016 0.317978 0.235839 0.627451 0.627451 0.643137
v 0.0770016 0.316193 0.2412 0.627451 0.627451 0.643137
v 0.0770016 0.316193 0.235839 0.627451 0.627451 0.643137
v 0.0770016 0.314409 0.2412 0.627451 0.627451 0.643137
v 0.0997188 0.306336 0.2412 0.627451 0.627451 0.643137
v 0.0770016 0.312625 0.2412 0.627451 0.627451 0.643137
v 0.0762808 0.309056 0.2412 0.627451 0.627451 0.643137
v 0.0762808 0.305487 0.2412 0.627451 0.627451 0.643137
v 0.0971062 0.305487 0.2412 0.627451 0.627451 0.643137
v 0.0997188 0.306336 0.235839 0.627451 0.627451 0.643137
v 0.0984798 0.305704 0.235839 0.627451 0.627451 0.643137
v 0.0762808 0.316193 0.203256 0.627451 0.627451 0.643137
v 0.0762808 0.316193 0.235839 0.627451 0.627451 0.643137
v 0.0762808 0.314409 0.203256 0.627451 0.627451 0.643137
v 0.0762808 0.316193 0.2412 0.627451 0.627451 0.643137
v 0.0762808 0.314409 0.235839 0.627451 0.627451 0.643137
v 0.101334 0.308558 0.235839 0.627451 0.627451 0.643137
v 0.100702 0.307319 0.235839 0.627451 0.627451 0.643137
v 0.0762808 0.312625 0.203256 0.627451 0.627451 0.643137
v 0.0762808 0.314409 0.2412 0.627451 0.627451 0.643137
v 0.0770016 0.314409 0.235839 0.627451 0.627451 0.643137
v 0.0762808 0.312625 0.235839 0.627451 0.627451 0.643137
v 0.0770016 0.312625 0.235839 0.627451 0.627451 0.643137
v 0.0762808 0.309056 0.203256 0.627451 0.627451 0.643137
v 0.0762808 0.312625 0.2412 0.627451 0.627451 0.643137
v 0.0762808 0.309056 0.235839 0.627451 0.627451 0.643137
v 0.0762808 0.305487 0.235839 0.627451 0.627451 0.643137
v 0.0971062 0.305487 0.235839 0.627451 0.627451 0.643137
v 0.0997188 0.306336 0.203256 0.627451 0.627451 0.643137
v 0.0984798 0.305704 0.203256 0.627451 0.627451 0.643137
vn 4.38109e-16 1 -6.71298e-17
vn 0 0 -1
vn -1 -2.73728e-17 5.13853e-17
vn 4.38109e-16 1 -6.71298e-17
vn 0.0784592 0.996917 0
vn -1 -2.73728e-17 5.13853e-17
vn 0 0 -1
vn 0.0784592 0.996917 0
vn 0.809017 0.587786 0
vn 0 0 -1
vn 0.309017 0.951057 7.09244e-17
vn 0.0784592 0.996917 0
vn -1 -2.73728e-17 5.13853e-17
vn 4.38109e-16 1 -6.71298e-17
vn 0.309017 0.951057 7.09244e-17
vn 0 0 -1
vn -1 -2.73728e-17 5.13853e-17
vn 0.587785 0.809017 0
vn 0.809017 0.587786 0
vn 0.951057 0.309016 2.54479e-17
vn 0 0 -1
vn 0.996917 0.0784572 0
vn 1 6.12323e-17 0
vn 0 0 -1
vn -1 -2.73728e-17 5.13853e-17
vn 1 6.12323e-17 0
vn 0 0 -1
vn 0.0784592 -0.996917 -1.01533e-16
vn 0.951057 -0.309016 1.86764e-17
vn 0.0784592 0.996917 0
vn 7.3044e-17 -4.03799e-16 1
vn -1 -2.73728e-17 5.13853e-17
vn 4.38109e-16 1 -6.71298e-17
vn 7.3044e-17 -4.03799e-16 1
vn 0.309017 0.951057 7.09244e-17
vn -1 -2.73728e-17 5.13853e-17
vn 7.3044e-17 -4.03799e-16 1
vn 8.68282e-17 -1 -3.70059e-17
vn -1 -2.73728e-17 5.13853e-17
vn 7.3044e-17 -4.03799e-16 1
vn 0.587785 0.809017 0
vn 0.951057 0.309016 2.54479e-17
vn 7.3044e-17 -4.03799e-16 1
vn 1 6.12323e-17 0
vn -1 -2.73728e-17 5.13853e-17
vn 4.38109e-16 1 -6.71298e-17
vn 7.3044e-17 -4.03799e-16 1
vn -1 -2.73728e-17 5.13853e-17
vn 4.38109e-16 1 -6.71298e-17
vn 7.3044e-17 -4.03799e-16 1
vn 8.68282e-17 -1 -3.70059e-17
vn -1 -2.73728e-17 5.13853e-17
vn 7.3044e-17 -4.03799e-16 1
vn 8.68282e-17 -1 -3.70059e-17
vn -1 -2.73728e-17 5.13853e-17
vn 0.587785 0.809017 0
vn 7.3044e-17 -4.03799e-16 1
vn 0.809017 0.587786 0
vn 1 6.12323e-17 0
vn 0.951057 0.309016 2.54479e-17
vn 0.996917 0.0784572 0
vn 7.3044e-17 -4.03799e-16 1
vn 0.309017 -0.951057 0
vn 1 6.12323e-17 0
vn 0.996917 -0.0784572 -1.00306e-17
vn 7.3044e-17 -4.03799e-16 1
vn 0.809017 -0.587786 -5.04536e-17
vn 0.951057 -0.309016 1.86764e-17
vn -1 -2.73728e-17 5.13853e-17
vn 7.3044e-17 -4.03799e-16 1
vn 4.38109e-16 1 -6.71298e-17
vn 8.68282e-17 -1 -3.70059e-17
vn 7.3044e-17 -4.03799e-16 1
vn -1 -2.73728e-17 5.13853e-17
vn 8.68282e-17 -1 -3.70059e-17
vn 4.38109e-16 1 -6.71298e-17
vn 7.3044e-17 -4.03799e-16 1
vn -1 -2.73728e-17 5.13853e-17
vn 4.38109e-16 1 -6.71298e-17
vn 7.3044e-17 -4.03799e-16 1
vn -1 -2.73728e-17 5.13853e-17
vn 4.38109e-16 1 -6.71298e-17
vn 8.68282e-17 -1 -3.70059e-17
vn 7.3044e-17 -4.03799e-16 1
vn -1 -2.73728e-17 5.13853e-17
vn 4.38109e-16 1 -6.71298e-17
vn 7.3044e-17 -4.03799e-16 1
vn -1 -2.73728e-17 5.13853e-17
vn 4.38109e-16 1 -6.71298e-17
vn 7.3044e-17 -4.03799e-16 1
vn -1 -2.73728e-17 5.13853e-17
vn 8.68282e-17 -1 -3.70059e-17
vn 7.3044e-17 -4.03799e-16 1
vn -1 -2.73728e-17 5.13853e-17
vn 0.996917 0.0784572 0
vn 1 6.12323e-17 0
vn 0 0 -1
vn -1 -2.73728e-17 5.13853e-17
vn 0.587785 -0.809017 -7.21032e-17
vn 0 0 -1
vn -1 -2.73728e-17 5.13853e-17
vn 8.68282e-17 -1 -3.70059e-17
vn 0.0784592 -0.996917 -1.01533e-16
vn 0 0 -1
vn 0.309017 -0.951057 0
vn 0.996917 -0.0784572 -1.00306e-17
vn 0.951057 -0.309016 1.86764e-17
vn 0.809017 -0.587786 -5.04536e-17
vn 0 0 -1
vn -1 -2.73728e-17 5.13853e-17
vn 7.3044e-17 -4.03799e-16 1
vn 8.68282e-17 -1 -3.70059e-17
vn -1 -2.73728e-17 5.13853e-17
vn 0.996917 -0.0784572 -1.00306e-17
vn 7.3044e-17 -4.03799e-16 1
vn 8.68282e-17 -1 -3.70059e-17
vn -1 -2.73728e-17 5.13853e-17
vn 7.3044e-17 -4.03799e-16 1
vn 4.38109e-16 1 -6.71298e-17
vn -1 -2.73728e-17 5.13853e-17
vn 7.3044e-17 -4.03799e-16 1
vn 4.38109e-16 1 -6.71298e-17
vn 8.68282e-17 -1 -3.70059e-17
vn -1 -2.73728e-17 5.13853e-17
vn 7.3044e-17 -4.03799e-16 1
vn 0.587785 -0.809017 -7.21032e-17
vn -1 -2.73728e-17 5.13853e-17
vn 4.38109e-16 1 -6.71298e-17
vn 7.3044e-17 -4.03799e-16 1
vn -1 -2.73728e-17 5.13853e-17
vn 8.68282e-17 -1 -3.70059e-17
vn 7.3044e-17 -4.03799e-16 1
vn 0.0784592 -0.996917 -1.01533e-16
vn 0.587785 -0.809017 -7.21032e-17
vn 0.309017 -0.951057 0
vn -1 -2.73728e-17 5.13853e-17
vn 4.38109e-16 1 -6.71298e-17
vn 7.3044e-17 -4.03799e-16 1
vn -1 -2.73728e-17 5.13853e-17
vn 4.38109e-16 1 -6.71298e-17
vn 7.3044e-17 -4.03799e-16 1
vn -1 -2.73728e-17 5.13853e-17
vn 8.68282e-17 -1 -3.70059e-17
vn 0.951057 -0.309016 1.86764e-17
vn 0.809017 -0.587786 -5.04536e-17
vn -1 -2.73728e-17 5.13853e-17
vn 8.68282e-17 -1 -3.70059e-17
vn 7.3044e-17 -4.03799e-16 1
vn -1 -2.73728e-17 5.13853e-17
vn 4.38109e-16 1 -6.71298e-17
vn 7.3044e-17 -4.03799e-16 1
vn -1 -2.73728e-17 5.13853e-17
vn 4.38109e-16 1 -6.71298e-17
vn 7.3044e-17 -4.03799e-16 1
vn -1 -2.73728e-17 5.13853e-17
vn 8.68282e-17 -1 -3.70059e-17
vn 0.0784592 -0.996917 -1.01533e-16
vn 0.587785 -0.809017 -7.21032e-17
vn 0.309017 -0.951057 0
vt 0.976562 -0.992188
vt 0.976562 -0.992188
vt 0.976562 -0.992188
vt 0.0078125 -0.0234375
vt 0.0078125 -0.0234375
vt 0.0078125 -0.992188
vt 0.0234375 -0.0078125
vt 0.0234375 -0.0078125
vt 0.0078125 0.0078125
vt 0.0078125 0.0078125
vt 0.992188 0.992188
vt 0.992188 0.992188
vt -0.992188 0.0078125
vt -0.992188 0.0078125
vt -0.992188 -0.0234375
vt -0.0078125 -0.976562
vt 1.00781 -1.02344
vt 1.00781 -1.02344
vt 1.97656 -0.992188
vt 1.02344 -0.0078125
vt 1.02344 0.992188
vt 1.02344 0.992188
vt 0.0078125 1.97656
vt 0.0078125 1.97656
vt 0.0234375 1.99219
vt -0.976562 1.99219
vt -1.02344 1.00781
vt -1.00781 1.02344
vt -1.00781 1.02344
vt -1.99219 0.0078125
vt -1.99219 0.0078125
vt -1.00781 0.992188
vt -1.00781 0.992188
vt -1.02344 -0.992188
vt -1.02344 -0.992188
vt -1.00781 -0.0078125
vt -1.00781 -0.0078125
vt -1.99219 -1.99219
vt -1.99219 -1.99219
vt -1.00781 -1.97656
vt -1.00781 -1.97656
vt -0.0078125 -1.97656
vt -0.0078125 -1.97656
vt 0.0078125 -1.02344
vt 0.992188 -1.97656
vt 0.992188 -1.97656
vt 0.992188 -1.97656
vt 2.02344 -2.00781
vt 2.02344 -2.00781
vt 2.02344 -1.00781
vt 2.99219 -0.0078125
vt 2.99219 -0.0078125
vt 2.99219 0.992188
vt 2.99219 0.992188
vt 2.99219 0.992188
vt 2.97656 1.00781
vt 2.97656 1.00781
vt 2.02344 1.99219
vt 2.02344 1.99219
vt 2.97656 2.00781
vt 2.97656 2.00781
vt 2.99219 2.99219
vt 2.99219 2.99219
vt 2.99219 2.99219
vt 1.00781 2.00781
vt 1.00781 2.00781
vt 1.00781 2.00781
vt 1.99219 2.99219
vt 1.99219 2.99219
vt 1.99219 2.99219
vt 0.0234375 2.99219
vt 0.0234375 2.99219
vt 0.0234375 2.99219
vt -0.0078125 2.02344
vt -0.0078125 2.02344
vt -0.0078125 2.02344
vt -1.97656 2.99219
vt -2.00781 1.02344
vt -2.00781 1.02344
vt -2.00781 0.0234375
vt -2.00781 0.0234375
vt -2.99219 -0.0234375
vt -2.00781 -0.976562
vt -2.02344 -1.99219
vt -2.02344 -1.99219
vt -2.02344 -2.99219
vt -2.02344 -2.99219
vt -2.97656 -2.00781
vt -1.99219 -2.99219
vt -1.00781 -2.00781
vt -1.00781 -2.00781
vt -0.992188 -2.02344
vt -0.992188 -2.02344
vt -0.976562 -2.00781
vt -0.976562 -2.00781
vt 0.0234375 -2.00781
vt 0.0234375 -2.00781
vt 0.0234375 -2.00781
vt 1.00781 -2.02344
vt 1.00781 -2.02344
vt 1.00781 -2.02344
vt 3.00781 -3.02344
vt 3.00781 -3.02344
vt 3.00781 -3.02344
vt 3.02344 -3.00781
vt 3.02344 -3.00781
vt 3.02344 -3.00781
vt 3.00781 -2.02344
vt 3.00781 -2.02344
vt 3.00781 -2.02344
vt 3.97656 -1.99219
vt 3.97656 -1.99219
vt 3.97656 -1.99219
vt 3.99219 -1.97656
vt 3.99219 -1.97656
vt 3.99219 -1.97656
vt 3.02344 -0.0078125
vt 3.02344 -0.0078125
vt 3.02344 -0.0078125
vt 3.00781 0.976562
vt 3.00781 0.976562
vt 3.00781 0.976562
vt 3.99219 0.992188
vt 3.99219 0.992188
vt 3.00781 1.00781
vt 3.00781 1.00781
vt 3.00781 1.00781
vt 3.99219 1.99219
vt 3.99219 1.99219
vt 3.99219 1.99219
vt 1.02344 3.99219
vt 0.976562 3.00781
vt -0.0078125 3.02344
vt -2.99219 3.97656
vt -3.02344 3.00781
vt -3.02344 3.00781
vt -3.00781 3.02344
vt -3.00781 2.02344
vt -3.00781 2.02344
vt -3.02344 1.00781
vt -3.02344 1.00781
vt -3.00781 1.02344
vt -3.00781 1.02344
vt -3.99219 0.976562
vt -3.99219 0.976562
vt -3.00781 0.0234375
vt -3.00781 0.0234375
vt -3.99219 -0.0234375
vt -3.99219 -0.0234375
vt -3.00781 -0.976562
vt -3.00781 -0.976562
vt -3.99219 -1.02344
vt -3.99219 -1.02344
vt -3.00781 -1.97656
vt -3.00781 -1.97656
vt -3.00781 -1.97656
vt -3.99219 -2.02344
vt -3.99219 -2.02344
vt -3.00781 -2.97656
vt -3.99219 -3.02344
vt -3.99219 -3.02344
vt -2.99219 -3.02344
vt -2.99219 -3.02344
vt -2.00781 -3.00781
vt -1.97656 -3.00781
vt -0.0234375 -3.99219
vt -0.0078125 -3.97656
vt -0.0078125 -3.97656
vt 4.02344 -1.00781
vt 4.99219 -0.976562
vt 4.99219 -0.976562
vt 4.99219 -0.976562
vt 4.97656 1.00781
vt 3.97656 4.00781
vt 2.00781 4.97656
vt 1.00781 4.00781
vt -0.0234375 4.00781
vt -1.97656 4.99219
vt -1.97656 4.99219
vt -1.97656 4.99219
vt -3.99219 4.97656
vt -3.99219 4.97656
vt -3.99219 4.97656
vt -4.99219 4.00781
vt -4.99219 4.00781
vt -4.99219 4.00781
vt -4.97656 4.99219
vt -4.97656 4.99219
vt -4.97656 4.99219
vt -4.00781 3.02344
vt -4.00781 3.02344
vt -4.00781 3.02344
vt -4.99219 2.97656
vt -4.99219 2.97656
vt -4.00781 2.02344
vt -4.00781 2.02344
vt -4.00781 2.02344
vt -4.99219 1.97656
vt -4.99219 1.97656
vt -4.00781 1.02344
vt -4.00781 1.02344
vt -4.00781 1.02344
vt -4.99219 0.976562
vt -4.99219 0.976562
vt -4.00781 0.0234375
vt -4.99219 -0.0234375
vt -4.97656 -1.00781
vt -4.00781 -2.97656
vt -4.00781 -2.97656
vt -4.00781 -2.97656
vt -4.97656 -4.00781
vt -2.99219 -4.02344
vt -2.99219 -4.02344
vt -2.99219 -4.02344
vt -2.00781 -4.97656
vt -2.00781 -4.97656
vt -2.00781 -4.97656
vt -0.976562 -4.00781
vt 2.00781 -4.02344
vt 3.02344 -4.00781
vt 5.99219 -5.97656
vt 5.99219 -5.97656
vt 5.99219 -5.97656
vt 5.99219 -4.00781
vt 5.99219 -4.00781
vt 5.99219 -4.00781
vt 5.00781 -3.02344
vt 5.00781 -3.02344
vt 5.00781 -3.02344
vt 5.99219 -3.97656
vt 5.99219 -3.97656
vt 5.99219 -3.97656
vt 5.02344 -0.0078125
vt 5.00781 1.97656
vt 5.00781 1.97656
vt 5.00781 1.97656
vt 5.99219 1.02344
vt 5.97656 5.00781
vt 5.97656 5.00781
vt 2.97656 5.00781
vt 1.02344 5.99219
vt -0.976562 5.99219
f 2281/3935/3276 2282/3938/3279 2283/3940/3280
f 2284/3941/3281 2282/3939/3278 2281/3937/3278
f 2281/3935/3276 2283/3940/3280 2285/3943/3283
f 2284/3942/3282 2281/3936/3277 2286/3945/3282
f 2281/3936/3277 2285/3944/3282 2287/3947/3285
f 2281/3936/3277 2287/3947/3285 2286/3945/3282
f 2282/3938/3279 2288/3949/3287 2283/3940/3280
f 2284/3941/3281 2289/3950/3288 2282/3939/3278
f 2282/3938/3279 2290/3951/3289 2288/3949/3287
f 2289/3950/3288 2290/3952/3288 2282/3939/3278
f 2291/3953/3290 2285/3943/3283 2283/3940/3280
f 2292/3954/3290 2283/3940/3280 2288/3949/3287
f 2292/3954/3290 2291/3953/3290 2283/3940/3280
f 2293/3955/3291 2284/3942/3282 2286/3945/3282
f 2293/3956/3292 2289/3950/3288 2284/3941/3281
f 2291/3953/3290 2287/3948/3286 2285/3943/3283
f 2287/3947/3285 2294/3957/3291 2286/3945/3282
f 2295/3959/3293 2287/3948/3286 2291/3953/3290
f 2295/3959/3293 2294/3958/3293 2287/3948/3286
f 2296/3960/3294 2286/3946/3284 2294/3958/3293
f 2297/3961/3295 2286/3946/3284 2296/3960/3294
f 2297/3961/3295 2298/3962/3295 2286/3946/3284
f 2286/3945/3282 2298/3963/3296 2299/3964/3296
f 2286/3945/3282 2299/3964/3296 2300/3966/3296
f 2301/3968/3299 2293/3955/3291 2286/3945/3282
f 2286/3945/3282 2300/3966/3296 2302/3970/3299
f 2301/3968/3299 2286/3945/3282 2303/3972/3302
f 2286/3945/3282 2304/3974/3302 2303/3972/3302
f 2286/3945/3282 2302/3970/3299 2304/3974/3302
f 2290/3951/3289 2305/3976/3305 2288/3949/3287
f 2289/3950/3288 2306/3978/3307 2290/3952/3288
f 2290/3951/3289 2307/3979/3308 2305/3976/3305
f 2306/3978/3307 2307/3980/3307 2290/3952/3288
f 2308/3982/3310 2288/3949/3287 2305/3976/3305
f 2308/3982/3310 2292/3954/3290 2288/3949/3287
f 2309/3984/3311 2306/3978/3307 2289/3950/3288
f 2293/3956/3292 2309/3984/3311 2289/3950/3288
f 2305/3977/3306 2307/3981/3309 2310/3985/3312
f 2306/3978/3307 2310/3986/3311 2307/3980/3307
f 2305/3977/3306 2310/3985/3312 2311/3987/3312
f 2312/3990/3315 2308/3983/3309 2305/3977/3306
f 2313/3992/3315 2312/3990/3315 2305/3977/3306
f 2314/3994/3318 2313/3992/3315 2305/3977/3306
f 2314/3994/3318 2305/3977/3306 2315/3996/3318
f 2305/3977/3306 2311/3987/3312 2316/3999/3322
f 2305/3977/3306 2316/3999/3322 2317/4002/3325
f 2305/3977/3306 2317/4002/3325 2315/3996/3318
f 2318/4005/3327 2310/3986/3311 2306/3978/3307
f 2309/3984/3311 2318/4005/3327 2306/3978/3307
f 2310/3985/3312 2319/4008/3328 2311/3987/3312
f 2318/4005/3327 2319/4009/3330 2310/3986/3311
f 2320/4011/3331 2291/3953/3290 2292/3954/3290
f 2320/4011/3331 2295/3959/3293 2291/3953/3290
f 2312/3991/3316 2292/3954/3290 2308/3982/3310
f 2312/3991/3316 2320/4011/3331 2292/3954/3290
f 2313/3992/3315 2321/4012/3332 2312/3990/3315
f 2321/4013/3333 2320/4011/3331 2312/3991/3316
f 2314/3994/3318 2322/4014/3332 2313/3992/3315
f 2313/3993/3317 2323/4016/3333 2321/4013/3333
f 2313/3993/3317 2324/4017/3335 2323/4016/3333
f 2325/4018/3336 2324/4017/3335 2313/3993/3317
f 2322/4014/3332 2325/4019/3337 2313/3992/3315
f 2326/4020/3337 2314/3994/3318 2315/3996/3318
f 2327/4022/3339 2322/4015/3334 2314/3995/3319
f 2327/4022/3339 2314/3995/3319 2328/4023/3339
f 2328/4023/3339 2314/3995/3319 2329/4024/3340
f 2326/4020/3337 2330/4026/3341 2314/3994/3318
f 2331/4028/3341 2329/4025/3341 2314/3994/3318
f 2330/4026/3341 2331/4028/3341 2314/3994/3318
f 2332/4030/3344 2316/4000/3323 2311/3989/3314
f 2319/4010/3329 2333/4033/3347 2311/3988/3313
f 2332/4030/3344 2311/3989/3314 2333/4035/3349
f 2316/3999/3322 2334/4036/3348 2317/4002/3325
f 2335/4039/3351 2316/4001/3324 2332/4032/3346
f 2335/4039/3351 2336/4042/3354 2316/4001/3324
f 2316/3999/3322 2336/4044/3355 2334/4036/3348
f 2337/4045/3356 2315/3997/3320 2317/4004/3327
f 2334/4038/3350 2338/4048/3358 2317/4003/3326
f 2337/4045/3356 2317/4004/3327 2338/4050/3360
f 2339/4051/3361 2315/3998/3321 2337/4047/3357
f 2339/4051/3361 2340/4054/3364 2315/3998/3321
f 2315/3996/3318 2340/4056/3365 2341/4057/3365
f 2315/3996/3318 2341/4057/3365 2342/4059/3365
f 2315/3996/3318 2342/4059/3365 2343/4062/3368
f 2326/4020/3337 2315/3996/3318 2343/4062/3368
f 2296/3960/3294 2294/3958/3293 2295/3959/3293
f 2323/4016/3333 2295/3959/3293 2320/4011/3331
f 2323/4016/3333 2296/3960/3294 2295/3959/3293
f 2321/4013/3333 2323/4016/3333 2320/4011/3331
f 2324/4017/3335 2296/3960/3294 2323/4016/3333
f 2324/4017/3335 2297/3961/3295 2296/3960/3294
f 2344/4065/3370 2298/3962/3295 2297/3961/3295
f 2345/4066/3370 2297/3961/3295 2324/4017/3335
f 2345/4066/3370 2344/4065/3370 2297/3961/3295
f 2344/4065/3370 2299/3965/3297 2298/3962/3295
f 2299/3965/3297 2346/4067/3371 2300/3967/3298
f 2299/3965/3297 2344/4065/3370 2346/4067/3371
f 2301/3969/3300 2309/3984/3311 2293/3956/3292
f 2300/3967/3298 2347/4068/3371 2302/3971/3301
f 2300/3967/3298 2346/4067/3371 2347/4068/3371
f 2348/4069/3372 2301/3968/3299 2303/3972/3302
f 2301/3969/3300 2349/4071/3373 2309/3984/3311
f 2348/4070/3373 2349/4071/3373 2301/3969/3300
f 2304/3974/3302 2350/4072/3372 2303/3972/3302
f 2351/4074/3375 2348/4069/3372 2303/3972/3302
f 2303/3972/3302 2352/4076/3375 2351/4074/3375
f 2303/3972/3302 2353/4078/3375 2352/4076/3375
f 2303/3972/3302 2354/4080/3375 2353/4078/3375
f 2303/3972/3302 2355/4082/3375 2354/4080/3375
f 2303/3972/3302 2356/4084/3375 2355/4082/3375
f 2303/3972/3302 2357/4086/3375 2356/4084/3375
f 2303/3972/3302 2358/4088/3375 2357/4086/3375
f 2303/3973/3303 2359/4091/3377 2358/4089/3377
f 2303/3973/3303 2360/4093/3378 2359/4091/3377
f 2350/4072/3372 2361/4094/3379 2303/3972/3302
f 2360/4093/3378 2303/3973/3303 2361/4095/3380
f 2302/3970/3299 2362/4096/3379 2304/3974/3302
f 2302/3971/3301 2347/4068/3371 2363/4098/3381
f 2302/3971/3301 2363/4098/3381 2362/4097/3381
f 2364/4099/3382 2304/3975/3304 2362/4097/3381
f 2365/4100/3383 2304/3975/3304 2364/4099/3382
f 2365/4100/3383 2366/4101/3383 2304/3975/3304
f 2304/3974/3302 2366/4102/3384 2350/4072/3372
f 2325/4018/3336 2345/4066/3370 2324/4017/3335
f 2344/4065/3370 2345/4066/3370 2327/4022/3339
f 2344/4065/3370 2327/4022/3339 2346/4067/3371
f 2345/4066/3370 2325/4018/3336 2322/4015/3334
f 2345/4066/3370 2322/4015/3334 2327/4022/3339
f 2349/4071/3373 2318/4005/3327 2309/3984/3311
f 2319/4010/3329 2318/4007/3329 2333/4033/3347
f 2349/4071/3373 2335/4041/3353 2318/4005/3327
f 2318/4006/3328 2332/4031/3345 2333/4034/3348
f 2318/4006/3328 2335/4040/3352 2332/4031/3345
f 2346/4067/3371 2327/4022/3339 2328/4023/3339
f 2346/4067/3371 2328/4023/3339 2347/4068/3371
f 2367/4103/3385 2335/4041/3353 2349/4071/3373
f 2348/4070/3373 2367/4103/3385 2349/4071/3373
f 2367/4103/3385 2368/4104/3385 2335/4041/3353
f 2368/4104/3385 2336/4043/3353 2335/4041/3353
f 2351/4075/3376 2367/4103/3385 2348/4070/3373
f 2369/4107/3388 2368/4104/3385 2367/4103/3385
f 2351/4075/3376 2369/4107/3388 2367/4103/3385
f 2368/4104/3385 2334/4037/3349 2336/4043/3353
f 2334/4038/3350 2368/4106/3387 2338/4048/3358
f 2369/4107/3388 2339/4053/3363 2368/4104/3385
f 2368/4105/3386 2337/4046/3355 2338/4049/3359
f 2368/4105/3386 2339/4052/3362 2337/4046/3355
f 2352/4077/3376 2369/4107/3388 2351/4075/3376
f 2370/4108/3388 2339/4053/3363 2369/4107/3388
f 2352/4077/3376 2370/4108/3388 2369/4107/3388
f 2370/4108/3388 2371/4109/3388 2339/4053/3363
f 2371/4109/3388 2340/4055/3363 2339/4053/3363
f 2347/4068/3371 2328/4023/3339 2372/4110/3389
f 2347/4068/3371 2372/4110/3389 2363/4098/3381
f 2328/4023/3339 2329/4024/3340 2372/4110/3389
f 2353/4079/3376 2370/4108/3388 2352/4077/3376
f 2373/4111/3388 2371/4109/3388 2370/4108/3388
f 2353/4079/3376 2373/4111/3388 2370/4108/3388
f 2371/4109/3388 2341/4058/3366 2340/4055/3363
f 2374/4112/3388 2341/4058/3366 2371/4109/3388
f 2373/4111/3388 2374/4112/3388 2371/4109/3388
f 2374/4112/3388 2342/4060/3366 2341/4058/3366
f 2342/4061/3367 2375/4115/3391 2343/4063/3367
f 2342/4061/3367 2374/4114/3391 2375/4115/3391
f 2326/4020/3337 2343/4062/3368 2376/4118/3393
f 2377/4121/3395 2343/4064/3369 2375/4117/3392
f 2377/4121/3395 2376/4119/3392 2343/4064/3369
f 2376/4118/3393 2378/4124/3396 2326/4020/3337
f 2326/4020/3337 2379/4127/3400 2330/4026/3341
f 2378/4124/3396 2380/4129/3400 2326/4020/3337
f 2380/4129/3400 2381/4132/3404 2326/4020/3337
f 2381/4132/3404 2382/4134/3404 2326/4020/3337
f 2382/4134/3404 2383/4137/3407 2326/4020/3337
f 2326/4021/3338 2384/4139/3409 2379/4128/3401
f 2326/4021/3338 2385/4140/3410 2384/4139/3409
f 2383/4138/3408 2385/4140/3410 2326/4021/3338
f 2354/4081/3376 2373/4111/3388 2353/4079/3376
f 2386/4141/3411 2374/4112/3388 2373/4111/3388
f 2354/4081/3376 2386/4141/3411 2373/4111/3388
f 2386/4141/3411 2387/4142/3411 2374/4112/3388
f 2374/4113/3390 2377/4122/3396 2375/4116/3390
f 2374/4113/3390 2387/4144/3413 2377/4122/3396
f 2355/4083/3376 2386/4141/3411 2354/4081/3376
f 2388/4145/3414 2387/4142/3411 2386/4141/3411
f 2355/4083/3376 2388/4145/3414 2386/4141/3411
f 2387/4143/3412 2376/4120/3394 2377/4123/3397
f 2387/4143/3412 2389/4146/3415 2376/4120/3394
f 2388/4145/3414 2390/4149/3417 2387/4142/3411
f 2390/4149/3417 2389/4147/3414 2387/4142/3411
f 2376/4118/3393 2389/4148/3416 2378/4124/3396
f 2364/4099/3382 2362/4097/3381 2363/4098/3381
f 2391/4152/3419 2363/4098/3381 2372/4110/3389
f 2391/4152/3419 2364/4099/3382 2363/4098/3381
f 2331/4029/3343 2372/4110/3389 2329/4024/3340
f 2331/4029/3343 2391/4152/3419 2372/4110/3389
f 2330/4027/3342 2391/4152/3419 2331/4029/3343
f 2330/4027/3342 2392/4153/3420 2391/4152/3419
f 2379/4128/3401 2392/4153/3420 2330/4027/3342
f 2356/4085/3376 2388/4145/3414 2355/4083/3376
f 2393/4154/3421 2390/4149/3417 2388/4145/3414
f 2356/4085/3376 2393/4154/3421 2388/4145/3414
f 2390/4149/3417 2394/4155/3421 2389/4147/3414
f 2389/4148/3416 2394/4157/3423 2378/4124/3396
f 2394/4156/3422 2390/4151/3418 2395/4158/3422
f 2393/4154/3421 2396/4161/3424 2390/4149/3417
f 2390/4150/3416 2397/4164/3426 2395/4159/3423
f 2390/4150/3416 2396/4163/3426 2397/4164/3426
f 2394/4156/3422 2395/4158/3422 2378/4125/3398
f 2397/4166/3427 2378/4126/3399 2395/4160/3424
f 2397/4166/3427 2380/4130/3402 2378/4126/3399
f 2357/4087/3376 2393/4154/3421 2356/4085/3376
f 2398/4167/3427 2396/4161/3424 2393/4154/3421
f 2357/4087/3376 2398/4167/3427 2393/4154/3421
f 2396/4162/3425 2380/4131/3403 2397/4165/3425
f 2396/4162/3425 2399/4168/3428 2380/4131/3403
f 2398/4167/3427 2400/4171/3430 2396/4161/3424
f 2400/4171/3430 2399/4169/3427 2396/4161/3424
f 2380/4129/3400 2399/4170/3429 2381/4132/3404
f 2358/4090/3376 2398/4167/3427 2357/4087/3376
f 2359/4092/3376 2400/4171/3430 2398/4167/3427
f 2358/4090/3376 2359/4092/3376 2398/4167/3427
f 2400/4171/3430 2381/4133/3405 2399/4169/3427
f 2401/4172/3430 2381/4133/3405 2400/4171/3430
f 2359/4092/3376 2401/4172/3430 2400/4171/3430
f 2401/4172/3430 2382/4135/3405 2381/4133/3405
f 2392/4153/3420 2364/4099/3382 2391/4152/3419
f 2392/4153/3420 2365/4100/3383 2364/4099/3382
f 2360/4093/3378 2401/4173/3431 2359/4091/3377
f 2402/4174/3432 2382/4136/3406 2401/4173/3431
f 2360/4093/3378 2402/4174/3432 2401/4173/3431
f 2402/4174/3432 2383/4138/3408 2382/4136/3406
f 2403/4175/3433 2366/4101/3383 2365/4100/3383
f 2384/4139/3409 2365/4100/3383 2392/4153/3420
f 2384/4139/3409 2403/4175/3433 2365/4100/3383
f 2403/4175/3433 2350/4073/3374 2366/4101/3383
f 2404/4176/3434 2350/4073/3374 2403/4175/3433
f 2404/4176/3434 2361/4095/3380 2350/4073/3374
f 2379/4128/3401 2384/4139/3409 2392/4153/3420
f 2385/4140/3410 2403/4175/3433 2384/4139/3409
f 2385/4140/3410 2404/4176/3434 2403/4175/3433
f 2360/4093/3378 2361/4095/3380 2404/4176/3434
f 2402/4174/3432 2404/4176/3434 2385/4140/3410
f 2402/4174/3432 2360/4093/3378 2404/4176/3434
f 2383/4138/3408 2402/4174/3432 2385/4140/3410
g Mesh_body_29
v -0.0280065 0.338446 0.233253 0.627451 0.627451 0.643137
v -0.0293869 0.338446 0.233253 0.627451 0.627451 0.643137
v -0.0293869 0.338124 0.236518 0.627451 0.627451 0.643137
v -0.0280065 0.338124 0.229987 0.627451 0.627451 0.643137
v -0.0280065 0.338124 0.236518 0.627451 0.627451 0.643137
v -0.0293869 0.337171 0.239658 0.627451 0.627451 0.643137
v -0.0293869 0.338124 0.229987 0.627451 0.627451 0.643137
v -0.0293869 0.337171 0.226847 0.627451 0.627451 0.643137
v -0.0280065 0.337171 0.226847 0.627451 0.627451 0.643137
v -0.0280065 0.335624 0.242552 0.627451 0.627451 0.643137
v -0.0280065 0.335624 0.223953 0.627451 0.627451 0.643137
v -0.0280065 0.324972 0.24967 0.627451 0.627451 0.643137
v -0.0280065 0.331006 0.219335 0.627451 0.627451 0.643137
v -0.0280065 0.318441 0.216835 0.627451 0.627451 0.643137
v -0.0293869 0.328112 0.217788 0.627451 0.627451 0.643137
v -0.0293869 0.335624 0.223953 0.627451 0.627451 0.643137
v -0.0293869 0.333543 0.221416 0.627451 0.627451 0.643137
v -0.0280065 0.337171 0.239658 0.627451 0.627451 0.643137
v -0.0293869 0.335624 0.242552 0.627451 0.627451 0.643137
v -0.0293869 0.315301 0.248718 0.627451 0.627451 0.643137
v -0.0293869 0.333543 0.245089 0.627451 0.627451 0.643137
v -0.0293869 0.328112 0.248718 0.627451 0.627451 0.643137
v -0.0280065 0.331006 0.247171 0.627451 0.627451 0.643137
v -0.0280065 0.333543 0.245089 0.627451 0.627451 0.643137
v -0.0280065 0.333543 0.221416 0.627451 0.627451 0.643137
v -0.0280065 0.324972 0.216835 0.627451 0.627451 0.643137
v -0.0293869 0.331006 0.219335 0.627451 0.627451 0.643137
v -0.0280065 0.328112 0.217788 0.627451 0.627451 0.643137
v -0.0280065 0.305289 0.236518 0.627451 0.627451 0.643137
v -0.0280065 0.328112 0.248718 0.627451 0.627451 0.643137
v -0.0293869 0.324972 0.24967 0.627451 0.627451 0.643137
v -0.0293869 0.321706 0.249992 0.627451 0.627451 0.643137
v -0.0280065 0.321706 0.249992 0.627451 0.627451 0.643137
v -0.0280065 0.318441 0.24967 0.627451 0.627451 0.643137
v -0.0280065 0.312407 0.247171 0.627451 0.627451 0.643137
v -0.0280065 0.321706 0.216514 0.627451 0.627451 0.643137
v -0.0293869 0.321706 0.216514 0.627451 0.627451 0.643137
v -0.0293869 0.318441 0.216835 0.627451 0.627451 0.643137
v -0.0280065 0.307788 0.223953 0.627451 0.627451 0.643137
v -0.0280065 0.315301 0.217788 0.627451 0.627451 0.643137
v -0.0280065 0.312407 0.219335 0.627451 0.627451 0.643137
v -0.0293869 0.306241 0.226847 0.627451 0.627451 0.643137
v -0.0293869 0.324972 0.216835 0.627451 0.627451 0.643137
v -0.0293869 0.315301 0.217788 0.627451 0.627451 0.643137
v -0.0293869 0.331006 0.247171 0.627451 0.627451 0.643137
v -0.0293869 0.306241 0.239658 0.627451 0.627451 0.643137
v -0.0293869 0.318441 0.24967 0.627451 0.627451 0.643137
v -0.0280065 0.315301 0.248718 0.627451 0.627451 0.643137
v -0.0293869 0.312407 0.247171 0.627451 0.627451 0.643137
v -0.0293869 0.30987 0.245089 0.627451 0.627451 0.643137
v -0.0293869 0.30987 0.221416 0.627451 0.627451 0.643137
v -0.0293869 0.312407 0.219335 0.627451 0.627451 0.643137
v -0.0293869 0.307788 0.223953 0.627451 0.627451 0.643137
v -0.0293869 0.304967 0.233253 0.627451 0.627451 0.643137
v -0.0280065 0.306241 0.226847 0.627451 0.627451 0.643137
v -0.0280065 0.305289 0.229987 0.627451 0.627451 0.643137
v -0.0293869 0.305289 0.229987 0.627451 0.627451 0.643137
v -0.0280065 0.307788 0.242552 0.627451 0.627451 0.643137
v -0.0280065 0.306241 0.239658 0.627451 0.627451 0.643137
v -0.0280065 0.304967 0.233253 0.627451 0.627451 0.643137
v -0.0293869 0.305289 0.236518 0.627451 0.627451 0.643137
v -0.0280065 0.30987 0.245089 0.627451 0.627451 0.643137
v -0.0280065 0.30987 0.221416 0.627451 0.627451 0.643137
v -0.0293869 0.307788 0.242552 0.627451 0.627451 0.643137
vn -9.20733e-17 1 -2.21941e-16
vn 1 3.18279e-15 -6.20916e-16
vn -1 -6.12323e-17 0
vn -6.00558e-17 0.980785 0.19509
vn -2.92148e-17 0.980785 -0.19509
vn 1 3.18279e-15 -6.20916e-16
vn -6.00558e-17 0.980785 0.19509
vn -1 -6.12323e-17 0
vn -5.00761e-17 0.92388 0.382683
vn -2.92148e-17 0.980785 -0.19509
vn -1 -6.12323e-17 0
vn 8.09767e-16 0.92388 -0.382683
vn 1 3.18279e-15 -6.20916e-16
vn 2.70845e-16 0.83147 0.55557
vn -9.47081e-16 0.83147 -0.55557
vn 1 3.18279e-15 -6.20916e-16
vn -4.25974e-15 0.19509 0.980785
vn 5.28469e-16 0.55557 -0.83147
vn 1 3.18279e-15 -6.20916e-16
vn 3.49943e-16 -0.19509 -0.980785
vn -1 -6.12323e-17 0
vn -2.55205e-16 0.382684 -0.923879
vn -9.47081e-16 0.83147 -0.55557
vn -1 -6.12323e-17 0
vn -1.88204e-16 0.707107 -0.707107
vn -5.00761e-17 0.92388 0.382683
vn 1 3.18279e-15 -6.20916e-16
vn 2.70845e-16 0.83147 0.55557
vn -1 -6.12323e-17 0
vn 3.10774e-16 -0.382683 0.92388
vn -2.31373e-15 0.707107 0.707107
vn -1 -6.12323e-17 0
vn 2.63909e-16 0.382683 0.92388
vn 1 3.18279e-15 -6.20916e-16
vn 1.61938e-16 0.55557 0.83147
vn -2.31373e-15 0.707107 0.707107
vn 1 3.18279e-15 -6.20916e-16
vn -1.88204e-16 0.707107 -0.707107
vn 2.54814e-16 0.19509 -0.980785
vn 5.28469e-16 0.55557 -0.83147
vn -1 -6.12323e-17 0
vn -2.55205e-16 0.382684 -0.923879
vn 1 3.18279e-15 -6.20916e-16
vn -4.31244e-16 -0.980785 0.19509
vn 2.63909e-16 0.382683 0.92388
vn -4.25974e-15 0.19509 0.980785
vn -1 -6.12323e-17 0
vn -2.72546e-25 4.45102e-09 1
vn 1 3.18279e-15 -6.20916e-16
vn 3.53718e-17 -0.19509 0.980785
vn 6.85594e-16 -0.55557 0.83147
vn 1 3.18279e-15 -6.20916e-16
vn 4.30549e-17 4.451e-09 -1
vn -1 -6.12323e-17 0
vn 3.49943e-16 -0.19509 -0.980785
vn 1 3.18279e-15 -6.20916e-16
vn -1.45385e-15 -0.83147 -0.55557
vn 3.03408e-16 -0.382684 -0.923879
vn 1 3.18279e-15 -6.20916e-16
vn 6.85594e-16 -0.55557 -0.83147
vn -1 -6.12323e-17 0
vn -5.62354e-16 -0.92388 -0.382683
vn 2.54814e-16 0.19509 -0.980785
vn -1 -6.12323e-17 0
vn 3.03408e-16 -0.382684 -0.923879
vn 1.61938e-16 0.55557 0.83147
vn -1 -6.12323e-17 0
vn 9.38567e-16 -0.92388 0.382683
vn 3.53718e-17 -0.19509 0.980785
vn 3.10774e-16 -0.382683 0.92388
vn 1 3.18279e-15 -6.20916e-16
vn 6.85594e-16 -0.55557 0.83147
vn -1 -6.12323e-17 0
vn -2.48072e-15 -0.707107 0.707107
vn 1.65474e-16 -0.707107 -0.707107
vn 6.85594e-16 -0.55557 -0.83147
vn -1 -6.12323e-17 0
vn -1.45385e-15 -0.83147 -0.55557
vn 6.12323e-17 -1 -2.66329e-16
vn -5.62354e-16 -0.92388 -0.382683
vn 1 3.18279e-15 -6.20916e-16
vn 9.08968e-17 -0.980785 -0.19509
vn -1 -6.12323e-17 0
vn 1 3.18279e-15 -6.20916e-16
vn -7.06689e-16 -0.83147 0.55557
vn 9.38567e-16 -0.92388 0.382683
vn 1 3.18279e-15 -6.20916e-16
vn 6.12323e-17 -1 -2.66329e-16
vn -4.31244e-16 -0.980785 0.19509
vn -1 -6.12323e-17 0
vn -2.48072e-15 -0.707107 0.707107
vn 1 3.18279e-15 -6.20916e-16
vn 1.65474e-16 -0.707107 -0.707107
vn -1 -6.12323e-17 0
vn -7.06689e-16 -0.83147 0.55557
vt 0.976562 -0.992188
vt 0.976562 -0.992188
vt 0.0078125 -0.0234375
vt 0.0078125 -0.0234375
vt 0.0078125 -0.992188
vt 0.0078125 -0.992188
vt 0.0234375 -0.0078125
vt 0.0234375 -0.0078125
vt 0.0078125 0.0078125
vt 0.0078125 0.0078125
vt -0.0234375 0.0078125
vt -0.0234375 0.0078125
vt -0.0078125 0.0234375
vt -0.0078125 0.0234375
vt -0.992188 -0.992188
vt -0.992188 -0.992188
vt 1.02344 -1.00781
vt 1.02344 -1.00781
vt 1.00781 -0.992188
vt 1.00781 -0.992188
vt 1.02344 -0.0078125
vt 1.02344 -0.0078125
vt 1.00781 0.0078125
vt 1.00781 0.0078125
vt 1.02344 0.992188
vt 1.02344 0.992188
vt 1.97656 1.00781
vt 1.97656 1.00781
vt 0.992188 1.99219
vt 0.992188 1.99219
vt -0.0078125 1.02344
vt -0.0078125 1.02344
vt -1.99219 1.97656
vt -1.99219 1.97656
vt -1.99219 0.0078125
vt -1.99219 0.0078125
vt -1.00781 0.992188
vt -1.00781 0.992188
vt -1.02344 -0.992188
vt -1.02344 -0.992188
vt -1.97656 -0.0078125
vt -1.97656 -0.0078125
vt -1.02344 -1.99219
vt -1.02344 -1.99219
vt -0.0078125 -1.97656
vt -0.0078125 -1.97656
vt 2.00781 -2.99219
vt 2.00781 -2.99219
vt 2.00781 -1.02344
vt 2.00781 -1.02344
vt 2.00781 -0.0234375
vt 2.00781 -0.0234375
vt 2.00781 0.976562
vt 2.00781 0.976562
vt 2.02344 0.992188
vt 2.02344 0.992188
vt 2.99219 1.02344
vt 2.99219 1.02344
vt 2.00781 2.97656
vt 2.00781 2.97656
vt 2.99219 2.02344
vt 2.99219 2.02344
vt 1.00781 2.00781
vt 1.00781 2.00781
vt 1.99219 2.99219
vt 1.99219 2.99219
vt 0.0078125 2.00781
vt 0.0078125 2.00781
vt 0.992188 2.99219
vt 0.992188 2.99219
vt -0.0078125 2.02344
vt -0.0078125 2.02344
vt -1.99219 2.97656
vt -1.99219 2.97656
vt -1.00781 2.02344
vt -1.00781 2.02344
vt -2.99219 2.97656
vt -2.99219 2.97656
vt -2.97656 2.99219
vt -2.97656 2.99219
vt -2.02344 1.00781
vt -2.02344 1.00781
vt -2.00781 0.0234375
vt -2.00781 0.0234375
vt -2.99219 -1.02344
vt -2.99219 -1.02344
vt -2.99219 -2.99219
vt -2.99219 -2.99219
vt -1.00781 -2.97656
vt -1.00781 -2.97656
vt 3.00781 -3.02344
vt 3.00781 -3.02344
vt 3.99219 -3.97656
vt 3.99219 -3.97656
vt 3.99219 -2.00781
vt 3.99219 -2.00781
vt 3.00781 -1.99219
vt 3.00781 -1.99219
vt 3.02344 -1.00781
vt 3.02344 -1.00781
vt 3.99219 1.02344
vt 3.99219 1.02344
vt 3.00781 3.97656
vt 3.00781 3.97656
vt 2.00781 3.97656
vt 2.00781 3.97656
vt 2.99219 3.02344
vt 2.99219 3.02344
vt 1.97656 3.00781
vt 1.97656 3.00781
vt 1.02344 3.99219
vt 1.02344 3.99219
vt 0.0078125 3.97656
vt 0.0078125 3.97656
vt -1.00781 3.02344
vt -1.00781 3.02344
vt -2.00781 3.02344
vt -2.00781 3.02344
vt -3.99219 3.97656
vt -3.99219 3.97656
vt -3.00781 3.02344
vt -3.00781 3.02344
vt -3.99219 0.0078125
vt -3.99219 0.0078125
vt -3.99219 -0.0234375
vt -3.99219 -0.0234375
vt -3.00781 -3.97656
vt -3.00781 -3.97656
f 2405/4177/3435 2406/4179/3435 2407/4181/3438
f 2408/4183/3439 2406/4179/3435 2405/4177/3435
f 2405/4177/3435 2407/4181/3438 2409/4185/3441
f 2408/4184/3440 2405/4178/3436 2409/4186/3440
f 2410/4187/3442 2407/4182/3437 2406/4180/3437
f 2408/4183/3439 2411/4189/3444 2406/4179/3435
f 2406/4180/3437 2411/4190/3445 2412/4191/3445
f 2410/4187/3442 2406/4180/3437 2412/4191/3445
f 2409/4185/3441 2407/4181/3438 2410/4188/3443
f 2413/4193/3446 2411/4189/3444 2408/4183/3439
f 2408/4184/3440 2409/4186/3440 2414/4195/3447
f 2415/4197/3447 2413/4194/3447 2408/4184/3440
f 2408/4184/3440 2414/4195/3447 2416/4199/3450
f 2417/4201/3450 2415/4197/3447 2408/4184/3440
f 2418/4203/3453 2417/4201/3450 2408/4184/3440
f 2418/4203/3453 2408/4184/3440 2416/4199/3450
f 2413/4193/3446 2412/4192/3446 2411/4189/3444
f 2410/4187/3442 2412/4191/3445 2419/4205/3455
f 2415/4198/3449 2412/4192/3446 2413/4193/3446
f 2415/4198/3449 2420/4207/3457 2412/4192/3446
f 2412/4191/3445 2421/4209/3458 2419/4205/3455
f 2412/4191/3445 2420/4208/3458 2421/4209/3458
f 2409/4185/3441 2410/4188/3443 2422/4211/3460
f 2422/4211/3460 2410/4188/3443 2423/4213/3462
f 2424/4215/3463 2410/4187/3442 2419/4205/3455
f 2425/4217/3463 2423/4214/3463 2410/4187/3442
f 2426/4219/3466 2425/4217/3463 2410/4187/3442
f 2424/4215/3463 2426/4219/3466 2410/4187/3442
f 2409/4186/3440 2422/4212/3461 2414/4195/3447
f 2414/4195/3447 2427/4221/3468 2416/4199/3450
f 2422/4211/3460 2423/4213/3462 2414/4196/3448
f 2414/4196/3448 2423/4213/3462 2425/4218/3465
f 2414/4196/3448 2425/4218/3465 2428/4223/3470
f 2414/4195/3447 2428/4224/3471 2427/4221/3468
f 2417/4201/3450 2429/4225/3471 2415/4197/3447
f 2429/4226/3472 2420/4207/3457 2415/4198/3449
f 2418/4203/3453 2430/4227/3471 2417/4201/3450
f 2417/4202/3452 2421/4210/3459 2429/4226/3472
f 2417/4202/3452 2431/4229/3474 2421/4210/3459
f 2432/4231/3476 2431/4229/3474 2417/4202/3452
f 2430/4227/3471 2432/4232/3477 2417/4201/3450
f 2416/4199/3450 2433/4233/3477 2418/4203/3453
f 2427/4221/3468 2434/4235/3477 2416/4199/3450
f 2434/4236/3479 2435/4237/3480 2416/4200/3451
f 2416/4200/3451 2435/4237/3480 2436/4239/3482
f 2416/4200/3451 2436/4239/3482 2437/4241/3482
f 2416/4199/3450 2437/4242/3483 2438/4243/3483
f 2416/4199/3450 2438/4243/3483 2439/4245/3483
f 2416/4199/3450 2439/4245/3483 2433/4233/3477
f 2418/4203/3453 2440/4247/3486 2430/4227/3471
f 2418/4204/3454 2441/4249/3487 2440/4248/3487
f 2418/4204/3454 2442/4251/3489 2441/4249/3487
f 2433/4233/3477 2443/4253/3490 2418/4203/3453
f 2444/4255/3492 2442/4251/3489 2418/4204/3454
f 2445/4257/3493 2444/4256/3493 2418/4203/3453
f 2443/4253/3490 2445/4257/3493 2418/4203/3453
f 2421/4209/3458 2431/4230/3475 2419/4205/3455
f 2419/4205/3455 2446/4259/3495 2424/4215/3463
f 2432/4231/3476 2419/4206/3456 2431/4229/3474
f 2430/4228/3473 2419/4206/3456 2432/4231/3476
f 2430/4228/3473 2447/4261/3497 2419/4206/3456
f 2419/4205/3455 2447/4262/3498 2441/4250/3488
f 2419/4205/3455 2441/4250/3488 2448/4263/3498
f 2419/4205/3455 2448/4263/3498 2446/4259/3495
f 2429/4226/3472 2421/4210/3459 2420/4207/3457
f 2426/4219/3466 2449/4265/3498 2425/4217/3463
f 2428/4223/3470 2425/4218/3465 2449/4266/3500
f 2424/4215/3463 2436/4240/3481 2426/4219/3466
f 2427/4222/3469 2449/4266/3500 2426/4220/3467
f 2427/4222/3469 2426/4220/3467 2434/4236/3479
f 2434/4236/3479 2426/4220/3467 2435/4237/3480
f 2436/4240/3481 2435/4238/3481 2426/4219/3466
f 2446/4259/3495 2450/4267/3501 2424/4215/3463
f 2424/4215/3463 2451/4269/3501 2436/4240/3481
f 2438/4244/3484 2451/4270/3503 2424/4216/3464
f 2438/4244/3484 2424/4216/3464 2452/4271/3504
f 2452/4271/3504 2424/4216/3464 2453/4273/3506
f 2454/4275/3507 2453/4274/3507 2424/4215/3463
f 2450/4267/3501 2454/4275/3507 2424/4215/3463
f 2428/4223/3470 2449/4266/3500 2427/4222/3469
f 2440/4248/3487 2447/4261/3497 2430/4228/3473
f 2440/4248/3487 2441/4249/3487 2447/4261/3497
f 2441/4250/3488 2442/4252/3488 2448/4263/3498
f 2448/4263/3498 2455/4277/3507 2446/4259/3495
f 2444/4255/3492 2448/4264/3499 2442/4251/3489
f 2445/4258/3494 2448/4264/3499 2444/4255/3492
f 2445/4258/3494 2456/4279/3510 2448/4264/3499
f 2448/4263/3498 2456/4280/3511 2455/4277/3507
f 2455/4277/3507 2457/4281/3511 2446/4259/3495
f 2446/4259/3495 2458/4283/3511 2450/4267/3501
f 2459/4285/3514 2446/4260/3496 2457/4282/3512
f 2460/4287/3516 2446/4260/3496 2459/4285/3514
f 2460/4287/3516 2461/4289/3516 2446/4260/3496
f 2446/4259/3495 2461/4290/3517 2458/4283/3511
f 2437/4241/3482 2436/4239/3482 2451/4270/3503
f 2437/4241/3482 2451/4270/3503 2438/4244/3484
f 2438/4243/3483 2452/4272/3505 2439/4245/3483
f 2439/4245/3483 2462/4291/3518 2433/4233/3477
f 2433/4233/3477 2460/4288/3515 2443/4253/3490
f 2462/4291/3518 2463/4293/3518 2433/4233/3477
f 2433/4233/3477 2464/4295/3521 2460/4288/3515
f 2463/4294/3520 2465/4297/3523 2433/4234/3478
f 2433/4234/3478 2465/4297/3523 2458/4284/3513
f 2433/4234/3478 2458/4284/3513 2464/4296/3522
f 2452/4271/3504 2453/4273/3506 2439/4246/3485
f 2439/4246/3485 2453/4273/3506 2454/4276/3508
f 2439/4246/3485 2454/4276/3508 2466/4299/3525
f 2439/4245/3483 2466/4300/3526 2462/4291/3518
f 2443/4253/3490 2467/4301/3526 2445/4257/3493
f 2467/4302/3527 2456/4279/3510 2445/4258/3494
f 2443/4254/3491 2455/4278/3509 2467/4302/3527
f 2443/4254/3491 2457/4282/3512 2455/4278/3509
f 2459/4285/3514 2457/4282/3512 2443/4254/3491
f 2460/4288/3515 2459/4286/3515 2443/4253/3490
f 2467/4302/3527 2455/4278/3509 2456/4279/3510
f 2450/4267/3501 2468/4303/3528 2454/4275/3507
f 2466/4299/3525 2454/4276/3508 2468/4304/3529
f 2462/4292/3519 2468/4304/3529 2450/4268/3502
f 2462/4292/3519 2450/4268/3502 2463/4294/3520
f 2463/4294/3520 2450/4268/3502 2465/4297/3523
f 2458/4283/3511 2465/4298/3524 2450/4267/3501
f 2466/4299/3525 2468/4304/3529 2462/4292/3519
f 2464/4296/3522 2461/4289/3516 2460/4287/3516
f 2464/4296/3522 2458/4284/3513 2461/4289/3516
g Mesh_body_31
v 0.00805225 0.300634 0.203812 0.627451 0.627451 0.643137
v 0.00810029 0.300634 0.203324 0.627451 0.627451 0.643137
v 0.00810029 0.300634 0.204299 0.627451 0.627451 0.643137
v 0.00805225 0.295634 0.203812 0.627451 0.627451 0.643137
v 0.00847358 0.300634 0.2052 0.627451 0.627451 0.643137
v 0.00810029 0.295634 0.203324 0.627451 0.627451 0.643137
v 0.0100645 0.300634 0.206263 0.627451 0.627451 0.643137
v 0.00824255 0.300634 0.202855 0.627451 0.627451 0.643137
v 0.00847358 0.300634 0.202423 0.627451 0.627451 0.643137
v 0.00916332 0.300634 0.201733 0.627451 0.627451 0.643137
v 0.01104 0.300634 0.20136 0.627451 0.627451 0.643137
v 0.0130042 0.300634 0.204299 0.627451 0.627451 0.643137
v 0.00810029 0.295634 0.204299 0.627451 0.627451 0.643137
v 0.00824255 0.295634 0.204768 0.627451 0.627451 0.643137
v 0.00824255 0.300634 0.204768 0.627451 0.627451 0.643137
v 0.00824255 0.295634 0.202855 0.627451 0.627451 0.643137
v 0.00916332 0.300634 0.20589 0.627451 0.627451 0.643137
v 0.00847358 0.295634 0.2052 0.627451 0.627451 0.643137
v 0.00878449 0.295634 0.205579 0.627451 0.627451 0.643137
v 0.00878449 0.300634 0.205579 0.627451 0.627451 0.643137
v 0.00878449 0.300634 0.202044 0.627451 0.627451 0.643137
v 0.00847358 0.295634 0.202423 0.627451 0.627451 0.643137
v 0.0100645 0.300634 0.20136 0.627451 0.627451 0.643137
v 0.00878449 0.295634 0.202044 0.627451 0.627451 0.643137
v 0.00916332 0.295634 0.201733 0.627451 0.627451 0.643137
v 0.00959554 0.300634 0.201502 0.627451 0.627451 0.643137
v 0.0119412 0.300634 0.20589 0.627451 0.627451 0.643137
v 0.00959554 0.300634 0.206121 0.627451 0.627451 0.643137
v 0.0100645 0.295634 0.206263 0.627451 0.627451 0.643137
v 0.0105523 0.295634 0.206312 0.627451 0.627451 0.643137
v 0.0105523 0.300634 0.206312 0.627451 0.627451 0.643137
v 0.01104 0.300634 0.206263 0.627451 0.627451 0.643137
v 0.0126309 0.300634 0.202423 0.627451 0.627451 0.643137
v 0.0105523 0.300634 0.201312 0.627451 0.627451 0.643137
v 0.0105523 0.295634 0.201312 0.627451 0.627451 0.643137
v 0.01104 0.295634 0.20136 0.627451 0.627451 0.643137
v 0.011509 0.300634 0.201502 0.627451 0.627451 0.643137
v 0.0119412 0.300634 0.201733 0.627451 0.627451 0.643137
v 0.0126309 0.300634 0.2052 0.627451 0.627451 0.643137
v 0.0130042 0.300634 0.203324 0.627451 0.627451 0.643137
v 0.012862 0.300634 0.204768 0.627451 0.627451 0.643137
v 0.0130523 0.300634 0.203812 0.627451 0.627451 0.643137
v 0.0130042 0.295634 0.204299 0.627451 0.627451 0.643137
v 0.0130523 0.295634 0.203812 0.627451 0.627451 0.643137
v 0.00959554 0.295634 0.201502 0.627451 0.627451 0.643137
v 0.00959554 0.295634 0.206121 0.627451 0.627451 0.643137
v 0.011509 0.295634 0.206121 0.627451 0.627451 0.643137
v 0.012862 0.295634 0.202855 0.627451 0.627451 0.643137
v 0.00916332 0.295634 0.20589 0.627451 0.627451 0.643137
v 0.0100645 0.295634 0.20136 0.627451 0.627451 0.643137
v 0.011509 0.295634 0.201502 0.627451 0.627451 0.643137
v 0.01104 0.295634 0.206263 0.627451 0.627451 0.643137
v 0.011509 0.300634 0.206121 0.627451 0.627451 0.643137
v 0.0119412 0.295634 0.20589 0.627451 0.627451 0.643137
v 0.01232 0.295634 0.205579 0.627451 0.627451 0.643137
v 0.01232 0.300634 0.205579 0.627451 0.627451 0.643137
v 0.01232 0.300634 0.202044 0.627451 0.627451 0.643137
v 0.0119412 0.295634 0.201733 0.627451 0.627451 0.643137
v 0.01232 0.295634 0.202044 0.627451 0.627451 0.643137
v 0.0126309 0.295634 0.202423 0.627451 0.627451 0.643137
v 0.012862 0.300634 0.202855 0.627451 0.627451 0.643137
v 0.012862 0.295634 0.204768 0.627451 0.627451 0.643137
v 0.0126309 0.295634 0.2052 0.627451 0.627451 0.643137
v 0.0130042 0.295634 0.203324 0.627451 0.627451 0.643137
v 0.0268 0.300634 0.204056 0.627451 0.627451 0.643137
v 0.026848 0.300634 0.203568 0.627451 0.627451 0.643137
v 0.026848 0.300634 0.204544 0.627451 0.627451 0.643137
v 0.0268 0.295634 0.204056 0.627451 0.627451 0.643137
v 0.0272213 0.300634 0.205445 0.627451 0.627451 0.643137
v 0.026848 0.295634 0.203568 0.627451 0.627451 0.643137
v 0.0288123 0.300634 0.206508 0.627451 0.627451 0.643137
v 0.0269903 0.300634 0.203099 0.627451 0.627451 0.643137
v 0.0272213 0.300634 0.202667 0.627451 0.627451 0.643137
v 0.0279111 0.300634 0.201977 0.627451 0.627451 0.643137
v 0.0297877 0.300634 0.201604 0.627451 0.627451 0.643137
v 0.031752 0.300634 0.204544 0.627451 0.627451 0.643137
v 0.026848 0.295634 0.204544 0.627451 0.627451 0.643137
v 0.0269903 0.295634 0.205013 0.627451 0.627451 0.643137
v 0.0269903 0.300634 0.205013 0.627451 0.627451 0.643137
v 0.0269903 0.295634 0.203099 0.627451 0.627451 0.643137
v 0.0279111 0.300634 0.206135 0.627451 0.627451 0.643137
v 0.0272213 0.295634 0.205445 0.627451 0.627451 0.643137
v 0.0275322 0.295634 0.205824 0.627451 0.627451 0.643137
v 0.0275322 0.300634 0.205824 0.627451 0.627451 0.643137
v 0.0275322 0.300634 0.202288 0.627451 0.627451 0.643137
v 0.0272213 0.295634 0.202667 0.627451 0.627451 0.643137
v 0.0288123 0.300634 0.201604 0.627451 0.627451 0.643137
v 0.0275322 0.295634 0.202288 0.627451 0.627451 0.643137
v 0.0279111 0.295634 0.201977 0.627451 0.627451 0.643137
v 0.0283433 0.300634 0.201746 0.627451 0.627451 0.643137
v 0.0306889 0.300634 0.206135 0.627451 0.627451 0.643137
v 0.0283433 0.300634 0.206366 0.627451 0.627451 0.643137
v 0.0288123 0.295634 0.206508 0.627451 0.627451 0.643137
v 0.0293 0.295634 0.206556 0.627451 0.627451 0.643137
v 0.0293 0.300634 0.206556 0.627451 0.627451 0.643137
v 0.0297877 0.300634 0.206508 0.627451 0.627451 0.643137
v 0.0313787 0.300634 0.202667 0.627451 0.627451 0.643137
v 0.0293 0.300634 0.201556 0.627451 0.627451 0.643137
v 0.0293 0.295634 0.201556 0.627451 0.627451 0.643137
v 0.0297877 0.295634 0.201604 0.627451 0.627451 0.643137
v 0.0302567 0.300634 0.201746 0.627451 0.627451 0.643137
v 0.0306889 0.300634 0.201977 0.627451 0.627451 0.643137
v 0.0313787 0.300634 0.205445 0.627451 0.627451 0.643137
v 0.031752 0.300634 0.203568 0.627451 0.627451 0.643137
v 0.0316097 0.300634 0.205013 0.627451 0.627451 0.643137
v 0.0318 0.300634 0.204056 0.627451 0.627451 0.643137
v 0.031752 0.295634 0.204544 0.627451 0.627451 0.643137
v 0.0318 0.295634 0.204056 0.627451 0.627451 0.643137
v 0.0283433 0.295634 0.201746 0.627451 0.627451 0.643137
v 0.0283433 0.295634 0.206366 0.627451 0.627451 0.643137
v 0.0302567 0.295634 0.206366 0.627451 0.627451 0.643137
v 0.0316097 0.295634 0.203099 0.627451 0.627451 0.643137
v 0.0279111 0.295634 0.206135 0.627451 0.627451 0.643137
v 0.0288123 0.295634 0.201604 0.627451 0.627451 0.643137
v 0.0302567 0.295634 0.201746 0.627451 0.627451 0.643137
v 0.0297877 0.295634 0.206508 0.627451 0.627451 0.643137
v 0.0302567 0.300634 0.206366 0.627451 0.627451 0.643137
v 0.0306889 0.295634 0.206135 0.627451 0.627451 0.643137
v 0.0310678 0.295634 0.205824 0.627451 0.627451 0.643137
v 0.0310678 0.300634 0.205824 0.627451 0.627451 0.643137
v 0.0310678 0.300634 0.202288 0.627451 0.627451 0.643137
v 0.0306889 0.295634 0.201977 0.627451 0.627451 0.643137
v 0.0310678 0.295634 0.202288 0.627451 0.627451 0.643137
v 0.0313787 0.295634 0.202667 0.627451 0.627451 0.643137
v 0.0316097 0.300634 0.203099 0.627451 0.627451 0.643137
v 0.0316097 0.295634 0.205013 0.627451 0.627451 0.643137
v 0.0313787 0.295634 0.205445 0.627451 0.627451 0.643137
v 0.031752 0.295634 0.203568 0.627451 0.627451 0.643137
v 0.0268 0.300634 0.212183 0.627451 0.627451 0.643137
v 0.026848 0.300634 0.211696 0.627451 0.627451 0.643137
v 0.026848 0.300634 0.212671 0.627451 0.627451 0.643137
v 0.0268 0.295634 0.212183 0.627451 0.627451 0.643137
v 0.0272213 0.300634 0.213572 0.627451 0.627451 0.643137
v 0.026848 0.295634 0.211696 0.627451 0.627451 0.643137
v 0.0288123 0.300634 0.214635 0.627451 0.627451 0.643137
v 0.0269903 0.300634 0.211227 0.627451 0.627451 0.643137
v 0.0272213 0.300634 0.210794 0.627451 0.627451 0.643137
v 0.0279111 0.300634 0.210105 0.627451 0.627451 0.643137
v 0.0297877 0.300634 0.209731 0.627451 0.627451 0.643137
v 0.031752 0.300634 0.212671 0.627451 0.627451 0.643137
v 0.026848 0.295634 0.212671 0.627451 0.627451 0.643137
v 0.0269903 0.295634 0.21314 0.627451 0.627451 0.643137
v 0.0269903 0.300634 0.21314 0.627451 0.627451 0.643137
v 0.0269903 0.295634 0.211227 0.627451 0.627451 0.643137
v 0.0279111 0.300634 0.214262 0.627451 0.627451 0.643137
v 0.0272213 0.295634 0.213572 0.627451 0.627451 0.643137
v 0.0275322 0.295634 0.213951 0.627451 0.627451 0.643137
v 0.0275322 0.300634 0.213951 0.627451 0.627451 0.643137
v 0.0275322 0.300634 0.210416 0.627451 0.627451 0.643137
v 0.0272213 0.295634 0.210794 0.627451 0.627451 0.643137
v 0.0288123 0.300634 0.209731 0.627451 0.627451 0.643137
v 0.0275322 0.295634 0.210416 0.627451 0.627451 0.643137
v 0.0279111 0.295634 0.210105 0.627451 0.627451 0.643137
v 0.0283433 0.300634 0.209874 0.627451 0.627451 0.643137
v 0.0306889 0.300634 0.214262 0.627451 0.627451 0.643137
v 0.0283433 0.300634 0.214493 0.627451 0.627451 0.643137
v 0.0288123 0.295634 0.214635 0.627451 0.627451 0.643137
v 0.0293 0.295634 0.214683 0.627451 0.627451 0.643137
v 0.0293 0.300634 0.214683 0.627451 0.627451 0.643137
v 0.0297877 0.300634 0.214635 0.627451 0.627451 0.643137
v 0.0313787 0.300634 0.210794 0.627451 0.627451 0.643137
v 0.0293 0.300634 0.209683 0.627451 0.627451 0.643137
v 0.0293 0.295634 0.209683 0.627451 0.627451 0.643137
v 0.0297877 0.295634 0.209731 0.627451 0.627451 0.643137
v 0.0302567 0.300634 0.209874 0.627451 0.627451 0.643137
v 0.0306889 0.300634 0.210105 0.627451 0.627451 0.643137
v 0.0313787 0.300634 0.213572 0.627451 0.627451 0.643137
v 0.031752 0.300634 0.211696 0.627451 0.627451 0.643137
v 0.0316097 0.300634 0.21314 0.627451 0.627451 0.643137
v 0.0318 0.300634 0.212183 0.627451 0.627451 0.643137
v 0.031752 0.295634 0.212671 0.627451 0.627451 0.643137
v 0.0318 0.295634 0.212183 0.627451 0.627451 0.643137
v 0.0283433 0.295634 0.209874 0.627451 0.627451 0.643137
v 0.0283433 0.295634 0.214493 0.627451 0.627451 0.643137
v 0.0302567 0.295634 0.214493 0.627451 0.627451 0.643137
v 0.0316097 0.295634 0.211227 0.627451 0.627451 0.643137
v 0.0279111 0.295634 0.214262 0.627451 0.627451 0.643137
v 0.0288123 0.295634 0.209731 0.627451 0.627451 0.643137
v 0.0302567 0.295634 0.209874 0.627451 0.627451 0.643137
v 0.0297877 0.295634 0.214635 0.627451 0.627451 0.643137
v 0.0302567 0.300634 0.214493 0.627451 0.627451 0.643137
v 0.0306889 0.295634 0.214262 0.627451 0.627451 0.643137
v 0.0310678 0.295634 0.213951 0.627451 0.627451 0.643137
v 0.0310678 0.300634 0.213951 0.627451 0.627451 0.643137
v 0.0310678 0.300634 0.210416 0.627451 0.627451 0.643137
v 0.0306889 0.295634 0.210105 0.627451 0.627451 0.643137
v 0.0310678 0.295634 0.210416 0.627451 0.627451 0.643137
v 0.0313787 0.295634 0.210794 0.627451 0.627451 0.643137
v 0.0316097 0.300634 0.211227 0.627451 0.627451 0.643137
v 0.0316097 0.295634 0.21314 0.627451 0.627451 0.643137
v 0.0313787 0.295634 0.213572 0.627451 0.627451 0.643137
v 0.031752 0.295634 0.211696 0.627451 0.627451 0.643137
v 0.0268 0.300634 0.23187 0.627451 0.627451 0.643137
v 0.026848 0.300634 0.231383 0.627451 0.627451 0.643137
v 0.026848 0.300634 0.232358 0.627451 0.627451 0.643137
v 0.0268 0.295634 0.23187 0.627451 0.627451 0.643137
v 0.0272213 0.300634 0.233259 0.627451 0.627451 0.643137
v 0.026848 0.295634 0.231383 0.627451 0.627451 0.643137
v 0.0288123 0.300634 0.234322 0.627451 0.627451 0.643137
v 0.0269903 0.300634 0.230914 0.627451 0.627451 0.643137
v 0.0272213 0.300634 0.230481 0.627451 0.627451 0.643137
v 0.0279111 0.300634 0.229792 0.627451 0.627451 0.643137
v 0.0297877 0.300634 0.229418 0.627451 0.627451 0.643137
v 0.031752 0.300634 0.232358 0.627451 0.627451 0.643137
v 0.026848 0.295634 0.232358 0.627451 0.627451 0.643137
v 0.0269903 0.295634 0.232827 0.627451 0.627451 0.643137
v 0.0269903 0.300634 0.232827 0.627451 0.627451 0.643137
v 0.0269903 0.295634 0.230914 0.627451 0.627451 0.643137
v 0.0279111 0.300634 0.233949 0.627451 0.627451 0.643137
v 0.0272213 0.295634 0.233259 0.627451 0.627451 0.643137
v 0.0275322 0.295634 0.233638 0.627451 0.627451 0.643137
v 0.0275322 0.300634 0.233638 0.627451 0.627451 0.643137
v 0.0275322 0.300634 0.230102 0.627451 0.627451 0.643137
v 0.0272213 0.295634 0.230481 0.627451 0.627451 0.643137
v 0.0288123 0.300634 0.229418 0.627451 0.627451 0.643137
v 0.0275322 0.295634 0.230102 0.627451 0.627451 0.643137
v 0.0279111 0.295634 0.229792 0.627451 0.627451 0.643137
v 0.0283433 0.300634 0.229561 0.627451 0.627451 0.643137
v 0.0306889 0.300634 0.233949 0.627451 0.627451 0.643137
v 0.0283433 0.300634 0.23418 0.627451 0.627451 0.643137
v 0.0288123 0.295634 0.234322 0.627451 0.627451 0.643137
v 0.0293 0.295634 0.23437 0.627451 0.627451 0.643137
v 0.0293 0.300634 0.23437 0.627451 0.627451 0.643137
v 0.0297877 0.300634 0.234322 0.627451 0.627451 0.643137
v 0.0313787 0.300634 0.230481 0.627451 0.627451 0.643137
v 0.0293 0.300634 0.22937 0.627451 0.627451 0.643137
v 0.0293 0.295634 0.22937 0.627451 0.627451 0.643137
v 0.0297877 0.295634 0.229418 0.627451 0.627451 0.643137
v 0.0302567 0.300634 0.229561 0.627451 0.627451 0.643137
v 0.0306889 0.300634 0.229792 0.627451 0.627451 0.643137
v 0.0313787 0.300634 0.233259 0.627451 0.627451 0.643137
v 0.031752 0.300634 0.231383 0.627451 0.627451 0.643137
v 0.0316097 0.300634 0.232827 0.627451 0.627451 0.643137
v 0.0318 0.300634 0.23187 0.627451 0.627451 0.643137
v 0.031752 0.295634 0.232358 0.627451 0.627451 0.643137
v 0.0318 0.295634 0.23187 0.627451 0.627451 0.643137
v 0.0283433 0.295634 0.229561 0.627451 0.627451 0.643137
v 0.0283433 0.295634 0.23418 0.627451 0.627451 0.643137
v 0.0302567 0.295634 0.23418 0.627451 0.627451 0.643137
v 0.0316097 0.295634 0.230914 0.627451 0.627451 0.643137
v 0.0279111 0.295634 0.233949 0.627451 0.627451 0.643137
v 0.0288123 0.295634 0.229418 0.627451 0.627451 0.643137
v 0.0302567 0.295634 0.229561 0.627451 0.627451 0.643137
v 0.0297877 0.295634 0.234322 0.627451 0.627451 0.643137
v 0.0302567 0.300634 0.23418 0.627451 0.627451 0.643137
v 0.0306889 0.295634 0.233949 0.627451 0.627451 0.643137
v 0.0310678 0.295634 0.233638 0.627451 0.627451 0.643137
v 0.0310678 0.300634 0.233638 0.627451 0.627451 0.643137
v 0.0310678 0.300634 0.230102 0.627451 0.627451 0.643137
v 0.0306889 0.295634 0.229792 0.627451 0.627451 0.643137
v 0.0310678 0.295634 0.230102 0.627451 0.627451 0.643137
v 0.0313787 0.295634 0.230481 0.627451 0.627451 0.643137
v 0.0316097 0.300634 0.230914 0.627451 0.627451 0.643137
v 0.0316097 0.295634 0.232827 0.627451 0.627451 0.643137
v 0.0313787 0.295634 0.233259 0.627451 0.627451 0.643137
v 0.031752 0.295634 0.231383 0.627451 0.627451 0.643137
v 0.0370419 0.300634 0.204056 0.627451 0.627451 0.643137
v 0.0370899 0.300634 0.203568 0.627451 0.627451 0.643137
v 0.0370899 0.300634 0.204544 0.627451 0.627451 0.643137
v 0.0370419 0.295634 0.204056 0.627451 0.627451 0.643137
v 0.0374632 0.300634 0.205445 0.627451 0.627451 0.643137
v 0.0370899 0.295634 0.203568 0.627451 0.627451 0.643137
v 0.0390542 0.300634 0.206508 0.627451 0.627451 0.643137
v 0.0372322 0.300634 0.203099 0.627451 0.627451 0.643137
v 0.0374632 0.300634 0.202667 0.627451 0.627451 0.643137
v 0.038153 0.300634 0.201977 0.627451 0.627451 0.643137
v 0.0400296 0.300634 0.201604 0.627451 0.627451 0.643137
v 0.0419939 0.300634 0.204544 0.627451 0.627451 0.643137
v 0.0370899 0.295634 0.204544 0.627451 0.627451 0.643137
v 0.0372322 0.295634 0.205013 0.627451 0.627451 0.643137
v 0.0372322 0.300634 0.205013 0.627451 0.627451 0.643137
v 0.0372322 0.295634 0.203099 0.627451 0.627451 0.643137
v 0.038153 0.300634 0.206135 0.627451 0.627451 0.643137
v 0.0374632 0.295634 0.205445 0.627451 0.627451 0.643137
v 0.0377741 0.295634 0.205824 0.627451 0.627451 0.643137
v 0.0377741 0.300634 0.205824 0.627451 0.627451 0.643137
v 0.0377741 0.300634 0.202288 0.627451 0.627451 0.643137
v 0.0374632 0.295634 0.202667 0.627451 0.627451 0.643137
v 0.0390542 0.300634 0.201604 0.627451 0.627451 0.643137
v 0.0377741 0.295634 0.202288 0.627451 0.627451 0.643137
v 0.038153 0.295634 0.201977 0.627451 0.627451 0.643137
v 0.0385852 0.300634 0.201746 0.627451 0.627451 0.643137
v 0.0409308 0.300634 0.206135 0.627451 0.627451 0.643137
v 0.0385852 0.300634 0.206366 0.627451 0.627451 0.643137
v 0.0390542 0.295634 0.206508 0.627451 0.627451 0.643137
v 0.0395419 0.295634 0.206556 0.627451 0.627451 0.643137
v 0.0395419 0.300634 0.206556 0.627451 0.627451 0.643137
v 0.0400296 0.300634 0.206508 0.627451 0.627451 0.643137
v 0.0416206 0.300634 0.202667 0.627451 0.627451 0.643137
v 0.0395419 0.300634 0.201556 0.627451 0.627451 0.643137
v 0.0395419 0.295634 0.201556 0.627451 0.627451 0.643137
v 0.0400296 0.295634 0.201604 0.627451 0.627451 0.643137
v 0.0404986 0.300634 0.201746 0.627451 0.627451 0.643137
v 0.0409308 0.300634 0.201977 0.627451 0.627451 0.643137
v 0.0416206 0.300634 0.205445 0.627451 0.627451 0.643137
v 0.0419939 0.300634 0.203568 0.627451 0.627451 0.643137
v 0.0418516 0.300634 0.205013 0.627451 0.627451 0.643137
v 0.0420419 0.300634 0.204056 0.627451 0.627451 0.643137
v 0.0419939 0.295634 0.204544 0.627451 0.627451 0.643137
v 0.0420419 0.295634 0.204056 0.627451 0.627451 0.643137
v 0.0385852 0.295634 0.201746 0.627451 0.627451 0.643137
v 0.0385852 0.295634 0.206366 0.627451 0.627451 0.643137
v 0.0404986 0.295634 0.206366 0.627451 0.627451 0.643137
v 0.0418516 0.295634 0.203099 0.627451 0.627451 0.643137
v 0.038153 0.295634 0.206135 0.627451 0.627451 0.643137
v 0.0390542 0.295634 0.201604 0.627451 0.627451 0.643137
v 0.0404986 0.295634 0.201746 0.627451 0.627451 0.643137
v 0.0400296 0.295634 0.206508 0.627451 0.627451 0.643137
v 0.0404986 0.300634 0.206366 0.627451 0.627451 0.643137
v 0.0409308 0.295634 0.206135 0.627451 0.627451 0.643137
v 0.0413097 0.295634 0.205824 0.627451 0.627451 0.643137
v 0.0413097 0.300634 0.205824 0.627451 0.627451 0.643137
v 0.0413097 0.300634 0.202288 0.627451 0.627451 0.643137
v 0.0409308 0.295634 0.201977 0.627451 0.627451 0.643137
v 0.0413097 0.295634 0.202288 0.627451 0.627451 0.643137
v 0.0416206 0.295634 0.202667 0.627451 0.627451 0.643137
v 0.0418516 0.300634 0.203099 0.627451 0.627451 0.643137
v 0.0418516 0.295634 0.205013 0.627451 0.627451 0.643137
v 0.0416206 0.295634 0.205445 0.627451 0.627451 0.643137
v 0.0419939 0.295634 0.203568 0.627451 0.627451 0.643137
v 0.0370419 0.300634 0.212183 0.627451 0.627451 0.643137
v 0.0370899 0.300634 0.211696 0.627451 0.627451 0.643137
v 0.0370899 0.300634 0.212671 0.627451 0.627451 0.643137
v 0.0370419 0.295634 0.212183 0.627451 0.627451 0.643137
v 0.0374632 0.300634 0.213572 0.627451 0.627451 0.643137
v 0.0370899 0.295634 0.211696 0.627451 0.627451 0.643137
v 0.0390542 0.300634 0.214635 0.627451 0.627451 0.643137
v 0.0372322 0.300634 0.211227 0.627451 0.627451 0.643137
v 0.0374632 0.300634 0.210794 0.627451 0.627451 0.643137
v 0.038153 0.300634 0.210105 0.627451 0.627451 0.643137
v 0.0400296 0.300634 0.209731 0.627451 0.627451 0.643137
v 0.0419939 0.300634 0.212671 0.627451 0.627451 0.643137
v 0.0370899 0.295634 0.212671 0.627451 0.627451 0.643137
v 0.0372322 0.295634 0.21314 0.627451 0.627451 0.643137
v 0.0372322 0.300634 0.21314 0.627451 0.627451 0.643137
v 0.0372322 0.295634 0.211227 0.627451 0.627451 0.643137
v 0.038153 0.300634 0.214262 0.627451 0.627451 0.643137
v 0.0374632 0.295634 0.213572 0.627451 0.627451 0.643137
v 0.0377741 0.295634 0.213951 0.627451 0.627451 0.643137
v 0.0377741 0.300634 0.213951 0.627451 0.627451 0.643137
v 0.0377741 0.300634 0.210416 0.627451 0.627451 0.643137
v 0.0374632 0.295634 0.210794 0.627451 0.627451 0.643137
v 0.0390542 0.300634 0.209731 0.627451 0.627451 0.643137
v 0.0377741 0.295634 0.210416 0.627451 0.627451 0.643137
v 0.038153 0.295634 0.210105 0.627451 0.627451 0.643137
v 0.0385852 0.300634 0.209874 0.627451 0.627451 0.643137
v 0.0409308 0.300634 0.214262 0.627451 0.627451 0.643137
v 0.0385852 0.300634 0.214493 0.627451 0.627451 0.643137
v 0.0390542 0.295634 0.214635 0.627451 0.627451 0.643137
v 0.0395419 0.295634 0.214683 0.627451 0.627451 0.643137
v 0.0395419 0.300634 0.214683 0.627451 0.627451 0.643137
v 0.0400296 0.300634 0.214635 0.627451 0.627451 0.643137
v 0.0416206 0.300634 0.210794 0.627451 0.627451 0.643137
v 0.0395419 0.300634 0.209683 0.627451 0.627451 0.643137
v 0.0395419 0.295634 0.209683 0.627451 0.627451 0.643137
v 0.0400296 0.295634 0.209731 0.627451 0.627451 0.643137
v 0.0404986 0.300634 0.209874 0.627451 0.627451 0.643137
v 0.0409308 0.300634 0.210105 0.627451 0.627451 0.643137
v 0.0416206 0.300634 0.213572 0.627451 0.627451 0.643137
v 0.0419939 0.300634 0.211696 0.627451 0.627451 0.643137
v 0.0418516 0.300634 0.21314 0.627451 0.627451 0.643137
v 0.0420419 0.300634 0.212183 0.627451 0.627451 0.643137
v 0.0419939 0.295634 0.212671 0.627451 0.627451 0.643137
v 0.0420419 0.295634 0.212183 0.627451 0.627451 0.643137
v 0.0385852 0.295634 0.209874 0.627451 0.627451 0.643137
v 0.0385852 0.295634 0.214493 0.627451 0.627451 0.643137
v 0.0404986 0.295634 0.214493 0.627451 0.627451 0.643137
v 0.0418516 0.295634 0.211227 0.627451 0.627451 0.643137
v 0.038153 0.295634 0.214262 0.627451 0.627451 0.643137
v 0.0390542 0.295634 0.209731 0.627451 0.627451 0.643137
v 0.0404986 0.295634 0.209874 0.627451 0.627451 0.643137
v 0.0400296 0.295634 0.214635 0.627451 0.627451 0.643137
v 0.0404986 0.300634 0.214493 0.627451 0.627451 0.643137
v 0.0409308 0.295634 0.214262 0.627451 0.627451 0.643137
v 0.0413097 0.295634 0.213951 0.627451 0.627451 0.643137
v 0.0413097 0.300634 0.213951 0.627451 0.627451 0.643137
v 0.0413097 0.300634 0.210416 0.627451 0.627451 0.643137
v 0.0409308 0.295634 0.210105 0.627451 0.627451 0.643137
v 0.0413097 0.295634 0.210416 0.627451 0.627451 0.643137
v 0.0416206 0.295634 0.210794 0.627451 0.627451 0.643137
v 0.0418516 0.300634 0.211227 0.627451 0.627451 0.643137
v 0.0418516 0.295634 0.21314 0.627451 0.627451 0.643137
v 0.0416206 0.295634 0.213572 0.627451 0.627451 0.643137
v 0.0419939 0.295634 0.211696 0.627451 0.627451 0.643137
v 0.0370419 0.300634 0.23187 0.627451 0.627451 0.643137
v 0.0370899 0.300634 0.231383 0.627451 0.627451 0.643137
v 0.0370899 0.300634 0.232358 0.627451 0.627451 0.643137
v 0.0370419 0.295634 0.23187 0.627451 0.627451 0.643137
v 0.0374632 0.300634 0.233259 0.627451 0.627451 0.643137
v 0.0370899 0.295634 0.231383 0.627451 0.627451 0.643137
v 0.0390542 0.300634 0.234322 0.627451 0.627451 0.643137
v 0.0372322 0.300634 0.230914 0.627451 0.627451 0.643137
v 0.0374632 0.300634 0.230481 0.627451 0.627451 0.643137
v 0.038153 0.300634 0.229792 0.627451 0.627451 0.643137
v 0.0400296 0.300634 0.229418 0.627451 0.627451 0.643137
v 0.0419939 0.300634 0.232358 0.627451 0.627451 0.643137
v 0.0370899 0.295634 0.232358 0.627451 0.627451 0.643137
v 0.0372322 0.295634 0.232827 0.627451 0.627451 0.643137
v 0.0372322 0.300634 0.232827 0.627451 0.627451 0.643137
v 0.0372322 0.295634 0.230914 0.627451 0.627451 0.643137
v 0.038153 0.300634 0.233949 0.627451 0.627451 0.643137
v 0.0374632 0.295634 0.233259 0.627451 0.627451 0.643137
v 0.0377741 0.295634 0.233638 0.627451 0.627451 0.643137
v 0.0377741 0.300634 0.233638 0.627451 0.627451 0.643137
v 0.0377741 0.300634 0.230102 0.627451 0.627451 0.643137
v 0.0374632 0.295634 0.230481 0.627451 0.627451 0.643137
v 0.0390542 0.300634 0.229418 0.627451 0.627451 0.643137
v 0.0377741 0.295634 0.230102 0.627451 0.627451 0.643137
v 0.038153 0.295634 0.229792 0.627451 0.627451 0.643137
v 0.0385852 0.300634 0.229561 0.627451 0.627451 0.643137
v 0.0409308 0.300634 0.233949 0.627451 0.627451 0.643137
v 0.0385852 0.300634 0.23418 0.627451 0.627451 0.643137
v 0.0390542 0.295634 0.234322 0.627451 0.627451 0.643137
v 0.0395419 0.295634 0.23437 0.627451 0.627451 0.643137
v 0.0395419 0.300634 0.23437 0.627451 0.627451 0.643137
v 0.0400296 0.300634 0.234322 0.627451 0.627451 0.643137
v 0.0416206 0.300634 0.230481 0.627451 0.627451 0.643137
v 0.0395419 0.300634 0.22937 0.627451 0.627451 0.643137
v 0.0395419 0.295634 0.22937 0.627451 0.627451 0.643137
v 0.0400296 0.295634 0.229418 0.627451 0.627451 0.643137
v 0.0404986 0.300634 0.229561 0.627451 0.627451 0.643137
v 0.0409308 0.300634 0.229792 0.627451 0.627451 0.643137
v 0.0416206 0.300634 0.233259 0.627451 0.627451 0.643137
v 0.0419939 0.300634 0.231383 0.627451 0.627451 0.643137
v 0.0418516 0.300634 0.232827 0.627451 0.627451 0.643137
v 0.0420419 0.300634 0.23187 0.627451 0.627451 0.643137
v 0.0419939 0.295634 0.232358 0.627451 0.627451 0.643137
v 0.0420419 0.295634 0.23187 0.627451 0.627451 0.643137
v 0.0385852 0.295634 0.229561 0.627451 0.627451 0.643137
v 0.0385852 0.295634 0.23418 0.627451 0.627451 0.643137
v 0.0404986 0.295634 0.23418 0.627451 0.627451 0.643137
v 0.0418516 0.295634 0.230914 0.627451 0.627451 0.643137
v 0.038153 0.295634 0.233949 0.627451 0.627451 0.643137
v 0.0390542 0.295634 0.229418 0.627451 0.627451 0.643137
v 0.0404986 0.295634 0.229561 0.627451 0.627451 0.643137
v 0.0400296 0.295634 0.234322 0.627451 0.627451 0.643137
v 0.0404986 0.300634 0.23418 0.627451 0.627451 0.643137
v 0.0409308 0.295634 0.233949 0.627451 0.627451 0.643137
v 0.0413097 0.295634 0.233638 0.627451 0.627451 0.643137
v 0.0413097 0.300634 0.233638 0.627451 0.627451 0.643137
v 0.0413097 0.300634 0.230102 0.627451 0.627451 0.643137
v 0.0409308 0.295634 0.229792 0.627451 0.627451 0.643137
v 0.0413097 0.295634 0.230102 0.627451 0.627451 0.643137
v 0.0416206 0.295634 0.230481 0.627451 0.627451 0.643137
v 0.0418516 0.300634 0.230914 0.627451 0.627451 0.643137
v 0.0418516 0.295634 0.232827 0.627451 0.627451 0.643137
v 0.0416206 0.295634 0.233259 0.627451 0.627451 0.643137
v 0.0419939 0.295634 0.231383 0.627451 0.627451 0.643137
v 0.0364659 0.30008 0.239294 0.627451 0.627451 0.643137
v 0.0365079 0.30008 0.238867 0.627451 0.627451 0.643137
v 0.0365079 0.30008 0.239721 0.627451 0.627451 0.643137
v 0.0364659 0.295701 0.239294 0.627451 0.627451 0.643137
v 0.0368348 0.30008 0.24051 0.627451 0.627451 0.643137
v 0.0365079 0.295701 0.238867 0.627451 0.627451 0.643137
v 0.0382281 0.30008 0.241441 0.627451 0.627451 0.643137
v 0.0366325 0.30008 0.238456 0.627451 0.627451 0.643137
v 0.0368348 0.30008 0.238078 0.627451 0.627451 0.643137
v 0.0374389 0.30008 0.237473 0.627451 0.627451 0.643137
v 0.041054 0.30008 0.237147 0.627451 0.627451 0.643137
v 0.0427742 0.30008 0.239721 0.627451 0.627451 0.643137
v 0.0365079 0.295701 0.239721 0.627451 0.627451 0.643137
v 0.0366325 0.295701 0.240132 0.627451 0.627451 0.643137
v 0.0366325 0.30008 0.240132 0.627451 0.627451 0.643137
v 0.0366325 0.295701 0.238456 0.627451 0.627451 0.643137
v 0.0374389 0.30008 0.241114 0.627451 0.627451 0.643137
v 0.0368348 0.295701 0.24051 0.627451 0.627451 0.643137
v 0.0371071 0.295701 0.240842 0.627451 0.627451 0.643137
v 0.0371071 0.30008 0.240842 0.627451 0.627451 0.643137
v 0.0371071 0.30008 0.237746 0.627451 0.627451 0.643137
v 0.0368348 0.295701 0.238078 0.627451 0.627451 0.643137
v 0.0382281 0.30008 0.237147 0.627451 0.627451 0.643137
v 0.0371071 0.295701 0.237746 0.627451 0.627451 0.643137
v 0.0374389 0.295701 0.237473 0.627451 0.627451 0.643137
v 0.0378174 0.30008 0.237271 0.627451 0.627451 0.643137
v 0.0418432 0.30008 0.241114 0.627451 0.627451 0.643137
v 0.0378174 0.30008 0.241317 0.627451 0.627451 0.643137
v 0.0382281 0.295701 0.241441 0.627451 0.627451 0.643137
v 0.0395419 0.295701 0.241483 0.627451 0.627451 0.643137
v 0.0395419 0.30008 0.241483 0.627451 0.627451 0.643137
v 0.041054 0.30008 0.241441 0.627451 0.627451 0.643137
v 0.0424473 0.30008 0.238078 0.627451 0.627451 0.643137
v 0.0395419 0.30008 0.237105 0.627451 0.627451 0.643137
v 0.0395419 0.295701 0.237105 0.627451 0.627451 0.643137
v 0.041054 0.295701 0.237147 0.627451 0.627451 0.643137
v 0.0414647 0.30008 0.237271 0.627451 0.627451 0.643137
v 0.0418432 0.30008 0.237473 0.627451 0.627451 0.643137
v 0.0424473 0.30008 0.24051 0.627451 0.627451 0.643137
v 0.0427742 0.30008 0.238867 0.627451 0.627451 0.643137
v 0.0426496 0.30008 0.240132 0.627451 0.627451 0.643137
v 0.0428163 0.30008 0.239294 0.627451 0.627451 0.643137
v 0.0427742 0.295701 0.239721 0.627451 0.627451 0.643137
v 0.0428163 0.295701 0.239294 0.627451 0.627451 0.643137
v 0.0378174 0.295701 0.237271 0.627451 0.627451 0.643137
v 0.0378174 0.295701 0.241317 0.627451 0.627451 0.643137
v 0.0414647 0.295701 0.241317 0.627451 0.627451 0.643137
v 0.0426496 0.295701 0.238456 0.627451 0.627451 0.643137
v 0.0374389 0.295701 0.241114 0.627451 0.627451 0.643137
v 0.0382281 0.295701 0.237147 0.627451 0.627451 0.643137
v 0.0414647 0.295701 0.237271 0.627451 0.627451 0.643137
v 0.041054 0.295701 0.241441 0.627451 0.627451 0.643137
v 0.0414647 0.30008 0.241317 0.627451 0.627451 0.643137
v 0.0418432 0.295701 0.241114 0.627451 0.627451 0.643137
v 0.042175 0.295701 0.240842 0.627451 0.627451 0.643137
v 0.042175 0.30008 0.240842 0.627451 0.627451 0.643137
v 0.042175 0.30008 0.237746 0.627451 0.627451 0.643137
v 0.0418432 0.295701 0.237473 0.627451 0.627451 0.643137
v 0.042175 0.295701 0.237746 0.627451 0.627451 0.643137
v 0.0424473 0.295701 0.238078 0.627451 0.627451 0.643137
v 0.0426496 0.30008 0.238456 0.627451 0.627451 0.643137
v 0.0426496 0.295701 0.240132 0.627451 0.627451 0.643137
v 0.0424473 0.295701 0.24051 0.627451 0.627451 0.643137
v 0.0427742 0.295701 0.238867 0.627451 0.627451 0.643137
v 0.0262435 0.300044 0.239294 0.627451 0.627451 0.643137
v 0.0262856 0.300044 0.238867 0.627451 0.627451 0.643137
v 0.0262856 0.300044 0.239721 0.627451 0.627451 0.643137
v 0.0262435 0.295665 0.239294 0.627451 0.627451 0.643137
v 0.0266125 0.300044 0.24051 0.627451 0.627451 0.643137
v 0.0262856 0.295665 0.238867 0.627451 0.627451 0.643137
v 0.0280057 0.300044 0.241441 0.627451 0.627451 0.643137
v 0.0264101 0.300044 0.238456 0.627451 0.627451 0.643137
v 0.0266125 0.300044 0.238078 0.627451 0.627451 0.643137
v 0.0272165 0.300044 0.237473 0.627451 0.627451 0.643137
v 0.0308316 0.300044 0.237147 0.627451 0.627451 0.643137
v 0.0325518 0.300044 0.239721 0.627451 0.627451 0.643137
v 0.0262856 0.295665 0.239721 0.627451 0.627451 0.643137
v 0.0264101 0.295665 0.240132 0.627451 0.627451 0.643137
v 0.0264101 0.300044 0.240132 0.627451 0.627451 0.643137
v 0.0264101 0.295665 0.238456 0.627451 0.627451 0.643137
v 0.0272165 0.300044 0.241114 0.627451 0.627451 0.643137
v 0.0266125 0.295665 0.24051 0.627451 0.627451 0.643137
v 0.0268847 0.295665 0.240842 0.627451 0.627451 0.643137
v 0.0268847 0.300044 0.240842 0.627451 0.627451 0.643137
v 0.0268847 0.300044 0.237746 0.627451 0.627451 0.643137
v 0.0266125 0.295665 0.238078 0.627451 0.627451 0.643137
v 0.0280057 0.300044 0.237147 0.627451 0.627451 0.643137
v 0.0268847 0.295665 0.237746 0.627451 0.627451 0.643137
v 0.0272165 0.295665 0.237473 0.627451 0.627451 0.643137
v 0.027595 0.300044 0.237271 0.627451 0.627451 0.643137
v 0.0316209 0.300044 0.241114 0.627451 0.627451 0.643137
v 0.027595 0.300044 0.241317 0.627451 0.627451 0.643137
v 0.0280057 0.295665 0.241441 0.627451 0.627451 0.643137
v 0.0293195 0.295665 0.241483 0.627451 0.627451 0.643137
v 0.0293195 0.300044 0.241483 0.627451 0.627451 0.643137
v 0.0308316 0.300044 0.241441 0.627451 0.627451 0.643137
v 0.0322249 0.300044 0.238078 0.627451 0.627451 0.643137
v 0.0293195 0.300044 0.237105 0.627451 0.627451 0.643137
v 0.0293195 0.295665 0.237105 0.627451 0.627451 0.643137
v 0.0308316 0.295665 0.237147 0.627451 0.627451 0.643137
v 0.0312423 0.300044 0.237271 0.627451 0.627451 0.643137
v 0.0316209 0.300044 0.237473 0.627451 0.627451 0.643137
v 0.0322249 0.300044 0.24051 0.627451 0.627451 0.643137
v 0.0325518 0.300044 0.238867 0.627451 0.627451 0.643137
v 0.0324272 0.300044 0.240132 0.627451 0.627451 0.643137
v 0.0325939 0.300044 0.239294 0.627451 0.627451 0.643137
v 0.0325518 0.295665 0.239721 0.627451 0.627451 0.643137
v 0.0325939 0.295665 0.239294 0.627451 0.627451 0.643137
v 0.027595 0.295665 0.237271 0.627451 0.627451 0.643137
v 0.027595 0.295665 0.241317 0.627451 0.627451 0.643137
v 0.0312423 0.295665 0.241317 0.627451 0.627451 0.643137
v 0.0324272 0.295665 0.238456 0.627451 0.627451 0.643137
v 0.0272165 0.295665 0.241114 0.627451 0.627451 0.643137
v 0.0280057 0.295665 0.237147 0.627451 0.627451 0.643137
v 0.0312423 0.295665 0.237271 0.627451 0.627451 0.643137
v 0.0308316 0.295665 0.241441 0.627451 0.627451 0.643137
v 0.0312423 0.300044 0.241317 0.627451 0.627451 0.643137
v 0.0316209 0.295665 0.241114 0.627451 0.627451 0.643137
v 0.0319526 0.295665 0.240842 0.627451 0.627451 0.643137
v 0.0319526 0.300044 0.240842 0.627451 0.627451 0.643137
v 0.0319526 0.300044 0.237746 0.627451 0.627451 0.643137
v 0.0316209 0.295665 0.237473 0.627451 0.627451 0.643137
v 0.0319526 0.295665 0.237746 0.627451 0.627451 0.643137
v 0.0322249 0.295665 0.238078 0.627451 0.627451 0.643137
v 0.0324272 0.300044 0.238456 0.627451 0.627451 0.643137
v 0.0324272 0.295665 0.240132 0.627451 0.627451 0.643137
v 0.0322249 0.295665 0.24051 0.627451 0.627451 0.643137
v 0.0325518 0.295665 0.238867 0.627451 0.627451 0.643137
v -0.0225914 0.349637 0.2286 0.627451 0.627451 0.643137
v -0.0225914 0.349951 0.235029 0.627451 0.627451 0.643137
v -0.0219597 0.349951 0.235029 0.627451 0.627451 0.643137
v -0.0222535 0.346242 0.2286 0.627451 0.627451 0.643137
v -0.0219597 0.349683 0.229542 0.627451 0.627451 0.643137
v -0.0222882 0.345972 0.228218 0.627451 0.627451 0.643137
v -0.0219597 0.349637 0.2286 0.627451 0.627451 0.643137
v -0.0219597 0.349574 0.227225 0.627451 0.627451 0.643137
v -0.0225914 0.349008 0.227244 0.627451 0.627451 0.643137
v -0.0219597 0.348908 0.241458 0.627451 0.627451 0.643137
v -0.0225914 0.348908 0.241458 0.627451 0.627451 0.643137
v -0.0221637 0.346554 0.235029 0.627451 0.627451 0.643137
v -0.000761498 0.348908 0.241458 0.627451 0.627451 0.643137
v -0.000761498 0.349951 0.235029 0.627451 0.627451 0.643137
v -0.0219597 0.346406 0.246997 0.627451 0.627451 0.643137
v -0.000761498 0.346406 0.246997 0.627451 0.627451 0.643137
v -0.0211089 0.334743 0.2286 0.627451 0.627451 0.643137
v -0.0212613 0.334553 0.220575 0.627451 0.627451 0.643137
v -0.0219848 0.345609 0.241458 0.627451 0.627451 0.643137
v -0.0219597 0.346004 0.247887 0.627451 0.627451 0.643137
v -0.0225914 0.346004 0.247887 0.627451 0.627451 0.643137
v -0.0207149 0.335047 0.235029 0.627451 0.627451 0.643137
v -0.000761498 0.349683 0.229542 0.627451 0.627451 0.643137
v 0.00386189 0.348908 0.241458 0.627451 0.627451 0.643137
v 0.00386189 0.349951 0.235029 0.627451 0.627451 0.643137
v 0.00386189 0.346004 0.247887 0.627451 0.627451 0.643137
v -0.000761498 0.349637 0.2286 0.627451 0.627451 0.643137
v 0.0760814 0.348908 0.241458 0.627451 0.627451 0.643137
v 0.00386189 0.349637 0.2286 0.627451 0.627451 0.643137
v 0.0760814 0.349951 0.235029 0.627451 0.627451 0.643137
v 0.0760814 0.346004 0.247887 0.627451 0.627451 0.643137
v 0.0760814 0.349637 0.2286 0.627451 0.627451 0.643137
v 0.00386189 0.349343 0.222171 0.627451 0.627451 0.643137
v -0.0219597 0.349343 0.222171 0.627451 0.627451 0.643137
v 0.0915233 0.348908 0.241458 0.627451 0.627451 0.643137
v 0.0915233 0.349951 0.235029 0.627451 0.627451 0.643137
v 0.0915233 0.346004 0.247887 0.627451 0.627451 0.643137
v 0.0915233 0.349637 0.2286 0.627451 0.627451 0.643137
v 0.0760814 0.349343 0.222171 0.627451 0.627451 0.643137
v 0.0928922 0.348061 0.241458 0.627451 0.627451 0.643137
v 0.0928922 0.349072 0.235029 0.627451 0.627451 0.643137
v 0.0928922 0.345248 0.247887 0.627451 0.627451 0.643137
v 0.0928922 0.348758 0.2286 0.627451 0.627451 0.643137
v 0.0915233 0.349343 0.222171 0.627451 0.627451 0.643137
v 0.0930629 0.346283 0.241458 0.627451 0.627451 0.643137
v 0.0930629 0.34726 0.235029 0.627451 0.627451 0.643137
v 0.0930629 0.343559 0.247887 0.627451 0.627451 0.643137
v -0.0225914 0.348826 0.222228 0.627451 0.627451 0.643137
v -0.0312325 0.346991 0.222171 0.627451 0.627451 0.643137
v -0.0312325 0.343073 0.222171 0.627451 0.627451 0.643137
v -0.0219597 0.349343 0.215742 0.627451 0.627451 0.643137
v 0.00386189 0.349343 0.215742 0.627451 0.627451 0.643137
v -0.0225914 0.348799 0.215742 0.627451 0.627451 0.643137
v 0.0760814 0.349343 0.215742 0.627451 0.627451 0.643137
v 0.0928922 0.348472 0.222171 0.627451 0.627451 0.643137
v 0.089881 0.349343 0.215742 0.627451 0.627451 0.643137
v 0.0930629 0.346947 0.2286 0.627451 0.627451 0.643137
v -0.0312325 0.346991 0.215742 0.627451 0.627451 0.643137
v -0.0219597 0.349343 0.19907 0.627451 0.627451 0.643137
v -0.0219597 0.349343 0.202884 0.627451 0.627451 0.643137
v 0.00386189 0.349343 0.202884 0.627451 0.627451 0.643137
v -0.0225914 0.348799 0.19907 0.627451 0.627451 0.643137
v 0.00386189 0.349343 0.19907 0.627451 0.627451 0.643137
v -0.0217575 0.348583 0.197221 0.627451 0.627451 0.643137
v 0.00386189 0.348582 0.197221 0.627451 0.627451 0.643137
v 0.00386189 0.349343 0.209313 0.627451 0.627451 0.643137
v -0.0225914 0.348799 0.202884 0.627451 0.627451 0.643137
v -0.0219597 0.349343 0.209313 0.627451 0.627451 0.643137
v 0.0760814 0.349343 0.202884 0.627451 0.627451 0.643137
v 0.0760814 0.349343 0.209313 0.627451 0.627451 0.643137
v -0.0223846 0.348041 0.197221 0.627451 0.627451 0.643137
v -0.0303232 0.347182 0.19907 0.627451 0.627451 0.643137
v 0.0760814 0.348582 0.197221 0.627451 0.627451 0.643137
v 0.0760814 0.349343 0.19907 0.627451 0.627451 0.643137
v 0.00386189 0.346747 0.196454 0.627451 0.627451 0.643137
v 0.0760814 0.346746 0.196454 0.627451 0.627451 0.643137
v -0.0212694 0.346749 0.196454 0.627451 0.627451 0.643137
v -0.0225914 0.348799 0.209313 0.627451 0.627451 0.643137
v -0.0312325 0.346991 0.202884 0.627451 0.627451 0.643137
v -0.0312325 0.346991 0.201372 0.627451 0.627451 0.643137
v -0.0312325 0.346991 0.209313 0.627451 0.627451 0.643137
v 0.0820872 0.349343 0.202884 0.627451 0.627451 0.643137
v 0.0866716 0.349343 0.209313 0.627451 0.627451 0.643137
v 0.0788308 0.348582 0.197221 0.627451 0.627451 0.643137
v 0.0788308 0.349343 0.19907 0.627451 0.627451 0.643137
v 0.0788308 0.346746 0.196454 0.627451 0.627451 0.643137
v 0.0834561 0.348456 0.202884 0.627451 0.627451 0.643137
v 0.0880405 0.34848 0.209313 0.627451 0.627451 0.643137
v 0.09125 0.348472 0.215742 0.627451 0.627451 0.643137
v 0.0882112 0.346684 0.209313 0.627451 0.627451 0.643137
v 0.0914207 0.346669 0.215742 0.627451 0.627451 0.643137
v 0.0836268 0.346609 0.202884 0.627451 0.627451 0.643137
v 0.0930629 0.346669 0.222171 0.627451 0.627451 0.643137
v 0.0930629 0.345609 0.241458 0.627451 0.627451 0.643137
v 0.0930629 0.346554 0.235029 0.627451 0.627451 0.643137
v 0.0930629 0.342976 0.247887 0.627451 0.627451 0.643137
v -0.0312325 0.343073 0.215742 0.627451 0.627451 0.643137
v -0.000761498 0.346004 0.247887 0.627451 0.627451 0.643137
v -0.0217175 0.342976 0.247887 0.627451 0.627451 0.643137
v -0.0199303 0.334436 0.241458 0.627451 0.627451 0.643137
v -0.0211066 0.342976 0.247887 0.627451 0.627451 0.643137
v -0.000608757 0.342976 0.247887 0.627451 0.627451 0.643137
v 0.0760814 0.342976 0.247887 0.627451 0.627451 0.643137
v 0.00386189 0.342976 0.247887 0.627451 0.627451 0.643137
v -0.0312325 0.343096 0.209313 0.627451 0.627451 0.643137
v -0.0303228 0.346381 0.197221 0.627451 0.627451 0.643137
v -0.0309662 0.347047 0.199744 0.627451 0.627451 0.643137
v -0.0309661 0.346044 0.197429 0.627451 0.627451 0.643137
v -0.0218853 0.34621 0.196454 0.627451 0.627451 0.643137
v -0.0312325 0.345502 0.197931 0.627451 0.627451 0.643137
v -0.0312325 0.343135 0.202884 0.627451 0.627451 0.643137
v -0.0312325 0.342726 0.197611 0.627451 0.627451 0.643137
v -0.0312325 0.343134 0.202858 0.627451 0.627451 0.643137
v 0.0930629 0.346242 0.2286 0.627451 0.627451 0.643137
v -0.0211066 0.346138 0.196454 0.627451 0.627451 0.643137
v 0.00386189 0.346138 0.196454 0.627451 0.627451 0.643137
v -0.0217175 0.345594 0.196454 0.627451 0.627451 0.643137
v 0.0760814 0.346138 0.196454 0.627451 0.627451 0.643137
v 0.0788308 0.346138 0.196454 0.627451 0.627451 0.643137
v 0.0914207 0.345972 0.215742 0.627451 0.627451 0.643137
v 0.0930629 0.345972 0.222171 0.627451 0.627451 0.643137
v 0.0882112 0.345995 0.209313 0.627451 0.627451 0.643137
v 0.0836268 0.346034 0.202884 0.627451 0.627451 0.643137
v -0.0303219 0.344447 0.196454 0.627451 0.627451 0.643137
v -0.0309658 0.344237 0.196713 0.627451 0.627451 0.643137
v -0.0303213 0.342973 0.196454 0.627451 0.627451 0.643137
v 0.0930629 0.334252 0.235029 0.627451 0.627451 0.643137
v 0.0930629 0.334255 0.2286 0.627451 0.627451 0.643137
v 0.0930629 0.334249 0.241458 0.627451 0.627451 0.643137
v 0.0930629 0.332717 0.248198 0.627451 0.627451 0.643137
v -0.0312325 0.344 0.197337 0.627451 0.627451 0.643137
v -0.0312325 0.342681 0.197335 0.627451 0.627451 0.643137
v -0.0313775 0.343134 0.202867 0.627451 0.627451 0.643137
v -0.0313775 0.343135 0.202884 0.627451 0.627451 0.643137
v -0.0312325 0.342764 0.201484 0.627451 0.627451 0.643137
v -0.0312325 0.340381 0.200109 0.627451 0.627451 0.643137
v -0.0312325 0.341756 0.200477 0.627451 0.627451 0.643137
v -0.0313775 0.343096 0.209313 0.627451 0.627451 0.643137
v -0.0312325 0.33252 0.215742 0.627451 0.627451 0.643137
v -0.0313775 0.343073 0.215742 0.627451 0.627451 0.643137
v -0.0312325 0.33252 0.220361 0.627451 0.627451 0.643137
v 0.0930629 0.334259 0.222171 0.627451 0.627451 0.643137
v -0.0187572 0.335281 0.196454 0.627451 0.627451 0.643137
v -0.0182171 0.335281 0.196454 0.627451 0.627451 0.643137
v -0.0303209 0.333397 0.196454 0.627451 0.627451 0.643137
v 0.00386189 0.335281 0.196454 0.627451 0.627451 0.643137
v 0.0760867 0.334272 0.196454 0.627451 0.627451 0.643137
v 0.0836268 0.334268 0.202884 0.627451 0.627451 0.643137
v 0.0788308 0.334272 0.196454 0.627451 0.627451 0.643137
v 0.0882112 0.334265 0.209313 0.627451 0.627451 0.643137
v 0.0914207 0.334262 0.215742 0.627451 0.627451 0.643137
v -0.0184222 0.307751 0.2286 0.627451 0.627451 0.643137
v -0.0188506 0.307751 0.220361 0.627451 0.627451 0.643137
v -0.0173141 0.308036 0.235029 0.627451 0.627451 0.643137
v 0.0760919 0.334249 0.241458 0.627451 0.627451 0.643137
v -0.0309656 0.342772 0.196712 0.627451 0.627451 0.643137
v -0.0309655 0.333274 0.196711 0.627451 0.627451 0.643137
v -0.0108939 0.310712 0.196454 0.627451 0.627451 0.643137
v -0.00957072 0.309797 0.196454 0.627451 0.627451 0.643137
v -0.0303208 0.310712 0.196454 0.627451 0.627451 0.643137
v 0.0760867 0.305188 0.196454 0.627451 0.627451 0.643137
v -0.00370094 0.318481 0.196454 0.627451 0.627451 0.643137
v 0.0154673 0.320886 0.196454 0.627451 0.627451 0.643137
v 0.0138599 0.321206 0.196454 0.627451 0.627451 0.643137
v 0.0130404 0.321125 0.196454 0.627451 0.627451 0.643137
v 0.0146793 0.321125 0.196454 0.627451 0.627451 0.643137
v 0.0122182 0.320876 0.196454 0.627451 0.627451 0.643137
v 0.0115883 0.320539 0.196454 0.627451 0.627451 0.643137
v 0.0108665 0.319947 0.196454 0.627451 0.627451 0.643137
v -0.000138801 0.320861 0.196454 0.627451 0.627451 0.643137
v -0.000890997 0.320787 0.196454 0.627451 0.627451 0.643137
v 0.000613396 0.320787 0.196454 0.627451 0.627451 0.643137
v -0.00161429 0.320567 0.196454 0.627451 0.627451 0.643137
v 0.00133669 0.320567 0.196454 0.627451 0.627451 0.643137
v -0.00228088 0.320211 0.196454 0.627451 0.627451 0.643137
v 0.00200328 0.320211 0.196454 0.627451 0.627451 0.643137
v -0.00286514 0.319732 0.196454 0.627451 0.627451 0.643137
v 0.00258754 0.319732 0.196454 0.627451 0.627451 0.643137
v 0.0103672 0.319339 0.196454 0.627451 0.627451 0.643137
v -0.00334465 0.319147 0.196454 0.627451 0.627451 0.643137
v 0.00306704 0.319147 0.196454 0.627451 0.627451 0.643137
v 0.00997904 0.318613 0.196454 0.627451 0.627451 0.643137
v 0.00342334 0.318481 0.196454 0.627451 0.627451 0.643137
v 0.00974 0.317825 0.196454 0.627451 0.627451 0.643137
v 0.00364275 0.317757 0.196454 0.627451 0.627451 0.643137
v 0.00965929 0.317005 0.196454 0.627451 0.627451 0.643137
v 0.00371683 0.317005 0.196454 0.627451 0.627451 0.643137
v 0.00974 0.316186 0.196454 0.627451 0.627451 0.643137
v 0.00386189 0.309797 0.196454 0.627451 0.627451 0.643137
v 0.00997413 0.315414 0.196454 0.627451 0.627451 0.643137
v -0.0182171 0.332717 0.248198 0.627451 0.627451 0.643137
v -9.13841e-05 0.332717 0.248198 0.627451 0.627451 0.643137
v -0.0187572 0.332717 0.248198 0.627451 0.627451 0.643137
v 0.00386189 0.332717 0.248198 0.627451 0.627451 0.643137
v 0.0760814 0.332717 0.248198 0.627451 0.627451 0.643137
v -0.0151076 0.308208 0.241458 0.627451 0.627451 0.643137
v 0.0930629 0.308637 0.248926 0.627451 0.627451 0.643137
v 0.0760919 0.305188 0.241458 0.627451 0.627451 0.643137
v 0.0930629 0.305188 0.241458 0.627451 0.627451 0.643137
v -0.0309655 0.310015 0.196709 0.627451 0.627451 0.643137
v -0.0312325 0.333186 0.197331 0.627451 0.627451 0.643137
v -0.0312325 0.332989 0.200107 0.627451 0.627451 0.643137
v -0.0315356 0.342976 0.202884 0.627451 0.627451 0.643137
v -0.0313775 0.342763 0.201488 0.627451 0.627451 0.643137
v -0.0315356 0.342938 0.209313 0.627451 0.627451 0.643137
v -0.0315356 0.342603 0.201575 0.627451 0.627451 0.643137
v -0.0315356 0.332792 0.202884 0.627451 0.627451 0.643137
v -0.0313775 0.341751 0.200479 0.627451 0.627451 0.643137
v -0.0315356 0.342914 0.215742 0.627451 0.627451 0.643137
v -0.0315356 0.33252 0.215742 0.627451 0.627451 0.643137
v -0.0315356 0.332622 0.209313 0.627451 0.627451 0.643137
v -0.0312325 0.332622 0.209313 0.627451 0.627451 0.643137
v -0.0312325 0.307751 0.215742 0.627451 0.627451 0.643137
v -0.0312325 0.307751 0.220361 0.627451 0.627451 0.643137
v -0.0315356 0.340201 0.200267 0.627451 0.627451 0.643137
v -0.0315356 0.326881 0.202884 0.627451 0.627451 0.643137
v -0.0315356 0.332978 0.200265 0.627451 0.627451 0.643137
v -0.0315356 0.327007 0.200265 0.627451 0.627451 0.643137
v -0.0315356 0.341587 0.200618 0.627451 0.627451 0.643137
v -0.0114343 0.308637 0.248926 0.627451 0.627451 0.643137
v 0.00112308 0.308637 0.248926 0.627451 0.627451 0.643137
v -0.0118085 0.308637 0.248926 0.627451 0.627451 0.643137
v 0.00386189 0.308637 0.248926 0.627451 0.627451 0.643137
v 0.0760814 0.308637 0.248926 0.627451 0.627451 0.643137
v -0.0312325 0.309624 0.197324 0.627451 0.627451 0.643137
v -0.0315356 0.326634 0.209313 0.627451 0.627451 0.643137
v -0.0312325 0.326475 0.209313 0.627451 0.627451 0.643137
v -0.0313775 0.326475 0.209313 0.627451 0.627451 0.643137
v -0.0312325 0.326857 0.200107 0.627451 0.627451 0.643137
v -0.0312325 0.30907 0.200104 0.627451 0.627451 0.643137
v -0.0313775 0.340372 0.200109 0.627451 0.627451 0.643137
v -0.0313775 0.332989 0.200107 0.627451 0.627451 0.643137
v -0.0313775 0.326857 0.200107 0.627451 0.627451 0.643137
v -0.0116699 0.310015 0.196706 0.627451 0.627451 0.643137
v -0.0108939 0.302611 0.196454 0.627451 0.627451 0.643137
v -0.0116688 0.302552 0.196704 0.627451 0.627451 0.643137
v -0.00392035 0.317757 0.196454 0.627451 0.627451 0.643137
v 0.00135998 0.31345 0.196454 0.627451 0.627451 0.643137
v -0.00957072 0.302611 0.196454 0.627451 0.627451 0.643137
v -0.00399443 0.317005 0.196454 0.627451 0.627451 0.643137
v -0.00392035 0.316253 0.196454 0.627451 0.627451 0.643137
v -0.00370548 0.315545 0.196454 0.627451 0.627451 0.643137
v -0.0033268 0.314837 0.196454 0.627451 0.627451 0.643137
v -0.00287702 0.314289 0.196454 0.627451 0.627451 0.643137
v -0.00228088 0.313799 0.196454 0.627451 0.627451 0.643137
v -0.00161429 0.313443 0.196454 0.627451 0.627451 0.643137
v -0.000890997 0.313224 0.196454 0.627451 0.627451 0.643137
v -0.000138801 0.31315 0.196454 0.627451 0.627451 0.643137
v 0.000613396 0.313224 0.196454 0.627451 0.627451 0.643137
v 0.0161936 0.320498 0.196454 0.627451 0.627451 0.643137
v 0.0130404 0.312885 0.196454 0.627451 0.627451 0.643137
v 0.00386189 0.302611 0.196454 0.627451 0.627451 0.643137
v 0.0930629 0.305188 0.196454 0.627451 0.627451 0.643137
v 0.0168301 0.319975 0.196454 0.627451 0.627451 0.643137
v 0.0173525 0.319339 0.196454 0.627451 0.627451 0.643137
v 0.0177407 0.318613 0.196454 0.627451 0.627451 0.643137
v 0.0179797 0.317825 0.196454 0.627451 0.627451 0.643137
v 0.0180604 0.317005 0.196454 0.627451 0.627451 0.643137
v 0.0179797 0.316186 0.196454 0.627451 0.627451 0.643137
v 0.0177407 0.315398 0.196454 0.627451 0.627451 0.643137
v 0.0173525 0.314672 0.196454 0.627451 0.627451 0.643137
v 0.0168301 0.314035 0.196454 0.627451 0.627451 0.643137
v 0.0161936 0.313513 0.196454 0.627451 0.627451 0.643137
v 0.0154673 0.313124 0.196454 0.627451 0.627451 0.643137
v 0.0138599 0.312805 0.196454 0.627451 0.627451 0.643137
v 0.0146793 0.312885 0.196454 0.627451 0.627451 0.643137
v 0.0760814 0.302611 0.196454 0.627451 0.627451 0.643137
v 0.0138599 0.320505 0.197152 0.627451 0.627451 0.643137
v 0.0145427 0.320438 0.197152 0.627451 0.627451 0.643137
v 0.013177 0.320438 0.197152 0.627451 0.627451 0.643137
v 0.0151992 0.320239 0.197152 0.627451 0.627451 0.643137
v 0.0125205 0.320239 0.197152 0.627451 0.627451 0.643137
v 0.0158044 0.319915 0.197152 0.627451 0.627451 0.643137
v 0.0119154 0.319915 0.197152 0.627451 0.627451 0.643137
v -0.000138801 0.320505 0.196808 0.627451 0.627451 0.643137
v 0.000544016 0.320438 0.196808 0.627451 0.627451 0.643137
v -0.000821617 0.320438 0.196808 0.627451 0.627451 0.643137
v 0.00120059 0.320239 0.196808 0.627451 0.627451 0.643137
v -0.00147819 0.320239 0.196808 0.627451 0.627451 0.643137
v 0.00180569 0.319915 0.196808 0.627451 0.627451 0.643137
v -0.0020833 0.319915 0.196808 0.627451 0.627451 0.643137
v 0.00233607 0.31948 0.196808 0.627451 0.627451 0.643137
v 0.011385 0.31948 0.197152 0.627451 0.627451 0.643137
v -0.00261368 0.31948 0.196808 0.627451 0.627451 0.643137
v 0.00277134 0.31895 0.196808 0.627451 0.627451 0.643137
v 0.0109497 0.31895 0.197152 0.627451 0.627451 0.643137
v -0.00304895 0.31895 0.196808 0.627451 0.627451 0.643137
v 0.00309478 0.318345 0.196808 0.627451 0.627451 0.643137
v 0.0106263 0.318345 0.197152 0.627451 0.627451 0.643137
v -0.00337238 0.318345 0.196808 0.627451 0.627451 0.643137
v 0.00329395 0.317688 0.196808 0.627451 0.627451 0.643137
v 0.0104271 0.317688 0.197152 0.627451 0.627451 0.643137
v 0.0033612 0.317005 0.196808 0.627451 0.627451 0.643137
v 0.0103599 0.317005 0.197152 0.627451 0.627451 0.643137
v 0.00364275 0.316253 0.196454 0.627451 0.627451 0.643137
v 0.00329395 0.316322 0.196808 0.627451 0.627451 0.643137
v 0.0103866 0.314643 0.196454 0.627451 0.627451 0.643137
v 0.00342334 0.31553 0.196454 0.627451 0.627451 0.643137
v 0.00306704 0.314863 0.196454 0.627451 0.627451 0.643137
v 0.0108767 0.314046 0.196454 0.627451 0.627451 0.643137
v 0.00260343 0.314298 0.196454 0.627451 0.627451 0.643137
v 0.0115261 0.313513 0.196454 0.627451 0.627451 0.643137
v 0.00196073 0.313771 0.196454 0.627451 0.627451 0.643137
v 0.0122524 0.313124 0.196454 0.627451 0.627451 0.643137
v 0.0104271 0.316322 0.197152 0.627451 0.627451 0.643137
v 0.0106263 0.315666 0.197152 0.627451 0.627451 0.643137
v -0.0184222 0.300198 0.2286 0.627451 0.627451 0.643137
v -0.0188506 0.300198 0.222171 0.627451 0.627451 0.643137
v -0.0173141 0.300534 0.235029 0.627451 0.627451 0.643137
v -0.0184222 0.307751 0.215742 0.627451 0.627451 0.643137
v -0.0184222 0.300198 0.215742 0.627451 0.627451 0.643137
v -0.0151076 0.300924 0.241458 0.627451 0.627451 0.643137
v 0.0930629 0.30195 0.248057 0.627451 0.627451 0.643137
v -0.0122499 0.309626 0.197315 0.627451 0.627451 0.643137
v -0.0312325 0.320724 0.200106 0.627451 0.627451 0.643137
v -0.0313775 0.326723 0.202884 0.627451 0.627451 0.643137
v -0.0312325 0.326723 0.202884 0.627451 0.627451 0.643137
v -0.0312325 0.320654 0.202884 0.627451 0.627451 0.643137
v -0.0312325 0.308515 0.202884 0.627451 0.627451 0.643137
v -0.0114343 0.30195 0.248057 0.627451 0.627451 0.643137
v 0.00112308 0.30195 0.248057 0.627451 0.627451 0.643137
v -0.0118085 0.30195 0.248057 0.627451 0.627451 0.643137
v 0.00386189 0.30195 0.248057 0.627451 0.627451 0.643137
v 0.0760814 0.30195 0.248057 0.627451 0.627451 0.643137
v -0.0312325 0.320329 0.209313 0.627451 0.627451 0.643137
v -0.0312325 0.308036 0.209313 0.627451 0.627451 0.643137
v -0.0173141 0.308036 0.209313 0.627451 0.627451 0.643137
v 0.0138599 0.320505 0.202632 0.627451 0.627451 0.643137
v 0.013177 0.320438 0.202632 0.627451 0.627451 0.643137
v 0.0145427 0.320438 0.202632 0.627451 0.627451 0.643137
v 0.0125205 0.320239 0.202632 0.627451 0.627451 0.643137
v 0.0151992 0.320239 0.202632 0.627451 0.627451 0.643137
v 0.0163347 0.31948 0.197152 0.627451 0.627451 0.643137
v 0.0158044 0.319915 0.202632 0.627451 0.627451 0.643137
v 0.0119154 0.319915 0.202632 0.627451 0.627451 0.643137
v -0.000138801 0.320505 0.202632 0.627451 0.627451 0.643137
v -0.000821617 0.320438 0.202632 0.627451 0.627451 0.643137
v 0.000544016 0.320438 0.202632 0.627451 0.627451 0.643137
v -0.00147819 0.320239 0.202632 0.627451 0.627451 0.643137
v 0.00120059 0.320239 0.202632 0.627451 0.627451 0.643137
v -0.0151076 0.308515 0.202884 0.627451 0.627451 0.643137
v -0.0020833 0.319915 0.202632 0.627451 0.627451 0.643137
v 0.00180569 0.319915 0.202632 0.627451 0.627451 0.643137
v 0.011385 0.31948 0.202632 0.627451 0.627451 0.643137
v 0.00309478 0.318345 0.202632 0.627451 0.627451 0.643137
v -0.00261368 0.31948 0.202632 0.627451 0.627451 0.643137
v -0.00337238 0.315666 0.202632 0.627451 0.627451 0.643137
v -0.00337238 0.318345 0.202632 0.627451 0.627451 0.643137
v 0.00233607 0.31948 0.202632 0.627451 0.627451 0.643137
v 0.0170934 0.318345 0.202632 0.627451 0.627451 0.643137
v 0.0106263 0.315666 0.202632 0.627451 0.627451 0.643137
v 0.0106263 0.318345 0.202632 0.627451 0.627451 0.643137
v 0.0163347 0.31948 0.202632 0.627451 0.627451 0.643137
v 0.01677 0.31895 0.197152 0.627451 0.627451 0.643137
v 0.00120059 0.313772 0.202632 0.627451 0.627451 0.643137
v 0.00277134 0.31895 0.202632 0.627451 0.627451 0.643137
v 0.00329395 0.317688 0.202632 0.627451 0.627451 0.643137
v 0.0033612 0.317005 0.202632 0.627451 0.627451 0.643137
v 0.00309478 0.315666 0.202632 0.627451 0.627451 0.643137
v -0.00304895 0.31895 0.202632 0.627451 0.627451 0.643137
v -0.0036388 0.317005 0.202632 0.627451 0.627451 0.643137
v -0.00357155 0.317688 0.202632 0.627451 0.627451 0.643137
v -0.00357155 0.316322 0.202632 0.627451 0.627451 0.643137
v -0.00147819 0.313772 0.202632 0.627451 0.627451 0.643137
v -0.00357155 0.316322 0.196808 0.627451 0.627451 0.643137
v -0.00337238 0.315666 0.196808 0.627451 0.627451 0.643137
v -0.00304895 0.315061 0.202632 0.627451 0.627451 0.643137
v -0.00261368 0.31453 0.202632 0.627451 0.627451 0.643137
v 0.0151992 0.313772 0.202632 0.627451 0.627451 0.643137
v 0.01677 0.31895 0.202632 0.627451 0.627451 0.643137
v 0.0170934 0.318345 0.197152 0.627451 0.627451 0.643137
v 0.0172926 0.317688 0.197152 0.627451 0.627451 0.643137
v 0.0172926 0.317688 0.202632 0.627451 0.627451 0.643137
v 0.0173599 0.317005 0.202632 0.627451 0.627451 0.643137
v 0.0170934 0.315666 0.202632 0.627451 0.627451 0.643137
v 0.0109497 0.31895 0.202632 0.627451 0.627451 0.643137
v 0.0103599 0.317005 0.202632 0.627451 0.627451 0.643137
v 0.0104271 0.317688 0.202632 0.627451 0.627451 0.643137
v 0.0104271 0.316322 0.202632 0.627451 0.627451 0.643137
v 0.0125205 0.313772 0.202632 0.627451 0.627451 0.643137
v 0.0109497 0.315061 0.202632 0.627451 0.627451 0.643137
v 0.011385 0.31453 0.202632 0.627451 0.627451 0.643137
v -0.00357155 0.317688 0.196808 0.627451 0.627451 0.643137
v 0.0173599 0.317005 0.197152 0.627451 0.627451 0.643137
v -0.0036388 0.317005 0.196808 0.627451 0.627451 0.643137
v 0.00329395 0.316322 0.202632 0.627451 0.627451 0.643137
v 0.00233607 0.31453 0.202632 0.627451 0.627451 0.643137
v 0.00309478 0.315666 0.196808 0.627451 0.627451 0.643137
v 0.00277134 0.315061 0.196808 0.627451 0.627451 0.643137
v 0.00277134 0.315061 0.202632 0.627451 0.627451 0.643137
v -0.000138801 0.313505 0.202632 0.627451 0.627451 0.643137
v 0.00180569 0.314095 0.202632 0.627451 0.627451 0.643137
v 0.00120059 0.313772 0.196808 0.627451 0.627451 0.643137
v 0.000544016 0.313572 0.196808 0.627451 0.627451 0.643137
v 0.000544016 0.313572 0.202632 0.627451 0.627451 0.643137
v 0.0172926 0.316322 0.202632 0.627451 0.627451 0.643137
v 0.0172926 0.316322 0.197152 0.627451 0.627451 0.643137
v 0.0163347 0.31453 0.202632 0.627451 0.627451 0.643137
v 0.0170934 0.315666 0.197152 0.627451 0.627451 0.643137
v 0.01677 0.315061 0.197152 0.627451 0.627451 0.643137
v 0.01677 0.315061 0.202632 0.627451 0.627451 0.643137
v 0.0138599 0.313505 0.202632 0.627451 0.627451 0.643137
v 0.0158044 0.314095 0.202632 0.627451 0.627451 0.643137
v 0.0151992 0.313772 0.197152 0.627451 0.627451 0.643137
v 0.0145427 0.313572 0.197152 0.627451 0.627451 0.643137
v 0.0145427 0.313572 0.202632 0.627451 0.627451 0.643137
v -0.00304895 0.315061 0.196808 0.627451 0.627451 0.643137
v 0.0109497 0.315061 0.197152 0.627451 0.627451 0.643137
v -0.00261368 0.31453 0.196808 0.627451 0.627451 0.643137
v -0.0020833 0.314095 0.202632 0.627451 0.627451 0.643137
v -0.0020833 0.314095 0.196808 0.627451 0.627451 0.643137
v -0.00147819 0.313772 0.196808 0.627451 0.627451 0.643137
v -0.000821617 0.313572 0.202632 0.627451 0.627451 0.643137
v 0.00233607 0.31453 0.196808 0.627451 0.627451 0.643137
v 0.00180569 0.314095 0.196808 0.627451 0.627451 0.643137
v 0.011385 0.31453 0.197152 0.627451 0.627451 0.643137
v 0.0119154 0.314095 0.202632 0.627451 0.627451 0.643137
v 0.0119154 0.314095 0.197152 0.627451 0.627451 0.643137
v 0.0125205 0.313772 0.197152 0.627451 0.627451 0.643137
v 0.013177 0.313572 0.202632 0.627451 0.627451 0.643137
v 0.0163347 0.31453 0.197152 0.627451 0.627451 0.643137
v 0.0158044 0.314095 0.197152 0.627451 0.627451 0.643137
v -0.000821617 0.313572 0.196808 0.627451 0.627451 0.643137
v 0.013177 0.313572 0.197152 0.627451 0.627451 0.643137
v -0.000138801 0.313505 0.196808 0.627451 0.627451 0.643137
v 0.0138599 0.313505 0.197152 0.627451 0.627451 0.643137
v -0.0122461 0.302411 0.197307 0.627451 0.627451 0.643137
v -0.0116682 0.29611 0.196703 0.627451 0.627451 0.643137
v -0.012244 0.29595 0.197303 0.627451 0.627451 0.643137
v -0.0108939 0.296177 0.196454 0.627451 0.627451 0.643137
v -0.0151076 0.301099 0.202884 0.627451 0.627451 0.643137
v -0.00981114 0.296177 0.196454 0.627451 0.627451 0.643137
v 0.0760814 0.296177 0.196454 0.627451 0.627451 0.643137
v 0.00386189 0.296177 0.196454 0.627451 0.627451 0.643137
v 0.046846 0.296177 0.196454 0.627451 0.627451 0.643137
v 0.00466067 0.296177 0.196454 0.627451 0.627451 0.643137
v -0.0114343 0.295962 0.248926 0.627451 0.627451 0.643137
v 0.00112308 0.295962 0.248926 0.627451 0.627451 0.643137
v -0.0151076 0.294402 0.241458 0.627451 0.627451 0.643137
v -0.0173141 0.293817 0.235029 0.627451 0.627451 0.643137
v -0.0118085 0.295962 0.248926 0.627451 0.627451 0.643137
v -0.0149776 0.294464 0.241753 0.627451 0.627451 0.643137
v 0.00386189 0.295962 0.248926 0.627451 0.627451 0.643137
v 0.0930629 0.295962 0.248926 0.627451 0.627451 0.643137
v 0.0760814 0.295962 0.248926 0.627451 0.627451 0.643137
v 0.00466067 0.295962 0.248926 0.627451 0.627451 0.643137
v 0.046846 0.295962 0.248926 0.627451 0.627451 0.643137
v 0.0930629 0.302611 0.196454 0.627451 0.627451 0.643137
v -0.0173141 0.300534 0.209313 0.627451 0.627451 0.643137
v -0.0173141 0.293817 0.209313 0.627451 0.627451 0.643137
v -0.0151076 0.294459 0.202884 0.627451 0.627451 0.643137
v -0.015488 0.294349 0.203992 0.627451 0.627451 0.643137
v -0.0184222 0.293435 0.2286 0.627451 0.627451 0.643137
v -0.0188506 0.293435 0.222171 0.627451 0.627451 0.643137
v -0.0184222 0.293435 0.215742 0.627451 0.627451 0.643137
v 0.0930629 0.296177 0.196454 0.627451 0.627451 0.643137
v -0.011657 0.293009 0.196703 0.627451 0.627451 0.643137
v -0.0109174 0.293079 0.196454 0.627451 0.627451 0.643137
v -0.0122433 0.29284 0.197302 0.627451 0.627451 0.643137
v -0.00991341 0.291407 0.196454 0.627451 0.627451 0.643137
v 0.046846 0.296033 0.246872 0.627451 0.627451 0.643137
v 0.00466067 0.296105 0.197878 0.627451 0.627451 0.643137
v 0.00386189 0.291407 0.196454 0.627451 0.627451 0.643137
v 0.00384871 0.296147 0.203993 0.627451 0.627451 0.643137
v 0.00386189 0.28959 0.202884 0.627451 0.627451 0.643137
v 0.046846 0.296105 0.197878 0.627451 0.627451 0.643137
v -0.00991341 0.291407 0.248926 0.627451 0.627451 0.643137
v 0.0013954 0.291407 0.248926 0.627451 0.627451 0.643137
v -0.0151076 0.291263 0.241458 0.627451 0.627451 0.643137
v -0.0173141 0.290584 0.235029 0.627451 0.627451 0.643137
v -0.0149776 0.291335 0.241753 0.627451 0.627451 0.643137
v -0.0118085 0.293079 0.248926 0.627451 0.627451 0.643137
v 0.00386189 0.291407 0.248926 0.627451 0.627451 0.643137
v 0.00385929 0.295988 0.241444 0.627451 0.627451 0.643137
v 0.00386189 0.289662 0.241753 0.627451 0.627451 0.643137
v 0.00466067 0.296033 0.246872 0.627451 0.627451 0.643137
v -0.015488 0.291146 0.203992 0.627451 0.627451 0.643137
v -0.0173141 0.290584 0.209313 0.627451 0.627451 0.643137
v -0.0151076 0.291263 0.202884 0.627451 0.627451 0.643137
v -0.0184222 0.290181 0.2286 0.627451 0.627451 0.643137
v -0.0188506 0.290181 0.222171 0.627451 0.627451 0.643137
v -0.0184222 0.290181 0.215742 0.627451 0.627451 0.643137
v -0.0131337 0.28959 0.202884 0.627451 0.627451 0.643137
v 0.00383553 0.289473 0.203992 0.627451 0.627451 0.643137
v -0.0094091 0.296096 0.215754 0.627451 0.627451 0.643137
v -0.0094091 0.296145 0.203993 0.627451 0.627451 0.643137
v -0.0094091 0.289473 0.203992 0.627451 0.627451 0.643137
v -0.0094091 0.296123 0.209314 0.627451 0.627451 0.643137
v -0.0094091 0.296042 0.228613 0.627451 0.627451 0.643137
v -0.0094091 0.288911 0.209313 0.627451 0.627451 0.643137
v -0.0094091 0.288508 0.215742 0.627451 0.627451 0.643137
v -0.0094091 0.296069 0.222173 0.627451 0.627451 0.643137
v -0.0152875 0.288911 0.209313 0.627451 0.627451 0.643137
v -0.013505 0.289473 0.203992 0.627451 0.627451 0.643137
v -0.0094091 0.296015 0.235039 0.627451 0.627451 0.643137
v -0.0094091 0.295988 0.241444 0.627451 0.627451 0.643137
v 0.00385668 0.28959 0.241458 0.627451 0.627451 0.643137
v -0.0163692 0.288508 0.215742 0.627451 0.627451 0.643137
v -0.0094091 0.288508 0.222171 0.627451 0.627451 0.643137
v -0.0094091 0.288508 0.2286 0.627451 0.627451 0.643137
v -0.0167874 0.288508 0.222171 0.627451 0.627451 0.643137
v -0.0163692 0.288508 0.2286 0.627451 0.627451 0.643137
v -0.0094091 0.288911 0.235029 0.627451 0.627451 0.643137
v -0.0152875 0.288911 0.235029 0.627451 0.627451 0.643137
v -0.0094091 0.28959 0.241458 0.627451 0.627451 0.643137
v -0.0131337 0.28959 0.241458 0.627451 0.627451 0.643137
v 0.000841524 0.289662 0.241753 0.627451 0.627451 0.643137
v -0.0130068 0.289662 0.241753 0.627451 0.627451 0.643137
vn 6.12323e-17 -1 -0
vn 1 3.86508e-16 8.87762e-18
vn 0.980785 4.6637e-16 0.19509
vn 6.12323e-17 -1 -0
vn 0.980785 -1.63046e-08 -0.19509
vn 1 3.86508e-16 8.87762e-18
vn 2.20911e-15 1 5.48108e-15
vn 6.12323e-17 -1 -0
vn 0.831468 -3.0597e-08 -0.555572
vn 0.980785 3.26092e-08 0.19509
vn 2.20911e-15 1 5.48108e-15
vn 6.12323e-17 -1 -0
vn 0.19509 -1.16919e-07 -0.980785
vn 0.923879 5.86302e-08 0.382685
vn 6.12323e-17 -1 -0
vn 0.831468 1.32459e-07 0.555573
vn 0.555572 -1.96939e-16 0.831468
vn 6.12323e-17 -1 -0
vn -0.19509 2.84759e-17 0.980785
vn -0.980785 2.95198e-16 -0.19509
vn 0.980785 4.15295e-16 -0.19509
vn 2.20911e-15 1 5.48108e-15
vn 0.923879 -2.93151e-08 -0.382686
vn 6.12323e-17 -1 -0
vn 0.923879 -4.56197e-08 -0.382686
vn 2.20911e-15 1 5.48108e-15
vn 0.923879 9.12394e-08 0.382686
vn 6.12323e-17 -1 -0
vn 0.555571 -9.91188e-08 -0.831469
vn 0.831468 -6.62294e-08 -0.555573
vn 2.20911e-15 1 5.48108e-15
vn 0.707108 -3.56324e-08 -0.707105
vn 6.12323e-17 -1 -0
vn 0.707108 -4.3418e-08 -0.707105
vn 0.707108 7.12649e-08 0.707106
vn 0.831468 6.1194e-08 0.555573
vn 2.20911e-15 1 5.48108e-15
vn 6.12323e-17 -1 -0
vn 0.19509 1.19458e-17 0.980785
vn 0.707108 -1.63685e-16 0.707105
vn 2.20911e-15 1 5.48108e-15
vn 0.555572 -1.96939e-16 0.831468
vn 6.12323e-17 -1 -0
vn 0.382683 -1.31057e-16 0.92388
vn -0.555571 -5.57007e-08 -0.831469
vn 6.12323e-17 -1 -0
vn 0.382682 -1.10135e-07 -0.92388
vn 0.19509 -1.16919e-07 -0.980785
vn 2.20911e-15 1 5.48108e-15
vn 7.54598e-16 -1.19209e-07 -1
vn 6.12323e-17 -1 -0
vn -0.19509 -1.16919e-07 -0.980785
vn -0.831469 6.11936e-08 0.555571
vn 6.12323e-17 -1 -0
vn 1.15409e-16 7.39211e-33 1
vn 2.20911e-15 1 5.48108e-15
vn -0.19509 2.84759e-17 0.980785
vn 6.12323e-17 -1 -0
vn -0.382683 7.20716e-17 0.92388
vn -0.555571 -3.40189e-17 0.831469
vn 6.12323e-17 -1 -0
vn -0.831469 -6.62292e-08 -0.55557
vn -0.980785 3.26092e-08 0.19509
vn 6.12323e-17 -1 -0
vn -0.923879 -2.93148e-08 -0.382684
vn -1 2.64256e-16 3.81738e-16
vn -0.980785 -1.63046e-08 -0.19509
vn 2.20911e-15 1 5.48108e-15
vn -1 2.64256e-16 3.81738e-16
vn 0.382683 -1.31057e-16 0.92388
vn 2.20911e-15 1 5.48108e-15
vn 0.382682 -1.10135e-07 -0.92388
vn -0.382683 -1.10135e-07 -0.92388
vn 2.20911e-15 1 5.48108e-15
vn -0.923879 5.86297e-08 0.382684
vn 0.555572 -5.57008e-08 -0.831469
vn 2.20911e-15 1 5.48108e-15
vn 0.19509 1.19458e-17 0.980785
vn -0.382683 7.20716e-17 0.92388
vn -0.19509 -1.16919e-07 -0.980785
vn 2.20911e-15 1 5.48108e-15
vn 6.12323e-17 -1 -0
vn -0.382683 -1.10135e-07 -0.92388
vn -0.555571 -9.91188e-08 -0.831469
vn 2.20911e-15 1 5.48108e-15
vn -0.707107 -4.34181e-08 -0.707106
vn 6.12323e-17 -1 -0
vn -0.707107 -3.56324e-08 -0.707106
vn -0.707107 -4.32978e-17 0.707107
vn -0.555571 -3.40189e-17 0.831469
vn 2.20911e-15 1 5.48108e-15
vn -0.707107 7.12648e-08 0.707106
vn -0.831469 1.32458e-07 0.555571
vn 2.20911e-15 1 5.48108e-15
vn 6.12323e-17 -1 -0
vn -0.92388 9.12389e-08 0.382683
vn 2.20911e-15 1 5.48108e-15
vn -0.923879 -4.56194e-08 -0.382684
vn -0.831469 -3.05968e-08 -0.555571
vn 2.20911e-15 1 5.48108e-15
vn -0.980785 2.95184e-16 0.19509
vn 6.12323e-17 -1 -0
vn 1 6.12323e-17 2.21941e-16
vn 0.980785 1.12035e-16 0.19509
vn 6.12323e-17 -1 -0
vn 0.980785 -1.63046e-08 -0.19509
vn 1 6.12323e-17 2.21941e-16
vn 2.20911e-15 1 5.48109e-15
vn 6.12323e-17 -1 -0
vn 0.831469 -6.62292e-08 -0.55557
vn 0.980785 1.12035e-16 0.19509
vn 2.20911e-15 1 5.48109e-15
vn 6.12323e-17 -1 -0
vn 0.195091 -6.10215e-08 -0.980785
vn 0.923879 1.04323e-16 0.382684
vn 6.12323e-17 -1 -0
vn 0.831469 -1.00683e-16 0.55557
vn 0.55557 8.68365e-08 0.83147
vn 6.12323e-17 -1 -0
vn -0.19509 -1.50311e-17 0.980785
vn -0.980785 -6.00558e-17 -0.19509
vn 0.980785 6.00558e-17 -0.19509
vn 2.20911e-15 1 5.48109e-15
vn 0.923879 -2.93149e-08 -0.382684
vn 6.12323e-17 -1 -0
vn 0.923879 -4.56195e-08 -0.382684
vn 2.20911e-15 1 5.48109e-15
vn 0.923879 1.04323e-16 0.382684
vn 6.12323e-17 -1 -0
vn 0.55557 -4.95354e-08 -0.83147
vn 0.831469 -6.62292e-08 -0.55557
vn 2.20911e-15 1 5.48109e-15
vn 0.707107 -8.42937e-08 -0.707107
vn 6.12323e-17 -1 -0
vn 0.707107 -4.08755e-08 -0.707107
vn 0.707106 9.73228e-08 0.707107
vn 0.831469 7.12649e-08 0.555571
vn 2.20911e-15 1 5.48109e-15
vn 6.12323e-17 -1 -0
vn 0.19509 1.19458e-17 0.980785
vn 0.707106 8.17512e-08 0.707107
vn 2.20911e-15 1 5.48109e-15
vn 0.555571 1.64093e-16 0.831469
vn 6.12323e-17 -1 -0
vn 0.382684 1.90484e-16 0.923879
vn -0.55557 -4.34182e-08 -0.83147
vn 6.12323e-17 -1 -0
vn 0.382683 -1.10135e-07 -0.92388
vn 0.19509 -1.16919e-07 -0.980785
vn 2.20911e-15 1 5.48109e-15
vn 3.76425e-08 -5.58972e-08 -1
vn 6.12323e-17 -1 -0
vn -0.195091 -1.16919e-07 -0.980785
vn -0.83147 7.12647e-08 0.55557
vn 6.12323e-17 -1 -0
vn -8.87762e-18 -1.09175e-18 1
vn 2.20911e-15 1 5.48109e-15
vn -0.19509 -1.50311e-17 0.980785
vn 6.12323e-17 -1 -0
vn -0.382684 1.32771e-16 0.923879
vn -0.55557 9.12039e-17 0.83147
vn 6.12323e-17 -1 -0
vn -0.83147 -6.62291e-08 -0.55557
vn -0.980785 -3.99011e-17 0.19509
vn 6.12323e-17 -1 -0
vn -0.923879 -2.93148e-08 -0.382684
vn -1 -6.12323e-17 1.68675e-16
vn -0.980785 -1.63046e-08 -0.19509
vn 2.20911e-15 1 5.48109e-15
vn -1 -6.12323e-17 1.68675e-16
vn 0.382684 1.90484e-16 0.923879
vn 2.20911e-15 1 5.48109e-15
vn 0.382684 -6.05996e-08 -0.923879
vn -0.382684 -1.10135e-07 -0.923879
vn 2.20911e-15 1 5.48109e-15
vn -0.92388 -1.69296e-16 0.382683
vn 0.55557 -4.34182e-08 -0.83147
vn 2.20911e-15 1 5.48109e-15
vn 0.19509 1.19458e-17 0.980785
vn -0.382684 1.32771e-16 0.923879
vn -0.19509 -6.10215e-08 -0.980785
vn 2.20911e-15 1 5.48109e-15
vn 6.12323e-17 -1 -0
vn -0.382683 -6.05996e-08 -0.92388
vn -0.55557 -4.95354e-08 -0.83147
vn 2.20911e-15 1 5.48109e-15
vn -0.707107 -4.08755e-08 -0.707107
vn 6.12323e-17 -1 -0
vn -0.707107 -8.42937e-08 -0.707107
vn -0.707106 8.1751e-08 0.707107
vn -0.555571 8.68363e-08 0.831469
vn 2.20911e-15 1 5.48109e-15
vn -0.707106 9.73226e-08 0.707107
vn -0.831469 -2.02509e-16 0.555571
vn 2.20911e-15 1 5.48109e-15
vn 6.12323e-17 -1 -0
vn -0.92388 -1.69296e-16 0.382683
vn 2.20911e-15 1 5.48109e-15
vn -0.92388 -4.56194e-08 -0.382683
vn -0.83147 -6.62291e-08 -0.55557
vn 2.20911e-15 1 5.48109e-15
vn -0.980785 -3.99011e-17 0.19509
vn 6.12323e-17 -1 -0
vn 1 -1.37634e-09 -1.02549e-08
vn 0.980785 1.60661e-08 0.19509
vn 6.12323e-17 -1 -0
vn 0.980785 -1.33663e-08 -0.19509
vn 1 1.37634e-09 1.02549e-08
vn -2.33158e-15 1 -5.48109e-15
vn 6.12323e-17 -1 -0
vn 0.83147 -3.31146e-08 -0.55557
vn 0.980785 1.33663e-08 0.19509
vn -2.33158e-15 1 -5.48109e-15
vn 6.12323e-17 -1 -0
vn 0.195091 -8.89701e-08 -0.980785
vn 0.923879 2.68859e-08 0.382684
vn 6.12323e-17 -1 -0
vn 0.831469 5.29905e-08 0.55557
vn 0.55557 4.95594e-08 0.83147
vn 6.12323e-17 -1 -0
vn -0.19509 8.89701e-08 0.980785
vn -0.980785 -1.60661e-08 -0.19509
vn 0.980785 -1.60661e-08 -0.19509
vn -2.33158e-15 1 -5.48109e-15
vn 0.923879 -2.68859e-08 -0.382684
vn 6.12323e-17 -1 -0
vn 0.923879 -2.28097e-08 -0.382684
vn -2.33158e-15 1 -5.48109e-15
vn 0.923879 3.60484e-08 0.382684
vn 6.12323e-17 -1 -0
vn 0.55557 -7.43272e-08 -0.83147
vn 0.83147 -3.31146e-08 -0.55557
vn -2.33158e-15 1 -5.48109e-15
vn 0.707107 -4.21469e-08 -0.707107
vn 6.12323e-17 -1 -0
vn 0.707107 -4.21469e-08 -0.707107
vn 0.707107 5.9963e-08 0.707107
vn 0.83147 4.8413e-08 0.55557
vn -2.33158e-15 1 -5.48109e-15
vn 6.12323e-17 -1 -0
vn 0.19509 1.16919e-07 0.980785
vn 0.707107 4.21468e-08 0.707107
vn -2.33158e-15 1 -5.48109e-15
vn 0.55557 7.43272e-08 0.83147
vn 6.12323e-17 -1 -0
vn 0.382684 8.53673e-08 0.923879
vn -0.55557 -4.95595e-08 -0.83147
vn 6.12323e-17 -1 -0
vn 0.382683 -1.10135e-07 -0.92388
vn 0.19509 -1.16919e-07 -0.980785
vn -2.33158e-15 1 -5.48109e-15
vn 1.88213e-08 -8.75532e-08 -1
vn 6.12323e-17 -1 -0
vn -0.195091 -1.16919e-07 -0.980785
vn -0.83147 4.84129e-08 0.55557
vn 6.12323e-17 -1 -0
vn 1.88213e-08 8.75532e-08 1
vn -2.33158e-15 1 -5.48109e-15
vn -0.195091 1.16919e-07 0.980785
vn 6.12323e-17 -1 -0
vn -0.382684 1.10135e-07 0.923879
vn -0.55557 7.43272e-08 0.83147
vn 6.12323e-17 -1 -0
vn -0.83147 -3.31146e-08 -0.55557
vn -0.980785 1.33663e-08 0.19509
vn 6.12323e-17 -1 -0
vn -0.92388 -2.68859e-08 -0.382684
vn -1 1.37635e-09 -1.0255e-08
vn -0.980785 -1.33663e-08 -0.19509
vn -2.33158e-15 1 -5.48109e-15
vn -1 -1.37635e-09 1.0255e-08
vn 0.382683 1.10135e-07 0.92388
vn -2.33158e-15 1 -5.48109e-15
vn 0.382684 -8.53673e-08 -0.923879
vn -0.382684 -1.10135e-07 -0.923879
vn -2.33158e-15 1 -5.48109e-15
vn -0.923879 2.68859e-08 0.382684
vn 0.55557 -4.95594e-08 -0.83147
vn -2.33158e-15 1 -5.48109e-15
vn 0.195091 8.89701e-08 0.980785
vn -0.382683 8.53673e-08 0.92388
vn -0.19509 -8.89701e-08 -0.980785
vn -2.33158e-15 1 -5.48109e-15
vn 6.12323e-17 -1 -0
vn -0.382683 -8.53673e-08 -0.92388
vn -0.55557 -7.43272e-08 -0.83147
vn -2.33158e-15 1 -5.48109e-15
vn -0.707107 -4.21468e-08 -0.707107
vn 6.12323e-17 -1 -0
vn -0.707107 -4.21468e-08 -0.707107
vn -0.707107 4.21468e-08 0.707107
vn -0.55557 4.95595e-08 0.83147
vn -2.33158e-15 1 -5.48109e-15
vn -0.707107 5.9963e-08 0.707107
vn -0.83147 5.29905e-08 0.55557
vn -2.33158e-15 1 -5.48109e-15
vn 6.12323e-17 -1 -0
vn -0.92388 3.60483e-08 0.382683
vn -2.33158e-15 1 -5.48109e-15
vn -0.923879 -2.28097e-08 -0.382684
vn -0.83147 -3.31146e-08 -0.55557
vn -2.33158e-15 1 -5.48109e-15
vn -0.980785 1.60661e-08 0.19509
vn 6.12323e-17 -1 -0
vn 1 9.31853e-17 2.39696e-16
vn 0.980785 9.20228e-17 0.19509
vn 6.12323e-17 -1 -0
vn 0.980785 2.78767e-17 -0.19509
vn 1 9.31853e-17 2.39696e-16
vn -2.33158e-15 1 -5.48109e-15
vn 6.12323e-17 -1 -0
vn 0.831469 1.42588e-17 -0.555571
vn 0.980785 6.52186e-08 0.19509
vn -2.33158e-15 1 -5.48109e-15
vn 6.12323e-17 -1 -0
vn 0.19509 3.756e-16 -0.980785
vn 0.923879 1.1726e-07 0.382685
vn 6.12323e-17 -1 -0
vn 0.831469 1.0591e-07 0.555571
vn 0.555571 -2.68447e-16 0.831469
vn 6.12323e-17 -1 -0
vn -0.19509 -1.58967e-17 0.980785
vn -0.980785 -1.95077e-16 -0.19509
vn 0.980785 2.78767e-17 -0.19509
vn -2.33158e-15 1 -5.48109e-15
vn 0.92388 1.98194e-17 -0.382683
vn 6.12323e-17 -1 -0
vn -2.33158e-15 1 -5.48109e-15
vn 0.923879 7.65689e-08 0.382684
vn 6.12323e-17 -1 -0
vn 0.555571 2.91116e-17 -0.831469
vn 0.831469 1.42588e-17 -0.555571
vn -2.33158e-15 1 -5.48109e-15
vn 0.707106 2.59835e-17 -0.707107
vn 6.12323e-17 -1 -0
vn 0.707107 2.68881e-17 0.707106
vn 0.83147 2.7024e-17 0.55557
vn -2.33158e-15 1 -5.48109e-15
vn 6.12323e-17 -1 -0
vn 0.19509 1.19458e-17 0.980785
vn 0.707107 2.68881e-17 0.707106
vn -2.33158e-15 1 -5.48109e-15
vn 0.555571 -2.68447e-16 0.831469
vn 6.12323e-17 -1 -0
vn 0.382684 -3.04506e-16 0.923879
vn -0.555571 -3.24557e-17 -0.831469
vn 6.12323e-17 -1 -0
vn 0.382684 3.28098e-16 -0.923879
vn 0.19509 3.756e-16 -0.980785
vn -2.33158e-15 1 -5.48109e-15
vn -4.43881e-16 -4.40285e-17 -1
vn 6.12323e-17 -1 -0
vn -0.19509 -3.37222e-16 -0.980785
vn -0.831469 -7.57062e-17 0.55557
vn 6.12323e-17 -1 -0
vn -2.39696e-16 -1.47842e-32 1
vn -2.33158e-15 1 -5.48109e-15
vn -0.19509 -1.58967e-17 0.980785
vn 6.12323e-17 -1 -0
vn -0.382684 -3.16783e-17 0.923879
vn -0.555571 -5.3315e-17 0.831469
vn 6.12323e-17 -1 -0
vn -0.831469 -8.75105e-17 -0.555571
vn -0.980785 6.52183e-08 0.19509
vn 6.12323e-17 -1 -0
vn -0.92388 -9.24749e-17 -0.382683
vn -1 -9.31995e-17 -5.50413e-16
vn -0.980785 -1.95077e-16 -0.19509
vn -2.33158e-15 1 -5.48109e-15
vn -1 -9.31995e-17 -5.50413e-16
vn 0.382684 -3.04506e-16 0.923879
vn -2.33158e-15 1 -5.48109e-15
vn 0.382684 3.28098e-16 -0.923879
vn -0.382684 -2.34326e-17 -0.923879
vn -2.33158e-15 1 -5.48109e-15
vn -0.923879 1.17259e-07 0.382684
vn 0.555571 2.91116e-17 -0.831469
vn -2.33158e-15 1 -5.48109e-15
vn 0.19509 1.19458e-17 0.980785
vn -0.382684 -3.16783e-17 0.923879
vn -0.19509 -3.37222e-16 -0.980785
vn -2.33158e-15 1 -5.48109e-15
vn 6.12323e-17 -1 -0
vn -0.382684 -2.34326e-17 -0.923879
vn -0.555571 -3.24557e-17 -0.831469
vn -2.33158e-15 1 -5.48109e-15
vn -0.707106 -6.0612e-17 -0.707107
vn 6.12323e-17 -1 -0
vn -0.707108 -3.86707e-17 0.707106
vn -0.555571 -5.3315e-17 0.831469
vn -2.33158e-15 1 -5.48109e-15
vn -0.707108 -3.86707e-17 0.707106
vn -0.83147 1.05909e-07 0.55557
vn -2.33158e-15 1 -5.48109e-15
vn 6.12323e-17 -1 -0
vn -0.923879 7.65686e-08 0.382684
vn -2.33158e-15 1 -5.48109e-15
vn -0.92388 -9.24749e-17 -0.382683
vn -0.831469 -8.75105e-17 -0.555571
vn -2.33158e-15 1 -5.48109e-15
vn -0.980785 -2.80887e-17 0.195091
vn 6.12323e-17 -1 -0
vn 1 3.21332e-16 -1.77552e-17
vn 0.980785 3.56126e-16 0.19509
vn 6.12323e-17 -1 -0
vn 0.980785 -1.63046e-08 -0.19509
vn 1 3.21332e-16 -1.77552e-17
vn 2.20911e-15 1 5.48109e-15
vn 6.12323e-17 -1 -0
vn 0.831469 -6.62292e-08 -0.55557
vn 0.980785 3.56126e-16 0.19509
vn 2.20911e-15 1 5.48109e-15
vn 6.12323e-17 -1 -0
vn 0.195091 -6.10215e-08 -0.980785
vn 0.923879 3.38795e-16 0.382684
vn 6.12323e-17 -1 -0
vn 0.831469 7.95922e-17 0.55557
vn 0.55557 8.68365e-08 0.83147
vn 6.12323e-17 -1 -0
vn -0.19509 1.44085e-16 0.980785
vn -0.980785 -6.00558e-17 -0.19509
vn 0.980785 1.49095e-16 -0.19509
vn 2.20911e-15 1 5.48109e-15
vn 0.923879 -2.93149e-08 -0.382684
vn 6.12323e-17 -1 -0
vn 0.923879 -4.56195e-08 -0.382684
vn 2.20911e-15 1 5.48109e-15
vn 0.923879 3.38795e-16 0.382684
vn 6.12323e-17 -1 -0
vn 0.55557 -4.95354e-08 -0.83147
vn 0.831469 -6.62292e-08 -0.55557
vn 2.20911e-15 1 5.48109e-15
vn 0.707107 -8.42937e-08 -0.707107
vn 6.12323e-17 -1 -0
vn 0.707107 -4.08755e-08 -0.707107
vn 0.707106 9.73228e-08 0.707107
vn 0.831469 7.12649e-08 0.555571
vn 2.20911e-15 1 5.48109e-15
vn 6.12323e-17 -1 -0
vn 0.19509 1.21073e-16 0.980785
vn 0.707106 8.17512e-08 0.707107
vn 2.20911e-15 1 5.48109e-15
vn 0.555571 1.00812e-16 0.831469
vn 6.12323e-17 -1 -0
vn 0.382684 1.44228e-16 0.923879
vn -0.555571 -4.34181e-08 -0.831469
vn 6.12323e-17 -1 -0
vn 0.382683 -1.10135e-07 -0.92388
vn 0.19509 -1.16919e-07 -0.980785
vn 2.20911e-15 1 5.48109e-15
vn 3.76425e-08 -5.58972e-08 -1
vn 6.12323e-17 -1 -0
vn -0.19509 -1.16919e-07 -0.980785
vn -0.831469 7.12648e-08 0.555571
vn 6.12323e-17 -1 -0
vn -2.13063e-16 -1.59835e-17 1
vn 2.20911e-15 1 5.48109e-15
vn -0.19509 1.44085e-16 0.980785
vn 6.12323e-17 -1 -0
vn -0.382684 1.52529e-16 0.923879
vn -0.55557 1.10444e-16 0.831469
vn 6.12323e-17 -1 -0
vn -0.831469 -6.62292e-08 -0.555571
vn -0.980785 -1.86141e-16 0.19509
vn 6.12323e-17 -1 -0
vn -0.923879 -2.93148e-08 -0.382684
vn -1 -2.07781e-16 1.44705e-15
vn -0.980785 -1.63046e-08 -0.19509
vn 2.20911e-15 1 5.48109e-15
vn -1 -2.07781e-16 1.44705e-15
vn 0.382684 1.44228e-16 0.923879
vn 2.20911e-15 1 5.48109e-15
vn 0.382684 -6.05996e-08 -0.923879
vn -0.382684 -1.10135e-07 -0.923879
vn 2.20911e-15 1 5.48109e-15
vn -0.923879 3.26633e-16 0.382684
vn 0.55557 -4.34182e-08 -0.83147
vn 2.20911e-15 1 5.48109e-15
vn 0.19509 1.21073e-16 0.980785
vn -0.382684 1.52529e-16 0.923879
vn -0.19509 -6.10215e-08 -0.980785
vn 2.20911e-15 1 5.48109e-15
vn 6.12323e-17 -1 -0
vn -0.382684 -6.05996e-08 -0.923879
vn -0.555571 -4.95354e-08 -0.831469
vn 2.20911e-15 1 5.48109e-15
vn -0.707106 -4.08756e-08 -0.707107
vn 6.12323e-17 -1 -0
vn -0.707107 -8.42937e-08 -0.707107
vn -0.707106 8.17511e-08 0.707107
vn -0.555571 8.68363e-08 0.831469
vn 2.20911e-15 1 5.48109e-15
vn -0.707106 9.73226e-08 0.707107
vn -0.831469 1.21991e-16 0.555571
vn 2.20911e-15 1 5.48109e-15
vn 6.12323e-17 -1 -0
vn -0.923879 3.26633e-16 0.382684
vn 2.20911e-15 1 5.48109e-15
vn -0.923879 -4.56194e-08 -0.382684
vn -0.831469 -6.62292e-08 -0.555571
vn 2.20911e-15 1 5.48109e-15
vn -0.980785 -1.86141e-16 0.19509
vn 6.12323e-17 -1 -0
vn 1 -1.37634e-09 -1.02549e-08
vn 0.980785 1.60661e-08 0.19509
vn 6.12323e-17 -1 -0
vn 0.980785 -1.33663e-08 -0.19509
vn 1 1.37634e-09 1.02549e-08
vn -2.33158e-15 1 -5.48109e-15
vn 6.12323e-17 -1 -0
vn 0.83147 -3.31146e-08 -0.55557
vn 0.980785 1.33663e-08 0.19509
vn -2.33158e-15 1 -5.48109e-15
vn 6.12323e-17 -1 -0
vn 0.195091 -8.89701e-08 -0.980785
vn 0.923879 2.68859e-08 0.382684
vn 6.12323e-17 -1 -0
vn 0.831469 5.29905e-08 0.55557
vn 0.55557 4.95594e-08 0.83147
vn 6.12323e-17 -1 -0
vn -0.19509 8.89701e-08 0.980785
vn -0.980785 -1.60661e-08 -0.19509
vn 0.980785 -1.60661e-08 -0.19509
vn -2.33158e-15 1 -5.48109e-15
vn 0.923879 -2.68859e-08 -0.382684
vn 6.12323e-17 -1 -0
vn 0.923879 -2.28097e-08 -0.382684
vn -2.33158e-15 1 -5.48109e-15
vn 0.923879 3.60484e-08 0.382684
vn 6.12323e-17 -1 -0
vn 0.55557 -7.43272e-08 -0.83147
vn 0.83147 -3.31146e-08 -0.55557
vn -2.33158e-15 1 -5.48109e-15
vn 0.707107 -4.21469e-08 -0.707107
vn 6.12323e-17 -1 -0
vn 0.707107 -4.21469e-08 -0.707107
vn 0.707107 5.9963e-08 0.707107
vn 0.83147 4.8413e-08 0.55557
vn -2.33158e-15 1 -5.48109e-15
vn 6.12323e-17 -1 -0
vn 0.19509 1.16919e-07 0.980785
vn 0.707107 4.21468e-08 0.707107
vn -2.33158e-15 1 -5.48109e-15
vn 0.55557 7.43272e-08 0.83147
vn 6.12323e-17 -1 -0
vn 0.382684 8.53673e-08 0.923879
vn -0.555571 -4.95594e-08 -0.831469
vn 6.12323e-17 -1 -0
vn 0.382683 -1.10135e-07 -0.92388
vn 0.19509 -1.16919e-07 -0.980785
vn -2.33158e-15 1 -5.48109e-15
vn 1.88213e-08 -8.75532e-08 -1
vn 6.12323e-17 -1 -0
vn -0.19509 -1.16919e-07 -0.980785
vn -0.831469 4.8413e-08 0.555571
vn 6.12323e-17 -1 -0
vn 1.88213e-08 8.75532e-08 1
vn -2.33158e-15 1 -5.48109e-15
vn -0.19509 1.16919e-07 0.980785
vn 6.12323e-17 -1 -0
vn -0.382684 1.10135e-07 0.923879
vn -0.555571 7.43271e-08 0.831469
vn 6.12323e-17 -1 -0
vn -0.831469 -3.31146e-08 -0.555571
vn -0.980785 1.33663e-08 0.19509
vn 6.12323e-17 -1 -0
vn -0.923879 -2.68859e-08 -0.382684
vn -1 1.37634e-09 -1.02549e-08
vn -0.980785 -1.33663e-08 -0.19509
vn -2.33158e-15 1 -5.48109e-15
vn -1 -1.37634e-09 1.02549e-08
vn 0.382683 1.10135e-07 0.92388
vn -2.33158e-15 1 -5.48109e-15
vn 0.382684 -8.53673e-08 -0.923879
vn -0.382684 -1.10135e-07 -0.923879
vn -2.33158e-15 1 -5.48109e-15
vn -0.923879 2.68859e-08 0.382684
vn 0.55557 -4.95594e-08 -0.83147
vn -2.33158e-15 1 -5.48109e-15
vn 0.195091 8.89701e-08 0.980785
vn -0.382684 8.53673e-08 0.923879
vn -0.19509 -8.89701e-08 -0.980785
vn -2.33158e-15 1 -5.48109e-15
vn 6.12323e-17 -1 -0
vn -0.382684 -8.53673e-08 -0.923879
vn -0.555571 -7.43271e-08 -0.831469
vn -2.33158e-15 1 -5.48109e-15
vn -0.707107 -4.21469e-08 -0.707107
vn 6.12323e-17 -1 -0
vn -0.707107 -4.21469e-08 -0.707107
vn -0.707107 4.21469e-08 0.707107
vn -0.555571 4.95594e-08 0.831469
vn -2.33158e-15 1 -5.48109e-15
vn -0.707107 5.9963e-08 0.707107
vn -0.831469 5.29905e-08 0.555571
vn -2.33158e-15 1 -5.48109e-15
vn 6.12323e-17 -1 -0
vn -0.923879 3.60484e-08 0.382684
vn -2.33158e-15 1 -5.48109e-15
vn -0.923879 -2.28097e-08 -0.382684
vn -0.831469 -3.31146e-08 -0.555571
vn -2.33158e-15 1 -5.48109e-15
vn -0.980785 1.60661e-08 0.19509
vn 6.12323e-17 -1 -0
vn 1 1.74783e-16 -1.58022e-15
vn 0.980785 3.58435e-16 0.19509
vn 6.12323e-17 -1 -0
vn 0.980785 1.16916e-16 -0.19509
vn 1 1.74783e-16 -1.58022e-15
vn -2.33158e-15 1 -5.48109e-15
vn 6.12323e-17 -1 -0
vn 0.831469 2.13358e-16 -0.555571
vn 0.980785 6.52186e-08 0.19509
vn -2.33158e-15 1 -5.48109e-15
vn 6.12323e-17 -1 -0
vn 0.19509 3.99761e-16 -0.980785
vn 0.923879 1.1726e-07 0.382685
vn 6.12323e-17 -1 -0
vn 0.831469 1.0591e-07 0.555571
vn 0.555571 -3.31727e-16 0.831469
vn 6.12323e-17 -1 -0
vn -0.19509 -1.19458e-17 0.980785
vn -0.980785 -1.95982e-16 -0.19509
vn 0.980785 1.16916e-16 -0.19509
vn -2.33158e-15 1 -5.48109e-15
vn 0.92388 2.01034e-16 -0.382683
vn 6.12323e-17 -1 -0
vn -2.33158e-15 1 -5.48109e-15
vn 0.923879 7.65689e-08 0.382684
vn 6.12323e-17 -1 -0
vn 0.555571 3.40189e-17 -0.831469
vn 0.831469 2.13358e-16 -0.555571
vn -2.33158e-15 1 -5.48109e-15
vn 0.707106 1.69954e-16 -0.707107
vn 6.12323e-17 -1 -0
vn 0.707107 1.69954e-16 0.707106
vn 0.83147 2.12453e-16 0.55557
vn -2.33158e-15 1 -5.48109e-15
vn 6.12323e-17 -1 -0
vn 0.19509 -3.48717e-16 0.980785
vn 0.707107 1.69954e-16 0.707106
vn -2.33158e-15 1 -5.48109e-15
vn 0.555571 -3.31727e-16 0.831469
vn 6.12323e-17 -1 -0
vn 0.382684 -3.85411e-16 0.923879
vn -0.555571 8.18836e-17 -0.831469
vn 6.12323e-17 -1 -0
vn 0.382684 3.84096e-16 -0.923879
vn 0.19509 3.99761e-16 -0.980785
vn -2.33158e-15 1 -5.48109e-15
vn -3.68421e-15 -3.52681e-16 -1
vn 6.12323e-17 -1 -0
vn -0.19509 -3.53417e-16 -0.980785
vn -0.831469 -2.13358e-16 0.555571
vn 6.12323e-17 -1 -0
vn -3.7286e-16 1.59835e-17 1
vn -2.33158e-15 1 -5.48109e-15
vn -0.19509 -1.19458e-17 0.980785
vn 6.12323e-17 -1 -0
vn -0.382684 -2.34326e-17 0.923879
vn -0.555571 -3.40189e-17 0.831469
vn 6.12323e-17 -1 -0
vn -0.831469 2.37164e-16 -0.555571
vn -0.980785 6.52183e-08 0.19509
vn 6.12323e-17 -1 -0
vn -0.92388 1.75863e-16 -0.382683
vn -1 -2.55731e-16 1.10083e-15
vn -0.980785 -1.95982e-16 -0.19509
vn -2.33158e-15 1 -5.48109e-15
vn -1 -2.55731e-16 1.10083e-15
vn 0.382684 -3.85411e-16 0.923879
vn -2.33158e-15 1 -5.48109e-15
vn 0.382684 3.84096e-16 -0.923879
vn -0.382684 -2.34326e-17 -0.923879
vn -2.33158e-15 1 -5.48109e-15
vn -0.923879 1.17259e-07 0.382684
vn 0.555571 3.40189e-17 -0.831469
vn -2.33158e-15 1 -5.48109e-15
vn 0.19509 -3.48717e-16 0.980785
vn -0.382684 -2.34326e-17 0.923879
vn -0.19509 -3.53417e-16 -0.980785
vn -2.33158e-15 1 -5.48109e-15
vn 6.12323e-17 -1 -0
vn -0.382684 -2.34326e-17 -0.923879
vn -0.555571 8.18836e-17 -0.831469
vn -2.33158e-15 1 -5.48109e-15
vn -0.707106 6.06172e-17 -0.707107
vn 6.12323e-17 -1 -0
vn -0.707107 -1.69954e-16 0.707106
vn -0.555571 -3.40189e-17 0.831469
vn -2.33158e-15 1 -5.48109e-15
vn -0.707107 -1.69954e-16 0.707106
vn -0.83147 1.05909e-07 0.55557
vn -2.33158e-15 1 -5.48109e-15
vn 6.12323e-17 -1 -0
vn -0.923879 7.65686e-08 0.382685
vn -2.33158e-15 1 -5.48109e-15
vn -0.92388 1.75863e-16 -0.382683
vn -0.831469 2.37164e-16 -0.555571
vn -2.33158e-15 1 -5.48109e-15
vn -0.980785 -2.06154e-16 0.195091
vn 6.12323e-17 -1 -0
vn 1 1.17562e-16 3.7286e-16
vn 0.980785 1.18875e-16 0.19509
vn 6.12323e-17 -1 -0
vn 0.980785 6.00558e-17 -0.19509
vn 1 1.17562e-16 3.7286e-16
vn 1.86344e-15 1 4.82498e-15
vn 6.12323e-17 -1 -0
vn 0.831469 -1.14137e-16 -0.555571
vn 0.980785 1.18875e-16 0.19509
vn 1.86344e-15 1 4.82498e-15
vn 6.12323e-17 -1 -0
vn 0.162543 9.87234e-16 -0.986701
vn 0.92388 5.65713e-17 0.382683
vn 6.12323e-17 -1 -0
vn 0.831469 -1.14182e-16 0.555571
vn 0.55557 2.77016e-16 0.83147
vn 6.12323e-17 -1 -0
vn -0.160473 -4.22464e-16 0.98704
vn -0.980785 -3.47656e-16 -0.19509
vn 0.980785 6.00558e-17 -0.19509
vn 1.86344e-15 1 4.82498e-15
vn 0.92388 -1.31286e-16 -0.382683
vn 6.12323e-17 -1 -0
vn 1.86344e-15 1 4.82498e-15
vn 0.92388 5.65713e-17 0.382683
vn 6.12323e-17 -1 -0
vn 0.55557 5.65632e-16 -0.83147
vn 0.831469 -1.14137e-16 -0.555571
vn 1.86344e-15 1 4.82498e-15
vn 0.707106 5.31849e-16 -0.707107
vn 6.12323e-17 -1 -0
vn 0.707106 2.59426e-16 0.707107
vn 0.831469 -1.14182e-16 0.555571
vn 1.86344e-15 1 4.82498e-15
vn 6.12323e-17 -1 -0
vn 0.162543 7.45433e-17 0.986701
vn 0.707106 2.59426e-16 0.707107
vn 1.86344e-15 1 4.82498e-15
vn 0.55557 2.77016e-16 0.83147
vn 6.12323e-17 -1 -0
vn 0.382684 5.04803e-16 0.923879
vn -0.55557 5.39233e-16 -0.83147
vn 6.12323e-17 -1 -0
vn 0.382684 7.91939e-16 -0.923879
vn 0.162543 9.87234e-16 -0.986701
vn 1.86344e-15 1 4.82498e-15
vn 0.0020981 6.45891e-16 -0.999998
vn 6.12323e-17 -1 -0
vn -0.160473 4.13386e-16 -0.98704
vn -0.831469 -1.02833e-16 0.555571
vn 6.12323e-17 -1 -0
vn 0.0020981 7.92386e-19 0.999998
vn 1.86344e-15 1 4.82498e-15
vn -0.160473 -4.22464e-16 0.98704
vn 6.12323e-17 -1 -0
vn -0.382684 -3.26679e-16 0.923879
vn -0.55557 -2.20434e-16 0.83147
vn 6.12323e-17 -1 -0
vn -0.831469 1.3344e-16 -0.555571
vn -0.980785 -6.00558e-17 0.19509
vn 6.12323e-17 -1 -0
vn -0.92388 -1.18768e-16 -0.382683
vn -1 -3.96233e-16 1.77552e-16
vn -0.980785 -3.47656e-16 -0.19509
vn 1.86344e-15 1 4.82498e-15
vn -1 -3.96233e-16 1.77552e-16
vn 0.382684 5.04803e-16 0.923879
vn 1.86344e-15 1 4.82498e-15
vn 0.382684 7.91939e-16 -0.923879
vn -0.382684 3.33634e-16 -0.923879
vn 1.86344e-15 1 4.82498e-15
vn -0.92388 1.08479e-16 0.382683
vn 0.55557 5.65632e-16 -0.83147
vn 1.86344e-15 1 4.82498e-15
vn 0.162543 7.45433e-17 0.986701
vn -0.382684 -3.26679e-16 0.923879
vn -0.160473 4.13386e-16 -0.98704
vn 1.86344e-15 1 4.82498e-15
vn 6.12323e-17 -1 -0
vn -0.382684 3.33634e-16 -0.923879
vn -0.55557 5.39233e-16 -0.83147
vn 1.86344e-15 1 4.82498e-15
vn -0.707107 1.00457e-16 -0.707107
vn 6.12323e-17 -1 -0
vn -0.707107 -1.98064e-16 0.707107
vn -0.55557 -2.20434e-16 0.83147
vn 1.86344e-15 1 4.82498e-15
vn -0.707107 -1.98064e-16 0.707107
vn -0.831469 -1.02833e-16 0.555571
vn 1.86344e-15 1 4.82498e-15
vn 6.12323e-17 -1 -0
vn -0.92388 1.08479e-16 0.382683
vn 1.86344e-15 1 4.82498e-15
vn -0.92388 -1.18768e-16 -0.382683
vn -0.831469 1.3344e-16 -0.555571
vn 1.86344e-15 1 4.82498e-15
vn -0.980785 -6.00558e-17 0.19509
vn 1.139e-15 -1 3.39986e-15
vn 1 6.12323e-17 1.28726e-15
vn 0.980785 -3.89289e-17 0.19509
vn 1.139e-15 -1 3.39986e-15
vn 0.980785 6.00558e-17 -0.19509
vn 1 6.12323e-17 1.28726e-15
vn -4.27838e-15 1 -1.11778e-14
vn 1.139e-15 -1 3.39986e-15
vn 0.831469 1.3294e-16 -0.555571
vn 0.980785 -3.89289e-17 0.19509
vn -4.27838e-15 1 -1.11778e-14
vn 1.139e-15 -1 3.39986e-15
vn 0.162543 9.30614e-16 -0.986701
vn 0.92388 -9.68776e-17 0.382683
vn 1.139e-15 -1 3.39986e-15
vn 0.831469 5.09128e-17 0.555571
vn 0.55557 1.45052e-16 0.83147
vn 1.139e-15 -1 3.39986e-15
vn -0.160473 -4.2753e-16 0.98704
vn -0.980785 -8.95945e-17 -0.19509
vn 0.980785 6.00558e-17 -0.19509
vn -4.27838e-15 1 -1.11778e-14
vn 0.92388 5.65713e-17 -0.382683
vn 1.139e-15 -1 3.39986e-15
vn -4.27838e-15 1 -1.11778e-14
vn 0.92388 -9.68776e-17 0.382683
vn 1.139e-15 -1 3.39986e-15
vn 0.55557 4.33668e-16 -0.83147
vn 0.831469 1.3294e-16 -0.555571
vn -4.27838e-15 1 -1.11778e-14
vn 0.707106 3.725e-16 -0.707107
vn 1.139e-15 -1 3.39986e-15
vn 0.707106 1.00077e-16 0.707107
vn 0.831469 5.09128e-17 0.555571
vn -4.27838e-15 1 -1.11778e-14
vn 1.139e-15 -1 3.39986e-15
vn 0.162543 1.73315e-17 0.986701
vn 0.707106 1.00077e-16 0.707107
vn -4.27838e-15 1 -1.11778e-14
vn 0.55557 1.45052e-16 0.83147
vn 1.139e-15 -1 3.39986e-15
vn 0.382684 3.6038e-16 0.923879
vn -0.55557 2.62488e-16 -0.83147
vn 1.139e-15 -1 3.39986e-15
vn 0.382684 3.52427e-16 -0.923879
vn 0.162543 9.30614e-16 -0.986701
vn -4.27838e-15 1 -1.11778e-14
vn 0.0020981 6.45964e-16 -0.999998
vn 1.139e-15 -1 3.39986e-15
vn -0.160473 4.12512e-16 -0.98704
vn -0.831469 -5.09128e-17 0.555571
vn 1.139e-15 -1 3.39986e-15
vn 0.0020981 8.65472e-19 0.999998
vn -4.27838e-15 1 -1.11778e-14
vn -0.160473 -4.2753e-16 0.98704
vn 1.139e-15 -1 3.39986e-15
vn -0.382684 -3.79601e-17 0.923879
vn -0.55557 -5.65142e-17 0.83147
vn 1.139e-15 -1 3.39986e-15
vn -0.831469 -5.09128e-17 -0.555571
vn -0.980785 -6.00558e-17 0.19509
vn 1.139e-15 -1 3.39986e-15
vn -0.92388 -5.65713e-17 -0.382683
vn -1 -1.69891e-16 3.90615e-16
vn -0.980785 -8.95945e-17 -0.19509
vn -4.27838e-15 1 -1.11778e-14
vn -1 -1.69891e-16 3.90615e-16
vn 0.382684 3.6038e-16 0.923879
vn -4.27838e-15 1 -1.11778e-14
vn 0.382684 3.52427e-16 -0.923879
vn -0.382684 2.8426e-16 -0.923879
vn -4.27838e-15 1 -1.11778e-14
vn -0.92388 -5.65713e-17 0.382683
vn 0.55557 4.33668e-16 -0.83147
vn -4.27838e-15 1 -1.11778e-14
vn 0.162543 1.73315e-17 0.986701
vn -0.382684 -3.79601e-17 0.923879
vn -0.160473 4.12512e-16 -0.98704
vn -4.27838e-15 1 -1.11778e-14
vn 1.139e-15 -1 3.39986e-15
vn -0.382684 2.8426e-16 -0.923879
vn -0.55557 2.62488e-16 -0.83147
vn -4.27838e-15 1 -1.11778e-14
vn -0.707107 -4.32978e-17 -0.707107
vn 1.139e-15 -1 3.39986e-15
vn -0.707107 -3.44232e-16 0.707107
vn -0.55557 -5.65142e-17 0.83147
vn -4.27838e-15 1 -1.11778e-14
vn -0.707107 -3.44232e-16 0.707107
vn -0.831469 -5.09128e-17 0.555571
vn -4.27838e-15 1 -1.11778e-14
vn 1.139e-15 -1 3.39986e-15
vn -0.92388 -5.65713e-17 0.382683
vn -4.27838e-15 1 -1.11778e-14
vn -0.92388 -5.65713e-17 -0.382683
vn -0.831469 -5.09128e-17 -0.555571
vn -4.27838e-15 1 -1.11778e-14
vn -0.980785 -6.00558e-17 0.19509
vn -3.6746e-07 0.998869 -0.0475568
vn -0.636305 0.699975 -0.32427
vn -0.995252 -0.0943502 0.0239151
vn -6.11364e-17 0.998433 0.0559655
vn -0.992685 -0.120719 -0.00185962
vn -2.90683e-08 0.998433 0.0559656
vn -0.990535 -0.111104 0.0805957
vn -8.27642e-07 0.998804 -0.0488944
vn -0.951036 -0.212073 0.224845
vn -0.53965 0.163631 0.825835
vn -0.341889 -0.543784 0.766427
vn -4.82119e-09 0.998881 -0.0473047
vn -2.95535e-08 0.998955 -0.0457137
vn -0.658992 0.734452 -0.162204
vn -0.66068 0.732566 -0.163858
vn -0.207321 0.977627 -0.0355455
vn -0.530971 0.210328 0.820872
vn -0.995443 -0.0865237 0.0400829
vn 6.61948e-09 0.957503 0.288423
vn 3.84603e-08 0.957503 0.288423
vn -0.984656 -0.170771 -0.0359069
vn -0.992063 -0.125195 0.0116984
vn 5.89667e-09 0.957503 0.288422
vn 6.29451e-09 0.998433 0.0559656
vn 4.06216e-06 0.911346 0.411641
vn -3.30561e-08 0.911346 0.411641
vn -0.993994 -0.101359 0.0412516
vn -0.995316 -0.0940595 0.022341
vn -0.341889 -0.543784 0.766427
vn -0.00679051 -0.0714275 0.997423
vn -0.983887 -0.177635 -0.0202869
vn 2.38817e-07 0.911346 0.411641
vn 0 0 1
vn -0.964588 -0.252728 -0.0754878
vn -5.58038e-17 0.911346 0.411642
vn -0.988236 -0.129287 0.0817028
vn 6.78801e-07 0.998804 -0.0488949
vn -5.86302e-17 0.957503 0.288422
vn 1.90659e-08 0.998433 0.0559655
vn -3.74487e-08 0.911346 0.411642
vn 0 0 1
vn 1.69079e-07 0.999701 -0.0244548
vn -5.86302e-17 0.957503 0.288422
vn -9.00207e-09 0.998881 -0.0473038
vn -6.29989e-17 0.998433 0.0559655
vn -5.58038e-17 0.911346 0.411642
vn 0 0 1
vn -6.11638e-17 0.998881 -0.0473038
vn -1.05549e-09 0.999739 -0.0228627
vn -2.44481e-08 0.999739 -0.0228626
vn -0.634721 0.772518 -0.0185753
vn -5.86302e-17 0.957503 0.288422
vn 0.508572 0.828363 0.234881
vn -6.29989e-17 0.998433 0.0559655
vn 0.538832 0.84127 0.0438747
vn -5.58038e-17 0.911346 0.411642
vn 0 0 1
vn 0.449803 0.813948 0.367649
vn -6.11638e-17 0.998881 -0.0473038
vn 0.539726 0.840899 -0.0397991
vn -6.12163e-17 0.999739 -0.0228627
vn 0.509838 0.822086 0.253455
vn 0.995071 0.095833 0.0254788
vn 0.53986 0.840459 0.0466905
vn 0.995567 0.0939466 0.00456507
vn 0.456476 0.811497 0.364832
vn 0 0 1
vn 0.993969 0.10046 0.0439695
vn 0.539427 0.841097 -0.0396757
vn 0.995578 0.0938355 -0.00438085
vn -6.12134e-17 0.999691 -0.02484
vn 0.534752 0.84025 -0.089559
vn 0.998543 0.0515153 0.0160623
vn 0.998749 0.049928 0.00273069
vn 0.999178 0.037172 0.0161795
vn 0 0 1
vn -0.635771 0.771634 -0.0194041
vn -0.206664 0.978226 -0.0190951
vn -0.556928 0.0355875 0.829798
vn -0.207613 0.978172 -0.00872817
vn -1 7.64938e-17 -3.7479e-15
vn -0.560071 -3.42945e-17 0.828445
vn 0.0133641 -0.16903 0.98552
vn -0.341889 -0.543784 0.766427
vn -6.12323e-17 1 0
vn -0.652074 0.758155 0
vn -0.651324 0.7588 -0.000128232
vn -0.204779 0.978806 -0.00201688
vn -6.12323e-17 1 0
vn 0.534772 0.840848 -0.0836264
vn 0.98769 0.09347 -0.125423
vn -6.12323e-17 1 0
vn 0.524829 0.825214 -0.208751
vn 0.998897 0.0469091 -0.00217857
vn -0.205644 0.978627 -0.000812967
vn -1 7.64938e-17 -3.7479e-15
vn -6.12323e-17 1 0
vn 2.33256e-05 0.925014 -0.379934
vn -0.609007 0.708081 -0.357396
vn -0.652074 0.758155 0
vn -6.12323e-17 1 0
vn -0.609398 0.707679 -0.357525
vn -0.188514 0.901063 -0.390573
vn -0.204779 0.978808 0
vn -6.12323e-17 1 0
vn 1.13983e-06 0.924899 -0.380213
vn -0.610267 0.706785 -0.357812
vn 2.462e-05 0.92502 -0.379918
vn -0.125582 0.353758 -0.926868
vn 1.76591e-06 0.924902 -0.380205
vn 6.74575e-06 0.385165 -0.922848
vn -6.12323e-17 1 0
vn -0.652074 0.758155 0
vn -0.204779 0.978808 -1.15994e-08
vn -6.12323e-17 1 0
vn -0.652074 0.758155 0
vn -0.610659 0.70638 -0.357942
vn -0.182856 0.33706 -0.923555
vn -0.188506 0.901083 -0.390531
vn -0.204779 0.978808 -1.85645e-07
vn -0.188473 0.90117 -0.390347
vn -0.519893 0.783867 -0.339506
vn 7.23882e-06 0.924868 -0.380289
vn 7.80507e-06 0.385084 -0.922881
vn -6.12323e-17 1 0
vn 4.32847e-06 0.924866 -0.380294
vn 7.39828e-06 0.385173 -0.922844
vn -2.10343e-15 -1.00639e-15 -1
vn 1.06889e-05 0.385088 -0.92288
vn -0.142522 0.348574 -0.926382
vn -2.10343e-15 -1.00639e-15 -1
vn -0.652074 0.758155 0
vn -0.204779 0.978808 1.06433e-16
vn -1 7.64938e-17 -3.7479e-15
vn -0.204779 0.978808 -1.0438e-07
vn -0.934278 0.327183 -0.14169
vn -1 7.64938e-17 -3.7479e-15
vn -0.204779 0.978808 1.06433e-16
vn -6.12323e-17 1 0
vn 0.495694 0.781417 -0.379043
vn 0.505397 0.801326 -0.320079
vn 5.77975e-06 0.924863 -0.380301
vn 0.432551 0.826723 -0.359761
vn 0.751869 0.253881 -0.608471
vn 6.01074e-06 0.385069 -0.922888
vn -6.12323e-17 1 0
vn 0.406839 0.844859 -0.347411
vn -5.66313e-17 0.92486 -0.380308
vn 1.17372e-05 0.385077 -0.922885
vn 0.788954 0.100647 -0.606153
vn -2.10343e-15 -1.00639e-15 -1
vn 0.504276 0.778937 -0.372777
vn 0.802982 0.0881921 -0.589443
vn 0.510544 0.808776 -0.291933
vn 0.853002 0.0810732 -0.515572
vn 0.527169 0.829357 -0.185096
vn 0.932667 0.088297 -0.349766
vn 0.856971 0.0406858 -0.513757
vn 0.936585 0.0441186 -0.347653
vn 0.807543 0.0369382 -0.588651
vn 0.991076 0.0459826 -0.125113
vn 1 -1.30511e-16 -1.56163e-16
vn -9.2564e-19 0.0151169 0.999886
vn -1 7.64938e-17 -3.7479e-15
vn -6.12319e-17 0.999994 0.0035927
vn 1.72938e-24 -2.8243e-08 1
vn -5.58039e-17 0.911346 0.411641
vn 0 0 1
vn -0.971364 -0.236673 -0.0209438
vn -7.6013e-19 0.0124139 0.999923
vn -0.977277 -0.185424 0.102698
vn 7.87226e-10 0.0151169 0.999886
vn 9.07339e-10 0.0151169 0.999886
vn -9.2564e-19 0.0151169 0.999886
vn -1 7.64938e-17 -3.7479e-15
vn -6.12316e-17 0.999988 0.00481829
vn -0.188465 0.901189 -0.390308
vn -0.0767308 0.367184 -0.926978
vn -0.44242 0.330243 -0.833789
vn -0.519738 0.783925 -0.339608
vn -0.20478 0.978808 -6.15432e-07
vn -0.519924 0.783855 -0.339486
vn -0.934272 0.327196 -0.141703
vn -0.519779 0.78391 -0.339581
vn -0.442507 0.330257 -0.833737
vn -0.940714 0.23826 -0.241433
vn -0.16097 0.343298 -0.92533
vn -2.10343e-15 -1.00639e-15 -1
vn -1 7.64938e-17 -3.7479e-15
vn -0.940551 0.231715 -0.24834
vn -1.96606e-06 0.999998 0.00216599
vn -1 7.64938e-17 -3.7479e-15
vn -0.00815571 0.990527 -0.137074
vn 1 -1.30511e-16 -1.56163e-16
vn -2.10343e-15 -1.00639e-15 -1
vn 0.801538 8.45961e-17 -0.597943
vn 0.937106 2.02621e-16 -0.349045
vn 0.992192 -3.40901e-16 -0.124719
vn 0.857076 4.27292e-15 -0.51519
vn 0.807916 5.58038e-17 -0.589297
vn -0.0767288 0.367219 -0.926964
vn -2.10343e-15 -1.00639e-15 -1
vn -0.372178 8.5625e-05 -0.928161
vn -0.442167 0.330203 -0.833939
vn -0.442242 0.330215 -0.833894
vn -0.372423 0.000194688 -0.928063
vn -0.926921 0.0765247 -0.367372
vn -2.10343e-15 -1.00639e-15 -1
vn -0.371621 -5.15196e-05 -0.928385
vn 1 -1.30511e-16 -1.56163e-16
vn -1.2841e-11 -1 -0.000503604
vn 2.038e-10 -1 -0.000503604
vn 1 -1.30511e-16 -1.56163e-16
vn -2.10343e-15 -1.00639e-15 -1
vn 6.12323e-17 -1 -0.000503604
vn 1 -1.30511e-16 -1.56163e-16
vn -1.85108e-18 0.0302303 0.999543
vn -0.926045 0.0623515 -0.372228
vn -1 7.64938e-17 -3.7479e-15
vn -0.919203 0.000135845 -0.393784
vn -0.00756204 0.991839 -0.127273
vn -0.708804 0.699362 -0.0921384
vn -6.12322e-17 0.999998 0.00214859
vn -0.707117 0.707095 0.00151661
vn -1 7.64938e-17 -3.7479e-15
vn -0.0269482 0.706303 -0.707397
vn -0.0155691 0.965389 -0.260349
vn -1 7.64938e-17 -3.7479e-15
vn -0.00814368 0.135555 -0.990736
vn -0.0155699 0.258853 -0.965791
vn -0.0269474 0.706303 -0.707397
vn -6.12316e-17 0.999988 0.00481829
vn -0.707113 0.707092 0.0034089
vn -1 7.64938e-17 -3.7479e-15
vn 1.72938e-24 -2.8243e-08 1
vn 6.12247e-17 -0.999876 -0.0157603
vn -6.12319e-17 0.999994 0.0035927
vn -0.707115 0.707094 0.00254039
vn 9.37539e-09 -2.83834e-08 1
vn -0.00227423 -0.0779802 0.996952
vn -1 7.64938e-17 -3.7479e-15
vn 0.992197 -1.10667e-15 -0.124679
vn -2.90169e-10 -1 -0.000503604
vn -2.10343e-15 -1.00639e-15 -1
vn -0.370062 2.78752e-05 -0.929007
vn -5.72122e-16 -1 -0.000503577
vn 1 6.12372e-17 -0.000116233
vn 0.807918 1.07809e-16 -0.589295
vn 5.6319e-06 -1 -0.00050762
vn -2.10343e-15 -1.00639e-15 -1
vn 0.801538 8.45961e-17 -0.597943
vn 5.33009e-08 -1 -0.000503595
vn 0.857087 6.87632e-17 -0.515172
vn 8.07361e-08 -1 -0.000503596
vn 0.937117 -3.31399e-16 -0.349015
vn 1.91531e-10 -1 -0.000503604
vn -0.992545 -0.0523695 0.110055
vn -0.9995 -0.0315967 -0.00102991
vn -0.00490396 -0.00245144 0.999985
vn 3.81738e-16 -1 4.70201e-17
vn -0.967476 -0.07291 0.242228
vn 1.59475e-08 -1 -0.000503597
vn -2.10343e-15 -1.00639e-15 -1
vn 1 6.12372e-17 -0.000116233
vn -0.37177 4.41031e-05 -0.928325
vn -0.919138 6.44022e-05 -0.393935
vn -0.370126 4.22099e-05 -0.928982
vn -0.918436 7.48029e-05 -0.39557
vn -0.042583 -0.0413556 -0.998237
vn -2.10343e-15 -1.00639e-15 -1
vn -7.50173e-05 -0.206247 -0.9785
vn -0.367468 -1.93107e-06 -0.930036
vn -2.10343e-15 -1.00639e-15 -1
vn 1 6.12372e-17 -0.000116233
vn -1.43016e-17 1 -3.17865e-06
vn -2.10343e-15 -1.00639e-15 -1
vn 0.651702 -0.269943 -0.708812
vn -0.269944 -0.651703 -0.708811
vn -2.10343e-15 -1.00639e-15 -1
vn -9.28872e-09 -0.705398 -0.708811
vn 0.137616 -0.691844 -0.708811
vn -2.10343e-15 -1.00639e-15 -1
vn -0.137616 -0.691844 -0.708811
vn 0.270496 -0.649522 -0.710601
vn -2.10343e-15 -1.00639e-15 -1
vn 0.389096 -0.588272 -0.708901
vn 0.501103 -0.499033 -0.707009
vn -2.10343e-15 -1.00639e-15 -1
vn -5.54101e-09 -0.705396 -0.708813
vn 0.137616 -0.691843 -0.708813
vn -2.10343e-15 -1.00639e-15 -1
vn -0.137616 -0.691843 -0.708813
vn 0.269943 -0.651702 -0.708813
vn -2.10343e-15 -1.00639e-15 -1
vn -0.269943 -0.651701 -0.708813
vn 0.391898 -0.586516 -0.708813
vn -2.10343e-15 -1.00639e-15 -1
vn -0.391897 -0.586513 -0.708815
vn 0.49879 -0.498792 -0.708812
vn -2.10343e-15 -1.00639e-15 -1
vn -0.498789 -0.498789 -0.708815
vn 0.586517 -0.391898 -0.708811
vn -2.10343e-15 -1.00639e-15 -1
vn 0.586516 -0.391896 -0.708813
vn -0.586515 -0.391896 -0.708814
vn -2.10343e-15 -1.00639e-15 -1
vn 0.651703 -0.269944 -0.708811
vn -0.651698 -0.269943 -0.708816
vn -2.10343e-15 -1.00639e-15 -1
vn 0.691845 -0.137616 -0.708811
vn -0.691841 -0.137615 -0.708815
vn -2.10343e-15 -1.00639e-15 -1
vn 0.705398 1.14545e-07 -0.708811
vn -0.705398 1.42119e-06 -0.708812
vn -2.10343e-15 -1.00639e-15 -1
vn 0.691845 0.137616 -0.708811
vn 0.652721 0.269657 -0.707983
vn 1.73378e-09 0.0302303 0.999543
vn 1.91011e-09 0.0302303 0.999543
vn -0.963993 -0.224458 0.142604
vn -1.85107e-18 0.0302303 0.999543
vn -1.85108e-18 0.0302303 0.999543
vn -0.92902 -0.101399 0.355866
vn 1 -1.30511e-16 -1.56163e-16
vn 3.02745e-18 -0.0494421 0.998777
vn -2.10343e-15 -1.00639e-15 -1
vn -1.43016e-17 1 -3.17865e-06
vn 1 6.12372e-17 -0.000116233
vn -2.10343e-15 -1.00639e-15 -1
vn 1 -1.30511e-16 -1.56163e-16
vn -1.43016e-17 1 -3.17865e-06
vn -0.367568 1.24651e-06 -0.929997
vn -0.00012691 -0.342908 -0.939369
vn -0.000183337 -0.844077 -0.536221
vn -0.917262 3.38514e-05 -0.398284
vn -0.918463 8.49024e-05 -0.395507
vn -1 7.64938e-17 -3.7479e-15
vn -9.00361e-17 0.000170756 -1
vn -0.711154 0.696987 -0.0920271
vn -1 7.64938e-17 -3.7479e-15
vn -0.752504 0.568913 -0.331777
vn -0.0155683 0.965389 -0.260348
vn -0.0269482 0.706303 -0.707397
vn -0.707113 0.707092 0.00340514
vn -1 7.64938e-17 -3.7479e-15
vn -0.758265 0.559753 -0.334232
vn -0.787025 0.321844 -0.526315
vn -0.0269473 0.706303 -0.707397
vn -0.0155696 0.258853 -0.965791
vn -0.707115 0.707094 0.00254039
vn -1 7.64938e-17 -3.7479e-15
vn 2.86734e-08 -2.86725e-08 1
vn 2.73443e-10 -2.82471e-08 1
vn -1 7.64938e-17 -3.7479e-15
vn 6.12247e-17 -0.999876 -0.0157603
vn -8.15454e-10 -4.85075e-08 1
vn 2.96895e-24 -4.84866e-08 1
vn -1 7.64938e-17 -3.7479e-15
vn 1.60198e-17 -0.999755 -0.022148
vn 2.94693e-24 -4.81271e-08 1
vn -1 7.64938e-17 -3.7479e-15
vn 3.81738e-16 -1 4.70201e-17
vn -0.7334 0.0515191 -0.677842
vn -1 7.64938e-17 -3.7479e-15
vn -0.707115 -0.706433 -0.0306781
vn -0.707111 0.00012006 -0.707103
vn -1 7.64938e-17 -3.7479e-15
vn -0.707112 0.000101439 -0.707102
vn -0.707041 -0.706354 -0.0340024
vn -0.781704 0.273322 -0.560565
vn -1 7.64938e-17 -3.7479e-15
vn 3.02745e-18 -0.0494421 0.998777
vn 3.9748e-10 -0.0494421 0.998777
vn -0.897424 -0.139699 0.418467
vn 2.62662e-18 -0.042896 0.99908
vn 3.02745e-18 -0.0494421 0.998777
vn -0.917295 3.61618e-05 -0.398209
vn -0.000185982 -0.844114 -0.536163
vn -5.11325e-10 -0.980683 -0.195602
vn -1 7.64938e-17 -3.7479e-15
vn -0.707183 -0.706506 -0.0272216
vn -4.98154e-08 -4.97678e-08 1
vn 2.96895e-24 -4.84866e-08 1
vn 6.11869e-17 -0.999259 -0.0385013
vn -1 7.64938e-17 -3.7479e-15
vn -1.60546e-08 -4.88995e-08 1
vn -0.707183 -0.706506 -0.0272216
vn 6.11869e-17 -0.999259 -0.0385013
vn -1 7.64938e-17 -3.7479e-15
vn -5.21361e-16 -0.998843 -0.0480818
vn -1.19667e-14 0.00014346 -1
vn -1 7.64938e-17 -3.7479e-15
vn 3.33137e-08 -0.980683 -0.195602
vn -0.00755265 0.12574 -0.992034
vn -0.756436 0.107889 -0.645108
vn 2.82784e-08 0.000170755 -1
vn -0.707111 0.000121289 -0.707102
vn -1.19667e-14 0.00014346 -1
vn -5.21361e-16 -0.998843 -0.0480818
vn -0.707041 -0.706355 -0.0340024
vn -0.707112 0.000101441 -0.707102
vn -2.12253e-06 -0.339956 -0.940441
vn -0.308944 0.000226027 -0.95108
vn -0.72365 0.000298906 -0.690167
vn -5.41241e-05 -0.84227 -0.539056
vn -0.155257 3.31108e-05 -0.987874
vn -0.306862 8.53605e-05 -0.951754
vn -0.722317 0.000136911 -0.691562
vn -2.10343e-15 -1.00639e-15 -1
vn 0.691844 -0.137617 -0.708811
vn -0.27075 0.648728 -0.711229
vn -2.10343e-15 -1.00639e-15 -1
vn 0.705395 1.20211e-06 -0.708815
vn 0.691843 0.137616 -0.708812
vn -2.10343e-15 -1.00639e-15 -1
vn 0.653565 0.269374 -0.707312
vn 0.584907 0.394092 -0.708925
vn -2.10343e-15 -1.00639e-15 -1
vn 0.498563 0.496826 -0.710352
vn 0.391899 0.586516 -0.708812
vn -2.10343e-15 -1.00639e-15 -1
vn 0.269943 0.651702 -0.708813
vn 0.137616 0.691842 -0.708813
vn -2.10343e-15 -1.00639e-15 -1
vn 5.58007e-08 0.705396 -0.708813
vn -0.137616 0.691842 -0.708813
vn -2.10343e-15 -1.00639e-15 -1
vn -0.391898 -0.586517 -0.708811
vn 0.137616 0.691844 -0.708811
vn -2.10343e-15 -1.00639e-15 -1
vn -1.43016e-17 1 -3.17865e-06
vn 1 -1.30511e-16 -1.56163e-16
vn -2.10343e-15 -1.00639e-15 -1
vn -0.498792 -0.498792 -0.708811
vn -0.586518 -0.391898 -0.708811
vn -2.10343e-15 -1.00639e-15 -1
vn -0.651704 -0.269944 -0.708811
vn -0.691844 -0.137617 -0.708811
vn -2.10343e-15 -1.00639e-15 -1
vn -0.705398 -2.80353e-08 -0.708811
vn -0.691844 0.137617 -0.708811
vn -2.10343e-15 -1.00639e-15 -1
vn -0.651704 0.269944 -0.708811
vn -0.586518 0.391898 -0.708811
vn -2.10343e-15 -1.00639e-15 -1
vn -0.498792 0.498793 -0.708811
vn -0.391898 0.586518 -0.708811
vn -2.10343e-15 -1.00639e-15 -1
vn -0.269944 0.651703 -0.708811
vn 1.0541e-10 0.705398 -0.708811
vn -2.10343e-15 -1.00639e-15 -1
vn -0.137616 0.691844 -0.708811
vn -1.2226e-08 -0.705398 -0.708811
vn 3.81738e-16 -1 4.70201e-17
vn -0.137616 -0.691844 -0.708811
vn -0.19509 -0.980785 -2.10071e-17
vn 0.137616 -0.691844 -0.708811
vn 0.19509 -0.980785 1.35861e-16
vn -0.269944 -0.651703 -0.708811
vn -0.382684 -0.923879 -6.12906e-17
vn 0.267658 -0.650737 -0.710564
vn 0.382683 -0.92388 1.02002e-16
vn -0.391898 -0.586517 -0.708811
vn -0.55557 -0.83147 -6.8813e-17
vn 0.394907 -0.584727 -0.708621
vn 0.555571 -0.831469 1.65474e-16
vn -6.64838e-09 -0.705396 -0.708813
vn 3.81738e-16 -1 4.70201e-17
vn -0.137616 -0.691843 -0.708813
vn -0.19509 -0.980785 -2.10071e-17
vn 0.137616 -0.691842 -0.708813
vn 0.19509 -0.980785 1.35861e-16
vn -0.269944 -0.651701 -0.708813
vn -0.382684 -0.923879 9.72764e-17
vn 0.269943 -0.651702 -0.708813
vn 0.382682 -0.92388 2.43617e-16
vn -0.391896 -0.586514 -0.708815
vn -0.555571 -0.831469 1.30165e-16
vn 0.391897 -0.586516 -0.708813
vn 0.55557 -0.83147 0
vn -0.498789 -0.498789 -0.708816
vn -0.707107 -0.707107 0
vn 0.498876 -0.501333 -0.706957
vn 0.707107 -0.707107 0
vn 0.498791 -0.498791 -0.708812
vn -0.586515 -0.391897 -0.708814
vn -0.83147 -0.55557 0
vn 0.586517 -0.391899 -0.708811
vn 0.83147 -0.55557 0
vn 0.586515 -0.391897 -0.708813
vn -0.651698 -0.269943 -0.708816
vn -0.92388 -0.382683 -2.94199e-16
vn 0.651704 -0.269944 -0.708811
vn 0.92388 -0.382683 -4.88937e-16
vn 0.651702 -0.269943 -0.708812
vn -0.691839 -0.137616 -0.708816
vn -0.980785 -0.195091 0
vn 0.691844 -0.137616 -0.708811
vn 0.980785 -0.19509 0
vn -0.705398 1.71648e-06 -0.708812
vn -1 4.25757e-08 6.83487e-18
vn 0.705398 1.48269e-07 -0.708811
vn 1 4.25742e-08 0
vn -2.10343e-15 -1.00639e-15 -1
vn -0.69184 0.137614 -0.708816
vn -0.691841 0.137615 -0.708815
vn -0.980785 0.195091 2.27997e-17
vn -2.10343e-15 -1.00639e-15 -1
vn 0.585619 0.393158 -0.708856
vn -0.651699 0.269942 -0.708816
vn -2.10343e-15 -1.00639e-15 -1
vn -0.586515 0.391897 -0.708814
vn 0.498653 0.49772 -0.709662
vn -2.10343e-15 -1.00639e-15 -1
vn -0.501932 0.499053 -0.706406
vn 0.391899 0.586517 -0.708811
vn -2.10343e-15 -1.00639e-15 -1
vn -0.388197 0.58874 -0.709006
vn 0.269944 0.651703 -0.708811
vn 0.691844 0.137616 -0.708811
vn 0.980785 0.19509 2.42642e-17
vn 0.652187 0.271042 -0.707947
vn 0.92388 0.382683 -5.49456e-16
vn -0.992974 -2.54247e-08 0.118331
vn -0.999995 -0.00152728 0.00279388
vn -0.968753 -3.33432e-08 0.248028
vn 6.12148e-17 -0.999713 -0.0239571
vn -0.991285 5.21066e-09 -0.131732
vn -0.992699 -0.00258987 -0.120589
vn -0.924229 -0.00582897 0.381793
vn 1 -1.30511e-16 -1.56163e-16
vn -4.55924e-19 0.00744581 0.999972
vn -5.64057e-05 -0.842302 -0.539006
vn -0.799911 0.000191156 -0.600119
vn 7.81132e-09 -0.980683 -0.195602
vn -1 7.64938e-17 -3.7479e-15
vn 6.11749e-17 -0.999062 -0.0432921
vn -0.707118 -0.706436 -0.0305459
vn -1 7.64938e-17 -3.7479e-15
vn 2.50199e-08 -0.990813 -0.135237
vn -4.55924e-19 0.00744581 0.999972
vn -0.899282 -0.0165159 0.437058
vn -1 7.64938e-17 -3.7479e-15
vn -1.62559e-17 -0.998238 -0.0593319
vn -2.65265e-17 -0.9981 -0.0616114
vn -0.968033 6.42854e-09 -0.250822
vn 3.81738e-16 -1 4.70201e-17
vn -2.10343e-15 -1.00639e-15 -1
vn 0.19509 -0.980785 1.35861e-16
vn -0.19509 -0.980785 -2.10071e-17
vn -2.10343e-15 -1.00639e-15 -1
vn 0.382683 -0.92388 1.02002e-16
vn -0.382684 -0.923879 -6.12906e-17
vn -2.10343e-15 -1.00639e-15 -1
vn -0.498792 -0.498792 -0.708811
vn -0.707106 -0.707107 0
vn -0.55557 -0.83147 -6.8813e-17
vn -2.10343e-15 -1.00639e-15 -1
vn 0.555571 -0.831469 1.65474e-16
vn 3.81738e-16 -1 4.70201e-17
vn -2.10343e-15 -1.00639e-15 -1
vn 0.19509 -0.980785 1.35861e-16
vn -0.19509 -0.980785 -2.10071e-17
vn -2.10343e-15 -1.00639e-15 -1
vn 0.382682 -0.92388 2.43617e-16
vn -0.382684 -0.923879 9.72764e-17
vn -2.10343e-15 -1.00639e-15 -1
vn 2.79866e-17 -0.988691 -0.149967
vn -0.917993 9.05216e-08 -0.396597
vn 0.55557 -0.83147 0
vn -2.10343e-15 -1.00639e-15 -1
vn -0.555571 -0.831469 1.30165e-16
vn 0.707107 -0.707107 0
vn -2.10343e-15 -1.00639e-15 -1
vn -0.92388 -0.382683 -2.94199e-16
vn 0.707107 -0.707107 0
vn -2.10343e-15 -1.00639e-15 -1
vn 0.92388 0.382683 -5.49456e-16
vn 0.92388 -0.382683 -4.88937e-16
vn -2.10343e-15 -1.00639e-15 -1
vn -0.707107 -0.707107 0
vn -0.92388 -0.382683 -2.94199e-16
vn -2.10343e-15 -1.00639e-15 -1
vn 0.92388 0.382683 -5.49456e-16
vn 0.92388 -0.382683 -4.88937e-16
vn -2.10343e-15 -1.00639e-15 -1
vn -0.707106 -0.707107 0
vn -0.586517 -0.391898 -0.708811
vn -0.83147 -0.55557 0
vn -2.10343e-15 -1.00639e-15 -1
vn -0.382684 0.923879 -5.57951e-17
vn -0.83147 -0.55557 0
vn -0.980785 -0.195091 0
vn -2.10343e-15 -1.00639e-15 -1
vn -1 4.25757e-08 6.83487e-18
vn -0.92388 0.382683 -2.64434e-16
vn -2.10343e-15 -1.00639e-15 -1
vn 0.83147 -0.55557 0
vn 1 4.25742e-08 0
vn 0.980786 -0.195088 0
vn -2.10343e-15 -1.00639e-15 -1
vn 0.980786 0.195088 2.27997e-17
vn 0.382682 0.92388 0
vn 0.691844 0.137615 -0.708811
vn 0.92388 0.382683 -5.49456e-16
vn 0.652591 0.271938 -0.70723
vn 0.831469 0.55557 -5.61911e-16
vn -2.10343e-15 -1.00639e-15 -1
vn 0.707107 0.707107 1.85732e-16
vn -0.382684 0.923879 -1.26392e-17
vn -2.10343e-15 -1.00639e-15 -1
vn -0.83147 -0.55557 0
vn -0.92388 -0.382683 -2.94199e-16
vn -0.651704 -0.269944 -0.708811
vn -0.980785 -0.195091 0
vn -0.691844 -0.137617 -0.708811
vn -2.10343e-15 -1.00639e-15 -1
vn -1 4.25757e-08 6.83487e-18
vn -0.92388 0.382683 -2.64434e-16
vn -2.10343e-15 -1.00639e-15 -1
vn 0.83147 -0.55557 0
vn 1 4.25742e-08 0
vn 0.980785 -0.19509 0
vn -2.10343e-15 -1.00639e-15 -1
vn 0.980785 0.19509 2.42642e-17
vn 0.382683 0.92388 1.37626e-16
vn 0.831469 0.55557 -5.61911e-16
vn -2.10343e-15 -1.00639e-15 -1
vn 0.707107 0.707107 1.85732e-16
vn 0.691843 -0.137616 -0.708812
vn 0.980786 -0.195088 0
vn -0.705398 -3.9397e-08 -0.708811
vn -1 4.25757e-08 6.83487e-18
vn 1 4.25742e-08 0
vn 0.705395 1.45362e-06 -0.708815
vn -2.10343e-15 -1.00639e-15 -1
vn -0.980785 0.195091 2.27997e-17
vn -0.707107 0.707107 0
vn -0.92388 0.382683 -2.64434e-16
vn -0.651698 0.269942 -0.708816
vn -0.831469 0.55557 -2.43955e-16
vn -0.586514 0.391898 -0.708814
vn -2.10343e-15 -1.00639e-15 -1
vn -6.12323e-17 1 0
vn -0.555571 0.831469 0
vn -0.382684 0.923879 -5.57951e-17
vn -0.26691 0.650433 -0.711123
vn -0.19509 0.980785 6.53498e-17
vn -0.137616 0.691842 -0.708813
vn -2.10343e-15 -1.00639e-15 -1
vn -0.19509 0.980785 6.53498e-17
vn -0.980785 0.195091 9.42885e-18
vn -0.691844 0.137617 -0.708811
vn -2.10343e-15 -1.00639e-15 -1
vn -0.707106 0.707107 0
vn -0.92388 0.382683 -2.64434e-16
vn -0.651704 0.269944 -0.708811
vn -0.83147 0.55557 0
vn -0.586517 0.391898 -0.708811
vn -2.10343e-15 -1.00639e-15 -1
vn -6.12323e-17 1 0
vn -0.55557 0.83147 -1.29513e-16
vn -0.382684 0.923879 -1.26392e-17
vn -0.269944 0.651703 -0.708811
vn -0.19509 0.980785 6.53498e-17
vn -0.137616 0.691844 -0.708811
vn -2.10343e-15 -1.00639e-15 -1
vn -0.19509 0.980785 6.53498e-17
vn 0.831469 0.55557 -5.61911e-16
vn 0.588316 0.389529 -0.708626
vn 0.58748 0.390578 -0.708743
vn 0.707107 0.707107 1.85732e-16
vn 0.496741 0.498762 -0.710271
vn -2.10343e-15 -1.00639e-15 -1
vn 0.55557 0.83147 0
vn 0.391898 0.586517 -0.708812
vn 0.382682 0.92388 0
vn 0.269943 0.651702 -0.708813
vn 0.19509 0.980785 2.08753e-16
vn -2.10343e-15 -1.00639e-15 -1
vn -0.707107 0.707107 0
vn -0.498916 0.502243 -0.706282
vn -0.555571 0.831469 0
vn -0.396027 0.584198 -0.708432
vn 0.707107 0.707107 1.85732e-16
vn 0.497652 0.498772 -0.709626
vn -2.10343e-15 -1.00639e-15 -1
vn 0.555571 0.831469 1.65474e-16
vn 0.391899 0.586517 -0.708811
vn 0.382683 0.92388 1.37626e-16
vn 0.269944 0.651703 -0.708811
vn 0.19509 0.980785 2.08753e-16
vn -2.10343e-15 -1.00639e-15 -1
vn -0.707106 0.707107 0
vn -0.498792 0.498792 -0.708811
vn -0.55557 0.83147 -1.29513e-16
vn -0.391898 0.586517 -0.708811
vn 0.19509 0.980785 2.08753e-16
vn 0.137616 0.691842 -0.708813
vn 0.137616 0.691844 -0.708811
vn -6.12323e-17 1 0
vn 6.69524e-08 0.705396 -0.708813
vn 1.38744e-10 0.705398 -0.708811
vn -0.814553 8.24191e-05 -0.580089
vn -0.305666 -0.000508964 -0.952139
vn -0.72099 -0.000114777 -0.692945
vn -0.81422 5.54492e-05 -0.580557
vn -0.154817 -0.00010202 -0.987943
vn -0.920139 6.47027e-08 -0.391591
vn -2.10343e-15 -1.00639e-15 -1
vn -0.000301736 -0.999993 -0.00384745
vn -0.0269054 -0.999019 -0.0351854
vn 0.999999 0.000867636 0.000888829
vn -2.10343e-15 -1.00639e-15 -1
vn 1.80223e-16 -0.999996 -0.00284238
vn 1 -1.30511e-16 -1.56163e-16
vn -2.21699e-15 -0.998736 -0.0502671
vn -2.10343e-15 -1.00639e-15 -1
vn -4.40649e-18 0.0719634 0.997407
vn -0.929351 0.00554185 0.369156
vn -0.968753 -5.9319e-17 0.248028
vn -4.40649e-18 0.0719634 0.997407
vn -0.916643 0.0308762 0.398512
vn -0.916529 0.028548 0.398948
vn -5.08818e-17 0.0959234 0.995389
vn 1 0.00018154 -0.000159427
vn -4.2812e-15 -0.999994 -0.00352062
vn -8.79012e-18 0.143554 0.989643
vn 4.07875e-17 -0.999992 -0.00409668
vn 1 -1.30511e-16 -1.56163e-16
vn -8.79012e-18 0.143554 0.989643
vn 4.07875e-17 -0.999992 -0.00409668
vn 0.00994263 -0.999745 -0.0202596
vn -8.79012e-18 0.143554 0.989643
vn -0.00893808 -0.999661 -0.024462
vn 1 -1.30511e-16 -1.56163e-16
vn -2.10343e-15 -1.00639e-15 -1
vn -0.968753 4.80493e-09 -0.248028
vn -0.968753 3.13696e-08 -0.248027
vn -0.920139 -5.80347e-08 -0.391591
vn -0.945845 7.66415e-08 -0.324619
vn -0.992974 -1.29613e-08 0.118331
vn -1 -3.02703e-09 9.46422e-11
vn -0.992974 2.15961e-09 -0.118331
vn -2.10343e-15 -1.00639e-15 -1
vn 1 -1.30511e-16 -1.56163e-16
vn 4.07875e-17 -0.999992 -0.00409668
vn -0.310682 -0.0638568 -0.948366
vn -0.619192 -0.594073 -0.513496
vn 3.15519e-06 -0.962338 -0.271856
vn -0.714377 -0.00248355 -0.699757
vn -0.182584 -0.0571722 -0.981527
vn -0.823838 -0.000873695 -0.566825
vn 3.15519e-06 -0.962338 -0.271856
vn -2.10343e-15 -1.00639e-15 -1
vn -4.93966e-16 -0.962338 -0.271857
vn -0.607894 -0.612906 -0.504788
vn -0.297742 -0.178692 -0.937773
vn -0.0229673 -0.999452 -0.0238251
vn 1 -1.30511e-16 -1.56163e-16
vn -0.0340613 -0.999244 -0.0187158
vn -2.10343e-15 -1.00639e-15 -1
vn 1 -1.30511e-16 -1.56163e-16
vn -4.93966e-16 -0.962338 -0.271857
vn -0.0558614 -0.99843 -0.00421601
vn 1.05006e-06 -0.000146944 1
vn 0.999991 0.00132053 0.00407535
vn 0.999922 -0.000461465 0.0125194
vn 7.99174e-17 -0.98183 -0.189765
vn 6.01814e-17 -0.999665 -0.0258725
vn 1 -1.30511e-16 -1.56163e-16
vn 0 0 1
vn -0.599465 -0.679078 0.423669
vn -5.10799e-16 -0.971675 0.236321
vn 0 0 1
vn -0.932759 -5.7115e-17 0.360499
vn -0.604707 -0.715846 0.349133
vn -0.969778 -5.93818e-17 0.243989
vn -0.621072 -0.75365 0.21513
vn -0.914712 -5.601e-17 0.404106
vn -0.585192 -0.689935 0.426075
vn 0 0 1
vn -0.914712 -5.601e-17 0.404105
vn -0.59684 -0.681069 0.424179
vn 0 0 1
vn -5.10799e-16 -0.971675 0.236321
vn 1 -1.30511e-16 -1.56163e-16
vn 0.0440458 -0.999026 -0.00271701
vn 1 0.000369676 -0.000859332
vn 1.94982e-05 -0.0022025 -0.999998
vn 0.99995 -0.000137262 -0.00996331
vn -2.24384e-16 -0.971675 0.236319
vn 0.136659 -0.990295 -0.0253115
vn -0.945845 1.63915e-15 -0.324619
vn -0.617898 -0.731346 -0.288679
vn -0.969778 -5.93818e-17 -0.243989
vn -0.622753 -0.752309 -0.214966
vn -0.923357 9.59774e-16 -0.383942
vn 3.15519e-06 -0.962338 -0.271856
vn -0.605123 -0.70162 -0.37624
vn -0.993097 -6.08097e-17 0.117293
vn -0.628536 -0.771839 0.0959495
vn -1 -6.12323e-17 3.07534e-09
vn -0.630043 -0.77656 0.00035866
vn -0.993097 -6.08097e-17 -0.117293
vn -0.629384 -0.771201 -0.095525
vn -7.33626e-17 -0.985841 -0.167683
vn -0.594024 -0.701964 -0.392914
vn 0.99972 -0.00197765 0.0235663
vn 8.87e-21 -0.000144858 1
vn 7.13199e-17 -0.994468 -0.105036
vn 9.87813e-05 -0.999991 -0.00422329
vn 1 -1.30511e-16 -1.56163e-16
vn 0.000174601 -0.999991 -0.00417547
vn 3.53326e-06 -0.000151877 1
vn 2.48424e-06 -0.000149793 1
vn 1 -1.30511e-16 -1.56163e-16
vn 6.08936e-17 -0.994468 -0.105036
vn -4.81143e-05 -0.999991 -0.00417974
vn 1 -1.30511e-16 -1.56163e-16
vn 6.10166e-17 -0.996477 -0.0838671
vn 6.12022e-17 -0.999509 -0.0313461
vn 1 -1.30511e-16 -1.56163e-16
vn 6.10341e-17 -0.996762 -0.080404
vn -0.619752 -0.751898 -0.224849
vn 6.08936e-17 -0.994468 -0.105035
vn -0.616943 -0.733306 -0.285732
vn -4.40617e-05 -0.999991 -0.00418638
vn 1 -1.30511e-16 -1.56163e-16
vn -3.98085e-05 -0.999991 -0.00419519
vn 5.57786e-06 -0.00223136 -0.999998
vn 1 -1.30511e-16 -1.56163e-16
vn 1.39214e-05 -0.00221406 -0.999998
vn 0.999845 -0.000446406 -0.0176003
vn -2.29536e-18 -0.971676 0.236318
vn 6.12067e-17 -0.999581 -0.028961
vn -0.628296 -0.771514 -0.10005
vn 1 -1.30511e-16 -1.56163e-16
vn 3.81738e-16 -1 4.70201e-17
vn 6.12022e-17 -0.999509 0.0313461
vn -0.630036 -0.776566 0.000392873
vn 6.12067e-17 -0.999581 0.028961
vn -0.629081 -0.770779 0.100783
vn 1 -1.30511e-16 -1.56163e-16
vn 6.10166e-17 -0.996477 0.0838671
vn 6.10341e-17 -0.996762 0.0804041
vn -0.621227 -0.750244 0.226297
vn 1 -1.30511e-16 -1.56163e-16
vn 2.61659e-16 -0.00224293 -0.999997
vn 5.93943e-17 -0.981211 0.192938
vn 6.04863e-17 -0.987816 0.155625
vn -0.603109 -0.711047 0.361486
vn -1.42131e-16 -0.971675 0.236319
vn -0.587508 -0.689377 0.423785
vn 5.9498e-17 -0.971676 0.236319
vt 0.0078125 -0.0234375
vt 0.0078125 -0.0234375
vt 0.976562 -0.992188
vt 0.976562 -0.992188
vt 0.0078125 -0.992188
vt 0.0078125 -0.992188
vt 0.992188 -0.976562
vt 0.992188 -0.976562
vt 0.0078125 0.0078125
vt 0.0078125 0.0078125
vt 0.992188 0.0234375
vt 0.992188 0.0234375
vt -0.992188 0.0078125
vt -0.992188 0.0078125
vt -0.0078125 0.0234375
vt -0.0078125 0.0234375
vt -0.976562 0.992188
vt -0.976562 0.992188
vt -0.0234375 -0.992188
vt -0.0234375 -0.992188
vt 1.97656 -1.99219
vt 1.97656 -1.99219
vt 1.99219 -1.00781
vt 1.99219 -1.00781
vt 1.99219 -0.976562
vt 1.99219 -0.976562
vt 1.99219 0.992188
vt 1.99219 0.992188
vt 1.00781 1.97656
vt 1.00781 1.97656
vt 0.992188 1.99219
vt 0.992188 1.99219
vt -0.0078125 1.02344
vt -0.0078125 1.02344
vt -1.99219 1.97656
vt -1.99219 1.97656
vt -1.00781 1.99219
vt -1.00781 1.99219
vt -1.99219 0.976562
vt -1.99219 0.976562
vt -1.00781 -0.976562
vt -1.00781 -0.976562
vt -1.99219 -1.02344
vt -1.99219 -1.02344
vt -0.0078125 -1.97656
vt -0.0078125 -1.97656
vt 0.0078125 -1.02344
vt 0.0078125 -1.02344
vt 0.992188 -1.97656
vt 0.992188 -1.97656
vt 2.00781 -2.02344
vt 2.00781 -2.02344
vt 2.00781 -1.02344
vt 2.00781 -1.02344
vt 2.99219 -1.97656
vt 2.99219 -1.97656
vt 2.00781 -0.0234375
vt 2.00781 -0.0234375
vt 2.99219 -0.0078125
vt 2.99219 -0.0078125
vt 2.00781 0.976562
vt 2.00781 0.976562
vt 2.00781 0.0078125
vt 2.00781 0.0078125
vt 2.99219 1.02344
vt 2.99219 1.02344
vt 2.00781 2.97656
vt 2.00781 2.97656
vt 2.99219 2.02344
vt 2.99219 2.02344
vt 1.00781 2.97656
vt 1.00781 2.97656
vt 1.99219 2.02344
vt 1.99219 2.02344
vt 1.02344 2.99219
vt 1.02344 2.99219
vt -0.992188 2.97656
vt -0.992188 2.97656
vt -0.0078125 2.02344
vt -0.0078125 2.02344
vt -1.99219 2.97656
vt -1.99219 2.97656
vt -1.00781 2.02344
vt -1.00781 2.02344
vt -2.99219 2.97656
vt -2.99219 2.97656
vt -2.00781 2.99219
vt -2.00781 2.99219
vt -2.99219 0.0078125
vt -2.99219 0.0078125
vt -2.02344 -0.992188
vt -2.02344 -0.992188
vt -2.97656 -0.0078125
vt -2.97656 -0.0078125
vt -2.99219 -1.99219
vt -2.99219 -1.99219
vt -1.00781 -2.97656
vt -1.00781 -2.97656
vt 3.00781 -3.02344
vt 3.00781 -3.02344
vt 3.99219 -0.0078125
vt 3.99219 -0.0078125
vt 3.00781 1.97656
vt 3.00781 1.97656
vt 3.00781 2.97656
vt 3.00781 2.97656
vt 2.00781 3.97656
vt 2.00781 3.97656
vt 2.99219 3.99219
vt 2.99219 3.99219
vt 1.00781 3.97656
vt 1.00781 3.97656
vt -0.992188 3.97656
vt -0.992188 3.97656
vt -0.0078125 3.02344
vt -0.0078125 3.02344
vt -2.99219 3.97656
vt -2.99219 3.97656
vt -2.00781 3.02344
vt -2.00781 3.02344
vt -3.99219 3.97656
vt -3.99219 3.97656
vt -3.02344 1.00781
vt -3.02344 1.00781
vt -3.00781 -0.976562
vt -3.00781 -0.976562
vt -2.99219 -3.02344
vt -2.99219 -3.02344
vt 0.0078125 -0.0234375
vt 0.0078125 -0.0234375
vt 0.976562 -0.992188
vt 0.976562 -0.992188
vt 0.0078125 -0.992188
vt 0.0078125 -0.992188
vt 0.992188 -0.976562
vt 0.992188 -0.976562
vt 0.0078125 0.0078125
vt 0.0078125 0.0078125
vt 0.992188 0.0234375
vt 0.992188 0.0234375
vt -0.992188 0.0078125
vt -0.992188 0.0078125
vt -0.0078125 0.0234375
vt -0.0078125 0.0234375
vt -0.976562 0.992188
vt -0.976562 0.992188
vt -0.0234375 -0.992188
vt -0.0234375 -0.992188
vt 1.97656 -1.99219
vt 1.97656 -1.99219
vt 1.99219 -1.00781
vt 1.99219 -1.00781
vt 1.99219 -0.976562
vt 1.99219 -0.976562
vt 1.99219 0.992188
vt 1.99219 0.992188
vt 1.00781 1.97656
vt 1.00781 1.97656
vt 0.992188 1.99219
vt 0.992188 1.99219
vt -0.0078125 1.02344
vt -0.0078125 1.02344
vt -1.99219 1.97656
vt -1.99219 1.97656
vt -1.00781 1.99219
vt -1.00781 1.99219
vt -1.99219 0.976562
vt -1.99219 0.976562
vt -1.00781 -0.976562
vt -1.00781 -0.976562
vt -1.99219 -1.02344
vt -1.99219 -1.02344
vt -0.0078125 -1.97656
vt -0.0078125 -1.97656
vt 0.0078125 -1.02344
vt 0.0078125 -1.02344
vt 0.992188 -1.97656
vt 0.992188 -1.97656
vt 2.00781 -2.02344
vt 2.00781 -2.02344
vt 2.00781 -1.02344
vt 2.00781 -1.02344
vt 2.99219 -1.97656
vt 2.99219 -1.97656
vt 2.00781 -0.0234375
vt 2.00781 -0.0234375
vt 2.99219 -0.0078125
vt 2.99219 -0.0078125
vt 2.00781 0.976562
vt 2.00781 0.976562
vt 2.00781 0.0078125
vt 2.00781 0.0078125
vt 2.99219 1.02344
vt 2.99219 1.02344
vt 2.00781 2.97656
vt 2.00781 2.97656
vt 2.99219 2.02344
vt 2.99219 2.02344
vt 1.00781 2.97656
vt 1.00781 2.97656
vt 1.99219 2.02344
vt 1.99219 2.02344
vt 1.02344 2.99219
vt 1.02344 2.99219
vt -0.992188 2.97656
vt -0.992188 2.97656
vt -0.0078125 2.02344
vt -0.0078125 2.02344
vt -1.99219 2.97656
vt -1.99219 2.97656
vt -1.00781 2.02344
vt -1.00781 2.02344
vt -2.99219 2.97656
vt -2.99219 2.97656
vt -2.00781 2.99219
vt -2.00781 2.99219
vt -2.99219 0.0078125
vt -2.99219 0.0078125
vt -2.02344 -0.992188
vt -2.02344 -0.992188
vt -2.97656 -0.0078125
vt -2.97656 -0.0078125
vt -2.99219 -1.99219
vt -2.99219 -1.99219
vt -1.00781 -2.97656
vt -1.00781 -2.97656
vt 3.00781 -3.02344
vt 3.00781 -3.02344
vt 3.99219 -0.0078125
vt 3.99219 -0.0078125
vt 3.00781 1.97656
vt 3.00781 1.97656
vt 3.00781 2.97656
vt 3.00781 2.97656
vt 2.00781 3.97656
vt 2.00781 3.97656
vt 2.99219 3.99219
vt 2.99219 3.99219
vt 1.00781 3.97656
vt 1.00781 3.97656
vt -0.992188 3.97656
vt -0.992188 3.97656
vt -0.0078125 3.02344
vt -0.0078125 3.02344
vt -2.99219 3.97656
vt -2.99219 3.97656
vt -2.00781 3.02344
vt -2.00781 3.02344
vt -3.99219 3.97656
vt -3.99219 3.97656
vt -3.02344 1.00781
vt -3.02344 1.00781
vt -3.00781 -0.976562
vt -3.00781 -0.976562
vt -2.99219 -3.02344
vt -2.99219 -3.02344
vt 0.0078125 -0.0234375
vt 0.0078125 -0.0234375
vt 0.976562 -0.992188
vt 0.976562 -0.992188
vt 0.0078125 -0.992188
vt 0.0078125 -0.992188
vt 0.992188 -0.976562
vt 0.992188 -0.976562
vt 0.0078125 0.0078125
vt 0.0078125 0.0078125
vt 0.992188 0.0234375
vt 0.992188 0.0234375
vt -0.992188 0.0078125
vt -0.992188 0.0078125
vt -0.0078125 0.0234375
vt -0.0078125 0.0234375
vt -0.976562 0.992188
vt -0.976562 0.992188
vt -0.0234375 -0.992188
vt -0.0234375 -0.992188
vt 1.97656 -1.99219
vt 1.97656 -1.99219
vt 1.99219 -1.00781
vt 1.99219 -1.00781
vt 1.99219 -0.976562
vt 1.99219 -0.976562
vt 1.99219 0.992188
vt 1.99219 0.992188
vt 1.00781 1.97656
vt 1.00781 1.97656
vt 0.992188 1.99219
vt 0.992188 1.99219
vt -0.0078125 1.02344
vt -0.0078125 1.02344
vt -1.99219 1.97656
vt -1.99219 1.97656
vt -1.00781 1.99219
vt -1.00781 1.99219
vt -1.99219 0.976562
vt -1.99219 0.976562
vt -1.00781 -0.976562
vt -1.00781 -0.976562
vt -1.99219 -1.02344
vt -1.99219 -1.02344
vt -0.0078125 -1.97656
vt -0.0078125 -1.97656
vt 0.0078125 -1.02344
vt 0.0078125 -1.02344
vt 0.992188 -1.97656
vt 0.992188 -1.97656
vt 2.00781 -2.02344
vt 2.00781 -2.02344
vt 2.00781 -1.02344
vt 2.00781 -1.02344
vt 2.99219 -1.97656
vt 2.99219 -1.97656
vt 2.00781 -0.0234375
vt 2.00781 -0.0234375
vt 2.99219 -0.0078125
vt 2.99219 -0.0078125
vt 2.00781 0.976562
vt 2.00781 0.976562
vt 2.00781 0.0078125
vt 2.00781 0.0078125
vt 2.99219 1.02344
vt 2.99219 1.02344
vt 2.00781 2.97656
vt 2.00781 2.97656
vt 2.99219 2.02344
vt 2.99219 2.02344
vt 1.00781 2.97656
vt 1.00781 2.97656
vt 1.99219 2.02344
vt 1.99219 2.02344
vt 1.02344 2.99219
vt 1.02344 2.99219
vt -0.992188 2.97656
vt -0.992188 2.97656
vt -0.0078125 2.02344
vt -0.0078125 2.02344
vt -1.99219 2.97656
vt -1.99219 2.97656
vt -1.00781 2.02344
vt -1.00781 2.02344
vt -2.99219 2.97656
vt -2.99219 2.97656
vt -2.00781 2.99219
vt -2.00781 2.99219
vt -2.99219 0.0078125
vt -2.99219 0.0078125
vt -2.02344 -0.992188
vt -2.02344 -0.992188
vt -2.97656 -0.0078125
vt -2.97656 -0.0078125
vt -2.99219 -1.99219
vt -2.99219 -1.99219
vt -1.00781 -2.97656
vt -1.00781 -2.97656
vt 3.00781 -3.02344
vt 3.00781 -3.02344
vt 3.99219 -0.0078125
vt 3.99219 -0.0078125
vt 3.00781 1.97656
vt 3.00781 1.97656
vt 3.00781 2.97656
vt 3.00781 2.97656
vt 2.00781 3.97656
vt 2.00781 3.97656
vt 2.99219 3.99219
vt 2.99219 3.99219
vt 1.00781 3.97656
vt 1.00781 3.97656
vt -0.992188 3.97656
vt -0.992188 3.97656
vt -0.0078125 3.02344
vt -0.0078125 3.02344
vt -2.99219 3.97656
vt -2.99219 3.97656
vt -2.00781 3.02344
vt -2.00781 3.02344
vt -3.99219 3.97656
vt -3.99219 3.97656
vt -3.02344 1.00781
vt -3.02344 1.00781
vt -3.00781 -0.976562
vt -3.00781 -0.976562
vt -2.99219 -3.02344
vt -2.99219 -3.02344
vt 0.0078125 -0.0234375
vt 0.0078125 -0.0234375
vt 0.976562 -0.992188
vt 0.976562 -0.992188
vt 0.0078125 -0.992188
vt 0.0078125 -0.992188
vt 0.992188 -0.976562
vt 0.992188 -0.976562
vt 0.0078125 0.0078125
vt 0.0078125 0.0078125
vt 0.992188 0.0234375
vt 0.992188 0.0234375
vt -0.992188 0.0078125
vt -0.992188 0.0078125
vt -0.0078125 0.0234375
vt -0.0078125 0.0234375
vt -0.976562 0.992188
vt -0.976562 0.992188
vt -0.0234375 -0.992188
vt -0.0234375 -0.992188
vt 1.97656 -1.99219
vt 1.97656 -1.99219
vt 1.99219 -1.00781
vt 1.99219 -1.00781
vt 1.99219 -0.976562
vt 1.99219 -0.976562
vt 1.99219 0.992188
vt 1.99219 0.992188
vt 1.00781 1.97656
vt 1.00781 1.97656
vt 0.992188 1.99219
vt 0.992188 1.99219
vt -0.0078125 1.02344
vt -0.0078125 1.02344
vt -1.99219 1.97656
vt -1.99219 1.97656
vt -1.00781 1.99219
vt -1.00781 1.99219
vt -1.99219 0.976562
vt -1.99219 0.976562
vt -1.00781 -0.976562
vt -1.00781 -0.976562
vt -1.99219 -1.02344
vt -1.99219 -1.02344
vt -0.0078125 -1.97656
vt -0.0078125 -1.97656
vt 0.0078125 -1.02344
vt 0.0078125 -1.02344
vt 0.992188 -1.97656
vt 0.992188 -1.97656
vt 2.00781 -2.02344
vt 2.00781 -2.02344
vt 2.00781 -1.02344
vt 2.00781 -1.02344
vt 2.99219 -1.97656
vt 2.99219 -1.97656
vt 2.00781 -0.0234375
vt 2.00781 -0.0234375
vt 2.99219 -0.0078125
vt 2.99219 -0.0078125
vt 2.00781 0.976562
vt 2.00781 0.976562
vt 2.00781 0.0078125
vt 2.00781 0.0078125
vt 2.99219 1.02344
vt 2.99219 1.02344
vt 2.00781 2.97656
vt 2.00781 2.97656
vt 2.99219 2.02344
vt 2.99219 2.02344
vt 1.00781 2.97656
vt 1.00781 2.97656
vt 1.99219 2.02344
vt 1.99219 2.02344
vt 1.02344 2.99219
vt 1.02344 2.99219
vt -0.992188 2.97656
vt -0.992188 2.97656
vt -0.0078125 2.02344
vt -0.0078125 2.02344
vt -1.99219 2.97656
vt -1.99219 2.97656
vt -1.00781 2.02344
vt -1.00781 2.02344
vt -2.99219 2.97656
vt -2.99219 2.97656
vt -2.00781 2.99219
vt -2.00781 2.99219
vt -2.99219 0.0078125
vt -2.99219 0.0078125
vt -2.02344 -0.992188
vt -2.02344 -0.992188
vt -2.97656 -0.0078125
vt -2.97656 -0.0078125
vt -2.99219 -1.99219
vt -2.99219 -1.99219
vt -1.00781 -2.97656
vt -1.00781 -2.97656
vt 3.00781 -3.02344
vt 3.00781 -3.02344
vt 3.99219 -0.0078125
vt 3.99219 -0.0078125
vt 3.00781 1.97656
vt 3.00781 1.97656
vt 3.00781 2.97656
vt 3.00781 2.97656
vt 2.00781 3.97656
vt 2.00781 3.97656
vt 2.99219 3.99219
vt 2.99219 3.99219
vt 1.00781 3.97656
vt 1.00781 3.97656
vt -0.992188 3.97656
vt -0.992188 3.97656
vt -0.0078125 3.02344
vt -0.0078125 3.02344
vt -2.99219 3.97656
vt -2.99219 3.97656
vt -2.00781 3.02344
vt -2.00781 3.02344
vt -3.99219 3.97656
vt -3.99219 3.97656
vt -3.02344 1.00781
vt -3.02344 1.00781
vt -3.00781 -0.976562
vt -3.00781 -0.976562
vt -2.99219 -3.02344
vt -2.99219 -3.02344
vt 0.0078125 -0.0234375
vt 0.0078125 -0.0234375
vt 0.976562 -0.992188
vt 0.976562 -0.992188
vt 0.0078125 -0.992188
vt 0.0078125 -0.992188
vt 0.992188 -0.976562
vt 0.992188 -0.976562
vt 0.0078125 0.0078125
vt 0.0078125 0.0078125
vt 0.992188 0.0234375
vt 0.992188 0.0234375
vt -0.992188 0.0078125
vt -0.992188 0.0078125
vt -0.0078125 0.0234375
vt -0.0078125 0.0234375
vt -0.976562 0.992188
vt -0.976562 0.992188
vt -0.0234375 -0.992188
vt -0.0234375 -0.992188
vt 1.97656 -1.99219
vt 1.97656 -1.99219
vt 1.99219 -1.00781
vt 1.99219 -1.00781
vt 1.99219 -0.976562
vt 1.99219 -0.976562
vt 1.99219 0.992188
vt 1.99219 0.992188
vt 1.00781 1.97656
vt 1.00781 1.97656
vt 0.992188 1.99219
vt 0.992188 1.99219
vt -0.0078125 1.02344
vt -0.0078125 1.02344
vt -1.99219 1.97656
vt -1.99219 1.97656
vt -1.00781 1.99219
vt -1.00781 1.99219
vt -1.99219 0.976562
vt -1.99219 0.976562
vt -1.00781 -0.976562
vt -1.00781 -0.976562
vt -1.99219 -1.02344
vt -1.99219 -1.02344
vt -0.0078125 -1.97656
vt -0.0078125 -1.97656
vt 0.0078125 -1.02344
vt 0.0078125 -1.02344
vt 0.992188 -1.97656
vt 0.992188 -1.97656
vt 2.00781 -2.02344
vt 2.00781 -2.02344
vt 2.00781 -1.02344
vt 2.00781 -1.02344
vt 2.99219 -1.97656
vt 2.99219 -1.97656
vt 2.00781 -0.0234375
vt 2.00781 -0.0234375
vt 2.99219 -0.0078125
vt 2.99219 -0.0078125
vt 2.00781 0.976562
vt 2.00781 0.976562
vt 2.00781 0.0078125
vt 2.00781 0.0078125
vt 2.99219 1.02344
vt 2.99219 1.02344
vt 2.00781 2.97656
vt 2.00781 2.97656
vt 2.99219 2.02344
vt 2.99219 2.02344
vt 1.00781 2.97656
vt 1.00781 2.97656
vt 1.99219 2.02344
vt 1.99219 2.02344
vt 1.02344 2.99219
vt 1.02344 2.99219
vt -0.992188 2.97656
vt -0.992188 2.97656
vt -0.0078125 2.02344
vt -0.0078125 2.02344
vt -1.99219 2.97656
vt -1.99219 2.97656
vt -1.00781 2.02344
vt -1.00781 2.02344
vt -2.99219 2.97656
vt -2.99219 2.97656
vt -2.00781 2.99219
vt -2.00781 2.99219
vt -2.99219 0.0078125
vt -2.99219 0.0078125
vt -2.02344 -0.992188
vt -2.02344 -0.992188
vt -2.97656 -0.0078125
vt -2.97656 -0.0078125
vt -2.99219 -1.99219
vt -2.99219 -1.99219
vt -1.00781 -2.97656
vt -1.00781 -2.97656
vt 3.00781 -3.02344
vt 3.00781 -3.02344
vt 3.99219 -0.0078125
vt 3.99219 -0.0078125
vt 3.00781 1.97656
vt 3.00781 1.97656
vt 3.00781 2.97656
vt 3.00781 2.97656
vt 2.00781 3.97656
vt 2.00781 3.97656
vt 2.99219 3.99219
vt 2.99219 3.99219
vt 1.00781 3.97656
vt 1.00781 3.97656
vt -0.992188 3.97656
vt -0.992188 3.97656
vt -0.0078125 3.02344
vt -0.0078125 3.02344
vt -2.99219 3.97656
vt -2.99219 3.97656
vt -2.00781 3.02344
vt -2.00781 3.02344
vt -3.99219 3.97656
vt -3.99219 3.97656
vt -3.02344 1.00781
vt -3.02344 1.00781
vt -3.00781 -0.976562
vt -3.00781 -0.976562
vt -2.99219 -3.02344
vt -2.99219 -3.02344
vt 0.0078125 -0.0234375
vt 0.0078125 -0.0234375
vt 0.976562 -0.992188
vt 0.976562 -0.992188
vt 0.0078125 -0.992188
vt 0.0078125 -0.992188
vt 0.992188 -0.976562
vt 0.992188 -0.976562
vt 0.0078125 0.0078125
vt 0.0078125 0.0078125
vt 0.992188 0.0234375
vt 0.992188 0.0234375
vt -0.992188 0.0078125
vt -0.992188 0.0078125
vt -0.0078125 0.0234375
vt -0.0078125 0.0234375
vt -0.976562 0.992188
vt -0.976562 0.992188
vt -0.0234375 -0.992188
vt -0.0234375 -0.992188
vt 1.97656 -1.99219
vt 1.97656 -1.99219
vt 1.99219 -1.00781
vt 1.99219 -1.00781
vt 1.99219 -0.976562
vt 1.99219 -0.976562
vt 1.99219 0.992188
vt 1.99219 0.992188
vt 1.00781 1.97656
vt 1.00781 1.97656
vt 0.992188 1.99219
vt 0.992188 1.99219
vt -0.0078125 1.02344
vt -0.0078125 1.02344
vt -1.99219 1.97656
vt -1.99219 1.97656
vt -1.00781 1.99219
vt -1.00781 1.99219
vt -1.99219 0.976562
vt -1.99219 0.976562
vt -1.00781 -0.976562
vt -1.00781 -0.976562
vt -1.99219 -1.02344
vt -1.99219 -1.02344
vt -0.0078125 -1.97656
vt -0.0078125 -1.97656
vt 0.0078125 -1.02344
vt 0.0078125 -1.02344
vt 0.992188 -1.97656
vt 0.992188 -1.97656
vt 2.00781 -2.02344
vt 2.00781 -2.02344
vt 2.00781 -1.02344
vt 2.00781 -1.02344
vt 2.99219 -1.97656
vt 2.99219 -1.97656
vt 2.00781 -0.0234375
vt 2.00781 -0.0234375
vt 2.99219 -0.0078125
vt 2.99219 -0.0078125
vt 2.00781 0.976562
vt 2.00781 0.976562
vt 2.00781 0.0078125
vt 2.00781 0.0078125
vt 2.99219 1.02344
vt 2.99219 1.02344
vt 2.00781 2.97656
vt 2.00781 2.97656
vt 2.99219 2.02344
vt 2.99219 2.02344
vt 1.00781 2.97656
vt 1.00781 2.97656
vt 1.99219 2.02344
vt 1.99219 2.02344
vt 1.02344 2.99219
vt 1.02344 2.99219
vt -0.992188 2.97656
vt -0.992188 2.97656
vt -0.0078125 2.02344
vt -0.0078125 2.02344
vt -1.99219 2.97656
vt -1.99219 2.97656
vt -1.00781 2.02344
vt -1.00781 2.02344
vt -2.99219 2.97656
vt -2.99219 2.97656
vt -2.00781 2.99219
vt -2.00781 2.99219
vt -2.99219 0.0078125
vt -2.99219 0.0078125
vt -2.02344 -0.992188
vt -2.02344 -0.992188
vt -2.97656 -0.0078125
vt -2.97656 -0.0078125
vt -2.99219 -1.99219
vt -2.99219 -1.99219
vt -1.00781 -2.97656
vt -1.00781 -2.97656
vt 3.00781 -3.02344
vt 3.00781 -3.02344
vt 3.99219 -0.0078125
vt 3.99219 -0.0078125
vt 3.00781 1.97656
vt 3.00781 1.97656
vt 3.00781 2.97656
vt 3.00781 2.97656
vt 2.00781 3.97656
vt 2.00781 3.97656
vt 2.99219 3.99219
vt 2.99219 3.99219
vt 1.00781 3.97656
vt 1.00781 3.97656
vt -0.992188 3.97656
vt -0.992188 3.97656
vt -0.0078125 3.02344
vt -0.0078125 3.02344
vt -2.99219 3.97656
vt -2.99219 3.97656
vt -2.00781 3.02344
vt -2.00781 3.02344
vt -3.99219 3.97656
vt -3.99219 3.97656
vt -3.02344 1.00781
vt -3.02344 1.00781
vt -3.00781 -0.976562
vt -3.00781 -0.976562
vt -2.99219 -3.02344
vt -2.99219 -3.02344
vt 0.0078125 -0.0234375
vt 0.0078125 -0.0234375
vt 0.976562 -0.992188
vt 0.976562 -0.992188
vt 0.0078125 -0.992188
vt 0.0078125 -0.992188
vt 0.992188 -0.976562
vt 0.992188 -0.976562
vt 0.0078125 0.0078125
vt 0.0078125 0.0078125
vt 0.992188 0.0234375
vt 0.992188 0.0234375
vt -0.992188 0.0078125
vt -0.992188 0.0078125
vt -0.0078125 0.0234375
vt -0.0078125 0.0234375
vt -0.976562 0.992188
vt -0.976562 0.992188
vt -0.0234375 -0.992188
vt -0.0234375 -0.992188
vt 1.97656 -1.99219
vt 1.97656 -1.99219
vt 1.99219 -1.00781
vt 1.99219 -1.00781
vt 1.99219 -0.976562
vt 1.99219 -0.976562
vt 1.99219 0.992188
vt 1.99219 0.992188
vt 1.00781 1.97656
vt 1.00781 1.97656
vt 0.992188 1.99219
vt 0.992188 1.99219
vt -0.0078125 1.02344
vt -0.0078125 1.02344
vt -1.99219 1.97656
vt -1.99219 1.97656
vt -1.00781 1.99219
vt -1.00781 1.99219
vt -1.99219 0.976562
vt -1.99219 0.976562
vt -1.00781 -0.976562
vt -1.00781 -0.976562
vt -1.99219 -1.02344
vt -1.99219 -1.02344
vt -0.0078125 -1.97656
vt -0.0078125 -1.97656
vt 0.0078125 -1.02344
vt 0.0078125 -1.02344
vt 0.992188 -1.97656
vt 0.992188 -1.97656
vt 2.00781 -2.02344
vt 2.00781 -2.02344
vt 2.00781 -1.02344
vt 2.00781 -1.02344
vt 2.99219 -1.97656
vt 2.99219 -1.97656
vt 2.00781 -0.0234375
vt 2.00781 -0.0234375
vt 2.99219 -0.0078125
vt 2.99219 -0.0078125
vt 2.00781 0.976562
vt 2.00781 0.976562
vt 2.00781 0.0078125
vt 2.00781 0.0078125
vt 2.99219 1.02344
vt 2.99219 1.02344
vt 2.00781 2.97656
vt 2.00781 2.97656
vt 2.99219 2.02344
vt 2.99219 2.02344
vt 1.00781 2.97656
vt 1.00781 2.97656
vt 1.99219 2.02344
vt 1.99219 2.02344
vt 1.02344 2.99219
vt 1.02344 2.99219
vt -0.992188 2.97656
vt -0.992188 2.97656
vt -0.0078125 2.02344
vt -0.0078125 2.02344
vt -1.99219 2.97656
vt -1.99219 2.97656
vt -1.00781 2.02344
vt -1.00781 2.02344
vt -2.99219 2.97656
vt -2.99219 2.97656
vt -2.00781 2.99219
vt -2.00781 2.99219
vt -2.99219 0.0078125
vt -2.99219 0.0078125
vt -2.02344 -0.992188
vt -2.02344 -0.992188
vt -2.97656 -0.0078125
vt -2.97656 -0.0078125
vt -2.99219 -1.99219
vt -2.99219 -1.99219
vt -1.00781 -2.97656
vt -1.00781 -2.97656
vt 3.00781 -3.02344
vt 3.00781 -3.02344
vt 3.99219 -0.0078125
vt 3.99219 -0.0078125
vt 3.00781 1.97656
vt 3.00781 1.97656
vt 3.00781 2.97656
vt 3.00781 2.97656
vt 2.00781 3.97656
vt 2.00781 3.97656
vt 2.99219 3.99219
vt 2.99219 3.99219
vt 1.00781 3.97656
vt 1.00781 3.97656
vt -0.992188 3.97656
vt -0.992188 3.97656
vt -0.0078125 3.02344
vt -0.0078125 3.02344
vt -2.99219 3.97656
vt -2.99219 3.97656
vt -2.00781 3.02344
vt -2.00781 3.02344
vt -3.99219 3.97656
vt -3.99219 3.97656
vt -3.02344 1.00781
vt -3.02344 1.00781
vt -3.00781 -0.976562
vt -3.00781 -0.976562
vt -2.99219 -3.02344
vt -2.99219 -3.02344
vt 0.0078125 -0.0234375
vt 0.0078125 -0.0234375
vt 0.976562 -0.992188
vt 0.976562 -0.992188
vt 0.0078125 -0.992188
vt 0.0078125 -0.992188
vt 0.992188 -0.976562
vt 0.992188 -0.976562
vt 0.0078125 0.0078125
vt 0.0078125 0.0078125
vt 0.992188 0.0234375
vt 0.992188 0.0234375
vt -0.992188 0.0078125
vt -0.992188 0.0078125
vt -0.0078125 0.0234375
vt -0.0078125 0.0234375
vt -0.976562 0.992188
vt -0.976562 0.992188
vt -0.0234375 -0.992188
vt -0.0234375 -0.992188
vt 1.97656 -1.99219
vt 1.97656 -1.99219
vt 1.99219 -1.00781
vt 1.99219 -1.00781
vt 1.99219 -0.976562
vt 1.99219 -0.976562
vt 1.99219 0.992188
vt 1.99219 0.992188
vt 1.00781 1.97656
vt 1.00781 1.97656
vt 0.992188 1.99219
vt 0.992188 1.99219
vt -0.0078125 1.02344
vt -0.0078125 1.02344
vt -1.99219 1.97656
vt -1.99219 1.97656
vt -1.00781 1.99219
vt -1.00781 1.99219
vt -1.99219 0.976562
vt -1.99219 0.976562
vt -1.00781 -0.976562
vt -1.00781 -0.976562
vt -1.99219 -1.02344
vt -1.99219 -1.02344
vt -0.0078125 -1.97656
vt -0.0078125 -1.97656
vt 0.0078125 -1.02344
vt 0.0078125 -1.02344
vt 0.992188 -1.97656
vt 0.992188 -1.97656
vt 2.00781 -2.02344
vt 2.00781 -2.02344
vt 2.00781 -1.02344
vt 2.00781 -1.02344
vt 2.99219 -1.97656
vt 2.99219 -1.97656
vt 2.00781 -0.0234375
vt 2.00781 -0.0234375
vt 2.99219 -0.0078125
vt 2.99219 -0.0078125
vt 2.00781 0.976562
vt 2.00781 0.976562
vt 2.00781 0.0078125
vt 2.00781 0.0078125
vt 2.99219 1.02344
vt 2.99219 1.02344
vt 2.00781 2.97656
vt 2.00781 2.97656
vt 2.99219 2.02344
vt 2.99219 2.02344
vt 1.00781 2.97656
vt 1.00781 2.97656
vt 1.99219 2.02344
vt 1.99219 2.02344
vt 1.02344 2.99219
vt 1.02344 2.99219
vt -0.992188 2.97656
vt -0.992188 2.97656
vt -0.0078125 2.02344
vt -0.0078125 2.02344
vt -1.99219 2.97656
vt -1.99219 2.97656
vt -1.00781 2.02344
vt -1.00781 2.02344
vt -2.99219 2.97656
vt -2.99219 2.97656
vt -2.00781 2.99219
vt -2.00781 2.99219
vt -2.99219 0.0078125
vt -2.99219 0.0078125
vt -2.02344 -0.992188
vt -2.02344 -0.992188
vt -2.97656 -0.0078125
vt -2.97656 -0.0078125
vt -2.99219 -1.99219
vt -2.99219 -1.99219
vt -1.00781 -2.97656
vt -1.00781 -2.97656
vt 3.00781 -3.02344
vt 3.00781 -3.02344
vt 3.99219 -0.0078125
vt 3.99219 -0.0078125
vt 3.00781 1.97656
vt 3.00781 1.97656
vt 3.00781 2.97656
vt 3.00781 2.97656
vt 2.00781 3.97656
vt 2.00781 3.97656
vt 2.99219 3.99219
vt 2.99219 3.99219
vt 1.00781 3.97656
vt 1.00781 3.97656
vt -0.992188 3.97656
vt -0.992188 3.97656
vt -0.0078125 3.02344
vt -0.0078125 3.02344
vt -2.99219 3.97656
vt -2.99219 3.97656
vt -2.00781 3.02344
vt -2.00781 3.02344
vt -3.99219 3.97656
vt -3.99219 3.97656
vt -3.02344 1.00781
vt -3.02344 1.00781
vt -3.00781 -0.976562
vt -3.00781 -0.976562
vt -2.99219 -3.02344
vt -2.99219 -3.02344
vt 0.0078125 -0.0234375
vt 0.0078125 -0.0234375
vt 0.976562 -0.992188
vt 0.976562 -0.992188
vt 0.0078125 -0.992188
vt 0.0078125 -0.992188
vt 0.992188 -0.976562
vt 0.992188 -0.976562
vt 0.0078125 0.0078125
vt 0.0078125 0.0078125
vt 0.992188 0.0234375
vt 0.992188 0.0234375
vt -0.992188 0.0078125
vt -0.992188 0.0078125
vt -0.0078125 0.0234375
vt -0.0078125 0.0234375
vt -0.976562 0.992188
vt -0.976562 0.992188
vt -0.0234375 -0.992188
vt -0.0234375 -0.992188
vt 1.97656 -1.99219
vt 1.97656 -1.99219
vt 1.99219 -1.00781
vt 1.99219 -1.00781
vt 1.99219 -0.976562
vt 1.99219 -0.976562
vt 1.99219 0.992188
vt 1.99219 0.992188
vt 1.00781 1.97656
vt 1.00781 1.97656
vt 0.992188 1.99219
vt 0.992188 1.99219
vt -0.0078125 1.02344
vt -0.0078125 1.02344
vt -1.99219 1.97656
vt -1.99219 1.97656
vt -1.00781 1.99219
vt -1.00781 1.99219
vt -1.99219 0.976562
vt -1.99219 0.976562
vt -1.00781 -0.976562
vt -1.00781 -0.976562
vt -1.99219 -1.02344
vt -1.99219 -1.02344
vt -0.0078125 -1.97656
vt -0.0078125 -1.97656
vt 0.0078125 -1.02344
vt 0.0078125 -1.02344
vt 0.992188 -1.97656
vt 0.992188 -1.97656
vt 2.00781 -2.02344
vt 2.00781 -2.02344
vt 2.00781 -1.02344
vt 2.00781 -1.02344
vt 2.99219 -1.97656
vt 2.99219 -1.97656
vt 2.00781 -0.0234375
vt 2.00781 -0.0234375
vt 2.99219 -0.0078125
vt 2.99219 -0.0078125
vt 2.00781 0.976562
vt 2.00781 0.976562
vt 2.00781 0.0078125
vt 2.00781 0.0078125
vt 2.99219 1.02344
vt 2.99219 1.02344
vt 2.00781 2.97656
vt 2.00781 2.97656
vt 2.99219 2.02344
vt 2.99219 2.02344
vt 1.00781 2.97656
vt 1.00781 2.97656
vt 1.99219 2.02344
vt 1.99219 2.02344
vt 1.02344 2.99219
vt 1.02344 2.99219
vt -0.992188 2.97656
vt -0.992188 2.97656
vt -0.0078125 2.02344
vt -0.0078125 2.02344
vt -1.99219 2.97656
vt -1.99219 2.97656
vt -1.00781 2.02344
vt -1.00781 2.02344
vt -2.99219 2.97656
vt -2.99219 2.97656
vt -2.00781 2.99219
vt -2.00781 2.99219
vt -2.99219 0.0078125
vt -2.99219 0.0078125
vt -2.02344 -0.992188
vt -2.02344 -0.992188
vt -2.97656 -0.0078125
vt -2.97656 -0.0078125
vt -2.99219 -1.99219
vt -2.99219 -1.99219
vt -1.00781 -2.97656
vt -1.00781 -2.97656
vt 3.00781 -3.02344
vt 3.00781 -3.02344
vt 3.99219 -0.0078125
vt 3.99219 -0.0078125
vt 3.00781 1.97656
vt 3.00781 1.97656
vt 3.00781 2.97656
vt 3.00781 2.97656
vt 2.00781 3.97656
vt 2.00781 3.97656
vt 2.99219 3.99219
vt 2.99219 3.99219
vt 1.00781 3.97656
vt 1.00781 3.97656
vt -0.992188 3.97656
vt -0.992188 3.97656
vt -0.0078125 3.02344
vt -0.0078125 3.02344
vt -2.99219 3.97656
vt -2.99219 3.97656
vt -2.00781 3.02344
vt -2.00781 3.02344
vt -3.99219 3.97656
vt -3.99219 3.97656
vt -3.02344 1.00781
vt -3.02344 1.00781
vt -3.00781 -0.976562
vt -3.00781 -0.976562
vt -2.99219 -3.02344
vt -2.99219 -3.02344
vt 0.976562 -0.992188
vt 0.976562 -0.992188
vt 0.976562 -0.992188
vt 0.0078125 -0.0234375
vt 0.0078125 -0.0234375
vt 0.0078125 -0.992188
vt 0.0234375 -0.0078125
vt 0.0078125 0.976562
vt 0.0234375 0.992188
vt 0.0234375 0.992188
vt 0.0234375 0.992188
vt -0.992188 0.976562
vt -0.0078125 0.992188
vt -0.0078125 0.992188
vt -0.992188 -0.992188
vt -0.992188 -0.992188
vt -0.992188 -0.992188
vt -0.992188 -0.992188
vt 1.00781 -1.02344
vt 1.99219 -1.97656
vt 1.99219 -1.97656
vt 1.00781 -0.0234375
vt 1.00781 0.0078125
vt 1.99219 0.992188
vt 1.02344 1.99219
vt 0.0078125 1.97656
vt -0.0234375 1.00781
vt -0.976562 1.99219
vt -0.976562 1.99219
vt -0.976562 1.99219
vt -1.00781 1.02344
vt -1.02344 0.0078125
vt -1.02344 0.0078125
vt -1.00781 0.0234375
vt -1.00781 0.0234375
vt -1.00781 0.0234375
vt -1.97656 -0.0078125
vt -1.00781 -1.00781
vt -0.0078125 -1.00781
vt 0.0078125 -1.99219
vt 2.97656 -2.99219
vt 2.97656 -2.99219
vt 2.00781 -1.02344
vt 2.00781 -0.992188
vt 2.02344 -0.0078125
vt 2.99219 -0.0078125
vt 2.00781 1.97656
vt 2.00781 1.97656
vt 2.00781 2.00781
vt 1.97656 2.00781
vt 0.0078125 2.97656
vt 0.0078125 2.97656
vt -0.992188 2.00781
vt -0.992188 2.00781
vt -0.0078125 2.99219
vt -0.0078125 2.99219
vt -1.00781 2.02344
vt -1.00781 2.02344
vt -1.00781 2.02344
vt -2.00781 2.99219
vt -2.00781 2.99219
vt -2.02344 1.00781
vt -2.99219 0.0078125
vt -2.99219 0.0078125
vt -2.00781 0.992188
vt -2.00781 0.992188
vt -2.00781 -0.976562
vt -2.00781 -0.976562
vt -2.00781 -0.976562
vt -2.00781 -1.00781
vt -2.00781 -1.00781
vt -2.99219 -2.99219
vt -2.99219 -2.99219
vt -1.99219 -2.99219
vt -1.00781 -2.00781
vt -0.0078125 -2.97656
vt -0.0078125 -2.97656
vt 0.0234375 -2.00781
vt 0.0234375 -2.00781
vt 1.99219 -2.97656
vt 1.99219 -2.97656
vt 1.99219 -2.97656
vt 3.99219 -3.00781
vt 3.99219 -3.00781
vt 3.99219 -3.00781
vt 3.99219 -3.00781
vt 3.02344 -2.00781
vt 3.02344 -2.00781
vt 3.97656 -1.99219
vt 3.97656 -0.992188
vt 3.97656 -0.992188
vt 3.97656 0.0078125
vt 3.00781 1.00781
vt 3.00781 1.00781
vt 3.99219 1.99219
vt 3.99219 1.99219
vt 3.99219 2.99219
vt 3.99219 3.99219
vt 3.99219 3.99219
vt 2.02344 3.99219
vt 2.02344 3.99219
vt 2.02344 3.99219
vt 2.02344 3.99219
vt 2.99219 3.02344
vt 2.99219 3.02344
vt 2.99219 3.99219
vt 1.97656 3.00781
vt 1.97656 3.00781
vt 1.97656 3.00781
vt 1.97656 3.00781
vt 1.99219 3.99219
vt 1.99219 3.99219
vt 0.976562 3.00781
vt 0.976562 3.00781
vt 0.976562 3.00781
vt 0.0234375 3.99219
vt 0.0234375 3.99219
vt -0.0078125 3.02344
vt -1.99219 3.97656
vt -1.99219 3.97656
vt -1.00781 3.02344
vt -1.00781 3.02344
vt -2.00781 3.99219
vt -3.99219 3.00781
vt -3.99219 2.97656
vt -3.99219 2.97656
vt -3.99219 2.97656
vt -3.00781 2.99219
vt -3.00781 2.99219
vt -3.00781 2.99219
vt -3.97656 1.99219
vt -3.97656 1.99219
vt -3.99219 0.0078125
vt -3.99219 0.0078125
vt -3.02344 -0.992188
vt -3.02344 -0.992188
vt -3.97656 -0.0078125
vt -3.97656 -0.0078125
vt -3.97656 -1.00781
vt -3.97656 -1.00781
vt -3.99219 -3.02344
vt -3.99219 -3.02344
vt -1.00781 -3.00781
vt -1.00781 -3.00781
vt -0.992188 -3.99219
vt -0.992188 -3.99219
vt -0.992188 -3.99219
vt 0.992188 -3.00781
vt 0.992188 -3.00781
vt 2.00781 -3.99219
vt 2.00781 -3.99219
vt 2.99219 -3.00781
vt 2.99219 -3.00781
vt 4.02344 -4.00781
vt 4.02344 -4.00781
vt 4.02344 -4.00781
vt 4.02344 -4.00781
vt 4.00781 -3.99219
vt 4.00781 -3.99219
vt 4.00781 -3.99219
vt 4.97656 -2.99219
vt 4.97656 -2.99219
vt 4.97656 -2.99219
vt 4.99219 -0.0078125
vt 4.99219 -0.0078125
vt 4.00781 0.0078125
vt 4.00781 0.0078125
vt 4.99219 1.99219
vt 4.99219 1.99219
vt 4.00781 3.00781
vt 4.99219 3.99219
vt 4.99219 4.99219
vt 3.99219 4.99219
vt 1.00781 4.00781
vt 1.99219 4.99219
vt 0.992188 4.99219
vt 0.992188 4.99219
vt -0.976562 4.99219
vt -0.976562 4.99219
vt -0.976562 4.99219
vt -1.00781 4.99219
vt -1.00781 4.99219
vt -2.00781 4.02344
vt -2.00781 4.02344
vt -3.99219 4.97656
vt -4.02344 4.00781
vt -4.97656 4.99219
vt -4.97656 2.99219
vt -4.02344 1.00781
vt -4.97656 -0.0078125
vt -4.97656 -0.0078125
vt -4.00781 -1.97656
vt -4.00781 -1.97656
vt -4.00781 -1.97656
vt -4.00781 -1.97656
vt -4.99219 -2.02344
vt -4.99219 -2.02344
vt -4.99219 -2.02344
vt -4.97656 -2.00781
vt -4.97656 -2.00781
vt -4.97656 -2.00781
vt -4.00781 -3.97656
vt -4.00781 -3.97656
vt -4.00781 -4.00781
vt -4.00781 -4.00781
vt -3.02344 -4.99219
vt -3.02344 -4.99219
vt -3.00781 -4.00781
vt -2.02344 -4.99219
vt -2.02344 -4.99219
vt -0.992188 -4.99219
vt 0.0078125 -4.02344
vt 0.992188 -4.97656
vt 1.99219 -4.97656
vt 2.99219 -4.97656
vt 3.02344 -4.00781
vt 3.02344 -4.00781
vt 5.99219 -5.00781
vt 5.00781 -4.99219
vt 5.00781 -3.99219
vt 5.99219 -2.00781
vt 5.00781 -0.0234375
vt 5.00781 -0.0234375
vt 5.00781 -0.0234375
vt 5.00781 -0.0234375
vt 5.02344 -0.0078125
vt 5.02344 -0.0078125
vt 5.02344 -0.0078125
vt 5.99219 0.992188
vt 5.99219 0.992188
vt 5.02344 1.99219
vt 5.02344 1.99219
vt 5.97656 2.00781
vt 5.97656 2.00781
vt 5.00781 3.00781
vt 5.00781 3.00781
vt 5.00781 3.00781
vt 5.99219 3.99219
vt 5.99219 3.99219
vt 5.97656 5.00781
vt 5.97656 5.00781
vt 4.00781 5.97656
vt 4.00781 5.97656
vt 3.00781 5.00781
vt 3.00781 5.00781
vt 3.99219 5.99219
vt 3.99219 5.99219
vt 2.99219 5.02344
vt 2.99219 5.02344
vt 2.99219 5.02344
vt 1.97656 5.00781
vt 1.97656 5.00781
vt 1.99219 5.02344
vt 1.99219 5.02344
vt 1.99219 5.02344
vt -0.992188 5.00781
vt -0.992188 5.00781
vt -1.02344 5.00781
vt -1.02344 5.00781
vt -1.02344 5.00781
vt -1.00781 5.99219
vt -1.00781 5.99219
vt -1.00781 5.99219
vt -2.00781 5.99219
vt -2.00781 5.99219
vt -3.97656 5.99219
vt -3.97656 5.99219
vt -4.00781 5.02344
vt -5.99219 5.97656
vt -5.99219 4.97656
vt -5.99219 4.97656
vt -5.99219 3.97656
vt -5.99219 2.97656
vt -5.99219 2.97656
vt -5.99219 2.97656
vt -5.99219 1.00781
vt -5.99219 1.00781
vt -5.00781 1.02344
vt -5.00781 1.02344
vt -5.00781 1.02344
vt -5.97656 0.992188
vt -5.97656 0.992188
vt -5.02344 -0.992188
vt -5.02344 -0.992188
vt -5.97656 -2.00781
vt -5.02344 -3.99219
vt -5.02344 -3.99219
vt -5.02344 -3.99219
vt -5.02344 -4.99219
vt -4.99219 -5.02344
vt -4.99219 -5.02344
vt -4.99219 -5.02344
vt -3.97656 -5.00781
vt -3.97656 -5.00781
vt 0.0078125 -5.99219
vt 0.0078125 -5.99219
vt 1.00781 -5.02344
vt 1.02344 -5.00781
vt 2.99219 -5.97656
vt 2.99219 -5.97656
vt 3.99219 -5.00781
vt 3.99219 -5.00781
vt 3.99219 -5.00781
vt 4.97656 -5.99219
vt 4.97656 -5.99219
vt 4.02344 -5.00781
vt 4.02344 -5.00781
vt 6.97656 -6.99219
vt 6.97656 -6.99219
vt 6.00781 -6.02344
vt 6.00781 -6.02344
vt 6.02344 -6.00781
vt 6.02344 -6.00781
vt 6.00781 -5.02344
vt 6.00781 -5.02344
vt 6.00781 -4.02344
vt 6.00781 -4.02344
vt 6.99219 -4.00781
vt 6.99219 -4.00781
vt 6.97656 -3.99219
vt 6.97656 -3.99219
vt 6.00781 -3.02344
vt 6.00781 -3.02344
vt 6.99219 -3.97656
vt 6.99219 -3.97656
vt 6.00781 -2.02344
vt 6.00781 -2.02344
vt 6.99219 -2.97656
vt 6.99219 -2.97656
vt 6.00781 -1.02344
vt 6.00781 -1.02344
vt 6.99219 -1.97656
vt 6.99219 -1.97656
vt 6.00781 -0.0234375
vt 6.00781 -0.0234375
vt 6.99219 -0.976562
vt 6.99219 -0.976562
vt 6.00781 0.0078125
vt 6.00781 0.0078125
vt 6.99219 0.0234375
vt 6.99219 0.0234375
vt 6.00781 1.97656
vt 6.00781 1.97656
vt 6.99219 1.99219
vt 6.99219 1.99219
vt 6.99219 2.02344
vt 6.99219 2.02344
vt 6.00781 3.00781
vt 6.00781 3.00781
vt 6.99219 3.02344
vt 6.99219 3.02344
vt 6.00781 4.00781
vt 6.00781 4.00781
vt 6.99219 4.02344
vt 6.99219 4.02344
vt 6.00781 5.97656
vt 6.00781 5.97656
vt 6.99219 5.02344
vt 6.97656 6.00781
vt 6.97656 6.00781
vt 3.97656 6.00781
vt 3.02344 6.99219
vt 2.99219 6.02344
vt 2.99219 6.02344
vt 1.02344 6.99219
vt 0.0234375 6.99219
vt -1.02344 6.00781
vt -2.99219 6.00781
vt -2.99219 6.00781
vt -3.99219 6.97656
vt -3.99219 6.97656
vt -3.99219 6.97656
vt -3.00781 6.02344
vt -3.00781 6.02344
vt -3.00781 6.02344
vt -4.00781 6.02344
vt -4.00781 6.02344
vt -4.00781 6.02344
vt -4.00781 6.02344
vt -5.00781 6.02344
vt -5.00781 6.02344
vt -6.99219 6.00781
vt -6.99219 6.00781
vt -6.00781 5.99219
vt -6.00781 5.99219
vt -6.02344 4.00781
vt -6.02344 4.00781
vt -6.02344 4.00781
vt -6.00781 3.99219
vt -6.00781 3.99219
vt -6.99219 2.97656
vt -6.99219 2.97656
vt -6.97656 2.99219
vt -6.97656 0.992188
vt -6.97656 0.992188
vt -6.97656 0.992188
vt -6.00781 -0.0078125
vt -6.00781 -0.0078125
vt -6.00781 -0.0078125
vt -6.99219 -1.02344
vt -6.99219 -1.02344
vt -6.99219 -1.02344
vt -6.02344 -2.99219
vt -6.02344 -2.99219
vt -6.02344 -2.99219
vt -6.02344 -3.99219
vt -6.02344 -3.99219
vt -6.02344 -3.99219
vt -6.97656 -3.00781
vt -6.97656 -3.00781
vt -6.00781 -5.00781
vt -6.00781 -5.00781
vt -6.00781 -5.00781
vt -6.00781 -6.00781
vt -6.00781 -6.00781
vt -5.02344 -6.99219
vt -5.02344 -6.99219
vt -5.00781 -6.97656
vt -5.00781 -6.97656
vt -4.02344 -6.99219
vt -4.02344 -6.99219
vt -4.02344 -6.99219
vt -3.99219 -6.02344
vt -3.99219 -6.02344
vt -2.02344 -6.99219
vt -2.97656 -6.00781
vt -1.00781 -6.97656
vt -1.00781 -6.97656
vt -0.976562 -6.00781
vt 0.0234375 -6.00781
vt 2.00781 -6.02344
vt 2.00781 -6.02344
vt 2.00781 -6.02344
vt 2.00781 -6.02344
vt 3.00781 -6.02344
vt 3.00781 -6.02344
vt 3.00781 -6.02344
vt 3.02344 -6.00781
vt 3.02344 -6.00781
vt 3.02344 -6.00781
vt 4.00781 -6.02344
vt 4.00781 -6.02344
vt 4.00781 -6.02344
vt 5.97656 -6.99219
vt 5.97656 -6.99219
vt 5.97656 -6.99219
vt 5.99219 -6.00781
vt 5.99219 -6.00781
vt 7.00781 -6.02344
vt 7.00781 -6.02344
vt 7.00781 -5.99219
vt 7.00781 -5.99219
vt 7.00781 -4.02344
vt 7.00781 -4.02344
vt 7.00781 -4.02344
vt 7.00781 -4.02344
vt 7.02344 -1.00781
vt 7.02344 -1.00781
vt 7.02344 -1.00781
vt 7.02344 -1.00781
vt 7.00781 -0.0234375
vt 7.99219 -0.976562
vt 7.99219 -0.976562
vt 7.00781 1.97656
vt 7.00781 1.97656
vt 7.02344 1.99219
vt 7.02344 1.99219
vt 7.00781 2.97656
vt 7.99219 2.02344
vt 7.99219 2.02344
vt 7.00781 3.97656
vt 7.00781 3.97656
vt 7.99219 3.02344
vt 7.99219 3.02344
vt 7.00781 4.97656
vt 7.00781 4.97656
vt 7.99219 4.99219
vt 7.99219 4.99219
vt 7.00781 5.00781
vt 7.00781 5.00781
vt 7.99219 5.99219
vt 7.99219 5.99219
vt 7.00781 6.00781
vt 7.00781 6.00781
vt 7.99219 6.99219
vt 7.99219 6.99219
vt 7.97656 7.00781
vt 7.97656 7.00781
vt 6.02344 7.99219
vt 6.02344 7.99219
vt 5.00781 7.00781
vt 5.00781 7.00781
vt 5.99219 7.02344
vt 3.00781 7.00781
vt 3.00781 7.00781
vt 3.00781 7.00781
vt 3.02344 7.99219
vt 3.02344 7.99219
vt 2.97656 7.00781
vt 2.97656 7.00781
vt 2.02344 7.99219
vt 2.02344 7.99219
vt 1.97656 7.00781
vt 1.97656 7.00781
vt 1.02344 7.99219
vt 1.02344 7.99219
vt 0.0078125 7.97656
vt 0.0078125 7.97656
vt 0.992188 7.02344
vt 0.992188 7.02344
vt -0.992188 7.97656
vt -0.992188 7.97656
vt -0.0078125 7.02344
vt -0.0078125 7.02344
vt -1.99219 7.97656
vt -1.99219 7.97656
vt -1.00781 7.02344
vt -1.00781 7.02344
vt -2.99219 7.00781
vt -2.99219 7.00781
vt -2.00781 7.02344
vt -2.00781 7.02344
vt -3.00781 7.02344
vt -4.00781 7.99219
vt -4.00781 7.99219
vt -5.99219 7.00781
vt -5.99219 7.00781
vt -6.99219 7.00781
vt -6.99219 7.00781
vt -7.99219 7.00781
vt -7.99219 7.00781
vt -7.99219 6.00781
vt -7.99219 6.00781
vt -7.99219 5.97656
vt -7.99219 5.97656
vt -7.99219 4.00781
vt -7.99219 4.00781
vt -7.99219 3.00781
vt -7.99219 3.00781
vt -7.00781 3.99219
vt -7.00781 3.99219
vt -7.00781 2.99219
vt -7.00781 2.99219
vt -7.00781 1.99219
vt -7.00781 1.99219
vt -7.00781 0.992188
vt -7.00781 0.992188
vt -7.00781 -0.0078125
vt -7.00781 -0.0078125
vt -7.00781 -1.00781
vt -7.00781 -1.00781
vt -7.00781 -2.00781
vt -7.00781 -2.00781
vt -7.00781 -3.00781
vt -7.00781 -3.00781
vt -7.00781 -4.00781
vt -7.00781 -4.00781
vt -7.00781 -5.00781
vt -7.00781 -5.00781
vt -7.00781 -6.00781
vt -7.00781 -6.00781
vt -7.00781 -7.00781
vt -7.00781 -7.00781
vt -6.00781 -7.00781
vt -6.00781 -7.00781
vt -5.00781 -7.00781
vt -5.00781 -7.00781
vt -4.00781 -7.00781
vt -4.00781 -7.00781
vt -3.00781 -7.00781
vt -3.00781 -7.00781
vt -2.00781 -7.00781
vt -2.00781 -7.00781
vt -1.97656 -7.00781
vt -1.97656 -7.00781
vt -0.0078125 -7.00781
vt -0.0078125 -7.00781
vt 0.992188 -7.97656
vt 0.992188 -7.97656
vt 1.00781 -7.02344
vt 1.00781 -7.02344
vt 2.00781 -7.02344
vt 2.00781 -7.02344
vt 2.99219 -7.97656
vt 2.99219 -7.97656
vt 3.00781 -7.02344
vt 3.00781 -7.02344
vt 3.99219 -7.00781
vt 3.99219 -7.00781
vt 4.00781 -7.02344
vt 4.00781 -7.02344
vt 4.99219 -7.00781
vt 4.99219 -7.00781
vt 5.00781 -7.02344
vt 5.00781 -7.02344
vt 5.99219 -7.00781
vt 5.99219 -7.00781
vt 8.99219 -8.00781
vt 8.99219 -8.00781
vt 8.99219 -7.00781
vt 8.99219 -7.00781
vt 8.02344 -6.00781
vt 8.97656 -5.99219
vt 8.97656 -4.99219
vt 8.97656 -3.99219
vt 8.97656 -3.99219
vt 8.02344 -3.00781
vt 8.02344 -2.00781
vt 8.99219 -1.00781
vt 8.99219 -1.00781
vt 8.97656 0.0078125
vt 8.97656 0.0078125
vt 8.97656 0.0078125
vt 8.99219 1.02344
vt 8.00781 2.97656
vt 8.00781 2.97656
vt 8.99219 2.02344
vt 8.99219 2.02344
vt 8.99219 3.02344
vt 8.00781 4.97656
vt 8.00781 4.97656
vt 8.02344 6.99219
vt 8.97656 7.00781
vt 8.00781 8.00781
vt 8.00781 8.00781
vt 7.97656 8.00781
vt 6.97656 8.00781
vt 4.99219 8.02344
vt 1.99219 8.02344
vt 1.99219 8.02344
vt 0.976562 8.00781
vt 0.976562 8.00781
vt -1.00781 8.02344
vt -1.00781 8.02344
vt -2.99219 8.97656
vt -2.99219 8.97656
vt -3.99219 8.97656
vt -3.99219 8.97656
vt -4.99219 8.97656
vt -4.99219 8.97656
vt -5.99219 8.97656
vt -5.99219 8.97656
vt -6.99219 8.97656
vt -6.99219 8.97656
vt -7.99219 8.97656
vt -7.99219 8.97656
vt -8.99219 8.97656
vt -8.99219 8.97656
vt -8.99219 7.97656
vt -8.99219 7.97656
vt -8.00781 7.02344
vt -8.00781 7.02344
vt -8.00781 6.02344
vt -8.00781 6.02344
vt -8.00781 5.02344
vt -8.00781 5.02344
vt -8.00781 4.02344
vt -8.00781 4.02344
vt -8.97656 3.99219
vt -8.97656 3.99219
vt -8.00781 2.99219
vt -8.00781 2.99219
vt -8.00781 1.02344
vt -8.00781 1.02344
vt -8.00781 0.992188
vt -8.00781 0.992188
vt -8.99219 -2.99219
vt -8.99219 -2.99219
vt -8.97656 -2.00781
vt -8.97656 -2.00781
vt -8.02344 -3.99219
vt -8.02344 -3.99219
vt -8.97656 -3.00781
vt -8.97656 -3.00781
vt -8.00781 -4.97656
vt -8.00781 -4.97656
vt -8.99219 -7.99219
vt -8.99219 -7.99219
vt -8.02344 -8.99219
vt -8.02344 -8.99219
vt -8.97656 -8.00781
vt -8.97656 -8.00781
vt -7.00781 -8.97656
vt -7.00781 -8.97656
vt -6.00781 -8.97656
vt -6.00781 -8.97656
vt -2.99219 -8.02344
vt -2.99219 -8.02344
vt -2.00781 -8.97656
vt -2.00781 -8.97656
vt -0.992188 -8.02344
vt -0.992188 -8.02344
vt -0.0078125 -8.00781
vt -0.0078125 -8.00781
vt 0.0078125 -8.99219
vt 0.0078125 -8.99219
vt 1.00781 -8.02344
vt 1.00781 -8.02344
vt 2.00781 -8.02344
vt 2.00781 -8.02344
vt 3.99219 -8.00781
vt 3.99219 -8.00781
vt 4.99219 -8.97656
vt 4.99219 -8.97656
vt 5.00781 -8.02344
vt 5.00781 -8.02344
vt 5.02344 -8.00781
vt 5.02344 -8.00781
vt 6.00781 -8.99219
vt 6.00781 -8.99219
vt 6.99219 -8.00781
vt 6.99219 -8.00781
vt 7.97656 -8.99219
vt 7.97656 -8.99219
vt 9.99219 -8.97656
vt 9.99219 -8.97656
vt 9.00781 -7.02344
vt 9.00781 -7.02344
vt 9.02344 -7.00781
vt 9.02344 -7.00781
vt 9.97656 -6.99219
vt 9.97656 -6.99219
vt 9.99219 -6.97656
vt 9.99219 -6.97656
vt 9.00781 -5.99219
vt 9.00781 -5.99219
vt 9.99219 -5.00781
vt 9.99219 -5.00781
vt 9.99219 -4.97656
vt 9.99219 -4.97656
vt 9.99219 -3.97656
vt 9.99219 -3.97656
vt 9.00781 -1.99219
vt 9.00781 -1.99219
vt 9.00781 -0.0234375
vt 9.00781 -0.0234375
vt 9.99219 -0.976562
vt 9.99219 -0.976562
vt 9.00781 1.00781
vt 9.00781 1.00781
vt 9.02344 1.99219
vt 9.02344 1.99219
vt 9.00781 7.00781
vt 9.00781 7.00781
vt 9.02344 8.99219
vt 9.02344 8.99219
vt 7.99219 9.99219
vt 7.99219 9.99219
vt 5.99219 9.02344
vt 5.99219 9.02344
vt 3.00781 9.97656
vt 3.00781 9.97656
vt 3.02344 9.99219
vt 3.02344 9.99219
vt 2.97656 9.00781
vt 2.97656 9.00781
vt 2.99219 9.02344
vt 2.99219 9.02344
vt 1.99219 9.02344
vt 1.99219 9.02344
vt 0.0078125 9.97656
vt 0.0078125 9.97656
vt 0.0234375 9.99219
vt 0.0234375 9.99219
vt -0.0234375 9.00781
vt -0.0234375 9.00781
vt -0.0078125 9.02344
vt -0.0078125 9.02344
vt -3.00781 9.02344
vt -3.00781 9.02344
vt -4.02344 9.00781
vt -4.02344 9.00781
vt -5.99219 9.97656
vt -5.99219 9.97656
vt -5.97656 9.99219
vt -5.97656 9.99219
vt -6.02344 9.00781
vt -6.02344 9.00781
vt -6.00781 9.02344
vt -6.00781 9.02344
vt -7.00781 9.02344
vt -7.00781 9.02344
vt -8.99219 9.97656
vt -8.99219 9.97656
vt -8.97656 9.99219
vt -8.97656 9.99219
vt -9.02344 9.00781
vt -9.02344 9.00781
vt -9.00781 9.02344
vt -9.00781 9.02344
vt -9.99219 0.0078125
vt -9.99219 0.0078125
vt -9.00781 -0.0078125
vt -9.00781 -0.0078125
vt -9.99219 -4.99219
vt -9.99219 -4.99219
vt -9.99219 -5.02344
vt -9.99219 -5.02344
vt -9.02344 -6.99219
vt -9.02344 -6.99219
vt -9.00781 -6.00781
vt -9.00781 -6.00781
vt -9.99219 -7.99219
vt -9.99219 -7.99219
vt -9.02344 -8.99219
vt -9.02344 -8.99219
vt -9.97656 -9.00781
vt -9.97656 -9.00781
vt -7.00781 -9.00781
vt -7.00781 -9.00781
vt -6.00781 -9.97656
vt -6.00781 -9.97656
vt -5.97656 -9.00781
vt -5.97656 -9.00781
vt -4.99219 -9.99219
vt -4.99219 -9.99219
vt -4.00781 -9.00781
vt -4.00781 -9.00781
vt -3.97656 -9.00781
vt -3.97656 -9.00781
vt -1.02344 -9.99219
vt -1.02344 -9.99219
vt 10.0078 -9.99219
vt 10.0078 -9.99219
vt 10.0078 -7.99219
vt 10.0078 -7.99219
vt 10.0078 -4.99219
vt 10.0078 -4.99219
vt 10.0078 -0.992188
vt 10.0078 -0.992188
vt 10.0078 3.00781
vt 10.0078 4.97656
vt 10.0078 4.97656
vt 10.9922 4.02344
vt 10.9922 5.02344
vt 10.0078 7.97656
vt 10.0078 8.97656
vt 10.0078 9.00781
vt 10.0078 9.00781
vt 10.9922 9.02344
vt 10.9922 9.02344
vt 10.9922 9.02344
vt 10.0078 10.0078
vt 10.0078 10.0078
vt 10.0078 10.0078
vt 10.0078 10.0078
vt 10.0234 10.9922
vt 10.0234 10.9922
vt 8.97656 10.0078
vt 8.02344 10.9922
vt 7.99219 10.9922
vt 6.97656 10.0078
vt 5.00781 10.0078
vt 5.00781 10.0078
vt 5.99219 10.9922
vt 4.02344 10.9922
vt 4.02344 10.9922
vt 4.02344 10.9922
vt 2.97656 10.0078
vt 2.97656 10.0078
vt 2.97656 10.0078
vt 2.99219 10.9922
vt 2.99219 10.9922
vt 1.00781 10.0078
vt 1.00781 10.0078
vt 1.99219 10.0234
vt 1.99219 10.0234
vt 0.992188 10.0234
vt 0.992188 10.0234
vt -0.0078125 10.0234
vt -1.97656 10.9922
vt -2.99219 10.9766
vt -2.00781 10.0234
vt -3.97656 10.9922
vt -5.97656 10.9922
vt -6.97656 10.9922
vt -9.99219 10.9766
vt -9.99219 10.9766
vt -9.99219 10.9766
vt -10.9922 10.9766
vt -10.9922 10.9766
vt -10.9922 10.9766
vt -10.9922 10.9766
vt -10.0078 10.0234
vt -10.0078 9.02344
vt -10.0078 9.02344
vt -10.0078 8.02344
vt -10.0078 8.02344
vt -10.0078 8.02344
vt -10.0078 8.02344
vt -10.9766 7.99219
vt -10.9766 7.99219
vt -10.0078 5.99219
vt -10.9922 4.97656
vt -10.9922 4.97656
vt -10.9922 4.97656
vt -10.9766 4.99219
vt -10.9766 4.99219
vt -10.9766 4.99219
vt -10.9922 3.00781
vt -10.9922 3.00781
vt -10.0078 2.02344
vt -10.0078 2.02344
vt -10.9766 0.992188
vt -10.9766 0.992188
vt -10.9766 0.992188
vt -10.0234 -0.992188
vt -10.0234 -0.992188
vt -10.0234 -1.99219
vt -10.0234 -1.99219
vt -10.9766 -1.00781
vt -10.9766 -1.00781
vt -10.9766 -2.00781
vt -10.9766 -2.00781
vt -10.9922 -3.99219
vt -10.9922 -3.99219
vt -10.9922 -3.99219
vt -10.9766 -4.00781
vt -10.9766 -4.00781
vt -10.9766 -4.00781
vt -10.0078 -5.00781
vt -10.0078 -5.00781
vt -10.0078 -5.00781
vt -10.0234 -6.99219
vt -10.0234 -6.99219
vt -10.0078 -7.00781
vt -10.9766 -8.00781
vt -10.9766 -8.00781
vt -10.0234 -9.99219
vt -10.0234 -9.99219
vt -10.0234 -10.9922
vt -10.0234 -10.9922
vt -10.0234 -10.9922
vt -9.97656 -10.0078
vt -9.97656 -10.0078
vt -8.97656 -10.0078
vt -8.97656 -10.0078
vt -7.97656 -10.0078
vt -7.97656 -10.0078
vt -4.00781 -10.9766
vt -4.00781 -10.9766
vt -1.99219 -10.0234
vt -1.99219 -10.0234
vt -1.99219 -10.0234
vt -1.97656 -10.0078
vt -1.97656 -10.0078
vt -1.00781 -10.9766
vt -1.00781 -10.9766
vt -1.00781 -10.9766
vt -0.976562 -10.0078
vt -0.976562 -10.0078
vt -0.976562 -10.0078
vt 2.00781 -10.0234
vt 2.99219 -10.9766
vt 2.99219 -10.9766
vt 3.97656 -10.9922
vt 3.97656 -10.9922
vt 3.99219 -10.0078
vt 3.99219 -10.0078
vt 4.00781 -10.0234
vt 6.99219 -10.0078
vt 6.99219 -10.0078
vt 7.00781 -10.0234
vt 7.00781 -10.0234
vt 8.00781 -10.0234
vt 8.00781 -10.0234
vt 8.99219 -10.9766
vt 8.99219 -10.9766
vt 8.99219 -10.9766
vt 9.00781 -10.9922
vt 9.00781 -10.9922
vt 9.00781 -10.9922
vt 11.0078 -11.9922
vt 11.0078 -11.9922
vt 11.9766 -10.9922
vt 11.9766 -10.9922
vt 11.9922 -10.0078
vt 11.9922 -10.0078
vt 11.0078 -8.99219
vt 11.0078 -8.99219
vt 11.0078 -7.99219
vt 11.0078 -7.99219
vt 11.0078 -6.99219
vt 11.0078 -6.99219
vt 11.0078 -5.99219
vt 11.0078 -5.99219
vt 11.0078 -4.99219
vt 11.0078 -4.99219
vt 11.0078 -4.99219
vt 11.0078 -3.99219
vt 11.0078 -3.99219
vt 11.9922 -2.00781
vt 11.0234 -0.0078125
vt 11.0234 -0.0078125
f 2469/4305/3530 2470/4307/3530 2471/4309/3533
f 2472/4311/3535 2470/4308/3532 2469/4306/3531
f 2471/4309/3533 2470/4307/3530 2473/4313/3537
f 2474/4315/3539 2470/4308/3532 2472/4311/3535
f 2473/4313/3537 2470/4307/3530 2475/4317/3541
f 2476/4319/3541 2477/4321/3544 2470/4307/3530
f 2477/4321/3544 2478/4323/3544 2470/4307/3530
f 2474/4315/3539 2476/4320/3543 2470/4308/3532
f 2478/4323/3544 2479/4325/3547 2470/4307/3530
f 2475/4317/3541 2470/4307/3530 2480/4327/3547
f 2479/4325/3547 2480/4327/3547 2470/4307/3530
f 2481/4329/3550 2469/4306/3531 2471/4310/3534
f 2472/4311/3535 2469/4306/3531 2481/4329/3550
f 2481/4329/3550 2471/4310/3534 2482/4331/3552
f 2483/4333/3553 2471/4309/3533 2473/4313/3537
f 2482/4331/3552 2471/4310/3534 2483/4334/3554
f 2481/4330/3551 2482/4332/3551 2472/4312/3536
f 2474/4316/3540 2472/4312/3536 2484/4335/3555
f 2472/4312/3536 2482/4332/3551 2484/4335/3555
f 2485/4337/3557 2473/4313/3537 2475/4317/3541
f 2486/4339/3559 2483/4334/3554 2473/4314/3538
f 2486/4339/3559 2473/4314/3538 2487/4341/3561
f 2488/4343/3562 2473/4313/3537 2485/4337/3557
f 2487/4341/3561 2473/4314/3538 2488/4344/3563
f 2484/4336/3556 2477/4322/3545 2476/4320/3543
f 2489/4345/3562 2478/4323/3544 2477/4321/3544
f 2490/4347/3565 2477/4322/3545 2484/4336/3556
f 2490/4347/3565 2489/4346/3564 2477/4322/3545
f 2484/4336/3556 2476/4320/3543 2474/4315/3539
f 2491/4349/3567 2479/4325/3547 2478/4323/3544
f 2492/4351/3569 2478/4324/3546 2489/4346/3564
f 2493/4353/3571 2478/4324/3546 2492/4351/3569
f 2494/4355/3572 2491/4349/3567 2478/4323/3544
f 2493/4353/3571 2494/4356/3573 2478/4324/3546
f 2495/4357/3572 2475/4317/3541 2480/4327/3547
f 2496/4359/3575 2485/4337/3557 2475/4317/3541
f 2497/4361/3577 2496/4360/3576 2475/4318/3542
f 2497/4361/3577 2475/4318/3542 2498/4363/3579
f 2499/4365/3580 2475/4317/3541 2500/4367/3580
f 2498/4363/3579 2475/4318/3542 2499/4366/3579
f 2500/4367/3580 2475/4317/3541 2495/4357/3572
f 2501/4369/3580 2480/4327/3547 2479/4325/3547
f 2502/4371/3583 2479/4325/3547 2491/4349/3567
f 2503/4373/3584 2479/4326/3548 2502/4372/3584
f 2504/4375/3586 2479/4326/3548 2503/4373/3584
f 2505/4377/3587 2506/4379/3587 2479/4325/3547
f 2506/4379/3587 2501/4369/3580 2479/4325/3547
f 2504/4375/3586 2505/4378/3588 2479/4326/3548
f 2507/4381/3590 2495/4357/3572 2480/4327/3547
f 2508/4383/3590 2480/4327/3547 2501/4369/3580
f 2509/4385/3593 2507/4381/3590 2480/4327/3547
f 2510/4387/3593 2480/4327/3547 2508/4383/3590
f 2511/4389/3596 2509/4386/3594 2480/4328/3549
f 2511/4389/3596 2480/4328/3549 2512/4391/3598
f 2512/4391/3598 2480/4328/3549 2510/4388/3595
f 2482/4331/3552 2483/4334/3554 2486/4339/3559
f 2484/4335/3555 2482/4332/3551 2513/4393/3597
f 2486/4340/3560 2487/4342/3560 2482/4332/3551
f 2487/4342/3560 2514/4395/3600 2482/4332/3551
f 2514/4395/3600 2515/4397/3600 2482/4332/3551
f 2513/4393/3597 2482/4332/3551 2516/4399/3603
f 2515/4397/3600 2516/4399/3603 2482/4332/3551
f 2490/4348/3566 2484/4335/3555 2492/4352/3570
f 2492/4352/3570 2484/4335/3555 2513/4393/3597
f 2492/4351/3569 2489/4346/3564 2490/4347/3565
f 2517/4401/3605 2488/4344/3563 2485/4338/3558
f 2487/4341/3561 2488/4344/3563 2517/4401/3605
f 2517/4401/3605 2485/4338/3558 2514/4396/3601
f 2514/4396/3601 2485/4338/3558 2496/4360/3576
f 2517/4402/3606 2514/4395/3600 2487/4342/3560
f 2493/4354/3570 2492/4352/3570 2513/4393/3597
f 2513/4394/3599 2491/4350/3568 2494/4356/3573
f 2518/4403/3607 2491/4350/3568 2513/4394/3599
f 2518/4403/3607 2502/4372/3584 2491/4350/3568
f 2513/4394/3599 2494/4356/3573 2493/4353/3571
f 2514/4396/3601 2496/4360/3576 2497/4361/3577
f 2497/4362/3578 2498/4364/3578 2514/4395/3600
f 2498/4364/3578 2515/4397/3600 2514/4395/3600
f 2518/4404/3606 2513/4393/3597 2503/4374/3585
f 2503/4374/3585 2513/4393/3597 2519/4405/3606
f 2519/4405/3606 2513/4393/3597 2516/4399/3603
f 2503/4373/3584 2502/4372/3584 2518/4403/3607
f 2520/4407/3609 2499/4366/3579 2500/4368/3581
f 2498/4363/3579 2499/4366/3579 2520/4407/3609
f 2521/4409/3611 2500/4367/3580 2495/4357/3572
f 2520/4407/3609 2500/4368/3581 2515/4398/3602
f 2515/4398/3602 2500/4368/3581 2521/4410/3612
f 2520/4408/3610 2515/4397/3600 2498/4364/3578
f 2522/4411/3613 2521/4410/3612 2495/4358/3574
f 2522/4411/3613 2495/4358/3574 2523/4413/3615
f 2524/4415/3616 2495/4357/3572 2507/4381/3590
f 2523/4413/3615 2495/4358/3574 2524/4416/3617
f 2504/4376/3585 2503/4374/3585 2519/4405/3606
f 2519/4406/3608 2506/4380/3589 2505/4378/3588
f 2525/4417/3616 2501/4369/3580 2506/4379/3587
f 2526/4419/3619 2506/4380/3589 2519/4406/3608
f 2526/4419/3619 2525/4418/3618 2506/4380/3589
f 2519/4406/3608 2505/4378/3588 2504/4375/3586
f 2527/4421/3621 2501/4370/3582 2525/4418/3618
f 2528/4423/3622 2501/4370/3582 2527/4421/3621
f 2529/4425/3624 2508/4383/3590 2501/4369/3580
f 2528/4423/3622 2529/4426/3625 2501/4370/3582
f 2515/4398/3602 2521/4410/3612 2522/4411/3613
f 2522/4412/3614 2523/4414/3614 2515/4397/3600
f 2523/4414/3614 2530/4427/3626 2515/4397/3600
f 2530/4427/3626 2516/4399/3603 2515/4397/3600
f 2526/4420/3620 2519/4405/3606 2527/4422/3620
f 2527/4422/3620 2519/4405/3606 2516/4399/3603
f 2527/4421/3621 2525/4418/3618 2526/4419/3619
f 2531/4429/3628 2524/4416/3617 2507/4382/3591
f 2523/4413/3615 2524/4416/3617 2531/4429/3628
f 2531/4429/3628 2507/4382/3591 2530/4428/3627
f 2530/4428/3627 2507/4382/3591 2509/4386/3594
f 2531/4430/3629 2530/4427/3626 2523/4414/3614
f 2528/4424/3623 2527/4422/3620 2516/4399/3603
f 2516/4400/3604 2508/4384/3592 2529/4426/3625
f 2532/4431/3630 2508/4384/3592 2516/4400/3604
f 2532/4431/3630 2510/4388/3595 2508/4384/3592
f 2516/4400/3604 2529/4426/3625 2528/4423/3622
f 2530/4428/3627 2509/4386/3594 2511/4389/3596
f 2512/4392/3597 2516/4399/3603 2530/4427/3626
f 2511/4390/3597 2512/4392/3597 2530/4427/3626
f 2532/4432/3629 2516/4399/3603 2512/4392/3597
f 2512/4391/3598 2510/4388/3595 2532/4431/3630
f 2533/4433/3631 2534/4435/3631 2535/4437/3634
f 2536/4439/3636 2534/4436/3633 2533/4434/3632
f 2535/4437/3634 2534/4435/3631 2537/4441/3638
f 2538/4443/3640 2534/4436/3633 2536/4439/3636
f 2537/4441/3638 2534/4435/3631 2539/4445/3642
f 2540/4447/3642 2541/4449/3645 2534/4435/3631
f 2541/4449/3645 2542/4451/3645 2534/4435/3631
f 2538/4443/3640 2540/4448/3644 2534/4436/3633
f 2542/4451/3645 2543/4453/3648 2534/4435/3631
f 2539/4445/3642 2534/4435/3631 2544/4455/3648
f 2543/4453/3648 2544/4455/3648 2534/4435/3631
f 2545/4457/3651 2533/4434/3632 2535/4438/3635
f 2536/4439/3636 2533/4434/3632 2545/4457/3651
f 2545/4457/3651 2535/4438/3635 2546/4459/3653
f 2547/4461/3654 2535/4437/3634 2537/4441/3638
f 2546/4459/3653 2535/4438/3635 2547/4462/3655
f 2545/4458/3652 2546/4460/3652 2536/4440/3637
f 2538/4444/3641 2536/4440/3637 2548/4463/3656
f 2536/4440/3637 2546/4460/3652 2548/4463/3656
f 2549/4465/3658 2537/4441/3638 2539/4445/3642
f 2550/4467/3660 2547/4462/3655 2537/4442/3639
f 2550/4467/3660 2537/4442/3639 2551/4469/3662
f 2552/4471/3663 2537/4441/3638 2549/4465/3658
f 2551/4469/3662 2537/4442/3639 2552/4472/3664
f 2548/4464/3657 2541/4450/3646 2540/4448/3644
f 2553/4473/3663 2542/4451/3645 2541/4449/3645
f 2554/4475/3666 2541/4450/3646 2548/4464/3657
f 2554/4475/3666 2553/4474/3665 2541/4450/3646
f 2548/4464/3657 2540/4448/3644 2538/4443/3640
f 2555/4477/3668 2543/4453/3648 2542/4451/3645
f 2556/4479/3670 2542/4452/3647 2553/4474/3665
f 2557/4481/3672 2542/4452/3647 2556/4479/3670
f 2558/4483/3673 2555/4477/3668 2542/4451/3645
f 2557/4481/3672 2558/4484/3674 2542/4452/3647
f 2559/4485/3673 2539/4445/3642 2544/4455/3648
f 2560/4487/3676 2549/4465/3658 2539/4445/3642
f 2561/4489/3678 2560/4488/3677 2539/4446/3643
f 2561/4489/3678 2539/4446/3643 2562/4491/3680
f 2563/4493/3681 2539/4445/3642 2564/4495/3681
f 2562/4491/3680 2539/4446/3643 2563/4494/3680
f 2564/4495/3681 2539/4445/3642 2559/4485/3673
f 2565/4497/3681 2544/4455/3648 2543/4453/3648
f 2566/4499/3684 2543/4453/3648 2555/4477/3668
f 2567/4501/3685 2543/4454/3649 2566/4500/3685
f 2568/4503/3687 2543/4454/3649 2567/4501/3685
f 2569/4505/3688 2570/4507/3688 2543/4453/3648
f 2570/4507/3688 2565/4497/3681 2543/4453/3648
f 2568/4503/3687 2569/4506/3689 2543/4454/3649
f 2571/4509/3691 2559/4485/3673 2544/4455/3648
f 2572/4511/3691 2544/4455/3648 2565/4497/3681
f 2573/4513/3694 2571/4509/3691 2544/4455/3648
f 2574/4515/3694 2544/4455/3648 2572/4511/3691
f 2575/4517/3697 2573/4514/3695 2544/4456/3650
f 2575/4517/3697 2544/4456/3650 2576/4519/3699
f 2576/4519/3699 2544/4456/3650 2574/4516/3696
f 2546/4459/3653 2547/4462/3655 2550/4467/3660
f 2548/4463/3656 2546/4460/3652 2577/4521/3698
f 2550/4468/3661 2551/4470/3661 2546/4460/3652
f 2551/4470/3661 2578/4523/3701 2546/4460/3652
f 2578/4523/3701 2579/4525/3701 2546/4460/3652
f 2577/4521/3698 2546/4460/3652 2580/4527/3704
f 2579/4525/3701 2580/4527/3704 2546/4460/3652
f 2554/4476/3667 2548/4463/3656 2556/4480/3671
f 2556/4480/3671 2548/4463/3656 2577/4521/3698
f 2556/4479/3670 2553/4474/3665 2554/4475/3666
f 2581/4529/3706 2552/4472/3664 2549/4466/3659
f 2551/4469/3662 2552/4472/3664 2581/4529/3706
f 2581/4529/3706 2549/4466/3659 2578/4524/3702
f 2578/4524/3702 2549/4466/3659 2560/4488/3677
f 2581/4530/3707 2578/4523/3701 2551/4470/3661
f 2557/4482/3671 2556/4480/3671 2577/4521/3698
f 2577/4522/3700 2555/4478/3669 2558/4484/3674
f 2582/4531/3708 2555/4478/3669 2577/4522/3700
f 2582/4531/3708 2566/4500/3685 2555/4478/3669
f 2577/4522/3700 2558/4484/3674 2557/4481/3672
f 2578/4524/3702 2560/4488/3677 2561/4489/3678
f 2561/4490/3679 2562/4492/3679 2578/4523/3701
f 2562/4492/3679 2579/4525/3701 2578/4523/3701
f 2582/4532/3707 2577/4521/3698 2567/4502/3686
f 2567/4502/3686 2577/4521/3698 2583/4533/3707
f 2583/4533/3707 2577/4521/3698 2580/4527/3704
f 2567/4501/3685 2566/4500/3685 2582/4531/3708
f 2584/4535/3710 2563/4494/3680 2564/4496/3682
f 2562/4491/3680 2563/4494/3680 2584/4535/3710
f 2585/4537/3712 2564/4495/3681 2559/4485/3673
f 2584/4535/3710 2564/4496/3682 2579/4526/3703
f 2579/4526/3703 2564/4496/3682 2585/4538/3713
f 2584/4536/3711 2579/4525/3701 2562/4492/3679
f 2586/4539/3714 2585/4538/3713 2559/4486/3675
f 2586/4539/3714 2559/4486/3675 2587/4541/3716
f 2588/4543/3717 2559/4485/3673 2571/4509/3691
f 2587/4541/3716 2559/4486/3675 2588/4544/3718
f 2568/4504/3686 2567/4502/3686 2583/4533/3707
f 2583/4534/3709 2570/4508/3690 2569/4506/3689
f 2589/4545/3717 2565/4497/3681 2570/4507/3688
f 2590/4547/3720 2570/4508/3690 2583/4534/3709
f 2590/4547/3720 2589/4546/3719 2570/4508/3690
f 2583/4534/3709 2569/4506/3689 2568/4503/3687
f 2591/4549/3722 2565/4498/3683 2589/4546/3719
f 2592/4551/3723 2565/4498/3683 2591/4549/3722
f 2593/4553/3725 2572/4511/3691 2565/4497/3681
f 2592/4551/3723 2593/4554/3726 2565/4498/3683
f 2579/4526/3703 2585/4538/3713 2586/4539/3714
f 2586/4540/3715 2587/4542/3715 2579/4525/3701
f 2587/4542/3715 2594/4555/3727 2579/4525/3701
f 2594/4555/3727 2580/4527/3704 2579/4525/3701
f 2590/4548/3721 2583/4533/3707 2591/4550/3721
f 2591/4550/3721 2583/4533/3707 2580/4527/3704
f 2591/4549/3722 2589/4546/3719 2590/4547/3720
f 2595/4557/3729 2588/4544/3718 2571/4510/3692
f 2587/4541/3716 2588/4544/3718 2595/4557/3729
f 2595/4557/3729 2571/4510/3692 2594/4556/3728
f 2594/4556/3728 2571/4510/3692 2573/4514/3695
f 2595/4558/3730 2594/4555/3727 2587/4542/3715
f 2592/4552/3724 2591/4550/3721 2580/4527/3704
f 2580/4528/3705 2572/4512/3693 2593/4554/3726
f 2596/4559/3731 2572/4512/3693 2580/4528/3705
f 2596/4559/3731 2574/4516/3696 2572/4512/3693
f 2580/4528/3705 2593/4554/3726 2592/4551/3723
f 2594/4556/3728 2573/4514/3695 2575/4517/3697
f 2576/4520/3698 2580/4527/3704 2594/4555/3727
f 2575/4518/3698 2576/4520/3698 2594/4555/3727
f 2596/4560/3730 2580/4527/3704 2576/4520/3698
f 2576/4519/3699 2574/4516/3696 2596/4559/3731
f 2597/4561/3732 2598/4563/3732 2599/4565/3735
f 2600/4567/3737 2598/4564/3734 2597/4562/3733
f 2599/4565/3735 2598/4563/3732 2601/4569/3739
f 2602/4571/3741 2598/4564/3734 2600/4567/3737
f 2601/4569/3739 2598/4563/3732 2603/4573/3743
f 2604/4575/3743 2605/4577/3746 2598/4563/3732
f 2605/4577/3746 2606/4579/3746 2598/4563/3732
f 2602/4571/3741 2604/4576/3745 2598/4564/3734
f 2606/4579/3746 2607/4581/3749 2598/4563/3732
f 2603/4573/3743 2598/4563/3732 2608/4583/3749
f 2607/4581/3749 2608/4583/3749 2598/4563/3732
f 2609/4585/3752 2597/4562/3733 2599/4566/3736
f 2600/4567/3737 2597/4562/3733 2609/4585/3752
f 2609/4585/3752 2599/4566/3736 2610/4587/3754
f 2611/4589/3755 2599/4565/3735 2601/4569/3739
f 2610/4587/3754 2599/4566/3736 2611/4590/3756
f 2609/4586/3753 2610/4588/3753 2600/4568/3738
f 2602/4572/3742 2600/4568/3738 2612/4591/3757
f 2600/4568/3738 2610/4588/3753 2612/4591/3757
f 2613/4593/3759 2601/4569/3739 2603/4573/3743
f 2614/4595/3761 2611/4590/3756 2601/4570/3740
f 2614/4595/3761 2601/4570/3740 2615/4597/3763
f 2616/4599/3764 2601/4569/3739 2613/4593/3759
f 2615/4597/3763 2601/4570/3740 2616/4600/3765
f 2612/4592/3758 2605/4578/3747 2604/4576/3745
f 2617/4601/3764 2606/4579/3746 2605/4577/3746
f 2618/4603/3767 2605/4578/3747 2612/4592/3758
f 2618/4603/3767 2617/4602/3766 2605/4578/3747
f 2612/4592/3758 2604/4576/3745 2602/4571/3741
f 2619/4605/3769 2607/4581/3749 2606/4579/3746
f 2620/4607/3771 2606/4580/3748 2617/4602/3766
f 2621/4609/3773 2606/4580/3748 2620/4607/3771
f 2622/4611/3774 2619/4605/3769 2606/4579/3746
f 2621/4609/3773 2622/4612/3775 2606/4580/3748
f 2623/4613/3774 2603/4573/3743 2608/4583/3749
f 2624/4615/3777 2613/4593/3759 2603/4573/3743
f 2625/4617/3779 2624/4616/3778 2603/4574/3744
f 2625/4617/3779 2603/4574/3744 2626/4619/3781
f 2627/4621/3782 2603/4573/3743 2628/4623/3782
f 2626/4619/3781 2603/4574/3744 2627/4622/3781
f 2628/4623/3782 2603/4573/3743 2623/4613/3774
f 2629/4625/3782 2608/4583/3749 2607/4581/3749
f 2630/4627/3785 2607/4581/3749 2619/4605/3769
f 2631/4629/3786 2607/4582/3750 2630/4628/3786
f 2632/4631/3788 2607/4582/3750 2631/4629/3786
f 2633/4633/3789 2634/4635/3789 2607/4581/3749
f 2634/4635/3789 2629/4625/3782 2607/4581/3749
f 2632/4631/3788 2633/4634/3790 2607/4582/3750
f 2635/4637/3792 2623/4613/3774 2608/4583/3749
f 2636/4639/3792 2608/4583/3749 2629/4625/3782
f 2637/4641/3795 2635/4637/3792 2608/4583/3749
f 2638/4643/3795 2608/4583/3749 2636/4639/3792
f 2639/4645/3798 2637/4642/3796 2608/4584/3751
f 2639/4645/3798 2608/4584/3751 2640/4647/3800
f 2640/4647/3800 2608/4584/3751 2638/4644/3797
f 2610/4587/3754 2611/4590/3756 2614/4595/3761
f 2612/4591/3757 2610/4588/3753 2641/4649/3799
f 2614/4596/3762 2615/4598/3762 2610/4588/3753
f 2615/4598/3762 2642/4651/3802 2610/4588/3753
f 2642/4651/3802 2643/4653/3802 2610/4588/3753
f 2641/4649/3799 2610/4588/3753 2644/4655/3805
f 2643/4653/3802 2644/4655/3805 2610/4588/3753
f 2618/4604/3768 2612/4591/3757 2620/4608/3772
f 2620/4608/3772 2612/4591/3757 2641/4649/3799
f 2620/4607/3771 2617/4602/3766 2618/4603/3767
f 2645/4657/3807 2616/4600/3765 2613/4594/3760
f 2615/4597/3763 2616/4600/3765 2645/4657/3807
f 2645/4657/3807 2613/4594/3760 2642/4652/3803
f 2642/4652/3803 2613/4594/3760 2624/4616/3778
f 2645/4658/3808 2642/4651/3802 2615/4598/3762
f 2621/4610/3772 2620/4608/3772 2641/4649/3799
f 2641/4650/3801 2619/4606/3770 2622/4612/3775
f 2646/4659/3809 2619/4606/3770 2641/4650/3801
f 2646/4659/3809 2630/4628/3786 2619/4606/3770
f 2641/4650/3801 2622/4612/3775 2621/4609/3773
f 2642/4652/3803 2624/4616/3778 2625/4617/3779
f 2625/4618/3780 2626/4620/3780 2642/4651/3802
f 2626/4620/3780 2643/4653/3802 2642/4651/3802
f 2646/4660/3808 2641/4649/3799 2631/4630/3787
f 2631/4630/3787 2641/4649/3799 2647/4661/3808
f 2647/4661/3808 2641/4649/3799 2644/4655/3805
f 2631/4629/3786 2630/4628/3786 2646/4659/3809
f 2648/4663/3811 2627/4622/3781 2628/4624/3783
f 2626/4619/3781 2627/4622/3781 2648/4663/3811
f 2649/4665/3813 2628/4623/3782 2623/4613/3774
f 2648/4663/3811 2628/4624/3783 2643/4654/3804
f 2643/4654/3804 2628/4624/3783 2649/4666/3814
f 2648/4664/3812 2643/4653/3802 2626/4620/3780
f 2650/4667/3815 2649/4666/3814 2623/4614/3776
f 2650/4667/3815 2623/4614/3776 2651/4669/3817
f 2652/4671/3818 2623/4613/3774 2635/4637/3792
f 2651/4669/3817 2623/4614/3776 2652/4672/3819
f 2632/4632/3787 2631/4630/3787 2647/4661/3808
f 2647/4662/3810 2634/4636/3791 2633/4634/3790
f 2653/4673/3818 2629/4625/3782 2634/4635/3789
f 2654/4675/3821 2634/4636/3791 2647/4662/3810
f 2654/4675/3821 2653/4674/3820 2634/4636/3791
f 2647/4662/3810 2633/4634/3790 2632/4631/3788
f 2655/4677/3823 2629/4626/3784 2653/4674/3820
f 2656/4679/3824 2629/4626/3784 2655/4677/3823
f 2657/4681/3826 2636/4639/3792 2629/4625/3782
f 2656/4679/3824 2657/4682/3827 2629/4626/3784
f 2643/4654/3804 2649/4666/3814 2650/4667/3815
f 2650/4668/3816 2651/4670/3816 2643/4653/3802
f 2651/4670/3816 2658/4683/3828 2643/4653/3802
f 2658/4683/3828 2644/4655/3805 2643/4653/3802
f 2654/4676/3822 2647/4661/3808 2655/4678/3822
f 2655/4678/3822 2647/4661/3808 2644/4655/3805
f 2655/4677/3823 2653/4674/3820 2654/4675/3821
f 2659/4685/3830 2652/4672/3819 2635/4638/3793
f 2651/4669/3817 2652/4672/3819 2659/4685/3830
f 2659/4685/3830 2635/4638/3793 2658/4684/3829
f 2658/4684/3829 2635/4638/3793 2637/4642/3796
f 2659/4686/3831 2658/4683/3828 2651/4670/3816
f 2656/4680/3825 2655/4678/3822 2644/4655/3805
f 2644/4656/3806 2636/4640/3794 2657/4682/3827
f 2660/4687/3832 2636/4640/3794 2644/4656/3806
f 2660/4687/3832 2638/4644/3797 2636/4640/3794
f 2644/4656/3806 2657/4682/3827 2656/4679/3824
f 2658/4684/3829 2637/4642/3796 2639/4645/3798
f 2640/4648/3799 2644/4655/3805 2658/4683/3828
f 2639/4646/3799 2640/4648/3799 2658/4683/3828
f 2660/4688/3831 2644/4655/3805 2640/4648/3799
f 2640/4647/3800 2638/4644/3797 2660/4687/3832
f 2661/4689/3833 2662/4691/3833 2663/4693/3836
f 2664/4695/3838 2662/4692/3835 2661/4690/3834
f 2663/4693/3836 2662/4691/3833 2665/4697/3840
f 2666/4699/3842 2662/4692/3835 2664/4695/3838
f 2665/4697/3840 2662/4691/3833 2667/4701/3844
f 2668/4703/3844 2669/4705/3847 2662/4691/3833
f 2669/4705/3847 2670/4707/3847 2662/4691/3833
f 2666/4699/3842 2668/4704/3846 2662/4692/3835
f 2670/4707/3847 2671/4709/3850 2662/4691/3833
f 2667/4701/3844 2662/4691/3833 2672/4711/3850
f 2671/4709/3850 2672/4711/3850 2662/4691/3833
f 2673/4713/3853 2661/4690/3834 2663/4694/3837
f 2664/4695/3838 2661/4690/3834 2673/4713/3853
f 2673/4713/3853 2663/4694/3837 2674/4715/3855
f 2675/4717/3856 2663/4693/3836 2665/4697/3840
f 2674/4715/3855 2663/4694/3837 2675/4718/3855
f 2673/4714/3854 2674/4716/3854 2664/4696/3839
f 2666/4700/3843 2664/4696/3839 2676/4719/3857
f 2664/4696/3839 2674/4716/3854 2676/4719/3857
f 2677/4721/3859 2665/4697/3840 2667/4701/3844
f 2678/4723/3861 2675/4718/3855 2665/4698/3841
f 2678/4723/3861 2665/4698/3841 2679/4725/3863
f 2680/4727/3864 2665/4697/3840 2677/4721/3859
f 2679/4725/3863 2665/4698/3841 2680/4728/3863
f 2676/4720/3858 2669/4706/3848 2668/4704/3846
f 2681/4729/3864 2670/4707/3847 2669/4705/3847
f 2682/4731/3866 2669/4706/3848 2676/4720/3858
f 2682/4731/3866 2681/4730/3865 2669/4706/3848
f 2676/4720/3858 2668/4704/3846 2666/4699/3842
f 2683/4733/3868 2671/4709/3850 2670/4707/3847
f 2684/4735/3870 2670/4708/3849 2681/4730/3865
f 2685/4737/3872 2670/4708/3849 2684/4735/3870
f 2686/4739/3873 2683/4733/3868 2670/4707/3847
f 2685/4737/3872 2686/4740/3874 2670/4708/3849
f 2687/4741/3873 2667/4701/3844 2672/4711/3850
f 2688/4743/3876 2677/4721/3859 2667/4701/3844
f 2689/4745/3878 2688/4744/3877 2667/4702/3845
f 2689/4745/3878 2667/4702/3845 2690/4747/3880
f 2691/4749/3881 2667/4701/3844 2692/4751/3881
f 2690/4747/3880 2667/4702/3845 2691/4750/3880
f 2692/4751/3881 2667/4701/3844 2687/4741/3873
f 2693/4753/3881 2672/4711/3850 2671/4709/3850
f 2694/4755/3884 2671/4709/3850 2683/4733/3868
f 2695/4757/3885 2671/4710/3851 2694/4756/3885
f 2696/4759/3887 2671/4710/3851 2695/4757/3885
f 2697/4761/3888 2698/4763/3888 2671/4709/3850
f 2698/4763/3888 2693/4753/3881 2671/4709/3850
f 2696/4759/3887 2697/4762/3889 2671/4710/3851
f 2699/4765/3891 2687/4741/3873 2672/4711/3850
f 2700/4767/3891 2672/4711/3850 2693/4753/3881
f 2701/4769/3894 2699/4765/3891 2672/4711/3850
f 2702/4771/3894 2672/4711/3850 2700/4767/3891
f 2703/4773/3897 2701/4770/3895 2672/4712/3852
f 2703/4773/3897 2672/4712/3852 2704/4775/3899
f 2704/4775/3899 2672/4712/3852 2702/4772/3896
f 2674/4715/3855 2675/4718/3855 2678/4723/3861
f 2676/4719/3857 2674/4716/3854 2705/4777/3898
f 2678/4724/3862 2679/4726/3862 2674/4716/3854
f 2679/4726/3862 2706/4779/3901 2674/4716/3854
f 2706/4779/3901 2707/4781/3901 2674/4716/3854
f 2705/4777/3898 2674/4716/3854 2708/4783/3904
f 2707/4781/3901 2708/4783/3904 2674/4716/3854
f 2682/4732/3867 2676/4719/3857 2684/4736/3871
f 2684/4736/3871 2676/4719/3857 2705/4777/3898
f 2684/4735/3870 2681/4730/3865 2682/4731/3866
f 2709/4785/3906 2680/4728/3863 2677/4722/3860
f 2679/4725/3863 2680/4728/3863 2709/4785/3906
f 2709/4785/3906 2677/4722/3860 2706/4780/3902
f 2706/4780/3902 2677/4722/3860 2688/4744/3877
f 2709/4786/3907 2706/4779/3901 2679/4726/3862
f 2685/4738/3871 2684/4736/3871 2705/4777/3898
f 2705/4778/3900 2683/4734/3869 2686/4740/3874
f 2710/4787/3908 2683/4734/3869 2705/4778/3900
f 2710/4787/3908 2694/4756/3885 2683/4734/3869
f 2705/4778/3900 2686/4740/3874 2685/4737/3872
f 2706/4780/3902 2688/4744/3877 2689/4745/3878
f 2689/4746/3879 2690/4748/3879 2706/4779/3901
f 2690/4748/3879 2707/4781/3901 2706/4779/3901
f 2710/4788/3907 2705/4777/3898 2695/4758/3886
f 2695/4758/3886 2705/4777/3898 2711/4789/3907
f 2711/4789/3907 2705/4777/3898 2708/4783/3904
f 2695/4757/3885 2694/4756/3885 2710/4787/3908
f 2712/4791/3910 2691/4750/3880 2692/4752/3882
f 2690/4747/3880 2691/4750/3880 2712/4791/3910
f 2713/4793/3912 2692/4751/3881 2687/4741/3873
f 2712/4791/3910 2692/4752/3882 2707/4782/3903
f 2707/4782/3903 2692/4752/3882 2713/4794/3913
f 2712/4792/3911 2707/4781/3901 2690/4748/3879
f 2714/4795/3914 2713/4794/3913 2687/4742/3875
f 2714/4795/3914 2687/4742/3875 2715/4797/3916
f 2716/4799/3917 2687/4741/3873 2699/4765/3891
f 2715/4797/3916 2687/4742/3875 2716/4800/3916
f 2696/4760/3886 2695/4758/3886 2711/4789/3907
f 2711/4790/3909 2698/4764/3890 2697/4762/3889
f 2717/4801/3917 2693/4753/3881 2698/4763/3888
f 2718/4803/3919 2698/4764/3890 2711/4790/3909
f 2718/4803/3919 2717/4802/3918 2698/4764/3890
f 2711/4790/3909 2697/4762/3889 2696/4759/3887
f 2719/4805/3921 2693/4754/3883 2717/4802/3918
f 2720/4807/3922 2693/4754/3883 2719/4805/3921
f 2721/4809/3924 2700/4767/3891 2693/4753/3881
f 2720/4807/3922 2721/4810/3925 2693/4754/3883
f 2707/4782/3903 2713/4794/3913 2714/4795/3914
f 2714/4796/3915 2715/4798/3915 2707/4781/3901
f 2715/4798/3915 2722/4811/3926 2707/4781/3901
f 2722/4811/3926 2708/4783/3904 2707/4781/3901
f 2718/4804/3920 2711/4789/3907 2719/4806/3920
f 2719/4806/3920 2711/4789/3907 2708/4783/3904
f 2719/4805/3921 2717/4802/3918 2718/4803/3919
f 2723/4813/3928 2716/4800/3916 2699/4766/3892
f 2715/4797/3916 2716/4800/3916 2723/4813/3928
f 2723/4813/3928 2699/4766/3892 2722/4812/3927
f 2722/4812/3927 2699/4766/3892 2701/4770/3895
f 2723/4814/3929 2722/4811/3926 2715/4798/3915
f 2720/4808/3923 2719/4806/3920 2708/4783/3904
f 2708/4784/3905 2700/4768/3893 2721/4810/3925
f 2724/4815/3930 2700/4768/3893 2708/4784/3905
f 2724/4815/3930 2702/4772/3896 2700/4768/3893
f 2708/4784/3905 2721/4810/3925 2720/4807/3922
f 2722/4812/3927 2701/4770/3895 2703/4773/3897
f 2704/4776/3898 2708/4783/3904 2722/4811/3926
f 2703/4774/3898 2704/4776/3898 2722/4811/3926
f 2724/4816/3929 2708/4783/3904 2704/4776/3898
f 2704/4775/3899 2702/4772/3896 2724/4815/3930
f 2725/4817/3931 2726/4819/3931 2727/4821/3934
f 2728/4823/3936 2726/4820/3933 2725/4818/3932
f 2727/4821/3934 2726/4819/3931 2729/4825/3938
f 2730/4827/3940 2726/4820/3933 2728/4823/3936
f 2729/4825/3938 2726/4819/3931 2731/4829/3942
f 2732/4831/3942 2733/4833/3945 2726/4819/3931
f 2733/4833/3945 2734/4835/3945 2726/4819/3931
f 2730/4827/3940 2732/4832/3944 2726/4820/3933
f 2734/4835/3945 2735/4837/3948 2726/4819/3931
f 2731/4829/3942 2726/4819/3931 2736/4839/3948
f 2735/4837/3948 2736/4839/3948 2726/4819/3931
f 2737/4841/3951 2725/4818/3932 2727/4822/3935
f 2728/4823/3936 2725/4818/3932 2737/4841/3951
f 2737/4841/3951 2727/4822/3935 2738/4843/3953
f 2739/4845/3954 2727/4821/3934 2729/4825/3938
f 2738/4843/3953 2727/4822/3935 2739/4846/3955
f 2737/4842/3952 2738/4844/3952 2728/4824/3937
f 2730/4828/3941 2728/4824/3937 2740/4847/3956
f 2728/4824/3937 2738/4844/3952 2740/4847/3956
f 2741/4849/3958 2729/4825/3938 2731/4829/3942
f 2742/4851/3960 2739/4846/3955 2729/4826/3939
f 2742/4851/3960 2729/4826/3939 2743/4853/3962
f 2744/4855/3963 2729/4825/3938 2741/4849/3958
f 2743/4853/3962 2729/4826/3939 2744/4856/3964
f 2740/4848/3957 2733/4834/3946 2732/4832/3944
f 2745/4857/3963 2734/4835/3945 2733/4833/3945
f 2746/4859/3966 2733/4834/3946 2740/4848/3957
f 2746/4859/3966 2745/4858/3965 2733/4834/3946
f 2740/4848/3957 2732/4832/3944 2730/4827/3940
f 2747/4861/3968 2735/4837/3948 2734/4835/3945
f 2748/4863/3970 2734/4836/3947 2745/4858/3965
f 2749/4865/3972 2734/4836/3947 2748/4863/3970
f 2750/4867/3973 2747/4861/3968 2734/4835/3945
f 2749/4865/3972 2750/4868/3974 2734/4836/3947
f 2751/4869/3973 2731/4829/3942 2736/4839/3948
f 2752/4871/3976 2741/4849/3958 2731/4829/3942
f 2753/4873/3978 2752/4872/3977 2731/4830/3943
f 2753/4873/3978 2731/4830/3943 2754/4875/3980
f 2755/4877/3981 2731/4829/3942 2756/4879/3981
f 2754/4875/3980 2731/4830/3943 2755/4878/3980
f 2756/4879/3981 2731/4829/3942 2751/4869/3973
f 2757/4881/3981 2736/4839/3948 2735/4837/3948
f 2758/4883/3984 2735/4837/3948 2747/4861/3968
f 2759/4885/3985 2735/4838/3949 2758/4884/3985
f 2760/4887/3987 2735/4838/3949 2759/4885/3985
f 2761/4889/3988 2762/4891/3988 2735/4837/3948
f 2762/4891/3988 2757/4881/3981 2735/4837/3948
f 2760/4887/3987 2761/4890/3989 2735/4838/3949
f 2763/4893/3991 2751/4869/3973 2736/4839/3948
f 2764/4895/3991 2736/4839/3948 2757/4881/3981
f 2765/4897/3994 2763/4893/3991 2736/4839/3948
f 2766/4899/3994 2736/4839/3948 2764/4895/3991
f 2767/4901/3997 2765/4898/3995 2736/4840/3950
f 2767/4901/3997 2736/4840/3950 2768/4903/3999
f 2768/4903/3999 2736/4840/3950 2766/4900/3996
f 2738/4843/3953 2739/4846/3955 2742/4851/3960
f 2740/4847/3956 2738/4844/3952 2769/4905/3998
f 2742/4852/3961 2743/4854/3961 2738/4844/3952
f 2743/4854/3961 2770/4907/4001 2738/4844/3952
f 2770/4907/4001 2771/4909/4001 2738/4844/3952
f 2769/4905/3998 2738/4844/3952 2772/4911/4004
f 2771/4909/4001 2772/4911/4004 2738/4844/3952
f 2746/4860/3967 2740/4847/3956 2748/4864/3971
f 2748/4864/3971 2740/4847/3956 2769/4905/3998
f 2748/4863/3970 2745/4858/3965 2746/4859/3966
f 2773/4913/4006 2744/4856/3964 2741/4850/3959
f 2743/4853/3962 2744/4856/3964 2773/4913/4006
f 2773/4913/4006 2741/4850/3959 2770/4908/4002
f 2770/4908/4002 2741/4850/3959 2752/4872/3977
f 2773/4914/4007 2770/4907/4001 2743/4854/3961
f 2749/4866/3971 2748/4864/3971 2769/4905/3998
f 2769/4906/4000 2747/4862/3969 2750/4868/3974
f 2774/4915/4008 2747/4862/3969 2769/4906/4000
f 2774/4915/4008 2758/4884/3985 2747/4862/3969
f 2769/4906/4000 2750/4868/3974 2749/4865/3972
f 2770/4908/4002 2752/4872/3977 2753/4873/3978
f 2753/4874/3979 2754/4876/3979 2770/4907/4001
f 2754/4876/3979 2771/4909/4001 2770/4907/4001
f 2774/4916/4007 2769/4905/3998 2759/4886/3986
f 2759/4886/3986 2769/4905/3998 2775/4917/4007
f 2775/4917/4007 2769/4905/3998 2772/4911/4004
f 2759/4885/3985 2758/4884/3985 2774/4915/4008
f 2776/4919/4010 2755/4878/3980 2756/4880/3982
f 2754/4875/3980 2755/4878/3980 2776/4919/4010
f 2777/4921/4012 2756/4879/3981 2751/4869/3973
f 2776/4919/4010 2756/4880/3982 2771/4910/4003
f 2771/4910/4003 2756/4880/3982 2777/4922/4013
f 2776/4920/4011 2771/4909/4001 2754/4876/3979
f 2778/4923/4014 2777/4922/4013 2751/4870/3975
f 2778/4923/4014 2751/4870/3975 2779/4925/4016
f 2780/4927/4017 2751/4869/3973 2763/4893/3991
f 2779/4925/4016 2751/4870/3975 2780/4928/4018
f 2760/4888/3986 2759/4886/3986 2775/4917/4007
f 2775/4918/4009 2762/4892/3990 2761/4890/3989
f 2781/4929/4017 2757/4881/3981 2762/4891/3988
f 2782/4931/4020 2762/4892/3990 2775/4918/4009
f 2782/4931/4020 2781/4930/4019 2762/4892/3990
f 2775/4918/4009 2761/4890/3989 2760/4887/3987
f 2783/4933/4022 2757/4882/3983 2781/4930/4019
f 2784/4935/4023 2757/4882/3983 2783/4933/4022
f 2785/4937/4025 2764/4895/3991 2757/4881/3981
f 2784/4935/4023 2785/4938/4026 2757/4882/3983
f 2771/4910/4003 2777/4922/4013 2778/4923/4014
f 2778/4924/4015 2779/4926/4015 2771/4909/4001
f 2779/4926/4015 2786/4939/4027 2771/4909/4001
f 2786/4939/4027 2772/4911/4004 2771/4909/4001
f 2782/4932/4021 2775/4917/4007 2783/4934/4021
f 2783/4934/4021 2775/4917/4007 2772/4911/4004
f 2783/4933/4022 2781/4930/4019 2782/4931/4020
f 2787/4941/4029 2780/4928/4018 2763/4894/3992
f 2779/4925/4016 2780/4928/4018 2787/4941/4029
f 2787/4941/4029 2763/4894/3992 2786/4940/4028
f 2786/4940/4028 2763/4894/3992 2765/4898/3995
f 2787/4942/4030 2786/4939/4027 2779/4926/4015
f 2784/4936/4024 2783/4934/4021 2772/4911/4004
f 2772/4912/4005 2764/4896/3993 2785/4938/4026
f 2788/4943/4031 2764/4896/3993 2772/4912/4005
f 2788/4943/4031 2766/4900/3996 2764/4896/3993
f 2772/4912/4005 2785/4938/4026 2784/4935/4023
f 2786/4940/4028 2765/4898/3995 2767/4901/3997
f 2768/4904/3998 2772/4911/4004 2786/4939/4027
f 2767/4902/3998 2768/4904/3998 2786/4939/4027
f 2788/4944/4030 2772/4911/4004 2768/4904/3998
f 2768/4903/3999 2766/4900/3996 2788/4943/4031
f 2789/4945/4032 2790/4947/4032 2791/4949/4035
f 2792/4951/4037 2790/4948/4034 2789/4946/4033
f 2791/4949/4035 2790/4947/4032 2793/4953/4039
f 2794/4955/4041 2790/4948/4034 2792/4951/4037
f 2793/4953/4039 2790/4947/4032 2795/4957/4043
f 2796/4959/4043 2797/4961/4046 2790/4947/4032
f 2797/4961/4046 2798/4963/4046 2790/4947/4032
f 2794/4955/4041 2796/4960/4045 2790/4948/4034
f 2798/4963/4046 2799/4965/4049 2790/4947/4032
f 2795/4957/4043 2790/4947/4032 2800/4967/4049
f 2799/4965/4049 2800/4967/4049 2790/4947/4032
f 2801/4969/4052 2789/4946/4033 2791/4950/4036
f 2792/4951/4037 2789/4946/4033 2801/4969/4052
f 2801/4969/4052 2791/4950/4036 2802/4971/4054
f 2803/4973/4055 2791/4949/4035 2793/4953/4039
f 2802/4971/4054 2791/4950/4036 2803/4974/4056
f 2801/4970/4053 2802/4972/4053 2792/4952/4038
f 2794/4956/4042 2792/4952/4038 2804/4975/4057
f 2792/4952/4038 2802/4972/4053 2804/4975/4057
f 2805/4977/4059 2793/4953/4039 2795/4957/4043
f 2806/4979/4061 2803/4974/4056 2793/4954/4040
f 2806/4979/4061 2793/4954/4040 2807/4981/4063
f 2808/4983/4064 2793/4953/4039 2805/4977/4059
f 2807/4981/4063 2793/4954/4040 2808/4984/4065
f 2804/4976/4058 2797/4962/4047 2796/4960/4045
f 2809/4985/4064 2798/4963/4046 2797/4961/4046
f 2810/4987/4067 2797/4962/4047 2804/4976/4058
f 2810/4987/4067 2809/4986/4066 2797/4962/4047
f 2804/4976/4058 2796/4960/4045 2794/4955/4041
f 2811/4989/4069 2799/4965/4049 2798/4963/4046
f 2812/4991/4071 2798/4964/4048 2809/4986/4066
f 2813/4993/4073 2798/4964/4048 2812/4991/4071
f 2814/4995/4074 2811/4989/4069 2798/4963/4046
f 2813/4993/4073 2814/4996/4075 2798/4964/4048
f 2815/4997/4074 2795/4957/4043 2800/4967/4049
f 2816/4999/4077 2805/4977/4059 2795/4957/4043
f 2817/5001/4079 2816/5000/4078 2795/4958/4044
f 2817/5001/4079 2795/4958/4044 2818/5003/4081
f 2819/5005/4082 2795/4957/4043 2820/5007/4082
f 2818/5003/4081 2795/4958/4044 2819/5006/4081
f 2820/5007/4082 2795/4957/4043 2815/4997/4074
f 2821/5009/4082 2800/4967/4049 2799/4965/4049
f 2822/5011/4085 2799/4965/4049 2811/4989/4069
f 2823/5013/4086 2799/4966/4050 2822/5012/4086
f 2824/5015/4088 2799/4966/4050 2823/5013/4086
f 2825/5017/4089 2826/5019/4089 2799/4965/4049
f 2826/5019/4089 2821/5009/4082 2799/4965/4049
f 2824/5015/4088 2825/5018/4090 2799/4966/4050
f 2827/5021/4092 2815/4997/4074 2800/4967/4049
f 2828/5023/4092 2800/4967/4049 2821/5009/4082
f 2829/5025/4095 2827/5021/4092 2800/4967/4049
f 2830/5027/4095 2800/4967/4049 2828/5023/4092
f 2831/5029/4098 2829/5026/4096 2800/4968/4051
f 2831/5029/4098 2800/4968/4051 2832/5031/4100
f 2832/5031/4100 2800/4968/4051 2830/5028/4097
f 2802/4971/4054 2803/4974/4056 2806/4979/4061
f 2804/4975/4057 2802/4972/4053 2833/5033/4099
f 2806/4980/4062 2807/4982/4062 2802/4972/4053
f 2807/4982/4062 2834/5035/4102 2802/4972/4053
f 2834/5035/4102 2835/5037/4102 2802/4972/4053
f 2833/5033/4099 2802/4972/4053 2836/5039/4105
f 2835/5037/4102 2836/5039/4105 2802/4972/4053
f 2810/4988/4068 2804/4975/4057 2812/4992/4072
f 2812/4992/4072 2804/4975/4057 2833/5033/4099
f 2812/4991/4071 2809/4986/4066 2810/4987/4067
f 2837/5041/4107 2808/4984/4065 2805/4978/4060
f 2807/4981/4063 2808/4984/4065 2837/5041/4107
f 2837/5041/4107 2805/4978/4060 2834/5036/4103
f 2834/5036/4103 2805/4978/4060 2816/5000/4078
f 2837/5042/4108 2834/5035/4102 2807/4982/4062
f 2813/4994/4072 2812/4992/4072 2833/5033/4099
f 2833/5034/4101 2811/4990/4070 2814/4996/4075
f 2838/5043/4109 2811/4990/4070 2833/5034/4101
f 2838/5043/4109 2822/5012/4086 2811/4990/4070
f 2833/5034/4101 2814/4996/4075 2813/4993/4073
f 2834/5036/4103 2816/5000/4078 2817/5001/4079
f 2817/5002/4080 2818/5004/4080 2834/5035/4102
f 2818/5004/4080 2835/5037/4102 2834/5035/4102
f 2838/5044/4108 2833/5033/4099 2823/5014/4087
f 2823/5014/4087 2833/5033/4099 2839/5045/4108
f 2839/5045/4108 2833/5033/4099 2836/5039/4105
f 2823/5013/4086 2822/5012/4086 2838/5043/4109
f 2840/5047/4111 2819/5006/4081 2820/5008/4083
f 2818/5003/4081 2819/5006/4081 2840/5047/4111
f 2841/5049/4113 2820/5007/4082 2815/4997/4074
f 2840/5047/4111 2820/5008/4083 2835/5038/4104
f 2835/5038/4104 2820/5008/4083 2841/5050/4114
f 2840/5048/4112 2835/5037/4102 2818/5004/4080
f 2842/5051/4115 2841/5050/4114 2815/4998/4076
f 2842/5051/4115 2815/4998/4076 2843/5053/4117
f 2844/5055/4118 2815/4997/4074 2827/5021/4092
f 2843/5053/4117 2815/4998/4076 2844/5056/4119
f 2824/5016/4087 2823/5014/4087 2839/5045/4108
f 2839/5046/4110 2826/5020/4091 2825/5018/4090
f 2845/5057/4118 2821/5009/4082 2826/5019/4089
f 2846/5059/4121 2826/5020/4091 2839/5046/4110
f 2846/5059/4121 2845/5058/4120 2826/5020/4091
f 2839/5046/4110 2825/5018/4090 2824/5015/4088
f 2847/5061/4123 2821/5010/4084 2845/5058/4120
f 2848/5063/4124 2821/5010/4084 2847/5061/4123
f 2849/5065/4126 2828/5023/4092 2821/5009/4082
f 2848/5063/4124 2849/5066/4127 2821/5010/4084
f 2835/5038/4104 2841/5050/4114 2842/5051/4115
f 2842/5052/4116 2843/5054/4116 2835/5037/4102
f 2843/5054/4116 2850/5067/4128 2835/5037/4102
f 2850/5067/4128 2836/5039/4105 2835/5037/4102
f 2846/5060/4122 2839/5045/4108 2847/5062/4122
f 2847/5062/4122 2839/5045/4108 2836/5039/4105
f 2847/5061/4123 2845/5058/4120 2846/5059/4121
f 2851/5069/4130 2844/5056/4119 2827/5022/4093
f 2843/5053/4117 2844/5056/4119 2851/5069/4130
f 2851/5069/4130 2827/5022/4093 2850/5068/4129
f 2850/5068/4129 2827/5022/4093 2829/5026/4096
f 2851/5070/4131 2850/5067/4128 2843/5054/4116
f 2848/5064/4125 2847/5062/4122 2836/5039/4105
f 2836/5040/4106 2828/5024/4094 2849/5066/4127
f 2852/5071/4132 2828/5024/4094 2836/5040/4106
f 2852/5071/4132 2830/5028/4097 2828/5024/4094
f 2836/5040/4106 2849/5066/4127 2848/5063/4124
f 2850/5068/4129 2829/5026/4096 2831/5029/4098
f 2832/5032/4099 2836/5039/4105 2850/5067/4128
f 2831/5030/4099 2832/5032/4099 2850/5067/4128
f 2852/5072/4131 2836/5039/4105 2832/5032/4099
f 2832/5031/4100 2830/5028/4097 2852/5071/4132
f 2853/5073/4133 2854/5075/4133 2855/5077/4136
f 2856/5079/4138 2854/5076/4135 2853/5074/4134
f 2855/5077/4136 2854/5075/4133 2857/5081/4140
f 2858/5083/4142 2854/5076/4135 2856/5079/4138
f 2857/5081/4140 2854/5075/4133 2859/5085/4144
f 2860/5087/4144 2861/5089/4147 2854/5075/4133
f 2861/5089/4147 2862/5091/4147 2854/5075/4133
f 2858/5083/4142 2860/5088/4146 2854/5076/4135
f 2862/5091/4147 2863/5093/4150 2854/5075/4133
f 2859/5085/4144 2854/5075/4133 2864/5095/4150
f 2863/5093/4150 2864/5095/4150 2854/5075/4133
f 2865/5097/4153 2853/5074/4134 2855/5078/4137
f 2856/5079/4138 2853/5074/4134 2865/5097/4153
f 2865/5097/4153 2855/5078/4137 2866/5099/4155
f 2867/5101/4156 2855/5077/4136 2857/5081/4140
f 2866/5099/4155 2855/5078/4137 2867/5102/4155
f 2865/5098/4154 2866/5100/4154 2856/5080/4139
f 2858/5084/4143 2856/5080/4139 2868/5103/4157
f 2856/5080/4139 2866/5100/4154 2868/5103/4157
f 2869/5105/4159 2857/5081/4140 2859/5085/4144
f 2870/5107/4161 2867/5102/4155 2857/5082/4141
f 2870/5107/4161 2857/5082/4141 2871/5109/4163
f 2872/5111/4164 2857/5081/4140 2869/5105/4159
f 2871/5109/4163 2857/5082/4141 2872/5112/4163
f 2868/5104/4158 2861/5090/4148 2860/5088/4146
f 2873/5113/4164 2862/5091/4147 2861/5089/4147
f 2874/5115/4166 2861/5090/4148 2868/5104/4158
f 2874/5115/4166 2873/5114/4165 2861/5090/4148
f 2868/5104/4158 2860/5088/4146 2858/5083/4142
f 2875/5117/4168 2863/5093/4150 2862/5091/4147
f 2876/5119/4170 2862/5092/4149 2873/5114/4165
f 2877/5121/4172 2862/5092/4149 2876/5119/4170
f 2878/5123/4173 2875/5117/4168 2862/5091/4147
f 2877/5121/4172 2878/5124/4174 2862/5092/4149
f 2879/5125/4173 2859/5085/4144 2864/5095/4150
f 2880/5127/4176 2869/5105/4159 2859/5085/4144
f 2881/5129/4178 2880/5128/4177 2859/5086/4145
f 2881/5129/4178 2859/5086/4145 2882/5131/4180
f 2883/5133/4181 2859/5085/4144 2884/5135/4181
f 2882/5131/4180 2859/5086/4145 2883/5134/4180
f 2884/5135/4181 2859/5085/4144 2879/5125/4173
f 2885/5137/4181 2864/5095/4150 2863/5093/4150
f 2886/5139/4184 2863/5093/4150 2875/5117/4168
f 2887/5141/4185 2863/5094/4151 2886/5140/4185
f 2888/5143/4187 2863/5094/4151 2887/5141/4185
f 2889/5145/4188 2890/5147/4188 2863/5093/4150
f 2890/5147/4188 2885/5137/4181 2863/5093/4150
f 2888/5143/4187 2889/5146/4189 2863/5094/4151
f 2891/5149/4191 2879/5125/4173 2864/5095/4150
f 2892/5151/4191 2864/5095/4150 2885/5137/4181
f 2893/5153/4194 2891/5149/4191 2864/5095/4150
f 2894/5155/4194 2864/5095/4150 2892/5151/4191
f 2895/5157/4197 2893/5154/4195 2864/5096/4152
f 2895/5157/4197 2864/5096/4152 2896/5159/4199
f 2896/5159/4199 2864/5096/4152 2894/5156/4196
f 2866/5099/4155 2867/5102/4155 2870/5107/4161
f 2868/5103/4157 2866/5100/4154 2897/5161/4198
f 2870/5108/4162 2871/5110/4162 2866/5100/4154
f 2871/5110/4162 2898/5163/4201 2866/5100/4154
f 2898/5163/4201 2899/5165/4201 2866/5100/4154
f 2897/5161/4198 2866/5100/4154 2900/5167/4204
f 2899/5165/4201 2900/5167/4204 2866/5100/4154
f 2874/5116/4167 2868/5103/4157 2876/5120/4171
f 2876/5120/4171 2868/5103/4157 2897/5161/4198
f 2876/5119/4170 2873/5114/4165 2874/5115/4166
f 2901/5169/4206 2872/5112/4163 2869/5106/4160
f 2871/5109/4163 2872/5112/4163 2901/5169/4206
f 2901/5169/4206 2869/5106/4160 2898/5164/4202
f 2898/5164/4202 2869/5106/4160 2880/5128/4177
f 2901/5170/4207 2898/5163/4201 2871/5110/4162
f 2877/5122/4171 2876/5120/4171 2897/5161/4198
f 2897/5162/4200 2875/5118/4169 2878/5124/4174
f 2902/5171/4208 2875/5118/4169 2897/5162/4200
f 2902/5171/4208 2886/5140/4185 2875/5118/4169
f 2897/5162/4200 2878/5124/4174 2877/5121/4172
f 2898/5164/4202 2880/5128/4177 2881/5129/4178
f 2881/5130/4179 2882/5132/4179 2898/5163/4201
f 2882/5132/4179 2899/5165/4201 2898/5163/4201
f 2902/5172/4207 2897/5161/4198 2887/5142/4186
f 2887/5142/4186 2897/5161/4198 2903/5173/4207
f 2903/5173/4207 2897/5161/4198 2900/5167/4204
f 2887/5141/4185 2886/5140/4185 2902/5171/4208
f 2904/5175/4210 2883/5134/4180 2884/5136/4182
f 2882/5131/4180 2883/5134/4180 2904/5175/4210
f 2905/5177/4212 2884/5135/4181 2879/5125/4173
f 2904/5175/4210 2884/5136/4182 2899/5166/4203
f 2899/5166/4203 2884/5136/4182 2905/5178/4213
f 2904/5176/4211 2899/5165/4201 2882/5132/4179
f 2906/5179/4214 2905/5178/4213 2879/5126/4175
f 2906/5179/4214 2879/5126/4175 2907/5181/4216
f 2908/5183/4217 2879/5125/4173 2891/5149/4191
f 2907/5181/4216 2879/5126/4175 2908/5184/4216
f 2888/5144/4186 2887/5142/4186 2903/5173/4207
f 2903/5174/4209 2890/5148/4190 2889/5146/4189
f 2909/5185/4217 2885/5137/4181 2890/5147/4188
f 2910/5187/4219 2890/5148/4190 2903/5174/4209
f 2910/5187/4219 2909/5186/4218 2890/5148/4190
f 2903/5174/4209 2889/5146/4189 2888/5143/4187
f 2911/5189/4221 2885/5138/4183 2909/5186/4218
f 2912/5191/4222 2885/5138/4183 2911/5189/4221
f 2913/5193/4224 2892/5151/4191 2885/5137/4181
f 2912/5191/4222 2913/5194/4225 2885/5138/4183
f 2899/5166/4203 2905/5178/4213 2906/5179/4214
f 2906/5180/4215 2907/5182/4215 2899/5165/4201
f 2907/5182/4215 2914/5195/4226 2899/5165/4201
f 2914/5195/4226 2900/5167/4204 2899/5165/4201
f 2910/5188/4220 2903/5173/4207 2911/5190/4220
f 2911/5190/4220 2903/5173/4207 2900/5167/4204
f 2911/5189/4221 2909/5186/4218 2910/5187/4219
f 2915/5197/4228 2908/5184/4216 2891/5150/4192
f 2907/5181/4216 2908/5184/4216 2915/5197/4228
f 2915/5197/4228 2891/5150/4192 2914/5196/4227
f 2914/5196/4227 2891/5150/4192 2893/5154/4195
f 2915/5198/4229 2914/5195/4226 2907/5182/4215
f 2912/5192/4223 2911/5190/4220 2900/5167/4204
f 2900/5168/4205 2892/5152/4193 2913/5194/4225
f 2916/5199/4230 2892/5152/4193 2900/5168/4205
f 2916/5199/4230 2894/5156/4196 2892/5152/4193
f 2900/5168/4205 2913/5194/4225 2912/5191/4222
f 2914/5196/4227 2893/5154/4195 2895/5157/4197
f 2896/5160/4198 2900/5167/4204 2914/5195/4226
f 2895/5158/4198 2896/5160/4198 2914/5195/4226
f 2916/5200/4229 2900/5167/4204 2896/5160/4198
f 2896/5159/4199 2894/5156/4196 2916/5199/4230
f 2917/5201/4231 2918/5203/4231 2919/5205/4234
f 2920/5207/4236 2918/5204/4233 2917/5202/4232
f 2919/5205/4234 2918/5203/4231 2921/5209/4238
f 2922/5211/4240 2918/5204/4233 2920/5207/4236
f 2921/5209/4238 2918/5203/4231 2923/5213/4242
f 2924/5215/4242 2925/5217/4245 2918/5203/4231
f 2925/5217/4245 2926/5219/4245 2918/5203/4231
f 2922/5211/4240 2924/5216/4244 2918/5204/4233
f 2926/5219/4245 2927/5221/4248 2918/5203/4231
f 2923/5213/4242 2918/5203/4231 2928/5223/4248
f 2927/5221/4248 2928/5223/4248 2918/5203/4231
f 2929/5225/4251 2917/5202/4232 2919/5206/4235
f 2920/5207/4236 2917/5202/4232 2929/5225/4251
f 2929/5225/4251 2919/5206/4235 2930/5227/4253
f 2931/5229/4254 2919/5205/4234 2921/5209/4238
f 2930/5227/4253 2919/5206/4235 2931/5230/4253
f 2929/5226/4252 2930/5228/4252 2920/5208/4237
f 2922/5212/4241 2920/5208/4237 2932/5231/4255
f 2920/5208/4237 2930/5228/4252 2932/5231/4255
f 2933/5233/4257 2921/5209/4238 2923/5213/4242
f 2934/5235/4259 2931/5230/4253 2921/5210/4239
f 2934/5235/4259 2921/5210/4239 2935/5237/4261
f 2936/5239/4262 2921/5209/4238 2933/5233/4257
f 2935/5237/4261 2921/5210/4239 2936/5240/4261
f 2932/5232/4256 2925/5218/4246 2924/5216/4244
f 2937/5241/4262 2926/5219/4245 2925/5217/4245
f 2938/5243/4264 2925/5218/4246 2932/5232/4256
f 2938/5243/4264 2937/5242/4263 2925/5218/4246
f 2932/5232/4256 2924/5216/4244 2922/5211/4240
f 2939/5245/4266 2927/5221/4248 2926/5219/4245
f 2940/5247/4268 2926/5220/4247 2937/5242/4263
f 2941/5249/4270 2926/5220/4247 2940/5247/4268
f 2942/5251/4271 2939/5245/4266 2926/5219/4245
f 2941/5249/4270 2942/5252/4272 2926/5220/4247
f 2943/5253/4271 2923/5213/4242 2928/5223/4248
f 2944/5255/4274 2933/5233/4257 2923/5213/4242
f 2945/5257/4276 2944/5256/4275 2923/5214/4243
f 2945/5257/4276 2923/5214/4243 2946/5259/4278
f 2947/5261/4279 2923/5213/4242 2948/5263/4279
f 2946/5259/4278 2923/5214/4243 2947/5262/4278
f 2948/5263/4279 2923/5213/4242 2943/5253/4271
f 2949/5265/4279 2928/5223/4248 2927/5221/4248
f 2950/5267/4282 2927/5221/4248 2939/5245/4266
f 2951/5269/4283 2927/5222/4249 2950/5268/4283
f 2952/5271/4285 2927/5222/4249 2951/5269/4283
f 2953/5273/4286 2954/5275/4286 2927/5221/4248
f 2954/5275/4286 2949/5265/4279 2927/5221/4248
f 2952/5271/4285 2953/5274/4287 2927/5222/4249
f 2955/5277/4289 2943/5253/4271 2928/5223/4248
f 2956/5279/4289 2928/5223/4248 2949/5265/4279
f 2957/5281/4292 2955/5277/4289 2928/5223/4248
f 2958/5283/4292 2928/5223/4248 2956/5279/4289
f 2959/5285/4295 2957/5282/4293 2928/5224/4250
f 2959/5285/4295 2928/5224/4250 2960/5287/4297
f 2960/5287/4297 2928/5224/4250 2958/5284/4294
f 2930/5227/4253 2931/5230/4253 2934/5235/4259
f 2932/5231/4255 2930/5228/4252 2961/5289/4296
f 2934/5236/4260 2935/5238/4260 2930/5228/4252
f 2935/5238/4260 2962/5291/4299 2930/5228/4252
f 2962/5291/4299 2963/5293/4299 2930/5228/4252
f 2961/5289/4296 2930/5228/4252 2964/5295/4302
f 2963/5293/4299 2964/5295/4302 2930/5228/4252
f 2938/5244/4265 2932/5231/4255 2940/5248/4269
f 2940/5248/4269 2932/5231/4255 2961/5289/4296
f 2940/5247/4268 2937/5242/4263 2938/5243/4264
f 2965/5297/4304 2936/5240/4261 2933/5234/4258
f 2935/5237/4261 2936/5240/4261 2965/5297/4304
f 2965/5297/4304 2933/5234/4258 2962/5292/4300
f 2962/5292/4300 2933/5234/4258 2944/5256/4275
f 2965/5298/4305 2962/5291/4299 2935/5238/4260
f 2941/5250/4269 2940/5248/4269 2961/5289/4296
f 2961/5290/4298 2939/5246/4267 2942/5252/4272
f 2966/5299/4306 2939/5246/4267 2961/5290/4298
f 2966/5299/4306 2950/5268/4283 2939/5246/4267
f 2961/5290/4298 2942/5252/4272 2941/5249/4270
f 2962/5292/4300 2944/5256/4275 2945/5257/4276
f 2945/5258/4277 2946/5260/4277 2962/5291/4299
f 2946/5260/4277 2963/5293/4299 2962/5291/4299
f 2966/5300/4305 2961/5289/4296 2951/5270/4284
f 2951/5270/4284 2961/5289/4296 2967/5301/4305
f 2967/5301/4305 2961/5289/4296 2964/5295/4302
f 2951/5269/4283 2950/5268/4283 2966/5299/4306
f 2968/5303/4308 2947/5262/4278 2948/5264/4280
f 2946/5259/4278 2947/5262/4278 2968/5303/4308
f 2969/5305/4310 2948/5263/4279 2943/5253/4271
f 2968/5303/4308 2948/5264/4280 2963/5294/4301
f 2963/5294/4301 2948/5264/4280 2969/5306/4311
f 2968/5304/4309 2963/5293/4299 2946/5260/4277
f 2970/5307/4312 2969/5306/4311 2943/5254/4273
f 2970/5307/4312 2943/5254/4273 2971/5309/4314
f 2972/5311/4315 2943/5253/4271 2955/5277/4289
f 2971/5309/4314 2943/5254/4273 2972/5312/4314
f 2952/5272/4284 2951/5270/4284 2967/5301/4305
f 2967/5302/4307 2954/5276/4288 2953/5274/4287
f 2973/5313/4315 2949/5265/4279 2954/5275/4286
f 2974/5315/4317 2954/5276/4288 2967/5302/4307
f 2974/5315/4317 2973/5314/4316 2954/5276/4288
f 2967/5302/4307 2953/5274/4287 2952/5271/4285
f 2975/5317/4319 2949/5266/4281 2973/5314/4316
f 2976/5319/4320 2949/5266/4281 2975/5317/4319
f 2977/5321/4322 2956/5279/4289 2949/5265/4279
f 2976/5319/4320 2977/5322/4323 2949/5266/4281
f 2963/5294/4301 2969/5306/4311 2970/5307/4312
f 2970/5308/4313 2971/5310/4313 2963/5293/4299
f 2971/5310/4313 2978/5323/4324 2963/5293/4299
f 2978/5323/4324 2964/5295/4302 2963/5293/4299
f 2974/5316/4318 2967/5301/4305 2975/5318/4318
f 2975/5318/4318 2967/5301/4305 2964/5295/4302
f 2975/5317/4319 2973/5314/4316 2974/5315/4317
f 2979/5325/4326 2972/5312/4314 2955/5278/4290
f 2971/5309/4314 2972/5312/4314 2979/5325/4326
f 2979/5325/4326 2955/5278/4290 2978/5324/4325
f 2978/5324/4325 2955/5278/4290 2957/5282/4293
f 2979/5326/4327 2978/5323/4324 2971/5310/4313
f 2976/5320/4321 2975/5318/4318 2964/5295/4302
f 2964/5296/4303 2956/5280/4291 2977/5322/4323
f 2980/5327/4328 2956/5280/4291 2964/5296/4303
f 2980/5327/4328 2958/5284/4294 2956/5280/4291
f 2964/5296/4303 2977/5322/4323 2976/5319/4320
f 2978/5324/4325 2957/5282/4293 2959/5285/4295
f 2960/5288/4296 2964/5295/4302 2978/5323/4324
f 2959/5286/4296 2960/5288/4296 2978/5323/4324
f 2980/5328/4327 2964/5295/4302 2960/5288/4296
f 2960/5287/4297 2958/5284/4294 2980/5327/4328
f 2981/5329/4329 2982/5331/4329 2983/5333/4332
f 2984/5335/4334 2982/5332/4331 2981/5330/4330
f 2983/5333/4332 2982/5331/4329 2985/5337/4336
f 2986/5339/4338 2982/5332/4331 2984/5335/4334
f 2985/5337/4336 2982/5331/4329 2987/5341/4340
f 2988/5343/4340 2989/5345/4343 2982/5331/4329
f 2989/5345/4343 2990/5347/4343 2982/5331/4329
f 2986/5339/4338 2988/5344/4342 2982/5332/4331
f 2990/5347/4343 2991/5349/4346 2982/5331/4329
f 2987/5341/4340 2982/5331/4329 2992/5351/4346
f 2991/5349/4346 2992/5351/4346 2982/5331/4329
f 2993/5353/4349 2981/5330/4330 2983/5334/4333
f 2984/5335/4334 2981/5330/4330 2993/5353/4349
f 2993/5353/4349 2983/5334/4333 2994/5355/4351
f 2995/5357/4352 2983/5333/4332 2985/5337/4336
f 2994/5355/4351 2983/5334/4333 2995/5358/4351
f 2993/5354/4350 2994/5356/4350 2984/5336/4335
f 2986/5340/4339 2984/5336/4335 2996/5359/4353
f 2984/5336/4335 2994/5356/4350 2996/5359/4353
f 2997/5361/4355 2985/5337/4336 2987/5341/4340
f 2998/5363/4357 2995/5358/4351 2985/5338/4337
f 2998/5363/4357 2985/5338/4337 2999/5365/4359
f 3000/5367/4360 2985/5337/4336 2997/5361/4355
f 2999/5365/4359 2985/5338/4337 3000/5368/4359
f 2996/5360/4354 2989/5346/4344 2988/5344/4342
f 3001/5369/4360 2990/5347/4343 2989/5345/4343
f 3002/5371/4362 2989/5346/4344 2996/5360/4354
f 3002/5371/4362 3001/5370/4361 2989/5346/4344
f 2996/5360/4354 2988/5344/4342 2986/5339/4338
f 3003/5373/4364 2991/5349/4346 2990/5347/4343
f 3004/5375/4366 2990/5348/4345 3001/5370/4361
f 3005/5377/4368 2990/5348/4345 3004/5375/4366
f 3006/5379/4369 3003/5373/4364 2990/5347/4343
f 3005/5377/4368 3006/5380/4370 2990/5348/4345
f 3007/5381/4369 2987/5341/4340 2992/5351/4346
f 3008/5383/4372 2997/5361/4355 2987/5341/4340
f 3009/5385/4374 3008/5384/4373 2987/5342/4341
f 3009/5385/4374 2987/5342/4341 3010/5387/4376
f 3011/5389/4377 2987/5341/4340 3012/5391/4377
f 3010/5387/4376 2987/5342/4341 3011/5390/4376
f 3012/5391/4377 2987/5341/4340 3007/5381/4369
f 3013/5393/4377 2992/5351/4346 2991/5349/4346
f 3014/5395/4380 2991/5349/4346 3003/5373/4364
f 3015/5397/4381 2991/5350/4347 3014/5396/4381
f 3016/5399/4383 2991/5350/4347 3015/5397/4381
f 3017/5401/4384 3018/5403/4384 2991/5349/4346
f 3018/5403/4384 3013/5393/4377 2991/5349/4346
f 3016/5399/4383 3017/5402/4385 2991/5350/4347
f 3019/5405/4387 3007/5381/4369 2992/5351/4346
f 3020/5407/4387 2992/5351/4346 3013/5393/4377
f 3021/5409/4390 3019/5405/4387 2992/5351/4346
f 3022/5411/4390 2992/5351/4346 3020/5407/4387
f 3023/5413/4393 3021/5410/4391 2992/5352/4348
f 3023/5413/4393 2992/5352/4348 3024/5415/4395
f 3024/5415/4395 2992/5352/4348 3022/5412/4392
f 2994/5355/4351 2995/5358/4351 2998/5363/4357
f 2996/5359/4353 2994/5356/4350 3025/5417/4394
f 2998/5364/4358 2999/5366/4358 2994/5356/4350
f 2999/5366/4358 3026/5419/4397 2994/5356/4350
f 3026/5419/4397 3027/5421/4397 2994/5356/4350
f 3025/5417/4394 2994/5356/4350 3028/5423/4400
f 3027/5421/4397 3028/5423/4400 2994/5356/4350
f 3002/5372/4363 2996/5359/4353 3004/5376/4367
f 3004/5376/4367 2996/5359/4353 3025/5417/4394
f 3004/5375/4366 3001/5370/4361 3002/5371/4362
f 3029/5425/4402 3000/5368/4359 2997/5362/4356
f 2999/5365/4359 3000/5368/4359 3029/5425/4402
f 3029/5425/4402 2997/5362/4356 3026/5420/4398
f 3026/5420/4398 2997/5362/4356 3008/5384/4373
f 3029/5426/4403 3026/5419/4397 2999/5366/4358
f 3005/5378/4367 3004/5376/4367 3025/5417/4394
f 3025/5418/4396 3003/5374/4365 3006/5380/4370
f 3030/5427/4404 3003/5374/4365 3025/5418/4396
f 3030/5427/4404 3014/5396/4381 3003/5374/4365
f 3025/5418/4396 3006/5380/4370 3005/5377/4368
f 3026/5420/4398 3008/5384/4373 3009/5385/4374
f 3009/5386/4375 3010/5388/4375 3026/5419/4397
f 3010/5388/4375 3027/5421/4397 3026/5419/4397
f 3030/5428/4403 3025/5417/4394 3015/5398/4382
f 3015/5398/4382 3025/5417/4394 3031/5429/4403
f 3031/5429/4403 3025/5417/4394 3028/5423/4400
f 3015/5397/4381 3014/5396/4381 3030/5427/4404
f 3032/5431/4406 3011/5390/4376 3012/5392/4378
f 3010/5387/4376 3011/5390/4376 3032/5431/4406
f 3033/5433/4408 3012/5391/4377 3007/5381/4369
f 3032/5431/4406 3012/5392/4378 3027/5422/4399
f 3027/5422/4399 3012/5392/4378 3033/5434/4409
f 3032/5432/4407 3027/5421/4397 3010/5388/4375
f 3034/5435/4410 3033/5434/4409 3007/5382/4371
f 3034/5435/4410 3007/5382/4371 3035/5437/4412
f 3036/5439/4413 3007/5381/4369 3019/5405/4387
f 3035/5437/4412 3007/5382/4371 3036/5440/4412
f 3016/5400/4382 3015/5398/4382 3031/5429/4403
f 3031/5430/4405 3018/5404/4386 3017/5402/4385
f 3037/5441/4413 3013/5393/4377 3018/5403/4384
f 3038/5443/4415 3018/5404/4386 3031/5430/4405
f 3038/5443/4415 3037/5442/4414 3018/5404/4386
f 3031/5430/4405 3017/5402/4385 3016/5399/4383
f 3039/5445/4417 3013/5394/4379 3037/5442/4414
f 3040/5447/4418 3013/5394/4379 3039/5445/4417
f 3041/5449/4420 3020/5407/4387 3013/5393/4377
f 3040/5447/4418 3041/5450/4421 3013/5394/4379
f 3027/5422/4399 3033/5434/4409 3034/5435/4410
f 3034/5436/4411 3035/5438/4411 3027/5421/4397
f 3035/5438/4411 3042/5451/4422 3027/5421/4397
f 3042/5451/4422 3028/5423/4400 3027/5421/4397
f 3038/5444/4416 3031/5429/4403 3039/5446/4416
f 3039/5446/4416 3031/5429/4403 3028/5423/4400
f 3039/5445/4417 3037/5442/4414 3038/5443/4415
f 3043/5453/4424 3036/5440/4412 3019/5406/4388
f 3035/5437/4412 3036/5440/4412 3043/5453/4424
f 3043/5453/4424 3019/5406/4388 3042/5452/4423
f 3042/5452/4423 3019/5406/4388 3021/5410/4391
f 3043/5454/4425 3042/5451/4422 3035/5438/4411
f 3040/5448/4419 3039/5446/4416 3028/5423/4400
f 3028/5424/4401 3020/5408/4389 3041/5450/4421
f 3044/5455/4426 3020/5408/4389 3028/5424/4401
f 3044/5455/4426 3022/5412/4392 3020/5408/4389
f 3028/5424/4401 3041/5450/4421 3040/5447/4418
f 3042/5452/4423 3021/5410/4391 3023/5413/4393
f 3024/5416/4394 3028/5423/4400 3042/5451/4422
f 3023/5414/4394 3024/5416/4394 3042/5451/4422
f 3044/5456/4425 3028/5423/4400 3024/5416/4394
f 3024/5415/4395 3022/5412/4392 3044/5455/4426
f 3045/5457/4427 3046/5460/4430 3047/5462/4432
f 3048/5463/4433 3046/5461/4431 3045/5459/4429
f 3047/5462/4432 3049/5464/4434 3045/5457/4427
f 3050/5465/4435 3048/5463/4433 3045/5459/4429
f 3049/5464/4434 3051/5468/4438 3045/5457/4427
f 3045/5457/4427 3051/5468/4438 3052/5469/4439
f 3045/5458/4428 3052/5470/4440 3053/5471/4441
f 3050/5465/4435 3045/5459/4429 3053/5474/4444
f 3046/5460/4430 3054/5475/4445 3047/5462/4432
f 3046/5460/4430 3055/5476/4446 3054/5475/4445
f 3048/5463/4433 3056/5478/4448 3046/5461/4431
f 3056/5478/4448 3055/5477/4447 3046/5461/4431
f 3047/5462/4432 3054/5475/4445 3057/5479/4449
f 3049/5464/4434 3047/5462/4432 3058/5480/4450
f 3047/5462/4432 3057/5479/4449 3058/5480/4450
f 3059/5481/4451 3054/5475/4445 3055/5476/4446
f 3054/5475/4445 3060/5482/4452 3057/5479/4449
f 3054/5475/4445 3059/5481/4451 3060/5482/4452
f 3061/5483/4453 3056/5478/4448 3048/5463/4433
f 3062/5484/4454 3048/5463/4433 3050/5465/4435
f 3062/5484/4454 3061/5483/4453 3048/5463/4433
f 3056/5478/4448 3063/5487/4457 3055/5477/4447
f 3064/5488/4458 3059/5481/4451 3055/5476/4446
f 3063/5487/4457 3065/5490/4460 3055/5477/4447
f 3055/5476/4446 3065/5492/4461 3064/5488/4458
f 3066/5493/4462 3063/5487/4457 3056/5478/4448
f 3061/5483/4453 3066/5493/4462 3056/5478/4448
f 3049/5464/4434 3058/5480/4450 3067/5494/4463
f 3051/5468/4438 3049/5464/4434 3067/5494/4463
f 3058/5480/4450 3057/5479/4449 3068/5495/4464
f 3067/5494/4463 3058/5480/4450 3069/5496/4465
f 3058/5480/4450 3068/5495/4464 3069/5496/4465
f 3070/5497/4466 3068/5495/4464 3057/5479/4449
f 3070/5497/4466 3057/5479/4449 3060/5482/4452
f 3069/5496/4465 3071/5499/4468 3067/5494/4463
f 3051/5468/4438 3067/5494/4463 3071/5499/4468
f 3069/5496/4465 3068/5495/4464 3072/5500/4469
f 3073/5501/4470 3069/5496/4465 3074/5502/4471
f 3069/5496/4465 3073/5501/4470 3071/5499/4468
f 3069/5496/4465 3072/5500/4469 3074/5502/4471
f 3068/5495/4464 3075/5503/4472 3072/5500/4469
f 3068/5495/4464 3070/5497/4466 3075/5503/4472
f 3073/5501/4470 3074/5502/4471 3076/5505/4474
f 3051/5468/4438 3071/5499/4468 3073/5501/4470
f 3077/5506/4475 3073/5501/4470 3076/5505/4474
f 3052/5469/4439 3051/5468/4438 3073/5501/4470
f 3073/5501/4470 3078/5507/4476 3052/5469/4439
f 3073/5501/4470 3077/5506/4475 3078/5507/4476
f 3074/5502/4471 3072/5500/4469 3079/5509/4478
f 3076/5505/4474 3074/5502/4471 3080/5511/4480
f 3074/5502/4471 3079/5509/4478 3080/5511/4480
f 3072/5500/4469 3081/5513/4482 3079/5509/4478
f 3072/5500/4469 3075/5503/4472 3081/5513/4482
f 3076/5505/4474 3080/5511/4480 3082/5516/4485
f 3083/5518/4487 3076/5505/4474 3082/5516/4485
f 3077/5506/4475 3076/5505/4474 3083/5518/4487
f 3080/5512/4481 3079/5510/4479 3084/5519/4488
f 3082/5517/4486 3080/5512/4481 3085/5521/4490
f 3080/5512/4481 3084/5519/4488 3085/5521/4490
f 3079/5510/4479 3086/5523/4492 3084/5519/4488
f 3079/5510/4479 3081/5515/4484 3086/5523/4492
f 3082/5517/4486 3085/5521/4490 3087/5526/4495
f 3083/5518/4487 3082/5516/4485 3088/5528/4497
f 3088/5529/4498 3082/5517/4486 3087/5526/4495
f 3085/5522/4491 3084/5520/4489 3089/5530/4499
f 3087/5527/4496 3085/5522/4491 3090/5531/4500
f 3085/5522/4491 3089/5530/4499 3090/5531/4500
f 3084/5520/4489 3091/5532/4501 3089/5530/4499
f 3084/5520/4489 3086/5525/4494 3091/5532/4501
f 3092/5534/4503 3053/5471/4441 3052/5470/4440
f 3092/5534/4503 3052/5470/4440 3078/5508/4477
f 3053/5473/4443 3093/5536/4505 3050/5466/4436
f 3093/5537/4506 3053/5472/4442 3092/5535/4504
f 3050/5466/4436 3093/5536/4505 3094/5539/4508
f 3062/5485/4455 3050/5467/4437 3094/5542/4510
f 3095/5543/4511 3078/5507/4476 3077/5506/4475
f 3096/5545/4511 3077/5506/4475 3083/5518/4487
f 3095/5543/4511 3077/5506/4475 3096/5545/4511
f 3097/5546/4513 3092/5534/4503 3078/5508/4477
f 3097/5546/4513 3078/5508/4477 3095/5544/4512
f 3098/5548/4515 3083/5518/4487 3088/5528/4497
f 3096/5545/4511 3083/5518/4487 3098/5548/4515
f 3088/5529/4498 3087/5526/4495 3099/5549/4516
f 3098/5548/4515 3088/5528/4497 3100/5551/4518
f 3100/5552/4519 3088/5529/4498 3099/5549/4516
f 3099/5550/4517 3087/5527/4496 3101/5553/4520
f 3087/5527/4496 3090/5531/4500 3101/5553/4520
f 3092/5535/4504 3097/5547/4514 3102/5554/4521
f 3092/5535/4504 3102/5554/4521 3093/5537/4506
f 3103/5556/4523 3104/5560/4527 3105/5562/4527
f 3106/5563/4526 3104/5561/4526 3103/5559/4526
f 3103/5556/4523 3105/5562/4527 3107/5567/4531
f 3108/5569/4533 3106/5564/4528 3103/5558/4525
f 3109/5572/4536 3103/5557/4524 3107/5568/4532
f 3109/5572/4536 3108/5570/4534 3103/5557/4524
f 3104/5560/4527 3110/5574/4538 3105/5562/4527
f 3106/5563/4526 3111/5575/4539 3104/5561/4526
f 3104/5560/4527 3112/5577/4541 3110/5574/4538
f 3111/5575/4539 3112/5578/4542 3104/5561/4526
f 3107/5567/4531 3105/5562/4527 3113/5579/4541
f 3105/5562/4527 3110/5574/4538 3114/5580/4541
f 3105/5562/4527 3114/5580/4541 3113/5579/4541
f 3108/5569/4533 3115/5581/4543 3106/5564/4528
f 3111/5576/4540 3106/5566/4530 3116/5584/4546
f 3115/5583/4545 3116/5585/4547 3106/5565/4529
f 3117/5587/4549 3109/5572/4536 3107/5568/4532
f 3107/5567/4531 3113/5579/4541 3118/5589/4551
f 3117/5587/4549 3107/5568/4532 3118/5590/4552
f 3119/5591/4553 3108/5571/4535 3109/5573/4537
f 3120/5593/4555 3109/5573/4537 3117/5588/4550
f 3120/5593/4555 3119/5591/4553 3109/5573/4537
f 3121/5595/4556 3115/5582/4544 3108/5571/4535
f 3119/5591/4553 3121/5595/4556 3108/5571/4535
f 3112/5577/4541 3096/5545/4511 3110/5574/4538
f 3111/5575/4539 3122/5597/4558 3112/5578/4542
f 3112/5577/4541 3095/5543/4511 3096/5545/4511
f 3122/5597/4558 3095/5544/4512 3112/5578/4542
f 3110/5574/4538 3096/5545/4511 3098/5548/4515
f 3110/5574/4538 3098/5548/4515 3114/5580/4541
f 3122/5598/4559 3111/5576/4540 3123/5599/4559
f 3111/5576/4540 3116/5584/4546 3124/5601/4561
f 3124/5601/4561 3123/5599/4559 3111/5576/4540
f 3122/5597/4558 3097/5546/4513 3095/5544/4512
f 3097/5547/4514 3122/5598/4559 3125/5604/4564
f 3122/5598/4559 3123/5599/4559 3125/5604/4564
f 3097/5547/4514 3125/5604/4564 3102/5554/4521
f 3118/5589/4551 3113/5579/4541 3126/5606/4565
f 3113/5579/4541 3114/5580/4541 3127/5608/4565
f 3113/5579/4541 3127/5608/4565 3126/5606/4565
f 3128/5610/4568 3117/5587/4549 3118/5590/4552
f 3118/5589/4551 3126/5606/4565 3129/5614/4572
f 3128/5610/4568 3118/5590/4552 3129/5616/4574
f 3130/5617/4575 3117/5588/4550 3128/5613/4571
f 3130/5617/4575 3120/5593/4555 3117/5588/4550
f 3114/5580/4541 3098/5548/4515 3100/5551/4518
f 3114/5580/4541 3100/5551/4518 3127/5608/4565
f 3128/5611/4569 3129/5615/4573 3126/5607/4566
f 3128/5611/4569 3126/5607/4566 3131/5620/4578
f 3126/5607/4566 3127/5609/4567 3132/5622/4580
f 3126/5607/4566 3132/5622/4580 3131/5620/4578
f 3130/5618/4576 3128/5612/4570 3131/5621/4579
f 3127/5609/4567 3100/5552/4519 3133/5624/4582
f 3127/5609/4567 3133/5624/4582 3132/5622/4580
f 3100/5552/4519 3099/5549/4516 3133/5624/4582
f 3131/5621/4579 3132/5623/4581 3134/5626/4584
f 3132/5623/4581 3133/5625/4583 3135/5627/4585
f 3132/5623/4581 3135/5627/4585 3134/5626/4584
f 3130/5618/4576 3131/5621/4579 3136/5628/4586
f 3131/5621/4579 3134/5626/4584 3136/5628/4586
f 3133/5625/4583 3099/5550/4517 3137/5629/4587
f 3133/5625/4583 3137/5629/4587 3135/5627/4585
f 3099/5550/4517 3101/5553/4520 3137/5629/4587
f 3090/5531/4500 3089/5530/4499 3138/5630/4588
f 3101/5553/4520 3090/5531/4500 3139/5631/4588
f 3090/5531/4500 3138/5630/4588 3139/5631/4588
f 3089/5530/4499 3091/5532/4501 3140/5632/4588
f 3089/5530/4499 3140/5632/4588 3138/5630/4588
f 3141/5634/4590 3093/5538/4507 3102/5555/4522
f 3141/5634/4590 3094/5540/4507 3093/5538/4507
f 3059/5481/4451 3064/5488/4458 3142/5637/4593
f 3059/5481/4451 3142/5637/4593 3060/5482/4452
f 3063/5487/4457 3143/5639/4595 3065/5490/4460
f 3066/5493/4462 3144/5641/4597 3063/5487/4457
f 3144/5641/4597 3143/5639/4595 3063/5487/4457
f 3145/5642/4598 3064/5489/4459 3065/5491/4459
f 3146/5643/4599 3142/5638/4594 3064/5489/4459
f 3146/5643/4599 3064/5489/4459 3145/5642/4598
f 3145/5642/4598 3065/5491/4459 3143/5640/4596
f 3060/5482/4452 3142/5637/4593 3070/5497/4466
f 3147/5644/4600 3075/5504/4473 3070/5498/4467
f 3148/5645/4600 3070/5498/4467 3142/5638/4594
f 3147/5644/4600 3070/5498/4467 3148/5645/4600
f 3081/5514/4483 3075/5504/4473 3147/5644/4600
f 3091/5533/4502 3086/5524/4493 3081/5514/4483
f 3081/5514/4483 3147/5644/4600 3091/5533/4502
f 3149/5646/4601 3102/5555/4522 3125/5605/4563
f 3149/5646/4601 3141/5634/4590 3102/5555/4522
f 3115/5583/4545 3150/5648/4603 3116/5585/4547
f 3116/5584/4546 3151/5652/4607 3124/5601/4561
f 3152/5655/4610 3116/5586/4548 3150/5651/4606
f 3152/5655/4610 3151/5653/4608 3116/5586/4548
f 3121/5595/4556 3153/5658/4613 3115/5582/4544
f 3153/5658/4613 3150/5649/4604 3115/5582/4544
f 3123/5600/4560 3124/5603/4563 3154/5660/4615
f 3155/5662/4615 3125/5605/4563 3123/5600/4560
f 3123/5600/4560 3154/5660/4615 3156/5664/4618
f 3157/5665/4618 3155/5662/4615 3123/5600/4560
f 3156/5664/4618 3157/5665/4618 3123/5600/4560
f 3154/5661/4616 3124/5602/4562 3151/5654/4609
f 3155/5662/4615 3149/5646/4601 3125/5605/4563
f 3137/5629/4587 3101/5553/4520 3158/5667/4620
f 3101/5553/4520 3139/5631/4588 3158/5667/4620
f 3119/5592/4554 3159/5668/4621 3121/5596/4557
f 3120/5594/4554 3160/5669/4621 3119/5592/4554
f 3119/5592/4554 3160/5669/4621 3159/5668/4621
f 3121/5596/4557 3161/5670/4621 3153/5659/4614
f 3121/5596/4557 3159/5668/4621 3161/5670/4621
f 3130/5619/4577 3162/5671/4621 3120/5594/4554
f 3120/5594/4554 3162/5671/4621 3160/5669/4621
f 3163/5672/4622 3130/5618/4576 3136/5628/4586
f 3130/5619/4577 3163/5673/4621 3162/5671/4621
f 3134/5626/4584 3135/5627/4585 3164/5674/4623
f 3135/5627/4585 3137/5629/4587 3165/5675/4624
f 3135/5627/4585 3165/5675/4624 3164/5674/4623
f 3136/5628/4586 3134/5626/4584 3166/5676/4625
f 3134/5626/4584 3164/5674/4623 3166/5676/4625
f 3137/5629/4587 3158/5667/4620 3165/5675/4624
f 3163/5672/4622 3136/5628/4586 3167/5677/4626
f 3136/5628/4586 3166/5676/4625 3167/5677/4626
f 3147/5644/4600 3140/5633/4589 3091/5533/4502
f 3153/5658/4613 3168/5678/4627 3150/5649/4604
f 3169/5682/4631 3152/5656/4611 3150/5650/4605
f 3169/5682/4631 3150/5650/4605 3168/5681/4630
f 3153/5659/4614 3161/5670/4621 3170/5685/4634
f 3153/5659/4614 3170/5685/4634 3168/5679/4628
f 3171/5687/4636 3139/5631/4588 3138/5630/4588
f 3172/5689/4636 3158/5667/4620 3139/5631/4588
f 3172/5689/4636 3139/5631/4588 3171/5687/4636
f 3171/5687/4636 3138/5630/4588 3173/5691/4639
f 3138/5630/4588 3140/5632/4588 3174/5694/4642
f 3138/5630/4588 3174/5694/4642 3173/5691/4639
f 3154/5661/4616 3151/5654/4609 3152/5657/4612
f 3175/5696/4644 3154/5661/4616 3152/5657/4612
f 3175/5696/4644 3152/5657/4612 3169/5684/4633
f 3154/5660/4615 3176/5698/4645 3156/5664/4618
f 3154/5660/4615 3175/5697/4645 3176/5698/4645
f 3155/5663/4617 3157/5666/4619 3177/5700/4647
f 3149/5647/4602 3155/5663/4617 3178/5702/4649
f 3155/5663/4617 3177/5700/4647 3178/5702/4649
f 3156/5664/4618 3179/5704/4651 3157/5665/4618
f 3180/5707/4654 3156/5664/4618 3176/5698/4645
f 3156/5664/4618 3181/5709/4654 3179/5704/4651
f 3180/5707/4654 3181/5709/4654 3156/5664/4618
f 3179/5706/4653 3177/5700/4647 3157/5666/4619
f 3141/5635/4591 3149/5647/4602 3182/5712/4658
f 3149/5647/4602 3178/5702/4649 3182/5712/4658
f 3183/5714/4660 3094/5540/4507 3141/5634/4590
f 3141/5635/4591 3182/5712/4658 3184/5717/4663
f 3183/5715/4661 3141/5636/4592 3184/5719/4665
f 3062/5486/4456 3094/5541/4509 3185/5720/4666
f 3183/5714/4660 3185/5721/4667 3094/5540/4507
f 3186/5722/4668 3165/5675/4624 3158/5667/4620
f 3186/5722/4668 3158/5667/4620 3172/5689/4636
f 3159/5668/4621 3187/5724/4670 3161/5670/4621
f 3160/5669/4621 3188/5725/4670 3159/5668/4621
f 3159/5668/4621 3188/5725/4670 3187/5724/4670
f 3161/5670/4621 3189/5726/4670 3170/5685/4634
f 3161/5670/4621 3187/5724/4670 3189/5726/4670
f 3162/5671/4621 3190/5728/4670 3160/5669/4621
f 3160/5669/4621 3190/5728/4670 3188/5725/4670
f 3163/5673/4621 3191/5729/4670 3162/5671/4621
f 3162/5671/4621 3191/5729/4670 3190/5728/4670
f 3163/5672/4622 3167/5677/4626 3192/5732/4674
f 3163/5673/4621 3193/5734/4676 3191/5729/4670
f 3163/5672/4622 3192/5732/4674 3193/5735/4677
f 3194/5737/4679 3166/5676/4625 3164/5674/4623
f 3195/5739/4681 3164/5674/4623 3165/5675/4624
f 3194/5737/4679 3164/5674/4623 3195/5739/4681
f 3167/5677/4626 3166/5676/4625 3194/5737/4679
f 3195/5739/4681 3165/5675/4624 3186/5722/4668
f 3167/5677/4626 3194/5737/4679 3192/5732/4674
f 3196/5741/4683 3066/5493/4462 3061/5483/4453
f 3197/5742/4684 3061/5483/4453 3062/5484/4454
f 3197/5742/4684 3196/5741/4683 3061/5483/4453
f 3198/5745/4687 3144/5641/4597 3066/5493/4462
f 3196/5741/4683 3198/5745/4687 3066/5493/4462
f 3194/5738/4680 3172/5690/4638 3171/5688/4637
f 3194/5738/4680 3186/5723/4669 3172/5690/4638
f 3171/5688/4637 3199/5746/4688 3194/5738/4680
f 3171/5688/4637 3173/5693/4641 3199/5746/4688
f 3148/5645/4600 3142/5638/4594 3146/5643/4599
f 3200/5749/4691 3169/5683/4632 3168/5680/4629
f 3200/5749/4691 3168/5680/4629 3170/5686/4635
f 3176/5699/4646 3175/5696/4644 3169/5684/4633
f 3176/5699/4646 3169/5684/4633 3200/5750/4692
f 3174/5695/4643 3140/5633/4589 3147/5644/4600
f 3197/5743/4685 3062/5486/4456 3185/5720/4666
f 3194/5738/4680 3195/5740/4682 3186/5723/4669
f 3170/5686/4635 3189/5727/4671 3201/5751/4693
f 3170/5686/4635 3201/5751/4693 3200/5749/4691
f 3188/5725/4670 3202/5753/4695 3187/5724/4670
f 3203/5754/4696 3188/5725/4670 3190/5728/4670
f 3188/5725/4670 3203/5754/4696 3202/5753/4695
f 3187/5724/4670 3204/5755/4697 3189/5726/4670
f 3187/5724/4670 3202/5753/4695 3204/5755/4697
f 3190/5728/4670 3191/5729/4670 3205/5757/4699
f 3206/5760/4702 3203/5754/4696 3190/5728/4670
f 3207/5762/4702 3190/5728/4670 3205/5757/4699
f 3208/5764/4705 3209/5766/4705 3190/5728/4670
f 3210/5768/4708 3208/5764/4705 3190/5728/4670
f 3209/5766/4705 3211/5770/4708 3190/5728/4670
f 3207/5762/4702 3210/5768/4708 3190/5728/4670
f 3211/5770/4708 3212/5772/4711 3190/5728/4670
f 3190/5728/4670 3212/5772/4711 3213/5774/4711
f 3214/5776/4714 3215/5778/4714 3190/5728/4670
f 3190/5728/4670 3216/5780/4717 3214/5776/4714
f 3215/5778/4714 3217/5782/4717 3190/5728/4670
f 3190/5728/4670 3218/5784/4720 3216/5780/4717
f 3217/5782/4717 3219/5786/4720 3190/5728/4670
f 3190/5728/4670 3220/5788/4723 3218/5784/4720
f 3219/5786/4720 3221/5790/4723 3190/5728/4670
f 3190/5728/4670 3222/5792/4726 3220/5788/4723
f 3190/5728/4670 3213/5774/4711 3223/5794/4726
f 3221/5790/4723 3224/5796/4729 3190/5728/4670
f 3190/5728/4670 3225/5798/4729 3222/5792/4726
f 3190/5728/4670 3223/5794/4726 3226/5800/4732
f 3224/5796/4729 3206/5760/4702 3190/5728/4670
f 3190/5728/4670 3227/5802/4732 3225/5798/4729
f 3190/5728/4670 3226/5800/4732 3228/5804/4735
f 3190/5728/4670 3229/5806/4735 3227/5802/4732
f 3190/5728/4670 3228/5804/4735 3230/5808/4738
f 3190/5728/4670 3231/5810/4738 3229/5806/4735
f 3230/5808/4738 3232/5812/4741 3190/5728/4670
f 3190/5728/4670 3233/5814/4741 3231/5810/4738
f 3234/5815/4741 3233/5814/4741 3190/5728/4670
f 3232/5812/4741 3234/5815/4741 3190/5728/4670
f 3199/5746/4688 3191/5730/4672 3193/5736/4678
f 3199/5748/4690 3205/5758/4700 3191/5731/4673
f 3193/5736/4678 3192/5733/4675 3194/5738/4680
f 3199/5746/4688 3193/5736/4678 3194/5738/4680
f 3235/5817/4744 3145/5642/4598 3143/5640/4596
f 3236/5818/4745 3146/5643/4599 3145/5642/4598
f 3236/5818/4745 3145/5642/4598 3235/5817/4744
f 3144/5641/4597 3237/5819/4746 3143/5639/4595
f 3235/5817/4744 3143/5640/4596 3237/5820/4747
f 3238/5821/4748 3148/5645/4600 3146/5643/4599
f 3238/5821/4748 3146/5643/4599 3236/5818/4745
f 3239/5822/4748 3147/5644/4600 3148/5645/4600
f 3239/5822/4748 3148/5645/4600 3238/5821/4748
f 3174/5695/4643 3147/5644/4600 3239/5822/4748
f 3240/5823/4749 3237/5819/4746 3144/5641/4597
f 3198/5745/4687 3240/5823/4749 3144/5641/4597
f 3173/5691/4639 3174/5694/4642 3241/5824/4750
f 3241/5825/4751 3174/5695/4643 3239/5822/4748
f 3173/5692/4640 3242/5826/4752 3199/5747/4689
f 3173/5692/4640 3243/5829/4755 3242/5826/4752
f 3173/5691/4639 3241/5824/4750 3243/5830/4756
f 3189/5727/4671 3244/5832/4758 3201/5751/4693
f 3189/5727/4671 3204/5756/4698 3244/5832/4758
f 3200/5750/4692 3245/5836/4762 3176/5699/4646
f 3176/5698/4645 3245/5837/4763 3246/5838/4763
f 3176/5698/4645 3246/5838/4763 3180/5707/4654
f 3200/5750/4692 3201/5752/4694 3245/5836/4762
f 3178/5703/4650 3177/5701/4648 3247/5840/4765
f 3248/5842/4767 3247/5840/4765 3177/5701/4648
f 3179/5706/4653 3248/5843/4768 3177/5700/4647
f 3182/5713/4659 3178/5703/4650 3247/5840/4765
f 3182/5713/4659 3247/5840/4765 3249/5845/4770
f 3248/5842/4767 3250/5847/4772 3247/5840/4765
f 3251/5849/4771 3249/5846/4771 3247/5841/4766
f 3251/5849/4771 3247/5841/4766 3250/5848/4771
f 3184/5718/4664 3182/5713/4659 3249/5845/4770
f 3181/5711/4657 3248/5844/4769 3179/5705/4652
f 3252/5850/4773 3250/5847/4772 3248/5842/4767
f 3181/5711/4657 3252/5851/4774 3248/5844/4769
f 3184/5718/4664 3249/5845/4770 3253/5853/4776
f 3184/5719/4665 3254/5856/4779 3183/5715/4661
f 3184/5719/4665 3253/5855/4778 3254/5856/4779
f 3255/5859/4780 3253/5854/4777 3249/5846/4771
f 3251/5849/4771 3255/5859/4780 3249/5846/4771
f 3256/5862/4781 3183/5716/4662 3254/5858/4781
f 3257/5865/4784 3185/5721/4667 3183/5714/4660
f 3257/5865/4784 3183/5714/4660 3256/5864/4784
f 3255/5859/4780 3254/5857/4780 3253/5854/4777
f 3256/5862/4781 3254/5858/4781 3255/5861/4781
f 3197/5743/4685 3185/5720/4666 3258/5867/4786
f 3257/5865/4784 3258/5868/4787 3185/5721/4667
f 3251/5849/4771 3250/5848/4771 3259/5870/4787
f 3260/5872/4790 3255/5859/4780 3251/5849/4771
f 3259/5870/4787 3261/5874/4790 3251/5849/4771
f 3262/5876/4793 3251/5849/4771 3261/5874/4790
f 3262/5876/4793 3260/5872/4790 3251/5849/4771
f 3252/5850/4773 3263/5879/4796 3250/5847/4772
f 3250/5848/4771 3263/5880/4797 3259/5870/4787
f 3264/5881/4798 3235/5817/4744 3237/5820/4747
f 3265/5882/4799 3236/5818/4745 3235/5817/4744
f 3265/5882/4799 3235/5817/4744 3264/5881/4798
f 3240/5823/4749 3266/5883/4800 3237/5819/4746
f 3264/5881/4798 3237/5820/4747 3266/5884/4801
f 3267/5885/4802 3238/5821/4748 3236/5818/4745
f 3267/5885/4802 3236/5818/4745 3265/5882/4799
f 3268/5886/4802 3239/5822/4748 3238/5821/4748
f 3268/5886/4802 3238/5821/4748 3267/5885/4802
f 3241/5825/4751 3239/5822/4748 3268/5886/4802
f 3201/5752/4694 3269/5887/4803 3245/5836/4762
f 3201/5752/4694 3244/5835/4761 3269/5887/4803
f 3260/5872/4790 3270/5891/4806 3255/5859/4780
f 3271/5894/4809 3256/5863/4783 3255/5860/4782
f 3255/5860/4782 3272/5897/4812 3271/5894/4809
f 3255/5860/4782 3270/5893/4808 3272/5897/4812
f 3273/5900/4815 3246/5838/4763 3245/5837/4763
f 3245/5837/4763 3269/5890/4806 3274/5903/4818
f 3245/5837/4763 3274/5903/4818 3273/5900/4815
f 3180/5708/4655 3252/5852/4775 3181/5710/4656
f 3180/5708/4655 3275/5905/4820 3252/5852/4775
f 3275/5906/4821 3263/5879/4796 3252/5850/4773
f 3180/5708/4655 3246/5839/4764 3276/5907/4822
f 3180/5708/4655 3276/5907/4822 3275/5905/4820
f 3246/5839/4764 3277/5909/4824 3276/5907/4822
f 3246/5839/4764 3273/5902/4817 3277/5909/4824
f 3275/5906/4821 3259/5871/4789 3263/5879/4796
f 3261/5875/4792 3259/5871/4789 3275/5906/4821
f 3261/5875/4792 3275/5906/4821 3276/5908/4823
f 3262/5877/4794 3261/5875/4792 3276/5908/4823
f 3262/5877/4794 3276/5908/4823 3277/5912/4827
f 3278/5913/4828 3204/5755/4697 3202/5753/4695
f 3203/5754/4696 3279/5917/4832 3202/5753/4695
f 3202/5753/4695 3280/5918/4833 3278/5914/4829
f 3202/5753/4695 3279/5917/4832 3280/5918/4833
f 3278/5913/4828 3244/5833/4759 3204/5755/4697
f 3206/5760/4702 3281/5920/4835 3203/5754/4696
f 3282/5922/4835 3233/5814/4741 3203/5754/4696
f 3233/5814/4741 3283/5924/4838 3203/5754/4696
f 3281/5920/4835 3284/5925/4838 3203/5754/4696
f 3284/5925/4838 3285/5927/4838 3203/5754/4696
f 3285/5927/4838 3286/5929/4841 3203/5754/4696
f 3286/5929/4841 3287/5931/4841 3203/5754/4696
f 3203/5754/4696 3287/5931/4841 3288/5933/4844
f 3203/5754/4696 3288/5933/4844 3289/5935/4844
f 3203/5754/4696 3289/5935/4844 3290/5937/4847
f 3203/5754/4696 3290/5937/4847 3291/5939/4847
f 3203/5754/4696 3291/5939/4847 3292/5941/4850
f 3293/5943/4850 3282/5922/4835 3203/5754/4696
f 3292/5941/4850 3293/5943/4850 3203/5754/4696
f 3203/5754/4696 3283/5924/4838 3279/5917/4832
f 3294/5945/4853 3207/5762/4702 3205/5757/4699
f 3205/5757/4699 3233/5814/4741 3295/5947/4853
f 3205/5757/4699 3296/5949/4856 3233/5814/4741
f 3199/5748/4690 3242/5828/4754 3205/5758/4700
f 3205/5759/4701 3242/5827/4753 3243/5831/4757
f 3205/5759/4701 3243/5831/4757 3297/5950/4857
f 3298/5953/4859 3294/5945/4853 3205/5757/4699
f 3299/5955/4859 3298/5953/4859 3205/5757/4699
f 3300/5957/4862 3299/5955/4859 3205/5757/4699
f 3301/5959/4862 3300/5957/4862 3205/5757/4699
f 3302/5961/4865 3301/5959/4862 3205/5757/4699
f 3205/5757/4699 3303/5963/4865 3302/5961/4865
f 3205/5757/4699 3304/5965/4868 3303/5963/4865
f 3205/5757/4699 3305/5967/4868 3304/5965/4868
f 3205/5757/4699 3306/5969/4871 3305/5967/4868
f 3205/5757/4699 3307/5971/4871 3306/5969/4871
f 3205/5757/4699 3308/5973/4874 3307/5971/4871
f 3205/5757/4699 3295/5947/4853 3309/5975/4874
f 3205/5757/4699 3310/5977/4877 3308/5973/4874
f 3205/5757/4699 3309/5975/4874 3310/5977/4877
f 3205/5757/4699 3311/5979/4877 3296/5949/4856
f 3297/5952/4859 3311/5979/4877 3205/5757/4699
f 3209/5767/4707 3208/5765/4706 3312/5980/4879
f 3208/5765/4706 3210/5769/4709 3313/5982/4881
f 3208/5765/4706 3313/5982/4881 3312/5980/4879
f 3211/5771/4710 3209/5767/4707 3314/5984/4883
f 3209/5767/4707 3312/5980/4879 3314/5984/4883
f 3210/5769/4709 3207/5763/4704 3315/5986/4885
f 3210/5769/4709 3315/5986/4885 3313/5982/4881
f 3212/5773/4712 3211/5771/4710 3316/5988/4887
f 3211/5771/4710 3314/5984/4883 3316/5988/4887
f 3207/5763/4704 3317/5990/4889 3315/5986/4885
f 3207/5763/4704 3294/5946/4854 3317/5990/4889
f 3213/5775/4713 3212/5773/4712 3318/5992/4891
f 3212/5773/4712 3316/5988/4887 3318/5992/4891
f 3215/5779/4716 3214/5777/4715 3319/5994/4893
f 3214/5777/4715 3216/5781/4718 3320/5996/4895
f 3214/5777/4715 3320/5996/4895 3319/5994/4893
f 3217/5783/4719 3215/5779/4716 3321/5998/4897
f 3215/5779/4716 3319/5994/4893 3321/5998/4897
f 3216/5781/4718 3218/5785/4721 3322/6000/4899
f 3216/5781/4718 3322/6000/4899 3320/5996/4895
f 3219/5787/4722 3217/5783/4719 3323/6002/4901
f 3217/5783/4719 3321/5998/4897 3323/6002/4901
f 3218/5785/4721 3220/5789/4724 3324/6004/4903
f 3218/5785/4721 3324/6004/4903 3322/6000/4899
f 3221/5791/4725 3219/5787/4722 3325/6006/4905
f 3219/5787/4722 3323/6002/4901 3325/6006/4905
f 3220/5789/4724 3222/5793/4727 3326/6008/4907
f 3220/5789/4724 3326/6008/4907 3324/6004/4903
f 3223/5795/4728 3213/5775/4713 3327/6010/4909
f 3213/5775/4713 3318/5992/4891 3327/6010/4909
f 3224/5797/4730 3221/5791/4725 3328/6012/4911
f 3221/5791/4725 3325/6006/4905 3328/6012/4911
f 3222/5793/4727 3225/5799/4731 3329/6014/4912
f 3222/5793/4727 3329/6014/4912 3326/6008/4907
f 3226/5801/4733 3223/5795/4728 3330/6016/4914
f 3223/5795/4728 3327/6010/4909 3330/6016/4914
f 3206/5761/4703 3224/5797/4730 3331/6018/4916
f 3224/5797/4730 3328/6012/4911 3331/6018/4916
f 3225/5799/4731 3227/5803/4734 3332/6020/4917
f 3225/5799/4731 3332/6020/4917 3329/6014/4912
f 3228/5805/4736 3226/5801/4733 3333/6022/4919
f 3226/5801/4733 3330/6016/4914 3333/6022/4919
f 3206/5761/4703 3331/6018/4916 3334/6024/4921
f 3281/5921/4836 3206/5761/4703 3334/6024/4921
f 3227/5803/4734 3229/5807/4737 3335/6026/4922
f 3227/5803/4734 3335/6026/4922 3332/6020/4917
f 3230/5809/4739 3228/5805/4736 3336/6028/4924
f 3228/5805/4736 3333/6022/4919 3336/6028/4924
f 3337/6030/4926 3229/5807/4737 3231/5811/4740
f 3337/6030/4926 3335/6026/4922 3229/5807/4737
f 3232/5813/4742 3230/5809/4739 3338/6032/4928
f 3230/5809/4739 3336/6028/4924 3338/6032/4928
f 3233/5814/4741 3339/6034/4930 3231/5810/4738
f 3231/5811/4740 3340/6036/4932 3337/6030/4926
f 3231/5811/4740 3339/6035/4931 3340/6036/4932
f 3234/5815/4741 3341/6038/4934 3233/5814/4741
f 3233/5814/4741 3342/6040/4934 3339/6034/4930
f 3233/5814/4741 3343/6042/4937 3342/6040/4934
f 3233/5814/4741 3341/6038/4934 3344/6044/4937
f 3233/5814/4741 3345/6046/4940 3343/6042/4937
f 3233/5814/4741 3344/6044/4937 3346/6048/4940
f 3233/5814/4741 3347/6050/4943 3345/6046/4940
f 3233/5814/4741 3346/6048/4940 3348/6052/4943
f 3282/5922/4835 3347/6050/4943 3233/5814/4741
f 3233/5814/4741 3348/6052/4943 3295/5947/4853
f 3233/5814/4741 3296/5949/4856 3283/5924/4838
f 3234/5816/4743 3232/5813/4742 3349/6054/4946
f 3232/5813/4742 3338/6032/4928 3349/6054/4946
f 3234/5816/4743 3349/6054/4946 3350/6056/4948
f 3341/6039/4935 3234/5816/4743 3350/6056/4948
f 3351/6058/4950 3198/5745/4687 3196/5741/4683
f 3352/6059/4951 3196/5741/4683 3197/5742/4684
f 3352/6059/4951 3351/6058/4950 3196/5741/4683
f 3353/6060/4952 3240/5823/4749 3198/5745/4687
f 3351/6058/4950 3353/6060/4952 3198/5745/4687
f 3354/6061/4953 3197/5744/4686 3258/5869/4788
f 3355/6063/4955 3197/5742/4684 3354/6062/4954
f 3355/6063/4955 3352/6059/4951 3197/5742/4684
f 3356/6064/4956 3266/5883/4800 3240/5823/4749
f 3353/6060/4952 3356/6064/4956 3240/5823/4749
f 3243/5830/4756 3241/5824/4750 3357/6065/4957
f 3357/6066/4958 3241/5825/4751 3268/5886/4802
f 3243/5830/4756 3357/6065/4957 3297/5951/4858
f 3358/6067/4959 3269/5888/4804 3244/5834/4760
f 3358/6067/4959 3244/5834/4760 3278/5916/4831
f 3274/5904/4819 3269/5889/4805 3358/6069/4961
f 3274/5903/4818 3359/6070/4962 3273/5900/4815
f 3273/5901/4816 3360/6071/4963 3277/5910/4825
f 3273/5901/4816 3361/6073/4963 3360/6071/4963
f 3359/6070/4962 3361/6074/4965 3273/5900/4815
f 3274/5903/4818 3362/6075/4965 3359/6070/4962
f 3274/5903/4818 3363/6076/4965 3362/6075/4965
f 3363/6077/4966 3274/5904/4819 3358/6069/4961
f 3260/5873/4791 3262/5878/4795 3277/5911/4826
f 3260/5873/4791 3277/5911/4826 3360/6072/4964
f 3270/5892/4807 3260/5873/4791 3360/6072/4964
f 3364/6078/4967 3264/5881/4798 3266/5884/4801
f 3365/6079/4967 3265/5882/4799 3264/5881/4798
f 3365/6079/4967 3264/5881/4798 3364/6078/4967
f 3364/6078/4967 3266/5884/4801 3366/6080/4967
f 3356/6064/4956 3366/6081/4968 3266/5883/4800
f 3367/6082/4967 3267/5885/4802 3265/5882/4799
f 3367/6082/4967 3265/5882/4799 3365/6079/4967
f 3368/6083/4967 3268/5886/4802 3267/5885/4802
f 3368/6083/4967 3267/5885/4802 3367/6082/4967
f 3357/6066/4958 3268/5886/4802 3368/6083/4967
f 3257/5865/4784 3256/5864/4784 3271/5896/4811
f 3361/6073/4963 3271/5895/4810 3272/5899/4814
f 3271/5896/4811 3369/6084/4969 3257/5865/4784
f 3362/6075/4965 3271/5896/4811 3361/6074/4965
f 3362/6075/4965 3369/6084/4969 3271/5896/4811
f 3270/5892/4807 3360/6072/4964 3272/5898/4813
f 3361/6073/4963 3272/5899/4814 3360/6071/4963
f 3354/6061/4953 3258/5869/4788 3257/5866/4785
f 3369/6084/4969 3370/6085/4969 3257/5865/4784
f 3371/6087/4971 3257/5866/4785 3370/6086/4970
f 3371/6087/4971 3354/6061/4953 3257/5866/4785
f 3359/6070/4962 3362/6075/4965 3361/6074/4965
f 3363/6076/4965 3369/6084/4969 3362/6075/4965
f 3363/6076/4965 3370/6085/4969 3369/6084/4969
f 3313/5983/4882 3372/6089/4973 3312/5981/4880
f 3312/5981/4880 3373/6091/4975 3314/5985/4884
f 3312/5981/4880 3372/6089/4973 3373/6091/4975
f 3315/5987/4886 3374/6093/4976 3313/5983/4882
f 3313/5983/4882 3374/6093/4976 3372/6089/4973
f 3314/5985/4884 3375/6095/4978 3316/5989/4888
f 3314/5985/4884 3373/6091/4975 3375/6095/4978
f 3317/5991/4890 3376/6097/4979 3315/5987/4886
f 3315/5987/4886 3376/6097/4979 3374/6093/4976
f 3294/5946/4854 3377/6099/4981 3317/5990/4889
f 3294/5946/4854 3298/5954/4860 3377/6099/4981
f 3317/5991/4890 3378/6101/4983 3376/6097/4979
f 3377/6100/4982 3378/6101/4983 3317/5991/4890
f 3316/5989/4888 3379/6103/4985 3318/5993/4892
f 3316/5989/4888 3375/6095/4978 3379/6103/4985
f 3320/5997/4896 3380/6105/4986 3319/5995/4894
f 3319/5995/4894 3381/6107/4988 3321/5999/4898
f 3319/5995/4894 3380/6105/4986 3381/6107/4988
f 3322/6001/4900 3382/6109/4989 3320/5997/4896
f 3320/5997/4896 3382/6109/4989 3380/6105/4986
f 3321/5999/4898 3383/6111/4991 3323/6003/4902
f 3321/5999/4898 3381/6107/4988 3383/6111/4991
f 3324/6005/4904 3384/6113/4992 3322/6001/4900
f 3322/6001/4900 3384/6113/4992 3382/6109/4989
f 3385/6115/4994 3370/6086/4970 3363/6077/4966
f 3358/6069/4961 3385/6115/4994 3363/6077/4966
f 3323/6003/4902 3383/6111/4991 3386/6117/4996
f 3323/6003/4902 3386/6117/4996 3325/6007/4906
f 3324/6005/4904 3387/6119/4998 3384/6113/4992
f 3326/6009/4908 3387/6119/4998 3324/6005/4904
f 3318/5993/4892 3379/6103/4985 3388/6121/4999
f 3318/5993/4892 3388/6121/4999 3327/6011/4910
f 3383/6112/4990 3381/6108/4987 3380/6106/4987
f 3383/6112/4990 3380/6106/4987 3384/6114/4993
f 3380/6106/4987 3382/6110/4990 3384/6114/4993
f 3383/6112/4990 3384/6114/4993 3389/6123/5000
f 3390/6125/5000 3386/6118/4997 3383/6112/4990
f 3391/6127/5003 3383/6112/4990 3389/6123/5000
f 3392/6129/5003 3390/6125/5000 3383/6112/4990
f 3391/6127/5003 3392/6129/5003 3383/6112/4990
f 3384/6114/4993 3393/6131/5006 3389/6123/5000
f 3384/6114/4993 3387/6120/4997 3393/6131/5006
f 3375/6096/4977 3373/6092/4974 3372/6090/4974
f 3375/6096/4977 3372/6090/4974 3376/6098/4980
f 3372/6090/4974 3374/6094/4977 3376/6098/4980
f 3375/6096/4977 3376/6098/4980 3394/6133/5006
f 3388/6122/5000 3379/6104/4984 3375/6096/4977
f 3395/6135/5009 3375/6096/4977 3394/6133/5006
f 3396/6137/5009 3388/6122/5000 3375/6096/4977
f 3395/6135/5009 3396/6137/5009 3375/6096/4977
f 3376/6098/4980 3397/6139/5012 3394/6133/5006
f 3376/6098/4980 3378/6102/4984 3397/6139/5012
f 3298/5954/4860 3398/6141/5014 3377/6099/4981
f 3298/5954/4860 3299/5956/4861 3398/6141/5014
f 3377/6100/4982 3397/6140/5013 3378/6101/4983
f 3398/6142/5015 3397/6140/5013 3377/6100/4982
f 3385/6115/4994 3371/6087/4971 3370/6086/4970
f 3325/6007/4906 3386/6117/4996 3390/6126/5002
f 3325/6007/4906 3390/6126/5002 3328/6013/4910
f 3389/6123/5000 3399/6143/5016 3391/6127/5003
f 3393/6131/5006 3400/6145/5016 3389/6123/5000
f 3332/6021/4918 3389/6124/5001 3400/6146/5018
f 3335/6027/4923 3389/6124/5001 3332/6021/4918
f 3335/6027/4923 3401/6147/5019 3389/6124/5001
f 3389/6123/5000 3401/6148/5020 3402/6149/5020
f 3389/6123/5000 3402/6149/5020 3403/6151/5020
f 3389/6123/5000 3403/6151/5020 3399/6143/5016
f 3392/6129/5003 3404/6153/5023 3390/6125/5000
f 3328/6013/4910 3390/6126/5002 3404/6154/5024
f 3391/6127/5003 3405/6155/5023 3392/6129/5003
f 3331/6019/4915 3404/6154/5024 3392/6130/5005
f 3331/6019/4915 3392/6130/5005 3334/6025/4920
f 3334/6025/4920 3392/6130/5005 3406/6157/5026
f 3405/6155/5023 3406/6158/5027 3392/6129/5003
f 3391/6127/5003 3407/6159/5027 3405/6155/5023
f 3399/6143/5016 3408/6161/5027 3391/6127/5003
f 3409/6163/5028 3407/6160/5028 3391/6128/5004
f 3409/6163/5028 3391/6128/5004 3410/6165/5031
f 3410/6165/5031 3391/6128/5004 3411/6167/5033
f 3412/6169/5034 3411/6168/5034 3391/6127/5003
f 3408/6161/5027 3412/6169/5034 3391/6127/5003
f 3326/6009/4908 3393/6132/5007 3387/6119/4998
f 3329/6015/4913 3393/6132/5007 3326/6009/4908
f 3329/6015/4913 3400/6146/5018 3393/6132/5007
f 3394/6133/5006 3413/6171/5034 3395/6135/5009
f 3397/6139/5012 3414/6173/5037 3394/6133/5006
f 3415/6175/5039 3394/6134/5008 3414/6174/5038
f 3416/6177/5041 3394/6134/5008 3415/6175/5039
f 3416/6177/5041 3417/6179/5041 3394/6134/5008
f 3394/6133/5006 3417/6180/5043 3418/6181/5043
f 3394/6133/5006 3418/6181/5043 3419/6183/5043
f 3394/6133/5006 3419/6183/5043 3413/6171/5034
f 3396/6137/5009 3420/6185/5046 3388/6122/5000
f 3327/6011/4910 3388/6121/4999 3420/6186/5047
f 3395/6135/5009 3421/6187/5046 3396/6137/5009
f 3330/6017/4915 3420/6186/5047 3396/6138/5011
f 3330/6017/4915 3396/6138/5011 3333/6023/4920
f 3333/6023/4920 3396/6138/5011 3422/6189/5049
f 3421/6187/5046 3422/6190/5050 3396/6137/5009
f 3395/6135/5009 3423/6191/5050 3421/6187/5046
f 3413/6171/5034 3424/6193/5050 3395/6135/5009
f 3349/6055/4947 3423/6192/5051 3395/6136/5010
f 3349/6055/4947 3395/6136/5010 3350/6057/4949
f 3350/6057/4949 3395/6136/5010 3425/6195/5053
f 3426/6197/5054 3425/6196/5054 3395/6135/5009
f 3424/6193/5050 3426/6197/5054 3395/6135/5009
f 3398/6142/5015 3414/6174/5038 3397/6140/5013
f 3299/5956/4861 3415/6176/5040 3398/6141/5014
f 3415/6175/5039 3414/6174/5038 3398/6142/5015
f 3299/5956/4861 3300/5958/4863 3415/6176/5040
f 3327/6011/4910 3420/6186/5047 3330/6017/4915
f 3328/6013/4910 3404/6154/5024 3331/6019/4915
f 3332/6021/4918 3400/6146/5018 3329/6015/4913
f 3300/5958/4863 3416/6178/5042 3415/6176/5040
f 3300/5958/4863 3301/5960/4864 3416/6178/5042
f 3281/5921/4836 3334/6024/4921 3427/6199/5056
f 3334/6025/4920 3406/6157/5026 3427/6200/5057
f 3333/6023/4920 3422/6189/5049 3336/6029/4925
f 3428/6201/5058 3416/6178/5042 3301/5960/4864
f 3428/6202/5059 3417/6179/5041 3416/6177/5041
f 3428/6201/5058 3301/5960/4864 3302/5962/4866
f 3284/5926/4839 3281/5921/4836 3427/6199/5056
f 3337/6031/4927 3401/6147/5019 3335/6027/4923
f 3427/6200/5057 3406/6157/5026 3405/6156/5025
f 3427/6200/5057 3405/6156/5025 3429/6203/5060
f 3284/5926/4839 3427/6199/5056 3429/6204/5061
f 3429/6203/5060 3405/6156/5025 3407/6160/5028
f 3337/6031/4927 3402/6150/5021 3401/6147/5019
f 3402/6149/5020 3430/6205/5062 3403/6151/5020
f 3340/6037/4933 3402/6150/5021 3337/6031/4927
f 3340/6037/4933 3430/6206/5063 3402/6150/5021
f 3403/6151/5020 3431/6207/5062 3399/6143/5016
f 3432/6209/5065 3403/6152/5022 3430/6206/5063
f 3433/6211/5067 3403/6152/5022 3432/6209/5065
f 3433/6211/5067 3434/6213/5067 3403/6152/5022
f 3403/6151/5020 3434/6214/5069 3431/6207/5062
f 3399/6143/5016 3435/6215/5069 3408/6161/5027
f 3431/6207/5062 3436/6217/5069 3399/6143/5016
f 3437/6219/5072 3399/6144/5017 3436/6218/5071
f 3438/6221/5074 3399/6144/5017 3437/6219/5072
f 3399/6143/5016 3439/6223/5076 3435/6215/5069
f 3438/6221/5074 3439/6224/5077 3399/6144/5017
f 3336/6029/4925 3422/6189/5049 3421/6188/5048
f 3336/6029/4925 3421/6188/5048 3338/6033/4929
f 3338/6033/4929 3421/6188/5048 3423/6192/5051
f 3428/6202/5059 3418/6182/5044 3417/6179/5041
f 3418/6181/5043 3440/6225/5076 3419/6183/5043
f 3441/6227/5078 3418/6182/5044 3428/6202/5059
f 3441/6227/5078 3440/6226/5078 3418/6182/5044
f 3419/6183/5043 3442/6229/5080 3413/6171/5034
f 3443/6231/5082 3419/6184/5045 3440/6226/5078
f 3444/6233/5084 3419/6184/5045 3443/6231/5082
f 3444/6233/5084 3445/6235/5084 3419/6184/5045
f 3419/6183/5043 3445/6236/5086 3442/6229/5080
f 3413/6171/5034 3446/6237/5086 3424/6193/5050
f 3442/6229/5080 3447/6239/5086 3413/6171/5034
f 3448/6241/5089 3413/6172/5036 3447/6240/5088
f 3449/6243/5091 3413/6172/5036 3448/6241/5089
f 3413/6171/5034 3450/6245/5093 3446/6237/5086
f 3449/6243/5091 3450/6246/5094 3413/6172/5036
f 3302/5962/4866 3441/6228/5079 3428/6201/5058
f 3302/5962/4866 3303/5964/4867 3441/6228/5079
f 3285/5928/4840 3284/5926/4839 3429/6204/5061
f 3285/5928/4840 3429/6204/5061 3409/6164/5030
f 3429/6203/5060 3407/6160/5028 3409/6163/5028
f 3338/6033/4929 3423/6192/5051 3349/6055/4947
f 3286/5930/4842 3285/5928/4840 3409/6164/5030
f 3286/5930/4842 3409/6164/5030 3410/6166/5032
f 3432/6209/5065 3430/6206/5063 3340/6037/4933
f 3339/6035/4931 3432/6210/5066 3340/6036/4932
f 3339/6035/4931 3342/6041/4936 3432/6210/5066
f 3443/6231/5082 3440/6226/5078 3441/6227/5078
f 3303/5964/4867 3443/6232/5083 3441/6228/5079
f 3303/5964/4867 3304/5966/4869 3443/6232/5083
f 3287/5932/4843 3286/5930/4842 3410/6166/5032
f 3410/6165/5031 3411/6167/5033 3451/6247/5095
f 3287/5932/4843 3410/6166/5032 3451/6248/5096
f 3342/6041/4936 3433/6212/5068 3432/6210/5066
f 3350/6057/4949 3425/6195/5053 3452/6249/5095
f 3341/6039/4935 3350/6056/4948 3452/6250/5097
f 3304/5966/4869 3444/6234/5085 3443/6232/5083
f 3342/6041/4936 3343/6043/4938 3433/6212/5068
f 3304/5966/4869 3305/5968/4870 3444/6234/5085
f 3451/6247/5095 3411/6167/5033 3412/6170/5035
f 3288/5934/4845 3287/5932/4843 3451/6248/5096
f 3451/6247/5095 3412/6170/5035 3453/6251/5098
f 3288/5934/4845 3451/6248/5096 3453/6252/5099
f 3408/6161/5027 3454/6253/5100 3412/6169/5034
f 3453/6251/5098 3412/6170/5035 3454/6254/5101
f 3455/6255/5101 3454/6254/5101 3408/6162/5029
f 3455/6255/5101 3408/6162/5029 3456/6257/5103
f 3456/6257/5103 3408/6162/5029 3457/6259/5105
f 3435/6215/5069 3457/6260/5106 3408/6161/5027
f 3458/6261/5107 3434/6213/5067 3433/6211/5067
f 3343/6043/4938 3458/6262/5108 3433/6212/5068
f 3458/6261/5107 3431/6208/5064 3434/6213/5067
f 3459/6263/5109 3431/6208/5064 3458/6261/5107
f 3459/6263/5109 3436/6218/5071 3431/6208/5064
f 3452/6249/5095 3425/6195/5053 3426/6198/5055
f 3344/6045/4939 3341/6039/4935 3452/6250/5097
f 3452/6249/5095 3426/6198/5055 3460/6265/5111
f 3344/6045/4939 3452/6250/5097 3460/6266/5112
f 3424/6193/5050 3461/6267/5113 3426/6197/5054
f 3460/6265/5111 3426/6198/5055 3461/6268/5114
f 3462/6269/5114 3461/6268/5114 3424/6194/5052
f 3462/6269/5114 3424/6194/5052 3463/6271/5116
f 3463/6271/5116 3424/6194/5052 3464/6273/5118
f 3446/6237/5086 3464/6274/5119 3424/6193/5050
f 3465/6275/5120 3445/6235/5084 3444/6233/5084
f 3305/5968/4870 3465/6276/5121 3444/6234/5085
f 3465/6275/5120 3442/6230/5081 3445/6235/5084
f 3466/6277/5122 3442/6230/5081 3465/6275/5120
f 3466/6277/5122 3447/6240/5088 3442/6230/5081
f 3343/6043/4938 3345/6047/4941 3458/6262/5108
f 3305/5968/4870 3306/5970/4872 3465/6276/5121
f 3289/5936/4846 3288/5934/4845 3453/6252/5099
f 3453/6251/5098 3454/6254/5101 3455/6255/5101
f 3289/5936/4846 3453/6252/5099 3455/6256/5102
f 3345/6047/4941 3459/6264/5110 3458/6262/5108
f 3346/6049/4942 3344/6045/4939 3460/6266/5112
f 3460/6265/5111 3461/6268/5114 3462/6269/5114
f 3346/6049/4942 3460/6266/5112 3462/6270/5115
f 3306/5970/4872 3466/6278/5123 3465/6276/5121
f 3345/6047/4941 3347/6051/4944 3459/6264/5110
f 3306/5970/4872 3307/5972/4873 3466/6278/5123
f 3290/5938/4848 3289/5936/4846 3455/6256/5102
f 3290/5938/4848 3455/6256/5102 3456/6258/5104
f 3437/6219/5072 3436/6218/5071 3459/6263/5109
f 3347/6051/4944 3437/6220/5073 3459/6264/5110
f 3348/6053/4945 3346/6049/4942 3462/6270/5115
f 3348/6053/4945 3462/6270/5115 3463/6272/5117
f 3448/6241/5089 3447/6240/5088 3466/6277/5122
f 3307/5972/4873 3448/6242/5090 3466/6278/5123
f 3347/6051/4944 3282/5923/4837 3437/6220/5073
f 3291/5940/4849 3290/5938/4848 3456/6258/5104
f 3456/6257/5103 3457/6259/5105 3467/6279/5124
f 3291/5940/4849 3456/6258/5104 3467/6280/5125
f 3282/5923/4837 3438/6222/5075 3437/6220/5073
f 3295/5948/4855 3348/6053/4945 3463/6272/5117
f 3463/6271/5116 3464/6273/5118 3468/6281/5124
f 3295/5948/4855 3463/6272/5117 3468/6282/5126
f 3307/5972/4873 3308/5974/4875 3448/6242/5090
f 3308/5974/4875 3449/6244/5092 3448/6242/5090
f 3467/6279/5124 3457/6259/5105 3435/6216/5070
f 3292/5942/4851 3291/5940/4849 3467/6280/5125
f 3467/6279/5124 3435/6216/5070 3469/6283/5127
f 3292/5942/4851 3467/6280/5125 3469/6284/5128
f 3469/6283/5127 3435/6216/5070 3439/6224/5077
f 3282/5923/4837 3293/5944/4852 3438/6222/5075
f 3469/6283/5127 3439/6224/5077 3438/6221/5074
f 3293/5944/4852 3469/6284/5128 3438/6222/5075
f 3468/6281/5124 3464/6273/5118 3446/6238/5087
f 3309/5976/4876 3295/5948/4855 3468/6282/5126
f 3468/6281/5124 3446/6238/5087 3470/6285/5127
f 3309/5976/4876 3468/6282/5126 3470/6286/5129
f 3470/6285/5127 3446/6238/5087 3450/6246/5094
f 3308/5974/4875 3310/5978/4878 3449/6244/5092
f 3470/6285/5127 3450/6246/5094 3449/6243/5091
f 3310/5978/4878 3470/6286/5129 3449/6244/5092
f 3293/5944/4852 3292/5942/4851 3469/6284/5128
f 3310/5978/4878 3309/5976/4876 3470/6286/5129
f 3278/5915/4830 3280/5919/4834 3471/6287/5130
f 3278/5915/4830 3471/6287/5130 3358/6068/4960
f 3279/5917/4832 3472/6288/5131 3280/5918/4833
f 3280/5919/4834 3473/6290/5133 3471/6287/5130
f 3280/5919/4834 3472/6289/5132 3473/6290/5133
f 3283/5924/4838 3474/6291/5134 3279/5917/4832
f 3279/5917/4832 3474/6291/5134 3472/6288/5131
f 3471/6287/5130 3385/6116/4995 3358/6068/4960
f 3471/6287/5130 3475/6292/5135 3385/6116/4995
f 3473/6290/5133 3475/6292/5135 3471/6287/5130
f 3296/5949/4856 3476/6293/5136 3283/5924/4838
f 3283/5924/4838 3476/6293/5136 3474/6291/5134
f 3296/5949/4856 3311/5979/4877 3477/6294/5136
f 3296/5949/4856 3478/6296/5136 3476/6293/5136
f 3296/5949/4856 3477/6294/5136 3479/6299/5140
f 3480/6303/5144 3478/6296/5136 3296/5949/4856
f 3479/6299/5140 3480/6303/5144 3296/5949/4856
f 3475/6292/5135 3371/6088/4972 3385/6116/4995
f 3481/6305/5145 3364/6078/4967 3366/6080/4967
f 3482/6306/5145 3365/6079/4967 3364/6078/4967
f 3482/6306/5145 3364/6078/4967 3481/6305/5145
f 3366/6081/4968 3356/6064/4956 3483/6307/5146
f 3484/6308/5147 3356/6064/4956 3353/6060/4952
f 3484/6308/5147 3483/6307/5146 3356/6064/4956
f 3481/6305/5145 3366/6080/4967 3485/6309/5148
f 3366/6081/4968 3483/6307/5146 3486/6311/5150
f 3486/6311/5150 3485/6310/5149 3366/6081/4968
f 3487/6312/5151 3367/6082/4967 3365/6079/4967
f 3487/6312/5151 3365/6079/4967 3482/6306/5145
f 3368/6083/4967 3367/6082/4967 3487/6312/5151
f 3488/6315/5154 3357/6066/4958 3368/6083/4967
f 3488/6315/5154 3368/6083/4967 3489/6318/5157
f 3368/6083/4967 3487/6312/5151 3490/6320/5157
f 3490/6320/5157 3491/6322/5160 3368/6083/4967
f 3491/6322/5160 3489/6318/5157 3368/6083/4967
f 3357/6065/4957 3492/6324/5162 3297/5951/4858
f 3492/6324/5162 3357/6065/4957 3488/6317/5156
f 3475/6292/5135 3493/6326/5164 3371/6088/4972
f 3493/6326/5164 3354/6062/4954 3371/6088/4972
f 3494/6327/5165 3493/6326/5164 3475/6292/5135
f 3473/6290/5133 3495/6328/5166 3475/6292/5135
f 3475/6292/5135 3496/6329/5167 3494/6327/5165
f 3475/6292/5135 3495/6328/5166 3496/6329/5167
f 3497/6330/5168 3353/6060/4952 3351/6058/4950
f 3497/6330/5168 3484/6308/5147 3353/6060/4952
f 3493/6326/5164 3355/6063/4955 3354/6062/4954
f 3494/6327/5165 3355/6063/4955 3493/6326/5164
f 3498/6331/5169 3351/6058/4950 3352/6059/4951
f 3498/6331/5169 3497/6330/5168 3351/6058/4950
f 3499/6332/5170 3352/6059/4951 3355/6063/4955
f 3494/6327/5165 3499/6332/5170 3355/6063/4955
f 3499/6332/5170 3498/6331/5169 3352/6059/4951
f 3297/5952/4859 3492/6325/5163 3311/5979/4877
f 3492/6325/5163 3477/6294/5136 3311/5979/4877
f 3492/6325/5163 3500/6333/5171 3477/6294/5136
f 3492/6324/5162 3488/6317/5156 3500/6334/5172
f 3474/6291/5134 3501/6336/5174 3472/6288/5131
f 3476/6293/5136 3502/6340/5178 3474/6291/5134
f 3474/6291/5134 3502/6340/5178 3501/6336/5174
f 3472/6289/5132 3503/6341/5179 3473/6290/5133
f 3472/6289/5132 3501/6339/5177 3503/6341/5179
f 3478/6296/5136 3504/6343/5181 3476/6293/5136
f 3476/6293/5136 3504/6343/5181 3502/6340/5178
f 3505/6347/5185 3479/6300/5141 3477/6295/5137
f 3500/6335/5173 3489/6319/5158 3477/6295/5137
f 3477/6295/5137 3489/6319/5158 3491/6323/5161
f 3477/6295/5137 3491/6323/5161 3505/6347/5185
f 3478/6297/5138 3480/6304/5143 3506/6349/5187
f 3478/6296/5136 3507/6350/5188 3504/6343/5181
f 3508/6353/5191 3478/6297/5138 3506/6349/5187
f 3478/6298/5139 3508/6355/5193 3509/6356/5194
f 3478/6298/5139 3509/6356/5194 3507/6351/5189
f 3479/6302/5143 3506/6349/5187 3480/6304/5143
f 3479/6302/5143 3510/6358/5196 3506/6349/5187
f 3510/6359/5197 3479/6301/5142 3505/6348/5186
f 3500/6335/5173 3488/6316/5155 3489/6319/5158
f 3503/6341/5179 3495/6328/5166 3473/6290/5133
f 3511/6360/5198 3481/6305/5145 3485/6309/5148
f 3512/6363/5201 3482/6306/5145 3481/6305/5145
f 3512/6363/5201 3481/6305/5145 3511/6360/5198
f 3513/6365/5202 3486/6311/5150 3483/6307/5146
f 3514/6367/5204 3483/6307/5146 3484/6308/5147
f 3514/6367/5204 3513/6365/5202 3483/6307/5146
f 3515/6369/5206 3485/6310/5149 3486/6311/5150
f 3511/6360/5198 3485/6309/5148 3516/6371/5208
f 3515/6369/5206 3516/6372/5209 3485/6310/5149
f 3513/6365/5202 3515/6369/5206 3486/6311/5150
f 3517/6374/5211 3487/6312/5151 3482/6306/5145
f 3517/6374/5211 3482/6306/5145 3512/6363/5201
f 3490/6321/5159 3487/6314/5153 3518/6377/5214
f 3519/6380/5217 3518/6378/5215 3487/6313/5152
f 3519/6380/5217 3487/6313/5152 3517/6376/5213
f 3505/6347/5185 3491/6323/5161 3490/6321/5159
f 3505/6347/5185 3490/6321/5159 3520/6382/5219
f 3520/6382/5219 3490/6321/5159 3518/6377/5214
f 3521/6383/5220 3494/6327/5165 3496/6329/5167
f 3522/6385/5222 3499/6332/5170 3494/6327/5165
f 3521/6383/5220 3522/6385/5222 3494/6327/5165
f 3523/6387/5224 3496/6329/5167 3495/6328/5166
f 3503/6341/5179 3523/6387/5224 3495/6328/5166
f 3523/6387/5224 3521/6383/5220 3496/6329/5167
f 3524/6390/5227 3484/6308/5147 3497/6330/5168
f 3524/6390/5227 3514/6367/5204 3484/6308/5147
f 3525/6392/5229 3497/6330/5168 3498/6331/5169
f 3525/6392/5229 3524/6390/5227 3497/6330/5168
f 3526/6394/5231 3498/6331/5169 3499/6332/5170
f 3522/6385/5222 3526/6394/5231 3499/6332/5170
f 3526/6394/5231 3525/6392/5229 3498/6331/5169
f 3501/6336/5174 3502/6340/5178 3504/6346/5184
f 3504/6345/5183 3523/6389/5226 3501/6337/5175
f 3523/6388/5225 3503/6342/5180 3501/6338/5176
f 3507/6352/5190 3527/6396/5233 3504/6344/5182
f 3504/6345/5183 3527/6397/5234 3523/6389/5226
f 3508/6353/5191 3506/6349/5187 3518/6377/5214
f 3510/6358/5196 3520/6382/5219 3506/6349/5187
f 3506/6349/5187 3520/6382/5219 3518/6377/5214
f 3508/6355/5193 3528/6398/5235 3509/6356/5194
f 3529/6401/5238 3530/6403/5240 3508/6353/5191
f 3518/6377/5214 3529/6401/5238 3508/6353/5191
f 3531/6406/5242 3508/6354/5192 3530/6405/5241
f 3531/6406/5242 3528/6399/5236 3508/6354/5192
f 3507/6352/5190 3509/6357/5195 3527/6396/5233
f 3527/6396/5233 3509/6357/5195 3528/6400/5237
f 3510/6358/5196 3505/6347/5185 3520/6382/5219
f 3529/6402/5239 3532/6409/5243 3530/6404/5239
f 3518/6377/5214 3533/6410/5245 3529/6401/5238
f 3534/6412/5246 3532/6409/5243 3529/6402/5239
f 3534/6412/5246 3529/6402/5239 3535/6414/5246
f 3533/6411/5246 3536/6416/5249 3529/6402/5239
f 3535/6414/5246 3529/6402/5239 3536/6416/5249
f 3530/6404/5239 3534/6412/5246 3531/6407/5243
f 3530/6404/5239 3532/6409/5243 3534/6412/5246
f 3527/6396/5233 3528/6400/5237 3531/6408/5244
f 3531/6408/5244 3534/6413/5247 3537/6417/5250
f 3531/6408/5244 3538/6419/5252 3527/6396/5233
f 3531/6408/5244 3537/6417/5250 3538/6419/5252
f 3518/6377/5214 3539/6421/5254 3533/6410/5245
f 3518/6377/5214 3540/6423/5256 3539/6421/5254
f 3540/6424/5257 3518/6379/5216 3541/6426/5259
f 3519/6380/5217 3541/6427/5260 3518/6378/5215
f 3534/6413/5247 3535/6415/5248 3542/6429/5262
f 3534/6413/5247 3542/6429/5262 3537/6417/5250
f 3543/6431/5264 3536/6416/5249 3533/6411/5246
f 3543/6431/5264 3533/6411/5246 3544/6433/5264
f 3544/6433/5264 3533/6411/5246 3539/6422/5255
f 3535/6414/5246 3536/6416/5249 3543/6431/5264
f 3535/6415/5248 3543/6432/5265 3545/6435/5265
f 3535/6415/5248 3545/6435/5265 3542/6429/5262
f 3543/6432/5265 3544/6434/5266 3546/6437/5268
f 3543/6432/5265 3546/6437/5268 3545/6435/5265
f 3544/6433/5264 3539/6422/5255 3547/6439/5270
f 3547/6439/5270 3539/6422/5255 3540/6425/5258
f 3544/6434/5266 3547/6440/5271 3548/6441/5272
f 3544/6434/5266 3548/6441/5272 3546/6437/5268
f 3547/6439/5270 3540/6425/5258 3549/6443/5274
f 3540/6424/5257 3541/6426/5259 3549/6444/5275
f 3547/6440/5271 3549/6445/5276 3550/6446/5277
f 3547/6440/5271 3550/6446/5277 3548/6441/5272
f 3549/6445/5276 3541/6428/5261 3519/6381/5218
f 3549/6445/5276 3519/6381/5218 3551/6448/5279
f 3551/6448/5279 3550/6446/5277 3549/6445/5276
f 3519/6381/5218 3517/6375/5212 3512/6364/5200
f 3519/6381/5218 3512/6364/5200 3551/6448/5279
f 3552/6449/5280 3511/6361/5199 3516/6373/5210
f 3551/6448/5279 3512/6364/5200 3511/6362/5200
f 3551/6448/5279 3511/6362/5200 3552/6450/5281
f 3552/6449/5280 3516/6373/5210 3515/6370/5207
f 3550/6447/5278 3515/6370/5207 3513/6366/5203
f 3550/6447/5278 3552/6449/5280 3515/6370/5207
f 3548/6442/5273 3513/6366/5203 3514/6368/5205
f 3548/6442/5273 3550/6447/5278 3513/6366/5203
f 3527/6397/5234 3521/6384/5221 3523/6389/5226
f 3546/6438/5269 3514/6368/5205 3524/6391/5228
f 3546/6438/5269 3548/6442/5273 3514/6368/5205
f 3538/6420/5253 3522/6386/5223 3521/6384/5221
f 3527/6397/5234 3538/6420/5253 3521/6384/5221
f 3537/6418/5251 3526/6395/5232 3522/6386/5223
f 3538/6420/5253 3537/6418/5251 3522/6386/5223
f 3545/6436/5267 3524/6391/5228 3525/6393/5230
f 3545/6436/5267 3546/6438/5269 3524/6391/5228
f 3542/6430/5263 3525/6393/5230 3526/6395/5232
f 3537/6418/5251 3542/6430/5263 3526/6395/5232
f 3542/6430/5263 3545/6436/5267 3525/6393/5230
f 3551/6448/5279 3552/6450/5281 3550/6446/5277
g Mesh_body_32
v 0.0251386 0.366038 0.221363 0.627451 0.627451 0.643137
v 0.0301954 0.366235 0.213264 0.627451 0.627451 0.643137
v 0.0301954 0.366235 0.222611 0.627451 0.627451 0.643137
v 0.0251386 0.366038 0.212016 0.627451 0.627451 0.643137
v 0.0354486 0.366027 0.214553 0.627451 0.627451 0.643137
v 0.0354089 0.364928 0.214553 0.627451 0.627451 0.643137
v 0.0302016 0.365135 0.213264 0.627451 0.627451 0.643137
v 0.0251552 0.364938 0.221363 0.627451 0.627451 0.643137
v 0.0199836 0.366127 0.220078 0.627451 0.627451 0.643137
v 0.0199767 0.365027 0.220078 0.627451 0.627451 0.643137
v 0.0354486 0.366027 0.2239 0.627451 0.627451 0.643137
v 0.0301884 0.365135 0.222611 0.627451 0.627451 0.643137
v 0.0407864 0.364759 0.215821 0.627451 0.627451 0.643137
v 0.040849 0.365858 0.215821 0.627451 0.627451 0.643137
v 0.0251457 0.364938 0.212016 0.627451 0.627451 0.643137
v 0.0199836 0.366127 0.210731 0.627451 0.627451 0.643137
v 0.0354103 0.364928 0.2239 0.627451 0.627451 0.643137
v 0.040849 0.365858 0.225168 0.627451 0.627451 0.643137
v 0.0153686 0.366087 0.21895 0.627451 0.627451 0.643137
v 0.0153686 0.366087 0.209603 0.627451 0.627451 0.643137
v 0.0199811 0.365027 0.210731 0.627451 0.627451 0.643137
v 0.0154042 0.364988 0.21895 0.627451 0.627451 0.643137
v 0.0106064 0.365781 0.217831 0.627451 0.627451 0.643137
v 0.010667 0.364683 0.217831 0.627451 0.627451 0.643137
v 0.0154133 0.364988 0.209603 0.627451 0.627451 0.643137
v 0.0106064 0.365781 0.208484 0.627451 0.627451 0.643137
v 0.00604057 0.365585 0.216807 0.627451 0.627451 0.643137
v 0.00610716 0.364487 0.216808 0.627451 0.627451 0.643137
v 0.0106636 0.364682 0.208484 0.627451 0.627451 0.643137
v 0.00604057 0.365585 0.20746 0.627451 0.627451 0.643137
v 0.0463042 0.364257 0.217045 0.627451 0.627451 0.643137
v 0.0463477 0.365356 0.217046 0.627451 0.627451 0.643137
v 0.0407771 0.36476 0.225168 0.627451 0.627451 0.643137
v 0.0463477 0.365356 0.226393 0.627451 0.627451 0.643137
v 0.051643 0.364403 0.218085 0.627451 0.627451 0.643137
v 0.05165 0.365503 0.218086 0.627451 0.627451 0.643137
v 0.0463213 0.364256 0.226393 0.627451 0.627451 0.643137
v 0.05165 0.365499 0.227433 0.627451 0.627451 0.643137
v 0.00240753 0.365287 0.216045 0.627451 0.627451 0.643137
v 0.00248245 0.36419 0.216047 0.627451 0.627451 0.643137
v 0.00611325 0.364487 0.207461 0.627451 0.627451 0.643137
v 0.00240752 0.365272 0.206698 0.627451 0.627451 0.643137
v -0.00186375 0.365087 0.215212 0.627451 0.627451 0.643137
v -0.00182967 0.363988 0.215215 0.627451 0.627451 0.643137
v 0.00247747 0.364174 0.2067 0.627451 0.627451 0.643137
v -0.00186375 0.365057 0.205865 0.627451 0.627451 0.643137
v 0.0584369 0.36518 0.219255 0.627451 0.627451 0.643137
v 0.0583658 0.364082 0.219252 0.627451 0.627451 0.643137
v 0.0584369 0.365153 0.228602 0.627451 0.627451 0.643137
v 0.0516332 0.364399 0.227432 0.627451 0.627451 0.643137
v 0.0641151 0.363601 0.22005 0.627451 0.627451 0.643137
v 0.0641633 0.3647 0.220053 0.627451 0.627451 0.643137
v 0.0583621 0.364056 0.228599 0.627451 0.627451 0.643137
v 0.0641633 0.364667 0.229401 0.627451 0.627451 0.643137
v -0.00568886 0.363953 0.214531 0.627451 0.627451 0.643137
v -0.00574227 0.365052 0.214527 0.627451 0.627451 0.643137
v -0.00183463 0.363957 0.205868 0.627451 0.627451 0.643137
v -0.00574227 0.365013 0.20518 0.627451 0.627451 0.643137
v 0.0691427 0.36361 0.220543 0.627451 0.627451 0.643137
v 0.0691828 0.364709 0.220547 0.627451 0.627451 0.643137
v 0.0641222 0.363568 0.229397 0.627451 0.627451 0.643137
v 0.0691828 0.364678 0.229894 0.627451 0.627451 0.643137
v -0.00935988 0.363596 0.213947 0.627451 0.627451 0.643137
v -0.0095226 0.364684 0.213942 0.627451 0.627451 0.643137
v -0.00567884 0.363915 0.205184 0.627451 0.627451 0.643137
v -0.0095226 0.364642 0.204595 0.627451 0.627451 0.643137
v -0.0119676 0.363041 0.213575 0.627451 0.627451 0.643137
v -0.0123022 0.364089 0.21357 0.627451 0.627451 0.643137
v -0.00934869 0.363556 0.2046 0.627451 0.627451 0.643137
v -0.0123022 0.364048 0.204223 0.627451 0.627451 0.643137
v 0.074879 0.363158 0.220923 0.627451 0.627451 0.643137
v 0.0751214 0.36423 0.220926 0.627451 0.627451 0.643137
v 0.069138 0.363579 0.22989 0.627451 0.627451 0.643137
v 0.0751214 0.364208 0.230273 0.627451 0.627451 0.643137
v 0.0770011 0.362348 0.221058 0.627451 0.627451 0.643137
v 0.0776665 0.363224 0.22106 0.627451 0.627451 0.643137
v 0.0748674 0.363137 0.23027 0.627451 0.627451 0.643137
v -0.0134365 0.362379 0.213372 0.627451 0.627451 0.643137
v -0.0140206 0.363311 0.213368 0.627451 0.627451 0.643137
v -0.0119505 0.363005 0.204227 0.627451 0.627451 0.643137
v 0.0776665 0.363206 0.230407 0.627451 0.627451 0.643137
v -0.0140206 0.363272 0.20402 0.627451 0.627451 0.643137
v 0.0780521 0.360883 0.221189 0.627451 0.627451 0.643137
v 0.0790804 0.361274 0.22119 0.627451 0.627451 0.643137
v 0.0769841 0.362343 0.230405 0.627451 0.627451 0.643137
v 0.0790804 0.361258 0.230537 0.627451 0.627451 0.643137
v -0.0144715 0.361496 0.213231 0.627451 0.627451 0.643137
v -0.0153461 0.362163 0.213228 0.627451 0.627451 0.643137
v -0.0134201 0.36235 0.204024 0.627451 0.627451 0.643137
v -0.0153461 0.362126 0.203881 0.627451 0.627451 0.643137
v -0.0151353 0.359978 0.213156 0.627451 0.627451 0.643137
v -0.0161504 0.360401 0.213154 0.627451 0.627451 0.643137
v -0.0144602 0.361474 0.203884 0.627451 0.627451 0.643137
v -0.0161504 0.360365 0.203807 0.627451 0.627451 0.643137
v 0.0781956 0.358565 0.221301 0.627451 0.627451 0.643137
v 0.0792925 0.358647 0.221301 0.627451 0.627451 0.643137
v 0.0780453 0.360886 0.230537 0.627451 0.627451 0.643137
v 0.0792925 0.358633 0.230648 0.627451 0.627451 0.643137
v -0.0151346 0.359943 0.203809 0.627451 0.627451 0.643137
v 0.0781956 0.35855 0.230648 0.627451 0.627451 0.643137
v -0.0160692 0.357512 0.213067 0.627451 0.627451 0.643137
v -0.0171312 0.357799 0.213066 0.627451 0.627451 0.643137
v -0.0171312 0.357765 0.203718 0.627451 0.627451 0.643137
v -0.0160683 0.357482 0.203719 0.627451 0.627451 0.643137
v 0.078434 0.355153 0.221354 0.627451 0.627451 0.643137
v 0.0795324 0.355212 0.221354 0.627451 0.627451 0.643137
v 0.0795324 0.355199 0.230701 0.627451 0.627451 0.643137
v 0.078434 0.35514 0.230701 0.627451 0.627451 0.643137
v -0.0166604 0.353911 0.213008 0.627451 0.627451 0.643137
v -0.0177567 0.354001 0.213008 0.627451 0.627451 0.643137
v -0.0177567 0.35397 0.203661 0.627451 0.627451 0.643137
v -0.0166603 0.353881 0.203661 0.627451 0.627451 0.643137
v 0.0786001 0.350588 0.221354 0.627451 0.627451 0.643137
v 0.0796993 0.350629 0.221354 0.627451 0.627451 0.643137
v 0.0796993 0.350619 0.230701 0.627451 0.627451 0.643137
v 0.0786001 0.350577 0.230701 0.627451 0.627451 0.643137
v -0.0166567 0.351093 0.213 0.627451 0.627451 0.643137
v -0.0177567 0.351093 0.213 0.627451 0.627451 0.643137
v -0.0177567 0.351064 0.203653 0.627451 0.627451 0.643137
v -0.0166567 0.351064 0.203653 0.627451 0.627451 0.643137
v 0.0773005 0.350225 0.220271 0.627451 0.627451 0.643137
v 0.081025 0.350274 0.220271 0.627451 0.627451 0.643137
v 0.081025 0.350262 0.231784 0.627451 0.627451 0.643137
v 0.0773005 0.350213 0.231784 0.627451 0.627451 0.643137
v -0.0191592 0.350884 0.213961 0.627451 0.627451 0.643137
v -0.0191592 0.350854 0.202694 0.627451 0.627451 0.643137
v -0.0152541 0.350884 0.213961 0.627451 0.627451 0.643137
v -0.0152541 0.350854 0.202694 0.627451 0.627451 0.643137
v -0.0191592 0.34978 0.202698 0.627451 0.627451 0.643137
v -0.0191592 0.349811 0.213964 0.627451 0.627451 0.643137
v -0.0152541 0.34978 0.202698 0.627451 0.627451 0.643137
v -0.0152541 0.349811 0.213964 0.627451 0.627451 0.643137
v 0.081025 0.348988 0.220271 0.627451 0.627451 0.643137
v 0.081025 0.348976 0.231784 0.627451 0.627451 0.643137
v 0.0773005 0.348938 0.220271 0.627451 0.627451 0.643137
v 0.0773005 0.348926 0.231784 0.627451 0.627451 0.643137
v 0.0140145 0.366645 0.209142 0.627451 0.627451 0.643137
v 0.0119468 0.366645 0.219303 0.627451 0.627451 0.643137
v 0.0462285 0.366645 0.226279 0.627451 0.627451 0.643137
v 0.00585676 0.366494 0.207482 0.627451 0.627451 0.643137
v 0.0482961 0.366645 0.216118 0.627451 0.627451 0.643137
v 0.0066732 0.366347 0.205237 0.627451 0.627451 0.643137
v 0.0487882 0.366494 0.2137 0.627451 0.627451 0.643137
v 0.0145065 0.366494 0.206724 0.627451 0.627451 0.643137
v 0.0114548 0.366494 0.221721 0.627451 0.627451 0.643137
v 0.00378909 0.366494 0.217643 0.627451 0.627451 0.643137
v 0.00366313 0.366347 0.220029 0.627451 0.627451 0.643137
v 0.0457365 0.366494 0.228697 0.627451 0.627451 0.643137
v 0.0543862 0.366494 0.227939 0.627451 0.627451 0.643137
v 0.0535697 0.366347 0.230184 0.627451 0.627451 0.643137
v -0.000139828 0.366079 0.206262 0.627451 0.627451 0.643137
v 0.0110931 0.366079 0.223498 0.627451 0.627451 0.643137
v -0.000558651 0.366056 0.21917 0.627451 0.627451 0.643137
v -0.0022075 0.366079 0.216423 0.627451 0.627451 0.643137
v 0.0034085 0.366056 0.22128 0.627451 0.627451 0.643137
v 0.0565798 0.366347 0.215392 0.627451 0.627451 0.643137
v 0.0564538 0.366494 0.217778 0.627451 0.627451 0.643137
v 0.0491498 0.366079 0.211923 0.627451 0.627451 0.643137
v 0.00692783 0.366056 0.203985 0.627451 0.627451 0.643137
v 0.00245142 0.366056 0.204378 0.627451 0.627451 0.643137
v 0.0148682 0.366079 0.204947 0.627451 0.627451 0.643137
v 0.0603828 0.366079 0.229159 0.627451 0.627451 0.643137
v 0.0533151 0.366056 0.231436 0.627451 0.627451 0.643137
v 0.0453748 0.366079 0.230474 0.627451 0.627451 0.643137
v 0.0577915 0.366056 0.231044 0.627451 0.627451 0.643137
v 0.0608016 0.366056 0.216252 0.627451 0.627451 0.643137
v 0.0568344 0.366056 0.214141 0.627451 0.627451 0.643137
v 0.0624504 0.366079 0.218999 0.627451 0.627451 0.643137
v -0.00232236 0.365516 0.205818 0.627451 0.627451 0.643137
v -0.00439004 0.365516 0.215979 0.627451 0.627451 0.643137
v -0.00269952 0.365516 0.218841 0.627451 0.627451 0.643137
v 0.0109614 0.365516 0.224145 0.627451 0.627451 0.643137
v 0.0492815 0.365516 0.211276 0.627451 0.627451 0.643137
v 0.0149998 0.365516 0.2043 0.627451 0.627451 0.643137
v 0.00671046 0.365516 0.203287 0.627451 0.627451 0.643137
v 0.0452431 0.365516 0.231121 0.627451 0.627451 0.643137
v 0.0535325 0.365516 0.232134 0.627451 0.627451 0.643137
v 0.0625653 0.365516 0.229604 0.627451 0.627451 0.643137
v 0.064633 0.365516 0.219443 0.627451 0.627451 0.643137
v 0.0629425 0.365516 0.216581 0.627451 0.627451 0.643137
v 0.00293539 0.365516 0.221838 0.627451 0.627451 0.643137
v 0.000352194 0.365516 0.203844 0.627451 0.627451 0.643137
v 0.0598907 0.365516 0.231577 0.627451 0.627451 0.643137
v 0.0573075 0.365516 0.213583 0.627451 0.627451 0.643137
v -0.00232236 0.363146 0.205818 0.627451 0.627451 0.643137
v -0.00269952 0.363146 0.218841 0.627451 0.627451 0.643137
v -0.00439004 0.363146 0.215979 0.627451 0.627451 0.643137
v 0.0452431 0.363146 0.231121 0.627451 0.627451 0.643137
v 0.0109614 0.363146 0.224145 0.627451 0.627451 0.643137
v 0.0149998 0.363146 0.2043 0.627451 0.627451 0.643137
v 0.0492815 0.363146 0.211276 0.627451 0.627451 0.643137
v 0.00671046 0.363146 0.203287 0.627451 0.627451 0.643137
v 0.0535325 0.363146 0.232134 0.627451 0.627451 0.643137
v 0.0625653 0.363146 0.229604 0.627451 0.627451 0.643137
v 0.0629425 0.363146 0.216581 0.627451 0.627451 0.643137
v 0.064633 0.363146 0.219443 0.627451 0.627451 0.643137
v 0.00293539 0.363146 0.221838 0.627451 0.627451 0.643137
v 0.000352194 0.363146 0.203844 0.627451 0.627451 0.643137
v 0.0598907 0.363146 0.231577 0.627451 0.627451 0.643137
v 0.0573075 0.363146 0.213583 0.627451 0.627451 0.643137
v -0.000558651 0.362606 0.21917 0.627451 0.627451 0.643137
v -0.000139828 0.362582 0.206262 0.627451 0.627451 0.643137
v 0.00245142 0.362606 0.204378 0.627451 0.627451 0.643137
v -0.0022075 0.362582 0.216423 0.627451 0.627451 0.643137
v 0.0034085 0.362606 0.22128 0.627451 0.627451 0.643137
v 0.00692783 0.362606 0.203985 0.627451 0.627451 0.643137
v 0.0110931 0.362582 0.223498 0.627451 0.627451 0.643137
v 0.0533151 0.362606 0.231436 0.627451 0.627451 0.643137
v 0.0453748 0.362582 0.230474 0.627451 0.627451 0.643137
v 0.0491498 0.362582 0.211923 0.627451 0.627451 0.643137
v 0.0148682 0.362582 0.204947 0.627451 0.627451 0.643137
v 0.0568344 0.362606 0.214141 0.627451 0.627451 0.643137
v 0.0577915 0.362606 0.231044 0.627451 0.627451 0.643137
v 0.0608016 0.362606 0.216252 0.627451 0.627451 0.643137
v 0.0603828 0.362582 0.229159 0.627451 0.627451 0.643137
v 0.0624504 0.362582 0.218999 0.627451 0.627451 0.643137
v 0.00366313 0.362315 0.220029 0.627451 0.627451 0.643137
v 0.00585676 0.362168 0.207482 0.627451 0.627451 0.643137
v 0.00378909 0.362168 0.217643 0.627451 0.627451 0.643137
v 0.0066732 0.362315 0.205237 0.627451 0.627451 0.643137
v 0.0114548 0.362168 0.221721 0.627451 0.627451 0.643137
v 0.0487882 0.362168 0.2137 0.627451 0.627451 0.643137
v 0.0145065 0.362168 0.206724 0.627451 0.627451 0.643137
v 0.0535697 0.362315 0.230184 0.627451 0.627451 0.643137
v 0.0457365 0.362168 0.228697 0.627451 0.627451 0.643137
v 0.0565798 0.362315 0.215392 0.627451 0.627451 0.643137
v 0.0543862 0.362168 0.227939 0.627451 0.627451 0.643137
v 0.0564538 0.362168 0.217778 0.627451 0.627451 0.643137
v 0.0119468 0.362017 0.219303 0.627451 0.627451 0.643137
v 0.0140145 0.362017 0.209142 0.627451 0.627451 0.643137
v 0.0462285 0.362017 0.226279 0.627451 0.627451 0.643137
v 0.0482961 0.362017 0.216118 0.627451 0.627451 0.643137
vn 0.0151184 -0.999886 1.23622e-10
vn 0.240242 0.00330141 -0.970707
vn 0.0056663 -0.999984 -7.83495e-11
vn -0.239763 -0.000709915 0.970831
vn -0.00636001 -0.99998 2.05241e-09
vn 0.239369 -0.00117507 -0.970928
vn 0.00644083 -0.999979 -8.72844e-10
vn -0.240734 -0.00153849 0.97059
vn -0.0360395 -0.99935 2.50223e-09
vn -0.233539 0.0087205 0.972308
vn -0.233761 0.00778971 0.972263
vn 0.0361154 0.999348 2.20148e-05
vn -0.239922 -0.00137181 0.970791
vn -0.00560724 0.999984 2.52972e-05
vn 0.240261 0.00328689 -0.970703
vn -0.0152338 0.999884 -2.90432e-05
vn -0.00630091 -0.99998 6.84389e-11
vn 0.240557 -0.000842932 -0.970635
vn 0.240651 -0.00118282 -0.970611
vn 0.00627862 0.99998 -1.26552e-05
vn -0.0348219 -0.999394 2.89278e-09
vn 0.233762 -0.00771056 -0.972263
vn 0.239531 -0.00195076 -0.970887
vn 0.00637367 0.99998 -1.36198e-05
vn -0.221941 0.0123567 0.974982
vn 0.0568205 0.998384 7.16846e-06
vn -0.0569129 -0.998379 1.538e-09
vn -0.221974 0.0124151 0.974974
vn -0.240712 -0.00141143 0.970596
vn -0.00646219 0.999979 9.48952e-06
vn -0.0023088 -0.999997 -7.51097e-10
vn -0.239494 0.000415108 0.970898
vn 0.0348108 0.999394 -1.19341e-05
vn 0.233898 -0.00858929 -0.972223
vn -0.0654169 -0.997858 -0
vn 0.22273 -0.0141558 -0.974777
vn 0.0322932 -0.999478 4.54763e-10
vn 0.233343 0.00791138 -0.972362
vn 0.0406102 -0.999175 -3.33593e-09
vn -0.233776 -0.00874811 0.972251
vn -0.239629 -0.000187781 0.970864
vn 0.00233994 0.999997 1.29398e-05
vn 0.233582 0.00688555 -0.972313
vn -0.0322924 0.999478 -9.72639e-06
vn 0.0550705 -0.998482 -3.70909e-09
vn 0.223192 0.0123727 -0.974696
vn 0.223322 0.0119477 -0.974671
vn -0.0551181 0.99848 -1.21182e-05
vn -0.233997 -0.00969213 0.972189
vn -0.0406154 0.999175 8.60697e-06
vn 0.0520113 -0.998646 1.20451e-10
vn -0.223415 -0.0114534 0.974656
vn 0.0596998 -0.998216 8.52479e-09
vn 0.211362 0.0125061 -0.977328
vn 0.211378 0.0124089 -0.977326
vn -0.0597053 0.998216 -4.73937e-06
vn -0.22347 -0.0118339 0.974639
vn -0.052001 0.998647 6.50034e-06
vn 0.0666818 -0.997774 0.000725485
vn -0.211477 -0.0133525 0.977292
vn -0.203973 0.00822125 0.978942
vn 0.0394073 0.999223 3.73625e-05
vn -0.039366 -0.999225 -0
vn -0.20399 0.00753956 0.978944
vn 0.0651868 0.997873 -4.85076e-05
vn 0.222784 -0.0140588 -0.974767
vn -0.0240294 -0.999711 -0.000151731
vn 0.204036 -0.00532101 -0.978949
vn -0.181698 0.000796729 0.983354
vn 0.00588677 0.999983 0.000296377
vn -0.00567839 -0.999984 -0.00024556
vn -0.181734 0.000788664 0.983347
vn 0.0239465 0.999713 0.00010914
vn 0.203834 -0.00461109 -0.978995
vn -0.0155346 -0.999879 -0.0012071
vn 0.180878 -0.00195419 -0.983504
vn 0.0668031 -0.997766 0.000932417
vn 0.196763 0.0112484 -0.980387
vn 0.196623 0.0118689 -0.980407
vn -0.0668225 0.997764 -0.000941259
vn -0.211496 -0.0133882 0.977287
vn -0.0666519 0.997776 -0.000716783
vn 0.064864 -0.997891 0.00233296
vn -0.197461 -0.0110189 0.980249
vn 0.0301239 -0.999543 0.00262262
vn 0.18284 0.00286985 -0.983138
vn 0.182734 0.00335744 -0.983157
vn -0.0300623 0.999545 -0.00263237
vn -0.197263 -0.0101751 0.980298
vn -0.064849 0.997892 -0.00232292
vn 0.0274716 -0.999616 0.00366487
vn -0.181744 -0.00234564 0.983343
vn -0.0641741 -0.997937 -0.00200981
vn -0.153197 0.00739419 0.988168
vn -0.15321 0.00720139 0.988167
vn 0.064172 0.997937 0.00202073
vn -0.0687429 -0.99763 -0.00307545
vn 0.153991 -0.00766601 -0.988042
vn 0.180928 -0.00216379 -0.983494
vn 0.0156102 0.999877 0.00119969
vn -0.1178 0.00211641 0.993035
vn 0.0438472 0.999033 0.00330958
vn -0.0438799 -0.999031 -0.00329757
vn -0.117782 0.00184176 0.993038
vn 0.0686889 0.997633 0.00306165
vn 0.154014 -0.00775238 -0.988038
vn -0.0376401 -0.999285 -0.00348553
vn 0.117515 -0.00138344 -0.99307
vn 0.165394 0.0039203 -0.98622
vn -0.047939 0.998843 -0.00381513
vn 0.0481199 -0.998834 0.00379716
vn 0.164854 0.0054505 -0.986303
vn -0.0273179 0.99962 -0.00364247
vn -0.181686 -0.00208819 0.983354
vn 0.0581909 -0.998296 0.00428563
vn -0.163624 -0.00504537 0.98651
vn -0.0819503 -0.000150712 0.996636
vn 0.0360574 0.999344 0.00344987
vn -0.0368823 -0.999314 -0.00343194
vn -0.0818 0.000560238 0.996649
vn 0.0375498 0.999289 0.00346814
vn 0.117409 -0.00111802 -0.993083
vn -0.0405463 -0.999173 -0.00305037
vn 0.0808045 -0.00010112 -0.99673
vn 0.14498 0.0160215 -0.989305
vn -0.147063 0.989118 -0.00433414
vn 0.147877 -0.988996 0.0042939
vn 0.142926 0.0197045 -0.989537
vn -0.0579689 0.998309 -0.00424269
vn -0.164041 -0.00683287 0.98643
vn 0.158207 -0.987396 0.00437675
vn -0.141948 -0.0169759 0.989729
vn 0.124767 0.0328651 -0.991642
vn -0.302203 0.953234 -0.00432308
vn 0.304442 -0.952521 0.00421431
vn 0.11786 0.0387466 -0.992274
vn -0.157166 0.987563 -0.00425626
vn -0.142751 -0.021218 0.989531
vn 0.319592 -0.947546 0.00408337
vn -0.117641 -0.032458 0.992526
vn -0.0612604 0.0105567 0.998066
vn 0.213702 0.976895 0.00275803
vn -0.220859 -0.975302 -0.00269272
vn -0.0584544 0.0138674 0.998194
vn 0.0394991 0.999215 0.00297369
vn 0.0809575 -0.000897134 -0.996717
vn -0.230303 -0.973117 -0.00217378
vn 0.0569713 -0.0101303 -0.998324
vn -0.0536199 0.0350499 0.997946
vn 0.81247 0.583 0.00178005
vn 0.355482 0.93468 0.00226259
vn -0.367347 -0.930081 -0.00219043
vn -0.809599 -0.586982 -0.00113189
vn -0.0439586 0.0382779 0.9983
vn 0.221942 0.975058 0.00178536
vn 0.0572431 -0.0141793 -0.99826
vn 0.0963031 0.0500264 -0.994094
vn -0.525878 0.850551 -0.00387725
vn 0.531275 -0.847191 0.00364575
vn 0.0830952 0.0553552 -0.995003
vn -0.31712 0.948378 -0.00384824
vn -0.119031 -0.0413629 0.992029
vn -0.366104 -0.930572 -0.00179445
vn 0.0474191 -0.0311938 -0.998388
vn -0.809263 -0.587446 -0.000983123
vn 0.545596 -0.838041 0.00346317
vn -0.0875963 -0.0466105 0.995065
vn -0.0245415 0.0484629 0.998523
vn 0.998086 0.06183 0.000700339
vn 0.811986 0.583675 0.00161686
vn -0.809536 -0.587069 -0.00110416
vn -0.996755 -0.0804971 -0.000130894
vn -0.0171003 0.0486104 0.998671
vn 0.351171 0.936311 0.00112442
vn 0.808817 0.588059 0.000555104
vn 0.0451693 -0.0402029 -0.99817
vn -0.8092 -0.587533 -0.000955367
vn 0.0241382 -0.0491532 -0.9985
vn -0.996754 -0.0805097 -0.000127323
vn 0.0474655 0.0474693 -0.997744
vn -0.916244 0.400615 -0.00207378
vn -0.648205 0.761459 -0.0034177
vn 0.654288 -0.756239 0.00317227
vn 0.909673 -0.415321 0.00166883
vn 0.037953 0.0491124 -0.998072
vn -0.539676 0.841867 -0.00311809
vn -0.0878818 -0.0608503 0.994271
vn 0.653761 -0.756695 0.00304155
vn -0.0458759 -0.0474794 0.997818
vn 0.90955 -0.41559 0.00160808
vn 0.0175309 0.0328583 -0.999306
vn -0.92566 0.378353 -0.00170246
vn 0.922908 -0.385017 0.00151303
vn 0.0145708 0.0326304 -0.999361
vn -0.644055 0.764975 -0.00261765
vn -0.915183 0.403035 -0.00160616
vn -0.0438785 -0.0587286 0.997309
vn -0.0173089 -0.0329462 0.999307
vn 0.923443 -0.383733 0.00143662
vn -0.00410079 0.0292425 0.999564
vn 0.997828 0.0658718 0.000363932
vn -0.997169 -0.0751886 -0.000120074
vn -0.00224307 0.0287182 0.999585
vn 0.808328 0.588732 0.000391874
vn 0.99796 0.0638447 0.000191846
vn 0.0193467 -0.0566606 -0.998206
vn 0.00405908 -0.0305314 -0.999526
vn -0.997184 -0.0749984 -0.000113225
vn -0.925613 0.378468 -0.00139789
vn -0.0155862 -0.0352604 0.999257
vn 0.997751 0.0670284 9.99426e-05
vn 0.00243533 -0.0313393 -0.999506
vn 0.0077677 0.0229332 -0.999707
vn -0.965293 0.261166 -0.00099405
vn 0.965472 -0.260504 0.000971732
vn 0.00681947 0.0228894 -0.999715
vn -0.00771734 -0.0229652 0.999706
vn 0.966302 -0.257409 0.000900633
vn -0.966138 0.258025 -0.000883012
vn -0.00693556 -0.0235927 0.999698
vn -0.000525451 0.00777256 0.99997
vn 0.998587 0.053135 7.87332e-05
vn -0.998588 -0.0531312 -7.92693e-05
vn -0.000484942 0.00776378 0.99997
vn 0.000524595 -0.00781093 -0.999969
vn -0.998597 -0.052958 -7.00752e-05
vn 0.998597 0.0529609 6.94638e-05
vn 0.000484871 -0.00782771 -0.999969
vn 0.00132132 0.00890099 -0.99996
vn -0.996691 0.0812776 -0.000304263
vn 0.996619 -0.082157 0.000286983
vn 0.000950712 0.00884836 -0.99996
vn -0.00133726 -0.00913135 0.999957
vn 0.996718 -0.0809556 0.000262935
vn -0.996788 0.0800907 -0.000255462
vn -0.000974368 -0.00930299 0.999956
vn -5.11521e-05 -6.42361e-07 1
vn 0.0361156 -0.959887 0.278053
vn 0.269547 -0.962987 -0.00103655
vn 0.999339 0.0363542 4.74871e-05
vn -0.999338 -0.0363862 -4.77672e-05
vn -0.259224 -0.965817 -0.00104132
vn 0.0167803 -0.948411 0.316599
vn -4.71208e-05 -1.45522e-06 1
vn 5.1442e-05 -3.5328e-06 -1
vn 0.0352173 -0.935603 -0.351292
vn -0.259057 -0.965862 -0.00101859
vn -0.999337 -0.0364036 -3.92496e-05
vn 0.999338 0.0363713 3.91498e-05
vn 0.269392 -0.96303 -0.00101568
vn 0.0167692 -0.949285 -0.313968
vn 4.78881e-05 -4.5273e-06 -1
vn 0.000119619 0.00270653 -0.999996
vn -0.0692862 -0.991076 -0.113873
vn -0.999999 -0.00131129 -5.07588e-06
vn 1 1.35881e-09 -5.10143e-07
vn 0.0691136 -0.991072 -0.114012
vn 1.08372e-06 0.0026617 -0.999996
vn -0.000117169 -0.00280962 0.999996
vn 0.0680753 -0.990694 0.117857
vn 1 1.35881e-09 -5.10143e-07
vn -0.999999 -0.00128122 3.90232e-06
vn -0.0682478 -0.990699 0.117718
vn -1.08372e-06 -0.00285479 0.999996
vn 0.0214911 -0.951379 0.307272
vn -1.63234e-05 -5.32103e-16 1
vn 1 4.43124e-16 -4.14171e-07
vn 0.269524 -0.962993 -0.00103337
vn -0.259198 -0.965824 -0.00103782
vn -1 -4.43548e-16 4.14171e-07
vn -1.63234e-05 -5.32103e-16 1
vn 0.0125128 -0.945627 0.325013
vn 0.0213311 -0.946074 -0.323248
vn 1.60033e-05 9.79921e-22 -1
vn -1 -4.43548e-16 4.14171e-07
vn -0.259046 -0.965864 -0.00101718
vn 0.269382 -0.963033 -0.00101441
vn 1 4.43124e-16 -4.14171e-07
vn 1.60033e-05 9.79921e-22 -1
vn 0.0126089 -0.952116 -0.305477
vn 0.0922264 -0.992466 -0.0806625
vn 1 3.90285e-06 -3.82652e-07
vn 1.52632e-07 -0.00341749 -0.999994
vn 0.0909529 -0.99222 0.0850175
vn 2.28612e-18 0.00341526 0.999994
vn 1 -4.43971e-06 4.35289e-07
vn -0.0921589 -0.992486 -0.0804891
vn 2.60714e-08 -0.00341703 -0.999994
vn -1 -6.12323e-17 -0
vn -0.0908851 -0.992241 0.0848437
vn 2.28612e-18 0.00341526 0.999994
vn 1 -3.90284e-06 3.82652e-07
vn 6.38377e-16 0.999996 -0.00271546
vn 1.2656e-07 -0.00341739 -0.999994
vn 1 4.43972e-06 -4.3529e-07
vn 6.38377e-16 0.999996 -0.00271546
vn 2.28612e-18 0.00341526 0.999994
vn -1 -6.12323e-17 -0
vn 6.38377e-16 0.999996 -0.00271546
vn 2.09227e-19 -0.00341693 -0.999994
vn -1.63234e-05 -5.32103e-16 1
vn -1 -4.43548e-16 4.14171e-07
vn -0.0132374 0.999912 0.00105336
vn 1.60033e-05 9.79921e-22 -1
vn -0.0132374 0.999912 0.00105336
vn 1 4.43124e-16 -4.14171e-07
vn -1.63234e-05 -5.32103e-16 1
vn -0.0132374 0.999912 0.00105336
vn 1.60033e-05 9.79921e-22 -1
vn 1 4.43124e-16 -4.14171e-07
vn -0.0132374 0.999912 0.00105336
vn -0.00296431 0.999486 -0.0319126
vn -0.0152002 0.999486 0.0282163
vn 0.00296431 0.999486 0.0319126
vn -0.0362535 0.998445 -0.0423369
vn 0.0152002 0.999486 -0.0282163
vn -0.0122708 0.988543 -0.150442
vn 0.0382625 0.989726 -0.137759
vn 0.0186173 0.989726 -0.141757
vn -0.0382625 0.989726 0.137759
vn -0.0499159 0.998445 0.024802
vn -0.0700884 0.988543 0.133682
vn -0.0186173 0.989726 0.141757
vn 0.0362535 0.998445 0.0423369
vn 0.0122708 0.988543 0.150442
vn -0.15414 0.979855 -0.126988
vn -0.0543648 0.974824 0.216247
vn -0.156624 0.760122 0.630622
vn -0.132356 0.986405 0.0973989
vn -0.283047 0.797987 0.532072
vn -0.191509 0.979855 0.0566507
vn -0.0841858 0.974069 0.210004
vn -0.22077 0.787177 0.575859
vn 0.0700884 0.988543 -0.133682
vn 0.0499159 0.998445 -0.024802
vn 0.0543648 0.974824 -0.216247
vn 0.156623 0.760122 -0.630621
vn 0.00457975 0.974069 -0.226203
vn 0.021835 0.787177 -0.616341
vn -0.0837662 0.986405 -0.141379
vn -0.0526015 0.797988 -0.600373
vn 0.034469 0.974824 -0.220296
vn 0.102282 0.760122 -0.64168
vn 0.154139 0.979855 0.126988
vn -0.00457975 0.974069 0.226203
vn -0.0218349 0.787176 0.616341
vn -0.034469 0.974824 0.220296
vn -0.102282 0.760123 0.641679
vn 0.0837662 0.986405 0.141379
vn 0.0526014 0.797988 0.600373
vn 0.132356 0.986405 -0.0973989
vn 0.283047 0.797987 -0.532072
vn 0.0841858 0.974069 -0.210004
vn 0.22077 0.787177 -0.575859
vn 0.191509 0.979855 -0.0566507
vn -0.222349 0.966931 -0.12492
vn -0.593788 9.40697e-16 -0.804621
vn -0.979917 2.10995e-17 -0.199407
vn -0.253485 0.966931 0.0280907
vn -0.861016 -5.2722e-17 0.508579
vn -0.283047 0.797988 0.532071
vn -0.264029 0.951823 0.155955
vn -0.861016 -5.2722e-17 0.508579
vn -0.469652 -1.76968e-16 0.882851
vn -0.155311 0.760771 0.630164
vn -0.238012 -8.10207e-17 0.971262
vn 0.155311 0.760771 -0.630163
vn 0.238012 3.30514e-16 -0.971262
vn 0.103311 0.760771 -0.640745
vn 0.16049 9.47158e-17 -0.987038
vn 0.000847469 0.791104 -0.611682
vn 0.0171136 9.79178e-17 -0.999854
vn -0.103311 0.760772 0.640744
vn -0.160489 1.0278e-16 0.987038
vn -0.000847407 0.791103 0.611682
vn -0.0171136 1.32792e-15 0.999854
vn 0.222349 0.966931 0.12492
vn 0.593788 1.599e-16 0.804622
vn 0.979917 6.00026e-17 0.199407
vn 0.253485 0.966931 -0.0280907
vn 0.861016 1.57055e-15 -0.508579
vn 0.283047 0.797988 -0.532071
vn 0.264029 0.951823 -0.155955
vn 0.861016 1.57055e-15 -0.508579
vn 0.469652 1.24013e-15 -0.882851
vn -0.238268 0.791104 0.563368
vn -0.374995 -6.6481e-16 0.927027
vn -0.182084 0.951823 -0.246736
vn -0.0526015 0.797988 -0.600373
vn -0.0872803 8.46163e-16 -0.996184
vn -0.593788 9.40697e-16 -0.804621
vn 0.182084 0.951823 0.246736
vn 0.0526014 0.797988 0.600373
vn 0.0872802 1.34072e-15 0.996184
vn 0.593788 1.599e-16 0.804622
vn 0.238268 0.791104 -0.563368
vn 0.374995 6.68562e-16 -0.927027
vn -0.979917 2.10995e-17 -0.199407
vn -0.593788 9.40697e-16 -0.804621
vn -0.222349 -0.966931 -0.12492
vn -0.861016 -5.2722e-17 0.508579
vn -0.264029 -0.951823 0.155955
vn -0.283047 -0.797988 0.532071
vn -0.469652 -1.76968e-16 0.882851
vn -0.861016 -5.2722e-17 0.508579
vn -0.979917 2.10995e-17 -0.199407
vn -0.253485 -0.966931 0.0280907
vn -0.160489 1.0278e-16 0.987038
vn -0.103311 -0.760772 0.640744
vn -0.238012 -8.10207e-17 0.971262
vn -0.155311 -0.760771 0.630164
vn 0.16049 9.47158e-17 -0.987038
vn 0.103311 -0.760771 -0.640745
vn 0.238012 3.30514e-16 -0.971262
vn 0.155311 -0.760771 -0.630163
vn 0.0171136 9.79178e-17 -0.999854
vn 0.000847446 -0.791104 -0.611682
vn -0.0171136 1.32792e-15 0.999854
vn -0.000847411 -0.791103 0.611682
vn 0.979917 6.00026e-17 0.199407
vn 0.593788 1.599e-16 0.804622
vn 0.222349 -0.966931 0.12492
vn 0.861016 1.57055e-15 -0.508579
vn 0.264029 -0.951823 -0.155955
vn 0.283047 -0.797988 -0.532071
vn 0.469652 1.24013e-15 -0.882851
vn 0.979917 6.00026e-17 0.199407
vn 0.253485 -0.966931 -0.0280907
vn 0.861016 1.57055e-15 -0.508579
vn -0.374995 -6.6481e-16 0.927027
vn -0.238268 -0.791104 0.563368
vn -0.0872803 8.46163e-16 -0.996184
vn -0.0526014 -0.797988 -0.600373
vn -0.182084 -0.951823 -0.246736
vn -0.593788 9.40697e-16 -0.804621
vn 0.0872802 1.34072e-15 0.996184
vn 0.0526014 -0.797988 0.600373
vn 0.182084 -0.951823 0.246736
vn 0.593788 1.599e-16 0.804622
vn 0.374995 6.68562e-16 -0.927027
vn 0.238268 -0.791104 -0.563368
vn -0.132356 -0.986405 0.0973991
vn -0.283047 -0.797988 0.532071
vn -0.154139 -0.979855 -0.126988
vn -0.0837662 -0.986405 -0.141378
vn -0.0526014 -0.797988 -0.600373
vn -0.191509 -0.979855 0.0566506
vn -0.22077 -0.787177 0.575859
vn -0.0841857 -0.974069 0.210004
vn 0.021835 -0.787177 -0.616341
vn 0.00457965 -0.974069 -0.226203
vn -0.156624 -0.760122 0.630622
vn -0.0543648 -0.974824 0.216247
vn -0.0218349 -0.787176 0.616341
vn -0.00457965 -0.974069 0.226203
vn -0.102282 -0.760123 0.641679
vn -0.0344691 -0.974824 0.220296
vn 0.156623 -0.760122 -0.630621
vn 0.0543648 -0.974824 -0.216247
vn 0.102282 -0.760122 -0.64168
vn 0.0344691 -0.974824 -0.220296
vn 0.22077 -0.787177 -0.575859
vn 0.0841857 -0.974069 -0.210004
vn 0.0837661 -0.986405 0.141378
vn 0.0526014 -0.797988 0.600373
vn 0.283047 -0.797988 -0.532071
vn 0.132356 -0.986405 -0.0973991
vn 0.154139 -0.979855 0.126988
vn 0.191509 -0.979855 -0.0566506
vn -0.0700884 -0.988543 0.133682
vn -0.0362536 -0.998445 -0.0423369
vn -0.0499159 -0.998445 0.0248019
vn -0.0122709 -0.988543 -0.150442
vn -0.0382626 -0.989726 0.137759
vn 0.0382626 -0.989726 -0.137759
vn 0.0186173 -0.989726 -0.141757
vn 0.0122709 -0.988543 0.150442
vn -0.0186173 -0.989726 0.141757
vn 0.0700883 -0.988543 -0.133682
vn 0.0362536 -0.998445 0.0423369
vn 0.0499159 -0.998445 -0.0248019
vn -0.0152002 -0.999486 0.0282163
vn -0.00296431 -0.999486 -0.0319126
vn 0.00296431 -0.999486 0.0319126
vn 0.0152002 -0.999486 -0.0282163
vt 0.0078125 -0.0234375
vt 0.0078125 -0.0234375
vt 0.976562 -0.992188
vt 0.976562 -0.992188
vt 0.0078125 -0.992188
vt 0.0078125 -0.992188
vt 0.992188 -0.976562
vt 0.992188 -0.976562
vt 0.976562 0.0078125
vt 0.976562 0.0078125
vt 0.992188 0.992188
vt 0.992188 0.992188
vt -0.992188 0.0078125
vt -0.992188 0.0078125
vt -0.992188 -0.992188
vt -0.992188 -0.992188
vt -0.0078125 -0.976562
vt -0.0078125 -0.976562
vt 1.00781 -1.02344
vt 1.00781 -1.02344
vt 1.00781 -0.992188
vt 1.00781 -0.992188
vt 1.99219 -0.0078125
vt 1.99219 -0.0078125
vt 1.99219 0.0234375
vt 1.99219 0.0234375
vt 1.97656 1.00781
vt 1.97656 1.00781
vt 0.0078125 1.00781
vt 0.0078125 1.00781
vt 0.992188 1.02344
vt 0.992188 1.02344
vt -1.99219 0.976562
vt -1.99219 0.976562
vt -1.99219 -1.99219
vt -1.99219 -1.99219
vt -0.992188 -1.02344
vt -0.992188 -1.02344
vt -0.0078125 -1.97656
vt -0.0078125 -1.97656
vt 0.0078125 -1.99219
vt 0.0078125 -1.99219
vt 2.00781 -2.99219
vt 2.00781 -2.99219
vt 2.99219 -2.97656
vt 2.99219 -2.97656
vt 2.00781 -1.02344
vt 2.00781 -1.02344
vt 2.99219 -0.0078125
vt 2.99219 -0.0078125
vt 2.00781 0.976562
vt 2.00781 0.976562
vt 1.00781 2.97656
vt 1.00781 2.97656
vt 1.99219 2.02344
vt 1.99219 2.02344
vt 0.992188 2.99219
vt 0.992188 2.99219
vt -0.992188 2.97656
vt -0.992188 2.97656
vt -2.99219 2.97656
vt -2.99219 2.97656
vt -2.97656 2.99219
vt -2.97656 2.99219
vt -2.00781 1.02344
vt -2.00781 1.02344
vt -2.99219 -0.992188
vt -2.99219 -0.992188
vt -2.99219 -1.02344
vt -2.99219 -1.02344
vt -2.97656 -1.00781
vt -2.97656 -1.00781
vt -2.00781 -2.97656
vt -2.00781 -2.97656
vt -0.992188 -2.99219
vt -0.992188 -2.99219
vt 0.0078125 -2.02344
vt 0.0078125 -2.02344
vt 0.992188 -2.97656
vt 0.992188 -2.97656
vt 1.99219 -2.00781
vt 1.99219 -2.00781
vt 3.00781 -3.02344
vt 3.00781 -3.02344
vt 3.00781 -1.02344
vt 3.00781 -1.02344
vt 3.99219 -1.97656
vt 3.99219 -1.97656
vt 3.99219 -0.0078125
vt 3.99219 -0.0078125
vt 3.00781 0.976562
vt 3.00781 0.976562
vt 3.97656 2.00781
vt 3.97656 2.00781
vt 3.99219 2.99219
vt 3.99219 2.99219
vt 3.99219 3.99219
vt 3.99219 3.99219
vt 2.00781 3.00781
vt 2.00781 3.00781
vt 1.00781 3.97656
vt 1.00781 3.97656
vt 1.02344 3.99219
vt 1.02344 3.99219
vt -0.0078125 3.02344
vt -0.0078125 3.02344
vt -2.99219 3.00781
vt -2.99219 3.00781
vt -3.99219 3.97656
vt -3.99219 3.97656
vt -3.00781 3.02344
vt -3.00781 3.02344
vt -3.00781 2.99219
vt -3.00781 2.99219
vt -3.99219 0.976562
vt -3.99219 0.976562
vt -3.99219 -0.0234375
vt -3.99219 -0.0234375
vt -3.97656 -0.0078125
vt -3.97656 -0.0078125
vt -3.00781 -1.97656
vt -3.00781 -1.97656
vt -3.99219 -3.99219
vt -3.99219 -3.99219
vt -2.99219 -3.02344
vt -2.99219 -3.02344
vt -2.00781 -3.97656
vt -2.00781 -3.97656
vt -1.00781 -3.00781
vt -1.00781 -3.00781
vt 0.0078125 -3.02344
vt 0.0078125 -3.02344
vt 1.00781 -3.02344
vt 1.00781 -3.02344
vt 1.99219 -3.97656
vt 1.99219 -3.97656
vt 2.99219 -3.00781
vt 2.99219 -3.00781
vt 4.00781 -3.02344
vt 4.00781 -3.02344
vt 4.00781 -2.02344
vt 4.00781 -2.02344
vt 4.02344 -2.00781
vt 4.02344 -2.00781
vt 4.99219 -1.97656
vt 4.99219 -1.97656
vt 4.99219 -0.0078125
vt 4.99219 -0.0078125
vt 4.00781 1.97656
vt 4.00781 1.97656
vt 4.00781 1.97656
vt 4.02344 1.99219
vt 4.02344 1.99219
vt 4.02344 1.99219
vt 4.99219 2.02344
vt 4.99219 2.02344
vt 4.99219 3.02344
vt 4.99219 3.02344
vt 4.00781 4.97656
vt 4.00781 4.97656
vt 3.00781 4.00781
vt 3.00781 4.00781
vt 2.99219 4.99219
vt 2.99219 4.99219
vt 2.99219 4.99219
vt 0.0078125 4.97656
vt 0.0078125 4.97656
vt -0.992188 4.97656
vt -0.992188 4.97656
vt -0.992188 4.97656
vt -0.976562 4.99219
vt -0.976562 4.99219
vt -0.976562 4.99219
vt -1.00781 4.02344
vt -1.00781 4.02344
vt -1.00781 4.02344
vt -3.99219 4.00781
vt -3.99219 4.00781
vt -3.99219 4.00781
vt -4.99219 4.97656
vt -4.99219 4.97656
vt -4.99219 4.97656
vt -4.00781 4.02344
vt -4.00781 4.02344
vt -4.00781 4.02344
vt -4.00781 3.99219
vt -4.00781 3.99219
vt -4.99219 1.97656
vt -4.99219 1.97656
vt -4.99219 1.97656
vt -4.99219 0.976562
vt -4.99219 0.976562
vt -4.00781 0.0234375
vt -4.00781 0.0234375
vt -4.00781 -0.0078125
vt -4.00781 -0.0078125
vt -4.00781 -0.0078125
vt -4.02344 -2.99219
vt -4.02344 -2.99219
vt -4.99219 -3.02344
vt -4.99219 -3.02344
vt -4.97656 -3.00781
vt -4.97656 -3.00781
vt -4.00781 -4.97656
vt -4.00781 -4.97656
vt -4.00781 -4.97656
vt -2.02344 -4.99219
vt -2.02344 -4.99219
vt -1.99219 -4.99219
vt -1.99219 -4.99219
vt -0.992188 -4.02344
vt -0.992188 -4.02344
vt 0.0078125 -4.02344
vt 0.0078125 -4.02344
vt 0.992188 -4.97656
vt 0.992188 -4.97656
vt 2.97656 -4.99219
vt 2.97656 -4.99219
vt 3.00781 -4.99219
vt 3.00781 -4.99219
vt 5.00781 -5.02344
vt 5.00781 -5.02344
vt 5.02344 -5.00781
vt 5.02344 -5.00781
vt 5.97656 -3.99219
vt 5.97656 -3.99219
vt 5.00781 -2.02344
vt 5.00781 -2.02344
vt 5.00781 -1.02344
vt 5.00781 -1.02344
vt 5.99219 -1.97656
vt 5.99219 -1.97656
vt 5.97656 0.0078125
vt 5.97656 0.0078125
vt 5.00781 1.00781
vt 5.00781 1.00781
vt 5.00781 2.97656
vt 5.00781 2.97656
vt 5.00781 2.97656
vt 5.00781 2.97656
vt 5.02344 2.99219
vt 5.02344 2.99219
vt 5.02344 2.99219
vt 5.02344 2.99219
vt 5.97656 4.00781
vt 5.97656 4.00781
vt 5.97656 4.00781
vt 5.97656 4.00781
vt 5.00781 5.97656
vt 5.00781 5.97656
vt 5.00781 5.97656
vt 5.00781 5.97656
vt 4.00781 5.97656
vt 4.00781 5.97656
vt 4.00781 5.97656
vt 4.99219 5.02344
vt 4.99219 5.02344
vt 4.99219 5.02344
vt 2.97656 5.00781
vt 2.97656 5.00781
vt 2.97656 5.00781
vt 1.00781 5.00781
vt 1.00781 5.00781
vt 1.00781 5.00781
vt 0.0078125 5.97656
vt 0.0078125 5.97656
vt 0.0078125 5.97656
vt 0.0078125 5.97656
vt 0.0234375 5.99219
vt 0.0234375 5.99219
vt 0.0234375 5.99219
vt 0.0234375 5.99219
vt -1.02344 5.00781
vt -1.02344 5.00781
vt -1.02344 5.00781
vt -1.02344 5.00781
vt -2.99219 5.97656
vt -2.99219 5.97656
vt -2.99219 5.97656
vt -2.99219 5.97656
vt -3.99219 5.00781
vt -3.99219 5.00781
vt -3.99219 5.00781
vt -3.00781 5.99219
vt -3.00781 5.99219
vt -3.00781 5.99219
vt -4.00781 5.99219
vt -4.00781 5.99219
vt -4.00781 5.99219
vt -5.00781 5.99219
vt -5.00781 5.99219
vt -5.00781 5.99219
vt -5.99219 3.00781
vt -5.99219 3.00781
vt -5.99219 3.00781
vt -5.00781 3.99219
vt -5.00781 3.99219
vt -5.00781 3.99219
vt -5.00781 2.99219
vt -5.00781 2.99219
vt -5.00781 2.99219
vt -5.00781 1.99219
vt -5.00781 1.99219
vt -5.00781 1.99219
vt -5.99219 -1.99219
vt -5.99219 -1.99219
vt -5.99219 -1.99219
vt -5.00781 -1.00781
vt -5.00781 -1.00781
vt -5.00781 -1.00781
vt -5.00781 -2.00781
vt -5.00781 -2.00781
vt -5.00781 -2.00781
vt -5.00781 -3.00781
vt -5.00781 -3.00781
vt -5.00781 -3.00781
vt 0.976562 -0.992188
vt 0.0078125 -0.0234375
vt 0.0078125 -0.992188
vt 0.0234375 -0.0078125
vt 0.0078125 0.0078125
vt 0.992188 0.0234375
vt -0.0234375 0.0078125
vt -0.0078125 0.0234375
vt -0.976562 -0.0078125
vt 1.00781 -1.02344
vt 1.99219 -1.97656
vt 1.99219 -0.976562
vt 1.97656 0.0078125
vt 1.99219 0.0234375
vt 1.02344 1.99219
vt 0.0234375 1.99219
vt 0.0234375 1.99219
vt -0.0078125 1.02344
vt -0.0078125 1.02344
vt -1.99219 1.97656
vt -1.99219 0.976562
vt -1.99219 0.976562
vt -1.99219 -0.0234375
vt -1.00781 -0.976562
vt -1.97656 -1.00781
vt -1.97656 -1.00781
vt -0.0078125 -1.97656
vt -0.0078125 -1.97656
vt 0.0078125 -1.99219
vt 0.0078125 -1.99219
vt 2.00781 -2.02344
vt 2.00781 -2.02344
vt 2.97656 -1.99219
vt 2.00781 -0.0234375
vt 2.00781 -0.0234375
vt 2.99219 -0.976562
vt 2.99219 -0.976562
vt 2.99219 0.0234375
vt 2.99219 0.0234375
vt 2.99219 1.02344
vt 2.99219 1.02344
vt 2.00781 2.00781
vt 2.00781 2.00781
vt 1.00781 2.97656
vt 0.976562 2.00781
vt 0.976562 2.00781
vt 0.976562 2.00781
vt -0.0234375 2.00781
vt -0.0234375 2.00781
vt -0.0234375 2.00781
vt -0.976562 2.99219
vt -0.976562 2.99219
vt -0.976562 2.99219
vt -0.976562 2.99219
vt -2.02344 2.00781
vt -2.02344 2.00781
vt -2.02344 1.00781
vt -2.02344 1.00781
vt -2.02344 0.0078125
vt -2.02344 0.0078125
vt -2.97656 0.992188
vt -2.97656 0.992188
vt -2.02344 -1.99219
vt -2.02344 -1.99219
vt -2.97656 -1.00781
vt -2.97656 -1.00781
vt -1.02344 -2.99219
vt -1.02344 -2.99219
vt -1.02344 -2.99219
vt -0.0234375 -2.99219
vt -0.0234375 -2.99219
vt -0.0234375 -2.99219
vt -0.976562 -2.00781
vt -0.976562 -2.00781
vt -0.976562 -2.00781
vt -0.976562 -2.00781
vt 1.00781 -2.99219
vt 1.00781 -2.99219
vt 3.00781 -3.99219
vt 3.00781 -3.99219
vt 3.00781 -3.99219
vt 3.00781 -3.99219
vt 3.00781 -2.99219
vt 3.00781 -2.99219
vt 3.00781 -2.99219
vt 3.00781 -2.99219
vt 3.00781 -1.99219
vt 3.00781 -1.99219
vt 3.97656 -0.992188
vt 3.97656 -0.992188
vt 3.97656 -0.992188
vt 3.97656 0.0078125
vt 3.97656 0.0078125
vt 3.97656 0.0078125
vt 3.97656 0.0078125
vt 3.99219 0.992188
vt 3.99219 0.992188
vt 3.99219 0.992188
vt 3.02344 1.99219
vt 3.02344 1.99219
vt 3.97656 2.00781
vt 3.97656 2.00781
vt 3.00781 3.97656
vt 3.00781 3.97656
vt 3.02344 3.99219
vt 3.02344 3.99219
vt 2.99219 3.02344
vt 2.99219 3.02344
vt 1.99219 3.02344
vt 1.99219 3.02344
vt 0.992188 3.99219
vt 0.992188 3.99219
vt 0.992188 3.99219
vt -0.976562 3.99219
vt -0.976562 3.99219
vt -0.976562 3.99219
vt -0.976562 3.99219
vt -1.99219 3.00781
vt -1.99219 3.00781
vt -1.99219 3.00781
vt -2.02344 3.00781
vt -2.02344 3.00781
vt -3.99219 3.97656
vt -3.99219 3.97656
vt -3.99219 3.97656
vt -3.99219 3.97656
vt -3.99219 1.97656
vt -3.99219 1.97656
vt -3.99219 1.97656
vt -3.99219 1.97656
vt -3.02344 0.0078125
vt -3.02344 0.0078125
vt -3.99219 -1.02344
vt -3.99219 -1.02344
vt -3.99219 -2.99219
vt -3.00781 -2.00781
vt -3.00781 -2.00781
vt -3.00781 -3.97656
vt -2.00781 -3.00781
vt -2.00781 -3.00781
vt -1.00781 -3.00781
vt -1.00781 -3.00781
vt -0.0078125 -3.00781
vt -0.0078125 -3.00781
vt 1.00781 -3.02344
vt 1.00781 -3.02344
vt 1.99219 -3.00781
vt 1.99219 -3.00781
vt 2.99219 -3.00781
vt 2.99219 -3.00781
vt 4.00781 -4.02344
vt 4.00781 -4.02344
vt 4.99219 -3.00781
vt 4.99219 -3.00781
vt 4.99219 -2.00781
vt 4.99219 -2.00781
vt 4.99219 -1.00781
vt 4.99219 -1.00781
vt 4.02344 -0.0078125
vt 4.00781 1.97656
vt 4.00781 2.97656
vt 4.00781 3.00781
vt 4.00781 4.97656
vt 3.00781 4.97656
vt 2.02344 4.99219
vt 0.0078125 4.00781
vt -0.992188 4.97656
vt -1.99219 4.97656
vt -2.99219 4.00781
vt -3.99219 4.00781
vt -4.97656 4.99219
vt -4.99219 2.97656
vt -4.02344 1.00781
vt -4.02344 0.0078125
vt -4.02344 -1.99219
vt -4.02344 -2.99219
f 3553/6451/5282 3554/6453/5284 3555/6455/5286
f 3556/6457/5288 3554/6453/5284 3553/6451/5282
f 3554/6453/5284 3557/6459/5290 3555/6455/5286
f 3557/6460/5291 3554/6454/5285 3558/6461/5292
f 3554/6454/5285 3556/6458/5289 3559/6463/5294
f 3558/6461/5292 3554/6454/5285 3559/6463/5294
f 3553/6452/5283 3555/6456/5287 3560/6465/5296
f 3561/6467/5298 3556/6457/5288 3553/6451/5282
f 3562/6469/5300 3553/6452/5283 3560/6465/5296
f 3561/6468/5299 3553/6452/5283 3562/6469/5300
f 3555/6455/5286 3557/6459/5290 3563/6471/5302
f 3560/6465/5296 3555/6456/5287 3564/6473/5304
f 3555/6456/5287 3563/6472/5303 3564/6473/5304
f 3565/6475/5306 3557/6460/5291 3558/6461/5292
f 3557/6459/5290 3566/6477/5308 3563/6471/5302
f 3566/6478/5309 3557/6460/5291 3565/6475/5306
f 3559/6463/5294 3556/6458/5289 3567/6479/5310
f 3568/6481/5312 3556/6457/5288 3561/6467/5298
f 3556/6458/5289 3568/6482/5313 3567/6479/5310
f 3564/6474/5305 3558/6462/5293 3559/6464/5295
f 3564/6474/5305 3559/6464/5295 3560/6466/5297
f 3560/6466/5297 3559/6464/5295 3567/6480/5311
f 3569/6483/5314 3558/6462/5293 3564/6474/5305
f 3569/6483/5314 3565/6476/5307 3558/6462/5293
f 3560/6466/5297 3567/6480/5311 3562/6470/5301
f 3564/6473/5304 3563/6472/5303 3569/6484/5315
f 3563/6471/5302 3566/6477/5308 3570/6485/5316
f 3563/6472/5303 3570/6486/5317 3569/6484/5315
f 3571/6487/5318 3568/6481/5312 3561/6467/5298
f 3572/6489/5320 3568/6481/5312 3571/6487/5318
f 3568/6482/5313 3572/6490/5321 3573/6491/5322
f 3567/6479/5310 3568/6482/5313 3573/6491/5322
f 3571/6488/5319 3561/6468/5299 3574/6493/5324
f 3575/6495/5326 3572/6489/5320 3571/6487/5318
f 3576/6497/5328 3571/6488/5319 3574/6493/5324
f 3575/6496/5327 3571/6488/5319 3576/6497/5328
f 3574/6493/5324 3561/6468/5299 3562/6469/5300
f 3573/6491/5322 3572/6490/5321 3577/6499/5330
f 3578/6501/5332 3572/6489/5320 3575/6495/5326
f 3572/6490/5321 3578/6502/5333 3577/6499/5330
f 3562/6470/5301 3567/6480/5311 3573/6492/5323
f 3562/6470/5301 3573/6492/5323 3574/6494/5325
f 3574/6494/5325 3573/6492/5323 3577/6500/5331
f 3574/6494/5325 3577/6500/5331 3576/6498/5329
f 3579/6503/5334 3578/6501/5332 3575/6495/5326
f 3580/6505/5336 3575/6496/5327 3576/6497/5328
f 3579/6504/5335 3575/6496/5327 3580/6505/5336
f 3577/6499/5330 3578/6502/5333 3581/6507/5338
f 3582/6509/5340 3578/6501/5332 3579/6503/5334
f 3578/6502/5333 3582/6510/5341 3581/6507/5338
f 3576/6498/5329 3577/6500/5331 3581/6508/5339
f 3576/6498/5329 3581/6508/5339 3580/6506/5337
f 3583/6511/5342 3566/6478/5309 3565/6475/5306
f 3566/6477/5308 3584/6513/5344 3570/6485/5316
f 3584/6514/5345 3566/6478/5309 3583/6511/5342
f 3585/6515/5346 3565/6476/5307 3569/6483/5314
f 3585/6515/5346 3583/6512/5343 3565/6476/5307
f 3569/6484/5315 3570/6486/5317 3585/6516/5347
f 3570/6485/5316 3584/6513/5344 3586/6517/5348
f 3570/6486/5317 3586/6518/5349 3585/6516/5347
f 3587/6519/5350 3584/6514/5345 3583/6511/5342
f 3584/6513/5344 3588/6521/5352 3586/6517/5348
f 3588/6522/5353 3584/6514/5345 3587/6519/5350
f 3589/6523/5354 3583/6512/5343 3585/6515/5346
f 3589/6523/5354 3587/6520/5351 3583/6512/5343
f 3585/6516/5347 3586/6518/5349 3589/6524/5355
f 3586/6517/5348 3588/6521/5352 3590/6525/5356
f 3586/6518/5349 3590/6526/5357 3589/6524/5355
f 3591/6527/5358 3582/6509/5340 3579/6503/5334
f 3592/6529/5360 3579/6504/5335 3580/6505/5336
f 3591/6528/5359 3579/6504/5335 3592/6529/5360
f 3581/6507/5338 3582/6510/5341 3593/6531/5362
f 3594/6533/5364 3582/6509/5340 3591/6527/5358
f 3582/6510/5341 3594/6534/5365 3593/6531/5362
f 3580/6506/5337 3581/6508/5339 3593/6532/5363
f 3580/6506/5337 3593/6532/5363 3592/6530/5361
f 3595/6535/5366 3594/6533/5364 3591/6527/5358
f 3596/6537/5368 3591/6528/5359 3592/6529/5360
f 3595/6536/5367 3591/6528/5359 3596/6537/5368
f 3593/6531/5362 3594/6534/5365 3597/6539/5370
f 3598/6541/5372 3594/6533/5364 3595/6535/5366
f 3594/6534/5365 3598/6542/5373 3597/6539/5370
f 3592/6530/5361 3593/6532/5363 3597/6540/5371
f 3592/6530/5361 3597/6540/5371 3596/6538/5369
f 3588/6521/5352 3599/6543/5374 3590/6525/5356
f 3599/6544/5375 3588/6522/5353 3600/6545/5376
f 3600/6545/5376 3588/6522/5353 3587/6519/5350
f 3590/6525/5356 3599/6543/5374 3601/6547/5378
f 3589/6524/5355 3590/6526/5357 3602/6549/5380
f 3590/6526/5357 3601/6548/5379 3602/6549/5380
f 3603/6551/5382 3599/6544/5375 3600/6545/5376
f 3599/6543/5374 3604/6553/5384 3601/6547/5378
f 3604/6554/5385 3599/6544/5375 3603/6551/5382
f 3602/6550/5381 3600/6546/5377 3587/6520/5351
f 3602/6550/5381 3587/6520/5351 3589/6523/5354
f 3605/6555/5386 3600/6546/5377 3602/6550/5381
f 3605/6555/5386 3603/6552/5383 3600/6546/5377
f 3602/6549/5380 3601/6548/5379 3605/6556/5387
f 3601/6547/5378 3604/6553/5384 3606/6557/5388
f 3601/6548/5379 3606/6558/5389 3605/6556/5387
f 3607/6559/5390 3595/6536/5367 3596/6537/5368
f 3608/6561/5392 3598/6541/5372 3595/6535/5366
f 3608/6562/5393 3595/6536/5367 3607/6559/5390
f 3596/6538/5369 3597/6540/5371 3609/6563/5394
f 3596/6538/5369 3609/6563/5394 3607/6560/5391
f 3597/6539/5370 3598/6542/5373 3609/6564/5395
f 3610/6565/5396 3598/6541/5372 3608/6561/5392
f 3598/6542/5373 3610/6566/5397 3609/6564/5395
f 3611/6567/5398 3604/6554/5385 3603/6551/5382
f 3604/6553/5384 3612/6569/5400 3606/6557/5388
f 3612/6570/5401 3604/6554/5385 3611/6567/5398
f 3613/6571/5402 3603/6552/5383 3605/6555/5386
f 3613/6571/5402 3611/6568/5399 3603/6552/5383
f 3605/6556/5387 3606/6558/5389 3613/6572/5403
f 3606/6557/5388 3612/6569/5400 3614/6573/5404
f 3606/6558/5389 3614/6574/5405 3613/6572/5403
f 3615/6575/5406 3608/6562/5393 3607/6559/5390
f 3616/6577/5408 3610/6565/5396 3608/6561/5392
f 3616/6578/5409 3608/6562/5393 3615/6575/5406
f 3607/6560/5391 3609/6563/5394 3617/6579/5410
f 3607/6560/5391 3617/6579/5410 3615/6576/5407
f 3609/6564/5395 3610/6566/5397 3617/6580/5411
f 3618/6581/5412 3610/6565/5396 3616/6577/5408
f 3610/6566/5397 3618/6582/5413 3617/6580/5411
f 3619/6583/5414 3616/6578/5409 3615/6575/5406
f 3620/6585/5416 3618/6581/5412 3616/6577/5408
f 3620/6586/5417 3616/6578/5409 3619/6583/5414
f 3615/6576/5407 3617/6579/5410 3621/6587/5418
f 3615/6576/5407 3621/6587/5418 3619/6584/5415
f 3617/6580/5411 3618/6582/5413 3621/6588/5419
f 3622/6589/5420 3618/6581/5412 3620/6585/5416
f 3618/6582/5413 3622/6590/5421 3621/6588/5419
f 3623/6591/5422 3612/6570/5401 3611/6567/5398
f 3612/6569/5400 3624/6593/5424 3614/6573/5404
f 3624/6594/5425 3612/6570/5401 3623/6591/5422
f 3625/6595/5426 3623/6592/5423 3611/6568/5399
f 3625/6595/5426 3611/6568/5399 3613/6571/5402
f 3614/6573/5404 3624/6593/5424 3626/6597/5428
f 3613/6572/5403 3614/6574/5405 3625/6596/5427
f 3614/6574/5405 3626/6598/5429 3625/6596/5427
f 3627/6599/5430 3624/6594/5425 3623/6591/5422
f 3624/6593/5424 3628/6602/5433 3626/6597/5428
f 3628/6604/5435 3624/6594/5425 3627/6599/5430
f 3629/6605/5436 3623/6592/5423 3625/6595/5426
f 3629/6605/5436 3627/6601/5432 3623/6592/5423
f 3630/6607/5438 3620/6586/5417 3619/6583/5414
f 3631/6609/5440 3622/6589/5420 3620/6585/5416
f 3631/6610/5441 3620/6586/5417 3630/6607/5438
f 3619/6584/5415 3621/6587/5418 3632/6611/5442
f 3619/6584/5415 3632/6611/5442 3630/6608/5439
f 3625/6596/5427 3626/6598/5429 3629/6606/5437
f 3626/6597/5428 3628/6602/5433 3633/6613/5444
f 3626/6598/5429 3633/6614/5445 3629/6606/5437
f 3621/6588/5419 3622/6590/5421 3632/6612/5443
f 3634/6616/5447 3622/6589/5420 3631/6609/5440
f 3622/6590/5421 3634/6617/5448 3632/6612/5443
f 3635/6618/5449 3628/6604/5435 3627/6599/5430
f 3628/6603/5434 3636/6621/5452 3633/6615/5446
f 3636/6623/5454 3628/6604/5435 3635/6618/5449
f 3637/6624/5455 3627/6601/5432 3629/6605/5436
f 3637/6625/5456 3635/6620/5451 3627/6600/5431
f 3629/6606/5437 3633/6614/5445 3637/6626/5457
f 3633/6615/5446 3636/6621/5452 3638/6627/5458
f 3633/6614/5445 3638/6628/5459 3637/6626/5457
f 3639/6630/5461 3631/6610/5441 3630/6607/5438
f 3640/6633/5464 3634/6616/5447 3631/6609/5440
f 3640/6635/5466 3631/6610/5441 3639/6630/5461
f 3630/6608/5439 3632/6611/5442 3641/6636/5467
f 3630/6608/5439 3641/6636/5467 3639/6632/5463
f 3632/6612/5443 3634/6617/5448 3641/6637/5468
f 3642/6638/5469 3634/6616/5447 3640/6633/5464
f 3634/6617/5448 3642/6639/5470 3641/6637/5468
f 3643/6641/5472 3640/6635/5466 3639/6630/5461
f 3644/6643/5474 3642/6640/5471 3640/6634/5465
f 3644/6644/5475 3640/6635/5466 3643/6641/5472
f 3639/6632/5463 3641/6636/5467 3645/6645/5476
f 3639/6631/5462 3645/6646/5477 3643/6642/5473
f 3641/6637/5468 3642/6639/5470 3645/6647/5478
f 3642/6639/5470 3646/6648/5479 3645/6647/5478
f 3646/6649/5480 3642/6640/5471 3644/6643/5474
f 3647/6650/5481 3636/6623/5454 3635/6618/5449
f 3636/6622/5453 3648/6652/5483 3638/6629/5460
f 3648/6653/5484 3636/6623/5454 3647/6650/5481
f 3649/6654/5485 3635/6620/5451 3637/6625/5456
f 3649/6655/5486 3647/6651/5482 3635/6619/5450
f 3637/6626/5457 3638/6628/5459 3649/6656/5487
f 3638/6628/5459 3650/6657/5488 3649/6656/5487
f 3638/6629/5460 3648/6652/5483 3650/6658/5489
f 3643/6642/5473 3645/6646/5477 3651/6659/5490
f 3645/6647/5478 3646/6648/5479 3651/6660/5491
f 3652/6661/5492 3647/6651/5482 3649/6655/5486
f 3649/6656/5487 3650/6657/5488 3652/6662/5493
f 3653/6663/5494 3644/6644/5475 3643/6641/5472
f 3654/6665/5496 3646/6649/5480 3644/6643/5474
f 3654/6666/5497 3644/6644/5475 3653/6663/5494
f 3643/6642/5473 3651/6659/5490 3653/6664/5495
f 3646/6648/5479 3655/6667/5498 3651/6660/5491
f 3655/6668/5499 3646/6649/5480 3654/6665/5496
f 3653/6664/5495 3651/6659/5490 3656/6669/5500
f 3651/6660/5491 3655/6667/5498 3656/6670/5501
f 3657/6671/5502 3648/6653/5484 3647/6650/5481
f 3648/6652/5483 3658/6673/5504 3650/6658/5489
f 3658/6674/5505 3648/6653/5484 3657/6671/5502
f 3652/6661/5492 3657/6672/5503 3647/6651/5482
f 3650/6657/5488 3659/6675/5506 3652/6662/5493
f 3650/6658/5489 3658/6673/5504 3659/6676/5507
f 3660/6677/5508 3657/6672/5503 3652/6661/5492
f 3652/6662/5493 3659/6675/5506 3660/6678/5509
f 3661/6679/5510 3654/6666/5497 3653/6663/5494
f 3662/6681/5512 3655/6668/5499 3654/6665/5496
f 3662/6682/5513 3654/6666/5497 3661/6679/5510
f 3653/6664/5495 3656/6669/5500 3661/6680/5511
f 3655/6667/5498 3663/6683/5514 3656/6670/5501
f 3663/6684/5515 3655/6668/5499 3662/6681/5512
f 3661/6680/5511 3656/6669/5500 3664/6685/5516
f 3656/6670/5501 3663/6683/5514 3664/6686/5517
f 3665/6687/5518 3658/6674/5505 3657/6671/5502
f 3658/6673/5504 3666/6691/5522 3659/6676/5507
f 3666/6694/5525 3658/6674/5505 3665/6687/5518
f 3660/6677/5508 3665/6690/5521 3657/6672/5503
f 3659/6675/5506 3667/6695/5526 3660/6678/5509
f 3659/6676/5507 3666/6691/5522 3667/6698/5529
f 3668/6699/5530 3665/6690/5521 3660/6677/5508
f 3660/6678/5509 3667/6695/5526 3668/6702/5533
f 3669/6703/5534 3662/6682/5513 3661/6679/5510
f 3670/6706/5537 3663/6684/5515 3662/6681/5512
f 3670/6708/5539 3662/6682/5513 3669/6703/5534
f 3661/6680/5511 3664/6685/5516 3669/6705/5536
f 3663/6683/5514 3671/6709/5540 3664/6686/5517
f 3671/6711/5542 3663/6684/5515 3670/6706/5537
f 3669/6705/5536 3664/6685/5516 3672/6712/5543
f 3664/6686/5517 3671/6709/5540 3672/6714/5545
f 3673/6715/5546 3666/6693/5524 3665/6688/5519
f 3666/6692/5523 3674/6719/5550 3667/6697/5528
f 3674/6722/5553 3666/6693/5524 3673/6715/5546
f 3668/6700/5531 3673/6718/5549 3665/6689/5520
f 3667/6696/5527 3675/6723/5554 3668/6701/5532
f 3667/6697/5528 3674/6719/5550 3675/6726/5557
f 3676/6727/5558 3673/6718/5549 3668/6700/5531
f 3668/6701/5532 3675/6723/5554 3676/6730/5561
f 3670/6707/5538 3669/6704/5535 3677/6731/5562
f 3671/6710/5541 3670/6707/5538 3678/6734/5565
f 3678/6734/5565 3670/6707/5538 3677/6731/5562
f 3669/6704/5535 3672/6713/5544 3679/6737/5568
f 3677/6731/5562 3669/6704/5535 3679/6737/5568
f 3672/6713/5544 3671/6710/5541 3680/6740/5571
f 3680/6740/5571 3671/6710/5541 3678/6734/5565
f 3679/6737/5568 3672/6713/5544 3680/6740/5571
f 3678/6736/5567 3677/6732/5563 3681/6743/5573
f 3677/6733/5564 3679/6738/5569 3682/6746/5575
f 3681/6743/5573 3677/6732/5563 3682/6747/5576
f 3680/6742/5572 3678/6735/5566 3683/6749/5578
f 3683/6749/5578 3678/6735/5566 3681/6744/5572
f 3679/6739/5570 3680/6741/5570 3684/6752/5579
f 3682/6746/5575 3679/6738/5569 3684/6753/5581
f 3684/6752/5579 3680/6741/5570 3683/6750/5579
f 3681/6745/5574 3682/6748/5577 3683/6751/5580
f 3683/6751/5580 3682/6748/5577 3684/6754/5580
f 3674/6721/5552 3673/6716/5547 3685/6755/5582
f 3675/6725/5556 3674/6720/5551 3686/6758/5583
f 3686/6758/5583 3674/6720/5551 3685/6756/5583
f 3673/6717/5548 3676/6728/5559 3687/6761/5587
f 3685/6755/5582 3673/6716/5547 3687/6762/5588
f 3676/6729/5560 3675/6724/5555 3688/6764/5590
f 3688/6764/5590 3675/6724/5555 3686/6759/5585
f 3687/6761/5587 3676/6728/5559 3688/6765/5591
f 3686/6760/5586 3685/6757/5584 3688/6766/5592
f 3688/6766/5592 3685/6757/5584 3687/6763/5589
f 3689/6767/5593 3690/6768/5594 3691/6769/5595
f 3692/6770/5596 3690/6768/5594 3689/6767/5593
f 3689/6767/5593 3691/6769/5595 3693/6771/5597
f 3689/6767/5593 3694/6772/5598 3692/6770/5596
f 3695/6773/5599 3689/6767/5593 3693/6771/5597
f 3695/6773/5599 3696/6774/5600 3689/6767/5593
f 3689/6767/5593 3696/6774/5600 3694/6772/5598
f 3697/6775/5601 3691/6769/5595 3690/6768/5594
f 3692/6770/5596 3698/6776/5602 3690/6768/5594
f 3690/6768/5594 3699/6777/5603 3697/6775/5601
f 3690/6768/5594 3698/6776/5602 3699/6777/5603
f 3697/6775/5601 3700/6778/5604 3691/6769/5595
f 3701/6779/5605 3693/6771/5597 3691/6769/5595
f 3691/6769/5595 3702/6780/5606 3701/6779/5605
f 3691/6769/5595 3700/6778/5604 3702/6780/5606
f 3703/6781/5607 3698/6776/5602 3692/6770/5596
f 3703/6781/5607 3692/6770/5596 3694/6772/5598
f 3704/6782/5608 3697/6775/5601 3699/6777/5603
f 3704/6782/5608 3700/6778/5604 3697/6775/5601
f 3698/6776/5602 3705/6784/5610 3699/6777/5603
f 3703/6781/5607 3706/6786/5612 3698/6776/5602
f 3698/6776/5602 3706/6786/5612 3705/6784/5610
f 3705/6784/5610 3707/6787/5613 3699/6777/5603
f 3704/6782/5608 3699/6777/5603 3707/6787/5613
f 3693/6771/5597 3708/6789/5615 3695/6773/5599
f 3701/6779/5605 3709/6790/5616 3693/6771/5597
f 3693/6771/5597 3709/6790/5616 3708/6789/5615
f 3710/6791/5617 3696/6774/5600 3695/6773/5599
f 3710/6791/5617 3695/6773/5599 3708/6789/5615
f 3696/6774/5600 3711/6793/5619 3694/6772/5598
f 3703/6781/5607 3694/6772/5598 3712/6795/5621
f 3711/6793/5619 3712/6795/5621 3694/6772/5598
f 3710/6791/5617 3713/6797/5623 3696/6774/5600
f 3696/6774/5600 3713/6797/5623 3711/6793/5619
f 3714/6799/5625 3701/6779/5605 3702/6780/5606
f 3714/6799/5625 3709/6790/5616 3701/6779/5605
f 3700/6778/5604 3715/6800/5626 3702/6780/5606
f 3704/6782/5608 3716/6802/5628 3700/6778/5604
f 3700/6778/5604 3716/6802/5628 3715/6800/5626
f 3715/6800/5626 3717/6804/5630 3702/6780/5606
f 3714/6799/5625 3702/6780/5606 3717/6804/5630
f 3709/6790/5616 3718/6806/5632 3708/6789/5615
f 3710/6791/5617 3708/6789/5615 3719/6808/5634
f 3719/6808/5634 3708/6789/5615 3718/6806/5632
f 3714/6799/5625 3720/6810/5636 3709/6790/5616
f 3709/6790/5616 3720/6810/5636 3718/6806/5632
f 3721/6811/5637 3706/6786/5612 3703/6781/5607
f 3721/6811/5637 3703/6781/5607 3712/6795/5621
f 3722/6814/5640 3705/6784/5610 3706/6786/5612
f 3723/6817/5642 3707/6788/5614 3705/6785/5611
f 3722/6814/5640 3723/6818/5643 3705/6784/5610
f 3721/6811/5637 3722/6814/5640 3706/6786/5612
f 3724/6821/5646 3716/6803/5629 3704/6783/5609
f 3724/6821/5646 3704/6783/5609 3707/6788/5614
f 3725/6823/5648 3713/6798/5624 3710/6792/5618
f 3725/6823/5648 3710/6792/5618 3719/6809/5635
f 3726/6825/5650 3711/6794/5620 3713/6798/5624
f 3727/6827/5652 3712/6796/5622 3711/6794/5620
f 3726/6825/5650 3727/6827/5652 3711/6794/5620
f 3725/6823/5648 3726/6825/5650 3713/6798/5624
f 3728/6829/5654 3715/6801/5627 3716/6803/5629
f 3729/6831/5656 3717/6805/5631 3715/6801/5627
f 3728/6829/5654 3729/6831/5656 3715/6801/5627
f 3724/6821/5646 3728/6829/5654 3716/6803/5629
f 3730/6833/5658 3720/6810/5636 3714/6799/5625
f 3730/6833/5658 3714/6799/5625 3717/6804/5630
f 3731/6836/5661 3718/6806/5632 3720/6810/5636
f 3732/6839/5663 3719/6809/5635 3718/6807/5633
f 3731/6836/5661 3732/6840/5664 3718/6806/5632
f 3730/6833/5658 3731/6836/5661 3720/6810/5636
f 3724/6821/5646 3707/6788/5614 3733/6843/5667
f 3723/6817/5642 3733/6843/5667 3707/6788/5614
f 3721/6811/5637 3712/6795/5621 3734/6845/5669
f 3727/6827/5652 3734/6846/5670 3712/6796/5622
f 3730/6833/5658 3717/6804/5630 3735/6849/5673
f 3729/6831/5656 3735/6850/5674 3717/6805/5631
f 3725/6823/5648 3719/6809/5635 3736/6853/5677
f 3732/6839/5663 3736/6853/5677 3719/6809/5635
f 3737/6855/5679 3722/6815/5639 3721/6813/5639
f 3734/6848/5672 3737/6856/5680 3721/6812/5638
f 3738/6858/5682 3723/6819/5644 3722/6816/5641
f 3738/6858/5682 3722/6816/5641 3739/6862/5686
f 3737/6855/5679 3739/6863/5687 3722/6815/5639
f 3740/6865/5689 3728/6830/5655 3724/6822/5647
f 3741/6867/5691 3724/6822/5647 3733/6844/5668
f 3740/6865/5689 3724/6822/5647 3741/6867/5691
f 3725/6824/5649 3742/6869/5693 3726/6826/5651
f 3743/6871/5695 3725/6824/5649 3736/6854/5678
f 3725/6824/5649 3743/6871/5695 3742/6869/5693
f 3726/6826/5651 3744/6873/5697 3727/6828/5653
f 3726/6826/5651 3742/6869/5693 3744/6873/5697
f 3728/6830/5655 3745/6875/5699 3729/6832/5657
f 3728/6830/5655 3740/6865/5689 3745/6875/5699
f 3731/6837/5660 3730/6835/5660 3746/6877/5701
f 3735/6852/5676 3746/6878/5702 3730/6834/5659
f 3747/6880/5704 3732/6841/5665 3731/6838/5662
f 3731/6837/5660 3746/6877/5701 3748/6884/5708
f 3747/6880/5704 3731/6838/5662 3748/6886/5710
f 3749/6887/5711 3733/6844/5668 3723/6820/5645
f 3749/6887/5711 3723/6820/5645 3738/6861/5685
f 3727/6828/5653 3750/6889/5713 3734/6847/5671
f 3727/6828/5653 3744/6873/5697 3750/6889/5713
f 3734/6848/5672 3750/6892/5716 3737/6856/5680
f 3741/6867/5691 3733/6844/5668 3749/6887/5711
f 3729/6832/5657 3751/6893/5717 3735/6851/5675
f 3729/6832/5657 3745/6875/5699 3751/6893/5717
f 3752/6897/5721 3736/6854/5678 3732/6842/5666
f 3752/6897/5721 3732/6842/5666 3747/6883/5707
f 3743/6871/5695 3736/6854/5678 3752/6897/5721
f 3735/6852/5676 3751/6896/5720 3746/6878/5702
f 3739/6864/5688 3753/6899/5723 3738/6859/5683
f 3749/6888/5712 3738/6860/5684 3753/6900/5724
f 3739/6864/5688 3737/6857/5681 3754/6901/5725
f 3737/6857/5681 3750/6891/5715 3755/6902/5726
f 3737/6857/5681 3755/6902/5726 3754/6901/5725
f 3739/6864/5688 3756/6904/5728 3753/6899/5723
f 3739/6864/5688 3754/6901/5725 3756/6904/5728
f 3741/6868/5692 3749/6888/5712 3757/6905/5729
f 3749/6888/5712 3753/6900/5724 3757/6905/5729
f 3750/6890/5714 3744/6874/5698 3758/6907/5731
f 3750/6890/5714 3758/6907/5731 3755/6903/5727
f 3740/6866/5690 3741/6868/5692 3759/6909/5733
f 3741/6868/5692 3757/6905/5729 3759/6909/5733
f 3742/6870/5694 3758/6907/5731 3744/6874/5698
f 3740/6866/5690 3760/6911/5735 3745/6876/5700
f 3740/6866/5690 3759/6909/5733 3761/6913/5737
f 3740/6866/5690 3761/6913/5737 3760/6911/5735
f 3742/6870/5694 3743/6872/5696 3762/6915/5739
f 3742/6870/5694 3763/6917/5741 3758/6907/5731
f 3742/6870/5694 3762/6915/5739 3763/6917/5741
f 3751/6894/5718 3745/6876/5700 3760/6911/5735
f 3743/6872/5696 3752/6898/5722 3764/6919/5743
f 3743/6872/5696 3764/6919/5743 3762/6915/5739
f 3746/6879/5703 3751/6895/5719 3765/6921/5745
f 3751/6894/5718 3760/6911/5735 3765/6922/5746
f 3752/6898/5722 3747/6882/5706 3766/6923/5747
f 3752/6898/5722 3766/6923/5747 3764/6919/5743
f 3767/6925/5749 3748/6885/5709 3746/6879/5703
f 3746/6879/5703 3765/6921/5745 3767/6925/5749
f 3748/6885/5709 3766/6924/5748 3747/6881/5705
f 3748/6885/5709 3768/6926/5750 3766/6924/5748
f 3767/6925/5749 3768/6926/5750 3748/6885/5709
f 3756/6904/5728 3769/6927/5751 3753/6899/5723
f 3757/6906/5730 3753/6899/5723 3769/6927/5751
f 3756/6904/5728 3754/6901/5725 3770/6928/5752
f 3770/6928/5752 3754/6901/5725 3755/6902/5726
f 3756/6904/5728 3771/6929/5753 3769/6927/5751
f 3756/6904/5728 3770/6928/5752 3771/6929/5753
f 3758/6908/5732 3772/6930/5754 3755/6902/5726
f 3770/6928/5752 3755/6902/5726 3772/6930/5754
f 3763/6918/5742 3772/6930/5754 3758/6908/5732
f 3773/6931/5755 3759/6910/5734 3757/6906/5730
f 3773/6931/5755 3757/6906/5730 3769/6927/5751
f 3761/6914/5738 3759/6910/5734 3773/6931/5755
f 3763/6918/5742 3762/6916/5740 3774/6932/5756
f 3774/6932/5756 3762/6916/5740 3764/6920/5744
f 3763/6918/5742 3775/6933/5757 3772/6930/5754
f 3763/6918/5742 3774/6932/5756 3775/6933/5757
f 3761/6914/5738 3776/6934/5758 3760/6912/5736
f 3760/6912/5736 3776/6934/5758 3765/6921/5745
f 3761/6914/5738 3773/6931/5755 3777/6935/5759
f 3761/6914/5738 3777/6935/5759 3776/6934/5758
f 3764/6920/5744 3766/6924/5748 3778/6936/5760
f 3774/6932/5756 3764/6920/5744 3778/6936/5760
f 3768/6926/5750 3778/6936/5760 3766/6924/5748
f 3779/6937/5761 3767/6925/5749 3765/6921/5745
f 3779/6937/5761 3765/6921/5745 3776/6934/5758
f 3779/6937/5761 3768/6926/5750 3767/6925/5749
f 3768/6926/5750 3780/6938/5762 3778/6936/5760
f 3779/6937/5761 3780/6938/5762 3768/6926/5750
f 3781/6939/5763 3773/6931/5755 3769/6927/5751
f 3781/6939/5763 3769/6927/5751 3771/6929/5753
f 3782/6940/5764 3770/6928/5752 3772/6930/5754
f 3782/6940/5764 3772/6930/5754 3775/6933/5757
f 3771/6929/5753 3770/6928/5752 3782/6940/5764
f 3777/6935/5759 3773/6931/5755 3781/6939/5763
f 3783/6941/5765 3779/6937/5761 3776/6934/5758
f 3783/6941/5765 3776/6934/5758 3777/6935/5759
f 3784/6942/5766 3774/6932/5756 3778/6936/5760
f 3784/6942/5766 3778/6936/5760 3780/6938/5762
f 3775/6933/5757 3774/6932/5756 3784/6942/5766
f 3783/6941/5765 3780/6938/5762 3779/6937/5761
f 3771/6929/5753 3782/6940/5764 3781/6939/5763
f 3775/6933/5757 3784/6942/5766 3782/6940/5764
f 3777/6935/5759 3781/6939/5763 3783/6941/5765
f 3783/6941/5765 3784/6942/5766 3780/6938/5762
f 3784/6942/5766 3781/6939/5763 3782/6940/5764
f 3784/6942/5766 3783/6941/5765 3781/6939/5763
