# File generated by ImageToStl.com - Free Image and 3D model conversion tools

o obj1
v 4.93358278 -0.66929048 1.46271336
v 4.93358278 -0.62693113 1.32974327
v 5.36424923 -0.68333834 1.31177402
v 5.36424923 -0.72569764 1.44474423
v 5.7949152 -0.7397455 1.29380476
v 5.7949152 -0.78210485 1.42677498
v 6.22558165 -0.79615271 1.27583551
v 6.22558165 -0.83851212 1.40880573
v 6.65624762 -0.85255986 1.25786638
v 6.65624762 -0.89491928 1.39083648
v 7.08691406 -0.90896714 1.23989713
v 7.08691406 -0.95132643 1.37286735
v 7.51758003 -0.96537429 1.22192788
v 7.51758003 -1.00773358 1.3548981
v 7.94824648 -1.02178144 1.20395863
v 7.94824648 -1.0641408 1.33692884
v 8.37891293 -1.07818854 1.1859895
v 8.37891293 -1.12054801 1.31895959
v 8.8095789 -1.13459587 1.16802025
v 8.8095789 -1.17695522 1.30099046
v 9.24024487 -1.19100308 1.150051
v 9.24024487 -1.23336244 1.28302121
v 4.93358278 -0.58457178 1.19677305
v 5.36424923 -0.64097899 1.1788038
v 5.7949152 -0.69738621 1.16083455
v 6.22558165 -0.7537933 1.1428653
v 6.65624762 -0.81020057 1.12489617
v 7.08691406 -0.86660773 1.10692692
v 7.51758003 -0.92301488 1.08895767
v 7.94824648 -0.97942215 1.07098842
v 8.37891293 -1.03582931 1.05301929
v 8.8095789 -1.09223652 1.03505003
v 9.24024487 -1.14864373 1.01708078
v 4.93358278 -0.54221249 1.06380284
v 5.36424923 -0.59861976 1.04583359
v 5.7949152 -0.65502685 1.02786434
v 6.22558165 -0.71143413 1.00989521
v 6.65624762 -0.76784116 0.99192595
v 7.08691406 -0.82424849 0.9739567
v 7.51758003 -0.88065559 0.95598751
v 7.94824648 -0.93706274 0.93801826
v 8.37891293 -0.99347007 0.92004907
v 8.8095789 -1.04987717 0.90207982
v 9.24024487 -1.10628438 0.88411063
v 4.93358278 -0.49985316 0.93083262
v 5.36424923 -0.55626035 0.91286337
v 5.7949152 -0.61266756 0.89489418
v 6.22558165 -0.66907471 0.87692493
v 6.65624762 -0.72548193 0.85895574
v 7.08691406 -0.78188908 0.84098649
v 7.51758003 -0.83829635 0.8230173
v 7.94824648 -0.89470351 0.80504805
v 8.37891293 -0.95111066 0.78707886
v 8.8095789 -1.00751793 0.76910961
v 9.24024487 -1.06392503 0.75114042
v 4.93358278 -0.45749384 0.79786241
v 5.36424923 -0.513901 0.77989322
v 5.7949152 -0.57030821 0.76192397
v 6.22558165 -0.62671542 0.74395478
v 6.65624762 -0.68312258 0.72598553
v 7.08691406 -0.73952979 0.70801634
v 7.51758003 -0.79593694 0.69004709
v 7.94824648 -0.8523441 0.67207789
v 8.37891293 -0.90875137 0.65410864
v 8.8095789 -0.96515852 0.63613945
v 9.24024487 -1.02156579 0.6181702
v 4.93358278 -0.41513449 0.6648922
v 5.36424923 -0.47154164 0.64692301
v 5.7949152 -0.52794886 0.62895375
v 6.22558165 -0.58435607 0.61098456
v 6.65624762 -0.64076328 0.59301531
v 7.08691406 -0.69717044 0.57504612
v 7.51758003 -0.75357765 0.55707687
v 7.94824648 -0.8099848 0.53910768
v 8.37891293 -0.86639196 0.52113843
v 8.8095789 -0.92279923 0.50316924
v 9.24024487 -0.97920638 0.48520002
v 4.93358278 -0.37277517 0.53192204
v 5.36424923 -0.42918238 0.51395279
v 5.7949152 -0.48558959 0.4959836
v 6.22558165 -0.54199672 0.47801435
v 6.65624762 -0.59840399 0.46004513
v 7.08691406 -0.65481108 0.44207588
v 7.51758003 -0.71121836 0.42410672
v 7.94824648 -0.76762557 0.40613747
v 8.37891293 -0.82403272 0.38816825
v 8.8095789 -0.88043982 0.37019899
v 9.24024487 -0.93684715 0.35222983
v 4.93358278 -0.33041582 0.3989518
v 5.36424923 -0.38682303 0.38098264
v 5.7949152 -0.44323018 0.36301339
v 6.22558165 -0.4996374 0.34504417
v 6.65624762 -0.55604458 0.32707492
v 7.08691406 -0.61245179 0.30910575
v 7.51758003 -0.668859 0.2911365
v 7.94824648 -0.72526616 0.27316725
v 8.37891293 -0.78167343 0.25519809
v 8.8095789 -0.83808059 0.23722886
v 9.24024487 -0.89448774 0.21925962
v 4.93358278 -0.28805655 0.26598158
v 5.36424923 -0.34446371 0.24801242
v 5.7949152 -0.40087092 0.23004319
v 6.22558165 -0.45727807 0.21207395
v 6.65624762 -0.51368529 0.19410478
v 7.08691406 -0.57009244 0.17613554
v 7.51758003 -0.62649965 0.1581663
v 7.94824648 -0.68290687 0.14019705
v 8.37891293 -0.73931402 0.12222788
v 8.8095789 -0.79572117 0.10425865
v 9.24024487 -0.85212845 0.08628941
v 4.93358278 -0.24569722 0.13301139
v 5.36424923 -0.30210435 0.11504222
v 5.7949152 -0.35851157 0.09707298
v 6.22558165 -0.41491872 0.07910375
v 6.65624762 -0.47132593 0.06113457
v 7.08691406 -0.52773315 0.04316533
v 7.51758003 -0.58414036 0.02519609
v 7.94824648 -0.64054751 0.00722685
v 8.37891293 -0.69695473 -0.01074232
v 8.8095789 -0.75336188 -0.02871156
v 9.24024487 -0.80976903 -0.0466808
v 5.13784075 2.00541711 0.85013217
v 5.13784075 1.96305788 0.98310238
v 5.56850719 1.90665066 0.96513319
v 5.56850719 1.9490099 0.83216298
v 5.99917316 1.85024345 0.94716394
v 5.99917316 1.8926028 0.81419373
v 6.42983961 1.79383624 0.92919475
v 6.42983961 1.83619571 0.79622453
v 6.86050558 1.73742902 0.9112255
v 6.86050558 1.77978837 0.77825528
v 7.29117203 1.68102193 0.89325631
v 7.29117203 1.72338116 0.76028609
v 7.721838 1.62461472 0.87528706
v 7.721838 1.66697407 0.7423169
v 8.15250397 1.5682075 0.85731786
v 8.15250397 1.61056697 0.72434765
v 8.58317089 1.51180029 0.83934861
v 8.58317089 1.55415964 0.70637846
v 9.01383686 1.45539308 0.82137942
v 9.01383686 1.49775243 0.68840921
v 9.44450283 1.39898586 0.80341017
v 9.44450283 1.44134521 0.67044002
v 5.13784075 1.92069852 1.11607254
v 5.56850719 1.86429131 1.0981034
v 5.99917316 1.8078841 1.08013415
v 6.42983961 1.75147688 1.0621649
v 6.86050558 1.69506979 1.04419565
v 7.29117203 1.63866258 1.02622652
v 7.721838 1.58225536 1.00825727
v 8.15250397 1.52584815 0.99028808
v 8.58317089 1.46944094 0.97231883
v 9.01383686 1.41303372 0.95434964
v 9.44450283 1.35662663 0.93638039
v 5.13784075 1.87833917 1.24904275
v 5.56850719 1.82193196 1.23107362
v 5.99917316 1.76552474 1.21310437
v 6.42983961 1.70911765 1.19513512
v 6.86050558 1.65271044 1.17716587
v 7.29117203 1.59630322 1.15919673
v 7.721838 1.53989601 1.14122748
v 8.15250397 1.4834888 1.12325823
v 8.58317089 1.42708158 1.10528898
v 9.01383686 1.37067449 1.08731985
v 9.44450283 1.31426728 1.0693506
v 5.13784075 1.83597994 1.38201296
v 5.56850719 1.77957261 1.36404371
v 5.99917316 1.72316539 1.34607458
v 6.42983961 1.6667583 1.32810533
v 6.86050558 1.6103512 1.31013608
v 7.29117203 1.55394387 1.29216683
v 7.721838 1.49753666 1.2741977
v 8.15250397 1.44112957 1.25622845
v 8.58317089 1.38472235 1.2382592
v 9.01383686 1.32831514 1.22029006
v 9.44450283 1.27190793 1.20232081
v 5.13784075 1.79362047 1.51498318
v 5.56850719 1.73721337 1.49701393
v 5.99917316 1.68080616 1.4790448
v 6.42983961 1.62439895 1.46107554
v 6.86050558 1.56799173 1.44310629
v 7.29117203 1.51158452 1.42513704
v 7.721838 1.45517743 1.40716791
v 8.15250397 1.39877021 1.38919866
v 8.58317089 1.342363 1.37122941
v 9.01383686 1.28595579 1.35326016
v 9.44450283 1.22954857 1.33529103
v 5.13784075 1.75126123 1.64795339
v 5.56850719 1.69485402 1.62998414
v 5.99917316 1.63844681 1.61201489
v 6.42983961 1.58203959 1.59404576
v 6.86050558 1.52563238 1.57607651
v 7.29117203 1.46922529 1.55810726
v 7.721838 1.41281807 1.54013813
v 8.15250397 1.35641086 1.52216887
v 8.58317089 1.30000365 1.50419962
v 9.01383686 1.24359643 1.48623037
v 9.44450283 1.18718922 1.46826124
v 5.13784075 1.70890188 1.7809236
v 5.56850719 1.65249467 1.76295435
v 5.99917316 1.59608746 1.7449851
v 6.42983961 1.53968024 1.72701597
v 6.86050558 1.48327315 1.70904672
v 7.29117203 1.42686594 1.69107747
v 7.721838 1.37045872 1.67310822
v 8.15250397 1.31405151 1.65513909
v 8.58317089 1.2576443 1.63716984
v 9.01383686 1.20123708 1.61920059
v 9.44450283 1.14482999 1.60123134
v 5.13784075 1.66654253 1.91389382
v 5.56850719 1.61013544 1.89592457
v 5.99917316 1.5537281 1.87795532
v 6.42983961 1.49732101 1.85998607
v 6.86050558 1.4409138 1.84201694
v 7.29117203 1.38450658 1.82404768
v 7.721838 1.32809937 1.80607843
v 8.15250397 1.27169216 1.7881093
v 8.58317089 1.21528494 1.77014005
v 9.01383686 1.15887785 1.7521708
v 9.44450283 1.10247064 1.73420155
v 5.13784075 1.62418318 2.04686403
v 5.56850719 1.56777596 2.02889466
v 5.99917316 1.51136887 2.01092553
v 6.42983961 1.45496166 1.99295628
v 6.86050558 1.39855444 1.97498715
v 7.29117203 1.34214723 1.9570179
v 7.721838 1.28574002 1.93904865
v 8.15250397 1.22933292 1.9210794
v 8.58317089 1.17292571 1.90311027
v 9.01383686 1.1165185 1.88514102
v 9.44450283 1.06011128 1.86717176
v 5.13784075 1.58182383 2.17983413
v 5.56850719 1.52541673 2.161865
v 5.99917316 1.46900952 2.14389563
v 6.42983961 1.41260231 2.12592649
v 6.86050558 1.35619509 2.10795736
v 7.29117203 1.29978788 2.08998799
v 7.721838 1.24338078 2.07201886
v 8.15250397 1.18697357 2.05404973
v 8.58317089 1.13056636 2.03608036
v 9.01383686 1.07415915 2.01811123
v 9.44450283 1.01775193 2.0001421
v 4.95400858 -0.02058575 0.20472346
v 5.38467503 -0.07699294 0.18675429
v 5.815341 -0.13340013 0.16878505
v 6.24600744 -0.18980731 0.15081581
v 6.67667341 -0.24621452 0.13284664
v 4.97443438 0.20452569 0.27643561
v 5.40510082 0.14811848 0.25846636
v 5.83576679 0.09171131 0.24049713
v 4.99486017 0.42963713 0.34814766
v 5.42552662 0.37322992 0.33017844
v 5.01528597 0.65474856 0.41985974
v 5.44595242 0.59834135 0.40189052
v 5.03571177 0.87985998 0.49157181
v 5.46637821 0.82345283 0.47360259
v 5.05613756 1.10497141 0.56328386
v 5.48680401 1.0485642 0.54531467
v 5.91746998 0.99215704 0.52734542
v 5.89704418 0.76704562 0.45563334
v 5.07656336 1.33008289 0.63499594
v 5.5072298 1.27367568 0.61702675
v 5.93789577 1.21726847 0.5990575
v 5.09698915 1.55519426 0.70670801
v 5.5276556 1.49878705 0.68873882
v 5.95832157 1.44237995 0.67076957
v 6.38898802 1.38597274 0.65280038
v 6.36856222 1.16086125 0.5810883
v 6.81965399 1.32956553 0.63483113
v 6.79922819 1.10445404 0.56311905
v 7.25032043 1.27315831 0.61686194
v 7.22989464 1.04804695 0.54514986
v 7.6809864 1.2167511 0.59889269
v 7.66056061 0.99163973 0.52718061
v 8.11165237 1.160344 0.5809235
v 8.09122658 0.93523252 0.50921142
v 8.5423193 1.10393679 0.56295431
v 8.5218935 0.87882531 0.49124217
v 8.97298527 1.04752958 0.54498506
v 8.95255947 0.82241815 0.47327301
v 9.40365124 0.99112236 0.52701586
v 9.38322544 0.76601094 0.45530376
v 5.11741495 1.78030562 0.77842009
v 5.5480814 1.72389853 0.7604509
v 5.97874737 1.66749144 0.74248165
v 6.40941381 1.6110841 0.72451246
v 6.84007978 1.55467689 0.70654321
v 7.27074623 1.4982698 0.68857402
v 7.7014122 1.44186258 0.67060483
v 8.13207817 1.38545537 0.65263557
v 8.56274509 1.32904816 0.63466638
v 8.99341106 1.27264094 0.61669713
v 9.42407703 1.21623385 0.59872794
v 9.26067066 -0.58465767 0.02503127
v 9.26067066 -0.62701702 0.15800148
v 9.26067066 -0.66937631 0.2909717
v 9.26067066 -0.71173567 0.42394188
v 9.26067066 -0.75409496 0.55691206
v 9.26067066 -0.79645425 0.68988228
v 9.26067066 -0.83881366 0.82285249
v 9.26067066 -0.8811729 0.95582271
v 9.26067066 -0.92353231 1.08879292
v 9.26067066 -0.9658916 1.22176313
v 9.26067066 -1.00825095 1.35473323
v 9.28109646 -0.57134289 0.76159436
v 9.28109646 -0.61370218 0.89456457
v 9.28109646 -0.65606147 1.02753472
v 9.28109646 -0.69842088 1.16050494
v 9.28109646 -0.74078017 1.29347515
v 9.28109646 -0.78313959 1.42644536
v 9.30152225 -0.3462314 0.83330643
v 9.30152225 -0.38859072 0.96627665
v 9.30152225 -0.43095008 1.09924686
v 9.30152225 -0.47330943 1.23221707
v 9.30152225 -0.51566875 1.36518729
v 9.30152225 -0.5580281 1.49815738
v 9.32194805 -0.12112001 0.90501851
v 9.32194805 -0.16347931 1.03798866
v 9.32194805 -0.20583865 1.17095888
v 9.32194805 -0.24819799 1.30392909
v 9.32194805 -0.29055732 1.4368993
v 9.32194805 -0.33291668 1.56986952
v 9.34237385 0.10399142 0.97673059
v 9.34237385 0.06163211 1.1097008
v 9.34237385 0.01927277 1.24267101
v 9.34237385 -0.02308656 1.37564123
v 9.34237385 -0.06544587 1.50861144
v 9.34237385 -0.10780521 1.64158165
v 9.36279964 0.32910287 1.04844272
v 9.36279964 0.28674355 1.18141294
v 9.36279964 0.24438421 1.31438303
v 9.36279964 0.20202488 1.44735324
v 9.36279964 0.15966555 1.58032346
v 9.36279964 0.11730622 1.71329367
v 9.36279964 0.3714622 0.91547251
v 9.38322544 0.59657365 0.98718458
v 9.38322544 0.5542143 1.12015474
v 9.38322544 0.51185495 1.25312495
v 9.38322544 0.46949565 1.38609517
v 9.38322544 0.4271363 1.51906538
v 9.38322544 0.38477698 1.65203559
v 9.38322544 0.34241766 1.78500581
v 9.38322544 0.72365159 0.58827394
v 9.40365124 0.94876307 0.65998602
v 9.40365124 0.90640372 0.79295623
v 9.38322544 0.6812923 0.72124416
v 9.40365124 0.86404437 0.92592645
v 9.38322544 0.63893294 0.85421437
v 9.40365124 0.82168508 1.05889666
v 9.40365124 0.77932572 1.19186687
v 9.40365124 0.73696643 1.32483709
v 9.40365124 0.69460708 1.45780718
v 9.40365124 0.65224773 1.5907774
v 9.40365124 0.60988843 1.72374761
v 9.40365124 0.56752908 1.85671782
v 9.42407703 1.1738745 0.7316981
v 9.42407703 1.13151515 0.86466831
v 9.42407703 1.08915579 0.99763852
v 9.42407703 1.04679644 1.13060868
v 9.42407703 1.00443721 1.26357889
v 9.42407703 0.96207786 1.39654911
v 9.42407703 0.9197185 1.52951932
v 9.42407703 0.87735921 1.66248953
v 9.42407703 0.83499986 1.79545975
v 9.42407703 0.79264051 1.92842996
v 8.83000469 -0.95184374 1.37270248
v 8.39933872 -0.89543658 1.39067173
v 7.96867228 -0.83902943 1.40864098
v 7.53800583 -0.78262216 1.42661011
v 7.10733986 -0.726215 1.44457936
v 6.67667341 -0.66980779 1.46254861
v 6.24600744 -0.61340058 1.48051786
v 5.815341 -0.55699342 1.498487
v 5.38467503 -0.50058621 1.51645625
v 4.95400858 -0.44417903 1.5344255
v 8.85043049 -0.72673231 1.44441462
v 8.41976452 -0.67032516 1.46238375
v 7.98909807 -0.61391795 1.480353
v 7.55843163 -0.55751073 1.49832225
v 7.12776566 -0.50110358 1.5162915
v 6.69709921 -0.44469634 1.53426063
v 6.26643324 -0.38828918 1.55222988
v 5.83576679 -0.33188197 1.57019913
v 5.40510082 -0.27547476 1.58816838
v 4.97443438 -0.21906762 1.60613751
v 8.87085629 -0.50162089 1.51612663
v 8.44019032 -0.44521374 1.53409588
v 8.00952339 -0.38880649 1.55206513
v 7.57885742 -0.33239928 1.57003427
v 7.14819145 -0.27599213 1.58800352
v 6.71752501 -0.21958493 1.60597277
v 6.28685904 -0.16317774 1.62394202
v 5.85619259 -0.10677055 1.64191115
v 5.42552662 -0.05036334 1.6598804
v 4.99486017 0.00604385 1.67784965
v 8.89128208 -0.27650943 1.58783877
v 8.46061611 -0.2201023 1.6058079
v 8.02994919 -0.16369508 1.62377715
v 7.59928322 -0.10728786 1.6417464
v 7.16861725 -0.05088068 1.65971565
v 6.7379508 0.0055265 1.67768478
v 6.30728483 0.06193369 1.69565403
v 5.87661839 0.11834089 1.71362329
v 5.44595242 0.17474808 1.73159254
v 5.01528597 0.23115528 1.74956167
v 8.91170788 -0.05139802 1.65955079
v 8.48104191 0.00500916 1.67752004
v 8.05037498 0.06141638 1.69548929
v 7.61970901 0.11782356 1.71345842
v 7.18904305 0.17423075 1.73142767
v 6.7583766 0.23063794 1.74939692
v 6.32771063 0.28704512 1.76736617
v 5.89704418 0.34345233 1.7853353
v 5.46637821 0.39985952 1.80330455
v 5.03571177 0.4562667 1.8212738
v 8.93213367 0.17371342 1.73126292
v 8.07080078 0.28652781 1.7672013
v 7.64013481 0.342935 1.78517056
v 7.20946884 0.39934218 1.80313981
v 6.77880239 0.45574936 1.82110894
v 6.34813643 0.51215655 1.83907819
v 5.91746998 0.56856376 1.85704744
v 5.48680401 0.62497097 1.87501669
v 5.05613756 0.68137813 1.89298582
v 8.95255947 0.39882484 1.80297494
v 8.09122658 0.51163924 1.83891344
v 7.66056061 0.56804645 1.85688257
v 7.22989464 0.6244536 1.87485182
v 6.79922819 0.68086082 1.89282107
v 6.36856222 0.73726803 1.91079032
v 5.93789577 0.79367518 1.92875946
v 5.5072298 0.8500824 1.94672871
v 5.07656336 0.90648955 1.96469796
v 8.97298527 0.6239363 1.87468708
v 8.5423193 0.68034345 1.89265633
v 8.5218935 0.45523205 1.82094419
v 8.11165237 0.73675066 1.91062546
v 7.6809864 0.79315788 1.92859471
v 7.25032043 0.84956503 1.94656396
v 6.81965399 0.90597224 1.96453309
v 6.38898802 0.96237952 1.98250234
v 5.95832157 1.01878667 2.00047159
v 5.5276556 1.07519376 2.01844072
v 5.09698915 1.13160098 2.03641009
v 8.99341106 0.84904772 1.94639909
v 8.56274509 0.90545493 1.96436834
v 8.13207817 0.96186209 1.98233759
v 7.7014122 1.0182693 2.00030684
v 7.27074623 1.07467651 2.01827598
v 6.84007978 1.13108373 2.03624511
v 6.40941381 1.18749082 2.05421448
v 5.97874737 1.24389803 2.07218361
v 5.5480814 1.30030525 2.09015298
v 5.11741495 1.35671246 2.10812211
v 4.95400858 -0.40181971 1.40145528
v 4.95400858 -0.35946035 1.26848507
v 4.95400858 -0.31710103 1.13551486
v 4.95400858 -0.27474168 1.00254464
v 4.95400858 -0.23238242 0.86957449
v 4.95400858 -0.19002308 0.73660427
v 4.95400858 -0.14766374 0.60363412
v 4.95400858 -0.1053044 0.47066388
v 4.95400858 -0.06294509 0.33769366
v 4.97443438 -0.17670828 1.47316742
v 4.97443438 -0.13434893 1.34019721
v 4.97443438 -0.0919896 1.20722699
v 4.97443438 -0.04963029 1.07425678
v 4.97443438 -0.00727095 0.94128656
v 4.97443438 0.03508839 0.80831635
v 4.97443438 0.07744769 0.6753462
v 4.97443438 0.11980703 0.54237598
v 4.97443438 0.16216636 0.40940574
v 4.99486017 0.04840318 1.54487944
v 4.99486017 0.09076249 1.41190922
v 4.99486017 0.13312182 1.27893901
v 4.99486017 0.17548116 1.14596879
v 4.99486017 0.21784048 1.0129987
v 4.99486017 0.26019982 0.88002843
v 4.99486017 0.30255914 0.74705827
v 4.99486017 0.34491846 0.61408806
v 4.99486017 0.38727778 0.48111781
v 5.01528597 0.2735146 1.61659157
v 5.01528597 0.31587392 1.48362136
v 5.01528597 0.35823327 1.35065114
v 5.01528597 0.4005926 1.21768093
v 5.01528597 0.44295192 1.08471072
v 5.01528597 0.48531124 0.9517405
v 5.01528597 0.52767056 0.81877035
v 5.01528597 0.57002991 0.68580014
v 5.01528597 0.61238921 0.55282992
v 5.03571177 0.49862602 1.68830359
v 5.03571177 0.54098535 1.55533338
v 5.03571177 0.5833447 1.42236316
v 5.03571177 0.62570405 1.28939295
v 5.03571177 0.66806334 1.15642285
v 5.03571177 0.71042269 1.02345264
v 5.03571177 0.75278199 0.89048243
v 5.03571177 0.79514134 0.75751221
v 5.03571177 0.83750069 0.624542
v 5.05613756 0.72373748 1.76001573
v 5.05613756 0.76609677 1.62704551
v 5.05613756 0.80845612 1.4940753
v 5.05613756 0.85081547 1.36110508
v 5.05613756 0.89317477 1.22813487
v 5.05613756 0.93553412 1.09516466
v 5.05613756 0.97789347 0.9621945
v 5.05613756 1.02025282 0.82922429
v 5.05613756 1.06261206 0.69625407
v 5.07656336 0.9488489 1.83172774
v 5.07656336 0.99120826 1.69875753
v 5.07656336 1.03356755 1.56578732
v 5.07656336 1.0759269 1.4328171
v 5.07656336 1.11828625 1.29984701
v 5.07656336 1.1606456 1.16687679
v 5.07656336 1.20300484 1.03390658
v 5.07656336 1.24536419 0.90093637
v 5.07656336 1.28772354 0.76796615
v 5.09698915 1.17396033 1.90343988
v 5.09698915 1.21631968 1.77046967
v 5.09698915 1.25867903 1.63749945
v 5.09698915 1.30103838 1.50452924
v 5.09698915 1.34339762 1.37155902
v 5.09698915 1.38575697 1.23858881
v 5.09698915 1.42811632 1.1056186
v 5.09698915 1.47047567 0.97264844
v 5.09698915 1.51283503 0.83967823
v 5.11741495 1.39907181 1.9751519
v 5.11741495 1.44143105 1.84218168
v 5.11741495 1.4837904 1.70921147
v 5.11741495 1.52614975 1.57624125
v 5.11741495 1.5685091 1.44327116
v 5.11741495 1.61086845 1.31030095
v 5.11741495 1.65322769 1.17733073
v 5.11741495 1.69558704 1.04436052
v 5.11741495 1.73794639 0.9113903
v 7.02211523 -0.32087484 0.10906265
v 6.97768974 -0.30605632 0.11378323
v 6.95920372 -0.30041724 0.11557963
v 7.03034163 -0.32304773 0.10837044
v 7.04415131 -0.32625362 0.10734913
v 6.88075829 -0.27294481 0.12433134
v 6.91226339 -0.28491458 0.1205182
v 6.90099049 -0.27984044 0.12213466
v 7.08074331 -0.33514762 0.10451589
v 7.06326818 -0.33069161 0.1059354
v 7.10390615 -0.34044427 0.10282852
v 7.10390759 -0.34044468 0.10282845
v 7.3465538 -0.38984409 0.08709159
v 7.30577946 -0.38334948 0.08916055
v 7.2886138 -0.37997353 0.09023598
v 7.24521255 -0.37097406 0.09310289
v 7.23605776 -0.36907515 0.09370779
v 7.40650988 -0.40225151 0.08313911
v 7.41596651 -0.40467048 0.08236852
v 7.40639925 -0.40222147 0.08314865
v 7.40631485 -0.40220311 0.0831545
v 7.17880154 -0.35647172 0.09772278
v 7.1875329 -0.35828236 0.09714598
v 7.13043976 -0.34628785 0.10096698
v 7.14467239 -0.34936914 0.0999854
v 7.23356724 -0.36853942 0.09387845
v 7.22338724 -0.36630759 0.09458948
v 7.52543068 -0.4302133 0.07423152
v 7.46581125 -0.41742066 0.07830674
v 7.52914 -0.43100148 0.07398039
v 7.53143454 -0.43145448 0.07383607
v 7.52724504 -0.43058461 0.07411321
v 7.73721743 -0.47775897 0.05908523
v 7.68616962 -0.46607211 0.06280823
v 7.65782976 -0.45973918 0.06482564
v 7.76599789 -0.48413494 0.05705411
v 7.77844858 -0.4865779 0.05627586
v 7.60442305 -0.44586763 0.06924462
v 7.78258848 -0.48739016 0.05601707
v 7.84410334 -0.49895623 0.05233258
v 7.91553307 -0.5114367 0.04835678
v 7.93042612 -0.51321805 0.04778925
v 7.95951176 -0.5163939 0.04677756
v 7.92147684 -0.51218736 0.04811761
v 8.12140942 -0.5331893 0.04142721
v 8.07835388 -0.52890956 0.04279052
v 8.04671383 -0.52576059 0.04379369
v 8.15582275 -0.53644907 0.04038876
v 8.18045616 -0.53838831 0.03977103
v 8.21674156 -0.54013264 0.03921533
v 7.99958515 -0.52076948 0.04538366
v 8.26770973 -0.54484785 0.03771321
v 8.22855949 -0.54070079 0.03903432
v 8.29473209 -0.54743236 0.03688986
v 8.32614613 -0.55179691 0.03549953
v 8.3573761 -0.5551613 0.03442774
v 8.39150333 -0.55819178 0.03346235
v 8.37854671 -0.55749518 0.03368424
v 8.58330059 -0.57819021 0.02709157
v 8.57896328 -0.57797706 0.02715953
v 8.53825665 -0.57374471 0.02850772
v 8.52232838 -0.57192862 0.02908633
v 8.4740591 -0.56570101 0.0310702
v 8.62539196 -0.58288085 0.02559732
v 8.62625599 -0.58292615 0.02558286
v 8.62899399 -0.58301842 0.02555349
v 8.66598225 -0.58340698 0.02542974
v 8.67841053 -0.58379877 0.02530492
v 8.46684265 -0.56498927 0.03129693
v 8.41423893 -0.55941421 0.03307296
v 8.68139648 -0.58382845 0.02529551
v 8.47154713 -0.56536698 0.03117661
v 8.70645428 -0.58407664 0.02521639
v 8.72593594 -0.58423877 0.02516477
v 8.74630356 -0.58378172 0.02531036
v 8.77542114 -0.58483279 0.02497548
v 8.82294464 -0.58570701 0.024697
v 8.82478905 -0.58572602 0.02469095
v 8.80537605 -0.58567125 0.02470843
v 8.83491707 -0.58583051 0.02465768
v 8.87471199 -0.58753264 0.02411543
v 8.8758955 -0.58753181 0.0241157
v 8.91195393 -0.58424616 0.02516235
v 8.93877983 -0.58424807 0.02516181
v 8.96914768 -0.58205813 0.0258594
v 9.01999092 -0.5779888 0.02715576
v 9.02780724 -0.57693392 0.02749179
v 9.02460384 -0.5772754 0.02738303
v 9.08460426 -0.57133937 0.029274
v 9.13035774 -0.56758976 0.03046853
v 6.05866385 0.03083124 0.221103
v 6.05300474 0.03278456 0.2217253
v 5.99594927 0.0543838 0.228606
v 6.06543541 0.02854324 0.22037415
v 6.16346121 -0.00320649 0.21025987
v 6.12456131 0.01030234 0.2145633
v 5.93148184 0.07613489 0.2355351
v 5.9199729 0.08068229 0.23698372
v 5.9490366 0.06957176 0.23344429
v 5.96983385 0.06214653 0.23107888
v 6.18988609 -0.01250038 0.20729919
v 6.18378258 -0.01026363 0.20801176
v 6.2508378 -0.0355723 0.19994938
v 6.25970364 -0.03885875 0.19890238
v 6.18632936 -0.01110043 0.20774518
v 6.3825264 -0.08443359 0.18438399
v 6.32617855 -0.06375964 0.19096993
v 6.32436323 -0.06307886 0.19118677
v 6.40923548 -0.09542762 0.18088166
v 6.45286751 -0.11244348 0.17546107
v 6.27417612 -0.04422328 0.19719344
v 6.32292986 -0.06256252 0.19135126
v 6.45317888 -0.11256481 0.17542242
v 6.48077583 -0.12488418 0.1714979
v 6.5187254 -0.14196013 0.16605815
v 6.5188508 -0.14201672 0.16604014
v 6.55979633 -0.15697315 0.1612756
v 6.60522652 -0.17338005 0.15604894
v 6.567698 -0.16005456 0.16029395
v 6.65592766 -0.19232321 0.15001437
v 6.66090822 -0.19418111 0.14942253
v 6.65852642 -0.19327246 0.14971197
v 6.6808176 -0.20054416 0.14739549
v 6.74365568 -0.22116373 0.14082682
v 6.71186876 -0.21046808 0.14423411
v 6.76737165 -0.22914372 0.13828477
v 6.7701354 -0.2299943 0.13801375
v 6.76895857 -0.22957647 0.13814685
v 6.82258129 -0.24984866 0.13168888
v 6.8463974 -0.26030037 0.12835938
v 6.86157322 -0.266406 0.12641436
v 9.15877247 -0.5653398 0.03118521
v 9.13466644 -0.5672366 0.03058099
v 9.14648151 -0.56594807 0.03099149
v 9.26404476 -0.54747087 0.03687763
v 9.26223373 -0.5478304 0.03676309
v 9.20787334 -0.55721164 0.03377458
v 5.67348003 0.28495809 0.30205834
v 5.64363813 0.33113506 0.31676859
v 5.69030571 0.25478262 0.29244557
v 5.6436286 0.33115041 0.3167735
v 5.63621712 0.3456344 0.32138753
v 5.6436348 0.3311407 0.3167704
v 5.69159412 0.25247228 0.2917096
v 5.70009708 0.23872495 0.28733015
v 5.70360899 0.23225394 0.28526878
v 5.73436594 0.18915561 0.27153924
v 5.73484039 0.18852241 0.27133754
v 5.73548269 0.18773881 0.27108794
v 5.77049255 0.15689449 0.26126209
v 5.78846264 0.14574456 0.2577101
v 5.81564617 0.12638277 0.25154218
v 5.83366346 0.11759777 0.24874362
v 5.8379364 0.1156214 0.24811399
v 5.86545706 0.10281507 0.24403439
v 5.86004829 0.10539372 0.24485581
v 5.8674159 0.10188111 0.24373683
v 5.87507677 0.09863001 0.2427012
v 5.89748573 0.08956745 0.23981419
v 5.5869875 0.48372942 0.36537939
v 5.58656454 0.48549119 0.36594066
v 5.58671284 0.48711139 0.36645684
v 5.59578085 0.43690354 0.35046247
v 5.5991931 0.55422932 0.38783807
v 5.59048462 0.5052349 0.37223026
v 5.59950447 0.55760854 0.38891456
v 5.60905027 0.57697934 0.39508536
v 5.60504675 0.40884045 0.3415226
v 5.59800959 0.42503664 0.34668213
v 5.61848259 0.38029206 0.33242816
v 5.66478491 0.62889242 0.41162291
v 5.62407684 0.60800999 0.40497056
v 5.66585875 0.62926263 0.4117409
v 5.71188593 0.63615745 0.4139373
v 5.66874504 0.62919074 0.41171798
v 5.62032557 0.59985906 0.402374
v 5.72131538 0.63493145 0.41354677
v 5.77534103 0.61361277 0.40675542
v 5.75272417 0.62108004 0.40913418
v 5.83041573 0.57582206 0.39471674
v 5.78615475 0.60618007 0.40438765
v 5.84663296 0.5687744 0.39247158
v 5.87715769 0.54787606 0.38581419
v 5.8708024 0.55072302 0.3867211
v 6.01501989 0.90496135 0.49956813
v 6.01182985 0.97949451 0.52331161
v 6.00136995 0.9544813 0.51534337
v 6.01229382 0.92737097 0.50670701
v 6.01192856 0.97978514 0.52340424
v 6.05180979 1.06591594 0.55084229
v 6.03484964 1.03605604 0.54133004
v 6.05285168 1.06690156 0.55115628
v 6.08470535 1.0982995 0.56115848
v 6.0903182 1.10383606 0.56292218
v 6.09016132 1.10367429 0.56287068
v 6.14381409 1.12599659 0.56998169
v 6.13234568 1.11894059 0.56773394
v 6.19815779 1.13670087 0.57339168
v 6.17346668 1.12794471 0.5706023
v 6.21378231 1.13730478 0.57358408
v 6.24134493 1.14150512 0.57492214
v 6.24890518 1.14189517 0.57504642
v 6.28958845 1.14103425 0.57477218
v 6.28137636 1.14278841 0.57533097
v 6.30534601 1.13721895 0.57355678
v 6.02743578 1.02300298 0.53717178
v 6.02653694 1.02133644 0.53664094
v 6.02441359 1.01658189 0.53512627
v 6.31590605 1.13466215 0.57274222
v 6.33535576 1.12953913 0.57111025
v 6.35434723 1.12328792 0.56911886
v 6.36484098 1.11985409 0.56802493
v 6.51240206 1.06956637 0.55200517
v 6.53947639 1.06107497 0.54930007
v 6.60944319 1.04167414 0.54311973
v 6.62184954 1.0381161 0.54198629
v 6.57525635 1.05125213 0.54617095
v 6.48147488 1.07916307 0.55506229
v 6.41244555 1.10422063 0.56304473
v 6.40898991 1.10540736 0.56342274
v 6.41339827 1.10386622 0.56293178
v 6.41511726 1.10316646 0.56270885
v 6.42376852 1.10002196 0.56170714
v 6.63864374 1.03329933 0.54045182
v 6.68157434 1.02108407 0.53656054
v 6.74626827 1.00144923 0.53030556
v 6.72756433 1.00724685 0.53215247
v 6.76122475 0.99684954 0.5288403
v 6.78866148 0.98799914 0.52602088
v 6.9458313 0.94180995 0.51130676
v 6.91974115 0.94937807 0.51371765
v 6.89534712 0.95642394 0.51596218
v 6.81422567 0.97975278 0.52339393
v 6.8759656 0.96187055 0.51769727
v 6.9694109 0.93497008 0.5091278
v 7.07967186 0.90208 0.49865028
v 7.03239584 0.91475689 0.50268865
v 7.00959492 0.92188364 0.50495899
v 7.09592533 0.89773816 0.49726713
v 7.11032343 0.89405084 0.4960925
v 7.09943438 0.89682734 0.49697694
v 7.16841555 0.87890148 0.49126646
v 7.15438366 0.88274068 0.49248949
v 7.21016073 0.86919469 0.48817423
v 7.21360683 0.86853915 0.48796538
v 7.29117632 0.85349333 0.48317239
v 7.27505064 0.85652578 0.4841384
v 7.24681091 0.86222267 0.48595321
v 7.34667587 0.8435415 0.48000214
v 7.39483976 0.83777982 0.47816661
v 7.32750893 0.84666079 0.48099574
v 7.40824938 0.83607936 0.47762495
v 7.40436554 0.83648115 0.47775295
v 7.45503569 0.83044797 0.475831
v 7.50582123 0.82365799 0.47366798
v 7.4890275 0.82606453 0.47443461
v 7.55631351 0.81670886 0.47145423
v 7.53302479 0.82046074 0.47264943
v 7.57043934 0.81465417 0.47079965
v 7.60710192 0.80879426 0.46893296
v 7.64351463 0.80377817 0.46733499
v 7.7124033 0.79355592 0.46407855
v 7.68348455 0.79804271 0.46550792
v 7.65980768 0.80122852 0.46652278
v 7.65101528 0.80274493 0.46700582
v 7.71781492 0.79271626 0.46381107
v 7.73084927 0.79090017 0.46323252
v 7.8056612 0.78269851 0.46061984
v 7.81197453 0.78201801 0.46040305
v 7.8425746 0.77861381 0.45931855
v 7.89154434 0.77312601 0.45757034
v 7.91364622 0.77047127 0.45672461
v 7.89766407 0.77238572 0.45733449
v 7.97189951 0.7633881 0.45446825
v 7.95638561 0.76522905 0.45505467
v 8.01251221 0.76195312 0.45401111
v 8.07509804 0.75747371 0.45258412
v 8.03765297 0.76121455 0.45377585
v 8.1734848 0.74852377 0.44973302
v 8.13435745 0.75212437 0.45088002
v 8.10182667 0.75482386 0.45173994
v 8.08060169 0.75692385 0.45240897
v 8.09294415 0.75573736 0.45203099
v 8.22043991 0.74674672 0.44916689
v 8.18403816 0.74755263 0.44942361
v 8.25977421 0.74560392 0.44880286
v 8.33777237 0.74148095 0.44748941
v 8.30936623 0.74335426 0.44808617
v 8.40910339 0.73625624 0.44582504
v 8.36084747 0.73963624 0.4469018
v 8.47361755 0.73658788 0.44593063
v 8.4407053 0.7364186 0.44587672
v 8.50889206 0.73553932 0.44559664
v 8.50709248 0.735614 0.44562042
v 8.59819221 0.73265439 0.44467762
v 8.54943371 0.73385763 0.44506091
v 8.62379932 0.73212224 0.44450811
v 8.68930244 0.73362291 0.44498616
v 8.65176582 0.73324233 0.4448649
v 8.71888638 0.73502666 0.44543335
v 8.76870441 0.73613822 0.44578746
v 8.7533102 0.73571229 0.44565174
v 8.72251129 0.73519862 0.44548813
v 8.80018711 0.73635554 0.44585669
v 8.80946541 0.73628324 0.44583362
v 8.8432703 0.73716742 0.44611529
v 8.87395763 0.73868304 0.44659811
v 8.850564 0.73726237 0.44614553
v 8.90029621 0.7396878 0.44691819
v 8.89455891 0.73951781 0.44686401
v 8.94525146 0.7418775 0.44761571
v 8.93713856 0.74156404 0.4475159
v 8.95446968 0.74223369 0.44772917
v 8.95668221 0.74239612 0.44778094
v 8.96157074 0.74262875 0.44785509
v 9.07763577 0.74494183 0.44859192
v 9.02998543 0.74435306 0.44840437
v 9.08441353 0.74518806 0.44867036
v 9.09838486 0.7465691 0.4491103
v 9.13414574 0.74893439 0.44986382
v 9.01033211 0.74376762 0.44821787
v 9.21383381 0.75362241 0.45135728
v 9.1869154 0.75151688 0.45068651
v 9.15100193 0.75050455 0.45036399
v 9.27777672 0.75542057 0.45193011
v 9.26513386 0.75487107 0.45175499
v 9.25006676 0.75465435 0.45168597
v 9.3554697 0.761338 0.45381516
v 9.31987667 0.75796628 0.45274103
v 9.3733511 0.76231802 0.45412731
v 9.36928558 0.76199603 0.45402473
v 9.38295937 0.76307887 0.45436969
v 9.26333714 -0.56080109 0.05175067
v 9.26225185 -0.58123708 0.07455168
v 9.26142788 -0.60364807 0.11350508
v 9.26139927 -0.6045441 0.11519823
v 9.26137924 -0.60652757 0.1206615
v 9.26129627 -0.62012225 0.1601979
v 9.26128769 -0.62149405 0.16418721
v 9.26128101 -0.62269914 0.16769196
v 9.26132107 -0.62799662 0.18584006
v 9.26134205 -0.63953233 0.22287272
v 9.26171112 -0.64873719 0.26582181
v 9.26178551 -0.65226066 0.27970859
v 9.26192093 -0.65559757 0.29536107
v 9.26186848 -0.65450752 0.28993008
v 9.26233673 -0.66419852 0.33821052
v 9.26264 -0.66963673 0.36682558
v 9.26300716 -0.67569208 0.39982021
v 9.26323128 -0.67820686 0.41626292
v 9.26279926 -0.67413867 0.38702378
v 9.2634697 -0.68088442 0.43376997
v 9.26355362 -0.68181664 0.43986541
v 9.26394463 -0.68244684 0.45674533
v 9.26451397 -0.68336481 0.48133418
v 9.26487541 -0.6842941 0.49802515
v 9.26657677 -0.68358463 0.56064612
v 9.26843929 -0.66848248 0.584185
v 9.26555634 -0.68272543 0.51903772
v 9.27092171 -0.648817 0.61705101
v 9.27052212 -0.65158546 0.61052155
v 9.27181435 -0.64117038 0.62706298
v 9.27361774 -0.62691438 0.65105301
v 9.27467442 -0.61856383 0.6651054
v 9.27645969 -0.60136288 0.67911857
v 9.28096008 -0.55739444 0.71259934
v 9.28109646 -0.55603004 0.71352589
v 9.27849293 -0.58217502 0.69637412
v 9.29553604 -0.39979658 0.77331346
v 9.29942608 -0.35568768 0.78309333
v 9.30152225 -0.33210164 0.78895158
v 9.28718948 -0.49267921 0.74683553
v 9.28785992 -0.48565647 0.75035977
v 9.28255939 -0.54142785 0.72344214
v 9.28810024 -0.48307297 0.751396
v 9.29491043 -0.40688753 0.77174127
v 9.29361153 -0.42155939 0.76831287
v 9.28906345 -0.47229522 0.75425494
v 9.31526375 -0.17468919 0.8184641
v 9.31257725 -0.20496562 0.81111151
v 9.31663609 -0.1593008 0.82245535
v 9.31792831 -0.1444317 0.82499593
v 9.32194805 -0.09879138 0.83492672
v 9.30178928 -0.32910156 0.78969669
v 9.30543423 -0.28731728 0.7974394
v 9.31110859 -0.22151522 0.80709243
v 9.30840397 -0.25261858 0.80169219
v 9.33048344 -0.00220302 0.85696948
v 9.33040142 -0.00312996 0.85675466
v 9.33502579 0.04847262 0.87098086
v 9.33747387 0.07578129 0.87855625
v 9.34224415 0.1287993 0.89390355
v 9.34237385 0.13023327 0.89435482
v 9.32216167 -0.0963631 0.83545512
v 9.32416248 -0.07363846 0.84034944
v 9.32865715 -0.02284602 0.85218656
v 9.36040497 0.35003579 0.8914749
v 9.3617115 0.36787525 0.88527787
v 9.36279964 0.38260844 0.88048327
v 9.35918713 0.33341542 0.89724851
v 9.35835075 0.32243437 0.89985406
v 9.34879208 0.20377132 0.9080714
v 9.34908009 0.20713955 0.90848386
v 9.35430145 0.26995906 0.9102394
v 9.35550308 0.28503689 0.90872753
v 9.34296799 0.13678171 0.89641553
v 9.34646034 0.1769333 0.9034822
v 9.3487215 0.20294654 0.90797043
v 9.3829689 0.76265401 0.4560726
v 9.3830862 0.75754297 0.47655821
v 9.38322544 0.75323462 0.49540982
v 9.38306046 0.72369146 0.58185482
v 9.38322544 0.73366874 0.55682909
v 9.38301849 0.72137415 0.58754843
v 9.38141632 0.66510713 0.70311677
v 9.38203049 0.68315744 0.66985166
v 9.38206863 0.68431884 0.66766256
v 9.38284779 0.71178555 0.61110729
v 9.3821516 0.68741059 0.66111338
v 9.38121223 0.6591059 0.71417642
v 9.38100529 0.65301555 0.72540033
v 9.38082504 0.64985508 0.72844416
v 9.38035679 0.64166588 0.73633099
v 9.37833595 0.60722297 0.76742023
v 9.37509441 0.55965596 0.79323536
v 9.37651634 0.58024973 0.78275549
v 9.37216377 0.51702213 0.81537813
v 9.37085819 0.49819493 0.82473117
v 9.36874771 0.4670417 0.84210885
v 9.37166882 0.50981599 0.81912076
v 9.3713274 0.50502342 0.8211506
v 9.36311722 0.38690132 0.87908626
v 9.36624146 0.43028238 0.86199445
v 9.3676815 0.45129779 0.85089105
v 9.38322639 0.74010026 0.53668004
v 9.38323307 0.75299019 0.49647939
v 9.38325119 0.73521185 0.55295867
v 8.67852497 0.20578784 1.74148059
v 8.678792 0.20689523 1.74183333
v 8.67824173 0.20461182 1.74110591
v 8.67758751 0.2018996 1.740242
v 8.67580414 0.19689186 1.73864663
v 8.67446041 0.19311623 1.73744392
v 8.67219448 0.18675435 1.73541725
v 8.6699028 0.18197472 1.73389459
v 8.66816425 0.17834991 1.73273993
v 8.66690159 0.17571644 1.73190093
v 8.66523075 0.17223078 1.73079062
v 8.66244888 0.16771345 1.72935152
v 8.66165829 0.16642857 1.72894216
v 8.65888596 0.16192588 1.72750783
v 8.65677357 0.1584935 1.72641444
v 8.65355492 0.15431446 1.72508311
v 8.65109444 0.15112025 1.72406554
v 8.64691925 0.14569817 1.72233832
v 8.64329052 0.14188473 1.72112346
v 8.64051247 0.13896453 1.72019315
v 8.63577938 0.13398975 1.71860838
v 8.63054276 0.12952359 1.71718562
v 8.62654305 0.12611298 1.71609914
v 8.6234808 0.12350089 1.71526706
v 8.63441753 0.1328281 1.71823835
v 8.622612 0.1229046 1.71507716
v 8.61779594 0.11959548 1.71402299
v 8.61347103 0.11662398 1.71307635
v 8.61016178 0.11435045 1.71235204
v 8.60204411 0.10993992 1.71094704
v 8.59597397 0.10664207 1.70989645
v 8.60556412 0.11185215 1.7115562
v 8.58959103 0.10399434 1.70905304
v 8.59231091 0.10512229 1.70941234
v 8.58475494 0.10198802 1.70841384
v 8.58132648 0.10056589 1.70796084
v 8.58107853 0.10046315 1.70792806
v 8.57607269 0.09897777 1.70745492
v 8.57227039 0.09784958 1.7070955
v 8.56564426 0.09588366 1.7064693
v 8.5588541 0.0946252 1.7060684
v 8.55371094 0.09367195 1.70576465
v 8.55344868 0.09362336 1.70574915
v 8.54984474 0.09295548 1.70553648
v 8.54563808 0.09262819 1.70543218
v 8.53775311 0.09201472 1.70523679
v 8.5429678 0.09242042 1.70536602
v 8.52864265 0.09186026 1.70518756
v 8.53386021 0.09171181 1.70514023
v 8.52475548 0.09197087 1.70522273
v 8.5178709 0.09216674 1.70528519
v 8.49698257 0.09556871 1.70636892
v 8.50205803 0.09431509 1.70596957
v 8.49326038 0.09648815 1.70666182
v 8.48942757 0.09743461 1.7069633
v 8.51105976 0.09309206 1.70558
v 8.50587368 0.09379664 1.70580435
v 8.50577641 0.09380998 1.70580864
v 8.48660183 0.09813257 1.70718563
v 8.48017406 0.10047686 1.70793247
v 8.47524071 0.10227622 1.70850563
v 8.4751215 0.10231947 1.70851946
v 8.47287273 0.1031397 1.70878077
v 8.47167683 0.10357588 1.70891964
v 8.46965504 0.10457188 1.70923698
v 8.46555424 0.10659223 1.70988059
v 8.46083069 0.10891896 1.71062183
v 8.45745182 0.11058335 1.71115196
v 8.45300388 0.11340997 1.71205246
v 8.44983482 0.11542368 1.71269393
v 8.44408798 0.1190756 1.71385729
v 8.43995667 0.12238092 1.71491027
v 8.4205389 0.1401138 1.72055936
v 8.43770695 0.12418071 1.71548367
v 8.43704224 0.12471238 1.71565294
v 8.43173695 0.12895639 1.71700501
v 8.42974567 0.13094051 1.71763706
v 8.42693329 0.13374279 1.7185297
v 8.41629124 0.14538464 1.72223842
v 8.4129324 0.14955273 1.72356617
v 8.41062069 0.15242139 1.72448003
v 8.42316055 0.1375019 1.71972728
v 8.40772247 0.15694797 1.72592211
v 8.40573788 0.16004886 1.72690988
v 8.39805698 0.17387307 1.73131371
v 8.40045929 0.16903396 1.72977221
v 8.40209484 0.16573967 1.72872281
v 8.39652634 0.17695743 1.73229635
v 8.39272976 0.1862476 1.73525584
v 8.39169312 0.18906613 1.73615372
v 8.39505672 0.17991781 1.73323941
v 8.38574791 0.21020308 1.74288714
v 8.38483143 0.21687439 1.7450124
v 8.38869762 0.19836573 1.73911619
v 8.38737679 0.20366715 1.74080503
v 8.39146233 0.18969484 1.73635399
v 8.3895874 0.19479513 1.7379787
v 8.38331318 0.23518451 1.75084531
v 8.38311577 0.24190846 1.75298727
v 8.38340092 0.24558456 1.75415838
v 8.38347435 0.22965297 1.74908316
v 8.38433075 0.22051901 1.74617338
v 8.38358212 0.22596706 1.74790895
v 8.38350773 0.22851636 1.748721
v 6.98828506 0.24861655 1.75512421
v 6.99188471 0.2488966 1.75521338
v 6.99716234 0.24930725 1.75534427
v 7.00427008 0.24986021 1.75552046
v 7.00784206 0.25052223 1.75573134
v 6.97941065 0.24886905 1.75520468
v 6.97229624 0.24907148 1.75526917
v 6.98300743 0.24876671 1.75517201
v 7.02865696 0.25533631 1.75726485
v 7.02357388 0.25382811 1.75678444
v 7.04210329 0.26010525 1.75878406
v 7.03550434 0.25736788 1.75791204
v 7.04550552 0.26151669 1.75923371
v 7.01305151 0.25148773 1.7560389
v 7.02243376 0.25348991 1.75667667
v 7.0200696 0.25278839 1.75645328
v 7.05039978 0.26354682 1.75988042
v 6.96431589 0.25015572 1.75561452
v 6.96953058 0.24944718 1.75538886
v 6.96352243 0.25026351 1.75564885
v 6.95648384 0.25121984 1.75595355
v 6.94612265 0.25377879 1.7567687
v 6.9496026 0.25291929 1.75649488
v 6.94102716 0.25503731 1.7571696
v 6.93494987 0.25725386 1.7578758
v 6.93438435 0.25746003 1.75794148
v 6.93101835 0.25868767 1.75833249
v 6.92610216 0.26048061 1.75890362
v 6.91977406 0.26359791 1.75989676
v 6.91656017 0.26518109 1.76040101
v 6.91187716 0.26748809 1.76113594
v 6.9044528 0.27220601 1.76263893
v 6.90203619 0.27374184 1.76312816
v 6.90885496 0.26940855 1.76174784
v 6.89851332 0.27598032 1.76384127
v 7.11965609 0.32913554 1.78077459
v 7.11804199 0.32651383 1.77993941
v 7.12269068 0.33546367 1.78279042
v 7.11596203 0.32313511 1.77886307
v 7.10795689 0.31118903 1.77505744
v 7.10693169 0.30985814 1.77463353
v 7.11119843 0.31539828 1.77639842
v 7.11317062 0.31860185 1.77741897
v 7.10566187 0.30820918 1.77410817
v 7.13414478 0.36764699 1.7930429
v 7.13289261 0.36245367 1.79138851
v 7.13507891 0.37152109 1.79427695
v 7.13201284 0.35880435 1.79022598
v 7.12662029 0.34365907 1.78540123
v 7.12431765 0.33885711 1.78387153
v 7.1296711 0.35222703 1.78813064
v 7.12788153 0.34720099 1.78652954
v 7.10351944 0.30542696 1.77322185
v 7.05831432 0.26784709 1.76125038
v 7.05364752 0.26531136 1.76044261
v 7.07046509 0.27529359 1.76362252
v 7.06458712 0.2712552 1.76233602
v 7.06259584 0.27017325 1.76199138
v 6.89571333 0.27822044 1.76455498
v 6.89249325 0.28079638 1.76537549
v 7.09509802 0.29603782 1.77023089
v 7.09768486 0.2987566 1.77109694
v 7.10134411 0.30260295 1.7723223
v 7.09020472 0.29089448 1.76859236
v 7.07353449 0.27740261 1.76429439
v 7.0807457 0.28282762 1.76602256
v 7.08479023 0.28627703 1.76712143
v 7.07790565 0.28040564 1.76525104
v 7.13695765 0.38341779 1.79806685
v 7.13785744 0.39026856 1.80024922
v 7.13801289 0.39671034 1.80230141
v 7.13626051 0.37811309 1.79637694
v 7.13567257 0.37398362 1.79506147
v 7.13577271 0.37439975 1.79519403
v 7.1381135 0.40087071 1.80362666
v 7.13802338 0.39714229 1.80243897
v 7.13803768 0.40869796 1.80612016
v 7.13824272 0.40623099 1.80533433
v 6.85548782 0.32472342 1.779369
v 6.85490656 0.32589382 1.77974188
v 6.88119745 0.2908082 1.76856494
v 6.8786478 0.29334861 1.76937413
v 6.88166857 0.29033861 1.76841533
v 6.89164543 0.28147465 1.76559162
v 6.88616276 0.28586113 1.76698899
v 6.87496424 0.29701853 1.77054334
v 6.8565197 0.32264444 1.77870679
v 6.86028576 0.31676149 1.7768327
v 6.86831045 0.30527541 1.77317357
v 6.870574 0.3024666 1.77227879
v 6.86504602 0.30932611 1.77446401
v 6.86309767 0.31236979 1.77543366
v 6.85258389 0.33057332 1.7812326
v 6.84628677 0.44589803 1.81797075
v 6.84668684 0.44685814 1.81827652
v 6.84612846 0.44536665 1.81780148
v 6.84430504 0.43924254 1.8158505
v 6.84278345 0.43413219 1.81422257
v 6.8375411 0.39881322 1.80297124
v 6.83783007 0.40253806 1.80415785
v 6.84073544 0.42529082 1.81140602
v 6.84170389 0.43050584 1.81306732
v 6.84004736 0.42158651 1.81022596
v 6.83859921 0.41245145 1.80731595
v 6.83877754 0.41475144 1.80804861
v 6.83823967 0.40781891 1.80584013
v 6.83764648 0.39520252 1.80182099
v 6.84185696 0.3603496 1.7907182
v 6.84017324 0.36710784 1.79287112
v 6.84401226 0.35169986 1.78796268
v 6.84312677 0.35525373 1.78909481
v 6.84948206 0.33682257 1.78322339
v 6.84707594 0.3433665 1.785308
v 6.84581709 0.34679079 1.78639889
v 6.83789921 0.38658249 1.79907501
v 6.83774471 0.39185923 1.80075598
v 6.83922577 0.37400606 1.79506862
v 6.83872271 0.37766722 1.79623497
v 6.83800793 0.38287181 1.79789293
v 8.68186665 0.22144513 1.74646842
v 8.68256283 0.22674203 1.74815583
v 8.68343163 0.23336382 1.75026524
v 8.68184566 0.22128423 1.74641716
v 8.68359184 0.23997548 1.75237155
v 8.6835928 0.2400078 1.7523818
v 8.68368435 0.24380647 1.7535919
v 8.67977333 0.21096727 1.74313056
v 8.68134785 0.21749501 1.74521005
v 8.68381405 0.24916764 1.75529981
v 8.68381786 0.24932624 1.75535035
v 8.68327045 0.25591421 1.75744903
v 8.68282509 0.261278 1.75915766
v 8.68249989 0.26520145 1.76040757
v 8.6814785 0.27050129 1.76209593
v 8.68073654 0.27435428 1.76332331
v 8.67949295 0.28080952 1.76537967
v 8.67675495 0.28971925 1.76821804
v 8.67790031 0.28599325 1.76703107
v 8.67511272 0.29506221 1.76992011
v 8.64096737 0.34887001 1.78706121
v 8.63615417 0.35316977 1.78843093
v 8.63199043 0.35688987 1.78961611
v 8.64528942 0.34406775 1.7855314
v 8.64531136 0.34404269 1.78552341
v 8.64783573 0.34123853 1.78463006
v 8.65154076 0.33712086 1.7833184
v 8.62392902 0.36315385 1.79161155
v 8.61935902 0.36641881 1.79265165
v 8.61630058 0.36860359 1.7933476
v 8.62917614 0.35940403 1.79041696
v 8.62407494 0.36304936 1.79157829
v 8.67225456 0.30196127 1.77211785
v 8.67009544 0.30697668 1.77371562
v 8.66856956 0.31052199 1.774845
v 8.67483234 0.29597366 1.77021039
v 8.67388344 0.29817665 1.77091217
v 8.65532303 0.33186632 1.78164446
v 8.65755844 0.32876074 1.78065515
v 8.66536999 0.31617466 1.77664566
v 8.66266537 0.32095236 1.77816772
v 8.66194916 0.32221767 1.77857077
v 8.66077709 0.32428974 1.77923083
v 8.55702305 0.39022279 1.80023468
v 8.56338882 0.38900813 1.79984772
v 8.5670433 0.38831088 1.79962564
v 8.57267857 0.38723564 1.79928303
v 8.57623577 0.38615143 1.79893768
v 8.58170509 0.38448438 1.7984066
v 8.54757595 0.3909961 1.80048108
v 8.55127811 0.39069301 1.80038452
v 8.54109859 0.39152628 1.80064988
v 8.53759575 0.39143988 1.80062234
v 8.53458405 0.39136559 1.80059874
v 8.52879429 0.39122275 1.8005532
v 8.58789158 0.3825987 1.79780591
v 8.59727097 0.37859243 1.79652965
v 8.60248756 0.37636447 1.79581988
v 8.59382915 0.38006261 1.79699802
v 8.61067677 0.37176353 1.7943542
v 8.60575008 0.37453103 1.79523587
v 8.60430527 0.37534276 1.79549444
v 8.52693653 0.39117694 1.80053866
v 8.52508926 0.39113137 1.80052412
v 8.5193367 0.3903763 1.80028355
v 8.51596832 0.38993418 1.80014277
v 8.39981651 0.30708817 1.77375114
v 8.3980484 0.30384874 1.77271914
v 8.39585686 0.29858649 1.77104282
v 8.39444065 0.29518649 1.76995969
v 8.4025631 0.31212068 1.77535427
v 8.41678524 0.33343858 1.78214538
v 8.41928387 0.33635452 1.78307426
v 8.41493988 0.33128434 1.78145909
v 8.4111414 0.32578146 1.77970612
v 8.40786839 0.32103822 1.77819502
v 8.4057703 0.31799918 1.77722692
v 8.38363552 0.24861422 1.7551235
v 8.38392067 0.25228751 1.75629365
v 8.38435173 0.25784668 1.75806463
v 8.38502693 0.26147741 1.7592212
v 8.38605213 0.26699603 1.76097929
v 8.39186096 0.28899327 1.76798677
v 8.39216709 0.28972688 1.76822042
v 8.38994598 0.28255987 1.76593733
v 8.38833332 0.27714163 1.7642113
v 8.38727856 0.27360111 1.76308334
v 8.42168522 0.33915767 1.78396726
v 8.48804092 0.38333428 1.79804027
v 8.48455334 0.38209715 1.79764616
v 8.47834873 0.37989646 1.7969451
v 8.4764843 0.37900612 1.7966615
v 8.47239113 0.37705153 1.79603887
v 8.493536 0.38528332 1.79866111
v 8.51565838 0.38989344 1.80012977
v 8.50917435 0.38904247 1.79985869
v 8.50279713 0.38750952 1.79937029
v 8.4971323 0.38614777 1.79893649
v 8.46712685 0.37453791 1.79523802
v 8.4401207 0.35691664 1.78962457
v 8.44474316 0.36046082 1.7907536
v 8.43718719 0.35466799 1.78890824
v 8.43235302 0.35008952 1.78744972
v 8.42545128 0.3435536 1.78536761
v 8.42813396 0.34609404 1.78617692
v 8.46378708 0.37294295 1.79472995
v 8.45881844 0.36989766 1.79375982
v 8.45566273 0.3679637 1.79314375
v 8.45001411 0.3645016 1.79204082
v 7.13793468 0.40993938 1.80651569
v 7.13749027 0.41529247 1.80822098
v 7.13692474 0.42210621 1.81039155
v 7.13493776 0.43242249 1.81367791
v 7.13563728 0.42878926 1.8125205
v 7.13391829 0.43771428 1.81536365
v 7.13283396 0.44124314 1.81648791
v 7.13124704 0.4464052 1.81813228
v 7.12717438 0.45771813 1.82173622
v 7.12925768 0.45287842 1.82019436
v 7.12658978 0.45907545 1.82216859
v 7.12444782 0.4640522 1.82375395
v 7.1229949 0.46742675 1.82482898
v 6.85247421 0.46075347 1.82270312
v 6.85579491 0.46683866 1.82464159
v 6.85041571 0.45581165 1.82112885
v 6.84772921 0.44936091 1.81907392
v 6.84895515 0.45230502 1.82001173
v 6.85761738 0.47017828 1.82570553
v 6.866189 0.48358741 1.82997715
v 6.86936474 0.48818907 1.83144307
v 6.87116718 0.49029297 1.83211327
v 6.86019611 0.47490394 1.8272109
v 6.86543465 0.48249453 1.82962894
v 6.86236095 0.47804084 1.82821023
v 7.11520147 0.4811945 1.82921481
v 7.11851215 0.47534558 1.82735157
v 7.12031889 0.47215396 1.82633483
v 7.11201572 0.48562127 1.83062506
v 7.10988188 0.48858598 1.83156955
v 7.1023016 0.49809781 1.83459961
v 7.10596657 0.49402562 1.83330238
v 7.09986687 0.50080305 1.83546138
v 7.10228062 0.49812105 1.83460701
v 7.0953927 0.5057748 1.83704519
v 7.09041023 0.51022625 1.83846331
v 7.08360195 0.51630878 1.84040093
v 7.08630228 0.51389641 1.83963251
v 7.07816839 0.52019107 1.84163773
v 7.07366848 0.52340639 1.84266198
v 7.07072639 0.52550834 1.84333158
v 7.0622592 0.53026527 1.84484696
v 7.06490278 0.52878004 1.84437382
v 7.05691242 0.53326917 1.84580386
v 7.05742168 0.53298306 1.84571278
v 7.04846478 0.53687745 1.84695339
v 7.05358124 0.53469199 1.84625721
v 7.03591108 0.54145592 1.84841192
v 7.04231691 0.5395034 1.84778988
v 7.03244019 0.54251397 1.84874892
v 7.01918697 0.5456509 1.84974825
v 7.02353001 0.54482234 1.84948432
v 7.02710438 0.5441404 1.84926701
v 7.0180397 0.54586983 1.84981799
v 7.01144791 0.54712754 1.85021865
v 7.00780582 0.54742563 1.85031366
v 7.00223064 0.54788208 1.85045898
v 6.99552441 0.54843104 1.85063386
v 6.9931736 0.54837304 1.85061538
v 6.98877859 0.54826462 1.85058093
v 6.98510504 0.54817402 1.85055196
v 6.9795146 0.5480361 1.85050809
v 6.97558451 0.54752022 1.8503437
v 6.97280312 0.5471552 1.85022748
v 6.96914339 0.54667485 1.85007441
v 6.96360016 0.54594725 1.84984267
v 6.95699692 0.5443601 1.8493371
v 6.95339155 0.54349345 1.84906101
v 6.93919706 0.53907949 1.84765482
v 6.94445705 0.54094529 1.8482492
v 6.94796085 0.54218805 1.84864509
v 6.93277407 0.53680122 1.84692907
v 6.93350697 0.53706115 1.84701192
v 6.91821194 0.52984768 1.84471393
v 6.92322445 0.53224134 1.84547651
v 6.92660618 0.53385597 1.84599078
v 6.91500854 0.52788436 1.84408855
v 6.91522694 0.52801818 1.84413111
v 6.91028643 0.52498996 1.84316647
v 6.90443945 0.52140629 1.8420248
v 6.89898348 0.51722372 1.8406924
v 6.89161253 0.51157272 1.83889222
v 6.89597845 0.5149197 1.83995843
v 6.8866086 0.50683397 1.83738267
v 6.88384771 0.50421894 1.83654964
v 6.87483454 0.49457344 1.8334769
v 6.87837744 0.49870816 1.83479404
v 6.87987661 0.50045836 1.83535159
v 6.87385988 0.49343586 1.8331145
v 6.95080233 -0.30002329 0.1523506
v 6.97680092 -0.30172881 0.20856033
v 7.01853848 -0.32204631 0.16831419
v 6.8782959 -0.2493981 0.27455109
v 6.9512434 -0.27006882 0.30644849
v 6.94357347 -0.27951321 0.24833944
v 6.89043665 -0.26314116 0.22799465
v 6.89530087 -0.24159557 0.34496617
v 6.82085228 -0.22121939 0.31348231
v 6.83770895 -0.21082193 0.38364911
v 6.76639462 -0.19409345 0.35907227
v 6.76656914 -0.18042395 0.41666368
v 6.83645582 -0.19666293 0.44093916
v 6.78009939 -0.16706848 0.4803454
v 6.70808601 -0.15217651 0.45512423
v 6.72328472 -0.13378485 0.52702433
v 6.65091372 -0.11848042 0.4997007
v 6.6599803 -0.10405297 0.55224681
v 6.69786978 -0.11016909 0.56761849
v 6.6674633 -0.08801134 0.60019749
v 6.60264587 -0.07502947 0.58157146
v 6.62575674 -0.09614962 0.5408982
v 6.62269068 -0.05441614 0.63455302
v 6.55324507 -0.03774787 0.61600631
v 6.58110332 -0.01323191 0.65861398
v 6.51163578 -0.00210808 0.6344744
v 6.53207445 0.02633247 0.6675989
v 6.47452831 0.04190949 0.65251631
v 6.50129509 0.07275175 0.69102585
v 6.43367243 0.0812782 0.67666113
v 6.45800543 0.10726748 0.71755159
v 6.4091115 0.10430375 0.69575411
v 6.38634825 0.13089572 0.71573037
v 6.43215322 0.14665024 0.74920744
v 6.33888531 0.1654741 0.74396122
v 6.39364338 0.16612674 0.75538045
v 6.37258816 0.19491233 0.7832669
v 6.30238819 0.20353776 0.78079176
v 6.34576273 0.21524343 0.79985869
v 6.32583094 0.23963234 0.82108384
v 6.26564837 0.24210621 0.81294107
v 6.29258204 0.26945367 0.84526801
v 6.21922398 0.26993743 0.8322041
v 6.25745058 0.29362196 0.85945207
v 6.17319965 0.31208748 0.86648828
v 6.21430635 0.33555406 0.88887942
v 6.1232481 0.35526505 0.89725465
v 6.16921186 0.38008535 0.91810882
v 6.08972454 0.4023802 0.92510068
v 6.12820864 0.4222042 0.94164729
v 6.04976702 0.43396163 0.94430184
v 6.08861351 0.46199465 0.96662837
v 6.00752783 0.47311848 0.9694221
v 6.0479517 0.5022707 0.98807198
v 5.96085358 0.5103206 0.98362041
v 6.00157452 0.53947479 1.00211108
v 5.94078398 0.56514066 1.00975573
v 5.98128843 0.59430575 1.02743161
v 5.89546394 0.60212898 1.01460516
v 5.93712711 0.63219398 1.03284848
v 5.85060406 0.64545643 1.0124191
v 5.89185524 0.67581171 1.03079927
v 5.83920288 0.70046812 1.01872039
v 5.87957954 0.72945881 1.03523028
v 5.80402279 0.73690933 1.00904858
v 5.84320545 0.76418686 1.02495944
v 5.77259779 0.77282971 0.99711198
v 5.80760527 0.80544668 1.00899899
v 5.7542634 0.82744217 0.98319149
v 5.80630207 0.86907226 0.9861663
v 5.73250246 0.87526536 0.95576006
v 5.77404165 0.88656634 0.96089393
v 5.72333431 0.91817814 0.90294218
v 5.76580381 0.91131628 0.93362653
v 5.782794 0.92996764 0.90352929
v 5.72066259 0.93639046 0.84757733
v 5.76070261 0.94321537 0.86288768
v 5.73958445 0.94769722 0.80842525
v 5.77982759 0.96081871 0.82208073
v 5.75597763 0.95906663 0.76048946
v 5.80052328 0.97481972 0.77822202
v 5.77970123 0.95990372 0.71170247
v 5.82422829 0.97762227 0.7311312
v 5.81658745 0.95873892 0.6637755
v 5.8602109 0.97948766 0.68550277
v 5.83031034 0.93039739 0.60917908
v 5.87126303 0.96014905 0.62942135
v 5.86799908 0.91911155 0.57945108
v 5.90566397 0.9558605 0.59127545
v 5.91230679 0.90585923 0.54666972
v 5.93808365 0.95224679 0.56217241
v 5.97582388 0.94287705 0.53052533
v 5.99252224 0.8961398 0.51696908
v 5.93196392 0.85334307 0.53830796
v 5.91597748 0.7918722 0.53774494
v 5.88334656 0.83242869 0.54142243
v 5.85548925 0.86692637 0.55219227
v 5.8384304 0.80099326 0.54344046
v 5.80300474 0.84113926 0.56072313
v 5.83163929 0.89037728 0.57381201
v 5.79272509 0.89371002 0.59494954
v 5.76024532 0.85956162 0.59197944
v 5.73823023 0.89433593 0.63028812
v 5.77542925 0.92907131 0.64475381
v 5.73865891 0.9321081 0.69309968
v 5.70023918 0.89825022 0.67637438
v 5.71223497 0.93648505 0.74149716
v 5.67231417 0.90285671 0.7222566
v 5.69290066 0.93200487 0.79014325
v 5.65219784 0.89995486 0.77246851
v 5.67863321 0.91933954 0.8411153
v 5.63536739 0.88610029 0.8243348
v 5.66368437 0.88945788 0.89580595
v 5.62378979 0.85033512 0.86970448
v 5.64674234 0.81244242 0.91122347
v 5.68373489 0.84548587 0.93880767
v 5.6722641 0.76843804 0.93425685
v 5.70848703 0.79578942 0.96214235
v 5.69691992 0.72424048 0.95167607
v 5.73737574 0.75046921 0.97783196
v 5.72489834 0.67677522 0.96603793
v 5.7655611 0.70654255 0.98795104
v 5.75851345 0.62973243 0.97513604
v 5.79997444 0.67093801 0.99850368
v 5.8122015 0.61463648 0.99145103
v 5.78235769 0.57757849 0.9691748
v 5.81680775 0.54469246 0.97053033
v 5.85589266 0.57417762 0.99331456
v 5.86024046 0.50963467 0.96787858
v 5.90011406 0.53709269 0.98898077
v 5.92048597 0.48323798 0.96279556
v 5.88089466 0.45794198 0.93874204
v 5.9269228 0.42862818 0.93015963
v 5.96662951 0.44571722 0.94846135
v 5.96211338 0.38312519 0.89922184
v 6.00991631 0.40577331 0.92243296
v 6.01688766 0.33944616 0.86609834
v 6.06241512 0.36281067 0.89358121
v 6.06695127 0.30553848 0.84269655
v 6.09472561 0.32791221 0.8718915
v 6.12666798 0.29711634 0.84746915
v 6.09951115 0.26527464 0.80864078
v 6.17074108 0.25582317 0.81252837
v 6.14409876 0.22476771 0.77144575
v 6.22476625 0.21725211 0.77361888
v 6.19347286 0.1889561 0.72844613
v 6.26999474 0.17081241 0.73260468
v 6.24082851 0.14973859 0.68640649
v 6.31400013 0.13560423 0.69962305
v 6.28702116 0.10921504 0.64777648
v 6.36260128 0.10107463 0.66991723
v 6.33316469 0.05942925 0.60517979
v 6.38119507 0.02160053 0.58996338
v 6.40630054 0.05422181 0.63194531
v 6.44236469 0.01105384 0.61191016
v 6.41361046 -0.01000938 0.56774366
v 6.485147 -0.02226368 0.59289348
v 6.46158791 -0.04259123 0.53256875
v 6.53393269 -0.06008497 0.55738658
v 6.51614237 -0.07154442 0.49962103
v 6.51785374 -0.09015583 0.44284177
v 6.58304834 -0.10411552 0.47403762
v 6.57415295 -0.12013012 0.40274101
v 6.64060783 -0.13769078 0.42982218
v 6.63073635 -0.15021472 0.3642996
v 6.6324544 -0.16333842 0.30676675
v 6.69870234 -0.17885381 0.3338947
v 6.69425011 -0.18938188 0.27284145
v 6.75291586 -0.20063215 0.30393481
v 6.76716089 -0.21472667 0.2473028
v 6.68970919 -0.19563659 0.21817607
v 6.72553825 -0.21066153 0.1766392
v 6.7744503 -0.2240162 0.19429843
v 6.76964045 -0.22975802 0.1391869
v 6.82938099 -0.2423255 0.2084745
v 6.8333416 -0.25309536 0.14922154
v 5.89790201 0.71470648 0.53301138
v 5.86820936 0.76093459 0.53907049
v 6.00136852 0.98206127 0.53465223
v 5.99899912 1.02397048 0.57710677
v 5.97054005 0.98438293 0.5644415
v 5.97566175 1.02091098 0.62362975
v 5.94521809 0.98454928 0.60953981
v 5.95850992 1.01279569 0.67897749
v 5.91227436 0.98475897 0.65227818
v 5.90598631 0.99383157 0.70954823
v 5.94766903 1.01274347 0.73488742
v 5.92045355 0.99533659 0.77542037
v 5.9127512 0.97600687 0.82451147
v 5.85578871 0.97880459 0.80019522
v 5.90370512 0.94938016 0.87677467
v 5.84559059 0.95577359 0.86135852
v 5.86444616 0.93750751 0.9003104
v 5.8277545 0.93974012 0.89340842
v 5.84487629 0.92044681 0.93027329
v 5.89465809 0.92874098 0.92061186
v 5.91251373 0.91161692 0.95572716
v 5.87111998 0.89735198 0.97659844
v 5.83595276 0.90157855 0.96457249
v 5.84334421 0.87940753 0.98620081
v 5.85935068 0.83834767 1.01490927
v 5.92293215 0.8799358 1.00241601
v 5.92140961 0.81816858 1.03801525
v 5.88198948 0.78514057 1.03621686
v 5.91325569 0.75927711 1.04444242
v 5.95820856 0.78009933 1.05085945
v 5.93652916 0.71220624 1.04781783
v 5.9912672 0.73642987 1.05827022
v 5.98054981 0.66227913 1.04807818
v 6.02395868 0.69284093 1.05673385
v 6.02232742 0.6265012 1.04110849
v 6.05657959 0.66029924 1.04864645
v 6.08611774 0.60920453 1.03542328
v 6.04197598 0.56875634 1.02045274
v 6.08848 0.53157109 1.00650108
v 6.13083363 0.5629434 1.02091038
v 6.12899113 0.49064475 0.98445308
v 6.16963196 0.52089924 1.00037587
v 6.16869211 0.44988307 0.96118939
v 6.20909834 0.47895703 0.97901082
v 6.20969439 0.4071503 0.93917167
v 6.24980831 0.43419203 0.95993799
v 6.25448895 0.36204371 0.91052783
v 6.2948823 0.38906977 0.93145698
v 6.29627037 0.32021645 0.88333881
v 6.33640575 0.34713212 0.90544134
v 6.33040905 0.28705513 0.86515343
v 6.37036562 0.31258374 0.8880223
v 6.37032318 0.26249218 0.84790653
v 6.41066265 0.28757367 0.871095
v 6.41926813 0.25265735 0.84344339
v 6.37925386 0.23012 0.81958967
v 6.41906786 0.21577312 0.81038731
v 6.46040821 0.23718554 0.83507538
v 6.46710777 0.20406808 0.80766779
v 6.42699528 0.1844205 0.78210425
v 6.46170378 0.16966222 0.77649295
v 6.49674177 0.18082717 0.79461432
v 6.49520779 0.13916467 0.75816303
v 6.53804445 0.16303873 0.78732091
v 6.56884098 0.11985911 0.75437623
v 6.53178549 0.0960509 0.72615296
v 6.60581827 0.07006897 0.71834677
v 6.56783342 0.04462453 0.69232357
v 6.62281656 0.00688192 0.69249272
v 6.65257835 0.03443973 0.718252
v 6.6883297 -0.00848824 0.70986581
v 6.65476656 -0.03639817 0.67209524
v 6.72766924 -0.05144437 0.68965596
v 6.69721508 -0.07660045 0.64128363
v 6.77074242 -0.08870449 0.65729249
v 6.74236584 -0.11166964 0.5919807
v 6.82016993 -0.12778874 0.61621106
v 6.79995823 -0.14854382 0.54748434
v 6.86942101 -0.16228156 0.5715394
v 6.85009146 -0.18082362 0.50393587
v 6.91939068 -0.19121075 0.52644831
v 6.90690088 -0.21053059 0.46581167
v 6.9066081 -0.22782941 0.40733281
v 6.97457457 -0.24153905 0.43299145
v 6.9637599 -0.25772661 0.36925095
v 7.03303289 -0.27189183 0.39574257
v 7.02003527 -0.28600076 0.33090216
v 7.08952188 -0.29801556 0.3573049
v 7.08074188 -0.3116549 0.29857868
v 7.011621 -0.29844293 0.27326855
v 7.04401398 -0.31957799 0.23607439
v 7.11610079 -0.33271441 0.26153868
v 7.08394861 -0.33577228 0.21038502
v 7.15524673 -0.35197133 0.21883042
v 7.11002111 -0.34217998 0.19541553
v 7.12450933 -0.34673142 0.16056538
v 7.16757059 -0.35727826 0.15596713
v 7.14012432 -0.34947586 0.11216825
v 7.18386412 -0.35832411 0.10639752
v 6.02498436 1.07176316 0.59204108
v 6.06199741 1.11112225 0.61005658
v 6.04148006 1.1028986 0.64930379
v 6.00592661 1.06605375 0.64042163
v 6.04095793 1.0960443 0.70850933
v 5.98878622 1.05248749 0.69295669
v 6.02531576 1.06616271 0.76049805
v 5.98500824 1.03656662 0.74764174
v 6.03594255 1.02920508 0.8074984
v 5.98236656 1.00253093 0.79539275
v 6.02696848 0.98273134 0.86214507
v 5.96742678 0.97468537 0.84222549
v 6.00926876 0.95243925 0.90329891
v 5.95849705 0.95264447 0.88330019
v 5.96791458 0.9359352 0.9177022
v 6.02208233 0.92404759 0.95753413
v 5.96620417 0.91820794 0.94924939
v 5.9754262 0.89871436 0.98275334
v 6.04209423 0.88410717 1.00152111
v 5.98577213 0.85280192 1.02716517
v 6.00664473 0.80156714 1.05072212
v 6.05814743 0.83470541 1.03370929
v 6.03806686 0.76590717 1.05773246
v 6.09265852 0.78670335 1.04611814
v 6.06761122 0.72220331 1.05625618
v 6.11718464 0.7431159 1.05042911
v 6.10435104 0.67971331 1.04942155
v 6.15233421 0.71116424 1.05071235
v 6.13994646 0.63684571 1.04230618
v 6.18453836 0.66793692 1.04476213
v 6.1735425 0.59390193 1.03080046
v 6.21572399 0.62605888 1.03190303
v 6.20947266 0.55222404 1.01113832
v 6.2498374 0.58374596 1.01542425
v 6.2493906 0.50941527 0.99253744
v 6.29128742 0.53919423 1.00388646
v 6.29011822 0.46357271 0.97682619
v 6.33044767 0.49305969 0.99239755
v 6.33548927 0.41754234 0.95078874
v 6.37668276 0.44756597 0.96867383
v 6.3757534 0.37438637 0.92596996
v 6.41843796 0.40529981 0.94544643
v 6.41126442 0.3390311 0.90956527
v 6.45227909 0.36825019 0.92944777
v 6.45086575 0.31403801 0.89280003
v 6.49141169 0.34214556 0.91296428
v 6.49846125 0.30521899 0.8879804
v 6.45880079 0.27827907 0.86644262
v 6.49312305 0.26371968 0.85961419
v 6.53134298 0.28470853 0.87801307
v 6.52537823 0.21879685 0.83084065
v 6.57202435 0.2591587 0.86581421
v 6.60248232 0.21420655 0.83381832
v 6.57633018 0.18295684 0.80716211
v 6.63823605 0.16577084 0.79799771
v 6.59789419 0.14619105 0.77957946
v 6.65012598 0.09993404 0.74933738
v 6.69524288 0.13523416 0.78409421
v 6.71861219 0.07832381 0.75902218
v 6.68882275 0.04526723 0.73631001
v 6.72380686 0.02037942 0.73783249
v 6.76018047 0.03980134 0.7600373
v 6.75976801 -0.02236175 0.73013896
v 6.7938199 0.00406606 0.76445431
v 6.83099127 -0.04961826 0.76009977
v 6.79806471 -0.06679762 0.71177024
v 6.87228298 -0.08210241 0.72028697
v 6.84385157 -0.10206187 0.67533141
v 6.92126846 -0.11116032 0.69447303
v 6.89628267 -0.13861677 0.63464677
v 6.94505739 -0.13422596 0.66089529
v 6.97268105 -0.15866365 0.62947047
v 6.94227552 -0.17403089 0.58391452
v 7.01876688 -0.19426823 0.58708709
v 6.99091721 -0.20752952 0.54154211
v 7.06711292 -0.23031029 0.54315937
v 7.03949738 -0.23653775 0.50500554
v 7.04313183 -0.25548032 0.45780656
v 7.11128378 -0.26504704 0.49085179
v 7.10126257 -0.28464833 0.41961414
v 7.17198563 -0.29889679 0.44580916
v 7.15900564 -0.31103003 0.38045436
v 7.22835588 -0.32636216 0.40729785
v 7.22310257 -0.33874398 0.34990227
v 7.15205622 -0.32498616 0.3226507
v 7.18634462 -0.34931192 0.28555399
v 7.25612259 -0.36292452 0.31164712
v 7.22320127 -0.36750197 0.24943247
v 7.29013348 -0.3793031 0.27137753
v 7.25054169 -0.37666929 0.19937862
v 7.31425714 -0.38765842 0.22129114
v 7.26954412 -0.38064337 0.15071802
v 7.33320999 -0.39057258 0.1726386
v 7.29313517 -0.38181907 0.10153189
v 7.35872793 -0.39336643 0.12488253
v 6.13768005 1.12718391 0.58641672
v 6.18734407 1.1319474 0.60308415
v 6.15751934 1.12645209 0.64741695
v 6.1087842 1.12862539 0.62293822
v 6.16927195 1.11050212 0.69684225
v 6.09743547 1.12056816 0.68054247
v 6.15040016 1.09774268 0.73469371
v 6.09606504 1.09976995 0.73759949
v 6.1401577 1.07502723 0.77269864
v 6.08110094 1.07440746 0.77937263
v 6.08947468 1.04154587 0.81884599
v 6.12760592 1.05745924 0.80131644
v 6.14740133 1.02093637 0.83955395
v 6.08146143 0.99489886 0.8624506
v 6.14830637 0.97457737 0.89419895
v 6.07711649 0.94921786 0.92271549
v 6.16252613 0.93315035 0.94523191
v 6.09426975 0.90548223 0.97730654
v 6.17120743 0.88877463 0.98512822
v 6.11486578 0.86861289 1.00467956
v 6.13312626 0.82964557 1.02764297
v 6.15866232 0.8605895 1.00541592
v 6.19144773 0.84361821 1.00953174
v 6.16101074 0.78230411 1.03921294
v 6.22246408 0.7995801 1.02139759
v 6.1984663 0.74000925 1.04321182
v 6.24255848 0.76036096 1.02855897
v 6.23009157 0.70099407 1.03709924
v 6.2758975 0.72911388 1.02688169
v 6.258255 0.65612209 1.02681458
v 6.31402683 0.68734628 1.01997137
v 6.30067396 0.61406767 1.01545286
v 6.35745668 0.64386308 1.01511335
v 6.33556747 0.56994122 1.00887251
v 6.38018513 0.59161294 1.00877917
v 6.37249327 0.52597898 0.99901831
v 6.42069721 0.55641973 0.99986464
v 6.41772556 0.47937515 0.97836345
v 6.4601531 0.51188397 0.98378462
v 6.45823956 0.43596214 0.95927447
v 6.49990797 0.46830934 0.97008681
v 6.49319744 0.39899054 0.94498932
v 6.53305721 0.4310666 0.95702326
v 6.531569 0.37361571 0.92668772
v 6.57155657 0.40452379 0.94053787
v 6.57867527 0.36521569 0.92232406
v 6.53820276 0.33510324 0.90667999
v 6.57130384 0.31428811 0.89897472
v 6.61141634 0.34417948 0.91667753
v 6.61165571 0.28973675 0.88631481
v 6.65162992 0.31870753 0.90406871
v 6.68127584 0.27218643 0.87636846
v 6.64101839 0.2440055 0.85676336
v 6.7155776 0.2192582 0.84736693
v 6.67651224 0.19248679 0.82400542
v 6.73497534 0.16224484 0.80994487
v 6.76663303 0.18986809 0.83496696
v 6.80965185 0.14012012 0.80875856
v 6.75874376 0.10738159 0.78158474
v 6.79940176 0.06535427 0.78374231
v 6.83512115 0.08453152 0.80272037
v 6.82951403 0.02214338 0.78838193
v 6.86989832 0.04582931 0.81720585
v 6.86130571 -0.02508226 0.80585772
v 6.87263775 0.02401248 0.87675297
v 6.86865473 -0.0138771 0.86941135
v 6.86881208 0.00965308 0.90128481
v 6.88509321 -0.04092053 0.91240114
v 6.88088942 -0.07415651 0.85590512
v 6.90021563 -0.10656473 0.88931364
v 6.92226648 -0.08146592 0.92610025
v 6.87803364 -0.13853464 0.8391006
v 6.85921955 -0.09851596 0.80537379
v 6.88281298 -0.13526632 0.79278791
v 6.91809654 -0.1181357 0.77521545
v 6.88691902 -0.09255739 0.77691799
v 6.9719615 -0.10169886 0.72116834
v 6.98738432 -0.13189599 0.68712944
v 7.04320765 -0.1689605 0.64606827
v 7.04032564 -0.12136716 0.70914948
v 7.08024073 -0.14651407 0.68376458
v 7.12007093 -0.18064839 0.65409368
v 7.09109116 -0.20928216 0.59822565
v 7.16034555 -0.21709993 0.61535221
v 7.13861704 -0.24571133 0.55404037
v 7.20800686 -0.25561482 0.57447052
v 7.18938303 -0.28147712 0.50921005
v 7.26006746 -0.2945976 0.53290099
v 7.24604034 -0.31712428 0.46750531
v 7.30352354 -0.32421738 0.50418454
v 7.32572794 -0.34447673 0.45152551
v 7.27256966 -0.33659893 0.42702156
v 7.29729748 -0.35592261 0.38115096
v 7.34920597 -0.36221308 0.40866372
v 7.38258743 -0.38092843 0.36931896
v 7.31851912 -0.37545985 0.32948643
v 7.35517788 -0.39054018 0.29499716
v 7.43201017 -0.40325406 0.31741777
v 7.37907743 -0.39942041 0.24374738
v 7.43457127 -0.41054514 0.25248766
v 7.39677238 -0.40449819 0.19460958
v 7.45267487 -0.41661403 0.20260757
v 7.42190266 -0.40818524 0.14720432
v 7.47161961 -0.4208813 0.15782879
v 7.46742296 -0.41951087 0.10591019
v 6.22675753 1.13311446 0.60602283
v 6.2595973 1.13364947 0.61131924
v 6.22041273 1.11924493 0.65904301
v 6.26613998 1.09444833 0.68208504
v 6.22959518 1.08868587 0.71906066
v 6.19590139 1.05574977 0.78928524
v 6.20946646 1.07241464 0.76122153
v 6.25132704 1.04589188 0.78736913
v 6.21953154 1.03055978 0.82150149
v 6.20709515 1.00978994 0.8496123
v 6.26164103 1.00519872 0.84978616
v 6.2267952 0.9756043 0.89128381
v 6.27823734 0.95483059 0.90540719
v 6.2397356 0.92787182 0.94263756
v 6.20961809 0.94879669 0.9267838
v 6.28480196 0.90544462 0.95282704
v 6.24396229 0.88235605 0.97719795
v 6.21854019 0.89892906 0.96932805
v 6.36046171 0.83186477 0.97395849
v 6.30125189 0.7939173 1.00673985
v 6.27480364 0.83911765 0.9935919
v 6.32550192 0.87541264 0.95844328
v 6.38808966 0.7829963 0.98591942
v 6.33036518 0.74913645 1.01097798
v 6.36382198 0.71627331 1.00780904
v 6.42914009 0.73820472 0.98497438
v 6.4062171 0.68403012 1.00273204
v 6.46233797 0.69458205 0.9902724
v 6.42682171 0.63296252 1.00380087
v 6.49234819 0.65160376 0.99372435
v 6.46514606 0.58800131 0.99790126
v 6.51269627 0.60984665 0.99477476
v 6.50278091 0.5437839 0.98867619
v 6.55016041 0.57562065 0.98771894
v 6.54160309 0.50102156 0.97575617
v 6.58577442 0.53372282 0.97600573
v 6.57390833 0.46328387 0.96305054
v 6.62389326 0.49004042 0.96304107
v 6.60826683 0.43327618 0.94979525
v 6.65164518 0.44280994 0.95225787
v 6.65063381 0.37547776 0.93239403
v 6.61768627 0.39709508 0.93611199
v 6.69071913 0.40817925 0.94426793
v 6.69111776 0.34923658 0.9199748
v 6.72398615 0.3813014 0.93130708
v 6.76289558 0.33903018 0.90705997
v 6.72146606 0.30233631 0.89277422
v 6.79652119 0.27801532 0.88397491
v 6.75567293 0.24757282 0.86726332
v 6.80562639 0.2111257 0.8498621
v 6.84517145 0.24125236 0.86702204
v 6.83976364 0.18827115 0.83631736
v 6.88090277 0.20495017 0.84690982
v 6.87165308 0.14033632 0.83084112
v 6.91527414 0.1549443 0.84618908
v 6.89439011 0.06735875 0.88054729
v 6.93230152 0.08127219 0.89250761
v 6.89654303 0.03061957 0.93387872
v 6.94323826 0.04829291 0.9394533
v 6.92560244 -0.01566029 0.94522387
v 6.9687686 0.01258365 0.9411068
v 6.96143913 -0.04775693 0.93992025
v 6.98906088 -0.02556761 0.92215693
v 7.0191617 -0.08606612 0.84175777
v 7.05380106 -0.00510462 0.8311739
v 7.07711411 -0.03892943 0.78444546
v 7.05340052 -0.07836526 0.75055188
v 7.10878038 -0.07040396 0.76290089
v 7.08143616 -0.10652316 0.72543055
v 7.12350416 -0.12956107 0.70816714
v 7.14802027 -0.09149185 0.74752933
v 7.18315506 -0.12153535 0.7233783
v 7.16229582 -0.15644482 0.68767959
v 7.19219637 -0.18671736 0.66257268
v 7.20517111 -0.15341844 0.69916296
v 7.23669624 -0.17451516 0.68890977
v 7.26580763 -0.20974852 0.65826535
v 7.23141718 -0.22923191 0.62418985
v 7.29982948 -0.24919617 0.62327629
v 7.27788877 -0.27000302 0.585706
v 7.35311556 -0.28619871 0.59595293
v 7.32586384 -0.30522951 0.54911923
v 7.40070295 -0.32076433 0.56694752
v 7.37892962 -0.33589631 0.51394701
v 7.44880486 -0.35497531 0.53942132
v 7.4358716 -0.36500531 0.48677662
v 7.38718319 -0.35182863 0.4725287
v 7.39421082 -0.36672923 0.43383625
v 7.45669079 -0.38769203 0.43357155
v 7.51066589 -0.40273413 0.457398
v 7.52234507 -0.41417268 0.41745228
v 7.45792198 -0.39979625 0.38031173
v 7.50391769 -0.41750029 0.36737463
v 7.56807566 -0.4331741 0.3936204
v 7.55947018 -0.43304747 0.35396284
v 7.52244043 -0.42369074 0.34450406
v 7.53647232 -0.42932346 0.30994925
v 7.57847118 -0.43903652 0.30583948
v 7.54948902 -0.43447256 0.25524434
v 7.59880161 -0.4454951 0.2568936
v 7.57383204 -0.44168586 0.20327492
v 7.61746931 -0.45197666 0.21137421
v 7.61157846 -0.45194069 0.157968
v 7.66530466 -0.46776932 0.17715362
v 7.66923332 -0.46884042 0.1254649
v 7.75316429 -0.48543364 0.21163596
v 7.81841373 -0.49927053 0.23553181
v 7.80775404 -0.49997053 0.1747036
v 7.77545834 -0.48647842 0.2789847
v 7.63718748 -0.45115957 0.39826423
v 7.64908123 -0.44525304 0.47163585
v 7.70252323 -0.46570224 0.42930171
v 7.5656786 -0.41443664 0.48321724
v 7.61595535 -0.41553062 0.5229212
v 7.59301853 -0.43298295 0.43325594
v 7.53947592 -0.39163101 0.52335572
v 7.57488298 -0.38722858 0.55440807
v 7.51529884 -0.36983201 0.55314499
v 7.53811693 -0.35124248 0.59350801
v 7.47296143 -0.33961728 0.57965702
v 7.50442266 -0.32582611 0.61477399
v 7.42150974 -0.30645633 0.60225749
v 7.46415329 -0.28819779 0.63766837
v 7.39801693 -0.27291375 0.63110703
v 7.41454601 -0.24439755 0.6643458
v 7.34643745 -0.23245992 0.6550144
v 7.3910265 -0.20574415 0.69153583
v 7.29232931 -0.18709634 0.68879879
v 7.33896732 -0.16056438 0.71579903
v 7.25277567 -0.14521804 0.72078794
v 7.28579807 -0.11558152 0.74761832
v 7.22776079 -0.09674621 0.75010371
v 7.26747417 -0.0702333 0.77115905
v 7.185534 -0.07046866 0.76729685
v 7.2261281 -0.04372644 0.78907728
v 7.14991951 -0.03961048 0.78978348
v 7.19083691 -0.01081986 0.81117707
v 7.10525894 -0.00150587 0.81623864
v 7.14888144 0.03042578 0.8365429
v 7.07936096 0.02535082 0.86022151
v 7.09770966 0.07298304 0.86145723
v 7.03784037 0.04492348 0.87722945
v 7.05144644 0.12548956 0.87482393
v 6.98354101 0.06418327 0.90808022
v 6.99168587 0.14257815 0.86900961
v 6.99551535 0.02400085 0.91412854
v 7.03344774 0.17816877 0.87943363
v 6.95633745 0.18096206 0.86207539
v 7.00028658 0.21120046 0.87907666
v 6.92503977 0.23021483 0.8618958
v 6.96639061 0.24690592 0.87535566
v 6.73937416 0.44015181 0.95240909
v 6.70088434 0.47886905 0.9617638
v 6.74809647 0.50862837 0.96489662
v 6.77752495 0.47950813 0.95940822
v 6.66620874 0.52266806 0.96408886
v 6.71648932 0.55255055 0.96347445
v 6.63678169 0.56728303 0.96824586
v 6.68391275 0.59877133 0.96130842
v 6.59481049 0.59663713 0.97942114
v 6.64055252 0.63284385 0.96301305
v 6.62167978 0.68063635 0.955378
v 6.56408644 0.64304519 0.98441046
v 6.5380125 0.69157529 0.97622675
v 6.59418869 0.72282785 0.9479816
v 6.50890589 0.73330569 0.968005
v 6.56439114 0.76479709 0.93652052
v 6.47692299 0.77732807 0.95817482
v 6.53385305 0.80475831 0.9252705
v 6.50168133 0.84896404 0.91037959
v 6.44638729 0.81979996 0.94951665
v 6.41363144 0.8644253 0.93549883
v 6.46368313 0.87767965 0.90370244
v 6.4958992 0.89851642 0.86966336
v 6.41320086 0.91227984 0.89315563
v 6.45943737 0.92726636 0.85458028
v 6.48741436 0.94927984 0.81534255
v 6.44453049 0.97866124 0.7986021
v 6.47650623 0.99432713 0.7595768
v 6.39563274 1.00841558 0.78432661
v 6.43296814 1.02045834 0.74210924
v 6.4069171 0.96424693 0.84139031
v 6.35933113 0.99370921 0.82509959
v 6.30663252 1.02059388 0.80795097
v 6.34682846 1.0329473 0.76745099
v 6.3170414 0.9766826 0.86805844
v 6.36790848 0.94797331 0.88199639
v 6.32492638 0.92639649 0.91934776
v 6.37291527 0.89591444 0.92744368
v 6.38165426 1.04405355 0.72995645
v 6.29334784 1.05476439 0.75524801
v 6.32082033 1.07522023 0.69683403
v 6.4065609 1.06154954 0.67896432
v 6.36505175 1.08452117 0.6557644
v 6.4301548 1.07591581 0.628021
v 6.37437677 1.09868085 0.61945987
v 6.41316175 1.10334742 0.56497216
v 6.59412575 1.03769207 0.58127552
v 6.57942867 1.02846789 0.63594693
v 6.51335049 1.0554477 0.60772109
v 6.53501654 1.0601753 0.56021398
v 6.55593872 1.02378762 0.67792273
v 6.49540424 1.0448643 0.66232502
v 6.53616953 1.0065006 0.71403682
v 6.45630026 1.03003442 0.70818025
v 6.47072697 1.07623065 0.58369833
v 6.54638386 0.963952 0.76771289
v 6.5800333 0.98335987 0.72943735
v 6.58950806 0.93430763 0.78205174
v 6.55539274 0.91398364 0.82167912
v 6.5585742 0.870368 0.86617547
v 6.60137367 0.88376623 0.83469474
v 6.61945152 0.85306209 0.85462314
v 6.58585167 0.82975203 0.88966662
v 6.70751476 0.77914089 0.87707621
v 6.65054464 0.75314176 0.9155634
v 6.61922932 0.79127705 0.9034884
v 6.67269897 0.82147735 0.85910863
v 6.6747942 0.86794138 0.81750047
v 6.72754574 0.83944887 0.82503694
v 6.76559734 0.86587352 0.79827327
v 6.72830105 0.90079731 0.77001882
v 6.67945051 0.92557043 0.76117581
v 6.7147212 0.94104075 0.724814
v 6.66350794 0.9664014 0.71125644
v 6.6920352 0.97317636 0.66997206
v 6.75396681 0.94918543 0.67896485
v 6.76532125 0.96167266 0.63953996
v 6.70914268 0.98634261 0.61952388
v 6.78502321 0.97126108 0.59305018
v 6.7287879 0.99555075 0.57277608
v 6.80516052 0.97771269 0.54487085
v 8.01468945 -0.54015052 0.31457049
v 8.09194088 -0.55319452 0.33937848
v 8.07966423 -0.55037659 0.27658927
v 8.02710247 -0.54164362 0.36596555
v 8.05487061 -0.5466342 0.39379692
v 8.00667381 -0.53674126 0.41046846
v 8.03601646 -0.54184985 0.44373906
v 7.98951578 -0.53237635 0.45721525
v 8.0188694 -0.53490341 0.4894236
v 7.97412062 -0.52295709 0.50134999
v 8.00277805 -0.52685493 0.52215445
v 7.97950459 -0.51623869 0.53751415
v 7.91040421 -0.51054537 0.49629521
v 7.93391371 -0.48724988 0.56868905
v 7.86049128 -0.48030666 0.53940773
v 7.89545679 -0.45206821 0.58857536
v 7.82356358 -0.45072284 0.5654611
v 7.84955406 -0.42067051 0.59883547
v 7.79143429 -0.41485667 0.59143972
v 7.81500769 -0.38564929 0.62965631
v 7.74116325 -0.37652493 0.62740868
v 7.78542089 -0.35799575 0.65136737
v 7.69378519 -0.33369419 0.66448796
v 7.74211502 -0.30704635 0.6888693
v 7.64274693 -0.2875959 0.68868047
v 7.69174957 -0.25949922 0.70961505
v 7.61286545 -0.23564833 0.71403289
v 7.65125275 -0.21488 0.72879672
v 7.57292414 -0.20136885 0.72947198
v 7.61338806 -0.17259544 0.74956512
v 7.53256941 -0.15881062 0.74846113
v 7.57446051 -0.13123712 0.76610351
v 7.48593521 -0.12006136 0.7599116
v 7.52852917 -0.08548068 0.77924669
v 7.46216249 -0.06474714 0.78700435
v 7.49521589 -0.03372478 0.80209792
v 7.40780449 -0.03523587 0.80011326
v 7.44846201 -0.00476685 0.81517226
v 7.38840485 0.0171669 0.82154626
v 7.4292655 0.04790618 0.83620161
v 7.34687996 0.04773359 0.83681494
v 7.38679647 0.07901067 0.85077268
v 7.31341887 0.08034647 0.85748655
v 7.35361433 0.11139781 0.87196213
v 7.27414417 0.12179162 0.87876403
v 7.31476259 0.15168227 0.89406729
v 7.23511362 0.16795646 0.89531779
v 7.27691793 0.19783846 0.90894252
v 7.19650507 0.21226522 0.90696323
v 7.24074888 0.24456804 0.91960579
v 7.16044331 0.25646839 0.91530073
v 7.20283699 0.28717771 0.92591619
v 7.1291132 0.29909047 0.92187977
v 7.17059231 0.32970232 0.93195015
v 7.09585285 0.34470472 0.92269683
v 7.13955879 0.37298077 0.93479192
v 7.10774708 0.4177458 0.93367606
v 6.9225831 0.55432373 0.9374513
v 6.88584995 0.58084381 0.94061542
v 6.91646338 0.59849215 0.93080717
v 6.87051201 0.63324714 0.92120928
v 6.9368701 0.62451154 0.91542149
v 6.93525171 0.67246348 0.89466923
v 6.85526228 0.6875872 0.89173204
v 6.91288853 0.72527456 0.87310129
v 6.83153963 0.73655689 0.87081707
v 6.89230537 0.77370304 0.84951103
v 6.79808426 0.78381616 0.85099578
v 6.86631107 0.81590676 0.82235986
v 6.74030542 0.74309558 0.89259487
v 6.74341297 0.80744177 0.84569526
v 6.79752111 0.65843773 0.92224616
v 6.77050304 0.70236492 0.90740031
v 6.80909634 0.61353844 0.93799096
v 6.77407837 0.57308251 0.95501989
v 6.74574232 0.61777693 0.9492352
v 6.70842505 0.66442335 0.94177586
v 6.68177319 0.71274167 0.9275142
v 7.07484627 0.19816907 0.89049691
v 7.04270411 0.24136849 0.89376414
v 7.08532524 0.27036521 0.90817451
v 7.11818933 0.22674647 0.90349358
v 7.10711002 0.15483533 0.88217646
v 7.15304899 0.18234247 0.89438862
v 7.1450882 0.11070409 0.86914581
v 7.19224834 0.1378904 0.88153189
v 7.19076872 0.0621793 0.85064751
v 7.23319387 0.0914757 0.86446697
v 7.23155022 0.01767954 0.82945162
v 7.27373409 0.04898449 0.84459376
v 7.26629305 -0.01534003 0.80820501
v 7.30699587 0.01574551 0.82408667
v 7.30763006 -0.04248203 0.79027724
v 7.34746408 -0.0129304 0.80666184
v 7.36737061 -0.06507133 0.78348333
v 7.32735014 -0.09448002 0.76363117
v 7.38198185 -0.12194844 0.74692744
v 7.42178202 -0.0944774 0.76888406
v 7.44641161 -0.14866522 0.73940927
v 7.40777969 -0.16974066 0.71862197
v 7.45746565 -0.21872164 0.69689095
v 7.4928441 -0.17895 0.73073047
v 7.52667856 -0.22786967 0.70478833
v 7.4974947 -0.25888678 0.67186689
v 7.52991104 -0.30028901 0.64659083
v 7.58296919 -0.27634013 0.68130946
v 7.58798885 -0.34654644 0.62385947
v 7.61602449 -0.3201119 0.66053426
v 7.6467247 -0.35395482 0.63952947
v 7.63050222 -0.39178729 0.57960451
v 7.69202137 -0.39370838 0.60197282
v 7.67589092 -0.42699766 0.53725415
v 7.73969746 -0.43180823 0.56036437
v 7.72506857 -0.46048248 0.4944154
v 7.79382515 -0.46922424 0.52119589
v 7.76857138 -0.48345944 0.4507015
v 7.83319807 -0.49799204 0.47553799
v 7.79430771 -0.4903056 0.39996997
v 7.85895777 -0.50325441 0.42303753
v 7.81393337 -0.49525312 0.3500751
v 7.87701464 -0.50711012 0.37192482
v 7.83862925 -0.50097334 0.30250561
v 7.90276575 -0.51230818 0.32482895
v 7.88443947 -0.51155251 0.25910515
v 7.95236111 -0.5246774 0.28467673
v 7.94395399 -0.52428102 0.22410569
v 8.01106548 -0.53916299 0.25089675
v 7.95551968 -0.52533406 0.33835617
v 7.98283911 -0.53279209 0.3674762
v 7.93359375 -0.52006918 0.38189423
v 7.96362591 -0.52804935 0.41604492
v 7.91710567 -0.51639289 0.43234998
v 7.94826174 -0.5226953 0.4583948
v 8.07552433 -0.53165627 0.05419573
v 7.9871254 -0.5269444 0.07577074
v 8.05668831 -0.54001319 0.10143261
v 7.96908331 -0.52781218 0.12383661
v 8.03862762 -0.54095143 0.14973333
v 7.92063665 -0.51266813 0.05019297
v 7.90134478 -0.51542449 0.09861442
v 7.95347071 -0.52728397 0.17163832
v 8.02163219 -0.54031813 0.19815142
v 7.88421392 -0.515293 0.1466848
v 7.87409306 -0.51320571 0.19910122
v 6.83791161 0.57509214 0.94643623
v 6.8028059 0.53022748 0.96100277
v 6.79547262 0.83160841 0.82073647
v 6.85175753 0.86086047 0.78049701
v 6.7981205 0.89259064 0.7659986
v 6.84289455 0.90094417 0.72141969
v 6.77427483 0.91251093 0.74073499
v 6.78778744 0.92755151 0.70458138
v 6.82652473 0.93207663 0.66698259
v 6.84723854 0.9455778 0.61341941
v 6.85794258 0.95386183 0.56996363
v 6.89283371 0.95503885 0.52474958
v 8.17551231 -0.56687587 0.31899261
v 8.25102997 -0.58127856 0.34009859
v 8.24058056 -0.5773468 0.27982211
v 8.20567513 -0.57571727 0.38352326
v 8.07217312 -0.54843056 0.49885845
v 8.08179283 -0.53712839 0.57362765
v 8.13411999 -0.55911827 0.52893841
v 8.0219717 -0.51602048 0.57108068
v 8.03647137 -0.48996851 0.61924642
v 8.03233337 -0.53154945 0.53901905
v 7.97400904 -0.46799961 0.60959178
v 8.00564194 -0.44099352 0.63602966
v 7.98742962 -0.4958677 0.58419383
v 7.93319893 -0.43605489 0.61464268
v 7.97140646 -0.4094443 0.64002502
v 7.89398241 -0.39545482 0.63026804
v 7.93590832 -0.3706508 0.65461534
v 7.84042025 -0.35747293 0.65780532
v 7.89110327 -0.3300052 0.68295801
v 7.79892731 -0.3139376 0.69087124
v 7.84074831 -0.28613392 0.71070743
v 7.77924728 -0.26771787 0.717278
v 7.8120985 -0.23692547 0.73700792
v 7.73272324 -0.23045494 0.72803104
v 7.77382946 -0.20024565 0.74525172
v 7.69370651 -0.18630572 0.74304765
v 7.73496342 -0.15697503 0.7565363
v 7.65518665 -0.14448026 0.76403224
v 7.70008469 -0.11690336 0.77390277
v 7.61719751 -0.10219449 0.77986467
v 7.66365528 -0.07450987 0.79173791
v 7.58012247 -0.0614011 0.79269618
v 7.62383318 -0.03158422 0.80682385
v 7.53918266 -0.02675673 0.80540091
v 7.57615185 0.00666719 0.81956446
v 7.49976826 0.02876842 0.83141088
v 7.55572033 0.0601513 0.84561956
v 7.50981665 0.09600919 0.85875893
v 7.46372509 0.07939116 0.85096234
v 7.42679024 0.10990255 0.86409283
v 7.47194481 0.13743223 0.871912
v 7.39347935 0.14296056 0.88507682
v 7.43234158 0.17536733 0.89412886
v 7.35562754 0.18283565 0.90551865
v 7.39470911 0.21367761 0.91439193
v 7.31912088 0.22825225 0.91869539
v 7.36105061 0.25835645 0.9261896
v 7.2841835 0.27259251 0.92771506
v 7.32681608 0.3028726 0.93241829
v 7.24645567 0.31571868 0.93601841
v 7.28725433 0.3448633 0.94030428
v 7.21250296 0.35959151 0.94164443
v 7.25354004 0.38856068 0.94592339
v 7.18213463 0.40224302 0.94603175
v 7.22434282 0.43237984 0.94997472
v 7.15168047 0.44650406 0.94529444
v 7.19561768 0.47621331 0.95050776
v 7.12102795 0.49182248 0.94069028
v 7.16724396 0.52070683 0.94213617
v 7.08946943 0.53957063 0.9324494
v 7.1379776 0.56400973 0.93090522
v 7.06342745 0.59117657 0.92437357
v 7.1088109 0.60496169 0.91861767
v 7.03644371 0.63420445 0.91141599
v 7.07872438 0.64003533 0.90910447
v 7.00420475 0.67338896 0.89681655
v 7.0637455 0.69001603 0.88330513
v 7.00896835 0.71490687 0.87774909
v 7.02930975 0.737414 0.85806489
v 6.96804667 0.75024271 0.85512227
v 7.02261877 0.77210176 0.82387692
v 6.97182655 0.70934951 0.88160264
v 6.94284678 0.80463099 0.81403989
v 7.00347376 0.8125056 0.77836853
v 7.03319025 0.83324653 0.73182756
v 6.94228363 0.84823453 0.75574583
v 6.97704983 0.86350429 0.70503187
v 7.01676941 0.86612189 0.67685241
v 7.27149725 0.78478628 0.70116901
v 7.21702147 0.80650347 0.68354714
v 7.24420357 0.81473583 0.65068048
v 7.19123077 0.7934128 0.72309297
v 7.24265337 0.76480454 0.75022268
v 7.20213842 0.75415993 0.77822042
v 7.14663029 0.77793568 0.76421881
v 7.16627169 0.74478477 0.80288947
v 7.19200039 0.70958966 0.83151758
v 7.25939512 0.72594172 0.79030615
v 7.25278568 0.67468196 0.84188616
v 7.19726706 0.65112025 0.87847501
v 7.24278831 0.61300009 0.8914361
v 7.30738688 0.64088321 0.85370576
v 7.30283356 0.59449607 0.89294964
v 7.27092314 0.56595778 0.91612023
v 7.29053593 0.52486038 0.93081272
v 7.32902622 0.55765003 0.91155046
v 7.32052135 0.49137035 0.93434507
v 7.36389875 0.51492107 0.92328674
v 7.38227034 0.4032481 0.93744135
v 7.34970188 0.44843584 0.9370535
v 7.39666224 0.47571474 0.92801678
v 7.42504025 0.43098551 0.93341959
v 7.41351366 0.35886046 0.93772924
v 7.45427513 0.38840795 0.93476164
v 7.44300699 0.31740928 0.9338125
v 7.49457884 0.35072902 0.92792088
v 7.53303146 0.30968565 0.91674989
v 7.48459768 0.27868575 0.92100197
v 7.52426434 0.23765127 0.90355945
v 7.57545042 0.26719791 0.90709454
v 7.47677851 0.20792182 0.89991218
v 7.4326334 0.24654602 0.92004079
v 7.40328646 0.28614879 0.93070936
v 7.51999331 0.16334406 0.88173711
v 7.56614399 0.19408272 0.89074117
v 7.5577426 0.12266431 0.86914933
v 7.60217571 0.15265815 0.87460685
v 7.59244156 0.09292832 0.85437196
v 7.64095497 0.11216428 0.85564929
v 7.62186909 0.04521228 0.83192295
v 7.67650604 0.06969837 0.84178787
v 7.673985 -0.003733 0.81977063
v 7.71734953 0.03429877 0.8339451
v 7.73689604 -0.02045918 0.81352311
v 7.70421171 -0.05444131 0.80008101
v 7.74169683 -0.08707587 0.78440946
v 7.78152609 -0.05490606 0.7947861
v 7.77830601 -0.1274025 0.76998329
v 7.81873894 -0.09925344 0.78393668
v 7.81424999 -0.17226282 0.76278675
v 7.85412836 -0.14370437 0.7777136
v 7.85412264 -0.21972708 0.74729919
v 7.89729977 -0.18926008 0.75800413
v 7.88960075 -0.25837162 0.72270834
v 7.93904829 -0.23123689 0.73658723
v 7.9355545 -0.30152312 0.70131338
v 7.97610998 -0.27311125 0.71934742
v 7.97589445 -0.34561744 0.6792444
v 8.0157423 -0.31830838 0.69982284
v 8.01022816 -0.38238323 0.66231185
v 8.05012131 -0.35392132 0.68215781
v 8.04256344 -0.42286986 0.65696293
v 8.08232307 -0.39438236 0.6786229
v 8.08467293 -0.45723054 0.65400153
v 8.12243176 -0.42939156 0.6793986
v 8.15030193 -0.48681754 0.66014212
v 8.10249519 -0.50917476 0.6287325
v 8.15658188 -0.54567963 0.60061067
v 8.19905281 -0.52438325 0.64090919
v 8.23254776 -0.55385202 0.60420883
v 8.20077324 -0.56511343 0.54806787
v 8.27475166 -0.57999259 0.55931085
v 8.22555828 -0.57411796 0.50076872
v 8.2860508 -0.58874869 0.51519281
v 8.24747086 -0.58218813 0.45327151
v 8.3090744 -0.59827727 0.47571644
v 8.27202129 -0.58768165 0.40656745
v 8.33460808 -0.60210079 0.4290438
v 8.31820965 -0.59516525 0.36348197
v 8.38383579 -0.60833031 0.3889212
v 8.37380409 -0.60340148 0.33007076
v 8.42596626 -0.57169473 0.07062259
v 8.43553448 -0.58557761 0.13255115
v 8.50178623 -0.58887607 0.09323584
v 8.47277641 -0.56627673 0.03336079
v 7.45012331 0.80906022 0.55063939
v 7.46824503 0.78226376 0.61847109
v 7.41676855 0.80212414 0.58763266
v 7.45068502 0.76367813 0.66703027
v 7.38865042 0.78686398 0.64088374
v 7.42090607 0.75175732 0.69912738
v 7.35403156 0.7721746 0.69026166
v 7.38772535 0.73778969 0.73110902
v 7.33034992 0.75392711 0.72633916
v 7.34285593 0.71643561 0.77169377
v 7.41634893 0.70547307 0.76052833
v 7.39072084 0.68251133 0.79257768
v 7.34769392 0.67257899 0.8156181
v 7.38766384 0.64072472 0.83462691
v 7.44708586 0.66852051 0.7934832
v 7.47683048 0.62568408 0.8274892
v 7.41260147 0.5979026 0.86447448
v 7.41391659 0.54150343 0.8969546
v 7.46973753 0.57245034 0.86614472
v 7.4498558 0.50271404 0.90488338
v 7.50989103 0.53676623 0.88083303
v 7.51108313 0.4216592 0.91901857
v 7.48035908 0.46226197 0.91716111
v 7.54141188 0.49838662 0.89673638
v 7.56959248 0.4549998 0.90572369
v 7.545259 0.38148075 0.91622925
v 7.59899378 0.41203919 0.90886372
v 7.58567572 0.34036174 0.91390717
v 7.63282633 0.37066501 0.90882534
v 7.62179899 0.29755878 0.90708673
v 7.66526461 0.32725021 0.90485412
v 7.65539837 0.25416616 0.89793485
v 7.70245361 0.28214067 0.89541304
v 7.69441462 0.21200858 0.88331705
v 7.73858786 0.24179168 0.88694674
v 7.72970629 0.16987491 0.87142503
v 7.7711854 0.20113023 0.8801946
v 7.76650476 0.12894921 0.86014783
v 7.80324602 0.16986182 0.87172514
v 7.8317523 0.12004261 0.85613412
v 7.79076767 0.07770779 0.84436071
v 7.83227968 0.04597282 0.82891375
v 7.8842411 0.07516029 0.83608711
v 7.86915159 0.00414769 0.81474543
v 7.91202497 0.02367955 0.82278293
v 7.95242167 -0.0116338 0.8143518
v 7.90655708 -0.03917679 0.80462217
v 7.94556332 -0.0834589 0.79084784
v 7.99052429 -0.05279861 0.79738742
v 7.86259842 -0.0699409 0.79511255
v 7.82530403 -0.02491348 0.80463266
v 7.98478556 -0.12560445 0.77129269
v 8.03164482 -0.09512871 0.77951622
v 8.02311325 -0.16948947 0.75943595
v 8.06298065 -0.13754636 0.76801282
v 8.0571537 -0.21148771 0.74807322
v 8.09840012 -0.18018654 0.75628752
v 8.09740734 -0.25471234 0.7272951
v 8.1369791 -0.22212422 0.73479348
v 8.13151264 -0.29496542 0.71529782
v 8.17189884 -0.26505518 0.72964573
v 8.16214657 -0.33663994 0.71438211
v 8.20282745 -0.3079446 0.73094696
v 8.19276905 -0.3785229 0.7161293
v 8.23372936 -0.35083139 0.73427838
v 8.23235321 -0.4138692 0.71668839
v 8.2725172 -0.38649231 0.73533863
v 8.28945827 -0.44354424 0.71931356
v 8.2488327 -0.46214727 0.70085251
v 8.28891182 -0.49918202 0.68578875
v 8.33581161 -0.48193872 0.7060259
v 8.33036804 -0.53843522 0.65823001
v 8.37810326 -0.52325398 0.68261176
v 8.37601662 -0.57605994 0.61913651
v 8.43067646 -0.5661487 0.64909124
v 8.42314339 -0.60459363 0.57033139
v 8.48007011 -0.59837943 0.59827441
v 8.46819305 -0.6170612 0.54211211
v 8.52868557 -0.62266719 0.54802024
v 8.4843359 -0.6254096 0.4959102
v 8.529109 -0.63335121 0.48963353
v 8.498353 -0.63410062 0.4471474
v 8.54353714 -0.6386165 0.44193426
v 8.516078 -0.63694227 0.39360213
v 8.5536356 -0.63939476 0.40460947
v 8.55321503 -0.63797522 0.36966911
v 8.58670998 -0.64113086 0.41913897
v 8.60745716 -0.63947082 0.36635801
v 8.57352448 -0.63668764 0.34640524
v 8.58838654 -0.63411009 0.31340721
v 8.63239574 -0.63618225 0.31742746
v 8.60339737 -0.62934095 0.26305017
v 8.64997387 -0.63234621 0.26792285
v 8.61589241 -0.62117523 0.19547918
v 8.67122459 -0.62771595 0.22600594
v 8.68394184 -0.62203461 0.17937686
v 8.6561861 -0.61593372 0.14617905
v 8.70504189 -0.61521119 0.1320015
v 8.67778206 -0.60744894 0.09938837
v 8.72456169 -0.60541141 0.08411612
v 8.6965313 -0.59537703 0.05437661
v 8.742733 -0.59032935 0.04035098
v 7.62514067 0.75279367 0.61980218
v 7.60054302 0.73264748 0.66812849
v 7.54433727 0.75948399 0.63538247
v 7.57705164 0.77562571 0.5883249
v 7.5445075 0.72280854 0.70001972
v 7.61373377 0.69888049 0.71864778
v 7.55230951 0.67874724 0.75891578
v 7.62260962 0.65268064 0.77111065
v 7.55805969 0.62625682 0.80954385
v 7.56520939 0.56673598 0.85097474
v 7.63248968 0.59644514 0.81749654
v 7.60525322 0.52670956 0.8668918
v 7.66615677 0.55982262 0.83799309
v 7.69264412 0.63104326 0.77939725
v 7.71617603 0.59184963 0.80775231
v 7.6851325 0.67605442 0.73359817
v 7.66224909 0.71504545 0.67930967
v 7.69804811 0.73290551 0.63897276
v 7.68396997 0.76657677 0.57393664
v 7.75936222 0.74475455 0.60423219
v 7.77149677 0.76292437 0.559645
v 7.70642424 0.78000981 0.52176189
v 7.79170847 0.77370352 0.51082826
v 7.72652578 0.78954142 0.47404078
v 7.81070995 0.78160697 0.46357226
v 8.92475891 -0.59439504 0.04543898
v 8.92100525 -0.60931909 0.09252179
v 8.97068691 -0.61523175 0.11660363
v 8.99419308 -0.59913009 0.06900102
v 8.91632462 -0.62240565 0.14162947
v 8.96658039 -0.62860829 0.16444875
v 8.89483547 -0.63190061 0.19368124
v 8.96554756 -0.63826501 0.21457122
v 8.87549114 -0.64051104 0.24320312
v 8.94215679 -0.64780581 0.2651124
v 8.85703659 -0.646869 0.29092899
v 8.92521572 -0.65288538 0.31567556
v 8.83751297 -0.65232402 0.339856
v 8.90361977 -0.65780383 0.36479622
v 8.81864071 -0.65736902 0.38871047
v 8.88105679 -0.66121435 0.41215113
v 8.79718494 -0.65672189 0.43589023
v 8.86205387 -0.66042453 0.46061817
v 8.765625 -0.6510548 0.4838343
v 8.82972908 -0.65735054 0.50764322
v 8.79020309 -0.64328593 0.55907255
v 8.71272564 -0.62079668 0.57558656
v 8.76284218 -0.61324281 0.60980308
v 8.74164295 -0.64148486 0.52943993
v 8.67058182 -0.59226465 0.63153297
v 8.71718216 -0.57814622 0.64996481
v 8.62356091 -0.56488258 0.66934866
v 8.66495609 -0.53785926 0.68930936
v 8.57734871 -0.52096409 0.70169461
v 8.61854267 -0.49261886 0.71755844
v 8.53548717 -0.48345819 0.73253947
v 8.57898235 -0.45313185 0.74879664
v 8.49717808 -0.43944064 0.74878204
v 8.53867435 -0.40848261 0.763354
v 8.45831108 -0.39349476 0.75925785
v 8.50025177 -0.36358169 0.77392083
v 8.41216278 -0.35582778 0.77216238
v 8.45464706 -0.31949976 0.79002494
v 8.39421368 -0.29844925 0.78372556
v 8.42811012 -0.26765126 0.79578924
v 8.35623264 -0.26302922 0.78210551
v 8.39686108 -0.23338853 0.79657358
v 8.32526684 -0.22061309 0.78064793
v 8.36659908 -0.19116987 0.79518521
v 8.2954092 -0.177375 0.77979469
v 8.33649254 -0.14791769 0.79463893
v 8.26518822 -0.13407123 0.77802157
v 8.30653763 -0.10481905 0.79404283
v 8.23276806 -0.09103829 0.77460569
v 8.27588558 -0.06078192 0.79086727
v 8.19466114 -0.05895409 0.77630562
v 8.23452568 -0.01480094 0.78852713
v 8.16588783 -0.00421563 0.79718167
v 8.20360184 0.03659188 0.80731982
v 8.12435055 0.0309766 0.8119753
v 8.15856934 0.0729055 0.82286781
v 8.09229088 0.07489717 0.82644325
v 8.11786842 0.12647344 0.83829284
v 8.05723095 0.12278745 0.84504795
v 8.09483624 0.1672205 0.85106945
v 8.01757717 0.16337626 0.85747159
v 8.06364536 0.19536436 0.859478
v 7.98051453 0.20559119 0.86722708
v 8.03008652 0.2360829 0.86787003
v 7.94623566 0.24806423 0.87558997
v 7.99273872 0.2688463 0.8736977
v 7.91282558 0.29211399 0.88038498
v 7.96935177 0.32132125 0.87400639
v 7.87459993 0.33328158 0.88217336
v 7.92888594 0.36343822 0.87353605
v 7.84127665 0.36579764 0.88248551
v 7.89120388 0.40093207 0.86959511
v 7.87309456 0.45005167 0.85736084
v 7.82282448 0.40750334 0.87651503
v 7.7845974 0.4519895 0.87301284
v 7.84646273 0.49358341 0.84440273
v 7.75637579 0.49817526 0.8571195
v 7.81794691 0.53325725 0.8265577
v 7.73102188 0.54290384 0.83673394
v 7.79005337 0.57470655 0.80461729
v 7.67309618 0.5009957 0.8669247
v 7.73154974 0.41396779 0.89217496
v 7.70792627 0.45572007 0.88073075
v 7.71741819 0.35566956 0.89763355
v 7.6787858 0.39394626 0.90110528
v 7.76485586 0.38674048 0.89166987
v 7.74656582 0.31269661 0.89413399
v 7.79563522 0.34478229 0.8903693
v 7.78179646 0.27301788 0.88954914
v 7.82624865 0.30346066 0.88872993
v 7.81367826 0.23152377 0.88460284
v 7.86151552 0.26152673 0.88520712
v 7.84771824 0.18935254 0.87518948
v 7.89921379 0.21867548 0.87442887
v 7.8863225 0.14854038 0.85733044
v 7.93270493 0.1774215 0.8620891
v 7.92278337 0.11577691 0.84705037
v 7.9675107 0.13549682 0.85224795
v 7.95046568 0.06480823 0.83446962
v 8.00570679 0.09146566 0.84173417
v 7.99729633 0.01935082 0.82146007
v 8.04380703 0.05046879 0.82530946
v 8.03566647 -0.01919905 0.80220735
v 8.08525276 0.01005864 0.80831558
v 8.07479763 -0.06347561 0.7864821
v 8.11728191 -0.03242727 0.79190463
v 8.10679817 -0.10641571 0.77368641
v 8.15194607 -0.07758721 0.77526766
v 8.14285469 -0.14978446 0.75957239
v 8.18752289 -0.12068567 0.76158118
v 8.17754459 -0.19227669 0.74569839
v 8.22268867 -0.16318238 0.76116168
v 8.21262169 -0.2356486 0.7463457
v 8.25433731 -0.20655237 0.76327431
v 8.24381924 -0.27897313 0.74791759
v 8.28463936 -0.24990378 0.76505494
v 8.27450657 -0.32177904 0.7513997
v 8.31498432 -0.29246792 0.76725286
v 8.31252098 -0.35853201 0.75451946
v 8.35361958 -0.32884446 0.76928753
v 8.37163734 -0.38662603 0.7568652
v 8.33016396 -0.41657719 0.74007475
v 8.37744617 -0.45350224 0.72526664
v 8.41805744 -0.42340675 0.74184847
v 8.41898632 -0.49660742 0.70634842
v 8.45773125 -0.46702528 0.72843879
v 8.4664526 -0.53164285 0.68921804
v 8.49626637 -0.50281245 0.71561068
v 8.52897263 -0.53844267 0.68715596
v 8.50070953 -0.56938183 0.64995402
v 8.574049 -0.57725209 0.65123415
v 8.54712677 -0.60163277 0.60895967
v 8.62643623 -0.61462104 0.59796923
v 8.57806873 -0.62424636 0.57350391
v 8.61062622 -0.63605672 0.52589369
v 8.66290569 -0.62791759 0.54953051
v 8.69480038 -0.6383909 0.5034517
v 8.64262962 -0.64097738 0.4861865
v 8.66087532 -0.64399374 0.44915622
v 8.7145319 -0.64537132 0.45083982
v 8.6825161 -0.64545035 0.40376595
v 8.73716545 -0.65039229 0.41320363
v 8.70188141 -0.64599293 0.35519239
v 8.75655174 -0.65168756 0.36594242
v 8.72159958 -0.64293951 0.30717444
v 8.77563477 -0.64791775 0.31683192
v 8.74074173 -0.63916039 0.25845292
v 8.79441166 -0.64286661 0.2680327
v 8.75999451 -0.63362002 0.20949882
v 8.81363964 -0.6366927 0.21939661
v 8.77908611 -0.62670934 0.1616666
v 8.83232689 -0.62852818 0.17143686
v 8.79722691 -0.61751163 0.11309425
v 8.85187721 -0.61944854 0.12443136
v 8.81698608 -0.60344142 0.06872986
v 8.87555599 -0.60557812 0.07232777
v 8.8758564 -0.58768606 0.0243796
v 8.78283596 -0.59137189 0.03898001
v 8.76812363 -0.60641646 0.08190034
v 8.74989319 -0.6171689 0.12729108
v 8.73048401 -0.62540966 0.17492938
v 8.71157169 -0.63119507 0.22372268
v 8.69278049 -0.63661629 0.27189812
v 8.67381096 -0.64012331 0.32080227
v 8.65440369 -0.64369184 0.3700456
v 8.63442802 -0.64347219 0.41851002
v 8.61677361 -0.64215142 0.46700528
v 8.57352924 -0.64033991 0.47394034
v 8.55913925 -0.63441133 0.50935507
v 7.64514875 0.43884888 0.89495438
v 7.61426258 0.47235674 0.889355
v 7.77174711 0.62596393 0.77157694
v 7.84903049 0.60116142 0.7727161
v 7.8405838 0.64995658 0.72941858
v 7.76463318 0.67477232 0.7182349
v 7.83596325 0.69571632 0.67541707
v 7.76367617 0.71515304 0.6587252
v 7.81418514 0.72805285 0.62903649
v 8.09852791 0.75365973 0.46166435
v 8.18070316 0.74031627 0.49119788
v 8.14446926 0.73167503 0.53188127
v 8.09061623 0.74358386 0.50996423
v 8.08995438 0.72736377 0.55800712
v 8.14268398 0.71592695 0.58201337
v 8.14037323 0.70028406 0.62987542
v 8.06552505 0.71277946 0.61110485
v 8.10689354 0.68284076 0.67848152
v 8.03700447 0.69968534 0.65575939
v 8.05582523 0.65764487 0.71180791
v 8.1284399 0.64265174 0.73013431
v 8.07747555 0.61808801 0.74331659
v 8.09993267 0.58243692 0.76550931
v 8.16357994 0.60869926 0.75578779
v 8.16418743 0.5686661 0.77702016
v 8.12160015 0.534832 0.7873466
v 8.22549152 0.47468022 0.81350636
v 8.16543579 0.45009109 0.82205939
v 8.14811039 0.49076638 0.80488223
v 8.19284058 0.53086042 0.7952221
v 8.27233696 0.51136035 0.81307882
v 8.29093266 0.47138509 0.82648295
v 8.2561512 0.4257555 0.82840902
v 8.34507656 0.38687816 0.84921032
v 8.30998611 0.33783379 0.84511667
v 8.28294659 0.38060263 0.83849913
v 8.31871605 0.42995766 0.8377015
v 8.28238392 0.27206686 0.85478181
v 8.24440479 0.31491041 0.85542709
v 8.23497868 0.24179025 0.85822874
v 8.20315266 0.27561665 0.86211234
v 8.21692467 0.36551836 0.84876031
v 8.1746664 0.32064852 0.85846955
v 8.14845562 0.37233201 0.84732026
v 8.18991375 0.40948889 0.83546048
v 8.11996841 0.41635215 0.83716935
v 7.97384644 0.49770853 0.81972319
v 8.04152489 0.53888494 0.78953964
v 8.06560612 0.49979478 0.81224293
v 8.01905727 0.46275774 0.82991767
v 8.10769272 0.22543947 0.85931611
v 8.0764122 0.26582 0.86385214
v 8.12587452 0.28471711 0.85787332
v 8.15775871 0.25389409 0.8586446
v 8.13820267 0.18779729 0.85250753
v 8.18942642 0.21297076 0.85580921
v 8.17431259 0.14287643 0.84156513
v 8.22300434 0.17041482 0.84746438
v 8.21900558 0.09850882 0.82750922
v 8.25700283 0.13878272 0.83751118
v 8.2890358 0.08875247 0.81537348
v 8.2480154 0.04638012 0.80642974
v 8.28578472 0.01220524 0.80302888
v 8.32874966 0.0415729 0.81907654
v 8.31800079 -0.03188462 0.8066113
v 8.35935116 -0.00271028 0.82217157
v 8.34776497 -0.07559349 0.8095603
v 8.38895321 -0.0463427 0.82506955
v 8.37770367 -0.11819667 0.80941349
v 8.41883755 -0.08872307 0.82465369
v 8.40825844 -0.16180018 0.80979306
v 8.4474144 -0.13116959 0.82305646
v 8.44348145 -0.20496798 0.80949789
v 8.47986126 -0.16451165 0.82095581
v 8.50691128 -0.21540712 0.8143869
v 8.46640205 -0.25787079 0.80339855
v 8.50687885 -0.2927368 0.79863894
v 8.55027771 -0.26135638 0.80657983
v 8.54217625 -0.33311173 0.78458995
v 8.58525085 -0.30296516 0.79557765
v 8.58017731 -0.37731445 0.77460694
v 8.62455559 -0.34615046 0.78624165
v 8.61932087 -0.42151582 0.75949705
v 8.66086769 -0.39210469 0.77438915
v 8.65941906 -0.46309814 0.73535675
v 8.7001152 -0.434899 0.75256181
v 8.7045145 -0.51034307 0.71061635
v 8.75001431 -0.48213238 0.73209625
v 8.7456398 -0.54637164 0.68782103
v 8.78290176 -0.53159261 0.70212644
v 8.77660656 -0.57883859 0.65643066
v 8.82179642 -0.56139261 0.67900324
v 8.81507111 -0.61456513 0.61999226
v 8.86501598 -0.60084015 0.64776117
v 8.8562746 -0.64314491 0.58018535
v 8.91357803 -0.63395119 0.60890752
v 8.89113808 -0.65699333 0.53023064
v 8.95641327 -0.65582812 0.55744541
v 8.91894913 -0.66401255 0.48376063
v 8.97838497 -0.6651985 0.50551361
v 8.94183636 -0.66585469 0.43541721
v 9.00554371 -0.67121577 0.4584226
v 8.97880554 -0.66440183 0.38763997
v 8.99484825 -0.65239537 0.2788268
v 8.9936533 -0.65918171 0.33052474
v 9.05290413 -0.65949255 0.3144604
v 9.01942635 -0.64701819 0.24734253
v 9.07543182 -0.65117407 0.2632381
v 9.02008629 -0.63555491 0.19024836
v 9.09340096 -0.64164042 0.21388493
v 9.04236698 -0.62202477 0.14007048
v 9.11189747 -0.62901449 0.16807497
v 9.06297016 -0.60654479 0.09691643
v 9.13130283 -0.6155566 0.12492924
v 9.09255886 -0.58786333 0.05450009
v 9.15996361 -0.59637988 0.08196057
v 8.32263184 0.73288727 0.4858169
v 8.30356884 0.72184598 0.53301847
v 8.24578953 0.73461336 0.50474632
v 8.25486183 0.74362457 0.462403
v 8.28235435 0.71092188 0.57937431
v 8.21864128 0.7261079 0.54501164
v 8.19624424 0.70968574 0.59433806
v 8.26774311 0.69250935 0.62407589
v 8.20826054 0.68657857 0.65218639
v 8.22243404 0.58735472 0.77134132
v 8.20913219 0.63899469 0.72883111
v 8.28242207 0.62038034 0.73992306
v 8.26560497 0.66421998 0.68025279
v 8.33648014 0.6753754 0.64563739
v 8.34960365 0.64430082 0.70107085
v 8.34187317 0.69577175 0.60279471
v 8.3765173 0.70534658 0.56411338
v 8.39100742 0.71987838 0.51252043
v 8.40644646 0.73153442 0.46298632
v 9.25082397 -0.57461917 0.69797552
v 9.20023632 -0.54372615 0.72317964
v 9.24202633 -0.51967907 0.73381174
v 9.18153858 -0.49996543 0.74669224
v 9.22149086 -0.46832964 0.75675446
v 9.14066315 -0.46843794 0.75758821
v 9.18137264 -0.43664828 0.76889318
v 9.10725784 -0.43017486 0.76732916
v 9.14787388 -0.39829391 0.77606952
v 9.07028866 -0.38546604 0.77456737
v 9.11657143 -0.3571178 0.78343958
v 9.03407001 -0.33933288 0.77973187
v 9.07912064 -0.31129667 0.78795964
v 8.99987698 -0.29576093 0.79251707
v 9.04425335 -0.26519188 0.79360145
v 8.96167755 -0.25087321 0.80379021
v 9.00989437 -0.22323452 0.8108117
v 8.92733955 -0.20957147 0.81262237
v 8.97125149 -0.17899153 0.82208538
v 8.89402008 -0.16576724 0.81541014
v 8.93770695 -0.13592012 0.82581478
v 8.84903908 -0.11974648 0.82406336
v 8.90364838 -0.0937411 0.83363432
v 8.86378384 -0.05062552 0.84632266
v 8.81894779 -0.07060364 0.84782815
v 8.7863903 -0.04262137 0.86028618
v 8.83270168 -0.00806248 0.86837614
v 8.75268841 -0.02310216 0.86875343
v 8.7840786 0.03001071 0.88306653
v 8.74094772 0.01636365 0.87656486
v 8.71106434 0.04718728 0.88066798
v 8.75437832 0.07680368 0.89142209
v 8.68048477 0.08786129 0.88751251
v 8.72240067 0.11719151 0.89599651
v 8.64982891 0.12965976 0.8949967
v 8.69249535 0.16045165 0.90027255
v 8.61341953 0.17288449 0.8996492
v 8.66136742 0.20347224 0.90616083
v 8.43569279 0.43053585 0.85905492
v 8.40972328 0.46130541 0.84950405
v 8.45079708 0.50123501 0.8372044
v 8.48456573 0.46217349 0.85457057
v 8.39522648 0.51279926 0.82727683
v 8.36817646 0.44744402 0.84494489
v 8.34111881 0.48793787 0.83158463
v 8.2895937 0.5670889 0.79004008
v 8.35091305 0.60193044 0.75901479
v 8.3526268 0.55098218 0.80534399
v 8.30881786 0.52176076 0.81396502
v 8.24075699 0.5388307 0.79635984
v 8.40500641 0.61935043 0.73234326
v 8.38237476 0.66228026 0.66406542
v 8.43536758 0.64850676 0.68615192
v 8.41754436 0.68233508 0.6233694
v 8.45105362 0.69391698 0.58193582
v 8.45725632 0.70912975 0.53687501
v 8.47046375 0.72507024 0.48786005
v 9.26537514 -0.37369066 0.77853447
v 9.23256874 -0.33347431 0.7903766
v 9.27806854 -0.30283138 0.79615152
v 9.19939041 -0.29275435 0.79999065
v 9.24327374 -0.26124722 0.80480194
v 9.20779991 -0.22068958 0.81400448
v 9.16396809 -0.24960284 0.80692875
v 9.12986088 -0.20579207 0.80985051
v 9.1705122 -0.17791282 0.8204661
v 9.09801769 -0.16181974 0.81483537
v 9.13797855 -0.14185292 0.8236326
v 9.05976582 -0.11681654 0.82600975
v 9.11561584 -0.09007748 0.83130336
v 9.18123245 -0.10808732 0.83805436
v 9.21589184 -0.15702118 0.82836276
v 9.25431156 -0.18895034 0.81938785
v 9.25492477 -0.11319814 0.83774555
v 9.30465698 -0.15714173 0.82276392
v 9.28869057 -0.23106083 0.80484247
v 9.31814194 -0.01104548 0.85560089
v 9.28199482 0.02222781 0.86805266
v 9.31792068 0.06625231 0.87763947
v 9.25134468 0.06944022 0.87858737
v 9.28003311 0.11758254 0.89017022
v 9.22142315 0.11695878 0.88397622
v 9.25679684 0.15731333 0.89460289
v 9.18337345 0.15739998 0.89457864
v 9.22642612 0.18822338 0.89879054
v 9.15076447 0.19942148 0.90499669
v 9.19477844 0.23039669 0.90286845
v 9.1164732 0.23987192 0.9059729
v 9.16121101 0.27030057 0.90501094
v 9.07948589 0.28050557 0.90056652
v 9.12566566 0.30879048 0.89639485
v 9.04865551 0.3119683 0.89444542
v 9.09073925 0.34893876 0.88261616
v 9.02554321 0.36762869 0.87766743
v 9.07720852 0.39458466 0.86442327
v 9.00424099 0.42003456 0.85742503
v 9.05853462 0.43686339 0.84702402
v 8.98827553 0.4605355 0.83609563
v 9.0435133 0.49401745 0.81344968
v 8.96277905 0.50454646 0.80708927
v 9.02047253 0.53589898 0.78247118
v 8.887393 0.52474195 0.79717612
v 8.90222168 0.46617001 0.836716
v 8.95872211 0.38715446 0.87265128
v 8.9443512 0.42982802 0.85521054
v 8.9692831 0.34093451 0.88560051
v 8.99988842 0.29899791 0.89654821
v 8.95411682 0.25627661 0.9004873
v 8.93104744 0.29977208 0.89509046
v 8.83794117 0.31358519 0.89489132
v 8.82518768 0.36738437 0.88023216
v 8.89877701 0.34684649 0.88418335
v 8.88346481 0.40867889 0.86584848
v 8.79902554 0.41192305 0.8639496
v 8.84352493 0.44572058 0.84738177
v 8.77244663 0.45924193 0.84461749
v 8.82919788 0.49236238 0.82263052
v 8.72263145 0.42537451 0.86453515
v 8.70171261 0.46893233 0.84160507
v 8.75802803 0.50315714 0.81659746
v 8.67302513 0.50474083 0.81941825
v 8.73043919 0.53769076 0.79098207
v 8.64756966 0.54211432 0.79086649
v 8.70423698 0.56383377 0.76579517
v 8.58717251 0.51070595 0.82227439
v 8.62100697 0.46810496 0.84650987
v 8.68988609 0.33732581 0.89129013
v 8.67391777 0.38272151 0.8792727
v 8.74202633 0.37238061 0.8819223
v 8.71998405 0.30421707 0.89813888
v 8.77589989 0.32334858 0.89397997
v 8.7486248 0.25997412 0.90282673
v 8.79669571 0.28151155 0.90088433
v 8.77852631 0.21726555 0.90758342
v 8.82679272 0.24886863 0.90755194
v 8.86117649 0.20768845 0.91178334
v 8.81211758 0.17600098 0.91128302
v 8.8439045 0.13466097 0.90747118
v 8.89410496 0.16420214 0.90762109
v 8.7995348 0.10265731 0.90123212
v 8.76639557 0.14580657 0.90439147
v 8.73224831 0.18987989 0.90268058
v 8.83644962 0.06216173 0.89020634
v 8.88115025 0.092035 0.8953023
v 8.86913395 0.03293566 0.8783533
v 8.91553211 0.0456652 0.87640315
v 8.9145565 -0.02452301 0.85196954
v 8.88304806 -0.00072692 0.86227113
v 8.95757294 0.00707268 0.86294401
v 8.94804001 -0.06456854 0.84441388
v 8.99078941 -0.03392166 0.85402763
v 8.97980309 -0.10556675 0.836034
v 9.02477646 -0.07567261 0.84495276
v 9.01382637 -0.14900695 0.82878959
v 9.05187702 -0.19158395 0.80964655
v 9.03778648 -0.00043724 0.86366796
v 9.07223225 -0.04644262 0.84737861
v 9.08520508 0.02178679 0.86606854
v 9.11847401 -0.01569262 0.85055459
v 9.06304646 0.04428814 0.87338459
v 9.00142479 0.03769946 0.87210071
v 9.04329681 0.06904565 0.88136351
v 8.96771622 0.07847535 0.88139272
v 9.01117325 0.1092386 0.88981467
v 8.92979622 0.11879437 0.89589435
v 8.97636509 0.14283969 0.89473635
v 8.94973278 0.19449912 0.90491372
v 9.01706982 0.1837313 0.90137231
v 8.99411106 0.23522499 0.89957935
v 9.03707981 0.25513083 0.90162474
v 9.06863213 0.21215875 0.9044292
v 9.05681705 0.13922216 0.89676696
v 9.10632896 0.16904394 0.90250069
v 9.09156418 0.0896375 0.8882364
v 9.13905048 0.12538321 0.89453727
v 9.12673664 0.05438202 0.87362701
v 9.17045498 0.08649526 0.8770166
v 9.16325283 0.01486976 0.85980386
v 9.20572853 0.04627335 0.86989969
v 9.19454288 -0.01658393 0.85765243
v 9.23341465 0.00465176 0.86456949
v 9.21540451 -0.05958332 0.85164082
v 9.27162075 -0.04067538 0.85225821
v 9.30770588 -0.08399325 0.83882928
v 9.16048717 -0.05117526 0.84636891
v 8.90850449 0.2363151 0.90724182
v 8.87744904 0.27804428 0.90381438
v 8.70464039 0.233248 0.9064849
v 8.6754179 0.27666706 0.90596825
v 8.64600658 0.31992182 0.898377
v 8.58495617 0.41456828 0.87247187
v 8.56625938 0.45734718 0.85365605
v 8.64760208 0.42658791 0.86531121
v 8.53298855 0.48475349 0.84072202
v 8.51638603 0.52738631 0.81560415
v 8.57777977 0.56015831 0.7789762
v 8.50581646 0.58270961 0.76554984
v 8.5691185 0.60617173 0.72687125
v 8.50416279 0.62754184 0.70878595
v 8.56078625 0.64817369 0.67398769
v 8.5106163 0.67842329 0.62257808
v 8.58668423 0.66984987 0.63103998
v 8.49858379 0.65711546 0.66562647
v 8.59075165 0.69018346 0.5890978
v 8.52280521 0.69967103 0.56228667
v 8.58928394 0.71162355 0.5278368
v 8.5189352 0.71565777 0.51169699
v 8.544631 0.72898871 0.46524274
v 8.61902905 0.72373325 0.48043749
v 9.26742363 0.21603997 0.90504479
v 9.31014156 0.24449998 0.91008097
v 9.29548073 0.17721803 0.90121353
v 9.23724937 0.25911069 0.90556246
v 9.27945518 0.28553697 0.90793878
v 9.20827007 0.30062625 0.90055436
v 9.25204754 0.32721308 0.89926016
v 9.155756 0.38137087 0.87469357
v 9.21493816 0.41536686 0.86557227
v 9.2159586 0.36430344 0.88652521
v 9.17556858 0.33329913 0.89012116
v 9.11519527 0.41831353 0.85825306
v 9.17924404 0.45425346 0.84458524
v 9.11413956 0.47749305 0.82851624
v 9.17248154 0.51297241 0.80481356
v 9.10202789 0.52675706 0.79064059
v 9.15531921 0.55665529 0.77007616
v 9.08058929 0.56745791 0.75262195
v 9.14318657 0.60034847 0.72173166
v 9.06675911 0.61475754 0.70103711
v 9.00695992 0.58403248 0.73476696
v 9.00003624 0.62963504 0.67881829
v 9.06131172 0.6682421 0.64897615
v 8.99582577 0.67705882 0.62305951
v 9.04865742 0.71109176 0.58739936
v 9.00329685 0.72693133 0.52243334
v 9.05673885 0.72437501 0.54193097
v 8.99187279 0.70718676 0.5786069
v 9.05875874 0.73600954 0.49453047
v 9.30480862 0.3594774 0.89054668
v 9.27163506 0.40334734 0.87238735
v 9.34265041 0.43545046 0.85867739
v 9.35258198 0.37792081 0.88209599
v 9.30148888 0.47523603 0.83715218
v 9.24079609 0.49581835 0.82038707
v 9.2962513 0.53300554 0.79653388
v 9.24792385 0.44733101 0.84972095
v 9.22359943 0.54079926 0.78627485
v 9.25547409 0.55869609 0.77386469
v 9.28857422 0.58008051 0.76316518
v 9.21357632 0.58203 0.75008154
v 9.27182961 0.62957245 0.72726411
v 9.1992445 0.64249402 0.7013399
v 9.25748062 0.67421883 0.67762083
v 9.18558788 0.68687701 0.64854378
v 9.23682022 0.70224911 0.61251593
v 9.19374847 0.72794515 0.54088253
v 9.26898575 0.72415411 0.56468838
v 9.16524887 0.7120831 0.58562875
v 9.2165041 0.74585766 0.48983297
v 9.26892567 0.74079561 0.51201332
v 9.27177334 0.75268352 0.46457964
v 9.32283401 0.73654675 0.53915501
v 9.31904984 0.7199831 0.58702809
v 9.36771488 0.71337557 0.60510486
v 9.31238174 0.69684958 0.63645327
v 9.32623196 0.66124046 0.70520234
v 9.33885765 0.61520118 0.75293189
v 9.35433388 0.5644151 0.78650677
v 9.36678791 0.50617206 0.82007873
v 9.14511395 0.74748641 0.46738929
v 9.12530899 0.73491752 0.51494515
v 9.09989929 0.72153986 0.55979115
v 9.11670589 0.6969434 0.62192899
v 9.12941742 0.65470088 0.67495334
v 9.34300232 0.75295472 0.48765314
v 9.33166313 0.31678239 0.9038471
v 8.87446022 0.73112833 0.48473299
v 8.91607857 0.73260719 0.48392671
v 8.89831924 0.7199046 0.52723539
v 8.86229515 0.7209295 0.52060467
v 8.85834408 0.69809437 0.56543726
v 8.93461704 0.68644118 0.5980081
v 8.8642931 0.65722197 0.63389462
v 8.93364525 0.64294171 0.65625018
v 8.87125301 0.61729461 0.69396663
v 8.94058418 0.601188 0.71521872
v 8.87995529 0.57321662 0.74941111
v 8.94944954 0.55537164 0.76765174
v 8.81358528 0.54431653 0.7823872
v 8.76455593 0.56718779 0.7592845
v 8.80803871 0.5933156 0.72846574
v 8.72674274 0.58968127 0.7351588
v 8.75538254 0.61203742 0.70284545
v 8.79774761 0.63499731 0.66995263
v 8.71338367 0.6305812 0.67802352
v 8.72945786 0.6558097 0.63520718
v 8.79657078 0.67240536 0.60792381
v 8.72852993 0.68520075 0.58216894
v 8.79224777 0.69821125 0.55917722
v 8.73790169 0.70721418 0.53415793
v 8.809618 0.72559267 0.49971724
v 8.74185467 0.72678 0.48507226
v 8.66061783 0.69822669 0.55751622
v 8.6566391 0.67017472 0.60868019
v 8.62915802 0.62192196 0.69657671
v 8.64386368 0.64742273 0.65231228
v 8.69166088 0.60874575 0.70996511
v 8.64219761 0.58353734 0.74449807
v 8.67355156 0.71699125 0.5081991
v 8.68858242 0.73150331 0.45944265
v 8.80861187 0.73583019 0.44877651
v 8.84763622 0.73629397 0.45291525
v 8.96234608 0.71477973 0.55674285
v 8.9248476 0.71241575 0.55121952
v 8.94589233 0.7268343 0.51295501
v 8.95640564 0.74191773 0.4507533
v 9.00904655 0.73927677 0.47039568
v 8.46750736 0.66837215 0.64841497
v 8.4578495 0.61022174 0.73884475
v 8.42098522 0.57561934 0.78075784
v 8.46905994 0.5506565 0.80027872
v 8.43486595 0.5395897 0.81556094
v 9.3380146 0.13391304 0.89584577
v 9.0867548 -0.23495935 0.80059367
v 9.12332821 -0.28028139 0.79659861
v 9.15835285 -0.32458043 0.79198945
v 9.19079971 -0.36535886 0.7842555
v 9.22172737 -0.40426737 0.77426338
v 9.25704098 -0.43593845 0.76390511
v 8.39323711 0.40447339 0.85778666
v 8.51979828 0.42001668 0.87109482
v 8.59318256 0.02651121 0.87475812
v 8.55700684 0.07088665 0.87922728
v 8.6030426 0.10025914 0.88826364
v 8.63846207 0.05689842 0.88207418
v 8.62744236 -0.01567629 0.86502522
v 8.66897297 0.01582265 0.87185693
v 8.65965939 -0.05568626 0.85408282
v 8.70567894 -0.02359419 0.86545068
v 8.70151424 -0.09804284 0.84835839
v 8.72590828 -0.05411689 0.85997045
v 8.74803257 -0.07778358 0.85518491
v 8.73464489 -0.14458226 0.83727801
v 8.78367615 -0.1139501 0.8395381
v 8.76584816 -0.18398307 0.81859183
v 8.80774975 -0.16180588 0.8160398
v 8.84886456 -0.19632845 0.80665338
v 8.79660702 -0.22520582 0.80336154
v 8.83381939 -0.27204382 0.80263191
v 8.88247776 -0.24038531 0.80565602
v 8.78988934 -0.30384752 0.80200934
v 8.7549963 -0.25740033 0.80414563
v 8.72264194 -0.21474536 0.81501406
v 8.71252632 -0.28841764 0.79885978
v 8.67896843 -0.24515046 0.80922824
v 8.64212227 -0.20183904 0.81878275
v 8.68673611 -0.17139217 0.82910395
v 8.6044445 -0.15807365 0.82651871
v 8.65075874 -0.12842081 0.83514255
v 8.57290077 -0.11761728 0.83832914
v 8.61590958 -0.08659606 0.84486669
v 8.53646469 -0.07456909 0.8464067
v 8.58412647 -0.04639052 0.85699171
v 8.54879284 -0.00346091 0.86285508
v 8.50268936 -0.03035891 0.84980142
v 8.4718647 0.0125123 0.85252106
v 8.51381207 0.04184191 0.86586505
v 8.44171238 0.05597959 0.8514486
v 8.48354912 0.08548491 0.86460853
v 8.26796341 0.20065002 0.84888828
v 8.31909275 0.22992542 0.84536874
v 8.3056879 0.15879656 0.83498383
v 8.40063763 0.02650768 0.837183
v 8.37104607 0.07023312 0.83430851
v 8.4125824 0.09948916 0.84873694
v 8.42985439 -0.0169456 0.83948439
v 8.45927811 -0.05919201 0.83797926
v 8.49043941 -0.10127825 0.83469605
v 8.52375603 -0.1449084 0.82886332
v 8.56082344 -0.18868846 0.82086915
v 8.59525204 -0.23120469 0.81089139
v 8.63286686 -0.27498567 0.80401987
v 8.66904163 -0.31819332 0.79477018
v 8.70309162 -0.36303017 0.7863034
v 8.74803734 -0.33626297 0.79496694
v 8.74053764 -0.40618154 0.76904416
v 8.7815733 -0.37681744 0.77914613
v 8.7798872 -0.43930379 0.75432736
v 8.82325935 -0.42128918 0.76185447
v 8.81132984 -0.48934588 0.72902697
v 8.85816383 -0.46260327 0.7441532
v 8.86209011 -0.53335947 0.7010836
v 8.90438366 -0.50683135 0.72093391
v 8.90686226 -0.57540572 0.67320764
v 8.94561958 -0.54886526 0.6990844
v 8.95142937 -0.6051563 0.6520021
v 8.98196316 -0.57964724 0.68160599
v 9.01796627 -0.61593211 0.64570206
v 8.96602821 -0.63224471 0.6149829
v 9.00040245 -0.64488024 0.59730285
v 9.06112099 -0.65270907 0.59403455
v 9.01202202 -0.66148669 0.56367815
v 9.04105759 -0.67290223 0.52858984
v 9.10132885 -0.67420983 0.55120683
v 9.06863594 -0.68285835 0.4840883
v 9.13142586 -0.68971986 0.50667924
v 9.09052277 -0.68350077 0.43602276
v 9.15387249 -0.68961024 0.45855242
v 9.10728931 -0.67901009 0.38659224
v 9.1734972 -0.6852681 0.41101623
v 9.12544346 -0.67141217 0.3368021
v 9.19311428 -0.67771012 0.36197084
v 9.14492798 -0.66124326 0.28898492
v 9.21537781 -0.66592127 0.31005135
v 9.16250992 -0.64937842 0.24024372
v 9.21676254 -0.6532101 0.25348067
v 9.17810631 -0.63500881 0.19406539
v 9.23501873 -0.64005446 0.21396284
v 9.19180965 -0.6215263 0.14883032
v 9.24665737 -0.62303776 0.16402777
v 9.23995209 -0.68225372 0.55520701
v 9.21452999 -0.66229701 0.59443903
v 9.26448822 -0.64736331 0.61526424
v 9.17537498 -0.63976085 0.62930912
v 9.2183733 -0.61147034 0.66500068
v 9.13309479 -0.59886235 0.67461717
v 9.17151356 -0.57368773 0.7014454
v 9.10209656 -0.55937129 0.7114132
v 9.14176559 -0.53108448 0.73208195
v 9.06051445 -0.53099889 0.72512394
v 9.10094833 -0.49989754 0.74321806
v 9.02408218 -0.49147889 0.74041176
v 9.0655756 -0.4602741 0.7548489
v 8.98730755 -0.44705394 0.75127864
v 9.02865887 -0.41621146 0.76279253
v 8.9485178 -0.40091777 0.76583666
v 8.9903183 -0.36893997 0.77232617
v 8.90878105 -0.3583003 0.78131253
v 8.95173454 -0.32497385 0.78647494
v 8.87196541 -0.31441969 0.79321647
v 8.91462231 -0.28238174 0.79715163
v 8.86651516 -0.39069256 0.77289993
v 8.82893181 -0.34670073 0.78770316
v 8.90580177 -0.43422467 0.75758439
v 8.94641876 -0.47764349 0.73656386
v 8.98276234 -0.52257985 0.72144204
v 9.01992989 -0.56026769 0.702694
v 9.06273079 -0.58517712 0.68593109
v 9.09482861 -0.62201768 0.64441371
v 9.1232996 -0.65129167 0.60612345
v 9.16681576 -0.67218345 0.57121575
v 9.18729496 -0.69009215 0.52138263
v 9.21448231 -0.68961269 0.48240134
v 9.23438549 -0.6843226 0.43391308
v 9.25324726 -0.6745649 0.38510975
v 9.21358681 -0.57749403 0.0563135
v 9.20923233 -0.60365379 0.10518471
v 9.04543877 -0.66975576 0.37467155
v 9.03513432 -0.67361468 0.42228645
v 8.60789776 0.36239174 0.8912403
v 8.62712479 0.24578825 0.90533477
v 9.28581142 -0.48405737 0.75096947
v 8.17971706 0.67009133 0.69348836
v 9.02515984 -0.57842892 0.02918985
v 8.34023762 0.11462432 0.83118588
v 8.03871727 0.31063008 0.86515754
v 8.10339165 0.32938775 0.85126019
v 8.01726913 0.36144906 0.86166298
v 7.97529078 0.38292825 0.86485893
v 8.06985664 0.3750394 0.84778929
v 8.03348637 0.41893759 0.84536278
v 7.95220709 0.43344492 0.85476345
v 7.91803694 0.48350963 0.83938205
v 7.90261555 0.52437371 0.8188591
v 7.87686491 0.56328732 0.79731089
v 7.96219683 0.55422789 0.78769678
v 7.93290281 0.5967862 0.76008642
v 7.88767004 0.6218971 0.74659973
v 7.92563486 0.64863855 0.71604222
v 7.88032389 0.67492479 0.69757873
v 7.91602993 0.69921768 0.66689104
v 7.86591005 0.72088611 0.63612986
v 7.90092325 0.73475957 0.60764039
v 7.96741056 0.76148981 0.46802706
v 8.04124737 0.75531477 0.49061558
v 8.01832104 0.74286717 0.5407021
v 7.9477005 0.75475103 0.51660371
v 7.99665737 0.73081136 0.5876888
v 7.9685216 0.71848124 0.63180643
v 7.98762941 0.67867392 0.68775988
v 7.92688036 0.74413496 0.56333923
v 7.99032688 0.63117337 0.72598618
v 8.0278759 0.59332484 0.75441408
v 8.09347153 0.459986 0.82754159
v 7.87391138 0.76712871 0.50120652
v 7.85390234 0.75845736 0.54811305
v 7.83337069 0.7483393 0.59139621
v 7.71416998 0.70050222 0.68987316
v 7.72803783 0.6522097 0.75212044
v 7.52377176 0.59323806 0.84303623
v 7.51258469 0.65618598 0.79237819
v 7.48863363 0.68580693 0.76547295
v 7.45212936 0.6949482 0.76382911
v 7.45107365 0.71751046 0.73702389
v 7.47979355 0.73166043 0.70687497
v 7.50721312 0.70607781 0.73650783
v 7.49996948 0.75113839 0.66964978
v 7.51679468 0.79098803 0.57438856
v 7.5442028 0.80233759 0.52923733
v 7.60861111 0.78485638 0.55210531
v 7.56490421 0.8129462 0.48423371
v 7.63391924 0.7963928 0.50873548
v 8.58183479 -0.57934827 0.03026311
v 8.55983162 -0.59103799 0.07187391
v 8.60441494 -0.59480852 0.07225598
v 8.62594128 -0.5833106 0.02644783
v 8.56999207 -0.60576379 0.12378432
v 8.61727142 -0.61323047 0.1419815
v 8.63159466 -0.60665518 0.10333709
v 8.55242443 -0.61339688 0.18184362
v 8.55155277 -0.62118852 0.23149994
v 8.53564358 -0.62700939 0.28737426
v 8.50790977 -0.62858367 0.3391763
v 8.54630184 -0.63383418 0.33152077
v 8.47158432 -0.61259139 0.25412652
v 8.45271397 -0.61259294 0.30405346
v 8.44293499 -0.61495054 0.35664618
v 8.48422146 -0.62763417 0.37363672
v 8.45142269 -0.62312943 0.41594538
v 8.38634682 -0.61129487 0.44135308
v 8.41517448 -0.61650246 0.47123343
v 8.36432076 -0.6076557 0.48661181
v 8.39822674 -0.61202312 0.5165351
v 8.35115337 -0.59703189 0.54856491
v 8.30987835 -0.56943339 0.60466057
v 8.43866444 -0.61865973 0.51340169
v 8.45551014 -0.62594414 0.46857467
v 8.50089741 -0.60156804 0.15549593
v 8.48777962 -0.60891122 0.20780635
v 8.53097534 -0.57800698 0.04371531
v 8.65318966 -0.594827 0.05698157
v 8.26474857 -0.53685284 0.64756298
v 8.22169113 -0.49474764 0.67653221
v 8.18496227 -0.44190714 0.69444048
v 8.1539793 -0.39807472 0.69969523
v 8.12190914 -0.36551192 0.69795102
v 8.09068871 -0.32476392 0.69970781
v 8.05731297 -0.28677854 0.71651995
v 8.01681042 -0.24271348 0.73450732
v 7.98117065 -0.20031394 0.74727076
v 7.94043112 -0.15676525 0.76350987
v 7.90187931 -0.11473525 0.78507882
v 7.77870941 0.01908554 0.82427859
v 7.75096178 0.06718055 0.84279853
v 7.71945095 0.09969434 0.85105044
v 7.68724489 0.13943031 0.86196458
v 7.65021753 0.17970489 0.87859303
v 7.61191463 0.22293757 0.89638209
v 7.37438345 0.56876034 0.89409608
v 7.34840345 0.60303646 0.87672514
v 7.3029561 0.68806118 0.81244332
v 7.29337311 0.74699306 0.75332433
v 7.30821562 0.7987476 0.65373826
v 7.33342266 0.80978698 0.61024189
v 7.35979748 0.81538582 0.57468271
v 7.3851018 0.82399195 0.52683735
v 7.40692997 0.83539522 0.48073667
v 7.47556067 0.81971288 0.50505567
v 8.36123466 -0.56078541 0.04765865
v 8.36442852 -0.57394367 0.10646655
v 8.42245674 -0.59329587 0.18248387
v 8.3529253 -0.58167565 0.15681548
v 8.40413284 -0.59813315 0.23201402
v 8.33537102 -0.58652186 0.20459092
v 8.38420486 -0.60019761 0.27914307
v 8.31836128 -0.58863431 0.25388265
v 8.30860043 -0.59061074 0.3038905
v 7.37042618 0.33204451 0.93572718
v 7.33036613 0.37473378 0.94103551
v 7.2973156 0.41686144 0.944112
v 7.26936436 0.45999026 0.94692886
v 7.14748812 0.62688971 0.90620893
v 7.11095715 0.65440404 0.89871734
v 7.13832235 0.68118602 0.87274766
v 7.11660671 0.71928453 0.84630436
v 7.14673853 0.73353004 0.82170308
v 7.10238361 0.76060402 0.8091495
v 7.09312534 0.8010565 0.75959384
v 7.05840492 0.79500425 0.78226268
v 7.11386776 0.82206237 0.71206164
v 7.16865587 0.82706583 0.66059417
v 7.12231922 0.86272252 0.60046178
v 7.19174576 0.84048522 0.61101973
v 7.09751606 0.85393113 0.64606291
v 7.14283609 0.87032473 0.5519284
v 7.21371603 0.84864873 0.56427795
v 7.16355181 0.87723428 0.50405741
v 7.23416471 0.85691965 0.51613134
v 7.0660305 0.84964526 0.68473989
v 7.0642972 0.7401014 0.84450805
v 7.18289137 0.58880752 0.91931975
v 7.24188423 0.5045374 0.94378781
v 7.21398115 0.54752725 0.93411016
v 7.27041245 0.8240906 0.60657567
v 7.29212809 0.83236372 0.56089568
v 7.31270409 0.84049594 0.51325095
v 6.92936707 0.92697769 0.58608288
v 6.96353865 0.92975211 0.53725189
v 6.89478207 0.92218494 0.63490492
v 6.8871088 0.90750998 0.67469215
v 6.95582008 0.89557016 0.65131718
v 6.92123222 0.88356805 0.70492935
v 6.89353228 0.87403876 0.73787582
v 6.90396643 0.83498716 0.79698491
v 6.99521351 0.89777905 0.60306114
v 7.00874329 0.90630168 0.55976284
v 7.0287447 0.9133575 0.51180744
v 7.07785225 0.89106941 0.54240412
v 7.05762386 0.8832351 0.5902282
v 7.03457546 0.87532419 0.63572145
v 6.98319626 0.63790721 0.90873677
v 7.01657677 0.59425634 0.9201777
v 6.96401167 0.58151644 0.92467463
v 7.04451752 0.55237252 0.92683423
v 7.06269741 0.51672661 0.93039691
v 7.07167768 0.46729809 0.93122405
v 8.11115265 -0.5599646 0.46869513
v 8.08037376 -0.55177844 0.43854553
v 8.12756252 -0.56396002 0.42285651
v 8.09717369 -0.5562014 0.39335269
v 8.14490223 -0.56502891 0.37331414
v 8.12788105 -0.55916381 0.29580197
v 8.16332054 -0.563564 0.25627431
v 8.16219234 -0.56790823 0.48136947
v 8.18194294 -0.57236618 0.4318777
v 8.25075054 -0.57573026 0.22915995
v 8.18093109 -0.56475407 0.20169987
v 8.26822948 -0.57501507 0.17846726
v 8.19825172 -0.56429654 0.15574208
v 8.28588676 -0.57060492 0.13146591
v 8.2169342 -0.55702353 0.10669705
v 8.29814243 -0.56191581 0.08344152
v 8.22811604 -0.54687202 0.05806984
v 7.00107956 0.53806263 0.92679882
v 8.09118652 -0.55168676 0.22528826
v 8.10896206 -0.55204046 0.17535056
v 8.12717628 -0.55282599 0.12806758
v 8.14581299 -0.54521167 0.07998551
v 6.61182356 0.99593735 0.69517982
v 6.64432955 1.00310981 0.64292437
v 6.63166094 0.95201546 0.74482465
v 6.63835192 0.90885895 0.7928828
v 6.65259266 1.01307487 0.6009661
v 6.67515898 1.01952314 0.55161321
v 6.3056674 1.12955749 0.59379989
v 6.34575272 1.11849117 0.59175175
v 6.30538797 1.10630357 0.63981885
v 7.49854183 -0.38668895 0.49993965
v 7.59385252 -0.44066784 0.3737483
v 7.60942793 -0.44596824 0.339376
v 7.65076876 -0.45617333 0.33405885
v 7.6265254 -0.45211983 0.29044181
v 7.65970516 -0.46057788 0.29262108
v 7.66052866 -0.46285608 0.24356993
v 7.69419289 -0.46768415 0.30947289
v 7.71969748 -0.47497407 0.25807515
v 7.70280457 -0.47671238 0.19868185
v 7.73289871 -0.48555651 0.15325771
v 7.68350697 -0.4634349 0.36565378
v 7.7331419 -0.47571763 0.37752622
v 7.75214672 -0.48055094 0.32720658
v 7.8181138 -0.50235754 0.12260672
v 7.75020456 -0.48702484 0.09918934
v 7.83506155 -0.5008983 0.07481114
v 7.68194866 -0.46717349 0.07363623
v 7.59414721 -0.446776 0.10314209
v 7.56055689 -0.44127193 0.14750069
v 7.51768827 -0.43057588 0.19083287
v 7.5210948 -0.4314774 0.12593375
v 7.51725674 -0.42841503 0.23972963
v 7.48286724 -0.42137709 0.23735206
v 7.46789789 -0.41536498 0.28057024
v 7.50696087 -0.42448667 0.2776694
v 7.49264717 -0.4172489 0.32435858
v 7.01217508 -0.09952765 0.73097539
v 7.01667547 -0.11875323 0.87253708
v 7.01656246 -0.08184933 0.87612587
v 6.98961926 -0.0888003 0.90333456
v 6.96484756 -0.18968174 0.81815147
v 7.01689816 -0.13890235 0.85499883
v 6.98969269 -0.12537356 0.80623192
v 6.95083761 -0.15265366 0.79590076
v 6.92044067 -0.20395279 0.81132752
v 6.90993738 -0.16658734 0.79782075
v 6.88130093 -0.1888403 0.8087635
v 6.90414524 -0.21526569 0.81521106
v 6.89348793 -0.17808114 0.83698988
v 6.91098261 -0.20918697 0.83039004
v 6.85778236 -0.15207723 0.80267662
v 6.91014004 -0.16188312 0.87025106
v 6.94762897 -0.13870768 0.89805847
v 7.02085018 -0.02875885 0.88357896
v 6.86111164 0.10168742 0.81758863
v 6.77245855 0.39726633 0.93256176
v 6.19650221 0.91055757 0.96299231
v 6.18829012 0.95740026 0.91644388
v 6.18005276 0.99872488 0.86559474
v 6.16839933 1.04997909 0.80597001
v 7.21496058 -0.36792284 0.1411619
v 7.20067549 -0.36493662 0.18725184
v 6.9750495 -0.22321779 0.48817441
v 5.93193626 0.92659545 0.9291476
v 5.93443584 0.96075761 0.86088955
v 6.09019804 1.10387218 0.56313497
v 7.05546951 -0.33057991 0.13118185
v 7.07714033 -0.33576381 0.17326505
v 7.09476089 -0.3405447 0.12727818
v 5.80209398 0.90943867 0.94607544
v 5.80212021 0.95046788 0.87060988
v 5.81624222 0.96522999 0.83187377
v 5.86504078 0.98650748 0.74089992
v 5.85881948 0.68415648 0.52484798
v 5.82579136 0.73145157 0.53998911
v 5.79203701 0.77506417 0.5571785
v 5.76575661 0.70115048 0.53332937
v 5.73127413 0.74979156 0.56254488
v 5.7468524 0.80778205 0.57908463
v 5.69005728 0.77276099 0.61051118
v 5.70916271 0.84966129 0.62366676
v 5.66680336 0.84679955 0.66579396
v 5.66426086 0.78543258 0.65135068
v 5.63291502 0.8136757 0.70269519
v 5.64521551 0.86529821 0.71733302
v 5.62505865 0.85517973 0.75949156
v 5.61398172 0.79829949 0.74954647
v 5.61244106 0.83032399 0.81255305
v 5.60042858 0.75829148 0.79794747
v 5.62245655 0.78194547 0.86433631
v 5.60592413 0.70874715 0.8738544
v 5.5947628 0.72964966 0.84012789
v 5.63884258 0.74012041 0.90239221
v 5.62567043 0.66795683 0.89577472
v 5.65793371 0.6956833 0.92447358
v 5.65263319 0.62225926 0.90469092
v 5.68270016 0.64686126 0.93727213
v 5.68243122 0.5861153 0.91233665
v 5.71300793 0.60159773 0.94431227
v 5.70998049 0.5467003 0.90656763
v 5.74471474 0.55838329 0.94469362
v 5.74438429 0.50688094 0.90648484
v 5.78038979 0.51925057 0.94366801
v 5.78363085 0.46394289 0.90601015
v 5.82125139 0.48527572 0.94197273
v 5.84155035 0.44094265 0.91763961
v 5.81893826 0.41623545 0.88411266
v 5.8896575 0.40128395 0.90099347
v 5.85953999 0.36529127 0.85441196
v 5.89842415 0.33144 0.8333416
v 5.92464256 0.35300517 0.8650986
v 5.92905807 0.30339086 0.81151211
v 5.9745369 0.31949437 0.83764887
v 5.97752142 0.27078244 0.7710464
v 6.03249693 0.2776517 0.80056453
v 6.03763676 0.22554688 0.7311092
v 6.07937336 0.2346819 0.76633918
v 6.1149497 0.19718492 0.72503823
v 6.08659267 0.18304962 0.68194473
v 6.16200399 0.16354364 0.67276216
v 6.11883354 0.15917194 0.646622
v 6.14378548 0.13372466 0.60618067
v 6.21774912 0.12333442 0.6280719
v 6.19435644 0.09003536 0.55620658
v 6.23494339 0.05388437 0.53871322
v 6.26487255 0.07383063 0.58101112
v 6.27326965 0.02448469 0.52671206
v 6.30365038 0.03777115 0.56437176
v 6.34305763 0.00821539 0.55060518
v 6.32200909 -0.01101993 0.47953215
v 6.39467049 -0.03379821 0.50077868
v 6.36220551 -0.03602145 0.44892231
v 6.39832163 -0.04971422 0.45101789
v 6.38192654 -0.05727704 0.39760268
v 6.4494977 -0.07482661 0.42387736
v 6.43838215 -0.08807536 0.35209733
v 6.50608015 -0.10480248 0.37836099
v 6.4954648 -0.1169083 0.31349486
v 6.49482393 -0.12530974 0.25225091
v 6.56366348 -0.14516081 0.28208324
v 6.55798244 -0.15241627 0.21661136
v 6.62805128 -0.17237748 0.24784923
v 6.62247372 -0.1771955 0.1915888
v 6.56431866 -0.15852085 0.16609707
v 5.8932004 0.57698488 0.44513485
v 5.89263821 0.641271 0.50292736
v 5.84477806 0.62217182 0.47889519
v 5.80609274 0.6615296 0.50567418
v 5.78295565 0.63134563 0.45587659
v 5.82575798 0.59361249 0.42812136
v 5.73079967 0.66921407 0.49285245
v 5.71924686 0.63851053 0.42838016
v 5.68105412 0.66120195 0.46374944
v 5.65383482 0.68621254 0.51564771
v 5.69900131 0.71215093 0.54414612
v 5.65494967 0.72022188 0.57882172
v 5.6142807 0.69952738 0.56639081
v 5.62742376 0.73842305 0.63693315
v 5.59126711 0.6944862 0.61684579
v 5.58688116 0.72521061 0.66786015
v 5.56550121 0.69075453 0.66593665
v 5.58258009 0.73152119 0.72667187
v 5.56585217 0.67764616 0.72158325
v 5.57610607 0.70844799 0.78473783
v 5.5716958 0.66570169 0.77862811
v 5.58733749 0.68045479 0.8319546
v 5.60576105 0.65533966 0.86012661
v 5.591506 0.6347779 0.80929971
v 5.62734413 0.613671 0.86228204
v 5.6202507 0.5883019 0.80919641
v 5.65126562 0.54026723 0.79306477
v 5.66223669 0.56478292 0.86403167
v 5.69735193 0.51750571 0.8550787
v 5.68568373 0.49941674 0.79101664
v 5.76397562 0.43490595 0.85559464
v 5.750072 0.41274741 0.79900599
v 5.71926117 0.45590279 0.79486173
v 5.73190165 0.47605544 0.85751951
v 5.79688644 0.39334467 0.84177554
v 5.78155708 0.3747128 0.79437095
v 5.82295847 0.35600999 0.81655878
v 5.81102705 0.33545589 0.76308072
v 5.85102701 0.29213923 0.72267348
v 5.87053204 0.31680396 0.79450434
v 5.91580629 0.27332038 0.75062692
v 5.89384604 0.25182486 0.67934954
v 5.96750927 0.23805377 0.70785028
v 5.94706345 0.21431528 0.63925803
v 6.01726675 0.19947818 0.66555291
v 5.99696732 0.17910208 0.59941846
v 6.07137251 0.16312282 0.62267578
v 6.05112171 0.14754073 0.56112564
v 6.098032 0.08592142 0.48701444
v 6.05041218 0.1241112 0.50712967
v 6.12053251 0.11029102 0.54078597
v 6.15729141 0.07090604 0.51067978
v 6.14022493 0.05304546 0.46855271
v 6.20474863 0.0402718 0.50072175
v 6.18747568 0.02245719 0.42635232
v 6.25414419 0.00855897 0.46025041
v 6.25262642 -0.00556708 0.40012833
v 6.21721601 0.00370278 0.38677138
v 6.24585676 -0.01448162 0.3456254
v 6.31407261 -0.03434473 0.37273034
v 6.2992692 -0.04148896 0.31013733
v 6.31292295 -0.05416276 0.24791779
v 6.37952232 -0.07781307 0.26588547
v 6.37585783 -0.07977438 0.21806931
v 6.23905182 -0.02874799 0.23204178
v 6.18630219 -0.01105811 0.20884439
v 6.18539524 -0.00683649 0.2552135
v 6.24068403 -0.0233957 0.28191796
v 6.17845249 0.0036198 0.31292138
v 6.12770176 0.01188804 0.25114578
v 6.1126442 0.02374966 0.30544403
v 6.13235331 0.02811479 0.36625949
v 6.06549644 0.0436334 0.33823404
v 6.07228279 0.05468373 0.39862621
v 6.00962925 0.08585098 0.41824356
v 6.07582903 0.06995477 0.4456073
v 6.00643158 0.07095756 0.37324819
v 6.03069592 0.10306992 0.46033907
v 5.96247721 0.11918826 0.43323055
v 5.9822855 0.14109859 0.48193377
v 5.91955853 0.15905161 0.45541051
v 5.92893267 0.17666569 0.50931442
v 5.98420525 0.16273195 0.53555876
v 5.92503548 0.19563921 0.56915706
v 5.87576246 0.2014066 0.50705594
v 5.87380266 0.21811432 0.55604166
v 5.88421154 0.22928691 0.60859466
v 5.83228493 0.24364017 0.54901135
v 5.84309483 0.26087755 0.624125
v 5.80324364 0.2827296 0.59289014
v 5.80546856 0.30346996 0.65847033
v 5.76455069 0.32347503 0.59012508
v 5.73062801 0.3724058 0.58943683
v 5.73598766 0.37959465 0.6441403
v 5.76442766 0.34516984 0.65687132
v 5.70409346 0.4088774 0.56971192
v 5.70813704 0.42296472 0.63597655
v 5.67163897 0.45358083 0.55869126
v 5.6762948 0.46665558 0.62689686
v 5.63971615 0.50922018 0.60758871
v 5.64572763 0.51199871 0.67499775
v 5.60530806 0.55195308 0.63431758
v 5.60348845 0.56546021 0.69996125
v 5.57824564 0.59302932 0.6403563
v 5.57158184 0.61096865 0.69979942
v 5.56477642 0.61770636 0.59372759
v 5.56280994 0.63826418 0.65933859
v 5.6041832 0.59513968 0.44541904
v 5.62679911 0.64353704 0.45975083
v 5.58462381 0.61349899 0.49266538
v 6.05855465 0.03089338 0.22433355
v 6.06532717 0.03510764 0.2813153
v 6.00138903 0.0601506 0.30803099
v 6.03175449 0.04430622 0.26745501
v 5.94792414 0.08064407 0.34534743
v 5.93539095 0.1007379 0.38833815
v 5.8791914 0.10305759 0.33257696
v 5.87554312 0.12565215 0.37613654
v 5.90393209 0.13311751 0.4107267
v 5.82943439 0.14704117 0.36406824
v 5.86001062 0.17302464 0.42367765
v 5.79794264 0.1947339 0.3900969
v 5.82114983 0.22360577 0.46790665
v 5.77204275 0.24247682 0.40731344
v 5.7858367 0.26461223 0.48836511
v 5.75174236 0.29968229 0.46756169
v 5.71480417 0.3370451 0.45243517
v 5.7292552 0.34746575 0.52270925
v 5.6492281 0.40965497 0.43234608
v 5.65786123 0.44223523 0.50129151
v 5.68828678 0.39433715 0.49743611
v 5.68344736 0.36872348 0.4363949
v 5.66615868 0.35604095 0.37656137
v 5.70050764 0.31738591 0.38435847
v 5.67622948 0.28988841 0.32159302
v 5.64363527 0.33114174 0.3167749
v 5.62958479 0.39372617 0.36705607
v 5.61493111 0.45666352 0.41458106
v 5.60185766 0.42756104 0.35727721
v 5.58712292 0.48601395 0.36738652
v 5.99709845 0.0555874 0.25406769
v 5.93425465 0.07732475 0.28295884
v 5.96367502 0.06450124 0.24033177
v 5.86620092 0.10240938 0.25380203
v 5.80981064 0.13224861 0.29760367
v 5.77290535 0.168285 0.32918334
v 5.73823214 0.21225414 0.33835632
v 5.70687342 0.25703293 0.33496946
v 5.73258018 0.27689224 0.38997868
v 5.76772118 0.15847461 0.28645968
v 5.59968185 0.54602814 0.43046513
v 5.60429525 0.50177521 0.42160371
v 5.59562778 0.56731701 0.47636914
v 5.60846949 0.52200985 0.47441477
v 5.63204098 0.47629347 0.48555702
v 5.60882235 0.53446907 0.53798693
v 5.63883448 0.49657309 0.55100906
v 5.6119833 0.53962195 0.5902521
v 5.58958054 0.57687128 0.53202361
v 5.58385134 0.57950807 0.58447003
v 5.76138163 0.30550316 0.52237821
v 5.78931999 0.28088817 0.54711193
v 5.59766626 0.66205692 0.51267219
v 5.57484198 0.66067487 0.56343192
v 5.56911755 0.61659354 0.54326296
v 5.56399345 0.65904105 0.61131591
v 5.55972862 0.63854104 0.70528281
v 5.56545305 0.63986069 0.74588734
v 5.58788729 0.6041351 0.75238377
v 5.61445141 0.57015014 0.75698531
v 5.64457893 0.52880818 0.73319823
v 5.68394375 0.48103365 0.72778064
v 5.68217564 0.46881562 0.67599815
v 5.71129465 0.43194857 0.68779689
v 5.7210145 0.43307728 0.73964655
v 5.73941851 0.38965842 0.6957702
v 5.74979544 0.39329872 0.74510241
v 5.7750659 0.34785572 0.7073971
v 5.77534437 0.36410007 0.75000447
v 5.80897331 0.31848913 0.71039081
v 5.84801388 0.27379638 0.66939342
v 6.12302303 0.0424705 0.42200837
v 6.18925238 0.00987305 0.37015322
v 6.44662094 -0.10933418 0.20138811
v 6.42907095 -0.10012932 0.24509026
v 6.43044758 -0.09613863 0.29013792
v 6.36833668 -0.06654824 0.32207215
v 6.32437325 -0.06306471 0.1916655
v 6.29231358 -0.01447732 0.42263398
v 6.3307929 -0.02931172 0.42443937
v 6.10253525 0.13587527 0.58179003
v 5.60373354 0.74406302 0.69273049
v 6.6591301 -0.19340293 0.1513024
v 6.5188489 -0.14201471 0.16610716
v 6.50102854 -0.13353452 0.20085251
v 6.56283569 -0.13326323 0.33855191
v 6.42399931 -0.05355659 0.46527839
v 6.45985413 -0.05997197 0.47917488
v 6.90040541 -0.27618015 0.17893086
v 6.82493591 -0.23189603 0.26288939
v 6.69683552 -0.16591983 0.39074603
v 6.59135246 -0.08937875 0.52740145
v 6.55702925 -0.0815611 0.51563579
v 8.34082699 0.31876376 0.85026079
v 8.34402275 0.32348794 0.85084999
v 8.34981537 0.33205101 0.85191804
v 8.35265064 0.33540601 0.8524338
v 8.33332253 0.30461073 0.8488515
v 8.33598709 0.30963558 0.84935188
v 8.33121681 0.29933998 0.84844518
v 8.33064365 0.29790705 0.84833467
v 8.35647583 0.33995047 0.85291028
v 8.36015511 0.34432229 0.85336858
v 8.36429119 0.34828678 0.85391951
v 8.36517906 0.3491382 0.85403782
v 8.31960011 0.24265622 0.84640872
v 8.31999111 0.23395599 0.84558326
v 8.32056808 0.25859758 0.84765911
v 8.32022572 0.25295037 0.84721613
v 8.32150555 0.26418313 0.84800422
v 8.32794762 0.29088518 0.84934884
v 8.32749844 0.28975096 0.84931904
v 8.32473278 0.27981666 0.84887624
v 8.32321167 0.27435535 0.84863281
v 8.62016296 0.20841013 0.902426
v 8.61976719 0.20664945 0.90228242
v 8.62300587 0.22387461 0.90362579
v 8.62235737 0.21818948 0.90322357
v 8.62303352 0.22411616 0.90364259
v 8.62416553 0.23406155 0.90433359
v 8.62422371 0.24401176 0.90490162
v 8.60936165 0.17810929 0.89947826
v 8.61118603 0.18203512 0.89990908
v 8.61369991 0.18744297 0.90050262
v 8.61885643 0.20259103 0.90194893
v 8.61693478 0.19694455 0.90140986
v 8.62423897 0.24978852 0.90496415
v 8.62422371 0.24406047 0.90490216
v 8.60968494 0.30582917 0.89937592
v 8.60717487 0.31124479 0.89853156
v 8.61236382 0.30004936 0.90027708
v 8.60082436 0.3218407 0.89683932
v 8.60198593 0.31990233 0.89714891
v 8.55764961 0.36596221 0.88743258
v 8.55788422 0.3657999 0.88749945
v 8.5494833 0.37112698 0.88526917
v 8.55273438 0.36935195 0.88603574
v 8.56602383 0.36014754 0.88901311
v 8.58518124 0.34220552 0.893399
v 8.58521748 0.34216696 0.89340812
v 8.57823372 0.34960854 0.89164937
v 8.57052994 0.35625759 0.88998616
v 8.47602081 0.39229244 0.87177485
v 8.47049332 0.39215758 0.87113744
v 8.48627472 0.39146137 0.87318945
v 8.50803185 0.3879967 0.87655675
v 8.50860977 0.38782388 0.87666357
v 8.50223732 0.38908619 0.87562412
v 8.49212933 0.39098674 0.87399727
v 8.51370525 0.38630241 0.87771738
v 8.52357197 0.38335589 0.87975824
v 8.53855133 0.37711716 0.88324815
v 8.53306198 0.37940347 0.88196921
v 8.54146862 0.37552735 0.88401091
v 8.41287708 0.38066724 0.86244649
v 8.40997791 0.37927237 0.86231625
v 8.42649174 0.38551545 0.86325181
v 8.42256165 0.38411587 0.86301935
v 8.43369865 0.38740915 0.86456156
v 8.42801857 0.38605464 0.86351019
v 8.44377708 0.38981235 0.86642694
v 8.45987129 0.39189914 0.86964685
v 8.45404911 0.39114422 0.86848193
v 8.46280766 0.39197004 0.87027699
v 8.46571732 0.39204141 0.8704527
v 8.46572781 0.39204168 0.87045425
v 8.53235245 0.1050767 0.87851524
v 8.53782749 0.10732662 0.87994689
v 8.54687691 0.11220609 0.88246322
v 8.55212116 0.11503373 0.88392138
v 8.55704689 0.11839878 0.88538277
v 8.56422138 0.12330031 0.88751125
v 8.56550503 0.1241834 0.8877725
v 8.57575321 0.1329506 0.89010412
v 8.57002735 0.12805235 0.88880146
v 8.43686199 0.0963848 0.85484749
v 8.442523 0.09501601 0.8561973
v 8.44817066 0.09426303 0.85761517
v 8.4267168 0.09883758 0.85242856
v 8.41670132 0.10240669 0.85017353
v 8.41688251 0.10234205 0.85021436
v 8.44831944 0.09424321 0.85764664
v 8.45863724 0.09286406 0.85983104
v 8.46903229 0.09257115 0.86216605
v 8.47489262 0.092406 0.86348253
v 8.47863579 0.09269222 0.86437142
v 8.41142845 0.10428514 0.84897941
v 8.41326046 0.10363271 0.84939349
v 8.4083252 0.10577574 0.84832186
v 8.32025337 0.22845715 0.84527165
v 8.32016182 0.23061287 0.84556139
v 8.33247757 0.18065454 0.84002465
v 8.3347826 0.17615637 0.83962512
v 8.32878971 0.19028382 0.84098166
v 8.32534409 0.20097581 0.84209716
v 8.32677937 0.19553457 0.8415035
v 8.32271385 0.21094516 0.84318489
v 8.32117176 0.22113708 0.84439039
v 8.32032776 0.22671174 0.84504974
v 8.347332 0.15488258 0.83749425
v 8.33973217 0.16647385 0.83859903
v 8.34538841 0.15784699 0.83777678
v 8.33717632 0.17147341 0.83912885
v 8.3484869 0.15315285 0.83761728
v 8.35211563 0.14881192 0.8381241
v 8.35877991 0.14084086 0.83905464
v 8.36287022 0.13689889 0.83972943
v 8.36725807 0.13266951 0.84045339
v 8.37961006 0.12249538 0.84257865
v 8.37858105 0.12329403 0.84239614
v 8.37035942 0.12967898 0.84093696
v 8.38308907 0.11979372 0.84319705
v 8.39195347 0.11431295 0.84493333
v 8.39683056 0.11129702 0.84588873
v 8.40202236 0.10880335 0.84698766
v 8.57776546 0.13467273 0.89055562
v 8.5847435 0.14204992 0.89232093
v 8.58883953 0.14638191 0.89335746
v 8.60286903 0.16619334 0.89761412
v 8.60170746 0.16428167 0.89722311
v 8.59860611 0.15917829 0.89617938
v 8.59498405 0.15443298 0.8951329
v 8.49694157 0.09470778 0.86897749
v 8.50715351 0.09657224 0.87161851
v 8.49654675 0.09463582 0.8688755
v 8.51708984 0.09948163 0.87433445
v 8.52278519 0.10114941 0.87589139
v 8.52315617 0.10130152 0.87599856
v 8.52828217 0.10340605 0.87740147
v 8.48075867 0.09285445 0.86489278
v 8.48478699 0.09316231 0.86588228
v 8.49112797 0.09364671 0.86745667
v 8.54376698 0.37426531 0.88437182
v 8.62423706 0.25002766 0.90494174
v 8.62312508 0.25997704 0.90401244
v 8.62246132 0.26590827 0.90345842
v 8.621171 0.27173489 0.90291494
v 8.61710358 0.28717604 0.90147549
v 8.61900425 0.28152165 0.9020021
v 8.61390591 0.29669091 0.90058935
v 8.5892458 0.33785427 0.8941595
v 8.59533119 0.32977894 0.89551896
v 8.59891891 0.32501796 0.8963204
v 8.6069355 0.17291707 0.89872366
v 8.32007313 0.23235357 0.84557277
v 8.37176418 0.3554382 0.85510272
v 8.38129139 0.3627834 0.85669243
v 8.37632275 0.35895231 0.85586327
v 8.39336205 0.37068856 0.85902405
v 8.3845253 0.36527255 0.85730386
v 8.40354443 0.37621054 0.86103207
v 8.39829826 0.37371394 0.85998493
v 6.91035652 0.24980067 0.8711862
v 6.92094088 0.24949893 0.87059146
v 6.9262929 0.24934636 0.87029076
v 6.90624762 0.25036108 0.87161285
v 6.92809153 0.24948667 0.87027431
v 6.93170357 0.24976394 0.87096673
v 6.94244146 0.25058809 0.873025
v 6.9478364 0.25157472 0.87429345
v 6.95843935 0.25351393 0.87678653
v 6.96201038 0.25455913 0.87778676
v 6.77659464 0.39953071 0.93306535
v 6.77674341 0.39413306 0.93121338
v 6.77659798 0.39957547 0.93308038
v 6.77706242 0.40509734 0.93535209
v 6.77764559 0.41202801 0.93820328
v 6.78558731 0.44661263 0.95158362
v 6.78535604 0.44581699 0.95141542
v 6.7877059 0.45179906 0.95264971
v 6.78258228 0.43664613 0.94787836
v 6.78094149 0.43122119 0.945786
v 6.77793217 0.41546774 0.93958408
v 6.77988434 0.42568588 0.94360685
v 7.07443333 0.37449571 0.92162389
v 7.07457685 0.37512019 0.9217267
v 7.07524014 0.3806954 0.92251295
v 7.0765624 0.40068671 0.92510951
v 7.07646418 0.39099133 0.92396504
v 7.0765686 0.40133739 0.92518085
v 7.07662153 0.40695643 0.9257971
v 7.07606649 0.41254905 0.92627913
v 7.07504511 0.42283466 0.92716569
v 7.07175875 0.43844604 0.92813641
v 7.07291746 0.43294254 0.92779422
v 7.07000971 0.44379437 0.92833453
v 7.06893396 0.44708392 0.92845637
v 7.06681728 0.45361349 0.92896634
v 7.06352043 0.46096718 0.92942393
v 7.06258488 0.46303204 0.92941368
v 7.06025982 0.46816531 0.92938817
v 7.05739403 0.47302142 0.9292534
v 7.04876041 0.48645931 0.92876375
v 7.05213261 0.48193696 0.92900598
v 7.04256248 0.49477205 0.92831832
v 7.04252958 0.49480754 0.92831534
v 6.99345541 0.53358501 0.92872739
v 6.99751759 0.53129965 0.92791903
v 6.99999332 0.52990681 0.92742634
v 7.00655317 0.52626383 0.92736459
v 7.01114941 0.52303082 0.9273693
v 7.02386713 0.51335728 0.92743349
v 7.01963472 0.51706183 0.92737794
v 7.02684593 0.51074946 0.92747265
v 6.94724369 0.54788339 0.93381155
v 6.95732546 0.54594731 0.93220133
v 6.96279287 0.5448975 0.93132812
v 6.96312141 0.54479706 0.93128222
v 6.94169855 0.54834151 0.93480349
v 6.93148851 0.54918492 0.93662989
v 6.92792606 0.54909515 0.93733454
v 6.96813869 0.54326785 0.93080229
v 6.97800589 0.54026049 0.92985839
v 6.99266434 0.53402555 0.92876786
v 6.98751354 0.53621632 0.92915106
v 6.85070562 0.52759582 0.94983178
v 6.84206104 0.52214068 0.95167536
v 6.83404255 0.51579189 0.95334792
v 6.85102844 0.52779955 0.94976294
v 6.82233047 0.50513142 0.95575052
v 6.82963514 0.51230234 0.95426726
v 6.81830835 0.50118315 0.95656723
v 6.81613398 0.49854049 0.956994
v 6.86255455 0.5341121 0.94613278
v 6.86039639 0.5330472 0.94679648
v 6.85541058 0.53058702 0.94832975
v 7.01228905 0.27798665 0.89286935
v 7.01690388 0.28112379 0.89455146
v 7.02117014 0.28473032 0.89623225
v 7.00707722 0.27444369 0.89096963
v 7.04052687 0.30331892 0.90425366
v 7.04378223 0.30752754 0.90579534
v 7.02931118 0.29161137 0.89943922
v 7.03664923 0.29927143 0.9025892
v 7.04698324 0.31167355 0.90722859
v 7.0488801 0.31413066 0.90807796
v 6.86959267 0.53754503 0.9451198
v 6.87069321 0.53794253 0.94496989
v 6.87924051 0.5410319 0.94370931
v 6.88450575 0.54293513 0.94293272
v 6.88994169 0.54426265 0.9421671
v 6.90966749 0.54799515 0.9394502
v 6.90545273 0.54743445 0.94001734
v 6.8999095 0.54669702 0.94076318
v 6.9212122 0.54892802 0.93785906
v 6.92204332 0.54894882 0.93774641
v 6.915627 0.54878819 0.93861592
v 7.03675699 0.50102341 0.92771763
v 7.03167534 0.50652492 0.92758262
v 7.03711462 0.50064003 0.92777622
v 7.03872204 0.4989087 0.92793626
v 7.05883074 0.3298516 0.91259766
v 7.0633049 0.3393046 0.91476977
v 7.06570482 0.34437621 0.9159351
v 7.05643654 0.32593697 0.91157746
v 7.07097387 0.35952294 0.91899198
v 7.0675478 0.34967446 0.91700441
v 7.07223701 0.36499134 0.91995323
v 7.05040836 0.31611392 0.90871823
v 7.05334091 0.32089263 0.91010922
v 6.80810261 0.48891029 0.95702547
v 6.80347061 0.48198316 0.95692968
v 6.81470156 0.49682286 0.9569996
v 6.80235863 0.48033917 0.95672566
v 6.79916811 0.47562242 0.95614028
v 6.79649305 0.47060442 0.95543498
v 6.79162264 0.46146986 0.95415115
v 6.78949308 0.45621136 0.95333475
v 6.97400188 0.25809193 0.8800658
v 6.9637208 0.25506309 0.87811184
v 6.98038149 0.26071909 0.88155109
v 6.98393345 0.2621693 0.88278824
v 6.98907566 0.26426876 0.88457936
v 6.99398136 0.26689646 0.88639015
v 7.00045443 0.27036339 0.88877934
v 7.00345182 0.27197492 0.88973224
v 6.87913418 0.25576597 0.87374657
v 6.88539886 0.25421041 0.87275565
v 6.88429546 0.25448447 0.87293023
v 6.87013578 0.25907078 0.87573427
v 6.89455032 0.25194895 0.87195617
v 6.90506268 0.25052196 0.8716476
v 6.83686066 0.27670616 0.88384914
v 6.84208059 0.27336848 0.88231993
v 6.83272028 0.28004503 0.88539225
v 6.82460928 0.28658578 0.88841522
v 6.81798077 0.29325739 0.89151901
v 6.85013914 0.26821491 0.87992883
v 6.85490561 0.26585558 0.87884325
v 6.86429453 0.26120827 0.87670493
v 6.84566259 0.27107781 0.88125712
v 6.86929607 0.25937819 0.87587386
v 6.78455496 0.34731317 0.91087407
v 6.7881279 0.33754486 0.90749723
v 6.79274464 0.32821473 0.90431821
v 6.78420115 0.34828094 0.91120863
v 6.79360867 0.32646868 0.9037233
v 6.79513454 0.32336709 0.9025389
v 6.80072117 0.31458825 0.89926195
v 6.80360985 0.31004938 0.89756775
v 6.81348991 0.29774225 0.89309567
v 6.8069706 0.30586332 0.89604664
v 6.81728029 0.29395714 0.891765
v 6.78271246 0.35242152 0.91301113
v 6.77900028 0.36782798 0.91972679
v 6.78143358 0.35772806 0.91532421
v 6.77766991 0.37812778 0.92422217
v 6.77696466 0.38359043 0.92660642
v 6.77684832 0.38913319 0.92902851
v 5.89260387 0.68426389 0.46667945
vn -0.13618 -0.30071 0.94394
vn -0.13618 -0.3007 0.94394
vn -0.13618 -0.3007 0.94394
vn -0.13618 -0.30071 0.94394
vn -0.13618 -0.30071 0.94394
vn -0.13618 -0.30071 0.94394
vn -0.13618 -0.30071 0.94394
vn -0.13618 -0.30071 0.94394
vn -0.13618 -0.30071 0.94394
vn -0.13618 -0.3007 0.94394
vn -0.13618 -0.3007 0.94394
vn -0.13618 -0.3007 0.94394
vn -0.13618 -0.3007 0.94394
vn -0.13618 -0.30071 0.94394
vn -0.13618 -0.30071 0.94394
vn -0.13618 -0.30071 0.94394
vn -0.13618 -0.30071 0.94394
vn -0.13618 -0.30071 0.94394
vn -0.13618 -0.30071 0.94394
vn -0.13618 -0.30071 0.94394
vn -0.13618 -0.30071 0.94394
vn -0.13618 -0.30071 0.94394
vn -0.13618 -0.30071 0.94394
vn -0.13618 -0.3007 0.94394
vn -0.13618 -0.30071 0.94394
vn -0.13618 -0.3007 0.94394
vn -0.13618 -0.3007 0.94394
vn -0.13618 -0.30071 0.94394
vn -0.13618 -0.30071 0.94394
vn -0.13618 -0.30071 0.94394
vn -0.13618 -0.3007 0.94394
vn -0.13618 -0.30071 0.94394
vn -0.13618 -0.3007 0.94394
vn -0.13618 -0.3007 0.94394
vn -0.13618 -0.30071 0.94394
vn -0.13618 -0.3007 0.94394
vn -0.13618 -0.3007 0.94394
vn -0.13618 -0.3007 0.94394
vn -0.13618 -0.30071 0.94394
vn -0.13618 -0.30071 0.94394
vn -0.13618 -0.30071 0.94394
vn -0.13618 -0.30071 0.94394
vn -0.13618 -0.3007 0.94394
vn -0.13618 -0.30071 0.94394
vn -0.13618 -0.30071 0.94394
vn -0.13618 -0.30071 0.94394
vn -0.13618 -0.30071 0.94394
vn -0.13618 -0.30071 0.94394
vn -0.13618 -0.30071 0.94394
vn -0.13618 -0.30071 0.94394
vn -0.13618 -0.30071 0.94394
vn -0.13618 -0.3007 0.94394
vn -0.13618 -0.30071 0.94394
vn -0.13618 -0.30071 0.94394
vn -0.13618 -0.30071 0.94394
vn -0.13618 -0.30071 0.94394
vn -0.13618 -0.30071 0.94394
vn -0.13618 -0.30071 0.94394
vn -0.13618 -0.30071 0.94394
vn -0.13618 -0.30071 0.94394
vn -0.13618 -0.30071 0.94394
vn -0.13618 -0.30071 0.94394
vn -0.13618 -0.30071 0.94394
vn -0.13618 -0.30071 0.94394
vn -0.13618 -0.30071 0.94394
vn -0.13618 -0.30071 0.94394
vn -0.13618 -0.30071 0.94394
vn -0.13618 -0.30071 0.94394
vn -0.13618 -0.30071 0.94394
vn -0.13618 -0.30071 0.94394
vn -0.13618 -0.30071 0.94394
vn -0.13618 -0.30071 0.94394
vn -0.13618 -0.30071 0.94394
vn -0.13618 -0.3007 0.94394
vn -0.13618 -0.30071 0.94394
vn -0.13618 -0.30071 0.94394
vn -0.13618 -0.30071 0.94394
vn -0.13618 -0.3007 0.94394
vn -0.13618 -0.3007 0.94394
vn -0.13618 -0.30071 0.94394
vn -0.13618 -0.30071 0.94394
vn -0.13618 -0.30071 0.94394
vn -0.13618 -0.30071 0.94394
vn -0.13618 -0.30071 0.94394
vn -0.13618 -0.30071 0.94394
vn -0.13618 -0.30071 0.94394
vn -0.13618 -0.30071 0.94394
vn -0.13618 -0.30071 0.94394
vn -0.13618 -0.30071 0.94394
vn -0.13618 -0.30071 0.94394
vn -0.13618 -0.30071 0.94394
vn -0.13618 -0.30071 0.94394
vn -0.13618 -0.30071 0.94394
vn -0.13618 -0.30071 0.94394
vn -0.13618 -0.30071 0.94394
vn -0.13618 -0.30071 0.94394
vn -0.13618 -0.30071 0.94394
vn -0.13618 -0.30071 0.94394
vn -0.13618 -0.30071 0.94394
vn -0.13618 -0.30071 0.94394
vn -0.13618 -0.30071 0.94394
vn -0.13618 -0.30071 0.94394
vn -0.13618 -0.30071 0.94394
vn -0.13618 -0.30071 0.94394
vn -0.13618 -0.3007 0.94394
vn 0.13618 0.3007 -0.94394
vn 0.13618 0.3007 -0.94394
vn 0.13618 0.3007 -0.94394
vn 0.13618 0.30071 -0.94394
vn 0.13618 0.30071 -0.94394
vn 0.13618 0.30071 -0.94394
vn 0.13618 0.30071 -0.94394
vn 0.13618 0.3007 -0.94394
vn 0.13618 0.3007 -0.94394
vn 0.13618 0.30071 -0.94394
vn 0.13618 0.30071 -0.94394
vn 0.13618 0.30071 -0.94394
vn 0.13618 0.30071 -0.94394
vn 0.13618 0.30071 -0.94394
vn 0.13618 0.30071 -0.94394
vn 0.13618 0.30071 -0.94394
vn 0.13618 0.30071 -0.94394
vn 0.13618 0.30071 -0.94394
vn 0.13618 0.30071 -0.94394
vn 0.13618 0.3007 -0.94394
vn 0.13618 0.3007 -0.94394
vn 0.13618 0.30071 -0.94394
vn 0.13618 0.30071 -0.94394
vn 0.13618 0.3007 -0.94394
vn 0.13618 0.3007 -0.94394
vn 0.13618 0.30071 -0.94394
vn 0.13618 0.30071 -0.94394
vn 0.13618 0.3007 -0.94394
vn 0.13618 0.3007 -0.94394
vn 0.13618 0.30071 -0.94394
vn 0.13618 0.30071 -0.94394
vn 0.13618 0.30071 -0.94394
vn 0.13618 0.30071 -0.94394
vn 0.13618 0.30071 -0.94394
vn 0.13618 0.3007 -0.94394
vn 0.13618 0.30071 -0.94394
vn 0.13618 0.3007 -0.94394
vn 0.13618 0.30071 -0.94394
vn 0.13618 0.3007 -0.94394
vn 0.13618 0.3007 -0.94394
vn 0.13618 0.30071 -0.94394
vn 0.13618 0.30071 -0.94394
vn 0.13618 0.3007 -0.94394
vn 0.13618 0.3007 -0.94394
vn 0.13618 0.30071 -0.94394
vn 0.13618 0.30071 -0.94394
vn 0.13618 0.30071 -0.94394
vn 0.13618 0.30071 -0.94394
vn 0.13618 0.30071 -0.94394
vn 0.13618 0.3007 -0.94394
vn 0.13618 0.3007 -0.94394
vn 0.13618 0.30071 -0.94394
vn 0.13618 0.30071 -0.94394
vn 0.13618 0.30071 -0.94394
vn 0.13618 0.3007 -0.94394
vn 0.13618 0.3007 -0.94394
vn 0.13618 0.30071 -0.94394
vn 0.13618 0.30071 -0.94394
vn 0.13618 0.30071 -0.94394
vn 0.13618 0.30071 -0.94394
vn 0.13618 0.3007 -0.94394
vn 0.13618 0.3007 -0.94394
vn 0.13618 0.3007 -0.94394
vn 0.13618 0.3007 -0.94394
vn 0.13618 0.30071 -0.94394
vn 0.13618 0.30071 -0.94394
vn 0.13618 0.3007 -0.94394
vn 0.13618 0.3007 -0.94394
vn 0.13618 0.30071 -0.94394
vn 0.13618 0.30071 -0.94394
vn 0.13618 0.30071 -0.94394
vn 0.13618 0.30071 -0.94394
vn 0.13618 0.3007 -0.94394
vn 0.13618 0.3007 -0.94394
vn 0.13618 0.30071 -0.94394
vn 0.13618 0.30071 -0.94394
vn 0.13618 0.30071 -0.94394
vn 0.13618 0.30071 -0.94394
vn 0.13618 0.30071 -0.94394
vn 0.13618 0.3007 -0.94394
vn 0.13618 0.3007 -0.94394
vn 0.13618 0.3007 -0.94394
vn 0.13618 0.3007 -0.94394
vn 0.13618 0.30071 -0.94394
vn 0.13618 0.30071 -0.94394
vn 0.13618 0.3007 -0.94394
vn 0.13618 0.3007 -0.94394
vn 0.13618 0.30071 -0.94394
vn 0.13618 0.30071 -0.94394
vn 0.13618 0.30071 -0.94394
vn 0.13618 0.30071 -0.94394
vn 0.13618 0.30071 -0.94394
vn 0.13618 0.30071 -0.94394
vn 0.13618 0.3007 -0.94394
vn 0.13618 0.3007 -0.94394
vn 0.13618 0.30071 -0.94394
vn 0.13618 0.30071 -0.94394
vn 0.13618 0.30071 -0.94394
vn 0.13618 0.30071 -0.94394
vn 0.13618 0.30071 -0.94394
vn 0.13618 0.30071 -0.94394
vn 0.13618 0.30071 -0.94394
vn 0.13618 0.30071 -0.94394
vn 0.13618 0.30071 -0.94394
vn 0.13618 0.30071 -0.94394
vn 0.13618 0.30071 -0.94394
vn 0.13618 0.3007 -0.94394
vn 0.13618 0.30071 -0.94394
vn 0.13618 0.30071 -0.94394
vn 0.13618 0.30071 -0.94394
vn 0.13618 0.30071 -0.94394
vn 0.13618 0.30071 -0.94394
vn 0.13618 0.30071 -0.94394
vn 0.13618 0.30071 -0.94394
vn 0.13618 0.30071 -0.94394
vn 0.13618 0.3007 -0.94394
vn 0.13618 0.30071 -0.94394
vn 0.13618 0.30071 -0.94394
vn 0.13618 0.30071 -0.94394
vn 0.13618 0.3007 -0.94394
vn 0.13618 0.3007 -0.94394
vn 0.13618 0.3007 -0.94394
vn 0.13618 0.30071 -0.94394
vn 0.13618 0.3007 -0.94394
vn 0.13618 0.3007 -0.94394
vn 0.13618 0.30071 -0.94394
vn 0.13618 0.30071 -0.94394
vn 0.13618 0.30071 -0.94394
vn 0.13618 0.30071 -0.94394
vn 0.13618 0.3007 -0.94394
vn 0.13618 0.30071 -0.94394
vn 0.13618 0.30071 -0.94394
vn 0.13618 0.30071 -0.94394
vn 0.13618 0.30071 -0.94394
vn 0.13618 0.30071 -0.94394
vn 0 -0.95282 -0.30353
vn 0 -0.95282 -0.30353
vn -0 -0.95282 -0.30353
vn -0 -0.95282 -0.30353
vn -0 -0.95282 -0.30353
vn -0 -0.95282 -0.30353
vn 0 -0.95282 -0.30353
vn -0 -0.95282 -0.30353
vn 0 -0.95282 -0.30353
vn -0 -0.95282 -0.30353
vn -0 -0.95282 -0.30353
vn -0 -0.95282 -0.30353
vn -0 -0.95282 -0.30353
vn -0 -0.95282 -0.30353
vn -0 -0.95282 -0.30353
vn 0 -0.95282 -0.30353
vn -0 -0.95282 -0.30353
vn -0 -0.95282 -0.30353
vn -0 -0.95282 -0.30353
vn 0 -0.95282 -0.30353
vn -0 -0.95282 -0.30353
vn -0 -0.95282 -0.30353
vn 0 -0.95282 -0.30353
vn -0 -0.95282 -0.30353
vn -0 -0.95282 -0.30353
vn 0 -0.95282 -0.30353
vn -0 -0.95282 -0.30353
vn 0 -0.95282 -0.30353
vn -0 -0.95282 -0.30353
vn -0 -0.95282 -0.30353
vn -0 -0.95282 -0.30353
vn -0 -0.95282 -0.30353
vn 0 -0.95282 -0.30353
vn 0 -0.95282 -0.30353
vn -0 -0.95282 -0.30353
vn -0 -0.95282 -0.30353
vn 0 -0.95282 -0.30353
vn 0 -0.95282 -0.30353
vn -0 -0.95282 -0.30353
vn 0 -0.95282 -0.30353
vn -0 -0.95282 -0.30353
vn -0 -0.95282 -0.30353
vn 0 -0.95282 -0.30353
vn 0 -0.95282 -0.30353
vn -0 -0.95282 -0.30353
vn -0 -0.95282 -0.30353
vn 0 -0.95282 -0.30353
vn 0 -0.95282 -0.30353
vn -0 -0.95282 -0.30353
vn -0 -0.95282 -0.30353
vn 0 -0.95282 -0.30353
vn -0 -0.95282 -0.30353
vn 0 -0.95282 -0.30353
vn 0 -0.95282 -0.30353
vn 0 -0.95282 -0.30353
vn -0 -0.95282 -0.30353
vn 0 -0.95282 -0.30353
vn 0 -0.95282 -0.30353
vn -0 -0.95282 -0.30353
vn -0 -0.95282 -0.30353
vn 0 -0.95282 -0.30353
vn -0 -0.95282 -0.30353
vn -0 -0.95282 -0.30353
vn 0 -0.95282 -0.30353
vn 0 -0.95282 -0.30353
vn -0 -0.95282 -0.30353
vn 0 -0.95282 -0.30353
vn 0.99628 -0.02614 0.08207
vn 0.99628 -0.02614 0.08207
vn 0.99628 -0.02614 0.08207
vn 0.99628 -0.02614 0.08207
vn 0.99628 -0.02614 0.08207
vn 0.99628 -0.02614 0.08207
vn 0.99628 -0.02614 0.08207
vn 0.99628 -0.02614 0.08207
vn 0.99628 -0.02614 0.08207
vn 0.99628 -0.02614 0.08207
vn 0.99628 -0.02614 0.08207
vn 0.99628 -0.02614 0.08207
vn 0.99628 -0.02614 0.08207
vn 0.99628 -0.02614 0.08207
vn 0.99628 -0.02614 0.08207
vn 0.99628 -0.02614 0.08207
vn 0.99628 -0.02614 0.08207
vn 0.99628 -0.02614 0.08207
vn 0.99628 -0.02614 0.08207
vn 0.99628 -0.02614 0.08207
vn 0.99628 -0.02614 0.08207
vn 0.99628 -0.02614 0.08207
vn 0.99628 -0.02614 0.08207
vn 0.99628 -0.02614 0.08207
vn 0.99628 -0.02614 0.08207
vn 0.99628 -0.02614 0.08207
vn 0.99628 -0.02614 0.08207
vn 0.99628 -0.02614 0.08207
vn 0.99628 -0.02614 0.08207
vn 0.99628 -0.02614 0.08207
vn 0.99628 -0.02614 0.08207
vn 0.99628 -0.02614 0.08207
vn 0.99628 -0.02614 0.08207
vn 0.99628 -0.02614 0.08207
vn 0.99628 -0.02614 0.08207
vn 0.99628 -0.02614 0.08207
vn 0.99628 -0.02614 0.08207
vn 0.99628 -0.02614 0.08207
vn 0.99628 -0.02614 0.08207
vn 0.99628 -0.02614 0.08207
vn 0.99628 -0.02614 0.08207
vn 0.99628 -0.02614 0.08207
vn 0.99628 -0.02614 0.08207
vn 0.99628 -0.02614 0.08207
vn 0.99628 -0.02614 0.08207
vn 0.99628 -0.02614 0.08207
vn 0.99628 -0.02614 0.08207
vn 0.99628 -0.02614 0.08207
vn 0.99628 -0.02614 0.08207
vn 0.99628 -0.02614 0.08207
vn 0.99628 -0.02614 0.08207
vn 0.99628 -0.02614 0.08207
vn 0.99628 -0.02614 0.08207
vn 0.99628 -0.02614 0.08207
vn 0.99628 -0.02614 0.08207
vn 0.99628 -0.02614 0.08207
vn 0.99628 -0.02614 0.08207
vn 0.99628 -0.02614 0.08207
vn 0.99628 -0.02614 0.08207
vn 0.99628 -0.02614 0.08207
vn 0.99628 -0.02614 0.08207
vn 0.99628 -0.02614 0.08207
vn 0.99628 -0.02614 0.08207
vn 0.99628 -0.02614 0.08207
vn 0.99628 -0.02614 0.08207
vn 0.99628 -0.02614 0.08207
vn 0.99628 -0.02614 0.08207
vn 0.99628 -0.02614 0.08207
vn 0.99628 -0.02614 0.08207
vn 0.99628 -0.02614 0.08207
vn 0.99628 -0.02614 0.08207
vn 0.99628 -0.02614 0.08207
vn 0.99628 -0.02614 0.08207
vn 0.99628 -0.02614 0.08207
vn 0.99628 -0.02614 0.08207
vn 0.99628 -0.02614 0.08207
vn 0.99628 -0.02614 0.08207
vn 0.99628 -0.02614 0.08207
vn 0.99628 -0.02614 0.08207
vn 0.99628 -0.02614 0.08207
vn 0.99628 -0.02614 0.08207
vn 0.99628 -0.02614 0.08207
vn 0.99628 -0.02614 0.08207
vn 0.99628 -0.02614 0.08207
vn 0.99628 -0.02614 0.08207
vn 0.99628 -0.02614 0.08207
vn 0.99628 -0.02614 0.08207
vn 0.99628 -0.02614 0.08207
vn 0.99628 -0.02614 0.08207
vn 0.99628 -0.02614 0.08207
vn 0.99628 -0.02614 0.08207
vn 0.99628 -0.02614 0.08207
vn 0.99628 -0.02614 0.08207
vn 0.99628 -0.02614 0.08207
vn 0.99628 -0.02614 0.08207
vn 0.99628 -0.02614 0.08207
vn 0 0.95282 0.30353
vn 0 0.95282 0.30353
vn 0 0.95282 0.30353
vn -0 0.95282 0.30353
vn 0 0.95282 0.30353
vn 0 0.95282 0.30353
vn -0 0.95282 0.30353
vn -0 0.95282 0.30353
vn 0 0.95282 0.30353
vn 0 0.95282 0.30353
vn 0 0.95282 0.30353
vn -0 0.95282 0.30353
vn 0 0.95282 0.30353
vn 0 0.95282 0.30353
vn -0 0.95282 0.30353
vn 0 0.95282 0.30353
vn 0 0.95282 0.30353
vn 0 0.95282 0.30353
vn 0 0.95282 0.30353
vn -0 0.95282 0.30353
vn -0 0.95282 0.30353
vn -0 0.95282 0.30353
vn 0 0.95282 0.30353
vn 0 0.95282 0.30353
vn 0 0.95282 0.30353
vn 0 0.95282 0.30353
vn 0 0.95282 0.30353
vn -0 0.95282 0.30353
vn 0 0.95282 0.30353
vn 0 0.95282 0.30353
vn 0 0.95282 0.30353
vn 0 0.95282 0.30353
vn -0 0.95282 0.30353
vn 0 0.95282 0.30353
vn 0 0.95282 0.30353
vn 0 0.95282 0.30353
vn -0 0.95282 0.30353
vn -0 0.95282 0.30353
vn -0 0.95282 0.30353
vn 0 0.95282 0.30353
vn 0 0.95282 0.30353
vn 0 0.95282 0.30353
vn 0 0.95282 0.30353
vn 0 0.95282 0.30353
vn 0 0.95282 0.30353
vn -0 0.95282 0.30353
vn 0 0.95282 0.30353
vn 0 0.95282 0.30353
vn 0 0.95282 0.30353
vn 0 0.95282 0.30353
vn -0 0.95282 0.30353
vn -0 0.95282 0.30353
vn 0 0.95282 0.30353
vn 0 0.95282 0.30353
vn -0 0.95282 0.30353
vn -0 0.95282 0.30353
vn 0 0.95282 0.30353
vn 0 0.95282 0.30353
vn -0 0.95282 0.30353
vn 0 0.95282 0.30353
vn 0 0.95282 0.30353
vn -0 0.95282 0.30353
vn 0 0.95282 0.30353
vn 0 0.95282 0.30353
vn -0 0.95282 0.30353
vn 0 0.95282 0.30353
vn -0 0.95282 0.30353
vn 0 0.95282 0.30353
vn 0 0.95282 0.30353
vn -0 0.95282 0.30353
vn -0 0.95282 0.30353
vn 0 0.95282 0.30353
vn -0 0.95282 0.30353
vn -0 0.95282 0.30353
vn 0 0.95282 0.30353
vn 0 0.95282 0.30353
vn 0 0.95282 0.30353
vn -0 0.95282 0.30353
vn 0 0.95282 0.30353
vn 0 0.95282 0.30353
vn -0 0.95282 0.30353
vn 0 0.95282 0.30353
vn 0 0.95282 0.30353
vn 0 0.95282 0.30353
vn 0 0.95282 0.30353
vn -0 0.95282 0.30353
vn 0 0.95282 0.30353
vn -0 0.95282 0.30353
vn 0 0.95282 0.30353
vn -0 0.95282 0.30353
vn 0 0.95282 0.30353
vn -0 0.95282 0.30353
vn 0 0.95282 0.30353
vn 0 0.95282 0.30353
vn 0 0.95282 0.30353
vn -0 0.95282 0.30353
vn 0 0.95282 0.30353
vn 0 0.95282 0.30353
vn -0 0.95282 0.30353
vn 0 0.95282 0.30353
vn -0 0.95282 0.30353
vn 0 0.95282 0.30353
vn -0 0.95282 0.30353
vn 0 0.95282 0.30353
vn 0 0.95282 0.30353
vn 0 0.95282 0.30353
vn -0 0.95282 0.30353
vn 0 0.95282 0.30353
vn -0 0.95282 0.30353
vn 0 0.95282 0.30353
vn 0 0.95282 0.30353
vn 0 0.95282 0.30353
vn 0 0.95282 0.30353
vn -0 0.95282 0.30353
vn 0 0.95282 0.30353
vn -0 0.95282 0.30353
vn 0 0.95282 0.30353
vn -0 0.95282 0.30353
vn -0 0.95282 0.30353
vn 0 0.95282 0.30353
vn 0 0.95282 0.30353
vn 0 0.95282 0.30353
vn -0 0.95282 0.30353
vn 0 0.95282 0.30353
vn 0 0.95282 0.30353
vn 0 0.95282 0.30353
vn 0 0.95282 0.30353
vn -0 0.95282 0.30353
vn -0 0.95282 0.30353
vn 0 0.95282 0.30353
vn 0 0.95282 0.30353
vn 0 0.95282 0.30353
vn -0 0.95282 0.30353
vn 0 0.95282 0.30353
vn 0 0.95282 0.30353
vn 0 0.95282 0.30353
vn 0 0.95282 0.30353
vn -0 0.95282 0.30353
vn -0 0.95282 0.30353
vn -0 0.95282 0.30353
vn -0 0.95282 0.30353
vn 0 0.95282 0.30353
vn -0 0.95282 0.30353
vn -0 0.95282 0.30353
vn 0 0.95282 0.30353
vn -0 0.95282 0.30353
vn -0 0.95282 0.30353
vn 0 0.95282 0.30353
vn 0 0.95282 0.30353
vn -0 0.95282 0.30353
vn -0 0.95282 0.30353
vn 0 0.95282 0.30353
vn -0 0.95282 0.30353
vn -0 0.95282 0.30353
vn 0 0.95282 0.30353
vn 0 0.95282 0.30353
vn 0 0.95282 0.30353
vn -0 0.95282 0.30353
vn 0 0.95282 0.30353
vn -0 0.95282 0.30353
vn -0 0.95282 0.30353
vn 0 0.95282 0.30353
vn -0 0.95282 0.30353
vn -0 0.95282 0.30353
vn 0 0.95282 0.30353
vn -0 0.95282 0.30353
vn -0 0.95282 0.30353
vn -0 0.95282 0.30353
vn -0.99628 0.02614 -0.08207
vn -0.99628 0.02614 -0.08207
vn -0.99628 0.02614 -0.08207
vn -0.99628 0.02614 -0.08207
vn -0.99628 0.02614 -0.08207
vn -0.99628 0.02614 -0.08207
vn -0.99628 0.02614 -0.08207
vn -0.99628 0.02614 -0.08207
vn -0.99628 0.02614 -0.08207
vn -0.99628 0.02614 -0.08207
vn -0.99628 0.02614 -0.08207
vn -0.99628 0.02614 -0.08207
vn -0.99628 0.02614 -0.08207
vn -0.99628 0.02614 -0.08207
vn -0.99628 0.02614 -0.08207
vn -0.99628 0.02614 -0.08207
vn -0.99628 0.02614 -0.08207
vn -0.99628 0.02614 -0.08207
vn -0.99628 0.02614 -0.08207
vn -0.99628 0.02614 -0.08207
vn -0.99628 0.02614 -0.08207
vn -0.99628 0.02614 -0.08207
vn -0.99628 0.02614 -0.08207
vn -0.99628 0.02614 -0.08207
vn -0.99628 0.02614 -0.08207
vn -0.99628 0.02614 -0.08207
vn -0.99628 0.02614 -0.08207
vn -0.99628 0.02614 -0.08207
vn -0.99628 0.02614 -0.08207
vn -0.99628 0.02614 -0.08207
vn -0.99628 0.02614 -0.08207
vn -0.99628 0.02614 -0.08207
vn -0.99628 0.02614 -0.08207
vn -0.99628 0.02614 -0.08207
vn -0.99628 0.02614 -0.08207
vn -0.99628 0.02614 -0.08207
vn -0.99628 0.02614 -0.08207
vn -0.99628 0.02614 -0.08207
vn -0.99628 0.02614 -0.08207
vn -0.99628 0.02614 -0.08207
vn -0.99628 0.02614 -0.08207
vn -0.99628 0.02614 -0.08207
vn -0.99628 0.02614 -0.08207
vn -0.99628 0.02614 -0.08207
vn -0.99628 0.02614 -0.08207
vn -0.99628 0.02614 -0.08207
vn -0.99628 0.02614 -0.08207
vn -0.99628 0.02614 -0.08207
vn -0.99628 0.02614 -0.08207
vn -0.99628 0.02614 -0.08207
vn -0.99628 0.02614 -0.08207
vn -0.99628 0.02614 -0.08207
vn -0.99628 0.02614 -0.08207
vn -0.99628 0.02614 -0.08207
vn -0.99628 0.02614 -0.08207
vn -0.99628 0.02614 -0.08207
vn -0.99628 0.02614 -0.08207
vn -0.99628 0.02614 -0.08207
vn -0.99628 0.02614 -0.08207
vn -0.99628 0.02614 -0.08207
vn -0.99628 0.02614 -0.08207
vn -0.99628 0.02614 -0.08207
vn -0.99628 0.02614 -0.08207
vn -0.99628 0.02614 -0.08207
vn -0.99628 0.02614 -0.08207
vn -0.99628 0.02614 -0.08207
vn -0.99628 0.02614 -0.08207
vn -0.99628 0.02614 -0.08207
vn -0.99628 0.02614 -0.08207
vn -0.99628 0.02614 -0.08207
vn -0.99628 0.02614 -0.08207
vn -0.99628 0.02614 -0.08207
vn -0.99628 0.02614 -0.08207
vn -0.99628 0.02614 -0.08207
vn -0.99628 0.02614 -0.08207
vn -0.99628 0.02614 -0.08207
vn -0.99628 0.02614 -0.08207
vn -0.99628 0.02614 -0.08207
vn -0.99628 0.02614 -0.08207
vn -0.99628 0.02614 -0.08207
vn -0.99628 0.02614 -0.08207
vn -0.99628 0.02614 -0.08207
vn -0.99628 0.02614 -0.08207
vn -0.99628 0.02614 -0.08207
vn -0.99628 0.02614 -0.08207
vn -0.99628 0.02614 -0.08207
vn -0.99628 0.02614 -0.08207
vn -0.99628 0.02614 -0.08207
vn -0.99628 0.02614 -0.08207
vn -0.99628 0.02614 -0.08207
vn -0.99628 0.02614 -0.08207
vn -0.99628 0.02614 -0.08207
vn -0.99628 0.02614 -0.08207
vn -0.99628 0.02614 -0.08207
vn -0.99628 0.02614 -0.08207
vn -0.99628 0.02614 -0.08207
vn -0.99628 0.02614 -0.08207
vn -0.99628 0.02614 -0.08207
vn -0.99628 0.02614 -0.08207
vn -0.99628 0.02614 -0.08207
vn -0.99628 0.02614 -0.08207
vn -0.99628 0.02614 -0.08207
vn -0.99628 0.02614 -0.08207
vn -0.99628 0.02614 -0.08207
vn -0.99628 0.02614 -0.08207
vn -0.99628 0.02614 -0.08207
vn -0.99628 0.02614 -0.08207
vn -0.99628 0.02614 -0.08207
vn -0.99628 0.02614 -0.08207
vn -0.99628 0.02614 -0.08207
vn -0.99628 0.02614 -0.08207
vn -0.99628 0.02614 -0.08207
vn -0.99628 0.02614 -0.08207
vn -0.99628 0.02614 -0.08207
vn -0.99628 0.02614 -0.08207
vn -0.99628 0.02614 -0.08207
vn -0.99628 0.02614 -0.08207
vn -0.99628 0.02614 -0.08207
vn -0.99628 0.02614 -0.08207
vn -0.99628 0.02614 -0.08207
vn -0.99628 0.02614 -0.08207
vn -0.99628 0.02614 -0.08207
vn -0.99628 0.02614 -0.08207
vn -0.99628 0.02614 -0.08207
vn -0.99628 0.02614 -0.08207
vn 0 -0.95282 -0.30353
vn -0 -0.95282 -0.30353
vn -0 -0.95282 -0.30354
vn -0 -0.95282 -0.30353
vn -0 -0.95282 -0.30353
vn 1E-05 -0.95282 -0.30355
vn -0 -0.95282 -0.30353
vn -0 -0.95282 -0.30353
vn -0 -0.95282 -0.30353
vn 0 -0.95282 -0.30353
vn 0 -0.95282 -0.30353
vn 0.03986 -0.9531 -0.30001
vn -0 -0.95282 -0.30353
vn -0 -0.95282 -0.30353
vn 0 -0.95282 -0.30353
vn -0 -0.95282 -0.30353
vn 0 -0.95282 -0.30353
vn 0 -0.95282 -0.30353
vn -0.00105 -0.95417 -0.29925
vn 7E-05 -0.95287 -0.30336
vn 0 -0.95282 -0.30353
vn 0 -0.95282 -0.30353
vn -0 -0.95282 -0.30353
vn -0 -0.95282 -0.30353
vn -0 -0.95282 -0.30353
vn 0 -0.95282 -0.30353
vn -0 -0.95282 -0.30354
vn -0 -0.95282 -0.30353
vn -0 -0.95282 -0.30353
vn 0 -0.95282 -0.30353
vn -0 -0.95282 -0.30353
vn -1E-05 -0.95282 -0.30353
vn -1E-05 -0.95282 -0.30353
vn -1E-05 -0.95282 -0.30353
vn -0 -0.95282 -0.30353
vn 0 -0.95282 -0.30353
vn -0 -0.95282 -0.30353
vn 0 -0.95282 -0.30353
vn -0 -0.95282 -0.30353
vn 0 -0.95282 -0.30353
vn -0 -0.95282 -0.30353
vn 0 -0.95282 -0.30353
vn 0 -0.95282 -0.30353
vn -1E-05 -0.95282 -0.30352
vn 0 -0.95282 -0.30353
vn -0 -0.95282 -0.30353
vn -1E-05 -0.95282 -0.30353
vn 0 -0.95282 -0.30353
vn -0 -0.95282 -0.30353
vn -0 -0.95282 -0.30353
vn 0 -0.95282 -0.30353
vn 0 -0.95282 -0.30353
vn -0 -0.95282 -0.30353
vn 0 -0.95282 -0.30353
vn 0 -0.95282 -0.30353
vn 0 -0.95282 -0.30353
vn -0 -0.95282 -0.30353
vn -0 -0.95282 -0.30353
vn -0 -0.95282 -0.30353
vn 0 -0.95282 -0.30353
vn -0 -0.95282 -0.30353
vn 0 -0.95282 -0.30353
vn -1E-05 -0.95282 -0.30355
vn 0 -0.95282 -0.30353
vn -0 -0.95282 -0.30354
vn 0 -0.95282 -0.30353
vn -2E-05 -0.95281 -0.30357
vn 0 -0.95282 -0.30353
vn 0 -0.95282 -0.30353
vn 1E-05 -0.95283 -0.30352
vn -0 -0.95282 -0.30353
vn -0 -0.95282 -0.30353
vn 0 -0.95282 -0.30353
vn 1E-05 -0.95283 -0.30351
vn 1E-05 -0.95279 -0.30364
vn 0 -0.95282 -0.30353
vn -0 -0.95282 -0.30353
vn 0 -0.95282 -0.30353
vn -0 -0.95282 -0.30353
vn -0 -0.95282 -0.30353
vn -0 -0.95282 -0.30353
vn 1E-05 -0.95282 -0.30353
vn -0 -0.95282 -0.30353
vn 0 -0.95282 -0.30353
vn 0 -0.95282 -0.30353
vn -0 -0.95282 -0.30353
vn -1E-05 -0.95282 -0.30354
vn 0 -0.95282 -0.30353
vn -0 -0.95282 -0.30353
vn -0 -0.95282 -0.30353
vn -0 -0.95282 -0.30354
vn -2E-05 -0.95278 -0.30367
vn 0 -0.95282 -0.30353
vn -0 -0.95282 -0.30353
vn 0 -0.95282 -0.30353
vn 0 -0.95282 -0.30353
vn -1E-05 -0.95282 -0.30354
vn 0 -0.95282 -0.30353
vn 0 -0.95282 -0.30353
vn -0 -0.95282 -0.30353
vn 0 -0.95282 -0.30353
vn 0 -0.95282 -0.30353
vn -0 -0.95282 -0.30353
vn 0 -0.95282 -0.30353
vn 0 -0.95282 -0.30353
vn 0 -0.95282 -0.30353
vn -0 -0.95282 -0.30353
vn -1E-05 -0.95282 -0.30353
vn 0 -0.95282 -0.30353
vn -0 -0.95282 -0.30353
vn 0 -0.95282 -0.30353
vn -1E-05 -0.95282 -0.30353
vn 0 -0.95282 -0.30353
vn 1E-05 -0.95282 -0.30353
vn 0 -0.95282 -0.30353
vn -0 -0.95282 -0.30353
vn 0 -0.95282 -0.30353
vn 0 -0.95282 -0.30353
vn -0 -0.95282 -0.30353
vn 0 -0.95282 -0.30353
vn -0 -0.95282 -0.30353
vn 3E-05 -0.95287 -0.30336
vn 0 -0.95282 -0.30353
vn 0 -0.95282 -0.30353
vn 0 -0.95282 -0.30353
vn -0 -0.95282 -0.30353
vn 0 -0.95282 -0.30353
vn 1E-05 -0.95282 -0.30354
vn -1E-05 -0.95282 -0.30353
vn 0 -0.95282 -0.30353
vn -1E-05 -0.95282 -0.30352
vn -0 -0.95282 -0.30353
vn -0 -0.95282 -0.30353
vn 0 -0.95282 -0.30353
vn -0.00022 -0.95301 -0.30294
vn -1E-05 -0.95281 -0.30357
vn -0 -0.95282 -0.30353
vn -0 -0.95282 -0.30353
vn -0 -0.95282 -0.30353
vn -0 -0.95282 -0.30353
vn -1E-05 -0.9528 -0.3036
vn -1E-05 -0.95283 -0.30349
vn -0 -0.95282 -0.30353
vn 0 -0.95282 -0.30353
vn -0 -0.95282 -0.30353
vn 0 -0.95282 -0.30354
vn 0 -0.95282 -0.30353
vn -0 -0.95282 -0.30353
vn 0 -0.95282 -0.30353
vn -0 -0.95282 -0.30353
vn -5E-05 -0.95289 -0.30331
vn 0.00074 -0.9517 -0.30703
vn 0 -0.95282 -0.30353
vn -0 -0.95282 -0.30354
vn 0 -0.95282 -0.30353
vn -0 -0.95282 -0.30354
vn -0 -0.95282 -0.30353
vn 1E-05 -0.95283 -0.30349
vn 0 -0.95282 -0.30353
vn -1E-05 -0.95282 -0.30353
vn 0 -0.95282 -0.30353
vn 0 -0.95282 -0.30353
vn -1E-05 -0.95282 -0.30353
vn 0 -0.95282 -0.30353
vn 1E-05 -0.95282 -0.30352
vn -0 -0.95282 -0.30353
vn -1E-05 -0.95281 -0.30356
vn 0 -0.95282 -0.30352
vn 0 -0.95282 -0.30354
vn 0 -0.95282 -0.30353
vn -1E-05 -0.95282 -0.30355
vn 1E-05 -0.95282 -0.30355
vn 0 -0.95282 -0.30353
vn -0 -0.95282 -0.30353
vn -0 -0.95282 -0.30353
vn -0 -0.95282 -0.30353
vn 0 -0.95282 -0.30353
vn -0 -0.95282 -0.30353
vn -0 -0.95282 -0.30353
vn 0 -0.95282 -0.30353
vn -0 -0.95282 -0.30353
vn -0 -0.95282 -0.30353
vn -0 -0.95282 -0.30353
vn -2E-05 -0.95278 -0.30367
vn -1E-05 -0.95281 -0.30357
vn -0 -0.95282 -0.30353
vn 0 -0.95282 -0.30353
vn 0 -0.95282 -0.30353
vn 0 -0.95282 -0.30353
vn 0 -0.95282 -0.30353
vn 0 -0.95282 -0.30353
vn 0 -0.95282 -0.30353
vn 0 -0.95282 -0.30353
vn -0 -0.95282 -0.30353
vn -0 -0.95282 -0.30353
vn 1E-05 -0.95282 -0.30355
vn 0 -0.95282 -0.30353
vn 0 -0.95282 -0.30353
vn 0 -0.95282 -0.30353
vn 0 -0.95282 -0.30353
vn 2E-05 -0.95279 -0.30364
vn 0 -0.95282 -0.30353
vn 0 -0.95282 -0.30353
vn 2E-05 -0.95282 -0.30354
vn 0 -0.95282 -0.30353
vn 1E-05 -0.95282 -0.30354
vn -0 -0.95282 -0.30353
vn 0 -0.95282 -0.30353
vn -0 -0.95282 -0.30353
vn 0 -0.95282 -0.30353
vn 0 -0.95282 -0.30353
vn 0 -0.95282 -0.30353
vn 0 -0.95282 -0.30353
vn 0 -0.95282 -0.30354
vn 0 -0.95282 -0.30353
vn 0 -0.95282 -0.30352
vn -0 -0.95282 -0.30354
vn 0 -0.95282 -0.30353
vn 0 -0.95282 -0.30353
vn -0 -0.95282 -0.30354
vn 1E-05 -0.95284 -0.30349
vn 0 -0.95282 -0.30353
vn -0 -0.95282 -0.30355
vn -0 -0.95282 -0.30354
vn 0 -0.95282 -0.30353
vn 0 -0.95282 -0.30353
vn -0 -0.95282 -0.30353
vn -0 -0.95282 -0.30354
vn 0 -0.95282 -0.30353
vn 0 -0.95282 -0.30353
vn -0 -0.95282 -0.30354
vn 0 -0.95282 -0.30354
vn 2E-05 -0.95282 -0.30355
vn -0 -0.95282 -0.30353
vn -7E-05 -0.95284 -0.30349
vn -1E-05 -0.95282 -0.30352
vn 0 -0.95282 -0.30354
vn -0 -0.95282 -0.30353
vn 0 -0.95282 -0.30353
vn 0 -0.95282 -0.30353
vn -0 -0.95282 -0.30353
vn -0 -0.95282 -0.30353
vn -0 -0.95282 -0.30353
vn 0 -0.95282 -0.30353
vn -0 -0.95282 -0.30353
vn 0 -0.95282 -0.30353
vn 0 -0.95282 -0.30353
vn 0 -0.95282 -0.30353
vn -0 -0.95282 -0.30353
vn -0 -0.95282 -0.30353
vn 0 -0.95282 -0.30353
vn -0 -0.95282 -0.30354
vn -0 -0.95282 -0.30353
vn -0 -0.95282 -0.30353
vn 0 -0.95282 -0.30353
vn 0 -0.95282 -0.30353
vn 0 -0.95282 -0.30353
vn -0 -0.95282 -0.30353
vn -0 -0.95282 -0.30353
vn -0 -0.95282 -0.30354
vn -0 -0.95282 -0.30353
vn -1E-05 -0.95282 -0.30353
vn 0 -0.95282 -0.30353
vn 0 -0.95282 -0.30353
vn -0 -0.95282 -0.30353
vn -0 -0.95282 -0.30353
vn -0 -0.95282 -0.30353
vn 0 -0.95282 -0.30353
vn -0 -0.95284 -0.30348
vn 0 -0.95282 -0.30353
vn -0 -0.95282 -0.30353
vn -0 -0.95282 -0.30354
vn 0 -0.95282 -0.30353
vn 0 -0.95282 -0.30353
vn -0 -0.95282 -0.30353
vn 0 -0.95282 -0.30353
vn -0 -0.95282 -0.30353
vn 0 -0.95282 -0.30353
vn -0 -0.95282 -0.30353
vn -0 -0.95282 -0.30353
vn 0 -0.95282 -0.30353
vn -0 -0.95282 -0.30353
vn 0 -0.95282 -0.30353
vn 0 -0.95282 -0.30353
vn -0 -0.95282 -0.30353
vn 0 -0.95282 -0.30353
vn 0 -0.95282 -0.30353
vn 0 -0.95282 -0.30353
vn -0 -0.95282 -0.30353
vn 0 -0.95282 -0.30353
vn -0 -0.95282 -0.30353
vn 0 -0.95282 -0.30353
vn 0 -0.95282 -0.30353
vn -0 -0.95282 -0.30354
vn -0 -0.95282 -0.30353
vn -0 -0.95282 -0.30353
vn 0 -0.95282 -0.30353
vn 0 -0.95282 -0.30353
vn 0 -0.95282 -0.30353
vn -0 -0.95282 -0.30353
vn 0 -0.95282 -0.30353
vn -0 -0.95282 -0.30353
vn -1E-05 -0.95282 -0.30353
vn 0 -0.9528 -0.30359
vn 0 -0.95282 -0.30353
vn 0 -0.95282 -0.30353
vn -0 -0.95282 -0.30353
vn -0 -0.95282 -0.30353
vn -0 -0.95282 -0.30353
vn -0 -0.95282 -0.30353
vn -0 -0.95282 -0.30353
vn 0 -0.95282 -0.30353
vn -0 -0.95282 -0.30353
vn 0 -0.95282 -0.30353
vn 0 -0.95282 -0.30353
vn 0 -0.95282 -0.30353
vn -0 -0.95282 -0.30353
vn 0 -0.95282 -0.30353
vn -0 -0.95282 -0.30353
vn 0 -0.95282 -0.30353
vn 0 -0.95282 -0.30353
vn 0 -0.95282 -0.30353
vn -0 -0.95282 -0.30354
vn -0 -0.95282 -0.30354
vn -0 -0.95282 -0.30353
vn 0 -0.95282 -0.30353
vn -0 -0.95282 -0.30354
vn 0 -0.95282 -0.30353
vn 0 -0.95282 -0.30353
vn -0 -0.95282 -0.30353
vn -0 -0.95282 -0.30353
vn -0 -0.95282 -0.30353
vn 0 -0.95282 -0.30353
vn 1E-05 -0.95282 -0.30353
vn 1E-05 -0.95282 -0.30353
vn -0 -0.95282 -0.30353
vn -0 -0.95282 -0.30353
vn 0 -0.95282 -0.30353
vn -0 -0.95282 -0.30353
vn 0 -0.95282 -0.30353
vn 0 -0.95282 -0.30353
vn -0 -0.95282 -0.30353
vn 0 -0.95282 -0.30354
vn 0 -0.95282 -0.30353
vn -0 -0.95278 -0.30366
vn -0 -0.95282 -0.30353
vn 0 -0.95282 -0.30354
vn -0 -0.95282 -0.30353
vn 0 -0.95283 -0.30352
vn -0 -0.95282 -0.30353
vn 0 -0.95282 -0.30354
vn -0 -0.95282 -0.30355
vn 0 -0.95282 -0.30353
vn -0 -0.95282 -0.30354
vn 0.99628 -0.02615 0.08207
vn 0.99628 -0.02614 0.08208
vn 0.99628 -0.02614 0.08207
vn 0.99641 -0.02584 0.08067
vn 0.99628 -0.02613 0.08207
vn 0.99628 -0.02617 0.08214
vn 0.99628 -0.02616 0.08213
vn 0.99628 -0.02608 0.08208
vn 0.9963 -0.02627 0.08186
vn 0.99627 -0.02617 0.0822
vn 0.99628 -0.02617 0.0821
vn 0.99628 -0.02614 0.08207
vn 0.99628 -0.02617 0.08211
vn 0.99628 -0.02612 0.08208
vn 0.99628 -0.02613 0.08208
vn 0.99628 -0.02615 0.08209
vn 0.99628 -0.02614 0.08207
vn 0.99628 -0.02616 0.08209
vn 0.99628 -0.02614 0.08206
vn 0.99628 -0.02613 0.08207
vn 0.99628 -0.02616 0.08209
vn 0.99628 -0.02615 0.08209
vn 0.99628 -0.02612 0.08207
vn 0.99628 -0.02626 0.08202
vn 0.99628 -0.02615 0.08208
vn 0.99628 -0.02613 0.0821
vn 0.99628 -0.02615 0.08207
vn 0.99628 -0.02615 0.08207
vn 0.99628 -0.02618 0.08206
vn 0.99628 -0.02613 0.08207
vn 0.99628 -0.02616 0.08208
vn 0.99628 -0.02615 0.08207
vn 0.99628 -0.02618 0.08209
vn 0.99628 -0.02614 0.08207
vn 0.99628 -0.02612 0.08206
vn 0.99628 -0.02614 0.08207
vn 0.99628 -0.02615 0.08207
vn 0.99628 -0.02612 0.08213
vn 0.9963 -0.0261 0.08192
vn 0.99628 -0.02614 0.08207
vn 0.99628 -0.02615 0.08207
vn 0.99628 -0.02614 0.08206
vn 0.99628 -0.02614 0.08207
vn 0.99629 -0.02614 0.08205
vn 0.99629 -0.02602 0.08205
vn 0.99628 -0.02614 0.08206
vn 0.99628 -0.02615 0.08208
vn 0.99628 -0.02631 0.08209
vn 0.99628 -0.02611 0.0821
vn 0.99628 -0.02611 0.0821
vn 0.99628 -0.02615 0.08206
vn 0.99628 -0.02614 0.08207
vn 0.99628 -0.02624 0.08208
vn 0.99628 -0.02616 0.08205
vn 0.99628 -0.02615 0.08207
vn 0.99628 -0.02612 0.08212
vn 0.99628 -0.02614 0.08206
vn 0.99628 -0.02617 0.08216
vn 0.99628 -0.02614 0.08207
vn 0.99628 -0.02615 0.08206
vn 0.99628 -0.02614 0.08207
vn 0.99628 -0.0262 0.08209
vn 0.99628 -0.02613 0.08206
vn 0.99628 -0.02613 0.08209
vn 0.99628 -0.02614 0.08208
vn 0.99628 -0.02614 0.08207
vn 0.9963 -0.0261 0.08192
vn 0.99628 -0.02615 0.08206
vn 0.99629 -0.02611 0.08196
vn 0.99628 -0.02615 0.08209
vn 0.99628 -0.02614 0.08207
vn 0.99628 -0.02616 0.08208
vn 0.99628 -0.02614 0.08207
vn 0.99628 -0.02616 0.08205
vn 0.99628 -0.02615 0.08209
vn 0.99628 -0.02613 0.08208
vn 0.99628 -0.02614 0.08208
vn 0.99629 -0.02624 0.08196
vn 0.99628 -0.02614 0.08208
vn 0.99628 -0.02615 0.08208
vn 0.99629 -0.02616 0.08203
vn 0.99628 -0.02615 0.08207
vn 0.99628 -0.02617 0.08215
vn 0.99628 -0.02613 0.08206
vn 0.99628 -0.02614 0.08207
vn 0.99629 -0.02612 0.08206
vn 0.99628 -0.02616 0.08209
vn 0.99628 -0.02607 0.0821
vn 0.99631 -0.02605 0.08177
vn 0.99628 -0.02619 0.08212
vn 0.99629 -0.02611 0.08196
vn 0.99627 -0.02611 0.08219
vn 0.99628 -0.02614 0.08208
vn 0.99629 -0.02614 0.08203
vn 0.99627 -0.02622 0.08216
vn 0.99628 -0.02615 0.0821
vn 0.9963 -0.0261 0.08193
vn 0.99628 -0.02615 0.08212
vn 0.99628 -0.02615 0.08207
vn 0.99628 -0.02616 0.08207
vn 0.99628 -0.02627 0.08209
vn 0.99629 -0.02603 0.08203
vn 0.99628 -0.02615 0.08205
vn 0.99628 -0.02615 0.08208
vn 0.99628 -0.02613 0.08209
vn 0.99628 -0.02614 0.08207
vn 0.99628 -0.02615 0.08207
vn 0.99628 -0.02614 0.08207
vn 0.99638 -0.02463 0.08139
vn 0.99628 -0.02614 0.08207
vn 0.99628 -0.02612 0.08211
vn 0.99629 -0.02617 0.08202
vn 0.99627 -0.02619 0.08222
vn 0.99629 -0.02612 0.08204
vn 0.99628 -0.02616 0.08206
vn 0.99628 -0.02615 0.08207
vn 0.99628 -0.02614 0.08208
vn 0.99628 -0.02614 0.08207
vn 0.99628 -0.02614 0.08207
vn 0.99628 -0.02615 0.08207
vn 0.99629 -0.0259 0.0821
vn 0.99628 -0.02617 0.08207
vn 0.99629 -0.02607 0.08206
vn 0 0.95282 0.30352
vn -0 0.95281 0.30356
vn 0 0.95283 0.30351
vn 0 0.95282 0.30352
vn -0 0.95282 0.30355
vn 0 0.95282 0.30353
vn 0 0.95283 0.30352
vn -0 0.95281 0.30356
vn -0 0.95283 0.30351
vn 0 0.95281 0.30356
vn -0 0.95282 0.30353
vn -0 0.95282 0.30354
vn -0 0.95282 0.30355
vn -0 0.95283 0.30352
vn -0 0.95282 0.30353
vn -0 0.95282 0.30353
vn 0 0.95282 0.30354
vn 0 0.95282 0.30354
vn 0 0.95281 0.30355
vn 0 0.95282 0.30354
vn -0 0.95283 0.30352
vn -0 0.95282 0.30352
vn 0 0.95281 0.30356
vn 0 0.95282 0.30354
vn 1E-05 0.95281 0.30357
vn 0 0.95282 0.30354
vn -2E-05 0.95286 0.30341
vn -1E-05 0.95285 0.30345
vn -0 0.95282 0.30353
vn -2E-05 0.95283 0.30351
vn 3E-05 0.95281 0.30356
vn 3E-05 0.95281 0.30356
vn -1E-05 0.95282 0.30352
vn 2E-05 0.95281 0.30355
vn -1E-05 0.95282 0.30353
vn 1E-05 0.95282 0.30354
vn -1E-05 0.95282 0.30353
vn -1E-05 0.95282 0.30353
vn -0.0002 0.95287 0.30339
vn -0 0.95282 0.30353
vn 1E-05 0.95282 0.30355
vn -4E-05 0.95283 0.3035
vn -1E-05 0.95282 0.30352
vn 1E-05 0.95282 0.30354
vn 2E-05 0.95282 0.30354
vn 1E-05 0.95282 0.30354
vn -2E-05 0.95282 0.30352
vn 2E-05 0.95282 0.30354
vn -2E-05 0.95283 0.30352
vn -0 0.95282 0.30353
vn 1E-05 0.95282 0.30353
vn -1E-05 0.95282 0.30353
vn -1E-05 0.95282 0.30353
vn 0.00049 0.95278 0.30366
vn 0 0.95282 0.30353
vn -0 0.95282 0.30353
vn 3E-05 0.95281 0.30355
vn 0 0.95282 0.30353
vn -2E-05 0.95282 0.30353
vn 1E-05 0.95282 0.30353
vn -1E-05 0.95282 0.30353
vn -1E-05 0.95282 0.30353
vn 2E-05 0.95282 0.30353
vn -6E-05 0.95282 0.30354
vn 0.00055 0.95283 0.3035
vn 0 0.95282 0.30353
vn -4E-05 0.95282 0.30354
vn -1E-05 0.95282 0.30354
vn 2E-05 0.95282 0.30353
vn 2E-05 0.95282 0.30353
vn 1E-05 0.95282 0.30353
vn -0 0.95282 0.30353
vn 1E-05 0.95282 0.30353
vn 1E-05 0.95282 0.30353
vn -9E-05 0.95281 0.30356
vn 1E-05 0.95282 0.30353
vn -3E-05 0.95282 0.30354
vn -1E-05 0.95282 0.30354
vn -0 0.95282 0.30353
vn -0 0.95282 0.30353
vn 2E-05 0.95282 0.30352
vn 2E-05 0.95282 0.30353
vn -0 0.95283 0.30352
vn -1E-05 0.95283 0.30352
vn 0 0.95282 0.30354
vn 0 0.95282 0.30355
vn 1E-05 0.95281 0.30356
vn 0 0.95282 0.30354
vn -0 0.95282 0.30353
vn -0 0.95282 0.30353
vn -0 0.95282 0.30353
vn 0 0.95282 0.30354
vn -0 0.95282 0.30354
vn 0 0.95282 0.30354
vn 1E-05 0.95281 0.30357
vn 1E-05 0.95282 0.30355
vn -1E-05 0.95283 0.30352
vn 0 0.95282 0.30353
vn 0 0.95283 0.30352
vn -0 0.95282 0.30355
vn -0 0.95282 0.30354
vn -0 0.95282 0.30354
vn -1E-05 0.9528 0.3036
vn -0 0.95282 0.30353
vn 0 0.95283 0.30352
vn 1E-05 0.95283 0.30351
vn 2E-05 0.95284 0.30349
vn -2E-05 0.95281 0.30358
vn -0 0.95282 0.30354
vn 1E-05 0.95282 0.30352
vn -0 0.95282 0.30354
vn 2E-05 0.95284 0.30348
vn -1E-05 0.95281 0.30355
vn 0 0.95282 0.30353
vn 1E-05 0.95282 0.30352
vn 0 0.95282 0.30353
vn -1E-05 0.95282 0.30355
vn -0 0.95282 0.30354
vn 1E-05 0.95283 0.30351
vn -1E-05 0.95282 0.30355
vn 0 0.95282 0.30353
vn 0 0.95282 0.30353
vn 0 0.95282 0.30353
vn -0 0.95284 0.30349
vn 0 0.95281 0.30356
vn 0 0.95281 0.30358
vn 0 0.95281 0.30356
vn -0 0.95283 0.30351
vn 0 0.95281 0.30356
vn -0 0.95283 0.30352
vn -0 0.95283 0.30351
vn 0 0.95281 0.30357
vn -1E-05 0.95283 0.3035
vn 0 0.95281 0.30355
vn -0 0.95282 0.30353
vn -0 0.95282 0.30353
vn -1E-05 0.95283 0.30352
vn -0 0.95282 0.30352
vn 1E-05 0.95281 0.30356
vn -1E-05 0.95283 0.3035
vn 0 0.95282 0.30354
vn -0 0.95282 0.30353
vn 2E-05 0.95282 0.30353
vn -1E-05 0.95282 0.30354
vn 1E-05 0.95282 0.30353
vn -1E-05 0.95282 0.30354
vn 0 0.95282 0.30353
vn -0 0.95282 0.30354
vn 1E-05 0.95282 0.30353
vn -0 0.95282 0.30353
vn -1E-05 0.95283 0.30351
vn -0 0.95282 0.30353
vn -1E-05 0.95283 0.30352
vn 0 0.95282 0.30354
vn 0 0.95282 0.30354
vn -0 0.95282 0.30353
vn 3E-05 0.95281 0.30358
vn -1E-05 0.95282 0.30354
vn 0 0.95282 0.30353
vn -0 0.95282 0.30353
vn 0 0.95282 0.30353
vn -1E-05 0.95283 0.30352
vn -2E-05 0.95281 0.30355
vn 1E-05 0.95281 0.30356
vn 1E-05 0.95283 0.30352
vn -0 0.95282 0.30353
vn 1E-05 0.95282 0.30353
vn -0 0.95282 0.30354
vn 0 0.95282 0.30353
vn -0 0.95282 0.30354
vn 0 0.95282 0.30353
vn 0 0.95282 0.30353
vn -0 0.95282 0.30353
vn 0 0.95282 0.30353
vn -0 0.95282 0.30353
vn -0 0.95282 0.30353
vn 0 0.95282 0.30354
vn 0 0.95282 0.30354
vn 1E-05 0.95281 0.30357
vn -0 0.95282 0.30353
vn -1E-05 0.95283 0.30351
vn -0 0.95283 0.30352
vn 0 0.95283 0.30349
vn -0 0.95283 0.30351
vn 1E-05 0.95282 0.30354
vn -0 0.95282 0.30355
vn -1E-05 0.95282 0.30352
vn 2E-05 0.95281 0.30357
vn 1E-05 0.95281 0.30356
vn -0 0.95282 0.30353
vn 0 0.95282 0.30354
vn 1E-05 0.95282 0.30355
vn -2E-05 0.95283 0.30352
vn 0 0.95282 0.30353
vn 0 0.95282 0.30354
vn 0 0.95282 0.30354
vn 1E-05 0.95282 0.30354
vn -0 0.95282 0.30353
vn -1E-05 0.95282 0.30352
vn 1E-05 0.95282 0.30354
vn 1E-05 0.95284 0.30346
vn -0 0.95282 0.30354
vn 0 0.95283 0.30352
vn -0 0.95282 0.30353
vn 0 0.95283 0.3035
vn 0 0.95282 0.30353
vn -1E-05 0.95282 0.30355
vn -0 0.95282 0.30354
vn 0 0.95282 0.30353
vn 1E-05 0.95282 0.30352
vn -1E-05 0.95282 0.30355
vn 0 0.95282 0.30353
vn -0 0.95282 0.30353
vn -0 0.95282 0.30353
vn 1E-05 0.95282 0.30354
vn -1E-05 0.95282 0.30352
vn -0 0.95282 0.30353
vn 1E-05 0.95282 0.30354
vn 1E-05 0.95282 0.30354
vn -0 0.95282 0.30354
vn 1E-05 0.95282 0.30352
vn -3E-05 0.95282 0.30355
vn 1E-05 0.95282 0.30352
vn -0 0.95282 0.30354
vn 1E-05 0.95282 0.30353
vn -0 0.95282 0.30353
vn 0 0.95282 0.30353
vn 0 0.95282 0.30353
vn 0 0.95282 0.30353
vn -3E-05 0.95277 0.30369
vn -0 0.95282 0.30354
vn 0.00012 0.95295 0.30313
vn -0 0.95282 0.30354
vn -0 0.95282 0.30354
vn 0 0.95282 0.30353
vn 0 0.95282 0.30353
vn -0 0.95282 0.30353
vn -4E-05 0.95278 0.30366
vn 0 0.95282 0.30353
vn -1E-05 0.95282 0.30355
vn 1E-05 0.95283 0.30352
vn 0 0.95282 0.30354
vn -0 0.95282 0.30353
vn -0 0.95282 0.30353
vn -0 0.95282 0.30352
vn -0 0.95282 0.30353
vn 0 0.95282 0.30354
vn 0 0.95282 0.30354
vn -0 0.95282 0.30353
vn 0 0.95281 0.30355
vn -0 0.95282 0.30353
vn 0 0.95282 0.30354
vn 9E-05 0.95268 0.30397
vn -0 0.95282 0.30353
vn 0 0.95282 0.30354
vn -0 0.95283 0.3035
vn -0 0.95283 0.30351
vn 0 0.95282 0.30354
vn -1E-05 0.95285 0.30344
vn 0 0.95282 0.30353
vn 0 0.95282 0.30354
vn -0 0.95282 0.30353
vn -4E-05 0.95285 0.30344
vn 0 0.95282 0.30354
vn 0 0.95282 0.30354
vn -0 0.95282 0.30353
vn 0 0.95282 0.30354
vn -0 0.95282 0.30352
vn 0 0.95282 0.30355
vn -1E-05 0.95283 0.30351
vn 0 0.95282 0.30354
vn -1E-05 0.95283 0.30351
vn -1E-05 0.95282 0.30354
vn -1E-05 0.95282 0.30354
vn -1E-05 0.95282 0.30354
vn 1E-05 0.95282 0.30353
vn 2E-05 0.95282 0.30352
vn 1E-05 0.95282 0.30353
vn 1E-05 0.95282 0.30353
vn -2E-05 0.95282 0.30354
vn 1E-05 0.95282 0.30353
vn 0 0.95282 0.30353
vn -0 0.95282 0.30353
vn 0 0.95282 0.30353
vn 2E-05 0.95283 0.30351
vn 1E-05 0.95283 0.30352
vn 3E-05 0.95283 0.3035
vn 0 0.95282 0.30353
vn -0.0001 0.95279 0.30362
vn 4E-05 0.95282 0.30353
vn -4E-05 0.95282 0.30353
vn -1E-05 0.95282 0.30353
vn 3E-05 0.95282 0.30353
vn -2E-05 0.95282 0.30355
vn -2E-05 0.95281 0.30355
vn 0 0.95282 0.30354
vn -0 0.95283 0.30352
vn 0 0.95282 0.30354
vn -0 0.95282 0.30353
vn -0 0.95282 0.30352
vn 0 0.95282 0.30355
vn 0 0.95282 0.30354
vn 0 0.95282 0.30354
vn -0 0.95282 0.30353
vn -0 0.95282 0.30353
vn 0 0.95282 0.30353
vn 0 0.95282 0.30353
vn -0 0.95282 0.30353
vn -0 0.95282 0.30354
vn -0 0.95282 0.30354
vn -0 0.95284 0.30347
vn -0 0.95282 0.30354
vn -0 0.95282 0.30353
vn 0 0.95282 0.30352
vn -0 0.95282 0.30354
vn -0 0.95282 0.30354
vn 0 0.95282 0.30354
vn 0 0.95282 0.30353
vn -0 0.95282 0.30353
vn 3E-05 0.95282 0.30355
vn 1E-05 0.95282 0.30354
vn 1E-05 0.95282 0.30354
vn 2E-05 0.95282 0.30353
vn -0 0.95282 0.30353
vn -1E-05 0.95282 0.30353
vn -0 0.95282 0.30353
vn -0 0.95282 0.30353
vn -2E-05 0.95283 0.30352
vn 3E-05 0.95281 0.30355
vn -0 0.95282 0.30353
vn -0 0.95282 0.30352
vn -0 0.95282 0.30353
vn 0 0.95282 0.30354
vn -0 0.95282 0.30353
vn 1E-05 0.95282 0.30354
vn 2E-05 0.95282 0.30355
vn 1E-05 0.95282 0.30354
vn -3E-05 0.95283 0.30351
vn -1E-05 0.95282 0.30353
vn 0 0.95282 0.30354
vn -1E-05 0.9528 0.30361
vn 0 0.95282 0.30353
vn -0 0.95282 0.30353
vn -0 0.95282 0.30354
vn 0 0.95282 0.30353
vn -0 0.95282 0.30353
vn -1E-05 0.95282 0.30355
vn 0 0.95282 0.30353
vn -2E-05 0.95281 0.30356
vn -2E-05 0.95281 0.30355
vn 1E-05 0.95283 0.30352
vn 1E-05 0.95283 0.30352
vn -0 0.95282 0.30354
vn -0 0.95282 0.30352
vn -0 0.95282 0.30354
vn -1E-05 0.95281 0.30357
vn -0 0.95282 0.30354
vn 0 0.95283 0.30352
vn 1E-05 0.95281 0.30357
vn 0 0.95282 0.30354
vn -2E-05 0.95283 0.3035
vn -0 0.95283 0.30352
vn 1E-05 0.95281 0.30357
vn -1E-05 0.95283 0.30351
vn 0 0.95282 0.30354
vn -0 0.95282 0.30353
vn -0 0.95282 0.30353
vn 0 0.95282 0.30353
vn 2E-05 0.95282 0.30355
vn -0 0.95282 0.30353
vn -1E-05 0.95282 0.30353
vn 0 0.95282 0.30354
vn -1E-05 0.95282 0.30353
vn -0.00021 0.95288 0.30334
vn 0 0.95282 0.30354
vn 0 0.95282 0.30354
vn -1E-05 0.95282 0.30352
vn 0 0.95282 0.30353
vn 1E-05 0.95282 0.30354
vn -0 0.95282 0.30353
vn -1E-05 0.95282 0.30352
vn 0 0.95282 0.30354
vn 0 0.95282 0.30354
vn -6E-05 0.95285 0.30343
vn 0 0.95282 0.30354
vn -0 0.95282 0.30353
vn 0 0.95282 0.30354
vn 0 0.95282 0.30354
vn 1E-05 0.95282 0.30355
vn -0 0.95282 0.30353
vn 0 0.95282 0.30354
vn 1E-05 0.95281 0.30356
vn -1E-05 0.95283 0.30352
vn -1E-05 0.95282 0.30352
vn 0 0.95282 0.30354
vn 1E-05 0.95282 0.30352
vn -2E-05 0.95284 0.30348
vn -2E-05 0.95281 0.30356
vn 0 0.95282 0.30353
vn 1E-05 0.95283 0.30352
vn -3E-05 0.95281 0.30357
vn -0 0.95282 0.30354
vn 2E-05 0.95283 0.30351
vn -2E-05 0.95281 0.30355
vn 2E-05 0.95283 0.30351
vn -1E-05 0.95282 0.30354
vn 0 0.95282 0.30353
vn 0 0.95282 0.30353
vn 0 0.95282 0.30353
vn -0 0.95282 0.30354
vn -1E-05 0.95282 0.30355
vn 1E-05 0.95282 0.30353
vn 0 0.95282 0.30353
vn -1E-05 0.95282 0.30354
vn -1E-05 0.95282 0.30354
vn 1E-05 0.95282 0.30352
vn -1E-05 0.95282 0.30354
vn 4E-05 0.95283 0.30351
vn 1E-05 0.95282 0.30353
vn 0 0.95282 0.30353
vn -1E-05 0.95282 0.30354
vn 0 0.95282 0.30353
vn 0 0.95282 0.30353
vn 0 0.95282 0.30353
vn 0 0.95282 0.30353
vn 0 0.95282 0.30353
vn 0 0.95282 0.30353
vn -1E-05 0.95282 0.30352
vn -1E-05 0.95282 0.30354
vn 1E-05 0.95281 0.30356
vn -1E-05 0.95283 0.30351
vn -1E-05 0.95282 0.30354
vn -0 0.95282 0.30353
vn 0.99628 -0.02614 0.08207
vn 0 0.95282 0.30353
vn 0 0.95282 0.30353
vn 0.33344 -0.12588 -0.93433
vn 0.34532 -0.19479 -0.91805
vn 0.35178 -0.17946 -0.91872
vn 0.34185 -0.18466 -0.92144
vn 0.33059 -0.18244 -0.92597
vn 0.34222 -0.21766 -0.91406
vn 0.29082 -0.20824 -0.93384
vn 0.29442 -0.22155 -0.92964
vn 0.29354 -0.2233 -0.9295
vn 0.30248 -0.25677 -0.91792
vn 0.2803 -0.25371 -0.92578
vn 0.29133 -0.29441 -0.91019
vn 0.30324 -0.29581 -0.90584
vn 0.30465 -0.30071 -0.90375
vn 0.28377 -0.34322 -0.89536
vn 0.28395 -0.34376 -0.8951
vn 0.27836 -0.34351 -0.89695
vn 0.30689 -0.29542 -0.90474
vn 0.29651 -0.44163 -0.84678
vn 0.31978 -0.44619 -0.83586
vn 0.33604 -0.62508 -0.70452
vn 0.34718 -0.72498 -0.59487
vn 0.33016 -0.62359 -0.7086
vn 0.3505 -0.72516 -0.5927
vn 0.3507 -0.72171 -0.59677
vn 0.22587 -0.61473 -0.75571
vn 0.23391 -0.70163 -0.67305
vn 0.22866 -0.61547 -0.75426
vn 0.24802 -0.66906 -0.7006
vn 0.25066 -0.65872 -0.70941
vn 0.13142 -0.67186 -0.72892
vn 0.24747 -0.66861 -0.70123
vn 0.12951 -0.66317 -0.73718
vn 0.11199 -0.69237 -0.7128
vn 0.11474 -0.65666 -0.74541
vn 0.11735 -0.69964 -0.70479
vn 0.12352 -0.69888 -0.70449
vn 0.12372 -0.70109 -0.70226
vn 0.10197 -0.73025 -0.67553
vn 0.17496 -0.71678 -0.67499
vn 0.03737 -0.75487 -0.65481
vn 0.12664 -0.74598 -0.65382
vn 0.03373 -0.79508 -0.60556
vn 0.08523 -0.79118 -0.60562
vn 0.07656 -0.83355 -0.54712
vn 0.08298 -0.83334 -0.5465
vn 0.05819 -0.81864 -0.57135
vn 0.05767 -0.81867 -0.57136
vn -0.00061 -0.84199 -0.5395
vn 0.09229 -0.83727 -0.53895
vn 0.08486 -0.89078 -0.44644
vn 0.08872 -0.89034 -0.44657
vn 0.0734 -0.89481 -0.44037
vn 0.07935 -0.88822 -0.45251
vn 0.16925 -0.92898 -0.32917
vn 0.16845 -0.92912 -0.32917
vn 0.25779 -0.94095 -0.21943
vn 0.25409 -0.94195 -0.21947
vn 0.2846 -0.94786 -0.14341
vn 0.29482 -0.94052 -0.16883
vn 0.33232 -0.94047 -0.07121
vn 0.33335 -0.94012 -0.07111
vn 0.3367 -0.94143 0.01828
vn 0.38865 -0.92114 0.02098
vn 0.30434 -0.89855 0.31622
vn 0.40047 -0.91108 0.09778
vn 0.22047 -0.88601 0.40789
vn 0.39577 -0.80771 0.43701
vn 0.34049 -0.62779 0.69996
vn 0.26809 -0.69065 0.67167
vn 0.17853 -0.44351 0.87831
vn 0.27447 -0.3124 0.90943
vn 0.18257 -0.39301 0.90123
vn 0.36844 -0.21725 0.90391
vn 0.22743 -0.16713 0.95934
vn 0.37252 -0.11807 0.92048
vn 0.34037 -0.10522 0.93439
vn 0.32636 0.1084 0.93901
vn 0.28691 0.12322 0.95
vn 0.32723 0.22049 0.91886
vn 0.27094 0.23123 0.93441
vn 0.33419 0.49905 0.79954
vn 0.2489 0.35921 0.89945
vn 0.50155 0.52925 0.68435
vn 0.25047 0.6046 0.75612
vn 0.53756 0.66345 0.52044
vn 0.35495 0.72056 0.59565
vn 0.47729 0.71883 0.50545
vn 0.32665 0.93255 0.15378
vn 0.34499 0.93839 0.02028
vn 0.07631 0.99666 0.02897
vn 0.11268 0.98696 0.11497
vn 0.19429 0.97003 0.14594
vn 0.16352 0.97156 0.17127
vn 0.24786 0.94994 0.19022
vn 0.34406 0.8383 0.42293
vn 0.39782 0.8025 0.44468
vn 0.39514 0.80325 0.4457
vn 0.46528 0.72646 0.50573
vn 0.39369 0.61914 0.67946
vn 0.51619 0.4388 0.73553
vn 0.47067 0.45234 0.75754
vn 0.52543 0.35673 0.77244
vn 0.48509 0.37457 0.79018
vn 0.58921 0.16126 0.79173
vn 0.56005 0.17761 0.8092
vn 0.62376 -0.01956 0.78137
vn 0.61223 -0.01252 0.79058
vn 0.6467 -0.22194 0.72974
vn 0.75866 -0.27279 0.59163
vn 0.70467 -0.64974 0.28509
vn 0.72346 -0.62878 0.28502
vn 0.62363 -0.78032 0.04675
vn 0.63199 -0.77346 0.0484
vn 0.60042 -0.79943 -0.01987
vn 0.52424 -0.85065 -0.03968
vn 0.51996 -0.85282 -0.04845
vn 0.43268 -0.89878 -0.07058
vn 0.40525 -0.90705 -0.11415
vn 0.3983 -0.90998 -0.11528
vn 0.33362 -0.92374 -0.18816
vn 0.34724 -0.90053 -0.26168
vn 0.31337 -0.90394 -0.29101
vn 0.30827 -0.90564 -0.29118
vn 0.24372 -0.89659 -0.36976
vn 0.22224 -0.90189 -0.3704
vn 0.13422 -0.87028 -0.47392
vn 0.16359 -0.83002 -0.5332
vn 0.17544 -0.83584 -0.52019
vn 0.16255 -0.83842 -0.52022
vn 0.09919 -0.78554 -0.61081
vn 0.09182 -0.78584 -0.61158
vn 0.06002 -0.75769 -0.64985
vn 0.11947 -0.7505 -0.64999
vn 0.10493 -0.7393 -0.66515
vn 0.22675 -0.71911 -0.65686
vn 0.15489 -0.68954 -0.70749
vn 0.15492 -0.68898 -0.70803
vn 0.13263 -0.68232 -0.71892
vn 0.13462 -0.65161 -0.74651
vn 0.08853 -0.63655 -0.76614
vn 0.09131 -0.57329 -0.81425
vn 0.21272 -0.62028 -0.75499
vn 0.2239 -0.51795 -0.82559
vn 0.25207 -0.52883 -0.81043
vn 0.25263 -0.54007 -0.80281
vn 0.25794 -0.60294 -0.75494
vn 0.29962 -0.69063 -0.65822
vn 0.35725 -0.69687 -0.62189
vn 0.33485 -0.57427 -0.74705
vn 0.29103 -0.40563 -0.86647
vn 0.31457 -0.27699 -0.90792
vn 0.31374 -0.24519 -0.91731
vn 0.33368 -0.22524 -0.91538
vn 0.29468 -0.18322 -0.93787
vn 0.27073 -0.16782 -0.94792
vn 0.28381 -0.13224 -0.94972
vn 0.27587 -0.10755 -0.95516
vn 0.30277 -0.12398 -0.94497
vn 0.30304 -0.12488 -0.94476
vn 0.34298 -0.1269 -0.93073
vn 0.36029 -0.14345 -0.92175
vn 0.07905 0.9937 0.07947
vn 0.54143 0.60575 0.58303
vn 0.718 0.3195 0.61838
vn 0.64078 0.36228 0.67687
vn 0.73483 0.13012 0.66565
vn 0.36897 0.28875 0.88345
vn 0.42811 0.18707 0.88415
vn 0.3755 0.07195 0.92402
vn 0.45121 -0.07879 0.88893
vn 0.1038 -0.35025 0.93089
vn 0.13983 -0.43017 0.89185
vn -0.00907 -0.3537 0.93531
vn 0.01489 -0.43043 0.9025
vn 0.02709 -0.43514 0.89996
vn 0.03619 -0.47653 0.87841
vn 0.05674 -0.46577 0.88309
vn 0.058 -0.46125 0.88538
vn 0.0637 -0.47393 0.87826
vn 0.05495 -0.47025 0.88082
vn 0.17164 -0.73318 0.65801
vn 0.07029 -0.83018 0.55305
vn 0.21004 -0.80034 0.56155
vn 0.15667 -0.85403 0.49608
vn 0.26113 -0.92933 0.26106
vn 0.15196 -0.98006 0.128
vn 0.20046 -0.97054 0.13368
vn 0.14173 -0.9899 0.00091
vn 0.19541 -0.98055 0.01847
vn 0.13677 -0.98385 -0.11546
vn 0.1127 -0.98644 -0.1193
vn 0.03324 -0.97301 -0.22836
vn -0.01231 -0.97322 -0.22953
vn -0.02182 -0.97086 -0.23864
vn 0.00815 -0.94066 -0.33926
vn -0.00203 -0.9371 -0.34905
vn 0.05875 -0.93488 -0.35007
vn -0.03028 -0.89218 -0.45066
vn 0.01493 -0.89295 -0.4499
vn -0.01678 -0.87533 -0.48323
vn 0.03889 -0.87511 -0.48237
vn 0.03635 -0.87373 -0.48506
vn 0.12391 -0.86726 -0.48219
vn 0.04417 -0.82292 -0.56644
vn 0.04725 -0.82271 -0.56649
vn 0.04083 -0.8186 -0.5729
vn 0.06615 -0.81725 -0.57247
vn 0.08996 -0.8313 -0.54849
vn 0.1275 -0.8296 -0.54361
vn 0.04733 -0.77969 -0.62437
vn 0.05995 -0.77917 -0.62394
vn 0.05547 -0.77604 -0.62824
vn 0.06643 -0.74186 -0.66725
vn 0.0681 -0.74315 -0.66565
vn 0.09887 -0.74131 -0.66384
vn 0.11498 -0.75373 -0.64704
vn 0.12533 -0.7207 -0.68183
vn 0.15596 -0.74404 -0.64967
vn 0.17867 -0.74292 -0.64509
vn 0.17939 -0.74366 -0.64404
vn 0.14725 -0.74708 -0.64822
vn 0.13507 -0.73892 -0.66011
vn 0.13574 -0.73688 -0.66226
vn 0.14963 -0.74491 -0.65016
vn 0.13039 -0.78389 -0.60706
vn 0.29709 -0.85307 -0.42897
vn 0.32741 -0.84038 -0.43193
vn 0.32472 -0.84007 -0.43455
vn 0.33346 -0.73374 -0.59197
vn 0.29639 -0.58086 -0.75813
vn 0.23459 -0.41158 -0.88066
vn 0.29429 -0.35457 -0.88751
vn 0.29175 -0.32969 -0.89788
vn 0.24647 -0.33994 -0.90758
vn 0.29075 -0.28156 -0.91443
vn 0.28738 -0.2583 -0.92233
vn 0.25802 -0.25501 -0.93188
vn 0.26644 -0.2404 -0.93339
vn 0.27813 -0.2799 -0.91886
vn 0.26494 -0.27291 -0.92484
vn 0.24714 -0.21186 -0.94553
vn 0.24004 -0.20757 -0.94831
vn 0.22442 -0.02611 -0.97414
vn 0.22754 -0.03251 -0.97323
vn 0.2341 -0.03612 -0.97154
vn 0.24009 0.02243 -0.97049
vn 0.20394 0.0464 -0.97788
vn 0.6671 0.19828 0.71809
vn 0.68418 0.1863 0.70511
vn 0.7264 -0.07271 0.68341
vn 0.63911 0.00992 0.76906
vn 0.66282 -0.21315 0.7178
vn 0.61883 -0.17987 0.76466
vn 0.59529 -0.57551 0.56073
vn 0.47444 -0.49338 0.72903
vn 0.47141 -0.52514 0.70852
vn 0.2608 -0.43055 0.86406
vn 0.2757 -0.49009 0.82692
vn 0.16869 -0.43733 0.88334
vn 0.1814 -0.46938 0.86416
vn 0.17137 -0.4884 0.85563
vn 0.161 -0.47684 0.86412
vn 0.16547 -0.5296 0.83195
vn 0.03069 -0.67953 0.733
vn 0.05296 -0.72368 0.6881
vn -0.02472 -0.90443 0.42591
vn -0.12326 -0.94755 0.29489
vn -0.08505 -0.94814 0.30625
vn -0.17594 -0.98065 0.08581
vn -0.06063 -0.9894 0.13197
vn -0.13449 -0.98998 -0.04295
vn 0.019 -0.99975 -0.01204
vn -0.05257 -0.99127 -0.12089
vn -0.02672 -0.9928 -0.11675
vn -0.08327 -0.97694 -0.1966
vn -0.12878 -0.97084 -0.20221
vn -0.18936 -0.94094 -0.28066
vn -0.11583 -0.95358 -0.27798
vn -0.12784 -0.94766 -0.29256
vn 0.04988 -0.95462 -0.29363
vn 0.01575 -0.94149 -0.33666
vn 0.11778 -0.93556 -0.33296
vn -0.01399 -0.87616 -0.48182
vn 0.02719 -0.87476 -0.48379
vn 0.00772 -0.86371 -0.50392
vn 0.02934 -0.86349 -0.50351
vn 0.06129 -0.88048 -0.4701
vn 0.0944 -0.87969 -0.46609
vn 0.00268 -0.82849 -0.56
vn 0.02421 -0.82851 -0.55945
vn 0.02064 -0.82623 -0.56295
vn 0.02952 -0.80147 -0.5973
vn 0.07143 -0.82772 -0.55658
vn 0.0944 -0.8275 -0.55348
vn 0.0757 -0.81409 -0.57579
vn 0.11506 -0.81269 -0.57122
vn 0.06676 -0.79096 -0.60822
vn 0.06694 -0.78607 -0.6145
vn 0.05636 -0.7824 -0.62022
vn 0.0563 -0.78251 -0.62008
vn 0.07159 -0.7959 -0.60118
vn 0.13221 -0.78556 -0.60449
vn 0.26923 -0.83567 -0.47871
vn 0.24772 -0.88818 -0.38701
vn 0.28884 -0.8905 -0.35154
vn 0.34514 -0.87106 -0.34948
vn 0.30489 -0.85906 -0.41116
vn 0.49891 -0.7823 -0.37295
vn 0.48071 -0.78222 -0.39629
vn 0.49164 -0.5692 -0.65901
vn 0.22966 -0.46113 -0.8571
vn 0.22944 -0.51249 -0.82747
vn 0.22375 -0.51021 -0.83044
vn 0.21871 -0.48098 -0.84901
vn 0.18927 -0.49369 -0.84879
vn 0.20156 -0.43119 -0.87946
vn 0.24554 -0.45298 -0.85704
vn 0.24928 -0.40814 -0.87823
vn 0.26847 -0.417 -0.86835
vn 0.27551 -0.34581 -0.89695
vn 0.26975 -0.29055 -0.91805
vn 0.27266 -0.2277 -0.93478
vn 0.29324 -0.22718 -0.92865
vn 0.27779 -0.25689 -0.92566
vn 0.29611 -0.31711 -0.90098
vn 0.29419 -0.31617 -0.90194
vn 0.26157 -0.20776 -0.94256
vn 0.23127 -0.19254 -0.95365
vn 0.19604 -0.07203 -0.97795
vn 0.19298 -0.07032 -0.97868
vn 0.1741 -0.01243 -0.98465
vn 0.15384 0.00075 -0.98809
vn 0.13941 0.04322 -0.98929
vn 0.16312 0.02947 -0.98617
vn 0.11136 -0.04812 0.99261
vn -0.04605 0.00299 0.99893
vn -0.06747 -0.29185 0.95408
vn 0.02313 -0.13401 0.99071
vn -0.05362 -0.34287 0.93785
vn -0.05334 -0.34312 0.93778
vn -0.05972 -0.52394 0.84966
vn -0.05121 -0.53164 0.84542
vn 0.02415 -0.64264 0.76579
vn -0.01277 -0.68718 0.72637
vn 0.01711 -0.72895 0.68435
vn 0.07576 -0.6458 0.75974
vn 0.0432 -0.60153 0.79768
vn 0.0216 -0.63373 0.77326
vn 0.01956 -0.62886 0.77727
vn -0.0718 -0.7347 0.67458
vn -0.05336 -0.78726 0.6143
vn -0.08383 -0.84082 0.53478
vn -0.1479 -0.85704 0.49356
vn -0.20252 -0.91709 0.34342
vn -0.16399 -0.91737 0.36268
vn -0.1989 -0.94341 0.26534
vn -0.18941 -0.9442 0.26946
vn -0.2816 -0.95632 0.07844
vn -0.15196 -0.98231 0.1094
vn -0.25349 -0.96534 -0.06216
vn -0.14099 -0.98939 -0.03499
vn -0.17173 -0.98086 -0.09177
vn -0.04225 -0.99671 -0.06916
vn -0.05912 -0.99309 -0.10135
vn -0.05003 -0.99386 -0.09872
vn -0.07761 -0.98477 -0.15555
vn -0.08118 -0.98443 -0.15591
vn -0.15452 -0.95007 -0.2711
vn -0.08503 -0.95885 -0.27087
vn -0.11517 -0.94445 -0.3078
vn 0.00861 -0.95167 -0.30701
vn -0.02192 -0.93936 -0.34223
vn 0.01076 -0.94055 -0.33949
vn -0.11026 -0.87772 -0.46631
vn -0.05562 -0.88233 -0.46733
vn -0.00939 -0.90794 -0.419
vn 1E-05 -0.88739 -0.46101
vn 0.04634 -0.91056 -0.41077
vn 0.10165 -0.9098 -0.40241
vn 0.0224 -0.8731 -0.48703
vn 0.03475 -0.87277 -0.4869
vn 0.00739 -0.85712 -0.51507
vn 0.01993 -0.83385 -0.55163
vn 0.06105 -0.85814 -0.50978
vn 0.08944 -0.81143 -0.57756
vn 0.0981 -0.81633 -0.56919
vn 0.13537 -0.80655 -0.57546
vn 0.15332 -0.81342 -0.56111
vn 0.13468 -0.85523 -0.50044
vn 0.3184 -0.91125 -0.26125
vn 0.34313 -0.9039 -0.2554
vn 0.38799 -0.90525 -0.17318
vn 0.51577 -0.84392 -0.1476
vn 0.55387 -0.83001 -0.06571
vn 0.99293 -0.07836 0.0892
vn 0.98987 -0.09602 0.10458
vn 0.98919 0.08388 0.12024
vn 0.94752 -0.21152 -0.23971
vn 0.94501 -0.19725 -0.26087
vn 0.92265 -0.24423 -0.29845
vn 0.65541 -0.65245 -0.38046
vn 0.90416 -0.42144 -0.0699
vn 0.30087 0.90303 -0.30662
vn 0.68176 0.70474 -0.19633
vn 0.63345 -0.02091 -0.7735
vn 0.54391 0.09341 -0.83393
vn -0.22114 0.07531 -0.97233
vn 0.17543 -0.60767 -0.77457
vn 0.22414 -0.43892 -0.87012
vn 0.23299 -0.45774 -0.85801
vn 0.0899 -0.59723 -0.79702
vn 0.12296 -0.59413 -0.79492
vn 0.18067 -0.62815 -0.75683
vn 0.18124 -0.52138 -0.83386
vn 0.2137 -0.47428 -0.85405
vn 0.24763 -0.4172 -0.87443
vn 0.2871 -0.36645 -0.88504
vn 0.27068 -0.24412 -0.9312
vn 0.26293 -0.27287 -0.92542
vn 0.25573 -0.25498 -0.93252
vn 0.24198 -0.24169 -0.9397
vn 0.2391 -0.25599 -0.93664
vn 0.20602 -0.19986 -0.95792
vn 0.21739 -0.20363 -0.95461
vn 0.18617 -0.08282 -0.97902
vn 0.2108 -0.10087 -0.97231
vn 0.20084 -0.02886 -0.9792
vn 0.21709 -0.03988 -0.97534
vn 0.20708 0.03373 -0.97774
vn 0.24514 0.01133 -0.96942
vn 0.24628 0.00568 -0.96918
vn 0.05551 -0.24646 0.96756
vn -0.27056 -0.40362 0.87401
vn -0.16372 -0.561 0.81146
vn -0.16631 -0.52879 0.8323
vn -0.06444 -0.6113 0.78877
vn -0.06422 -0.61462 0.78621
vn -0.11849 -0.65983 0.74201
vn -0.17597 -0.64603 0.74275
vn -0.12484 -0.78458 0.60733
vn -0.15396 -0.78 0.60655
vn -0.23687 -0.88691 0.39659
vn -0.23407 -0.84111 0.48758
vn -0.25563 -0.93269 0.25446
vn -0.26025 -0.89355 0.36584
vn -0.28758 -0.9361 0.20251
vn -0.25695 -0.94207 0.21561
vn -0.26359 -0.94411 0.19793
vn -0.16652 -0.95568 0.2428
vn -0.19766 -0.97514 0.10016
vn -0.10729 -0.98226 0.15381
vn -0.15202 -0.98838 -0.00011
vn -0.04419 -0.99793 0.04664
vn -0.11472 -0.98747 -0.10838
vn -0.09058 -0.99034 -0.10502
vn -0.13529 -0.97576 -0.17199
vn -0.12083 -0.97789 -0.17068
vn -0.14442 -0.96858 -0.20247
vn -0.10567 -0.97468 -0.19707
vn -0.14012 -0.955 -0.26142
vn 0.00569 -0.97417 -0.22575
vn 0.07646 -0.95664 -0.28107
vn 0.05387 -0.95796 -0.2818
vn -0.03677 -0.92402 -0.38058
vn -0.05256 -0.9234 -0.38022
vn -0.10192 -0.90051 -0.42273
vn -0.09517 -0.88661 -0.45262
vn 0.0061 -0.93416 -0.3568
vn 0.0379 -0.89655 -0.44132
vn 0.02345 -0.8893 -0.45672
vn 0.03654 -0.88822 -0.45796
vn -0.00711 -0.86487 -0.50195
vn 0.02034 -0.86592 -0.49976
vn 0.16016 -0.96304 -0.21657
vn 0.2662 -0.94366 -0.19657
vn 0.42269 -0.80489 0.41653
vn 0.40894 -0.81217 0.41611
vn 0.43417 -0.52286 0.73356
vn 0.34615 -0.59196 0.72785
vn 0.16743 -0.97669 0.1343
vn -0.04416 -0.996 0.07769
vn -0.11672 -0.99259 -0.0337
vn -0.58744 -0.80456 -0.08718
vn -0.77722 -0.57414 -0.25748
vn -0.73847 -0.22351 -0.63616
vn 0.08493 -0.78032 -0.61958
vn 0.05924 -0.71486 -0.69675
vn 0.08047 -0.72157 -0.68765
vn 0.08771 -0.72021 -0.68819
vn 0.0915 -0.72115 -0.68671
vn 0.09234 -0.72323 -0.6844
vn 0.13553 -0.69271 -0.70837
vn 0.22715 -0.6983 -0.67881
vn 0.18954 -0.65793 -0.72884
vn 0.1982 -0.62957 -0.75124
vn 0.20847 -0.63548 -0.74345
vn 0.22339 -0.56882 -0.79154
vn 0.24628 -0.57565 -0.77973
vn 0.24669 -0.48457 -0.83925
vn 0.28858 -0.49977 -0.81667
vn 0.27191 -0.36583 -0.89008
vn 0.34037 -0.256 -0.90477
vn 0.32664 -0.28193 -0.90212
vn 0.32763 -0.28713 -0.90012
vn 0.30525 -0.26995 -0.91321
vn 0.33289 -0.16835 -0.92782
vn 0.3231 -0.20262 -0.92442
vn 0.31005 -0.17617 -0.93426
vn 0.29985 -0.17268 -0.93823
vn 0.2573 -0.05275 -0.96489
vn 0.25729 -0.05279 -0.96489
vn 0.2573 -0.0528 -0.96489
vn 0.22207 -0.03359 -0.97445
vn 0.22153 -0.039 -0.97437
vn 0.21918 -0.03761 -0.97496
vn 0.21907 -0.03274 -0.97516
vn 0.23657 -0.0412 -0.97074
vn 0.23388 -0.02514 -0.97194
vn 0.28209 0.00156 -0.95939
vn 0.22488 -0.05061 -0.97307
vn 0.22821 -0.06047 -0.97173
vn 0.26995 -0.12066 -0.95528
vn 0.28499 -0.33615 -0.89765
vn 0.32061 -0.17044 -0.93175
vn 0.21468 -0.37277 -0.90275
vn 0.31441 -0.37409 -0.87247
vn 0.24983 -0.51801 -0.81808
vn 0.26231 -0.42212 -0.86776
vn 0.25815 -0.54465 -0.79794
vn 0.25594 -0.52001 -0.81491
vn 0.20443 -0.63174 -0.74774
vn 0.34309 -0.59334 -0.72818
vn 0.22643 -0.69664 -0.68075
vn 0.2316 -0.65143 -0.7225
vn 0.21544 -0.69535 -0.68562
vn 0.21361 -0.73312 -0.64568
vn 0.07012 -0.75816 -0.64828
vn 0.21606 -0.73443 -0.64338
vn 0.06686 -0.77561 -0.62767
vn 0.07129 -0.75904 -0.64713
vn 0.12426 -0.85924 -0.49625
vn 0.14932 -0.81008 -0.56699
vn 0.04123 -0.80444 -0.5926
vn 0.03111 -0.80489 -0.59261
vn 0.00449 -0.8057 -0.59231
vn 0.04449 -0.8066 -0.58942
vn -0.01914 -0.83165 -0.55497
vn 0.04363 -0.83058 -0.55518
vn -0.73192 -0.61284 -0.29785
vn 0.01677 -0.85395 -0.52009
vn -0.31537 -0.9377 -0.14581
vn -0.26144 -0.9651 -0.01534
vn -0.47853 -0.87637 -0.05465
vn -0.03934 -0.89594 0.44243
vn -0.54759 -0.78788 0.28177
vn 0.13317 -0.98234 -0.13146
vn 0.29705 -0.94939 -0.10205
vn 0.13703 -0.9824 -0.12695
vn 0.24881 -0.95613 -0.15462
vn 0.26419 -0.95249 -0.15154
vn -0.05184 -0.98127 -0.18555
vn -0.00528 -0.98364 -0.18005
vn -0.02974 -0.99912 -0.02949
vn 0.05958 -0.99817 -0.01056
vn -0.14387 -0.98959 0.00269
vn 0.01101 -0.99918 0.03907
vn -0.29526 -0.95359 0.05913
vn -0.0969 -0.99257 0.07365
vn -0.26732 -0.91633 0.29814
vn -0.26878 -0.90361 0.33354
vn -0.2548 -0.8995 0.35494
vn -0.25602 -0.87086 0.41959
vn -0.27369 -0.8771 0.3947
vn -0.27482 -0.85005 0.44932
vn -0.31763 -0.81273 0.48844
vn -0.3156 -0.74288 0.59036
vn -0.30528 -0.69041 0.65586
vn -0.29894 -0.63504 0.71229
vn -0.30776 -0.56073 0.76868
vn -0.30546 -0.55956 0.77045
vn -0.29359 -0.49323 0.81886
vn -0.31642 -0.54072 0.77942
vn -0.24933 -0.51728 0.81869
vn -0.24594 -0.49778 0.8317
vn -0.23215 -0.54725 0.80413
vn -0.22022 -0.66543 0.71324
vn -0.2462 -0.76778 0.59153
vn -0.27567 -0.81398 0.51131
vn -0.27371 -0.78561 0.55488
vn -0.34377 -0.70174 0.62401
vn -0.32322 -0.74919 0.57814
vn -0.30812 -0.67971 0.66562
vn -0.31256 -0.71856 0.62127
vn -0.37689 -0.63305 0.67617
vn -0.23594 -0.66159 0.71178
vn -0.27708 -0.57477 0.76998
vn -0.2776 -0.57755 0.76771
vn -0.23345 -0.54692 0.80398
vn -0.25374 -0.48378 0.8376
vn -0.23827 -0.47263 0.84844
vn -0.22572 -0.41483 0.88145
vn -0.22676 -0.41334 0.88189
vn -0.23064 -0.44443 0.86561
vn -0.27772 -0.37771 0.88329
vn -0.28957 -0.41144 0.86421
vn -0.31955 -0.30431 0.89738
vn -0.28083 -0.2326 0.93115
vn -0.2775 -0.21963 0.93529
vn -0.26039 -0.24971 0.93265
vn -0.26454 -0.26658 0.9268
vn -0.21885 -0.4642 0.85827
vn -0.16756 -0.49878 0.85038
vn -0.21072 -0.50052 0.83969
vn -0.28777 -0.43823 0.85155
vn -0.28686 -0.43327 0.8544
vn -0.24818 -0.48317 0.83961
vn -0.23731 -0.36391 0.9007
vn -0.29222 -0.27365 0.91636
vn -0.29228 -0.27406 0.91622
vn -0.31555 -0.23539 0.91925
vn -0.27261 -0.56528 0.77855
vn -0.20974 -0.58256 0.78526
vn -0.29161 -0.62321 0.72565
vn -0.27019 -0.66405 0.69716
vn -0.31496 -0.70067 0.64021
vn -0.31327 -0.71563 0.62429
vn -0.31018 -0.80296 0.50896
vn -0.30611 -0.75945 0.57405
vn -0.31119 -0.7149 0.62616
vn -0.24227 -0.72817 0.64115
vn -0.18432 -0.8107 0.55569
vn -0.15973 -0.67708 0.71836
vn -0.27714 -0.5911 0.75749
vn -0.33127 -0.37125 0.86743
vn -0.28114 -0.39594 0.87418
vn -0.29004 -0.36389 0.88513
vn -0.27856 -0.32987 0.90199
vn -0.28796 -0.30898 0.90643
vn -0.28538 -0.29927 0.91049
vn -0.30617 -0.25094 0.91831
vn 0.16258 0.01249 -0.98662
vn 0.17039 -0.01253 -0.9853
vn 0.17582 0.0011 -0.98442
vn 0.19486 -0.01858 -0.98065
vn 0.19417 -0.02065 -0.98075
vn 0.1939 -0.02041 -0.98081
vn 0.17573 -0.08319 -0.98092
vn 0.22378 -0.12814 -0.96618
vn 0.22397 -0.12748 -0.96622
vn 0.28375 -0.21581 -0.9343
vn 0.29812 -0.37875 -0.87617
vn 0.20289 -0.20797 -0.95686
vn 0.31893 -0.6323 -0.70603
vn 0.07607 -0.69928 -0.71079
vn 0.33342 -0.63653 -0.69546
vn 0.15743 -0.65913 -0.73537
vn 0.0655 -0.68336 -0.72714
vn 0.18581 -0.66644 -0.72203
vn 0.01263 -0.74903 -0.66242
vn 0.12791 -0.74372 -0.65614
vn 0.0658 -0.85172 -0.51984
vn 0.14064 -0.84417 -0.5173
vn 0.08061 -0.8767 -0.47423
vn 0.10412 -0.87593 -0.47106
vn 0.08373 -0.86843 -0.48869
vn 0.06962 -0.86932 -0.48931
vn 0.06944 -0.88486 -0.46066
vn 0.1121 -0.88179 -0.45812
vn 0.09911 -0.91554 -0.38982
vn 0.12745 -0.912 -0.3899
vn 0.02394 -0.90876 -0.41664
vn 0.03718 -0.89104 -0.45241
vn 0.01424 -0.90381 -0.4277
vn 0.01182 -0.90405 -0.42726
vn 0.04222 -0.9225 -0.38369
vn 0.04593 -0.91853 -0.39268
vn -0.01828 -0.90415 -0.42681
vn 0.00279 -0.90409 -0.42733
vn -0.06293 -0.87088 -0.48745
vn -0.07858 -0.8692 -0.48817
vn -0.00055 -0.88982 -0.45631
vn -0.03249 -0.88911 -0.45654
vn 0.04031 -0.92923 -0.36729
vn 0.08075 -0.92746 -0.36511
vn 0.05467 -0.95297 -0.2981
vn 0.09964 -0.95059 -0.29403
vn 0.06926 -0.9685 -0.23918
vn 0.10404 -0.96625 -0.23567
vn 0.08139 -0.97426 -0.21021
vn 0.09277 -0.97361 -0.20849
vn 0.17542 -0.9737 -0.14535
vn 0.12456 -0.98024 -0.15368
vn 0.19541 -0.974 -0.11459
vn -0.20828 -0.96253 0.17365
vn -0.08471 -0.92606 0.36774
vn -0.13398 -0.89549 0.42444
vn -0.13153 -0.90814 0.39746
vn -0.06051 -0.87017 0.48901
vn -0.04045 -0.9189 0.39241
vn -0.03052 -0.91378 0.40506
vn -0.03742 -0.89203 0.45043
vn -0.05951 -0.90482 0.42162
vn -0.07422 -0.81725 0.57148
vn -0.20711 -0.81598 0.53971
vn -0.18969 -0.76831 0.61132
vn -0.23673 -0.86694 0.4386
vn -0.2395 -0.84555 0.47716
vn -0.13704 -0.9232 0.35907
vn -0.1852 -0.95276 0.24073
vn -0.1863 -0.91115 0.36754
vn -0.19234 -0.95437 0.22842
vn -0.2125 -0.89914 0.3826
vn -0.25048 -0.91258 0.32319
vn -0.25204 -0.85752 0.44848
vn -0.20202 -0.95677 0.20923
vn -0.11294 -0.96308 0.24436
vn 0.18284 -0.96074 -0.2087
vn 0.14777 -0.96539 -0.21493
vn 0.11125 -0.95735 -0.26665
vn 0.09326 -0.95841 -0.26974
vn 0.05544 -0.94363 -0.32634
vn 0.05999 -0.94353 -0.3258
vn 0.02573 -0.92579 -0.37715
vn 0.04132 -0.92542 -0.37669
vn -0.00176 -0.90344 -0.42871
vn 0.00628 -0.90349 -0.42856
vn -0.05766 -0.86606 -0.4966
vn -0.03984 -0.86771 -0.49548
vn -0.04565 -0.8641 -0.50124
vn -0.01668 -0.86475 -0.50193
vn 0.05744 -0.90395 -0.42377
vn 0.08168 -0.87407 -0.47889
vn 0.01677 -0.83915 -0.54364
vn 0.07616 -0.82978 -0.55288
vn 0.11403 -0.85005 -0.51421
vn 0.13594 -0.81852 -0.55816
vn 0.1587 -0.83273 -0.53044
vn 0.19219 -0.82519 -0.53115
vn 0.16604 -0.81904 -0.54918
vn 0.17001 -0.7514 -0.63757
vn 0.19868 -0.7596 -0.6193
vn 0.2162 -0.75632 -0.61744
vn 0.20702 -0.74984 -0.6284
vn 0.35703 -0.71023 -0.60671
vn 0.26884 -0.68994 -0.67209
vn 0.24981 -0.56437 -0.78682
vn 0.22959 -0.56326 -0.79374
vn 0.20377 -0.48749 -0.84902
vn 0.24087 -0.49074 -0.83735
vn 0.22165 -0.42975 -0.87532
vn 0.27806 -0.43422 -0.85682
vn 0.22401 -0.26938 -0.93662
vn 0.31623 -0.29534 -0.90154
vn 0.22558 -0.01701 -0.97408
vn 0.19695 -0.00164 -0.98041
vn 0.20236 -0.0175 -0.97916
vn 0.18737 -0.0079 -0.98226
vn 0.191 -0.01886 -0.98141
vn 0.17785 -0.01136 -0.98399
vn 0.18773 -0.04106 -0.98136
vn 0.19729 -0.02097 -0.98012
vn 0.24032 0.00138 -0.97069
vn 0.24201 -0.00237 -0.97027
vn 0.24851 0.0149 -0.96851
vn 0.25299 0.01042 -0.96741
vn 0.25151 0.00498 -0.96784
vn 0.2463 0.00987 -0.96914
vn 0.22979 -0.03957 -0.97244
vn 0.24777 -0.06244 -0.9668
vn 0.16513 -0.01782 -0.98611
vn 0.22978 -0.06472 -0.97109
vn 0.24198 -0.3536 -0.90356
vn 0.21977 0.00405 -0.97554
vn 0.22296 0.00183 -0.97483
vn 0.22103 0.01322 -0.97518
vn 0.23901 0.00294 -0.97101
vn 0.24026 -0.00226 -0.9707
vn 0.10383 0.21327 -0.97146
vn 0.15673 0.07661 -0.98467
vn 0.15702 0.07784 -0.98452
vn 0.16369 0.12095 -0.97907
vn 0.15231 0.07496 -0.98549
vn 0.16945 0.04447 -0.98453
vn 0.17002 0.0468 -0.98433
vn 0.16002 0.05433 -0.98562
vn 0.15639 0.04017 -0.98688
vn 0.19553 -0.02065 -0.98048
vn 0.20868 0.02039 -0.97777
vn 0.17266 -0.00589 -0.98496
vn 0.16572 -0.02636 -0.98582
vn 0.22592 -0.02499 -0.97383
vn 0.17636 -0.05748 -0.98265
vn 0.20391 -0.06208 -0.97702
vn 0.20629 -0.04628 -0.9774
vn 0.19441 -0.03376 -0.98034
vn 0.2469 -0.35516 -0.90161
vn 0.10599 -0.60636 -0.78809
vn 0.37313 -0.55989 -0.7398
vn 0.20247 -0.81663 -0.54049
vn -0.12333 -0.96816 0.21784
vn -0.11809 -0.94765 0.29667
vn -0.22327 -0.91879 0.32554
vn -0.22072 -0.87475 0.43139
vn -0.24682 -0.88398 0.39706
vn -0.24686 -0.83752 0.48746
vn -0.15045 -0.83154 0.5347
vn -0.23598 -0.84395 0.48173
vn -0.23397 -0.82637 0.51222
vn -0.09963 -0.83822 0.53616
vn -0.13876 -0.70193 0.69859
vn -0.1898 -0.73703 0.64866
vn -0.18914 -0.73221 0.65429
vn -0.34074 -0.49232 0.80095
vn -0.26629 -0.42918 0.86307
vn -0.27093 -0.45431 0.84864
vn -0.29352 -0.40654 0.8652
vn -0.27162 -0.38595 0.88163
vn -0.27006 -0.36055 0.89279
vn -0.28362 -0.33606 0.89812
vn -0.27634 -0.30507 0.91135
vn -0.29871 -0.2492 0.92123
vn -0.29847 -0.24816 0.92159
vn -0.29618 -0.25254 0.92114
vn 0.17827 0.03324 -0.98342
vn 0.17244 0.05415 -0.98353
vn 0.24977 -0.17606 -0.95216
vn 0.30343 -0.52237 -0.7969
vn 0.32701 -0.32425 -0.88765
vn 0.29401 -0.83213 -0.47024
vn 0.34582 -0.6046 -0.71755
vn 0.25057 -0.8544 -0.4552
vn 0.31581 -0.83609 -0.44858
vn 0.18901 -0.84135 -0.50637
vn 0.20612 -0.83872 -0.50405
vn 0.04553 -0.77716 -0.62765
vn 0.07887 -0.77482 -0.62724
vn -0.01506 -0.80312 -0.59563
vn 0.0758 -0.8011 -0.59371
vn 0.05585 -0.86668 -0.49573
vn 0.06294 -0.85478 -0.51516
vn 0.09886 -0.9164 -0.38787
vn 0.17817 -0.90383 -0.38903
vn 0.04871 -0.9317 -0.35995
vn 0.12678 -0.92608 -0.35539
vn -0.05138 -0.9108 -0.40965
vn 0.01064 -0.91408 -0.40541
vn 0.01967 -0.9304 -0.36602
vn 0.06266 -0.93434 -0.35084
vn 0.02778 -0.93473 -0.35427
vn 0.02317 -0.92945 -0.36823
vn 0.04816 -0.92812 -0.36916
vn -0.01432 -0.90105 -0.43348
vn -0.02242 -0.91136 -0.411
vn 0.02614 -0.92736 -0.37327
vn 0.02207 -0.92724 -0.37383
vn -0.04811 -0.93732 -0.34513
vn 0.03872 -0.94164 -0.3344
vn -0.14411 -0.89472 -0.42273
vn -0.10124 -0.90095 -0.42195
vn -0.09329 -0.91917 -0.38266
vn -0.10503 -0.91802 -0.38238
vn -0.01808 -0.96403 -0.26517
vn 0.01129 -0.96467 -0.26323
vn -0.02153 -0.98288 -0.18297
vn 0.04958 -0.98319 -0.1757
vn -0.01969 -0.98483 -0.17239
vn -0.01361 -0.98498 -0.17216
vn 0.00881 -0.99096 -0.13389
vn 0.00843 -0.99096 -0.13393
vn 0.01316 -0.99367 -0.11158
vn 0.02636 -0.99364 -0.10943
vn 0.08823 -0.99512 -0.04413
vn 0.05756 -0.9971 -0.04984
vn 0.06637 -0.9962 0.05632
vn 0.16881 -0.98262 0.07723
vn 0.04089 -0.98879 0.14363
vn 0.1329 -0.97752 0.16371
vn -0.06738 -0.97998 0.18736
vn 0.08514 -0.9694 0.23023
vn -0.01156 -0.95544 0.29497
vn -0.03374 -0.95689 0.28848
vn -0.09058 -0.90654 0.41229
vn 0.01412 -0.89023 0.45529
vn -0.17056 -0.81293 0.55682
vn -0.08957 -0.78842 0.60858
vn -0.11491 -0.69633 0.70846
vn -0.00568 -0.83913 0.5439
vn -0.17007 -0.74682 0.64291
vn -0.24348 -0.58465 0.77389
vn -0.27206 -0.53127 0.80233
vn -0.25689 -0.43583 0.86259
vn -0.25476 -0.43912 0.86155
vn -0.22216 -0.4058 0.88655
vn -0.21149 -0.42869 0.87835
vn -0.22165 -0.47682 0.8506
vn -0.16513 -0.55017 0.81856
vn -0.21343 -0.53829 0.81529
vn -0.19246 -0.5805 0.79119
vn -0.25858 -0.64816 0.71625
vn -0.2211 -0.65004 0.72703
vn -0.26419 -0.69668 0.66697
vn -0.22946 -0.74869 0.62195
vn -0.26387 -0.77241 0.57772
vn -0.19892 -0.77952 0.59396
vn -0.17377 -0.76017 0.62605
vn -0.14051 -0.83966 0.52462
vn -0.12718 -0.9132 0.38717
vn -0.21694 -0.93134 0.29247
vn -0.06937 -0.94606 0.31647
vn -0.1303 -0.98617 0.10238
vn -0.01103 -0.99187 0.12681
vn -0.06148 -0.99687 0.04974
vn -0.03329 -0.99797 0.05431
vn -0.09278 -0.99529 -0.02803
vn -0.13557 -0.99016 -0.03475
vn -0.16053 -0.98015 -0.11637
vn -0.21258 -0.95625 -0.20098
vn -0.0387 -0.98206 -0.18454
vn -0.16725 -0.93963 -0.29852
vn -0.08253 -0.97595 -0.20175
vn -0.10878 -0.97271 -0.20496
vn -0.10577 -0.95244 -0.28579
vn -0.0005 -0.95947 -0.2818
vn -0.0065 -0.95698 -0.29009
vn -0.08395 -0.95105 -0.29741
vn -0.11128 -0.93559 -0.33509
vn -0.10808 -0.93609 -0.33474
vn -0.11904 -0.92469 -0.36163
vn 0.02353 -0.9444 -0.32796
vn 0.0449 -0.95733 -0.2855
vn 0.06303 -0.95656 -0.28465
vn -0.00016 -0.93698 -0.34939
vn 0.00435 -0.93131 -0.36421
vn -0.03677 -0.91666 -0.39796
vn -0.07999 -0.91548 -0.39433
vn -0.0155 -0.94583 -0.32428
vn 0.10398 -0.94244 -0.31781
vn 0.14279 -0.95298 -0.26729
vn 0.16579 -0.94989 -0.26498
vn 0.08126 -0.92539 -0.37021
vn -0.0319 -0.92798 -0.37126
vn -0.10745 -0.88052 -0.46166
vn 0.0004 -0.8906 -0.45479
vn 0.00485 -0.89385 -0.44834
vn 0.08605 -0.89215 -0.44346
vn 0.05009 -0.87403 -0.48328
vn 0.11961 -0.86894 -0.48025
vn 0.10555 -0.86211 -0.49561
vn 0.07341 -0.86341 -0.49914
vn 0.23649 -0.92068 -0.31051
vn 0.27981 -0.91122 -0.3023
vn 0.23216 -0.90268 -0.36231
vn 0.32705 -0.87568 -0.35528
vn 0.27107 -0.86527 -0.4217
vn 0.30087 -0.8129 -0.49868
vn 0.1212 -0.69142 -0.71221
vn 0.277 -0.66065 -0.69772
vn 0.11489 -0.55609 -0.82314
vn 0.11541 -0.25774 -0.9593
vn 0.23303 -0.31635 -0.91958
vn 0.2078 -0.07676 -0.97516
vn 0.26095 -0.1232 -0.95746
vn 0.24622 -0.05086 -0.96788
vn 0.276 -0.0704 -0.95857
vn 0.24721 0.01599 -0.96883
vn 0.21206 0.03601 -0.97659
vn 0.20654 0.0517 -0.97707
vn 0.17695 0.05215 -0.98284
vn 0.16209 0.19194 -0.96793
vn 0.1262 0.2962 -0.94675
vn -0.16542 -0.32381 0.93155
vn -0.16581 -0.40424 0.8995
vn -0.1507 -0.34506 0.9264
vn -0.13744 -0.45439 0.88014
vn -0.21516 -0.41398 0.88449
vn -0.17841 -0.54337 0.82032
vn -0.18645 -0.53813 0.82198
vn -0.17011 -0.59956 0.78204
vn -0.20722 -0.62507 0.75256
vn -0.20813 -0.67415 0.70866
vn -0.20201 -0.68076 0.7041
vn -0.21473 -0.69626 0.68492
vn -0.16104 -0.70155 0.69418
vn -0.17203 -0.70988 0.683
vn -0.16671 -0.76072 0.62731
vn -0.19478 -0.848 0.4929
vn -0.25341 -0.87451 0.41354
vn -0.08991 -0.8813 0.46393
vn -0.20364 -0.95882 0.19796
vn -0.07692 -0.96521 0.2499
vn -0.17626 -0.98094 0.08183
vn -0.0681 -0.99056 0.11901
vn -0.10776 -0.99293 0.04984
vn -0.07075 -0.99587 0.05693
vn -0.1349 -0.98989 -0.04389
vn -0.07512 -0.99656 -0.03503
vn -0.12602 -0.98587 -0.11035
vn -0.11791 -0.98698 -0.10936
vn -0.16237 -0.96909 -0.18575
vn -0.03639 -0.98409 -0.1739
vn -0.06727 -0.97353 -0.21842
vn 0.05258 -0.97746 -0.20447
vn 0.00218 -0.96356 -0.26747
vn 0.00607 -0.96361 -0.26723
vn -0.01952 -0.9573 -0.28842
vn -0.01993 -0.9581 -0.28575
vn -0.08574 -0.93537 -0.34313
vn -0.0638 -0.93686 -0.34384
vn -0.03337 -0.95518 -0.29415
vn 0.0537 -0.95939 -0.27692
vn 0.03916 -0.96087 -0.27421
vn 0.01576 -0.95073 -0.30961
vn -0.07856 -0.94523 -0.31682
vn 0.05646 -0.96632 -0.25107
vn 0.03182 -0.96684 -0.25339
vn -0.09772 -0.93438 -0.3426
vn -0.05698 -0.9384 -0.34083
vn -0.00014 -0.96542 -0.26072
vn -0.00131 -0.96538 -0.26084
vn -0.00096 -0.96549 -0.26044
vn -0.00564 -0.96538 -0.26078
vn -0.09004 -0.92777 -0.36213
vn -0.12233 -0.92441 -0.36125
vn -0.0318 -0.96491 -0.26064
vn 0.15908 -0.95661 -0.2441
vn 0.21104 -0.96146 -0.17626
vn 0.2695 -0.94866 -0.16556
vn 0.27323 -0.94852 -0.1602
vn 0.31248 -0.93763 -0.15232
vn 0.24172 -0.93599 -0.2559
vn 0.25929 -0.93171 -0.25432
vn 0.20957 -0.92339 -0.3216
vn 0.2359 -0.89666 -0.37464
vn 0.15192 -0.84724 -0.50902
vn 0.17778 -0.84365 -0.5066
vn 0.09547 -0.76447 -0.63755
vn 0.18916 -0.75857 -0.62353
vn 0.08314 -0.63894 -0.76475
vn 0.20925 -0.62944 -0.74835
vn 0.08118 -0.44347 -0.8926
vn 0.12145 -0.44477 -0.88737
vn 0.05698 -0.32595 -0.94367
vn 0.1194 -0.33602 -0.93426
vn 0.10502 -0.14118 -0.9844
vn 0.14778 -0.17698 -0.97306
vn 0.15549 -0.12984 -0.97927
vn 0.08969 -0.08243 -0.99255
vn 0.09707 -0.02068 -0.99506
vn 0.06602 -0.00294 -0.99781
vn 0.05346 0.03989 -0.99777
vn 0.03478 0.04015 -0.99859
vn 0.03018 0.04327 -0.99861
vn 0.03256 0.08355 -0.99597
vn 0.02841 0.09055 -0.99549
vn 0.03895 0.08675 -0.99547
vn 0.03718 0.1052 -0.99376
vn 0.05406 0.09621 -0.99389
vn 0.05041 0.129 -0.99036
vn 0.04431 0.13185 -0.99028
vn 0.04389 0.13262 -0.9902
vn 0.04631 0.14296 -0.98864
vn 0.04278 0.19735 -0.9794
vn 0.03062 0.15584 -0.98731
vn 0.04886 0.27767 -0.95943
vn 0.02622 0.21067 -0.97721
vn -0.00502 0.32394 -0.94606
vn -0.1592 -0.44782 0.87984
vn -0.15423 -0.41482 0.89674
vn -0.12694 -0.48925 0.86285
vn -0.12011 -0.58445 0.80249
vn -0.13546 -0.70567 0.69547
vn -0.1452 -0.80378 0.57693
vn -0.18639 -0.8346 0.51837
vn -0.09412 -0.82938 0.5507
vn -0.12389 -0.76715 0.62939
vn -0.12584 -0.8119 0.57008
vn -0.14098 -0.68209 0.71755
vn -0.10592 -0.64702 0.75508
vn -0.15453 -0.53255 0.83217
vn -0.11016 -0.48251 0.86894
vn -0.16829 -0.45105 0.87649
vn -0.12921 -0.43371 0.89174
vn -0.07954 -0.44468 0.89215
vn -0.10322 -0.39933 0.91098
vn -0.08607 -0.28298 0.95526
vn -0.1038 -0.25524 0.96129
vn -0.1017 -0.23587 0.96645
vn -0.11755 -0.20961 0.97069
vn -0.03179 0.2997 -0.9535
vn -0.03799 0.3033 -0.95214
vn -0.00939 0.25665 -0.96646
vn -0.00327 0.26899 -0.96314
vn 0.03157 0.19196 -0.98089
vn 0.03494 0.18976 -0.98121
vn 0.04546 0.18833 -0.98105
vn 0.02951 0.19858 -0.97964
vn 0.03459 0.1451 -0.98881
vn 0.06815 0.1223 -0.99015
vn 0.03519 0.1246 -0.99158
vn 0.0444 0.11884 -0.99192
vn 0.01981 0.11027 -0.9937
vn 0.04697 0.094 -0.99446
vn 0.05302 0.01042 -0.99854
vn 0.05893 0.00684 -0.99824
vn 0.11335 -0.04272 -0.99264
vn 0.06482 -0.02066 -0.99768
vn 0.15183 -0.15047 -0.97689
vn 0.16404 -0.43566 -0.88504
vn 0.21001 -0.28736 -0.93452
vn -0.06765 -0.49325 -0.86725
vn 0.21147 -0.4957 -0.84236
vn -0.13567 -0.68618 -0.71467
vn 0.04881 -0.68221 -0.72953
vn -0.05874 -0.83231 -0.55119
vn 0.03707 -0.83011 -0.55637
vn -0.09171 -0.81689 -0.56945
vn -0.07712 -0.81807 -0.56992
vn 0.04254 -0.92473 -0.37825
vn 0.08295 -0.92298 -0.37581
vn 0.11019 -0.94478 -0.30862
vn 0.10134 -0.94557 -0.30924
vn 0.05734 -0.92083 -0.38572
vn 0.04722 -0.9215 -0.3855
vn 0.16816 -0.96658 -0.19353
vn 0.18603 -0.95029 -0.2497
vn 0.20995 -0.96078 -0.18119
vn 0.17718 -0.96688 -0.18373
vn 0.23785 -0.96107 -0.14062
vn 0.23976 -0.96065 -0.14027
vn 0.2409 -0.95929 -0.14742
vn 0.2318 -0.96125 -0.14921
vn 0.26565 -0.95289 -0.14638
vn 0.2377 -0.95938 -0.15194
vn 0.27021 -0.95428 -0.12782
vn 0.27964 -0.9518 -0.12601
vn 0.10478 -0.97874 -0.17631
vn 0.24184 -0.9555 -0.16891
vn -0.07299 -0.95004 -0.30348
vn -0.06909 -0.94367 -0.32358
vn -0.07626 -0.94814 -0.30855
vn -0.07872 -0.94803 -0.30828
vn -0.04489 -0.96854 -0.24478
vn -0.04314 -0.95784 -0.28404
vn -0.12167 -0.96466 -0.2337
vn -0.12308 -0.95214 -0.27979
vn -0.0981 -0.97438 -0.2024
vn -0.08153 -0.97613 -0.20128
vn -0.08257 -0.98446 -0.155
vn -0.06246 -0.98643 -0.15183
vn -0.09348 -0.98846 -0.11918
vn -0.12058 -0.99257 -0.01659
vn -0.0361 -0.9993 0.01021
vn -0.11973 -0.99046 0.06815
vn -0.07114 -0.9943 0.07946
vn -0.15053 -0.97793 0.14488
vn -0.06359 -0.98385 0.16732
vn -0.17446 -0.95852 0.22538
vn -0.16941 -0.91143 0.37495
vn -0.14805 -0.90382 0.40149
vn -0.14625 -0.85862 0.49132
vn -0.15441 -0.86308 0.48088
vn -0.15682 -0.82535 0.54241
vn -0.13452 -0.88282 0.45005
vn -0.1103 -0.94087 0.3203
vn -0.11095 -0.91692 0.38333
vn -0.14546 -0.98771 0.05722
vn -0.0761 -0.9943 0.07465
vn -0.12303 -0.9924 0.00263
vn -0.0654 -0.99771 0.01705
vn -0.09586 -0.99495 -0.02986
vn -0.03023 -0.99939 -0.01725
vn -0.06527 -0.99551 -0.06852
vn -0.02617 -0.99774 -0.06181
vn -0.1034 -0.98231 -0.15611
vn -0.16318 -0.9512 -0.26189
vn -0.05378 -0.96782 -0.24583
vn -0.05306 -0.96814 -0.24473
vn 0.00904 -0.9718 -0.23562
vn 0.00578 -0.97011 -0.24259
vn 0.01114 -0.97037 -0.24137
vn -0.00424 -0.96254 -0.2711
vn -0.10894 -0.95357 -0.28079
vn -0.14103 -0.93465 -0.32641
vn -0.07348 -0.94401 -0.32162
vn -0.05422 -0.9551 -0.29129
vn -0.09479 -0.95056 -0.29571
vn -0.05646 -0.96756 -0.24624
vn -0.12879 -0.95852 -0.25427
vn -0.1093 -0.96838 -0.22428
vn -0.10206 -0.96933 -0.22358
vn 0.21052 -0.96018 -0.18368
vn 0.22242 -0.9608 -0.16554
vn 0.2764 -0.94838 -0.1555
vn 0.27222 -0.94857 -0.16161
vn 0.28353 -0.94563 -0.15934
vn 0.2987 -0.94442 -0.13731
vn 0.26948 -0.95234 -0.14294
vn 0.24695 -0.95319 -0.17451
vn 0.21714 -0.95997 -0.17693
vn 0.15885 -0.95391 -0.25461
vn 0.17389 -0.94194 -0.28726
vn 0.05394 -0.90102 -0.43041
vn 0.04925 -0.9014 -0.43018
vn 0.04355 -0.8987 -0.43639
vn 0.17518 -0.88498 -0.43141
vn 0.08195 -0.84703 -0.52518
vn 0.21671 -0.82129 -0.52775
vn 0.04548 -0.75982 -0.64854
vn 0.05911 -0.66447 -0.74498
vn 0.09025 -0.67645 -0.73094
vn 0.09893 -0.54367 -0.83345
vn 0.06517 -0.52935 -0.84589
vn 0.07452 -0.4892 -0.86898
vn -0.05246 -0.27408 -0.96027
vn -0.03903 -0.24708 -0.96821
vn -0.00671 -0.1283 -0.99171
vn -0.01937 -0.09065 -0.99569
vn 0.02926 -0.12068 -0.99226
vn 0.02627 -0.01955 -0.99946
vn 0.102 -0.07104 -0.99225
vn 0.08607 0.02319 -0.99602
vn 0.10085 0.0141 -0.9948
vn 0.0841 0.0976 -0.99167
vn 0.07272 0.1044 -0.99187
vn 0.07253 0.10542 -0.99178
vn 0.04693 0.1207 -0.99158
vn 0.04522 0.12988 -0.9905
vn 0.03124 0.13801 -0.98994
vn 0.02817 0.15394 -0.98768
vn 0.00269 0.16884 -0.98564
vn -0.00054 0.18586 -0.98258
vn -0.00418 0.18797 -0.98216
vn -0.02657 0.29143 -0.95622
vn 0.01888 0.26521 -0.96401
vn -0.02196 0.3494 -0.93672
vn 0.03477 0.34118 -0.93935
vn 0.02654 0.31293 -0.94941
vn -0.01266 0.18456 -0.98274
vn -0.00248 0.17846 -0.98394
vn -0.00325 0.16659 -0.98602
vn -0.00686 0.1687 -0.98564
vn 0.01515 0.13181 -0.99116
vn 0.00902 0.13547 -0.99074
vn 0.0284 0.11372 -0.99311
vn 0.02005 0.11869 -0.99273
vn 0.05511 0.09769 -0.99369
vn 0.02847 0.11355 -0.99312
vn 0.09976 0.01365 -0.99492
vn 0.08243 0.02382 -0.99631
vn 0.1406 -0.04738 -0.98893
vn 0.11928 -0.03875 -0.9921
vn 0.13863 -0.13303 -0.98137
vn 0.15616 -0.07213 -0.98509
vn 0.08556 0.26207 -0.96125
vn 0.07031 0.21088 -0.97498
vn 0.0812 0.20192 -0.97603
vn 0.07296 0.17108 -0.98255
vn 0.09426 0.15317 -0.98369
vn 0.09276 0.14792 -0.98464
vn 0.09352 0.14728 -0.98466
vn 0.08325 0.10953 -0.99049
vn 0.0884 0.10532 -0.9905
vn 0.08653 0.09857 -0.99136
vn 0.08044 0.10354 -0.99137
vn 0.05131 0.0093 -0.99864
vn 0.04544 0.0142 -0.99887
vn 0.03663 -0.0146 -0.99922
vn 0.03604 -0.0141 -0.99925
vn 0.01097 -0.07581 -0.99706
vn 0.04113 -0.00453 -0.99914
vn 0.04888 -0.00941 -0.99876
vn -0.01718 -0.2329 -0.97235
vn 0.21821 -0.28209 -0.93424
vn 0.02896 -0.09991 -0.99457
vn 0.07492 -0.13495 -0.98802
vn 0.02559 -0.10027 -0.99463
vn -0.0226 -0.28043 -0.95961
vn 0.11585 -0.1638 -0.97967
vn 0.1004 -0.21593 -0.97123
vn 0.2237 -0.37781 -0.89845
vn -0.10594 -0.96754 -0.22942
vn -0.08124 -0.96734 -0.24013
vn -0.08327 -0.98477 -0.1526
vn -0.12245 -0.99228 0.01962
vn -0.15129 -0.95777 0.24453
vn -0.05131 -0.95538 0.2909
vn -0.19131 -0.92412 0.33077
vn -0.1107 -0.92368 0.36682
vn -0.25045 -0.93792 0.23996
vn -0.12677 -0.95274 0.27606
vn -0.15072 -0.90456 0.39882
vn -0.12094 -0.91972 0.37349
vn -0.11898 -0.87631 0.46683
vn -0.16005 -0.82734 0.53842
vn -0.16755 -0.8003 0.57571
vn -0.17327 -0.79846 0.57657
vn -0.20426 -0.7144 0.66927
vn -0.14483 -0.65736 0.73953
vn -0.15548 -0.63085 0.76017
vn -0.09286 -0.55804 0.8246
vn -0.10138 -0.5365 0.83779
vn -0.06279 -0.26056 0.96341
vn -0.12353 -0.222 0.96719
vn -0.07862 -0.31986 0.9442
vn -0.06914 -0.30122 0.95105
vn -0.06315 -0.31279 0.94772
vn -0.08356 -0.2995 0.95043
vn -0.06072 -0.37395 0.92546
vn -0.11241 -0.34504 0.93183
vn 0.00255 -0.60058 0.79956
vn -0.00894 -0.61173 0.79102
vn 0.07933 -0.80043 0.59415
vn 0.02717 -0.85623 0.51588
vn 0.09344 -0.8385 0.53684
vn 0.05796 -0.88232 0.46707
vn 0.08236 -0.91952 0.38431
vn 0.024 -0.92458 0.38023
vn 0.0477 -0.95765 0.28395
vn 0.1774 -0.955 0.2377
vn 0.1826 -0.96657 0.17999
vn 0.17389 -0.98386 0.04229
vn 0.18252 -0.972 0.14799
vn -0.12256 -0.98802 0.09376
vn -0.14167 -0.98972 0.01966
vn -0.05247 -0.99813 0.03148
vn -0.00045 -0.97747 0.21109
vn -0.00923 -0.95555 0.2947
vn -0.04854 -0.96594 0.25415
vn -0.05661 -0.93743 0.34354
vn -0.05711 -0.84764 0.52749
vn -0.06772 -0.93084 0.3591
vn -0.12538 -0.99201 -0.01431
vn 0.00051 -0.9997 0.02449
vn -0.07878 -0.99021 -0.11525
vn 0.02194 -0.99605 -0.08599
vn 0.00695 -0.98024 -0.1977
vn -0.03557 -0.96246 -0.26908
vn -0.03163 -0.96265 -0.26891
vn -0.11443 -0.93351 -0.3398
vn -0.1194 -0.94176 -0.31437
vn 0.05307 -0.98621 -0.15679
vn 0.25901 -0.95522 -0.14305
vn 0.27304 -0.95424 -0.12197
vn 0.27302 -0.95424 -0.12198
vn 0.27323 -0.95422 -0.12168
vn 0.27288 -0.95431 -0.12175
vn 0.23857 -0.95596 -0.17094
vn 0.23121 -0.9575 -0.17243
vn 0.24014 -0.95747 -0.15994
vn 0.19574 -0.96614 -0.16813
vn 0.19661 -0.96615 -0.16703
vn 0.11503 -0.97808 -0.17357
vn 0.10533 -0.97761 -0.18216
vn 0.1016 -0.98232 -0.15727
vn 0.05656 -0.97832 -0.19921
vn 0.03499 -0.97929 -0.19941
vn -0.04012 -0.95406 -0.29691
vn 0.04218 -0.95658 -0.28839
vn 0.05826 -0.96184 -0.26732
vn 0.06474 -0.96157 -0.2668
vn 0.01285 -0.94262 -0.33361
vn 0.10594 -0.93941 -0.32601
vn -0.02734 -0.87573 -0.48203
vn 0.03714 -0.876 -0.48087
vn 0.03147 -0.87279 -0.48709
vn 0.1065 -0.86638 -0.4879
vn 0.0385 -0.82399 -0.56529
vn 0.09348 -0.82274 -0.56068
vn 0.00023 -0.71882 -0.6952
vn 0.09597 -0.72184 -0.68537
vn 0.05018 -0.67171 -0.73912
vn 0.17425 -0.67005 -0.72158
vn 0.06646 -0.53562 -0.84184
vn 0.13637 -0.53829 -0.83166
vn -0.01529 -0.27701 -0.96074
vn 0.11177 -0.30853 -0.94462
vn 0.03579 -0.12828 -0.99109
vn 0.07345 -0.14691 -0.98642
vn 0.02887 -0.02441 -0.99929
vn 0.10699 -0.06507 -0.99213
vn 0.05694 0.07433 -0.99561
vn 0.04071 0.13097 -0.99055
vn 0.01159 0.17713 -0.98412
vn 0.02462 0.17079 -0.985
vn 0.01682 0.19701 -0.98026
vn 0.01819 0.19601 -0.98043
vn -0.00332 0.25897 -0.96588
vn -0.0087 0.26243 -0.96491
vn -0.03487 0.32265 -0.94588
vn 0.00323 0.29909 -0.95422
vn -0.03495 0.3823 -0.92338
vn -0.04022 0.38472 -0.92215
vn -0.08555 -0.25956 0.96193
vn -0.07683 -0.22326 0.97173
vn -0.08569 -0.26551 0.96029
vn -0.08505 -0.26049 0.96172
vn -0.04447 -0.33369 0.94163
vn -0.05561 -0.39575 0.91667
vn -0.07553 -0.35632 0.93131
vn -0.04727 -0.76518 0.64208
vn -0.1217 -0.56517 0.81595
vn -0.09157 -0.47035 0.87772
vn -0.07481 -0.4006 0.91319
vn -0.08607 -0.43707 0.8953
vn -0.10896 -0.32972 0.93777
vn -0.10069 -0.27163 0.95712
vn -0.0902 -0.2934 0.95173
vn -0.08223 -0.25836 0.96254
vn -0.0845 -0.25312 0.96374
vn -0.09308 -0.84069 -0.53346
vn -0.0713 -0.921 -0.38298
vn -0.03899 -0.88708 -0.45997
vn 0.00367 -0.94366 -0.33089
vn -0.02428 -0.94341 -0.33073
vn 0.00882 -0.96718 -0.25392
vn 0.07558 -0.96612 -0.24678
vn 0.05997 -0.97636 -0.20766
vn 0.0457 -0.97673 -0.20956
vn 0.07459 -0.98286 -0.16859
vn -0.11232 -0.97383 -0.1976
vn 0.07111 -0.98218 -0.17397
vn 0.00109 -0.96966 -0.24445
vn -0.15714 -0.95222 -0.2619
vn 0.04088 -0.96958 -0.24133
vn 0.12548 -0.97947 -0.15778
vn 0.0988 -0.98184 -0.16196
vn 0.05672 -0.96967 -0.23776
vn 0.06965 -0.96927 -0.23594
vn 0.02324 -0.95304 -0.30195
vn -0.18085 -0.92426 -0.33622
vn -0.07941 -0.94173 -0.32687
vn -0.18379 -0.92115 -0.34307
vn -0.06753 -0.9526 -0.29663
vn -0.05527 -0.95321 -0.29721
vn 0.07838 -0.97325 -0.21595
vn 0.09188 -0.97152 -0.2184
vn 0.07629 -0.97206 -0.222
vn 0.05421 -0.97722 -0.2052
vn 0.10803 -0.97465 -0.19592
vn -0.00359 -0.98479 -0.1737
vn 0.08831 -0.98344 -0.15826
vn 0.04319 -0.98881 -0.14281
vn 0.01616 -0.989 -0.14706
vn 0.00121 -0.95534 0.29552
vn 0.11832 -0.94129 0.3162
vn 0.08711 -0.92332 0.37402
vn 0.05278 -0.95828 0.28091
vn 0.21282 -0.91746 0.33611
vn 0.00778 -0.73996 0.67261
vn 0.10862 -0.89742 0.4276
vn 0.12088 -0.90359 0.41098
vn 0.14016 -0.89894 0.41503
vn 0.12481 -0.90028 0.41704
vn 0.04181 -0.91224 0.40752
vn 0.09261 -0.89881 0.42845
vn -0.05321 -0.58864 0.80664
vn -0.03074 -0.58953 0.80716
vn -0.03714 -0.46312 0.88552
vn -0.05674 -0.55931 0.82701
vn -0.03543 -0.46623 0.88395
vn -0.08398 -0.30966 0.94713
vn -0.06851 -0.31958 0.94508
vn -0.06627 -0.32734 0.94258
vn -0.05094 -0.28399 0.95747
vn -0.0368 -0.31802 0.94737
vn -0.00828 -0.23149 0.9728
vn -0.04458 -0.96759 -0.24855
vn -0.03698 -0.9789 -0.20099
vn -0.00826 -0.98036 -0.19702
vn -0.03208 -0.9804 -0.19439
vn 0.03526 -0.98176 -0.1868
vn 0.137 -0.97557 -0.17171
vn 0.03855 -0.98254 -0.18202
vn 0.11691 -0.9738 -0.19506
vn 0.12082 -0.97344 -0.19448
vn -0.01667 -0.97362 -0.22758
vn 0.11704 -0.97383 -0.19483
vn 0.14981 -0.96397 -0.21981
vn 0.0606 -0.97009 -0.23505
vn -0.04067 -0.97357 -0.22473
vn -0.03107 -0.97134 -0.23565
vn -0.08375 -0.9683 -0.23533
vn -0.09598 -0.96241 -0.25407
vn -0.07885 -0.95874 -0.27312
vn -0.00257 -0.9719 -0.23537
vn -0.00358 -0.97648 -0.21556
vn 0.10181 -0.98036 -0.16892
vn 0.10163 -0.9793 -0.17505
vn -0.05246 -0.97698 -0.20678
vn 0.06724 -0.97778 -0.19854
vn -0.14137 -0.98092 -0.13348
vn 0.01849 -0.99376 -0.10997
vn -0.02404 -0.9997 -0.00374
vn -0.05403 -0.99851 -0.00816
vn -0.00562 -0.99057 0.13692
vn -0.05731 -0.96796 0.24448
vn 0.07519 -0.96144 0.26455
vn -0.03874 -0.92424 0.37985
vn -0.05889 -0.92293 0.38043
vn -0.03111 -0.91939 0.3921
vn -0.02224 -0.88094 0.47271
vn -0.03984 -0.85694 0.51387
vn -0.00646 -0.83322 0.5529
vn -0.01524 -0.79985 0.60001
vn -0.04356 -0.82289 0.56653
vn -0.02913 -0.92181 0.38655
vn -0.04603 -0.87627 0.47962
vn -0.00701 -0.96248 0.27126
vn -0.01229 -0.96527 0.26096
vn 0.03205 -0.96056 0.27624
vn 0.01977 -0.99342 0.11278
vn 0.01785 -0.97053 0.24033
vn -0.02306 -0.96317 0.26791
vn -0.02986 -0.95627 0.29095
vn 0.00813 -0.9407 0.33913
vn 0.00312 -0.89628 0.44347
vn -0.03986 -0.91695 0.39701
vn -0.05763 -0.87442 0.48173
vn -0.02779 -0.87897 0.47606
vn -0.03926 -0.83647 0.5466
vn -0.03794 -0.83555 0.5481
vn -0.0376 -0.78799 0.61453
vn -0.03705 -0.70085 0.71235
vn -0.03203 -0.78359 0.62045
vn -0.06972 -0.76923 0.63515
vn -0.06505 -0.84427 0.53196
vn -0.00132 -0.96658 0.25634
vn -0.01096 -0.94891 0.31535
vn -0.02455 -0.97431 0.22386
vn 0.00768 -0.97226 0.23379
vn -0.03095 -0.99166 0.12511
vn 0.02711 -0.98837 0.14964
vn 0.00719 -0.99437 0.10572
vn 0.08204 -0.9886 0.12629
vn 0.04959 -0.9969 0.06103
vn -0.03289 -0.99723 -0.06666
vn -0.03679 -0.99704 -0.06757
vn 0.06724 -0.98998 -0.12413
vn 0.04723 -0.99069 -0.12766
vn 0.08801 -0.99568 -0.02954
vn 0.13525 -0.99058 -0.02129
vn -0.03269 -0.97151 -0.23472
vn -0.04705 -0.97062 -0.23598
vn -0.08564 -0.95297 -0.29071
vn -0.12112 -0.94738 -0.29632
vn -0.05973 -0.94247 -0.32892
vn -0.00054 -0.94441 -0.32877
vn 0.06989 -0.96799 -0.24107
vn 0.04225 -0.96862 -0.24491
vn 0.04889 -0.97047 -0.23624
vn 0.0339 -0.97054 -0.23855
vn 0.05618 -0.97675 -0.20689
vn -0.22651 -0.94352 -0.24178
vn -0.01323 -0.97165 -0.23604
vn -0.20773 -0.94812 -0.24064
vn 0.0309 -0.9712 -0.23625
vn -0.1097 -0.95996 -0.25776
vn -0.08171 -0.95718 -0.27773
vn -0.12351 -0.95085 -0.28395
vn -0.06729 -0.96643 -0.24796
vn 0.03149 -0.96918 -0.24433
vn -0.07439 -0.96496 -0.25165
vn 0.0199 -0.97112 -0.23775
vn 0.03877 -0.97118 -0.23519
vn -0.13695 -0.96614 -0.2187
vn 0.05091 -0.97925 -0.19617
vn -0.12991 -0.97997 -0.15096
vn -0.09845 -0.98478 -0.14325
vn -0.02259 -0.98304 -0.18202
vn -0.06238 -0.99609 0.0625
vn -0.05801 -0.99605 0.06725
vn 0.05275 -0.99854 0.01125
vn 0.06765 -0.99759 0.01543
vn 0.00149 -0.99455 -0.10424
vn 0.05785 -0.99379 -0.09503
vn 0.00843 -0.98448 -0.17528
vn -0.0029 -0.98415 -0.17733
vn -0.09725 -0.95002 -0.29665
vn -0.14969 -0.94112 -0.30313
vn -0.10312 -0.96473 -0.24221
vn 0.063 -0.97181 -0.22721
vn 0.1056 -0.97941 -0.17204
vn 0.0777 -0.98108 -0.17733
vn 0.07879 -0.98134 -0.17542
vn -0.06106 -0.97506 -0.21337
vn -0.10035 -0.97091 -0.21739
vn -0.05959 -0.97609 -0.20905
vn -0.01973 -0.96893 -0.24654
vn 0.12338 -0.97284 -0.19587
vn 0.12219 -0.97474 -0.18695
vn 0.06819 -0.9782 -0.19613
vn 0.12673 -0.97305 -0.19263
vn -0.11937 -0.99088 0.06253
vn 0.00769 -0.98824 -0.15272
vn 0.05249 -0.98744 -0.14905
vn 0.00909 -0.97707 -0.21271
vn 0.05192 -0.97748 -0.20455
vn 0.00348 -0.95097 -0.30926
vn 0.00139 -0.95059 -0.31044
vn -0.07597 -0.94568 -0.31609
vn -0.10211 -0.96208 -0.25292
vn 0.11097 -0.96315 -0.24501
vn -0.07949 -0.94401 -0.32019
vn -0.01875 -0.94901 -0.31468
vn 0.03526 -0.97023 -0.2396
vn 0.02749 -0.9702 -0.24074
vn -0.0707 -0.9633 -0.25894
vn 0.0305 -0.96879 -0.24598
vn -0.0625 -0.94342 -0.32566
vn -0.07869 -0.95935 -0.27104
vn -0.14221 -0.91473 -0.37822
vn -0.14293 -0.94905 -0.28083
vn -0.01915 -0.96899 -0.24637
vn -0.10645 -0.9768 -0.18585
vn -0.08879 -0.97908 -0.18307
vn -0.10493 -0.99436 -0.01572
vn -0.05133 -0.99867 -0.005
vn -0.0098 -0.99385 0.1103
vn -0.03172 -0.99394 0.10524
vn 0.00774 -0.98112 0.19327
vn 0.04227 -0.97912 0.19883
vn 0.03778 -0.99756 0.05869
vn -0.0979 -0.99488 -0.02495
vn 0.12058 -0.99236 0.0261
vn -0.11755 -0.9889 0.09088
vn -0.01339 -0.9934 0.11393
vn -0.03532 -0.96453 0.26159
vn -0.04079 -0.93046 0.36412
vn -0.07044 -0.97325 0.2187
vn -0.02978 -0.97312 0.22837
vn -0.03691 -0.9087 0.41581
vn -0.0221 -0.90533 0.42414
vn -0.06301 -0.87086 0.48748
vn -0.01401 -0.86428 0.50281
vn -0.08698 -0.74127 0.66554
vn -0.04192 -0.8536 0.51924
vn -0.11564 -0.64662 0.75399
vn -0.08875 -0.61087 0.78674
vn -0.04665 -0.47236 0.88017
vn -0.066 -0.4574 0.88681
vn -0.05214 -0.43973 0.89661
vn -0.0005 -0.33247 0.94311
vn -0.00146 -0.3303 0.94387
vn 0.0147 -0.30231 0.9531
vn -0.01581 -0.2568 0.96633
vn 0.00725 -0.27212 0.96224
vn 0.03491 -0.99178 -0.12311
vn 0.03386 -0.99879 -0.03573
vn 0.10135 -0.99456 -0.02387
vn 0.03052 -0.99465 0.09868
vn 0.13016 -0.98428 0.11937
vn 0.07446 -0.9231 0.37729
vn 0.11457 -0.95867 0.26044
vn 0.02072 -0.92167 0.38742
vn 0.09282 -0.90934 0.40557
vn 0.00436 -0.82818 0.56044
vn 0.04249 -0.79708 0.60237
vn 0.03898 -0.7895 0.61251
vn 0.07989 -0.74909 0.65764
vn 0.05191 -0.67675 0.73438
vn 0.04703 -0.6819 0.72993
vn 0.01475 -0.71226 0.70176
vn 0.03902 -0.63421 0.77217
vn 0.08523 -0.7183 0.6905
vn 0.15544 -0.64679 0.74666
vn 0.12297 -0.58375 0.80256
vn 0.05302 -0.27133 0.96102
vn 0.11279 -0.30899 0.94435
vn 0.03988 -0.23658 0.97079
vn -0.00408 -0.92287 0.38509
vn -0.01712 -0.92503 0.37951
vn 0.03193 -0.81898 0.57294
vn 0.06417 -0.85799 0.50964
vn 0.04391 -0.78265 0.62091
vn 0.05024 -0.80494 0.59123
vn 0.09985 -0.81936 0.56451
vn 0.12377 -0.79744 0.59056
vn 0.12918 -0.82294 0.55325
vn 0.17541 -0.78637 0.59233
vn 0.11525 -0.68245 0.72179
vn 0.13563 -0.65786 0.74083
vn -0.00204 -0.3949 0.91872
vn 0.07204 -0.37487 0.92427
vn -0.00322 -0.33593 0.94188
vn 0.03538 -0.3011 0.95294
vn 0.05044 -0.31058 0.94921
vn 0.00897 -0.24259 0.97009
vn 0.06485 -0.3217 0.94462
vn -0.00666 -0.32744 0.94485
vn 0.03289 -0.42004 0.90691
vn 0.12043 -0.70551 0.69839
vn 0.01834 -0.46276 0.88629
vn 0.10859 -0.87112 0.47891
vn 0.07297 -0.3011 0.9508
vn -0.00143 -0.25608 0.96665
vn 0.02477 -0.31996 0.94711
vn -0.02088 -0.29664 0.95476
vn 0.01226 -0.37089 0.9286
vn 0.13522 -0.63701 0.7589
vn 0.18266 -0.76759 0.61436
vn 0.08885 -0.63358 0.76856
vn 0.00918 -0.37444 0.92721
vn 0.09103 -0.26976 0.95862
vn 0.04458 -0.24034 0.96966
vn 0.07634 -0.30045 0.95074
vn 0.10728 -0.40956 0.90595
vn 0.05593 -0.38441 0.92146
vn 0.01382 -0.37571 0.92663
vn 0.06561 -0.41209 0.90878
vn 0.11794 -0.65669 0.74488
vn 0.13931 -0.68413 0.71593
vn 0.16178 -0.78667 0.59581
vn 0.20204 -0.82399 0.52936
vn 0.1799 -0.84491 0.50375
vn 0.15829 -0.81754 0.55369
vn 0.06905 -0.75799 0.6486
vn 0.03332 -0.80244 0.59581
vn 0.05627 -0.81913 0.57084
vn -0.00303 -0.87821 0.47827
vn 0.0236 -0.89378 0.44788
vn 0.03132 -0.8923 0.45036
vn 0.01102 -0.89126 0.45336
vn -0.03245 -0.99656 0.07629
vn -0.04309 -0.94584 0.32176
vn 0.02896 -0.27038 0.96232
vn 0.02166 -0.26661 0.96356
vn 0.0573 -0.4491 0.89164
vn 0.09037 -0.51631 0.85162
vn 0.00721 -0.55411 0.83241
vn 0.00935 -0.62317 0.78203
vn 0.00701 -0.71282 0.70131
vn -0.045 -0.70812 0.70466
vn -0.00434 -0.78993 0.61318
vn -0.03287 -0.78999 0.61224
vn -0.01346 -0.6889 0.72473
vn -0.02983 -0.67054 0.74128
vn -0.02123 -0.66378 0.74763
vn -0.01081 -0.57539 0.81781
vn -0.00798 -0.57924 0.81512
vn -0.01336 -0.58384 0.81176
vn -0.00359 -0.50865 0.86096
vn 0.00179 -0.51646 0.85631
vn 0.0191 -0.48487 0.87438
vn 0.01127 -0.46862 0.88333
vn 0.03797 -0.41035 0.91114
vn 0.03724 -0.40899 0.91178
vn 0.06265 -0.36519 0.92882
vn 0.00616 -0.48038 0.87704
vn -0.02244 -0.50465 0.86303
vn -0.04552 -0.58467 0.80999
vn -0.03268 -0.6194 0.78439
vn -0.00759 -0.59666 0.80246
vn -0.01693 -0.65199 0.75804
vn -0.01834 -0.51267 0.85839
vn -0.00585 -0.4637 0.88597
vn -0.15322 -0.49181 0.85712
vn -0.13744 -0.44286 0.88599
vn -0.11921 -0.48444 0.86666
vn -0.02149 -0.42015 0.9072
vn 0.00131 -0.35531 0.93475
vn -0.02479 -0.36118 0.93217
vn 0.00472 -0.24475 0.96958
vn 0.02315 -0.27864 0.96012
vn 0.03259 -0.19754 0.97975
vn 0.00797 -0.36971 0.92911
vn 0.04565 -0.27203 0.96121
vn 0.00405 -0.48475 0.87464
vn -0.0219 -0.57431 0.81834
vn -0.02312 -0.58259 0.81244
vn -0.02902 -0.65694 0.75339
vn -0.03612 -0.70135 0.7119
vn -0.02696 -0.78635 0.6172
vn -0.01131 -0.67184 0.74061
vn -0.02166 -0.65576 0.75466
vn 0.03413 -0.58021 0.81375
vn -0.03944 -0.61802 0.78517
vn -0.00702 -0.57936 0.81504
vn -0.01294 -0.57681 0.81678
vn 0.12053 -0.59274 0.79632
vn 0.10545 -0.56432 0.81879
vn 0.14405 -0.4926 0.85825
vn 0.12783 -0.50166 0.85557
vn 0.04816 -0.2819 0.95824
vn 0.10398 -0.30011 0.94822
vn 0.03585 -0.22693 0.97325
vn 0.03948 -0.22917 0.97259
vn -0.02053 -0.55177 0.83374
vn 0.0061 -0.51651 0.85626
vn 0.02776 -0.59787 0.80111
vn 0.00423 -0.5129 0.85844
vn 0.043 -0.47041 0.8814
vn 0.07998 -0.49653 0.86433
vn 0.10913 -0.40426 0.90811
vn 0.09758 -0.44485 0.89027
vn 0.03713 -0.40902 0.91177
vn 0.03672 -0.33463 0.94163
vn 0.06337 -0.25687 0.96437
vn 0.02056 -0.26696 0.96349
vn 0.03927 -0.1923 0.98055
vn 0.03547 -0.22985 0.97258
vn 0.04567 -0.22581 0.9731
vn 0.06177 -0.25301 0.96549
vn 0.03424 -0.23686 0.97094
vn 0.04942 -0.27198 0.96103
vn 0.00256 -0.33114 0.94358
vn -0.00761 -0.36626 0.93048
vn 0.14325 -0.56395 0.81329
vn 0.12986 -0.58419 0.80116
vn 0.06894 -0.64935 0.75736
vn 0.13745 -0.71674 0.68366
vn -0.01483 -0.63062 0.77595
vn -0.00089 -0.65791 0.7531
vn 0.01486 -0.80777 0.58931
vn -0.00352 -0.72985 0.6836
vn -0.04801 -0.70268 0.70989
vn 0.08728 -0.76587 0.63704
vn -0.00217 -0.67551 0.73735
vn 0.08411 -0.67968 0.72867
vn 0.0267 -0.75447 0.6558
vn 0.04573 -0.79055 0.61069
vn 0.02824 -0.7958 0.6049
vn 0.04945 -0.82958 0.5562
vn 0.01199 -0.85633 0.5163
vn 0.01993 -0.88737 0.46062
vn 0.06058 -0.89233 0.4473
vn 0.03085 -0.92492 0.37891
vn -0.00738 -0.94355 0.33114
vn 0.05636 -0.93684 0.34517
vn -0.02629 -0.97507 0.22034
vn 0.07573 -0.96454 0.25284
vn 0.08569 -0.97076 0.22422
vn 0.10888 -0.96793 0.2264
vn -0.01057 -0.97367 0.22772
vn 0.06534 -0.96767 0.2436
vn -0.03981 -0.2959 0.95439
vn -0.02142 -0.29976 0.95377
vn -0.02868 -0.31613 0.94828
vn -0.01627 -0.33526 0.94198
vn -0.01206 -0.32133 0.94689
vn -0.0402 -0.32921 0.9434
vn -0.06762 -0.45771 0.88653
vn -0.04173 -0.49301 0.86902
vn -0.0685 -0.55788 0.82709
vn -0.06267 -0.56901 0.81994
vn -0.07225 -0.5659 0.8213
vn -0.04811 -0.66073 0.74908
vn -0.05696 -0.66493 0.74473
vn -0.07022 -0.71568 0.69489
vn -0.08364 -0.70043 0.70881
vn -0.19078 -0.81888 0.54133
vn -0.0297 -0.80597 0.59121
vn -0.09735 -0.72869 0.67789
vn -0.10637 -0.61438 0.78181
vn -0.14142 -0.51269 0.84685
vn -0.14577 -0.52977 0.83552
vn -0.04345 -0.56089 0.82675
vn -0.10088 -0.60897 0.78675
vn -0.09847 -0.60567 0.7896
vn -0.08613 -0.61595 0.78306
vn -0.07594 -0.6529 0.75363
vn -0.08114 -0.65878 0.74795
vn -0.07551 -0.7322 0.67689
vn -0.04402 -0.74748 0.66282
vn -0.05004 -0.89737 0.43844
vn -0.04495 -0.83268 0.55193
vn -0.00849 -0.66565 0.74622
vn -0.01486 -0.95018 0.31133
vn -0.01675 -0.88141 0.47205
vn -0.08005 -0.9062 0.41519
vn -0.0658 -0.94072 0.33273
vn -0.01063 -0.84138 0.54033
vn -0.01206 -0.9856 0.16865
vn -0.02819 -0.96273 0.26901
vn -0.02321 -0.96324 0.26764
vn -0.05195 -0.96446 0.25908
vn -0.0978 -0.98329 0.15355
vn -0.0749 -0.98397 0.16181
vn -0.04546 -0.99803 0.04332
vn 0.07237 -0.99592 0.05389
vn 0.00069 -0.9743 0.22527
vn -0.00333 -0.96272 0.27048
vn -0.02704 -0.92211 0.38597
vn 0.00576 -0.95911 0.28297
vn -0.00521 -0.89268 0.45065
vn 0.0013 -0.89184 0.45235
vn 0.00253 -0.88365 0.46815
vn -0.06409 -0.78022 0.62222
vn -0.04456 -0.82273 0.56668
vn -0.03824 -0.87196 0.48808
vn -0.04306 -0.82255 0.56706
vn -0.00348 -0.78961 0.6136
vn 0.07019 -0.86806 0.49148
vn 0.03026 -0.89334 0.44835
vn 0.0692 -0.93292 0.35337
vn -0.03975 -0.92656 0.37405
vn 0.06817 -0.93356 0.35188
vn 0.06049 -0.93492 0.34965
vn 0.03282 -0.95376 0.29878
vn 0.02533 -0.95485 0.296
vn -0.0114 -0.95607 0.29293
vn -0.00999 -0.99232 0.12331
vn 0.05702 -0.98899 0.13654
vn 0.00978 -0.99827 0.05797
vn 0.07125 -0.99517 0.06756
vn 0.00421 -0.99882 -0.04836
vn 0.07917 -0.98588 0.14757
vn -0.08354 -0.99636 0.01678
vn 0.0979 -0.99386 0.05156
vn 0.02508 -0.99866 -0.04536
vn -0.00128 -0.99545 -0.09529
vn 0.0971 -0.99206 -0.07995
vn -0.04477 -0.98817 -0.14668
vn -0.11203 -0.98133 -0.15636
vn 0.03583 -0.98502 -0.16866
vn 0.0861 -0.98347 -0.15929
vn -0.19339 -0.94354 -0.26894
vn -0.01251 -0.97006 -0.24255
vn 0.08578 -0.9834 -0.15989
vn 0.01983 -0.98138 -0.19103
vn 0.09864 -0.97993 -0.17324
vn 0.04855 -0.9843 -0.1697
vn 0.02332 -0.96711 -0.2533
vn 0.0917 -0.97821 -0.18627
vn -0.00714 -0.97695 -0.21335
vn -0.09464 -0.96174 -0.25709
vn -0.07951 -0.96894 -0.23415
vn -0.10037 -0.9709 -0.21742
vn 0.01402 -0.96536 -0.26053
vn 0.00983 -0.97955 -0.20097
vn -0.14335 -0.93963 -0.31071
vn -0.05268 -0.9529 -0.29868
vn 0.15382 -0.96816 -0.19751
vn 0.15713 -0.96482 -0.21081
vn -0.21895 -0.9481 -0.2306
vn -0.03007 -0.97577 -0.21672
vn -0.01433 -0.98105 -0.19324
vn 0.09079 -0.98004 -0.17685
vn 0.09844 -0.98121 -0.16593
vn 0.07268 -0.97486 -0.21061
vn 0.12564 -0.97858 -0.16307
vn 0.10742 -0.97656 -0.18654
vn 0.0421 -0.98045 -0.1922
vn 0.07891 -0.98371 -0.16153
vn 0.07527 -0.98393 -0.16189
vn -0.02397 -0.97925 -0.20122
vn -0.14316 -0.96569 -0.21668
vn -0.08716 -0.98735 -0.13246
vn 0.02895 -0.97761 -0.20845
vn -0.02028 -0.97661 -0.21406
vn 0.04007 -0.97784 -0.20549
vn 0.02744 -0.97789 -0.2073
vn -0.02999 -0.97362 -0.2262
vn -0.06697 -0.9706 -0.23118
vn -0.0714 -0.96882 -0.23725
vn -0.0426 -0.30077 0.95274
vn -0.04165 -0.42184 0.90571
vn -0.00962 -0.4722 0.88144
vn -0.07984 -0.65352 0.75268
vn 0.01924 -0.72963 0.68358
vn -0.02332 -0.73926 0.67302
vn -0.089 -0.81756 0.56892
vn 0.21045 -0.7424 0.63605
vn 0.08417 -0.9144 0.39596
vn 0.11091 -0.91018 0.39909
vn 0.15247 -0.97498 0.16177
vn 0.20473 -0.96201 0.1806
vn 0.16954 -0.96701 0.19011
vn 0.14127 -0.97295 0.18278
vn 0.05895 -0.87967 0.47191
vn -0.09892 -0.87473 0.47441
vn -0.0082 -0.86015 0.50997
vn -0.06747 -0.90846 0.41248
vn 0.00176 -0.90517 0.42504
vn 0.08529 -0.98202 -0.16843
vn 0.0418 -0.98376 -0.17457
vn 0.00425 -0.97363 -0.22808
vn -0.01503 -0.97288 -0.23083
vn -0.02584 -0.96935 -0.24431
vn 0.0786 -0.96982 -0.23082
vn 0.08791 -0.97193 -0.21822
vn 0.06776 -0.97322 -0.21965
vn 0.04051 -0.97133 -0.23428
vn 0.03178 -0.96698 -0.25285
vn -0.13189 -0.95053 -0.28124
vn -0.15644 -0.93463 -0.31936
vn -0.23162 -0.91425 -0.33241
vn -0.05144 -0.97751 -0.20452
vn 0.03773 -0.99825 -0.04552
vn 0.03164 -0.99841 -0.04674
vn -0.03439 -0.99921 -0.02012
vn 0.00184 -0.99985 -0.01703
vn -0.06259 -0.97747 -0.20159
vn -0.18519 -0.95867 -0.21601
vn -0.02177 -0.97593 -0.21698
vn -0.03866 -0.97494 -0.21909
vn 0.04936 -0.96567 -0.25502
vn -0.05725 -0.96244 -0.26538
vn 0.04596 -0.97616 -0.21211
vn 0.08401 -0.97466 -0.2073
vn -0.03623 -0.96655 -0.25392
vn 0.0236 -0.96923 -0.24501
vn 0.07168 -0.96757 -0.24222
vn -0.04026 -0.96499 -0.25919
vn 0.09255 -0.9735 -0.20914
vn 0.1595 -0.96751 -0.19615
vn 0.17603 -0.96629 -0.18787
vn 0.1631 -0.96809 -0.19026
vn 0.21584 -0.96829 -0.12583
vn 0.22037 -0.96738 -0.12496
vn -0.16589 -0.97085 -0.17301
vn 0.25603 -0.96037 -0.11014
vn 0.25442 -0.96076 -0.11046
vn 0.24983 -0.96119 -0.11707
vn 0.21358 -0.96899 -0.12425
vn 0.18574 -0.96884 -0.16388
vn 0.15168 -0.97356 -0.17082
vn 0.14378 -0.97267 -0.18234
vn 0.14147 -0.97292 -0.18279
vn 0.11866 -0.96824 -0.22005
vn 0.0584 -0.97105 -0.23164
vn 0.06028 -0.97168 -0.22847
vn -0.04716 -0.96816 -0.24586
vn 0.11348 -0.96636 -0.23081
vn -0.02193 -0.97712 -0.21156
vn 0.03661 -0.9782 -0.20443
vn 0.04463 -0.98034 -0.19221
vn -0.01882 -0.9796 -0.20009
vn -0.01626 -0.98041 -0.19627
vn -0.04478 -0.97881 -0.19983
vn -0.02286 -0.9854 -0.16872
vn 0.0984 -0.98331 -0.15304
vn -0.02805 -0.93628 -0.35014
vn -0.01941 -0.93677 -0.3494
vn -0.03602 -0.92844 -0.36974
vn 0.00806 -0.92942 -0.36894
vn -0.02597 -0.8986 -0.438
vn 0.04771 -0.90292 -0.42716
vn -0.02038 -0.85452 -0.51902
vn 0.07193 -0.85021 -0.52151
vn 0.0263 -0.82005 -0.57169
vn 0.15081 -0.80883 -0.56838
vn 0.06753 -0.76187 -0.6442
vn 0.18553 -0.74424 -0.64163
vn 0.05335 -0.68285 -0.72861
vn 0.07885 -0.56825 -0.81907
vn 0.04297 -0.52427 -0.85047
vn 0.07994 -0.53287 -0.84242
vn 0.0944 -0.41442 -0.90518
vn 0.01412 -0.29876 -0.95422
vn 0.1448 -0.33199 -0.9321
vn 0.08419 -0.16758 -0.98226
vn 0.18122 -0.21201 -0.96032
vn 0.09751 0.03111 -0.99475
vn 0.08168 0.04037 -0.99584
vn 0.05679 0.10942 -0.99237
vn 0.05238 0.11226 -0.9923
vn 0.03323 0.1626 -0.98613
vn 0.03068 0.16421 -0.98595
vn 0.01185 0.21262 -0.97706
vn -0.00129 0.2209 -0.9753
vn -0.00561 0.23461 -0.97207
vn 0.01532 0.21956 -0.97548
vn -0.00467 0.29568 -0.95528
vn -0.02272 0.30631 -0.95166
vn -0.01349 0.28186 -0.95936
vn -0.05961 0.30951 -0.94902
vn -0.05975 -0.48307 -0.87354
vn -0.02659 -0.60108 -0.79875
vn -0.01671 -0.55589 -0.83109
vn 0.02571 -0.70338 -0.71035
vn 0.0391 -0.6492 -0.75961
vn 0.00446 -0.81039 -0.58588
vn 0.04141 -0.71458 -0.69832
vn 0.03139 -0.88114 -0.47181
vn 0.1205 -0.87443 -0.46995
vn 0.03106 -0.92223 -0.38538
vn 0.1207 -0.9182 -0.37727
vn 0.05685 -0.95791 -0.28138
vn 0.12417 -0.95314 -0.27587
vn -0.05053 -0.96384 -0.26165
vn 0.07685 -0.96345 -0.25664
vn -0.09 -0.96011 -0.26473
vn -0.0524 -0.96311 -0.26395
vn -0.06674 -0.9757 -0.2087
vn -0.04333 -0.97733 -0.20724
vn -0.07291 -0.96243 -0.26157
vn -0.00521 -0.9662 -0.25774
vn -0.133 -0.97017 -0.20271
vn -0.02256 -0.98005 -0.19745
vn -0.03978 -0.95327 -0.29948
vn -0.04963 -0.95274 -0.2997
vn -0.09898 -0.92882 -0.35708
vn 0.07088 -0.9326 -0.35387
vn 0.06261 -0.92951 -0.36344
vn 0.15617 -0.92182 -0.35477
vn 0.04262 -0.87713 -0.47837
vn 0.14326 -0.87142 -0.46916
vn 0.02435 -0.80951 -0.5866
vn 0.13489 -0.80019 -0.58438
vn 0.01747 -0.72464 -0.6889
vn 0.04522 -0.64325 -0.76432
vn 0.04989 -0.64104 -0.76589
vn 0.04717 -0.6447 -0.76298
vn 0.07309 -0.57087 -0.81778
vn 0.09043 -0.56156 -0.82248
vn 0.02524 -0.49002 -0.87134
vn 0.06024 -0.49322 -0.86782
vn 0.02757 -0.43897 -0.89808
vn 0.06143 -0.31511 -0.94707
vn 0.08664 -0.3052 -0.94834
vn 0.0054 0.0048 -0.99997
vn -0.00377 0.00967 -0.99995
vn -0.03078 0.07831 -0.99645
vn -0.04874 0.08853 -0.99488
vn -0.06322 0.12725 -0.98985
vn -0.11048 0.15363 -0.98193
vn -0.11727 0.17181 -0.97813
vn -0.10742 -0.06271 -0.99223
vn -0.08855 0.46393 -0.88144
vn -0.05685 0.37502 -0.92527
vn -0.03551 0.36654 -0.92973
vn -0.02597 0.28701 -0.95758
vn -0.01635 0.28105 -0.95955
vn 0.00572 0.26785 -0.96344
vn -0.02671 0.28878 -0.95702
vn 0.06302 0.21136 -0.97537
vn 0.01631 0.24204 -0.97013
vn 0.09811 0.20142 -0.97458
vn 0.05581 0.22939 -0.97173
vn 0.11145 0.1804 -0.97726
vn 0.10305 0.18666 -0.977
vn 0.14772 0.11161 -0.98271
vn 0.12201 0.13077 -0.98388
vn 0.15641 0.06264 -0.9857
vn 0.16093 0.06011 -0.98513
vn 0.13869 -0.04642 -0.98925
vn 0.21414 -0.085 -0.9731
vn -0.07215 0.35316 -0.93278
vn 0.05972 -0.29212 -0.95452
vn 0.05775 -0.40408 -0.9129
vn 0.0994 -0.41684 -0.90353
vn 0.11471 -0.12919 -0.98496
vn 0.18035 -0.16616 -0.96947
vn 0.05696 -0.54694 -0.83523
vn 0.13706 -0.40016 -0.90614
vn 0.02336 -0.69895 -0.71479
vn 0.13895 -0.69439 -0.70605
vn 0.0891 -0.81731 -0.56927
vn 0.16248 -0.81015 -0.56325
vn 0.00573 -0.88496 -0.46563
vn 0.20079 -0.86785 -0.45444
vn -0.01694 -0.89245 -0.45082
vn 0.0193 -0.8927 -0.45024
vn -0.02769 -0.92709 -0.37382
vn 0.04374 -0.92941 -0.36646
vn -0.03934 -0.94321 -0.32986
vn 0.01021 -0.94506 -0.32673
vn -0.07744 -0.94884 -0.30612
vn -0.01909 -0.95346 -0.30092
vn 0.03636 -0.97053 -0.23821
vn 0.04188 -0.99284 -0.11186
vn 0.08307 -0.99068 -0.10797
vn -0.05112 -0.98367 -0.17254
vn -0.03741 -0.9846 -0.17075
vn -0.17627 -0.95881 -0.22272
vn -0.00733 -0.95278 -0.30359
vn -0.15225 -0.93425 -0.3225
vn 0.02588 -0.96817 -0.24893
vn 0.02827 -0.96818 -0.24866
vn 0.10886 -0.96514 -0.23801
vn -0.01747 -0.961 -0.276
vn 0.01069 -0.9623 -0.27179
vn 0.10955 -0.96876 -0.22248
vn 0.01349 -0.97186 -0.23517
vn 0.16836 -0.9664 -0.19421
vn 0.12544 -0.97171 -0.20012
vn -0.01482 -0.91287 0.40799
vn -0.03904 -0.93467 0.35337
vn -0.06597 -0.93871 0.33834
vn 0.08645 -0.98961 0.1149
vn -0.09777 -0.9634 0.24962
vn -0.04767 -0.96133 0.27126
vn 0.01687 -0.99984 0.00587
vn 0.01071 -0.99993 0.00469
vn -0.05752 -0.99387 -0.09441
vn -0.00295 -0.99633 -0.08552
vn 0.04926 -0.98779 -0.14782
vn -0.0083 -0.99566 -0.09268
vn 0.14184 -0.9873 -0.07157
vn 0.03528 -0.98491 -0.16941
vn -0.00161 -0.98455 -0.17511
vn 0.07596 -0.98227 -0.17139
vn 0.11926 -0.97934 -0.1633
vn -0.03396 -0.97549 -0.21742
vn 0.05259 -0.97755 -0.20404
vn 0.0819 -0.97083 -0.22534
vn 0.05089 -0.97718 -0.20621
vn 0.07642 -0.97598 -0.20401
vn 0.06627 -0.97487 -0.21267
vn 0.06611 -0.97357 -0.21862
vn -0.05369 -0.95273 -0.29904
vn -0.07686 -0.95093 -0.29971
vn 0.0437 -0.9705 -0.2371
vn -0.09876 -0.96382 -0.24757
vn -0.16468 -0.91475 -0.36895
vn -0.16354 -0.91965 -0.35707
vn -0.13163 -0.95049 -0.28149
vn -0.12225 -0.95174 -0.28149
vn -0.1895 -0.92441 -0.33099
vn -0.18519 -0.91576 -0.3565
vn -0.02622 -0.9653 -0.25983
vn 0.07415 -0.96683 -0.24442
vn 0.07648 -0.96748 -0.24112
vn 0.05924 -0.96803 -0.24375
vn -0.03639 -0.97446 -0.22161
vn 0.0391 -0.97439 -0.22143
vn 0.11299 -0.97847 -0.17272
vn 0.02534 -0.98265 -0.18372
vn 0.11625 -0.98699 -0.11104
vn 0.07258 -0.99033 -0.11823
vn 0.01039 -0.97848 -0.20609
vn -0.00133 -0.97811 -0.20806
vn -0.01645 -0.97314 -0.2296
vn -0.00028 -0.96909 -0.24669
vn -0.19859 -0.95312 -0.22833
vn 0.00998 -0.97722 -0.21198
vn -0.01725 -0.97311 -0.2297
vn 0.04968 -0.98615 -0.15824
vn 0.08396 -0.98441 -0.15453
vn -0.04378 -0.96158 -0.27103
vn -0.01843 -0.9632 -0.26816
vn 0.02068 -0.97667 -0.21374
vn 0.12302 -0.97094 -0.20528
vn 0.08592 -0.98219 -0.16712
vn 0.08919 -0.96449 -0.24861
vn 0.11002 -0.96279 -0.24685
vn 0.0276 -0.97793 -0.20709
vn -0.04347 -0.97544 -0.21595
vn 0.05026 -0.94529 -0.32234
vn 0.08937 -0.94377 -0.31828
vn -0.08313 -0.9612 -0.26301
vn -0.04629 -0.96354 -0.26352
vn 0.03588 -0.92536 -0.37739
vn 0.04451 -0.92499 -0.37739
vn -0.02748 -0.96935 -0.24415
vn 0.01948 -0.90992 -0.41434
vn -0.03525 -0.88655 -0.46128
vn 0.00308 -0.81085 -0.58524
vn -0.02774 -0.79632 -0.60425
vn -0.02416 -0.73433 -0.67836
vn -0.04188 -0.43377 0.90005
vn -0.05683 -0.4804 0.8752
vn -0.08022 -0.45075 0.88904
vn -0.05836 -0.4776 0.87664
vn -0.04802 -0.58257 0.81136
vn -0.00407 -0.72819 0.68536
vn -0.02904 -0.76804 0.63974
vn -0.04513 -0.63846 0.76833
vn -0.04105 -0.7763 0.62903
vn -0.14451 -0.58312 0.79943
vn -0.12894 -0.44323 0.88709
vn -0.05268 -0.40141 0.91438
vn -0.08138 -0.38584 0.91897
vn -0.12451 -0.45004 0.88428
vn -0.07058 -0.35734 0.9313
vn -0.03722 -0.23049 0.97236
vn -0.03144 -0.23438 0.97164
vn -0.04046 -0.21627 0.9755
vn -0.07114 0.41606 -0.90655
vn -0.01852 0.39215 -0.91971
vn -0.01305 0.3146 -0.94913
vn -0.02992 0.32481 -0.94531
vn 0.03924 0.19713 -0.97959
vn 0.03318 0.2002 -0.97919
vn 0.03891 0.19766 -0.9795
vn 0.05236 0.1741 -0.98333
vn 0.06482 0.12123 -0.99051
vn 0.05209 0.13116 -0.98999
vn 0.10211 0.11684 -0.98789
vn 0.09933 0.10172 -0.98984
vn 0.05014 0.12131 -0.99135
vn 0.06776 0.10826 -0.99181
vn 0.13455 0.04447 -0.98991
vn 0.04105 0.09122 -0.99498
vn 0.06324 0.07919 -0.99485
vn 0.06 0.00726 -0.99817
vn 0.07675 -0.00165 -0.99705
vn 0.09922 -0.0903 -0.99096
vn 0.01408 -0.38123 -0.92437
vn 0.13128 -0.39468 -0.90939
vn 0.04065 -0.57955 -0.81392
vn -0.03751 -0.67491 -0.73695
vn 0.1816 -0.65161 -0.73649
vn -0.00134 -0.78464 -0.61995
vn 0.09699 -0.77886 -0.61965
vn -0.05798 -0.82396 -0.56367
vn 0.04819 -0.81717 -0.57438
vn 0.01956 -0.84926 -0.52761
vn 0.00906 -0.89009 -0.4557
vn 0.05112 -0.89554 -0.44203
vn 0.03556 -0.89692 -0.44076
vn -0.03825 -0.90393 -0.42597
vn 0.06913 -0.90413 -0.42162
vn 0.01909 -0.96438 -0.26382
vn 0.09613 -0.96223 -0.2547
vn 0.03179 -0.97056 -0.23875
vn -0.05078 -0.97525 -0.2152
vn 0.05529 -0.97803 -0.20101
vn 0.0241 -0.98158 -0.18952
vn -0.03902 -0.97938 -0.19825
vn 0.02054 -0.98031 -0.19639
vn 0.09695 -0.97926 -0.17792
vn 0.13164 -0.97303 -0.18941
vn 0.08769 -0.97637 -0.19749
vn 0.19564 -0.96617 -0.16807
vn 0.13913 -0.97396 -0.17899
vn 0.22036 -0.96139 -0.16482
vn 0.19436 -0.96612 -0.16979
vn 0.26549 -0.95704 -0.11655
vn 0.25278 -0.96016 -0.11911
vn 0.2656 -0.957 -0.11665
vn 0.26539 -0.95705 -0.11669
vn 0.2357 -0.96404 -0.12274
vn 0.26543 -0.95702 -0.1169
vn 0.18208 -0.95726 -0.22472
vn -0.17342 -0.93691 -0.30353
vn -0.10184 -0.97503 -0.19734
vn -0.13343 -0.97024 -0.20206
vn -0.04669 -0.98656 -0.15662
vn -0.07735 -0.98386 -0.16136
vn -0.03872 -0.97757 -0.207
vn -0.17545 -0.97726 0.11912
vn -0.05306 -0.98361 0.17232
vn -0.16817 -0.98562 0.01639
vn -0.06827 -0.99726 0.02838
vn -0.13457 -0.98942 0.05415
vn -0.14498 -0.98104 0.12865
vn -0.1422 -0.981 0.13195
vn -0.21391 -0.96422 0.15659
vn -0.15422 -0.97017 0.18705
vn -0.18517 -0.95791 0.21937
vn -0.19658 -0.95646 0.21574
vn -0.1726 -0.90978 0.3775
vn -0.1569 -0.95223 0.26199
vn -0.08842 -0.95842 0.27131
vn -0.10543 -0.9281 0.3571
vn -0.11413 -0.93092 0.34693
vn -0.12878 -0.86585 0.48345
vn -0.1294 -0.86622 0.48262
vn -0.1325 -0.82736 0.54582
vn -0.15104 -0.81904 0.55349
vn -0.15237 -0.77794 0.60958
vn -0.14005 -0.74488 0.65234
vn -0.12292 -0.69995 0.70353
vn -0.06565 -0.50093 0.86299
vn -0.00647 -0.24397 0.96976
vn -0.10395 -0.17793 0.97854
vn -0.12363 -0.35112 0.92813
vn -0.13421 -0.3452 0.92889
vn -0.02382 -0.57412 0.81842
vn -0.12696 -0.31661 0.94002
vn -0.14204 -0.30695 0.94107
vn -0.06686 -0.27679 0.9586
vn -0.0929 -0.25973 0.9612
vn -0.07241 -0.31103 0.94764
vn -0.12998 -0.2776 0.95186
vn -0.02495 -0.50956 0.86007
vn -0.07283 -0.56153 0.82425
vn -0.03534 -0.64524 0.76316
vn -0.02223 -0.55127 0.83403
vn 0.0096 -0.71804 0.69594
vn -0.05013 -0.77669 0.62789
vn -0.08825 -0.82677 0.55557
vn 0.0496 -0.84486 0.53268
vn 0.0828 -0.77867 0.62194
vn -0.12627 -0.73748 0.66346
vn -0.12126 -0.70181 0.70197
vn -0.05946 -0.75668 0.65107
vn -0.069 -0.7636 0.64199
vn -0.06964 -0.81431 0.57623
vn -0.14881 -0.77581 0.61316
vn -0.14553 -0.73825 0.65864
vn -0.18182 -0.83898 0.51288
vn -0.17449 -0.85194 0.49371
vn -0.20704 -0.88656 0.41369
vn -0.13818 -0.88836 0.43786
vn -0.0774 -0.86049 0.50355
vn -0.04278 -0.93777 0.34462
vn -0.04377 -0.92191 0.38493
vn -0.09746 -0.98601 0.13525
vn -0.09882 -0.95742 0.27126
vn -0.00878 -0.99658 0.08222
vn -0.01383 -0.97234 0.23317
vn 0.08765 -0.99086 0.10258
vn 0.07821 -0.98196 0.17216
vn 0.01739 -0.99982 0.00703
vn 0.08799 -0.99581 0.0249
vn 0.0314 -0.99515 -0.09325
vn -0.05263 -0.99214 0.11355
vn -0.05618 -0.98546 0.16033
vn -0.01217 -0.99463 -0.10274
vn -0.14166 -0.98381 -0.10979
vn -0.12939 -0.98575 -0.10747
vn 0.19232 -0.97104 0.14174
vn 0.22766 -0.9614 0.15454
vn -0.10884 -0.97618 0.18769
vn -0.08241 -0.97569 0.20307
vn -0.02662 -0.95218 0.30436
vn -0.0882 -0.95971 0.2668
vn 0.15409 -0.97979 0.12751
vn 0.15551 -0.97484 0.15969
vn 0.10124 -0.95649 0.27363
vn 0.19417 -0.93366 0.30095
vn 0.06815 -0.95968 0.27273
vn 0.22775 -0.92582 0.30165
vn -0.00554 -0.9486 0.31643
vn -0.0261 -0.9516 0.30622
vn -0.1109 -0.95419 0.27788
vn -0.12736 -0.89312 0.43141
vn -0.12693 -0.8929 0.432
vn -0.12692 -0.89303 0.43173
vn -0.0466 -0.89974 0.43394
vn -0.04982 -0.85003 0.52438
vn 0.08616 -0.9424 0.32319
vn 0.08046 -0.92056 0.38223
vn 0.06379 -0.88204 0.46684
vn 0.05717 -0.86332 0.5014
vn 0.05111 -0.82223 0.56686
vn 0.1101 -0.80592 0.58169
vn -0.01277 -0.61071 0.79175
vn -0.04009 -0.59091 0.80574
vn -0.03879 -0.31212 0.94925
vn -0.01413 -0.32162 0.94676
vn -0.04181 -0.30079 0.95277
vn -0.0987 -0.31954 0.94242
vn -0.13319 -0.29603 0.94585
vn -0.14122 -0.22428 0.96424
vn -0.10367 -0.22339 0.9692
vn -0.10173 -0.20376 0.97372
vn -0.10554 -0.26475 0.95852
vn -0.13922 -0.23712 0.96145
vn -0.08934 -0.26671 0.95963
vn -0.08714 -0.24906 0.96456
vn -0.12905 -0.27711 0.95213
vn -0.1237 -0.28114 0.95166
vn -0.04299 -0.49089 0.87016
vn -0.02156 -0.38232 0.92378
vn -0.05627 -0.49218 0.86868
vn -0.05243 -0.49436 0.86767
vn -0.05369 -0.47336 0.87923
vn -0.038 -0.55944 0.828
vn -0.1068 -0.55711 0.82355
vn -0.13719 -0.64737 0.74973
vn -0.1184 -0.54333 0.83113
vn -0.0362 -0.64426 0.76395
vn -0.1518 -0.65614 0.73921
vn -0.13335 -0.72973 0.6706
vn -0.14052 -0.83282 0.5354
vn -0.14592 -0.77728 0.61199
vn -0.19108 -0.95752 0.21598
vn -0.17117 -0.95976 0.22264
vn -0.20935 -0.97001 0.12351
vn -0.08697 -0.98004 0.17878
vn -0.1407 -0.98791 0.06504
vn -0.08612 -0.99317 0.07873
vn -0.117 -0.97454 0.19128
vn -0.12341 -0.95131 0.28244
vn -0.11798 -0.96826 0.22034
vn -0.08379 -0.96911 0.23196
vn -0.12765 -0.98278 0.13362
vn -0.07691 -0.99664 0.02811
vn -0.15706 -0.98159 -0.10872
vn -0.02928 -0.99585 -0.08619
vn -0.10473 -0.97293 -0.206
vn -0.00569 -0.98201 -0.18877
vn -0.02023 -0.97695 -0.21253
vn -0.05624 -0.99208 -0.11235
vn -0.14126 -0.98616 -0.08682
vn -0.05236 -0.99608 -0.07133
vn -0.01598 -0.97718 -0.21179
vn -0.1158 -0.97958 -0.16433
vn -0.03759 -0.98823 -0.14828
vn -0.01884 -0.97605 -0.21672
vn -0.07422 -0.97156 -0.22487
vn -0.10922 -0.95361 -0.28055
vn -0.11985 -0.95188 -0.28205
vn -0.08785 -0.9636 -0.25249
vn -0.01011 -0.97338 -0.22898
vn -0.02032 -0.96475 -0.26237
vn -0.11842 -0.95288 -0.27926
vn -0.05704 -0.95988 -0.27456
vn -0.03876 -0.96317 -0.26609
vn -0.06472 -0.94388 -0.32387
vn -0.09138 -0.93983 -0.32919
vn -0.07638 -0.94811 -0.30864
vn -0.0762 -0.94813 -0.30863
vn -0.08451 -0.95115 -0.29695
vn -0.06933 -0.95218 -0.29756
vn -0.10939 -0.94654 -0.30349
vn 0.13958 -0.95823 -0.24962
vn 0.20379 -0.96981 -0.13396
vn 0.27304 -0.95424 -0.12197
vn 0.13765 -0.96693 -0.21472
vn 0.27337 -0.95421 -0.12147
vn 0.27303 -0.9543 -0.12154
vn 0.17729 -0.97167 -0.1563
vn 0.28247 -0.94938 -0.13745
vn 0.2473 -0.95586 -0.15866
vn 0.22688 -0.96023 -0.16275
vn 0.27241 -0.95002 -0.15251
vn 0.27384 -0.94965 -0.15222
vn 0.23499 -0.96013 -0.15145
vn 0.22956 -0.96127 -0.1525
vn 0.27376 -0.94966 -0.15234
vn 0.25366 -0.95458 -0.15633
vn 0.23866 -0.96104 -0.13947
vn 0.17733 -0.97245 -0.15134
vn 0.26529 -0.95397 -0.13987
vn 0.24258 -0.95936 -0.14413
vn 0.16434 -0.97127 -0.17212
vn 0.1483 -0.97307 -0.17644
vn 0.21831 -0.95947 -0.1782
vn 0.20797 -0.96161 -0.17902
vn 0.14643 -0.97214 -0.18303
vn 0.15879 -0.95706 -0.24254
vn 0.16485 -0.95247 -0.25617
vn 0.05823 -0.97784 -0.20109
vn -0.01373 -0.94369 -0.33054
vn 0.00092 -0.94421 -0.32935
vn 0.03124 -0.91094 -0.41135
vn 0.08441 -0.90638 -0.41394
vn 0.04949 -0.96194 -0.26873
vn 0.05932 -0.96155 -0.26816
vn 0.11163 -0.91682 -0.38339
vn 0.20231 -0.90376 -0.3772
vn 0.01483 -0.94662 -0.32202
vn -0.00149 -0.94664 -0.32229
vn 0.13289 -0.87889 -0.45814
vn 0.153 -0.87644 -0.45656
vn -0.16856 -0.8482 -0.50214
vn 0.0082 -0.86134 -0.50796
vn 0.01995 -0.77223 -0.63503
vn 0.00187 -0.77133 -0.63643
vn -0.0076 -0.85168 -0.52401
vn 0.08857 -0.84516 -0.52712
vn -0.01776 -0.74396 -0.66798
vn 0.10706 -0.74343 -0.66019
vn -0.05543 -0.7493 -0.65991
vn 0.19542 -0.71253 -0.67388
vn 0.00413 -0.57159 -0.82053
vn 0.0186 -0.57111 -0.82067
vn 0.08211 -0.67622 -0.73211
vn 0.0752 -0.60632 -0.79166
vn -0.06551 -0.49206 -0.86809
vn 0.00044 -0.2644 -0.96441
vn 0.1395 -0.61425 -0.77668
vn 0.11219 -0.46085 -0.88036
vn 0.14854 -0.47067 -0.86972
vn 0.12281 -0.14154 -0.98229
vn 0.06668 -0.21519 -0.97429
vn 0.07446 -0.21781 -0.97315
vn 0.01453 -0.05528 -0.99837
vn 0.03588 0.18977 -0.98117
vn -0.0046 0.26888 -0.96316
vn 0.00547 0.2626 -0.96489
vn -0.02173 0.24796 -0.96853
vn -0.03347 0.25438 -0.96653
vn -0.05387 0.29781 -0.9531
vn -0.09623 -0.46923 0.87782
vn -0.07428 -0.51869 0.85173
vn -0.13757 -0.50054 0.85471
vn -0.14467 -0.52346 0.83968
vn -0.1216 -0.5447 0.82977
vn -0.10157 -0.6888 0.7178
vn -0.11438 -0.69741 0.70749
vn -0.11641 -0.77019 0.6271
vn -0.10932 -0.75729 0.64386
vn -0.15639 -0.82836 0.53792
vn -0.17051 -0.87609 0.45098
vn -0.2167 -0.78884 0.57512
vn -0.16656 -0.77345 0.61158
vn -0.15754 -0.73417 0.66044
vn -0.12671 -0.8106 0.57173
vn -0.14838 -0.66936 0.72797
vn -0.13902 -0.72633 0.67314
vn -0.1513 -0.67188 0.72504
vn -0.17177 -0.54789 0.81873
vn -0.16009 -0.63285 0.75755
vn -0.1614 -0.63179 0.75815
vn -0.19887 -0.5652 0.80062
vn -0.18221 -0.53158 0.82718
vn -0.21687 -0.51029 0.83221
vn -0.16856 -0.43381 0.8851
vn -0.20383 -0.41337 0.88745
vn -0.18562 -0.38347 0.90471
vn -0.16466 -0.63137 0.7578
vn -0.17874 -0.74336 0.64457
vn -0.1929 -0.6956 0.69205
vn -0.14961 -0.66868 0.72834
vn -0.14936 -0.62946 0.76254
vn -0.16929 -0.63506 0.75368
vn -0.19993 -0.56982 0.79708
vn -0.17009 -0.54906 0.81829
vn -0.16974 -0.52755 0.83239
vn -0.14972 -0.52211 0.83963
vn -0.21222 -0.48183 0.85017
vn -0.13676 -0.40515 0.90396
vn -0.1283 -0.34843 0.92851
vn -0.16047 -0.33114 0.92984
vn -0.103 -0.40511 0.90845
vn -0.17758 -0.38549 0.90546
vn -0.11344 -0.3167 0.94172
vn -0.15233 -0.2926 0.94402
vn -0.15648 -0.30888 0.93814
vn -0.1325 -0.32628 0.93594
vn 0.07757 0.30745 -0.9484
vn 0.11051 0.2905 -0.95047
vn 0.07923 0.25767 -0.96298
vn 0.07908 0.19563 -0.97748
vn 0.10449 0.27312 -0.95629
vn 0.08713 0.15572 -0.98395
vn 0.09818 0.14866 -0.984
vn 0.08709 0.15592 -0.98392
vn 0.15686 0.11379 -0.98104
vn 0.18445 0.06975 -0.98036
vn 0.19589 0.1344 -0.97137
vn 0.2266 0.08563 -0.97022
vn 0.2387 0.13759 -0.9613
vn 0.25599 0.09603 -0.9619
vn 0.17014 0.1107 -0.97918
vn 0.19609 0.04599 -0.97951
vn 0.17861 -0.00084 -0.98392
vn 0.17283 0.00491 -0.98494
vn 0.16023 -0.03759 -0.98636
vn 0.22801 -0.11729 -0.96657
vn 0.15909 -0.33911 -0.9272
vn 0.19636 -0.14226 -0.97016
vn 0.1661 -0.33422 -0.92774
vn 0.1882 -0.12536 -0.9741
vn 0.19022 -0.12652 -0.97356
vn 0.16454 -0.20933 -0.9639
vn 0.14354 -0.20033 -0.96916
vn 0.16549 0.00975 -0.98616
vn 0.17372 0.00536 -0.98478
vn 0.15896 -0.03808 -0.98655
vn 0.22264 -0.07429 -0.97207
vn 0.16371 0.04787 -0.98535
vn 0.22992 0.03416 -0.97261
vn 0.15038 0.19954 -0.96828
vn 0.14161 0.12751 -0.98168
vn 0.14583 0.1435 -0.97885
vn 0.13646 0.17119 -0.97574
vn 0.13056 0.15592 -0.9791
vn 0.1372 0.16981 -0.97588
vn 0.12691 0.24763 -0.96051
vn 0.14255 0.29163 -0.94585
vn 0.08849 0.28142 -0.9555
vn 0.0897 0.28527 -0.95424
vn 0.11005 0.32233 -0.94021
vn 0.03897 0.33999 -0.93962
vn 0.03609 0.34157 -0.93916
vn 0.03914 0.26413 -0.96369
vn 0.02844 0.26997 -0.96245
vn 0.06614 0.22586 -0.97191
vn 0.03475 0.24356 -0.96926
vn 0.04824 0.18489 -0.98157
vn 0.03337 0.19322 -0.98059
vn 0.08828 0.18041 -0.97962
vn 0.06321 0.19506 -0.97875
vn 0.05264 0.14802 -0.98758
vn 0.09316 0.14542 -0.98497
vn 0.08576 0.15003 -0.98496
vn 0.08418 0.15147 -0.98487
vn 0.09324 0.14718 -0.98471
vn 0.07436 0.13318 -0.9883
vn 0.08553 0.10713 -0.99056
vn 0.089 0.10555 -0.99042
vn 0.0791 0.12555 -0.98893
vn 0.07587 0.1164 -0.9903
vn 0.08063 0.1077 -0.99091
vn 0.08567 0.10556 -0.99072
vn 0.06545 0.137 -0.98841
vn 0.04952 0.09993 -0.99376
vn 0.04961 0.05087 -0.99747
vn 0.08706 0.03137 -0.99571
vn 0.05015 0.09879 -0.99384
vn 0.20993 0.11756 -0.97062
vn 0.1138 0.1341 -0.98441
vn 0.15065 0.07966 -0.98537
vn 0.05502 -0.00593 -0.99847
vn 0.05788 -0.00049 -0.99832
vn 0.21531 0.01946 -0.97635
vn 0.23408 0.07829 -0.96906
vn 0.13103 -0.06953 -0.98894
vn 0.11309 -0.11918 -0.98641
vn 0.20445 0.03644 -0.9782
vn 0.11623 -0.1418 -0.98305
vn 0.15051 -0.17689 -0.97265
vn 0.09868 -0.12337 -0.98744
vn 0.08938 -0.14678 -0.98512
vn 0.10121 -0.35183 -0.93057
vn 0.14258 -0.20061 -0.96924
vn 0.12422 -0.52282 -0.84335
vn 0.04604 -0.50274 -0.86321
vn 0.20017 -0.34323 -0.91767
vn 0.04238 -0.67288 -0.73854
vn 0.03047 -0.76912 -0.63838
vn 0.20788 -0.7377 -0.64233
vn 0.20116 -0.54711 -0.81253
vn 0.10617 -0.52813 -0.8425
vn 0.03766 -0.85236 -0.52159
vn 0.15242 -0.84252 -0.51666
vn 0.13586 -0.73765 -0.66137
vn 0.13629 -0.87373 -0.46693
vn 0.08839 -0.88026 -0.46619
vn 0.15031 -0.84831 -0.50771
vn 0.14519 -0.73952 -0.65729
vn 0.23304 -0.92473 -0.30095
vn 0.24672 -0.91143 -0.32927
vn 0.20765 -0.90628 -0.36815
vn 0.22972 -0.86202 -0.45183
vn 0.24691 -0.85259 -0.46057
vn 0.23484 -0.94507 -0.22734
vn 0.29102 -0.9306 -0.22202
vn 0.24789 -0.92556 -0.28618
vn 0.26546 -0.92174 -0.28271
vn 0.29385 -0.9458 -0.13826
vn 0.2987 -0.94442 -0.13731
vn 0.24845 -0.94905 -0.19385
vn 0.30381 -0.93497 -0.18313
vn 0.26949 -0.94867 -0.16555
vn 0.27593 -0.94703 -0.16433
vn 0.21458 -0.95483 -0.20557
vn 0.2439 -0.94893 -0.20013
vn 0.10986 -0.97238 -0.20595
vn 0.25212 -0.94891 -0.18974
vn -0.04645 -0.92792 -0.36988
vn 0.09436 -0.92935 -0.35694
vn -0.15794 -0.93016 -0.33144
vn 0.0169 -0.94632 -0.32278
vn 0.01095 -0.92222 -0.38651
vn -0.06105 -0.92061 -0.38568
vn -0.04025 -0.97147 -0.2337
vn -0.09164 -0.96682 -0.23846
vn 0.04028 -0.94693 -0.31891
vn 0.07374 -0.94599 -0.31571
vn -0.02357 -0.96913 -0.24541
vn -0.05199 -0.967 -0.24941
vn -0.0496 -0.95012 -0.3079
vn 0.05301 -0.9514 -0.30335
vn -0.1144 -0.95016 -0.29001
vn -0.05746 -0.95571 -0.28865
vn -0.13152 -0.92578 -0.35446
vn -0.08478 -0.93163 -0.35337
vn -0.07265 -0.94402 -0.32179
vn -0.14228 -0.93486 -0.32527
vn 0.03574 -0.96806 -0.24818
vn -0.05369 -0.96593 -0.25316
vn 0.02111 -0.96672 -0.25496
vn -0.02215 -0.96697 -0.25392
vn 0.05585 -0.96049 -0.27265
vn 0.01499 -0.96883 -0.24728
vn 0.01685 -0.96581 -0.25869
vn -0.08445 -0.94008 -0.33032
vn 0.00365 -0.94614 -0.32373
vn -0.12492 -0.95208 -0.27917
vn -0.02042 -0.9602 -0.27856
vn -0.0892 -0.93649 -0.33916
vn -0.05113 -0.94152 -0.33305
vn -0.13107 -0.94778 -0.29076
vn -0.04551 -0.9605 -0.27455
vn 0.02138 -0.96391 -0.26536
vn -0.03602 -0.95972 -0.27863
vn -0.05067 -0.97587 -0.21238
vn -0.0144 -0.97829 -0.20675
vn 0.01572 -0.96084 -0.27665
vn 0.01357 -0.96079 -0.27695
vn -0.03748 -0.99022 -0.13439
vn 0.01183 -0.99179 -0.12731
vn -0.11078 -0.95042 -0.29056
vn 0.01225 -0.9596 -0.2811
vn -0.06525 -0.94208 -0.32898
vn -0.1063 -0.98799 -0.11211
vn -0.0141 -0.99464 -0.10241
vn -0.15148 -0.95409 -0.25837
vn -0.08418 -0.963 -0.256
vn -0.17128 -0.98311 -0.06455
vn -0.05796 -0.99744 -0.04192
vn -0.10131 -0.9828 -0.15441
vn -0.07333 -0.98579 -0.15113
vn -0.01883 -0.9752 -0.22052
vn -0.15358 -0.98784 0.02439
vn -0.12027 -0.99224 0.03139
vn -0.06683 -0.99256 -0.10176
vn -0.19791 -0.96692 0.16094
vn -0.07003 -0.97992 0.18669
vn -0.19246 -0.96773 0.16265
vn -0.16841 -0.97062 0.17184
vn -0.2616 -0.89722 0.35577
vn -0.17397 -0.89958 0.40062
vn -0.1844 -0.84518 0.50166
vn -0.17038 -0.8452 0.50656
vn -0.15752 -0.83812 0.52224
vn -0.17119 -0.8377 0.5186
vn -0.14574 -0.91078 0.38633
vn -0.05448 -0.90584 0.42009
vn -0.27415 -0.83059 0.48473
vn -0.19836 -0.80542 0.55853
vn -0.19355 -0.74841 0.63437
vn -0.18832 -0.81635 0.54599
vn -0.1794 -0.81599 0.54952
vn -0.17546 -0.73279 0.65744
vn -0.17792 -0.74327 0.6449
vn -0.24757 -0.71765 0.65091
vn -0.1755 -0.73281 0.65741
vn -0.22295 -0.80269 0.55316
vn -0.19546 -0.68207 0.70468
vn -0.22514 -0.62996 0.74328
vn -0.23288 -0.6989 0.67624
vn -0.22309 -0.62892 0.74478
vn -0.21727 -0.51136 0.83145
vn -0.26152 -0.49202 0.83037
vn -0.19048 -0.41001 0.89197
vn -0.19649 -0.54218 0.81696
vn -0.19652 -0.40361 0.89358
vn -0.1908 -0.34392 0.91941
vn -0.17087 -0.66047 0.73115
vn -0.15129 -0.67188 0.72504
vn -0.26907 -0.56847 0.77746
vn -0.17803 -0.64404 0.74399
vn -0.20415 -0.5619 0.80162
vn -0.13921 -0.34003 0.93005
vn -0.21532 -0.30573 0.92745
vn -0.11528 -0.2825 0.95232
vn -0.16314 -0.25759 0.95238
vn -0.13445 -0.3328 0.93336
vn -0.11568 -0.28679 0.95098
vn -0.11272 -0.28856 0.95081
vn -0.12756 -0.31393 0.94084
vn -0.14754 -0.3024 0.94169
vn 0.08846 0.21292 -0.97306
vn 0.13927 0.28991 -0.94687
vn 0.16632 0.19924 -0.96573
vn 0.08411 0.20558 -0.97502
vn 0.16851 0.19353 -0.96651
vn 0.16331 0.17719 -0.97053
vn 0.09702 0.17269 -0.98019
vn 0.09828 0.17711 -0.97927
vn 0.17111 0.15828 -0.97246
vn 0.16505 0.13533 -0.97696
vn 0.11232 0.14104 -0.98361
vn 0.11143 0.13735 -0.98424
vn 0.17184 0.11551 -0.97833
vn 0.15681 0.0593 -0.98585
vn 0.13173 0.08777 -0.98739
vn 0.13471 0.10014 -0.98581
vn 0.14495 0.09158 -0.98519
vn 0.13815 0.06997 -0.98794
vn 0.1473 0.06775 -0.98677
vn 0.15534 0.09359 -0.98342
vn 0.1426 0.05844 -0.98805
vn 0.17403 0.04711 -0.98361
vn 0.18725 0.04481 -0.98129
vn 0.17372 0.06053 -0.98293
vn 0.19087 0.03422 -0.98102
vn 0.17694 -0.4704 -0.86453
vn 0.18647 -0.35751 -0.9151
vn 0.20107 -0.69884 -0.68643
vn 0.21022 -0.48825 -0.84701
vn 0.23623 -0.70576 -0.6679
vn 0.28025 -0.90947 -0.30712
vn 0.29148 -0.85535 -0.42828
vn 0.25502 -0.92801 -0.2716
vn 0.32017 -0.90906 -0.26664
vn 0.22123 -0.94041 -0.25823
vn 0.27239 -0.92947 -0.24877
vn 0.01308 -0.89069 -0.45443
vn 0.06254 -0.89115 -0.44937
vn 0.02737 -0.9087 -0.41654
vn 0.04925 -0.90806 -0.41594
vn -0.02748 -0.93268 -0.35966
vn 0.08456 -0.93228 -0.35172
vn -0.13661 -0.9308 -0.33904
vn -0.01122 -0.94031 -0.34014
vn -0.06437 -0.93667 -0.34425
vn -0.14205 -0.92753 -0.3457
vn 0.01166 -0.97352 -0.22829
vn 0.10217 -0.97076 -0.21725
vn 0.03507 -0.96357 -0.26516
vn 0.07033 -0.96257 -0.26176
vn -0.10691 -0.925 -0.36463
vn -0.04358 -0.92861 -0.36848
vn -0.00159 -0.92224 -0.38662
vn -0.04629 -0.92019 -0.38872
vn -0.06834 -0.94361 -0.32393
vn -0.06728 -0.94246 -0.32747
vn 0.03264 -0.96719 -0.25194
vn 0.00751 -0.96748 -0.25282
vn -0.03584 -0.95849 -0.28286
vn 0.01463 -0.96109 -0.27584
vn -0.10988 -0.93644 -0.33318
vn -0.075 -0.94953 -0.30459
vn -0.09396 -0.94722 -0.30651
vn 0.02793 -0.94732 -0.31906
vn -0.06301 -0.97221 -0.22547
vn -0.11636 -0.9873 -0.10819
vn -0.11191 -0.94887 -0.29516
vn -0.24456 -0.96902 -0.03462
vn -0.05517 -0.99847 -0.00216
vn -0.1765 -0.98088 0.08204
vn -0.18872 -0.9747 -0.11975
vn -0.22894 -0.97102 0.0686
vn -0.01485 -0.99506 -0.09816
vn 0.0024 -0.9954 -0.09576
vn -0.09033 -0.99515 -0.03898
vn 0.03509 -0.99922 -0.01822
vn -0.12045 -0.99247 0.02202
vn -0.04614 -0.99806 0.04182
vn -0.20009 -0.97756 0.06583
vn -0.06804 -0.99173 0.10881
vn -0.2398 -0.80788 0.53835
vn -0.19486 -0.81997 0.53822
vn -0.22307 -0.67851 0.6999
vn -0.22635 -0.73501 0.63917
vn -0.22987 -0.68301 0.6933
vn -0.28235 -0.57443 0.76832
vn -0.24702 -0.58466 0.77276
vn -0.22178 -0.54485 0.80867
vn -0.30859 -0.49391 0.81291
vn -0.27378 -0.37745 0.88463
vn -0.23584 -0.35475 0.90473
vn -0.2755 -0.32431 0.90494
vn -0.23721 -0.27426 0.93194
vn -0.25944 -0.25556 0.93133
vn -0.22624 -0.25747 0.93943
vn -0.24505 -0.24157 0.93893
vn -0.23424 -0.47667 0.8473
vn -0.23153 -0.46 0.8572
vn -0.26238 -0.36611 0.89282
vn -0.30975 -0.35012 0.88401
vn -0.22511 -0.65875 0.7179
vn -0.22225 -0.60981 0.76075
vn -0.25285 -0.67454 0.69359
vn -0.22473 -0.83791 0.49739
vn -0.18617 -0.84086 0.50822
vn -0.26126 -0.92454 0.27743
vn -0.08021 -0.9354 0.34439
vn -0.28599 -0.89329 0.34676
vn -0.2038 -0.90485 0.37378
vn -0.23115 -0.87345 0.42855
vn -0.23214 -0.87331 0.42829
vn -0.15688 -0.97322 0.16802
vn -0.08066 -0.97932 0.18556
vn -0.18231 -0.96651 0.18061
vn -0.11377 -0.97225 0.20441
vn -0.18597 -0.9258 0.32911
vn -0.09035 -0.92334 0.37321
vn -0.21124 -0.85877 0.46679
vn -0.10448 -0.85358 0.51038
vn -0.14101 -0.83984 0.52421
vn -0.15326 -0.76179 0.62944
vn -0.24409 -0.74525 0.6205
vn -0.23108 -0.70056 0.67514
vn -0.23138 -0.66502 0.71008
vn -0.23969 -0.66947 0.7031
vn -0.25088 -0.55343 0.79422
vn -0.23548 -0.62403 0.74507
vn -0.18252 -0.41421 0.89169
vn -0.19476 -0.33978 0.92012
vn -0.19789 -0.38902 0.89972
vn -0.20147 -0.41687 0.88636
vn -0.21057 -0.32098 0.92338
vn -0.21106 -0.2636 0.94126
vn -0.18892 -0.34301 0.92014
vn -0.21477 -0.32311 0.92167
vn -0.20696 -0.26876 0.94071
vn -0.20721 -0.25046 0.94569
vn -0.1792 -0.28135 0.94272
vn -0.19873 -0.26534 0.94345
vn -0.20695 -0.25078 0.94566
vn -0.168 -0.2599 0.95091
vn -0.18895 -0.24396 0.9512
vn -0.29146 -0.24896 0.92362
vn -0.28592 -0.2526 0.92436
vn -0.30583 -0.30518 0.90185
vn -0.29175 -0.24797 0.92379
vn -0.30544 -0.38081 0.87275
vn -0.28842 -0.33741 0.89609
vn -0.28216 -0.37931 0.8812
vn -0.28219 -0.37942 0.88114
vn -0.28504 -0.47968 0.82986
vn -0.27639 -0.38524 0.88046
vn -0.27156 -0.47106 0.83926
vn -0.25235 -0.5005 0.82815
vn -0.25286 -0.50332 0.82628
vn -0.34269 -0.56058 0.75387
vn -0.17368 -0.77608 0.60625
vn -0.1758 -0.74486 0.64365
vn -0.30959 -0.30764 0.89973
vn -0.32013 -0.30244 0.8978
vn -0.32806 -0.28082 0.90195
vn -0.32788 -0.28005 0.90226
vn -0.33306 -0.27176 0.9029
vn -0.27074 -0.26607 0.92515
vn -0.26762 -0.24859 0.9309
vn -0.25979 -0.25569 0.9312
vn -0.2542 -0.26012 0.93151
vn -0.27434 -0.29798 0.9143
vn -0.2704 -0.26659 0.9251
vn -0.24263 -0.30924 0.91951
vn -0.26405 -0.29354 0.91876
vn -0.29055 -0.27909 0.91525
vn -0.29567 -0.32868 0.89696
vn -0.2593 -0.31236 0.91389
vn -0.2553 -0.31504 0.9141
vn -0.24359 -0.42435 0.87212
vn -0.31028 -0.39387 0.86521
vn -0.21687 -0.45249 0.865
vn -0.30001 -0.45768 0.83697
vn -0.1998 -0.52663 0.82628
vn -0.22717 -0.51374 0.82732
vn -0.24012 -0.57996 0.77845
vn -0.20373 -0.60068 0.7731
vn -0.14137 -0.75733 0.63755
vn -0.20779 -0.67634 0.70668
vn -0.2516 -0.76647 0.59095
vn -0.21106 -0.77388 0.59713
vn -0.18149 -0.75639 0.62844
vn -0.18115 -0.79206 0.58294
vn -0.03243 -0.90967 0.41406
vn -0.09265 -0.90883 0.40676
vn 0.03382 -0.94118 0.33622
vn 0.03387 -0.93102 0.36339
vn -0.07133 -0.87746 0.47431
vn 0.03297 -0.97269 0.22973
vn 0.02442 -0.9432 0.33133
vn -0.06703 -0.96588 0.25018
vn -0.01791 -0.96373 0.26629
vn -0.13418 -0.92129 0.36499
vn -0.08789 -0.9254 0.36866
vn 0.08202 -0.99131 0.10283
vn 0.07032 -0.96647 0.24695
vn -0.09997 -0.93117 0.3506
vn -0.0418 -0.93211 0.35976
vn 0.11203 -0.99281 0.04209
vn 0.09288 -0.9898 0.10803
vn -0.07944 -0.95056 0.30022
vn 0.02239 -0.9464 0.32223
vn 0.07849 -0.99691 0.00242
vn 0.20442 -0.9783 0.03374
vn -0.04556 -0.97606 0.2127
vn -0.00518 -0.97485 0.22282
vn -0.10814 -0.99239 0.0588
vn -0.01765 -0.99655 0.08115
vn -0.08789 -0.99557 -0.03348
vn -0.05879 -0.9979 -0.02707
vn -0.08262 -0.99451 -0.06414
vn -0.02175 -0.9982 -0.05583
vn -0.0678 -0.9902 -0.12209
vn -0.00446 -0.99285 -0.11928
vn 0.03891 -0.97435 -0.22164
vn -0.0116 -0.99147 -0.1298
vn 0.02364 -0.99183 -0.12537
vn -0.04344 -0.97354 -0.22434
vn -0.05008 -0.97307 -0.22502
vn -0.15513 -0.92809 -0.3385
vn -0.12762 -0.93182 -0.33974
vn -0.15488 -0.91446 -0.37387
vn -0.00939 -0.9291 -0.36971
vn 0.02109 -0.94717 -0.32004
vn 0.00711 -0.93595 -0.35206
vn -0.09357 -0.93079 -0.35337
vn -0.10817 -0.92359 -0.36781
vn -0.09652 -0.90882 -0.40587
vn -0.00487 -0.95055 -0.31054
vn 0.07161 -0.94754 -0.31151
vn 0.0387 -0.93096 -0.36308
vn 0.00975 -0.93017 -0.36699
vn -0.02343 -0.92854 -0.3705
vn -0.03321 -0.92726 -0.37295
vn 0.03798 -0.92946 -0.36697
vn 0.07757 -0.9455 -0.31625
vn 0.1936 -0.93256 -0.30472
vn 0.14866 -0.92027 -0.36194
vn 0.07682 -0.92703 -0.36702
vn 0.01853 -0.87726 -0.47966
vn -0.06616 -0.86823 -0.49174
vn -0.06015 -0.87335 -0.48337
vn 0.04942 -0.87289 -0.48541
vn -0.01645 -0.82857 -0.55964
vn 0.15738 -0.81794 -0.55335
vn 0.20332 -0.84052 -0.50218
vn 0.1301 -0.84882 -0.51242
vn 0.24654 -0.89135 -0.38041
vn 0.31555 -0.87482 -0.3676
vn 0.25946 -0.85174 -0.45521
vn 0.30439 -0.8419 -0.4456
vn 0.26268 -0.82914 -0.49348
vn 0.27444 -0.52009 -0.80882
vn 0.30664 -0.51971 -0.79741
vn 0.27869 -0.51569 -0.81018
vn 0.22998 -0.17432 -0.95746
vn 0.19515 -0.23949 -0.95108
vn 0.27199 -0.01643 -0.96216
vn 0.24929 -0.00211 -0.96843
vn 0.25175 0.00577 -0.96778
vn 0.19617 0.03557 -0.97992
vn 0.2017 0.04949 -0.9782
vn 0.17694 0.06632 -0.98199
vn 0.16098 -0.00243 -0.98695
vn 0.14873 0.02329 -0.9886
vn 0.15192 -0.22794 -0.96175
vn 0.21397 -0.09523 -0.97219
vn 0.17256 -0.07958 -0.98178
vn 0.12061 -0.1111 -0.98646
vn 0.13254 -0.1179 -0.98414
vn 0.16063 -0.02849 -0.9866
vn 0.15697 -0.02628 -0.98725
vn 0.11109 -0.04509 -0.99279
vn 0.17505 -0.08589 -0.98081
vn 0.14777 0.03039 -0.98855
vn 0.17067 0.01549 -0.98521
vn 0.14707 0.00363 -0.98912
vn 0.18382 -0.01897 -0.98278
vn 0.16337 0.05857 -0.98483
vn 0.16261 0.0436 -0.98573
vn 0.18006 0.03291 -0.9831
vn 0.16998 0.01898 -0.98526
vn 0.16432 0.06439 -0.9843
vn 0.16652 0.07137 -0.98345
vn 0.1455 0.02538 -0.98903
vn 0.15666 0.0629 -0.98565
vn 0.14443 0.06373 -0.98746
vn 0.15301 0.09496 -0.98365
vn 0.13218 0.05966 -0.98943
vn 0.13214 0.05952 -0.98944
vn 0.11178 0.13438 -0.9846
vn 0.1135 0.14146 -0.98342
vn 0.12309 0.19129 -0.97378
vn 0.10774 0.13292 -0.98525
vn 0.10605 0.20318 -0.97338
vn 0.09661 0.17261 -0.98024
vn 0.12402 0.23003 -0.96525
vn 0.11745 0.20575 -0.97153
vn 0.10275 0.21188 -0.97188
vn -0.29902 -0.40439 0.86432
vn -0.26654 -0.51345 0.81568
vn -0.12255 -0.7062 0.69732
vn -0.07807 -0.8828 0.46321
vn -0.02641 -0.83797 0.54507
vn 0.03561 -0.93037 0.36488
vn -0.18743 -0.84042 0.50849
vn -0.0174 -0.91739 0.39761
vn -0.15283 -0.93503 0.31994
vn -0.06908 -0.92877 0.36416
vn -0.18594 -0.96751 0.1713
vn -0.24082 -0.90639 0.34709
vn -0.06065 -0.99311 0.10029
vn 0.04319 -0.99075 0.12865
vn 0.15662 -0.9855 -0.06524
vn 0.22328 -0.97336 -0.05213
vn 0.18709 -0.97632 -0.10862
vn 0.18272 -0.97705 -0.10944
vn 0.14303 -0.97559 -0.16662
vn 0.1026 -0.97942 -0.1738
vn 0.19706 -0.96708 -0.16101
vn 0.08243 -0.97612 -0.20101
vn 0.09563 -0.97531 -0.19907
vn 0.15629 -0.96266 -0.22106
vn 0.10893 -0.96722 -0.22937
vn 0.08279 -0.9725 -0.21769
vn 0.08372 -0.96121 -0.26282
vn 0.09807 -0.96031 -0.26114
vn 0.02554 -0.97015 -0.24115
vn 0.05227 -0.96975 -0.23845
vn 0.05309 -0.94581 -0.32037
vn 0.08047 -0.94455 -0.31837
vn -0.00069 -0.95196 -0.30623
vn 0.03485 -0.95197 -0.30421
vn 0.0365 -0.92709 -0.37305
vn 0.04769 -0.92675 -0.37264
vn -0.07178 -0.902 -0.42572
vn -0.03969 -0.90397 -0.42574
vn 0.00153 -0.90526 -0.42485
vn -0.0418 -0.90438 -0.42468
vn -0.09117 -0.87355 -0.47812
vn -0.07739 -0.87519 -0.47756
vn -0.08014 -0.88217 -0.46407
vn -0.09144 -0.88084 -0.4645
vn -0.01278 -0.91208 -0.40982
vn 0.01522 -0.91163 -0.41073
vn -0.07051 -0.89352 -0.44345
vn -0.00164 -0.89549 -0.44509
vn 0.04214 -0.92157 -0.38593
vn 0.04139 -0.92264 -0.38344
vn 0.04541 -0.91862 -0.39253
vn 0.05871 -0.90369 -0.42414
vn 0.00943 -0.90558 -0.42408
vn 0.00072 -0.90537 -0.42462
vn 0.01678 -0.88285 -0.46935
vn 0.04541 -0.87924 -0.47421
vn 0.00427 -0.91377 -0.4062
vn 0.05932 -0.88617 -0.45954
vn 0.08091 -0.85968 -0.50439
vn 0.05284 -0.91575 -0.39827
vn 0.0805 -0.93366 -0.349
vn 0.06252 -0.93439 -0.35073
vn 0.1302 -0.88223 -0.45245
vn 0.16144 -0.8766 -0.45332
vn 0.02816 -0.91873 -0.39388
vn 0.05396 -0.91826 -0.39229
vn 0.11094 -0.84421 -0.52441
vn 0.15156 -0.8412 -0.51905
vn 0.00879 -0.89441 -0.44717
vn -0.00111 -0.89422 -0.44763
vn 0.12715 -0.82668 -0.54811
vn 0.15307 -0.82198 -0.54856
vn 0.02616 -0.90956 -0.41476
vn 0.11589 -0.90464 -0.41011
vn 0.20034 -0.83011 -0.52037
vn 0.07082 -0.88458 -0.46098
vn 0.1718 -0.86843 -0.4651
vn 0.11266 -0.79522 -0.59576
vn 0.16249 -0.78822 -0.59356
vn 0.09335 -0.84685 -0.52358
vn 0.10499 -0.75621 -0.64585
vn 0.05741 -0.69223 -0.71939
vn 0.10694 -0.69013 -0.71574
vn 0.08212 -0.75441 -0.65125
vn 0.08033 -0.74046 -0.66729
vn 0.06003 -0.63582 -0.7695
vn 0.12971 -0.6325 -0.76362
vn 0.04581 -0.72706 -0.68504
vn 0.11796 -0.71747 -0.68653
vn 0.15931 -0.72623 -0.66874
vn 0.22314 -0.78212 -0.5818
vn 0.28718 -0.7677 -0.57285
vn 0.27687 -0.52295 -0.80614
vn 0.22296 -0.72389 -0.65289
vn 0.39794 -0.67995 -0.61589
vn 0.29797 -0.62972 -0.7174
vn 0.23092 -0.36519 -0.90184
vn 0.26223 -0.42303 -0.86734
vn 0.33086 -0.42407 -0.84303
vn 0.27013 -0.34759 -0.89789
vn 0.27711 -0.22565 -0.93397
vn 0.19864 -0.11365 -0.97346
vn 0.22309 -0.12841 -0.9663
vn 0.22566 -0.12659 -0.96595
vn 0.26635 -0.13683 -0.95411
vn 0.22717 -0.04059 -0.97301
vn 0.19541 -0.01983 -0.98052
vn 0.2542 -0.05144 -0.96578
vn 0.21558 -0.02487 -0.97617
vn 0.1956 -0.01837 -0.98051
vn 0.19546 -0.01829 -0.98054
vn 0.21713 -0.01154 -0.97608
vn 0.22043 -0.01351 -0.97531
vn 0.19544 -0.01872 -0.98054
vn 0.2208 0.0329 -0.97476
vn 0.17547 0.00987 -0.98443
vn 0.15904 0.00626 -0.98725
vn 0.15815 0.0103 -0.98736
vn 0.16456 0.03782 -0.98564
vn 0.15753 0.00993 -0.98746
vn 0.1576 0.01018 -0.98745
vn 0.15644 0.0487 -0.98649
vn 0.15103 0.02719 -0.98816
vn 0.14245 0.03706 -0.98911
vn 0.14427 0.04435 -0.98854
vn 0.14432 0.03917 -0.98876
vn 0.14997 0.06634 -0.98646
vn 0.15065 0.07548 -0.9857
vn 0.14201 0.03827 -0.98913
vn 0.09097 0.19006 -0.97755
vn 0.08844 0.179 -0.97987
vn 0.10833 0.21491 -0.97061
vn 0.10374 0.19467 -0.97537
vn 0.07845 0.22098 -0.97212
vn -0.35138 -0.29568 0.88831
vn -0.31504 -0.31868 0.89398
vn -0.30049 -0.56183 0.77075
vn -0.24514 -0.62864 0.73805
vn -0.19209 -0.64076 0.74332
vn -0.26131 -0.57892 0.77238
vn -0.32341 -0.27847 0.90435
vn -0.30767 -0.23814 0.92121
vn -0.30012 -0.25724 0.91856
vn -0.32083 -0.31104 0.89461
vn -0.30674 -0.25989 0.91563
vn -0.35009 -0.34591 0.87051
vn -0.33382 -0.27955 0.90023
vn -0.35404 -0.33983 0.87131
vn -0.36265 -0.38952 0.84661
vn -0.27007 -0.38773 0.88132
vn -0.28219 -0.4565 0.84379
vn -0.24056 -0.56612 0.78844
vn -0.24088 -0.56837 0.78672
vn -0.19944 -0.61747 0.76089
vn -0.12893 -0.53611 0.83425
vn -0.1228 -0.70334 0.70016
vn -0.23396 -0.67306 0.70161
vn -0.24153 -0.72134 0.6491
vn -0.11791 -0.80668 0.57911
vn -0.12036 -0.77886 0.61554
vn -0.26294 -0.746 0.61184
vn -0.25975 -0.79349 0.55037
vn -0.26814 -0.84756 0.45798
vn -0.26276 -0.77615 0.57319
vn -0.26785 -0.8641 0.42614
vn -0.26811 -0.83303 0.48392
vn -0.28695 -0.84224 0.45639
vn -0.28719 -0.79477 0.53466
vn -0.31283 -0.8077 0.49975
vn -0.31809 -0.71233 0.62562
vn -0.30327 -0.70783 0.63797
vn -0.30303 -0.67295 0.67476
vn -0.32262 -0.76655 0.55526
vn -0.3112 -0.71489 0.62617
vn -0.34266 -0.64502 0.68304
vn -0.27256 -0.66076 0.69936
vn -0.25716 -0.60703 0.75192
vn -0.24457 -0.52431 0.81565
vn -0.24486 -0.52621 0.81434
vn -0.2734 -0.6478 0.71106
vn -0.26852 -0.61288 0.74315
vn -0.26006 -0.43674 0.86118
vn -0.32294 -0.30656 0.89539
vn -0.32377 -0.30274 0.89639
vn -0.21706 -0.40259 0.88927
vn -0.21839 -0.40814 0.88641
vn -0.20843 -0.42406 0.88132
vn -0.19475 -0.42834 0.88238
vn -0.23223 -0.48726 0.84181
vn -0.20137 -0.49664 0.84428
vn -0.29729 -0.54696 0.7826
vn -0.31779 -0.45354 0.83265
vn -0.27099 -0.47799 0.83552
vn -0.26985 -0.57258 0.77416
vn -0.31736 -0.61522 0.72166
vn -0.32004 -0.54289 0.77643
vn -0.33436 -0.63109 0.69995
vn -0.31464 -0.6214 0.71754
vn -0.30873 -0.62324 0.71851
vn -0.32059 -0.65142 0.68766
vn -0.31974 -0.71343 0.62352
vn -0.34437 -0.70526 0.61969
vn -0.2865 -0.71624 0.63633
vn -0.30211 -0.87237 0.38432
vn -0.30171 -0.82364 0.48019
vn -0.30298 -0.91732 0.25832
vn -0.29702 -0.87109 0.39112
vn -0.21619 -0.93588 0.27819
vn -0.21525 -0.90811 0.35916
vn -0.18648 -0.96033 0.20735
vn -0.18533 -0.93156 0.3128
vn -0.30798 -0.86432 0.39762
vn -0.31013 -0.80957 0.49841
vn -0.13905 -0.98595 0.09256
vn -0.15342 -0.95759 0.24391
vn -0.27866 -0.95692 0.08161
vn -0.29234 -0.91962 0.26236
vn -0.20244 -0.97585 -0.08205
vn -0.14541 -0.97819 0.14833
vn -0.08052 -0.98073 0.17799
vn -0.1064 -0.98838 0.10857
vn -0.01256 -0.98913 0.14651
vn -0.10315 -0.99123 -0.08258
vn 0.19859 -0.96169 -0.18898
vn 0.16409 -0.96694 -0.19522
vn 0.18747 -0.9709 -0.14901
vn 0.02169 -0.97872 -0.20407
vn -0.0014 -0.96939 -0.24554
vn -0.0418 -0.96742 -0.24968
vn -0.1427 -0.91936 -0.36663
vn 0.02579 -0.92577 -0.3772
vn -0.06418 -0.87786 -0.4746
vn 0.06174 -0.87795 -0.47476
vn -0.01014 -0.83511 -0.54998
vn 0.01029 -0.83594 -0.54872
vn -0.0006 -0.8289 -0.55939
vn 0.00792 -0.82879 -0.5595
vn 0.0844 -0.87342 -0.47959
vn 0.0878 -0.86916 -0.48667
vn 0.16438 -0.80418 -0.5712
vn 0.20421 -0.7065 -0.67761
vn 0.01322 -0.80889 -0.5878
vn 0.05135 -0.80469 -0.59147
vn 0.1072 -0.82901 -0.54886
vn 0.10887 -0.81804 -0.56477
vn 0.17188 -0.82398 -0.53992
vn 0.1849 -0.74734 -0.6382
vn 0.17402 -0.74109 -0.64847
vn 0.18813 -0.73843 -0.64756
vn 0.27397 -0.62589 -0.73021
vn 0.28796 -0.50051 -0.81644
vn 0.2168 -0.7485 -0.6267
vn 0.21929 -0.7115 -0.66759
vn 0.29998 -0.50477 -0.80946
vn 0.29979 -0.49198 -0.81736
vn 0.11937 -0.67787 -0.72542
vn 0.31718 -0.63076 -0.7082
vn 0.28493 -0.48635 -0.826
vn 0.27444 -0.36792 -0.88844
vn 0.24201 -0.52401 -0.81661
vn 0.30248 -0.52361 -0.79645
vn 0.32023 -0.3763 -0.8694
vn 0.26538 -0.42965 -0.86312
vn 0.29237 -0.32097 -0.90083
vn 0.31432 -0.25528 -0.91435
vn 0.28688 -0.18526 -0.93988
vn 0.29173 -0.18846 -0.93775
vn 0.26777 -0.4299 -0.86226
vn 0.25688 -0.35502 -0.89887
vn 0.25882 -0.16746 -0.9513
vn 0.2539 -0.03515 -0.96659
vn 0.25343 -0.03424 -0.96675
vn 0.23645 -0.02583 -0.9713
vn 0.2346 -0.04013 -0.97126
vn 0.24974 -0.04894 -0.96708
vn 0.24932 -0.04075 -0.96756
vn 0.22107 -0.04154 -0.97437
vn 0.20875 -0.03503 -0.97734
vn 0.22124 -0.09134 -0.97093
vn 0.19071 -0.08287 -0.97814
vn 0.18696 -0.06696 -0.98008
vn 0.26014 -0.05262 -0.96414
vn 0.22695 -0.05441 -0.97238
vn 0.2416 -0.02741 -0.96999
vn 0.23953 -0.02512 -0.97056
vn 0.28667 -0.3637 -0.88631
vn 0.29224 -0.12371 -0.94831
vn 0.23982 -0.1598 -0.95757
vn 0.30989 -0.1821 -0.93317
vn 0.23294 -0.03497 -0.97186
vn 0.24901 -0.03993 -0.96768
vn 0.26793 -0.02784 -0.96303
vn 0.23594 -0.01143 -0.9717
vn 0.24609 -0.02647 -0.96888
vn 0.21984 -0.01067 -0.97548
vn 0.23376 -0.0051 -0.97228
vn 0.23314 -0.00472 -0.97243
vn 0.22446 -0.02678 -0.97411
vn 0.20892 -0.01919 -0.97774
vn 0.23376 -0.00651 -0.97227
vn 0.22397 -0.00092 -0.9746
vn 0.22276 -0.05864 -0.97311
vn 0.24029 -0.04788 -0.96952
vn 0.21254 -0.04848 -0.97595
vn 0.20914 -0.07465 -0.97503
vn 0.19426 -0.00631 -0.98093
vn 0.19607 -0.00119 -0.98059
vn 0.20701 0.03971 -0.97753
vn 0.19101 -0.00699 -0.98156
vn 0.1808 0.094 -0.97902
vn 0.17122 0.05833 -0.9835
vn 0.18749 0.09633 -0.97753
vn 0.16996 0.12337 -0.9777
vn 0.24637 0.09147 -0.96485
vn 0.23381 0.04847 -0.97107
vn 0.25501 0.09351 -0.96241
vn 0.25425 -0.00072 -0.96714
vn 0.24587 -0.02576 -0.96896
vn 0.28171 0.00082 -0.9595
vn 0.19888 0.02905 -0.97959
vn 0.29285 -0.03166 -0.95563
vn 0.28016 -0.05077 -0.95861
vn 0.20269 -0.04098 -0.97839
vn 0.21302 -0.04346 -0.97608
vn 0.24131 -0.00081 -0.97045
vn 0.26491 -0.0286 -0.96385
vn 0.26491 -0.02859 -0.96385
vn 0.20377 -0.04143 -0.97814
vn 0.20267 -0.04087 -0.97839
vn 0.20307 -0.04144 -0.97829
vn 0.22291 -0.05816 -0.9731
vn 0.20334 -0.04608 -0.97802
vn 0.23378 -0.09049 -0.96807
vn 0.22076 -0.08297 -0.97179
vn 0.25636 -0.02103 -0.96635
vn 0.2526 -0.0333 -0.967
vn 0.20559 -0.04543 -0.97758
vn 0.20696 -0.04275 -0.97741
vn 0.24362 -0.02448 -0.96956
vn 0.23884 -0.04138 -0.97018
vn 0.24158 -0.07591 -0.96741
vn 0.2477 -0.05707 -0.96715
vn 0.24329 -0.0497 -0.96868
vn 0.29167 -0.18807 -0.93785
vn 0.24935 -0.05968 -0.96657
vn 0.30924 -0.17876 -0.93403
vn 0.23049 -0.05471 -0.97154
vn 0.30643 -0.25693 -0.91656
vn 0.26607 -0.20777 -0.9413
vn 0.35708 -0.23882 -0.90303
vn 0.36227 -0.24205 -0.9001
vn 0.21842 -0.3159 -0.92331
vn 0.23788 -0.25727 -0.9366
vn 0.36404 -0.25984 -0.89441
vn 0.21739 -0.3124 -0.92474
vn 0.18264 -0.285 -0.94097
vn 0.37282 -0.39313 -0.84051
vn 0.19385 -0.46207 -0.8654
vn 0.25414 -0.48093 -0.83912
vn 0.17844 -0.65108 -0.73774
vn 0.27777 -0.62914 -0.72597
vn 0.25362 -0.47743 -0.84127
vn 0.25016 -0.47689 -0.84261
vn 0.17341 -0.6795 -0.71289
vn 0.18077 -0.6532 -0.73529
vn 0.25223 -0.54357 -0.80057
vn 0.20635 -0.53269 -0.82077
vn 0.15407 -0.7096 -0.68755
vn 0.16153 -0.67465 -0.72025
vn 0.20625 -0.62405 -0.75367
vn 0.2113 -0.71704 -0.66424
vn 0.14083 -0.68923 -0.71072
vn 0.13684 -0.59963 -0.78849
vn 0.15007 -0.73467 -0.66161
vn 0.03503 -0.75852 -0.65071
vn 0.09418 -0.75697 -0.64663
vn 0.03495 -0.77553 -0.63034
vn 0.05581 -0.77517 -0.62928
vn 0.03945 -0.72578 -0.68679
vn 0.07385 -0.78675 -0.61284
vn 0.05616 -0.7881 -0.61298
vn -0.01648 -0.71777 -0.69608
vn -0.9971 -0.07594 -0.00433
vn -0.71734 -0.69366 -0.06526
vn -0.75419 0.52876 -0.38938
vn -0.45105 0.83 -0.3281
vn -0.26812 0.86718 -0.41965
vn -0.06566 0.94417 -0.32284
vn 0.04143 0.96183 -0.2705
vn 0.0773 0.93049 -0.35808
vn 0.70701 -0.49702 -0.5031
vn 0.70724 -0.51327 -0.48617
vn 0.74015 -0.55349 -0.38186
vn 0.8085 -0.47926 -0.34153
vn 0.65906 -0.5693 -0.49146
vn -0.37646 -0.71174 -0.59305
vn -0.10356 -0.55068 -0.82827
vn -0.34385 -0.55656 -0.75631
vn -0.20746 -0.79667 -0.5677
vn -0.2711 -0.90641 -0.32392
vn 0.14596 0.94916 -0.27892
vn 0.1872 0.94279 -0.27586
vn -0.57941 -0.06438 -0.81249
vn -0.31841 0.10083 -0.94258
vn -0.46491 -0.75002 -0.47045
vn -0.13233 -0.74838 -0.64994
vn -0.99837 -0.048 -0.03074
vn -0.84112 0.51504 -0.1651
vn -0.23791 -0.64461 -0.72655
vn -0.68879 -0.19973 -0.6969
vn -0.50452 0.14178 -0.85168
vn -0.22818 -0.60173 -0.76541
vn -0.99199 -0.08634 -0.09224
vn -0.8609 -0.39857 -0.31623
vn -0.86655 -0.47307 -0.15905
vn 0.02097 -0.73221 -0.68076
vn -0.75138 -0.63423 -0.18215
vn -0.72146 -0.67532 -0.15307
vn -0.77184 -0.63581 0.00248
vn -0.68027 -0.72688 -0.09422
vn -0.6438 -0.73493 -0.21308
vn -0.70508 -0.70876 0.02298
vn -0.47285 -0.79737 0.37499
vn -0.61398 -0.73282 0.29327
vn -0.10657 -0.55482 0.82512
vn 0.11763 -0.88386 0.45272
vn 0.5268 -0.76914 0.36181
vn -0.10274 -0.95801 0.26768
vn 0.90524 -0.39935 -0.14513
vn 0.86661 -0.4945 0.06681
vn 0.22791 -0.95864 -0.17047
vn 0.26374 -0.95053 -0.16413
vn 0.31763 -0.89488 -0.31354
vn 0.32615 -0.91795 -0.2258
vn -0.113 -0.9032 -0.41407
vn -0.07686 -0.93198 -0.35428
vn -0.09375 -0.92913 -0.35767
vn 0.01281 -0.97106 -0.2385
vn 0.00502 -0.97087 -0.23957
vn -0.10215 -0.98116 -0.16399
vn 0.09633 -0.987 -0.12866
vn -0.02335 -0.93709 -0.34832
vn -0.2144 -0.97148 -0.10124
vn -0.03111 -0.99689 -0.07236
vn -0.22032 -0.97177 -0.0844
vn -0.19248 -0.98127 0.0084
vn -0.1774 -0.98407 0.01165
vn -0.15257 -0.98686 -0.05327
vn -0.17418 -0.98052 0.0908
vn -0.18049 -0.98007 0.083
vn -0.19487 -0.94238 0.27192
vn -0.19552 -0.90506 0.37767
vn -0.19349 -0.90453 0.37999
vn -0.19049 -0.86516 0.4639
vn -0.11744 -0.76149 0.63745
vn -0.13875 -0.7951 0.5904
vn -0.13772 -0.84424 0.51797
vn -0.16746 -0.83398 0.52576
vn -0.23497 -0.84142 0.48663
vn -0.23537 -0.84662 0.47731
vn -0.11053 -0.76966 0.62882
vn 0.00266 -0.64285 0.76599
vn -0.07044 -0.74367 0.66483
vn -0.07102 -0.72951 0.68028
vn -0.19798 -0.67943 0.70652
vn -0.2042 -0.70384 0.68038
vn -0.02393 -0.6098 0.79219
vn -0.01441 -0.65429 0.75611
vn -0.01172 -0.59786 0.80152
vn -0.14745 -0.60912 0.77925
vn -0.16082 -0.65902 0.73473
vn -0.04631 -0.62039 0.78293
vn -0.07201 -0.6778 0.73171
vn -0.04596 -0.60669 0.79361
vn -0.04286 -0.6167 0.78603
vn -0.17485 -0.50014 0.84811
vn -0.17784 -0.53629 0.82509
vn -0.15188 -0.53728 0.82962
vn -0.11983 -0.53294 0.83763
vn -0.12219 -0.54976 0.82634
vn -0.13753 -0.51858 0.8439
vn -0.08967 -0.54933 0.83078
vn -0.21187 -0.50781 0.83501
vn -0.21483 -0.43922 0.87232
vn -0.18588 -0.42976 0.8836
vn -0.18082 -0.39393 0.90118
vn -0.23128 -0.41664 0.87916
vn -0.22152 -0.36016 0.90621
vn -0.16403 -0.42755 0.88899
vn -0.23422 -0.45802 0.85753
vn -0.23331 -0.45151 0.86123
vn -0.24362 -0.43859 0.86504
vn 0.21792 0.04404 -0.97497
vn 0.21461 0.00843 -0.97666
vn 0.20777 -0.00268 -0.97817
vn 0.19777 0.0484 -0.97905
vn 0.21536 0.03827 -0.97578
vn 0.17539 0.00936 -0.98445
vn 0.22095 -0.02119 -0.97506
vn 0.19432 -0.06963 -0.97846
vn 0.20298 -0.07452 -0.97634
vn 0.20915 -0.0047 -0.97787
vn 0.20253 -0.04187 -0.97838
vn 0.20536 -0.04442 -0.97768
vn 0.1982 -0.06738 -0.97784
vn 0.22445 -0.1 -0.96934
vn 0.26174 -0.16016 -0.95176
vn 0.22905 -0.17522 -0.95752
vn 0.23356 -0.24894 -0.93993
vn 0.32865 -0.28539 -0.9003
vn 0.25827 -0.24709 -0.93394
vn 0.24693 -0.25194 -0.93571
vn 0.31242 -0.2208 -0.92393
vn 0.30958 -0.22751 -0.92325
vn 0.31724 -0.23418 -0.91898
vn 0.29541 -0.22908 -0.9275
vn 0.34313 -0.37087 -0.86297
vn 0.31584 -0.33098 -0.88921
vn 0.2669 -0.32274 -0.90808
vn 0.30075 -0.42431 -0.85411
vn 0.27625 -0.38849 -0.87907
vn 0.24969 -0.38048 -0.89044
vn 0.26142 -0.4827 -0.83586
vn 0.25253 -0.4392 -0.86217
vn 0.2241 -0.53406 -0.81521
vn 0.10525 -0.68646 -0.71951
vn 0.13444 -0.68501 -0.71602
vn 0.24811 -0.46699 -0.84874
vn 0.01389 -0.6926 -0.72119
vn 0.10876 -0.68997 -0.71562
vn 0.11229 -0.63048 -0.76804
vn 0.10882 -0.62949 -0.76935
vn 0.37682 0.59217 -0.71228
vn -0.59969 0.32814 -0.72987
vn -0.12189 0.28963 -0.94935
vn 0.83844 -0.54462 0.02023
vn 0.40138 0.54487 -0.73621
vn -0.10624 0.89412 -0.43504
vn 0.26331 0.89047 -0.37111
vn 0.3996 0.91493 0.0568
vn 0.92288 -0.38435 0.02369
vn 0.76992 -0.54618 -0.33003
vn 0.76973 -0.54824 -0.32702
vn 0.87383 -0.48623 -0.00104
vn 0.49635 -0.67227 -0.54926
vn 0.40061 -0.84173 -0.36193
vn 0.53245 -0.81969 -0.21122
vn 0.10274 -0.95657 -0.27278
vn 0.89329 -0.44301 -0.07601
vn 0.73069 -0.67723 -0.08637
vn 0.56232 -0.81247 -0.15392
vn 0.89171 -0.11688 0.43725
vn 0.79525 -0.36539 0.4838
vn 0.96152 -0.15158 -0.22912
vn 0.88311 -0.19669 0.42595
vn 0.45587 -0.88664 -0.07779
vn 0.3466 -0.90218 -0.2568
vn 0.05558 -0.86275 -0.50257
vn -0.0083 -0.86563 -0.50062
vn 0.07691 -0.86374 -0.49803
vn 0.06033 -0.86611 -0.4962
vn 0.03588 -0.89712 -0.44033
vn 0.06425 -0.85703 -0.51124
vn -0.02649 -0.87209 -0.48864
vn -0.02253 -0.86525 -0.50084
vn 0.00226 -0.89479 -0.44649
vn 0.01506 -0.8946 -0.44662
vn 0.05544 -0.93936 -0.33843
vn 0.1114 -0.93705 -0.33095
vn -0.0343 -0.93772 -0.3457
vn -0.01996 -0.90852 -0.41736
vn -0.14714 -0.92166 -0.35901
vn -0.0461 -0.9322 -0.359
vn -0.07874 -0.96052 -0.26683
vn -0.06773 -0.96165 -0.26579
vn -0.06931 -0.96803 -0.24106
vn -0.05719 -0.96889 -0.24081
vn -0.17815 -0.96534 -0.19072
vn -0.02484 -0.98264 -0.18387
vn -0.16149 -0.98483 -0.06357
vn -0.08512 -0.99468 -0.05796
vn -0.19135 -0.9781 0.08184
vn -0.25472 -0.96426 0.07299
vn -0.18459 -0.97835 0.09359
vn -0.23748 -0.95008 0.20238
vn -0.1983 -0.95529 0.21933
vn -0.10934 -0.98127 0.15857
vn -0.11495 -0.94724 0.29921
vn -0.09761 -0.9443 0.31428
vn -0.10403 -0.83477 0.54068
vn -0.10038 -0.7712 0.62863
vn -0.0842 -0.82214 0.56303
vn -0.08793 -0.82661 0.55586
vn -0.06354 -0.73593 0.67407
vn -0.03242 -0.61869 0.78497
vn 0.02016 -0.6335 0.77348
vn 0.17971 -0.58598 0.79015
vn 0.11963 -0.55465 0.82344
vn -0.00282 -0.6469 0.76257
vn -0.05826 -0.6736 0.7368
vn -0.05208 -0.53895 0.84072
vn -0.05482 -0.29482 0.95398
vn 0.04711 -0.24751 0.96774
vn -0.08001 -0.17545 0.98123
vn 0.22733 0.00736 -0.97379
vn 0.22554 0.00852 -0.9742
vn 0.24307 -0.04809 -0.96882
vn 0.23954 -0.04677 -0.96976
vn 0.24341 -0.18191 -0.95271
vn 0.29326 -0.17415 -0.94004
vn 0.26499 -0.27286 -0.92484
vn 0.31513 -0.2993 -0.90062
vn 0.2597 -0.25603 -0.93113
vn 0.26022 -0.25518 -0.93122
vn 0.29432 -0.23064 -0.92746
vn 0.25778 -0.24886 -0.93361
vn 0.26156 -0.24932 -0.93243
vn 0.29157 -0.29168 -0.91099
vn 0.27217 -0.28714 -0.91841
vn 0.28998 -0.28848 -0.91252
vn 0.28929 -0.33726 -0.89586
vn 0.28481 -0.35169 -0.89174
vn 0.29413 -0.30344 -0.90632
vn 0.27466 -0.33984 -0.89948
vn 0.24688 -0.43766 -0.86458
vn 0.27565 -0.34564 -0.89697
vn 0.27749 -0.34598 -0.89627
vn 0.23388 -0.46361 -0.85461
vn 0.28079 -0.37584 -0.88312
vn 0.20732 -0.35508 -0.91156
vn 0.23678 -0.45813 -0.85677
vn 0.21372 -0.42145 -0.88131
vn 0.22764 -0.42536 -0.87593
vn 0.17514 -0.47014 -0.86504
vn 0.23414 -0.46526 -0.85365
vn 0.26995 -0.47308 -0.83864
vn 0.61117 -0.01185 -0.79141
vn 0.2699 -0.4727 -0.83888
vn 0.3299 -0.48994 -0.80692
vn 0.39659 -0.85125 -0.34365
vn 0.73385 -0.62671 -0.2621
vn 0.35585 -0.71471 -0.60213
vn 0.37875 -0.89213 -0.24627
vn 0.45973 -0.85823 -0.22822
vn 0.32249 -0.84645 -0.4237
vn 0.32287 -0.70756 -0.62858
vn 0.29634 -0.90811 -0.29584
vn 0.34853 -0.89083 -0.29144
vn 0.193 -0.83502 -0.51526
vn 0.16424 -0.87605 -0.45339
vn 0.12475 -0.79433 -0.59454
vn 0.11519 -0.79681 -0.59315
vn 0.05581 -0.82469 -0.56283
vn 0.08308 -0.77094 -0.63147
vn 0.01046 -0.83678 -0.54744
vn 0.02383 -0.80677 -0.59039
vn 0.06713 -0.8546 -0.51492
vn 0.04506 -0.85579 -0.51535
vn 0.0415 -0.87088 -0.48975
vn 0.10019 -0.87063 -0.48162
vn -0.05126 -0.88981 -0.45344
vn -0.02776 -0.83037 -0.55652
vn -0.03869 -0.87008 -0.4914
vn -0.08864 -0.86663 -0.49102
vn 0.00793 -0.91538 -0.40252
vn 0.04794 -0.91565 -0.39912
vn -0.09781 -0.9098 -0.40335
vn 0.00462 -0.91381 -0.40612
vn -0.12949 -0.92706 -0.35184
vn -0.05714 -0.9321 -0.35766
vn -0.03706 -0.97662 -0.21175
vn -0.01063 -0.9776 -0.2102
vn -0.09717 -0.98169 -0.16383
vn 0.00578 -0.98837 -0.15196
vn -0.09838 -0.98123 -0.16586
vn -0.24006 -0.95428 -0.1781
vn -0.24446 -0.96298 -0.11365
vn -0.19044 -0.97615 -0.1042
vn -0.16724 -0.98585 -0.01111
vn -0.17476 -0.98453 -0.01259
vn -0.12277 -0.98197 0.14376
vn -0.06568 -0.98629 0.15142
vn 0.00811 -0.94984 0.31263
vn 0.1566 -0.92002 0.35921
vn -0.0652 -0.82624 0.55953
vn -0.00718 -0.67042 0.74195
vn -0.01892 -0.71649 0.69734
vn 0.05322 -0.46045 0.88609
vn 0.04366 -0.51137 0.85825
vn 0.07806 -0.57165 0.81678
vn 0.09575 -0.47932 0.8724
vn 0.07166 -0.48567 0.8712
vn 0.10521 -0.43645 0.89356
vn 0.10712 -0.45796 0.8825
vn 0.09247 -0.43872 0.89385
vn 0.04354 -0.41819 0.90731
vn 0.11973 -0.44909 0.88543
vn 0.29868 -0.67105 0.67859
vn 0.17409 -0.6212 0.76407
vn 0.31777 -0.62944 0.70911
vn 0.29886 -0.64722 0.70128
vn 0.28124 -0.42241 0.86167
vn 0.26955 -0.41764 0.86771
vn 0.23496 -0.3279 0.91503
vn 0.35209 -0.10457 0.93011
vn 0.36384 -0.05835 0.92963
vn 0.31747 -0.03261 0.94771
vn 0.30883 0.28022 0.9089
vn 0.26113 0.29877 0.9179
vn 0.2277 0.00269 -0.97373
vn 0.24519 -0.00684 -0.96945
vn 0.23572 0.05701 -0.97015
vn 0.2207 0.00521 -0.97533
vn 0.19557 0.00749 -0.98066
vn 0.25376 -0.03187 -0.96674
vn 0.22132 -0.01657 -0.97506
vn 0.2158 -0.03771 -0.97571
vn 0.28088 -0.16857 -0.94482
vn 0.21699 -0.03958 -0.97537
vn 0.29101 -0.14386 -0.94584
vn 0.23109 -0.04216 -0.97202
vn 0.25786 -0.2545 -0.93206
vn 0.2995 -0.24111 -0.92313
vn 0.29451 -0.28187 -0.91313
vn 0.30732 -0.2579 -0.91599
vn 0.28819 -0.27295 -0.91785
vn 0.27022 -0.30547 -0.91306
vn 0.30498 -0.2222 -0.92607
vn 0.27792 -0.27377 -0.92077
vn 0.27958 -0.34328 -0.89666
vn 0.28267 -0.291 -0.91401
vn 0.24135 -0.32026 -0.91607
vn 0.28866 -0.33305 -0.89764
vn 0.29823 -0.35525 -0.88592
vn 0.27173 -0.38074 -0.88385
vn 0.31008 -0.43243 -0.84667
vn 0.2525 -0.5668 -0.78421
vn 0.30236 -0.72551 -0.61824
vn 0.30172 -0.85658 -0.41861
vn 0.33143 -0.84779 -0.41402
vn 0.31562 -0.8526 -0.41649
vn 0.30202 -0.85679 -0.41797
vn 0.10514 -0.77381 -0.62463
vn 0.108 -0.76558 -0.63421
vn 0.07604 -0.77568 -0.62653
vn 0.0816 -0.76345 -0.64069
vn 0.18616 -0.70667 -0.68261
vn 0.13546 -0.76588 -0.62855
vn 0.07798 -0.77724 -0.62436
vn 0.14873 -0.76908 -0.6216
vn 0.11606 -0.79645 -0.59346
vn 0.13447 -0.74987 -0.64778
vn 0.06723 -0.79182 -0.60704
vn 0.10016 -0.789 -0.60617
vn 0.03819 -0.80031 -0.59837
vn 0.04593 -0.77757 -0.62711
vn 0.03492 -0.80062 -0.59815
vn 0.03853 -0.80054 -0.59804
vn 0.08746 -0.8523 -0.5157
vn 0.11693 -0.85085 -0.51224
vn 0.02039 -0.84043 -0.54154
vn 0.06286 -0.83869 -0.54097
vn -0.02032 -0.8545 -0.51906
vn 0.04004 -0.85227 -0.52156
vn 0.00741 -0.9175 -0.39766
vn 0.09377 -0.91331 -0.39632
vn -0.06846 -0.91354 -0.40094
vn 0.0039 -0.91582 -0.40157
vn -0.06748 -0.91965 -0.38689
vn -0.0553 -0.92058 -0.38662
vn -0.02131 -0.95963 -0.28045
vn 0.02291 -0.96105 -0.27541
vn 0.02935 -0.98186 -0.18734
vn -0.07021 -0.97481 -0.21169
vn -0.10475 -0.98464 -0.13971
vn -0.03604 -0.99109 -0.12825
vn -0.02287 -0.99957 -0.01808
vn -0.02313 -0.99957 -0.01813
vn 0.05367 -0.99039 0.12744
vn 0.07143 -0.98875 0.13144
vn 0.12316 -0.85849 0.49782
vn 0.00184 -0.56177 0.82729
vn 0.05428 -0.45983 0.88635
vn 0.05273 -0.47076 0.88069
vn 0.02085 -0.42235 0.90619
vn 0.01587 -0.44027 0.89773
vn 0.04167 -0.3425 0.93859
vn 0.12274 -0.44501 0.88707
vn 0.10486 -0.43698 0.89334
vn 0.04503 -0.34545 0.93736
vn 0.21298 -0.09312 0.97261
vn 0.24184 -0.43774 0.86597
vn 0.09164 -0.35235 0.93137
vn 0.16576 -0.01388 0.98607
vn 0.58453 -0.44925 0.67565
vn 0.19721 -0.27207 0.94185
vn 0.80874 -0.11222 0.57737
vn 0.51118 0.09832 0.85383
vn 0.80546 0.11254 0.58186
vn 0.76185 0.14348 0.63166
vn 0.81253 0.2584 0.52252
vn 0.72561 0.32407 0.60701
vn -0.0696 0.98238 0.17346
vn 0.15898 0.9671 0.19859
vn 0.06402 0.99608 0.06107
vn 0.33714 0.93527 0.10769
vn 0.05971 0.94359 0.32569
vn 0.23443 0.89772 0.37301
vn 0.2149 0.92244 0.32082
vn 0.61277 0.70113 0.36459
vn 0.59013 0.75852 0.27638
vn 0.68554 0.66996 0.28493
vn 0.80965 0.56294 0.16604
vn 0.79696 0.57977 0.16947
vn 0.88463 0.34864 0.30965
vn 0.92588 0.29789 0.23239
vn 0.96852 0.13121 0.21155
vn 0.95446 -0.28023 0.10235
vn 0.86134 -0.44117 0.25191
vn 0.75911 -0.6012 0.24963
vn 0.68516 -0.72604 0.05848
vn 0.69185 -0.71952 0.0603
vn 0.56529 -0.80583 -0.17631
vn 0.66854 -0.72878 -0.14809
vn 0.57073 -0.76051 -0.30965
vn 0.614 -0.73114 -0.2974
vn 0.51592 -0.7189 -0.46583
vn 0.59687 -0.67614 -0.43196
vn 0.56478 -0.66449 -0.48935
vn 0.53157 -0.68188 -0.50247
vn 0.5351 -0.68337 -0.49665
vn 0.40961 -0.74272 -0.5297
vn 0.37373 -0.73022 -0.57192
vn 0.38031 -0.70105 -0.60324
vn 0.30361 -0.68942 -0.65766
vn 0.30372 -0.6977 -0.64882
vn 0.24234 -0.67398 -0.69788
vn 0.19771 -0.65716 -0.72736
vn 0.12461 -0.66854 -0.73316
vn 0.05212 -0.58801 -0.80717
vn 0.2076 -0.5714 -0.79398
vn 0.21094 -0.57656 -0.78936
vn 0.30158 -0.55778 -0.77326
vn 0.25852 -0.51774 -0.81554
vn 0.27427 -0.45787 -0.84566
vn 0.18084 -0.41195 -0.89308
vn 0.17507 -0.4367 -0.88241
vn 0.17896 -0.44251 -0.87872
vn 0.25856 -0.47414 -0.84163
vn 0.3734 -0.59846 -0.70881
vn 0.36344 -0.59515 -0.71673
vn 0.40835 -0.57853 -0.70609
vn 0.36471 -0.55736 -0.74588
vn 0.32116 -0.33486 -0.88585
vn 0.3709 -0.34337 -0.86286
vn 0.35767 -0.26235 -0.89624
vn 0.35542 -0.261 -0.89753
vn 0.35639 -0.23734 -0.90369
vn 0.32449 -0.22005 -0.91994
vn 0.3147 -0.22366 -0.92247
vn 0.32707 -0.13208 -0.93573
vn 0.31818 -0.11216 -0.94137
vn 0.33334 -0.07179 -0.94007
vn -0.1056 0.73905 0.66532
vn -0.1835 0.80911 0.55827
vn -0.04068 0.80704 0.58909
vn -0.33069 0.59678 0.73109
vn -0.31997 0.5527 0.76951
vn -0.29044 0.45335 0.84268
vn -0.11666 0.44399 0.88841
vn -0.08456 0.39624 0.91425
vn 0.02516 0.6508 0.75883
vn 0.20483 0.46116 0.86335
vn 0.29224 0.44932 0.84422
vn 0.30892 0.41445 0.85604
vn 0.68993 0.2467 0.68054
vn 0.57167 0.45882 0.68021
vn 0.7797 0.37088 0.5045
vn 0.84079 0.11818 0.5283
vn 0.95436 -0.07417 0.28932
vn 0.95526 -0.01094 0.29557
vn 0.98923 -0.11914 0.08503
vn 0.96222 -0.26526 0.06136
vn 0.89777 -0.35646 -0.25873
vn 0.79852 -0.34308 -0.49463
vn 0.82379 -0.39539 -0.40625
vn 0.74427 -0.31796 -0.58734
vn 0.73011 -0.32122 -0.60312
vn 0.72022 -0.30687 -0.62219
vn 0.7672 -0.38838 -0.51045
vn 0.73472 -0.33749 -0.58846
vn 0.66026 -0.44988 -0.60139
vn 0.64323 -0.411 -0.64601
vn 0.55727 -0.45357 -0.69551
vn 0.54751 -0.40384 -0.7329
vn 0.45896 -0.39747 -0.79459
vn 0.40905 -0.39374 -0.8232
vn 0.40445 -0.37603 -0.83368
vn 0.31356 -0.39268 -0.86457
vn 0.32208 -0.36765 -0.87241
vn 0.29446 -0.32445 -0.8989
vn 0.39577 -0.51133 -0.76283
vn 0.39733 -0.51155 -0.76187
vn 0.3927 -0.48925 -0.77873
vn 0.32325 -0.29079 -0.90053
vn 0.30717 -0.22501 -0.92467
vn 0.31808 -0.2001 -0.92671
vn 0.31545 -0.19121 -0.92948
vn 0.34211 -0.18604 -0.92106
vn 0.34948 -0.06512 -0.93468
vn 0.34775 -0.07826 -0.93432
vn 0.33411 -0.11137 -0.93593
vn 0.34069 -0.12778 -0.93145
vn 0.303 -0.12243 -0.94509
vn 0.31442 -0.13249 -0.93999
vn 0.30567 -0.16635 -0.93749
vn 0.30179 -0.2043 -0.93122
vn 0.34234 -0.31372 -0.88565
vn 0.34093 -0.31715 -0.88497
vn 0.39438 -0.51004 -0.76441
vn 0.38318 -0.50406 -0.77402
vn 0.38396 -0.50764 -0.77128
vn 0.42901 -0.50992 -0.74561
vn 0.39064 -0.3466 -0.8528
vn 0.38422 -0.3572 -0.85134
vn 0.35107 -0.26214 -0.8989
vn 0.44424 -0.27324 -0.85322
vn 0.4172 -0.24987 -0.87379
vn 0.4439 -0.2696 -0.85456
vn 0.52404 -0.26143 -0.81058
vn 0.53689 -0.27584 -0.79728
vn 0.61182 -0.25731 -0.74797
vn 0.81309 -0.15346 -0.56154
vn 0.79021 -0.18812 -0.58325
vn 0.83758 -0.16203 -0.52174
vn 0.84451 -0.15029 -0.51402
vn 0.8171 -0.16185 -0.55331
vn 0.81295 -0.16814 -0.55754
vn 0.77587 -0.0949 -0.62371
vn 0.75347 -0.11241 -0.6478
vn 0.82528 -0.09178 -0.55722
vn 0.81624 -0.08112 -0.57199
vn 0.93208 -0.08258 -0.35271
vn 0.72599 0.4886 0.48394
vn 0.31281 -0.08005 -0.94644
vn 0.30151 -0.10592 -0.94756
vn 0.29191 -0.12616 -0.94809
vn 0.29903 -0.14223 -0.94359
vn 0.30909 -0.14178 -0.9404
vn 0.31268 -0.13324 -0.94047
vn 0.3237 -0.17898 -0.92908
vn 0.24226 -0.17681 -0.95397
vn 0.3081 -0.31861 -0.89642
vn 0.30483 -0.3289 -0.89381
vn 0.42053 -0.38975 -0.8193
vn 0.34648 -0.31241 -0.88451
vn 0.41741 -0.50555 -0.7551
vn 0.4661 -0.54342 -0.69817
vn 0.47375 -0.53911 -0.69636
vn 0.52514 -0.55178 -0.64789
vn 0.49591 -0.42822 -0.75545
vn 0.64283 -0.30169 -0.7041
vn 0.72628 -0.41886 -0.54504
vn 0.73723 -0.24497 -0.62967
vn 0.77955 -0.34473 -0.52293
vn 0.74477 -0.30755 -0.59222
vn 0.73843 -0.33715 -0.58399
vn 0.7365 -0.33712 -0.58645
vn 0.74926 -0.32413 -0.57753
vn 0.71443 -0.48084 -0.50831
vn 0.6962 -0.49645 -0.5185
vn 0.68566 -0.48454 -0.54322
vn 0.81373 -0.35677 -0.45886
vn 0.75648 -0.42503 -0.49708
vn 0.89278 -0.3486 -0.28534
vn 0.33707 -0.08224 -0.93788
vn 0.28248 -0.10311 -0.95371
vn 0.28983 -0.0867 -0.95314
vn 0.37084 -0.06878 -0.92615
vn 0.41922 -0.07658 -0.90465
vn 0.50161 -0.32641 -0.80115
vn 0.46908 -0.37537 -0.79941
vn 0.50238 -0.32652 -0.80063
vn 0.6353 -0.54938 -0.54275
vn 0.6189 -0.51275 -0.59502
vn 0.7235 -0.50717 -0.46831
vn 0.67349 -0.54776 -0.49635
vn 0.55884 -0.24942 -0.79088
vn 0.9255 -0.34104 -0.16477
vn 0.96076 -0.04229 -0.27414
vn 0.98365 -0.12677 -0.12793
vn 0.89398 -0.09096 -0.43877
vn 0.7989 -0.25212 -0.54607
vn 0.79699 -0.10681 -0.59448
vn 0.77156 -0.1502 -0.61817
vn 0.75601 -0.06767 -0.65105
vn 0.90373 0.07756 -0.42101
vn 0.81978 -0.10508 -0.56296
vn 0.82374 -0.24406 -0.51174
vn 0.78414 -0.29603 -0.54543
vn 0.96113 0.0581 -0.26991
vn 0.9118 -0.08384 -0.40198
vn 0.95258 -0.17158 -0.2513
vn 0.87291 -0.31376 -0.3736
vn 0.89372 -0.36064 -0.26685
vn 0.72769 -0.49121 -0.47873
vn 0.70816 -0.50797 -0.49038
vn 0.71306 -0.36114 -0.60094
vn 0.81788 -0.32792 -0.47279
vn 0.81982 -0.32533 -0.47122
vn 0.79546 -0.29551 -0.52907
vn 0.80824 -0.28088 -0.51754
vn 0.79255 -0.28209 -0.54063
vn 0.84085 -0.20459 -0.50111
vn 0.80254 -0.22329 -0.55324
vn 0.77806 -0.19483 -0.59722
vn 0.7426 -0.20396 -0.63792
vn 0.71159 -0.24295 -0.65926
vn 0.76339 -0.32202 -0.55994
vn 0.73296 -0.35203 -0.58211
vn 0.74954 -0.30578 -0.5871
vn 0.79162 -0.24574 -0.55942
vn 0.77721 -0.20002 -0.59661
vn 0.75908 -0.19929 -0.61974
vn 0.74677 -0.21833 -0.62822
vn 0.64196 -0.23983 -0.72826
vn 0.66173 -0.26417 -0.70166
vn 0.52298 -0.27139 -0.80799
vn 0.53744 -0.25289 -0.80449
vn 0.69815 -0.35506 -0.6217
vn 0.76635 -0.28734 -0.57458
vn 0.56097 -0.35977 -0.74557
vn 0.3914 -0.36194 -0.84605
vn 0.40775 -0.34691 -0.84463
vn 0.56075 -0.51276 -0.65011
vn 0.46025 -0.56053 -0.68846
vn 0.32809 -0.12173 -0.93677
vn 0.28572 -0.11323 -0.9516
vn 0.34466 -0.10627 -0.93269
vn 0.30326 -0.10608 -0.94699
vn 0.72505 0.54602 0.41972
vn 0.93244 0.34731 -0.09962
vn 0.97952 0.14921 0.13521
vn 0.8757 0.38586 0.29027
vn 0.88603 0.29349 0.35891
vn 0.88793 0.24844 -0.38712
vn 0.97567 0.07037 -0.20765
vn 0.97313 0.21794 0.0743
vn 0.98186 0.08816 0.16784
vn 0.89907 0.0678 -0.43253
vn 0.89498 0.07566 -0.43964
vn 0.99959 0.02772 -0.00714
vn 0.89259 -0.01945 -0.45044
vn 0.81912 -0.03612 -0.57249
vn 0.83052 -0.05089 -0.55466
vn 0.94763 0.0099 -0.31921
vn 0.92132 0.05947 -0.38424
vn 0.8992 -0.14024 -0.41445
vn 0.84592 -0.19795 -0.49521
vn 0.83073 -0.30392 -0.4664
vn 0.9066 -0.35407 -0.2296
vn 0.80623 -0.17662 -0.56463
vn 0.78499 -0.19916 -0.58662
vn 0.73595 -0.19481 -0.64841
vn 0.73053 -0.2062 -0.65101
vn 0.73074 -0.17607 -0.65956
vn 0.75108 -0.16947 -0.63809
vn 0.75438 -0.17504 -0.63267
vn 0.79897 -0.16381 -0.57863
vn 0.79971 -0.1625 -0.57798
vn 0.83516 -0.16796 -0.52373
vn 0.80553 -0.21032 -0.55398
vn 0.84489 -0.14094 -0.51603
vn 0.8357 -0.15805 -0.52596
vn 0.77211 -0.20675 -0.60091
vn 0.75021 -0.23982 -0.61617
vn 0.74892 -0.25152 -0.61308
vn 0.73485 -0.23352 -0.63676
vn 0.74602 -0.0937 -0.6593
vn 0.7601 -0.11914 -0.63879
vn 0.814 -0.12247 -0.5678
vn 0.79864 -0.14972 -0.58289
vn 0.79899 -0.14301 -0.5841
vn 0.78403 -0.16807 -0.59753
vn 0.78957 -0.16754 -0.59034
vn 0.77242 -0.19477 -0.60451
vn 0.70399 -0.18468 -0.68578
vn 0.64617 -0.25201 -0.72039
vn 0.56632 -0.26407 -0.78074
vn 0.59644 -0.29123 -0.74796
vn 0.69949 -0.21974 -0.68002
vn 0.71298 -0.23331 -0.66123
vn 0.59651 -0.27953 -0.75236
vn 0.64388 -0.22525 -0.73122
vn 0.61271 -0.25949 -0.74649
vn 0.38934 -0.56042 -0.73099
vn 0.38559 -0.5401 -0.74807
vn 0.36793 -0.53466 -0.76076
vn 0.30844 -0.20464 -0.92897
vn 0.31085 -0.18789 -0.9317
vn 0.28658 -0.16067 -0.94449
vn 0.31128 -0.16107 -0.93657
vn 0.37627 -0.04383 -0.92547
vn 0.3861 -0.06733 -0.92
vn 0.37611 -0.09316 -0.92188
vn 0.38177 -0.10803 -0.91792
vn 0.34378 -0.07811 -0.9358
vn 0.35964 -0.11407 -0.92609
vn 0.35585 -0.11093 -0.92794
vn 0.34461 -0.11131 -0.93212
vn 0.34312 -0.1146 -0.93227
vn 0.36371 -0.1901 -0.91191
vn 0.36043 -0.20511 -0.90996
vn 0.32903 -0.22742 -0.91653
vn 0.35888 -0.24208 -0.90145
vn 0.36002 -0.15789 -0.91949
vn 0.32645 -0.15693 -0.9321
vn 0.34425 -0.19304 -0.91882
vn 0.33118 -0.22082 -0.91737
vn 0.32918 -0.16373 -0.92996
vn 0.31763 -0.18951 -0.92908
vn 0.33253 -0.22366 -0.91619
vn 0.32155 -0.19721 -0.92613
vn 0.3028 -0.18982 -0.93396
vn 0.31151 -0.19825 -0.92933
vn 0.33538 -0.29242 -0.89555
vn 0.32284 -0.3074 -0.89514
vn 0.30072 -0.31562 -0.89997
vn 0.34754 -0.32802 -0.87842
vn 0.35618 -0.31306 -0.88041
vn 0.39785 -0.49002 -0.77562
vn 0.38285 -0.50386 -0.7743
vn 0.3965 -0.51026 -0.76317
vn 0.39593 -0.50742 -0.76535
vn 0.38054 -0.50788 -0.77282
vn 0.34988 -0.37676 -0.85769
vn 0.34773 -0.38171 -0.85638
vn 0.34921 -0.36129 -0.86459
vn 0.33995 -0.3781 -0.86109
vn 0.33395 -0.3331 -0.88177
vn 0.31717 -0.29448 -0.90149
vn 0.33049 -0.2958 -0.89626
vn 0.303 -0.36432 -0.88061
vn 0.34462 -0.34128 -0.87451
vn 0.37404 -0.3467 -0.86017
vn 0.3292 -0.39496 -0.85769
vn 0.19252 -0.47515 -0.85858
vn 0.3671 -0.32733 -0.87069
vn 0.46418 -0.28935 -0.83715
vn 0.49634 -0.32412 -0.80535
vn 0.30408 -0.35971 -0.88212
vn 0.46495 -0.31159 -0.82869
vn 0.32538 -0.47471 -0.81779
vn 0.56676 -0.27246 -0.77753
vn 0.64558 -0.25676 -0.71923
vn 0.66102 -0.27108 -0.69969
vn 0.46166 -0.40611 -0.78864
vn 0.66066 -0.26089 -0.7039
vn 0.80616 -0.20447 -0.55524
vn 0.80589 -0.20416 -0.55576
vn 0.79808 -0.20838 -0.56537
vn 0.78502 -0.19275 -0.58873
vn 0.74375 -0.20539 -0.63612
vn 0.74344 -0.2049 -0.63665
vn 0.76058 -0.33275 -0.5575
vn 0.7405 -0.3041 -0.59932
vn 0.7576 -0.28782 -0.58583
vn 0.77389 -0.28294 -0.5666
vn 0.80549 -0.31981 -0.4989
vn 0.76614 -0.35757 -0.53401
vn 0.90848 -0.33544 -0.24928
vn 0.90359 -0.15088 0.40095
vn 0.95386 -0.28425 0.09675
vn 0.91217 -0.07726 0.40247
vn 0.90359 -0.06737 0.42308
vn 0.98897 -0.1196 0.08737
vn 0.9859 -0.13581 0.09777
vn 0.6496 0.12792 0.74944
vn 0.99864 -0.01783 0.04896
vn 0.98111 0.06689 0.18151
vn 0.48983 0.29104 0.82181
vn 0.72163 0.3326 0.60715
vn 0.99867 0.00233 0.0515
vn 0.56867 0.47885 0.66882
vn 0.67275 0.23682 0.70094
vn 0.77139 0.15369 0.61753
vn 0.3275 0.47032 0.81948
vn 0.66315 0.27928 0.69443
vn 0.32814 0.46783 0.82065
vn 0.23012 0.51778 0.82398
vn -0.17886 0.56943 0.80235
vn -0.18973 0.70391 0.68448
vn -0.32834 0.55351 0.76539
vn 0.30192 -0.10642 -0.94737
vn 0.2854 -0.09866 -0.95332
vn 0.34036 -0.07062 -0.93764
vn 0.32928 -0.06109 -0.94225
vn 0.32557 -0.132 -0.93626
vn 0.33974 -0.10849 -0.93424
vn 0.4037 -0.09685 -0.90975
vn 0.36198 -0.05069 -0.93081
vn 0.32697 -0.13179 -0.9358
vn 0.29855 -0.19257 -0.93477
vn 0.36491 -0.09322 -0.92637
vn 0.34411 -0.13114 -0.92973
vn 0.30749 -0.22296 -0.92506
vn 0.35345 -0.16509 -0.92077
vn 0.35372 -0.16511 -0.92066
vn 0.3133 -0.21907 -0.92404
vn 0.27869 -0.29749 -0.91314
vn 0.35764 -0.1769 -0.91695
vn 0.37323 -0.17889 -0.91033
vn 0.32753 -0.23027 -0.91635
vn 0.29541 -0.28633 -0.91146
vn 0.38149 -0.21095 -0.89998
vn 0.37133 -0.2299 -0.89959
vn 0.28863 -0.2724 -0.91787
vn 0.37629 -0.23736 -0.89558
vn 0.34401 -0.31127 -0.88587
vn 0.38288 -0.56593 -0.73015
vn 0.34727 -0.58925 -0.72951
vn 0.39461 -0.57144 -0.71954
vn 0.32599 -0.57931 -0.74708
vn 0.35445 -0.48563 -0.79908
vn 0.32057 -0.41849 -0.84976
vn 0.28885 -0.41233 -0.86403
vn 0.25398 -0.45237 -0.8549
vn 0.26931 -0.38837 -0.88127
vn 0.27173 -0.38166 -0.88346
vn 0.25952 -0.36698 -0.8933
vn 0.29639 -0.37187 -0.87969
vn 0.30341 -0.43201 -0.8493
vn 0.29499 -0.43081 -0.85287
vn 0.3049 -0.47562 -0.82511
vn 0.19025 -0.46771 -0.86316
vn 0.33308 -0.53246 -0.77817
vn 0.37002 -0.54251 -0.75417
vn 0.36256 -0.54522 -0.75583
vn 0.24209 -0.68639 -0.68575
vn 0.42581 -0.59183 -0.68441
vn 0.42715 -0.58238 -0.69165
vn 0.51827 -0.59964 -0.60978
vn 0.51356 -0.56975 -0.64159
vn 0.64348 -0.55469 -0.5275
vn 0.62603 -0.52346 -0.57799
vn 0.67603 -0.50823 -0.53356
vn 0.66069 -0.48629 -0.57185
vn 0.66459 -0.51636 -0.54009
vn 0.65385 -0.48815 -0.57809
vn 0.46566 -0.8671 -0.17693
vn 0.4764 -0.86189 -0.17373
vn 0.70473 -0.51834 -0.48443
vn 0.71342 -0.51032 -0.48021
vn 0.75348 -0.54891 -0.36189
vn 0.7711 -0.53098 -0.35137
vn 0.87589 -0.46796 -0.11761
vn 0.84518 -0.51827 -0.13063
vn 0.93021 -0.35799 0.08093
vn 0.90091 -0.15441 0.40561
vn 0.9811 -0.19344 0.00394
vn 0.97521 0.11874 0.18671
vn 0.88651 0.22569 0.40393
vn 0.80911 0.32282 0.49105
vn 0.82385 0.46262 0.32748
vn 0.50419 0.63171 0.58883
vn 0.82713 0.3919 0.40283
vn 0.56784 0.54898 0.61333
vn 0.39132 0.64879 0.65264
vn 0.39114 0.64883 0.65271
vn 0.36762 0.92338 0.11056
vn -0.02509 0.63249 0.77417
vn 0.06244 0.8745 0.48099
vn -0.15726 0.90335 0.39903
vn 0.13918 0.87291 0.4676
vn 0.36599 -0.16885 -0.91517
vn 0.37754 -0.14111 -0.91518
vn 0.36715 -0.17399 -0.91375
vn 0.33766 -0.15051 -0.92916
vn 0.31924 -0.15317 -0.93521
vn 0.30652 -0.15657 -0.9389
vn 0.32266 -0.17043 -0.93104
vn 0.34101 -0.11659 -0.9328
vn 0.27933 -0.18013 -0.94315
vn 0.28649 -0.20358 -0.9362
vn 0.27717 -0.22268 -0.93466
vn 0.29137 -0.24814 -0.92386
vn 0.29329 -0.13269 -0.94677
vn 0.3035 -0.11113 -0.94633
vn 0.27778 -0.18288 -0.94308
vn 0.30386 -0.16662 -0.93803
vn 0.30738 -0.16671 -0.93687
vn 0.30148 -0.20348 -0.93151
vn 0.30218 -0.20202 -0.9316
vn 0.31435 -0.1913 -0.92983
vn 0.30887 -0.20274 -0.92924
vn 0.30898 -0.22326 -0.92449
vn 0.30302 -0.29391 -0.90653
vn 0.30399 -0.29726 -0.90511
vn 0.29845 -0.3075 -0.90353
vn 0.30781 -0.29748 -0.90375
vn 0.30303 -0.30255 -0.90368
vn 0.30728 -0.29534 -0.90463
vn 0.32093 -0.24383 -0.91518
vn 0.29457 -0.24113 -0.92471
vn 0.34018 -0.24629 -0.90753
vn 0.30065 -0.26313 -0.91672
vn 0.2796 -0.26093 -0.92398
vn 0.32919 -0.28514 -0.90018
vn 0.33089 -0.28141 -0.90073
vn 0.2869 -0.29828 -0.91034
vn 0.29263 -0.28987 -0.91123
vn 0.33065 -0.28059 -0.90108
vn 0.33646 -0.43007 -0.83775
vn 0.29664 -0.3043 -0.90521
vn 0.26559 -0.3062 -0.91417
vn 0.27458 -0.28439 -0.91855
vn 0.34652 -0.41826 -0.83963
vn 0.30116 -0.39371 -0.8685
vn 0.31866 -0.39605 -0.86116
vn 0.32989 -0.57268 -0.75047
vn 0.32768 -0.72232 -0.609
vn 0.3328 -0.57632 -0.74639
vn 0.32384 -0.61554 -0.71849
vn 0.36938 -0.59942 -0.71011
vn 0.36713 -0.62914 -0.68512
vn 0.27476 -0.60545 -0.74695
vn 0.34977 -0.52665 -0.77479
vn 0.31063 -0.52352 -0.79337
vn 0.24446 -0.53786 -0.80681
vn 0.16089 -0.61196 -0.77435
vn 0.30583 -0.49038 -0.81608
vn 0.23098 -0.47558 -0.84881
vn 0.19087 -0.63607 -0.74765
vn 0.23327 -0.50975 -0.8281
vn 0.11222 -0.46435 -0.87852
vn 0.1104 -0.55813 -0.82237
vn 0.16788 -0.57946 -0.79752
vn 0.16598 -0.62855 -0.75986
vn 0.21356 -0.63721 -0.74051
vn 0.21287 -0.65435 -0.72561
vn 0.10296 -0.66931 -0.73582
vn 0.19598 -0.64763 -0.73632
vn 0.08132 -0.70827 -0.70124
vn 0.13803 -0.69815 -0.70252
vn 0.13864 -0.76583 -0.62792
vn 0.1464 -0.74011 -0.65635
vn 0.18724 -0.80388 -0.56455
vn 0.2106 -0.7982 -0.56438
vn 0.20387 -0.81577 -0.54126
vn 0.2038 -0.81588 -0.54112
vn 0.32216 -0.84361 -0.42956
vn 0.2964 -0.85196 -0.43164
vn 0.37182 -0.85508 -0.36138
vn 0.37751 -0.85304 -0.3603
vn 0.40679 -0.86599 -0.29082
vn 0.41447 -0.86324 -0.28816
vn 0.54338 -0.83762 -0.05606
vn 0.53335 -0.84383 -0.05906
vn 0.70907 -0.70369 0.04504
vn 0.57362 -0.81912 0.00284
vn 0.89869 -0.43629 0.04489
vn 0.68353 -0.72977 -0.01445
vn 0.8825 -0.4699 -0.01968
vn 0.92754 -0.05474 0.36969
vn 0.83186 0.12553 0.5406
vn 0.92141 0.03794 0.38675
vn 0.76315 0.27186 0.58625
vn 0.79518 0.24731 0.55365
vn 0.69012 0.47485 0.54613
vn 0.67888 0.48289 0.55312
vn 0.64467 0.57429 0.50457
vn 0.61867 0.58657 0.52267
vn 0.54284 0.77123 0.33247
vn 0.53181 0.71606 0.45215
vn 0.46279 0.82471 0.32508
vn 0.33635 0.93575 0.10603
vn 0.0567 0.99738 0.04482
vn 0.07942 0.99561 0.04957
vn 0.59902 0.65573 0.45957
vn 0.4678 0.71265 0.52278
vn 0.64257 0.36328 0.67463
vn 0.35164 0.49071 0.79722
vn 0.41489 0.76187 0.49742
vn 0.26319 0.82779 0.49548
vn 0.44171 0.34455 0.82836
vn 0.31164 0.37901 0.87134
vn 0.37153 0.70178 0.60785
vn 0.33373 0.71184 0.61799
vn 0.32121 0.36468 0.87398
vn 0.20932 0.17538 0.96199
vn 0.41672 0.61803 0.66663
vn 0.34285 0.49925 0.79574
vn 0.24913 0.10034 0.96326
vn 0.18687 0.10745 0.97649
vn 0.43371 0.35394 0.82863
vn 0.40523 0.36096 0.83994
vn 0.23229 -0.08957 0.96851
vn 0.07953 -0.01928 0.99665
vn 0.47773 0.2177 0.85111
vn 0.34636 0.27034 0.8983
vn 0.15612 -0.21794 0.9634
vn 0.17611 -0.22297 0.95878
vn 0.47406 -0.04642 0.87927
vn 0.30639 0.03416 0.95129
vn 0.19111 -0.28794 0.93838
vn 0.21834 -0.29847 0.92911
vn 0.35164 -0.09889 0.9309
vn 0.38885 -0.11819 0.91369
vn 0.23124 -0.41285 0.88096
vn 0.3979 -0.30395 0.86561
vn 0.44101 -0.3345 0.83284
vn 0.07701 -0.49408 0.866
vn 0.07822 -0.49055 0.8679
vn 0.06015 -0.45578 0.88806
vn 0.11757 -0.47431 0.87247
vn 0.20111 -0.69098 0.69433
vn 0.36012 -0.74376 0.56314
vn 0.56212 -0.57811 0.59145
vn 0.18345 -0.70698 0.68303
vn 0.22737 -0.70269 0.67419
vn 0.18329 -0.73353 0.65447
vn 0.42855 -0.88105 0.20025
vn 0.53171 -0.81616 0.22621
vn 0.14791 -0.83668 0.52734
vn 0.30376 -0.89872 0.31629
vn 0.43636 -0.89916 0.03313
vn 0.50405 -0.8622 0.05055
vn 0.2229 -0.95838 0.1784
vn 0.37288 -0.90521 0.20385
vn 0.44078 -0.89432 -0.0768
vn 0.43112 -0.89888 -0.07846
vn 0.27622 -0.96108 -0.00507
vn 0.25898 -0.96586 -0.0059
vn 0.40273 -0.90738 -0.12032
vn 0.37973 -0.91685 -0.12325
vn 0.22802 -0.97271 -0.04299
vn 0.25319 -0.95766 -0.13703
vn 0.34254 -0.92274 -0.17669
vn 0.34819 -0.91784 -0.19059
vn 0.21785 -0.95904 -0.18105
vn 0.21127 -0.96047 -0.18127
vn 0.28722 -0.91967 -0.2678
vn 0.30306 -0.91462 -0.26763
vn 0.132 -0.94806 -0.2894
vn 0.08972 -0.9527 -0.29035
vn 0.22287 -0.90145 -0.37111
vn 0.20627 -0.90526 -0.37142
vn 0.03892 -0.93659 -0.34827
vn 0.08396 -0.89248 -0.4432
vn 0.12737 -0.87639 -0.46445
vn 0.13176 -0.87098 -0.47333
vn 0.08466 -0.8928 -0.44243
vn 0.08601 -0.89264 -0.44248
vn 0.12331 -0.86697 -0.48286
vn 0.12101 -0.86731 -0.48283
vn 0.03499 -0.86707 -0.49696
vn 0.03016 -0.86721 -0.49703
vn 0.03603 -0.81897 -0.5727
vn 0.0441 -0.81857 -0.57271
vn -0.002 -0.84782 -0.53029
vn 0.04704 -0.84713 -0.5293
vn 0.03209 -0.81116 -0.58395
vn 0.07766 -0.80525 -0.58783
vn 0.05133 -0.84967 -0.52481
vn 0.09074 -0.84715 -0.52355
vn 0.11953 -0.81513 -0.56681
vn 0.12241 -0.78816 -0.60318
vn 0.03966 -0.81644 -0.57606
vn 0.05917 -0.81506 -0.57635
vn 0.04887 -0.75729 -0.65125
vn 0.0985 -0.75306 -0.65054
vn 0.03628 -0.80007 -0.59881
vn 0.08045 -0.79708 -0.59849
vn 0.07329 -0.72139 -0.68864
vn 0.09244 -0.72066 -0.6871
vn 0.08549 -0.80005 -0.59381
vn 0.14569 -0.79653 -0.58679
vn 0.05298 -0.66496 -0.745
vn 0.17441 -0.64925 -0.74031
vn 0.0717 -0.73409 -0.67526
vn 0.09681 -0.73373 -0.67251
vn 0.18958 -0.65782 -0.72892
vn 0.09882 -0.73533 -0.67047
vn 0.10494 -0.70611 -0.70028
vn 0.1003 -0.70192 -0.70516
vn 0.09238 -0.70171 -0.70645
vn 0.16237 -0.62674 -0.76212
vn 0.11594 -0.72276 -0.68131
vn 0.12789 -0.66395 -0.73676
vn 0.21708 -0.72122 -0.65781
vn 0.16238 -0.73298 -0.66058
vn 0.18745 -0.61901 -0.76268
vn 0.18451 -0.60156 -0.77723
vn 0.18198 -0.74162 -0.64566
vn 0.18152 -0.70486 -0.68572
vn 0.29657 -0.62421 -0.72278
vn 0.26914 -0.58053 -0.76847
vn 0.26547 -0.61284 -0.74428
vn 0.18771 -0.65086 -0.73562
vn 0.31723 -0.6255 -0.71283
vn 0.29256 -0.69181 -0.66016
vn 0.25404 -0.78521 -0.56472
vn 0.3491 -0.72638 -0.59203
vn 0.32932 -0.57342 -0.75016
vn 0.28152 -0.7996 -0.53045
vn 0.36599 -0.76513 -0.52974
vn 0.3632 -0.58348 -0.72639
vn 0.32066 -0.74334 -0.58704
vn 0.33596 -0.62516 -0.70449
vn 0.33372 -0.42967 -0.83906
vn 0.27779 -0.59812 -0.75172
vn 0.2921 -0.44642 -0.84581
vn 0.29672 -0.30185 -0.906
vn 0.23278 -0.41309 -0.88044
vn 0.23976 -0.38297 -0.8921
vn 0.30821 -0.30097 -0.90246
vn 0.23527 -0.37447 -0.89689
vn 0.30472 -0.29399 -0.90593
vn 0.26222 -0.32797 -0.90757
vn 0.2846 -0.24745 -0.92616
vn 0.27782 -0.29037 -0.9157
vn 0.30881 -0.1861 -0.93274
vn 0.31436 -0.25861 -0.9134
vn 0.34016 -0.1678 -0.92527
vn 0.30291 -0.24155 -0.9219
vn 0.30001 -0.24295 -0.92248
vn 0.32812 -0.19358 -0.92459
vn 0.35006 -0.17351 -0.92052
vn 0.37717 -0.19106 -0.90622
vn 0.33759 -0.22804 -0.91325
vn 0.33573 -0.22708 -0.91418
vn 0.36234 -0.13963 -0.92153
vn 0.31104 -0.15112 -0.93831
vn 0.16948 -0.9855 -0.00826
vn 0.16949 -0.9855 -0.00827
vn 0.16949 -0.9855 -0.00827
vn 0.16949 -0.9855 -0.00826
vn 0.16949 -0.9855 -0.00826
vn 0.16949 -0.9855 -0.00826
vn 0.16942 -0.98551 -0.00823
vn 0.16687 -0.98528 0.03715
vn 0.16687 -0.98528 0.03715
vn 0.16689 -0.98528 0.03713
vn 0.16685 -0.98528 0.03716
vn 0.16686 -0.98528 0.03715
vn -0.15311 -0.98441 -0.08652
vn -0.15311 -0.98442 -0.08652
vn -0.15312 -0.98442 -0.0865
vn -0.15311 -0.98441 -0.08652
vn -0.15311 -0.98441 -0.08652
vn -0.15311 -0.98442 -0.0865
vn -0.15311 -0.98442 -0.0865
vn -0.15311 -0.98442 -0.08651
vn -0.15311 -0.98441 -0.08652
vn -0.07016 -0.99075 0.11615
vn -0.07017 -0.99075 0.11616
vn 0.09715 -0.99351 -0.05919
vn 0.09715 -0.99351 -0.05922
vn 0.09714 -0.99351 -0.05921
vn 0.09715 -0.99351 -0.05923
vn 0.09715 -0.99351 -0.05922
vn 0.11212 -0.9921 -0.0563
vn 0.11382 -0.99192 -0.05596
vn 0.11385 -0.99192 -0.05596
vn 0.11383 -0.99192 -0.05595
vn 0.11383 -0.99192 -0.05595
vn 0.11395 -0.99191 -0.05593
vn 0.11384 -0.99192 -0.05595
vn 0.11383 -0.99192 -0.05596
vn 0.14145 -0.98989 -0.01033
vn 0.14111 -0.98993 -0.01093
vn 0.02767 -0.98956 0.14146
vn 0.02767 -0.98956 0.14146
vn 0.02767 -0.98956 0.14147
vn 0.02767 -0.98956 0.14145
vn 0.02767 -0.98956 0.14146
vn 0.04918 -0.94649 0.31895
vn 0.04907 -0.94652 0.3189
vn 0.04907 -0.94652 0.3189
vn 0.04906 -0.94652 0.3189
vn 0.06162 -0.98274 0.17444
vn 0.06147 -0.98278 0.17427
vn 0.06162 -0.98274 0.17443
vn 0.06162 -0.98274 0.17444
vn 0.06162 -0.98274 0.17444
vn 0.11706 -0.97096 0.20866
vn 0.11704 -0.97097 0.20863
vn 0.11708 -0.97096 0.20865
vn 0.11705 -0.97096 0.20864
vn 0.11705 -0.97096 0.20864
vn 0.11706 -0.97096 0.20865
vn 0.13596 -0.9672 0.21456
vn 0.13598 -0.9672 0.21456
vn 0.13598 -0.9672 0.21456
vn 0.13594 -0.9672 0.21458
vn 0.13598 -0.9672 0.21456
vn 0.09846 -0.98878 0.11232
vn 0.09848 -0.98878 0.1123
vn 0.09848 -0.98878 0.1123
vn 0.09848 -0.98878 0.1123
vn 0.21105 -0.96833 0.1334
vn 0.21097 -0.96835 0.13339
vn 0.21104 -0.96833 0.1334
vn 0.21104 -0.96833 0.13339
vn 0.21102 -0.96833 0.1334
vn 0.21102 -0.96834 0.1334
vn 0.06436 -0.96942 0.23683
vn 0.06435 -0.96942 0.23684
vn 0.14741 -0.95538 0.25597
vn 0.14329 -0.95625 0.25506
vn 0.14329 -0.95625 0.25506
vn 0.20232 -0.97122 -0.12567
vn 0.20231 -0.97123 -0.12566
vn 0.2023 -0.97123 -0.12566
vn 0.2023 -0.97123 -0.12566
vn 0.20229 -0.97123 -0.12566
vn 0.10305 -0.98456 -0.14148
vn 0.10302 -0.98457 -0.14143
vn 0.10301 -0.98457 -0.14142
vn 0.10302 -0.98457 -0.14143
vn 0.25592 -0.96025 -0.1115
vn 0.25594 -0.96024 -0.1115
vn 0.25591 -0.96025 -0.1115
vn 0.25594 -0.96024 -0.11151
vn 0.25607 -0.96023 -0.11131
vn 0.25594 -0.96024 -0.11151
vn 0.22081 -0.96807 -0.11868
vn 0.2208 -0.96807 -0.11869
vn 0.22066 -0.9681 -0.11871
vn 0.22082 -0.96807 -0.11869
vn 0.22081 -0.96807 -0.11868
vn 0.22081 -0.96807 -0.11868
vn 0.25628 -0.9603 -0.11022
vn 0.25643 -0.96025 -0.11025
vn 0.2569 -0.96015 -0.11009
vn 0.09005 -0.98655 -0.13642
vn 0.08063 -0.98835 -0.1291
vn 0.08063 -0.98835 -0.12911
vn 0.08064 -0.98835 -0.1291
vn 0.08064 -0.98835 -0.1291
vn 0.08063 -0.98835 -0.12911
vn 0.08064 -0.98835 -0.1291
vn 0.08063 -0.98835 -0.12909
vn 0.08069 -0.98834 -0.12911
vn 0.08064 -0.98835 -0.1291
vn 0.07284 -0.9872 -0.14186
vn 0.07284 -0.9872 -0.14185
vn 0.07284 -0.98721 -0.14184
vn 0.07284 -0.9872 -0.14185
vn 0.07284 -0.9872 -0.14186
vn 0.25938 -0.96008 -0.10473
vn 0.25934 -0.96009 -0.10474
vn 0.25919 -0.96013 -0.10477
vn 0.25934 -0.96009 -0.10474
vn 0.25935 -0.96009 -0.10473
vn 0.25591 -0.96042 -0.11005
vn 0.25587 -0.96041 -0.1102
vn 0.25589 -0.96042 -0.11008
vn 0.25591 -0.96042 -0.11004
vn 0.25612 -0.96037 -0.11
vn 0.25615 -0.96036 -0.10999
vn 0.25613 -0.96036 -0.11
vn 0.25615 -0.96035 -0.11005
vn 0.25612 -0.96037 -0.11001
vn 0.25612 -0.96037 -0.11001
vn 0.10122 -0.98497 -0.13995
vn 0.10123 -0.98497 -0.13995
vn 0.10123 -0.98497 -0.13995
vn 0.10123 -0.98497 -0.13995
vn 0.10127 -0.98497 -0.1399
vn 0.10123 -0.98497 -0.13995
vn 0.10123 -0.98497 -0.13995
vn 0.10122 -0.98497 -0.13995
vn 0.22613 -0.96552 -0.12901
vn 0.22615 -0.96551 -0.12901
vn 0.22579 -0.96553 -0.1295
vn 0.22613 -0.96552 -0.12901
vn 0.22616 -0.96551 -0.12901
vn 0.226 -0.96554 -0.12904
vn 0.21092 -0.96856 -0.13193
vn 0.21092 -0.96856 -0.13192
vn 0.21089 -0.96857 -0.1319
vn 0.22777 -0.96585 -0.1235
vn 0.2278 -0.96584 -0.12351
vn 0.23028 -0.96532 -0.12302
vn 0.2303 -0.96531 -0.12301
vn -0.00314 -0.95993 0.28022
vn -0.00314 -0.95993 0.28023
vn -0.00315 -0.95993 0.28021
vn -0.00153 -0.99563 0.09334
vn -0.00122 -0.99565 0.09313
vn -0.00123 -0.99565 0.09314
vn -0.00121 -0.99565 0.09314
vn -0.00122 -0.99565 0.09314
vn -0.00122 -0.99565 0.09314
vn -0.00122 -0.99565 0.09314
vn -0.00122 -0.99565 0.09314
vn -0.00122 -0.99565 0.09313
vn 0.03227 -0.98931 0.14222
vn 0.03227 -0.98931 0.14223
vn 0.03226 -0.98931 0.14222
vn 0.03227 -0.98931 0.14223
vn 0.14126 -0.98694 -0.07743
vn 0.14126 -0.98694 -0.07743
vn 0.16798 -0.98568 -0.01499
vn 0.16781 -0.9857 -0.01506
vn 0.18488 -0.98239 0.02719
vn 0.18487 -0.98239 0.02719
vn 0.18487 -0.98239 0.02719
vn 0.18489 -0.98238 0.02717
vn 0.21158 -0.97673 0.03499
vn 0.21161 -0.97673 0.035
vn 0.2116 -0.97673 0.03499
vn 0.21161 -0.97673 0.03498
vn 0.21158 -0.97673 0.03499
vn -0.07753 0.00545 -0.99698
vn -0.48502 0.03356 0.87386
vn -0.29029 0.02241 0.95668
vn 0.02379 0.01217 0.99964
vn 0.33672 -0.02565 0.94126
vn 0.6149 -0.04758 0.78717
vn 0.69484 -0.05422 0.71712
vn 0.92813 -0.06747 0.36609
vn 0.99612 -0.07134 -0.05153
vn 0.99855 -0.0276 -0.04612
vn 0.83211 -0.06039 -0.55131
vn -0.03985 -0.91403 -0.40369
vn -0.03985 -0.91403 -0.40369
vn -0.03985 -0.91403 -0.40369
vn -0.03985 -0.91403 -0.40369
vn 0.14671 -0.91544 -0.37476
vn 0.1467 -0.91544 -0.37477
vn 0.14672 -0.91544 -0.37476
vn 0.14672 -0.91544 -0.37477
vn 0.14671 -0.91544 -0.37476
vn 0.14671 -0.91544 -0.37476
vn -0.06149 -0.9446 -0.32241
vn -0.06098 -0.94493 -0.32154
vn -0.10028 -0.91714 -0.38575
vn -0.10026 -0.91715 -0.38574
vn -0.04815 -0.97432 -0.21995
vn -0.04816 -0.97432 -0.21998
vn -0.04817 -0.97432 -0.21995
vn -0.06635 -0.92405 -0.37646
vn -0.06635 -0.92405 -0.37647
vn -0.06635 -0.92405 -0.37647
vn -0.06635 -0.92406 -0.37646
vn -0.06635 -0.92405 -0.37647
vn -0.06635 -0.92405 -0.37646
vn 0.20557 -0.97212 -0.1128
vn 0.20539 -0.97217 -0.11267
vn 0.20542 -0.97217 -0.11268
vn 0.20542 -0.97217 -0.11268
vn 0.20541 -0.97217 -0.11269
vn 0.20984 -0.97213 -0.10458
vn 0.20982 -0.97213 -0.10461
vn 0.20981 -0.97213 -0.10463
vn 0.20981 -0.97213 -0.10464
vn 0.20981 -0.97213 -0.10462
vn 0.20981 -0.97213 -0.10461
vn 0.20982 -0.97213 -0.10463
vn 0.20983 -0.97212 -0.10462
vn 0.20982 -0.97213 -0.10462
vn 0.12597 -0.98502 -0.11777
vn 0.12597 -0.98502 -0.11777
vn 0.16349 -0.98412 -0.06916
vn 0.16349 -0.98412 -0.06917
vn 0.16348 -0.98412 -0.06918
vn 0.16353 -0.98411 -0.06923
vn 0.16349 -0.98412 -0.06917
vn 0.16346 -0.98412 -0.06914
vn 0.16279 -0.98429 -0.06841
vn -0.21965 -0.97451 0.04573
vn -0.21966 -0.9745 0.04572
vn -0.04837 -0.99636 0.07022
vn -0.04837 -0.99636 0.07022
vn -0.0484 -0.99635 0.07024
vn -0.04839 -0.99636 0.07023
vn -0.04837 -0.99636 0.07021
vn -0.18711 -0.96759 0.16958
vn -0.1871 -0.96759 0.16958
vn -0.18701 -0.96761 0.16959
vn -0.1871 -0.96759 0.16958
vn -0.1871 -0.96759 0.16958
vn -0.18711 -0.96759 0.1696
vn -0.18709 -0.9676 0.16956
vn -0.14556 -0.97432 0.1718
vn -0.14556 -0.97432 0.1718
vn -0.14554 -0.97432 0.17184
vn -0.14556 -0.97432 0.1718
vn -0.14556 -0.97432 0.1718
vn -0.14556 -0.97432 0.17179
vn -0.22555 -0.97382 -0.02832
vn -0.22555 -0.97382 -0.02832
vn -0.22555 -0.97382 -0.02838
vn -0.22555 -0.97382 -0.02833
vn -0.22555 -0.97382 -0.02832
vn -0.22555 -0.97382 -0.02833
vn -0.22556 -0.97382 -0.02833
vn -0.23131 -0.96389 0.13196
vn -0.23131 -0.96389 0.13196
vn -0.23131 -0.96389 0.13196
vn -0.23131 -0.96389 0.13196
vn 0.2332 -0.9574 -0.1703
vn 0.23321 -0.9574 -0.17031
vn 0.2332 -0.9574 -0.1703
vn 0.23323 -0.95739 -0.1703
vn 0.2332 -0.9574 -0.1703
vn 0.2332 -0.9574 -0.1703
vn 0.2332 -0.9574 -0.1703
vn 0.20872 -0.96279 -0.17168
vn 0.20872 -0.96279 -0.17168
vn 0.20872 -0.96279 -0.17168
vn -0.11314 -0.99172 0.06069
vn -0.11314 -0.99172 0.06069
vn -0.11316 -0.99172 0.06071
vn -0.1258 -0.99047 0.05609
vn -0.12581 -0.99047 0.05608
vn -0.1258 -0.99047 0.05609
vn -0.12581 -0.99047 0.05609
vn -0.1258 -0.99047 0.05608
vn -0.12581 -0.99047 0.05609
vn -0.12581 -0.99047 0.05609
vn -0.13319 -0.99024 0.04099
vn -0.13316 -0.99025 0.041
vn -0.13317 -0.99024 0.04099
vn -0.06858 -0.9965 0.04782
vn 0.00682 -0.99981 0.01823
vn 0.00682 -0.99981 0.01823
vn 0.00682 -0.99981 0.01823
vn 0.1241 -0.99162 0.03582
vn 0.12409 -0.99162 0.0358
vn 0.10086 -0.9949 -0.00168
vn 0.10086 -0.9949 -0.00168
vn 0.10086 -0.9949 -0.00168
vn 0.21601 -0.96894 -0.12041
vn 0.21601 -0.96894 -0.12042
vn 0.21601 -0.96894 -0.12041
vn 0.216 -0.96894 -0.1204
vn 0.21601 -0.96894 -0.12042
vn 0.21601 -0.96894 -0.12042
vn 0.216 -0.96894 -0.12041
vn 0.19609 -0.96725 -0.16116
vn 0.19613 -0.96724 -0.16119
vn 0.19612 -0.96724 -0.16118
vn 0.19612 -0.96724 -0.16118
vn -0.10255 -0.99132 -0.08228
vn -0.10255 -0.99132 -0.08228
vn -0.10254 -0.99132 -0.08228
vn -0.10255 -0.99132 -0.08228
vn -0.1118 -0.97411 -0.19652
vn -0.1118 -0.97411 -0.19651
vn -0.1118 -0.97411 -0.19652
vn -0.1118 -0.97411 -0.19652
vn -0.1118 -0.97411 -0.19651
vn -0.11179 -0.97411 -0.19652
vn 0.07732 -0.9366 -0.34177
vn 0.07732 -0.9366 -0.34177
vn 0.07731 -0.9366 -0.34177
vn 0.26784 -0.95089 -0.15518
vn 0.26785 -0.95088 -0.15518
vn 0.26785 -0.95088 -0.15518
vn 0.26786 -0.95088 -0.15518
vn 0.26785 -0.95088 -0.15518
vn 0.22144 -0.96242 -0.15721
vn 0.22144 -0.96242 -0.15721
vn 0.22144 -0.96242 -0.15721
vn -0.02413 -0.88435 -0.4662
vn -0.02413 -0.88435 -0.4662
vn -0.02413 -0.88435 -0.4662
vn -0.02412 -0.88435 -0.4662
vn 0.03666 -0.88629 -0.46167
vn 0.03665 -0.88629 -0.46167
vn 0.03669 -0.88628 -0.4617
vn 0.03666 -0.88629 -0.46167
vn 0.01117 -0.90234 -0.43089
vn 0.01117 -0.90234 -0.43089
vn 0.01117 -0.90234 -0.43088
vn 0.01117 -0.90234 -0.43089
vn 0.01117 -0.90234 -0.43089
vn 0.0076 -0.9025 -0.43062
vn 0.0076 -0.9025 -0.43062
vn 0.0076 -0.9025 -0.43062
vn 0.00761 -0.9025 -0.43062
vn 0.0076 -0.9025 -0.43062
vn 0.00761 -0.9025 -0.43061
vn 0.03621 -0.94034 -0.33831
vn 0.03621 -0.94034 -0.33832
vn 0.03621 -0.94034 -0.33831
vn 0.03621 -0.94034 -0.33831
vn 0.05496 -0.92348 -0.37969
vn 0.05496 -0.92348 -0.37969
vn 0.05497 -0.92348 -0.37969
vn 0.05497 -0.92348 -0.37969
vn 0.05497 -0.92348 -0.37969
vn 0.05496 -0.92348 -0.37969
vn 0.05496 -0.92348 -0.37969
vn 0.05497 -0.92348 -0.37968
vn 0.00452 -0.91628 -0.40051
vn 0.00452 -0.91628 -0.4005
vn 0.00453 -0.91629 -0.40049
vn 0.00453 -0.91629 -0.4005
vn 0.00453 -0.91629 -0.4005
vn 0.00452 -0.91629 -0.4005
vn 0.00452 -0.91629 -0.4005
vn 0.00451 -0.91628 -0.40051
vn -0.07771 0.00619 -0.99696
vn -0.38622 0.02812 -0.92198
vn -0.57199 0.04139 -0.81922
vn -0.94769 0.06571 0.31235
vn -0.73421 0.05246 0.67689
vn -0.73424 0.05116 0.67696
vn -0.65812 0.05485 0.75092
vn -0.48499 0.03342 0.87388
vn -0.28981 0.01926 0.95689
vn 0.02472 -0.00207 0.99969
vn 0.43455 -0.03118 0.90011
vn 0.99242 -0.11784 0.03498
vn 0.93016 -0.06279 -0.36175
vn 0.23844 -0.01731 -0.971
vn 0.2964 0.05751 -0.95333
vn 0.2964 0.05751 -0.95333
vn 0.31983 0.03802 -0.94671
vn 0.34941 -0.0411 -0.93607
vn 0.34941 -0.04111 -0.93607
vn 0.39249 -0.07107 -0.91701
vn 0.52894 0.84677 0.05663
vn 0.52895 0.84676 0.05661
vn 0.59865 0.6562 0.45938
vn 0.59864 0.6562 0.45938
vn 0.61709 0.6646 0.4213
vn 0.61717 0.66464 0.42113
vn 0.70993 0.51444 0.48099
vn 0.70996 0.51444 0.48094
vn 0.20847 0.08637 -0.97421
vn 0.20847 0.08636 -0.97421
vn 0.20778 0.08679 -0.97432
vn 0.57048 0.43992 0.69356
vn 0.55131 0.44954 0.70283
vn 0.55523 0.44251 0.70421
vn 0.5552 0.44251 0.70423
vn 0.53774 0.45121 0.71221
vn 0.53775 0.45122 0.7122
vn 0.15918 0.04066 -0.98641
vn 0.15918 0.04066 -0.98641
vn 0.33691 -0.02797 0.94112
vn 0.06327 0.09539 0.99343
vn 0.06327 0.09538 0.99343
vn 0.20286 0.04093 -0.97835
vn 0.20289 0.04094 -0.97835
vn 0.02877 -0.22963 0.97285
vn 0.05394 -0.23644 0.97015
vn 0.05394 -0.23643 0.97015
vn -0.33907 -0.28079 0.89788
vn -0.36367 -0.26892 0.89186
vn -0.28111 -0.21057 0.93629
vn -0.28111 -0.21056 0.93629
vn -0.27534 -0.1902 0.94234
vn -0.30864 -0.21082 0.92752
vn -0.30865 -0.21083 0.92752
vn -0.31146 -0.20379 0.92815
vn -0.30695 -0.25373 0.91728
vn -0.30696 -0.25374 0.91728
vn -0.31994 -0.22252 0.92094
vn -0.31994 -0.22252 0.92094
vn 0.10377 0.25713 -0.96079
vn 0.11025 0.24114 -0.96421
vn 0.11025 0.24114 -0.96421
vn 0.11994 0.2699 -0.95539
vn 0.11363 0.24239 -0.9635
vn 0.11364 0.24238 -0.9635
vn 0.11364 0.24239 -0.9635
vn -0.28986 -0.21103 0.93352
vn -0.28985 -0.21102 0.93352
vn -0.28227 -0.22763 0.93194
vn 0.11213 0.36086 -0.92586
vn 0.14427 0.28432 -0.94781
vn 0.14427 0.28432 -0.94781
vn 0.00871 0.3639 -0.9314
vn 0.00872 0.36391 -0.9314
vn -0.02344 0.39436 -0.91866
vn -0.11323 -0.16839 0.97919
vn -0.11323 -0.1684 0.97919
vn -0.1114 -0.17141 0.97888
vn -0.07502 0.40428 -0.91156
vn -0.07502 0.40428 -0.91155
vn -0.08316 0.40806 -0.90916
vn -0.08317 0.40806 -0.90916
vn 0.01079 0.37483 -0.92703
vn 0.01079 0.37483 -0.92703
vn 0.01079 0.37483 -0.92703
vn 0.04476 0.3495 -0.93587
vn 0.04479 0.3495 -0.93586
vn -0.00075 0.50458 -0.86336
vn 0.00213 0.37384 -0.92749
vn 0.00213 0.37384 -0.92749
vn -0.09534 -0.17729 0.97953
vn -0.09534 -0.17729 0.97953
vn -0.09534 -0.17729 0.97953
vn -0.08562 -0.1441 0.98585
vn -0.11009 0.53083 -0.8403
vn -0.11009 0.53083 -0.8403
vn -0.08206 0.56408 -0.82164
vn -0.08207 0.56407 -0.82164
vn -0.06892 -0.24411 0.9673
vn -0.06892 -0.24411 0.9673
vn -0.04704 -0.16048 0.98592
vn -0.08348 -0.24931 0.96482
vn -0.08348 -0.24931 0.96482
vn -0.07328 -0.2751 0.95862
vn 0.09854 -0.83702 -0.53823
vn 0.13568 -0.74378 -0.6545
vn 0.08532 -0.82821 -0.55388
vn 0.08531 -0.82821 -0.55389
vn 0.08532 -0.82821 -0.55389
vn 0.00539 -0.2645 0.96437
vn 0.00539 -0.2645 0.96437
vn -0.04343 -0.24402 0.9688
vn -0.04341 -0.24405 0.96879
vn 0.01706 -0.97647 -0.215
vn 0.01706 -0.97647 -0.215
vn 0.00261 -0.97056 -0.24083
vn 0.00261 -0.97056 -0.24083
vn 0.0026 -0.97057 -0.24082
vn -0.00307 -0.97169 -0.23625
vn -0.00307 -0.97169 -0.23625
vn -0.00307 -0.97169 -0.23625
vn -0.05717 -0.97148 -0.23014
vn -0.05721 -0.97146 -0.23021
vn -0.08927 -0.9579 -0.27285
vn -0.08927 -0.9579 -0.27286
vn -0.02174 -0.23005 0.97294
vn -0.02174 -0.23005 0.97294
vn -0.02583 -0.24025 0.97037
vn -0.0674 -0.94995 -0.30505
vn -0.0674 -0.94995 -0.30505
vn 0.04477 -0.9851 -0.16607
vn 0.04477 -0.9851 -0.16607
vn 0.07002 -0.99086 -0.11533
vn 0.07002 -0.99086 -0.11532
vn 0.07003 -0.99085 -0.11535
vn -0.0084 -0.95106 0.30888
vn -0.00841 -0.95106 0.30888
vn 0.0496 -0.92802 0.36921
vn 0.0496 -0.92802 0.36921
vn 0.05201 -0.37614 0.9251
vn 0.052 -0.37614 0.9251
vn 0.06387 -0.36922 0.92714
vn 0.06387 -0.36921 0.92715
vn 0.06387 -0.36921 0.92715
vn 0.05061 -0.46737 0.88261
vn 0.0506 -0.46735 0.88262
vn 0.15708 -0.70684 0.68971
vn 0.15708 -0.70684 0.68972
vn 0.15708 -0.70684 0.68971
vn 0.20986 -0.84381 0.4939
vn 0.20986 -0.84381 0.4939
vn 0.02842 -0.42644 0.90407
vn 0.02841 -0.42644 0.90407
vn 0.08266 -0.24169 0.96683
vn 0.08267 -0.24169 0.96682
vn 0.08266 -0.24169 0.96683
vn 0.04975 -0.22287 0.97358
vn 0.04975 -0.22287 0.97358
vn 0.04975 -0.22286 0.97358
vn 0.04975 -0.22287 0.97358
vn 0.06767 -0.30462 0.95007
vn 0.04452 -0.28739 0.95678
vn 0.04452 -0.28738 0.95678
vn 0.0787 -0.43591 0.89654
vn 0.04357 -0.47586 0.87844
vn 0.04357 -0.47586 0.87844
vn 0.04357 -0.47586 0.87844
vn 0.13349 -0.73177 0.66835
vn 0.17807 -0.87197 0.45603
vn 0.17536 -0.86871 0.46324
vn 0.17533 -0.86872 0.46323
vn 0.17536 -0.86871 0.46324
vn 0.08943 -0.87954 0.46734
vn 0.11548 -0.91167 0.39435
vn 0.08138 -0.20259 0.97588
vn 0.02927 -0.16465 0.98592
vn 0.02927 -0.16466 0.98592
vn 0.04526 -0.1907 0.9806
vn 0.01496 -0.17565 0.98434
vn 0.09843 -0.20499 0.9738
vn 0.06285 -0.18248 0.9812
vn 0.06285 -0.18248 0.9812
vn 0.02971 -0.19972 0.9794
vn 0.02971 -0.19971 0.9794
vn 0.03833 -0.87157 0.48877
vn 0.03832 -0.87157 0.48877
vn 0.03832 -0.87157 0.48877
vn 0.06387 -0.99246 0.10461
vn 0.06387 -0.99246 0.10461
vn -0.09796 -0.96996 0.22269
vn -0.09796 -0.96996 0.22269
vn -0.02948 -0.94488 0.32608
vn -0.02948 -0.94488 0.32607
vn -0.02947 -0.94488 0.32607
vn 0.02164 -0.88336 0.4682
vn 0.0759 -0.15155 0.98553
vn 0.03987 -0.12905 0.99084
vn 0.03987 -0.12904 0.99084
vn 0.05312 -0.20946 0.97637
vn 0.05312 -0.20946 0.97637
vn 0.03091 -0.20053 0.9792
vn 0.03091 -0.20053 0.9792
vn 0.0072 -0.19716 0.98034
vn 0.0072 -0.19716 0.98034
vn 0.0289 -0.2129 0.97665
vn 0.0289 -0.2129 0.97665
vn -0.00808 -0.15444 0.98797
vn 0.04906 -0.1425 0.98858
vn 0.04905 -0.14251 0.98858
vn 0.04185 -0.2219 0.97417
vn 0.04185 -0.2219 0.97417
vn 0.0105 -0.14455 0.98944
vn 0.01346 -0.13589 0.99063
vn 0.02707 -0.14443 0.98914
vn 0.02707 -0.14442 0.98915
vn 0.01743 -0.21613 0.97621
vn 0.01743 -0.21613 0.97621
vn 0.02435 -0.19704 0.98009
vn 0.02436 -0.19705 0.98009
vn 0.04222 -0.19469 0.97996
vn 0.04222 -0.19469 0.97996
vn 0.06243 -0.11482 0.99142
vn 0.0493 -0.15423 0.9868
vn 0.09598 -0.14147 0.98528
vn 0.06809 -0.1244 0.98989
vn 0.01287 -0.18575 0.98251
vn 0.03106 -0.19664 0.97998
vn 0.03106 -0.19664 0.97998
vn 0.10276 -0.21395 0.97142
vn 0.10276 -0.21395 0.97142
vn 0.03777 -0.17575 0.98371
vn 0.03777 -0.17575 0.98371
vn -0.01315 -0.99949 -0.02902
vn 0.01358 -0.98497 -0.17217
vn -0.09397 -0.95402 -0.28462
vn -0.09397 -0.95402 -0.28462
vn -0.08843 -0.95777 -0.27361
vn -0.05581 -0.97128 -0.23129
vn -0.05581 -0.97128 -0.23129
vn -0.04457 -0.9758 -0.21409
vn 0.02705 -0.98529 -0.16872
vn 0.00489 -0.98577 -0.16801
vn 0.02 -0.96821 -0.24934
vn -0.04283 -0.97545 -0.21602
vn -0.04284 -0.97545 -0.21602
vn -0.04283 -0.97545 -0.21603
vn -0.02338 -0.99206 -0.12359
vn -0.02338 -0.99206 -0.12359
vn -0.05982 -0.98055 -0.18692
vn 0.02891 -0.97393 -0.22502
vn 0.02891 -0.97393 -0.22502
vn 0.01157 -0.96389 -0.26604
vn 0.01158 -0.96389 -0.26604
vn 0.07257 -0.96561 -0.24966
vn 0.01339 -0.92847 -0.37116
vn -0.0305 -0.26689 0.96324
vn -0.0305 -0.26689 0.96324
vn -0.0743 0.46547 -0.88194
vn -0.0743 0.46549 -0.88193
vn -0.11858 0.49328 -0.86175
vn -0.18725 0.65067 -0.73591
vn -0.18725 0.65067 -0.73591
vn -0.18725 0.65067 -0.73591
vn -0.16058 0.68242 -0.71311
vn 0.15207 -0.54221 -0.82637
vn 0.15207 -0.54221 -0.82637
vn 0.15208 -0.54221 -0.82636
vn 0.30427 -0.38757 -0.87018
vn -0.14728 0.18617 -0.97142
vn -0.14728 0.18617 -0.97142
vn -0.15301 0.19591 -0.96861
vn -0.15302 0.19589 -0.96861
vn 0.04594 0.0195 -0.99875
vn -0.08273 -0.07153 -0.994
vn -0.08273 -0.07152 -0.994
vn -0.12249 0.05781 -0.99078
vn -0.12249 0.05782 -0.99078
vn -0.09349 0.03931 -0.99484
vn -0.09349 0.03931 -0.99484
vn -0.1153 0.15172 -0.98168
vn -0.1153 0.15171 -0.98168
vn -0.1153 0.15173 -0.98167
vn -0.1153 0.15171 -0.98168
vn -0.0685 0.12132 -0.99025
vn -0.08694 0.21738 -0.97221
vn -0.15428 0.68223 -0.71467
vn -0.04937 0.34068 -0.93888
vn -0.04937 0.34068 -0.93888
vn -0.10278 0.32325 -0.94071
vn -0.10278 0.32326 -0.94071
vn -0.10278 0.32326 -0.94071
vn -0.11878 0.29536 -0.94797
vn -0.11878 0.29536 -0.94797
vn -0.09209 0.2792 -0.95581
vn -0.16202 0.2435 -0.95627
vn -0.16202 0.2435 -0.95627
vn -0.09021 0.20945 -0.97365
vn -0.14477 0.21355 -0.96615
vn -0.14477 0.21355 -0.96615
vn 0.00142 -0.90162 -0.43253
vn 0.00142 -0.90162 -0.43253
vn 0.0783 -0.894 -0.44117
vn 0.08013 -0.77685 -0.62457
vn 0.08014 -0.77685 -0.62456
vn 0.10818 -0.51385 -0.85103
vn 0.10818 -0.51385 -0.85103
vn 0.10818 -0.51386 -0.85103
vn 0.33045 -0.59131 -0.73564
vn 0.00539 -0.26451 0.96437
vn -0.02302 -0.17242 0.98475
vn -0.02302 -0.17242 0.98475
vn -0.03012 -0.1546 0.98752
vn -0.10666 0.55816 -0.82285
vn -0.09836 0.56681 -0.81796
vn -0.09836 0.56681 -0.81796
vn -0.05037 0.52178 -0.85159
vn -0.05037 0.52178 -0.85159
vn -0.10602 -0.15054 0.9829
vn -0.09923 -0.15449 0.983
vn -0.10297 -0.14749 0.98369
vn -0.10297 -0.14749 0.98369
vn -0.10297 -0.14749 0.98369
vn -0.03046 -0.15516 0.98742
vn -0.0366 -0.15043 0.98794
vn -0.0366 -0.15043 0.98794
vn -0.12258 -0.17729 0.97649
vn -0.12658 -0.17392 0.97659
vn -0.11591 -0.18106 0.97662
vn -0.11591 -0.18106 0.97662
vn -0.11495 -0.17274 0.97824
vn -0.12385 -0.18548 0.97481
vn -0.12385 -0.18549 0.97481
vn -0.12503 -0.1845 0.97485
vn -0.12504 -0.18451 0.97484
vn -0.09315 0.49206 -0.86556
vn -0.09315 0.49218 -0.8655
vn 7E-05 0.44755 -0.89426
vn -0.15323 0.56483 -0.81086
vn -0.1424 -0.20572 0.9682
vn -0.1424 -0.20572 0.96819
vn -0.16439 -0.19077 0.96777
vn -0.1644 -0.19077 0.96777
vn -0.13964 -0.25018 0.95808
vn -0.13964 -0.25018 0.95808
vn -0.1775 -0.21877 0.9595
vn -0.1775 -0.21877 0.9595
vn -0.14357 -0.17978 0.97317
vn -0.15921 -0.16645 0.97311
vn -0.15921 -0.16644 0.97311
vn 0.11568 0.38741 -0.91462
vn 0.11568 0.38743 -0.91461
vn 0.05451 0.42202 -0.90494
vn 0.10846 0.31608 -0.94251
vn 0.10846 0.31609 -0.94251
vn 0.03509 0.41652 -0.90845
vn 0.01102 0.34426 -0.93881
vn 0.01101 0.34426 -0.93881
vn 0.05141 0.36342 -0.9302
vn 0.03763 0.40636 -0.91294
vn 0.03763 0.40636 -0.91294
vn 0.02917 0.41018 -0.91154
vn 0.03302 0.35196 -0.93543
vn 0.03303 0.35197 -0.93543
vn 0.01039 0.36438 -0.93119
vn 0.01038 0.36439 -0.93119
vn -0.13398 -0.25742 0.95696
vn -0.12523 -0.26341 0.95652
vn -0.12523 -0.2634 0.95652
vn -0.12239 -0.2807 0.95196
vn -0.12239 -0.2807 0.95196
vn -0.14861 -0.26309 0.95326
vn -0.14861 -0.26309 0.95326
vn -0.14985 -0.18522 0.9712
vn -0.16534 -0.17464 0.97065
vn 0.05633 0.29441 -0.95402
vn 0.05634 0.29441 -0.95402
vn 0.05634 0.29441 -0.95402
vn 0.0839 0.34253 -0.93575
vn 0.13819 0.31352 -0.93947
vn 0.13417 0.31156 -0.94071
vn 0.13417 0.31158 -0.9407
vn 0.11879 0.32029 -0.93984
vn 0.11051 0.27759 -0.95432
vn 0.11051 0.27759 -0.95432
vn -0.19552 -0.24865 0.94865
vn -0.19553 -0.24864 0.94865
vn -0.23624 -0.21339 0.94797
vn -0.23623 -0.21339 0.94798
vn -0.20691 -0.25279 0.94514
vn -0.20691 -0.25279 0.94514
vn -0.19355 -0.26915 0.94345
vn -0.19354 -0.26916 0.94345
vn -0.12457 -0.29343 0.94783
vn -0.12457 -0.29343 0.94783
vn -0.16822 -0.259 0.95112
vn -0.16821 -0.25899 0.95112
vn -0.10782 -0.25687 0.96041
vn -0.14125 -0.22912 0.9631
vn -0.29072 -0.23288 0.92803
vn -0.29072 -0.23288 0.92803
vn -0.29072 -0.23289 0.92803
vn -0.28951 -0.22929 0.92931
vn -0.32299 -0.23742 0.91614
vn -0.32298 -0.23741 0.91614
vn -0.3116 -0.26481 0.91257
vn -0.27536 -0.22648 0.93428
vn -0.25973 -0.23946 0.93552
vn -0.26963 -0.24553 0.93114
vn -0.26963 -0.24553 0.93114
vn -0.27065 -0.25099 0.92938
vn -0.25822 -0.24656 0.93409
vn -0.2582 -0.24657 0.93409
vn -0.26248 -0.24306 0.93382
vn -0.26249 -0.24307 0.93382
vn 0.11049 0.30883 -0.94468
vn 0.09987 0.28892 -0.95213
vn 0.09987 0.28892 -0.95213
vn 0.11471 0.3601 -0.92584
vn 0.08214 0.23509 -0.9685
vn 0.08214 0.23509 -0.9685
vn 0.10365 0.25711 -0.96081
vn 0.09871 0.23874 -0.96605
vn 0.09871 0.23874 -0.96605
vn 0.05039 0.30906 -0.94971
vn 0.05039 0.30906 -0.94971
vn -0.28729 -0.2128 0.93391
vn -0.2873 -0.21281 0.9339
vn -0.28728 -0.21279 0.93391
vn -0.28533 -0.21838 0.93322
vn -0.30917 -0.25451 0.91632
vn -0.30916 -0.25451 0.91632
vn -0.30042 -0.22418 0.92709
vn -0.3264 -0.31298 0.89191
vn -0.266 -0.34732 0.89923
vn -0.266 -0.34732 0.89923
vn -0.39285 -0.26912 0.87934
vn -0.35597 -0.23525 0.9044
vn -0.35405 -0.22582 0.90755
vn -0.35405 -0.22582 0.90755
vn -0.32471 -0.31254 0.89268
vn -0.32469 -0.31249 0.89271
vn -0.32469 -0.31249 0.8927
vn 0.19909 0.14114 -0.96976
vn 0.1991 0.14114 -0.96976
vn 0.1991 0.14114 -0.96976
vn 0.17841 0.15568 -0.97156
vn 0.17842 0.15571 -0.97156
vn 0.19167 0.16075 -0.96821
vn 0.13134 0.2739 -0.95275
vn 0.23218 0.18759 -0.95441
vn 0.22393 0.14998 -0.963
vn 0.22392 0.14998 -0.963
vn 0.22686 0.18568 -0.95606
vn 0.25808 0.10398 -0.96051
vn 0.25808 0.10398 -0.96051
vn -0.21822 -0.36218 0.9062
vn -0.21822 -0.36218 0.9062
vn -0.246 -0.33967 0.9078
vn -0.246 -0.33967 0.9078
vn 0.19823 0.08626 -0.97635
vn 0.19818 0.08635 -0.97635
vn 0.21751 0.04261 -0.97513
vn 0.21751 0.04261 -0.97513
vn 0.21341 0.06137 -0.97503
vn 0.25186 0.05845 -0.966
vn 0.25186 0.05844 -0.966
vn 0.26351 0.026 -0.96431
vn 0.2641 0.02584 -0.96415
vn 0.21519 0.03877 -0.9758
vn 0.21489 0.03885 -0.97587
vn 0.15688 -0.18799 0.96956
vn 0.04 -0.14373 0.98881
vn 0.03999 -0.14374 0.98881
vn 0.20728 0.07638 -0.9753
vn 0.21446 0.07169 -0.9741
vn 0.21445 0.07169 -0.9741
vn 0.20732 0.07613 -0.97531
vn 0.20733 0.07612 -0.9753
vn 0.20407 0.02548 -0.97863
vn 0.19721 0.08069 -0.97704
vn 0.4746 0.23835 0.84732
vn 0.28857 0.31634 0.90369
vn 0.28854 0.31647 0.90366
vn 0.25203 0.07358 -0.96492
vn 0.25202 0.07358 -0.96492
vn 0.2282 0.08934 -0.96951
vn 0.22379 0.09312 -0.97018
vn 0.21845 0.07328 -0.97309
vn 0.21846 0.07328 -0.97309
vn 0.21663 0.08939 -0.97215
vn 0.22005 0.0863 -0.97166
vn 0.27483 0.10672 -0.95555
vn 0.22004 0.08629 -0.97167
vn 0.66713 0.51127 0.54179
vn 0.66713 0.51127 0.54179
vn 0.68517 0.50071 0.52899
vn 0.68516 0.5007 0.52902
vn 0.32821 -0.05806 -0.94282
vn 0.32821 -0.05805 -0.94282
vn 0.34237 -0.06555 -0.93728
vn 0.34239 -0.06553 -0.93727
vn 0.33742 -0.05096 -0.93997
vn 0.34992 -0.05611 -0.9351
vn -0.37811 0.16698 0.91058
vn -0.25745 0.36317 0.89545
vn -0.25745 0.36317 0.89545
vn 0.33516 -0.03484 -0.94152
vn 0.32822 0.50245 0.79989
vn 0.84152 0.26389 0.47139
vn 0.84153 0.2639 0.47136
vn 0.30929 -0.02895 -0.95053
vn 0.32052 -0.06845 -0.94476
vn 0.32052 -0.06846 -0.94476
vn 0.32052 -0.06847 -0.94477
vn 0.28821 -0.06615 -0.95528
vn 0.28821 -0.06615 -0.95528
vn 0.76202 -0.39257 -0.51499
vn 0.73694 -0.4365 -0.51613
vn 0.73692 -0.43651 -0.51614
vn 0.78822 -0.39809 -0.46929
vn 0.75447 -0.43318 -0.49308
vn 0.75447 -0.43319 -0.49308
vn 0.92825 -0.37048 -0.03308
vn 0.32556 -0.00719 -0.94549
vn 0.34708 -0.05991 -0.93592
vn 0.34708 -0.05991 -0.93592
vn 0.27941 -0.05792 -0.95842
vn 0.27941 -0.05792 -0.95842
vn 0.36225 -0.04454 -0.93101
vn 0.36226 -0.04454 -0.93101
vn 0.36226 -0.04454 -0.93101
vn 0.3729 -0.01769 -0.9277
vn 0.78841 -0.31517 -0.52828
vn 0.78841 -0.31516 -0.52828
vn 0.74661 -0.25554 -0.61422
vn 0.66498 0.02633 -0.7464
vn 0.79531 -0.20334 -0.57109
vn 0.81187 -0.19963 -0.54865
vn 0.77336 -0.25242 -0.58155
vn 0.77291 -0.25539 -0.58085
vn 0.43094 0.00466 -0.90237
vn 0.43092 0.00466 -0.90238
vn 0.42132 0.01274 -0.90682
vn 0.42132 0.01276 -0.90682
vn 0.57515 -0.03123 -0.81745
vn 0.52792 0.00481 -0.84928
vn 0.52791 0.00481 -0.84929
vn 0.81027 -0.24815 -0.53092
vn 0.81035 -0.24804 -0.53086
vn 0.75386 -0.32638 -0.57024
vn 0.75386 -0.32638 -0.57024
vn 0.71258 -0.23801 -0.65998
vn 0.71265 -0.23809 -0.65989
vn 0.73099 -0.26034 -0.63078
vn 0.731 -0.26035 -0.63076
vn 0.42989 -0.06026 -0.90087
vn 0.42989 -0.06026 -0.90087
vn 0.39052 -0.00118 -0.92059
vn 0.34529 -0.04371 -0.93748
vn 0.34529 -0.04371 -0.93748
vn 0.33446 -0.01717 -0.94225
vn 0.89387 -0.44618 0.0439
vn 0.98592 -0.0424 0.16175
vn 0.98592 -0.04242 0.16173
vn 0.82925 -0.44333 -0.34031
vn 0.87613 -0.38677 -0.28775
vn 0.87618 -0.38666 -0.28774
vn 0.87613 -0.38678 -0.28774
vn 0.31938 -0.00744 -0.9476
vn -0.47211 0.3622 0.8037
vn -0.43723 0.50287 0.74562
vn -0.31471 0.41162 0.85529
vn -0.31471 0.41162 0.85529
vn -0.11698 0.2175 0.96902
vn 0.1548 0.08151 0.98458
vn 0.83155 0.2579 0.49194
vn 0.83155 0.2579 0.49195
vn 0.99618 -0.02738 0.08297
vn 0.99617 -0.0274 0.08306
vn 0.3632 -0.02688 -0.93132
vn 0.34547 -0.07206 -0.93566
vn 0.34548 -0.07208 -0.93565
vn 0.34117 -0.01831 -0.93982
vn 0.34112 -0.0187 -0.93983
vn 0.35903 -0.03739 -0.93258
vn 0.40934 -0.01595 -0.91224
vn 0.40629 -0.01107 -0.91368
vn 0.40629 -0.01106 -0.91368
vn 0.40847 -0.01326 -0.91268
vn 0.40874 -0.01309 -0.91256
vn 0.36027 -0.02503 -0.93251
vn 0.36053 -0.02496 -0.93241
vn 0.37402 -0.05401 -0.92585
vn 0.37402 -0.05402 -0.92585
vn 0.34726 -0.03496 -0.93712
vn 0.33724 -0.06314 -0.9393
vn 0.33724 -0.06316 -0.9393
vn 0.34277 -0.07837 -0.93614
vn 0.34275 -0.07838 -0.93615
vn 0.33878 -0.07502 -0.93787
vn 0.33879 -0.07501 -0.93787
vn 0.3388 -0.07501 -0.93786
vn -0.017 0.52684 0.8498
vn -0.01698 0.52684 0.8498
vn 0.24536 0.45425 0.85642
vn 0.24537 0.45425 0.85642
vn -0.47247 0.36314 0.80306
vn -0.47246 0.36315 0.80306
vn 0.26278 -0.00385 -0.96485
vn 0.32901 -0.0511 -0.94294
vn 0.29147 -0.11729 -0.94936
vn 0.29147 -0.11729 -0.94936
vn 0.29148 -0.11729 -0.94936
vn 0.31893 0.06274 -0.9457
vn 0.40329 -0.05472 -0.91343
vn 0.40331 -0.05471 -0.91343
vn 0.36115 -0.09438 -0.92772
vn 0.36115 -0.09439 -0.92772
vn 0.31644 -0.05776 -0.94685
vn 0.31644 -0.05776 -0.94685
vn 0.30464 -0.12287 -0.94451
vn 0.30463 -0.12295 -0.9445
vn 0.30464 -0.12287 -0.94451
vn 0.25795 0.03467 -0.96554
vn 0.25795 0.03466 -0.96554
vn 0.23032 0.06685 -0.97082
vn 0.23032 0.06685 -0.97082
vn 0.13427 -0.00859 -0.99091
vn 0.13425 -0.00859 -0.99091
vn 0.13397 -0.00857 -0.99095
vn 0.13543 -0.00867 -0.99075
vn 0.13425 -0.00859 -0.99091
vn 0.13427 -0.00859 -0.99091
vn 0.13424 -0.00859 -0.99091
vn 0.02843 -0.00117 -0.9996
vn 0.02843 -0.00117 -0.9996
vn 0.02843 -0.00117 -0.9996
vn 0.02843 -0.00117 -0.9996
vn 0.02843 -0.00117 -0.9996
vn -0.07773 0.00627 -0.99695
vn -0.07773 0.00627 -0.99696
vn -0.07772 0.00627 -0.99696
vn -0.07772 0.00627 -0.99696
vn -0.07772 0.00627 -0.99696
vn -0.07772 0.00627 -0.99696
vn -0.07773 0.00627 -0.99695
vn -0.183 0.01363 -0.98302
vn -0.18299 0.01363 -0.98302
vn -0.18268 0.01361 -0.98308
vn -0.18295 0.01363 -0.98303
vn -0.183 0.01363 -0.98302
vn -0.183 0.01363 -0.98302
vn -0.18298 0.01363 -0.98302
vn -0.28619 0.02084 -0.95795
vn -0.28619 0.02084 -0.95795
vn -0.28622 0.02084 -0.95794
vn -0.28621 0.02084 -0.95794
vn -0.2862 0.02084 -0.95794
vn -0.38606 0.02781 -0.92205
vn -0.38607 0.02781 -0.92205
vn -0.38617 0.02782 -0.92201
vn -0.3862 0.02782 -0.92199
vn -0.38618 0.02782 -0.92201
vn -0.38604 0.02781 -0.92206
vn -0.38585 0.02779 -0.92214
vn -0.38616 0.02782 -0.92201
vn -0.38614 0.02781 -0.92202
vn -0.48173 0.03447 -0.87564
vn -0.4817 0.03447 -0.87566
vn -0.48176 0.03447 -0.87562
vn -0.48173 0.03447 -0.87564
vn -0.48168 0.03447 -0.87567
vn -0.57185 0.04074 -0.81935
vn -0.57188 0.04074 -0.81932
vn -0.57194 0.04075 -0.81928
vn -0.57148 0.04071 -0.81961
vn -0.57186 0.04074 -0.81934
vn -0.57184 0.04074 -0.81936
vn -0.57183 0.04074 -0.81936
vn -0.65544 0.04654 -0.75381
vn -0.65549 0.04655 -0.75377
vn -0.65552 0.04655 -0.75374
vn -0.65556 0.04655 -0.75371
vn -0.65543 0.04654 -0.75382
vn -0.65547 0.04655 -0.75378
vn -0.65555 0.04655 -0.75371
vn -0.73167 0.05182 -0.67968
vn -0.73171 0.05182 -0.67965
vn -0.73166 0.05182 -0.6797
vn -0.7318 0.05183 -0.67955
vn -0.73173 0.05183 -0.67962
vn -0.79964 0.05652 -0.59782
vn -0.79967 0.05652 -0.59777
vn -0.79961 0.05652 -0.59785
vn -0.79961 0.05651 -0.59786
vn -0.79958 0.05651 -0.5979
vn -0.8585 0.06057 -0.50922
vn -0.85843 0.06056 -0.50935
vn -0.8585 0.06057 -0.50923
vn -0.85861 0.06057 -0.50903
vn -0.85847 0.06056 -0.50927
vn -0.85845 0.06056 -0.50931
vn -0.85857 0.06057 -0.5091
vn -0.90765 0.06393 -0.41483
vn -0.9077 0.06394 -0.41472
vn -0.90766 0.06393 -0.4148
vn -0.90764 0.06393 -0.41485
vn -0.90765 0.06393 -0.41483
vn -0.90762 0.06393 -0.41489
vn -0.9076 0.06393 -0.41494
vn -0.94646 0.06657 -0.31588
vn -0.94646 0.06657 -0.31589
vn -0.94647 0.06657 -0.31586
vn -0.9465 0.06657 -0.31576
vn -0.94654 0.06657 -0.31565
vn -0.97463 0.06846 -0.21311
vn -0.97459 0.06846 -0.21327
vn -0.97461 0.06846 -0.21317
vn -0.97463 0.06846 -0.21308
vn -0.97463 0.06846 -0.2131
vn -0.97459 0.06846 -0.21326
vn -0.97455 0.06845 -0.21348
vn -0.97466 0.06846 -0.21295
vn -0.99171 0.06957 -0.10805
vn -0.99172 0.06957 -0.10796
vn -0.99168 0.06957 -0.1083
vn -0.99181 0.06957 -0.1071
vn -0.9917 0.06957 -0.10817
vn -0.99169 0.06957 -0.1082
vn -0.9917 0.06957 -0.10812
vn -0.99755 0.06989 -0.00183
vn -0.99755 0.06989 -0.00191
vn -0.99756 0.06988 0.00077
vn -0.99753 0.06991 -0.0068
vn -0.99755 0.06989 -0.0014
vn -0.99755 0.06989 0.0013
vn -0.99755 0.06989 -0.00187
vn -0.99755 0.06989 -0.00191
vn -0.99755 0.06989 -0.00178
vn -0.99211 0.06942 0.1044
vn -0.99209 0.06942 0.10455
vn -0.9921 0.06942 0.10453
vn -0.99211 0.06942 0.10435
vn -0.9921 0.06942 0.10449
vn -0.9754 0.06816 0.20963
vn -0.97541 0.06817 0.20959
vn -0.97542 0.06817 0.20955
vn -0.9754 0.06816 0.20965
vn -0.97539 0.06816 0.20968
vn -0.94767 0.06614 0.31231
vn -0.94766 0.06614 0.31235
vn -0.94758 0.06613 0.31261
vn -0.94766 0.06614 0.31235
vn -0.94764 0.06614 0.3124
vn -0.9477 0.06614 0.31224
vn -0.90919 0.06336 0.41153
vn -0.9092 0.06336 0.41152
vn -0.9091 0.06335 0.41174
vn -0.90917 0.06336 0.41158
vn -0.9092 0.06336 0.41152
vn -0.90921 0.06336 0.41149
vn -0.90917 0.06336 0.41157
vn -0.86038 0.05986 0.50612
vn -0.8604 0.05986 0.50608
vn -0.86053 0.05987 0.50586
vn -0.86034 0.05986 0.50619
vn -0.86042 0.05986 0.50605
vn -0.86043 0.05986 0.50603
vn -0.86037 0.05986 0.50614
vn -0.80187 0.05569 0.5949
vn -0.80186 0.05569 0.59492
vn -0.80188 0.05569 0.59489
vn -0.80184 0.05569 0.59494
vn -0.80183 0.05569 0.59495
vn -0.73421 0.05088 0.67701
vn -0.73421 0.05088 0.67701
vn -0.73414 0.05088 0.67708
vn -0.73425 0.05088 0.67697
vn -0.73318 0.05081 0.67813
vn -0.74364 0.05149 0.66659
vn -0.73429 0.05089 0.67692
vn -0.65832 0.0455 0.75136
vn -0.65829 0.0455 0.75139
vn -0.65839 0.04551 0.7513
vn -0.6583 0.0455 0.75138
vn -0.65834 0.0455 0.75135
vn -0.5749 0.0396 0.81726
vn -0.57497 0.03961 0.81722
vn -0.57614 0.0397 0.81638
vn -0.57554 0.03965 0.81681
vn -0.57488 0.0396 0.81728
vn -0.57482 0.0396 0.81732
vn -0.57489 0.0396 0.81727
vn -0.48499 0.03326 0.87389
vn -0.48506 0.03326 0.87385
vn -0.48506 0.03326 0.87385
vn -0.48498 0.03326 0.87389
vn -0.48493 0.03325 0.87392
vn -0.48518 0.03327 0.87378
vn -0.48496 0.03326 0.87391
vn -0.3896 0.02654 0.9206
vn -0.3896 0.02654 0.9206
vn -0.38962 0.02654 0.9206
vn -0.38962 0.02654 0.92059
vn -0.38958 0.02654 0.92061
vn -0.28979 0.01951 0.95689
vn -0.28977 0.01951 0.9569
vn -0.28976 0.01951 0.9569
vn -0.28975 0.01951 0.9569
vn -0.28977 0.01951 0.9569
vn -0.18668 0.01227 0.98234
vn -0.18669 0.01227 0.98234
vn -0.18667 0.01227 0.98235
vn -0.18668 0.01227 0.98234
vn -0.18669 0.01227 0.98234
vn -0.08145 0.00488 0.99667
vn -0.08145 0.00488 0.99667
vn -0.08147 0.00489 0.99666
vn -0.08147 0.00489 0.99666
vn -0.08145 0.00488 0.99667
vn 0.02468 -0.00255 0.99969
vn 0.02468 -0.00255 0.99969
vn 0.02468 -0.00255 0.99969
vn 0.02468 -0.00255 0.99969
vn 0.02468 -0.00255 0.99969
vn 0.02467 -0.00255 0.99969
vn 0.02469 -0.00255 0.99969
vn 0.02468 -0.00255 0.99969
vn 0.02468 -0.00255 0.99969
vn 0.13054 -0.00996 0.99139
vn 0.13053 -0.00996 0.99139
vn 0.13054 -0.00996 0.99139
vn 0.13054 -0.00996 0.99139
vn 0.1307 -0.00997 0.99137
vn 0.13055 -0.00996 0.99139
vn 0.23494 -0.01726 0.97186
vn 0.23493 -0.01726 0.97186
vn 0.23495 -0.01726 0.97185
vn 0.23493 -0.01726 0.97186
vn 0.23494 -0.01726 0.97186
vn 0.33664 -0.02436 0.94132
vn 0.33663 -0.02436 0.94132
vn 0.33662 -0.02436 0.94132
vn 0.33666 -0.02436 0.94131
vn 0.33663 -0.02436 0.94132
vn 0.43447 -0.03118 0.90014
vn 0.43457 -0.03119 0.9001
vn 0.4346 -0.03119 0.90008
vn 0.43456 -0.03119 0.9001
vn 0.43457 -0.03119 0.9001
vn 0.43459 -0.03119 0.90009
vn 0.43454 -0.03119 0.90011
vn 0.52751 -0.03766 0.84872
vn 0.52753 -0.03766 0.8487
vn 0.5275 -0.03766 0.84872
vn 0.52748 -0.03766 0.84873
vn 0.52753 -0.03766 0.8487
vn 0.61458 -0.04371 0.78764
vn 0.61452 -0.0437 0.78769
vn 0.61451 -0.0437 0.7877
vn 0.61448 -0.0437 0.78772
vn 0.61458 -0.04371 0.78764
vn 0.69461 -0.04926 0.7177
vn 0.6946 -0.04926 0.71771
vn 0.69455 -0.04925 0.71776
vn 0.69456 -0.04925 0.71775
vn 0.69457 -0.04925 0.71774
vn 0.76672 -0.05424 0.63969
vn 0.76671 -0.05424 0.6397
vn 0.76676 -0.05425 0.63964
vn 0.7668 -0.05425 0.63959
vn 0.76678 -0.05425 0.63962
vn 0.7668 -0.05425 0.63959
vn 0.76677 -0.05425 0.63963
vn 0.83024 -0.05862 0.55431
vn 0.83019 -0.05862 0.55439
vn 0.83023 -0.05862 0.55432
vn 0.83015 -0.05862 0.55446
vn 0.83029 -0.05863 0.55424
vn 0.88433 -0.06234 0.46268
vn 0.88435 -0.06234 0.46263
vn 0.88431 -0.06234 0.46272
vn 0.88428 -0.06233 0.46279
vn 0.88429 -0.06234 0.46275
vn 0.92834 -0.06534 0.36594
vn 0.9284 -0.06534 0.3658
vn 0.92835 -0.06534 0.36591
vn 0.92813 -0.06533 0.36647
vn 0.92838 -0.06534 0.36585
vn 0.92837 -0.06534 0.36586
vn 0.92839 -0.06534 0.36583
vn 0.96193 -0.06761 0.26479
vn 0.96193 -0.06761 0.2648
vn 0.96191 -0.06761 0.26488
vn 0.96187 -0.06761 0.26502
vn 0.96194 -0.06761 0.26477
vn 0.98455 -0.06911 0.16086
vn 0.98457 -0.06911 0.16078
vn 0.98453 -0.06911 0.16099
vn 0.98452 -0.06911 0.16109
vn 0.98455 -0.06911 0.16089
vn 0.99605 -0.06983 0.05488
vn 0.99604 -0.06983 0.05506
vn 0.99604 -0.06983 0.05501
vn 0.99605 -0.06983 0.05489
vn 0.99604 -0.06983 0.05507
vn 0.99604 -0.06983 0.05498
vn 0.99624 -0.06976 -0.05141
vn 0.99624 -0.06975 -0.05146
vn 0.99623 -0.06975 -0.05155
vn 0.99625 -0.06976 -0.05127
vn 0.99625 -0.06976 -0.05116
vn 0.99624 -0.06975 -0.05145
vn 0.99625 -0.06976 -0.05125
vn 0.98516 -0.06889 -0.15721
vn 0.98515 -0.06889 -0.1573
vn 0.98515 -0.06889 -0.1573
vn 0.98515 -0.06889 -0.15727
vn 0.98514 -0.06889 -0.15732
vn 0.96289 -0.06725 -0.26138
vn 0.96289 -0.06725 -0.26138
vn 0.96291 -0.06725 -0.26132
vn 0.96289 -0.06725 -0.26139
vn 0.9629 -0.06725 -0.26133
vn 0.92972 -0.06484 -0.36251
vn 0.92975 -0.06484 -0.36245
vn 0.92989 -0.06485 -0.36207
vn 0.92976 -0.06484 -0.36242
vn 0.92969 -0.06483 -0.36259
vn 0.92975 -0.06484 -0.36243
vn 0.88603 -0.0617 -0.45951
vn 0.88603 -0.0617 -0.45951
vn 0.88606 -0.0617 -0.45944
vn 0.88609 -0.0617 -0.4594
vn 0.88603 -0.0617 -0.4595
vn 0.88601 -0.0617 -0.45954
vn 0.88603 -0.0617 -0.4595
vn 0.83234 -0.05786 -0.55124
vn 0.83233 -0.05786 -0.55126
vn 0.83228 -0.05786 -0.55133
vn 0.83228 -0.05785 -0.55133
vn 0.83239 -0.05786 -0.55116
vn 0.76915 -0.05336 -0.63684
vn 0.76915 -0.05336 -0.63684
vn 0.76916 -0.05336 -0.63683
vn 0.76921 -0.05337 -0.63677
vn 0.76917 -0.05336 -0.63681
vn 0.6972 -0.04826 -0.71525
vn 0.69728 -0.04826 -0.71517
vn 0.69729 -0.04826 -0.71516
vn 0.69728 -0.04826 -0.71517
vn 0.69727 -0.04826 -0.71518
vn 0.69725 -0.04826 -0.71521
vn 0.69724 -0.04826 -0.71521
vn 0.61752 -0.04262 -0.7854
vn 0.61747 -0.04261 -0.78544
vn 0.61751 -0.04262 -0.78541
vn 0.61744 -0.04261 -0.78546
vn 0.61729 -0.0426 -0.78558
vn 0.61749 -0.04261 -0.78542
vn 0.61748 -0.04261 -0.78543
vn 0.5307 -0.03648 -0.84678
vn 0.53071 -0.03648 -0.84677
vn 0.53072 -0.03648 -0.84676
vn 0.53076 -0.03649 -0.84674
vn 0.53069 -0.03648 -0.84678
vn 0.43796 -0.02994 -0.8985
vn 0.43794 -0.02994 -0.89851
vn 0.43794 -0.02994 -0.89851
vn 0.43794 -0.02994 -0.89851
vn 0.4379 -0.02994 -0.89853
vn 0.43791 -0.02994 -0.89852
vn 0.43791 -0.02994 -0.89852
vn 0.34018 -0.02306 -0.94008
vn 0.34019 -0.02306 -0.94007
vn 0.34044 -0.02307 -0.93998
vn 0.33855 -0.02295 -0.94067
vn 0.34019 -0.02306 -0.94007
vn 0.34001 -0.02305 -0.94014
vn 0.34018 -0.02306 -0.94008
vn 0.3402 -0.02306 -0.94007
vn 0.34021 -0.02306 -0.94007
vn 0.23855 -0.01591 -0.971
vn 0.23853 -0.01591 -0.97101
vn 0.23859 -0.01591 -0.97099
vn 0.23858 -0.01591 -0.97099
vn 0.23857 -0.01591 -0.97099
vn 0.23859 -0.01591 -0.97099
vn 0.13426 -0.00859 -0.99091
vn 0.13426 -0.00859 -0.99091
vn 0.13426 -0.00859 -0.99091
vn 0.13424 -0.00859 -0.99091
vn 0.13427 -0.00859 -0.99091
vn 0.13424 -0.00859 -0.99091
vn 0.13427 -0.00859 -0.99091
vn 0.02843 -0.00117 -0.9996
vn 0.02843 -0.00117 -0.9996
vn 0.02843 -0.00117 -0.9996
vn 0.02843 -0.00117 -0.9996
vn 0.02843 -0.00117 -0.9996
vn -0.07772 0.00627 -0.99696
vn -0.07772 0.00627 -0.99696
vn -0.07773 0.00627 -0.99695
vn -0.07772 0.00627 -0.99696
vn -0.07772 0.00627 -0.99696
vn -0.18299 0.01363 -0.98302
vn -0.18299 0.01363 -0.98302
vn -0.183 0.01363 -0.98302
vn -0.18298 0.01363 -0.98302
vn -0.18299 0.01363 -0.98302
vn -0.28618 0.02084 -0.95795
vn -0.28618 0.02084 -0.95795
vn -0.2862 0.02084 -0.95794
vn -0.28621 0.02084 -0.95794
vn -0.28622 0.02084 -0.95794
vn -0.28621 0.02084 -0.95794
vn -0.28613 0.02084 -0.95796
vn -0.38615 0.02781 -0.92201
vn -0.38615 0.02781 -0.92202
vn -0.38613 0.02781 -0.92202
vn -0.38613 0.02781 -0.92202
vn -0.38618 0.02782 -0.92201
vn -0.48172 0.03447 -0.87565
vn -0.48171 0.03447 -0.87565
vn -0.48174 0.03447 -0.87564
vn -0.48174 0.03447 -0.87564
vn -0.48175 0.03447 -0.87563
vn -0.48175 0.03447 -0.87563
vn -0.48172 0.03447 -0.87565
vn -0.57184 0.04074 -0.81935
vn -0.57184 0.04074 -0.81935
vn -0.57183 0.04074 -0.81936
vn -0.57184 0.04074 -0.81935
vn -0.57188 0.04074 -0.81932
vn -0.65546 0.04654 -0.75379
vn -0.65547 0.04654 -0.75379
vn -0.6555 0.04655 -0.75376
vn -0.65552 0.04655 -0.75374
vn -0.65547 0.04654 -0.75379
vn -0.73171 0.05182 -0.67964
vn -0.73172 0.05183 -0.67964
vn -0.73173 0.05183 -0.67962
vn -0.73168 0.05182 -0.67967
vn -0.73169 0.05182 -0.67967
vn -0.79964 0.05652 -0.59782
vn -0.79957 0.05651 -0.59791
vn -0.79963 0.05652 -0.59783
vn -0.79967 0.05652 -0.59777
vn -0.79965 0.05652 -0.5978
vn -0.79966 0.05652 -0.59779
vn -0.79966 0.05652 -0.59779
vn -0.79958 0.05651 -0.5979
vn -0.79956 0.05651 -0.59792
vn -0.8585 0.06057 -0.50922
vn -0.85851 0.06057 -0.50921
vn -0.85848 0.06057 -0.50926
vn -0.85849 0.06057 -0.50925
vn -0.85845 0.06056 -0.50931
vn -0.85851 0.06057 -0.50921
vn -0.8585 0.06057 -0.50922
vn -0.90762 0.06393 -0.41489
vn -0.90763 0.06393 -0.41488
vn -0.90763 0.06393 -0.41487
vn -0.90766 0.06393 -0.41482
vn -0.90766 0.06393 -0.41481
vn -0.94648 0.06657 -0.31582
vn -0.9465 0.06657 -0.31578
vn -0.94649 0.06657 -0.3158
vn -0.94649 0.06657 -0.3158
vn -0.94648 0.06657 -0.31582
vn -0.97461 0.06846 -0.21318
vn -0.97461 0.06846 -0.21319
vn -0.97462 0.06846 -0.21315
vn -0.97471 0.06846 -0.21275
vn -0.97471 0.06846 -0.21274
vn -0.97461 0.06846 -0.21318
vn -0.97463 0.06846 -0.2131
vn -0.97462 0.06846 -0.21315
vn -0.9917 0.06957 -0.10809
vn -0.9917 0.06957 -0.10809
vn -0.9917 0.06957 -0.10816
vn -0.9917 0.06957 -0.10817
vn -0.9917 0.06957 -0.10811
vn -0.99755 0.06989 -0.00186
vn -0.99755 0.06989 -0.00181
vn -0.99755 0.06989 -0.00184
vn -0.99755 0.06989 -0.00196
vn -0.99755 0.06989 -0.00178
vn -0.99755 0.06989 -0.00173
vn -0.99755 0.06989 -0.00185
vn -0.9921 0.06942 0.1045
vn -0.9921 0.06942 0.10446
vn -0.9921 0.06942 0.10448
vn -0.9921 0.06942 0.10444
vn -0.99209 0.06942 0.10457
vn -0.99211 0.06942 0.10443
vn -0.97542 0.06817 0.20956
vn -0.9754 0.06816 0.20962
vn -0.9754 0.06816 0.20963
vn -0.97541 0.06816 0.2096
vn -0.97543 0.06817 0.20952
vn -0.94766 0.06614 0.31236
vn -0.94768 0.06614 0.31231
vn -0.94765 0.06614 0.31239
vn -0.94766 0.06614 0.31236
vn -0.94769 0.06614 0.31227
vn -0.90918 0.06336 0.41155
vn -0.90918 0.06336 0.41155
vn -0.90916 0.06336 0.41161
vn -0.9091 0.06335 0.41174
vn -0.9092 0.06336 0.4115
vn -0.90915 0.06336 0.41162
vn -0.90921 0.06336 0.4115
vn -0.8604 0.05986 0.50609
vn -0.8604 0.05986 0.50609
vn -0.8604 0.05986 0.5061
vn -0.86038 0.05986 0.50612
vn -0.86038 0.05986 0.50612
vn -0.80188 0.05569 0.59489
vn -0.80187 0.05569 0.5949
vn -0.80187 0.05569 0.59489
vn -0.80185 0.05569 0.59493
vn -0.80191 0.05569 0.59484
vn -0.73424 0.05088 0.67698
vn -0.73425 0.05088 0.67697
vn -0.73322 0.05082 0.67808
vn -0.73459 0.0509 0.6766
vn -0.73425 0.05088 0.67697
vn -0.73423 0.05088 0.677
vn -0.73422 0.05088 0.67701
vn -0.65832 0.0455 0.75136
vn -0.65833 0.0455 0.75136
vn -0.6583 0.0455 0.75138
vn -0.65828 0.0455 0.7514
vn -0.65833 0.0455 0.75135
vn -0.57493 0.03961 0.81724
vn -0.57492 0.0396 0.81725
vn -0.57489 0.0396 0.81727
vn -0.57491 0.0396 0.81726
vn -0.57493 0.03961 0.81724
vn -0.48499 0.03326 0.87388
vn -0.485 0.03326 0.87388
vn -0.48501 0.03326 0.87387
vn -0.48496 0.03326 0.87391
vn -0.48502 0.03326 0.87387
vn -0.48501 0.03326 0.87387
vn -0.48501 0.03326 0.87388
vn -0.38961 0.02654 0.9206
vn -0.38961 0.02654 0.9206
vn -0.38961 0.02654 0.9206
vn -0.38959 0.02654 0.92061
vn -0.3896 0.02654 0.9206
vn -0.28978 0.01951 0.95689
vn -0.28977 0.01951 0.9569
vn -0.28978 0.01951 0.95689
vn -0.28979 0.01951 0.95689
vn -0.28979 0.01951 0.95689
vn -0.18669 0.01227 0.98234
vn -0.18669 0.01227 0.98234
vn -0.18671 0.01227 0.98234
vn -0.18667 0.01227 0.98235
vn -0.18667 0.01227 0.98235
vn -0.18667 0.01227 0.98235
vn -0.08146 0.00488 0.99667
vn -0.08146 0.00488 0.99666
vn -0.08147 0.00489 0.99666
vn -0.08147 0.00489 0.99666
vn -0.08144 0.00488 0.99667
vn 0.02469 -0.00255 0.99969
vn 0.02468 -0.00255 0.99969
vn 0.02468 -0.00255 0.99969
vn 0.02468 -0.00255 0.99969
vn 0.02469 -0.00255 0.99969
vn 0.02469 -0.00255 0.99969
vn 0.02467 -0.00255 0.99969
vn 0.13053 -0.00996 0.99139
vn 0.13055 -0.00996 0.99139
vn 0.13055 -0.00996 0.99139
vn 0.13052 -0.00996 0.9914
vn 0.13055 -0.00996 0.99139
vn 0.13055 -0.00996 0.99139
vn 0.13054 -0.00996 0.99139
vn 0.23492 -0.01726 0.97186
vn 0.23492 -0.01726 0.97186
vn 0.23493 -0.01726 0.97186
vn 0.23491 -0.01726 0.97186
vn 0.23494 -0.01726 0.97186
vn 0.33664 -0.02436 0.94132
vn 0.33665 -0.02436 0.94132
vn 0.33668 -0.02436 0.9413
vn 0.33661 -0.02436 0.94133
vn 0.33665 -0.02436 0.94131
vn 0.33666 -0.02436 0.94131
vn 0.33663 -0.02436 0.94132
vn 0.43455 -0.03119 0.90011
vn 0.43456 -0.03119 0.9001
vn 0.43457 -0.03119 0.9001
vn 0.43455 -0.03119 0.90011
vn 0.43451 -0.03118 0.90013
vn 0.52754 -0.03766 0.8487
vn 0.52753 -0.03766 0.8487
vn 0.52755 -0.03766 0.84869
vn 0.52754 -0.03766 0.84869
vn 0.52752 -0.03766 0.84871
vn 0.52755 -0.03766 0.84869
vn 0.52741 -0.03765 0.84877
vn 0.61454 -0.0437 0.78767
vn 0.61452 -0.0437 0.78769
vn 0.61453 -0.0437 0.78768
vn 0.61453 -0.0437 0.78768
vn 0.61458 -0.04371 0.78765
vn 0.69458 -0.04925 0.71773
vn 0.69456 -0.04925 0.71774
vn 0.69456 -0.04925 0.71775
vn 0.69456 -0.04925 0.71774
vn 0.69463 -0.04926 0.71768
vn 0.76676 -0.05425 0.63964
vn 0.76677 -0.05425 0.63963
vn 0.76676 -0.05425 0.63964
vn 0.76677 -0.05425 0.63962
vn 0.76675 -0.05425 0.63965
vn 0.76676 -0.05425 0.63964
vn 0.76682 -0.05425 0.63956
vn 0.76672 -0.05424 0.63969
vn 0.83022 -0.05862 0.55434
vn 0.83025 -0.05862 0.5543
vn 0.83025 -0.05863 0.5543
vn 0.83021 -0.05862 0.55437
vn 0.83024 -0.05862 0.55432
vn 0.83025 -0.05863 0.5543
vn 0.83024 -0.05862 0.55431
vn 0.8843 -0.06234 0.46274
vn 0.88431 -0.06234 0.46271
vn 0.88434 -0.06234 0.46267
vn 0.88431 -0.06234 0.46271
vn 0.88432 -0.06234 0.46271
vn 0.92836 -0.06534 0.36589
vn 0.9284 -0.06535 0.36578
vn 0.92838 -0.06535 0.36583
vn 0.9284 -0.06535 0.3658
vn 0.92831 -0.06534 0.36602
vn 0.92839 -0.06534 0.36583
vn 0.92837 -0.06534 0.36586
vn 0.92836 -0.06534 0.36589
vn 0.9618 -0.0676 0.26527
vn 0.96187 -0.06761 0.26501
vn 0.96191 -0.06761 0.26486
vn 0.96191 -0.06761 0.26487
vn 0.96191 -0.06761 0.26486
vn 0.96192 -0.06761 0.26482
vn 0.96191 -0.06761 0.26487
vn 0.98455 -0.06911 0.16089
vn 0.98455 -0.06911 0.16089
vn 0.98456 -0.06911 0.16082
vn 0.98455 -0.06911 0.16086
vn 0.98456 -0.06911 0.16082
vn 0.99604 -0.06983 0.05495
vn 0.99604 -0.06983 0.05498
vn 0.99604 -0.06983 0.05509
vn 0.99604 -0.06983 0.05506
vn 0.99604 -0.06983 0.05501
vn 0.99604 -0.06983 0.05503
vn 0.99604 -0.06983 0.05501
vn 0.99624 -0.06975 -0.05139
vn 0.99624 -0.06976 -0.05129
vn 0.99624 -0.06976 -0.05138
vn 0.99623 -0.06975 -0.05149
vn 0.99624 -0.06976 -0.0514
vn 0.99624 -0.06976 -0.05141
vn 0.99624 -0.06976 -0.05139
vn 0.98514 -0.06889 -0.15731
vn 0.98515 -0.06889 -0.15726
vn 0.98515 -0.06889 -0.15726
vn 0.98514 -0.06889 -0.15731
vn 0.98515 -0.06889 -0.15724
vn 0.96291 -0.06725 -0.2613
vn 0.96291 -0.06725 -0.26132
vn 0.96289 -0.06725 -0.26137
vn 0.9629 -0.06725 -0.26133
vn 0.9629 -0.06725 -0.26136
vn 0.92973 -0.06484 -0.36248
vn 0.92972 -0.06484 -0.3625
vn 0.92974 -0.06484 -0.36246
vn 0.92974 -0.06484 -0.36245
vn 0.92974 -0.06484 -0.36248
vn 0.88605 -0.0617 -0.45946
vn 0.88606 -0.0617 -0.45945
vn 0.88605 -0.0617 -0.45947
vn 0.88607 -0.0617 -0.45944
vn 0.88605 -0.0617 -0.45947
vn 0.88595 -0.06169 -0.45965
vn 0.88606 -0.0617 -0.45945
vn 0.83232 -0.05786 -0.55126
vn 0.83233 -0.05786 -0.55126
vn 0.8323 -0.05786 -0.5513
vn 0.83234 -0.05786 -0.55124
vn 0.83228 -0.05786 -0.55133
vn 0.76915 -0.05336 -0.63684
vn 0.76917 -0.05336 -0.63682
vn 0.76912 -0.05336 -0.63687
vn 0.76915 -0.05336 -0.63683
vn 0.76914 -0.05336 -0.63685
vn 0.69738 -0.04827 -0.71507
vn 0.6974 -0.04827 -0.71506
vn 0.69725 -0.04826 -0.7152
vn 0.69724 -0.04826 -0.71521
vn 0.69726 -0.04826 -0.71519
vn 0.69727 -0.04826 -0.71518
vn 0.69724 -0.04826 -0.71521
vn 0.61749 -0.04261 -0.78542
vn 0.61751 -0.04262 -0.78541
vn 0.61749 -0.04261 -0.78542
vn 0.6175 -0.04261 -0.78541
vn 0.61747 -0.04261 -0.78544
vn 0.61749 -0.04261 -0.78542
vn 0.53073 -0.03649 -0.84675
vn 0.53068 -0.03648 -0.84679
vn 0.53069 -0.03648 -0.84678
vn 0.53074 -0.03649 -0.84675
vn 0.53071 -0.03648 -0.84677
vn 0.5307 -0.03648 -0.84677
vn 0.53071 -0.03648 -0.84677
vn 0.43792 -0.02994 -0.89851
vn 0.43792 -0.02994 -0.89852
vn 0.43793 -0.02994 -0.89851
vn 0.43792 -0.02994 -0.89851
vn 0.43793 -0.02994 -0.89851
vn 0.3403 -0.02307 -0.94003
vn 0.34006 -0.02305 -0.94012
vn 0.34017 -0.02306 -0.94008
vn 0.34019 -0.02306 -0.94007
vn 0.34015 -0.02306 -0.94009
vn 0.34019 -0.02306 -0.94008
vn 0.34017 -0.02306 -0.94008
vn 0.23857 -0.01591 -0.971
vn 0.23855 -0.01591 -0.971
vn 0.23857 -0.01591 -0.97099
vn 0.23857 -0.01591 -0.971
vn 0.23857 -0.01591 -0.97099
vn 0.61358 0.47261 0.63258
vn 0.99459 -0.08162 0.06424
vn -0.29918 0.48434 0.82214
vn 0.61276 0.43196 0.66177
vn 0.95777 -0.14594 0.24775
vn 0.99682 -0.0519 0.0604
vn 0.99998 0.00456 -0.00465
vn 0.9551 -0.28943 -0.06344
vn 0.99719 -0.0577 0.04784
vn 0.96369 -0.15686 0.21611
vn 0.10819 0.91718 0.38349
vn 0.64249 0.74929 0.16054
f 1//1 2//1 3//1
f 1//2 3//2 4//2
f 4//3 3//3 5//3
f 4//4 5//4 6//4
f 6//5 5//5 7//5
f 6//6 7//6 8//6
f 8//7 7//7 9//7
f 8//8 9//8 10//8
f 10//9 9//9 11//9
f 10//10 11//10 12//10
f 12//11 11//11 13//11
f 12//12 13//12 14//12
f 14//13 13//13 15//13
f 14//14 15//14 16//14
f 16//15 15//15 17//15
f 16//16 17//16 18//16
f 18//17 17//17 19//17
f 18//18 19//18 20//18
f 20//19 19//19 21//19
f 20//20 21//20 22//20
f 2//21 23//21 24//21
f 2//22 24//22 3//22
f 3//23 24//23 25//23
f 3//11 25//11 5//11
f 5//24 25//24 26//24
f 5//25 26//25 7//25
f 7//18 26//18 27//18
f 7//26 27//26 9//26
f 9//27 27//27 28//27
f 9//28 28//28 11//28
f 11//29 28//29 29//29
f 11//30 29//30 13//30
f 13//28 29//28 30//28
f 13//13 30//13 15//13
f 15//2 30//2 31//2
f 15//2 31//2 17//2
f 17//31 31//31 32//31
f 17//32 32//32 19//32
f 19//32 32//32 33//32
f 19//31 33//31 21//31
f 23//33 34//33 35//33
f 23//34 35//34 24//34
f 24//31 35//31 36//31
f 24//23 36//23 25//23
f 25//35 36//35 37//35
f 25//36 37//36 26//36
f 26//37 37//37 38//37
f 26//18 38//18 27//18
f 27//28 38//28 39//28
f 27//27 39//27 28//27
f 28//38 39//38 40//38
f 28//39 40//39 29//39
f 29//40 40//40 41//40
f 29//41 41//41 30//41
f 30//42 41//42 42//42
f 30//2 42//2 31//2
f 31//12 42//12 43//12
f 31//31 43//31 32//31
f 32//43 43//43 44//43
f 32//44 44//44 33//44
f 34//45 45//45 46//45
f 34//46 46//46 35//46
f 35//14 46//14 47//14
f 35//47 47//47 36//47
f 36//48 47//48 48//48
f 36//49 48//49 37//49
f 37//50 48//50 49//50
f 37//27 49//27 38//27
f 38//27 49//27 50//27
f 38//28 50//28 39//28
f 39//51 50//51 51//51
f 39//38 51//38 40//38
f 40//13 51//13 52//13
f 40//13 52//13 41//13
f 41//52 52//52 53//52
f 41//53 53//53 42//53
f 42//32 53//32 54//32
f 42//12 54//12 43//12
f 43//33 54//33 55//33
f 43//43 55//43 44//43
f 45//54 56//54 57//54
f 45//55 57//55 46//55
f 46//56 57//56 58//56
f 46//57 58//57 47//57
f 47//58 58//58 59//58
f 47//59 59//59 48//59
f 48//60 59//60 60//60
f 48//61 60//61 49//61
f 49//62 60//62 61//62
f 49//63 61//63 50//63
f 50//60 61//60 62//60
f 50//64 62//64 51//64
f 51//65 62//65 63//65
f 51//66 63//66 52//66
f 52//67 63//67 64//67
f 52//52 64//52 53//52
f 53//33 64//33 65//33
f 53//68 65//68 54//68
f 54//68 65//68 66//68
f 54//33 66//33 55//33
f 56//69 67//69 68//69
f 56//70 68//70 57//70
f 57//23 68//23 69//23
f 57//71 69//71 58//71
f 58//72 69//72 70//72
f 58//58 70//58 59//58
f 59//73 70//73 71//73
f 59//33 71//33 60//33
f 60//74 71//74 72//74
f 60//62 72//62 61//62
f 61//73 72//73 73//73
f 61//33 73//33 62//33
f 62//52 73//52 74//52
f 62//52 74//52 63//52
f 63//13 74//13 75//13
f 63//75 75//75 64//75
f 64//76 75//76 76//76
f 64//33 76//33 65//33
f 65//33 76//33 77//33
f 65//68 77//68 66//68
f 67//77 78//77 79//77
f 67//78 79//78 68//78
f 68//79 79//79 80//79
f 68//80 80//80 69//80
f 69//81 80//81 81//81
f 69//82 81//82 70//82
f 70//73 81//73 82//73
f 70//73 82//73 71//73
f 71//83 82//83 83//83
f 71//84 83//84 72//84
f 72//85 83//85 84//85
f 72//86 84//86 73//86
f 73//87 84//87 85//87
f 73//52 85//52 74//52
f 74//13 85//13 86//13
f 74//13 86//13 75//13
f 75//3 86//3 87//3
f 75//88 87//88 76//88
f 76//89 87//89 88//89
f 76//33 88//33 77//33
f 78//90 89//90 90//90
f 78//87 90//87 79//87
f 79//91 90//91 91//91
f 79//75 91//75 80//75
f 80//92 91//92 92//92
f 80//93 92//93 81//93
f 81//22 92//22 93//22
f 81//94 93//94 82//94
f 82//95 93//95 94//95
f 82//96 94//96 83//96
f 83//97 94//97 95//97
f 83//98 95//98 84//98
f 84//83 95//83 96//83
f 84//46 96//46 85//46
f 85//99 96//99 97//99
f 85//100 97//100 86//100
f 86//101 97//101 98//101
f 86//101 98//101 87//101
f 87//101 98//101 99//101
f 87//64 99//64 88//64
f 89//78 100//78 101//78
f 89//58 101//58 90//58
f 90//4 101//4 102//4
f 90//3 102//3 91//3
f 91//74 102//74 103//74
f 91//62 103//62 92//62
f 92//98 103//98 104//98
f 92//102 104//102 93//102
f 93//100 104//100 105//100
f 93//58 105//58 94//58
f 94//73 105//73 106//73
f 94//73 106//73 95//73
f 95//22 106//22 107//22
f 95//13 107//13 96//13
f 96//78 107//78 108//78
f 96//99 108//99 97//99
f 97//30 108//30 109//30
f 97//30 109//30 98//30
f 98//103 109//103 110//103
f 98//3 110//3 99//3
f 100//104 111//104 112//104
f 100//104 112//104 101//104
f 101//4 112//4 113//4
f 101//4 113//4 102//4
f 102//93 113//93 114//93
f 102//93 114//93 103//93
f 103//98 114//98 115//98
f 103//98 115//98 104//98
f 104//22 115//22 116//22
f 104//13 116//13 105//13
f 105//105 116//105 117//105
f 105//105 117//105 106//105
f 106//13 117//13 118//13
f 106//22 118//22 107//22
f 107//58 118//58 119//58
f 107//78 119//78 108//78
f 108//3 119//3 120//3
f 108//3 120//3 109//3
f 109//3 120//3 121//3
f 109//103 121//103 110//103
f 122//106 123//106 124//106
f 122//107 124//107 125//107
f 125//108 124//108 126//108
f 125//109 126//109 127//109
f 127//110 126//110 128//110
f 127//110 128//110 129//110
f 129//111 128//111 130//111
f 129//111 130//111 131//111
f 131//112 130//112 132//112
f 131//113 132//113 133//113
f 133//114 132//114 134//114
f 133//115 134//115 135//115
f 135//116 134//116 136//116
f 135//117 136//117 137//117
f 137//118 136//118 138//118
f 137//119 138//119 139//119
f 139//120 138//120 140//120
f 139//121 140//121 141//121
f 141//122 140//122 142//122
f 141//120 142//120 143//120
f 123//123 144//123 145//123
f 123//110 145//110 124//110
f 124//124 145//124 146//124
f 124//125 146//125 126//125
f 126//126 146//126 147//126
f 126//127 147//127 128//127
f 128//128 147//128 148//128
f 128//129 148//129 130//129
f 130//130 148//130 149//130
f 130//131 149//131 132//131
f 132//132 149//132 150//132
f 132//133 150//133 134//133
f 134//134 150//134 151//134
f 134//135 151//135 136//135
f 136//136 151//136 152//136
f 136//137 152//137 138//137
f 138//138 152//138 153//138
f 138//138 153//138 140//138
f 140//139 153//139 154//139
f 140//140 154//140 142//140
f 144//141 155//141 156//141
f 144//142 156//142 145//142
f 145//125 156//125 157//125
f 145//124 157//124 146//124
f 146//143 157//143 158//143
f 146//144 158//144 147//144
f 147//145 158//145 159//145
f 147//146 159//146 148//146
f 148//147 159//147 160//147
f 148//148 160//148 149//148
f 149//149 160//149 161//149
f 149//109 161//109 150//109
f 150//150 161//150 162//150
f 150//151 162//151 151//151
f 151//152 162//152 163//152
f 151//153 163//153 152//153
f 152//154 163//154 164//154
f 152//155 164//155 153//155
f 153//156 164//156 165//156
f 153//157 165//157 154//157
f 155//155 166//155 167//155
f 155//158 167//158 156//158
f 156//159 167//159 168//159
f 156//108 168//108 157//108
f 157//160 168//160 169//160
f 157//143 169//143 158//143
f 158//109 169//109 170//109
f 158//133 170//133 159//133
f 159//161 170//161 171//161
f 159//162 171//162 160//162
f 160//163 171//163 172//163
f 160//164 172//164 161//164
f 161//165 172//165 173//165
f 161//166 173//166 162//166
f 162//167 173//167 174//167
f 162//168 174//168 163//168
f 163//169 174//169 175//169
f 163//170 175//170 164//170
f 164//121 175//121 176//121
f 164//121 176//121 165//121
f 166//171 177//171 178//171
f 166//172 178//172 167//172
f 167//173 178//173 179//173
f 167//173 179//173 168//173
f 168//172 179//172 180//172
f 168//174 180//174 169//174
f 169//132 180//132 181//132
f 169//109 181//109 170//109
f 170//175 181//175 182//175
f 170//176 182//176 171//176
f 171//177 182//177 183//177
f 171//178 183//178 172//178
f 172//179 183//179 184//179
f 172//180 184//180 173//180
f 173//181 184//181 185//181
f 173//181 185//181 174//181
f 174//182 185//182 186//182
f 174//183 186//183 175//183
f 175//184 186//184 187//184
f 175//121 187//121 176//121
f 177//185 188//185 189//185
f 177//186 189//186 178//186
f 178//187 189//187 190//187
f 178//159 190//159 179//159
f 179//158 190//158 191//158
f 179//172 191//172 180//172
f 180//188 191//188 192//188
f 180//189 192//189 181//189
f 181//190 192//190 193//190
f 181//191 193//191 182//191
f 182//192 193//192 194//192
f 182//177 194//177 183//177
f 183//176 194//176 195//176
f 183//176 195//176 184//176
f 184//137 195//137 196//137
f 184//137 196//137 185//137
f 185//122 196//122 197//122
f 185//122 197//122 186//122
f 186//193 197//193 198//193
f 186//194 198//194 187//194
f 188//172 199//172 200//172
f 188//195 200//195 189//195
f 189//196 200//196 201//196
f 189//197 201//197 190//197
f 190//198 201//198 202//198
f 190//141 202//141 191//141
f 191//171 202//171 203//171
f 191//199 203//199 192//199
f 192//200 203//200 204//200
f 192//201 204//201 193//201
f 193//202 204//202 205//202
f 193//203 205//203 194//203
f 194//204 205//204 206//204
f 194//205 206//205 195//205
f 195//110 206//110 207//110
f 195//110 207//110 196//110
f 196//206 207//206 208//206
f 196//207 208//207 197//207
f 197//208 208//208 209//208
f 197//209 209//209 198//209
f 199//171 210//171 211//171
f 199//172 211//172 200//172
f 200//187 211//187 212//187
f 200//210 212//210 201//210
f 201//211 212//211 213//211
f 201//212 213//212 202//212
f 202//212 213//212 214//212
f 202//213 214//213 203//213
f 203//214 214//214 215//214
f 203//214 215//214 204//214
f 204//176 215//176 216//176
f 204//176 216//176 205//176
f 205//215 216//215 217//215
f 205//215 217//215 206//215
f 206//137 217//137 218//137
f 206//137 218//137 207//137
f 207//216 218//216 219//216
f 207//166 219//166 208//166
f 208//166 219//166 220//166
f 208//217 220//217 209//217
f 210//218 221//218 222//218
f 210//219 222//219 211//219
f 211//220 222//220 223//220
f 211//221 223//221 212//221
f 212//200 223//200 224//200
f 212//222 224//222 213//222
f 213//223 224//223 225//223
f 213//224 225//224 214//224
f 214//214 225//214 226//214
f 214//214 226//214 215//214
f 215//176 226//176 227//176
f 215//176 227//176 216//176
f 216//216 227//216 228//216
f 216//225 228//225 217//225
f 217//226 228//226 229//226
f 217//227 229//227 218//227
f 218//166 229//166 230//166
f 218//216 230//216 219//216
f 219//121 230//121 231//121
f 219//121 231//121 220//121
f 221//228 232//228 233//228
f 221//229 233//229 222//229
f 222//230 233//230 234//230
f 222//220 234//220 223//220
f 223//231 234//231 235//231
f 223//214 235//214 224//214
f 224//232 235//232 236//232
f 224//232 236//232 225//232
f 225//232 236//232 237//232
f 225//233 237//233 226//233
f 226//234 237//234 238//234
f 226//161 238//161 227//161
f 227//235 238//235 239//235
f 227//236 239//236 228//236
f 228//237 239//237 240//237
f 228//238 240//238 229//238
f 229//239 240//239 241//239
f 229//121 241//121 230//121
f 230//193 241//193 242//193
f 230//240 242//240 231//240
f 111//241 243//241 244//241
f 111//242 244//242 112//242
f 112//243 244//243 245//243
f 112//244 245//244 113//244
f 113//245 245//245 246//245
f 113//246 246//246 114//246
f 114//247 246//247 247//247
f 114//247 247//247 115//247
f 243//248 248//248 249//248
f 243//249 249//249 244//249
f 244//243 249//243 250//243
f 244//243 250//243 245//243
f 248//250 251//250 252//250
f 248//251 252//251 249//251
f 251//252 253//252 254//252
f 251//253 254//253 252//253
f 253//254 255//254 256//254
f 253//255 256//255 254//255
f 255//256 257//256 258//256
f 255//257 258//257 256//257
f 256//258 258//258 259//258
f 256//259 259//259 260//259
f 257//260 261//260 262//260
f 257//260 262//260 258//260
f 258//261 262//261 263//261
f 258//262 263//262 259//262
f 261//263 264//263 265//263
f 261//263 265//263 262//263
f 262//264 265//264 266//264
f 262//265 266//265 263//265
f 263//266 266//266 267//266
f 263//260 267//260 268//260
f 268//267 267//267 269//267
f 268//267 269//267 270//267
f 270//268 269//268 271//268
f 270//269 271//269 272//269
f 272//270 271//270 273//270
f 272//271 273//271 274//271
f 274//272 273//272 275//272
f 274//273 275//273 276//273
f 276//274 275//274 277//274
f 276//275 277//275 278//275
f 278//276 277//276 279//276
f 278//277 279//277 280//277
f 280//278 279//278 281//278
f 280//279 281//279 282//279
f 264//280 283//280 284//280
f 264//260 284//260 265//260
f 265//281 284//281 285//281
f 265//282 285//282 266//282
f 266//283 285//283 286//283
f 266//284 286//284 267//284
f 267//285 286//285 287//285
f 267//286 287//286 269//286
f 269//287 287//287 288//287
f 269//268 288//268 271//268
f 271//288 288//288 289//288
f 271//289 289//289 273//289
f 273//290 289//290 290//290
f 273//272 290//272 275//272
f 275//291 290//291 291//291
f 275//291 291//291 277//291
f 277//292 291//292 292//292
f 277//292 292//292 279//292
f 279//293 292//293 293//293
f 279//294 293//294 281//294
f 283//295 122//295 125//295
f 283//295 125//295 284//295
f 284//296 125//296 127//296
f 284//296 127//296 285//296
f 285//297 127//297 129//297
f 285//298 129//298 286//298
f 286//299 129//299 131//299
f 286//300 131//300 287//300
f 287//295 131//295 133//295
f 287//287 133//287 288//287
f 288//301 133//301 135//301
f 288//288 135//288 289//288
f 289//302 135//302 137//302
f 289//303 137//303 290//303
f 290//304 137//304 139//304
f 290//305 139//305 291//305
f 291//267 139//267 141//267
f 291//306 141//306 292//306
f 292//307 141//307 143//307
f 292//293 143//293 293//293
f 121//308 294//308 295//308
f 121//309 295//309 110//309
f 110//310 295//310 296//310
f 110//310 296//310 99//310
f 99//311 296//311 297//311
f 99//312 297//312 88//312
f 88//313 297//313 298//313
f 88//314 298//314 77//314
f 77//314 298//314 299//314
f 77//315 299//315 66//315
f 66//316 299//316 300//316
f 66//310 300//310 55//310
f 55//317 300//317 301//317
f 55//318 301//318 44//318
f 44//309 301//309 302//309
f 44//319 302//319 33//319
f 33//320 302//320 303//320
f 33//318 303//318 21//318
f 21//321 303//321 304//321
f 21//322 304//322 22//322
f 299//323 305//323 306//323
f 299//324 306//324 300//324
f 300//325 306//325 307//325
f 300//326 307//326 301//326
f 301//327 307//327 308//327
f 301//327 308//327 302//327
f 302//326 308//326 309//326
f 302//326 309//326 303//326
f 303//328 309//328 310//328
f 303//329 310//329 304//329
f 305//330 311//330 312//330
f 305//331 312//331 306//331
f 306//332 312//332 313//332
f 306//333 313//333 307//333
f 307//334 313//334 314//334
f 307//335 314//335 308//335
f 308//336 314//336 315//336
f 308//331 315//331 309//331
f 309//337 315//337 316//337
f 309//338 316//338 310//338
f 311//339 317//339 318//339
f 311//340 318//340 312//340
f 312//341 318//341 319//341
f 312//340 319//340 313//340
f 313//342 319//342 320//342
f 313//342 320//342 314//342
f 314//341 320//341 321//341
f 314//342 321//342 315//342
f 315//342 321//342 322//342
f 315//337 322//337 316//337
f 317//343 323//343 324//343
f 317//344 324//344 318//344
f 318//345 324//345 325//345
f 318//345 325//345 319//345
f 319//345 325//345 326//345
f 319//334 326//334 320//334
f 320//346 326//346 327//346
f 320//330 327//330 321//330
f 321//347 327//347 328//347
f 321//348 328//348 322//348
f 323//349 329//349 330//349
f 323//350 330//350 324//350
f 324//351 330//351 331//351
f 324//332 331//332 325//332
f 325//352 331//352 332//352
f 325//352 332//352 326//352
f 326//353 332//353 333//353
f 326//354 333//354 327//354
f 327//355 333//355 334//355
f 327//333 334//333 328//333
f 335//356 336//356 337//356
f 335//357 337//357 329//357
f 329//358 337//358 338//358
f 329//359 338//359 330//359
f 330//360 338//360 339//360
f 330//351 339//351 331//351
f 331//361 339//361 340//361
f 331//345 340//345 332//345
f 332//362 340//362 341//362
f 332//344 341//344 333//344
f 333//363 341//363 342//363
f 333//364 342//364 334//364
f 343//365 344//365 345//365
f 343//366 345//366 346//366
f 346//352 345//352 347//352
f 346//352 347//352 348//352
f 348//366 347//366 349//366
f 348//367 349//367 336//367
f 336//342 349//342 350//342
f 336//368 350//368 337//368
f 337//369 350//369 351//369
f 337//370 351//370 338//370
f 338//371 351//371 352//371
f 338//372 352//372 339//372
f 339//373 352//373 353//373
f 339//374 353//374 340//374
f 340//375 353//375 354//375
f 340//376 354//376 341//376
f 341//377 354//377 355//377
f 341//378 355//378 342//378
f 281//379 293//379 356//379
f 281//372 356//372 344//372
f 344//352 356//352 357//352
f 344//380 357//380 345//380
f 345//381 357//381 358//381
f 345//382 358//382 347//382
f 347//383 358//383 359//383
f 347//384 359//384 349//384
f 349//385 359//385 360//385
f 349//386 360//386 350//386
f 350//387 360//387 361//387
f 350//369 361//369 351//369
f 351//368 361//368 362//368
f 351//388 362//388 352//388
f 352//389 362//389 363//389
f 352//325 363//325 353//325
f 353//336 363//336 364//336
f 353//390 364//390 354//390
f 354//337 364//337 365//337
f 354//377 365//377 355//377
f 293//391 143//391 142//391
f 293//392 142//392 356//392
f 356//393 142//393 154//393
f 356//394 154//394 357//394
f 357//395 154//395 165//395
f 357//395 165//395 358//395
f 358//330 165//330 176//330
f 358//396 176//396 359//396
f 359//397 176//397 187//397
f 359//398 187//398 360//398
f 360//399 187//399 198//399
f 360//399 198//399 361//399
f 361//359 198//359 209//359
f 361//368 209//368 362//368
f 362//400 209//400 220//400
f 362//401 220//401 363//401
f 363//382 220//382 231//382
f 363//382 231//382 364//382
f 364//402 231//402 242//402
f 364//403 242//403 365//403
f 22//404 304//404 366//404
f 22//405 366//405 20//405
f 20//406 366//406 367//406
f 20//407 367//407 18//407
f 18//408 367//408 368//408
f 18//409 368//409 16//409
f 16//410 368//410 369//410
f 16//411 369//411 14//411
f 14//412 369//412 370//412
f 14//413 370//413 12//413
f 12//414 370//414 371//414
f 12//415 371//415 10//415
f 10//416 371//416 372//416
f 10//417 372//417 8//417
f 8//418 372//418 373//418
f 8//419 373//419 6//419
f 6//420 373//420 374//420
f 6//421 374//421 4//421
f 4//422 374//422 375//422
f 4//423 375//423 1//423
f 304//424 310//424 376//424
f 304//424 376//424 366//424
f 366//425 376//425 377//425
f 366//426 377//426 367//426
f 367//414 377//414 378//414
f 367//427 378//427 368//427
f 368//428 378//428 379//428
f 368//410 379//410 369//410
f 369//429 379//429 380//429
f 369//430 380//430 370//430
f 370//431 380//431 381//431
f 370//432 381//432 371//432
f 371//433 381//433 382//433
f 371//434 382//434 372//434
f 372//435 382//435 383//435
f 372//436 383//436 373//436
f 373//437 383//437 384//437
f 373//437 384//437 374//437
f 374//423 384//423 385//423
f 374//422 385//422 375//422
f 310//438 316//438 386//438
f 310//439 386//439 376//439
f 376//426 386//426 387//426
f 376//425 387//425 377//425
f 377//440 387//440 388//440
f 377//441 388//441 378//441
f 378//442 388//442 389//442
f 378//443 389//443 379//443
f 379//444 389//444 390//444
f 379//445 390//445 380//445
f 380//446 390//446 391//446
f 380//431 391//431 381//431
f 381//447 391//447 392//447
f 381//448 392//448 382//448
f 382//449 392//449 393//449
f 382//450 393//450 383//450
f 383//451 393//451 394//451
f 383//452 394//452 384//452
f 384//453 394//453 395//453
f 384//454 395//454 385//454
f 316//455 322//455 396//455
f 316//455 396//455 386//455
f 386//425 396//425 397//425
f 386//426 397//426 387//426
f 387//456 397//456 398//456
f 387//457 398//457 388//457
f 388//458 398//458 399//458
f 388//459 399//459 389//459
f 389//460 399//460 400//460
f 389//461 400//461 390//461
f 390//462 400//462 401//462
f 390//446 401//446 391//446
f 391//463 401//463 402//463
f 391//463 402//463 392//463
f 392//464 402//464 403//464
f 392//465 403//465 393//465
f 393//466 403//466 404//466
f 393//467 404//467 394//467
f 394//468 404//468 405//468
f 394//469 405//469 395//469
f 322//470 328//470 406//470
f 322//471 406//471 396//471
f 396//472 406//472 407//472
f 396//473 407//473 397//473
f 397//474 407//474 408//474
f 397//475 408//475 398//475
f 398//476 408//476 409//476
f 398//477 409//477 399//477
f 399//478 409//478 410//478
f 399//479 410//479 400//479
f 400//480 410//480 411//480
f 400//481 411//481 401//481
f 401//482 411//482 412//482
f 401//483 412//483 402//483
f 402//484 412//484 413//484
f 402//485 413//485 403//485
f 403//486 413//486 414//486
f 403//487 414//487 404//487
f 404//488 414//488 415//488
f 404//489 415//489 405//489
f 328//490 334//490 416//490
f 328//491 416//491 406//491
f 408//492 417//492 418//492
f 408//493 418//493 409//493
f 409//494 418//494 419//494
f 409//495 419//495 410//495
f 411//496 420//496 421//496
f 411//497 421//497 412//497
f 412//498 421//498 422//498
f 412//499 422//499 413//499
f 413//500 422//500 423//500
f 413//501 423//501 414//501
f 414//502 423//502 424//502
f 414//503 424//503 415//503
f 334//504 342//504 425//504
f 334//505 425//505 416//505
f 417//506 426//506 427//506
f 417//507 427//507 418//507
f 418//508 427//508 428//508
f 418//509 428//509 419//509
f 420//510 429//510 430//510
f 420//511 430//511 421//511
f 421//512 430//512 431//512
f 421//513 431//513 422//513
f 422//514 431//514 432//514
f 422//515 432//515 423//515
f 423//516 432//516 433//516
f 423//517 433//517 424//517
f 342//518 355//518 434//518
f 342//519 434//519 425//519
f 425//520 434//520 435//520
f 425//521 435//521 436//521
f 436//522 435//522 437//522
f 436//523 437//523 426//523
f 426//524 437//524 438//524
f 426//506 438//506 427//506
f 427//429 438//429 439//429
f 427//525 439//525 428//525
f 428//526 439//526 440//526
f 428//527 440//527 429//527
f 429//528 440//528 441//528
f 429//529 441//529 430//529
f 430//530 441//530 442//530
f 430//531 442//531 431//531
f 431//532 442//532 443//532
f 431//533 443//533 432//533
f 432//534 443//534 444//534
f 432//535 444//535 433//535
f 355//536 365//536 445//536
f 355//537 445//537 434//537
f 434//538 445//538 446//538
f 434//539 446//539 435//539
f 435//540 446//540 447//540
f 435//541 447//541 437//541
f 437//542 447//542 448//542
f 437//543 448//543 438//543
f 438//544 448//544 449//544
f 438//545 449//545 439//545
f 439//546 449//546 450//546
f 439//547 450//547 440//547
f 440//548 450//548 451//548
f 440//549 451//549 441//549
f 441//550 451//550 452//550
f 441//551 452//551 442//551
f 442//552 452//552 453//552
f 442//553 453//553 443//553
f 443//554 453//554 454//554
f 443//555 454//555 444//555
f 365//556 242//556 241//556
f 365//556 241//556 445//556
f 445//557 241//557 240//557
f 445//558 240//558 446//558
f 446//559 240//559 239//559
f 446//560 239//560 447//560
f 447//561 239//561 238//561
f 447//562 238//562 448//562
f 448//563 238//563 237//563
f 448//564 237//564 449//564
f 449//565 237//565 236//565
f 449//566 236//566 450//566
f 450//567 236//567 235//567
f 450//568 235//568 451//568
f 451//569 235//569 234//569
f 451//570 234//570 452//570
f 452//552 234//552 233//552
f 452//552 233//552 453//552
f 453//571 233//571 232//571
f 453//571 232//571 454//571
f 1//572 375//572 455//572
f 1//573 455//573 2//573
f 2//574 455//574 456//574
f 2//575 456//575 23//575
f 23//576 456//576 457//576
f 23//577 457//577 34//577
f 34//578 457//578 458//578
f 34//578 458//578 45//578
f 45//579 458//579 459//579
f 45//580 459//580 56//580
f 56//581 459//581 460//581
f 56//582 460//582 67//582
f 67//583 460//583 461//583
f 67//584 461//584 78//584
f 78//585 461//585 462//585
f 78//585 462//585 89//585
f 89//586 462//586 463//586
f 89//587 463//587 100//587
f 100//588 463//588 243//588
f 100//588 243//588 111//588
f 375//589 385//589 464//589
f 375//572 464//572 455//572
f 455//582 464//582 465//582
f 455//582 465//582 456//582
f 456//572 465//572 466//572
f 456//590 466//590 457//590
f 457//591 466//591 467//591
f 457//592 467//592 458//592
f 458//592 467//592 468//592
f 458//593 468//593 459//593
f 459//578 468//578 469//578
f 459//588 469//588 460//588
f 460//594 469//594 470//594
f 460//595 470//595 461//595
f 461//592 470//592 471//592
f 461//585 471//585 462//585
f 462//596 471//596 472//596
f 462//597 472//597 463//597
f 463//598 472//598 248//598
f 463//599 248//599 243//599
f 385//600 395//600 473//600
f 385//601 473//601 464//601
f 464//597 473//597 474//597
f 464//574 474//574 465//574
f 465//602 474//602 475//602
f 465//575 475//575 466//575
f 466//575 475//575 476//575
f 466//586 476//586 467//586
f 467//603 476//603 477//603
f 467//572 477//572 468//572
f 468//604 477//604 478//604
f 468//582 478//582 469//582
f 469//582 478//582 479//582
f 469//594 479//594 470//594
f 470//594 479//594 480//594
f 470//590 480//590 471//590
f 471//605 480//605 481//605
f 471//596 481//596 472//596
f 472//589 481//589 251//589
f 472//598 251//598 248//598
f 395//606 405//606 482//606
f 395//607 482//607 473//607
f 473//608 482//608 483//608
f 473//609 483//609 474//609
f 474//610 483//610 484//610
f 474//611 484//611 475//611
f 475//612 484//612 485//612
f 475//613 485//613 476//613
f 476//614 485//614 486//614
f 476//615 486//615 477//615
f 477//616 486//616 487//616
f 477//617 487//617 478//617
f 478//618 487//618 488//618
f 478//619 488//619 479//619
f 479//620 488//620 489//620
f 479//621 489//621 480//621
f 480//622 489//622 490//622
f 480//623 490//623 481//623
f 481//624 490//624 253//624
f 481//625 253//625 251//625
f 405//626 415//626 491//626
f 405//627 491//627 482//627
f 482//586 491//586 492//586
f 482//628 492//628 483//628
f 483//629 492//629 493//629
f 483//630 493//630 484//630
f 484//631 493//631 494//631
f 484//632 494//632 485//632
f 485//590 494//590 495//590
f 485//633 495//633 486//633
f 486//578 495//578 496//578
f 486//634 496//634 487//634
f 487//635 496//635 497//635
f 487//636 497//636 488//636
f 488//582 497//582 498//582
f 488//595 498//595 489//595
f 489//592 498//592 499//592
f 489//579 499//579 490//579
f 490//637 499//637 255//637
f 490//638 255//638 253//638
f 415//639 424//639 500//639
f 415//640 500//640 491//640
f 491//641 500//641 501//641
f 491//591 501//591 492//591
f 492//642 501//642 502//642
f 492//643 502//643 493//643
f 493//599 502//599 503//599
f 493//644 503//644 494//644
f 494//645 503//645 504//645
f 494//576 504//576 495//576
f 495//575 504//575 505//575
f 495//574 505//574 496//574
f 496//646 505//646 506//646
f 496//635 506//635 497//635
f 497//599 506//599 507//599
f 497//578 507//578 498//578
f 498//647 507//647 508//647
f 498//576 508//576 499//576
f 499//576 508//576 257//576
f 499//648 257//648 255//648
f 424//642 433//642 509//642
f 424//639 509//639 500//639
f 500//576 509//576 510//576
f 500//641 510//641 501//641
f 501//641 510//641 511//641
f 501//649 511//649 502//649
f 502//650 511//650 512//650
f 502//590 512//590 503//590
f 503//651 512//651 513//651
f 503//652 513//652 504//652
f 504//653 513//653 514//653
f 504//653 514//653 505//653
f 505//654 514//654 515//654
f 505//655 515//655 506//655
f 506//650 515//650 516//650
f 506//580 516//580 507//580
f 507//581 516//581 517//581
f 507//656 517//656 508//656
f 508//640 517//640 261//640
f 508//657 261//657 257//657
f 433//657 444//657 518//657
f 433//642 518//642 509//642
f 509//572 518//572 519//572
f 509//572 519//572 510//572
f 510//572 519//572 520//572
f 510//658 520//658 511//658
f 511//659 520//659 521//659
f 511//660 521//660 512//660
f 512//661 521//661 522//661
f 512//662 522//662 513//662
f 513//663 522//663 523//663
f 513//664 523//664 514//664
f 514//664 523//664 524//664
f 514//665 524//665 515//665
f 515//666 524//666 525//666
f 515//667 525//667 516//667
f 516//668 525//668 526//668
f 516//657 526//657 517//657
f 517//669 526//669 264//669
f 517//670 264//670 261//670
f 444//671 454//671 527//671
f 444//599 527//599 518//599
f 518//672 527//672 528//672
f 518//673 528//673 519//673
f 519//673 528//673 529//673
f 519//673 529//673 520//673
f 520//674 529//674 530//674
f 520//675 530//675 521//675
f 521//648 530//648 531//648
f 521//661 531//661 522//661
f 522//676 531//676 532//676
f 522//677 532//677 523//677
f 523//678 532//678 533//678
f 523//572 533//572 524//572
f 524//679 533//679 534//679
f 524//680 534//680 525//680
f 525//650 534//650 535//650
f 525//681 535//681 526//681
f 526//682 535//682 283//682
f 526//683 283//683 264//683
f 454//648 232//648 221//648
f 454//684 221//684 527//684
f 527//684 221//684 210//684
f 527//685 210//685 528//685
f 528//686 210//686 199//686
f 528//687 199//687 529//687
f 529//688 199//688 188//688
f 529//689 188//689 530//689
f 530//690 188//690 177//690
f 530//648 177//648 531//648
f 531//671 177//671 166//671
f 531//691 166//691 532//691
f 532//692 166//692 155//692
f 532//693 155//693 533//693
f 533//671 155//671 144//671
f 533//694 144//694 534//694
f 534//695 144//695 123//695
f 534//667 123//667 535//667
f 535//696 123//696 122//696
f 535//696 122//696 283//696
f 536//697 115//697 537//697
f 538//698 537//698 115//698
f 115//699 539//699 540//699
f 115//700 536//700 539//700
f 541//701 542//701 115//701
f 543//702 542//702 541//702
f 542//703 538//703 115//703
f 541//704 115//704 247//704
f 116//705 115//705 540//705
f 544//706 116//706 545//706
f 540//707 545//707 116//707
f 116//708 546//708 547//708
f 116//709 544//709 546//709
f 548//710 116//710 549//710
f 550//711 549//711 116//711
f 116//712 551//712 550//712
f 551//713 116//713 552//713
f 553//714 554//714 116//714
f 555//715 553//715 556//715
f 553//716 116//716 556//716
f 556//717 116//717 548//717
f 557//718 558//718 116//718
f 116//719 547//719 559//719
f 559//720 560//720 116//720
f 116//721 561//721 552//721
f 558//722 562//722 116//722
f 561//723 116//723 562//723
f 557//724 116//724 560//724
f 117//725 116//725 554//725
f 563//726 117//726 564//726
f 554//727 564//727 117//727
f 117//728 565//728 566//728
f 567//729 565//729 117//729
f 563//730 567//730 117//730
f 568//731 117//731 569//731
f 570//732 569//732 117//732
f 117//733 571//733 572//733
f 117//734 568//734 571//734
f 573//735 570//735 117//735
f 566//736 573//736 117//736
f 118//737 117//737 572//737
f 118//738 574//738 575//738
f 576//739 118//739 575//739
f 572//740 574//740 118//740
f 118//741 577//741 578//741
f 118//742 579//742 577//742
f 118//743 576//743 579//743
f 580//744 118//744 581//744
f 582//745 581//745 118//745
f 118//746 580//746 583//746
f 118//747 583//747 584//747
f 585//748 118//748 584//748
f 118//749 578//749 586//749
f 118//750 586//750 582//750
f 585//751 119//751 118//751
f 587//752 119//752 588//752
f 588//753 119//753 585//753
f 589//754 119//754 587//754
f 119//755 590//755 591//755
f 592//756 119//756 593//756
f 591//757 593//757 119//757
f 589//758 590//758 119//758
f 594//759 119//759 595//759
f 596//760 595//760 119//760
f 119//761 597//761 596//761
f 597//762 119//762 598//762
f 119//763 599//763 600//763
f 119//764 601//764 602//764
f 594//765 599//765 119//765
f 119//766 600//766 601//766
f 603//767 119//767 602//767
f 604//768 119//768 605//768
f 119//769 604//769 598//769
f 119//770 603//770 606//770
f 604//771 607//771 598//771
f 605//772 119//772 592//772
f 120//773 119//773 606//773
f 120//774 608//774 609//774
f 610//775 120//775 609//775
f 606//776 608//776 120//776
f 120//777 610//777 611//777
f 120//778 612//778 613//778
f 614//779 612//779 120//779
f 120//780 611//780 614//780
f 615//781 120//781 613//781
f 616//782 120//782 615//782
f 120//783 616//783 617//783
f 618//784 619//784 120//784
f 617//785 618//785 120//785
f 620//786 120//786 619//786
f 621//787 622//787 120//787
f 622//788 621//788 623//788
f 624//789 625//789 120//789
f 625//790 294//790 120//790
f 624//791 120//791 622//791
f 620//792 621//792 120//792
f 626//793 245//793 627//793
f 628//794 627//794 245//794
f 629//795 245//795 626//795
f 630//796 245//796 631//796
f 629//797 631//797 245//797
f 632//798 245//798 633//798
f 245//799 632//799 634//799
f 634//800 635//800 245//800
f 628//801 245//801 635//801
f 250//802 633//802 245//802
f 246//803 245//803 630//803
f 636//804 246//804 637//804
f 630//805 637//805 246//805
f 246//806 638//806 639//806
f 246//807 636//807 638//807
f 637//808 640//808 636//808
f 641//809 246//809 642//809
f 643//810 642//810 246//810
f 246//811 644//811 645//811
f 246//812 641//812 644//812
f 246//813 646//813 647//813
f 246//814 647//814 643//814
f 639//815 646//815 246//815
f 648//816 246//816 645//816
f 649//817 246//817 648//817
f 246//818 650//818 651//818
f 246//819 651//819 652//819
f 649//820 650//820 246//820
f 247//821 246//821 652//821
f 653//822 247//822 654//822
f 655//823 247//823 653//823
f 656//824 247//824 657//824
f 655//825 657//825 247//825
f 247//826 656//826 658//826
f 652//827 654//827 247//827
f 659//828 247//828 660//828
f 658//829 660//829 247//829
f 661//830 247//830 659//830
f 662//831 661//831 663//831
f 247//832 661//832 662//832
f 664//833 247//833 662//833
f 247//834 664//834 665//834
f 247//835 666//835 541//835
f 247//836 665//836 666//836
f 667//837 668//837 669//837
f 294//838 625//838 668//838
f 667//839 294//839 668//839
f 670//840 294//840 671//840
f 672//841 671//841 294//841
f 667//842 672//842 294//842
f 673//843 249//843 674//843
f 252//844 674//844 249//844
f 249//845 673//845 675//845
f 676//846 252//846 677//846
f 252//847 676//847 678//847
f 674//848 252//848 678//848
f 679//849 249//849 675//849
f 680//850 249//850 679//850
f 249//851 680//851 681//851
f 249//852 682//852 683//852
f 249//853 681//853 682//853
f 684//854 249//854 683//854
f 249//855 685//855 250//855
f 250//856 685//856 686//856
f 686//857 687//857 250//857
f 688//858 250//858 687//858
f 250//859 688//859 689//859
f 684//860 685//860 249//860
f 690//861 250//861 691//861
f 689//862 691//862 250//862
f 692//863 250//863 690//863
f 250//864 692//864 693//864
f 694//865 250//865 693//865
f 250//866 694//866 633//866
f 695//867 252//867 696//867
f 254//868 697//868 696//868
f 252//869 695//869 698//869
f 254//870 696//870 252//870
f 699//871 700//871 254//871
f 697//872 254//872 700//872
f 701//873 699//873 254//873
f 254//874 702//874 701//874
f 703//875 252//875 704//875
f 698//876 704//876 252//876
f 252//877 703//877 705//877
f 677//878 252//878 705//878
f 706//879 707//879 254//879
f 708//880 706//880 254//880
f 709//881 710//881 708//881
f 709//882 708//882 260//882
f 711//883 702//883 254//883
f 260//884 712//884 709//884
f 711//885 254//885 707//885
f 260//886 708//886 254//886
f 260//887 713//887 714//887
f 715//888 716//888 260//888
f 713//889 260//889 716//889
f 260//890 714//890 712//890
f 260//891 717//891 715//891
f 717//892 718//892 719//892
f 718//893 717//893 260//893
f 259//894 720//894 260//894
f 721//895 722//895 259//895
f 723//896 259//896 722//896
f 724//897 721//897 259//897
f 720//898 259//898 723//898
f 263//899 725//899 726//899
f 725//900 263//900 727//900
f 728//901 727//901 263//901
f 263//902 729//902 730//902
f 731//903 732//903 263//903
f 729//904 263//904 732//904
f 728//905 263//905 730//905
f 263//906 726//906 259//906
f 733//907 734//907 731//907
f 735//908 733//908 736//908
f 263//909 736//909 733//909
f 737//910 736//910 263//910
f 733//911 731//911 263//911
f 268//912 738//912 739//912
f 737//913 268//913 739//913
f 740//914 738//914 268//914
f 268//915 737//915 263//915
f 741//916 259//916 726//916
f 742//917 259//917 741//917
f 259//918 743//918 724//918
f 259//919 742//919 743//919
f 744//920 740//920 268//920
f 745//921 744//921 268//921
f 268//922 746//922 745//922
f 746//923 268//923 747//923
f 748//924 270//924 749//924
f 750//925 270//925 751//925
f 749//926 270//926 752//926
f 752//927 270//927 750//927
f 748//928 753//928 268//928
f 268//929 754//929 755//929
f 755//930 747//930 268//930
f 756//931 754//931 268//931
f 268//932 757//932 756//932
f 268//933 758//933 757//933
f 748//934 268//934 270//934
f 758//935 268//935 753//935
f 759//936 270//936 760//936
f 270//937 759//937 751//937
f 761//938 762//938 270//938
f 760//939 270//939 762//939
f 270//940 763//940 761//940
f 270//941 764//941 763//941
f 270//942 765//942 766//942
f 766//943 767//943 270//943
f 768//944 764//944 270//944
f 769//945 768//945 270//945
f 765//946 270//946 272//946
f 769//947 270//947 767//947
f 272//948 770//948 765//948
f 272//949 771//949 772//949
f 772//950 773//950 272//950
f 774//951 771//951 272//951
f 770//952 272//952 773//952
f 272//953 775//953 776//953
f 777//954 778//954 272//954
f 775//955 272//955 778//955
f 272//956 776//956 774//956
f 272//957 779//957 777//957
f 779//958 272//958 780//958
f 272//959 781//959 782//959
f 783//960 780//960 272//960
f 783//961 272//961 782//961
f 274//962 781//962 272//962
f 784//963 274//963 785//963
f 786//964 274//964 784//964
f 787//965 788//965 785//965
f 785//966 274//966 787//966
f 789//967 787//967 274//967
f 786//968 781//968 274//968
f 274//969 790//969 791//969
f 792//970 793//970 274//970
f 790//971 274//971 793//971
f 274//972 791//972 789//972
f 274//973 794//973 792//973
f 274//974 795//974 794//974
f 795//975 274//975 796//975
f 274//976 797//976 798//976
f 798//977 799//977 274//977
f 800//978 796//978 274//978
f 800//979 274//979 799//979
f 276//980 797//980 274//980
f 801//981 276//981 802//981
f 803//982 802//982 276//982
f 803//983 276//983 804//983
f 805//984 276//984 806//984
f 276//985 805//985 804//985
f 797//986 276//986 801//986
f 276//987 807//987 808//987
f 809//988 810//988 276//988
f 807//989 276//989 810//989
f 276//990 808//990 806//990
f 811//991 809//991 276//991
f 276//992 812//992 813//992
f 811//993 276//993 813//993
f 276//994 814//994 815//994
f 815//995 816//995 276//995
f 817//996 812//996 276//996
f 818//997 817//997 276//997
f 814//998 276//998 278//998
f 818//999 276//999 816//999
f 819//1000 820//1000 814//1000
f 819//1001 278//1001 821//1001
f 278//1002 822//1002 823//1002
f 823//1003 821//1003 278//1003
f 278//1004 819//1004 814//1004
f 278//1005 824//1005 825//1005
f 826//1006 827//1006 278//1006
f 824//1007 278//1007 827//1007
f 278//1008 825//1008 822//1008
f 278//1009 828//1009 829//1009
f 829//1010 826//1010 278//1010
f 830//1011 831//1011 278//1011
f 278//1012 832//1012 830//1012
f 828//1013 278//1013 831//1013
f 833//1014 834//1014 278//1014
f 832//1015 278//1015 834//1015
f 833//1016 278//1016 835//1016
f 280//1017 835//1017 278//1017
f 280//1018 836//1018 837//1018
f 838//1019 835//1019 280//1019
f 839//1020 280//1020 840//1020
f 840//1021 280//1021 841//1021
f 280//1022 839//1022 836//1022
f 280//1023 837//1023 838//1023
f 280//1024 842//1024 843//1024
f 844//1025 845//1025 280//1025
f 842//1026 280//1026 845//1026
f 280//1027 843//1027 841//1027
f 280//1028 846//1028 847//1028
f 847//1029 844//1029 280//1029
f 848//1030 280//1030 849//1030
f 849//1031 280//1031 850//1031
f 846//1032 280//1032 848//1032
f 851//1033 852//1033 280//1033
f 851//1034 280//1034 853//1034
f 853//1035 280//1035 854//1035
f 854//1036 280//1036 855//1036
f 856//1037 280//1037 852//1037
f 280//1038 856//1038 850//1038
f 857//1039 858//1039 280//1039
f 859//1040 280//1040 858//1040
f 860//1041 861//1041 862//1041
f 857//1042 280//1042 862//1042
f 280//1043 860//1043 862//1043
f 280//1044 859//1044 855//1044
f 863//1045 864//1045 282//1045
f 280//1046 864//1046 860//1046
f 865//1047 866//1047 282//1047
f 863//1048 282//1048 866//1048
f 864//1049 280//1049 282//1049
f 867//1050 865//1050 282//1050
f 670//1051 868//1051 294//1051
f 869//1052 294//1052 868//1052
f 294//1053 869//1053 870//1053
f 871//1054 294//1054 870//1054
f 295//1055 872//1055 873//1055
f 871//1056 872//1056 295//1056
f 294//1057 871//1057 295//1057
f 873//1058 874//1058 295//1058
f 875//1059 295//1059 874//1059
f 295//1060 876//1060 877//1060
f 875//1061 876//1061 295//1061
f 296//1062 295//1062 877//1062
f 296//1063 878//1063 879//1063
f 880//1064 296//1064 881//1064
f 879//1065 881//1065 296//1065
f 877//1066 878//1066 296//1066
f 882//1067 296//1067 880//1067
f 883//1068 297//1068 882//1068
f 296//1069 882//1069 297//1069
f 297//1070 884//1070 885//1070
f 886//1071 884//1071 297//1071
f 297//1072 883//1072 886//1072
f 885//1073 887//1073 297//1073
f 888//1074 297//1074 887//1074
f 889//1075 297//1075 888//1075
f 890//1076 297//1076 889//1076
f 297//1077 890//1077 298//1077
f 891//1078 298//1078 890//1078
f 298//1079 892//1079 893//1079
f 894//1080 892//1080 298//1080
f 891//1081 894//1081 298//1081
f 299//1082 298//1082 893//1082
f 895//1083 299//1083 896//1083
f 893//1084 896//1084 299//1084
f 897//1085 898//1085 299//1085
f 895//1086 897//1086 299//1086
f 299//1087 898//1087 899//1087
f 899//1088 900//1088 305//1088
f 901//1089 902//1089 305//1089
f 903//1090 901//1090 305//1090
f 899//1091 305//1091 299//1091
f 903//1092 305//1092 900//1092
f 311//1093 904//1093 905//1093
f 905//1094 906//1094 311//1094
f 305//1095 907//1095 908//1095
f 305//1096 902//1096 909//1096
f 907//1097 305//1097 909//1097
f 305//1098 908//1098 910//1098
f 311//1099 911//1099 904//1099
f 912//1100 911//1100 311//1100
f 311//1101 913//1101 912//1101
f 913//1102 311//1102 305//1102
f 913//1103 305//1103 910//1103
f 914//1104 317//1104 915//1104
f 317//1105 914//1105 916//1105
f 916//1106 917//1106 317//1106
f 918//1107 317//1107 917//1107
f 919//1108 311//1108 906//1108
f 311//1109 919//1109 920//1109
f 921//1110 915//1110 317//1110
f 311//1111 921//1111 317//1111
f 921//1112 311//1112 922//1112
f 922//1113 311//1113 920//1113
f 923//1114 323//1114 924//1114
f 323//1115 923//1115 925//1115
f 323//1116 926//1116 927//1116
f 928//1117 323//1117 927//1117
f 925//1118 926//1118 323//1118
f 317//1119 918//1119 929//1119
f 929//1120 930//1120 317//1120
f 317//1121 924//1121 323//1121
f 924//1122 317//1122 931//1122
f 930//1123 931//1123 317//1123
f 335//1124 932//1124 933//1124
f 933//1125 934//1125 335//1125
f 335//1126 935//1126 932//1126
f 936//1127 935//1127 335//1127
f 329//1128 937//1128 938//1128
f 938//1129 939//1129 329//1129
f 329//1130 936//1130 335//1130
f 939//1131 940//1131 329//1131
f 936//1132 329//1132 940//1132
f 323//1133 928//1133 941//1133
f 941//1134 942//1134 323//1134
f 323//1135 937//1135 329//1135
f 937//1136 323//1136 943//1136
f 942//1137 943//1137 323//1137
f 944//1138 867//1138 282//1138
f 945//1139 282//1139 946//1139
f 282//1140 945//1140 944//1140
f 947//1141 948//1141 343//1141
f 343//1142 949//1142 947//1142
f 346//1143 950//1143 951//1143
f 951//1144 952//1144 346//1144
f 953//1145 949//1145 343//1145
f 346//1146 954//1146 953//1146
f 343//1147 346//1147 953//1147
f 952//1148 954//1148 346//1148
f 955//1149 950//1149 346//1149
f 346//1150 956//1150 955//1150
f 957//1151 956//1151 346//1151
f 958//1152 957//1152 346//1152
f 958//1153 348//1153 959//1153
f 348//1154 958//1154 346//1154
f 960//1155 961//1155 348//1155
f 959//1156 348//1156 961//1156
f 348//1157 962//1157 960//1157
f 963//1158 336//1158 964//1158
f 965//1159 963//1159 966//1159
f 336//1160 962//1160 348//1160
f 963//1161 965//1161 336//1161
f 962//1162 336//1162 965//1162
f 335//1163 934//1163 967//1163
f 967//1164 968//1164 335//1164
f 969//1165 964//1165 336//1165
f 335//1166 968//1166 336//1166
f 969//1167 336//1167 968//1167
f 281//1168 946//1168 282//1168
f 948//1169 281//1169 343//1169
f 970//1170 971//1170 281//1170
f 946//1171 281//1171 971//1171
f 281//1172 972//1172 970//1172
f 972//1173 281//1173 948//1173
f 973//1174 416//1174 974//1174
f 975//1175 416//1175 973//1175
f 416//1176 975//1176 976//1176
f 977//1177 978//1177 416//1177
f 976//1178 977//1178 416//1178
f 979//1179 416//1179 978//1179
f 980//1180 981//1180 416//1180
f 981//1181 982//1181 416//1181
f 983//1182 416//1182 982//1182
f 984//1183 985//1183 416//1183
f 985//1184 986//1184 416//1184
f 983//1185 984//1185 416//1185
f 979//1186 980//1186 416//1186
f 987//1187 416//1187 986//1187
f 416//1188 988//1188 989//1188
f 990//1189 416//1189 989//1189
f 416//1190 991//1190 992//1190
f 416//1191 992//1191 993//1191
f 990//1192 991//1192 416//1192
f 987//1193 988//1193 416//1193
f 416//1194 994//1194 995//1194
f 416//1195 995//1195 996//1195
f 997//1196 994//1196 416//1196
f 416//1197 998//1197 999//1197
f 416//1198 1000//1198 1001//1198
f 416//1199 999//1199 1000//1199
f 416//1200 996//1200 998//1200
f 416//1201 993//1201 997//1201
f 407//1202 416//1202 1001//1202
f 407//1203 1002//1203 1003//1203
f 407//1204 1004//1204 1002//1204
f 1005//1205 407//1205 1006//1205
f 1007//1206 407//1206 1005//1206
f 1003//1207 1006//1207 407//1207
f 1007//1208 1008//1208 407//1208
f 407//1209 1009//1209 1010//1209
f 407//1210 1010//1210 1011//1210
f 407//1211 1012//1211 1013//1211
f 407//1212 1014//1212 1015//1212
f 407//1213 1013//1213 1014//1213
f 407//1214 1011//1214 1012//1214
f 1009//1215 407//1215 1008//1215
f 407//1216 1016//1216 1017//1216
f 1018//1217 407//1217 1019//1217
f 407//1218 1017//1218 1019//1218
f 1020//1219 407//1219 1021//1219
f 407//1220 1020//1220 1022//1220
f 1022//1221 1023//1221 407//1221
f 1021//1222 407//1222 1018//1222
f 1024//1223 407//1223 1025//1223
f 407//1224 1024//1224 1026//1224
f 1026//1225 1027//1225 407//1225
f 407//1226 1028//1226 1029//1226
f 1029//1227 1030//1227 407//1227
f 1025//1228 407//1228 1030//1228
f 1023//1229 1028//1229 407//1229
f 1015//1230 1016//1230 407//1230
f 1001//1231 1004//1231 407//1231
f 1031//1232 407//1232 1027//1232
f 407//1233 1031//1233 1032//1233
f 1033//1234 407//1234 1032//1234
f 407//1235 1034//1235 1035//1235
f 407//1236 1036//1236 1037//1236
f 1035//1237 1036//1237 407//1237
f 1034//1238 407//1238 1033//1238
f 1038//1239 407//1239 1037//1239
f 1039//1240 1040//1240 407//1240
f 407//1241 1041//1241 1042//1241
f 1041//1242 407//1242 1040//1242
f 1038//1243 1039//1243 407//1243
f 1043//1244 1044//1244 407//1244
f 408//1245 407//1245 1045//1245
f 1046//1246 407//1246 1044//1246
f 1043//1247 407//1247 1042//1247
f 1046//1248 1047//1248 407//1248
f 407//1249 1047//1249 1048//1249
f 407//1250 1049//1250 1050//1250
f 407//1251 1048//1251 1049//1251
f 408//1252 1051//1252 1052//1252
f 408//1253 1052//1253 1053//1253
f 1054//1254 1045//1254 407//1254
f 1050//1255 1054//1255 407//1255
f 1055//1256 1056//1256 408//1256
f 1057//1257 408//1257 1058//1257
f 1056//1258 1059//1258 408//1258
f 1053//1259 1055//1259 408//1259
f 1057//1260 1060//1260 408//1260
f 408//1261 1061//1261 1062//1261
f 1063//1262 1061//1262 408//1262
f 1060//1263 1063//1263 408//1263
f 1059//1264 1058//1264 408//1264
f 1051//1265 408//1265 1045//1265
f 417//1266 1064//1266 1065//1266
f 408//1267 1066//1267 1067//1267
f 1068//1268 408//1268 1062//1268
f 1066//1269 408//1269 1069//1269
f 1069//1270 408//1270 1068//1270
f 1064//1271 417//1271 1067//1271
f 417//1272 1070//1272 1071//1272
f 1071//1273 1072//1273 417//1273
f 1073//1274 1070//1274 417//1274
f 1074//1275 1075//1275 417//1275
f 1076//1276 1073//1276 417//1276
f 408//1277 1067//1277 417//1277
f 1076//1278 417//1278 1075//1278
f 1074//1279 417//1279 1065//1279
f 1077//1280 410//1280 1078//1280
f 1079//1281 1078//1281 410//1281
f 410//1282 1080//1282 1079//1282
f 1080//1283 410//1283 1081//1283
f 1082//1284 1083//1284 410//1284
f 1084//1285 1082//1285 410//1285
f 1084//1286 410//1286 1077//1286
f 411//1287 410//1287 1083//1287
f 410//1288 1085//1288 1086//1288
f 410//1289 1087//1289 1088//1289
f 1087//1290 410//1290 1089//1290
f 1090//1291 1081//1291 410//1291
f 410//1292 1091//1292 1092//1292
f 1091//1293 410//1293 1086//1293
f 1090//1294 410//1294 1092//1294
f 410//1295 1088//1295 1085//1295
f 1089//1296 410//1296 1093//1296
f 1094//1297 411//1297 1095//1297
f 411//1298 1096//1298 1097//1298
f 1096//1299 411//1299 1094//1299
f 1098//1300 411//1300 1099//1300
f 1097//1301 1099//1301 411//1301
f 411//1302 1100//1302 1101//1302
f 411//1303 1098//1303 1100//1303
f 1102//1304 411//1304 1101//1304
f 1083//1305 1095//1305 411//1305
f 411//1306 1102//1306 1103//1306
f 411//1307 1104//1307 1105//1307
f 411//1308 1103//1308 1104//1308
f 411//1309 1106//1309 1107//1309
f 411//1310 1108//1310 1109//1310
f 1108//1311 411//1311 1110//1311
f 1107//1312 1110//1312 411//1312
f 411//1313 1105//1313 1106//1313
f 1111//1314 411//1314 1109//1314
f 1112//1315 1113//1315 410//1315
f 1114//1316 1112//1316 410//1316
f 1113//1317 1115//1317 410//1317
f 1116//1318 1117//1318 410//1318
f 410//1319 1118//1319 1116//1319
f 1115//1320 1119//1320 410//1320
f 410//1321 1117//1321 1120//1321
f 410//1322 1119//1322 1118//1322
f 419//1323 1121//1323 1122//1323
f 1121//1324 419//1324 1123//1324
f 419//1325 1122//1325 1124//1325
f 419//1326 1125//1326 1126//1326
f 419//1327 1127//1327 1128//1327
f 419//1328 1124//1328 1127//1328
f 1128//1329 1125//1329 419//1329
f 1114//1330 419//1330 1126//1330
f 1120//1331 1129//1331 410//1331
f 410//1332 1130//1332 1131//1332
f 1132//1333 1133//1333 410//1333
f 1130//1334 410//1334 1134//1334
f 411//1335 1135//1335 1136//1335
f 1093//1336 410//1336 1131//1336
f 411//1337 1111//1337 1135//1337
f 1134//1338 410//1338 1133//1338
f 1137//1339 410//1339 1138//1339
f 1129//1340 1139//1340 410//1340
f 1137//1341 1140//1341 410//1341
f 1141//1342 1132//1342 410//1342
f 1142//1343 410//1343 1143//1343
f 410//1344 1142//1344 1144//1344
f 410//1345 1140//1345 1143//1345
f 1138//1346 410//1346 1139//1346
f 1141//1347 410//1347 1144//1347
f 419//1348 1114//1348 410//1348
f 1145//1349 419//1349 1146//1349
f 1147//1350 1146//1350 419//1350
f 1148//1351 419//1351 1145//1351
f 419//1352 1149//1352 1123//1352
f 1148//1353 1150//1353 419//1353
f 1150//1354 1149//1354 419//1354
f 419//1355 1151//1355 1152//1355
f 419//1356 1153//1356 1154//1356
f 419//1357 1152//1357 1147//1357
f 411//1358 1155//1358 1156//1358
f 1154//1359 1151//1359 419//1359
f 1157//1360 1158//1360 411//1360
f 411//1361 1159//1361 1157//1361
f 411//1362 1136//1362 1160//1362
f 1159//1363 411//1363 1161//1363
f 411//1364 1160//1364 1161//1364
f 411//1365 1158//1365 1162//1365
f 411//1366 1163//1366 1155//1366
f 411//1367 1164//1367 1163//1367
f 1165//1368 411//1368 1166//1368
f 411//1369 1167//1369 1168//1369
f 1167//1370 411//1370 1165//1370
f 1168//1371 1164//1371 411//1371
f 411//1372 1162//1372 1166//1372
f 411//1373 1156//1373 1169//1373
f 420//1374 1170//1374 1171//1374
f 1172//1375 420//1375 1173//1375
f 1173//1376 420//1376 1174//1376
f 420//1377 1175//1377 1176//1377
f 420//1378 1172//1378 1170//1378
f 1177//1379 1178//1379 420//1379
f 1174//1380 420//1380 1178//1380
f 1179//1381 1177//1381 420//1381
f 1180//1382 1181//1382 420//1382
f 1181//1383 1179//1383 420//1383
f 1182//1384 1180//1384 420//1384
f 1182//1385 420//1385 1176//1385
f 1183//1386 1175//1386 420//1386
f 411//1387 1184//1387 1185//1387
f 411//1388 1186//1388 1187//1388
f 411//1389 1188//1389 1189//1389
f 411//1390 1190//1390 1186//1390
f 411//1391 1189//1391 1190//1391
f 411//1392 1187//1392 1184//1392
f 420//1393 1191//1393 1192//1393
f 420//1394 1192//1394 1183//1394
f 1193//1395 1194//1395 420//1395
f 1195//1396 420//1396 1194//1396
f 420//1397 1195//1397 1191//1397
f 1193//1398 420//1398 1185//1398
f 411//1399 1185//1399 420//1399
f 1169//1400 1188//1400 411//1400
f 1196//1401 416//1401 1197//1401
f 1198//1402 1197//1402 416//1402
f 1199//1403 416//1403 1196//1403
f 416//1404 1200//1404 1198//1404
f 416//1405 1201//1405 1200//1405
f 1201//1406 416//1406 1202//1406
f 1203//1407 974//1407 416//1407
f 416//1408 1199//1408 1204//1408
f 1203//1409 416//1409 1204//1409
f 1202//1410 416//1410 1205//1410
f 1206//1411 1205//1411 416//1411
f 1207//1412 1206//1412 416//1412
f 1208//1413 416//1413 1209//1413
f 416//1414 1208//1414 1207//1414
f 1210//1415 1209//1415 425//1415
f 1209//1416 416//1416 425//1416
f 425//1417 1211//1417 1210//1417
f 425//1418 1212//1418 1211//1418
f 425//1419 1213//1419 1214//1419
f 425//1420 1215//1420 1213//1420
f 1214//1421 1212//1421 425//1421
f 1216//1422 425//1422 1217//1422
f 1218//1423 1217//1423 425//1423
f 1219//1424 425//1424 1216//1424
f 425//1425 1220//1425 1221//1425
f 425//1426 1219//1426 1220//1426
f 1222//1427 425//1427 1221//1427
f 1223//1428 425//1428 1224//1428
f 1225//1429 1224//1429 425//1429
f 425//1430 1226//1430 1218//1430
f 425//1431 1227//1431 1226//1431
f 425//1432 1223//1432 1227//1432
f 1225//1433 425//1433 436//1433
f 1228//1434 425//1434 1229//1434
f 1230//1435 1229//1435 425//1435
f 425//1436 1231//1436 1215//1436
f 1232//1437 1231//1437 425//1437
f 1228//1438 1232//1438 425//1438
f 425//1439 1233//1439 1234//1439
f 425//1440 1222//1440 1233//1440
f 1235//1441 1230//1441 425//1441
f 1236//1442 1235//1442 425//1442
f 1237//1443 1236//1443 425//1443
f 425//1444 1234//1444 1238//1444
f 1237//1445 425//1445 1238//1445
f 1239//1446 1240//1446 436//1446
f 1241//1447 436//1447 1240//1447
f 1242//1448 1243//1448 436//1448
f 1244//1449 436//1449 1243//1449
f 436//1450 1241//1450 1242//1450
f 1245//1451 1246//1451 436//1451
f 1239//1452 436//1452 1246//1452
f 1247//1453 1245//1453 436//1453
f 1247//1454 436//1454 1248//1454
f 1249//1455 1248//1455 436//1455
f 1249//1456 436//1456 1250//1456
f 436//1457 1244//1457 1251//1457
f 436//1458 1252//1458 1253//1458
f 436//1459 1254//1459 1252//1459
f 1255//1460 436//1460 1256//1460
f 1257//1461 1256//1461 436//1461
f 436//1462 1253//1462 1257//1462
f 436//1463 1258//1463 1250//1463
f 436//1464 1259//1464 1258//1464
f 436//1465 1260//1465 1259//1465
f 1260//1466 436//1466 1261//1466
f 1251//1467 1254//1467 436//1467
f 1225//1468 436//1468 1255//1468
f 1262//1469 417//1469 1263//1469
f 417//1470 1264//1470 1263//1470
f 417//1471 1265//1471 1264//1471
f 1266//1472 417//1472 1262//1472
f 417//1473 1267//1473 1268//1473
f 417//1474 1269//1474 1267//1474
f 1270//1475 417//1475 1271//1475
f 1271//1476 417//1476 1272//1476
f 1269//1477 417//1477 1270//1477
f 1266//1478 1272//1478 417//1478
f 417//1479 1072//1479 1273//1479
f 417//1480 1274//1480 1275//1480
f 1276//1481 417//1481 1275//1481
f 1273//1482 1274//1482 417//1482
f 417//1483 1276//1483 1277//1483
f 417//1484 1278//1484 1279//1484
f 1280//1485 1278//1485 417//1485
f 1281//1486 1280//1486 417//1486
f 417//1487 1277//1487 1282//1487
f 1281//1488 417//1488 1282//1488
f 1265//1489 417//1489 1279//1489
f 417//1490 1268//1490 1283//1490
f 1284//1491 436//1491 1285//1491
f 436//1492 1286//1492 1285//1492
f 436//1493 1287//1493 1286//1493
f 436//1494 1288//1494 1287//1494
f 436//1495 1284//1495 1289//1495
f 436//1496 1290//1496 1261//1496
f 1291//1497 1290//1497 436//1497
f 436//1498 1292//1498 1291//1498
f 436//1499 1293//1499 1292//1499
f 1293//1500 436//1500 1289//1500
f 1294//1501 1288//1501 436//1501
f 1295//1502 1296//1502 436//1502
f 1297//1503 436//1503 417//1503
f 1297//1504 417//1504 1298//1504
f 417//1505 1283//1505 1299//1505
f 417//1506 1300//1506 1298//1506
f 436//1507 1301//1507 1294//1507
f 1302//1508 1301//1508 436//1508
f 436//1509 1303//1509 1302//1509
f 1296//1510 1304//1510 436//1510
f 436//1511 1304//1511 1303//1511
f 1297//1512 1295//1512 436//1512
f 1300//1513 417//1513 1299//1513
f 1153//1514 419//1514 1305//1514
f 1306//1515 1305//1515 419//1515
f 419//1516 1307//1516 1306//1516
f 419//1517 1308//1517 1309//1517
f 1309//1518 1307//1518 419//1518
f 1308//1519 419//1519 1310//1519
f 419//1520 1311//1520 1310//1520
f 419//1521 1312//1521 1311//1521
f 1313//1522 1314//1522 419//1522
f 419//1523 1315//1523 1313//1523
f 419//1524 1316//1524 1315//1524
f 1314//1525 1312//1525 419//1525
f 1316//1526 419//1526 1317//1526
f 420//1527 1318//1527 1319//1527
f 420//1528 1320//1528 1318//1528
f 420//1529 1171//1529 1321//1529
f 1320//1530 420//1530 1322//1530
f 1321//1531 1322//1531 420//1531
f 420//1532 1319//1532 1323//1532
f 1324//1533 1325//1533 420//1533
f 420//1534 1325//1534 1326//1534
f 420//1535 1323//1535 1327//1535
f 420//1536 1328//1536 1324//1536
f 1328//1537 420//1537 1329//1537
f 1329//1538 420//1538 1327//1538
f 1317//1539 419//1539 428//1539
f 1330//1540 1331//1540 428//1540
f 1332//1541 428//1541 1331//1541
f 1333//1542 428//1542 1334//1542
f 428//1543 1335//1543 1336//1543
f 1336//1544 1334//1544 428//1544
f 428//1545 1333//1545 1330//1545
f 1337//1546 1338//1546 428//1546
f 1335//1547 428//1547 1338//1547
f 1339//1548 1337//1548 428//1548
f 1340//1549 1339//1549 428//1549
f 428//1550 1341//1550 1342//1550
f 1340//1551 428//1551 1342//1551
f 1341//1552 428//1552 1343//1552
f 428//1553 1332//1553 1317//1553
f 1343//1554 428//1554 1344//1554
f 1345//1555 1344//1555 428//1555
f 1346//1556 1347//1556 428//1556
f 428//1557 1348//1557 1349//1557
f 1346//1558 428//1558 1349//1558
f 1347//1559 1345//1559 428//1559
f 1350//1560 1351//1560 428//1560
f 1352//1561 1353//1561 428//1561
f 1351//1562 1348//1562 428//1562
f 1354//1563 1352//1563 428//1563
f 428//1564 1355//1564 1356//1564
f 1356//1565 1357//1565 428//1565
f 1354//1566 428//1566 1357//1566
f 428//1567 1353//1567 1350//1567
f 1358//1568 428//1568 1359//1568
f 429//1569 1360//1569 1359//1569
f 428//1570 1358//1570 1355//1570
f 1361//1571 1360//1571 429//1571
f 1361//1572 429//1572 1362//1572
f 1363//1573 429//1573 1364//1573
f 1364//1574 429//1574 1365//1574
f 429//1575 1363//1575 1362//1575
f 1366//1576 1365//1576 429//1576
f 429//1577 1367//1577 1366//1577
f 1367//1578 429//1578 1368//1578
f 1369//1579 1368//1579 429//1579
f 1370//1580 1369//1580 429//1580
f 1371//1581 429//1581 1372//1581
f 1373//1582 1374//1582 429//1582
f 1375//1583 429//1583 1374//1583
f 429//1584 1375//1584 1372//1584
f 429//1585 1371//1585 1370//1585
f 428//1586 429//1586 1359//1586
f 429//1587 1376//1587 1377//1587
f 1378//1588 1379//1588 429//1588
f 1380//1589 429//1589 1379//1589
f 1380//1590 1376//1590 429//1590
f 1381//1591 1382//1591 429//1591
f 1378//1592 429//1592 1382//1592
f 1381//1593 429//1593 1383//1593
f 1384//1594 1383//1594 429//1594
f 1384//1595 429//1595 1385//1595
f 429//1596 1377//1596 1373//1596
f 1386//1597 1387//1597 429//1597
f 1388//1598 1386//1598 429//1598
f 1389//1599 1388//1599 429//1599
f 1387//1600 1385//1600 429//1600
f 1390//1601 1391//1601 420//1601
f 429//1602 1391//1602 1392//1602
f 1326//1603 1393//1603 420//1603
f 1390//1604 420//1604 1393//1604
f 1392//1605 1389//1605 429//1605
f 420//1606 1391//1606 429//1606
f 120//285 294//285 121//285
f 254//267 256//267 260//267
f 281//1607 344//1607 343//1607
f 406//1608 416//1608 407//1608
f 436//1609 426//1609 417//1609
f 1394//1610 1395//1610 1396//1610
f 1397//1611 1398//1611 1399//1611
f 1397//1612 1399//1612 1400//1612
f 1401//1613 1398//1613 1397//1613
f 1402//1614 1401//1614 1397//1614
f 1403//1615 1401//1615 1402//1615
f 1404//1616 1403//1616 1402//1616
f 1403//1617 1404//1617 1405//1617
f 1403//1618 1405//1618 1406//1618
f 1407//1619 1406//1619 1405//1619
f 1408//1620 1407//1620 1405//1620
f 1409//1621 1407//1621 1408//1621
f 1410//1622 1409//1622 1408//1622
f 1409//1623 1410//1623 1411//1623
f 1409//1624 1411//1624 1412//1624
f 1413//1625 1412//1625 1411//1625
f 1414//1626 1413//1626 1411//1626
f 1414//1627 1411//1627 1415//1627
f 1416//1628 1413//1628 1414//1628
f 1417//1629 1416//1629 1414//1629
f 1418//1630 1416//1630 1417//1630
f 1419//1631 1420//1631 1418//1631
f 1419//1632 1418//1632 1417//1632
f 1419//1633 1421//1633 1420//1633
f 1422//1634 1420//1634 1421//1634
f 1423//1635 1424//1635 1422//1635
f 1423//1636 1422//1636 1421//1636
f 1423//1637 1425//1637 1424//1637
f 1426//1638 1427//1638 1424//1638
f 1426//1639 1424//1639 1425//1639
f 1426//1640 1428//1640 1429//1640
f 1426//1641 1429//1641 1427//1641
f 1430//1642 1429//1642 1428//1642
f 1431//1643 1432//1643 1430//1643
f 1431//1644 1430//1644 1428//1644
f 1433//1645 1432//1645 1431//1645
f 1434//1646 1435//1646 1433//1646
f 1434//1647 1433//1647 1431//1647
f 1434//1648 1436//1648 1437//1648
f 1434//1649 1437//1649 1435//1649
f 1436//1650 1438//1650 1439//1650
f 1436//1651 1439//1651 1437//1651
f 1438//1652 1440//1652 1441//1652
f 1438//1653 1441//1653 1439//1653
f 1440//1654 1442//1654 1443//1654
f 1440//1655 1443//1655 1441//1655
f 1442//1656 1444//1656 1445//1656
f 1442//1657 1445//1657 1443//1657
f 1444//1658 1446//1658 1447//1658
f 1444//1659 1447//1659 1445//1659
f 1446//1660 1448//1660 1449//1660
f 1446//1661 1449//1661 1447//1661
f 1450//1662 1451//1662 1449//1662
f 1450//1663 1449//1663 1448//1663
f 1450//1664 1452//1664 1453//1664
f 1450//1665 1453//1665 1451//1665
f 1452//1666 1454//1666 1455//1666
f 1452//1667 1455//1667 1453//1667
f 1456//1668 1457//1668 1455//1668
f 1456//1669 1455//1669 1454//1669
f 1456//1670 1458//1670 1459//1670
f 1456//1671 1459//1671 1457//1671
f 1458//1672 1460//1672 1461//1672
f 1458//1673 1461//1673 1459//1673
f 1462//1674 1463//1674 1461//1674
f 1462//1675 1461//1675 1460//1675
f 1462//1676 1464//1676 1465//1676
f 1462//1677 1465//1677 1463//1677
f 1464//1678 1466//1678 1467//1678
f 1464//1679 1467//1679 1465//1679
f 1466//1680 1468//1680 1467//1680
f 1466//1681 1469//1681 1470//1681
f 1466//1682 1470//1682 1468//1682
f 1471//1683 1472//1683 1470//1683
f 1471//1684 1470//1684 1469//1684
f 1473//1685 1474//1685 1472//1685
f 1473//1686 1472//1686 1471//1686
f 1475//1687 1476//1687 1474//1687
f 1475//1688 1474//1688 1473//1688
f 1477//1689 1478//1689 1476//1689
f 1477//1690 1476//1690 1475//1690
f 1477//1691 1479//1691 1480//1691
f 1477//1692 1480//1692 1478//1692
f 1481//1693 1482//1693 1480//1693
f 1481//1694 1480//1694 1479//1694
f 1483//1695 1484//1695 1482//1695
f 1483//1696 1482//1696 1481//1696
f 1485//1697 1484//1697 1483//1697
f 1486//1698 1485//1698 1483//1698
f 1486//1699 1483//1699 1487//1699
f 1488//1700 1487//1700 1489//1700
f 1489//1701 1487//1701 1483//1701
f 1489//1702 1483//1702 1490//1702
f 1491//1703 1489//1703 1490//1703
f 1491//1704 1490//1704 1492//1704
f 1492//1705 1490//1705 1493//1705
f 1492//1706 1493//1706 1494//1706
f 1492//1707 1494//1707 1495//1707
f 1496//1708 1495//1708 1494//1708
f 1496//1709 1494//1709 1497//1709
f 1496//1710 1497//1710 1498//1710
f 1496//1711 1498//1711 1499//1711
f 1499//1712 1498//1712 1500//1712
f 1499//1713 1500//1713 1501//1713
f 1501//1714 1500//1714 1502//1714
f 1501//1715 1502//1715 1503//1715
f 1503//1716 1502//1716 1504//1716
f 1503//1717 1504//1717 1505//1717
f 1505//1718 1504//1718 1506//1718
f 1505//1719 1506//1719 1507//1719
f 1508//1720 1507//1720 1506//1720
f 1508//1721 1506//1721 1509//1721
f 1510//1722 1508//1722 1509//1722
f 1510//1723 1509//1723 1511//1723
f 1512//1724 1510//1724 1511//1724
f 1512//1725 1511//1725 1513//1725
f 1514//1726 1512//1726 1513//1726
f 1515//1727 1514//1727 1513//1727
f 1516//1728 1514//1728 1515//1728
f 1516//1729 1515//1729 1517//1729
f 1516//1730 1517//1730 1518//1730
f 1519//1731 1516//1731 1518//1731
f 1520//1732 1519//1732 1518//1732
f 1520//1733 1518//1733 1521//1733
f 1522//1734 1520//1734 1521//1734
f 1522//1735 1521//1735 1523//1735
f 1522//1736 1523//1736 1524//1736
f 1522//1737 1524//1737 1525//1737
f 1526//1738 1525//1738 1524//1738
f 1526//1739 1524//1739 1527//1739
f 1528//1740 1526//1740 1527//1740
f 1528//1741 1527//1741 1529//1741
f 1530//1742 1528//1742 1529//1742
f 1530//1743 1529//1743 1531//1743
f 1532//1744 1530//1744 1531//1744
f 1532//1745 1531//1745 1533//1745
f 1532//1746 1533//1746 1534//1746
f 1532//1747 1534//1747 1535//1747
f 1535//1748 1534//1748 1536//1748
f 1535//1749 1536//1749 1537//1749
f 1537//1750 1536//1750 1538//1750
f 1537//1751 1538//1751 1539//1751
f 1539//1752 1538//1752 1540//1752
f 1539//1753 1540//1753 1541//1753
f 1541//1754 1540//1754 1542//1754
f 1541//1755 1542//1755 1543//1755
f 1543//1756 1544//1756 1545//1756
f 1546//1757 1545//1757 1547//1757
f 1546//1758 1547//1758 1548//1758
f 1546//1759 1548//1759 1549//1759
f 1549//1760 1550//1760 1551//1760
f 1551//1761 1552//1761 1553//1761
f 1554//1762 1555//1762 1556//1762
f 1556//1763 1557//1763 1558//1763
f 1559//1764 1560//1764 1561//1764
f 1561//1765 1562//1765 1563//1765
f 1561//1766 1563//1766 1564//1766
f 1565//1767 1564//1767 1563//1767
f 1565//1768 1563//1768 1566//1768
f 1567//1769 1565//1769 1566//1769
f 1567//1770 1566//1770 1568//1770
f 1567//1771 1568//1771 1569//1771
f 1570//1772 1488//1772 1571//1772
f 1572//1773 1573//1773 1574//1773
f 1574//1774 1573//1774 1575//1774
f 1574//1775 1575//1775 1576//1775
f 1576//1776 1575//1776 1577//1776
f 1576//1777 1577//1777 1578//1777
f 1579//1778 1578//1778 1577//1778
f 1579//1779 1577//1779 1580//1779
f 1580//1780 1581//1780 1579//1780
f 1581//1781 1582//1781 1583//1781
f 1583//1782 1582//1782 1584//1782
f 1583//1783 1584//1783 1585//1783
f 1585//1784 1584//1784 1586//1784
f 1585//1785 1586//1785 1587//1785
f 1588//1786 1587//1786 1586//1786
f 1588//1787 1586//1787 1589//1787
f 1588//1788 1589//1788 1590//1788
f 1588//1789 1590//1789 1591//1789
f 1588//1790 1591//1790 1592//1790
f 1593//1791 1592//1791 1591//1791
f 1594//1792 1593//1792 1591//1792
f 1594//1793 1591//1793 1595//1793
f 1594//1794 1595//1794 1596//1794
f 1594//1795 1596//1795 1597//1795
f 1598//1796 1597//1796 1596//1796
f 1598//1797 1596//1797 1599//1797
f 1598//1798 1599//1798 1600//1798
f 1600//1799 1599//1799 1601//1799
f 1602//1800 1600//1800 1601//1800
f 1602//1801 1601//1801 1603//1801
f 1604//1802 1602//1802 1603//1802
f 1604//1803 1603//1803 1605//1803
f 1604//1804 1605//1804 1606//1804
f 1604//1805 1606//1805 1607//1805
f 1608//1806 1607//1806 1606//1806
f 1608//1807 1606//1807 1609//1807
f 1610//1808 1608//1808 1609//1808
f 1610//1809 1609//1809 1611//1809
f 1612//1810 1610//1810 1611//1810
f 1612//1811 1611//1811 1613//1811
f 1614//1812 1612//1812 1613//1812
f 1614//1813 1613//1813 1615//1813
f 1616//1814 1614//1814 1615//1814
f 1616//1815 1615//1815 1617//1815
f 1618//1816 1616//1816 1617//1816
f 1618//1817 1617//1817 1619//1817
f 1620//1818 1618//1818 1619//1818
f 1620//1819 1619//1819 1621//1819
f 1622//1820 1620//1820 1621//1820
f 1622//1821 1621//1821 1623//1821
f 1622//1822 1623//1822 1624//1822
f 1622//1823 1624//1823 1625//1823
f 1626//1824 1625//1824 1624//1824
f 1626//1825 1624//1825 1627//1825
f 1626//1826 1627//1826 1628//1826
f 1626//1827 1628//1827 1629//1827
f 1630//1828 1629//1828 1628//1828
f 1630//1829 1628//1829 1631//1829
f 1632//1830 1630//1830 1631//1830
f 1632//1831 1631//1831 1633//1831
f 1632//1832 1633//1832 1634//1832
f 1632//1833 1634//1833 1635//1833
f 1635//1834 1634//1834 1636//1834
f 1635//1835 1636//1835 1637//1835
f 1638//1836 1637//1836 1636//1836
f 1638//1837 1636//1837 1639//1837
f 1638//1838 1639//1838 1640//1838
f 1638//1839 1640//1839 1641//1839
f 1641//1840 1642//1840 1643//1840
f 1643//1841 1644//1841 1645//1841
f 1645//1842 1646//1842 1647//1842
f 1647//1843 1648//1843 1649//1843
f 1649//1844 1650//1844 1651//1844
f 1652//1845 1653//1845 1654//1845
f 1654//1846 1655//1846 1656//1846
f 1656//1847 1657//1847 1658//1847
f 1656//1848 1658//1848 1659//1848
f 1660//1849 1659//1849 1658//1849
f 1660//1850 1658//1850 1661//1850
f 1662//1851 1660//1851 1661//1851
f 1662//1852 1661//1852 1663//1852
f 1662//1853 1663//1853 1664//1853
f 1665//1854 1664//1854 1663//1854
f 1665//1855 1663//1855 1666//1855
f 1667//1856 1665//1856 1666//1856
f 1667//1857 1666//1857 1668//1857
f 1669//1858 1670//1858 1671//1858
f 1669//1859 1671//1859 1672//1859
f 1672//1860 1671//1860 1673//1860
f 1672//1861 1673//1861 1674//1861
f 1674//1862 1673//1862 1675//1862
f 1674//1863 1675//1863 1676//1863
f 1676//1864 1675//1864 1677//1864
f 1676//1865 1677//1865 1678//1865
f 1678//1866 1677//1866 1679//1866
f 1678//1867 1679//1867 1680//1867
f 1680//1868 1679//1868 1681//1868
f 1680//1869 1681//1869 1682//1869
f 1683//1870 1682//1870 1681//1870
f 1683//1871 1681//1871 1684//1871
f 1683//1872 1684//1872 1685//1872
f 1686//1873 1685//1873 1684//1873
f 1686//1874 1684//1874 1687//1874
f 1686//1875 1687//1875 1688//1875
f 1689//1876 1688//1876 1690//1876
f 1691//1877 1689//1877 1690//1877
f 1691//1878 1690//1878 1692//1878
f 1693//1879 1691//1879 1692//1879
f 1693//1880 1692//1880 1694//1880
f 1695//1881 1693//1881 1694//1881
f 1696//1882 1695//1882 1694//1882
f 1697//1883 1695//1883 1696//1883
f 1697//1884 1696//1884 1698//1884
f 1699//1885 1697//1885 1698//1885
f 1699//1886 1698//1886 1700//1886
f 1701//1887 1699//1887 1700//1887
f 1701//1888 1700//1888 1702//1888
f 1703//1889 1701//1889 1702//1889
f 1703//1890 1702//1890 1704//1890
f 1705//1891 1703//1891 1704//1891
f 1705//1892 1704//1892 1706//1892
f 1707//1893 1705//1893 1706//1893
f 1707//1894 1706//1894 1708//1894
f 1709//1895 1707//1895 1708//1895
f 1709//1896 1708//1896 1710//1896
f 1711//1897 1709//1897 1710//1897
f 1711//1898 1710//1898 1712//1898
f 1713//1899 1711//1899 1712//1899
f 1713//1900 1712//1900 1714//1900
f 1713//1901 1714//1901 1715//1901
f 1713//1902 1715//1902 1716//1902
f 1717//1903 1716//1903 1715//1903
f 1717//1904 1715//1904 1718//1904
f 1719//1905 1717//1905 1718//1905
f 1719//1906 1718//1906 1720//1906
f 1719//1907 1720//1907 1721//1907
f 1722//1908 1719//1908 1721//1908
f 1722//1909 1721//1909 1723//1909
f 1722//1910 1723//1910 1724//1910
f 1725//1911 1724//1911 1723//1911
f 1725//1912 1723//1912 1726//1912
f 1725//1913 1726//1913 1727//1913
f 1728//1914 1725//1914 1727//1914
f 1729//1915 1728//1915 1727//1915
f 1729//1916 1727//1916 1730//1916
f 1731//1917 1729//1917 1730//1917
f 1731//1918 1730//1918 1732//1918
f 1731//1919 1732//1919 1733//1919
f 1731//1920 1733//1920 1734//1920
f 1734//1921 1733//1921 1735//1921
f 1734//1922 1735//1922 1736//1922
f 1736//1923 1735//1923 1737//1923
f 1736//1924 1737//1924 1738//1924
f 1738//1925 1739//1925 1740//1925
f 1738//1926 1740//1926 1741//1926
f 1741//1927 1740//1927 1742//1927
f 1741//1928 1742//1928 1743//1928
f 1743//1929 1742//1929 1744//1929
f 1743//1930 1744//1930 1745//1930
f 1746//1931 1747//1931 1748//1931
f 1748//1932 1749//1932 1750//1932
f 1750//1933 1751//1933 1752//1933
f 1750//1934 1752//1934 1753//1934
f 1754//1935 1753//1935 1752//1935
f 1754//1936 1752//1936 1755//1936
f 1756//1937 1754//1937 1755//1937
f 1756//1938 1755//1938 1757//1938
f 1758//1939 1756//1939 1757//1939
f 1758//1940 1757//1940 1759//1940
f 1760//1941 1758//1941 1759//1941
f 1760//1942 1759//1942 1761//1942
f 1762//1943 1760//1943 1761//1943
f 1762//1944 1761//1944 1763//1944
f 1764//1945 1765//1945 1766//1945
f 1764//1946 1766//1946 1767//1946
f 1766//1947 1768//1947 1769//1947
f 1766//1948 1769//1948 1767//1948
f 1769//1949 1768//1949 1770//1949
f 1769//1950 1770//1950 1771//1950
f 1771//1951 1770//1951 1772//1951
f 1771//1952 1772//1952 1773//1952
f 1774//1953 1773//1953 1775//1953
f 1774//1954 1775//1954 1776//1954
f 1777//1955 1774//1955 1776//1955
f 1777//1956 1776//1956 1778//1956
f 1779//1957 1777//1957 1778//1957
f 1779//1958 1778//1958 1780//1958
f 1781//1959 1779//1959 1780//1959
f 1781//1960 1780//1960 1782//1960
f 1781//1961 1782//1961 1783//1961
f 1784//1962 1783//1962 1785//1962
f 1784//1963 1785//1963 1786//1963
f 1787//1964 1784//1964 1786//1964
f 1787//1965 1786//1965 1788//1965
f 1789//1966 1787//1966 1788//1966
f 1789//1967 1788//1967 1790//1967
f 1791//1968 1789//1968 1790//1968
f 1791//1969 1790//1969 1792//1969
f 1793//1970 1791//1970 1792//1970
f 1793//1971 1792//1971 1794//1971
f 1795//1972 1793//1972 1794//1972
f 1795//1973 1794//1973 1796//1973
f 1797//1974 1795//1974 1796//1974
f 1797//1975 1796//1975 1798//1975
f 1799//1976 1797//1976 1798//1976
f 1800//1977 1799//1977 1798//1977
f 1801//1978 1799//1978 1800//1978
f 1801//1979 1800//1979 1802//1979
f 1803//1980 1801//1980 1802//1980
f 1803//1981 1802//1981 1804//1981
f 1805//1982 1803//1982 1804//1982
f 1805//1983 1804//1983 1806//1983
f 1807//1984 1805//1984 1806//1984
f 1807//1985 1806//1985 1808//1985
f 1807//1986 1808//1986 1809//1986
f 1807//1987 1809//1987 1810//1987
f 1811//1988 1810//1988 1809//1988
f 1811//1989 1809//1989 1812//1989
f 1813//1990 1811//1990 1812//1990
f 1813//1991 1812//1991 1814//1991
f 1813//1992 1814//1992 1815//1992
f 1813//1993 1815//1993 1816//1993
f 1816//1994 1815//1994 1817//1994
f 1816//1995 1817//1995 1818//1995
f 1819//1996 1818//1996 1817//1996
f 1819//1997 1817//1997 1820//1997
f 1819//1998 1820//1998 1821//1998
f 1819//1999 1821//1999 1822//1999
f 1823//2000 1822//2000 1821//2000
f 1823//2001 1821//2001 1824//2001
f 1825//2002 1823//2002 1824//2002
f 1825//2003 1824//2003 1826//2003
f 1827//2004 1825//2004 1826//2004
f 1826//2005 1828//2005 1829//2005
f 1826//2006 1829//2006 1827//2006
f 1830//2007 1829//2007 1828//2007
f 1831//2008 1832//2008 1829//2008
f 1831//2009 1829//2009 1830//2009
f 1833//2010 1832//2010 1831//2010
f 1833//2011 1831//2011 1834//2011
f 1835//2012 1836//2012 1832//2012
f 1837//2013 1838//2013 1839//2013
f 1837//2014 1839//2014 1836//2014
f 1735//2015 1839//2015 1838//2015
f 1735//2016 1838//2016 1737//2016
f 1840//2017 1737//2017 1838//2017
f 1737//2018 1840//2018 1841//2018
f 1737//2019 1841//2019 1739//2019
f 1740//2020 1841//2020 1842//2020
f 1842//2021 1841//2021 1843//2021
f 1842//2022 1843//2022 1844//2022
f 1842//2023 1844//2023 1845//2023
f 1842//2024 1845//2024 1846//2024
f 1846//2025 1847//2025 1848//2025
f 1848//2026 1849//2026 1850//2026
f 1850//2027 1851//2027 1852//2027
f 1852//2028 1853//2028 1854//2028
f 1852//2029 1854//2029 1855//2029
f 1856//2030 1855//2030 1854//2030
f 1856//2031 1857//2031 1858//2031
f 1856//2032 1858//2032 1859//2032
f 1860//2033 1859//2033 1858//2033
f 1860//2034 1858//2034 1861//2034
f 1862//2035 1860//2035 1861//2035
f 1862//2036 1861//2036 1863//2036
f 1864//2037 1862//2037 1863//2037
f 1864//2038 1863//2038 1865//2038
f 1866//2039 1864//2039 1865//2039
f 1866//2040 1865//2040 1867//2040
f 1868//2041 1866//2041 1867//2041
f 1869//2042 1870//2042 1871//2042
f 1871//2043 1872//2043 1873//2043
f 1874//2044 1875//2044 1876//2044
f 1874//2045 1876//2045 1877//2045
f 1878//2046 1877//2046 1879//2046
f 1878//2047 1879//2047 1880//2047
f 1880//2048 1881//2048 1882//2048
f 1880//2049 1882//2049 1883//2049
f 1882//2050 1884//2050 1885//2050
f 1882//2051 1885//2051 1886//2051
f 1887//2052 1888//2052 1889//2052
f 1887//2053 1889//2053 1890//2053
f 1891//2054 1892//2054 1888//2054
f 1891//2055 1888//2055 1887//2055
f 1893//2056 1892//2056 1891//2056
f 1893//2057 1891//2057 1894//2057
f 1895//2058 1893//2058 1894//2058
f 1895//2059 1894//2059 1896//2059
f 1897//2060 1895//2060 1896//2060
f 1897//2061 1896//2061 1898//2061
f 1899//2062 1897//2062 1898//2062
f 1899//2063 1898//2063 1900//2063
f 1901//2064 1899//2064 1900//2064
f 1902//2065 1901//2065 1900//2065
f 1903//2066 1901//2066 1902//2066
f 1903//2067 1902//2067 1904//2067
f 1905//2068 1903//2068 1904//2068
f 1905//2069 1904//2069 1906//2069
f 1907//2070 1905//2070 1906//2070
f 1907//2071 1906//2071 1908//2071
f 1909//2072 1910//2072 1908//2072
f 1909//2073 1908//2073 1911//2073
f 1912//2074 1909//2074 1911//2074
f 1912//2075 1911//2075 1913//2075
f 1912//2076 1913//2076 1914//2076
f 1912//2077 1914//2077 1915//2077
f 1915//2078 1914//2078 1916//2078
f 1915//2079 1916//2079 1917//2079
f 1918//2080 1917//2080 1916//2080
f 1918//2081 1916//2081 1919//2081
f 1920//2082 1918//2082 1919//2082
f 1920//2083 1919//2083 1921//2083
f 1922//2084 1920//2084 1921//2084
f 1922//2085 1921//2085 1923//2085
f 1924//2086 1922//2086 1923//2086
f 1924//2087 1923//2087 1925//2087
f 1926//2088 1924//2088 1925//2088
f 1926//2089 1925//2089 1927//2089
f 1928//2090 1926//2090 1927//2090
f 1928//2091 1927//2091 1929//2091
f 1930//2092 1928//2092 1929//2092
f 1930//2093 1929//2093 1931//2093
f 1932//2094 1933//2094 1934//2094
f 1932//2095 1934//2095 1935//2095
f 1935//2096 1934//2096 1936//2096
f 1935//2097 1936//2097 1937//2097
f 1938//2098 1937//2098 1936//2098
f 1938//2099 1936//2099 1939//2099
f 1938//2100 1939//2100 1940//2100
f 1938//2101 1940//2101 1941//2101
f 1942//2102 1941//2102 1943//2102
f 1942//2103 1943//2103 1944//2103
f 1942//2104 1944//2104 1945//2104
f 1942//2105 1945//2105 1946//2105
f 1946//2106 1945//2106 1947//2106
f 1946//2107 1947//2107 1948//2107
f 1948//2108 1947//2108 1949//2108
f 1948//2109 1949//2109 1950//2109
f 1950//2110 1949//2110 1951//2110
f 1950//2111 1951//2111 1952//2111
f 1952//2112 1953//2112 1954//2112
f 1952//2113 1954//2113 1955//2113
f 1956//2114 1955//2114 1954//2114
f 1956//2115 1954//2115 1957//2115
f 1957//2116 1958//2116 1959//2116
f 1957//2117 1959//2117 1960//2117
f 1961//2118 1960//2118 1959//2118
f 1961//2119 1959//2119 1962//2119
f 1961//2120 1962//2120 1963//2120
f 1961//2121 1963//2121 1964//2121
f 1965//2122 1964//2122 1963//2122
f 1965//2123 1963//2123 1966//2123
f 1967//2124 1965//2124 1966//2124
f 1967//2125 1966//2125 1968//2125
f 1969//2126 1967//2126 1968//2126
f 1969//2127 1968//2127 1970//2127
f 1971//2128 1969//2128 1970//2128
f 1971//2129 1972//2129 1973//2129
f 1974//2130 1975//2130 1976//2130
f 1975//2131 1974//2131 1977//2131
f 1978//2132 1979//2132 1980//2132
f 1981//2133 1982//2133 1979//2133
f 1981//2134 1979//2134 1983//2134
f 1981//2135 1984//2135 1985//2135
f 1981//2136 1985//2136 1982//2136
f 1986//2137 1987//2137 1985//2137
f 1986//2138 1985//2138 1984//2138
f 1988//2139 1989//2139 1987//2139
f 1988//2140 1987//2140 1986//2140
f 1988//2141 1990//2141 1991//2141
f 1988//2142 1991//2142 1989//2142
f 1992//2143 1993//2143 1991//2143
f 1992//2144 1991//2144 1990//2144
f 1992//2145 1994//2145 1993//2145
f 1994//2146 1995//2146 1993//2146
f 1994//2147 1996//2147 1997//2147
f 1994//2148 1997//2148 1995//2148
f 1998//2149 1999//2149 1997//2149
f 1998//2150 1997//2150 1996//2150
f 2000//2151 2001//2151 1999//2151
f 2000//2152 1999//2152 1998//2152
f 2000//2153 2002//2153 2003//2153
f 2000//2154 2003//2154 2001//2154
f 2002//2155 2004//2155 2005//2155
f 2002//2156 2005//2156 2003//2156
f 2004//2157 2006//2157 2007//2157
f 2004//2158 2007//2158 2005//2158
f 2006//2159 2008//2159 2009//2159
f 2006//2160 2009//2160 2007//2160
f 2010//2161 2009//2161 2008//2161
f 2010//2162 2011//2162 2009//2162
f 2012//2163 2011//2163 2010//2163
f 2012//2164 2013//2164 2011//2164
f 2012//2165 2010//2165 2014//2165
f 2013//2166 2015//2166 2011//2166
f 2013//2167 2016//2167 2017//2167
f 2013//2168 2017//2168 2015//2168
f 2016//2169 2018//2169 2019//2169
f 2016//2170 2019//2170 2017//2170
f 2020//2171 2021//2171 2022//2171
f 2020//2172 2022//2172 2023//2172
f 2021//2173 2024//2173 2025//2173
f 2021//2174 2025//2174 2022//2174
f 2024//2175 2026//2175 2027//2175
f 2024//2176 2027//2176 2025//2176
f 2026//2177 2028//2177 2029//2177
f 2026//2178 2029//2178 2027//2178
f 2030//2179 2031//2179 2032//2179
f 2030//2180 2032//2180 2033//2180
f 2033//2181 2032//2181 2034//2181
f 2033//2182 2034//2182 2035//2182
f 2035//2183 2034//2183 2036//2183
f 2035//2184 2036//2184 2037//2184
f 2038//2185 2039//2185 2040//2185
f 2038//2186 2040//2186 2041//2186
f 2042//2187 2041//2187 2043//2187
f 2042//2188 2043//2188 2044//2188
f 2045//2189 2046//2189 2047//2189
f 2047//2190 2046//2190 2048//2190
f 2047//2191 2048//2191 2049//2191
f 2050//2192 2048//2192 2046//2192
f 2048//2193 2051//2193 2052//2193
f 2048//2194 2052//2194 2053//2194
f 2052//2195 2051//2195 2054//2195
f 2054//2196 2055//2196 2056//2196
f 2056//2197 2057//2197 1890//2197
f 2040//2198 1887//2198 1890//2198
f 2040//2199 1890//2199 2057//2199
f 2043//2200 2040//2200 2057//2200
f 2056//2201 1890//2201 1884//2201
f 2043//2202 2057//2202 2056//2202
f 2043//2203 2056//2203 2055//2203
f 2050//2204 2043//2204 2055//2204
f 2054//2205 2056//2205 1881//2205
f 2050//2206 2055//2206 2054//2206
f 2050//2207 2054//2207 2051//2207
f 2052//2208 2054//2208 1879//2208
f 2058//2209 2048//2209 2053//2209
f 2058//2210 2053//2210 2059//2210
f 2058//2211 2059//2211 2060//2211
f 2061//2212 2058//2212 2060//2212
f 2061//2213 2060//2213 2062//2213
f 2063//2214 2061//2214 2062//2214
f 2063//2215 2062//2215 2064//2215
f 2065//2216 2063//2216 2064//2216
f 2066//2217 2067//2217 2068//2217
f 2066//2218 2068//2218 2069//2218
f 2067//2219 2070//2219 2071//2219
f 2067//2220 2071//2220 2068//2220
f 2072//2221 2073//2221 2071//2221
f 2072//2222 2071//2222 2070//2222
f 2073//2223 2072//2223 2047//2223
f 2073//2224 2049//2224 2058//2224
f 2073//2225 2058//2225 2061//2225
f 2071//2226 2073//2226 2061//2226
f 2071//2227 2061//2227 2063//2227
f 2068//2228 2071//2228 2063//2228
f 2068//2229 2063//2229 2074//2229
f 2069//2230 2068//2230 2074//2230
f 2072//2231 2075//2231 2047//2231
f 2072//2232 2076//2232 2075//2232
f 2075//2233 2077//2233 2078//2233
f 2079//2234 2078//2234 2080//2234
f 2079//2235 2080//2235 2081//2235
f 2079//2236 2081//2236 2082//2236
f 2083//2237 2084//2237 2085//2237
f 2083//2238 2085//2238 2086//2238
f 2086//2239 2081//2239 2087//2239
f 2086//2240 2087//2240 2088//2240
f 2089//2241 2088//2241 2087//2241
f 2089//2242 2087//2242 2090//2242
f 2090//2243 2091//2243 2092//2243
f 2092//2244 2093//2244 2094//2244
f 2092//2245 2094//2245 2095//2245
f 2096//2246 2095//2246 2094//2246
f 2096//2247 2094//2247 2097//2247
f 2098//2248 2096//2248 2097//2248
f 2098//2249 2097//2249 2099//2249
f 2100//2250 2098//2250 2099//2250
f 2101//2251 2102//2251 2103//2251
f 2102//2252 2101//2252 2104//2252
f 2102//2253 2104//2253 2105//2253
f 2105//2254 2104//2254 2106//2254
f 2105//2255 2106//2255 2107//2255
f 2107//2256 2106//2256 2108//2256
f 2107//2257 2108//2257 2109//2257
f 2109//2258 2108//2258 2110//2258
f 2109//2259 2110//2259 2111//2259
f 2112//2260 2111//2260 2110//2260
f 2113//2261 2114//2261 2112//2261
f 2113//2262 2112//2262 2110//2262
f 2115//2263 2116//2263 2114//2263
f 2115//2264 2117//2264 2118//2264
f 2115//2265 2118//2265 2116//2265
f 2119//2266 2120//2266 2118//2266
f 2119//2267 2121//2267 2122//2267
f 2119//2268 2122//2268 2120//2268
f 2121//2269 2123//2269 2124//2269
f 2121//2270 2124//2270 2122//2270
f 2123//2271 2125//2271 2126//2271
f 2123//2272 2126//2272 2124//2272
f 2125//2273 2127//2273 2128//2273
f 2125//2274 2128//2274 2126//2274
f 2127//2275 2129//2275 2130//2275
f 2127//2276 2130//2276 2128//2276
f 2129//2277 2131//2277 2132//2277
f 2129//2278 2132//2278 2130//2278
f 2131//2279 2133//2279 2134//2279
f 2131//2280 2134//2280 2132//2280
f 2135//2281 2136//2281 2134//2281
f 2135//2282 2134//2282 2133//2282
f 2135//2283 2137//2283 2138//2283
f 2135//2284 2138//2284 2136//2284
f 2139//2285 2140//2285 2138//2285
f 2139//2286 2138//2286 2137//2286
f 2139//2287 2141//2287 2142//2287
f 2139//2288 2142//2288 2140//2288
f 2141//2289 2143//2289 2144//2289
f 2141//2290 2144//2290 2142//2290
f 2143//2291 2145//2291 2146//2291
f 2143//2292 2146//2292 2144//2292
f 2145//2293 2147//2293 2148//2293
f 2145//2294 2148//2294 2146//2294
f 2147//2295 2149//2295 2150//2295
f 2147//2296 2150//2296 2148//2296
f 2149//2297 2151//2297 2152//2297
f 2149//2298 2152//2298 2150//2298
f 2151//2299 2153//2299 2154//2299
f 2151//2300 2154//2300 2152//2300
f 2153//2301 2155//2301 2156//2301
f 2153//2302 2156//2302 2154//2302
f 2155//2303 2157//2303 2156//2303
f 2158//2304 2159//2304 2160//2304
f 2159//2305 2161//2305 2160//2305
f 2162//2306 2160//2306 2161//2306
f 2162//2307 2161//2307 2163//2307
f 2164//2308 2163//2308 2161//2308
f 2165//2309 2163//2309 2164//2309
f 2165//2310 2164//2310 2166//2310
f 2165//2311 2166//2311 2167//2311
f 2167//2312 2166//2312 2168//2312
f 2167//2313 2168//2313 2169//2313
f 2168//2314 2170//2314 2083//2314
f 2168//2315 2083//2315 2171//2315
f 2164//2316 2172//2316 2173//2316
f 2164//2317 2173//2317 2166//2317
f 2174//2318 2172//2318 2161//2318
f 2174//2319 2175//2319 2176//2319
f 2174//2320 2176//2320 2172//2320
f 2177//2321 2029//2321 2030//2321
f 2177//2322 2030//2322 2178//2322
f 2178//2323 2030//2323 2033//2323
f 2178//2324 2033//2324 2084//2324
f 2027//2325 2029//2325 2177//2325
f 2027//2326 2177//2326 2176//2326
f 2179//2327 2180//2327 2181//2327
f 2179//2328 2181//2328 2182//2328
f 2183//2329 2179//2329 2182//2329
f 2183//2330 2182//2330 2184//2330
f 2183//2331 2184//2331 2185//2331
f 2185//2332 2184//2332 2186//2332
f 2187//2333 2185//2333 2186//2333
f 2187//2334 2186//2334 2188//2334
f 2189//2335 2187//2335 2188//2335
f 2189//2336 2188//2336 2190//2336
f 2191//2337 2189//2337 2190//2337
f 2191//2338 2190//2338 2192//2338
f 2193//2339 2191//2339 2192//2339
f 2193//2340 2192//2340 2194//2340
f 2193//2341 2194//2341 2195//2341
f 2193//2342 2195//2342 2196//2342
f 2197//2343 2196//2343 2195//2343
f 2197//2344 2195//2344 2198//2344
f 2197//2345 2198//2345 2199//2345
f 2197//2346 2199//2346 2200//2346
f 2201//2347 2200//2347 2199//2347
f 2201//2348 2199//2348 2202//2348
f 2201//2349 2202//2349 2203//2349
f 2204//2350 2201//2350 2203//2350
f 2205//2351 2204//2351 2203//2351
f 2205//2352 2203//2352 2206//2352
f 2207//2353 2205//2353 2206//2353
f 2207//2354 2206//2354 2208//2354
f 2207//2355 2208//2355 2209//2355
f 2210//2356 2207//2356 2209//2356
f 2210//2357 2209//2357 2211//2357
f 2212//2358 2210//2358 2211//2358
f 2212//2359 2211//2359 2213//2359
f 2214//2360 2212//2360 2213//2360
f 2214//2361 2213//2361 2215//2361
f 2216//2362 2214//2362 2215//2362
f 2216//2363 2215//2363 2217//2363
f 2218//2364 2216//2364 2217//2364
f 2218//2365 2217//2365 2219//2365
f 2220//2366 2218//2366 2219//2366
f 2220//2367 2219//2367 2221//2367
f 2222//2368 2220//2368 2221//2368
f 2222//2369 2221//2369 2223//2369
f 2224//2370 2222//2370 2223//2370
f 2224//2371 2225//2371 2226//2371
f 2225//2372 2101//2372 2227//2372
f 2101//2373 2225//2373 2228//2373
f 2101//2374 2228//2374 2229//2374
f 2229//2375 2228//2375 2230//2375
f 2229//2376 2230//2376 2231//2376
f 2231//2377 2230//2377 2232//2377
f 2231//2378 2232//2378 2233//2378
f 2233//2379 2232//2379 2113//2379
f 2219//2380 2217//2380 2113//2380
f 2219//2381 2113//2381 2232//2381
f 2217//2382 2115//2382 2113//2382
f 2221//2383 2219//2383 2232//2383
f 2221//2384 2232//2384 2230//2384
f 2223//2385 2221//2385 2230//2385
f 2223//2386 2230//2386 2228//2386
f 2225//2387 2223//2387 2228//2387
f 2234//2388 2235//2388 2236//2388
f 2236//2389 2235//2389 2237//2389
f 2236//2390 2237//2390 2238//2390
f 2235//2391 2239//2391 2240//2391
f 2235//2392 2240//2392 2237//2392
f 2238//2393 2237//2393 2241//2393
f 2238//2394 2241//2394 2242//2394
f 2237//2395 2240//2395 2243//2395
f 2237//2396 2243//2396 2241//2396
f 2242//2397 2241//2397 2226//2397
f 2242//2398 2226//2398 2227//2398
f 2241//2399 2243//2399 2244//2399
f 2241//2400 2244//2400 2226//2400
f 2225//2401 2227//2401 2226//2401
f 2224//2402 2226//2402 2244//2402
f 1975//2403 2224//2403 2244//2403
f 2225//2404 2224//2404 2223//2404
f 2224//2405 1975//2405 2222//2405
f 2217//2406 2215//2406 2115//2406
f 2215//2407 2213//2407 2119//2407
f 2215//2408 2119//2408 2117//2408
f 2208//2409 2206//2409 2125//2409
f 2245//2410 2246//2410 2175//2410
f 2245//2411 2175//2411 2174//2411
f 2172//2412 2176//2412 2177//2412
f 2172//2413 2177//2413 2173//2413
f 2173//2414 2177//2414 2178//2414
f 2173//2415 2178//2415 2170//2415
f 2247//2416 2168//2416 2171//2416
f 2166//2417 2173//2417 2170//2417
f 2166//2418 2170//2418 2168//2418
f 2247//2419 2169//2419 2168//2419
f 2248//2420 2169//2420 2247//2420
f 2248//2421 2247//2421 2089//2421
f 2248//2422 2089//2422 2249//2422
f 2250//2423 2248//2423 2249//2423
f 2250//2424 2249//2424 2251//2424
f 2250//2425 2251//2425 2252//2425
f 2253//2426 2250//2426 2252//2426
f 2253//2427 2252//2427 2095//2427
f 2253//2428 2095//2428 2096//2428
f 2254//2429 2253//2429 2096//2429
f 2254//2430 2096//2430 2098//2430
f 2255//2431 2254//2431 2098//2431
f 2255//2432 2098//2432 2100//2432
f 2256//2433 2255//2433 2100//2433
f 2257//2434 2258//2434 2259//2434
f 2258//2435 2257//2435 2260//2435
f 2261//2436 2262//2436 2263//2436
f 2264//2437 2265//2437 2262//2437
f 2264//2438 2262//2438 2266//2438
f 2267//2439 2268//2439 2265//2439
f 2267//2440 2265//2440 2269//2440
f 2267//2441 2270//2441 2271//2441
f 2267//2442 2271//2442 2268//2442
f 2270//2443 2272//2443 2273//2443
f 2270//2444 2273//2444 2271//2444
f 2272//2445 2274//2445 2275//2445
f 2272//2446 2275//2446 2273//2446
f 2274//2447 2276//2447 2277//2447
f 2274//2448 2277//2448 2275//2448
f 2278//2449 2279//2449 2277//2449
f 2278//2450 2277//2450 2276//2450
f 2278//2451 2280//2451 2281//2451
f 2278//2452 2281//2452 2279//2452
f 2280//2453 2282//2453 2283//2453
f 2280//2454 2283//2454 2281//2454
f 2282//2455 2284//2455 2285//2455
f 2282//2456 2285//2456 2283//2456
f 2284//2457 2286//2457 2287//2457
f 2286//2458 2288//2458 2289//2458
f 2286//2459 2289//2459 2287//2459
f 2288//2460 2290//2460 2291//2460
f 2288//2461 2291//2461 2289//2461
f 2292//2462 2293//2462 2291//2462
f 2292//2463 2291//2463 2290//2463
f 2292//2464 2294//2464 2293//2464
f 2295//2465 2294//2465 2292//2465
f 2295//2466 2296//2466 2297//2466
f 2295//2467 2297//2467 2294//2467
f 2296//2468 2298//2468 2299//2468
f 2296//2469 2299//2469 2297//2469
f 2298//2470 2300//2470 2301//2470
f 2298//2471 2301//2471 2299//2471
f 2300//2472 2302//2472 2303//2472
f 2300//2473 2303//2473 2301//2473
f 2302//2474 2304//2474 2305//2474
f 2302//2475 2305//2475 2303//2475
f 2304//2476 2306//2476 2307//2476
f 2304//2477 2307//2477 2305//2477
f 2306//2478 2308//2478 2309//2478
f 2306//2479 2309//2479 2307//2479
f 2308//2480 2310//2480 2311//2480
f 2308//2481 2311//2481 2309//2481
f 2310//2482 2312//2482 2313//2482
f 2310//2483 2313//2483 2311//2483
f 2312//2484 2314//2484 2315//2484
f 2312//2485 2315//2485 2313//2485
f 2314//2486 2316//2486 2317//2486
f 2314//2487 2317//2487 2315//2487
f 2316//2488 2318//2488 2319//2488
f 2316//2489 2319//2489 2317//2489
f 2318//2490 2320//2490 2321//2490
f 2318//2491 2321//2491 2319//2491
f 2320//2492 2322//2492 2323//2492
f 2320//2493 2323//2493 2321//2493
f 2323//2494 2324//2494 2325//2494
f 2325//2495 2324//2495 2326//2495
f 2325//2496 2326//2496 2327//2496
f 2328//2497 2326//2497 2324//2497
f 2329//2498 2327//2498 2326//2498
f 2330//2499 2327//2499 2329//2499
f 2331//2500 2330//2500 2332//2500
f 2331//2501 2332//2501 2333//2501
f 2334//2502 2331//2502 2333//2502
f 2335//2503 2336//2503 2337//2503
f 2338//2504 2336//2504 2335//2504
f 2338//2505 2335//2505 2339//2505
f 2338//2506 2339//2506 2340//2506
f 2338//2507 2340//2507 2341//2507
f 2342//2508 2341//2508 2340//2508
f 2343//2509 2342//2509 2340//2509
f 2343//2510 2340//2510 2344//2510
f 2343//2511 2344//2511 2345//2511
f 2346//2512 2343//2512 2345//2512
f 2347//2513 2346//2513 2345//2513
f 2347//2514 2345//2514 2348//2514
f 2347//2515 2348//2515 2349//2515
f 2347//2516 2349//2516 2350//2516
f 2351//2517 2350//2517 2352//2517
f 2353//2518 2351//2518 2352//2518
f 2353//2519 2352//2519 2354//2519
f 2355//2520 2356//2520 2357//2520
f 2355//2521 2357//2521 2358//2521
f 2359//2522 2355//2522 2358//2522
f 2359//2523 2358//2523 2360//2523
f 2361//2524 2359//2524 2360//2524
f 2361//2525 2360//2525 2362//2525
f 2363//2526 2364//2526 2362//2526
f 2365//2527 2364//2527 2363//2527
f 2365//2528 2363//2528 2366//2528
f 2367//2529 2368//2529 2364//2529
f 2368//2530 2369//2530 2361//2530
f 2368//2531 2361//2531 2364//2531
f 2370//2532 2367//2532 2365//2532
f 2370//2533 2365//2533 2371//2533
f 2372//2534 2370//2534 2371//2534
f 2372//2535 2371//2535 2373//2535
f 2374//2536 2372//2536 2373//2536
f 2374//2537 2373//2537 2375//2537
f 2374//2538 2375//2538 2376//2538
f 2376//2539 2375//2539 2377//2539
f 2378//2540 2376//2540 2377//2540
f 2378//2541 2377//2541 2379//2541
f 2378//2542 2379//2542 2380//2542
f 2378//2543 2380//2543 2381//2543
f 2382//2544 2381//2544 2380//2544
f 2382//2545 2380//2545 2383//2545
f 2384//2546 2382//2546 2383//2546
f 2384//2547 2383//2547 2385//2547
f 2386//2548 2384//2548 2385//2548
f 2386//2549 2385//2549 2387//2549
f 2388//2550 2386//2550 2387//2550
f 2388//2551 2387//2551 2389//2551
f 2390//2552 2388//2552 2389//2552
f 2390//2553 2389//2553 2391//2553
f 2392//2554 2390//2554 2391//2554
f 2393//2555 2392//2555 2391//2555
f 2394//2556 2392//2556 2393//2556
f 2394//2557 2393//2557 2395//2557
f 2396//2558 2394//2558 2395//2558
f 2396//2559 2395//2559 2397//2559
f 2398//2560 2396//2560 2397//2560
f 2398//2561 2397//2561 2399//2561
f 2400//2562 2398//2562 2399//2562
f 2400//2563 2399//2563 2401//2563
f 2400//2564 2401//2564 2402//2564
f 2400//2565 2402//2565 2403//2565
f 2404//2566 2403//2566 2402//2566
f 2404//2567 2402//2567 2405//2567
f 2404//2568 2405//2568 2406//2568
f 2407//2569 2404//2569 2406//2569
f 2407//2570 2406//2570 2408//2570
f 2409//2571 2407//2571 2408//2571
f 2409//2572 2408//2572 2410//2572
f 2411//2573 2409//2573 2410//2573
f 2411//2574 2410//2574 2412//2574
f 2413//2575 2411//2575 2412//2575
f 2413//2576 2412//2576 2414//2576
f 2415//2577 2413//2577 2414//2577
f 2415//2578 2416//2578 2417//2578
f 2418//2579 2419//2579 2420//2579
f 2418//2580 2420//2580 2421//2580
f 2422//2581 2423//2581 2424//2581
f 2423//2582 2425//2582 2426//2582
f 2423//2583 2426//2583 2424//2583
f 2426//2584 2425//2584 2427//2584
f 2426//2585 2427//2585 2428//2585
f 2428//2586 2427//2586 2429//2586
f 2428//2587 2429//2587 2430//2587
f 2431//2588 2430//2588 2429//2588
f 2431//2589 2429//2589 2432//2589
f 2431//2590 2432//2590 2433//2590
f 2434//2591 2431//2591 2433//2591
f 2435//2592 2434//2592 2433//2592
f 2435//2593 2433//2593 2436//2593
f 2435//2594 2436//2594 2437//2594
f 2435//2595 2437//2595 2438//2595
f 2439//2596 2438//2596 2440//2596
f 2441//2597 2439//2597 2440//2597
f 2441//2598 2440//2598 2442//2598
f 2443//2599 2444//2599 2445//2599
f 2443//2600 2445//2600 2446//2600
f 2447//2601 2443//2601 2446//2601
f 2447//2602 2446//2602 2448//2602
f 2447//2603 2448//2603 2449//2603
f 2449//2604 2448//2604 2450//2604
f 2451//2605 2449//2605 2450//2605
f 2451//2606 2450//2606 2452//2606
f 2453//2607 2451//2607 2452//2607
f 2453//2608 2452//2608 2454//2608
f 2455//2609 2453//2609 2454//2609
f 2456//2610 2455//2610 2454//2610
f 2457//2611 2455//2611 2456//2611
f 2457//2612 2456//2612 2458//2612
f 2459//2613 2457//2613 2458//2613
f 2459//2614 2458//2614 2460//2614
f 2459//2615 2460//2615 2461//2615
f 2459//2616 2461//2616 2462//2616
f 2463//2617 2462//2617 2461//2617
f 2463//2618 2461//2618 2464//2618
f 2465//2619 2463//2619 2464//2619
f 2465//2620 2464//2620 2466//2620
f 2467//2621 2468//2621 2466//2621
f 2469//2622 2468//2622 2467//2622
f 2469//2623 2467//2623 2470//2623
f 2471//2624 2472//2624 2465//2624
f 2471//2625 2465//2625 2468//2625
f 2473//2626 2469//2626 2470//2626
f 2474//2627 2473//2627 2470//2627
f 2475//2628 2473//2628 2474//2628
f 2475//2629 2474//2629 2476//2629
f 2477//2630 2475//2630 2476//2630
f 2477//2631 2476//2631 2478//2631
f 2479//2632 2477//2632 2478//2632
f 2479//2633 2478//2633 2480//2633
f 2481//2634 2479//2634 2480//2634
f 2481//2635 2480//2635 2482//2635
f 2483//2636 2481//2636 2482//2636
f 2483//2637 2482//2637 2484//2637
f 2485//2638 2483//2638 2484//2638
f 2485//2639 2484//2639 2486//2639
f 2487//2640 2485//2640 2486//2640
f 2487//2641 2486//2641 2488//2641
f 2487//2642 2488//2642 2489//2642
f 2487//2643 2489//2643 2490//2643
f 2491//2644 2490//2644 2489//2644
f 2491//2645 2489//2645 2492//2645
f 2493//2646 2491//2646 2492//2646
f 2493//2647 2492//2647 2494//2647
f 2495//2648 2493//2648 2494//2648
f 2495//2649 2494//2649 2496//2649
f 2497//2650 2495//2650 2496//2650
f 2497//2651 2496//2651 2498//2651
f 2499//2652 2497//2652 2498//2652
f 2499//2653 2498//2653 2500//2653
f 2501//2654 2499//2654 2500//2654
f 2501//2655 2500//2655 2502//2655
f 2503//2656 2501//2656 2502//2656
f 2503//2657 2502//2657 2504//2657
f 2505//2658 2503//2658 2504//2658
f 2505//2659 2504//2659 2506//2659
f 2507//2660 2505//2660 2506//2660
f 2507//2661 2506//2661 2508//2661
f 2507//2662 2508//2662 2509//2662
f 2507//2663 2509//2663 2510//2663
f 2511//2664 2510//2664 2509//2664
f 2511//2665 2509//2665 2512//2665
f 2513//2666 2511//2666 2512//2666
f 2513//2667 2512//2667 2514//2667
f 2515//2668 2513//2668 2514//2668
f 2515//2669 2514//2669 2516//2669
f 2515//2670 2516//2670 2517//2670
f 2515//2671 2517//2671 2518//2671
f 2519//2672 2520//2672 2518//2672
f 2519//2673 2518//2673 2517//2673
f 2521//2674 2522//2674 2520//2674
f 2521//2675 2520//2675 2519//2675
f 2523//2676 2522//2676 2521//2676
f 2524//2677 2525//2677 2526//2677
f 2524//2678 2526//2678 2527//2678
f 2526//2679 2525//2679 2528//2679
f 2528//2680 2529//2680 2530//2680
f 2530//2681 2531//2681 2532//2681
f 2533//2682 2532//2682 2534//2682
f 2535//2683 2533//2683 2534//2683
f 2535//2684 2534//2684 2536//2684
f 2534//2685 2537//2685 2538//2685
f 2534//2686 2538//2686 2536//2686
f 2537//2687 2531//2687 2539//2687
f 2529//2688 2539//2688 2531//2688
f 2540//2689 2539//2689 2529//2689
f 2524//2690 2541//2690 2540//2690
f 2524//2691 2540//2691 2525//2691
f 2542//2692 2541//2692 2524//2692
f 2542//2693 2543//2693 2541//2693
f 2544//2694 2543//2694 2542//2694
f 2544//2695 2542//2695 2545//2695
f 2546//2696 2544//2696 2545//2696
f 2546//2697 2545//2697 2547//2697
f 2548//2698 2546//2698 2547//2698
f 2549//2699 2550//2699 2551//2699
f 2549//2700 2551//2700 2552//2700
f 2553//2701 2551//2701 2550//2701
f 2553//2702 2554//2702 2551//2702
f 2553//2703 2555//2703 2556//2703
f 2553//2704 2556//2704 2554//2704
f 2555//2705 2557//2705 2558//2705
f 2555//2706 2558//2706 2556//2706
f 2557//2707 2559//2707 2560//2707
f 2557//2708 2560//2708 2558//2708
f 2559//2709 2561//2709 2562//2709
f 2559//2710 2562//2710 2560//2710
f 2561//2711 2563//2711 2564//2711
f 2561//2712 2564//2712 2562//2712
f 2563//2713 2565//2713 2566//2713
f 2563//2714 2566//2714 2564//2714
f 2565//2715 2567//2715 2568//2715
f 2565//2716 2568//2716 2566//2716
f 2567//2717 2569//2717 2568//2717
f 2570//2718 2571//2718 2569//2718
f 2570//2719 2569//2719 2572//2719
f 2570//2720 2573//2720 2574//2720
f 2570//2721 2574//2721 2571//2721
f 2573//2722 2575//2722 2576//2722
f 2573//2723 2576//2723 2574//2723
f 2575//2724 2577//2724 2578//2724
f 2575//2725 2578//2725 2576//2725
f 2577//2726 2579//2726 2580//2726
f 2577//2727 2580//2727 2578//2727
f 2579//2728 2581//2728 2582//2728
f 2579//2729 2582//2729 2580//2729
f 2581//2730 2583//2730 2584//2730
f 2581//2731 2584//2731 2582//2731
f 2583//2732 2585//2732 2586//2732
f 2583//2733 2586//2733 2584//2733
f 2587//2734 2588//2734 2586//2734
f 2587//2735 2586//2735 2585//2735
f 2587//2736 2589//2736 2590//2736
f 2587//2737 2590//2737 2588//2737
f 2589//2738 2591//2738 2592//2738
f 2589//2739 2592//2739 2590//2739
f 2591//2740 2593//2740 2594//2740
f 2591//2741 2594//2741 2592//2741
f 2593//2742 2595//2742 2596//2742
f 2593//2743 2596//2743 2594//2743
f 2595//2744 2597//2744 2598//2744
f 2595//2745 2598//2745 2596//2745
f 2597//2746 2599//2746 2600//2746
f 2597//2747 2600//2747 2598//2747
f 2601//2748 2602//2748 2600//2748
f 2601//2749 2600//2749 2599//2749
f 2601//2750 2603//2750 2604//2750
f 2601//2751 2604//2751 2602//2751
f 2605//2752 2606//2752 2604//2752
f 2605//2753 2604//2753 2603//2753
f 2607//2754 2608//2754 2606//2754
f 2607//2755 2606//2755 2605//2755
f 2607//2756 2609//2756 2610//2756
f 2607//2757 2610//2757 2608//2757
f 2609//2758 2611//2758 2612//2758
f 2609//2759 2612//2759 2610//2759
f 2611//2760 2613//2760 2614//2760
f 2613//2761 2615//2761 2616//2761
f 2613//2762 2616//2762 2614//2762
f 2615//2763 2617//2763 2618//2763
f 2615//2764 2618//2764 2616//2764
f 2617//2765 2619//2765 2620//2765
f 2617//2766 2620//2766 2618//2766
f 2621//2767 2622//2767 2623//2767
f 2621//2768 2623//2768 2624//2768
f 2624//2769 2623//2769 2625//2769
f 2624//2770 2625//2770 2626//2770
f 2626//2771 2625//2771 2627//2771
f 2626//2772 2627//2772 2628//2772
f 2536//2773 2627//2773 2629//2773
f 2623//2774 2630//2774 2631//2774
f 2623//2775 2631//2775 2625//2775
f 2632//2776 2633//2776 2630//2776
f 2634//2777 2632//2777 2630//2777
f 2635//2778 2632//2778 2634//2778
f 2635//2779 2634//2779 2636//2779
f 2637//2780 2635//2780 2636//2780
f 2637//2781 2636//2781 2638//2781
f 2639//2782 2637//2782 2638//2782
f 2639//2783 2638//2783 2640//2783
f 2641//2784 2640//2784 2642//2784
f 2643//2785 2641//2785 2642//2785
f 2643//2786 2642//2786 2644//2786
f 2645//2787 2643//2787 2644//2787
f 2645//2788 2644//2788 2646//2788
f 2645//2789 2646//2789 2647//2789
f 2647//2790 2646//2790 2648//2790
f 2649//2791 2647//2791 2648//2791
f 2649//2792 2648//2792 2650//2792
f 2651//2793 2649//2793 2650//2793
f 2652//2794 2651//2794 2650//2794
f 2653//2795 2651//2795 2652//2795
f 2653//2796 2652//2796 2654//2796
f 2655//2797 2653//2797 2654//2797
f 2655//2798 2654//2798 2656//2798
f 2657//2799 2655//2799 2656//2799
f 2657//2800 2656//2800 2658//2800
f 2659//2801 2658//2801 2660//2801
f 2661//2802 2659//2802 2660//2802
f 2661//2803 2660//2803 2662//2803
f 2663//2804 2661//2804 2662//2804
f 2663//2805 2662//2805 2664//2805
f 2665//2806 2663//2806 2664//2806
f 2665//2807 2664//2807 2666//2807
f 2667//2808 2665//2808 2666//2808
f 2667//2809 2666//2809 2668//2809
f 2667//2810 2668//2810 2669//2810
f 2667//2811 2669//2811 2670//2811
f 2671//2812 2670//2812 2669//2812
f 2671//2813 2669//2813 2672//2813
f 2673//2814 2671//2814 2672//2814
f 2673//2815 2672//2815 2674//2815
f 2675//2816 2673//2816 2674//2816
f 2675//2817 2674//2817 2676//2817
f 2675//2818 2676//2818 2677//2818
f 2675//2819 2677//2819 2678//2819
f 2678//2820 2677//2820 2679//2820
f 2678//2821 2679//2821 2680//2821
f 2680//2822 2679//2822 2681//2822
f 2680//2823 2681//2823 2682//2823
f 2683//2824 2682//2824 2681//2824
f 2683//2825 2684//2825 2685//2825
f 2683//2826 2685//2826 2686//2826
f 2687//2827 2686//2827 2685//2827
f 2687//2828 2685//2828 2688//2828
f 2689//2829 2687//2829 2688//2829
f 2689//2830 2688//2830 2690//2830
f 2691//2831 2689//2831 2690//2831
f 2691//2832 2690//2832 2692//2832
f 2693//2833 2691//2833 2692//2833
f 2693//2834 2692//2834 2694//2834
f 2695//2835 2693//2835 2694//2835
f 2695//2836 2694//2836 2696//2836
f 2697//2837 2695//2837 2696//2837
f 2697//2838 2696//2838 2698//2838
f 2699//2839 2697//2839 2698//2839
f 2699//2840 2698//2840 2700//2840
f 2701//2841 2699//2841 2700//2841
f 2701//2842 2700//2842 2702//2842
f 2703//2843 2701//2843 2702//2843
f 2703//2844 2702//2844 2704//2844
f 2705//2845 2704//2845 2549//2845
f 2703//2846 2706//2846 2707//2846
f 2703//2847 2707//2847 2701//2847
f 2702//2848 2700//2848 2555//2848
f 2702//2849 2555//2849 2553//2849
f 2700//2850 2698//2850 2557//2850
f 2700//2851 2557//2851 2555//2851
f 2698//2852 2696//2852 2559//2852
f 2698//2853 2559//2853 2557//2853
f 2696//2854 2694//2854 2561//2854
f 2696//2855 2561//2855 2559//2855
f 2694//2856 2692//2856 2563//2856
f 2694//2857 2563//2857 2561//2857
f 2692//2858 2690//2858 2565//2858
f 2692//2859 2565//2859 2563//2859
f 2690//2860 2688//2860 2567//2860
f 2690//2861 2567//2861 2565//2861
f 2685//2862 2572//2862 2567//2862
f 2685//2863 2567//2863 2688//2863
f 2701//2864 2707//2864 2708//2864
f 2701//2865 2708//2865 2699//2865
f 2699//2866 2708//2866 2709//2866
f 2699//2867 2709//2867 2697//2867
f 2697//2868 2709//2868 2710//2868
f 2697//2869 2710//2869 2695//2869
f 2695//2870 2710//2870 2711//2870
f 2695//2871 2711//2871 2693//2871
f 2693//2872 2711//2872 2712//2872
f 2693//2873 2712//2873 2691//2873
f 2691//2874 2712//2874 2713//2874
f 2691//2875 2713//2875 2689//2875
f 2689//2876 2713//2876 2714//2876
f 2689//2877 2714//2877 2687//2877
f 2687//2878 2714//2878 2715//2878
f 2687//2879 2715//2879 2686//2879
f 2508//2880 2716//2880 2715//2880
f 2508//2881 2715//2881 2714//2881
f 2685//2882 2684//2882 2570//2882
f 2685//2883 2570//2883 2572//2883
f 2683//2884 2686//2884 2715//2884
f 2716//2885 2717//2885 2683//2885
f 2716//2886 2683//2886 2715//2886
f 2681//2887 2684//2887 2683//2887
f 2500//2888 2682//2888 2683//2888
f 2500//2889 2683//2889 2717//2889
f 2680//2890 2682//2890 2500//2890
f 2657//2891 2658//2891 2659//2891
f 2656//2892 2599//2892 2658//2892
f 2639//2893 2640//2893 2641//2893
f 2638//2894 2617//2894 2640//2894
f 2633//2895 2718//2895 2631//2895
f 2633//2896 2631//2896 2630//2896
f 2718//2897 2719//2897 2629//2897
f 2718//2898 2629//2898 2631//2898
f 2448//2899 2446//2899 2719//2899
f 2448//2900 2719//2900 2718//2900
f 2719//2901 2535//2901 2629//2901
f 2625//2902 2631//2902 2629//2902
f 2625//2903 2629//2903 2627//2903
f 2538//2904 2628//2904 2627//2904
f 2720//2905 2628//2905 2538//2905
f 2720//2906 2721//2906 2628//2906
f 2722//2907 2721//2907 2720//2907
f 2723//2908 2722//2908 2720//2908
f 2724//2909 2722//2909 2723//2909
f 2725//2910 2724//2910 2723//2910
f 2726//2911 2724//2911 2725//2911
f 2727//2912 2728//2912 2729//2912
f 2727//2913 2729//2913 2730//2913
f 2731//2914 2730//2914 2729//2914
f 2731//2915 2729//2915 2732//2915
f 2731//2916 2732//2916 2733//2916
f 2731//2917 2733//2917 2734//2917
f 2734//2918 2733//2918 2735//2918
f 2734//2919 2735//2919 2736//2919
f 2737//2920 2736//2920 2735//2920
f 2737//2921 2735//2921 2738//2921
f 2739//2922 2737//2922 2738//2922
f 2740//2923 2739//2923 2738//2923
f 2740//2924 2738//2924 2741//2924
f 2740//2925 2741//2925 2742//2925
f 2740//2926 2742//2926 2743//2926
f 2744//2927 2745//2927 2746//2927
f 2744//2928 2746//2928 2747//2928
f 2744//2929 2748//2929 2749//2929
f 2744//2930 2749//2930 2750//2930
f 2751//2931 2752//2931 2753//2931
f 2751//2932 2753//2932 2754//2932
f 2755//2933 2756//2933 2752//2933
f 2757//2934 2758//2934 2756//2934
f 2757//2935 2756//2935 2755//2935
f 2759//2936 2760//2936 2761//2936
f 2759//2937 2761//2937 2762//2937
f 2762//2938 2761//2938 2763//2938
f 2762//2939 2763//2939 2745//2939
f 2764//2940 2765//2940 2766//2940
f 2764//2941 2766//2941 2767//2941
f 2768//2942 2769//2942 2770//2942
f 2771//2943 2768//2943 2770//2943
f 2772//2944 2768//2944 2771//2944
f 2772//2945 2771//2945 2773//2945
f 2774//2946 2773//2946 2775//2946
f 2776//2947 2774//2947 2775//2947
f 2776//2948 2775//2948 2777//2948
f 2776//2949 2777//2949 2778//2949
f 2776//2950 2778//2950 2779//2950
f 2780//2951 2779//2951 2778//2951
f 2780//2952 2778//2952 2781//2952
f 2782//2953 2780//2953 2781//2953
f 2782//2954 2781//2954 2783//2954
f 2784//2955 2782//2955 2783//2955
f 2784//2956 2783//2956 2785//2956
f 2786//2957 2784//2957 2785//2957
f 2786//2958 2785//2958 2787//2958
f 2788//2959 2786//2959 2787//2959
f 2788//2960 2787//2960 2789//2960
f 2790//2961 2788//2961 2789//2961
f 2790//2962 2789//2962 2791//2962
f 2790//2963 2791//2963 2792//2963
f 2790//2964 2792//2964 2793//2964
f 2794//2965 2793//2965 2792//2965
f 2794//2966 2792//2966 2795//2966
f 2796//2967 2794//2967 2795//2967
f 2796//2968 2795//2968 2797//2968
f 2798//2969 2796//2969 2797//2969
f 2798//2970 2797//2970 2799//2970
f 2800//2971 2798//2971 2799//2971
f 2800//2972 2799//2972 2801//2972
f 2802//2973 2800//2973 2801//2973
f 2802//2974 2801//2974 2803//2974
f 2804//2975 2802//2975 2803//2975
f 2804//2976 2803//2976 2805//2976
f 2806//2977 2804//2977 2805//2977
f 2806//2978 2805//2978 2807//2978
f 2808//2979 2806//2979 2807//2979
f 2808//2980 2807//2980 2809//2980
f 2810//2981 2808//2981 2809//2981
f 2810//2982 2809//2982 2811//2982
f 2812//2983 2810//2983 2811//2983
f 2812//2984 2811//2984 2813//2984
f 2814//2985 2812//2985 2813//2985
f 2814//2986 2813//2986 2815//2986
f 2816//2987 2814//2987 2815//2987
f 2816//2988 2815//2988 2817//2988
f 2818//2989 2816//2989 2817//2989
f 2818//2990 2817//2990 2819//2990
f 2820//2991 2818//2991 2819//2991
f 2821//2992 2822//2992 2823//2992
f 2824//2993 2821//2993 2823//2993
f 2824//2994 2823//2994 2825//2994
f 2826//2995 2824//2995 2825//2995
f 2826//2996 2825//2996 2827//2996
f 2828//2997 2826//2997 2827//2997
f 2828//2998 2827//2998 2829//2998
f 2830//2999 2828//2999 2829//2999
f 2830//3000 2829//3000 2831//3000
f 2832//3001 2830//3001 2831//3001
f 2832//3002 2831//3002 2833//3002
f 2834//3003 2835//3003 2836//3003
f 2834//3004 2836//3004 2837//3004
f 2835//3005 2838//3005 2839//3005
f 2835//3006 2839//3006 2836//3006
f 2840//3007 2839//3007 2838//3007
f 2840//3008 2838//3008 2841//3008
f 2840//3009 2841//3009 2842//3009
f 2843//3010 2844//3010 2845//3010
f 2845//3011 2844//3011 2846//3011
f 2846//3012 2847//3012 2848//3012
f 2841//3013 2838//3013 2849//3013
f 2841//3014 2849//3014 2847//3014
f 2850//3015 2849//3015 2838//3015
f 2850//3016 2838//3016 2835//3016
f 2851//3017 2850//3017 2835//3017
f 2851//3018 2835//3018 2834//3018
f 2852//3019 2851//3019 2834//3019
f 2853//3020 2854//3020 2855//3020
f 2856//3021 2857//3021 2855//3021
f 2856//3022 2855//3022 2854//3022
f 2856//3023 2858//3023 2859//3023
f 2856//3024 2859//3024 2857//3024
f 2858//3025 2860//3025 2861//3025
f 2858//3026 2861//3026 2859//3026
f 2860//3027 2862//3027 2863//3027
f 2860//3028 2863//3028 2861//3028
f 2862//3029 2864//3029 2865//3029
f 2864//3030 2866//3030 2867//3030
f 2864//3031 2867//3031 2865//3031
f 2866//3032 2868//3032 2869//3032
f 2866//3033 2869//3033 2867//3033
f 2868//3034 2870//3034 2871//3034
f 2870//3035 2872//3035 2873//3035
f 2870//3036 2873//3036 2871//3036
f 2872//3037 2874//3037 2875//3037
f 2872//3038 2875//3038 2873//3038
f 2874//3039 2876//3039 2875//3039
f 2877//3040 2876//3040 2874//3040
f 2877//3041 2878//3041 2879//3041
f 2877//3042 2879//3042 2876//3042
f 2878//3043 2880//3043 2881//3043
f 2878//3044 2881//3044 2879//3044
f 2882//3045 2881//3045 2880//3045
f 2882//3046 2883//3046 2884//3046
f 2882//3047 2884//3047 2881//3047
f 2883//3048 2885//3048 2886//3048
f 2883//3049 2886//3049 2884//3049
f 2885//3050 2887//3050 2888//3050
f 2885//3051 2888//3051 2886//3051
f 2887//3052 2889//3052 2890//3052
f 2887//3053 2890//3053 2888//3053
f 2891//3054 2892//3054 2893//3054
f 2891//3055 2893//3055 2894//3055
f 2892//3056 2895//3056 2893//3056
f 2896//3057 2897//3057 2895//3057
f 2896//3058 2895//3058 2892//3058
f 2898//3059 2899//3059 2900//3059
f 2901//3060 2898//3060 2900//3060
f 2748//3061 2902//3061 2898//3061
f 2748//3062 2898//3062 2901//3062
f 2902//3063 2843//3063 2898//3063
f 2747//3064 2742//3064 2843//3064
f 2747//3065 2843//3065 2902//3065
f 2845//3066 2848//3066 2899//3066
f 2899//3067 2848//3067 2903//3067
f 2848//3068 2904//3068 2905//3068
f 2848//3069 2905//3069 2903//3069
f 2905//3070 2904//3070 2906//3070
f 2906//3071 2849//3071 2850//3071
f 2906//3072 2850//3072 2907//3072
f 2908//3073 2907//3073 2850//3073
f 2908//3074 2850//3074 2851//3074
f 2909//3075 2908//3075 2851//3075
f 2909//3076 2851//3076 2852//3076
f 2910//3077 2911//3077 2912//3077
f 2911//3078 2913//3078 2914//3078
f 2911//3079 2914//3079 2912//3079
f 2913//3080 2915//3080 2914//3080
f 2916//3081 2915//3081 2913//3081
f 2916//3082 2917//3082 2918//3082
f 2916//3083 2918//3083 2915//3083
f 2917//3084 2919//3084 2920//3084
f 2917//3085 2920//3085 2918//3085
f 2919//3086 2921//3086 2922//3086
f 2919//3087 2922//3087 2920//3087
f 2918//3088 2920//3088 2923//3088
f 2918//3089 2923//3089 2924//3089
f 2915//3090 2924//3090 2925//3090
f 2925//3091 2924//3091 2926//3091
f 2925//3092 2926//3092 2927//3092
f 2928//3093 2925//3093 2927//3093
f 2929//3094 2930//3094 2931//3094
f 2932//3095 2933//3095 2931//3095
f 2932//3096 2931//3096 2930//3096
f 2934//3097 2935//3097 2933//3097
f 2934//3098 2933//3098 2932//3098
f 2934//3099 2936//3099 2937//3099
f 2934//3100 2937//3100 2935//3100
f 2936//3101 2938//3101 2939//3101
f 2936//3102 2939//3102 2937//3102
f 2938//3103 2940//3103 2941//3103
f 2938//3104 2941//3104 2939//3104
f 2940//3105 2942//3105 2943//3105
f 2942//3106 2944//3106 2945//3106
f 2942//3107 2945//3107 2943//3107
f 2946//3108 2947//3108 2945//3108
f 2946//3109 2948//3109 2949//3109
f 2946//3110 2949//3110 2947//3110
f 2949//3111 2948//3111 2950//3111
f 2949//3112 2950//3112 2951//3112
f 2951//3113 2950//3113 2952//3113
f 2951//3114 2952//3114 2953//3114
f 2954//3115 2952//3115 2955//3115
f 2948//3116 2956//3116 2957//3116
f 2948//3117 2957//3117 2950//3117
f 2958//3118 2956//3118 2946//3118
f 2959//3119 2958//3119 2946//3119
f 2959//3120 2946//3120 2944//3120
f 2959//3121 2960//3121 2961//3121
f 2959//3122 2961//3122 2958//3122
f 2962//3123 2963//3123 2964//3123
f 2965//3124 2964//3124 2963//3124
f 2965//3125 2963//3125 2966//3125
f 2965//3126 2966//3126 2967//3126
f 2967//3127 2966//3127 2968//3127
f 2967//3128 2968//3128 2969//3128
f 2970//3129 2971//3129 2968//3129
f 2972//3130 2968//3130 2971//3130
f 2972//3131 2971//3131 2973//3131
f 2972//3132 2973//3132 2974//3132
f 2975//3133 2976//3133 2974//3133
f 2975//3134 2974//3134 2973//3134
f 2977//3135 2975//3135 2973//3135
f 2977//3136 2973//3136 2978//3136
f 2979//3137 2980//3137 2981//3137
f 2970//3138 2981//3138 2980//3138
f 2982//3139 2979//3139 2981//3139
f 2982//3140 2981//3140 2983//3140
f 2984//3141 2982//3141 2983//3141
f 2984//3142 2983//3142 2985//3142
f 2986//3143 2984//3143 2985//3143
f 2986//3144 2985//3144 2987//3144
f 2988//3145 2989//3145 2987//3145
f 2990//3146 2989//3146 2988//3146
f 2990//3147 2988//3147 2991//3147
f 2992//3148 2993//3148 2989//3148
f 2992//3149 2989//3149 2990//3149
f 2993//3150 2994//3150 2986//3150
f 2993//3151 2986//3151 2989//3151
f 2995//3152 2992//3152 2990//3152
f 2995//3153 2990//3153 2996//3153
f 2997//3154 2995//3154 2996//3154
f 2997//3155 2996//3155 2998//3155
f 2999//3156 3000//3156 2998//3156
f 2999//3157 2998//3157 3001//3157
f 3002//3158 2999//3158 3001//3158
f 3002//3159 3001//3159 3003//3159
f 3004//3160 3002//3160 3003//3160
f 3004//3161 3003//3161 3005//3161
f 3004//3162 3005//3162 3006//3162
f 3006//3163 3005//3163 2921//3163
f 2869//3164 2871//3164 3006//3164
f 2869//3165 3006//3165 3007//3165
f 3005//3166 3003//3166 3008//3166
f 3009//3167 3005//3167 3008//3167
f 3009//3168 3008//3168 3010//3168
f 3009//3169 3010//3169 3011//3169
f 3010//3170 3008//3170 3012//3170
f 3008//3171 3013//3171 3014//3171
f 3008//3172 3014//3172 3012//3172
f 3013//3173 3015//3173 3016//3173
f 3013//3174 3016//3174 3014//3174
f 3015//3175 3017//3175 3018//3175
f 3015//3176 3018//3176 3016//3176
f 3017//3177 2991//3177 3019//3177
f 3017//3178 3019//3178 3018//3178
f 3020//3179 3018//3179 3019//3179
f 3020//3180 3019//3180 3021//3180
f 3021//3181 3019//3181 2960//3181
f 3020//3182 3021//3182 3022//3182
f 3020//3183 3022//3183 3023//3183
f 3024//3184 3020//3184 3023//3184
f 3024//3185 3023//3185 3025//3185
f 3026//3186 3024//3186 3025//3186
f 3027//3187 3026//3187 3025//3187
f 3028//3188 3026//3188 3027//3188
f 3028//3189 3027//3189 3029//3189
f 3030//3190 3028//3190 3029//3190
f 3030//3191 3029//3191 3031//3191
f 3032//3192 3030//3192 3031//3192
f 3032//3193 3031//3193 3033//3193
f 3034//3194 3032//3194 3033//3194
f 3034//3195 3033//3195 3035//3195
f 2926//3196 3035//3196 3036//3196
f 3034//3197 3035//3197 2926//3197
f 3033//3198 2930//3198 3035//3198
f 3037//3199 3032//3199 3034//3199
f 3037//3200 3034//3200 2923//3200
f 3037//3201 3011//3201 3030//3201
f 3037//3202 3030//3202 3032//3202
f 3019//3203 3038//3203 2960//3203
f 3016//3204 3018//3204 3020//3204
f 3016//3205 3020//3205 3024//3205
f 3014//3206 3016//3206 3024//3206
f 3014//3207 3024//3207 3026//3207
f 3014//3208 3026//3208 3012//3208
f 3010//3209 3012//3209 3026//3209
f 3010//3210 3026//3210 3028//3210
f 2922//3211 3009//3211 3011//3211
f 2922//3212 3011//3212 3037//3212
f 3011//3213 3010//3213 3028//3213
f 3011//3214 3028//3214 3030//3214
f 3003//3215 3001//3215 3013//3215
f 3003//3216 3013//3216 3008//3216
f 3001//3217 2998//3217 3015//3217
f 3001//3218 3015//3218 3013//3218
f 2876//3219 3000//3219 2999//3219
f 2998//3220 3017//3220 3015//3220
f 2997//3221 2998//3221 3000//3221
f 2996//3222 3017//3222 2998//3222
f 2881//3223 2992//3223 2995//3223
f 2996//3224 2990//3224 2991//3224
f 2996//3225 2991//3225 3017//3225
f 2991//3226 2988//3226 3038//3226
f 2991//3227 3038//3227 3019//3227
f 2988//3228 2987//3228 3039//3228
f 2988//3229 3039//3229 3038//3229
f 2987//3230 2985//3230 2962//3230
f 2987//3231 2962//3231 3039//3231
f 2989//3232 2986//3232 2987//3232
f 2994//3233 3040//3233 2984//3233
f 2994//3234 2984//3234 2986//3234
f 3040//3235 3041//3235 2982//3235
f 3040//3236 2982//3236 2984//3236
f 2963//3237 2983//3237 2981//3237
f 2963//3238 2981//3238 2966//3238
f 3041//3239 3042//3239 2979//3239
f 3041//3240 2979//3240 2982//3240
f 3043//3241 3044//3241 2978//3241
f 3043//3242 2978//3242 3045//3242
f 3044//3243 3046//3243 2977//3243
f 3044//3244 2977//3244 2978//3244
f 3047//3245 3048//3245 2977//3245
f 3047//3246 2977//3246 3046//3246
f 3049//3247 3050//3247 3048//3247
f 3051//3248 3052//3248 3050//3248
f 3053//3249 3054//3249 3052//3249
f 3053//3250 3052//3250 3055//3250
f 3056//3251 3054//3251 3053//3251
f 3056//3252 3053//3252 3057//3252
f 3058//3253 3056//3253 3057//3253
f 3059//3254 3058//3254 3057//3254
f 3060//3255 3061//3255 3058//3255
f 3060//3256 3058//3256 3059//3256
f 3062//3257 3063//3257 3064//3257
f 3062//3258 3065//3258 3066//3258
f 3062//3259 3066//3259 3063//3259
f 3065//3260 3067//3260 3068//3260
f 3065//3261 3068//3261 3066//3261
f 3069//3262 3070//3262 3071//3262
f 3069//3263 3071//3263 3072//3263
f 3069//3264 3073//3264 3074//3264
f 3069//3265 3074//3265 3070//3265
f 3074//3266 3075//3266 3076//3266
f 3077//3267 3076//3267 3075//3267
f 3078//3268 3076//3268 3077//3268
f 3078//3269 3077//3269 3079//3269
f 3078//3270 3079//3270 3080//3270
f 3081//3271 3080//3271 3079//3271
f 3082//3272 3079//3272 2953//3272
f 3083//3273 3081//3273 3082//3273
f 3084//3274 3081//3274 3083//3274
f 3085//3275 3084//3275 3083//3275
f 3086//3276 3084//3276 3085//3276
f 3087//3277 3088//3277 3086//3277
f 3087//3278 3086//3278 3089//3278
f 3087//3279 3090//3279 3088//3279
f 3091//3280 3092//3280 3093//3280
f 3091//3281 3093//3281 3094//3281
f 3095//3282 3096//3282 3097//3282
f 3098//3283 3096//3283 3095//3283
f 3099//3284 3100//3284 3097//3284
f 3099//3285 3097//3285 3096//3285
f 3101//3286 3097//3286 3100//3286
f 3101//3287 3100//3287 3102//3287
f 3101//3288 3102//3288 3103//3288
f 3104//3289 3103//3289 3102//3289
f 3105//3290 3103//3290 3104//3290
f 3106//3291 3105//3291 3104//3291
f 3107//3292 3105//3292 3106//3292
f 3108//3293 3109//3293 3107//3293
f 3108//3294 3107//3294 3110//3294
f 3111//3295 3112//3295 3109//3295
f 3111//3296 3109//3296 3108//3296
f 3111//3297 3113//3297 3112//3297
f 3114//3298 3115//3298 3109//3298
f 3114//3299 3116//3299 3115//3299
f 3115//3300 3116//3300 3117//3300
f 3118//3301 3119//3301 3103//3301
f 3117//3302 3118//3302 3105//3302
f 3120//3303 3121//3303 3097//3303
f 3122//3304 3111//3304 3108//3304
f 3122//3305 3108//3305 3123//3305
f 3123//3306 3108//3306 3110//3306
f 3123//3307 3110//3307 3124//3307
f 3124//3308 3110//3308 3125//3308
f 3125//3309 3106//3309 3126//3309
f 3126//3310 3104//3310 3080//3310
f 3125//3311 3126//3311 3084//3311
f 3110//3312 3106//3312 3125//3312
f 3113//3313 3127//3313 3114//3313
f 3113//3314 3114//3314 3112//3314
f 3112//3315 3114//3315 3109//3315
f 3109//3316 3115//3316 3117//3316
f 3109//3317 3117//3317 3107//3317
f 3110//3318 3107//3318 3106//3318
f 3107//3319 3117//3319 3105//3319
f 3106//3320 3104//3320 3126//3320
f 3105//3321 3118//3321 3103//3321
f 3104//3322 3102//3322 3080//3322
f 3101//3323 3103//3323 3119//3323
f 3101//3324 3119//3324 3120//3324
f 3101//3325 3120//3325 3097//3325
f 3099//3326 3102//3326 3100//3326
f 3099//3327 3096//3327 3076//3327
f 3095//3328 3097//3328 3121//3328
f 3093//3329 3095//3329 3121//3329
f 3092//3330 3098//3330 3095//3330
f 3092//3331 3095//3331 3093//3331
f 3092//3332 3070//3332 3098//3332
f 3063//3333 3066//3333 3128//3333
f 3128//3334 3091//3334 3094//3334
f 3129//3335 3130//3335 3131//3335
f 3129//3336 3131//3336 3132//3336
f 3132//3337 3131//3337 3133//3337
f 3133//3338 3134//3338 3135//3338
f 3135//3339 3136//3339 3137//3339
f 3137//3340 3138//3340 3139//3340
f 3139//3341 3140//3341 2954//3341
f 3139//3342 2954//3342 3141//3342
f 3141//3343 2954//3343 2969//3343
f 3141//3344 2972//3344 2974//3344
f 3141//3345 2974//3345 3142//3345
f 3143//3346 3141//3346 3142//3346
f 3143//3347 3142//3347 3144//3347
f 3143//3348 3144//3348 3145//3348
f 3146//3349 3143//3349 3145//3349
f 3146//3350 3145//3350 3147//3350
f 3146//3351 3147//3351 3148//3351
f 3149//3352 3146//3352 3148//3352
f 3150//3353 3149//3353 3148//3353
f 3151//3354 3149//3354 3150//3354
f 3151//3355 3150//3355 3152//3355
f 3153//3356 3151//3356 3152//3356
f 3154//3357 3153//3357 3152//3357
f 3155//3358 3150//3358 3156//3358
f 3157//3359 3158//3359 3147//3359
f 3157//3360 3147//3360 3159//3360
f 3160//3361 3157//3361 3159//3361
f 3160//3362 3159//3362 3144//3362
f 3160//3363 3144//3363 2976//3363
f 3148//3364 3147//3364 3158//3364
f 3148//3365 3158//3365 3156//3365
f 3156//3366 3158//3366 3054//3366
f 3156//3367 3054//3367 3056//3367
f 3155//3368 3156//3368 3056//3368
f 3152//3369 3150//3369 3155//3369
f 3152//3370 3155//3370 3161//3370
f 3161//3371 3155//3371 3058//3371
f 3161//3372 3058//3372 3061//3372
f 3162//3373 3161//3373 3061//3373
f 3163//3374 3164//3374 3153//3374
f 3154//3375 3152//3375 3161//3375
f 3154//3376 3161//3376 3162//3376
f 3150//3377 3148//3377 3156//3377
f 3159//3378 3147//3378 3145//3378
f 3159//3379 3145//3379 3144//3379
f 2976//3380 3144//3380 3142//3380
f 2976//3381 3142//3381 2974//3381
f 3141//3382 2969//3382 2972//3382
f 3143//3383 3139//3383 3141//3383
f 3138//3384 3140//3384 3139//3384
f 3136//3385 3083//3385 3138//3385
f 3137//3386 3139//3386 3143//3386
f 3146//3387 3137//3387 3143//3387
f 3136//3388 3138//3388 3137//3388
f 3134//3389 3085//3389 3136//3389
f 3089//3390 3085//3390 3134//3390
f 3089//3391 3134//3391 3165//3391
f 3166//3392 3165//3392 3134//3392
f 3167//3393 3087//3393 3165//3393
f 3167//3394 3165//3394 3166//3394
f 3168//3395 3169//3395 3087//3395
f 3168//3396 3087//3396 3167//3396
f 3135//3397 3137//3397 3146//3397
f 3149//3398 3135//3398 3146//3398
f 3134//3399 3136//3399 3135//3399
f 3133//3400 3135//3400 3149//3400
f 3151//3401 3133//3401 3149//3401
f 3166//3402 3134//3402 3133//3402
f 3166//3403 3133//3403 3131//3403
f 3153//3404 3132//3404 3133//3404
f 3153//3405 3133//3405 3151//3405
f 3167//3406 3166//3406 3131//3406
f 3167//3407 3131//3407 3130//3407
f 3129//3408 3132//3408 3153//3408
f 3129//3409 3153//3409 3164//3409
f 3168//3410 3167//3410 3130//3410
f 3087//3411 3169//3411 3090//3411
f 3090//3412 3123//3412 3124//3412
f 3090//3413 3124//3413 3088//3413
f 3086//3414 3088//3414 3124//3414
f 3087//3415 3089//3415 3165//3415
f 3086//3416 3124//3416 3125//3416
f 3089//3417 3086//3417 3085//3417
f 3086//3418 3125//3418 3084//3418
f 3085//3419 3083//3419 3136//3419
f 3084//3420 3126//3420 3081//3420
f 3083//3421 3082//3421 3138//3421
f 3138//3422 3082//3422 3140//3422
f 3077//3423 2951//3423 2953//3423
f 3077//3424 2953//3424 3079//3424
f 3082//3425 2953//3425 3140//3425
f 3126//3426 3080//3426 3081//3426
f 3081//3427 3079//3427 3082//3427
f 3078//3428 3080//3428 3102//3428
f 3078//3429 3102//3429 3099//3429
f 3078//3430 3099//3430 3076//3430
f 3077//3431 3075//3431 2951//3431
f 3074//3432 3076//3432 3096//3432
f 3074//3433 3096//3433 3098//3433
f 3074//3434 3098//3434 3070//3434
f 3073//3435 3075//3435 3074//3435
f 3071//3436 3070//3436 3092//3436
f 3068//3437 3071//3437 3092//3437
f 3068//3438 3092//3438 3091//3438
f 3066//3439 3068//3439 3091//3439
f 3066//3440 3091//3440 3128//3440
f 3067//3441 3072//3441 3071//3441
f 3067//3442 3071//3442 3068//3442
f 2941//3443 2943//3443 3072//3443
f 2941//3444 3072//3444 3067//3444
f 3060//3445 3059//3445 2909//3445
f 3059//3446 3057//3446 2908//3446
f 3059//3447 2908//3447 2909//3447
f 3057//3448 3053//3448 2907//3448
f 3057//3449 2907//3449 2908//3449
f 3058//3450 3155//3450 3056//3450
f 3053//3451 3055//3451 3170//3451
f 2905//3452 3170//3452 3055//3452
f 2905//3453 3055//3453 3051//3453
f 2905//3454 3051//3454 3171//3454
f 2905//3455 3171//3455 2903//3455
f 3172//3456 2903//3456 3171//3456
f 3172//3457 3171//3457 3049//3457
f 3172//3458 3049//3458 3173//3458
f 3174//3459 3172//3459 3173//3459
f 2893//3460 3174//3460 3173//3460
f 2893//3461 3173//3461 3047//3461
f 3047//3462 3173//3462 3049//3462
f 3049//3463 3171//3463 3051//3463
f 3052//3464 3054//3464 3158//3464
f 3052//3465 3158//3465 3157//3465
f 3051//3466 3055//3466 3052//3466
f 3050//3467 3052//3467 3157//3467
f 3050//3468 3157//3468 3160//3468
f 3049//3469 3051//3469 3050//3469
f 3048//3470 3050//3470 3160//3470
f 3048//3471 3160//3471 2975//3471
f 3047//3472 3049//3472 3048//3472
f 2977//3473 3048//3473 2975//3473
f 2971//3474 3045//3474 2978//3474
f 2971//3475 2978//3475 2973//3475
f 2975//3476 3160//3476 2976//3476
f 2970//3477 2980//3477 3045//3477
f 2970//3478 3045//3478 2971//3478
f 2970//3479 2968//3479 2966//3479
f 2970//3480 2966//3480 2981//3480
f 2972//3481 2969//3481 2968//3481
f 2962//3482 2985//3482 2983//3482
f 2962//3483 2983//3483 2963//3483
f 3039//3484 2962//3484 2964//3484
f 3039//3485 2964//3485 2961//3485
f 3038//3486 3039//3486 2961//3486
f 3038//3487 2961//3487 2960//3487
f 3021//3488 2960//3488 2959//3488
f 3021//3489 2959//3489 3022//3489
f 2958//3490 2961//3490 2964//3490
f 2958//3491 2964//3491 2956//3491
f 2965//3492 2957//3492 2956//3492
f 2965//3493 2956//3493 2964//3493
f 2965//3494 2967//3494 2955//3494
f 2965//3495 2955//3495 2957//3495
f 2967//3496 2969//3496 2955//3496
f 3140//3497 2952//3497 2954//3497
f 2954//3498 2955//3498 2969//3498
f 2950//3499 2957//3499 2955//3499
f 2950//3500 2955//3500 2952//3500
f 3140//3501 2953//3501 2952//3501
f 2949//3502 2951//3502 3075//3502
f 2949//3503 3075//3503 3073//3503
f 2947//3504 2949//3504 3073//3504
f 2946//3505 2956//3505 2948//3505
f 2945//3506 2947//3506 3073//3506
f 2945//3507 3073//3507 3069//3507
f 2943//3508 2945//3508 3069//3508
f 2943//3509 3069//3509 3072//3509
f 2944//3510 2946//3510 2945//3510
f 3022//3511 2959//3511 2944//3511
f 3022//3512 2944//3512 2942//3512
f 3023//3513 3022//3513 2942//3513
f 3023//3514 2942//3514 2940//3514
f 3025//3515 3023//3515 2940//3515
f 2941//3516 2940//3516 2943//3516
f 2939//3517 2941//3517 3067//3517
f 2939//3518 3067//3518 3065//3518
f 2938//3519 3025//3519 2940//3519
f 2937//3520 2939//3520 3065//3520
f 2937//3521 3065//3521 3062//3521
f 3027//3522 3025//3522 2938//3522
f 3027//3523 2938//3523 2936//3523
f 2935//3524 2937//3524 3062//3524
f 2935//3525 3062//3525 3064//3525
f 3029//3526 3027//3526 2936//3526
f 3029//3527 2936//3527 2934//3527
f 2935//3528 3064//3528 2933//3528
f 3031//3529 3029//3529 2934//3529
f 3031//3530 2934//3530 2932//3530
f 2933//3531 3064//3531 3175//3531
f 2933//3532 3175//3532 2931//3532
f 3033//3533 3031//3533 2932//3533
f 3033//3534 2932//3534 2930//3534
f 3035//3535 2930//3535 2929//3535
f 3036//3536 3035//3536 2929//3536
f 2927//3537 2926//3537 3036//3537
f 2923//3538 3034//3538 2926//3538
f 2923//3539 2926//3539 2924//3539
f 2921//3540 3005//3540 3009//3540
f 2921//3541 3009//3541 2922//3541
f 2922//3542 3037//3542 2923//3542
f 2922//3543 2923//3543 2920//3543
f 3007//3544 3006//3544 2921//3544
f 3007//3545 2921//3545 2919//3545
f 3176//3546 3007//3546 2919//3546
f 3176//3547 2919//3547 2917//3547
f 3177//3548 3176//3548 2917//3548
f 2918//3549 2924//3549 2915//3549
f 2916//3550 3177//3550 2917//3550
f 3178//3551 3177//3551 2916//3551
f 3178//3552 2916//3552 2913//3552
f 2863//3553 2865//3553 3177//3553
f 2863//3554 3177//3554 3178//3554
f 2914//3555 2915//3555 2925//3555
f 2914//3556 2925//3556 2928//3556
f 2912//3557 2914//3557 2928//3557
f 3179//3558 3178//3558 2913//3558
f 3179//3559 2913//3559 2911//3559
f 2861//3560 2863//3560 3178//3560
f 2861//3561 3178//3561 3179//3561
f 3180//3562 3179//3562 2911//3562
f 3180//3563 2911//3563 2910//3563
f 3181//3564 3180//3564 2910//3564
f 2906//3565 2907//3565 3053//3565
f 2906//3566 3053//3566 3170//3566
f 2905//3567 2906//3567 3170//3567
f 2899//3568 2903//3568 3172//3568
f 2898//3569 2845//3569 2899//3569
f 2900//3570 2899//3570 3172//3570
f 2895//3571 2900//3571 3172//3571
f 2895//3572 3172//3572 3174//3572
f 2897//3573 2901//3573 2900//3573
f 2897//3574 2900//3574 2895//3574
f 2754//3575 2749//3575 2897//3575
f 2754//3576 2897//3576 2896//3576
f 3182//3577 2896//3577 2892//3577
f 3182//3578 2892//3578 2891//3578
f 2895//3579 3174//3579 2893//3579
f 2894//3580 2893//3580 3047//3580
f 2894//3581 3047//3581 3046//3581
f 3183//3582 2894//3582 3046//3582
f 3183//3583 3046//3583 3044//3583
f 3184//3584 3185//3584 3186//3584
f 3187//3585 3184//3585 3186//3585
f 3188//3586 3184//3586 3187//3586
f 3188//3587 3187//3587 3189//3587
f 3190//3588 3188//3588 3189//3588
f 3190//3589 3189//3589 3191//3589
f 3192//3590 3190//3590 3191//3590
f 3192//3591 3191//3591 3193//3591
f 3194//3592 3192//3592 3193//3592
f 3195//3593 3192//3593 3194//3593
f 3195//3594 3194//3594 3196//3594
f 3197//3595 3195//3595 3196//3595
f 3197//3596 3196//3596 3198//3596
f 3199//3597 3200//3597 3198//3597
f 3201//3598 3200//3598 3199//3598
f 3201//3599 3199//3599 3202//3599
f 3203//3600 3204//3600 3200//3600
f 3203//3601 3200//3601 3201//3601
f 3204//3602 3205//3602 3197//3602
f 3204//3603 3197//3603 3200//3603
f 3206//3604 3207//3604 3205//3604
f 3206//3605 3205//3605 3204//3605
f 3207//3606 3208//3606 3209//3606
f 3207//3607 3209//3607 3205//3607
f 3208//3608 3210//3608 3211//3608
f 3208//3609 3211//3609 3209//3609
f 3210//3610 3212//3610 3213//3610
f 3210//3611 3213//3611 3211//3611
f 3212//3612 3214//3612 3215//3612
f 3212//3613 3215//3613 3213//3613
f 3214//3614 3216//3614 3215//3614
f 3217//3615 3216//3615 3214//3615
f 3217//3616 3218//3616 3219//3616
f 3217//3617 3219//3617 3216//3617
f 3218//3618 3220//3618 3221//3618
f 3218//3619 3221//3619 3219//3619
f 3222//3620 3223//3620 3224//3620
f 3225//3621 3226//3621 3227//3621
f 3225//3622 3227//3622 3220//3622
f 3228//3623 3225//3623 3220//3623
f 3228//3624 3220//3624 3218//3624
f 3229//3625 3228//3625 3218//3625
f 3229//3626 3218//3626 3217//3626
f 3230//3627 3229//3627 3217//3627
f 3230//3628 3217//3628 3214//3628
f 3230//3629 3214//3629 3231//3629
f 3231//3630 3214//3630 3212//3630
f 3232//3631 3231//3631 3212//3631
f 3232//3632 3212//3632 3210//3632
f 3211//3633 3192//3633 3209//3633
f 3233//3634 3232//3634 3210//3634
f 3233//3635 3210//3635 3208//3635
f 3234//3636 3233//3636 3208//3636
f 3207//3637 3234//3637 3208//3637
f 3235//3638 3234//3638 3207//3638
f 3235//3639 3207//3639 3206//3639
f 3236//3640 3235//3640 3206//3640
f 3236//3641 3206//3641 3237//3641
f 3238//3642 3236//3642 3237//3642
f 3238//3643 3237//3643 3239//3643
f 3240//3644 3238//3644 3239//3644
f 3240//3645 3239//3645 3241//3645
f 3242//3646 3240//3646 3241//3646
f 3242//3647 3241//3647 3243//3647
f 3244//3648 3242//3648 3243//3648
f 3244//3649 3243//3649 3245//3649
f 3246//3650 3244//3650 3245//3650
f 3246//3651 3245//3651 3247//3651
f 3248//3652 3246//3652 3247//3652
f 3248//3653 3247//3653 3249//3653
f 3248//3654 3249//3654 3250//3654
f 3248//3655 3250//3655 3251//3655
f 3252//3656 3251//3656 3250//3656
f 3252//3657 3250//3657 3253//3657
f 3252//3658 3253//3658 3254//3658
f 3255//3659 3254//3659 3253//3659
f 3255//3660 3253//3660 3256//3660
f 3257//3661 3255//3661 3256//3661
f 3257//3662 3256//3662 3258//3662
f 3259//3663 3257//3663 3258//3663
f 3259//3664 3258//3664 3260//3664
f 3261//3665 3259//3665 3260//3665
f 3261//3666 3260//3666 3262//3666
f 3263//3667 3261//3667 3262//3667
f 3263//3668 3262//3668 3264//3668
f 3265//3669 3263//3669 3264//3669
f 3265//3670 3264//3670 3266//3670
f 3267//3671 3265//3671 3266//3671
f 3267//3672 3266//3672 3268//3672
f 3269//3673 3267//3673 3268//3673
f 3269//3674 3268//3674 3270//3674
f 3271//3675 3269//3675 3270//3675
f 3271//3676 3270//3676 3272//3676
f 3273//3677 3274//3677 3275//3677
f 3276//3678 3277//3678 3275//3678
f 3276//3679 3275//3679 3274//3679
f 3278//3680 3279//3680 3277//3680
f 3278//3681 3277//3681 3276//3681
f 3280//3682 3281//3682 3279//3682
f 3280//3683 3279//3683 3278//3683
f 3280//3684 3282//3684 3283//3684
f 3280//3685 3283//3685 3281//3685
f 3282//3686 3284//3686 3285//3686
f 3282//3687 3285//3687 3283//3687
f 3284//3688 3286//3688 3287//3688
f 3284//3689 3287//3689 3285//3689
f 3286//3690 3288//3690 3289//3690
f 3286//3691 3289//3691 3287//3691
f 3288//3692 3290//3692 3291//3692
f 3288//3693 3291//3693 3289//3693
f 3290//3694 3292//3694 3293//3694
f 3290//3695 3293//3695 3291//3695
f 3294//3696 3295//3696 3292//3696
f 3294//3697 3292//3697 3290//3697
f 3295//3698 3203//3698 3201//3698
f 3295//3699 3201//3699 3292//3699
f 3296//3700 3294//3700 3290//3700
f 3296//3701 3290//3701 3288//3701
f 3297//3702 3296//3702 3288//3702
f 3297//3703 3288//3703 3286//3703
f 3298//3704 3297//3704 3286//3704
f 3298//3705 3286//3705 3284//3705
f 3299//3706 3298//3706 3284//3706
f 3299//3707 3284//3707 3282//3707
f 3300//3708 3299//3708 3282//3708
f 3300//3709 3282//3709 3280//3709
f 3300//3710 3280//3710 3278//3710
f 3300//3711 3278//3711 3301//3711
f 3250//3712 3300//3712 3301//3712
f 3301//3713 3278//3713 3276//3713
f 3301//3714 3276//3714 3302//3714
f 3253//3715 3301//3715 3302//3715
f 3303//3716 3302//3716 3276//3716
f 3276//3717 3274//3717 3303//3717
f 3303//3718 3274//3718 3273//3718
f 3303//3719 3273//3719 3304//3719
f 3258//3720 3303//3720 3304//3720
f 3260//3721 3258//3721 3304//3721
f 3260//3722 3304//3722 3305//3722
f 3262//3723 3260//3723 3305//3723
f 3262//3724 3305//3724 3306//3724
f 3264//3725 3262//3725 3306//3725
f 3264//3726 3306//3726 3307//3726
f 3266//3727 3264//3727 3307//3727
f 3305//3728 3304//3728 3273//3728
f 3308//3729 2833//3729 3309//3729
f 2833//3730 2831//3730 3271//3730
f 2833//3731 3271//3731 3309//3731
f 2831//3732 2829//3732 3269//3732
f 2831//3733 3269//3733 3271//3733
f 2829//3734 2827//3734 3267//3734
f 2829//3735 3267//3735 3269//3735
f 2827//3736 2825//3736 3265//3736
f 2827//3737 3265//3737 3267//3737
f 2825//3738 2823//3738 3263//3738
f 2825//3739 3263//3739 3265//3739
f 2823//3740 3310//3740 3261//3740
f 2823//3741 3261//3741 3263//3741
f 3310//3742 3311//3742 3259//3742
f 3310//3743 3259//3743 3261//3743
f 3311//3744 2819//3744 3257//3744
f 3311//3745 3257//3745 3259//3745
f 2819//3746 2817//3746 3255//3746
f 2819//3747 3255//3747 3257//3747
f 3309//3748 3271//3748 3272//3748
f 3258//3749 3256//3749 3303//3749
f 3256//3750 3253//3750 3302//3750
f 3256//3751 3302//3751 3303//3751
f 2817//3752 2815//3752 3254//3752
f 2817//3753 3254//3753 3255//3753
f 3253//3754 3250//3754 3301//3754
f 2815//3755 3252//3755 3254//3755
f 3250//3756 3249//3756 3299//3756
f 3250//3757 3299//3757 3300//3757
f 3249//3758 3247//3758 3298//3758
f 3249//3759 3298//3759 3299//3759
f 3247//3760 3245//3760 3297//3760
f 3247//3761 3297//3761 3298//3761
f 3245//3762 3243//3762 3296//3762
f 3245//3763 3296//3763 3297//3763
f 3243//3764 3241//3764 3294//3764
f 3243//3765 3294//3765 3296//3765
f 3241//3766 3239//3766 3295//3766
f 3241//3767 3295//3767 3294//3767
f 3239//3768 3237//3768 3203//3768
f 3239//3769 3203//3769 3295//3769
f 3235//3770 2799//3770 3234//3770
f 3237//3771 3206//3771 3204//3771
f 3237//3772 3204//3772 3203//3772
f 3292//3773 3201//3773 3202//3773
f 3292//3774 3202//3774 3293//3774
f 3200//3775 3197//3775 3198//3775
f 3205//3776 3209//3776 3195//3776
f 3205//3777 3195//3777 3197//3777
f 3209//3778 3192//3778 3195//3778
f 3211//3779 3213//3779 3190//3779
f 3211//3780 3190//3780 3192//3780
f 3213//3781 3215//3781 3188//3781
f 3213//3782 3188//3782 3190//3782
f 3215//3783 3216//3783 3184//3783
f 3215//3784 3184//3784 3188//3784
f 3216//3785 3219//3785 3185//3785
f 3216//3786 3185//3786 3184//3786
f 3183//3787 3044//3787 3043//3787
f 3312//3788 3043//3788 3045//3788
f 3312//3789 3045//3789 2980//3789
f 3313//3790 3042//3790 3041//3790
f 3042//3791 3312//3791 2980//3791
f 3042//3792 2980//3792 2979//3792
f 2890//3793 3313//3793 3041//3793
f 2890//3794 3041//3794 3040//3794
f 2888//3795 2890//3795 3040//3795
f 2888//3796 3040//3796 2994//3796
f 2887//3797 3186//3797 2889//3797
f 2886//3798 2888//3798 2994//3798
f 2886//3799 2994//3799 2993//3799
f 3187//3800 3186//3800 2887//3800
f 3187//3801 2887//3801 2885//3801
f 2884//3802 2886//3802 2993//3802
f 2884//3803 2993//3803 2992//3803
f 3189//3804 3187//3804 2885//3804
f 3189//3805 2885//3805 2883//3805
f 2884//3806 2992//3806 2881//3806
f 3191//3807 3189//3807 2883//3807
f 3191//3808 2883//3808 2882//3808
f 3191//3809 2882//3809 2880//3809
f 3191//3810 2880//3810 3193//3810
f 2879//3811 2881//3811 2995//3811
f 2879//3812 2995//3812 2997//3812
f 3194//3813 3193//3813 2880//3813
f 3194//3814 2880//3814 2878//3814
f 2879//3815 2997//3815 3000//3815
f 2879//3816 3000//3816 2876//3816
f 3196//3817 3194//3817 2878//3817
f 3196//3818 2878//3818 2877//3818
f 3196//3819 2877//3819 2874//3819
f 3196//3820 2874//3820 3198//3820
f 2875//3821 2876//3821 2999//3821
f 2875//3822 2999//3822 3002//3822
f 2873//3823 2875//3823 3002//3823
f 2873//3824 3002//3824 3004//3824
f 3199//3825 3198//3825 2874//3825
f 3199//3826 2874//3826 2872//3826
f 2871//3827 2873//3827 3004//3827
f 2871//3828 3004//3828 3006//3828
f 3202//3829 3199//3829 2872//3829
f 3202//3830 2872//3830 2870//3830
f 3293//3831 3202//3831 2870//3831
f 3293//3832 2870//3832 2868//3832
f 3291//3833 3293//3833 2868//3833
f 2869//3834 2868//3834 2871//3834
f 2867//3835 2869//3835 3007//3835
f 2867//3836 3007//3836 3176//3836
f 2866//3837 3291//3837 2868//3837
f 2865//3838 2867//3838 3176//3838
f 2865//3839 3176//3839 3177//3839
f 3289//3840 3291//3840 2866//3840
f 3289//3841 2866//3841 2864//3841
f 3287//3842 3289//3842 2864//3842
f 3287//3843 2864//3843 2862//3843
f 2863//3844 2862//3844 2865//3844
f 3285//3845 3287//3845 2862//3845
f 3285//3846 2862//3846 2860//3846
f 2859//3847 2861//3847 3179//3847
f 2859//3848 3179//3848 3180//3848
f 3283//3849 3285//3849 2860//3849
f 3283//3850 2860//3850 2858//3850
f 2857//3851 2859//3851 3180//3851
f 2857//3852 3180//3852 3181//3852
f 3281//3853 3283//3853 2858//3853
f 3281//3854 2858//3854 2856//3854
f 2857//3855 3181//3855 3314//3855
f 2857//3856 3314//3856 2855//3856
f 3281//3857 2856//3857 2854//3857
f 3281//3858 2854//3858 3279//3858
f 3279//3859 2854//3859 2853//3859
f 3279//3860 2853//3860 3277//3860
f 2847//3861 2849//3861 2906//3861
f 2847//3862 2906//3862 2904//3862
f 2846//3863 2841//3863 2847//3863
f 2848//3864 2847//3864 2904//3864
f 2845//3865 2846//3865 2848//3865
f 2843//3866 2845//3866 2898//3866
f 2843//3867 2741//3867 2844//3867
f 2738//3868 3315//3868 2844//3868
f 2738//3869 2844//3869 2741//3869
f 2846//3870 2844//3870 3315//3870
f 2846//3871 3315//3871 2842//3871
f 2733//3872 2842//3872 3315//3872
f 2733//3873 3315//3873 2735//3873
f 2846//3874 2842//3874 2841//3874
f 2733//3875 2840//3875 2842//3875
f 2728//3876 2836//3876 2839//3876
f 2728//3877 2839//3877 2729//3877
f 2837//3878 2836//3878 2728//3878
f 3316//3879 2552//3879 2830//3879
f 3316//3880 2830//3880 2832//3880
f 2552//3881 2551//3881 2828//3881
f 2552//3882 2828//3882 2830//3882
f 2556//3883 2824//3883 2826//3883
f 2556//3884 2558//3884 2821//3884
f 2556//3885 2821//3885 2824//3885
f 2823//3886 2822//3886 3310//3886
f 2558//3887 2560//3887 2822//3887
f 2558//3888 2822//3888 2821//3888
f 3310//3889 2822//3889 2820//3889
f 3310//3890 2820//3890 3311//3890
f 2560//3891 2562//3891 2820//3891
f 2560//3892 2820//3892 2822//3892
f 3311//3893 2820//3893 2819//3893
f 2562//3894 2564//3894 2818//3894
f 2562//3895 2818//3895 2820//3895
f 2564//3896 2566//3896 2816//3896
f 2564//3897 2816//3897 2818//3897
f 2566//3898 2814//3898 2816//3898
f 2815//3899 2813//3899 3251//3899
f 2815//3900 3251//3900 3252//3900
f 2813//3901 3248//3901 3251//3901
f 2813//3902 2811//3902 3246//3902
f 2813//3903 3246//3903 3248//3903
f 2811//3904 2809//3904 3244//3904
f 2811//3905 3244//3905 3246//3905
f 2809//3906 2807//3906 3242//3906
f 2809//3907 3242//3907 3244//3907
f 2807//3908 2805//3908 3242//3908
f 2805//3909 3240//3909 3242//3909
f 2805//3910 2803//3910 3238//3910
f 2805//3911 3238//3911 3240//3911
f 2803//3912 2801//3912 3236//3912
f 2803//3913 3236//3913 3238//3913
f 2801//3914 2799//3914 3235//3914
f 2801//3915 3235//3915 3236//3915
f 2799//3916 2797//3916 3234//3916
f 2797//3917 2795//3917 3233//3917
f 2797//3918 3233//3918 3234//3918
f 2795//3919 2792//3919 3232//3919
f 2795//3920 3232//3920 3233//3920
f 2792//3921 3231//3921 3232//3921
f 2791//3922 3231//3922 2792//3922
f 2791//3923 2789//3923 3230//3923
f 2791//3924 3230//3924 3231//3924
f 2789//3925 2787//3925 3229//3925
f 2789//3926 3229//3926 3230//3926
f 2787//3927 2785//3927 3228//3927
f 2787//3928 3228//3928 3229//3928
f 2785//3929 2783//3929 3225//3929
f 2785//3930 3225//3930 3228//3930
f 2783//3931 2781//3931 3226//3931
f 2783//3932 3226//3932 3225//3932
f 2781//3933 2778//3933 3317//3933
f 2781//3934 3317//3934 3226//3934
f 2778//3935 3224//3935 3317//3935
f 2777//3936 3224//3936 2778//3936
f 2777//3937 2775//3937 3222//3937
f 2777//3938 3222//3938 3224//3938
f 2775//3939 2773//3939 2757//3939
f 2775//3940 2757//3940 3222//3940
f 2772//3941 2773//3941 2774//3941
f 2769//3942 3318//3942 3319//3942
f 2769//3943 3319//3943 2770//3943
f 2612//3944 2614//3944 3318//3944
f 2612//3945 3318//3945 2769//3945
f 3318//3946 2614//3946 2616//3946
f 3318//3947 2616//3947 3320//3947
f 3320//3948 2616//3948 3321//3948
f 3318//3949 3320//3949 3322//3949
f 3318//3950 3322//3950 3319//3950
f 3320//3951 3321//3951 3323//3951
f 3320//3952 3323//3952 3322//3952
f 3324//3953 2767//3953 3323//3953
f 3324//3954 3323//3954 3321//3954
f 3324//3955 2620//3955 2621//3955
f 3324//3956 2621//3956 3325//3956
f 3325//3957 2621//3957 2624//3957
f 3325//3958 2624//3958 3326//3958
f 3326//3959 2624//3959 2626//3959
f 3326//3960 2626//3960 3327//3960
f 3328//3961 3326//3961 3327//3961
f 3328//3962 3327//3962 3329//3962
f 3329//3963 3330//3963 3331//3963
f 3331//3964 3332//3964 3333//3964
f 3333//3965 3334//3965 3335//3965
f 3336//3966 3337//3966 3338//3966
f 3336//3967 3338//3967 3339//3967
f 3340//3968 2734//3968 2736//3968
f 3340//3969 2736//3969 3341//3969
f 3342//3970 3341//3970 2736//3970
f 3338//3971 2731//3971 2734//3971
f 3338//3972 2734//3972 3340//3972
f 3339//3973 3338//3973 3340//3973
f 3339//3974 3340//3974 3343//3974
f 3343//3975 3340//3975 3341//3975
f 3343//3976 3341//3976 3335//3976
f 3333//3977 3335//3977 3341//3977
f 3333//3978 3341//3978 3342//3978
f 3333//3979 3332//3979 2724//3979
f 3333//3980 2724//3980 3334//3980
f 3331//3981 3333//3981 3342//3981
f 3331//3982 3342//3982 3344//3982
f 2765//3983 3328//3983 3345//3983
f 2765//3984 3345//3984 2740//3984
f 3344//3985 3342//3985 2737//3985
f 3331//3986 3330//3986 2722//3986
f 3331//3987 2722//3987 3332//3987
f 3329//3988 3331//3988 3344//3988
f 3329//3989 3344//3989 3345//3989
f 3329//3990 3345//3990 3328//3990
f 3329//3991 3327//3991 2721//3991
f 3329//3992 2721//3992 3330//3992
f 2764//3993 3326//3993 3328//3993
f 3325//3994 3326//3994 2764//3994
f 3324//3995 3325//3995 2764//3995
f 3324//3996 2764//3996 2767//3996
f 2764//3997 3328//3997 2765//3997
f 3346//3998 3323//3998 2767//3998
f 3346//3999 2767//3999 2766//3999
f 2763//4000 3322//4000 3323//4000
f 2763//4001 3323//4001 3346//4001
f 2761//4002 3319//4002 3322//4002
f 2761//4003 3322//4003 2763//4003
f 2760//4004 2770//4004 3319//4004
f 2760//4005 3319//4005 2761//4005
f 2771//4006 2770//4006 2760//4006
f 2771//4007 2760//4007 2758//4007
f 2771//4008 2758//4008 2773//4008
f 2756//4009 2758//4009 2760//4009
f 2756//4010 2760//4010 2759//4010
f 2773//4011 2758//4011 2757//4011
f 3222//4012 2757//4012 2755//4012
f 3222//4013 2755//4013 3223//4013
f 2751//4014 2754//4014 2896//4014
f 2751//4015 2896//4015 3182//4015
f 2756//4016 2759//4016 2753//4016
f 2756//4017 2753//4017 2752//4017
f 2759//4018 2762//4018 2750//4018
f 2759//4019 2750//4019 2753//4019
f 2754//4020 2753//4020 2750//4020
f 2754//4021 2750//4021 2749//4021
f 2749//4022 2748//4022 2901//4022
f 2749//4023 2901//4023 2897//4023
f 2744//4024 2747//4024 2902//4024
f 2744//4025 2902//4025 2748//4025
f 2762//4026 2745//4026 2744//4026
f 2762//4027 2744//4027 2750//4027
f 2745//4028 2763//4028 3346//4028
f 2745//4029 3346//4029 2746//4029
f 2746//4030 3346//4030 2766//4030
f 2746//4031 2766//4031 2743//4031
f 2765//4032 2740//4032 2743//4032
f 2765//4033 2743//4033 2766//4033
f 2747//4034 2746//4034 2743//4034
f 2747//4035 2743//4035 2742//4035
f 2742//4036 2741//4036 2843//4036
f 3345//4037 2739//4037 2740//4037
f 3345//4038 3344//4038 2737//4038
f 3345//4039 2737//4039 2739//4039
f 2738//4040 2735//4040 3315//4040
f 3342//4041 2736//4041 2737//4041
f 2733//4042 2732//4042 2840//4042
f 2729//4043 2839//4043 2840//4043
f 2729//4044 2840//4044 2732//4044
f 3337//4045 2730//4045 2731//4045
f 3337//4046 2731//4046 3338//4046
f 2727//4047 2730//4047 3337//4047
f 3347//4048 3348//4048 2546//4048
f 3347//4049 2546//4049 2548//4049
f 3347//4050 3339//4050 3343//4050
f 3347//4051 3343//4051 3348//4051
f 3348//4052 3349//4052 2544//4052
f 3348//4053 2544//4053 2546//4053
f 3348//4054 3343//4054 3335//4054
f 3348//4055 3335//4055 3349//4055
f 3349//4056 2726//4056 2543//4056
f 3349//4057 2543//4057 2544//4057
f 3349//4058 3335//4058 3334//4058
f 3349//4059 3334//4059 2726//4059
f 2543//4060 2726//4060 2725//4060
f 2726//4061 3334//4061 2724//4061
f 2725//4062 2723//4062 3350//4062
f 2723//4063 3351//4063 2539//4063
f 2723//4064 2539//4064 3350//4064
f 2724//4065 3332//4065 2722//4065
f 2723//4066 2720//4066 3351//4066
f 2722//4067 3330//4067 2721//4067
f 3327//4068 2626//4068 2628//4068
f 3327//4069 2628//4069 2721//4069
f 2634//4070 2630//4070 2623//4070
f 2634//4071 2623//4071 2622//4071
f 2636//4072 2634//4072 2622//4072
f 2636//4073 2622//4073 2619//4073
f 2638//4074 2636//4074 2619//4074
f 2638//4075 2619//4075 2617//4075
f 2620//4076 2619//4076 2622//4076
f 2620//4077 2622//4077 2621//4077
f 2618//4078 2620//4078 3324//4078
f 2618//4079 3324//4079 3321//4079
f 2616//4080 2618//4080 3321//4080
f 2640//4081 2617//4081 2615//4081
f 2642//4082 2640//4082 2615//4082
f 2642//4083 2615//4083 2613//4083
f 2644//4084 2642//4084 2613//4084
f 2644//4085 2613//4085 2611//4085
f 2646//4086 2644//4086 2611//4086
f 2612//4087 2611//4087 2614//4087
f 2610//4088 2612//4088 2769//4088
f 2610//4089 2769//4089 2768//4089
f 2609//4090 2646//4090 2611//4090
f 2608//4091 2610//4091 2768//4091
f 2608//4092 2768//4092 2772//4092
f 2648//4093 2646//4093 2609//4093
f 2648//4094 2609//4094 2607//4094
f 2650//4095 2648//4095 2607//4095
f 2650//4096 2607//4096 2605//4096
f 2606//4097 2608//4097 2772//4097
f 2606//4098 2772//4098 2774//4098
f 2606//4099 2774//4099 2604//4099
f 2652//4100 2650//4100 2605//4100
f 2652//4101 2605//4101 2603//4101
f 2604//4102 2774//4102 2776//4102
f 2602//4103 2604//4103 2776//4103
f 2602//4104 2776//4104 2779//4104
f 2654//4105 2652//4105 2603//4105
f 2654//4106 2603//4106 2601//4106
f 2602//4107 2779//4107 2600//4107
f 2656//4108 2654//4108 2601//4108
f 2656//4109 2601//4109 2599//4109
f 2600//4110 2779//4110 2780//4110
f 2598//4111 2600//4111 2780//4111
f 2598//4112 2780//4112 2782//4112
f 2658//4113 2599//4113 2597//4113
f 2596//4114 2598//4114 2782//4114
f 2596//4115 2782//4115 2784//4115
f 2660//4116 2658//4116 2597//4116
f 2660//4117 2597//4117 2595//4117
f 2594//4118 2596//4118 2784//4118
f 2594//4119 2784//4119 2786//4119
f 2662//4120 2660//4120 2595//4120
f 2662//4121 2595//4121 2593//4121
f 2592//4122 2594//4122 2786//4122
f 2592//4123 2786//4123 2788//4123
f 2664//4124 2662//4124 2593//4124
f 2664//4125 2593//4125 2591//4125
f 2590//4126 2592//4126 2788//4126
f 2590//4127 2788//4127 2790//4127
f 2666//4128 2664//4128 2591//4128
f 2666//4129 2591//4129 2589//4129
f 2588//4130 2590//4130 2790//4130
f 2588//4131 2790//4131 2793//4131
f 2668//4132 2666//4132 2589//4132
f 2668//4133 2589//4133 2587//4133
f 2588//4134 2793//4134 2586//4134
f 2668//4135 2587//4135 2585//4135
f 2668//4136 2585//4136 2669//4136
f 2586//4137 2793//4137 2794//4137
f 2584//4138 2586//4138 2794//4138
f 2584//4139 2794//4139 2796//4139
f 2672//4140 2669//4140 2585//4140
f 2672//4141 2585//4141 2583//4141
f 2582//4142 2584//4142 2796//4142
f 2582//4143 2796//4143 2798//4143
f 2674//4144 2672//4144 2583//4144
f 2674//4145 2583//4145 2581//4145
f 2580//4146 2582//4146 2798//4146
f 2580//4147 2798//4147 2800//4147
f 2676//4148 2674//4148 2581//4148
f 2676//4149 2581//4149 2579//4149
f 2578//4150 2580//4150 2800//4150
f 2578//4151 2800//4151 2802//4151
f 2677//4152 2676//4152 2579//4152
f 2677//4153 2579//4153 2577//4153
f 2576//4154 2578//4154 2802//4154
f 2576//4155 2802//4155 2804//4155
f 2679//4156 2677//4156 2577//4156
f 2679//4157 2577//4157 2575//4157
f 2574//4158 2576//4158 2804//4158
f 2574//4159 2804//4159 2806//4159
f 2681//4160 2679//4160 2575//4160
f 2681//4161 2575//4161 2573//4161
f 2574//4162 2806//4162 2808//4162
f 2571//4163 2574//4163 2808//4163
f 2681//4164 2573//4164 2570//4164
f 2681//4165 2570//4165 2684//4165
f 2571//4166 2808//4166 2810//4166
f 2569//4167 2571//4167 2810//4167
f 2569//4168 2810//4168 2812//4168
f 2567//4169 2572//4169 2569//4169
f 2568//4170 2569//4170 2812//4170
f 2568//4171 2812//4171 2814//4171
f 2566//4172 2568//4172 2814//4172
f 2556//4173 2826//4173 2554//4173
f 2551//4174 2554//4174 2826//4174
f 2551//4175 2826//4175 2828//4175
f 2704//4176 2702//4176 2553//4176
f 2704//4177 2553//4177 2550//4177
f 2549//4178 2704//4178 2550//4178
f 2543//4179 2725//4179 2541//4179
f 2541//4180 2725//4180 3350//4180
f 2541//4181 3350//4181 2540//4181
f 2525//4182 2540//4182 2529//4182
f 2540//4183 3350//4183 2539//4183
f 2537//4184 2539//4184 3351//4184
f 2537//4185 3351//4185 2720//4185
f 2537//4186 2720//4186 2538//4186
f 2534//4187 2531//4187 2537//4187
f 2538//4188 2627//4188 2536//4188
f 2535//4189 2536//4189 2629//4189
f 2533//4190 3352//4190 2532//4190
f 2532//4191 3352//4191 2437//4191
f 2532//4192 2437//4192 3353//4192
f 2440//4193 2437//4193 3352//4193
f 2436//4194 3354//4194 3353//4194
f 2436//4195 3353//4195 2437//4195
f 2436//4196 3355//4196 3354//4196
f 3356//4197 3357//4197 3358//4197
f 3356//4198 3358//4198 3354//4198
f 3356//4199 3354//4199 3355//4199
f 3356//4200 2427//4200 3357//4200
f 2425//4201 3359//4201 3357//4201
f 2425//4202 3357//4202 2427//4202
f 2423//4203 2526//4203 3359//4203
f 2423//4204 3359//4204 2425//4204
f 3360//4205 2526//4205 2423//4205
f 3356//4206 3355//4206 2432//4206
f 2534//4207 2532//4207 2531//4207
f 2530//4208 2532//4208 3353//4208
f 2530//4209 3353//4209 3354//4209
f 2530//4210 3354//4210 3358//4210
f 2529//4211 2531//4211 2530//4211
f 2528//4212 2530//4212 3358//4212
f 2528//4213 3358//4213 3357//4213
f 2528//4214 3357//4214 3359//4214
f 2525//4215 2529//4215 2528//4215
f 2526//4216 2528//4216 3359//4216
f 3360//4217 2527//4217 2526//4217
f 3361//4218 3362//4218 2527//4218
f 3361//4219 2527//4219 3360//4219
f 3362//4220 2542//4220 2524//4220
f 3362//4221 2524//4221 2527//4221
f 3363//4222 3364//4222 3362//4222
f 3363//4223 3362//4223 3361//4223
f 3364//4224 2545//4224 2542//4224
f 3364//4225 2542//4225 3362//4225
f 3365//4226 3366//4226 3367//4226
f 3365//4227 3367//4227 3368//4227
f 3369//4228 3367//4228 3366//4228
f 3369//4229 3370//4229 3371//4229
f 3369//4230 3371//4230 3367//4230
f 3369//4231 3372//4231 2515//4231
f 3369//4232 2515//4232 3370//4232
f 3372//4233 3373//4233 2515//4233
f 3374//4234 3375//4234 3376//4234
f 3374//4235 3377//4235 3378//4235
f 3374//4236 3378//4236 3375//4236
f 3375//4237 3378//4237 3379//4237
f 3375//4238 3379//4238 3380//4238
f 3381//4239 3380//4239 3379//4239
f 2416//4240 3381//4240 3379//4240
f 3381//4241 2416//4241 3382//4241
f 3381//4242 3382//4242 3383//4242
f 3383//4243 3382//4243 3384//4243
f 3383//4244 3384//4244 3385//4244
f 3385//4245 3384//4245 3386//4245
f 2408//4246 3387//4246 3386//4246
f 2408//4247 3386//4247 2410//4247
f 3386//4248 3387//4248 2495//4248
f 2412//4249 2410//4249 3386//4249
f 2412//4250 3386//4250 3384//4250
f 3385//4251 3386//4251 2497//4251
f 3385//4252 2497//4252 3388//4252
f 2414//4253 2412//4253 3384//4253
f 2414//4254 3384//4254 3382//4254
f 3383//4255 3385//4255 3388//4255
f 3383//4256 3388//4256 3389//4256
f 2416//4257 2414//4257 3382//4257
f 3381//4258 3383//4258 3389//4258
f 2420//4259 3390//4259 3369//4259
f 3373//4260 3391//4260 3377//4260
f 3373//4261 3377//4261 3374//4261
f 3372//4262 3390//4262 3391//4262
f 3372//4263 3391//4263 3373//4263
f 3369//4264 3390//4264 3372//4264
f 2420//4265 3369//4265 3366//4265
f 2420//4266 3366//4266 3392//4266
f 3393//4267 3368//4267 3367//4267
f 3393//4268 3367//4268 3371//4268
f 3365//4269 3392//4269 3366//4269
f 2523//4270 2521//4270 2707//4270
f 2523//4271 2707//4271 2706//4271
f 3393//4272 3371//4272 2520//4272
f 3393//4273 2520//4273 2522//4273
f 2521//4274 2519//4274 2708//4274
f 2521//4275 2708//4275 2707//4275
f 3371//4276 3370//4276 2518//4276
f 3371//4277 2518//4277 2520//4277
f 2519//4278 2517//4278 2709//4278
f 2519//4279 2709//4279 2708//4279
f 2515//4280 2518//4280 3370//4280
f 2517//4281 2516//4281 2710//4281
f 2517//4282 2710//4282 2709//4282
f 2516//4283 2514//4283 2711//4283
f 2516//4284 2711//4284 2710//4284
f 2515//4285 3373//4285 2513//4285
f 2514//4286 2512//4286 2712//4286
f 2514//4287 2712//4287 2711//4287
f 2513//4288 3373//4288 3374//4288
f 2513//4289 3374//4289 2511//4289
f 2512//4290 2509//4290 2713//4290
f 2512//4291 2713//4291 2712//4291
f 2511//4292 3374//4292 3376//4292
f 2511//4293 3376//4293 2510//4293
f 2509//4294 2508//4294 2714//4294
f 2509//4295 2714//4295 2713//4295
f 2507//4296 2510//4296 3376//4296
f 3375//4297 3380//4297 2505//4297
f 3375//4298 2505//4298 2507//4298
f 3375//4299 2507//4299 3376//4299
f 2508//4300 2506//4300 2504//4300
f 2508//4301 2504//4301 2716//4301
f 3381//4302 2503//4302 2505//4302
f 3381//4303 2505//4303 3380//4303
f 2716//4304 2504//4304 2502//4304
f 2716//4305 2502//4305 2717//4305
f 2503//4306 3381//4306 3389//4306
f 2503//4307 3389//4307 2501//4307
f 2500//4308 2717//4308 2502//4308
f 2501//4309 3389//4309 3388//4309
f 2501//4310 3388//4310 2499//4310
f 2500//4311 2498//4311 2680//4311
f 2499//4312 3388//4312 2497//4312
f 2498//4313 2678//4313 2680//4313
f 2498//4314 2496//4314 2678//4314
f 3386//4315 2495//4315 2497//4315
f 2496//4316 2675//4316 2678//4316
f 2496//4317 2494//4317 2673//4317
f 2496//4318 2673//4318 2675//4318
f 3387//4319 2493//4319 2495//4319
f 3387//4320 3394//4320 2493//4320
f 2494//4321 2492//4321 2671//4321
f 2494//4322 2671//4322 2673//4322
f 2493//4323 3394//4323 2491//4323
f 2492//4324 2489//4324 2670//4324
f 2492//4325 2670//4325 2671//4325
f 3395//4326 2490//4326 2491//4326
f 3395//4327 2491//4327 3394//4327
f 2488//4328 2667//4328 2670//4328
f 2488//4329 2670//4329 2489//4329
f 3396//4330 2487//4330 2490//4330
f 3396//4331 2490//4331 3395//4331
f 3396//4332 3395//4332 2402//4332
f 2488//4333 2486//4333 2665//4333
f 2488//4334 2665//4334 2667//4334
f 3396//4335 3397//4335 2485//4335
f 3396//4336 2485//4336 2487//4336
f 2486//4337 2484//4337 2663//4337
f 2486//4338 2663//4338 2665//4338
f 3397//4339 3398//4339 2483//4339
f 3397//4340 2483//4340 2485//4340
f 2484//4341 2482//4341 2661//4341
f 2484//4342 2661//4342 2663//4342
f 3398//4343 3399//4343 2481//4343
f 3398//4344 2481//4344 2483//4344
f 2482//4345 2480//4345 2659//4345
f 2482//4346 2659//4346 2661//4346
f 3399//4347 3400//4347 2479//4347
f 3399//4348 2479//4348 2481//4348
f 2480//4349 2478//4349 2657//4349
f 2480//4350 2657//4350 2659//4350
f 3400//4351 3401//4351 2477//4351
f 3400//4352 2477//4352 2479//4352
f 2478//4353 2476//4353 2655//4353
f 2478//4354 2655//4354 2657//4354
f 3401//4355 3402//4355 2475//4355
f 3401//4356 2475//4356 2477//4356
f 2476//4357 2474//4357 2653//4357
f 2476//4358 2653//4358 2655//4358
f 3402//4359 3403//4359 2473//4359
f 3402//4360 2473//4360 2475//4360
f 2474//4361 2470//4361 2651//4361
f 2474//4362 2651//4362 2653//4362
f 3403//4363 3404//4363 2469//4363
f 3403//4364 2469//4364 2473//4364
f 2470//4365 2467//4365 2649//4365
f 2470//4366 2649//4366 2651//4366
f 3404//4367 2471//4367 2468//4367
f 3404//4368 2468//4368 2469//4368
f 2467//4369 2466//4369 2647//4369
f 2467//4370 2647//4370 2649//4370
f 2468//4371 2465//4371 2466//4371
f 2464//4372 2645//4372 2647//4372
f 2464//4373 2647//4373 2466//4373
f 2472//4374 3405//4374 2463//4374
f 2472//4375 2463//4375 2465//4375
f 2464//4376 2461//4376 2643//4376
f 2464//4377 2643//4377 2645//4377
f 3405//4378 2462//4378 2463//4378
f 3406//4379 2462//4379 3405//4379
f 2461//4380 2641//4380 2643//4380
f 2460//4381 2641//4381 2461//4381
f 3406//4382 3407//4382 2459//4382
f 3406//4383 2459//4383 2462//4383
f 2460//4384 2458//4384 2639//4384
f 2460//4385 2639//4385 2641//4385
f 3407//4386 3408//4386 2457//4386
f 3407//4387 2457//4387 2459//4387
f 2458//4388 2456//4388 2637//4388
f 2458//4389 2637//4389 2639//4389
f 3408//4390 3409//4390 2455//4390
f 3408//4391 2455//4391 2457//4391
f 3408//4392 2375//4392 3409//4392
f 2456//4393 2454//4393 2635//4393
f 2456//4394 2635//4394 2637//4394
f 3409//4395 3410//4395 2453//4395
f 3409//4396 2453//4396 2455//4396
f 2454//4397 2452//4397 2632//4397
f 2454//4398 2632//4398 2635//4398
f 3410//4399 2366//4399 2451//4399
f 3410//4400 2451//4400 2453//4400
f 3410//4401 2371//4401 2366//4401
f 2452//4402 2450//4402 2633//4402
f 2452//4403 2633//4403 2632//4403
f 2451//4404 2366//4404 2449//4404
f 2450//4405 2448//4405 2718//4405
f 2450//4406 2718//4406 2633//4406
f 2360//4407 2358//4407 2444//4407
f 2360//4408 2444//4408 2443//4408
f 2446//4409 2445//4409 2535//4409
f 2446//4410 2535//4410 2719//4410
f 2445//4411 2442//4411 2533//4411
f 2445//4412 2533//4412 2535//4412
f 2442//4413 2440//4413 3352//4413
f 2442//4414 3352//4414 2533//4414
f 2444//4415 2441//4415 2442//4415
f 2444//4416 2442//4416 2445//4416
f 2439//4417 3411//4417 2438//4417
f 2438//4418 3411//4418 3412//4418
f 2438//4419 3412//4419 2435//4419
f 2352//4420 2349//4420 3412//4420
f 2352//4421 3412//4421 3411//4421
f 2348//4422 2434//4422 2435//4422
f 2348//4423 2435//4423 3412//4423
f 2348//4424 2345//4424 3413//4424
f 2348//4425 3413//4425 2434//4425
f 2440//4426 2438//4426 2437//4426
f 2434//4427 3413//4427 2431//4427
f 2344//4428 3414//4428 2431//4428
f 2344//4429 2431//4429 3413//4429
f 2344//4430 2339//4430 3414//4430
f 2335//4431 2430//4431 3414//4431
f 2335//4432 3414//4432 2339//4432
f 2335//4433 3415//4433 2428//4433
f 2335//4434 2428//4434 2430//4434
f 2426//4435 2428//4435 3415//4435
f 2426//4436 3415//4436 3416//4436
f 2436//4437 2433//4437 2432//4437
f 2436//4438 2432//4438 3355//4438
f 2431//4439 3414//4439 2430//4439
f 3356//4440 2432//4440 2429//4440
f 3356//4441 2429//4441 2427//4441
f 3417//4442 2424//4442 2426//4442
f 3417//4443 2426//4443 3416//4443
f 3418//4444 2422//4444 2424//4444
f 3418//4445 2424//4445 3417//4445
f 2422//4446 3360//4446 2423//4446
f 3419//4447 3420//4447 2422//4447
f 3419//4448 2422//4448 3418//4448
f 3420//4449 3361//4449 3360//4449
f 3420//4450 3360//4450 2422//4450
f 3421//4451 3422//4451 2418//4451
f 2420//4452 3392//4452 2421//4452
f 2420//4453 2419//4453 3390//4453
f 2418//4454 3422//4454 2419//4454
f 3390//4455 2419//4455 3423//4455
f 3390//4456 3423//4456 3391//4456
f 2419//4457 3422//4457 3424//4457
f 2419//4458 3424//4458 3423//4458
f 3391//4459 3423//4459 3425//4459
f 3391//4460 3425//4460 3377//4460
f 3423//4461 3424//4461 3426//4461
f 3423//4462 3426//4462 3425//4462
f 3377//4463 3425//4463 3427//4463
f 3377//4464 3427//4464 3378//4464
f 3425//4465 3426//4465 3428//4465
f 3425//4466 3428//4466 3427//4466
f 3378//4467 3427//4467 2417//4467
f 3378//4468 2417//4468 3379//4468
f 3427//4469 3428//4469 3429//4469
f 3427//4470 3429//4470 2417//4470
f 2416//4471 3379//4471 2417//4471
f 2415//4472 2417//4472 3429//4472
f 2258//4473 2415//4473 3429//4473
f 2416//4474 2415//4474 2414//4474
f 2415//4475 2258//4475 2413//4475
f 2406//4476 3394//4476 3387//4476
f 2406//4477 3387//4477 2408//4477
f 2405//4478 3395//4478 3394//4478
f 2405//4479 3394//4479 2406//4479
f 2405//4480 2402//4480 3395//4480
f 2401//4481 3397//4481 3396//4481
f 2401//4482 3396//4482 2402//4482
f 2401//4483 2399//4483 3398//4483
f 2401//4484 3398//4484 3397//4484
f 2399//4485 2397//4485 3399//4485
f 2399//4486 3399//4486 3398//4486
f 2397//4487 2395//4487 3400//4487
f 2397//4488 3400//4488 3399//4488
f 2395//4489 2393//4489 3401//4489
f 2395//4490 3401//4490 3400//4490
f 2393//4491 2391//4491 3402//4491
f 2393//4492 3402//4492 3401//4492
f 2391//4493 2389//4493 3403//4493
f 2391//4494 3403//4494 3402//4494
f 2389//4495 2387//4495 3404//4495
f 2389//4496 3404//4496 3403//4496
f 2387//4497 2471//4497 3404//4497
f 2385//4498 2471//4498 2387//4498
f 2385//4499 2383//4499 2472//4499
f 2385//4500 2472//4500 2471//4500
f 2383//4501 2380//4501 3405//4501
f 2383//4502 3405//4502 2472//4502
f 2285//4503 2287//4503 2381//4503
f 2285//4504 2381//4504 2382//4504
f 2379//4505 3406//4505 3405//4505
f 2379//4506 3405//4506 2380//4506
f 2379//4507 2377//4507 3407//4507
f 2379//4508 3407//4508 3406//4508
f 2377//4509 2375//4509 3408//4509
f 2377//4510 3408//4510 3407//4510
f 2375//4511 2373//4511 3409//4511
f 2373//4512 2371//4512 3410//4512
f 2373//4513 3410//4513 3409//4513
f 2294//4514 2370//4514 2372//4514
f 2371//4515 2365//4515 2366//4515
f 2366//4516 2363//4516 2449//4516
f 2365//4517 2367//4517 2364//4517
f 2363//4518 2362//4518 2447//4518
f 2363//4519 2447//4519 2449//4519
f 2362//4520 2443//4520 2447//4520
f 2364//4521 2361//4521 2362//4521
f 2360//4522 2443//4522 2362//4522
f 2369//4523 3430//4523 2359//4523
f 2369//4524 2359//4524 2361//4524
f 3430//4525 3431//4525 2355//4525
f 3430//4526 2355//4526 2359//4526
f 3431//4527 3432//4527 2356//4527
f 3431//4528 2356//4528 2355//4528
f 3432//4529 3433//4529 2353//4529
f 3432//4530 2353//4530 2356//4530
f 3434//4531 3435//4531 3436//4531
f 3434//4532 3436//4532 2346//4532
f 3437//4533 3438//4533 2343//4533
f 3437//4534 2343//4534 3436//4534
f 3437//4535 3439//4535 3438//4535
f 3440//4536 2341//4536 3439//4536
f 3440//4537 3439//4537 3441//4537
f 3442//4538 2338//4538 2341//4538
f 3442//4539 2341//4539 3440//4539
f 2338//4540 3442//4540 3443//4540
f 3444//4541 3445//4541 3443//4541
f 3444//4542 3443//4542 3446//4542
f 3447//4543 3448//4543 3445//4543
f 3447//4544 3445//4544 3444//4544
f 3449//4545 3450//4545 3448//4545
f 3449//4546 3448//4546 3447//4546
f 3442//4547 3440//4547 2331//4547
f 3442//4548 2331//4548 3451//4548
f 3446//4549 3443//4549 3442//4549
f 3446//4550 3442//4550 3451//4550
f 3439//4551 3452//4551 2327//4551
f 3439//4552 2327//4552 3441//4552
f 3437//4553 3452//4553 3439//4553
f 3453//4554 3434//4554 2346//4554
f 3453//4555 2346//4555 2347//4555
f 2358//4556 2357//4556 2441//4556
f 2358//4557 2441//4557 2444//4557
f 2357//4558 2354//4558 2439//4558
f 2357//4559 2439//4559 2441//4559
f 2354//4560 2352//4560 3411//4560
f 2354//4561 3411//4561 2439//4561
f 2356//4562 2353//4562 2354//4562
f 2356//4563 2354//4563 2357//4563
f 3433//4564 3454//4564 2351//4564
f 3433//4565 2351//4565 2353//4565
f 3454//4566 3455//4566 2350//4566
f 3454//4567 2350//4567 2351//4567
f 3455//4568 3453//4568 2347//4568
f 3455//4569 2347//4569 2350//4569
f 2352//4570 2350//4570 2349//4570
f 2349//4571 2348//4571 3412//4571
f 2346//4572 3436//4572 2343//4572
f 2345//4573 2344//4573 3413//4573
f 2343//4574 3438//4574 2342//4574
f 2342//4575 3438//4575 3439//4575
f 2342//4576 3439//4576 2341//4576
f 2344//4577 2340//4577 2339//4577
f 2338//4578 3443//4578 2336//4578
f 3443//4579 3445//4579 2337//4579
f 3443//4580 2337//4580 2336//4580
f 2335//4581 2337//4581 3415//4581
f 3456//4582 2337//4582 3445//4582
f 3456//4583 3445//4583 3448//4583
f 3456//4584 3416//4584 3415//4584
f 3456//4585 3415//4585 2337//4585
f 3457//4586 3456//4586 3448//4586
f 3457//4587 3448//4587 3450//4587
f 3457//4588 3417//4588 3416//4588
f 3457//4589 3416//4589 3456//4589
f 3458//4590 3457//4590 3450//4590
f 3458//4591 3418//4591 3417//4591
f 3458//4592 3417//4592 3457//4592
f 3459//4593 2255//4593 2256//4593
f 3459//4594 2256//4594 3460//4594
f 3459//4595 3461//4595 2254//4595
f 3459//4596 2254//4596 2255//4596
f 3461//4597 3462//4597 2253//4597
f 3461//4598 2253//4598 2254//4598
f 3463//4599 3464//4599 3462//4599
f 3463//4600 3462//4600 3461//4600
f 3464//4601 3465//4601 2250//4601
f 3464//4602 2250//4602 3462//4602
f 3464//4603 2332//4603 3465//4603
f 2332//4604 3466//4604 2248//4604
f 2332//4605 2248//4605 3465//4605
f 2332//4606 2329//4606 3466//4606
f 2329//4607 2167//4607 2169//4607
f 2329//4608 2169//4608 3466//4608
f 3463//4609 3461//4609 3459//4609
f 3463//4610 3459//4610 3467//4610
f 3459//4611 3460//4611 3468//4611
f 3459//4612 3468//4612 3467//4612
f 3469//4613 3468//4613 3460//4613
f 3470//4614 3471//4614 3468//4614
f 3470//4615 3468//4615 3469//4615
f 3470//4616 3447//4616 3444//4616
f 3470//4617 3444//4617 3471//4617
f 3471//4618 3472//4618 3467//4618
f 3471//4619 3467//4619 3468//4619
f 3471//4620 3444//4620 3446//4620
f 3471//4621 3446//4621 3472//4621
f 3463//4622 3467//4622 3472//4622
f 3463//4623 3472//4623 2334//4623
f 3472//4624 3446//4624 3451//4624
f 3472//4625 3451//4625 2334//4625
f 3463//4626 2334//4626 2333//4626
f 3463//4627 2333//4627 3464//4627
f 2334//4628 3451//4628 2331//4628
f 3464//4629 2333//4629 2332//4629
f 2331//4630 3440//4630 3441//4630
f 2331//4631 3441//4631 2330//4631
f 2332//4632 2330//4632 2329//4632
f 2330//4633 3441//4633 2327//4633
f 2329//4634 2326//4634 2167//4634
f 2325//4635 2327//4635 3452//4635
f 2323//4636 2325//4636 3452//4636
f 2323//4637 3452//4637 3437//4637
f 2323//4638 3437//4638 3436//4638
f 2323//4639 3436//4639 3435//4639
f 2322//4640 2328//4640 2324//4640
f 2322//4641 2324//4641 2323//4641
f 2322//4642 3473//4642 2163//4642
f 2322//4643 2163//4643 2328//4643
f 2321//4644 2323//4644 3435//4644
f 2320//4645 3474//4645 3473//4645
f 2320//4646 3473//4646 2322//4646
f 3475//4647 2162//4647 3473//4647
f 3475//4648 3473//4648 3474//4648
f 2319//4649 2321//4649 3435//4649
f 2319//4650 3435//4650 3434//4650
f 2318//4651 3476//4651 3474//4651
f 2318//4652 3474//4652 2320//4652
f 2317//4653 2319//4653 3434//4653
f 2317//4654 3434//4654 3453//4654
f 2316//4655 3477//4655 3476//4655
f 2316//4656 3476//4656 2318//4656
f 2315//4657 2317//4657 3453//4657
f 2315//4658 3453//4658 3455//4658
f 3478//4659 3477//4659 2316//4659
f 3478//4660 2316//4660 2314//4660
f 2313//4661 2315//4661 3455//4661
f 2313//4662 3455//4662 3454//4662
f 2311//4663 2313//4663 3454//4663
f 2311//4664 3454//4664 3433//4664
f 2309//4665 2311//4665 3433//4665
f 2309//4666 3433//4666 3432//4666
f 2307//4667 2309//4667 3432//4667
f 2307//4668 3432//4668 3431//4668
f 2305//4669 2307//4669 3431//4669
f 2305//4670 3431//4670 3430//4670
f 2304//4671 2150//4671 2306//4671
f 2303//4672 2305//4672 3430//4672
f 2303//4673 3430//4673 2369//4673
f 2301//4674 2303//4674 2369//4674
f 2301//4675 2369//4675 2368//4675
f 2299//4676 2301//4676 2368//4676
f 2299//4677 2368//4677 2367//4677
f 2297//4678 2299//4678 2367//4678
f 2297//4679 2367//4679 2370//4679
f 2297//4680 2370//4680 2294//4680
f 2293//4681 2294//4681 2372//4681
f 2293//4682 2372//4682 2374//4682
f 2293//4683 2374//4683 2376//4683
f 2293//4684 2376//4684 2291//4684
f 2289//4685 2291//4685 2376//4685
f 2289//4686 2376//4686 2378//4686
f 2287//4687 2289//4687 2378//4687
f 2287//4688 2378//4688 2381//4688
f 2285//4689 2284//4689 2287//4689
f 2283//4690 2285//4690 2382//4690
f 2283//4691 2382//4691 2384//4691
f 2281//4692 2283//4692 2384//4692
f 2281//4693 2384//4693 2386//4693
f 2279//4694 2281//4694 2386//4694
f 2279//4695 2386//4695 2388//4695
f 2277//4696 2279//4696 2388//4696
f 2277//4697 2388//4697 2390//4697
f 2275//4698 2277//4698 2390//4698
f 2275//4699 2390//4699 2392//4699
f 2273//4700 2275//4700 2392//4700
f 2273//4701 2392//4701 2394//4701
f 2271//4702 2273//4702 2394//4702
f 2271//4703 2394//4703 2396//4703
f 2268//4704 2271//4704 2396//4704
f 2268//4705 2396//4705 2398//4705
f 2265//4706 2268//4706 2398//4706
f 2265//4707 2398//4707 2400//4707
f 2265//4708 2400//4708 2403//4708
f 2264//4709 2269//4709 2265//4709
f 2262//4710 2265//4710 2403//4710
f 2262//4711 2403//4711 2404//4711
f 2261//4712 2266//4712 2262//4712
f 2263//4713 2262//4713 2404//4713
f 3479//4714 3480//4714 2261//4714
f 3481//4715 3482//4715 3480//4715
f 3481//4716 3480//4716 3479//4716
f 3483//4717 2102//4717 3482//4717
f 3483//4718 3482//4718 3481//4718
f 2102//4719 3483//4719 2257//4719
f 2102//4720 2257//4720 3484//4720
f 3485//4721 3484//4721 2257//4721
f 2263//4722 2404//4722 2407//4722
f 3479//4723 2261//4723 2263//4723
f 3479//4724 2263//4724 3486//4724
f 3486//4725 2263//4725 2407//4725
f 3486//4726 2407//4726 2409//4726
f 3481//4727 3479//4727 3486//4727
f 3481//4728 3486//4728 3487//4728
f 3487//4729 3486//4729 2409//4729
f 3487//4730 2409//4730 2411//4730
f 3483//4731 3481//4731 3487//4731
f 3483//4732 3487//4732 2260//4732
f 2260//4733 3487//4733 2411//4733
f 2260//4734 2411//4734 2413//4734
f 2257//4735 3483//4735 2260//4735
f 2258//4736 2260//4736 2413//4736
f 2258//4737 3429//4737 2259//4737
f 2257//4738 2259//4738 3485//4738
f 3428//4739 3488//4739 2259//4739
f 3428//4740 2259//4740 3429//4740
f 3488//4741 3489//4741 3485//4741
f 3488//4742 3485//4742 2259//4742
f 3426//4743 3490//4743 3488//4743
f 3426//4744 3488//4744 3428//4744
f 3490//4745 3491//4745 3489//4745
f 3490//4746 3489//4746 3488//4746
f 3424//4747 3492//4747 3490//4747
f 3424//4748 3490//4748 3426//4748
f 3492//4749 3493//4749 3491//4749
f 3492//4750 3491//4750 3490//4750
f 3422//4751 3494//4751 3492//4751
f 3422//4752 3492//4752 3424//4752
f 3494//4753 3495//4753 3493//4753
f 3494//4754 3493//4754 3492//4754
f 3421//4755 3494//4755 3422//4755
f 2253//4756 3462//4756 2250//4756
f 2250//4757 3465//4757 2248//4757
f 2248//4758 3466//4758 2169//4758
f 2165//4759 2167//4759 2326//4759
f 2165//4760 2326//4760 2328//4760
f 2165//4761 2328//4761 2163//4761
f 2164//4762 2161//4762 2172//4762
f 2162//4763 2163//4763 3473//4763
f 2245//4764 2174//4764 2161//4764
f 2245//4765 2161//4765 2159//4765
f 3475//4766 2158//4766 2160//4766
f 3475//4767 2160//4767 2162//4767
f 3496//4768 3475//4768 3474//4768
f 3496//4769 3474//4769 3476//4769
f 2157//4770 3478//4770 2314//4770
f 2157//4771 2314//4771 2312//4771
f 2156//4772 2157//4772 2312//4772
f 2156//4773 2312//4773 2310//4773
f 2154//4774 2156//4774 2310//4774
f 2154//4775 2310//4775 2308//4775
f 2181//4776 2155//4776 2153//4776
f 2152//4777 2154//4777 2308//4777
f 2152//4778 2308//4778 2306//4778
f 2182//4779 2181//4779 2153//4779
f 2182//4780 2153//4780 2151//4780
f 2150//4781 2152//4781 2306//4781
f 2184//4782 2182//4782 2151//4782
f 2184//4783 2151//4783 2149//4783
f 2148//4784 2150//4784 2304//4784
f 2148//4785 2304//4785 2302//4785
f 2186//4786 2184//4786 2149//4786
f 2186//4787 2149//4787 2147//4787
f 2146//4788 2148//4788 2302//4788
f 2146//4789 2302//4789 2300//4789
f 2188//4790 2186//4790 2147//4790
f 2188//4791 2147//4791 2145//4791
f 2144//4792 2146//4792 2300//4792
f 2144//4793 2300//4793 2298//4793
f 2190//4794 2188//4794 2145//4794
f 2190//4795 2145//4795 2143//4795
f 2142//4796 2144//4796 2298//4796
f 2142//4797 2298//4797 2296//4797
f 2192//4798 2190//4798 2143//4798
f 2192//4799 2143//4799 2141//4799
f 2140//4800 2142//4800 2296//4800
f 2140//4801 2296//4801 2295//4801
f 2194//4802 2192//4802 2141//4802
f 2194//4803 2141//4803 2139//4803
f 2140//4804 2295//4804 2292//4804
f 2140//4805 2292//4805 2138//4805
f 2194//4806 2139//4806 2137//4806
f 2194//4807 2137//4807 2195//4807
f 2136//4808 2138//4808 2292//4808
f 2136//4809 2292//4809 2290//4809
f 2198//4810 2195//4810 2137//4810
f 2198//4811 2137//4811 2135//4811
f 2136//4812 2290//4812 2134//4812
f 2198//4813 2135//4813 2133//4813
f 2198//4814 2133//4814 2199//4814
f 2134//4815 2290//4815 2288//4815
f 2132//4816 2134//4816 2288//4816
f 2132//4817 2288//4817 2286//4817
f 2202//4818 2199//4818 2133//4818
f 2202//4819 2133//4819 2131//4819
f 2130//4820 2132//4820 2286//4820
f 2130//4821 2286//4821 2284//4821
f 2203//4822 2202//4822 2131//4822
f 2203//4823 2131//4823 2129//4823
f 2128//4824 2130//4824 2284//4824
f 2128//4825 2284//4825 2282//4825
f 2206//4826 2203//4826 2129//4826
f 2206//4827 2129//4827 2127//4827
f 2126//4828 2128//4828 2282//4828
f 2126//4829 2282//4829 2280//4829
f 2206//4830 2127//4830 2125//4830
f 2124//4831 2126//4831 2280//4831
f 2124//4832 2280//4832 2278//4832
f 2209//4833 2208//4833 2125//4833
f 2209//4834 2125//4834 2123//4834
f 2124//4835 2278//4835 2276//4835
f 2122//4836 2124//4836 2276//4836
f 2211//4837 2209//4837 2123//4837
f 2211//4838 2123//4838 2121//4838
f 2122//4839 2276//4839 2274//4839
f 2120//4840 2122//4840 2274//4840
f 2213//4841 2211//4841 2121//4841
f 2213//4842 2121//4842 2119//4842
f 2118//4843 2120//4843 2274//4843
f 2118//4844 2274//4844 2272//4844
f 2117//4845 2119//4845 2118//4845
f 2116//4846 2118//4846 2272//4846
f 2116//4847 2272//4847 2270//4847
f 2215//4848 2117//4848 2115//4848
f 2114//4849 2116//4849 2270//4849
f 2114//4850 2270//4850 2267//4850
f 2114//4851 2267//4851 2269//4851
f 2113//4852 2115//4852 2114//4852
f 2112//4853 2114//4853 2269//4853
f 2112//4854 2269//4854 2264//4854
f 2112//4855 2264//4855 2266//4855
f 2112//4856 2266//4856 2111//4856
f 2233//4857 2113//4857 2110//4857
f 2233//4858 2110//4858 2108//4858
f 2109//4859 2111//4859 2266//4859
f 2109//4860 2266//4860 2261//4860
f 2231//4861 2233//4861 2108//4861
f 2231//4862 2108//4862 2106//4862
f 2107//4863 2109//4863 2261//4863
f 2107//4864 2261//4864 3480//4864
f 2229//4865 2231//4865 2106//4865
f 2229//4866 2106//4866 2104//4866
f 2105//4867 2107//4867 3480//4867
f 2105//4868 3480//4868 3482//4868
f 2101//4869 2229//4869 2104//4869
f 2102//4870 2105//4870 3482//4870
f 2102//4871 3484//4871 2103//4871
f 2101//4872 2103//4872 2227//4872
f 3485//4873 3497//4873 2103//4873
f 3485//4874 2103//4874 3484//4874
f 3497//4875 2242//4875 2227//4875
f 3497//4876 2227//4876 2103//4876
f 3489//4877 3498//4877 3497//4877
f 3489//4878 3497//4878 3485//4878
f 3498//4879 2238//4879 2242//4879
f 3498//4880 2242//4880 3497//4880
f 3491//4881 3499//4881 3498//4881
f 3491//4882 3498//4882 3489//4882
f 3499//4883 2236//4883 2238//4883
f 3499//4884 2238//4884 3498//4884
f 3493//4885 3500//4885 3499//4885
f 3493//4886 3499//4886 3491//4886
f 3500//4887 2234//4887 2236//4887
f 3500//4888 2236//4888 3499//4888
f 3495//4889 3500//4889 3493//4889
f 3501//4890 2070//4890 2067//4890
f 3501//4891 2067//4891 3502//4891
f 3503//4892 2076//4892 3501//4892
f 3504//4893 2077//4893 3503//4893
f 3504//4894 3503//4894 2091//4894
f 3503//4895 3501//4895 2093//4895
f 3505//4896 3502//4896 2067//4896
f 3505//4897 2067//4897 2066//4897
f 3506//4898 3505//4898 2066//4898
f 2099//4899 2097//4899 3505//4899
f 2099//4900 3505//4900 3506//4900
f 2097//4901 2094//4901 3502//4901
f 2097//4902 3502//4902 3505//4902
f 3501//4903 3502//4903 2094//4903
f 3501//4904 2094//4904 2093//4904
f 2092//4905 2095//4905 2252//4905
f 2092//4906 2252//4906 2251//4906
f 3503//4907 2093//4907 2092//4907
f 3503//4908 2092//4908 2091//4908
f 2090//4909 2092//4909 2251//4909
f 2090//4910 2251//4910 2249//4910
f 2090//4911 2249//4911 2089//4911
f 3504//4912 2091//4912 2090//4912
f 3504//4913 2090//4913 2087//4913
f 2247//4914 2171//4914 2088//4914
f 2247//4915 2088//4915 2089//4915
f 2086//4916 2088//4916 2171//4916
f 2086//4917 2171//4917 2083//4917
f 2170//4918 2178//4918 2084//4918
f 2170//4919 2084//4919 2083//4919
f 2084//4920 2033//4920 2035//4920
f 2084//4921 2035//4921 2085//4921
f 2085//4922 2035//4922 2037//4922
f 2085//4923 2037//4923 2082//4923
f 2082//4924 2037//4924 2038//4924
f 2082//4925 2038//4925 2079//4925
f 2087//4926 2081//4926 2080//4926
f 2087//4927 2080//4927 3504//4927
f 2086//4928 2085//4928 2082//4928
f 2086//4929 2082//4929 2081//4929
f 2079//4930 2042//4930 2078//4930
f 3504//4931 2080//4931 2078//4931
f 3504//4932 2078//4932 2077//4932
f 2072//4933 2070//4933 3501//4933
f 2072//4934 3501//4934 2076//4934
f 3503//4935 2077//4935 2075//4935
f 3503//4936 2075//4936 2076//4936
f 3507//4937 3508//4937 3509//4937
f 2065//4938 2064//4938 3508//4938
f 2065//4939 2074//4939 2063//4939
f 2064//4940 2062//4940 3509//4940
f 2064//4941 3509//4941 3508//4941
f 3509//4942 2062//4942 2060//4942
f 3509//4943 2060//4943 1872//4943
f 2059//4944 2053//4944 2052//4944
f 2059//4945 2052//4945 1876//4945
f 2050//4946 2051//4946 2048//4946
f 2073//4947 2047//4947 2049//4947
f 2058//4948 2049//4948 2048//4948
f 2045//4949 2047//4949 2075//4949
f 2045//4950 2075//4950 2078//4950
f 2050//4951 2046//4951 2045//4951
f 2050//4952 2045//4952 2044//4952
f 2045//4953 2078//4953 2042//4953
f 2045//4954 2042//4954 2044//4954
f 2050//4955 2044//4955 2043//4955
f 2042//4956 2079//4956 2038//4956
f 2042//4957 2038//4957 2041//4957
f 2043//4958 2041//4958 2040//4958
f 2039//4959 1891//4959 1887//4959
f 2039//4960 1887//4960 2040//4960
f 2036//4961 1894//4961 1891//4961
f 2036//4962 1891//4962 2039//4962
f 2034//4963 1896//4963 1894//4963
f 2034//4964 1894//4964 2036//4964
f 2032//4965 1898//4965 1896//4965
f 2032//4966 1896//4966 2034//4966
f 2037//4967 2036//4967 2039//4967
f 2037//4968 2039//4968 2038//4968
f 2031//4969 1900//4969 1898//4969
f 2031//4970 1898//4970 2032//4970
f 2029//4971 2028//4971 2031//4971
f 2029//4972 2031//4972 2030//4972
f 2026//4973 1904//4973 2028//4973
f 2025//4974 2027//4974 2176//4974
f 2025//4975 2176//4975 2175//4975
f 2022//4976 2025//4976 2175//4976
f 2022//4977 2175//4977 2246//4977
f 2023//4978 2022//4978 2246//4978
f 2015//4979 2017//4979 2180//4979
f 2015//4980 2180//4980 2179//4980
f 2011//4981 2015//4981 2179//4981
f 2011//4982 2179//4982 2183//4982
f 2009//4983 2011//4983 2183//4983
f 2009//4984 2183//4984 2185//4984
f 2007//4985 2009//4985 2185//4985
f 2007//4986 2185//4986 2187//4986
f 2005//4987 2007//4987 2187//4987
f 2005//4988 2187//4988 2189//4988
f 2003//4989 2005//4989 2189//4989
f 2003//4990 2189//4990 2191//4990
f 2001//4991 2003//4991 2191//4991
f 2001//4992 2191//4992 2193//4992
f 2001//4993 2193//4993 2196//4993
f 2001//4994 2196//4994 1999//4994
f 1940//4995 2000//4995 1998//4995
f 1940//4996 1998//4996 1943//4996
f 1997//4997 1999//4997 2196//4997
f 1997//4998 2196//4998 2197//4998
f 1997//4999 2197//4999 2200//4999
f 1995//5000 1997//5000 2200//5000
f 1995//5001 2200//5001 2201//5001
f 1995//5002 2201//5002 1993//5002
f 1991//5003 1993//5003 2201//5003
f 1991//5004 2201//5004 2204//5004
f 1949//5005 1992//5005 1990//5005
f 1949//5006 1990//5006 1951//5006
f 1991//5007 2204//5007 2205//5007
f 1989//5008 1991//5008 2205//5008
f 1951//5009 1990//5009 1988//5009
f 1951//5010 1988//5010 1953//5010
f 1987//5011 1989//5011 2205//5011
f 1987//5012 2205//5012 2207//5012
f 1953//5013 1988//5013 1986//5013
f 1953//5014 1986//5014 3510//5014
f 1985//5015 1987//5015 2207//5015
f 1985//5016 2207//5016 2210//5016
f 1986//5017 1984//5017 3510//5017
f 1982//5018 1985//5018 2210//5018
f 3510//5019 1984//5019 1981//5019
f 3510//5020 1981//5020 1958//5020
f 1959//5021 1958//5021 1981//5021
f 1959//5022 1981//5022 1983//5022
f 1982//5023 2210//5023 2212//5023
f 1979//5024 1982//5024 2212//5024
f 1962//5025 1983//5025 1978//5025
f 1962//5026 1978//5026 3511//5026
f 3512//5027 3511//5027 1978//5027
f 3512//5028 1978//5028 3513//5028
f 3514//5029 3512//5029 3513//5029
f 3514//5030 3513//5030 3515//5030
f 3516//5031 3514//5031 3515//5031
f 3516//5032 3515//5032 3517//5032
f 3516//5033 3517//5033 3518//5033
f 3519//5034 3516//5034 3518//5034
f 3519//5035 3518//5035 1974//5035
f 3520//5036 3519//5036 1974//5036
f 3519//5037 1972//5037 3516//5037
f 3517//5038 3515//5038 3513//5038
f 3517//5039 3513//5039 3521//5039
f 3521//5040 3513//5040 1978//5040
f 1979//5041 2212//5041 2214//5041
f 1978//5042 1983//5042 1979//5042
f 1980//5043 1979//5043 2214//5043
f 1980//5044 2214//5044 2216//5044
f 3521//5045 1978//5045 1980//5045
f 3521//5046 1980//5046 3522//5046
f 3522//5047 1980//5047 2216//5047
f 3522//5048 2216//5048 2218//5048
f 3517//5049 3521//5049 3522//5049
f 3517//5050 3522//5050 3523//5050
f 3523//5051 3522//5051 2218//5051
f 3523//5052 2218//5052 2220//5052
f 3518//5053 3517//5053 3523//5053
f 3518//5054 3523//5054 1977//5054
f 1977//5055 3523//5055 2220//5055
f 1977//5056 2220//5056 2222//5056
f 1974//5057 3518//5057 1977//5057
f 1975//5058 1977//5058 2222//5058
f 1975//5059 2244//5059 1976//5059
f 1974//5060 1976//5060 3520//5060
f 2243//5061 3524//5061 1976//5061
f 2243//5062 1976//5062 2244//5062
f 3524//5063 3525//5063 3520//5063
f 3524//5064 3520//5064 1976//5064
f 2240//5065 3526//5065 3524//5065
f 2240//5066 3524//5066 2243//5066
f 3526//5067 3525//5067 3524//5067
f 2239//5068 3526//5068 2240//5068
f 3525//5069 3527//5069 1973//5069
f 3525//5070 1973//5070 3520//5070
f 3527//5071 3528//5071 1973//5071
f 3520//5072 1973//5072 1972//5072
f 3520//5073 1972//5073 3519//5073
f 1971//5074 1973//5074 3528//5074
f 3528//5075 3529//5075 1971//5075
f 1972//5076 1971//5076 1970//5076
f 1972//5077 1970//5077 3516//5077
f 3529//5078 3530//5078 1969//5078
f 3529//5079 1969//5079 1971//5079
f 3529//5080 3531//5080 3530//5080
f 3516//5081 1970//5081 1968//5081
f 3516//5082 1968//5082 3514//5082
f 3530//5083 3532//5083 1967//5083
f 3530//5084 1967//5084 1969//5084
f 3530//5085 3533//5085 3532//5085
f 3533//5086 3534//5086 3535//5086
f 3533//5087 3535//5087 3532//5087
f 3534//5088 1861//5088 3536//5088
f 3534//5089 3536//5089 3535//5089
f 3514//5090 1968//5090 1966//5090
f 3514//5091 1966//5091 3512//5091
f 1967//5092 3532//5092 3535//5092
f 1967//5093 3535//5093 1965//5093
f 3512//5094 1966//5094 1963//5094
f 3512//5095 1963//5095 3511//5095
f 1965//5096 3535//5096 3536//5096
f 1965//5097 3536//5097 1964//5097
f 1962//5098 3511//5098 1963//5098
f 1962//5099 1959//5099 1983//5099
f 1961//5100 1964//5100 3536//5100
f 1861//5101 1960//5101 1961//5101
f 1861//5102 1961//5102 3536//5102
f 1858//5103 1956//5103 1957//5103
f 1858//5104 1957//5104 1960//5104
f 3510//5105 1958//5105 1957//5105
f 3510//5106 1957//5106 1954//5106
f 1854//5107 1955//5107 1956//5107
f 1854//5108 1956//5108 1857//5108
f 1953//5109 3510//5109 1954//5109
f 1952//5110 1955//5110 1854//5110
f 1952//5111 1854//5111 1853//5111
f 1951//5112 1953//5112 1952//5112
f 1950//5113 1952//5113 1853//5113
f 1851//5114 1950//5114 1853//5114
f 1949//5115 1947//5115 1994//5115
f 1949//5116 1994//5116 1992//5116
f 1948//5117 1950//5117 1851//5117
f 1849//5118 1948//5118 1851//5118
f 1945//5119 1996//5119 1994//5119
f 1945//5120 1994//5120 1947//5120
f 1946//5121 1948//5121 1849//5121
f 1847//5122 1946//5122 1849//5122
f 1944//5123 1998//5123 1996//5123
f 1944//5124 1996//5124 1945//5124
f 1942//5125 1946//5125 1847//5125
f 1944//5126 1943//5126 1998//5126
f 1845//5127 1941//5127 1942//5127
f 1845//5128 1942//5128 1847//5128
f 1940//5129 1943//5129 1941//5129
f 1940//5130 1939//5130 2002//5130
f 1940//5131 2002//5131 2000//5131
f 1939//5132 1936//5132 2004//5132
f 1939//5133 2004//5133 2002//5133
f 1843//5134 1935//5134 1937//5134
f 1936//5135 1934//5135 2006//5135
f 1936//5136 2006//5136 2004//5136
f 1843//5137 3537//5137 1935//5137
f 3538//5138 3539//5138 1932//5138
f 3538//5139 3540//5139 3539//5139
f 3541//5140 3542//5140 3543//5140
f 3541//5141 3543//5141 3544//5141
f 3545//5142 3541//5142 3544//5142
f 3545//5143 3544//5143 3546//5143
f 3547//5144 3548//5144 3545//5144
f 3547//5145 3545//5145 3546//5145
f 3547//5146 3549//5146 3550//5146
f 3547//5147 3550//5147 3548//5147
f 3547//5148 3551//5148 1835//5148
f 3547//5149 1835//5149 3549//5149
f 3550//5150 3549//5150 3552//5150
f 3550//5151 3552//5151 3541//5151
f 3541//5152 3552//5152 3553//5152
f 3541//5153 3553//5153 3542//5153
f 1834//5154 1930//5154 3540//5154
f 1834//5155 3540//5155 3553//5155
f 3547//5156 3546//5156 1837//5156
f 3547//5157 1837//5157 3551//5157
f 3545//5158 3548//5158 3550//5158
f 3545//5159 3550//5159 3541//5159
f 3542//5160 3553//5160 3540//5160
f 3542//5161 3540//5161 3538//5161
f 3542//5162 3538//5162 1932//5162
f 3542//5163 1932//5163 3543//5163
f 1933//5164 2006//5164 1934//5164
f 3543//5165 1932//5165 1935//5165
f 3543//5166 1935//5166 3537//5166
f 1933//5167 2008//5167 2006//5167
f 1932//5168 3539//5168 3554//5168
f 1932//5169 3554//5169 1933//5169
f 1933//5170 3554//5170 2010//5170
f 1933//5171 2010//5171 2008//5171
f 3540//5172 1931//5172 3554//5172
f 3540//5173 3554//5173 3539//5173
f 3554//5174 1931//5174 2014//5174
f 3554//5175 2014//5175 2010//5175
f 1930//5176 1931//5176 3540//5176
f 1929//5177 2014//5177 1931//5177
f 1929//5178 1927//5178 2012//5178
f 1929//5179 2012//5179 2014//5179
f 1927//5180 1925//5180 2012//5180
f 1925//5181 2013//5181 2012//5181
f 1925//5182 1923//5182 2016//5182
f 1925//5183 2016//5183 2013//5183
f 1924//5184 1826//5184 3555//5184
f 1924//5185 3555//5185 1922//5185
f 1923//5186 1921//5186 2018//5186
f 1923//5187 2018//5187 2016//5187
f 1821//5188 1920//5188 1922//5188
f 1821//5189 1922//5189 3555//5189
f 1913//5190 3556//5190 1914//5190
f 1913//5191 1911//5191 2020//5191
f 1913//5192 2020//5192 3556//5192
f 1911//5193 1908//5193 2021//5193
f 1911//5194 2021//5194 2020//5194
f 1908//5195 1906//5195 2024//5195
f 1908//5196 2024//5196 2021//5196
f 1907//5197 1908//5197 1910//5197
f 1906//5198 1904//5198 2026//5198
f 1906//5199 2026//5199 2024//5199
f 1904//5200 1902//5200 2028//5200
f 1902//5201 1900//5201 2031//5201
f 1902//5202 2031//5202 2028//5202
f 1897//5203 1798//5203 1796//5203
f 1897//5204 1796//5204 1895//5204
f 1895//5205 1796//5205 1893//5205
f 1888//5206 1790//5206 1788//5206
f 1888//5207 1788//5207 1889//5207
f 1889//5208 1788//5208 1786//5208
f 1889//5209 1786//5209 1885//5209
f 1782//5210 3557//5210 1886//5210
f 1782//5211 1886//5211 1885//5211
f 1782//5212 1885//5212 1786//5212
f 1782//5213 1786//5213 1785//5213
f 1890//5214 1889//5214 1885//5214
f 1890//5215 1885//5215 1884//5215
f 1882//5216 1886//5216 3557//5216
f 1780//5217 3558//5217 1883//5217
f 1780//5218 1883//5218 1882//5218
f 1780//5219 1882//5219 3557//5219
f 2056//5220 1884//5220 1882//5220
f 2056//5221 1882//5221 1881//5221
f 1880//5222 1883//5222 3558//5222
f 1778//5223 3559//5223 1880//5223
f 1778//5224 1880//5224 3558//5224
f 2054//5225 1881//5225 1880//5225
f 2054//5226 1880//5226 1879//5226
f 1878//5227 1880//5227 3559//5227
f 1776//5228 3560//5228 1877//5228
f 1776//5229 1877//5229 1878//5229
f 1776//5230 1878//5230 3559//5230
f 2052//5231 1879//5231 1877//5231
f 2052//5232 1877//5232 1876//5232
f 1874//5233 1877//5233 3560//5233
f 1772//5234 1770//5234 1875//5234
f 1772//5235 1875//5235 1874//5235
f 1772//5236 1874//5236 3560//5236
f 1772//5237 3560//5237 1775//5237
f 2059//5238 1876//5238 1875//5238
f 2059//5239 1875//5239 1873//5239
f 1873//5240 1875//5240 1770//5240
f 1873//5241 1770//5241 1768//5241
f 2060//5242 2059//5242 1873//5242
f 2060//5243 1873//5243 1872//5243
f 1871//5244 1873//5244 1768//5244
f 3509//5245 1872//5245 1871//5245
f 3509//5246 1871//5246 1870//5246
f 3507//5247 3509//5247 1870//5247
f 3528//5248 3531//5248 3529//5248
f 3531//5249 1868//5249 1867//5249
f 3531//5250 1867//5250 3530//5250
f 1763//5251 1761//5251 1864//5251
f 1763//5252 1864//5252 1866//5252
f 1761//5253 1759//5253 1862//5253
f 1761//5254 1862//5254 1864//5254
f 1759//5255 1757//5255 1860//5255
f 1759//5256 1860//5256 1862//5256
f 3530//5257 1867//5257 1865//5257
f 3530//5258 1865//5258 3533//5258
f 3533//5259 1865//5259 1863//5259
f 3533//5260 1863//5260 3534//5260
f 3534//5261 1863//5261 1861//5261
f 1861//5262 1858//5262 1960//5262
f 1757//5263 1859//5263 1860//5263
f 1858//5264 1857//5264 1956//5264
f 1755//5265 1752//5265 1856//5265
f 1755//5266 1856//5266 1859//5266
f 1854//5267 1857//5267 1856//5267
f 1751//5268 1855//5268 1856//5268
f 1751//5269 1856//5269 1752//5269
f 1852//5270 1855//5270 1751//5270
f 1749//5271 1852//5271 1751//5271
f 1851//5272 1853//5272 1852//5272
f 1850//5273 1852//5273 1749//5273
f 1747//5274 1850//5274 1749//5274
f 1849//5275 1851//5275 1850//5275
f 1848//5276 1850//5276 1747//5276
f 1747//5277 1744//5277 1848//5277
f 1847//5278 1849//5278 1848//5278
f 1744//5279 1846//5279 1848//5279
f 1845//5280 1847//5280 1846//5280
f 1845//5281 1844//5281 1938//5281
f 1845//5282 1938//5282 1941//5282
f 1742//5283 1842//5283 1846//5283
f 1844//5284 1843//5284 1937//5284
f 1844//5285 1937//5285 1938//5285
f 1841//5286 1840//5286 3537//5286
f 1841//5287 3537//5287 1843//5287
f 1840//5288 1838//5288 3544//5288
f 1840//5289 3544//5289 3543//5289
f 1840//5290 3543//5290 3537//5290
f 1733//5291 1827//5291 1836//5291
f 1733//5292 1836//5292 1839//5292
f 3546//5293 3544//5293 1838//5293
f 3546//5294 1838//5294 1837//5294
f 1837//5295 1836//5295 3551//5295
f 1832//5296 1836//5296 1827//5296
f 3549//5297 1835//5297 3552//5297
f 1833//5298 3552//5298 1835//5298
f 1835//5299 3551//5299 1836//5299
f 1833//5300 1834//5300 3553//5300
f 1833//5301 3553//5301 3552//5301
f 1834//5302 1831//5302 1928//5302
f 1834//5303 1928//5303 1930//5303
f 1833//5304 1835//5304 1832//5304
f 1831//5305 1830//5305 1926//5305
f 1831//5306 1926//5306 1928//5306
f 1830//5307 1828//5307 1924//5307
f 1830//5308 1924//5308 1926//5308
f 1832//5309 1827//5309 1829//5309
f 1826//5310 1924//5310 1828//5310
f 1826//5311 1824//5311 3555//5311
f 1824//5312 1821//5312 3555//5312
f 1821//5313 1820//5313 1918//5313
f 1821//5314 1918//5314 1920//5314
f 1820//5315 1817//5315 1917//5315
f 1820//5316 1917//5316 1918//5316
f 1815//5317 1915//5317 1917//5317
f 1815//5318 1917//5318 1817//5318
f 1814//5319 1912//5319 1915//5319
f 1814//5320 1915//5320 1815//5320
f 1814//5321 1812//5321 1909//5321
f 1814//5322 1909//5322 1912//5322
f 1812//5323 1809//5323 1910//5323
f 1812//5324 1910//5324 1909//5324
f 1808//5325 1907//5325 1910//5325
f 1808//5326 1910//5326 1809//5326
f 1808//5327 1806//5327 1905//5327
f 1808//5328 1905//5328 1907//5328
f 1806//5329 1804//5329 1903//5329
f 1806//5330 1903//5330 1905//5330
f 1804//5331 1802//5331 1901//5331
f 1804//5332 1901//5332 1903//5332
f 1802//5333 1800//5333 1899//5333
f 1802//5334 1899//5334 1901//5334
f 1800//5335 1798//5335 1897//5335
f 1800//5336 1897//5336 1899//5336
f 1796//5337 1794//5337 1893//5337
f 1794//5338 1792//5338 1892//5338
f 1794//5339 1892//5339 1893//5339
f 1792//5340 1790//5340 1888//5340
f 1792//5341 1888//5341 1892//5341
f 1787//5342 1694//5342 1692//5342
f 1787//5343 1692//5343 1784//5343
f 1784//5344 1692//5344 1690//5344
f 1784//5345 1690//5345 1783//5345
f 1687//5346 1781//5346 1783//5346
f 1687//5347 1783//5347 1690//5347
f 1782//5348 1785//5348 1783//5348
f 1782//5349 1780//5349 3557//5349
f 1684//5350 1779//5350 1781//5350
f 1780//5351 1778//5351 3558//5351
f 1679//5352 1777//5352 1779//5352
f 1679//5353 1779//5353 1681//5353
f 1778//5354 1776//5354 3559//5354
f 1776//5355 1775//5355 3560//5355
f 1772//5356 1775//5356 1773//5356
f 1766//5357 1871//5357 1768//5357
f 1765//5358 1869//5358 1871//5358
f 1765//5359 1871//5359 1766//5359
f 3561//5360 3562//5360 1758//5360
f 3561//5361 1758//5361 1760//5361
f 3562//5362 1663//5362 1756//5362
f 3562//5363 1756//5363 1758//5363
f 1757//5364 1755//5364 1859//5364
f 1663//5365 1754//5365 1756//5365
f 1661//5366 1658//5366 1753//5366
f 1661//5367 1753//5367 1754//5367
f 1657//5368 1750//5368 1753//5368
f 1657//5369 1753//5369 1658//5369
f 1749//5370 1751//5370 1750//5370
f 1748//5371 1750//5371 1657//5371
f 1655//5372 1748//5372 1657//5372
f 1747//5373 1749//5373 1748//5373
f 1746//5374 1748//5374 1655//5374
f 1653//5375 1746//5375 1655//5375
f 1747//5376 1746//5376 1745//5376
f 1747//5377 1745//5377 1744//5377
f 1746//5378 1653//5378 3563//5378
f 1746//5379 3563//5379 1745//5379
f 1744//5380 1742//5380 1846//5380
f 1743//5381 1745//5381 3563//5381
f 1650//5382 1743//5382 3563//5382
f 1742//5383 1740//5383 1842//5383
f 1741//5384 1743//5384 1650//5384
f 1648//5385 1741//5385 1650//5385
f 1740//5386 1739//5386 1841//5386
f 1738//5387 1741//5387 1648//5387
f 1646//5388 1738//5388 1648//5388
f 1737//5389 1739//5389 1738//5389
f 1736//5390 1738//5390 1646//5390
f 1644//5391 1736//5391 1646//5391
f 1735//5392 1733//5392 1839//5392
f 1734//5393 1736//5393 1644//5393
f 1642//5394 1734//5394 1644//5394
f 1733//5395 1732//5395 1825//5395
f 1733//5396 1825//5396 1827//5396
f 1731//5397 1734//5397 1642//5397
f 1732//5398 1730//5398 1823//5398
f 1732//5399 1823//5399 1825//5399
f 1640//5400 1729//5400 1731//5400
f 1640//5401 1731//5401 1642//5401
f 1730//5402 1727//5402 1822//5402
f 1730//5403 1822//5403 1823//5403
f 1726//5404 1819//5404 1822//5404
f 1726//5405 1822//5405 1727//5405
f 1726//5406 1723//5406 1818//5406
f 1726//5407 1818//5407 1819//5407
f 1721//5408 1816//5408 1818//5408
f 1721//5409 1818//5409 1723//5409
f 1720//5410 1813//5410 1816//5410
f 1720//5411 1816//5411 1721//5411
f 1720//5412 1718//5412 1811//5412
f 1720//5413 1811//5413 1813//5413
f 1718//5414 1715//5414 1810//5414
f 1718//5415 1810//5415 1811//5415
f 1714//5416 1807//5416 1810//5416
f 1714//5417 1810//5417 1715//5417
f 1714//5418 1712//5418 1805//5418
f 1714//5419 1805//5419 1807//5419
f 1712//5420 1710//5420 1803//5420
f 1712//5421 1803//5421 1805//5421
f 1710//5422 1708//5422 1801//5422
f 1710//5423 1801//5423 1803//5423
f 1708//5424 1706//5424 1799//5424
f 1708//5425 1799//5425 1801//5425
f 1706//5426 1704//5426 1797//5426
f 1706//5427 1797//5427 1799//5427
f 1704//5428 1702//5428 1795//5428
f 1704//5429 1795//5429 1797//5429
f 1702//5430 1793//5430 1795//5430
f 1700//5431 1793//5431 1702//5431
f 1700//5432 1698//5432 1791//5432
f 1700//5433 1791//5433 1793//5433
f 1698//5434 1696//5434 1789//5434
f 1698//5435 1789//5435 1791//5435
f 1696//5436 1694//5436 1787//5436
f 1696//5437 1787//5437 1789//5437
f 1599//5438 1596//5438 1688//5438
f 1599//5439 1688//5439 1689//5439
f 1687//5440 1690//5440 1688//5440
f 1687//5441 1684//5441 1781//5441
f 1686//5442 1688//5442 1595//5442
f 1590//5443 3564//5443 1685//5443
f 1590//5444 1685//5444 1686//5444
f 1590//5445 1686//5445 1595//5445
f 1684//5446 1681//5446 1779//5446
f 1683//5447 1685//5447 3564//5447
f 1584//5448 3565//5448 1682//5448
f 1584//5449 1682//5449 1683//5449
f 1584//5450 1683//5450 3564//5450
f 1584//5451 3564//5451 1589//5451
f 1680//5452 1682//5452 3565//5452
f 1677//5453 1774//5453 1777//5453
f 1677//5454 1777//5454 1679//5454
f 1677//5455 1675//5455 1773//5455
f 1677//5456 1773//5456 1774//5456
f 1673//5457 1771//5457 1773//5457
f 1673//5458 1773//5458 1675//5458
f 1673//5459 1769//5459 1771//5459
f 1673//5460 1671//5460 1769//5460
f 1670//5461 1767//5461 1769//5461
f 1670//5462 1769//5462 1671//5462
f 3566//5463 1764//5463 1767//5463
f 3566//5464 1767//5464 1670//5464
f 3567//5465 1396//5465 3568//5465
f 3567//5466 3568//5466 3569//5466
f 3561//5467 1668//5467 1666//5467
f 3561//5468 1666//5468 3562//5468
f 1667//5469 3569//5469 1665//5469
f 3562//5470 1666//5470 1663//5470
f 1665//5471 3569//5471 3568//5471
f 1665//5472 3568//5472 1664//5472
f 1663//5473 1661//5473 1754//5473
f 1662//5474 1664//5474 3568//5474
f 1396//5475 1660//5475 1662//5475
f 1396//5476 1662//5476 3568//5476
f 1655//5477 1657//5477 1656//5477
f 1654//5478 1656//5478 1398//5478
f 1653//5479 1655//5479 1654//5479
f 1652//5480 1654//5480 1401//5480
f 1653//5481 1652//5481 1651//5481
f 1653//5482 1651//5482 3563//5482
f 1652//5483 1403//5483 1406//5483
f 1652//5484 1406//5484 1651//5484
f 1650//5485 3563//5485 1651//5485
f 1649//5486 1651//5486 1406//5486
f 1648//5487 1650//5487 1649//5487
f 1647//5488 1649//5488 1407//5488
f 1646//5489 1648//5489 1647//5489
f 1645//5490 1647//5490 1409//5490
f 1644//5491 1646//5491 1645//5491
f 1642//5492 1644//5492 1643//5492
f 1640//5493 1642//5493 1641//5493
f 1640//5494 1639//5494 1728//5494
f 1640//5495 1728//5495 1729//5495
f 1639//5496 1636//5496 1725//5496
f 1639//5497 1725//5497 1728//5497
f 1634//5498 1724//5498 1725//5498
f 1634//5499 1725//5499 1636//5499
f 1633//5500 1722//5500 1724//5500
f 1633//5501 1724//5501 1634//5501
f 1632//5502 1635//5502 1424//5502
f 1633//5503 1631//5503 1719//5503
f 1633//5504 1719//5504 1722//5504
f 1631//5505 1628//5505 1719//5505
f 1627//5506 1717//5506 1719//5506
f 1627//5507 1719//5507 1628//5507
f 1627//5508 1624//5508 1716//5508
f 1627//5509 1716//5509 1717//5509
f 1623//5510 1713//5510 1716//5510
f 1623//5511 1716//5511 1624//5511
f 1623//5512 1621//5512 1711//5512
f 1623//5513 1711//5513 1713//5513
f 1621//5514 1619//5514 1709//5514
f 1621//5515 1709//5515 1711//5515
f 1619//5516 1617//5516 1707//5516
f 1619//5517 1707//5517 1709//5517
f 1617//5518 1615//5518 1705//5518
f 1617//5519 1705//5519 1707//5519
f 1615//5520 1613//5520 1703//5520
f 1615//5521 1703//5521 1705//5521
f 1613//5522 1611//5522 1701//5522
f 1613//5523 1701//5523 1703//5523
f 1611//5524 1609//5524 1699//5524
f 1611//5525 1699//5525 1701//5525
f 1609//5526 1606//5526 1697//5526
f 1609//5527 1697//5527 1699//5527
f 1606//5528 1695//5528 1697//5528
f 1605//5529 1695//5529 1606//5529
f 1605//5530 1603//5530 1693//5530
f 1605//5531 1693//5531 1695//5531
f 1603//5532 1601//5532 1691//5532
f 1603//5533 1691//5533 1693//5533
f 1601//5534 1599//5534 1689//5534
f 1601//5535 1689//5535 1691//5535
f 1596//5536 1595//5536 1688//5536
f 1590//5537 1595//5537 1591//5537
f 1590//5538 1589//5538 3564//5538
f 1588//5539 1592//5539 3570//5539
f 1584//5540 1589//5540 1586//5540
f 1585//5541 1587//5541 3571//5541
f 1585//5542 3571//5542 3572//5542
f 1582//5543 1680//5543 3565//5543
f 1582//5544 3565//5544 1584//5544
f 1583//5545 1585//5545 3572//5545
f 3573//5546 1581//5546 1583//5546
f 1581//5547 1678//5547 1680//5547
f 1581//5548 1680//5548 1582//5548
f 1579//5549 1581//5549 3573//5549
f 1580//5550 1676//5550 1678//5550
f 1580//5551 1678//5551 1581//5551
f 1577//5552 1674//5552 1676//5552
f 1577//5553 1676//5553 1580//5553
f 1575//5554 1672//5554 1674//5554
f 1575//5555 1674//5555 1577//5555
f 1573//5556 1669//5556 1672//5556
f 1573//5557 1672//5557 1575//5557
f 3574//5558 1570//5558 1571//5558
f 3574//5559 1571//5559 3575//5559
f 3575//5560 1571//5560 1491//5560
f 3575//5561 1491//5561 3576//5561
f 3577//5562 3575//5562 3576//5562
f 3578//5563 3577//5563 3576//5563
f 3578//5564 3576//5564 3579//5564
f 3580//5565 3578//5565 3579//5565
f 3580//5566 3579//5566 3581//5566
f 3580//5567 3581//5567 3582//5567
f 3580//5568 3582//5568 3583//5568
f 3583//5569 3582//5569 3584//5569
f 3584//5570 3585//5570 3586//5570
f 3584//5571 3586//5571 3587//5571
f 3587//5572 3586//5572 3588//5572
f 3589//5573 3588//5573 3590//5573
f 3591//5574 3592//5574 3590//5574
f 3591//5575 3590//5575 3593//5575
f 3594//5576 3591//5576 3593//5576
f 3594//5577 3593//5577 3595//5577
f 3596//5578 3594//5578 3595//5578
f 3596//5579 3595//5579 3597//5579
f 3598//5580 3596//5580 3597//5580
f 3598//5581 3597//5581 3599//5581
f 3600//5582 3598//5582 3599//5582
f 3600//5583 3599//5583 3601//5583
f 3602//5584 3600//5584 3601//5584
f 3602//5585 3601//5585 3603//5585
f 3604//5586 3602//5586 3603//5586
f 3604//5587 3603//5587 3605//5587
f 3604//5588 3605//5588 3606//5588
f 3604//5589 3606//5589 3607//5589
f 3607//5590 3606//5590 3608//5590
f 3607//5591 3608//5591 3609//5591
f 3610//5592 3609//5592 3611//5592
f 3612//5593 3610//5593 3611//5593
f 3612//5594 3611//5594 3613//5594
f 3614//5595 3612//5595 3613//5595
f 3614//5596 3613//5596 3615//5596
f 3616//5597 3614//5597 3615//5597
f 3616//5598 3615//5598 3617//5598
f 3616//5599 3617//5599 3618//5599
f 3616//5600 3618//5600 3619//5600
f 3619//5601 3618//5601 3620//5601
f 3619//5602 3620//5602 3621//5602
f 3622//5603 3621//5603 3620//5603
f 3622//5604 3623//5604 3624//5604
f 3625//5605 3624//5605 3626//5605
f 3627//5606 3625//5606 3626//5606
f 3627//5607 3626//5607 3628//5607
f 3627//5608 3628//5608 3629//5608
f 3630//5609 3627//5609 3629//5609
f 3630//5610 3629//5610 3631//5610
f 3632//5611 3630//5611 3631//5611
f 3632//5612 3631//5612 3633//5612
f 3634//5613 3632//5613 3633//5613
f 3634//5614 3635//5614 3636//5614
f 3636//5615 3637//5615 3638//5615
f 3639//5616 3640//5616 3641//5616
f 3641//5617 3642//5617 3643//5617
f 3641//5618 3643//5618 3644//5618
f 3645//5619 3646//5619 3647//5619
f 3647//5620 3646//5620 3574//5620
f 3647//5621 3574//5621 3648//5621
f 3647//5622 3648//5622 3649//5622
f 3650//5623 3647//5623 3649//5623
f 3651//5624 3652//5624 3649//5624
f 3652//5625 3651//5625 3653//5625
f 3654//5626 3653//5626 3651//5626
f 3654//5627 3651//5627 3655//5627
f 3654//5628 3655//5628 3656//5628
f 3654//5629 3656//5629 3657//5629
f 3657//5630 3656//5630 3658//5630
f 3657//5631 3658//5631 3659//5631
f 3659//5632 3658//5632 3660//5632
f 3659//5633 3660//5633 3661//5633
f 3661//5634 3660//5634 3662//5634
f 3661//5635 3662//5635 3663//5635
f 3663//5636 3662//5636 3664//5636
f 3663//5637 3664//5637 3665//5637
f 3665//5638 3664//5638 3666//5638
f 3667//5639 3668//5639 3666//5639
f 3669//5640 3670//5640 3668//5640
f 3669//5641 3668//5641 3667//5641
f 3671//5642 3670//5642 3672//5642
f 3671//5643 3672//5643 3673//5643
f 3671//5644 3673//5644 3674//5644
f 3675//5645 3676//5645 3677//5645
f 3675//5646 3677//5646 3678//5646
f 3679//5647 3680//5647 3676//5647
f 3679//5648 3676//5648 3675//5648
f 3679//5649 3681//5649 3680//5649
f 3680//5650 3681//5650 3682//5650
f 3683//5651 3682//5651 3684//5651
f 3683//5652 3684//5652 3685//5652
f 3686//5653 3683//5653 3685//5653
f 3686//5654 3687//5654 3688//5654
f 3688//5655 3689//5655 3690//5655
f 3690//5656 3691//5656 3692//5656
f 3693//5657 3694//5657 3695//5657
f 3693//5658 3695//5658 3696//5658
f 3693//5659 3696//5659 3697//5659
f 3697//5660 3698//5660 3699//5660
f 3699//5661 3700//5661 3701//5661
f 3699//5662 3701//5662 3702//5662
f 3703//5663 3702//5663 3701//5663
f 3703//5664 3704//5664 3705//5664
f 3706//5665 3707//5665 3708//5665
f 3709//5666 3710//5666 3711//5666
f 3709//5667 3711//5667 3712//5667
f 3713//5668 3712//5668 3711//5668
f 3714//5669 3715//5669 3713//5669
f 3714//5670 3713//5670 3711//5670
f 3713//5671 3715//5671 3716//5671
f 3716//5672 3717//5672 3718//5672
f 3719//5673 3720//5673 3718//5673
f 3719//5674 3718//5674 3721//5674
f 3722//5675 3720//5675 3719//5675
f 3723//5676 3724//5676 3722//5676
f 3723//5677 3722//5677 3719//5677
f 3723//5678 3725//5678 3724//5678
f 3724//5679 3725//5679 3726//5679
f 3724//5680 3726//5680 3727//5680
f 3728//5681 3727//5681 3726//5681
f 3729//5682 3730//5682 3728//5682
f 3729//5683 3728//5683 3726//5683
f 3731//5684 3728//5684 3730//5684
f 3732//5685 3733//5685 3731//5685
f 3732//5686 3731//5686 3730//5686
f 3733//5687 3734//5687 3735//5687
f 3736//5688 3737//5688 3738//5688
f 3736//5689 3738//5689 3739//5689
f 3737//5690 3740//5690 3741//5690
f 3737//5691 3741//5691 3738//5691
f 3740//5692 3742//5692 3743//5692
f 3740//5693 3743//5693 3741//5693
f 3743//5694 3744//5694 3745//5694
f 3745//5695 3746//5695 3747//5695
f 3747//5696 3746//5696 3748//5696
f 3747//5697 3748//5697 3749//5697
f 3748//5698 3750//5698 3751//5698
f 3752//5699 3753//5699 3754//5699
f 3710//5700 3714//5700 3711//5700
f 3714//5701 3755//5701 3756//5701
f 3714//5702 3756//5702 3715//5702
f 3717//5703 3715//5703 3756//5703
f 3757//5704 3717//5704 3756//5704
f 3757//5705 3756//5705 3758//5705
f 3717//5706 3757//5706 3721//5706
f 3757//5707 3759//5707 3721//5707
f 3760//5708 3719//5708 3721//5708
f 3760//5709 3721//5709 3759//5709
f 3761//5710 3762//5710 3760//5710
f 3761//5711 3760//5711 3759//5711
f 3762//5712 3763//5712 3760//5712
f 3762//5713 3764//5713 3765//5713
f 3762//5714 3765//5714 3763//5714
f 3764//5715 3766//5715 3765//5715
f 3767//5716 3765//5716 3766//5716
f 3768//5717 3769//5717 3767//5717
f 3768//5718 3767//5718 3766//5718
f 3770//5719 3771//5719 3772//5719
f 3773//5720 3774//5720 3775//5720
f 3773//5721 3775//5721 3776//5721
f 3777//5722 3773//5722 3776//5722
f 3778//5723 3777//5723 3776//5723
f 3778//5724 3776//5724 3771//5724
f 3779//5725 3780//5725 3777//5725
f 3779//5726 3777//5726 3778//5726
f 3780//5727 3781//5727 3777//5727
f 3782//5728 3773//5728 3781//5728
f 3782//5729 3781//5729 3783//5729
f 3782//5730 3783//5730 3784//5730
f 3755//5731 3785//5731 3758//5731
f 3786//5732 3757//5732 3785//5732
f 3786//5733 3785//5733 3787//5733
f 3786//5734 3788//5734 3761//5734
f 3789//5735 3761//5735 3788//5735
f 3761//5736 3789//5736 3764//5736
f 3761//5737 3764//5737 3762//5737
f 3790//5738 3764//5738 3789//5738
f 3791//5739 3768//5739 3766//5739
f 3791//5740 3766//5740 3790//5740
f 3791//5741 3792//5741 3793//5741
f 3791//5742 3793//5742 3768//5742
f 3790//5743 3789//5743 3794//5743
f 3784//5744 3795//5744 3796//5744
f 3795//5745 3797//5745 3798//5745
f 3795//5746 3798//5746 3796//5746
f 3799//5747 3798//5747 3800//5747
f 3799//5748 3800//5748 3801//5748
f 3801//5749 3800//5749 3802//5749
f 3801//5750 3802//5750 3744//5750
f 3746//5751 3744//5751 3802//5751
f 3800//5752 3803//5752 3804//5752
f 3800//5753 3804//5753 3802//5753
f 3774//5754 3799//5754 3801//5754
f 3774//5755 3801//5755 3742//5755
f 3798//5756 3797//5756 3803//5756
f 3798//5757 3803//5757 3800//5757
f 3782//5758 3796//5758 3798//5758
f 3782//5759 3798//5759 3799//5759
f 3782//5760 3784//5760 3796//5760
f 3792//5761 3779//5761 3778//5761
f 3792//5762 3778//5762 3793//5762
f 3777//5763 3781//5763 3773//5763
f 3773//5764 3782//5764 3799//5764
f 3773//5765 3799//5765 3774//5765
f 3775//5766 3774//5766 3742//5766
f 3775//5767 3742//5767 3740//5767
f 3772//5768 3775//5768 3740//5768
f 3772//5769 3740//5769 3737//5769
f 3772//5770 3737//5770 3736//5770
f 3772//5771 3736//5771 3805//5771
f 3806//5772 3805//5772 3736//5772
f 3806//5773 3736//5773 3734//5773
f 3793//5774 3778//5774 3771//5774
f 3793//5775 3771//5775 3770//5775
f 3771//5776 3776//5776 3775//5776
f 3771//5777 3775//5777 3772//5777
f 3770//5778 3772//5778 3805//5778
f 3769//5779 3770//5779 3805//5779
f 3769//5780 3805//5780 3806//5780
f 3769//5781 3806//5781 3732//5781
f 3769//5782 3732//5782 3767//5782
f 3729//5783 3767//5783 3732//5783
f 3729//5784 3732//5784 3730//5784
f 3768//5785 3793//5785 3770//5785
f 3768//5786 3770//5786 3769//5786
f 3767//5787 3729//5787 3765//5787
f 3725//5788 3765//5788 3729//5788
f 3725//5789 3729//5789 3726//5789
f 3764//5790 3790//5790 3766//5790
f 3763//5791 3765//5791 3725//5791
f 3786//5792 3761//5792 3759//5792
f 3757//5793 3786//5793 3759//5793
f 3757//5794 3758//5794 3785//5794
f 3755//5795 3758//5795 3756//5795
f 3753//5796 3807//5796 3754//5796
f 3752//5797 3754//5797 3797//5797
f 3752//5798 3797//5798 3795//5798
f 3807//5799 3808//5799 3809//5799
f 3807//5800 3809//5800 3754//5800
f 3754//5801 3809//5801 3803//5801
f 3754//5802 3803//5802 3797//5802
f 3808//5803 3810//5803 3750//5803
f 3808//5804 3750//5804 3809//5804
f 3809//5805 3750//5805 3804//5805
f 3809//5806 3804//5806 3803//5806
f 3810//5807 3751//5807 3750//5807
f 3748//5808 3804//5808 3750//5808
f 3746//5809 3802//5809 3804//5809
f 3746//5810 3804//5810 3748//5810
f 3749//5811 3748//5811 3751//5811
f 3749//5812 3751//5812 3811//5812
f 3749//5813 3811//5813 3812//5813
f 3749//5814 3812//5814 3813//5814
f 3668//5815 3813//5815 3812//5815
f 3668//5816 3812//5816 3665//5816
f 3747//5817 3749//5817 3813//5817
f 3747//5818 3813//5818 3814//5818
f 3815//5819 3747//5819 3814//5819
f 3815//5820 3814//5820 3671//5820
f 3745//5821 3747//5821 3815//5821
f 3745//5822 3815//5822 3816//5822
f 3745//5823 3816//5823 3817//5823
f 3818//5824 3817//5824 3816//5824
f 3818//5825 3816//5825 3819//5825
f 3820//5826 3818//5826 3819//5826
f 3820//5827 3819//5827 3821//5827
f 3738//5828 3741//5828 3818//5828
f 3738//5829 3818//5829 3820//5829
f 3822//5830 3820//5830 3821//5830
f 3822//5831 3821//5831 3823//5831
f 3680//5832 3823//5832 3821//5832
f 3680//5833 3821//5833 3676//5833
f 3746//5834 3745//5834 3744//5834
f 3743//5835 3745//5835 3817//5835
f 3741//5836 3743//5836 3817//5836
f 3741//5837 3817//5837 3818//5837
f 3742//5838 3801//5838 3744//5838
f 3742//5839 3744//5839 3743//5839
f 3739//5840 3738//5840 3820//5840
f 3739//5841 3820//5841 3822//5841
f 3735//5842 3739//5842 3822//5842
f 3735//5843 3822//5843 3824//5843
f 3735//5844 3824//5844 3683//5844
f 3735//5845 3683//5845 3825//5845
f 3736//5846 3739//5846 3735//5846
f 3736//5847 3735//5847 3734//5847
f 3733//5848 3735//5848 3825//5848
f 3732//5849 3806//5849 3734//5849
f 3732//5850 3734//5850 3733//5850
f 3763//5851 3725//5851 3723//5851
f 3763//5852 3723//5852 3760//5852
f 3723//5853 3719//5853 3760//5853
f 3717//5854 3721//5854 3718//5854
f 3716//5855 3718//5855 3826//5855
f 3717//5856 3716//5856 3715//5856
f 3713//5857 3716//5857 3827//5857
f 3828//5858 3708//5858 3829//5858
f 3829//5859 3708//5859 3707//5859
f 3829//5860 3707//5860 3830//5860
f 3831//5861 3830//5861 3707//5861
f 3706//5862 3708//5862 3832//5862
f 3831//5863 3707//5863 3706//5863
f 3831//5864 3706//5864 3705//5864
f 3706//5865 3709//5865 3712//5865
f 3706//5866 3712//5866 3705//5866
f 3704//5867 3831//5867 3705//5867
f 3704//5868 3833//5868 3834//5868
f 3833//5869 3700//5869 3630//5869
f 3833//5870 3630//5870 3834//5870
f 3703//5871 3705//5871 3712//5871
f 3713//5872 3703//5872 3712//5872
f 3704//5873 3703//5873 3701//5873
f 3704//5874 3701//5874 3833//5874
f 3703//5875 3713//5875 3827//5875
f 3703//5876 3827//5876 3702//5876
f 3833//5877 3701//5877 3700//5877
f 3699//5878 3702//5878 3827//5878
f 3716//5879 3826//5879 3699//5879
f 3716//5880 3699//5880 3827//5880
f 3700//5881 3699//5881 3698//5881
f 3700//5882 3698//5882 3627//5882
f 3697//5883 3699//5883 3826//5883
f 3720//5884 3697//5884 3826//5884
f 3720//5885 3826//5885 3718//5885
f 3698//5886 3697//5886 3696//5886
f 3693//5887 3697//5887 3720//5887
f 3722//5888 3694//5888 3693//5888
f 3722//5889 3693//5889 3720//5889
f 3722//5890 3724//5890 3694//5890
f 3695//5891 3694//5891 3692//5891
f 3695//5892 3692//5892 3835//5892
f 3694//5893 3724//5893 3727//5893
f 3694//5894 3727//5894 3692//5894
f 3691//5895 3835//5895 3692//5895
f 3690//5896 3692//5896 3727//5896
f 3728//5897 3690//5897 3727//5897
f 3689//5898 3691//5898 3690//5898
f 3688//5899 3690//5899 3728//5899
f 3731//5900 3688//5900 3728//5900
f 3687//5901 3689//5901 3688//5901
f 3687//5902 3685//5902 3614//5902
f 3686//5903 3688//5903 3731//5903
f 3733//5904 3825//5904 3686//5904
f 3733//5905 3686//5905 3731//5905
f 3687//5906 3686//5906 3685//5906
f 3686//5907 3825//5907 3683//5907
f 3685//5908 3684//5908 3612//5908
f 3683//5909 3824//5909 3682//5909
f 3682//5910 3824//5910 3822//5910
f 3682//5911 3822//5911 3823//5911
f 3684//5912 3682//5912 3681//5912
f 3680//5913 3682//5913 3823//5913
f 3676//5914 3821//5914 3819//5914
f 3676//5915 3819//5915 3677//5915
f 3677//5916 3819//5916 3816//5916
f 3677//5917 3816//5917 3674//5917
f 3674//5918 3816//5918 3815//5918
f 3674//5919 3815//5919 3671//5919
f 3678//5920 3677//5920 3674//5920
f 3678//5921 3674//5921 3673//5921
f 3671//5922 3814//5922 3670//5922
f 3670//5923 3814//5923 3813//5923
f 3670//5924 3813//5924 3668//5924
f 3672//5925 3670//5925 3669//5925
f 3668//5926 3665//5926 3666//5926
f 3664//5927 3589//5927 3592//5927
f 3664//5928 3592//5928 3666//5928
f 3662//5929 3587//5929 3589//5929
f 3662//5930 3589//5930 3664//5930
f 3663//5931 3665//5931 3812//5931
f 3663//5932 3812//5932 3811//5932
f 3836//5933 3662//5933 3660//5933
f 3751//5934 3661//5934 3663//5934
f 3751//5935 3663//5935 3811//5935
f 3658//5936 3836//5936 3660//5936
f 3810//5937 3659//5937 3661//5937
f 3810//5938 3661//5938 3751//5938
f 3656//5939 3580//5939 3658//5939
f 3808//5940 3657//5940 3659//5940
f 3808//5941 3659//5941 3810//5941
f 3807//5942 3654//5942 3657//5942
f 3807//5943 3657//5943 3808//5943
f 3753//5944 3654//5944 3807//5944
f 3753//5945 3653//5945 3654//5945
f 3651//5946 3649//5946 3648//5946
f 3651//5947 3648//5947 3577//5947
f 3650//5948 3645//5948 3647//5948
f 3837//5949 3643//5949 1564//5949
f 3837//5950 1564//5950 1565//5950
f 3641//5951 3644//5951 3838//5951
f 3641//5952 3838//5952 3839//5952
f 3640//5953 3642//5953 3641//5953
f 3639//5954 3641//5954 3839//5954
f 3639//5955 3839//5955 3828//5955
f 3639//5956 3828//5956 3829//5956
f 3640//5957 3639//5957 3638//5957
f 3640//5958 3638//5958 3840//5958
f 3639//5959 3829//5959 3830//5959
f 3639//5960 3830//5960 3638//5960
f 3637//5961 3840//5961 3638//5961
f 3636//5962 3638//5962 3830//5962
f 3831//5963 3636//5963 3830//5963
f 3635//5964 3637//5964 3636//5964
f 3635//5965 3841//5965 3842//5965
f 3634//5966 3636//5966 3831//5966
f 3704//5967 3634//5967 3831//5967
f 3635//5968 3634//5968 3633//5968
f 3635//5969 3633//5969 3841//5969
f 3634//5970 3704//5970 3834//5970
f 3634//5971 3834//5971 3632//5971
f 3631//5972 3841//5972 3633//5972
f 3632//5973 3834//5973 3630//5973
f 3700//5974 3627//5974 3630//5974
f 3698//5975 3625//5975 3627//5975
f 3698//5976 3696//5976 3624//5976
f 3698//5977 3624//5977 3625//5977
f 3696//5978 3695//5978 3624//5978
f 3623//5979 3626//5979 3624//5979
f 3622//5980 3624//5980 3695//5980
f 3695//5981 3835//5981 3622//5981
f 3620//5982 3623//5982 3622//5982
f 3691//5983 3621//5983 3622//5983
f 3691//5984 3622//5984 3835//5984
f 3619//5985 3621//5985 3691//5985
f 3689//5986 3619//5986 3691//5986
f 3616//5987 3619//5987 3689//5987
f 3687//5988 3616//5988 3689//5988
f 3616//5989 3687//5989 3614//5989
f 3685//5990 3612//5990 3614//5990
f 3684//5991 3610//5991 3612//5991
f 3684//5992 3681//5992 3609//5992
f 3684//5993 3609//5993 3610//5993
f 3608//5994 3611//5994 3609//5994
f 3679//5995 3607//5995 3609//5995
f 3679//5996 3609//5996 3681//5996
f 3679//5997 3675//5997 3607//5997
f 3604//5998 3607//5998 3675//5998
f 3604//5999 3675//5999 3678//5999
f 3604//6000 3678//6000 3602//6000
f 3602//6001 3678//6001 3673//6001
f 3602//6002 3673//6002 3600//6002
f 3672//6003 3598//6003 3600//6003
f 3672//6004 3600//6004 3673//6004
f 3599//6005 3597//6005 1514//6005
f 3599//6006 1514//6006 1516//6006
f 3672//6007 3669//6007 3596//6007
f 3672//6008 3596//6008 3598//6008
f 3669//6009 3667//6009 3594//6009
f 3669//6010 3594//6010 3596//6010
f 3667//6011 3666//6011 3591//6011
f 3667//6012 3591//6012 3594//6012
f 3666//6013 3592//6013 3591//6013
f 3589//6014 3590//6014 3592//6014
f 3588//6015 1507//6015 3590//6015
f 3587//6016 3588//6016 3589//6016
f 3836//6017 3584//6017 3587//6017
f 3836//6018 3587//6018 3662//6018
f 3582//6019 3585//6019 3584//6019
f 3658//6020 3583//6020 3584//6020
f 3658//6021 3584//6021 3836//6021
f 3580//6022 3583//6022 3658//6022
f 3655//6023 3578//6023 3580//6023
f 3655//6024 3580//6024 3656//6024
f 3579//6025 3576//6025 1492//6025
f 3655//6026 3651//6026 3577//6026
f 3655//6027 3577//6027 3578//6027
f 3648//6028 3574//6028 3575//6028
f 3648//6029 3575//6029 3577//6029
f 1568//6030 1400//6030 3843//6030
f 1568//6031 3843//6031 1569//6031
f 1397//6032 1400//6032 1568//6032
f 1397//6033 1568//6033 3844//6033
f 1568//6034 1563//6034 3844//6034
f 1563//6035 1562//6035 1402//6035
f 1563//6036 1402//6036 3844//6036
f 1568//6037 1566//6037 1563//6037
f 1560//6038 1404//6038 1562//6038
f 1404//6039 1560//6039 3845//6039
f 1404//6040 3845//6040 1405//6040
f 1557//6041 1408//6041 3845//6041
f 3642//6042 1561//6042 1564//6042
f 3642//6043 1564//6043 3643//6043
f 1560//6044 1562//6044 1561//6044
f 1559//6045 1561//6045 3642//6045
f 3640//6046 1559//6046 3642//6046
f 1560//6047 1559//6047 1558//6047
f 1560//6048 1558//6048 3845//6048
f 1559//6049 3640//6049 3840//6049
f 1559//6050 3840//6050 1558//6050
f 1557//6051 3845//6051 1558//6051
f 1555//6052 1410//6052 1557//6052
f 1410//6053 1555//6053 3846//6053
f 1410//6054 3846//6054 1415//6054
f 1555//6055 3847//6055 3846//6055
f 1552//6056 1414//6056 3846//6056
f 1552//6057 3846//6057 3847//6057
f 1556//6058 1558//6058 3840//6058
f 3637//6059 1556//6059 3840//6059
f 1555//6060 1557//6060 1556//6060
f 1554//6061 1556//6061 3637//6061
f 3635//6062 1554//6062 3637//6062
f 1555//6063 1554//6063 1553//6063
f 1555//6064 1553//6064 3847//6064
f 1554//6065 3635//6065 3842//6065
f 1554//6066 3842//6066 1553//6066
f 1552//6067 3847//6067 1553//6067
f 1550//6068 1417//6068 1552//6068
f 1551//6069 1553//6069 3842//6069
f 3631//6070 1551//6070 3842//6070
f 3631//6071 3842//6071 3841//6071
f 1550//6072 1552//6072 1551//6072
f 1549//6073 1551//6073 3631//6073
f 3631//6074 3629//6074 1549//6074
f 1548//6075 1550//6075 1549//6075
f 1548//6076 1547//6076 1421//6076
f 3629//6077 1546//6077 1549//6077
f 3629//6078 3628//6078 1545//6078
f 3629//6079 1545//6079 1546//6079
f 3628//6080 3626//6080 1545//6080
f 1544//6081 1547//6081 1545//6081
f 1543//6082 1545//6082 3626//6082
f 3623//6083 1543//6083 3626//6083
f 1542//6084 1544//6084 1543//6084
f 1542//6085 1540//6085 1428//6085
f 1541//6086 1543//6086 3623//6086
f 3620//6087 1541//6087 3623//6087
f 1540//6088 1538//6088 1431//6088
f 1539//6089 1541//6089 3620//6089
f 3620//6090 3618//6090 1539//6090
f 3618//6091 1537//6091 1539//6091
f 3618//6092 3617//6092 1537//6092
f 3617//6093 1535//6093 1537//6093
f 3617//6094 3615//6094 1535//6094
f 3615//6095 1532//6095 1535//6095
f 3615//6096 3613//6096 1530//6096
f 3615//6097 1530//6097 1532//6097
f 3613//6098 3611//6098 1528//6098
f 3613//6099 1528//6099 1530//6099
f 3608//6100 1526//6100 1528//6100
f 3608//6101 1528//6101 3611//6101
f 3608//6102 3606//6102 1525//6102
f 3608//6103 1525//6103 1526//6103
f 3605//6104 1522//6104 1525//6104
f 3605//6105 1525//6105 3606//6105
f 3605//6106 3603//6106 1520//6106
f 3605//6107 1520//6107 1522//6107
f 3603//6108 3601//6108 1519//6108
f 3603//6109 1519//6109 1520//6109
f 3601//6110 3599//6110 1516//6110
f 3601//6111 1516//6111 1519//6111
f 3597//6112 3595//6112 1512//6112
f 3597//6113 1512//6113 1514//6113
f 3595//6114 3593//6114 1510//6114
f 3595//6115 1510//6115 1512//6115
f 3593//6116 3590//6116 1508//6116
f 3593//6117 1508//6117 1510//6117
f 3590//6118 1507//6118 1508//6118
f 3588//6119 1505//6119 1507//6119
f 3586//6120 1503//6120 1505//6120
f 3586//6121 1505//6121 3588//6121
f 3585//6122 1501//6122 1503//6122
f 3585//6123 1503//6123 3586//6123
f 3582//6124 1499//6124 1501//6124
f 3582//6125 1501//6125 3585//6125
f 3581//6126 1496//6126 1499//6126
f 3581//6127 1499//6127 3582//6127
f 3581//6128 3579//6128 1495//6128
f 3581//6129 1495//6129 1496//6129
f 3579//6130 1492//6130 1495//6130
f 3576//6131 1491//6131 1492//6131
f 1571//6132 1488//6132 1489//6132
f 1571//6133 1489//6133 1491//6133
f 1485//6134 1572//6134 1574//6134
f 1485//6135 1574//6135 1484//6135
f 1484//6136 1574//6136 1576//6136
f 1484//6137 1576//6137 1482//6137
f 1490//6138 1483//6138 1481//6138
f 1490//6139 1481//6139 1493//6139
f 1482//6140 1576//6140 1578//6140
f 1482//6141 1578//6141 1480//6141
f 1493//6142 1481//6142 1479//6142
f 1493//6143 1479//6143 1494//6143
f 1478//6144 1480//6144 1578//6144
f 1478//6145 1578//6145 1579//6145
f 1497//6146 1494//6146 1479//6146
f 1497//6147 1479//6147 1477//6147
f 1478//6148 1579//6148 3573//6148
f 1478//6149 3573//6149 1476//6149
f 1497//6150 1477//6150 1475//6150
f 1497//6151 1475//6151 1498//6151
f 1476//6152 3573//6152 1583//6152
f 1476//6153 1583//6153 1474//6153
f 1498//6154 1475//6154 1473//6154
f 1498//6155 1473//6155 1500//6155
f 1474//6156 1583//6156 3572//6156
f 1474//6157 3572//6157 1472//6157
f 1500//6158 1473//6158 1471//6158
f 1500//6159 1471//6159 1502//6159
f 1472//6160 3572//6160 3571//6160
f 1472//6161 3571//6161 1470//6161
f 1502//6162 1471//6162 1469//6162
f 1502//6163 1469//6163 1504//6163
f 1468//6164 1470//6164 3571//6164
f 1504//6165 1469//6165 1466//6165
f 1504//6166 1466//6166 1506//6166
f 1468//6167 3571//6167 1587//6167
f 1468//6168 1587//6168 1588//6168
f 1468//6169 1588//6169 3570//6169
f 1468//6170 3570//6170 1467//6170
f 1465//6171 1467//6171 3570//6171
f 1509//6172 1506//6172 1466//6172
f 1509//6173 1466//6173 1464//6173
f 1463//6174 1465//6174 3570//6174
f 1463//6175 3570//6175 1592//6175
f 1463//6176 1592//6176 1593//6176
f 1511//6177 1509//6177 1464//6177
f 1511//6178 1464//6178 1462//6178
f 1463//6179 1593//6179 1594//6179
f 1463//6180 1594//6180 1461//6180
f 1513//6181 1511//6181 1462//6181
f 1513//6182 1462//6182 1460//6182
f 1459//6183 1461//6183 1594//6183
f 1459//6184 1594//6184 1597//6184
f 1515//6185 1513//6185 1460//6185
f 1515//6186 1460//6186 1458//6186
f 1457//6187 1459//6187 1597//6187
f 1457//6188 1597//6188 1598//6188
f 1517//6189 1515//6189 1458//6189
f 1517//6190 1458//6190 1456//6190
f 1457//6191 1598//6191 1600//6191
f 1457//6192 1600//6192 1455//6192
f 1517//6193 1456//6193 1454//6193
f 1517//6194 1454//6194 1518//6194
f 1453//6195 1455//6195 1600//6195
f 1453//6196 1600//6196 1602//6196
f 1521//6197 1518//6197 1454//6197
f 1521//6198 1454//6198 1452//6198
f 1451//6199 1453//6199 1602//6199
f 1451//6200 1602//6200 1604//6200
f 1523//6201 1521//6201 1452//6201
f 1523//6202 1452//6202 1450//6202
f 1451//6203 1604//6203 1607//6203
f 1451//6204 1607//6204 1449//6204
f 1523//6205 1450//6205 1448//6205
f 1523//6206 1448//6206 1524//6206
f 1447//6207 1449//6207 1607//6207
f 1447//6208 1607//6208 1608//6208
f 1527//6209 1524//6209 1448//6209
f 1527//6210 1448//6210 1446//6210
f 1445//6211 1447//6211 1608//6211
f 1445//6212 1608//6212 1610//6212
f 1529//6213 1527//6213 1446//6213
f 1529//6214 1446//6214 1444//6214
f 1443//6215 1445//6215 1610//6215
f 1443//6216 1610//6216 1612//6216
f 1531//6217 1529//6217 1444//6217
f 1531//6218 1444//6218 1442//6218
f 1441//6219 1443//6219 1612//6219
f 1441//6220 1612//6220 1614//6220
f 1531//6221 1442//6221 1440//6221
f 1531//6222 1440//6222 1533//6222
f 1439//6223 1441//6223 1614//6223
f 1439//6224 1614//6224 1616//6224
f 1534//6225 1533//6225 1440//6225
f 1534//6226 1440//6226 1438//6226
f 1437//6227 1439//6227 1616//6227
f 1437//6228 1616//6228 1618//6228
f 1536//6229 1534//6229 1438//6229
f 1536//6230 1438//6230 1436//6230
f 1435//6231 1437//6231 1618//6231
f 1435//6232 1618//6232 1620//6232
f 1538//6233 1536//6233 1436//6233
f 1538//6234 1436//6234 1434//6234
f 1433//6235 1435//6235 1620//6235
f 1433//6236 1620//6236 1622//6236
f 1538//6237 1434//6237 1431//6237
f 1433//6238 1622//6238 1625//6238
f 1433//6239 1625//6239 1432//6239
f 1430//6240 1432//6240 1625//6240
f 1430//6241 1625//6241 1626//6241
f 1540//6242 1431//6242 1428//6242
f 1430//6243 1626//6243 1629//6243
f 1430//6244 1629//6244 1429//6244
f 1427//6245 1429//6245 1629//6245
f 1427//6246 1629//6246 1630//6246
f 1542//6247 1428//6247 1426//6247
f 1542//6248 1426//6248 1544//6248
f 1427//6249 1630//6249 1632//6249
f 1427//6250 1632//6250 1424//6250
f 1426//6251 1425//6251 1544//6251
f 1544//6252 1425//6252 1423//6252
f 1544//6253 1423//6253 1547//6253
f 1422//6254 1424//6254 1635//6254
f 1423//6255 1421//6255 1547//6255
f 1422//6256 1635//6256 1637//6256
f 1422//6257 1637//6257 1420//6257
f 1548//6258 1421//6258 1419//6258
f 1548//6259 1419//6259 1550//6259
f 1418//6260 1420//6260 1637//6260
f 1418//6261 1637//6261 1638//6261
f 1419//6262 1417//6262 1550//6262
f 1418//6263 1638//6263 1641//6263
f 1418//6264 1641//6264 1416//6264
f 1417//6265 1414//6265 1552//6265
f 1416//6266 1641//6266 1643//6266
f 1416//6267 1643//6267 1413//6267
f 1414//6268 1415//6268 3846//6268
f 1413//6269 1643//6269 1645//6269
f 1413//6270 1645//6270 1412//6270
f 1410//6271 1415//6271 1411//6271
f 1409//6272 1412//6272 1645//6272
f 1410//6273 1408//6273 1557//6273
f 1409//6274 1647//6274 1407//6274
f 1408//6275 1405//6275 3845//6275
f 1407//6276 1649//6276 1406//6276
f 1404//6277 1402//6277 1562//6277
f 1403//6278 1652//6278 1401//6278
f 1402//6279 1397//6279 3844//6279
f 1401//6280 1654//6280 1398//6280
f 1398//6281 1656//6281 1659//6281
f 1398//6282 1659//6282 1399//6282
f 3843//6283 1400//6283 1399//6283
f 3843//6284 1399//6284 1395//6284
f 1395//6285 1399//6285 1659//6285
f 1395//6286 1659//6286 1660//6286
f 1394//6287 3843//6287 1395//6287
f 1396//6288 1395//6288 1660//6288
f 3848//6289 2752//6289 3849//6289
f 3850//6290 3849//6290 2752//6290
f 3850//6291 2752//6291 3851//6291
f 3852//6292 2752//6292 3853//6292
f 3848//6293 3853//6293 2752//6293
f 3854//6294 2752//6294 3852//6294
f 2752//6295 3854//6295 3855//6295
f 3856//6296 3851//6296 2752//6296
f 2751//6297 3857//6297 3856//6297
f 3858//6298 2751//6298 3859//6298
f 3858//6299 3857//6299 2751//6299
f 2752//6300 2751//6300 3856//6300
f 3860//6301 3861//6301 3223//6301
f 2755//6302 3860//6302 3223//6302
f 2755//6303 3862//6303 3863//6303
f 3864//6304 3862//6304 2755//6304
f 3860//6305 2755//6305 3863//6305
f 2755//6306 3865//6306 3866//6306
f 2755//6307 3866//6307 3867//6307
f 2755//6308 3868//6308 3864//6308
f 3867//6309 3868//6309 2755//6309
f 2752//6310 3865//6310 2755//6310
f 2752//6311 3855//6311 3865//6311
f 3869//6312 2890//6312 3870//6312
f 2889//6313 3870//6313 2890//6313
f 3871//6314 2890//6314 3872//6314
f 3869//6315 3872//6315 2890//6315
f 2890//6316 3871//6316 3313//6316
f 3313//6317 3871//6317 3873//6317
f 3313//6318 3874//6318 3875//6318
f 3873//6319 3874//6319 3313//6319
f 2889//6320 3876//6320 3877//6320
f 3878//6321 2889//6321 3877//6321
f 2889//6322 3879//6322 3870//6322
f 2889//6323 3878//6323 3880//6323
f 2889//6324 3880//6324 3879//6324
f 3881//6325 3313//6325 3882//6325
f 3875//6326 3882//6326 3313//6326
f 3042//6327 3883//6327 3884//6327
f 3883//6328 3042//6328 3885//6328
f 3886//6329 3042//6329 3887//6329
f 3884//6330 3887//6330 3042//6330
f 3042//6331 3886//6331 3312//6331
f 3888//6332 3043//6332 3889//6332
f 3312//6333 3889//6333 3043//6333
f 3890//6334 3043//6334 3891//6334
f 3888//6335 3891//6335 3043//6335
f 3889//6336 3312//6336 3892//6336
f 3893//6337 3312//6337 3894//6337
f 3312//6338 3893//6338 3895//6338
f 3312//6339 3895//6339 3896//6339
f 3896//6340 3892//6340 3312//6340
f 3183//6341 3897//6341 3898//6341
f 3897//6342 3183//6342 3899//6342
f 3900//6343 3183//6343 3901//6343
f 3183//6344 3900//6344 3902//6344
f 3903//6345 3183//6345 3902//6345
f 3903//6346 3899//6346 3183//6346
f 3183//6347 3904//6347 3901//6347
f 3904//6348 3183//6348 3905//6348
f 3183//6349 3906//6349 3907//6349
f 3908//6350 3906//6350 3183//6350
f 3905//6351 3183//6351 3907//6351
f 3182//6352 3909//6352 3910//6352
f 3182//6353 2891//6353 3911//6353
f 3909//6354 3182//6354 3912//6354
f 3911//6355 3912//6355 3182//6355
f 2891//6356 3913//6356 3914//6356
f 2891//6357 3914//6357 3911//6357
f 3913//6358 2891//6358 3915//6358
f 2891//6359 3916//6359 3917//6359
f 3918//6360 3916//6360 2891//6360
f 3915//6361 2891//6361 3917//6361
f 2891//6362 2894//6362 3919//6362
f 3918//6363 2891//6363 3919//6363
f 2894//6364 3920//6364 3919//6364
f 2894//6365 3183//6365 3898//6365
f 3920//6366 2894//6366 3898//6366
f 3921//6367 3922//6367 3185//6367
f 3923//6368 3185//6368 3922//6368
f 3185//6369 3923//6369 3924//6369
f 3185//6370 3924//6370 3925//6370
f 3185//6371 3925//6371 3926//6371
f 3927//6372 3186//6372 3926//6372
f 3185//6373 3926//6373 3186//6373
f 3928//6374 3186//6374 3929//6374
f 3927//6375 3929//6375 3186//6375
f 3930//6376 3931//6376 3220//6376
f 3932//6377 3220//6377 3931//6377
f 3930//6378 3220//6378 3933//6378
f 3227//6379 3933//6379 3220//6379
f 3227//6380 3934//6380 3935//6380
f 3933//6381 3227//6381 3935//6381
f 3936//6382 3937//6382 3220//6382
f 3938//6383 3220//6383 3937//6383
f 3220//6384 3932//6384 3936//6384
f 3939//6385 3940//6385 3221//6385
f 3221//6386 3938//6386 3939//6386
f 3220//6387 3938//6387 3221//6387
f 3941//6388 3942//6388 3227//6388
f 3943//6389 3941//6389 3227//6389
f 3934//6390 3227//6390 3942//6390
f 3944//6391 3223//6391 3945//6391
f 3946//6392 3947//6392 3224//6392
f 3948//6393 3946//6393 3224//6393
f 3224//6394 3949//6394 3950//6394
f 3224//6395 3950//6395 3948//6395
f 3951//6396 3949//6396 3224//6396
f 3224//6397 3223//6397 3952//6397
f 3223//6398 3944//6398 3953//6398
f 3952//6399 3223//6399 3953//6399
f 3951//6400 3224//6400 3952//6400
f 3224//6401 3954//6401 3317//6401
f 3955//6402 3956//6402 3224//6402
f 3954//6403 3224//6403 3956//6403
f 3957//6404 3224//6404 3947//6404
f 3955//6405 3224//6405 3957//6405
f 3958//6406 3959//6406 3317//6406
f 3960//6407 3317//6407 3959//6407
f 3317//6408 3954//6408 3958//6408
f 3317//6409 3960//6409 3961//6409
f 3317//6410 3961//6410 3962//6410
f 3317//6411 3963//6411 3226//6411
f 3964//6412 3963//6412 3317//6412
f 3317//6413 3962//6413 3965//6413
f 3317//6414 3965//6414 3964//6414
f 3966//6415 3967//6415 3226//6415
f 3968//6416 3226//6416 3967//6416
f 3226//6417 3963//6417 3966//6417
f 3969//6418 3943//6418 3227//6418
f 3969//6419 3226//6419 3968//6419
f 3227//6420 3226//6420 3969//6420
f 3970//6421 3971//6421 3186//6421
f 3972//6422 3186//6422 3971//6422
f 3186//6423 3928//6423 3970//6423
f 3973//6424 2889//6424 3974//6424
f 3975//6425 3974//6425 2889//6425
f 3186//6426 3972//6426 3976//6426
f 3976//6427 3975//6427 3186//6427
f 3975//6428 2889//6428 3186//6428
f 3221//6429 3977//6429 3219//6429
f 3978//6430 3219//6430 3977//6430
f 3977//6431 3221//6431 3979//6431
f 3219//6432 3978//6432 3980//6432
f 3219//6433 3980//6433 3981//6433
f 3219//6434 3981//6434 3982//6434
f 3983//6435 3185//6435 3982//6435
f 3219//6436 3982//6436 3185//6436
f 3983//6437 3921//6437 3185//6437
f 3940//6438 3984//6438 3221//6438
f 3985//6439 3221//6439 3984//6439
f 3985//6440 3986//6440 3221//6440
f 3979//6441 3221//6441 3986//6441
f 3043//6442 3908//6442 3183//6442
f 3987//6443 3908//6443 3043//6443
f 3043//6444 3890//6444 3987//6444
f 3881//6445 3988//6445 3313//6445
f 3989//6446 3313//6446 3988//6446
f 3313//6447 3989//6447 3990//6447
f 3990//6448 3991//6448 3042//6448
f 3042//6449 3313//6449 3990//6449
f 3992//6450 3042//6450 3993//6450
f 3991//6451 3993//6451 3042//6451
f 3994//6452 3042//6452 3992//6452
f 3042//6453 3994//6453 3885//6453
f 3995//6454 3894//6454 3312//6454
f 3312//6455 3996//6455 3995//6455
f 3312//6456 3997//6456 3996//6456
f 3997//6457 3312//6457 3886//6457
f 2889//6458 3973//6458 3998//6458
f 3998//6459 3876//6459 2889//6459
f 3223//6460 3999//6460 3945//6460
f 3223//6461 3861//6461 3999//6461
f 2751//6462 4000//6462 3859//6462
f 2751//6463 3182//6463 4001//6463
f 4000//6464 2751//6464 4002//6464
f 4001//6465 4002//6465 2751//6465
f 3182//6466 4003//6466 4004//6466
f 3182//6467 4004//6467 4001//6467
f 3182//6468 4005//6468 4006//6468
f 3910//6469 4005//6469 3182//6469
f 4003//6470 3182//6470 4006//6470
f 3984//6471 3940//6471 3939//6471
f 3891//6472 3987//6472 3890//6472
f 3901//6473 3904//6473 3900//6473
f 3919//6474 3920//6474 3918//6474
f 3911//6475 3914//6475 3912//6475
f 4004//6476 4002//6476 4001//6476
f 4000//6477 3858//6477 3859//6477
f 3865//6478 3855//6478 3854//6478
f 3860//6479 3999//6479 3861//6479
f 3945//6480 3953//6480 3944//6480
f 3958//6481 3954//6481 3956//6481
f 4007//6482 4008//6482 2018//6482
f 4009//6483 2018//6483 4008//6483
f 2018//6484 4010//6484 4007//6484
f 2018//6485 4009//6485 4011//6485
f 4012//6486 4013//6486 2018//6486
f 4014//6487 2018//6487 4013//6487
f 2018//6488 4011//6488 4012//6488
f 4015//6489 4016//6489 2019//6489
f 2019//6490 4014//6490 4015//6490
f 2018//6491 4014//6491 2019//6491
f 3556//6492 4017//6492 4018//6492
f 3556//6493 4019//6493 4017//6493
f 4020//6494 4019//6494 3556//6494
f 4021//6495 4020//6495 3556//6495
f 4022//6496 2020//6496 2023//6496
f 4023//6497 2020//6497 4022//6497
f 2023//6498 4024//6498 4022//6498
f 4023//6499 4025//6499 2020//6499
f 4026//6500 2020//6500 4025//6500
f 2020//6501 4027//6501 4021//6501
f 2020//6502 4026//6502 4028//6502
f 4028//6503 4027//6503 2020//6503
f 2020//6504 4021//6504 3556//6504
f 4029//6505 4030//6505 2155//6505
f 4031//6506 2155//6506 4030//6506
f 4031//6507 2157//6507 2155//6507
f 4032//6508 2157//6508 4033//6508
f 4031//6509 4033//6509 2157//6509
f 2157//6510 4032//6510 4034//6510
f 2157//6511 4035//6511 4036//6511
f 2157//6512 4036//6512 4037//6512
f 4035//6513 2157//6513 4034//6513
f 4038//6514 2157//6514 4039//6514
f 4037//6515 4039//6515 2157//6515
f 4040//6516 2157//6516 4038//6516
f 4041//6517 3478//6517 4040//6517
f 2157//6518 4040//6518 3478//6518
f 4042//6519 4043//6519 3478//6519
f 3478//6520 4041//6520 4042//6520
f 4044//6521 4045//6521 3478//6521
f 3478//6522 4045//6522 4046//6522
f 3478//6523 4043//6523 4044//6523
f 4047//6524 3478//6524 4048//6524
f 4046//6525 4048//6525 3478//6525
f 4049//6526 3478//6526 4047//6526
f 3478//6527 4049//6527 4050//6527
f 4051//6528 3496//6528 4052//6528
f 4053//6529 4052//6529 3496//6529
f 4054//6530 4053//6530 3496//6530
f 3496//6531 4055//6531 4054//6531
f 3496//6532 4056//6532 4057//6532
f 3496//6533 4057//6533 4055//6533
f 4056//6534 3496//6534 4058//6534
f 4059//6535 3475//6535 4060//6535
f 4061//6536 4060//6536 3475//6536
f 4061//6537 3475//6537 4062//6537
f 2158//6538 3475//6538 4063//6538
f 4059//6539 4063//6539 3475//6539
f 2158//6540 4064//6540 4065//6540
f 4063//6541 4064//6541 2158//6541
f 4066//6542 4062//6542 3475//6542
f 3475//6543 4067//6543 4066//6543
f 4068//6544 3496//6544 4051//6544
f 4069//6545 3496//6545 4068//6545
f 4067//6546 3475//6546 3496//6546
f 4069//6547 4067//6547 3496//6547
f 4070//6548 4071//6548 2246//6548
f 2246//6549 4071//6549 4072//6549
f 2246//6550 4073//6550 4070//6550
f 4074//6551 2246//6551 4075//6551
f 4072//6552 4075//6552 2246//6552
f 4076//6553 2246//6553 4074//6553
f 2246//6554 4076//6554 4077//6554
f 2245//6555 4078//6555 4079//6555
f 4073//6556 2245//6556 4080//6556
f 4079//6557 4080//6557 2245//6557
f 2245//6558 4073//6558 2246//6558
f 4081//6559 4082//6559 2180//6559
f 4083//6560 2180//6560 4082//6560
f 2180//6561 4084//6561 4081//6561
f 2180//6562 4085//6562 4086//6562
f 2180//6563 4083//6563 4087//6563
f 4088//6564 2180//6564 4087//6564
f 4085//6565 2180//6565 4088//6565
f 4089//6566 2181//6566 4086//6566
f 2180//6567 4086//6567 2181//6567
f 2181//6568 4089//6568 4090//6568
f 2245//6569 4091//6569 4078//6569
f 2245//6570 2159//6570 4092//6570
f 4091//6571 2245//6571 4092//6571
f 4093//6572 4092//6572 2159//6572
f 4094//6573 4093//6573 2159//6573
f 4094//6574 2159//6574 4095//6574
f 2159//6575 2158//6575 4096//6575
f 2159//6576 4097//6576 4098//6576
f 4096//6577 4097//6577 2159//6577
f 4095//6578 2159//6578 4098//6578
f 4099//6579 2158//6579 4100//6579
f 2158//6580 4099//6580 4101//6580
f 4101//6581 4096//6581 2158//6581
f 4100//6582 2158//6582 4065//6582
f 3476//6583 4102//6583 4103//6583
f 3496//6584 3476//6584 4058//6584
f 4103//6585 4058//6585 3476//6585
f 4102//6586 3476//6586 3477//6586
f 4104//6587 4102//6587 3477//6587
f 3477//6588 4105//6588 4104//6588
f 3478//6589 4050//6589 3477//6589
f 4105//6590 3477//6590 4050//6590
f 2155//6591 4106//6591 4107//6591
f 2155//6592 4107//6592 4108//6592
f 4106//6593 2155//6593 4109//6593
f 4110//6594 2155//6594 4111//6594
f 4108//6595 4111//6595 2155//6595
f 4112//6596 2155//6596 4110//6596
f 2155//6597 4112//6597 4029//6597
f 4090//6598 4113//6598 2181//6598
f 4114//6599 2181//6599 4113//6599
f 2181//6600 4114//6600 4109//6600
f 2155//6601 2181//6601 4109//6601
f 4115//6602 2023//6602 2246//6602
f 4116//6603 2023//6603 4115//6603
f 2246//6604 4077//6604 4117//6604
f 2246//6605 4117//6605 4115//6605
f 4118//6606 4119//6606 2023//6606
f 4120//6607 2023//6607 4119//6607
f 2023//6608 4116//6608 4118//6608
f 2023//6609 4120//6609 4121//6609
f 2023//6610 4121//6610 4122//6610
f 2023//6611 4122//6611 4024//6611
f 4123//6612 2019//6612 4124//6612
f 4016//6613 4124//6613 2019//6613
f 2019//6614 4123//6614 4125//6614
f 4125//6615 4126//6615 2017//6615
f 4127//6616 2017//6616 4126//6616
f 2017//6617 2019//6617 4125//6617
f 4128//6618 2017//6618 4127//6618
f 4129//6619 2017//6619 4128//6619
f 4130//6620 2180//6620 4129//6620
f 2017//6621 4129//6621 2180//6621
f 2180//6622 4130//6622 4084//6622
f 4131//6623 1921//6623 1919//6623
f 4132//6624 1921//6624 4133//6624
f 1919//6625 4134//6625 4131//6625
f 1921//6626 4131//6626 4133//6626
f 4132//6627 4135//6627 1921//6627
f 4136//6628 1921//6628 4135//6628
f 4136//6629 4010//6629 2018//6629
f 1921//6630 4136//6630 2018//6630
f 4137//6631 4138//6631 1919//6631
f 1916//6632 4137//6632 1919//6632
f 4139//6633 4137//6633 1916//6633
f 4140//6634 1916//6634 4141//6634
f 4139//6635 1916//6635 4140//6635
f 4142//6636 4143//6636 1919//6636
f 4144//6637 1919//6637 4143//6637
f 4138//6638 4145//6638 1919//6638
f 4142//6639 1919//6639 4145//6639
f 4146//6640 1919//6640 4144//6640
f 4134//6641 1919//6641 4146//6641
f 4147//6642 4148//6642 1914//6642
f 4149//6643 1914//6643 4148//6643
f 1914//6644 4150//6644 4147//6644
f 1914//6645 4149//6645 4151//6645
f 4151//6646 4152//6646 1914//6646
f 1916//6647 4152//6647 4153//6647
f 4153//6648 4154//6648 1916//6648
f 1914//6649 4152//6649 1916//6649
f 4155//6650 1916//6650 4156//6650
f 4154//6651 4156//6651 1916//6651
f 4157//6652 1916//6652 4155//6652
f 1916//6653 4157//6653 4141//6653
f 4158//6654 4150//6654 1914//6654
f 1914//6655 4159//6655 4160//6655
f 1914//6656 4160//6656 4158//6656
f 4161//6657 4159//6657 1914//6657
f 1914//6658 3556//6658 4162//6658
f 4018//6659 4163//6659 3556//6659
f 4162//6660 3556//6660 4163//6660
f 4161//6661 1914//6661 4162//6661
f 4009//6662 4012//6662 4011//6662
f 4123//6663 4126//6663 4125//6663
f 4130//6664 4081//6664 4084//6664
f 4041//6665 4040//6665 4042//6665
f 4103//6666 4102//6666 4104//6666
f 4103//6667 4104//6667 4105//6667
f 4103//6668 4056//6668 4058//6668
f 4054//6669 4052//6669 4053//6669
f 4062//6670 4066//6670 4061//6670
f 4065//6671 4099//6671 4100//6671
f 4091//6672 4079//6672 4078//6672
f 4020//6673 4017//6673 4019//6673
f 4158//6674 4147//6674 4150//6674
f 4135//6675 4132//6675 4133//6675
f 1394//6676 1396//6676 537//6676
f 538//6677 1394//6677 537//6677
f 537//6678 1396//6678 536//6678
f 1569//6679 664//6679 1567//6679
f 662//6680 1567//6680 664//6680
f 1569//6681 665//6681 664//6681
f 1485//6682 1486//6682 723//6682
f 722//6683 1485//6683 723//6683
f 1485//6684 722//6684 1572//6684
f 721//6685 1572//6685 722//6685
f 1572//6686 721//6686 724//6686
f 1572//6687 724//6687 743//6687
f 1573//6688 1572//6688 743//6688
f 743//6689 742//6689 1573//6689
f 1668//6690 557//6690 1667//6690
f 560//6691 1667//6691 557//6691
f 557//6692 1668//6692 558//6692
f 729//6693 3566//6693 730//6693
f 730//6694 3566//6694 728//6694
f 3566//6695 1670//6695 728//6695
f 727//6696 728//6696 1670//6696
f 727//6697 1670//6697 1669//6697
f 725//6698 727//6698 1669//6698
f 1762//6699 1763//6699 549//6699
f 548//6700 549//6700 1763//6700
f 733//6701 1765//6701 734//6701
f 734//6702 1765//6702 1764//6702
f 731//6703 734//6703 1764//6703
f 563//6704 1868//6704 3531//6704
f 3531//6705 567//6705 563//6705
f 1870//6706 737//6706 739//6706
f 737//6707 1870//6707 1869//6707
f 736//6708 737//6708 1869//6708
f 755//6709 754//6709 2065//6709
f 756//6710 2065//6710 754//6710
f 2069//6711 752//6711 2066//6711
f 750//6712 2066//6712 752//6712
f 752//6713 2069//6713 749//6713
f 2074//6714 748//6714 2069//6714
f 748//6715 2074//6715 753//6715
f 2069//6716 748//6716 749//6716
f 2099//6717 763//6717 2100//6717
f 2099//6718 761//6718 763//6718
f 2100//6719 764//6719 768//6719
f 2100//6720 763//6720 764//6720
f 2234//6721 581//6721 582//6721
f 2235//6722 2234//6722 582//6722
f 2235//6723 582//6723 586//6723
f 579//6724 2239//6724 577//6724
f 2235//6725 586//6725 578//6725
f 2239//6726 2235//6726 577//6726
f 578//6727 577//6727 2235//6727
f 2100//6728 769//6728 2256//6728
f 769//6729 2100//6729 768//6729
f 767//6730 2256//6730 769//6730
f 590//6731 3421//6731 591//6731
f 3421//6732 590//6732 3494//6732
f 589//6733 3494//6733 590//6733
f 2522//6734 2523//6734 609//6734
f 609//6735 608//6735 2522//6735
f 609//6736 2523//6736 610//6736
f 2547//6737 803//6737 2548//6737
f 803//6738 2547//6738 802//6738
f 804//6739 2548//6739 803//6739
f 2552//6740 620//6740 2549//6740
f 619//6741 2549//6741 620//6741
f 3316//6742 621//6742 2552//6742
f 620//6743 2552//6743 621//6743
f 2703//6744 613//6744 612//6744
f 2703//6745 2704//6745 615//6745
f 613//6746 2703//6746 615//6746
f 2704//6747 2705//6747 616//6747
f 615//6748 2704//6748 616//6748
f 616//6749 2705//6749 617//6749
f 2706//6750 2703//6750 614//6750
f 612//6751 614//6751 2703//6751
f 2728//6752 814//6752 820//6752
f 2727//6753 815//6753 2728//6753
f 814//6754 2728//6754 815//6754
f 815//6755 2727//6755 816//6755
f 668//6756 2832//6756 2833//6756
f 669//6757 668//6757 2833//6757
f 2832//6758 625//6758 624//6758
f 2832//6759 668//6759 625//6759
f 2837//6760 823//6760 2834//6760
f 822//6761 2834//6761 823//6761
f 2837//6762 821//6762 823//6762
f 2834//6763 825//6763 2852//6763
f 825//6764 2834//6764 822//6764
f 2852//6765 825//6765 824//6765
f 903//6766 2853//6766 901//6766
f 900//6767 2853//6767 903//6767
f 902//6768 2853//6768 2855//6768
f 901//6769 2853//6769 902//6769
f 2855//6770 909//6770 902//6770
f 2852//6771 827//6771 2909//6771
f 826//6772 2909//6772 827//6772
f 3060//6773 829//6773 828//6773
f 828//6774 831//6774 3060//6774
f 2910//6775 904//6775 911//6775
f 2910//6776 905//6776 904//6776
f 906//6777 2910//6777 2912//6777
f 905//6778 2910//6778 906//6778
f 2912//6779 919//6779 906//6779
f 915//6780 921//6780 2928//6780
f 2927//6781 915//6781 2928//6781
f 2927//6782 914//6782 915//6782
f 2929//6783 924//6783 931//6783
f 2929//6784 923//6784 924//6784
f 925//6785 923//6785 2929//6785
f 2931//6786 925//6786 2929//6786
f 3060//6787 830//6787 3061//6787
f 832//6788 3061//6788 830//6788
f 3060//6789 831//6789 830//6789
f 3175//6790 928//6790 927//6790
f 928//6791 3175//6791 941//6791
f 942//6792 3175//6792 3064//6792
f 3064//6793 943//6793 942//6793
f 937//6794 3064//6794 3063//6794
f 943//6795 3064//6795 937//6795
f 3063//6796 938//6796 937//6796
f 934//6797 933//6797 3094//6797
f 3094//6798 967//6798 934//6798
f 3093//6799 967//6799 3094//6799
f 3093//6800 968//6800 967//6800
f 3116//6801 947//6801 949//6801
f 3116//6802 949//6802 953//6802
f 972//6803 948//6803 3114//6803
f 947//6804 3114//6804 948//6804
f 3114//6805 947//6805 3116//6805
f 951//6806 3117//6806 952//6806
f 3118//6807 3117//6807 951//6807
f 956//6808 957//6808 3118//6808
f 958//6809 3118//6809 957//6809
f 3118//6810 958//6810 3119//6810
f 961//6811 3120//6811 3119//6811
f 3119//6812 959//6812 961//6812
f 3117//6813 3116//6813 954//6813
f 954//6814 952//6814 3117//6814
f 944//6815 865//6815 867//6815
f 865//6816 945//6816 866//6816
f 865//6817 944//6817 945//6817
f 863//6818 866//6818 945//6818
f 945//6819 3127//6819 863//6819
f 971//6820 3127//6820 946//6820
f 945//6821 946//6821 3127//6821
f 970//6822 3127//6822 971//6822
f 3114//6823 3127//6823 970//6823
f 3114//6824 970//6824 972//6824
f 954//6825 3116//6825 953//6825
f 3118//6826 951//6826 950//6826
f 956//6827 3118//6827 955//6827
f 950//6828 955//6828 3118//6828
f 3119//6829 958//6829 959//6829
f 960//6830 3120//6830 961//6830
f 962//6831 3120//6831 960//6831
f 965//6832 3121//6832 962//6832
f 3120//6833 962//6833 3121//6833
f 3121//6834 966//6834 963//6834
f 966//6835 3121//6835 965//6835
f 857//6836 3111//6836 858//6836
f 858//6837 3111//6837 3122//6837
f 859//6838 858//6838 3122//6838
f 860//6839 3113//6839 861//6839
f 861//6840 3113//6840 862//6840
f 864//6841 863//6841 3127//6841
f 864//6842 3127//6842 3113//6842
f 860//6843 864//6843 3113//6843
f 862//6844 3111//6844 857//6844
f 3111//6845 862//6845 3113//6845
f 964//6846 969//6846 3093//6846
f 3121//6847 964//6847 3093//6847
f 964//6848 3121//6848 963//6848
f 940//6849 939//6849 3063//6849
f 3128//6850 940//6850 3063//6850
f 936//6851 940//6851 3128//6851
f 3128//6852 935//6852 936//6852
f 932//6853 935//6853 3128//6853
f 3094//6854 932//6854 3128//6854
f 3094//6855 933//6855 932//6855
f 968//6856 3093//6856 969//6856
f 849//6857 3168//6857 848//6857
f 3168//6858 846//6858 848//6858
f 3168//6859 847//6859 846//6859
f 3168//6860 3130//6860 847//6860
f 844//6861 847//6861 3130//6861
f 3130//6862 3129//6862 845//6862
f 844//6863 3130//6863 845//6863
f 3163//6864 3153//6864 839//6864
f 836//6865 839//6865 3153//6865
f 836//6866 3153//6866 3154//6866
f 837//6867 836//6867 3154//6867
f 3163//6868 839//6868 840//6868
f 3162//6869 833//6869 835//6869
f 838//6870 3162//6870 835//6870
f 3061//6871 834//6871 3162//6871
f 3061//6872 832//6872 834//6872
f 833//6873 3162//6873 834//6873
f 843//6874 3164//6874 841//6874
f 3164//6875 3163//6875 841//6875
f 840//6876 841//6876 3163//6876
f 3162//6877 838//6877 3154//6877
f 837//6878 3154//6878 838//6878
f 3169//6879 3168//6879 850//6879
f 3169//6880 850//6880 856//6880
f 3129//6881 3164//6881 842//6881
f 845//6882 3129//6882 842//6882
f 3164//6883 843//6883 842//6883
f 850//6884 3168//6884 849//6884
f 859//6885 3122//6885 855//6885
f 3122//6886 854//6886 855//6886
f 852//6887 851//6887 3090//6887
f 852//6888 3090//6888 3169//6888
f 856//6889 852//6889 3169//6889
f 3122//6890 3123//6890 854//6890
f 853//6891 854//6891 3123//6891
f 853//6892 3123//6892 3090//6892
f 851//6893 853//6893 3090//6893
f 938//6894 3063//6894 939//6894
f 3175//6895 942//6895 941//6895
f 927//6896 926//6896 2931//6896
f 3175//6897 927//6897 2931//6897
f 925//6898 2931//6898 926//6898
f 931//6899 930//6899 3036//6899
f 3036//6900 2929//6900 931//6900
f 929//6901 3036//6901 930//6901
f 2928//6902 921//6902 922//6902
f 916//6903 2927//6903 917//6903
f 914//6904 2927//6904 916//6904
f 917//6905 2927//6905 3036//6905
f 918//6906 917//6906 3036//6906
f 918//6907 3036//6907 929//6907
f 922//6908 920//6908 2912//6908
f 2912//6909 2928//6909 922//6909
f 919//6910 2912//6910 920//6910
f 911//6911 3181//6911 2910//6911
f 3181//6912 911//6912 912//6912
f 913//6913 3181//6913 912//6913
f 3314//6914 3181//6914 913//6914
f 913//6915 910//6915 3314//6915
f 908//6916 3314//6916 910//6916
f 829//6917 3060//6917 2909//6917
f 826//6918 829//6918 2909//6918
f 870//6919 3308//6919 3309//6919
f 3309//6920 871//6920 870//6920
f 870//6921 869//6921 3308//6921
f 868//6922 670//6922 671//6922
f 868//6923 3308//6923 869//6923
f 671//6924 3308//6924 868//6924
f 672//6925 3308//6925 671//6925
f 896//6926 893//6926 3275//6926
f 3273//6927 3275//6927 893//6927
f 3273//6928 893//6928 892//6928
f 896//6929 3275//6929 895//6929
f 883//6930 882//6930 3266//6930
f 3266//6931 3307//6931 883//6931
f 880//6932 3266//6932 882//6932
f 3266//6933 880//6933 881//6933
f 3273//6934 892//6934 894//6934
f 894//6935 3305//6935 3273//6935
f 3305//6936 894//6936 891//6936
f 890//6937 3306//6937 3305//6937
f 3305//6938 891//6938 890//6938
f 889//6939 888//6939 3306//6939
f 890//6940 889//6940 3306//6940
f 3306//6941 884//6941 3307//6941
f 885//6942 884//6942 3306//6942
f 887//6943 3306//6943 888//6943
f 885//6944 3306//6944 887//6944
f 884//6945 886//6945 3307//6945
f 3307//6946 886//6946 883//6946
f 3308//6947 672//6947 667//6947
f 872//6948 3309//6948 3272//6948
f 3309//6949 872//6949 871//6949
f 3272//6950 873//6950 872//6950
f 874//6951 3272//6951 875//6951
f 873//6952 3272//6952 874//6952
f 3270//6953 876//6953 3272//6953
f 3270//6954 877//6954 876//6954
f 876//6955 875//6955 3272//6955
f 878//6956 3270//6956 3268//6956
f 3268//6957 879//6957 878//6957
f 878//6958 877//6958 3270//6958
f 879//6959 3266//6959 881//6959
f 3266//6960 879//6960 3268//6960
f 3314//6961 907//6961 2855//6961
f 909//6962 2855//6962 907//6962
f 3314//6963 908//6963 907//6963
f 3277//6964 2853//6964 900//6964
f 3277//6965 900//6965 899//6965
f 899//6966 898//6966 3277//6966
f 897//6967 3277//6967 898//6967
f 3275//6968 3277//6968 897//6968
f 895//6969 3275//6969 897//6969
f 2852//6970 824//6970 827//6970
f 2728//6971 819//6971 2837//6971
f 819//6972 2728//6972 820//6972
f 821//6973 2837//6973 819//6973
f 623//6974 3316//6974 622//6974
f 3316//6975 2832//6975 622//6975
f 624//6976 622//6976 2832//6976
f 2833//6977 3308//6977 667//6977
f 669//6978 2833//6978 667//6978
f 816//6979 2727//6979 818//6979
f 818//6980 2727//6980 817//6980
f 3337//6981 813//6981 812//6981
f 817//6982 2727//6982 812//6982
f 3337//6983 812//6983 2727//6983
f 813//6984 3337//6984 811//6984
f 811//6985 3337//6985 3336//6985
f 809//6986 811//6986 3336//6986
f 809//6987 3336//6987 810//6987
f 3336//6988 807//6988 810//6988
f 2548//6989 805//6989 3347//6989
f 806//6990 3347//6990 805//6990
f 805//6991 2548//6991 804//6991
f 3336//6992 3339//6992 807//6992
f 808//6993 807//6993 3339//6993
f 808//6994 3339//6994 3347//6994
f 806//6995 808//6995 3347//6995
f 2549//6996 618//6996 2705//6996
f 617//6997 2705//6997 618//6997
f 2549//6998 619//6998 618//6998
f 3316//6999 623//6999 621//6999
f 800//7000 3364//7000 796//7000
f 795//7001 796//7001 3364//7001
f 795//7002 3364//7002 3363//7002
f 794//7003 795//7003 3363//7003
f 2547//7004 2545//7004 798//7004
f 799//7005 798//7005 2545//7005
f 799//7006 2545//7006 3364//7006
f 800//7007 799//7007 3364//7007
f 802//7008 2547//7008 801//7008
f 2547//7009 797//7009 801//7009
f 2547//7010 798//7010 797//7010
f 3368//7011 599//7011 3365//7011
f 594//7012 3365//7012 599//7012
f 599//7013 3368//7013 600//7013
f 3392//7014 3365//7014 595//7014
f 3392//7015 595//7015 596//7015
f 600//7016 3368//7016 601//7016
f 3368//7017 3393//7017 601//7017
f 602//7018 601//7018 3393//7018
f 595//7019 3365//7019 594//7019
f 2523//7020 2706//7020 611//7020
f 610//7021 2523//7021 611//7021
f 611//7022 2706//7022 614//7022
f 3393//7023 2522//7023 603//7023
f 602//7024 3393//7024 603//7024
f 2522//7025 606//7025 603//7025
f 2522//7026 608//7026 606//7026
f 3420//7027 789//7027 791//7027
f 789//7028 3420//7028 3419//7028
f 787//7029 789//7029 3419//7029
f 3363//7030 3361//7030 793//7030
f 790//7031 793//7031 3361//7031
f 790//7032 3361//7032 3420//7032
f 791//7033 790//7033 3420//7033
f 794//7034 3363//7034 792//7034
f 3363//7035 793//7035 792//7035
f 592//7036 593//7036 3421//7036
f 2418//7037 592//7037 3421//7037
f 2418//7038 605//7038 592//7038
f 2421//7039 607//7039 604//7039
f 607//7040 2421//7040 598//7040
f 3392//7041 597//7041 2421//7041
f 598//7042 2421//7042 597//7042
f 597//7043 3392//7043 596//7043
f 604//7044 2418//7044 2421//7044
f 2418//7045 604//7045 605//7045
f 3450//7046 779//7046 780//7046
f 780//7047 783//7047 3450//7047
f 779//7048 3450//7048 3449//7048
f 777//7049 779//7049 3449//7049
f 3450//7050 782//7050 3458//7050
f 3450//7051 783//7051 782//7051
f 781//7052 786//7052 3458//7052
f 3458//7053 782//7053 781//7053
f 3419//7054 3418//7054 785//7054
f 784//7055 785//7055 3418//7055
f 784//7056 3418//7056 3458//7056
f 786//7057 784//7057 3458//7057
f 787//7058 3419//7058 788//7058
f 788//7059 3419//7059 785//7059
f 765//7060 770//7060 3460//7060
f 3460//7061 2256//7061 766//7061
f 765//7062 3460//7062 766//7062
f 766//7063 2256//7063 767//7063
f 3460//7064 773//7064 3469//7064
f 3460//7065 770//7065 773//7065
f 3469//7066 773//7066 772//7066
f 777//7067 3449//7067 778//7067
f 778//7068 3449//7068 775//7068
f 3470//7069 3469//7069 771//7069
f 774//7070 3470//7070 771//7070
f 771//7071 3469//7071 772//7071
f 3449//7072 3447//7072 775//7072
f 776//7073 775//7073 3447//7073
f 776//7074 3447//7074 3470//7074
f 774//7075 776//7075 3470//7075
f 3495//7076 587//7076 588//7076
f 587//7077 3495//7077 3494//7077
f 589//7078 587//7078 3494//7078
f 591//7079 3421//7079 593//7079
f 3500//7080 3495//7080 584//7080
f 584//7081 583//7081 3500//7081
f 2234//7082 580//7082 581//7082
f 2234//7083 3500//7083 580//7083
f 583//7084 580//7084 3500//7084
f 584//7085 3495//7085 585//7085
f 588//7086 585//7086 3495//7086
f 759//7087 3506//7087 2066//7087
f 751//7088 759//7088 2066//7088
f 751//7089 2066//7089 750//7089
f 760//7090 3506//7090 759//7090
f 2099//7091 3506//7091 762//7091
f 761//7092 2099//7092 762//7092
f 762//7093 3506//7093 760//7093
f 746//7094 3508//7094 745//7094
f 745//7095 3508//7095 3507//7095
f 744//7096 745//7096 3507//7096
f 757//7097 2065//7097 756//7097
f 758//7098 2065//7098 757//7098
f 2074//7099 2065//7099 758//7099
f 2074//7100 758//7100 753//7100
f 755//7101 2065//7101 3508//7101
f 747//7102 755//7102 3508//7102
f 3508//7103 746//7103 747//7103
f 572//7104 3525//7104 574//7104
f 3526//7105 574//7105 3525//7105
f 3525//7106 572//7106 571//7106
f 3526//7107 2239//7107 576//7107
f 3526//7108 576//7108 575//7108
f 575//7109 574//7109 3526//7109
f 2239//7110 579//7110 576//7110
f 3527//7111 568//7111 569//7111
f 3527//7112 3525//7112 568//7112
f 571//7113 568//7113 3525//7113
f 569//7114 570//7114 3527//7114
f 3528//7115 3527//7115 570//7115
f 570//7116 573//7116 3528//7116
f 739//7117 3507//7117 1870//7117
f 3507//7118 739//7118 738//7118
f 3507//7119 740//7119 744//7119
f 740//7120 3507//7120 738//7120
f 3528//7121 573//7121 566//7121
f 566//7122 565//7122 3528//7122
f 3531//7123 3528//7123 565//7123
f 565//7124 567//7124 3531//7124
f 564//7125 1868//7125 563//7125
f 1868//7126 554//7126 553//7126
f 1868//7127 564//7127 554//7127
f 1866//7128 1868//7128 553//7128
f 553//7129 555//7129 1866//7129
f 556//7130 1763//7130 1866//7130
f 555//7131 556//7131 1866//7131
f 735//7132 736//7132 1869//7132
f 735//7133 1869//7133 1765//7133
f 733//7134 735//7134 1765//7134
f 1762//7135 550//7135 551//7135
f 3561//7136 1760//7136 552//7136
f 561//7137 3561//7137 552//7137
f 1760//7138 1762//7138 551//7138
f 552//7139 1760//7139 551//7139
f 1763//7140 556//7140 548//7140
f 550//7141 1762//7141 549//7141
f 731//7142 1764//7142 732//7142
f 732//7143 1764//7143 3566//7143
f 729//7144 732//7144 3566//7144
f 3567//7145 3569//7145 544//7145
f 545//7146 3567//7146 544//7146
f 3569//7147 546//7147 544//7147
f 1668//7148 562//7148 558//7148
f 1668//7149 3561//7149 562//7149
f 561//7150 562//7150 3561//7150
f 559//7151 1667//7151 560//7151
f 3569//7152 1667//7152 559//7152
f 546//7153 3569//7153 547//7153
f 559//7154 547//7154 3569//7154
f 1669//7155 741//7155 726//7155
f 1669//7156 726//7156 725//7156
f 1669//7157 1573//7157 741//7157
f 742//7158 741//7158 1573//7158
f 3643//7159 653//7159 3644//7159
f 654//7160 3644//7160 653//7160
f 3837//7161 655//7161 3643//7161
f 653//7162 3643//7162 655//7162
f 3837//7163 657//7163 655//7163
f 657//7164 3837//7164 656//7164
f 714//7165 3652//7165 712//7165
f 3649//7166 3652//7166 714//7166
f 714//7167 713//7167 3649//7167
f 3832//7168 643//7168 647//7168
f 707//7169 706//7169 3753//7169
f 3753//7170 3752//7170 707//7170
f 711//7171 707//7171 3752//7171
f 637//7172 3710//7172 640//7172
f 637//7173 630//7173 3710//7173
f 3714//7174 3710//7174 630//7174
f 630//7175 631//7175 3714//7175
f 3714//7176 629//7176 3755//7176
f 3714//7177 631//7177 629//7177
f 676//7178 677//7178 3780//7178
f 3781//7179 3780//7179 677//7179
f 677//7180 705//7180 3781//7180
f 704//7181 3783//7181 703//7181
f 3783//7182 3781//7182 703//7182
f 705//7183 703//7183 3781//7183
f 697//7184 3784//7184 696//7184
f 3755//7185 626//7185 627//7185
f 3785//7186 3755//7186 627//7186
f 627//7187 628//7187 3785//7187
f 3787//7188 3785//7188 635//7188
f 628//7189 635//7189 3785//7189
f 3786//7190 694//7190 3788//7190
f 633//7191 694//7191 3786//7191
f 3786//7192 632//7192 633//7192
f 694//7193 693//7193 3788//7193
f 3792//7194 3791//7194 681//7194
f 680//7195 3792//7195 681//7195
f 3791//7196 682//7196 681//7196
f 3794//7197 685//7197 684//7197
f 676//7198 3780//7198 678//7198
f 678//7199 3780//7199 674//7199
f 674//7200 3780//7200 3779//7200
f 673//7201 674//7201 3779//7201
f 692//7202 690//7202 3788//7202
f 691//7203 3788//7203 690//7203
f 691//7204 689//7204 3788//7204
f 688//7205 3788//7205 689//7205
f 686//7206 3789//7206 687//7206
f 3794//7207 3789//7207 686//7207
f 686//7208 685//7208 3794//7208
f 3779//7209 679//7209 675//7209
f 3779//7210 675//7210 673//7210
f 3779//7211 3792//7211 679//7211
f 680//7212 679//7212 3792//7212
f 684//7213 3790//7213 3794//7213
f 3790//7214 684//7214 683//7214
f 682//7215 3790//7215 683//7215
f 3790//7216 682//7216 3791//7216
f 688//7217 687//7217 3789//7217
f 3789//7218 3788//7218 688//7218
f 693//7219 692//7219 3788//7219
f 634//7220 3786//7220 3787//7220
f 3786//7221 634//7221 632//7221
f 635//7222 634//7222 3787//7222
f 700//7223 3784//7223 697//7223
f 3795//7224 3784//7224 700//7224
f 3795//7225 700//7225 699//7225
f 696//7226 3784//7226 695//7226
f 3783//7227 704//7227 698//7227
f 695//7228 3784//7228 3783//7228
f 698//7229 695//7229 3783//7229
f 629//7230 626//7230 3755//7230
f 715//7231 3650//7231 716//7231
f 717//7232 719//7232 3645//7232
f 717//7233 3645//7233 3650//7233
f 715//7234 717//7234 3650//7234
f 712//7235 3652//7235 709//7235
f 709//7236 3652//7236 710//7236
f 3752//7237 701//7237 702//7237
f 3752//7238 702//7238 711//7238
f 3752//7239 3795//7239 701//7239
f 699//7240 701//7240 3795//7240
f 640//7241 3710//7241 636//7241
f 3710//7242 3709//7242 636//7242
f 638//7243 636//7243 3709//7243
f 3644//7244 652//7244 3838//7244
f 651//7245 3838//7245 652//7245
f 652//7246 3644//7246 654//7246
f 650//7247 3838//7247 651//7247
f 3828//7248 3839//7248 649//7248
f 648//7249 3828//7249 649//7249
f 3838//7250 650//7250 3839//7250
f 649//7251 3839//7251 650//7251
f 3828//7252 648//7252 645//7252
f 645//7253 644//7253 3828//7253
f 3708//7254 3828//7254 644//7254
f 644//7255 641//7255 3708//7255
f 643//7256 3832//7256 642//7256
f 3832//7257 3708//7257 642//7257
f 641//7258 642//7258 3708//7258
f 647//7259 3706//7259 3832//7259
f 3706//7260 647//7260 646//7260
f 639//7261 3709//7261 646//7261
f 3706//7262 646//7262 3709//7262
f 639//7263 638//7263 3709//7263
f 3652//7264 3653//7264 710//7264
f 708//7265 710//7265 3653//7265
f 708//7266 3653//7266 3753//7266
f 706//7267 708//7267 3753//7267
f 716//7268 3650//7268 3649//7268
f 3649//7269 713//7269 716//7269
f 1567//7270 663//7270 661//7270
f 663//7271 1567//7271 662//7271
f 3837//7272 658//7272 656//7272
f 1565//7273 660//7273 658//7273
f 3837//7274 1565//7274 658//7274
f 1394//7275 538//7275 542//7275
f 3843//7276 1394//7276 542//7276
f 3843//7277 542//7277 543//7277
f 3843//7278 666//7278 1569//7278
f 665//7279 1569//7279 666//7279
f 3843//7280 541//7280 666//7280
f 541//7281 3843//7281 543//7281
f 659//7282 660//7282 1565//7282
f 1567//7283 661//7283 659//7283
f 1565//7284 1567//7284 659//7284
f 536//7285 3567//7285 539//7285
f 1396//7286 3567//7286 536//7286
f 3567//7287 545//7287 540//7287
f 540//7288 539//7288 3567//7288
f 1028//7289 3937//7289 3936//7289
f 3937//7290 1028//7290 1023//7290
f 1030//7291 3936//7291 3932//7291
f 3936//7292 1030//7292 1029//7292
f 1028//7293 3936//7293 1029//7293
f 3932//7294 3931//7294 1025//7294
f 1030//7295 3932//7295 1025//7295
f 3938//7296 3937//7296 1023//7296
f 1022//7297 3938//7297 1023//7297
f 1020//7298 1021//7298 3939//7298
f 3939//7299 3938//7299 1022//7299
f 1020//7300 3939//7300 1022//7300
f 1019//7301 3985//7301 3984//7301
f 3985//7302 1019//7302 1017//7302
f 1017//7303 3986//7303 3985//7303
f 3986//7304 1017//7304 1016//7304
f 3984//7305 1018//7305 1019//7305
f 1021//7306 3984//7306 3939//7306
f 3984//7307 1021//7307 1018//7307
f 3978//7308 3977//7308 1013//7308
f 1012//7309 3978//7309 1013//7309
f 1015//7310 3977//7310 3979//7310
f 3977//7311 1015//7311 1014//7311
f 1013//7312 3977//7312 1014//7312
f 3979//7313 3986//7313 1016//7313
f 1015//7314 3979//7314 1016//7314
f 1012//7315 3980//7315 3978//7315
f 3980//7316 1012//7316 1011//7316
f 3981//7317 1010//7317 1009//7317
f 1011//7318 3981//7318 3980//7318
f 3981//7319 1011//7319 1010//7319
f 3921//7320 3983//7320 1005//7320
f 1006//7321 3921//7321 1005//7321
f 1006//7322 3922//7322 3921//7322
f 3922//7323 1006//7323 1003//7323
f 3983//7324 1007//7324 1005//7324
f 1009//7325 3982//7325 3981//7325
f 3982//7326 1009//7326 1008//7326
f 1008//7327 3983//7327 3982//7327
f 3983//7328 1008//7328 1007//7328
f 1003//7329 3923//7329 3922//7329
f 3923//7330 1003//7330 1002//7330
f 3924//7331 1004//7331 1001//7331
f 3924//7332 3923//7332 1002//7332
f 1004//7333 3924//7333 1002//7333
f 3926//7334 3925//7334 999//7334
f 998//7335 3926//7335 999//7335
f 998//7336 3927//7336 3926//7336
f 3927//7337 998//7337 996//7337
f 3925//7338 1000//7338 999//7338
f 3925//7339 3924//7339 1001//7339
f 1000//7340 3925//7340 1001//7340
f 994//7341 3928//7341 3929//7341
f 3928//7342 994//7342 997//7342
f 997//7343 3970//7343 3928//7343
f 3970//7344 997//7344 993//7344
f 994//7345 3929//7345 995//7345
f 3929//7346 3927//7346 996//7346
f 995//7347 3929//7347 996//7347
f 3971//7348 3970//7348 993//7348
f 992//7349 3971//7349 993//7349
f 3972//7350 991//7350 990//7350
f 3972//7351 3971//7351 992//7351
f 991//7352 3972//7352 992//7352
f 990//7353 3976//7353 3972//7353
f 3976//7354 990//7354 989//7354
f 3975//7355 988//7355 987//7355
f 3975//7356 3976//7356 989//7356
f 988//7357 3975//7357 989//7357
f 984//7358 3998//7358 3973//7358
f 3998//7359 984//7359 983//7359
f 985//7360 3973//7360 3974//7360
f 3973//7361 985//7361 984//7361
f 3974//7362 986//7362 985//7362
f 3974//7363 3975//7363 987//7363
f 986//7364 3974//7364 987//7364
f 983//7365 3876//7365 3998//7365
f 3876//7366 983//7366 982//7366
f 3877//7367 3876//7367 982//7367
f 981//7368 3877//7368 982//7368
f 3878//7369 980//7369 979//7369
f 3878//7370 3877//7370 981//7370
f 980//7371 3878//7371 981//7371
f 979//7372 3880//7372 3878//7372
f 3880//7373 979//7373 978//7373
f 977//7374 976//7374 3879//7374
f 3879//7375 3880//7375 978//7375
f 977//7376 3879//7376 978//7376
f 1203//7377 3872//7377 3869//7377
f 3872//7378 1203//7378 1204//7378
f 3869//7379 973//7379 974//7379
f 1203//7380 3869//7380 974//7380
f 3870//7381 3879//7381 976//7381
f 975//7382 3870//7382 976//7382
f 975//7383 3869//7383 3870//7383
f 3869//7384 975//7384 973//7384
f 3874//7385 3873//7385 1197//7385
f 1198//7386 3874//7386 1197//7386
f 1199//7387 3873//7387 3871//7387
f 3873//7388 1199//7388 1196//7388
f 1197//7389 3873//7389 1196//7389
f 3871//7390 3872//7390 1204//7390
f 1199//7391 3871//7391 1204//7391
f 1198//7392 3875//7392 3874//7392
f 3875//7393 1198//7393 1200//7393
f 3882//7394 3875//7394 1200//7394
f 1201//7395 3882//7395 1200//7395
f 1206//7396 3988//7396 1205//7396
f 3881//7397 1205//7397 3988//7397
f 3881//7398 1202//7398 1205//7398
f 1201//7399 3881//7399 3882//7399
f 3881//7400 1201//7400 1202//7400
f 3989//7401 3988//7401 1206//7401
f 1207//7402 3989//7402 1206//7402
f 3990//7403 3989//7403 1208//7403
f 1209//7404 3990//7404 1208//7404
f 3989//7405 1207//7405 1208//7405
f 1212//7406 3993//7406 1211//7406
f 3991//7407 1211//7407 3993//7407
f 1211//7408 3991//7408 1210//7408
f 3990//7409 1210//7409 3991//7409
f 3990//7410 1209//7410 1210//7410
f 3992//7411 1213//7411 3994//7411
f 1215//7412 3994//7412 1213//7412
f 3994//7413 1215//7413 1231//7413
f 1213//7414 3992//7414 1214//7414
f 3993//7415 1214//7415 3992//7415
f 3993//7416 1212//7416 1214//7416
f 1232//7417 3883//7417 3885//7417
f 3883//7418 1232//7418 1228//7418
f 1232//7419 3885//7419 1231//7419
f 3994//7420 1231//7420 3885//7420
f 3884//7421 3883//7421 1229//7421
f 1230//7422 3884//7422 1229//7422
f 3883//7423 1228//7423 1229//7423
f 1230//7424 3887//7424 3884//7424
f 3887//7425 1230//7425 1235//7425
f 1238//7426 3997//7426 1237//7426
f 3886//7427 1237//7427 3997//7427
f 1237//7428 3886//7428 1236//7428
f 3887//7429 1236//7429 3886//7429
f 3887//7430 1235//7430 1236//7430
f 1233//7431 3995//7431 3996//7431
f 3995//7432 1233//7432 1222//7432
f 3996//7433 3997//7433 1234//7433
f 1233//7434 3996//7434 1234//7434
f 3997//7435 1238//7435 1234//7435
f 1216//7436 3895//7436 3893//7436
f 3893//7437 1219//7437 1216//7437
f 1220//7438 3894//7438 1221//7438
f 3995//7439 1221//7439 3894//7439
f 1219//7440 3893//7440 3894//7440
f 3894//7441 1220//7441 1219//7441
f 3995//7442 1222//7442 1221//7442
f 1217//7443 3896//7443 3895//7443
f 3895//7444 1216//7444 1217//7444
f 3892//7445 3896//7445 1226//7445
f 1218//7446 1226//7446 3896//7446
f 1218//7447 3896//7447 1217//7447
f 3889//7448 3892//7448 1227//7448
f 1226//7449 1227//7449 3892//7449
f 1223//7450 3888//7450 3889//7450
f 1227//7451 1223//7451 3889//7451
f 3891//7452 3888//7452 1225//7452
f 1224//7453 1225//7453 3888//7453
f 1224//7454 3888//7454 1223//7454
f 3987//7455 3891//7455 1255//7455
f 1225//7456 1255//7456 3891//7456
f 3908//7457 3987//7457 1257//7457
f 1256//7458 1257//7458 3987//7458
f 1253//7459 3906//7459 3908//7459
f 3908//7460 1257//7460 1253//7460
f 3987//7461 1255//7461 1256//7461
f 1251//7462 3905//7462 3907//7462
f 3907//7463 1254//7463 1251//7463
f 3907//7464 3906//7464 1254//7464
f 1252//7465 1254//7465 3906//7465
f 1252//7466 3906//7466 1253//7466
f 1244//7467 3904//7467 3905//7467
f 3905//7468 1251//7468 1244//7468
f 1242//7469 3900//7469 3904//7469
f 1243//7470 1242//7470 3904//7470
f 3904//7471 1244//7471 1243//7471
f 3903//7472 3902//7472 1239//7472
f 1240//7473 1239//7473 3902//7473
f 3902//7474 3900//7474 1240//7474
f 1241//7475 1240//7475 3900//7475
f 1241//7476 3900//7476 1242//7476
f 1247//7477 3897//7477 3899//7477
f 3899//7478 1245//7478 1247//7478
f 3899//7479 3903//7479 1245//7479
f 1246//7480 1245//7480 3903//7480
f 1246//7481 3903//7481 1239//7481
f 3898//7482 3897//7482 1248//7482
f 1247//7483 1248//7483 3897//7483
f 3920//7484 3898//7484 1249//7484
f 1248//7485 1249//7485 3898//7485
f 3918//7486 3920//7486 1258//7486
f 1250//7487 1258//7487 3920//7487
f 1259//7488 3916//7488 3918//7488
f 3918//7489 1258//7489 1259//7489
f 1250//7490 3920//7490 1249//7490
f 1291//7491 3915//7491 3917//7491
f 3917//7492 1290//7492 1291//7492
f 3916//7493 1260//7493 1261//7493
f 3917//7494 3916//7494 1290//7494
f 1261//7495 1290//7495 3916//7495
f 1260//7496 3916//7496 1259//7496
f 1292//7497 3913//7497 3915//7497
f 3915//7498 1291//7498 1292//7498
f 3914//7499 3913//7499 1289//7499
f 1293//7500 1289//7500 3913//7500
f 1293//7501 3913//7501 1292//7501
f 1286//7502 3909//7502 3912//7502
f 3912//7503 1285//7503 1286//7503
f 3912//7504 3914//7504 1285//7504
f 1284//7505 1285//7505 3914//7505
f 3914//7506 1289//7506 1284//7506
f 1287//7507 3910//7507 3909//7507
f 3909//7508 1286//7508 1287//7508
f 4005//7509 3910//7509 1288//7509
f 1287//7510 1288//7510 3910//7510
f 4006//7511 4005//7511 1301//7511
f 1294//7512 1301//7512 4005//7512
f 4005//7513 1288//7513 1294//7513
f 4004//7514 4003//7514 1304//7514
f 1303//7515 1304//7515 4003//7515
f 4003//7516 4006//7516 1303//7516
f 1302//7517 1303//7517 4006//7517
f 4006//7518 1301//7518 1302//7518
f 4002//7519 4004//7519 1296//7519
f 1304//7520 1296//7520 4004//7520
f 4000//7521 4002//7521 1297//7521
f 1295//7522 1297//7522 4002//7522
f 4002//7523 1296//7523 1295//7523
f 3858//7524 4000//7524 1298//7524
f 1297//7525 1298//7525 4000//7525
f 3857//7526 3858//7526 1299//7526
f 1300//7527 1299//7527 3858//7527
f 3858//7528 1298//7528 1300//7528
f 3851//7529 3856//7529 1267//7529
f 1268//7530 1267//7530 3856//7530
f 1269//7531 3850//7531 3851//7531
f 3851//7532 1267//7532 1269//7532
f 3856//7533 3857//7533 1268//7533
f 1283//7534 1268//7534 3857//7534
f 1283//7535 3857//7535 1299//7535
f 3849//7536 3850//7536 1270//7536
f 1269//7537 1270//7537 3850//7537
f 3848//7538 3849//7538 1272//7538
f 1271//7539 1272//7539 3849//7539
f 1271//7540 3849//7540 1270//7540
f 3853//7541 3848//7541 1266//7541
f 1272//7542 1266//7542 3848//7542
f 3852//7543 3853//7543 1263//7543
f 1262//7544 1263//7544 3853//7544
f 1262//7545 3853//7545 1266//7545
f 1279//7546 3865//7546 3854//7546
f 3854//7547 1265//7547 1279//7547
f 1278//7548 3866//7548 3865//7548
f 3865//7549 1279//7549 1278//7549
f 3854//7550 3852//7550 1265//7550
f 1264//7551 1265//7551 3852//7551
f 1264//7552 3852//7552 1263//7552
f 3867//7553 3866//7553 1280//7553
f 1278//7554 1280//7554 3866//7554
f 3868//7555 3867//7555 1282//7555
f 1281//7556 1282//7556 3867//7556
f 1281//7557 3867//7557 1280//7557
f 3864//7558 3868//7558 1277//7558
f 1282//7559 1277//7559 3868//7559
f 3862//7560 3864//7560 1275//7560
f 1276//7561 1275//7561 3864//7561
f 1276//7562 3864//7562 1277//7562
f 3863//7563 1273//7563 1072//7563
f 3860//7564 3863//7564 1071//7564
f 1072//7565 1071//7565 3863//7565
f 3863//7566 3862//7566 1273//7566
f 1274//7567 1273//7567 3862//7567
f 1274//7568 3862//7568 1275//7568
f 1070//7569 3999//7569 3860//7569
f 3860//7570 1071//7570 1070//7570
f 3953//7571 3945//7571 1075//7571
f 1076//7572 1075//7572 3945//7572
f 3945//7573 3999//7573 1076//7573
f 1073//7574 1076//7574 3999//7574
f 1070//7575 1073//7575 3999//7575
f 1064//7576 3951//7576 3952//7576
f 3952//7577 1065//7577 1064//7577
f 3952//7578 3953//7578 1065//7578
f 1074//7579 1065//7579 3953//7579
f 1074//7580 3953//7580 1075//7580
f 1067//7581 3949//7581 3951//7581
f 3951//7582 1064//7582 1067//7582
f 3950//7583 3949//7583 1069//7583
f 1066//7584 1069//7584 3949//7584
f 3949//7585 1067//7585 1066//7585
f 1063//7586 3946//7586 3948//7586
f 3948//7587 1061//7587 1063//7587
f 3950//7588 1068//7588 1062//7588
f 3948//7589 3950//7589 1061//7589
f 1062//7590 1061//7590 3950//7590
f 1068//7591 3950//7591 1069//7591
f 3947//7592 3946//7592 1060//7592
f 1063//7593 1060//7593 3946//7593
f 3957//7594 3947//7594 1057//7594
f 1060//7595 1057//7595 3947//7595
f 3955//7596 3957//7596 1059//7596
f 1058//7597 1059//7597 3957//7597
f 3957//7598 1057//7598 1058//7598
f 3956//7599 3955//7599 1056//7599
f 1059//7600 1056//7600 3955//7600
f 3958//7601 1055//7601 1053//7601
f 3958//7602 3956//7602 1055//7602
f 1056//7603 1055//7603 3956//7603
f 3960//7604 3959//7604 1045//7604
f 1051//7605 1045//7605 3959//7605
f 1051//7606 3959//7606 1052//7606
f 1052//7607 3959//7607 3958//7607
f 3958//7608 1053//7608 1052//7608
f 1048//7609 3965//7609 3962//7609
f 3962//7610 1049//7610 1048//7610
f 1050//7611 3962//7611 3961//7611
f 3962//7612 1050//7612 1049//7612
f 1050//7613 3961//7613 1054//7613
f 1054//7614 3961//7614 3960//7614
f 3960//7615 1045//7615 1054//7615
f 1048//7616 3964//7616 3965//7616
f 3964//7617 1048//7617 1047//7617
f 1043//7618 3966//7618 1044//7618
f 1046//7619 3963//7619 1047//7619
f 3964//7620 1047//7620 3963//7620
f 1046//7621 3966//7621 3963//7621
f 3966//7622 1046//7622 1044//7622
f 1043//7623 3967//7623 3966//7623
f 3967//7624 1043//7624 1042//7624
f 1040//7625 3968//7625 1041//7625
f 1042//7626 3968//7626 3967//7626
f 3968//7627 1042//7627 1041//7627
f 1037//7628 3943//7628 1038//7628
f 3969//7629 1038//7629 3943//7629
f 1037//7630 3941//7630 3943//7630
f 3941//7631 1037//7631 1036//7631
f 3969//7632 1039//7632 1038//7632
f 1039//7633 3969//7633 1040//7633
f 3968//7634 1040//7634 3969//7634
f 1031//7635 3933//7635 1032//7635
f 3935//7636 1032//7636 3933//7636
f 1034//7637 3935//7637 3934//7637
f 3935//7638 1034//7638 1033//7638
f 3935//7639 1033//7639 1032//7639
f 1036//7640 3942//7640 3941//7640
f 3942//7641 1036//7641 1035//7641
f 1035//7642 3934//7642 3942//7642
f 3934//7643 1035//7643 1034//7643
f 3930//7644 3933//7644 1031//7644
f 1026//7645 3930//7645 1027//7645
f 3930//7646 1031//7646 1027//7646
f 1025//7647 3931//7647 1024//7647
f 1026//7648 3931//7648 3930//7648
f 3931//7649 1026//7649 1024//7649
f 1097//7650 4136//7650 4135//7650
f 4136//7651 1097//7651 1096//7651
f 4007//7652 4010//7652 1083//7652
f 1095//7653 1083//7653 4010//7653
f 4010//7654 4136//7654 1096//7654
f 1094//7655 4010//7655 1096//7655
f 4010//7656 1094//7656 1095//7656
f 1083//7657 4008//7657 4007//7657
f 4008//7658 1083//7658 1082//7658
f 1077//7659 4009//7659 1084//7659
f 4009//7660 4008//7660 1082//7660
f 1084//7661 4009//7661 1082//7661
f 4013//7662 4012//7662 1079//7662
f 1080//7663 4013//7663 1079//7663
f 1079//7664 4012//7664 1078//7664
f 4012//7665 4009//7665 1077//7665
f 1078//7666 4012//7666 1077//7666
f 1090//7667 4015//7667 4014//7667
f 4015//7668 1090//7668 1092//7668
f 4014//7669 1081//7669 1090//7669
f 4014//7670 4013//7670 1080//7670
f 1081//7671 4014//7671 1080//7671
f 4123//7672 4124//7672 1085//7672
f 1088//7673 4123//7673 1085//7673
f 4124//7674 1086//7674 1085//7674
f 4016//7675 4015//7675 1092//7675
f 1091//7676 4016//7676 1092//7676
f 1091//7677 4124//7677 4016//7677
f 4124//7678 1091//7678 1086//7678
f 1088//7679 4126//7679 4123//7679
f 4126//7680 1088//7680 1087//7680
f 1093//7681 4127//7681 1089//7681
f 1087//7682 4127//7682 4126//7682
f 4127//7683 1087//7683 1089//7683
f 1130//7684 4129//7684 4128//7684
f 4129//7685 1130//7685 1134//7685
f 1134//7686 4130//7686 4129//7686
f 4130//7687 1134//7687 1133//7687
f 1130//7688 4128//7688 1131//7688
f 1093//7689 4128//7689 4127//7689
f 4128//7690 1093//7690 1131//7690
f 1133//7691 4081//7691 4130//7691
f 4081//7692 1133//7692 1132//7692
f 1144//7693 4082//7693 1141//7693
f 4082//7694 4081//7694 1132//7694
f 1141//7695 4082//7695 1132//7695
f 1143//7696 4087//7696 4083//7696
f 4087//7697 1143//7697 1140//7697
f 1143//7698 4083//7698 1142//7698
f 1144//7699 4083//7699 4082//7699
f 4083//7700 1144//7700 1142//7700
f 1140//7701 4088//7701 4087//7701
f 4088//7702 1140//7702 1137//7702
f 4085//7703 1138//7703 1139//7703
f 1137//7704 4085//7704 4088//7704
f 4085//7705 1137//7705 1138//7705
f 4086//7706 4085//7706 1139//7706
f 1129//7707 4086//7707 1139//7707
f 4089//7708 4086//7708 1129//7708
f 1120//7709 4089//7709 1129//7709
f 4113//7710 1116//7710 1118//7710
f 4090//7711 4089//7711 1120//7711
f 1117//7712 4090//7712 1120//7712
f 1117//7713 4113//7713 4090//7713
f 4113//7714 1117//7714 1116//7714
f 1115//7715 4109//7715 4114//7715
f 4109//7716 1115//7716 1113//7716
f 1113//7717 4106//7717 4109//7717
f 4106//7718 1113//7718 1112//7718
f 4114//7719 1119//7719 1115//7719
f 4114//7720 4113//7720 1118//7720
f 1119//7721 4114//7721 1118//7721
f 1112//7722 4107//7722 4106//7722
f 4107//7723 1112//7723 1114//7723
f 4108//7724 1126//7724 1125//7724
f 1114//7725 4108//7725 4107//7725
f 4108//7726 1114//7726 1126//7726
f 4110//7727 4111//7727 1127//7727
f 1124//7728 4110//7728 1127//7728
f 4111//7729 1128//7729 1127//7729
f 4111//7730 4108//7730 1125//7730
f 1128//7731 4111//7731 1125//7731
f 1121//7732 4029//7732 4112//7732
f 1123//7733 4029//7733 1121//7733
f 4029//7734 1123//7734 1149//7734
f 1149//7735 4030//7735 4029//7735
f 4030//7736 1149//7736 1150//7736
f 4112//7737 1122//7737 1121//7737
f 1124//7738 4112//7738 4110//7738
f 4112//7739 1124//7739 1122//7739
f 1145//7740 4033//7740 4031//7740
f 4033//7741 1145//7741 1146//7741
f 4031//7742 1148//7742 1145//7742
f 1150//7743 4031//7743 4030//7743
f 4031//7744 1150//7744 1148//7744
f 1146//7745 4032//7745 4033//7745
f 4032//7746 1146//7746 1147//7746
f 4034//7747 4032//7747 1147//7747
f 1152//7748 4034//7748 1147//7748
f 4035//7749 1151//7749 1154//7749
f 4035//7750 4034//7750 1152//7750
f 1151//7751 4035//7751 1152//7751
f 1306//7752 4037//7752 4036//7752
f 4037//7753 1306//7753 1307//7753
f 4036//7754 1305//7754 1306//7754
f 1154//7755 4036//7755 4035//7755
f 1153//7756 4036//7756 1154//7756
f 4036//7757 1153//7757 1305//7757
f 4039//7758 4037//7758 1307//7758
f 1309//7759 4039//7759 1307//7759
f 4038//7760 1308//7760 1310//7760
f 1309//7761 4038//7761 4039//7761
f 4038//7762 1309//7762 1308//7762
f 4042//7763 4040//7763 1312//7763
f 1314//7764 4042//7764 1312//7764
f 4040//7765 1311//7765 1312//7765
f 4040//7766 4038//7766 1310//7766
f 1311//7767 4040//7767 1310//7767
f 1314//7768 4043//7768 4042//7768
f 4043//7769 1314//7769 1313//7769
f 4044//7770 4043//7770 1313//7770
f 1315//7771 4044//7771 1313//7771
f 4045//7772 4044//7772 1316//7772
f 1317//7773 4045//7773 1316//7773
f 4044//7774 1315//7774 1316//7774
f 4048//7775 4046//7775 1331//7775
f 1330//7776 4048//7776 1331//7776
f 4046//7777 4045//7777 1332//7777
f 1331//7778 4046//7778 1332//7778
f 4045//7779 1317//7779 1332//7779
f 1334//7780 4049//7780 4047//7780
f 4049//7781 1334//7781 1336//7781
f 1334//7782 4047//7782 1333//7782
f 4048//7783 1333//7783 4047//7783
f 4048//7784 1330//7784 1333//7784
f 1337//7785 4103//7785 4105//7785
f 4103//7786 1337//7786 1339//7786
f 1338//7787 4050//7787 1335//7787
f 4049//7788 1335//7788 4050//7788
f 1338//7789 4105//7789 4050//7789
f 4105//7790 1338//7790 1337//7790
f 4049//7791 1336//7791 1335//7791
f 1339//7792 4056//7792 4103//7792
f 4056//7793 1339//7793 1340//7793
f 1341//7794 4057//7794 1342//7794
f 4056//7795 1342//7795 4057//7795
f 4056//7796 1340//7796 1342//7796
f 1341//7797 4055//7797 4057//7797
f 4055//7798 1341//7798 1343//7798
f 1345//7799 4054//7799 1344//7799
f 4055//7800 1344//7800 4054//7800
f 1344//7801 4055//7801 1343//7801
f 1347//7802 4052//7802 1345//7802
f 4054//7803 1345//7803 4052//7803
f 1348//7804 4068//7804 1349//7804
f 4051//7805 1349//7805 4068//7805
f 1347//7806 4051//7806 4052//7806
f 4051//7807 1347//7807 1346//7807
f 1349//7808 4051//7808 1346//7808
f 4067//7809 4069//7809 1350//7809
f 4067//7810 1350//7810 1353//7810
f 4069//7811 1351//7811 1350//7811
f 1348//7812 4069//7812 4068//7812
f 4069//7813 1348//7813 1351//7813
f 1353//7814 4066//7814 4067//7814
f 4066//7815 1353//7815 1352//7815
f 4061//7816 1354//7816 1357//7816
f 4061//7817 4066//7817 1352//7817
f 1354//7818 4061//7818 1352//7818
f 1358//7819 4059//7819 4060//7819
f 4059//7820 1358//7820 1359//7820
f 1358//7821 4060//7821 1355//7821
f 1356//7822 1355//7822 4060//7822
f 1357//7823 4060//7823 4061//7823
f 4060//7824 1357//7824 1356//7824
f 1361//7825 4064//7825 4063//7825
f 4064//7826 1361//7826 1362//7826
f 1361//7827 4063//7827 1360//7827
f 1359//7828 4063//7828 4059//7828
f 4063//7829 1359//7829 1360//7829
f 1362//7830 4065//7830 4064//7830
f 4065//7831 1362//7831 1363//7831
f 1364//7832 4099//7832 4065//7832
f 4065//7833 1363//7833 1364//7833
f 1366//7834 4101//7834 1365//7834
f 1365//7835 4101//7835 4099//7835
f 4099//7836 1364//7836 1365//7836
f 1367//7837 4096//7837 4101//7837
f 4101//7838 1366//7838 1367//7838
f 4097//7839 4096//7839 1368//7839
f 1367//7840 1368//7840 4096//7840
f 1370//7841 4098//7841 1369//7841
f 1369//7842 4098//7842 4097//7842
f 4097//7843 1368//7843 1369//7843
f 1371//7844 4095//7844 4098//7844
f 4098//7845 1370//7845 1371//7845
f 1375//7846 4094//7846 1372//7846
f 1372//7847 4094//7847 4095//7847
f 4095//7848 1371//7848 1372//7848
f 4092//7849 4093//7849 1377//7849
f 1373//7850 1377//7850 4093//7850
f 1376//7851 4091//7851 4092//7851
f 4092//7852 1377//7852 1376//7852
f 1373//7853 4093//7853 1374//7853
f 1374//7854 4093//7854 4094//7854
f 4094//7855 1375//7855 1374//7855
f 1380//7856 4079//7856 4091//7856
f 4091//7857 1376//7857 1380//7857
f 1378//7858 4080//7858 1379//7858
f 1379//7859 4080//7859 4079//7859
f 4079//7860 1380//7860 1379//7860
f 4071//7861 4070//7861 1384//7861
f 1383//7862 1384//7862 4070//7862
f 4070//7863 1381//7863 1383//7863
f 4073//7864 4080//7864 1382//7864
f 1378//7865 1382//7865 4080//7865
f 1381//7866 4070//7866 4073//7866
f 4073//7867 1382//7867 1381//7867
f 1385//7868 4072//7868 4071//7868
f 4071//7869 1384//7869 1385//7869
f 4075//7870 1387//7870 1386//7870
f 1387//7871 4075//7871 4072//7871
f 4072//7872 1385//7872 1387//7872
f 1388//7873 4074//7873 4075//7873
f 4075//7874 1386//7874 1388//7874
f 1392//7875 4076//7875 1389//7875
f 4076//7876 4074//7876 1389//7876
f 1388//7877 1389//7877 4074//7877
f 4117//7878 1325//7878 4115//7878
f 1326//7879 1325//7879 4117//7879
f 4117//7880 1393//7880 1326//7880
f 4117//7881 4077//7881 1393//7881
f 1390//7882 1393//7882 4077//7882
f 4077//7883 4076//7883 1391//7883
f 1392//7884 1391//7884 4076//7884
f 1390//7885 4077//7885 1391//7885
f 4116//7886 4115//7886 1324//7886
f 1325//7887 1324//7887 4115//7887
f 4118//7888 4116//7888 1328//7888
f 1324//7889 1328//7889 4116//7889
f 4119//7890 4118//7890 1327//7890
f 1329//7891 1327//7891 4118//7891
f 1329//7892 4118//7892 1328//7892
f 4121//7893 4120//7893 1318//7893
f 1319//7894 1318//7894 4120//7894
f 4120//7895 4119//7895 1319//7895
f 1323//7896 1319//7896 4119//7896
f 1323//7897 4119//7897 1327//7897
f 4024//7898 4122//7898 1321//7898
f 1322//7899 1321//7899 4122//7899
f 4024//7900 1321//7900 1171//7900
f 4022//7901 4024//7901 1170//7901
f 1171//7902 1170//7902 4024//7902
f 4122//7903 4121//7903 1322//7903
f 1320//7904 1322//7904 4121//7904
f 1320//7905 4121//7905 1318//7905
f 1172//7906 4023//7906 4022//7906
f 4022//7907 1170//7907 1172//7907
f 4025//7908 4023//7908 1173//7908
f 1172//7909 1173//7909 4023//7909
f 4026//7910 4025//7910 1178//7910
f 1174//7911 1178//7911 4025//7911
f 1174//7912 4025//7912 1173//7912
f 4027//7913 4028//7913 1181//7913
f 1179//7914 1181//7914 4028//7914
f 4028//7915 4026//7915 1179//7915
f 1177//7916 1179//7916 4026//7916
f 4026//7917 1178//7917 1177//7917
f 4021//7918 4027//7918 1180//7918
f 1181//7919 1180//7919 4027//7919
f 4020//7920 4021//7920 1182//7920
f 1180//7921 1182//7921 4021//7921
f 4017//7922 4020//7922 1175//7922
f 1176//7923 1175//7923 4020//7923
f 1176//7924 4020//7924 1182//7924
f 4018//7925 4017//7925 1183//7925
f 1175//7926 1183//7926 4017//7926
f 4163//7927 4018//7927 1192//7927
f 1183//7928 1192//7928 4018//7928
f 4162//7929 4163//7929 1195//7929
f 1191//7930 1195//7930 4163//7930
f 1191//7931 4163//7931 1192//7931
f 1185//7932 4159//7932 4161//7932
f 4161//7933 1193//7933 1185//7933
f 4161//7934 4162//7934 1193//7934
f 1194//7935 1193//7935 4162//7935
f 1194//7936 4162//7936 1195//7936
f 1184//7937 4160//7937 4159//7937
f 4159//7938 1185//7938 1184//7938
f 4158//7939 4160//7939 1186//7939
f 1187//7940 1186//7940 4160//7940
f 4160//7941 1184//7941 1187//7941
f 1188//7942 4148//7942 4147//7942
f 4147//7943 1189//7943 1188//7943
f 4147//7944 4158//7944 1189//7944
f 1190//7945 1189//7945 4158//7945
f 4158//7946 1186//7946 1190//7946
f 4149//7947 4148//7947 1169//7947
f 1188//7948 1169//7948 4148//7948
f 4152//7949 4151//7949 1163//7949
f 1155//7950 1163//7950 4151//7950
f 4151//7951 4149//7951 1155//7951
f 1156//7952 1155//7952 4149//7952
f 1169//7953 1156//7953 4149//7953
f 4153//7954 4152//7954 1164//7954
f 1163//7955 1164//7955 4152//7955
f 4154//7956 4153//7956 1167//7956
f 1168//7957 1167//7957 4153//7957
f 1168//7958 4153//7958 1164//7958
f 1162//7959 4155//7959 4156//7959
f 4156//7960 1166//7960 1162//7960
f 4156//7961 4154//7961 1166//7961
f 1165//7962 1166//7962 4154//7962
f 1165//7963 4154//7963 1167//7963
f 4141//7964 4157//7964 1159//7964
f 1157//7965 1159//7965 4157//7965
f 1161//7966 4140//7966 4141//7966
f 4141//7967 1159//7967 1161//7967
f 4157//7968 4155//7968 1157//7968
f 1158//7969 1157//7969 4155//7969
f 1158//7970 4155//7970 1162//7970
f 4139//7971 4140//7971 1160//7971
f 1161//7972 1160//7972 4140//7972
f 4137//7973 4139//7973 1111//7973
f 1135//7974 1111//7974 4139//7974
f 1136//7975 1135//7975 4139//7975
f 4139//7976 1160//7976 1136//7976
f 4138//7977 4137//7977 1109//7977
f 1111//7978 1109//7978 4137//7978
f 4145//7979 4138//7979 1108//7979
f 1109//7980 1108//7980 4138//7980
f 4142//7981 4145//7981 1107//7981
f 1110//7982 1107//7982 4145//7982
f 1110//7983 4145//7983 1108//7983
f 1104//7984 4144//7984 4143//7984
f 4143//7985 1105//7985 1104//7985
f 4143//7986 4142//7986 1105//7986
f 1106//7987 1105//7987 4142//7987
f 4142//7988 1107//7988 1106//7988
f 4134//7989 4146//7989 1101//7989
f 1102//7990 1101//7990 4146//7990
f 1100//7991 4131//7991 4134//7991
f 4134//7992 1101//7992 1100//7992
f 4146//7993 4144//7993 1102//7993
f 1103//7994 1102//7994 4144//7994
f 1103//7995 4144//7995 1104//7995
f 1097//7996 4135//7996 4133//7996
f 4133//7997 1099//7997 1097//7997
f 4133//7998 4131//7998 1099//7998
f 1098//7999 1099//7999 4131//7999
f 1098//8000 4131//8000 1100//8000
f 720//8001 1486//8001 1487//8001
f 718//8002 260//8002 4164//8002
f 719//8003 718//8003 3645//8003
f 260//8004 720//8004 1487//8004
f 260//8005 1487//8005 1488//8005
f 1570//8006 4164//8006 260//8006
f 3646//8007 3645//8007 4164//8007
f 718//8008 4164//8008 3645//8008
f 1570//8009 3646//8009 4164//8009
f 260//8010 1488//8010 1570//8010
f 3646//8011 1570//8011 3574//8011
f 720//8012 723//8012 1486//8012
# Vertices: 4164, normals: 8012, texture coordinates: 0, faces: 8332

