# File generated by ImageToStl.com - Free Image and 3D model conversion tools

o obj1
v 1.0624007 2.25073028 1.79571402
v 1.06181812 2.13699222 1.79566097
v 1.07406497 2.13684797 1.9704653
v 1.07464755 2.25058627 1.97051823
v 1.09042192 2.02189875 1.79356205
v 1.10266888 2.0217545 1.96836638
v 1.18860769 1.8302716 1.78652501
v 1.20085454 1.83012736 1.96132934
v 1.31520867 1.72176921 1.77756584
v 1.32745564 1.72162509 1.95237005
v 1.50791526 1.65124643 1.7640065
v 1.52016211 1.65110219 1.93881071
v 1.7344476 1.60378242 1.74809635
v 1.74669456 1.60363817 1.92290056
v 2.18094087 1.51854229 1.7167443
v 2.19318795 1.51839805 1.89154863
v 2.52035308 1.44531167 1.69290447
v 2.53259993 1.44516754 1.8677088
v 2.9104054 1.32868028 1.66548097
v 2.92265248 1.32853603 1.84028518
v 3.20710015 1.22987175 1.64461279
v 3.21934724 1.22972751 1.81941712
v 3.82619548 0.96831417 1.60102284
v 3.83844256 0.96816999 1.77582705
v 4.45282841 0.68001771 1.55688262
v 4.46507549 0.67987353 1.73168695
v 5.11096764 0.40257299 1.51054418
v 5.12321472 0.40242881 1.68534839
v 5.46545458 0.27586472 1.48560393
v 5.47770166 0.27572054 1.66040826
v 5.89687061 0.15555316 1.45527947
v 5.9091177 0.15540898 1.63008368
v 7.08249331 -0.11296077 1.37199235
v 7.09473991 -0.11310495 1.54679668
v 7.54348326 -0.1883186 1.33963299
v 7.55573034 -0.18846278 1.5144372
v 8.05279636 -0.23073529 1.30391514
v 8.06504345 -0.23087947 1.47871935
v 8.85784054 -0.26636037 1.24748373
v 8.87008667 -0.26650456 1.42228806
v 9.32037926 -0.24503103 1.21509552
v 9.33262634 -0.2451752 1.38989985
v 10.20080757 -0.1938483 1.1534543
v 10.2130537 -0.19399248 1.32825863
v 10.72268677 -0.10373152 1.11696541
v 10.73493385 -0.1038757 1.29176962
v 11.02962875 -0.08221364 1.09547853
v 11.04187584 -0.08235782 1.27028286
v 11.29578972 0.05672251 1.07694578
v 11.3080368 0.05657833 1.25174999
v 11.42858124 0.15787062 1.06772566
v 11.44082832 0.15772644 1.24252999
v 11.46743679 0.34020177 1.06515384
v 11.47968388 0.34005758 1.23995817
v 11.46531391 0.48397291 1.06542122
v 11.477561 0.48382872 1.24022543
v 11.43671036 0.59906644 1.06752014
v 11.44895649 0.59892225 1.24232435
v 11.31842232 0.77344805 1.07595134
v 11.33066845 0.77330387 1.25075555
v 11.07159615 0.91333574 1.09335947
v 11.08384323 0.91319156 1.26816368
v 10.87521648 0.94239342 1.10714197
v 10.88746357 0.94224924 1.28194618
v 10.64230347 0.88987613 1.12341666
v 10.65455055 0.88973194 1.29822099
v 9.9130249 0.79297072 1.17443049
v 9.92527199 0.79282653 1.34923482
v 9.30320072 0.74916005 1.2171191
v 9.31544685 0.74901587 1.39192343
v 8.92164898 0.7334525 1.24383795
v 8.93389606 0.73330832 1.41864216
v 8.4393959 0.74118674 1.27763128
v 8.45164299 0.74104261 1.45243561
v 7.93336868 0.77875954 1.313115
v 7.94561529 0.77861536 1.48791921
v 7.26401424 0.8643797 1.36008108
v 7.27626133 0.86423552 1.53488529
v 6.51869917 1.01510131 1.41242266
v 6.53094625 1.01495707 1.58722699
v 6.1767745 1.09724474 1.43644583
v 6.18902159 1.09710062 1.61125016
v 5.82653904 1.20205808 1.46107006
v 5.83878613 1.20191395 1.63587439
v 5.30872488 1.37681389 1.49749267
v 5.32097149 1.37666965 1.672297
v 4.19230509 1.87668169 1.57612216
v 4.2045517 1.87653744 1.75092638
v 3.89019966 2.03555608 1.5974189
v 3.90244651 2.03541207 1.77222323
v 3.53648567 2.16633344 1.62230825
v 3.54873252 2.16618919 1.79711246
v 3.08206916 2.32055259 1.6542722
v 3.09431601 2.32040834 1.82907641
v 2.74884295 2.42633533 1.67770553
v 2.76109004 2.42619109 1.85250974
v 2.11157537 2.54799628 1.72245324
v 2.12382221 2.54785204 1.89725757
v 1.72596741 2.62161279 1.74952996
v 1.73821437 2.62146854 1.92433417
v 1.52088892 2.62703109 1.76390231
v 1.53313589 2.62688684 1.93870664
v 1.33069289 2.60009193 1.77720547
v 1.34293973 2.59994769 1.95200968
v 1.20601964 2.49739385 1.78585541
v 1.21826649 2.49724984 1.96065974
v 1.09758246 2.39159632 1.79336536
v 1.10982943 2.39145207 1.96816957
v 10.21996689 0.4202995 1.15261853
v 10.22532272 0.4155837 1.15223944
v 10.23193359 0.4097634 1.15177143
v 10.23675919 0.40450355 1.15142906
v 10.24271584 0.3980118 1.15100634
v 10.24695587 0.39226753 1.1507045
v 10.19926167 0.43378863 1.15408027
v 10.19303226 0.43726283 1.15451968
v 10.21277618 0.42538241 1.15312648
v 10.20695019 0.42950073 1.15353811
v 10.18493176 0.44070712 1.15508997
v 10.26903057 0.3500663 1.14912319
v 10.2668047 0.35685521 1.14928472
v 10.27327251 0.33469969 1.14881337
v 10.27177811 0.34168741 1.14892375
v 10.27511597 0.32607543 1.14867699
v 10.25218964 0.38517788 1.15033197
v 10.26025009 0.371407 1.14975595
v 10.25664234 0.37757066 1.1500138
v 10.26387119 0.36336839 1.1494956
v 10.27586079 0.31896809 1.14861906
v 10.17836952 0.44349784 1.15555203
v 10.16312885 0.44813514 1.1566236
v 10.15448475 0.4497852 1.15723062
v 10.17154789 0.44557342 1.15603173
v 10.13871288 0.45184189 1.15833724
v 10.14748192 0.45112216 1.15772235
v 10.13160801 0.45242506 1.15883553
v 10.1244812 0.45224786 1.15933466
v 10.11568546 0.45202911 1.15995073
v 10.10861778 0.45109352 1.16044509
v 10.09296608 0.44825539 1.16153944
v 10.08441448 0.44617775 1.16213679
v 10.09989452 0.44993877 1.16105533
v 10.06300449 0.43767512 1.16362977
v 10.05508423 0.43383247 1.16418147
v 10.07613182 0.44320071 1.1627146
v 10.06942177 0.4407886 1.16318274
v 10.04761696 0.42916766 1.16470087
v 10.04156685 0.4253881 1.16512156
v 10.03595161 0.42098525 1.16551137
v 10.27163029 0.26275679 1.14886904
v 10.27315044 0.269739 1.14876831
v 10.26885128 0.25438797 1.14905679
v 10.26659966 0.24760726 1.14920902
v 10.27502632 0.27835646 1.14864397
v 10.27677917 0.31019616 1.14854741
v 10.27674961 0.29422954 1.14853632
v 10.27676296 0.30137596 1.14854133
v 10.27597809 0.28712499 1.14858449
v 10.25999069 0.23307952 1.14965999
v 10.26294899 0.23958193 1.14945817
v 10.25187874 0.21933818 1.15021706
v 10.25636005 0.22692908 1.14990938
v 10.24661827 0.2122677 1.15057969
v 10.2423563 0.20653895 1.15087366
v 10.23153019 0.19482681 1.15162241
v 10.23637581 0.200069 1.15128732
v 10.22489834 0.18903072 1.15208232
v 10.21952438 0.18433452 1.15245497
v 10.21368313 0.18023749 1.15286076
v 10.19876862 0.17092115 1.153898
v 10.20647335 0.17518091 1.15336168
v 10.19252586 0.16746973 1.15433252
v 10.02902031 0.41555119 1.1659925
v 10.17784023 0.16128832 1.15535629
v 10.18595314 0.16470301 1.15479076
v 10.02440071 0.41105866 1.16631246
v 10.1625824 0.15670674 1.15642154
v 10.16941166 0.15875739 1.15594471
v 10.15393257 0.15508825 1.15702617
v 10.13981724 0.15321968 1.15801358
v 10.14692497 0.1537769 1.15751612
v 10.12391949 0.15273525 1.159127
v 10.13104534 0.15253198 1.15862763
v 10.1151247 0.15298611 1.15974343
v 10.10805988 0.15394753 1.1602391
v 10.09901142 0.15521562 1.16087413
v 10.09934139 0.15513413 1.16085088
v 10.02390289 0.41057494 1.16634691
v 10.01758766 0.40443322 1.16678429
v 10.01195908 0.3976534 1.16717303
v 10.00739861 0.39216015 1.16748798
v 10.00252151 0.38481903 1.16782367
v 9.99856949 0.37887102 1.16809559
v 9.99119854 0.36471641 1.16860032
v 9.98859024 0.35806543 1.16877759
v 9.99527073 0.37253562 1.16832149
v 9.98537064 0.34985673 1.16899645
v 9.98348141 0.34296551 1.16912305
v 9.98115063 0.33446029 1.16927934
v 9.97810364 0.30989474 1.16947258
v 9.9785881 0.3187016 1.16944587
v 9.97973537 0.32575497 1.16937137
v 9.97807693 0.29562214 1.16946268
v 9.97771072 0.30275914 1.16949427
v 9.98103237 0.27104566 1.16923535
v 9.98333168 0.26253197 1.16906726
v 9.97852802 0.28681362 1.16942382
v 9.9799118 0.27810317 1.16931975
v 10.05459213 0.17140405 1.16399956
v 10.06249809 0.16753247 1.16344249
v 10.04714203 0.1760961 1.16452539
v 10.04110622 0.17989776 1.16495132
v 10.0355072 0.18432109 1.16534734
v 10.09079838 0.15724301 1.16145122
v 10.08387661 0.1589517 1.16193759
v 10.07560444 0.16195898 1.16251957
v 10.06890297 0.16439557 1.16299117
v 9.99828339 0.22657159 1.16799009
v 10.00313377 0.21921271 1.16764414
v 9.99096584 0.24075301 1.16851437
v 9.99500847 0.23291899 1.16822481
v 9.98777771 0.24897341 1.16874456
v 9.98519421 0.25563389 1.16893113
v 10.02349854 0.19477531 1.16619718
v 10.01720619 0.20094007 1.16664314
v 10.02859688 0.18978041 1.16583598
v 10.00706387 0.21325029 1.16736388
v 10.01160336 0.20774041 1.1670413
v 10.2757225 0.36410218 1.32432842
v 10.27249718 0.37126282 1.32456028
v 10.26840305 0.37825733 1.32485282
v 10.26443672 0.3850337 1.3251363
v 10.25977421 0.39134902 1.32546818
v 10.25496197 0.39786762 1.32581067
v 10.28402519 0.34154323 1.32372808
v 10.28572083 0.33361357 1.3236028
v 10.28157806 0.34900698 1.32390571
v 10.27905178 0.35671103 1.32408905
v 10.28736305 0.32593125 1.32348132
v 10.21919727 0.42935655 1.32834244
v 10.22580814 0.42468306 1.32787538
v 10.2052784 0.43711865 1.32932389
v 10.21234798 0.43317613 1.32882535
v 10.19806385 0.44018677 1.32983196
v 10.24965668 0.40365034 1.32618713
v 10.23829174 0.41480383 1.32699263
v 10.24418068 0.40961921 1.32657576
v 10.23221397 0.42015532 1.32742286
v 10.19061661 0.44335365 1.33035636
v 10.28820801 0.31786585 1.32341552
v 10.28901196 0.30219513 1.32334626
v 10.28899574 0.29408535 1.32334065
v 10.28902626 0.31005198 1.32335174
v 10.28812122 0.28602311 1.32339525
v 10.28727341 0.27821228 1.3234483
v 10.28387737 0.26261261 1.32367337
v 10.28560257 0.27053601 1.32355905
v 10.27884674 0.24746308 1.32401323
v 10.28140163 0.25515783 1.32384062
v 10.26811695 0.22595583 1.3247472
v 10.26412582 0.21919399 1.32502127
v 10.27223778 0.23293534 1.32446432
v 10.27559471 0.24031428 1.3242352
v 10.25460339 0.20639476 1.32567787
v 10.24927616 0.20063147 1.32604635
v 10.25943947 0.21289575 1.32534444
v 10.23786926 0.18951958 1.32683635
v 10.23177147 0.18419033 1.32725918
v 10.24377728 0.19468263 1.32642674
v 10.15191746 0.45161912 1.33307445
v 10.14385509 0.45228088 1.33363986
v 10.13576794 0.45207977 1.33420634
v 10.12793255 0.45188493 1.33475506
v 10.11991215 0.45082322 1.33531606
v 10.17537498 0.44799095 1.33142793
v 10.18287468 0.44570902 1.33090067
v 10.159729 0.45097798 1.33252668
v 10.16767597 0.4494608 1.33196867
v 10.10427856 0.44788429 1.33640897
v 10.11214161 0.44979459 1.33585966
v 10.08928394 0.44338167 1.33745575
v 10.09666157 0.44603357 1.33694112
v 10.08166885 0.44064441 1.33798707
v 10.0743866 0.43711126 1.3384943
v 10.06733131 0.43368828 1.3389858
v 10.06067944 0.42953297 1.33944845
v 10.05381298 0.42524391 1.33992589
v 10.04744148 0.42024755 1.34036827
v 10.22514248 0.17954104 1.32771981
v 10.21872044 0.17503673 1.32816601
v 10.20477295 0.16732554 1.32913685
v 10.19731331 0.16418588 1.32965684
v 10.21185684 0.17124222 1.3286438
v 10.19008732 0.16114414 1.33016062
v 10.18257904 0.15888964 1.33068478
v 10.17482853 0.15656255 1.33122587
v 10.16712379 0.15512085 1.33176446
v 10.15917206 0.15363272 1.33232033
v 10.11158848 0.15498994 1.33565521
v 10.11125755 0.15507156 1.33567846
v 10.0412674 0.415407 1.34079683
v 10.0366478 0.41091433 1.34111679
v 10.15110588 0.1530004 1.33288491
v 10.14329243 0.1523878 1.33343184
v 10.1193552 0.15393296 1.33511019
v 10.13520527 0.15261847 1.33399868
v 10.12737083 0.15284193 1.33454776
v 10.01964569 0.39201596 1.34229231
v 10.01530075 0.38547665 1.34259129
v 10.01081657 0.37872684 1.34289992
v 10.02983475 0.40428904 1.34158862
v 10.02482033 0.39824972 1.34193492
v 10.03546047 0.40975997 1.34119892
v 10.00707245 0.37153745 1.34315634
v 10.00344563 0.36457223 1.34340465
v 10.00048542 0.3570247 1.34360588
v 9.99547386 0.34189239 1.34394443
v 9.99761772 0.34971255 1.34380078
v 9.99339771 0.3343161 1.34408367
v 9.99213696 0.3265616 1.34416568
v 9.99040318 0.31071246 1.34427404
v 9.99083519 0.31855741 1.3442502
v 9.99037266 0.29451591 1.34426284
v 9.98995781 0.30261496 1.3442986
v 9.99077511 0.28666943 1.34422815
v 9.99200726 0.27891034 1.3441354
v 9.99327946 0.27090147 1.34403968
v 9.995327 0.26331764 1.34388995
v 10.00321293 0.24060883 1.3433187
v 10.00037289 0.24793141 1.34352374
v 10.01053047 0.22642741 1.34279442
v 10.006814 0.23363045 1.34306073
v 9.99744034 0.25548971 1.34373546
v 10.01931 0.21310611 1.34216821
v 10.01485062 0.21987227 1.34248626
v 10.0244627 0.20685351 1.34180212
v 10.02945328 0.20079589 1.34144747
v 10.03505802 0.19530445 1.34105027
v 10.04084396 0.18963623 1.34064019
v 10.04699898 0.18477318 1.34020495
v 10.10397816 0.1568685 1.33618999
v 10.09612274 0.15880752 1.33674192
v 10.08875465 0.16148634 1.33726037
v 10.06683922 0.17125987 1.33880377
v 10.0602026 0.17543945 1.33927226
v 10.05335331 0.17975357 1.33975565
v 10.08115005 0.16425139 1.33779538
v 10.07388115 0.16781114 1.33830762
v 7.51783848 0.34188625 1.34186697
v 7.52113724 0.34822163 1.34164107
v 7.52520895 0.35604084 1.34136236
v 7.53008652 0.36338192 1.34102666
v 7.53403854 0.36932996 1.34075463
v 7.53859901 0.37482321 1.34043968
v 7.50967932 0.31852132 1.34241939
v 7.50779057 0.3116301 1.34254599
v 7.5120101 0.32702655 1.3422631
v 7.5152297 0.33523524 1.34204423
v 7.50637484 0.30292478 1.34263802
v 7.57567358 0.40722269 1.33786893
v 7.56820583 0.40255791 1.33838832
v 7.58172417 0.41100228 1.33744812
v 7.58964396 0.41484493 1.33689642
v 7.59606123 0.41795841 1.33644938
v 7.54422712 0.38160303 1.34005094
v 7.55054283 0.38774475 1.33961356
v 7.56127501 0.39712384 1.33886933
v 7.55565977 0.392721 1.33925915
v 7.60434389 0.42093545 1.33587158
v 7.50522757 0.29587141 1.34271252
v 7.50480175 0.27112043 1.34272206
v 7.50516796 0.26398343 1.34269047
v 7.50483465 0.28873581 1.34273422
v 7.50435019 0.27992895 1.34276092
v 7.50655079 0.25527298 1.3425864
v 7.50953436 0.24131738 1.34236586
v 7.50767183 0.24821545 1.342502
v 7.5150218 0.22458331 1.34196758
v 7.51183367 0.23280372 1.34219778
v 7.52977371 0.19638254 1.34091079
v 7.52492332 0.2037414 1.34125674
v 7.51760578 0.21792284 1.34178102
v 7.52088118 0.21157542 1.34154642
v 7.53930569 0.18361977 1.34023249
v 7.54384565 0.17810988 1.33990979
v 7.53370333 0.19042011 1.34063053
v 7.55523634 0.16695023 1.33910263
v 7.56214666 0.1614909 1.33861399
v 7.548944 0.17311497 1.33954847
v 7.65112066 0.42941767 1.33260131
v 7.64232492 0.42919892 1.33321738
v 7.67412186 0.42829198 1.330989
v 7.66535282 0.4290117 1.33160388
v 7.65824747 0.42959487 1.33210218
v 7.61105442 0.42334756 1.33540344
v 7.62653399 0.42710859 1.33432198
v 7.61798286 0.42503095 1.33491945
v 7.63360167 0.4280442 1.33382761
v 7.68976831 0.42530495 1.32989025
v 7.68276501 0.42664188 1.33038199
v 7.70500898 0.42066765 1.32881868
v 7.69818735 0.42274323 1.32929838
v 7.71157169 0.41787693 1.32835662
v 7.71967173 0.41443264 1.32778633
v 7.72590113 0.41095844 1.32734692
v 7.73358965 0.40667054 1.32680476
v 7.74078035 0.40158764 1.32629681
v 7.74660635 0.39746931 1.32588518
v 7.75196266 0.39275351 1.32550609
v 7.56774569 0.15706757 1.33821797
v 7.57519579 0.15237552 1.33769214
v 7.58763742 0.14543696 1.33681476
v 7.58123207 0.14857386 1.33726621
v 7.59554291 0.14156538 1.3362577
v 7.61051559 0.13612151 1.33520424
v 7.60381413 0.1385581 1.33567584
v 7.61905909 0.13401262 1.33460391
v 7.62598133 0.13230394 1.33411753
v 7.6330452 0.13134252 1.33362186
v 7.75857306 0.38693324 1.32503808
v 7.76935482 0.37518162 1.32427311
v 7.76339865 0.3816734 1.32469571
v 7.77020073 0.37403554 1.32421279
v 7.65055895 0.12990506 1.33239365
v 7.65768528 0.12970179 1.33189428
v 7.64176416 0.13015592 1.33301008
v 7.66479254 0.13025901 1.3313967
v 7.672153 0.13083608 1.33088148
v 7.79978991 0.2469088 1.32203496
v 7.79827023 0.23992661 1.32213569
v 7.79549074 0.23155779 1.32232344
v 7.80166626 0.25552627 1.32191062
v 7.80261755 0.2642948 1.32185113
v 7.80338907 0.27139935 1.32180297
v 7.78299952 0.2040989 1.32317603
v 7.78663015 0.21024933 1.32292664
v 7.77851868 0.19650799 1.32348371
v 7.79323912 0.22477707 1.32247567
v 7.78958845 0.21675174 1.32272482
v 7.77425623 0.19077924 1.32377756
v 7.80340242 0.27854577 1.32180798
v 7.80341864 0.28736597 1.32181406
v 7.80249977 0.2961379 1.3218857
v 7.80175543 0.30324525 1.32194376
v 7.79991198 0.3118695 1.32208002
v 7.79841805 0.31885722 1.3221904
v 7.79344416 0.33402503 1.32255137
v 7.79051018 0.3405382 1.32276225
v 7.79619169 0.3256461 1.32235193
v 7.78688955 0.34857681 1.3230226
v 7.70447969 0.13845813 1.32862294
v 7.7125926 0.14187282 1.32805741
v 7.72540808 0.14809096 1.32716465
v 7.73311281 0.15235072 1.32662845
v 7.7191658 0.14463954 1.32759917
v 7.67356443 0.13094671 1.33078277
v 7.68221331 0.1325652 1.33017814
v 7.68922138 0.13387655 1.32968819
v 7.69605064 0.1359272 1.32921147
v 7.73895407 0.15644775 1.32622254
v 7.76899576 0.18370876 1.32414031
v 7.76301575 0.17723881 1.32455397
v 7.7832818 0.35474047 1.32328045
v 7.77882957 0.36234769 1.32359862
v 7.74616385 0.16150433 1.32572162
v 7.75279617 0.16730042 1.32526171
v 7.77359581 0.36943734 1.32397115
v 7.75817013 0.17199662 1.32488906
v 7.59397125 0.41085809 1.51225233
v 7.5871048 0.40656903 1.51272988
v 7.58045292 0.40241373 1.51319253
v 7.57427931 0.39757317 1.51362097
v 7.56790686 0.39257681 1.51406336
v 7.56209993 0.38692978 1.51446557
v 7.61568594 0.42046613 1.51073897
v 7.62330151 0.42320338 1.51020765
v 7.60830832 0.41781422 1.5112536
v 7.60102606 0.41428107 1.51176095
v 7.6311636 0.42511368 1.50965834
v 7.53382921 0.34893146 1.51641488
v 7.53745604 0.35589665 1.51616657
v 7.53008509 0.34174207 1.51667118
v 7.52712488 0.33419451 1.51687241
v 7.52425718 0.32688236 1.51706731
v 7.55647421 0.38145885 1.51485515
v 7.54628563 0.36918578 1.51555884
v 7.55146027 0.37541953 1.51520145
v 7.5418005 0.36243597 1.51586747
v 7.52218056 0.31930608 1.51720655
v 7.63878107 0.4269644 1.50912619
v 7.64680099 0.42802614 1.50856519
v 7.65457153 0.42905474 1.50802159
v 7.66240692 0.42924958 1.50747287
v 7.6785574 0.42878893 1.50634098
v 7.67049456 0.42945069 1.50690639
v 7.68636894 0.42814779 1.50579321
v 7.69406796 0.42667794 1.50525248
v 7.70201492 0.42516077 1.50469446
v 7.70951462 0.42287883 1.5041672
v 7.71725607 0.42052346 1.50362289
v 7.72470331 0.41735658 1.50309849
v 7.73191833 0.41428846 1.50259054
v 7.75224161 0.40199861 1.50115645
v 7.75885344 0.39732513 1.50068939
v 7.73898792 0.41034594 1.50209188
v 7.74583673 0.40652636 1.50160897
v 7.7649312 0.39197364 1.50025916
v 7.77082014 0.38678905 1.49984229
v 7.77629614 0.38082018 1.49945378
v 7.51699924 0.27193832 1.51753044
v 7.51659679 0.27978477 1.51756513
v 7.51864672 0.25608015 1.51740193
v 7.51741457 0.26383924 1.51749468
v 7.51991892 0.24807127 1.51730621
v 7.52003765 0.31148592 1.5173502
v 7.51877642 0.30373141 1.51743221
v 7.51702881 0.28762972 1.51754141
v 7.51747465 0.29572722 1.51751685
v 7.52408028 0.23265953 1.51700199
v 7.52203226 0.24024335 1.51715171
v 7.52985287 0.21777865 1.51658523
v 7.5269208 0.22533695 1.51679695
v 7.53356934 0.21057561 1.51631892
v 7.53717041 0.20359722 1.51606095
v 7.54149055 0.19704208 1.51575279
v 7.55094099 0.18421832 1.51508009
v 7.54594994 0.19027592 1.51543486
v 7.55609274 0.1779657 1.514714
v 7.5618782 0.17229749 1.51430404
v 7.56748343 0.16680604 1.51390684
v 7.57363892 0.16194299 1.51347148
v 7.58662891 0.1527438 1.51255381
v 7.57999277 0.15692338 1.5130223
v 7.78160191 0.37503743 1.4990772
v 7.60074759 0.14486994 1.51155818
v 7.59347916 0.14842968 1.51207042
v 7.78244781 0.37389144 1.499017
v 7.6151576 0.13874239 1.51054358
v 7.60778999 0.1414212 1.51106191
v 7.630373 0.13409878 1.50947368
v 7.62276268 0.13597733 1.51000845
v 7.63822842 0.13215975 1.50892174
v 7.65401077 0.13001174 1.50781429
v 7.64624453 0.13106874 1.50835931
v 7.66184521 0.12978828 1.50726521
v 7.67799711 0.13018994 1.50613391
v 7.66993189 0.12955761 1.50669849
v 7.68440008 0.1306919 1.50568569
v 7.76431894 0.16652319 1.50011611
v 7.77041721 0.17185244 1.49969327
v 7.77591562 0.17780128 1.499313
v 7.75841093 0.16136014 1.50052583
v 7.75198841 0.15685585 1.50097203
v 7.7453599 0.15220654 1.50143266
v 7.79475689 0.20312564 1.49801373
v 7.79076576 0.19636381 1.49828792
v 7.79887724 0.21010515 1.49773085
v 7.78124285 0.18356457 1.49894452
v 7.78592873 0.18986282 1.49862134
v 7.8022337 0.21748409 1.49750185
v 7.70146847 0.13373236 1.5044924
v 7.69351578 0.13224424 1.50504839
v 7.68581104 0.13080253 1.50558698
v 7.7092185 0.13605945 1.50395143
v 7.73141241 0.14449535 1.50240338
v 7.72395325 0.14135569 1.50292337
v 7.73849678 0.14841203 1.50191033
v 7.71672678 0.13831395 1.50342715
v 7.81484699 0.29503566 1.49668205
v 7.81566572 0.28722179 1.49661827
v 7.81563568 0.27125517 1.49660718
v 7.81476068 0.26319292 1.4966619
v 7.81565094 0.27936494 1.49661279
v 7.81236029 0.31078339 1.49686933
v 7.81400251 0.30310106 1.49674785
v 7.81066513 0.31871304 1.49699461
v 7.80813837 0.32641706 1.49717796
v 7.80569077 0.33388084 1.49735558
v 7.80236197 0.341272 1.49759495
v 7.81391287 0.25538209 1.49671483
v 7.81224203 0.24770582 1.49682558
v 7.81051683 0.23978242 1.4969399
v 7.8054862 0.22463289 1.49727988
v 7.8080411 0.23232764 1.49710715
v 7.79913664 0.34843263 1.49782681
v 7.79504251 0.35542715 1.49811935
v 7.79107666 0.36220351 1.49840283
v 7.78641415 0.36851883 1.49873471
v 3.05170584 1.80701447 1.65597594
v 3.05658364 1.81435549 1.65564024
v 3.06053567 1.82030356 1.65536821
v 3.06509614 1.82579672 1.65505326
v 3.07072449 1.83257663 1.65466452
v 3.04433537 1.79285991 1.65648055
v 3.04111576 1.78465116 1.65669942
v 3.04763436 1.79919529 1.65625465
v 3.03850722 1.77800012 1.65687668
v 3.10217094 1.85819626 1.65248251
v 3.0947032 1.85353148 1.65300179
v 3.11463857 1.8650893 1.65161467
v 3.10822129 1.86197591 1.6520617
v 3.12255836 1.86893201 1.65106297
v 3.07584143 1.83755291 1.65431011
v 3.08215666 1.84369469 1.65387273
v 3.08777237 1.84809756 1.65348291
v 3.13084078 1.87190902 1.65048516
v 3.03661871 1.77110887 1.65700328
v 3.03428769 1.76260376 1.65715957
v 3.03287172 1.75389838 1.6572516
v 3.03123975 1.73803818 1.65735292
v 3.03172469 1.74684501 1.65732622
v 3.03121305 1.72376561 1.65734303
v 3.03166485 1.714957 1.65730405
v 3.03084707 1.73090255 1.6573745
v 3.03304815 1.70624661 1.65719998
v 3.03416872 1.69918907 1.65711558
v 3.03646779 1.69067538 1.65694749
v 3.03833055 1.68377733 1.65681136
v 3.04410291 1.66889644 1.6563946
v 3.04091406 1.67711687 1.65662479
v 3.04737806 1.66254902 1.65616
v 3.05142045 1.65471506 1.65587032
v 3.0562706 1.64735615 1.65552437
v 3.20926213 1.87761545 1.64499557
v 3.20061898 1.87926555 1.64560258
v 3.22468448 1.87371683 1.64391196
v 3.2162652 1.87627852 1.64450383
v 3.1847446 1.8805685 1.64671576
v 3.17761779 1.88039124 1.64721489
v 3.19184971 1.87998533 1.64621747
v 3.16882181 1.88017261 1.64783096
v 3.23806882 1.86885059 1.6429702
v 3.23150587 1.87164128 1.64343226
v 3.25385737 1.86111832 1.64185762
v 3.24616861 1.86540627 1.64239991
v 3.26008701 1.8576442 1.64141834
v 3.26591277 1.85352576 1.64100671
v 3.27971411 1.84262264 1.64003086
v 3.27310324 1.84844291 1.64049876
v 3.28507018 1.83790684 1.63965166
v 3.16009903 1.87901783 1.6484412
v 3.14447999 1.87600458 1.64953303
v 3.13755155 1.87432122 1.65001702
v 3.15303111 1.87808228 1.64893556
v 3.06580329 1.63459337 1.65484595
v 3.07034278 1.62908351 1.65452337
v 3.06020021 1.64139378 1.65524423
v 3.07663512 1.62291873 1.65407753
v 3.08173323 1.61792386 1.65371621
v 3.28834486 1.83433783 1.63941932
v 3.08733249 1.61350048 1.65332031
v 3.09424281 1.60804117 1.65283167
v 3.1077292 1.59954751 1.65187979
v 3.11148334 1.59770894 1.65161526
v 3.10169291 1.60334909 1.65230584
v 3.32628703 1.69788241 1.63664854
v 3.32476711 1.69090021 1.63674927
v 3.32251525 1.68411946 1.63690138
v 3.32816315 1.70649993 1.6365242
v 3.32988596 1.72237301 1.63641655
v 3.32989931 1.72951937 1.63642156
v 3.32911491 1.71526837 1.63646472
v 3.32991576 1.73833954 1.63642764
v 3.31973624 1.67575073 1.63708925
v 3.31608558 1.66772532 1.6373384
v 3.30949688 1.65507245 1.63778949
v 3.31312752 1.66122293 1.63754022
v 3.29975533 1.64041114 1.63845992
v 3.3050158 1.64748168 1.63809717
v 3.3053267 1.81332135 1.6382122
v 3.30977917 1.80571401 1.63789403
v 3.31338692 1.79955041 1.63763618
v 3.28989625 1.83264697 1.63930929
v 3.30009294 1.82041097 1.63858473
v 3.29585218 1.8261553 1.63888657
v 3.32640886 1.76284301 1.6366936
v 3.32491517 1.76983082 1.63680398
v 3.32899714 1.74711144 1.63649929
v 3.32825255 1.75421882 1.63655722
v 3.31994104 1.78499866 1.63716495
v 3.31700754 1.79151177 1.63737583
v 3.32268882 1.77661967 1.63696551
v 3.28951263 1.62821245 1.63916743
v 3.29549313 1.63468242 1.63875389
v 3.28466725 1.62297022 1.63950264
v 3.27266073 1.6124779 1.6403352
v 3.27803469 1.61717403 1.63996255
v 3.25960994 1.60332429 1.64124191
v 3.26681948 1.60838091 1.64074099
v 3.24566269 1.59561312 1.64221275
v 3.2519052 1.59906459 1.64177823
v 3.23908949 1.59284639 1.64267099
v 3.23097682 1.58943176 1.64323652
v 3.21571875 1.58485019 1.64430177
v 3.22254801 1.58690083 1.64382505
v 3.2070694 1.58323169 1.6449064
v 3.20006132 1.58192039 1.64539635
v 3.19295406 1.5813632 1.64589381
v 3.16826105 1.58112955 1.64762366
v 3.17538714 1.5809263 1.64712417
v 3.16119695 1.58209097 1.64811933
v 3.18418217 1.58067548 1.64650786
v 3.14393497 1.5853864 1.64933145
v 3.15247822 1.58327758 1.64873111
v 3.13031125 1.58953178 1.65028942
v 3.13701296 1.58709514 1.64981782
v 3.11413455 1.59641063 1.65142834
v 3.12204003 1.59253895 1.65087128
v 3.15766072 1.87608731 1.82427192
v 3.14979839 1.87417698 1.82482123
v 3.14218307 1.8714397 1.82535255
v 3.1348052 1.86878777 1.82586718
v 3.1277504 1.86536479 1.82635868
v 3.1732986 1.87899983 1.82317877
v 3.18106866 1.88002837 1.82263517
v 3.1652782 1.87793803 1.82373977
v 3.18890405 1.88022316 1.82208645
v 3.08877802 1.83807945 1.82906663
v 3.09440374 1.84355044 1.82867694
v 3.07795763 1.82639313 1.82981503
v 3.08297133 1.83243239 1.82946873
v 3.12046838 1.86183167 1.82686591
v 3.11360216 1.85754263 1.82734346
v 3.10077643 1.84854686 1.82823455
v 3.10695004 1.85338736 1.82780612
v 3.07278252 1.82015932 1.83017242
v 3.21286583 1.87912142 1.82040679
v 3.22056508 1.87765157 1.81986618
v 3.19699144 1.88042426 1.82151997
v 3.20505452 1.87976253 1.82095456
v 3.22851205 1.8761344 1.81930804
v 3.23601174 1.87385249 1.81878078
v 3.24375296 1.87149704 1.81823647
v 3.25120044 1.86833012 1.81771207
v 3.25841546 1.86526203 1.81720412
v 3.26526451 1.86144245 1.81672108
v 3.27233386 1.85749996 1.81622255
v 3.27894521 1.85282648 1.81575549
v 3.28535032 1.84829867 1.81530297
v 3.29731727 1.83776259 1.81445587
v 3.30059171 1.83419359 1.81422353
v 3.29123902 1.84311414 1.81488621
v 3.05371428 1.78540349 1.83147967
v 3.05658221 1.79271567 1.83128488
v 3.04653478 1.76245952 1.83196378
v 3.04861093 1.77003574 1.83182454
v 3.05075407 1.77785599 1.83168089
v 3.06395292 1.80687022 1.83078015
v 3.06829762 1.81340957 1.83048105
v 3.06032586 1.79990506 1.83102846
v 3.04397154 1.74670076 1.83213043
v 3.0452733 1.75470495 1.83204579
v 3.04309392 1.73075831 1.83217871
v 3.04353976 1.73885584 1.83215415
v 3.04350924 1.72265935 1.83214295
v 3.04391193 1.71481287 1.83210826
v 3.04514408 1.70705378 1.83201551
v 3.04641581 1.69904482 1.83191979
v 3.04846358 1.69146109 1.83177006
v 3.05350924 1.67607486 1.83140385
v 3.0505774 1.68363309 1.83161557
v 3.06006646 1.66154921 1.8309325
v 3.05634975 1.66875219 1.83119881
v 3.0636673 1.65457082 1.83067453
v 3.06798768 1.64801574 1.83036637
v 3.07244706 1.64124954 1.83004844
v 3.07743812 1.63519192 1.82969368
v 3.08819485 1.6234479 1.82893038
v 3.08258986 1.62893927 1.82932758
v 3.09398031 1.61777961 1.82852042
v 3.10033417 1.61276007 1.82807112
v 3.11312604 1.60371745 1.82716739
v 3.10648966 1.60789692 1.82763588
v 3.12373042 1.5975647 1.82641947
v 3.11997604 1.59940326 1.826684
v 3.3027935 1.83179379 1.81406736
v 3.30809903 1.82601106 1.81369078
v 3.31291127 1.81949246 1.81334829
v 3.31757379 1.81317711 1.81301641
v 3.32153988 1.80640078 1.81273305
v 3.32563376 1.79940617 1.8124404
v 3.32885885 1.79224563 1.81220853
v 3.33218789 1.78485441 1.81196928
v 3.3346355 1.7773906 1.81179154
v 3.33716202 1.76968658 1.8116082
v 3.33885717 1.7617569 1.81148291
v 3.34049964 1.75407457 1.81136155
v 3.34134436 1.74600923 1.81129563
v 3.34214807 1.73033857 1.81122649
v 3.34213281 1.72222877 1.81122088
v 3.34216285 1.73819542 1.81123185
v 3.34125781 1.71416652 1.81127548
v 3.34040999 1.70635569 1.81132841
v 3.33873892 1.69867945 1.81143916
v 3.33445883 1.68306124 1.81172621
v 3.33198309 1.67560649 1.81189346
v 3.32873106 1.66845763 1.81211543
v 3.33701396 1.69075596 1.81155348
v 3.32537436 1.66107869 1.81234455
v 3.32125425 1.65409923 1.81262743
v 3.31726265 1.64733744 1.8129015
v 3.31257677 1.64103925 1.81322455
v 3.1647253 1.58313334 1.82353544
v 3.17249155 1.58207631 1.82299042
v 3.1805079 1.58098531 1.82242787
v 3.20424294 1.58114386 1.82076514
v 3.21230817 1.58177614 1.82020056
v 3.19642901 1.58053124 1.82131207
v 3.18859458 1.58075476 1.82186115
v 3.12724495 1.59584355 1.82617176
v 3.13428688 1.59239483 1.82567561
v 3.15711498 1.58501196 1.8240701
v 3.14925981 1.5869509 1.82462204
v 3.14165473 1.58971596 1.82515717
v 3.27827907 1.60768449 1.81560004
v 3.27185702 1.60318017 1.81604624
v 3.28490782 1.61233377 1.81513941
v 3.30773997 1.63453817 1.8135581
v 3.30241275 1.62877488 1.81392658
v 3.2969141 1.62282598 1.81430686
v 3.29100609 1.61766291 1.81471658
v 3.24322367 1.58928752 1.81804085
v 3.23571563 1.58703303 1.81856501
v 3.22796559 1.58470595 1.81910598
v 3.22026086 1.58326423 1.81964469
v 3.26499367 1.59938562 1.81652391
v 3.25790954 1.59546888 1.81701708
v 3.25045037 1.59232926 1.81753707
v 2.24413848 1.9373126 1.7126621
v 2.24227595 1.94421065 1.71279824
v 2.23997688 1.95272434 1.71296632
v 2.23885608 1.95978189 1.71305072
v 2.23747277 1.96849239 1.71315479
v 2.23702121 1.97730088 1.71319366
v 2.25395322 1.91459775 1.71195567
v 2.25722837 1.90825033 1.71172106
v 2.24991083 1.92243171 1.71224535
v 2.24672222 1.93065214 1.71247554
v 2.26207852 1.90089142 1.71137512
v 2.236655 1.98443794 1.71322525
v 2.23704791 1.99157357 1.71320355
v 2.23753262 2.00038028 1.71317685
v 2.24009562 2.01613903 1.71301031
v 2.23867989 2.00743365 1.71310234
v 2.24431515 2.03153539 1.71272743
v 2.24242663 2.02464414 1.71285403
v 2.24753475 2.03974414 1.71250856
v 2.25014329 2.04639506 1.7123313
v 2.33454967 1.8436377 1.70625055
v 2.34282088 1.84063041 1.70566857
v 2.3214426 1.84921122 1.70717347
v 2.32784796 1.84607434 1.70672202
v 2.31353712 1.85308278 1.70773041
v 2.37406898 1.83466482 1.7034744
v 2.37862134 1.834535 1.7031554
v 2.36700487 1.83562624 1.70397007
v 2.34974289 1.83892167 1.70518219
v 2.35828638 1.83681285 1.70458186
v 2.2761507 1.88261878 1.71037412
v 2.28244305 1.876454 1.70992827
v 2.26600814 1.89492905 1.71109486
v 2.27054787 1.88941908 1.71077228
v 2.30005074 1.86157644 1.7086823
v 2.30608702 1.85777473 1.70825624
v 2.29445171 1.8659997 1.70907831
v 2.51733327 2.05626631 1.69361997
v 2.51558709 2.0592494 1.69374478
v 2.28754139 1.87145913 1.70956695
v 2.257514 2.06054974 1.71182656
v 2.254215 2.05421448 1.71205258
v 2.26634359 2.07383895 1.71121895
v 2.26146603 2.0664978 1.71155465
v 2.27653241 2.08611202 1.71051526
v 2.27090406 2.07933211 1.710904
v 2.28284788 2.09225368 1.71007788
v 2.30051112 2.10706687 1.70885253
v 2.29489565 2.10266399 1.70924234
v 2.28796482 2.09722996 1.70972347
v 2.31402922 2.11551118 1.70791245
v 2.30656171 2.11084628 1.70843184
v 2.32836628 2.12246728 1.70691371
v 2.32044649 2.11862469 1.70746541
v 2.33664894 2.12544441 1.7063359
v 2.34335947 2.12785649 1.70586777
v 2.35028791 2.12953997 1.70538378
v 2.36756206 2.13277221 1.70417619
v 2.35883904 2.13161755 1.7047863
v 2.37462974 2.13370776 1.70368171
v 2.38342571 2.13392639 1.70306563
v 2.49087811 2.09144211 1.6955024
v 2.48426747 2.09726238 1.69597042
v 2.46589494 2.11117959 1.69726908
v 2.45820642 2.11546731 1.69781125
v 2.47172093 2.10706115 1.69685757
v 2.4789114 2.1019783 1.6963495
v 2.50590086 2.07394624 1.6944356
v 2.51113462 2.06685662 1.69406295
v 2.49570417 2.08618212 1.69516003
v 2.50166011 2.07969046 1.69473743
v 2.41342998 2.13146377 1.70096159
v 2.40642691 2.13280082 1.70145333
v 2.39055252 2.13410378 1.7025665
v 2.39932179 2.13338399 1.7019515
v 2.44541383 2.12173223 1.69871271
v 2.43731403 2.12517667 1.699283
v 2.45197654 2.11894155 1.69825065
v 2.4304924 2.1272521 1.6997627
v 2.42207313 2.12981391 1.70035458
v 2.53492284 1.96880364 1.69231546
v 2.53397107 1.9600352 1.69237494
v 2.53209519 1.95141768 1.69249928
v 2.53569388 1.97590828 1.6922673
v 2.53570747 1.98305464 1.69227231
v 2.53572392 1.99187493 1.69227839
v 2.53057504 1.94443548 1.69260001
v 2.52779579 1.93606675 1.69278777
v 2.5218935 1.92126071 1.69318914
v 2.52554417 1.929286 1.69294
v 2.51893544 1.91475832 1.69339097
v 2.52849674 2.03015494 1.69281638
v 2.52574897 2.03853393 1.69301569
v 2.51919484 2.0530858 1.69348693
v 2.52281547 2.04504704 1.6932267
v 2.53480506 2.00064683 1.69235003
v 2.53221703 2.0163784 1.69254434
v 2.53072309 2.02336621 1.69265473
v 2.53406072 2.00775409 1.69240808
v 2.5153048 1.90860784 1.69364035
v 2.50130105 1.88821769 1.69460464
v 2.50656152 1.89528811 1.69424188
v 2.49532056 1.88174772 1.69501829
v 2.49047518 1.87650561 1.69535339
v 2.51082373 1.90101695 1.69394803
v 2.47846889 1.86601329 1.69618595
v 2.48384261 1.87070942 1.6958133
v 2.47262764 1.86191618 1.69659173
v 2.4654181 1.85685968 1.69709277
v 2.45917535 1.85340822 1.69752729
v 2.45147061 1.84914851 1.69806349
v 2.44489741 1.84638178 1.69852173
v 2.43678474 1.84296703 1.69908738
v 2.42152667 1.83838546 1.70015252
v 2.42835593 1.8404361 1.6996758
v 2.41287732 1.83676696 1.70075715
v 2.39709759 1.83476794 1.70186102
v 2.40586925 1.83545566 1.7012471
v 2.38999009 1.83421075 1.7023586
v 2.38286424 1.83441401 1.70285797
v 2.31914759 1.85711813 1.88300323
v 2.32578421 1.85293853 1.88253474
v 2.33282614 1.84948981 1.88203859
v 2.3400948 1.8459301 1.88152635
v 2.34769988 1.84316504 1.88099122
v 2.35506773 1.84048617 1.8804729
v 2.31229758 1.86143231 1.88348663
v 2.29978824 1.87131488 1.88437128
v 2.29400277 1.87698317 1.88478124
v 2.30594397 1.86645186 1.88393593
v 2.28839779 1.88247454 1.88517845
v 2.36292291 1.83854723 1.87992096
v 2.37829947 1.83561158 1.87884116
v 2.37053323 1.83666861 1.87938619
v 2.39086843 1.83439076 1.87795961
v 2.38631582 1.83452058 1.87827873
v 2.27825499 1.89478481 1.88589919
v 2.2737956 1.90155101 1.88621724
v 2.28340673 1.88853216 1.88553309
v 2.26947522 1.90810609 1.88652527
v 2.26575851 1.91530919 1.88679171
v 2.26215768 1.92228758 1.88704967
v 2.2593174 1.92961013 1.88725471
v 2.25638556 1.93716848 1.88746643
v 2.25427175 1.94499636 1.88762093
v 2.25222373 1.95258021 1.88777065
v 2.24931741 1.97619462 1.88799381
v 2.24890208 1.9842937 1.88802958
v 2.25095201 1.96058905 1.88786638
v 2.24971986 1.96834815 1.88795912
v 2.25108147 2.00824022 1.88789666
v 2.2497797 2.00023603 1.88798118
v 2.2523427 2.01599479 1.88781464
v 2.24934769 1.99239123 1.88800502
v 2.25656223 2.03139114 1.88753176
v 2.25942993 2.0387032 1.88733685
v 2.25441909 2.02357101 1.8876754
v 2.2660172 2.05321622 1.88688731
v 2.26976085 2.06040549 1.88663089
v 2.26239014 2.04625106 1.88713562
v 2.52338171 2.06671238 1.86886728
v 2.5273478 2.05993605 1.8685838
v 2.51390696 2.07954621 1.86954165
v 2.5187192 2.07302761 1.86919916
v 2.52958012 2.05612206 1.8684243
v 2.41061091 2.13331842 1.87682295
v 2.41867399 2.13265657 1.87625754
v 2.42662096 2.13113952 1.87569952
v 2.43432021 2.12966967 1.87515891
v 2.50860143 2.08532906 1.86991811
v 2.49723649 2.09648252 1.87072361
v 2.50312519 2.09129786 1.87030673
v 2.48475313 2.10636187 1.87160635
v 2.49115825 2.10183406 1.87115383
v 2.47814178 2.11103535 1.87207341
v 2.44956088 2.12503242 1.87408733
v 2.45677614 2.12196422 1.87357926
v 2.44181967 2.12738776 1.87463164
v 2.47129297 2.11485481 1.87255633
v 2.46422362 2.1187973 1.87305486
v 2.30638552 2.10192633 1.88409925
v 2.30021167 2.09708571 1.8845278
v 2.31962419 2.11121178 1.88317943
v 2.3262763 2.11536694 1.88271677
v 2.31275797 2.10692263 1.88365686
v 2.27424574 2.06715536 1.88632226
v 2.27859068 2.07369471 1.88602328
v 2.28877926 2.08596778 1.88531959
v 2.29440498 2.09143877 1.8849299
v 2.28376579 2.0799284 1.88566589
v 2.37108612 2.1314733 1.87959063
v 2.37885642 2.13250184 1.87904704
v 2.39471197 2.13375831 1.87793732
v 2.40279937 2.13395953 1.87737083
v 2.38687682 2.13356352 1.87848604
v 2.34061313 2.12232304 1.88171804
v 2.34799123 2.12497497 1.88120329
v 2.33355832 2.11890006 1.88220954
v 2.35560656 2.12771225 1.8806721
v 2.36346889 2.1296227 1.88012278
v 2.53144169 2.05294156 1.86829126
v 2.53466702 2.0457809 1.8680594
v 2.53799605 2.03838968 1.86782002
v 2.54044342 2.03092599 1.8676424
v 2.54296994 2.02322197 1.86745906
v 2.54466534 2.01529217 1.86733377
v 2.54715228 1.9995445 1.86714649
v 2.54797077 1.99173069 1.86708272
v 2.54630756 2.00760984 1.8672123
v 2.54795623 1.98387384 1.86707723
v 2.54794097 1.97576404 1.86707163
v 2.54621816 1.95989096 1.86717927
v 2.54454708 1.95221472 1.86729002
v 2.54706573 1.96770179 1.86712623
v 2.54034638 1.9368366 1.86757159
v 2.54282212 1.94429135 1.86740434
v 2.53118229 1.91461408 1.8681953
v 2.52706218 1.90763462 1.86847818
v 2.53453898 1.92199302 1.86796618
v 2.53779101 1.92914176 1.86774433
v 2.42606902 1.8367995 1.87549543
v 2.43377352 1.83824122 1.87495685
v 2.44152355 1.8405683 1.87441576
v 2.44903159 1.84282279 1.87389159
v 2.4562583 1.84586465 1.87338781
v 2.3941505 1.83429718 1.87772965
v 2.40223718 1.83406651 1.87716281
v 2.4103024 1.8346988 1.87659836
v 2.41811633 1.83531141 1.87605143
v 2.50272202 1.87636137 1.87015772
v 2.49681401 1.8711983 1.87056732
v 2.50822067 1.88231015 1.86977732
v 2.51823378 1.89437175 1.86908579
v 2.5135479 1.88807344 1.86940885
v 2.52307057 1.90087271 1.86875224
v 2.47058082 1.85279882 1.87239015
v 2.47766495 1.85671544 1.87189698
v 2.46371746 1.84900427 1.87286782
v 2.49071574 1.86586905 1.87099016
v 2.48408699 1.86121976 1.87145078
v 1.59932828 2.27155161 1.75811362
v 1.60774744 2.26899004 1.75752163
v 1.61584735 2.26554561 1.75695133
v 1.59250665 2.27362728 1.75859332
v 1.5855037 2.27496409 1.75908506
v 1.63632846 2.25499272 1.75550771
v 1.62863982 2.25928068 1.75604999
v 1.62241006 2.26275492 1.75648928
v 1.64258933 2.25056696 1.75506544
v 1.57686043 2.27661419 1.75969195
v 1.56098604 2.27791715 1.76080513
v 1.56975532 2.27719736 1.76019025
v 1.55219007 2.27769828 1.7614212
v 1.54506326 2.27752113 1.76192033
v 1.53634036 2.27636647 1.76253057
v 1.52927268 2.27543092 1.76302493
v 1.56753099 1.97858131 1.76009977
v 1.57630277 1.97926903 1.75948572
v 1.58185923 1.98030865 1.75909734
v 1.55329764 1.97822738 1.76109672
v 1.56042361 1.97802413 1.76059723
v 1.5445025 1.97847819 1.76171303
v 1.53578401 1.9796648 1.76232481
v 1.52072155 2.27335334 1.7636224
v 1.51617181 2.27224779 1.76394022
v 1.52179778 1.98233485 1.76330698
v 1.52871978 1.98062623 1.7628206
v 1.51234972 1.98477268 1.76397085
v 1.5132544 1.98444378 1.76390719
v 1.42057681 2.19020844 1.77057004
v 1.42246389 2.1938324 1.77044082
v 1.41796827 2.18355751 1.7707473
v 1.41474867 2.17534876 1.77096605
v 1.41241789 2.16684365 1.77112234
v 1.41052926 2.1599524 1.77124894
v 1.40717602 2.12654591 1.77145636
v 1.40708852 2.12825131 1.77146387
v 1.40911341 2.15124702 1.77134097
v 1.40796614 2.14419365 1.77141559
v 1.40757334 2.13705802 1.77143717
v 1.51379299 2.27166986 1.76410639
v 1.50708234 2.26925778 1.76457453
v 1.4987998 2.26628065 1.76515234
v 1.49087989 2.26243806 1.76570404
v 1.47841227 2.2555449 1.76657188
v 1.47094452 2.25088024 1.76709127
v 1.48446286 2.25932455 1.76615107
v 1.46401381 2.24544621 1.76757228
v 1.45839822 2.24104333 1.7679621
v 1.45208287 2.23490167 1.76839948
v 1.4424057 2.22443199 1.76906884
v 1.43677723 2.21765232 1.76945758
v 1.44696593 2.22992539 1.76875389
v 1.43189955 2.21031117 1.76979327
v 1.4279474 2.20436311 1.77006531
v 1.42387581 2.19654393 1.77034414
v 1.40754044 2.1194427 1.77142501
v 1.40790641 2.11230564 1.77139342
v 1.4092896 2.10359526 1.77128935
v 1.47793436 2.00069785 1.76639521
v 1.47048426 2.00538993 1.76692104
v 1.46488523 2.00981331 1.76731694
v 1.45797479 2.01527262 1.76780558
v 1.45168257 2.02143741 1.76825154
v 1.50498319 1.98745108 1.76448917
v 1.49828148 1.98988771 1.76496077
v 1.490376 1.99375927 1.76551783
v 1.48397064 1.99689615 1.76596916
v 1.42034435 2.06624508 1.77048409
v 1.42361963 2.05989766 1.77024937
v 1.414572 2.08112597 1.77090073
v 1.41776073 2.07290554 1.77067053
v 1.41227305 2.08963966 1.77106881
v 1.41041028 2.09653783 1.77120507
v 1.44204462 2.03194213 1.76893544
v 1.44658434 2.02643228 1.76861286
v 1.43644166 2.0387423 1.7693336
v 1.4276619 2.0520637 1.76995969
v 1.43251204 2.04470468 1.76961386
v 1.69232702 2.06507397 1.75142777
v 1.68936896 2.05857158 1.75162971
v 1.68573833 2.05242109 1.75187898
v 1.69597769 2.07309937 1.75117862
v 1.70100856 2.08824897 1.75083864
v 1.69875681 2.08146811 1.75099087
v 1.70252872 2.09523106 1.75073791
v 1.66688907 2.02678895 1.75317848
v 1.67173457 2.03203106 1.75284326
v 1.6609087 2.02031898 1.75359213
v 1.68125725 2.04483032 1.75218666
v 1.67599678 2.03775978 1.75254941
v 1.65427625 2.01452279 1.75405192
v 1.70440471 2.10384846 1.75061357
v 1.70517576 2.11095309 1.75056541
v 1.70612741 2.11972165 1.75050604
v 1.70614398 2.12854171 1.75051212
v 1.70615733 2.1356883 1.75051713
v 1.70449412 2.15156746 1.75064671
v 1.70300031 2.15855527 1.7507571
v 1.70523858 2.1444602 1.75058866
v 1.70115662 2.16717958 1.75089335
v 1.69840884 2.17555833 1.75109279
v 1.69618249 2.1823473 1.75125444
v 1.69324899 2.18886042 1.75146532
v 1.62190413 1.99296176 1.75630224
v 1.62960887 1.99722159 1.75576591
v 1.61379147 1.98954713 1.75686777
v 1.64169288 2.00477004 1.75492549
v 1.6489023 2.00982666 1.75442457
v 1.6358515 2.00067306 1.7553314
v 1.58331084 1.98058033 1.75899589
v 1.59196019 1.98219883 1.75839126
v 1.600389 1.98472977 1.75780272
v 1.60721827 1.98678041 1.75732601
v 1.68962836 2.19689918 1.75172555
v 1.68602085 2.20306277 1.7519834
v 1.67633438 2.21775961 1.75267422
v 1.67209363 2.22350383 1.75297606
v 1.68156826 2.21066999 1.75230169
v 1.66131175 2.23525548 1.75374115
v 1.65595555 2.2399714 1.75412023
v 1.6672678 2.22876358 1.75331843
v 1.6493448 2.24579167 1.75458825
v 1.64351892 2.24990988 1.75499976
v 1.6199944 2.2688458 1.93232596
v 1.61249471 2.2711277 1.93285322
v 1.60475361 2.27348304 1.93339753
v 1.62720954 2.26577759 1.93181789
v 1.63465703 2.26261067 1.93129349
v 1.58910739 2.27646995 1.93449616
v 1.58104444 2.2771318 1.93506157
v 1.59680653 2.2750001 1.93395555
v 1.64172649 2.25866818 1.93079495
v 1.64857543 2.25484848 1.93031192
v 1.65483618 2.25042295 1.92986965
v 1.59410608 1.98016453 1.93390155
v 1.58854973 1.97912478 1.93428993
v 1.58073592 1.97851217 1.93483686
v 1.57267058 1.97787988 1.93540144
v 1.55731022 2.27737689 1.93672466
v 1.56539774 2.27757812 1.93615818
v 1.54954004 2.27634835 1.93726826
v 1.57323301 2.2777729 1.93560946
v 1.53390241 2.27343607 1.93836141
v 1.54151964 2.27528667 1.93782926
v 1.52841878 2.27210355 1.93874443
v 1.55674946 1.97833395 1.93651724
v 1.5489831 1.97939098 1.93706226
v 1.5645839 1.97811055 1.93596816
v 1.54096675 1.98048198 1.93762481
v 1.52550137 1.98429954 1.93871152
v 1.52459657 1.98462856 1.93877518
v 1.53311157 1.98242104 1.93817675
v 1.42986357 2.18251657 1.94557548
v 1.43282378 2.19006419 1.94537425
v 1.42699564 2.17520452 1.94577038
v 1.43471086 2.19368839 1.94524503
v 1.42491937 2.16762829 1.9459095
v 1.42277622 2.15980816 1.94605327
v 1.4202131 2.14404941 1.9462198
v 1.42151499 2.15205359 1.94613516
v 1.41976738 2.135952 1.94624436
v 1.41933548 2.12810707 1.9462682
v 1.41942298 2.12640142 1.94626057
v 1.44467926 2.21096873 1.94456089
v 1.44019437 2.20421886 1.94486952
v 1.43656743 2.1972537 1.94511795
v 1.44902408 2.21750808 1.94426191
v 1.4540379 2.22354746 1.94391561
v 1.4592129 2.22978115 1.94355822
v 1.41973794 2.12026048 1.94623351
v 1.42015338 2.1121614 1.94619775
v 1.42138553 2.1044023 1.946105
v 1.51104677 2.26613641 1.93995667
v 1.50399184 2.26271343 1.94044805
v 1.49670982 2.25918031 1.9409554
v 1.52603996 2.27152562 1.9389106
v 1.51842463 2.26878834 1.93944192
v 1.47064519 2.24089909 1.94276643
v 1.46501958 2.23542809 1.943156
v 1.48984361 2.2548914 1.94143283
v 1.47701776 2.24589539 1.94232404
v 1.48319149 2.250736 1.94189548
v 1.42681897 2.08098173 1.94570494
v 1.42477107 2.08856559 1.94585478
v 1.43259132 2.06610084 1.9452883
v 1.42965937 2.07365918 1.9454999
v 1.42265725 2.09639359 1.94600928
v 1.43990874 2.05191946 1.9447639
v 1.43630803 2.05889797 1.94502199
v 1.44422925 2.04536438 1.94445586
v 1.44868863 2.03859806 1.94413781
v 1.45367956 2.03254056 1.94378316
v 1.45883119 2.02628803 1.94341707
v 1.46461666 2.02061987 1.94300711
v 1.47022176 2.01512837 1.94260979
v 1.4827311 2.00524569 1.94172525
v 1.47637737 2.01026535 1.94217455
v 1.4893676 2.00106621 1.94125688
v 1.50348639 1.9931922 1.94026124
v 1.51052845 1.98974347 1.93976498
v 1.49621761 1.9967519 1.94077337
v 1.51813352 1.98697841 1.93922985
v 1.68881822 2.03838778 1.92731392
v 1.69350421 2.04468608 1.92699087
v 1.69749582 2.05144787 1.9267168
v 1.68398142 2.03188682 1.92764747
v 1.67848277 2.02593803 1.92802787
v 1.67315555 2.02017474 1.92839634
v 1.66724753 2.01501179 1.92880595
v 1.70822465 2.07295513 1.92598283
v 1.71070027 2.08041 1.92581558
v 1.71325552 2.08810472 1.92564285
v 1.70161593 2.05842733 1.92643392
v 1.70497262 2.06580639 1.9262048
v 1.71498048 2.09602809 1.92552853
v 1.61171532 1.98430908 1.93267131
v 1.60420716 1.98205459 1.93319547
v 1.59650242 1.98061287 1.93373406
v 1.61946511 1.98663616 1.93213022
v 1.65472722 2.00517821 1.92967498
v 1.64809847 2.00052881 1.93013561
v 1.66114926 2.00968242 1.92922878
v 1.6269244 1.9897759 1.93161023
v 1.6341511 1.99281764 1.93110645
v 1.64101434 1.99661219 1.93062866
v 1.71838903 2.12743425 1.92531562
v 1.71837437 2.11957741 1.92531025
v 1.71840429 2.13554406 1.92532134
v 1.71665156 2.10370421 1.92541778
v 1.71752656 2.11176658 1.92536318
v 1.71674109 2.15142322 1.92545092
v 1.7175858 2.14335799 1.92538512
v 1.71504593 2.15935302 1.92557621
v 1.71340358 2.16703534 1.92569757
v 1.71095586 2.17449903 1.92587531
v 1.70842946 2.18220305 1.92605865
v 1.70510042 2.18959427 1.9262979
v 1.70187533 2.19675493 1.92652977
v 1.69381523 2.21052575 1.9271059
v 1.69778144 2.20374942 1.92682242
v 1.68915296 2.21684098 1.92743766
v 1.6843406 2.22335958 1.92778027
v 1.67886424 2.22932863 1.92816889
v 1.67355871 2.23511124 1.92854536
v 1.66159177 2.24564743 1.92939246
v 1.66748047 2.24046278 1.92897558
v 1.65498054 2.25032091 1.92985952
v 8.60444355 0.3493 1.26574469
v 8.60082912 0.35248271 1.26600063
v 8.61023998 0.3429819 1.26533329
v 8.61522579 0.3375484 1.2649796
v 8.62031937 0.33064839 1.26461697
v 8.62470055 0.32471445 1.26430523
v 8.62842655 0.31834731 1.26403892
v 8.632761 0.31094357 1.26372921
v 8.63579082 0.30421537 1.2635113
v 8.64198875 0.28823704 1.26306391
v 8.63931465 0.29639179 1.26325798
v 8.64608383 0.2728304 1.26276433
v 8.64428902 0.28122398 1.2628969
v 8.64762688 0.26561201 1.26265025
v 8.64839554 0.25827003 1.26259029
v 8.64929008 0.24973273 1.26252067
v 8.64927578 0.24235035 1.26251554
v 8.64926338 0.23585935 1.26251101
v 8.59758568 0.12872234 1.26604319
v 8.59203434 0.12387109 1.26642823
v 8.58501816 0.11894978 1.26691568
v 8.6040411 0.1343634 1.26559567
v 8.57898426 0.11471749 1.26733494
v 8.57253456 0.11115212 1.26778388
v 8.56503677 0.1070063 1.26830578
v 8.6325016 0.17261609 1.26363325
v 8.6281395 0.16522825 1.2639327
v 8.62438965 0.15887477 1.2641902
v 8.60986137 0.14066027 1.26519299
v 8.61998653 0.15295686 1.26449382
v 8.61486721 0.14607552 1.2648468
v 8.63605404 0.18042675 1.26339078
v 8.50355625 0.09206857 1.27260077
v 8.51089764 0.09264417 1.27208686
v 8.49619484 0.09227853 1.27311671
v 8.47914982 0.09367754 1.27431202
v 8.48763466 0.0925227 1.27371669
v 8.4718523 0.09467071 1.27482414
v 8.55714035 0.10368295 1.26885629
v 8.55035019 0.1008249 1.26932955
v 8.51943493 0.09331348 1.27148938
v 8.52667427 0.09466813 1.27098322
v 8.53509235 0.09624332 1.2703948
v 8.54329586 0.09870654 1.26982212
v 8.64571095 0.20950608 1.26273823
v 8.64753723 0.21789305 1.26261723
v 8.6441412 0.20229337 1.26284218
v 8.63910961 0.18714383 1.26318228
v 8.64181519 0.19528878 1.26299942
v 8.64833355 0.22523217 1.2625674
v 8.64925957 0.23376612 1.26250958
v 8.59801006 0.35496458 1.26620018
v 8.59247684 0.3598361 1.26659179
v 8.58547878 0.36478299 1.26708615
v 8.57197762 0.37321049 1.26803899
v 8.5794611 0.3690373 1.26751125
v 8.56554222 0.3767994 1.26849282
v 8.55876255 0.37968224 1.26897025
v 8.55087948 0.38303441 1.26952529
v 8.54268551 0.38552761 1.27010143
v 8.53563881 0.38767171 1.27059686
v 8.51999283 0.39065874 1.27169549
v 8.5126524 0.39126116 1.27221024
v 8.52840424 0.38905278 1.27110481
v 8.48819542 0.39156571 1.27392399
v 8.48089409 0.39059922 1.27443469
v 8.49555779 0.39174879 1.27340841
v 8.50411797 0.39196166 1.27280879
v 8.45638657 0.09848828 1.27591085
v 8.46470165 0.09643582 1.27532661
v 8.44141388 0.10393215 1.27696431
v 8.4483366 0.10141511 1.27647722
v 8.42710304 0.11094064 1.2779727
v 8.43371964 0.10770017 1.27750647
v 8.42086697 0.11486781 1.27841282
v 8.41361618 0.11943433 1.27892458
v 8.40783215 0.1240037 1.27933359
v 8.39498234 0.13531683 1.28024316
v 8.40110683 0.129317 1.27980924
v 8.38426304 0.14709508 1.28100395
v 8.38971615 0.14047666 1.2806164
v 8.3707943 0.16610816 1.28196323
v 8.37551403 0.15894616 1.2816267
v 8.37957382 0.15278688 1.28133714
v 8.36347675 0.1802896 1.28248763
v 8.36741066 0.17266513 1.2822057
v 8.3603735 0.18829012 1.28271163
v 8.35770416 0.19517049 1.28290439
v 8.35577965 0.2022963 1.28304505
v 8.35354233 0.21058223 1.28320861
v 8.35219669 0.21905966 1.28330994
v 8.35066032 0.23372282 1.28342962
v 8.35103893 0.22635019 1.28339708
v 8.35022068 0.24229573 1.28346753
v 8.35069275 0.25086698 1.28344154
v 8.42134476 0.36946467 1.27858937
v 8.42759514 0.37336904 1.27815473
v 8.41407681 0.36492467 1.27909482
v 8.40153027 0.35508779 1.27996576
v 8.39538383 0.34911034 1.28039145
v 8.40733147 0.35963598 1.27956307
v 8.46408272 0.38745329 1.27560997
v 8.45692539 0.38571432 1.27610993
v 8.47240448 0.38947535 1.27502859
v 8.44193172 0.3803252 1.277156
v 8.43422413 0.3765853 1.27769291
v 8.44999313 0.38322258 1.27659357
v 8.39009857 0.34396979 1.28075755
v 8.3556118 0.28111562 1.28312182
v 8.35366154 0.27399689 1.2832526
v 8.36101437 0.29738241 1.28275669
v 8.35788059 0.28939331 1.28296971
v 8.35109806 0.25823817 1.28341913
v 8.35228348 0.26552442 1.28334212
v 8.38538742 0.33829519 1.28108287
v 8.37990952 0.33169672 1.28146124
v 8.36711693 0.31079757 1.28234017
v 8.36370945 0.30425301 1.28257358
v 8.37516212 0.324552 1.28178787
v 8.37107944 0.3184076 1.28206885
v 8.61307526 0.35233879 1.44080496
v 8.62202072 0.34334686 1.44017076
v 8.61669064 0.34915581 1.44054902
v 8.62747288 0.33740422 1.43978393
v 8.63694763 0.32457027 1.43910956
v 8.63215637 0.33106023 1.4394505
v 8.64102268 0.31760651 1.43881822
v 8.64500713 0.31079939 1.43853343
v 8.64832211 0.30344075 1.43829513
v 8.66153622 0.24958855 1.43732488
v 8.66152191 0.24151444 1.43731928
v 8.66151047 0.23571442 1.43731534
v 8.66071415 0.25743788 1.43738902
v 8.65402031 0.28874996 1.43788385
v 8.6565361 0.2810798 1.43770123
v 8.65156174 0.2962476 1.43806231
v 8.65987301 0.26546782 1.43745458
v 8.65818596 0.27336261 1.43757927
v 8.60428143 0.12372691 1.44123244
v 8.61035252 0.12903273 1.44081151
v 8.61628819 0.13421921 1.44039989
v 8.59783077 0.11920217 1.44168067
v 8.62163925 0.14000867 1.44002974
v 8.62711334 0.14593133 1.43965113
v 8.63182068 0.15225817 1.43932652
v 8.56259727 0.10068072 1.44413388
v 8.57002354 0.10380658 1.44361615
v 8.57728291 0.10686212 1.44311011
v 8.59123039 0.11457331 1.44213927
v 8.58417797 0.11067386 1.44263017
v 8.5548811 0.09836387 1.44467258
v 8.54733944 0.09609914 1.44519913
v 8.6581049 0.21003775 1.43753278
v 8.65638733 0.20214918 1.43764651
v 8.65978336 0.21774887 1.43742144
v 8.66150665 0.23362194 1.43731391
v 8.66065502 0.22577569 1.43736708
v 8.63663673 0.15873058 1.43899453
v 8.64073849 0.16567941 1.43871284
v 8.65384388 0.19448826 1.43781841
v 8.6513567 0.18699965 1.43798649
v 8.64801407 0.17965315 1.43821466
v 8.64474773 0.17247191 1.43843758
v 8.53168201 0.0931693 1.44629359
v 8.52383327 0.09255392 1.44684303
v 8.53959942 0.09465088 1.4457401
v 8.50775146 0.09215403 1.44796932
v 8.49988174 0.09237851 1.4485209
v 8.51580238 0.09192438 1.4474051
v 8.49207973 0.0934403 1.44906843
v 8.48409843 0.09452653 1.44962847
v 8.47627831 0.09645703 1.45017791
v 8.46863365 0.0983441 1.45071507
v 8.46123219 0.10103507 1.45123589
v 8.45366096 0.10378797 1.45176864
v 8.44658661 0.10725235 1.45226705
v 8.43935013 0.11079645 1.45277703
v 8.43252945 0.11509161 1.4532584
v 8.42586327 0.11929015 1.45372891
v 8.41953754 0.12428769 1.45417619
v 8.41335392 0.12917282 1.45461345
v 8.39694977 0.14641757 1.45577705
v 8.39182091 0.1526427 1.45614147
v 8.40772343 0.13468917 1.45501256
v 8.40196323 0.14033248 1.45542073
v 8.3873806 0.15937911 1.45645809
v 8.38304138 0.16596398 1.45676756
v 8.37934113 0.17313536 1.45703268
v 8.37572384 0.18014541 1.45729196
v 8.60472393 0.35969192 1.44139612
v 8.61077499 0.35436395 1.4409678
v 8.59170723 0.36889312 1.44231558
v 8.59828949 0.36424017 1.44185066
v 8.57778931 0.37665522 1.44329715
v 8.58482742 0.37273005 1.44280088
v 8.57037449 0.37980819 1.44381928
v 8.56312656 0.38289022 1.44432962
v 8.54788589 0.38752753 1.44540119
v 8.55559254 0.3851825 1.44485927
v 8.53223991 0.39051455 1.44649982
v 8.53997421 0.38903803 1.44595671
v 8.51636505 0.39181748 1.44761312
v 8.52421188 0.39117342 1.44706273
v 8.50849438 0.39162174 1.44816434
v 8.49245739 0.39036447 1.44928694
v 8.5004425 0.39142153 1.44872832
v 8.48465157 0.38933116 1.44983292
v 8.47700024 0.38747206 1.45036745
v 8.43300629 0.36895463 1.45343447
v 8.43984222 0.37322485 1.45295894
v 8.46158981 0.38284492 1.4514432
v 8.46917248 0.38557014 1.45091426
v 8.44709206 0.37674248 1.45245397
v 8.45417881 0.38018101 1.45196033
v 8.42632389 0.36478049 1.45389915
v 8.36290169 0.2500321 1.4582479
v 8.36334515 0.25809398 1.45822346
v 8.36287212 0.23426947 1.45823693
v 8.36246777 0.24215154 1.45827174
v 8.36464119 0.26606297 1.45813918
v 8.36590862 0.27385271 1.45805693
v 8.37287045 0.18750124 1.45749795
v 8.36995125 0.19502631 1.4577086
v 8.36455154 0.21823235 1.45810604
v 8.36328506 0.226206 1.45820129
v 8.36784649 0.20281982 1.4578625
v 8.36578941 0.21043804 1.45801294
v 8.39719296 0.33761927 1.4559176
v 8.4023447 0.34382561 1.45556188
v 8.3921566 0.33155254 1.45626557
v 8.42012215 0.359918 1.45432961
v 8.40812588 0.34944785 1.45516145
v 8.41377735 0.3549436 1.45477009
v 8.37300873 0.29659447 1.45757818
v 8.37595558 0.30410883 1.45737791
v 8.37012768 0.28924912 1.45777392
v 8.38779163 0.32498357 1.45656586
v 8.37968349 0.31126663 1.45712268
v 8.38332653 0.31826341 1.45687318
v 8.36804199 0.28163847 1.45791376
v 6.90849161 0.54007936 1.38472164
v 6.91542387 0.54257113 1.38423812
v 6.9225812 0.54431009 1.38373804
v 6.90043068 0.53718197 1.38528407
v 6.93090343 0.54633212 1.38315666
v 6.93820477 0.54729861 1.38264596
v 6.94669437 0.54842246 1.38205206
v 6.87257576 0.52178144 1.38722289
v 6.86583042 0.51649272 1.38769114
v 6.87984371 0.52632147 1.38671744
v 6.88609362 0.53022581 1.3862828
v 6.89272261 0.53344208 1.38582098
v 6.86002922 0.51194453 1.38809383
v 6.97115183 0.54811794 1.38033831
v 6.97849131 0.54751551 1.37982357
v 6.98690319 0.54590958 1.37923288
v 7.00118446 0.54238439 1.3782295
v 6.99413776 0.54452848 1.37872493
v 7.00937843 0.53989118 1.37765336
v 6.95405626 0.54860556 1.38153648
v 6.96261692 0.54881841 1.38093686
v 7.01726151 0.53653902 1.37709832
v 7.02404118 0.53365618 1.37662089
v 7.03047657 0.53006727 1.37616706
v 6.82617092 0.46871984 1.39043033
v 6.82220793 0.46110979 1.39070165
v 6.83366108 0.4814088 1.38991594
v 6.8295784 0.4752644 1.39019692
v 6.8438859 0.49515197 1.38921094
v 6.83840799 0.48855352 1.38958931
v 6.84859705 0.5008266 1.38888562
v 6.81411123 0.4379724 1.39124978
v 6.81216002 0.43085366 1.39138067
v 6.81180191 0.42864972 1.39140391
v 6.81951284 0.45423922 1.39088476
v 6.81637955 0.44625011 1.39109766
v 6.85388279 0.50596714 1.38851953
v 6.96205473 0.24892536 1.38072884
v 6.96939659 0.24950096 1.38021493
v 6.8943305 0.26352257 1.38548565
v 6.89991236 0.26078895 1.38509238
v 6.91488552 0.25534508 1.38403893
v 6.92203617 0.25357997 1.38353646
v 6.90683556 0.2582719 1.38460529
v 6.95469332 0.24913532 1.38124478
v 6.94613361 0.24937949 1.38184464
v 6.93035078 0.25152749 1.38295221
v 6.9388361 0.25037265 1.38235676
v 7.0509758 0.51669288 1.37471986
v 7.04397774 0.52163976 1.37521422
v 7.03795958 0.52589411 1.37563944
v 7.0629425 0.5061568 1.37387276
v 7.05650902 0.51182139 1.37432826
v 7.07372475 0.49440518 1.37310767
v 7.06873941 0.49983868 1.37346148
v 7.0788188 0.48750517 1.37274516
v 7.08319902 0.48157123 1.3724333
v 7.08753252 0.4741675 1.3721236
v 7.09125948 0.46780035 1.37185729
v 7.09428978 0.46107215 1.37163937
v 7.10048819 0.44509381 1.37119198
v 7.09781361 0.45324859 1.37138605
v 7.10278749 0.43808076 1.37102509
v 7.10612488 0.42246878 1.37077832
v 7.10433102 0.43086237 1.370911
v 7.10701942 0.41393152 1.3707087
v 7.10778809 0.40658954 1.37064874
v 7.10777473 0.39920714 1.37064362
v 7.10683203 0.38208896 1.37069547
v 7.10775852 0.39062291 1.37063766
v 7.10603571 0.37474984 1.3707453
v 7.029984 0.26742846 1.37598503
v 7.02353525 0.26386309 1.37643385
v 7.03748226 0.27157429 1.37546301
v 7.05053329 0.28072789 1.37455618
v 7.05608463 0.28557914 1.37417138
v 7.04449892 0.27649561 1.37497556
v 6.98517323 0.25152493 1.37911129
v 6.97793388 0.25017026 1.37961745
v 6.99359131 0.2531001 1.37852287
v 7.01674509 0.26100504 1.37690723
v 7.00884914 0.2576817 1.37745762
v 7.00064611 0.25521845 1.3780303
v 7.09455347 0.33728352 1.37151885
v 7.09760857 0.34400061 1.37131023
v 7.09100008 0.3294729 1.37176132
v 7.10263968 0.35915014 1.37097037
v 7.1042099 0.36636287 1.3708663
v 7.09993505 0.3510052 1.37115312
v 7.06835985 0.29751706 1.37332118
v 7.06253958 0.29122019 1.37372375
v 7.07336569 0.30293232 1.37297487
v 7.08288813 0.31573156 1.37231827
v 7.08663893 0.32208505 1.37206078
v 7.07848549 0.30981365 1.37262189
v 6.89221859 0.26455694 1.38563454
v 6.88560152 0.26779741 1.38610077
v 6.87936592 0.27172458 1.38654089
v 6.86633158 0.28086048 1.38746166
v 6.87211514 0.2762911 1.38705266
v 6.85960579 0.28617379 1.38793719
v 6.85348177 0.29217362 1.38837123
v 6.8482151 0.29733345 1.38874447
v 6.84276199 0.30395186 1.38913202
v 6.83807278 0.30964366 1.38946521
v 6.83401299 0.31580293 1.38975477
v 6.82590961 0.32952192 1.39033377
v 6.82929277 0.32296497 1.3900913
v 6.81887197 0.34514689 1.3908397
v 6.82197523 0.33714637 1.3906157
v 6.81620312 0.35202727 1.39103234
v 6.81204128 0.367439 1.39133668
v 6.8142786 0.35915309 1.39117312
v 6.81069517 0.37591645 1.39143801
v 6.80953741 0.38320696 1.39152515
v 6.80871964 0.39915252 1.3915956
v 6.80915928 0.39057958 1.39155769
v 6.80912542 0.4065237 1.39157319
v 6.81097507 0.42356741 1.39145768
v 6.80959702 0.41509497 1.3915472
v 6.89150476 0.52581143 1.56156254
v 6.88482285 0.52163726 1.56202722
v 6.87862062 0.51677477 1.56245768
v 6.8983407 0.53008163 1.56108713
v 6.87227631 0.51180035 1.56289816
v 6.86662483 0.50630462 1.56328952
v 6.86084414 0.50068241 1.56368995
v 6.90559101 0.53359926 1.56058204
v 6.91267776 0.53703779 1.5600884
v 6.92767096 0.54242694 1.55904233
v 6.93549871 0.54432887 1.55849552
v 6.92008924 0.5397017 1.55957127
v 6.94315052 0.54618794 1.55796099
v 6.83150768 0.45345125 1.56570625
v 6.83445501 0.4609656 1.56550598
v 6.82862663 0.44610593 1.56590199
v 6.82654095 0.43849528 1.56604195
v 6.82404852 0.42850542 1.56620824
v 6.8244071 0.43070948 1.566185
v 6.85569143 0.49447608 1.56404579
v 6.85065508 0.48840934 1.56439364
v 6.84629059 0.48184034 1.56469393
v 6.83809853 0.46796241 1.56525648
v 6.84182549 0.47512022 1.56500125
v 6.95113564 0.54724503 1.55740237
v 6.95894146 0.54827827 1.55685639
v 6.97486401 0.54867423 1.55574119
v 6.98271084 0.5480302 1.5551908
v 6.96699333 0.54847854 1.55629241
v 6.99847269 0.5458948 1.55408478
v 6.99073839 0.54737133 1.5546279
v 7.00638485 0.5443843 1.55352926
v 7.01409149 0.54203928 1.55298734
v 7.02162552 0.539747 1.55245757
v 7.02887344 0.53666496 1.55194736
v 7.03628826 0.533512 1.55142522
v 7.04332638 0.52958679 1.55092883
v 7.05678844 0.52109694 1.54997873
v 7.06322289 0.51654869 1.54952419
v 7.05020666 0.52574992 1.55044365
v 7.0805192 0.50020367 1.54829884
v 7.08597183 0.494261 1.547912
v 7.06927443 0.51122075 1.54909575
v 7.07518959 0.50601262 1.54867709
v 7.09065533 0.48791701 1.54757857
v 7.09544611 0.48142704 1.54723763
v 7.09943008 0.47461993 1.54695284
v 7.10350657 0.46765617 1.5466615
v 6.91215944 0.26064476 1.55989671
v 6.90657759 0.26337847 1.56028998
v 6.92713261 0.25520089 1.55884314
v 6.91973114 0.25789186 1.55936396
v 6.93495321 0.25327039 1.5582937
v 6.94259787 0.2513833 1.55775654
v 6.9583807 0.2492353 1.55664897
v 6.9503994 0.25032154 1.55720901
v 6.97430182 0.24878117 1.55553317
v 6.96625042 0.24901082 1.55609739
v 6.99018097 0.25002608 1.55442166
v 6.98233175 0.2494107 1.5549711
v 7.00583839 0.25295591 1.5533272
v 6.99809837 0.25150767 1.55386817
v 7.0135541 0.25527278 1.5527885
v 7.0283556 0.26059306 1.55175591
v 7.02109623 0.25753751 1.55226195
v 7.03578234 0.2637189 1.55123818
v 7.05618048 0.27595484 1.54981911
v 7.04972935 0.2714301 1.55026734
v 7.06885147 0.28588954 1.54893959
v 7.06278038 0.28058371 1.54936051
v 7.04283476 0.26761836 1.55074716
v 7.07478666 0.291076 1.54852796
v 7.11919403 0.41447529 1.54551852
v 7.12003517 0.40644535 1.54545307
v 7.11837196 0.4223246 1.54558265
v 7.11915398 0.38263246 1.54549515
v 7.11828279 0.37460566 1.54554951
v 7.12002039 0.39837122 1.54544735
v 7.12000561 0.39047873 1.54544199
v 7.10682058 0.46029752 1.5464232
v 7.11006069 0.45310441 1.54619038
v 7.11503458 0.43793657 1.5458293
v 7.11672211 0.43004182 1.5457046
v 7.11251926 0.44560674 1.54601192
v 7.09513521 0.31558737 1.5471226
v 7.09032011 0.30911496 1.5474546
v 7.09923744 0.3225362 1.54684091
v 7.08013773 0.29686546 1.54815781
v 7.08561277 0.30278814 1.5477792
v 7.11660385 0.36689451 1.54566073
v 7.11488676 0.35900596 1.54577458
v 7.10651398 0.33650994 1.54634261
v 7.10324717 0.32932872 1.54656565
v 7.11240005 0.35151738 1.54594266
v 7.10985565 0.34385642 1.54611456
v 6.90508556 0.26410913 1.56039512
v 6.89784861 0.26765323 1.5609051
v 6.89102888 0.2719484 1.56138647
v 6.88436222 0.27614692 1.56185699
v 6.8780365 0.28114447 1.56230426
v 6.87185287 0.28602961 1.56274152
v 6.86622238 0.29154596 1.56314063
v 6.86046219 0.29718927 1.5635488
v 6.85031986 0.30949947 1.56426954
v 6.85544872 0.30327436 1.56390512
v 6.84153986 0.32282078 1.56489563
v 6.8378396 0.32999215 1.56516075
v 6.84587955 0.3162359 1.56458616
v 6.82141018 0.40707022 1.56637549
v 6.82096672 0.39900833 1.56639981
v 6.8213706 0.39112625 1.566365
v 6.82311106 0.42274052 1.56626916
v 6.8218441 0.41495079 1.56635153
v 6.8284502 0.35188308 1.56583667
v 6.82634544 0.35967663 1.56599057
v 6.83422232 0.33700219 1.56542003
v 6.83136892 0.34435803 1.56562603
v 6.8230505 0.37508914 1.56623411
v 6.8217845 0.38306278 1.56632948
v 6.82428837 0.36729482 1.56614101
v 5.2788372 0.99554926 1.49927211
v 5.28715944 0.99757135 1.49869072
v 5.29564905 0.99869519 1.49809694
v 5.30295038 0.99966168 1.49758613
v 5.31031227 0.99984479 1.49707055
v 5.31887293 1.00005758 1.49647093
v 5.25005817 0.98520494 1.50127995
v 5.24234962 0.98146504 1.50181687
v 5.25668669 0.9884212 1.50081813
v 5.26474762 0.99131858 1.50025582
v 5.27167988 0.9938103 1.49977219
v 5.23609924 0.9775607 1.50225163
v 5.35744047 0.99362361 1.49376357
v 5.35039377 0.99576771 1.494259
v 5.37351751 0.98777825 1.49263239
v 5.36563444 0.99113041 1.49318743
v 5.38029718 0.98489541 1.49215508
v 5.32740784 0.9993571 1.49587238
v 5.33474731 0.99875468 1.49535763
v 5.3867321 0.98130649 1.49170125
v 5.3431592 0.99714881 1.49476707
v 5.39421511 0.97713333 1.49117351
v 5.22883129 0.97302067 1.50275707
v 5.22636843 0.9710896 1.50292802
v 5.18620253 0.77321261 1.50557888
v 5.19026899 0.76704216 1.50528884
v 5.19978189 0.75426447 1.50461185
v 5.19432831 0.76088285 1.5049994
v 5.20447111 0.74857265 1.50427866
v 5.20973778 0.74341285 1.50390542
v 5.2158618 0.73741299 1.50347137
v 5.22258711 0.73209971 1.50299585
v 5.22837114 0.72753036 1.50258684
v 5.23562193 0.72296381 1.50207508
v 5.24185753 0.71903664 1.50163496
v 5.26309156 0.7095111 1.50013947
v 5.27114105 0.70658427 1.49957299
v 5.2484746 0.71579617 1.50116873
v 5.25616837 0.71202815 1.50062656
v 5.27829218 0.70481914 1.49907053
v 5.28660679 0.70276672 1.4984864
v 5.29509211 0.70161188 1.49789095
v 5.30238914 0.70061868 1.49737883
v 5.40723181 0.96793211 1.49025393
v 5.40023375 0.97287899 1.49074829
v 5.41919851 0.95739597 1.48940682
v 5.41366577 0.96226746 1.48979855
v 5.42499542 0.95107788 1.48899555
v 5.43945503 0.93281043 1.48796737
v 5.43507433 0.93874437 1.48827922
v 5.42998028 0.94564438 1.48864174
v 5.44751501 0.91903955 1.48739135
v 5.44378853 0.92540669 1.48765767
v 5.45054579 0.91231132 1.48717344
v 5.45674419 0.89633298 1.48672605
v 5.45406961 0.90448779 1.48692012
v 5.46083784 0.88092643 1.48642647
v 5.4590435 0.88931996 1.48655915
v 5.46238089 0.87370801 1.48631239
v 5.46315002 0.86636603 1.48625255
v 5.46404409 0.85782874 1.48618281
v 5.46401453 0.84186214 1.48617172
v 5.46403074 0.85044634 1.48617768
v 5.46308804 0.83332819 1.48622966
v 5.46229172 0.82598907 1.48627937
v 5.35805035 0.70680255 1.49348426
v 5.36510515 0.7089209 1.49299181
v 5.37189531 0.71177894 1.49251842
v 5.37979078 0.71510231 1.49196792
v 5.34984684 0.70433933 1.49405694
v 5.31094933 0.70037454 1.49677896
v 5.31831074 0.70016456 1.49626303
v 5.34142923 0.70276409 1.49464548
v 5.3256526 0.70074016 1.49574912
v 5.33418989 0.70140946 1.49515152
v 5.46046591 0.8176021 1.48640037
v 5.45889568 0.8103894 1.48650444
v 5.45656967 0.80338478 1.48666167
v 5.45386457 0.79523987 1.48684442
v 5.450809 0.78852278 1.48705292
v 5.39373827 0.72281349 1.4909972
v 5.39977264 0.72704577 1.49057782
v 5.38728952 0.71924812 1.49144602
v 5.44306898 0.77361906 1.48758292
v 5.44725561 0.78071213 1.48729539
v 5.40410089 0.7300815 1.49027717
v 5.22208595 0.96773195 1.50322521
v 5.21628523 0.96318376 1.5036279
v 5.21099901 0.95804322 1.50399399
v 5.20485258 0.95206583 1.50441968
v 5.20014191 0.94639122 1.50474513
v 5.194664 0.93979275 1.50512338
v 5.18991709 0.932648 1.50545013
v 5.18583441 0.9265036 1.50573111
v 5.18187189 0.91889358 1.50600243
v 5.17846346 0.91234899 1.50623584
v 5.17576885 0.90547842 1.50641894
v 5.17263556 0.89748931 1.50663185
v 5.17036724 0.8892116 1.50678396
v 5.16841602 0.88209289 1.50691473
v 5.17512798 0.79638612 1.50637388
v 5.17245865 0.80326647 1.50656652
v 5.17053461 0.81039232 1.50670719
v 5.17823124 0.78838557 1.50614977
v 5.18554878 0.77420419 1.50562549
v 5.18216562 0.78076118 1.50586796
v 5.16585302 0.8663342 1.50708139
v 5.16544771 0.85896301 1.50710368
v 5.16703844 0.87362045 1.50700438
v 5.16497564 0.85039175 1.50712967
v 5.16695118 0.82715565 1.50697207
v 5.16829729 0.8186782 1.50687075
v 5.16541529 0.84181881 1.50709176
v 5.16579342 0.83444619 1.50705922
v 5.4067893 0.73196709 1.49009037
v 5.41879559 0.74245942 1.48925781
v 5.41234064 0.73681837 1.48970544
v 5.42461586 0.74875629 1.48885524
v 5.44289494 0.77332425 1.48759484
v 5.42962122 0.75417155 1.48850906
v 5.43914413 0.76697075 1.48785245
v 5.4347415 0.76105285 1.48815596
v 5.3469944 0.9986105 1.67016196
v 5.33896685 0.99926937 1.67072499
v 5.33112001 0.99991345 1.67127526
v 5.32324934 0.99971777 1.67182648
v 5.31519747 0.9995175 1.67239046
v 5.30721188 0.99846047 1.67294908
v 5.36264086 0.99562353 1.66906333
v 5.3547287 0.99713403 1.66961896
v 5.37788153 0.99098623 1.66799176
v 5.38512945 0.98790419 1.66748142
v 5.3703475 0.9932785 1.6685214
v 5.39254427 0.98475122 1.66695929
v 5.25459671 0.98132086 1.6766212
v 5.26168394 0.98475939 1.67612743
v 5.24776077 0.97705066 1.67709661
v 5.23861551 0.97094536 1.67773223
v 5.24107838 0.97287649 1.67756128
v 5.29940653 0.99742717 1.67349505
v 5.29175472 0.99556804 1.67402959
v 5.28392696 0.99366611 1.6745764
v 5.27634525 0.99094093 1.67510533
v 5.26893377 0.98827702 1.67562246
v 5.39958239 0.98082602 1.66646302
v 5.40646219 0.97698915 1.66597784
v 5.41304445 0.97233617 1.6655128
v 5.41947889 0.96778792 1.66505826
v 5.4314456 0.95725179 1.66421115
v 5.42539406 0.96257979 1.66463947
v 5.43677521 0.95144284 1.66383302
v 5.44222736 0.9455002 1.66344607
v 5.44691086 0.93915623 1.66311276
v 5.45170212 0.93266624 1.6627717
v 5.45568609 0.92585915 1.66248691
v 5.4597621 0.91889536 1.66219568
v 5.4663167 0.90434361 1.66172445
v 5.46877527 0.89684594 1.66154599
v 5.46307659 0.91153669 1.66195738
v 5.47294044 0.88145864 1.66124153
v 5.47462797 0.87356383 1.66111672
v 5.47129059 0.88917577 1.66136348
v 5.47629118 0.85768455 1.66098714
v 5.4762764 0.84961045 1.66098154
v 5.47546911 0.86553389 1.66105115
v 5.47626162 0.84171796 1.66097605
v 5.20657539 0.76073867 1.67980361
v 5.20213556 0.76747513 1.68012023
v 5.2167182 0.74842846 1.67908287
v 5.21158934 0.75465363 1.67944729
v 5.19844913 0.77306849 1.68038309
v 5.22247839 0.74278516 1.6786747
v 5.22810888 0.73726881 1.67827559
v 5.24061823 0.72738618 1.67739105
v 5.23429203 0.73238367 1.67783833
v 5.25410461 0.71889246 1.67643917
v 5.24728489 0.72318763 1.67692053
v 5.26841545 0.71188396 1.67543077
v 5.26134157 0.71534836 1.67592919
v 5.28338814 0.70644009 1.67437732
v 5.27598715 0.70913106 1.67489803
v 5.29120922 0.70450962 1.67382777
v 5.32250643 0.70025003 1.67163157
v 5.31463623 0.7004745 1.67218316
v 5.33055782 0.70002037 1.67106724
v 5.29885387 0.70262253 1.67329061
v 5.30665541 0.70156074 1.6727432
v 5.33858776 0.70064992 1.67050517
v 5.46611166 0.79509568 1.66164863
v 5.46276951 0.78774917 1.6618768
v 5.45549297 0.7737754 1.66237497
v 5.45531559 0.7734744 1.66238725
v 5.4595027 0.78056794 1.66209972
v 5.47540998 0.83387172 1.66102922
v 5.4745388 0.82584488 1.66108358
v 5.46859837 0.80258429 1.66148067
v 5.47285986 0.81813377 1.66119492
v 5.47114277 0.81024522 1.66130865
v 5.36963606 0.70645988 1.66833472
v 5.36209393 0.70419514 1.66886127
v 5.37735224 0.70877671 1.66779602
v 5.34643698 0.70126528 1.66995573
v 5.35435438 0.70274687 1.66940224
v 5.41258526 0.72729814 1.66534281
v 5.40598536 0.7226693 1.66580141
v 5.41634846 0.72993761 1.66508138
v 5.3847785 0.71190256 1.66727829
v 5.39893246 0.71876985 1.66629231
v 5.39203787 0.71495813 1.66677225
v 5.23487663 0.968014 1.67799175
v 5.22853231 0.96303958 1.67843223
v 5.22275066 0.95741737 1.67883265
v 5.21709967 0.95192164 1.67922401
v 5.21194744 0.94571531 1.67957985
v 5.20691109 0.93964857 1.67992771
v 5.20254612 0.93307954 1.68022811
v 5.19808149 0.92635942 1.68053532
v 5.19443798 0.9193626 1.68078482
v 5.19071054 0.9122048 1.68104005
v 5.18776369 0.90469044 1.68124032
v 5.18279696 0.88973451 1.68157601
v 5.18066311 0.88194871 1.68171906
v 5.18488264 0.89734513 1.68143606
v 5.17810011 0.86619002 1.6818856
v 5.17939615 0.87415898 1.68180132
v 5.17765665 0.85812813 1.68191004
v 5.17722273 0.85024756 1.681934
v 5.1780405 0.83430201 1.68186355
v 5.17762661 0.84236544 1.68189907
v 5.17930651 0.82632834 1.68176818
v 5.18054438 0.81853402 1.68167508
v 5.18470573 0.80312228 1.68137074
v 5.18260145 0.81091583 1.68152463
v 5.18762493 0.79559726 1.68116009
v 5.19409513 0.7812314 1.68069494
v 5.19047832 0.78824139 1.6809541
v 5.19779587 0.77406001 1.6804297
v 5.41903639 0.73182291 1.66489458
v 5.42510748 0.73712873 1.66447365
v 5.43104267 0.74231523 1.66406214
v 5.43639374 0.74810469 1.663692
v 5.44657564 0.76035416 1.66298878
v 5.44186831 0.75402737 1.66331327
v 5.45139122 0.76682657 1.66265666
v 3.87329793 1.32191181 1.59801447
v 3.86481237 1.32306671 1.59860992
v 3.85649776 1.32511914 1.59919417
v 3.88059521 1.32091868 1.59750235
v 3.88915515 1.32067454 1.59690249
v 3.89651632 1.32046449 1.59638655
v 3.90385842 1.32104015 1.59587264
v 3.84934711 1.32688427 1.59969652
v 3.84773469 1.32747054 1.59981
v 3.91239548 1.32170939 1.59527504
v 3.91963506 1.32306409 1.594769
v 3.9280529 1.32463932 1.59418058
v 3.93510747 1.32675767 1.59368801
v 3.95120668 1.33254421 1.59256494
v 3.95799685 1.33540225 1.59209156
v 3.94331074 1.32922089 1.59311533
v 3.96444559 1.33896768 1.59164262
v 3.97194409 1.34311342 1.59112072
v 3.97896075 1.34803474 1.59063315
v 3.97934794 1.34830642 1.59060633
v 4.0322752 1.52478778 1.58704376
v 4.0292449 1.53151596 1.58726156
v 4.03879213 1.50240147 1.58656871
v 4.03971529 1.49808514 1.58650041
v 4.03724909 1.50961995 1.58668268
v 4.0349493 1.51663291 1.58684969
v 3.86536527 1.61787128 1.59881437
v 3.86514735 1.61781836 1.59882951
v 3.87385488 1.61899519 1.59822047
v 3.94384003 1.61143041 1.59331095
v 3.95172334 1.60807824 1.59275591
v 3.92859936 1.61606765 1.59438264
v 3.9356463 1.61392355 1.59388709
v 3.8885181 1.62014472 1.59719408
v 3.88115597 1.61996162 1.59770977
v 3.89707851 1.62035763 1.59659457
v 3.92136502 1.61744881 1.59489059
v 3.91295314 1.61905468 1.59548128
v 3.90561342 1.61965716 1.59599602
v 4.00320101 1.57137787 1.58911908
v 4.00818634 1.56594431 1.58876538
v 3.99740434 1.57769597 1.58953047
v 4.02572107 1.53933954 1.58751488
v 4.02138758 1.54674327 1.58782458
v 4.01766062 1.55311036 1.58809102
v 4.01328039 1.55904436 1.58840275
v 3.96493816 1.60160649 1.59182477
v 3.95850277 1.6051954 1.5922786
v 3.97242117 1.59743333 1.59129703
v 3.99097037 1.58336055 1.58998585
v 3.98543739 1.58823204 1.59037757
v 3.97843933 1.59317899 1.59087193
v 3.98499489 1.35226703 1.59021389
v 3.99700117 1.36275935 1.58938146
v 3.99054623 1.35711837 1.58982897
v 4.00200701 1.36817455 1.58903515
v 4.01294708 1.3813529 1.5882796
v 4.00782728 1.37447155 1.58863258
v 4.01734972 1.38727069 1.58797598
v 4.02171087 1.39465857 1.58767653
v 4.02546167 1.40101206 1.58741903
v 4.02851725 1.40772903 1.58721042
v 4.03207016 1.41553974 1.58696795
v 4.04225016 1.47812867 1.58630645
v 4.04135561 1.48666596 1.58637607
v 4.04223394 1.46954441 1.58630049
v 4.04058647 1.49400795 1.58643603
v 4.04222012 1.46216214 1.58629537
v 4.03710127 1.43068933 1.58662796
v 4.03867149 1.43790209 1.58652389
v 4.03477526 1.42368472 1.5867852
v 4.0414238 1.45482302 1.58634508
v 4.0404973 1.44628906 1.58640289
v 3.85820818 1.61613238 1.59931433
v 3.8498857 1.61411023 1.59989572
v 3.84182477 1.61121285 1.60045815
v 3.83489227 1.60872114 1.60094178
v 3.82826352 1.60550487 1.60140347
v 3.82055545 1.60176504 1.60194039
v 3.8132875 1.59722507 1.60244584
v 3.80123639 1.58877242 1.60328329
v 3.79449081 1.5834837 1.60375142
v 3.78920507 1.57834315 1.60411751
v 3.80703712 1.59332061 1.6028806
v 3.7830584 1.57236576 1.60454321
v 3.77758074 1.56576729 1.60492158
v 3.77286983 1.56009269 1.6052469
v 3.76812267 1.552948 1.60557365
v 3.76403999 1.54680359 1.60585463
v 3.76063204 1.540259 1.60608792
v 3.75084138 1.51778924 1.60675538
v 3.75397468 1.52577841 1.60654247
v 3.75666928 1.53264892 1.60635936
v 3.74662185 1.50239289 1.60703826
v 3.74543691 1.49510658 1.60711539
v 3.74405885 1.48663414 1.60720491
v 3.74358702 1.47806287 1.6072309
v 3.74857283 1.50951159 1.60690749
v 3.80079293 1.35239959 1.60311937
v 3.79406738 1.35771298 1.6035949
v 3.80657673 1.3478303 1.60271037
v 3.7879436 1.36371279 1.60402894
v 3.78267694 1.36887264 1.60440218
v 3.77798748 1.37456441 1.60473537
v 3.84129715 1.3298111 1.600263
v 3.83437395 1.33232808 1.60075009
v 3.81281233 1.34390306 1.60227025
v 3.82006335 1.33933663 1.60175848
v 3.82775736 1.33556855 1.60121632
v 3.74874043 1.4306922 1.60683072
v 3.74650288 1.4389782 1.60699439
v 3.75066471 1.42356646 1.60669005
v 3.74355936 1.46331906 1.60722065
v 3.74318123 1.47069168 1.60725319
v 3.743999 1.45474613 1.60718274
v 3.74534535 1.44626868 1.60708141
v 3.76847482 1.3873421 1.60541236
v 3.76375437 1.39450419 1.60574901
v 3.77253437 1.38118279 1.60512292
v 3.75333357 1.41668606 1.60649741
v 3.75643682 1.40868556 1.60627341
v 3.76037121 1.40106106 1.60599148
v 3.98419094 1.3429693 1.76592493
v 3.99064207 1.34749401 1.7654767
v 3.99159503 1.34816229 1.76541054
v 3.97729659 1.33915758 1.76640487
v 3.97024393 1.33525813 1.76689577
v 3.96281719 1.33213222 1.7674135
v 3.95555782 1.32907665 1.76791954
v 4.04949617 1.50947571 1.76148689
v 4.0511837 1.50158095 1.7613622
v 4.04698086 1.51714587 1.76166952
v 4.04120779 1.53200221 1.76208615
v 4.04452229 1.52464354 1.76184797
v 4.0519619 1.49794114 1.76130462
v 3.88486099 1.32186067 1.77286673
v 3.87705946 1.32292247 1.77341413
v 3.90071225 1.32054996 1.7717551
v 3.89284229 1.32077444 1.77230656
v 3.86159396 1.32674003 1.77450085
v 3.85998154 1.3273263 1.77461421
v 3.86941457 1.32480955 1.77395129
v 3.94029975 1.32449508 1.76898479
v 3.94801545 1.32681191 1.76844609
v 3.91679335 1.32094991 1.77062869
v 3.90876341 1.32032037 1.77119076
v 3.93256021 1.32304692 1.76952577
v 3.92464256 1.32156527 1.77007926
v 4.03398371 1.54600251 1.76260388
v 4.03796816 1.5391953 1.76231909
v 4.0299077 1.55296624 1.76289523
v 4.02043343 1.56580019 1.76356959
v 4.02511692 1.55945623 1.76323617
v 4.01498079 1.57174277 1.76395643
v 4.00965118 1.57755172 1.76433468
v 3.99768448 1.58808792 1.76518178
v 4.00373602 1.58275998 1.76475346
v 3.99125028 1.59263611 1.76563632
v 3.98466802 1.59728909 1.76610124
v 3.97074986 1.60505116 1.76708281
v 3.97778821 1.60112596 1.76658642
v 3.96333504 1.60820413 1.76760495
v 3.9093256 1.62021339 1.77139878
v 3.91717267 1.61956942 1.77084851
v 3.90145493 1.62001777 1.77195001
v 3.8773942 1.61767411 1.77363384
v 3.87761211 1.61772716 1.77361858
v 3.8854177 1.61876035 1.7730726
v 3.89340305 1.6198175 1.77251399
v 3.95608711 1.61128616 1.76811528
v 3.94855332 1.61357844 1.76864493
v 3.92519999 1.61891055 1.77028549
v 3.93293405 1.61743402 1.76974249
v 3.94084644 1.61592352 1.76918685
v 3.99724197 1.3521229 1.76501811
v 4.00924826 1.36261511 1.76418567
v 4.00331354 1.35742867 1.76459718
v 4.01472282 1.3685379 1.76380694
v 4.05283356 1.49386382 1.76124024
v 4.0536747 1.48583388 1.76117468
v 4.05448198 1.47009194 1.76110518
v 4.0544672 1.46201789 1.76109958
v 4.05449677 1.47798455 1.76111066
v 4.05359602 1.45399106 1.76115394
v 4.0247817 1.38065422 1.76311219
v 4.02007437 1.3743273 1.76343679
v 4.02959681 1.38712656 1.76278019
v 4.03360653 1.39391899 1.76250482
v 4.03770876 1.40086782 1.76222324
v 4.05106544 1.43843365 1.76131845
v 4.04934835 1.43054509 1.76143217
v 4.05274439 1.44614482 1.7612071
v 4.04105043 1.40821433 1.76199508
v 4.04680395 1.42288411 1.76160407
v 4.04431725 1.41539562 1.76177216
v 3.8067379 1.58333957 1.77855575
v 3.80095673 1.5777173 1.77895617
v 3.79530549 1.57222152 1.77934754
v 3.81293964 1.588202 1.77812529
v 3.8192842 1.59317648 1.77768481
v 3.82612014 1.59744668 1.7772094
v 3.83280253 1.60162079 1.77674472
v 3.79026914 1.56615484 1.77969539
v 3.78511691 1.55994844 1.78005123
v 3.78075218 1.55337954 1.78035164
v 3.77628708 1.54665935 1.78065896
v 3.77255964 1.53950155 1.78091419
v 3.76891637 1.5325048 1.78116357
v 3.76596904 1.52499044 1.78136396
v 3.83988929 1.60505939 1.77625108
v 3.84713936 1.60857701 1.77574599
v 3.86978436 1.61582518 1.77416551
v 3.85472107 1.61130214 1.77521706
v 3.86213255 1.61396611 1.77470005
v 3.76308823 1.51764512 1.78155971
v 3.76100254 1.51003444 1.78169954
v 3.75757265 1.49427962 1.78192687
v 3.75886893 1.50224864 1.78184259
v 3.75587201 1.47860944 1.78203309
v 3.75630569 1.48648989 1.78200912
v 3.75624609 1.454602 1.78198707
v 3.75584173 1.462484 1.78202188
v 3.75542831 1.47054756 1.78205752
v 3.75874996 1.43883395 1.7817986
v 3.75748372 1.44680762 1.78189397
v 3.76080704 1.43121576 1.78164816
v 3.76583052 1.41589713 1.78128362
v 3.76291156 1.42342222 1.78149438
v 3.76868391 1.40854132 1.78107762
v 3.77230096 1.40153134 1.78081846
v 3.78034139 1.38777506 1.78024375
v 3.77600145 1.39435995 1.78055334
v 3.78478122 1.38103867 1.77992713
v 3.78979492 1.37495351 1.77957094
v 3.85419273 1.32943106 1.77502155
v 3.83938408 1.33572805 1.77606428
v 3.84662104 1.33218396 1.7755543
v 3.8323102 1.33919239 1.77656269
v 3.80631447 1.35756874 1.77839923
v 3.80068398 1.36308515 1.77879822
v 3.79492402 1.3687284 1.7792064
v 3.82564354 1.34339094 1.77703321
v 3.81882381 1.34768605 1.77751458
v 3.81249785 1.35268366 1.77796197
v 4.77864218 1.15073025 1.53444409
v 4.78048611 1.14210606 1.53430784
v 4.78123045 1.13499868 1.53424978
v 4.77714825 1.15771806 1.5345546
v 4.78211927 1.11026025 1.53416717
v 4.78213263 1.11740661 1.53417206
v 4.78214931 1.1262269 1.53417826
v 4.78134823 1.10315561 1.53421533
v 4.76201248 1.19360125 1.53564465
v 4.75756025 1.20120859 1.53596282
v 4.75232601 1.20829821 1.53633535
v 4.76562023 1.18743765 1.5353868
v 4.77492189 1.16450691 1.53471613
v 4.77217436 1.17288589 1.53491557
v 4.76924086 1.17939901 1.53512645
v 4.7480855 1.21404254 1.53663719
v 4.75724888 1.03536892 1.53584778
v 4.76173019 1.04295969 1.5355401
v 4.75198841 1.02829838 1.53621054
v 4.73690033 1.01085746 1.53725326
v 4.730268 1.00506127 1.53771317
v 4.74174595 1.01609969 1.53691804
v 4.74772644 1.02256966 1.53650439
v 4.77852058 1.08576965 1.53439915
v 4.78039646 1.09438717 1.53427482
v 4.77700043 1.07878745 1.53449988
v 4.76536083 1.04911017 1.53529084
v 4.76831865 1.05561256 1.53508902
v 4.77474833 1.0720067 1.53465199
v 4.77196932 1.06363797 1.53483987
v 4.74325943 1.2193023 1.53697968
v 4.73730373 1.22579408 1.53740227
v 4.73194742 1.23050988 1.53778148
v 4.72533655 1.23633015 1.53824937
v 4.71814632 1.241413 1.53875732
v 4.71232033 1.24553144 1.53916895
v 4.70609045 1.24900556 1.53960824
v 4.69840193 1.25329351 1.5401504
v 4.6903019 1.25673783 1.54072082
v 4.68373919 1.25952852 1.54118288
v 4.67691755 1.26160407 1.54166245
v 4.66849852 1.26416576 1.54225445
v 4.66149521 1.26550269 1.54274619
v 4.65285254 1.26715279 1.54335308
v 4.64408302 1.26787257 1.54396808
v 4.63697767 1.26845574 1.54446638
v 4.62985086 1.26827848 1.54496551
v 4.62105513 1.26805985 1.54558158
v 4.61233234 1.26690507 1.54619181
v 4.60526466 1.26596951 1.54668617
v 4.59671307 1.26389182 1.54728353
v 4.5897851 1.26220846 1.54776764
v 4.58307409 1.25979626 1.54823577
v 4.57479143 1.25681925 1.54881358
v 4.56687164 1.25297654 1.54936528
v 4.56045485 1.24986315 1.54981232
v 4.55440426 1.2460835 1.55023313
v 4.54693651 1.24141872 1.5507524
v 4.54000568 1.2359848 1.55123353
v 4.71184349 0.99121153 1.53899252
v 4.71905279 0.99626809 1.53849161
v 4.72489405 1.00036514 1.5380857
v 4.70413828 0.98695177 1.53952885
v 4.697896 0.98350036 1.53996336
v 4.6832099 0.97731894 1.54098713
v 4.6913228 0.98073369 1.54042161
v 4.66795206 0.97273737 1.54205239
v 4.67478132 0.97478807 1.54157555
v 4.65229464 0.96980751 1.54314697
v 4.65930271 0.97111887 1.54265702
v 4.63641548 0.9685626 1.54425836
v 4.64518738 0.96925032 1.54364443
v 4.62762022 0.96881348 1.54487479
v 4.62049437 0.96901673 1.54537416
v 4.60471153 0.97116476 1.54648173
v 4.61343002 0.96997815 1.54586995
v 4.59616852 0.97327363 1.54708207
v 4.58254433 0.97741896 1.54803991
v 4.58924627 0.97498232 1.54756844
v 4.57427311 0.98042619 1.54862189
v 4.56636763 0.98429781 1.54917896
v 4.55996275 0.98743469 1.54963028
v 4.55392599 0.99123639 1.55005634
v 4.54647589 0.99592841 1.55058217
v 4.53956556 1.00138772 1.55107081
v 4.52257633 1.01697075 1.55227399
v 4.5288682 1.01080596 1.55182803
v 4.53396654 1.0058111 1.55146682
v 4.51803637 1.02248061 1.55259657
v 4.49334908 1.1725384 1.55444992
v 4.49074078 1.16588736 1.5546273
v 4.49986744 1.18708253 1.55400527
v 4.49656868 1.18074715 1.55423117
v 4.48510504 1.14178562 1.55500221
v 4.48395824 1.13473225 1.55507672
v 4.48885202 1.15899611 1.5547539
v 4.48652124 1.150491 1.55491018
v 4.52807474 1.22544014 1.55206072
v 4.5229578 1.22046387 1.55241513
v 4.53438997 1.23158193 1.55162334
v 4.5088172 1.20224273 1.55339074
v 4.50393915 1.1949017 1.55372643
v 4.51732969 1.21368396 1.55280387
v 4.51276922 1.2081908 1.55311882
v 4.49961138 1.05043626 1.55391049
v 4.50365353 1.0426023 1.55362082
v 4.49314737 1.06500411 1.55437541
v 4.49633598 1.05678368 1.55414522
v 4.49056387 1.07166457 1.55456185
v 4.51243353 1.02928102 1.55299473
v 4.50850391 1.03524339 1.55327499
v 4.48389816 1.10284424 1.55505466
v 4.4834733 1.12592542 1.55510342
v 4.48308039 1.11878979 1.55512512
v 4.4834466 1.11165285 1.55509353
v 4.48870087 1.07856262 1.55469811
v 4.48528147 1.09413385 1.55495059
v 4.48640203 1.08707631 1.55486619
v 4.7943964 1.12608266 1.70898259
v 4.79357767 1.13389647 1.70904636
v 4.79273319 1.14196181 1.70911217
v 4.79438162 1.11822581 1.7089771
v 4.78686857 1.16527784 1.70954227
v 4.78939533 1.15757382 1.70935893
v 4.79109049 1.14964414 1.70923352
v 4.78442144 1.17274165 1.7097199
v 4.79097223 1.08656669 1.70918977
v 4.78924751 1.0786432 1.70930409
v 4.78669214 1.07094848 1.70947683
v 4.7842164 1.06349373 1.70964408
v 4.79436636 1.110116 1.7089715
v 4.79349136 1.10205376 1.7090261
v 4.79264355 1.09424293 1.70907903
v 4.78096437 1.05634487 1.70986605
v 4.7434721 1.23100138 1.71263683
v 4.74955034 1.22564983 1.7122066
v 4.73758364 1.23618591 1.7130537
v 4.71064901 1.25314927 1.71495473
v 4.71749783 1.24932969 1.7144717
v 4.72456741 1.2453872 1.71397316
v 4.73117828 1.24071372 1.7135061
v 4.77377319 1.19428802 1.71048367
v 4.77786732 1.18729341 1.71019101
v 4.78109217 1.18013287 1.70995915
v 4.75485611 1.21986723 1.71183014
v 4.76033258 1.2138983 1.71144152
v 4.76514435 1.2073797 1.71109903
v 4.76980686 1.20106435 1.71076715
v 4.70343351 1.25621736 1.7154628
v 4.77760792 1.04896593 1.71009517
v 4.77348757 1.04198647 1.71037805
v 4.76481009 1.02892649 1.71097529
v 4.75997353 1.02242541 1.71130872
v 4.75464582 1.01666212 1.71167719
v 4.74914742 1.01071322 1.71205759
v 4.76949596 1.03522468 1.71065211
v 4.7432394 1.00555015 1.71246719
v 4.73051214 0.99557167 1.71335065
v 4.73714113 1.00022089 1.71289003
v 4.71722698 0.98727286 1.71427464
v 4.7240901 0.99106735 1.71379685
v 4.71014309 0.98335618 1.71476769
v 4.70268345 0.98021656 1.71528769
v 4.6879487 0.97492027 1.71631563
v 4.68019915 0.97259319 1.71685672
v 4.69545698 0.97717476 1.71579146
v 4.67249441 0.97115147 1.71739531
v 4.66454172 0.96966332 1.71795118
v 4.65647602 0.96903104 1.71851575
v 4.64866257 0.96841842 1.71906269
v 4.64082813 0.96864194 1.71961176
v 4.63274145 0.96887255 1.72017848
v 4.62472486 0.96996361 1.72074103
v 4.61695862 0.97102058 1.72128606
v 4.6093483 0.97289914 1.72182083
v 4.60149336 0.97483814 1.72237277
v 4.59388781 0.9776032 1.72290778
v 4.5865202 0.98028201 1.72342622
v 4.69598627 1.25938427 1.71598721
v 4.68824482 1.26173973 1.7165314
v 4.66509914 1.26700866 1.71815741
v 4.67279816 1.26553881 1.7176168
v 4.6572876 1.26764977 1.71870518
v 4.6807456 1.26402164 1.71705878
v 4.63330221 1.26791561 1.72038591
v 4.64113712 1.26811039 1.71983707
v 4.61751127 1.26582527 1.7214905
v 4.62553167 1.26688707 1.72092938
v 4.64922476 1.2683115 1.71927071
v 4.60203171 1.26206422 1.72257185
v 4.60989428 1.26397455 1.72202265
v 4.59441662 1.25932693 1.72310317
v 4.57270145 1.2497189 1.72461653
v 4.57998371 1.25325203 1.72410929
v 4.58703852 1.256675 1.72361791
v 4.5591836 1.2412746 1.72555673
v 4.56583548 1.24542987 1.72509408
v 4.55300951 1.2364341 1.72598529
v 4.54663706 1.23143768 1.72642756
v 4.54101133 1.22596669 1.72681725
v 4.53019094 1.21428037 1.72756565
v 4.53520489 1.22031963 1.72721934
v 4.52053118 1.20129681 1.72823179
v 4.52501583 1.20804656 1.72792315
v 4.51255941 1.1877923 1.72877908
v 4.51618624 1.19475746 1.72853076
v 4.50881577 1.18060291 1.7290355
v 4.52967167 1.02307916 1.72744441
v 4.52468061 1.02913678 1.72779906
v 4.53482294 1.01682651 1.72707832
v 4.51229954 1.04943645 1.72868323
v 4.50858307 1.05663943 1.72894955
v 4.52022076 1.03590298 1.72811711
v 4.51590061 1.04245806 1.72842515
v 4.56535959 0.99160469 1.72491813
v 4.55872297 0.99578422 1.7253865
v 4.57947826 0.98373079 1.72392237
v 4.57220936 0.9872905 1.72443461
v 4.54621363 1.00566685 1.72627103
v 4.54042768 1.01133513 1.72668111
v 4.55256701 1.00064731 1.72582173
v 4.49750662 1.14259219 1.72979641
v 4.49876785 1.15034676 1.72971451
v 4.49577284 1.12674308 1.72990477
v 4.49620485 1.134588 1.72988105
v 4.50594759 1.17329073 1.7292304
v 4.50084448 1.15792298 1.72957528
v 4.50298738 1.16574323 1.72943151
v 4.4973774 1.09494102 1.72976625
v 4.49864912 1.08693206 1.72967052
v 4.50574255 1.0639621 1.72915459
v 4.50281096 1.07152033 1.72936618
v 4.50069666 1.07934833 1.7295208
v 4.4957428 1.11054659 1.72989357
v 4.49532747 1.11864555 1.72992933
v 4.49614525 1.10270011 1.72985888
v 9.32024097 0.08648786 1.21537864
v 9.31469154 0.08415209 1.2157656
v 9.32648373 0.08993928 1.21494412
v 9.33418846 0.09419905 1.2144078
v 9.34139824 0.09925563 1.21390688
v 9.34723949 0.10335265 1.2135011
v 9.35261345 0.10804886 1.21312845
v 9.3592453 0.11384495 1.21266854
v 9.37007141 0.12555708 1.21191967
v 9.37433338 0.13128583 1.21162581
v 9.36409092 0.11908714 1.21233344
v 9.37959385 0.13835633 1.21126318
v 9.38407516 0.14594722 1.21095538
v 9.3877058 0.15209766 1.21070611
v 9.39709377 0.17499422 1.21006727
v 9.39431477 0.1666254 1.21025515
v 9.39066315 0.15860006 1.21050429
v 9.40086555 0.18875712 1.20981443
v 9.3993454 0.18177493 1.20991516
v 9.40446377 0.21324769 1.20958245
v 9.40447712 0.22039412 1.20958745
v 9.4036932 0.20614311 1.20963061
v 9.40274143 0.19737461 1.20969009
v 9.347682 0.33931765 1.21366465
v 9.34049129 0.34440053 1.2141726
v 9.3596487 0.32878155 1.21281755
v 9.35429192 0.33349735 1.21319675
v 9.37042999 0.31702995 1.21205258
v 9.3644743 0.3235217 1.21247518
v 9.31418324 0.35907167 1.21602786
v 9.30990982 0.3608892 1.21632886
v 9.32074642 0.35628095 1.2155658
v 9.32843494 0.35199308 1.21502352
v 9.3346653 0.34851888 1.21458423
v 9.39949322 0.26070553 1.20996988
v 9.39726639 0.26749444 1.21013153
v 9.40098763 0.25371784 1.20985949
v 9.4035759 0.23798622 1.20966518
v 9.40283108 0.24509355 1.20972311
v 9.40449429 0.2292143 1.20959353
v 9.37990475 0.304196 1.2113781
v 9.37467098 0.31128567 1.21175063
v 9.38435745 0.29658878 1.21105993
v 9.39451885 0.27587336 1.21033084
v 9.3908987 0.28391194 1.2105912
v 9.3879652 0.29042512 1.21080208
v 9.25932312 0.37144321 1.21988165
v 9.26809216 0.37072346 1.21926665
v 9.27519703 0.37014028 1.21876848
v 9.25219631 0.37126598 1.22038078
v 9.24339962 0.37104726 1.22099698
v 9.23467731 0.36989251 1.22160709
v 9.22760963 0.36895692 1.22210145
v 9.30608463 0.36251599 1.21659815
v 9.299263 0.36459157 1.21707785
v 9.29084301 0.36715326 1.21766984
v 9.28219986 0.36880335 1.21827674
v 9.22068119 0.36727354 1.22258556
v 9.20541859 0.36278376 1.22365105
v 9.19713688 0.35980675 1.22422886
v 9.21212959 0.36519587 1.22318292
v 9.18921661 0.35596406 1.22478068
v 9.18279934 0.35285059 1.22522759
v 9.17533207 0.34818581 1.22574699
v 9.16928101 0.34440622 1.2261678
v 9.16366577 0.34000337 1.22655761
v 9.15673542 0.33456933 1.22703862
v 9.15041924 0.32842761 1.227476
v 9.14530277 0.32345137 1.22783041
v 9.13967419 0.31667155 1.22821915
v 9.13511372 0.3111783 1.2285341
v 9.30555534 0.08030646 1.21640253
v 9.3136673 0.08372115 1.21583688
v 9.29712582 0.07777553 1.21699095
v 9.29029655 0.07572488 1.21746767
v 9.28164673 0.0741064 1.2180723
v 9.26586723 0.07210733 1.21917629
v 9.27463913 0.07279504 1.21856225
v 9.25876045 0.07155012 1.21967375
v 9.23577499 0.07296567 1.22128522
v 9.24283886 0.07200425 1.22078955
v 9.2516346 0.07175338 1.22017312
v 9.2270565 0.07415227 1.22189701
v 9.22013378 0.07586095 1.2223835
v 9.13023663 0.30383718 1.2288698
v 9.1262846 0.29788917 1.22914183
v 9.12221241 0.29006997 1.22942066
v 9.11891365 0.28373456 1.22964644
v 9.11630535 0.27708358 1.22982371
v 9.11308575 0.26887485 1.23004258
v 9.21159077 0.07796984 1.22298372
v 9.20331955 0.0809771 1.2235657
v 9.1902132 0.08655061 1.22448862
v 9.19661808 0.08341371 1.22403729
v 9.18402576 0.08958065 1.22492456
v 9.11223221 0.26576126 1.2300998
v 9.1449213 0.11995821 1.22768927
v 9.13931847 0.12675855 1.22808743
v 9.13477802 0.13226843 1.22841012
v 9.15121365 0.11379346 1.2272433
v 9.12272358 0.15193714 1.22927094
v 9.1259985 0.14558972 1.22903621
v 9.12992764 0.13962729 1.22875595
v 9.11868095 0.15977116 1.22956049
v 9.18230724 0.09042219 1.22504568
v 9.17485714 0.09511423 1.22557151
v 9.15631199 0.10879856 1.2268821
v 9.16322231 0.10333923 1.22639346
v 9.16882133 0.09891589 1.22599757
v 9.1059103 0.23058411 1.23051369
v 9.10542488 0.22177729 1.23054039
v 9.10579109 0.21464029 1.23050892
v 9.10624313 0.20583175 1.23046994
v 9.10745049 0.2447731 1.23041749
v 9.10630322 0.23771973 1.230492
v 9.10886574 0.25347844 1.23032546
v 9.11119652 0.26198363 1.23016918
v 9.10762691 0.19712129 1.23036587
v 9.11104584 0.18155012 1.23011351
v 9.11290836 0.17465204 1.22997725
v 9.11549187 0.16799156 1.22979069
v 9.10874748 0.19006377 1.23028147
v 9.38715458 0.13191389 1.38639057
v 9.39184093 0.13821214 1.38606751
v 9.39583206 0.14497396 1.38579333
v 9.3823185 0.1254129 1.386724
v 9.37699127 0.1196496 1.38709247
v 9.37149239 0.11370078 1.38747287
v 9.36558437 0.10853773 1.38788247
v 9.39995289 0.15195347 1.38551044
v 9.40330887 0.15933241 1.38528144
v 9.40903664 0.17393599 1.38489211
v 9.4065609 0.16648121 1.38505948
v 9.41159248 0.18163075 1.38471949
v 9.41331768 0.18955414 1.38460517
v 9.35285759 0.09855917 1.38876593
v 9.34643555 0.09405487 1.38921213
v 9.35948563 0.10320847 1.38830543
v 9.33248806 0.08634368 1.39018297
v 9.32693768 0.08400785 1.39056993
v 9.33957195 0.09026035 1.38968992
v 9.41498852 0.19723043 1.38449442
v 9.41671085 0.2131035 1.38438678
v 9.41583633 0.20504124 1.38444149
v 9.41672611 0.22121328 1.38439238
v 9.41592312 0.23688398 1.38446164
v 9.41674137 0.22907011 1.38439786
v 9.41507816 0.24494937 1.38452744
v 9.4117403 0.26056135 1.38477421
v 9.41343594 0.25263172 1.38464892
v 9.40921307 0.2682654 1.38495755
v 9.40354061 0.28288981 1.38536704
v 9.40676594 0.27572918 1.38513517
v 9.40021229 0.29028094 1.38560641
v 9.39611816 0.29727545 1.38589895
v 9.39215183 0.30405182 1.38618243
v 9.38748932 0.31036717 1.38651431
v 9.38267708 0.31688577 1.38685679
v 9.37189579 0.32863736 1.38762188
v 9.37737179 0.32266849 1.38723326
v 9.36581707 0.33398888 1.38805211
v 9.34691238 0.34837469 1.38938856
v 9.35352325 0.34370121 1.3889215
v 9.35992813 0.33917347 1.38846898
v 9.32554626 0.35930365 1.39089441
v 9.33299351 0.35613677 1.39037013
v 9.3398428 0.35231721 1.38988709
v 9.32215595 0.36074516 1.39113319
v 9.29539108 0.36847895 1.39301467
v 9.28744411 0.3699961 1.39357269
v 9.2793808 0.37065789 1.3941381
v 9.3030901 0.36700907 1.39247406
v 9.31058979 0.36472717 1.39194679
v 9.31833076 0.3623718 1.39140248
v 9.27157021 0.37129903 1.39468598
v 9.26348209 0.37109792 1.39525247
v 9.25564671 0.37090307 1.39580119
v 9.23199368 0.36690244 1.3974551
v 9.23985672 0.36881274 1.39690578
v 9.24787617 0.36987445 1.39634478
v 9.22437668 0.36505169 1.39798725
v 9.32502842 0.08320402 1.39070296
v 9.3102932 0.07790778 1.39173102
v 9.31780148 0.08016228 1.39120674
v 9.30254364 0.0755807 1.392272
v 9.29483891 0.07413898 1.39281058
v 9.25508595 0.07186007 1.39559388
v 9.24706936 0.07295109 1.39615643
v 9.28688622 0.07265086 1.39336658
v 9.27907276 0.07203826 1.39391351
v 9.26292038 0.0716366 1.3950448
v 9.27100754 0.07140595 1.39447796
v 9.23930359 0.07400809 1.39670134
v 9.21676064 0.36231443 1.39851844
v 9.20938301 0.35966256 1.39903319
v 9.19504642 0.3527064 1.40003192
v 9.20232773 0.35623959 1.39952469
v 9.18839455 0.34855112 1.40049458
v 9.18152809 0.34426203 1.40097201
v 9.16898155 0.33442515 1.40184295
v 9.17515564 0.33926567 1.40141439
v 9.16335583 0.32895422 1.40223253
v 9.15754986 0.32330719 1.40263474
v 9.15253544 0.31726786 1.40298104
v 9.1473608 0.31103411 1.40333843
v 9.14301586 0.3044948 1.40363741
v 9.20159626 0.08682928 1.39935374
v 9.19627285 0.08943637 1.39972889
v 9.20886517 0.08326953 1.3988415
v 9.23144817 0.07594711 1.39725327
v 9.22383785 0.07782566 1.39778805
v 9.21646976 0.08050448 1.39830649
v 9.13853073 0.29774499 1.40394604
v 9.13490391 0.2907798 1.40419447
v 9.12820053 0.27604285 1.404652
v 9.13116074 0.28359038 1.40445077
v 9.12447929 0.26561731 1.40490401
v 9.12533283 0.26873067 1.40484679
v 9.11849022 0.20568757 1.40527427
v 9.11972237 0.19792847 1.40518153
v 9.12099361 0.18991959 1.4050858
v 9.11808777 0.21353404 1.40530896
v 9.12808704 0.16694956 1.40456986
v 9.12515545 0.17450786 1.40478158
v 9.12304115 0.18233579 1.40493608
v 9.13092804 0.15962698 1.40436482
v 9.11767197 0.22163311 1.40534472
v 9.11810398 0.22947806 1.40532088
v 9.1185503 0.23757555 1.40529633
v 9.11985207 0.24557973 1.40521169
v 9.12111282 0.25333425 1.40512979
v 9.12318897 0.26091054 1.40499055
v 9.18106747 0.09877171 1.40080178
v 9.17471409 0.10379131 1.40125108
v 9.16855812 0.10865437 1.40168643
v 9.16277313 0.1143226 1.40209639
v 9.19455433 0.09027801 1.39984989
v 9.18791771 0.09445759 1.40031826
v 9.15716839 0.11981404 1.4024936
v 9.13452911 0.15264858 1.40410686
v 9.13824558 0.14544554 1.40384042
v 9.15217686 0.12587164 1.40284824
v 9.14702511 0.13212425 1.40321434
v 9.14270496 0.13867939 1.40352249
v 11.0023222 0.56359881 1.09792435
v 11.01109219 0.56287903 1.09730935
v 11.01809502 0.56154209 1.09681761
v 10.99521732 0.56418198 1.09842265
v 11.04197884 0.5552547 1.09513915
v 11.0351572 0.55733031 1.09561872
v 11.02673817 0.559892 1.09621072
v 11.04854202 0.55246401 1.09467697
v 10.98809052 0.56400478 1.09892178
v 10.97929478 0.56378603 1.09953785
v 10.9722271 0.56285042 1.10003221
v 10.96350384 0.56169569 1.10064244
v 10.95495319 0.55961806 1.1012398
v 10.94802475 0.55793464 1.10172379
v 10.94131374 0.55552256 1.10219204
v 11.04144955 0.27304521 1.0949434
v 11.04466152 0.27439728 1.09471953
v 11.0562458 0.54918814 1.09413457
v 11.02619171 0.26846364 1.09600866
v 11.03302097 0.27051428 1.09553182
v 11.01918411 0.26715228 1.09649849
v 11.01053429 0.2655338 1.09710312
v 11.00342655 0.26497659 1.0976007
v 10.93391991 0.55286497 1.10270786
v 10.98585987 0.26453975 1.09883106
v 10.99465466 0.2642889 1.09821463
v 10.97731209 0.26493657 1.0994302
v 10.97873402 0.26474303 1.09933043
v 10.84219742 0.43045849 1.10903299
v 10.84334469 0.43751186 1.10895848
v 10.84476089 0.44621721 1.10886645
v 10.84171295 0.42165166 1.10905969
v 10.84132004 0.41451606 1.10908127
v 10.84168625 0.40737906 1.1090498
v 10.84213829 0.39857051 1.10901082
v 10.85480785 0.47647333 1.10818744
v 10.85219955 0.46982235 1.1083647
v 10.85888004 0.48429251 1.10790861
v 10.84664917 0.45310843 1.10873973
v 10.84897995 0.46161363 1.10858345
v 10.8621788 0.49062791 1.1076827
v 10.84352112 0.38986006 1.10890675
v 10.84464169 0.38280255 1.10882246
v 10.86232853 0.33766931 1.10754609
v 10.86582279 0.33236605 1.10729682
v 10.84526539 0.38049144 1.10877681
v 10.87521267 0.31949732 1.10662842
v 10.88081551 0.31269699 1.10623026
v 10.87067318 0.3250072 1.106951
v 10.88591385 0.30770209 1.10586894
v 10.89911652 0.296078 1.10493433
v 10.90471554 0.29165465 1.10453844
v 10.89220619 0.30153733 1.10542297
v 10.89262962 0.52730811 1.10557961
v 10.88751221 0.52233183 1.10593402
v 10.89824486 0.53171092 1.1051898
v 10.87556934 0.50941032 1.10676014
v 10.88119698 0.51619011 1.1063714
v 10.87100887 0.50391704 1.1070751
v 10.93303108 0.55254549 1.10276985
v 10.92511177 0.54870284 1.10332155
v 10.90517616 0.53714496 1.10470867
v 10.91264343 0.5418098 1.10418928
v 10.9186945 0.54558933 1.10376859
v 10.86705685 0.49796903 1.10734701
v 10.92460728 0.28002405 1.10313523
v 10.9182024 0.28316095 1.10358655
v 10.93251324 0.27615246 1.10257816
v 10.91216564 0.28696263 1.10401261
v 10.94748592 0.27070859 1.10152459
v 10.95602894 0.26859972 1.10092437
v 10.94078445 0.2731452 1.10199618
v 10.97001553 0.26592961 1.09994221
v 10.96295166 0.26689103 1.100438
v 10.84880352 0.36739081 1.10851812
v 10.84650421 0.37590447 1.10868621
v 10.85199261 0.35917038 1.10828793
v 10.86189365 0.33832848 1.10757709
v 10.85457611 0.35250992 1.10810149
v 10.85785103 0.3461625 1.10786676
v 11.13041401 0.4686121 1.08887184
v 11.13316154 0.46023321 1.0886724
v 11.13538837 0.4534443 1.08851087
v 11.12748051 0.47512528 1.08908272
v 11.12385941 0.48316389 1.08934307
v 11.11940765 0.49077111 1.08966124
v 11.1157999 0.49693477 1.08991909
v 11.13688183 0.44645658 1.08840036
v 11.13872528 0.43783233 1.08826411
v 11.14038849 0.42195308 1.08813453
v 11.1394701 0.43072498 1.08820617
v 11.14037228 0.41313288 1.08812845
v 11.07775021 0.53617477 1.09261727
v 11.0705595 0.54125762 1.09312522
v 11.0835762 0.53205639 1.09220564
v 11.05664158 0.54901969 1.09410667
v 11.06287098 0.54554552 1.09366739
v 11.10632515 0.50976872 1.09059346
v 11.11056614 0.50402445 1.09029162
v 11.09554291 0.52152032 1.09135854
v 11.08893204 0.52734059 1.09182656
v 11.10149956 0.51502854 1.09093595
v 11.13863659 0.39011338 1.08823109
v 11.1395874 0.39888188 1.0881716
v 11.14035892 0.40598646 1.08812344
v 11.1352396 0.37451369 1.08845615
v 11.13711643 0.38313118 1.08833182
v 11.13246059 0.36614487 1.08864391
v 11.1265583 0.35133883 1.08904529
v 11.13020897 0.35936415 1.08879614
v 11.12360001 0.34483641 1.08924711
v 11.11911964 0.33724552 1.08955479
v 11.11548901 0.3310951 1.08980405
v 11.11122608 0.32536635 1.0900979
v 11.10596561 0.31829584 1.09046066
v 11.09514046 0.30658373 1.09120941
v 11.09998608 0.3118259 1.09087431
v 11.0897665 0.30188751 1.09158206
v 11.0831337 0.29609141 1.09204197
v 11.07008266 0.2869378 1.09294879
v 11.07592392 0.29103485 1.09254289
v 11.06237793 0.28267804 1.09348512
v 11.04956245 0.27645993 1.09437788
v 11.05613518 0.27922663 1.09391963
v 11.05690861 0.27425316 1.26952374
v 11.05369663 0.27290103 1.26974773
v 11.03898525 0.55974782 1.27101493
v 11.04648495 0.55746591 1.27048767
v 11.05422592 0.55511051 1.26994336
v 11.06167316 0.55194366 1.26941895
v 11.06849289 0.54904389 1.26893878
v 11.04618835 0.27064654 1.2702719
v 11.0384388 0.26831946 1.27081287
v 11.02278137 0.26538962 1.27190745
v 11.03048611 0.26683134 1.27136886
v 11.01471519 0.26475731 1.27247202
v 11.00690174 0.26414472 1.27301896
v 10.99906731 0.26436818 1.27356803
v 10.9909811 0.26459885 1.27413476
v 11.03128624 0.56121773 1.27155554
v 11.02333927 0.56273484 1.27211356
v 11.01552773 0.56337601 1.27266145
v 11.00746441 0.5640378 1.27322686
v 10.99937725 0.56383669 1.27379334
v 10.98352146 0.56258011 1.27490318
v 10.99154186 0.56364185 1.27434206
v 10.97575092 0.56155151 1.27544677
v 10.98955917 0.26479238 1.27423453
v 10.96027184 0.55779046 1.27652812
v 10.96813393 0.55970079 1.2759788
v 10.95265579 0.55505323 1.27705944
v 10.94616699 0.55272084 1.27751207
v 10.86705494 0.47632915 1.28299177
v 10.86409473 0.46878162 1.28319299
v 10.86122704 0.46146944 1.28338778
v 10.87068176 0.48329434 1.28274345
v 10.87442589 0.49048373 1.28248703
v 10.87877083 0.49702308 1.28218806
v 10.88325596 0.50377285 1.28187931
v 10.85574627 0.43831849 1.28375268
v 10.85700798 0.44607303 1.28367078
v 10.85401249 0.42246938 1.28386116
v 10.8544445 0.4303143 1.28383732
v 10.85915089 0.45389318 1.28352702
v 10.85356712 0.41437188 1.2838856
v 10.93094158 0.54544514 1.2785728
v 10.93822289 0.54897833 1.27806556
v 10.94527817 0.5524013 1.27757406
v 10.92407513 0.54115611 1.27905035
v 10.89344406 0.51604593 1.28117573
v 10.89906979 0.52151686 1.28078604
v 10.8884306 0.51000661 1.28152192
v 10.91742325 0.53700078 1.279513
v 10.91124916 0.53216028 1.27994156
v 10.90487671 0.52716392 1.28038383
v 10.85688877 0.38265836 1.28362679
v 10.85561657 0.39066723 1.28372252
v 10.85751247 0.3803485 1.28358114
v 10.85398197 0.40627283 1.28384984
v 10.85438442 0.39842632 1.28381526
v 10.87860012 0.33141816 1.28206336
v 10.87457561 0.33752453 1.28235042
v 10.88292027 0.32486302 1.28175533
v 10.88807201 0.3186104 1.28138924
v 10.89884758 0.30688459 1.28062451
v 10.89306259 0.31255281 1.28103459
v 10.90445328 0.30139315 1.2802273
v 10.91060829 0.29653007 1.27979207
v 10.91696262 0.29151046 1.27934277
v 10.92359924 0.2873309 1.2788744
v 10.93771839 0.27945703 1.27787864
v 10.93044949 0.28301677 1.27839088
v 10.94476032 0.27600828 1.27738249
v 10.95212746 0.27332947 1.27686405
v 10.95973301 0.27056441 1.27632892
v 10.97519875 0.26674685 1.27524221
v 10.96734333 0.26868588 1.27579427
v 10.98321438 0.26565585 1.27467978
v 10.85900211 0.37483042 1.28347218
v 10.86105061 0.36724663 1.28332245
v 10.86389065 0.35992405 1.28311741
v 10.87053967 0.34516269 1.28263938
v 10.8668232 0.35236573 1.28290582
v 10.87414074 0.3381843 1.28238142
v 11.06888866 0.54887551 1.268911
v 11.0759573 0.54493302 1.26841247
v 11.08280659 0.54111344 1.26792943
v 11.08921146 0.53658575 1.26747692
v 11.09582329 0.53191221 1.26700985
v 11.10190105 0.52656072 1.26657963
v 11.10778999 0.52137613 1.26616275
v 11.11857224 0.50962454 1.26539767
v 11.12338448 0.50310594 1.26505518
v 11.11309528 0.51559341 1.26578629
v 11.12804699 0.49679059 1.2647233
v 11.13214016 0.4897961 1.26443076
v 11.13610649 0.48301971 1.26414728
v 11.14266109 0.46846792 1.26367605
v 11.14510822 0.46100417 1.26349843
v 11.13933182 0.47585908 1.26391542
v 11.14933014 0.44537047 1.26318979
v 11.14763546 0.45330012 1.26331508
v 11.15263557 0.4218089 1.26293874
v 11.15262127 0.41395205 1.26293325
v 11.15181732 0.42962274 1.26300251
v 11.15097237 0.43768814 1.26306844
v 11.08895874 0.29144293 1.2672925
v 11.09538078 0.29594722 1.2668463
v 11.1012888 0.3011103 1.26643658
v 11.10738754 0.30643955 1.26601374
v 11.1182127 0.31815165 1.26526499
v 11.11288548 0.31238839 1.26563346
v 11.06092262 0.2759428 1.26924396
v 11.06838226 0.27908245 1.26872396
v 11.07546616 0.28299913 1.2682308
v 11.08232975 0.28679362 1.26775312
v 11.14748669 0.3743695 1.26326036
v 11.14501095 0.36691475 1.26342762
v 11.14915848 0.38204581 1.26314962
v 11.15173054 0.39778 1.26298237
v 11.15260601 0.40584227 1.26292765
v 11.15088272 0.3899692 1.2630353
v 11.12773609 0.33095092 1.26460826
v 11.12289906 0.32444993 1.26494181
v 11.13185596 0.33793041 1.26432538
v 11.14245605 0.35921997 1.26360035
v 11.13920403 0.35207117 1.26382232
v 11.13584709 0.34469223 1.26405144
vn -0.99754 0.00508 0.06989
vn -0.99754 0.00508 0.06989
vn -0.96797 -0.2418 0.06762
vn -0.96797 -0.2418 0.06762
vn -0.88735 -0.45693 0.06179
vn -0.88735 -0.45693 0.06179
vn -0.64826 -0.7601 0.04479
vn -0.64826 -0.7601 0.04479
vn -0.34214 -0.93936 0.0232
vn -0.34214 -0.93936 0.0232
vn -0.20414 -0.97885 0.01349
vn -0.20414 -0.97885 0.01349
vn -0.18668 -0.98234 0.01227
vn -0.18668 -0.98234 0.01227
vn -0.20995 -0.97761 0.0139
vn -0.20995 -0.97761 0.0139
vn -0.28519 -0.95828 0.01919
vn -0.28519 -0.95828 0.01919
vn -0.31455 -0.949 0.02125
vn -0.31455 -0.949 0.02125
vn -0.38746 -0.92151 0.02639
vn -0.38746 -0.92151 0.02639
vn -0.41614 -0.90886 0.02841
vn -0.41614 -0.90886 0.02841
vn -0.38674 -0.92181 0.02634
vn -0.38674 -0.92181 0.02634
vn -0.33508 -0.94192 0.0227
vn -0.33508 -0.94192 0.0227
vn -0.26741 -0.96342 0.01794
vn -0.26741 -0.96342 0.01794
vn -0.21988 -0.97542 0.0146
vn -0.21988 -0.97542 0.0146
vn -0.16061 -0.98696 0.01044
vn -0.16061 -0.98696 0.01044
vn -0.08265 -0.99657 0.00497
vn -0.04405 -0.99903 0.00226
vn -0.04405 -0.99903 0.00226
vn 0.04578 -0.99894 -0.00403
vn 0.04578 -0.99894 -0.00403
vn 0.0577 -0.99832 -0.00487
vn 0.0577 -0.99832 -0.00487
vn 0.16929 -0.98549 -0.01267
vn 0.16928 -0.98549 -0.01267
vn 0.06953 -0.99756 -0.00569
vn 0.06953 -0.99756 -0.00569
vn 0.46069 -0.88695 -0.03301
vn 0.46069 -0.88695 -0.03301
vn 0.6035 -0.79621 -0.04294
vn 0.6035 -0.79621 -0.04294
vn 0.97554 -0.20886 -0.06852
vn 0.99745 0.01486 -0.06987
vn 0.99745 0.01486 -0.06987
vn 0.96797 0.2418 -0.06761
vn 0.96797 0.2418 -0.06762
vn 0.82492 0.56234 -0.05733
vn 0.49099 0.87052 -0.03368
vn 0.49099 0.87052 -0.03368
vn 0.14572 0.98928 -0.00939
vn -0.21886 0.97562 0.01614
vn -0.21886 0.97562 0.01614
vn -0.13103 0.99133 0.01
vn -0.07125 0.99744 0.00581
vn -0.07125 0.99744 0.00581
vn -0.04087 0.99916 0.00369
vn -0.04087 0.99916 0.00369
vn 0.01601 0.99987 -0.0003
vn 0.01601 0.99987 -0.0003
vn 0.07374 0.99727 -0.00434
vn 0.07374 0.99727 -0.00434
vn 0.12632 0.99196 -0.00803
vn 0.12632 0.99196 -0.00803
vn 0.19732 0.98025 -0.01302
vn 0.19732 0.98025 -0.01302
vn 0.23254 0.97246 -0.01549
vn 0.23254 0.97246 -0.01549
vn 0.28541 0.95821 -0.01921
vn 0.31833 0.94773 -0.02152
vn 0.31833 0.94773 -0.02152
vn 0.40686 0.91307 -0.02775
vn 0.40686 0.91307 -0.02775
vn 0.46346 0.88555 -0.03174
vn 0.46346 0.88555 -0.03174
vn 0.34524 0.93822 -0.02341
vn 0.34524 0.93822 -0.02341
vn 0.31993 0.94719 -0.02163
vn 0.30121 0.95334 -0.02032
vn 0.30121 0.95334 -0.02032
vn 0.18668 0.98234 -0.01227
vn 0.18668 0.98234 -0.01227
vn 0.18668 0.98234 -0.01227
vn 0.18668 0.98234 -0.01227
vn 0.02634 0.99965 -0.00102
vn 0.02634 0.99965 -0.00102
vn -0.13951 0.99016 0.01059
vn -0.1395 0.99016 0.01059
vn -0.6333 0.7726 0.04501
vn -0.6333 0.7726 0.04501
vn -0.69574 0.7166 0.04934
vn -0.69574 0.7166 0.04933
vn -0.96769 0.24282 0.068
vn -0.96769 0.24282 0.068
vn -0.06989 0.00082 -0.99755
vn -0.06989 0.00082 -0.99755
vn -0.06989 0.00082 -0.99755
vn -0.06989 0.00082 -0.99755
vn -0.06989 0.00082 -0.99755
vn -0.06989 0.00082 -0.99755
vn -0.06989 0.00082 -0.99755
vn -0.06989 0.00082 -0.99755
vn -0.06989 0.00082 -0.99755
vn -0.06989 0.00082 -0.99755
vn -0.06989 0.00082 -0.99755
vn -0.06989 0.00082 -0.99755
vn -0.06989 0.00082 -0.99755
vn -0.06989 0.00082 -0.99755
vn -0.06989 0.00082 -0.99755
vn -0.06989 0.00082 -0.99755
vn -0.06989 0.00082 -0.99755
vn -0.06989 0.00082 -0.99755
vn -0.06989 0.00082 -0.99755
vn -0.06989 0.00082 -0.99755
vn -0.06989 0.00082 -0.99755
vn -0.06989 0.00082 -0.99755
vn 0.06989 -0.00082 0.99755
vn 0.06989 -0.00082 0.99755
vn 0.06989 -0.00082 0.99755
vn 0.06989 -0.00082 0.99755
vn 0.06989 -0.00082 0.99755
vn 0.06989 -0.00082 0.99755
vn 0.06989 -0.00082 0.99755
vn 0.06989 -0.00082 0.99755
vn 0.06989 -0.00082 0.99755
vn 0.06989 -0.00082 0.99755
vn 0.06989 -0.00082 0.99755
vn 0.06989 -0.00082 0.99755
vn 0.06989 -0.00082 0.99755
vn 0.06989 -0.00082 0.99755
vn 0.06989 -0.00082 0.99755
vn 0.06989 -0.00082 0.99755
vn 0.06989 -0.00082 0.99755
vn 0.06989 -0.00082 0.99755
vn 0.06989 -0.00082 0.99755
vn 0.06989 -0.00082 0.99755
vn 0.06989 -0.00082 0.99755
vn 0.06989 -0.00082 0.99755
vn -0.06989 0.00082 -0.99755
vn -0.06989 0.00082 -0.99755
vn 0.06989 -0.00082 0.99755
vn 0.06989 -0.00082 0.99755
vn 0.13425 0.99091 -0.00859
vn 0.13426 0.99091 -0.00859
vn 0.02843 0.9996 -0.00117
vn 0.02843 0.9996 -0.00117
vn -0.07772 0.99696 0.00627
vn -0.07772 0.99696 0.00627
vn -0.18299 0.98302 0.01363
vn -0.183 0.98302 0.01363
vn -0.28619 0.95794 0.02084
vn -0.28618 0.95795 0.02084
vn -0.38615 0.92202 0.02781
vn -0.38615 0.92202 0.02781
vn -0.48172 0.87565 0.03447
vn -0.48172 0.87565 0.03447
vn -0.57184 0.81935 0.04074
vn -0.57184 0.81935 0.04074
vn -0.65551 0.75375 0.04655
vn -0.65551 0.75375 0.04655
vn -0.7317 0.67966 0.05182
vn -0.7317 0.67966 0.05182
vn -0.79964 0.59782 0.05652
vn -0.85849 0.50925 0.06057
vn -0.85849 0.50925 0.06057
vn -0.90763 0.41488 0.06393
vn -0.90763 0.41488 0.06393
vn -0.94649 0.31579 0.06657
vn -0.94649 0.31579 0.06657
vn -0.97462 0.21316 0.06846
vn -0.97462 0.21316 0.06846
vn -0.9917 0.10814 0.06957
vn -0.99171 0.10808 0.06957
vn -0.99755 0.0018 0.06989
vn -0.99755 0.00186 0.06989
vn -0.9921 -0.10448 0.06942
vn -0.9921 -0.10448 0.06942
vn -0.9754 -0.20962 0.06816
vn -0.9754 -0.20962 0.06816
vn -0.94768 -0.31231 0.06614
vn -0.94768 -0.31231 0.06614
vn -0.90917 -0.41157 0.06336
vn -0.90917 -0.41157 0.06336
vn -0.86039 -0.50611 0.05986
vn -0.86039 -0.50611 0.05986
vn -0.80189 -0.59487 0.05569
vn -0.80186 -0.59491 0.05569
vn -0.73424 -0.67698 0.05088
vn -0.73427 -0.67695 0.05088
vn -0.65832 -0.75136 0.0455
vn -0.57491 -0.81726 0.0396
vn -0.5749 -0.81726 0.0396
vn -0.48502 -0.87387 0.03326
vn -0.48499 -0.87389 0.03326
vn -0.3896 -0.9206 0.02654
vn -0.38962 -0.92059 0.02654
vn -0.28978 -0.95689 0.01951
vn -0.28977 -0.9569 0.01951
vn -0.18667 -0.98235 0.01227
vn -0.18668 -0.98234 0.01227
vn -0.08146 -0.99666 0.00489
vn -0.08146 -0.99666 0.00489
vn 0.02468 -0.99969 -0.00255
vn 0.02468 -0.99969 -0.00255
vn 0.13054 -0.99139 -0.00996
vn 0.23492 -0.97186 -0.01726
vn 0.23492 -0.97186 -0.01726
vn 0.33666 -0.94131 -0.02436
vn 0.33665 -0.94131 -0.02436
vn 0.43454 -0.90011 -0.03119
vn 0.43454 -0.90011 -0.03119
vn 0.52756 -0.84868 -0.03766
vn 0.52753 -0.8487 -0.03766
vn 0.61453 -0.78768 -0.0437
vn 0.61456 -0.78766 -0.04371
vn 0.69457 -0.71774 -0.04925
vn 0.69457 -0.71774 -0.04925
vn 0.76674 -0.63966 -0.05425
vn 0.76674 -0.63966 -0.05425
vn 0.83026 -0.55429 -0.05863
vn 0.83026 -0.55429 -0.05863
vn 0.88431 -0.46272 -0.06234
vn 0.88431 -0.46272 -0.06234
vn 0.92838 -0.36585 -0.06534
vn 0.92838 -0.36585 -0.06534
vn 0.96191 -0.26489 -0.06761
vn 0.96191 -0.26489 -0.06761
vn 0.98456 -0.16083 -0.06911
vn 0.98456 -0.16083 -0.06911
vn 0.99604 -0.05503 -0.06983
vn 0.99604 -0.05503 -0.06983
vn 0.99624 0.05137 -0.06976
vn 0.99624 0.05137 -0.06975
vn 0.98515 0.15729 -0.06889
vn 0.98515 0.15729 -0.06889
vn 0.9629 0.26135 -0.06725
vn 0.96291 0.2613 -0.06725
vn 0.92975 0.36243 -0.06484
vn 0.92973 0.36248 -0.06484
vn 0.88604 0.45948 -0.0617
vn 0.88604 0.45948 -0.0617
vn 0.83229 0.55131 -0.05786
vn 0.83232 0.55127 -0.05786
vn 0.76916 0.63683 -0.05336
vn 0.76913 0.63686 -0.05336
vn 0.69726 0.71519 -0.04826
vn 0.69726 0.71519 -0.04826
vn 0.61749 0.78542 -0.04261
vn 0.61749 0.78542 -0.04261
vn 0.53073 0.84676 -0.03648
vn 0.53073 0.84676 -0.03648
vn 0.43792 0.89851 -0.02994
vn 0.43792 0.89851 -0.02994
vn 0.34016 0.94009 -0.02306
vn 0.34018 0.94008 -0.02306
vn 0.23858 0.97099 -0.01591
vn 0.23856 0.971 -0.01591
vn -0.06989 0.00082 -0.99755
vn -0.06989 0.00082 -0.99755
vn 0.06989 -0.00082 0.99755
vn 0.06989 -0.00082 0.99755
vn 0.13426 0.99091 -0.00859
vn 0.13426 0.99091 -0.00859
vn 0.02843 0.9996 -0.00117
vn 0.02843 0.9996 -0.00117
vn -0.07772 0.99696 0.00627
vn -0.07772 0.99696 0.00627
vn -0.183 0.98302 0.01363
vn -0.18299 0.98302 0.01363
vn -0.28619 0.95795 0.02084
vn -0.28619 0.95795 0.02084
vn -0.38614 0.92202 0.02781
vn -0.38615 0.92202 0.02781
vn -0.48173 0.87564 0.03447
vn -0.48172 0.87565 0.03447
vn -0.57184 0.81935 0.04074
vn -0.65549 0.75377 0.04655
vn -0.65549 0.75377 0.04655
vn -0.73171 0.67964 0.05182
vn -0.73171 0.67964 0.05182
vn -0.79962 0.59784 0.05652
vn -0.8585 0.50922 0.06057
vn -0.8585 0.50922 0.06057
vn -0.90763 0.41488 0.06393
vn -0.90763 0.41488 0.06393
vn -0.94648 0.31582 0.06657
vn -0.94649 0.31579 0.06657
vn -0.97462 0.21316 0.06846
vn -0.97462 0.21316 0.06846
vn -0.9917 0.10811 0.06957
vn -0.9917 0.10811 0.06957
vn -0.99755 0.00183 0.06989
vn -0.9921 -0.10448 0.06942
vn -0.97541 -0.20959 0.06817
vn -0.97541 -0.20959 0.06817
vn -0.94767 -0.31234 0.06614
vn -0.94766 -0.31236 0.06614
vn -0.90917 -0.41157 0.06336
vn -0.90918 -0.41155 0.06336
vn -0.8604 -0.50609 0.05986
vn -0.8604 -0.50609 0.05986
vn -0.80186 -0.59491 0.05569
vn -0.80186 -0.59491 0.05569
vn -0.73425 -0.67697 0.05088
vn -0.73425 -0.67697 0.05088
vn -0.65832 -0.75136 0.0455
vn -0.57491 -0.81726 0.0396
vn -0.57491 -0.81726 0.0396
vn -0.485 -0.87388 0.03326
vn -0.3896 -0.9206 0.02654
vn -0.38961 -0.9206 0.02654
vn -0.28978 -0.95689 0.01951
vn -0.28978 -0.9569 0.01951
vn -0.18668 -0.98234 0.01227
vn -0.18668 -0.98234 0.01227
vn -0.08146 -0.99666 0.00489
vn -0.08146 -0.99666 0.00489
vn 0.02468 -0.99969 -0.00255
vn 0.02468 -0.99969 -0.00255
vn 0.13054 -0.99139 -0.00996
vn 0.13054 -0.99139 -0.00996
vn 0.23492 -0.97186 -0.01726
vn 0.23493 -0.97186 -0.01726
vn 0.33665 -0.94132 -0.02436
vn 0.33665 -0.94132 -0.02436
vn 0.43455 -0.90011 -0.03119
vn 0.43455 -0.90011 -0.03119
vn 0.52753 -0.8487 -0.03766
vn 0.52753 -0.8487 -0.03766
vn 0.61455 -0.78767 -0.04371
vn 0.61455 -0.78767 -0.04371
vn 0.69457 -0.71774 -0.04925
vn 0.76676 -0.63964 -0.05425
vn 0.76676 -0.63964 -0.05425
vn 0.83024 -0.55431 -0.05862
vn 0.83024 -0.55431 -0.05862
vn 0.88432 -0.4627 -0.06234
vn 0.88431 -0.46272 -0.06234
vn 0.92837 -0.36587 -0.06534
vn 0.92838 -0.36585 -0.06534
vn 0.96191 -0.26486 -0.06761
vn 0.96191 -0.26486 -0.06761
vn 0.98455 -0.16086 -0.06911
vn 0.98455 -0.16086 -0.06911
vn 0.99604 -0.05503 -0.06983
vn 0.99604 -0.05506 -0.06983
vn 0.99624 0.0514 -0.06975
vn 0.99624 0.0514 -0.06975
vn 0.98515 0.15726 -0.06889
vn 0.9629 0.26135 -0.06725
vn 0.96291 0.26132 -0.06725
vn 0.92974 0.36245 -0.06484
vn 0.92973 0.36248 -0.06484
vn 0.88604 0.45948 -0.0617
vn 0.88604 0.45948 -0.0617
vn 0.83231 0.55129 -0.05786
vn 0.83232 0.55127 -0.05786
vn 0.76916 0.63683 -0.05336
vn 0.76914 0.63685 -0.05336
vn 0.69726 0.71519 -0.04826
vn 0.69726 0.71519 -0.04826
vn 0.53072 0.84676 -0.03648
vn 0.53072 0.84676 -0.03648
vn 0.43792 0.89851 -0.02994
vn 0.34018 0.94008 -0.02306
vn 0.34018 0.94008 -0.02306
vn 0.23856 0.971 -0.01591
vn 0.23856 0.971 -0.01591
vn -0.06989 0.00082 -0.99755
vn -0.06989 0.00082 -0.99755
vn 0.06989 -0.00082 0.99755
vn 0.06989 -0.00082 0.99755
vn 0.13426 0.99091 -0.00859
vn 0.13426 0.99091 -0.00859
vn 0.02843 0.9996 -0.00117
vn 0.02843 0.9996 -0.00117
vn -0.07772 0.99696 0.00627
vn -0.07772 0.99696 0.00627
vn -0.18299 0.98302 0.01363
vn -0.18299 0.98302 0.01363
vn -0.28619 0.95795 0.02084
vn -0.28619 0.95795 0.02084
vn -0.38614 0.92202 0.02781
vn -0.38614 0.92202 0.02781
vn -0.48172 0.87565 0.03447
vn -0.48173 0.87564 0.03447
vn -0.57185 0.81935 0.04074
vn -0.57185 0.81935 0.04074
vn -0.65549 0.75377 0.04655
vn -0.65548 0.75378 0.04655
vn -0.73171 0.67965 0.05182
vn -0.73171 0.67965 0.05182
vn -0.79963 0.59783 0.05652
vn -0.79963 0.59783 0.05652
vn -0.85849 0.50924 0.06057
vn -0.85849 0.50924 0.06057
vn -0.90763 0.41487 0.06393
vn -0.90763 0.41487 0.06393
vn -0.94649 0.3158 0.06657
vn -0.94649 0.31581 0.06657
vn -0.97462 0.21316 0.06846
vn -0.9917 0.10811 0.06957
vn -0.9917 0.10811 0.06957
vn -0.99755 0.00183 0.06989
vn -0.99755 0.00181 0.06989
vn -0.9921 -0.10448 0.06942
vn -0.9921 -0.10448 0.06942
vn -0.97541 -0.20961 0.06816
vn -0.97541 -0.20959 0.06817
vn -0.94766 -0.31235 0.06614
vn -0.94766 -0.31235 0.06614
vn -0.90918 -0.41155 0.06336
vn -0.90918 -0.41155 0.06336
vn -0.8604 -0.50609 0.05986
vn -0.8604 -0.5061 0.05986
vn -0.80186 -0.59491 0.05569
vn -0.80187 -0.5949 0.05569
vn -0.73425 -0.67697 0.05088
vn -0.73424 -0.67698 0.05088
vn -0.65831 -0.75137 0.0455
vn -0.57492 -0.81725 0.0396
vn -0.57492 -0.81725 0.03961
vn -0.485 -0.87388 0.03326
vn -0.485 -0.87388 0.03326
vn -0.3896 -0.9206 0.02654
vn -0.3896 -0.9206 0.02654
vn -0.28978 -0.9569 0.01951
vn -0.28979 -0.95689 0.01951
vn -0.18668 -0.98234 0.01227
vn -0.08146 -0.99666 0.00489
vn -0.08146 -0.99667 0.00488
vn 0.02468 -0.99969 -0.00255
vn 0.02468 -0.99969 -0.00255
vn 0.13054 -0.99139 -0.00996
vn 0.13054 -0.99139 -0.00996
vn 0.23492 -0.97186 -0.01726
vn 0.33665 -0.94131 -0.02436
vn 0.33665 -0.94131 -0.02436
vn 0.43455 -0.90011 -0.03119
vn 0.43455 -0.90011 -0.03119
vn 0.52753 -0.8487 -0.03766
vn 0.52753 -0.8487 -0.03766
vn 0.61454 -0.78768 -0.0437
vn 0.61453 -0.78768 -0.0437
vn 0.69458 -0.71773 -0.04925
vn 0.69459 -0.71772 -0.04926
vn 0.76675 -0.63965 -0.05425
vn 0.76675 -0.63965 -0.05425
vn 0.83024 -0.55431 -0.05862
vn 0.83023 -0.55432 -0.05862
vn 0.88431 -0.46271 -0.06234
vn 0.88432 -0.4627 -0.06234
vn 0.92837 -0.36586 -0.06534
vn 0.92837 -0.36586 -0.06534
vn 0.96192 -0.26485 -0.06761
vn 0.96191 -0.26486 -0.06761
vn 0.98455 -0.16087 -0.06911
vn 0.98455 -0.16086 -0.06911
vn 0.99604 -0.05504 -0.06983
vn 0.99604 -0.05504 -0.06983
vn 0.99624 0.05142 -0.06975
vn 0.99624 0.0514 -0.06975
vn 0.98515 0.15726 -0.06889
vn 0.98515 0.15726 -0.06889
vn 0.9629 0.26134 -0.06725
vn 0.9629 0.26135 -0.06725
vn 0.92974 0.36246 -0.06484
vn 0.92974 0.36247 -0.06484
vn 0.88604 0.45948 -0.0617
vn 0.88604 0.45948 -0.0617
vn 0.83231 0.55128 -0.05786
vn 0.83231 0.55128 -0.05786
vn 0.76914 0.63684 -0.05336
vn 0.76915 0.63684 -0.05336
vn 0.69727 0.71518 -0.04826
vn 0.69727 0.71518 -0.04826
vn 0.61749 0.78542 -0.04261
vn 0.61748 0.78543 -0.04261
vn 0.53071 0.84677 -0.03648
vn 0.53071 0.84677 -0.03648
vn 0.43793 0.89851 -0.02994
vn 0.43792 0.89852 -0.02994
vn 0.34017 0.94008 -0.02306
vn 0.34018 0.94008 -0.02306
vn 0.23857 0.971 -0.01591
vn 0.23857 0.971 -0.01591
vn -0.06989 0.00082 -0.99755
vn -0.06989 0.00082 -0.99755
vn 0.06989 -0.00082 0.99755
vn 0.06989 -0.00082 0.99755
vn 0.13426 0.99091 -0.00859
vn 0.13426 0.99091 -0.00859
vn 0.02843 0.9996 -0.00117
vn 0.02843 0.9996 -0.00117
vn -0.07772 0.99696 0.00627
vn -0.07772 0.99696 0.00627
vn -0.18299 0.98302 0.01363
vn -0.18299 0.98302 0.01363
vn -0.28619 0.95795 0.02084
vn -0.38615 0.92202 0.02781
vn -0.38615 0.92202 0.02781
vn -0.48172 0.87565 0.03447
vn -0.48172 0.87565 0.03447
vn -0.57185 0.81935 0.04074
vn -0.57185 0.81935 0.04074
vn -0.65549 0.75377 0.04655
vn -0.65549 0.75377 0.04655
vn -0.7317 0.67965 0.05182
vn -0.7317 0.67965 0.05182
vn -0.85849 0.50924 0.06057
vn -0.85849 0.50924 0.06057
vn -0.90763 0.41487 0.06393
vn -0.90763 0.41487 0.06393
vn -0.94648 0.31582 0.06657
vn -0.94649 0.3158 0.06657
vn -0.97462 0.21316 0.06846
vn -0.97462 0.21316 0.06846
vn -0.9917 0.10811 0.06957
vn -0.9917 0.10811 0.06957
vn -0.99755 0.00181 0.06989
vn -0.99755 0.00183 0.06989
vn -0.9921 -0.10448 0.06942
vn -0.9921 -0.10448 0.06942
vn -0.97541 -0.2096 0.06816
vn -0.97541 -0.2096 0.06816
vn -0.94767 -0.31234 0.06614
vn -0.94766 -0.31235 0.06614
vn -0.90918 -0.41156 0.06336
vn -0.90918 -0.41155 0.06336
vn -0.8604 -0.50609 0.05986
vn -0.86039 -0.5061 0.05986
vn -0.80186 -0.59491 0.05569
vn -0.80187 -0.5949 0.05569
vn -0.73425 -0.67697 0.05088
vn -0.73425 -0.67697 0.05088
vn -0.65831 -0.75137 0.0455
vn -0.65832 -0.75136 0.0455
vn -0.57492 -0.81725 0.0396
vn -0.57492 -0.81725 0.0396
vn -0.485 -0.87388 0.03326
vn -0.485 -0.87388 0.03326
vn -0.3896 -0.9206 0.02654
vn -0.38961 -0.9206 0.02654
vn -0.28978 -0.95689 0.01951
vn -0.28978 -0.9569 0.01951
vn -0.18667 -0.98235 0.01227
vn -0.18667 -0.98235 0.01227
vn -0.08146 -0.99666 0.00489
vn -0.08146 -0.99666 0.00489
vn 0.02468 -0.99969 -0.00255
vn 0.02468 -0.99969 -0.00255
vn 0.13053 -0.99139 -0.00996
vn 0.13053 -0.99139 -0.00996
vn 0.23493 -0.97186 -0.01726
vn 0.23493 -0.97186 -0.01726
vn 0.33665 -0.94132 -0.02436
vn 0.33665 -0.94131 -0.02436
vn 0.43455 -0.90011 -0.03119
vn 0.52753 -0.8487 -0.03766
vn 0.52753 -0.8487 -0.03766
vn 0.61454 -0.78767 -0.0437
vn 0.61454 -0.78767 -0.0437
vn 0.69458 -0.71773 -0.04925
vn 0.76676 -0.63964 -0.05425
vn 0.76675 -0.63965 -0.05425
vn 0.83024 -0.55432 -0.05862
vn 0.83024 -0.55431 -0.05862
vn 0.88432 -0.46271 -0.06234
vn 0.88431 -0.46272 -0.06234
vn 0.92838 -0.36585 -0.06534
vn 0.92837 -0.36586 -0.06534
vn 0.96191 -0.26486 -0.06761
vn 0.96191 -0.26486 -0.06761
vn 0.98455 -0.16086 -0.06911
vn 0.98455 -0.16086 -0.06911
vn 0.99604 -0.05504 -0.06983
vn 0.99604 -0.05504 -0.06983
vn 0.99624 0.0514 -0.06975
vn 0.99624 0.0514 -0.06975
vn 0.98515 0.15726 -0.06889
vn 0.98515 0.15727 -0.06889
vn 0.9629 0.26135 -0.06725
vn 0.9629 0.26134 -0.06725
vn 0.92974 0.36245 -0.06484
vn 0.92974 0.36247 -0.06484
vn 0.88604 0.45948 -0.0617
vn 0.88605 0.45947 -0.0617
vn 0.83231 0.55128 -0.05786
vn 0.83231 0.55128 -0.05786
vn 0.76914 0.63684 -0.05336
vn 0.76915 0.63684 -0.05336
vn 0.69727 0.71518 -0.04826
vn 0.69726 0.71519 -0.04826
vn 0.61749 0.78543 -0.04261
vn 0.53071 0.84677 -0.03648
vn 0.53072 0.84676 -0.03648
vn 0.43793 0.89851 -0.02994
vn 0.43792 0.89852 -0.02994
vn 0.34018 0.94008 -0.02306
vn 0.34018 0.94008 -0.02306
vn 0.23857 0.971 -0.01591
vn 0.23857 0.971 -0.01591
vn -0.06989 0.00082 -0.99755
vn -0.06989 0.00082 -0.99755
vn -0.06989 0.00082 -0.99755
vn -0.06989 0.00082 -0.99755
vn 0.06989 -0.00082 0.99755
vn 0.06989 -0.00082 0.99755
vn 0.06989 -0.00082 0.99755
vn 0.06989 -0.00082 0.99755
vn 0.13426 0.99091 -0.00859
vn 0.13426 0.99091 -0.00859
vn 0.02843 0.9996 -0.00117
vn 0.02843 0.9996 -0.00117
vn -0.07772 0.99696 0.00627
vn -0.07772 0.99696 0.00627
vn -0.18299 0.98302 0.01363
vn -0.18299 0.98302 0.01363
vn -0.28619 0.95795 0.02084
vn -0.28619 0.95795 0.02084
vn -0.38614 0.92202 0.02781
vn -0.38615 0.92202 0.02781
vn -0.48173 0.87564 0.03447
vn -0.48172 0.87564 0.03447
vn -0.57185 0.81935 0.04074
vn -0.57185 0.81935 0.04074
vn -0.65549 0.75377 0.04655
vn -0.65549 0.75377 0.04655
vn -0.7317 0.67965 0.05182
vn -0.7317 0.67965 0.05182
vn -0.79963 0.59783 0.05652
vn -0.85849 0.50924 0.06057
vn -0.85849 0.50924 0.06057
vn -0.90763 0.41487 0.06393
vn -0.90763 0.41487 0.06393
vn -0.94649 0.3158 0.06657
vn -0.94649 0.3158 0.06657
vn -0.97462 0.21316 0.06846
vn -0.97461 0.21317 0.06846
vn -0.9917 0.10811 0.06957
vn -0.9917 0.1081 0.06957
vn -0.99755 0.00182 0.06989
vn -0.99755 0.00182 0.06989
vn -0.9921 -0.10448 0.06942
vn -0.9921 -0.10448 0.06942
vn -0.97541 -0.2096 0.06816
vn -0.97541 -0.2096 0.06816
vn -0.94766 -0.31235 0.06614
vn -0.94766 -0.31235 0.06614
vn -0.90918 -0.41155 0.06336
vn -0.90918 -0.41155 0.06336
vn -0.8604 -0.5061 0.05986
vn -0.8604 -0.5061 0.05986
vn -0.80186 -0.59491 0.05569
vn -0.80186 -0.59491 0.05569
vn -0.73425 -0.67697 0.05088
vn -0.73425 -0.67697 0.05088
vn -0.65831 -0.75137 0.0455
vn -0.57491 -0.81726 0.0396
vn -0.57491 -0.81726 0.0396
vn -0.48501 -0.87388 0.03326
vn -0.48501 -0.87388 0.03326
vn -0.38961 -0.9206 0.02654
vn -0.38961 -0.9206 0.02654
vn -0.28978 -0.95689 0.01951
vn -0.28978 -0.9569 0.01951
vn -0.18667 -0.98235 0.01227
vn -0.08146 -0.99666 0.00489
vn -0.08146 -0.99666 0.00489
vn 0.02468 -0.99969 -0.00255
vn 0.02468 -0.99969 -0.00255
vn 0.13053 -0.99139 -0.00996
vn 0.13053 -0.99139 -0.00996
vn 0.23492 -0.97186 -0.01726
vn 0.33665 -0.94131 -0.02436
vn 0.33665 -0.94131 -0.02436
vn 0.43455 -0.90011 -0.03119
vn 0.43455 -0.90011 -0.03119
vn 0.52753 -0.8487 -0.03766
vn 0.52753 -0.8487 -0.03766
vn 0.61454 -0.78767 -0.0437
vn 0.61454 -0.78767 -0.0437
vn 0.69458 -0.71773 -0.04925
vn 0.76675 -0.63965 -0.05425
vn 0.76675 -0.63964 -0.05425
vn 0.83024 -0.55431 -0.05862
vn 0.83024 -0.55432 -0.05862
vn 0.88432 -0.4627 -0.06234
vn 0.92837 -0.36586 -0.06534
vn 0.92837 -0.36586 -0.06534
vn 0.96191 -0.26486 -0.06761
vn 0.96191 -0.26486 -0.06761
vn 0.98455 -0.16087 -0.06911
vn 0.98455 -0.16087 -0.06911
vn 0.99604 -0.05504 -0.06983
vn 0.99604 -0.05504 -0.06983
vn 0.99624 0.05141 -0.06975
vn 0.99624 0.05141 -0.06975
vn 0.98515 0.15726 -0.06889
vn 0.98515 0.15726 -0.06889
vn 0.9629 0.26134 -0.06725
vn 0.9629 0.26134 -0.06725
vn 0.92974 0.36246 -0.06484
vn 0.92974 0.36246 -0.06484
vn 0.88605 0.45947 -0.0617
vn 0.88604 0.45948 -0.0617
vn 0.83231 0.55128 -0.05786
vn 0.83232 0.55127 -0.05786
vn 0.76914 0.63684 -0.05336
vn 0.76914 0.63685 -0.05336
vn 0.69727 0.71519 -0.04826
vn 0.69727 0.71518 -0.04826
vn 0.61749 0.78542 -0.04261
vn 0.61749 0.78543 -0.04261
vn 0.53072 0.84676 -0.03648
vn 0.53072 0.84676 -0.03648
vn 0.43792 0.89852 -0.02994
vn 0.43792 0.89852 -0.02994
vn 0.34018 0.94008 -0.02306
vn 0.34018 0.94008 -0.02306
vn 0.23857 0.971 -0.01591
vn 0.23857 0.971 -0.01591
vn -0.06989 0.00082 -0.99755
vn -0.06989 0.00082 -0.99755
vn 0.06989 -0.00082 0.99755
vn 0.06989 -0.00082 0.99755
vn 0.13426 0.99091 -0.00859
vn 0.13425 0.99091 -0.00859
vn 0.02843 0.9996 -0.00117
vn 0.02843 0.9996 -0.00117
vn -0.07772 0.99696 0.00627
vn -0.07772 0.99696 0.00627
vn -0.18299 0.98302 0.01363
vn -0.18299 0.98302 0.01363
vn -0.28619 0.95795 0.02084
vn -0.28619 0.95794 0.02084
vn -0.38613 0.92202 0.02781
vn -0.38615 0.92202 0.02781
vn -0.48172 0.87565 0.03447
vn -0.48172 0.87565 0.03447
vn -0.57187 0.81933 0.04074
vn -0.57184 0.81935 0.04074
vn -0.65548 0.75378 0.04654
vn -0.7317 0.67966 0.05182
vn -0.73173 0.67963 0.05183
vn -0.79964 0.59782 0.05652
vn -0.79961 0.59786 0.05651
vn -0.85849 0.50925 0.06057
vn -0.85851 0.5092 0.06057
vn -0.90765 0.41483 0.06393
vn -0.90763 0.41488 0.06393
vn -0.94647 0.31584 0.06657
vn -0.94649 0.31579 0.06657
vn -0.97462 0.21316 0.06846
vn -0.99171 0.10808 0.06957
vn -0.9917 0.10814 0.06957
vn -0.99755 0.00186 0.06989
vn -0.99755 0.0018 0.06989
vn -0.9921 -0.10448 0.06942
vn -0.9921 -0.10448 0.06942
vn -0.9754 -0.20962 0.06816
vn -0.97542 -0.20956 0.06817
vn -0.94766 -0.31236 0.06614
vn -0.94766 -0.31236 0.06614
vn -0.90919 -0.41152 0.06336
vn -0.90917 -0.41157 0.06336
vn -0.86039 -0.50611 0.05986
vn -0.86041 -0.50607 0.05986
vn -0.80186 -0.59491 0.05569
vn -0.80186 -0.59491 0.05569
vn -0.73424 -0.67698 0.05088
vn -0.65832 -0.75136 0.0455
vn -0.57493 -0.81724 0.03961
vn -0.57491 -0.81726 0.0396
vn -0.48499 -0.87389 0.03326
vn -0.48502 -0.87387 0.03326
vn -0.3896 -0.9206 0.02654
vn -0.3896 -0.9206 0.02654
vn -0.28978 -0.95689 0.01951
vn -0.28978 -0.95689 0.01951
vn -0.18668 -0.98234 0.01227
vn -0.08146 -0.99666 0.00489
vn -0.08146 -0.99666 0.00489
vn 0.02468 -0.99969 -0.00255
vn 0.02468 -0.99969 -0.00255
vn 0.13054 -0.99139 -0.00996
vn 0.13054 -0.99139 -0.00996
vn 0.23493 -0.97186 -0.01726
vn 0.23493 -0.97186 -0.01726
vn 0.33664 -0.94132 -0.02436
vn 0.33664 -0.94132 -0.02436
vn 0.43456 -0.9001 -0.03119
vn 0.43456 -0.9001 -0.03119
vn 0.52753 -0.8487 -0.03766
vn 0.52753 -0.8487 -0.03766
vn 0.61453 -0.78768 -0.0437
vn 0.61453 -0.78768 -0.0437
vn 0.6946 -0.71771 -0.04926
vn 0.69457 -0.71774 -0.04925
vn 0.76674 -0.63966 -0.05425
vn 0.76677 -0.63962 -0.05425
vn 0.83023 -0.55433 -0.05862
vn 0.83023 -0.55433 -0.05862
vn 0.88433 -0.46268 -0.06234
vn 0.88431 -0.46272 -0.06234
vn 0.92836 -0.3659 -0.06534
vn 0.92838 -0.36585 -0.06534
vn 0.96192 -0.26484 -0.06761
vn 0.96192 -0.26484 -0.06761
vn 0.98455 -0.16089 -0.06911
vn 0.98455 -0.16089 -0.06911
vn 0.99604 -0.05503 -0.06983
vn 0.99604 -0.05503 -0.06983
vn 0.99624 0.05143 -0.06975
vn 0.99624 0.05137 -0.06975
vn 0.98516 0.15723 -0.06889
vn 0.98515 0.15729 -0.06889
vn 0.9629 0.26135 -0.06725
vn 0.9629 0.26135 -0.06725
vn 0.92973 0.36248 -0.06484
vn 0.92973 0.36248 -0.06484
vn 0.88604 0.45948 -0.0617
vn 0.88605 0.45948 -0.0617
vn 0.83232 0.55127 -0.05786
vn 0.83232 0.55127 -0.05786
vn 0.76916 0.63683 -0.05336
vn 0.76916 0.63683 -0.05336
vn 0.69726 0.71519 -0.04826
vn 0.69726 0.71519 -0.04826
vn 0.61749 0.78542 -0.04261
vn 0.61749 0.78542 -0.04261
vn 0.5307 0.84677 -0.03648
vn 0.5307 0.84677 -0.03648
vn 0.43792 0.89851 -0.02994
vn 0.43792 0.89851 -0.02994
vn 0.34018 0.94008 -0.02306
vn 0.34018 0.94008 -0.02306
vn 0.23856 0.971 -0.01591
vn 0.23858 0.97099 -0.01591
vn -0.06989 0.00082 -0.99755
vn -0.06989 0.00082 -0.99755
vn 0.06989 -0.00082 0.99755
vn 0.06989 -0.00082 0.99755
vn 0.13426 0.99091 -0.00859
vn 0.13426 0.99091 -0.00859
vn 0.02843 0.9996 -0.00117
vn 0.02843 0.9996 -0.00117
vn -0.07772 0.99696 0.00627
vn -0.07772 0.99696 0.00627
vn -0.18299 0.98302 0.01363
vn -0.18299 0.98302 0.01363
vn -0.28619 0.95795 0.02084
vn -0.28619 0.95795 0.02084
vn -0.38615 0.92202 0.02781
vn -0.38614 0.92202 0.02781
vn -0.48172 0.87565 0.03447
vn -0.48173 0.87564 0.03447
vn -0.57185 0.81934 0.04074
vn -0.57184 0.81935 0.04074
vn -0.65548 0.75378 0.04654
vn -0.65549 0.75377 0.04655
vn -0.73171 0.67964 0.05182
vn -0.7317 0.67966 0.05182
vn -0.79962 0.59784 0.05652
vn -0.79964 0.59782 0.05652
vn -0.8585 0.50922 0.06057
vn -0.85849 0.50925 0.06057
vn -0.90763 0.41488 0.06393
vn -0.90764 0.41486 0.06393
vn -0.94649 0.31579 0.06657
vn -0.94648 0.31582 0.06657
vn -0.97462 0.21316 0.06846
vn -0.97462 0.21316 0.06846
vn -0.9917 0.10811 0.06957
vn -0.9917 0.10811 0.06957
vn -0.99755 0.00183 0.06989
vn -0.99755 0.0018 0.06989
vn -0.9921 -0.10448 0.06942
vn -0.9921 -0.10448 0.06942
vn -0.97541 -0.20959 0.06817
vn -0.97541 -0.20959 0.06817
vn -0.94766 -0.31236 0.06614
vn -0.94767 -0.31234 0.06614
vn -0.90918 -0.41155 0.06336
vn -0.90918 -0.41155 0.06336
vn -0.8604 -0.50609 0.05986
vn -0.86039 -0.50611 0.05986
vn -0.80188 -0.59489 0.05569
vn -0.73425 -0.67697 0.05088
vn -0.73424 -0.67698 0.05088
vn -0.65832 -0.75136 0.0455
vn -0.57491 -0.81726 0.0396
vn -0.57492 -0.81725 0.03961
vn -0.485 -0.87388 0.03326
vn -0.485 -0.87388 0.03326
vn -0.38961 -0.9206 0.02654
vn -0.3896 -0.9206 0.02654
vn -0.28978 -0.9569 0.01951
vn -0.28978 -0.95689 0.01951
vn -0.18668 -0.98234 0.01227
vn -0.18668 -0.98234 0.01227
vn -0.08146 -0.99666 0.00489
vn -0.08146 -0.99666 0.00489
vn 0.02468 -0.99969 -0.00255
vn 0.02468 -0.99969 -0.00255
vn 0.13054 -0.99139 -0.00996
vn 0.13054 -0.99139 -0.00996
vn 0.23492 -0.97186 -0.01726
vn 0.23493 -0.97186 -0.01726
vn 0.33665 -0.94132 -0.02436
vn 0.33665 -0.94132 -0.02436
vn 0.43455 -0.90011 -0.03119
vn 0.52754 -0.84869 -0.03766
vn 0.61453 -0.78768 -0.0437
vn 0.61453 -0.78768 -0.0437
vn 0.69458 -0.71772 -0.04926
vn 0.69459 -0.71772 -0.04926
vn 0.76676 -0.63964 -0.05425
vn 0.76674 -0.63966 -0.05425
vn 0.83024 -0.55431 -0.05862
vn 0.83024 -0.55431 -0.05862
vn 0.88431 -0.46272 -0.06234
vn 0.88432 -0.4627 -0.06234
vn 0.92837 -0.36587 -0.06534
vn 0.96191 -0.26486 -0.06761
vn 0.96191 -0.26486 -0.06761
vn 0.98455 -0.16086 -0.06911
vn 0.98455 -0.16086 -0.06911
vn 0.99604 -0.05506 -0.06983
vn 0.99604 -0.05503 -0.06983
vn 0.99624 0.0514 -0.06975
vn 0.99624 0.0514 -0.06975
vn 0.98515 0.15729 -0.06889
vn 0.98515 0.15726 -0.06889
vn 0.96291 0.26132 -0.06725
vn 0.9629 0.26135 -0.06725
vn 0.92973 0.36248 -0.06484
vn 0.92974 0.36245 -0.06484
vn 0.88604 0.45948 -0.0617
vn 0.88605 0.45948 -0.0617
vn 0.83232 0.55127 -0.05786
vn 0.83231 0.55129 -0.05786
vn 0.76914 0.63685 -0.05336
vn 0.76916 0.63683 -0.05336
vn 0.69726 0.71519 -0.04826
vn 0.69726 0.71519 -0.04826
vn 0.61749 0.78542 -0.04261
vn 0.61749 0.78542 -0.04261
vn 0.53072 0.84676 -0.03648
vn 0.53072 0.84676 -0.03648
vn 0.43792 0.89851 -0.02994
vn 0.43792 0.89851 -0.02994
vn 0.34018 0.94008 -0.02306
vn 0.34017 0.94008 -0.02306
vn 0.23856 0.971 -0.01591
vn 0.23857 0.97099 -0.01591
vn -0.06989 0.00082 -0.99755
vn -0.06989 0.00082 -0.99755
vn -0.06989 0.00082 -0.99755
vn 0.06989 -0.00082 0.99755
vn 0.06989 -0.00082 0.99755
vn 0.06989 -0.00082 0.99755
vn 0.13426 0.99091 -0.00859
vn 0.13426 0.99091 -0.00859
vn 0.02843 0.9996 -0.00117
vn 0.02843 0.9996 -0.00117
vn -0.07772 0.99696 0.00627
vn -0.07772 0.99696 0.00627
vn -0.18299 0.98302 0.01363
vn -0.18299 0.98302 0.01363
vn -0.28619 0.95795 0.02084
vn -0.28619 0.95795 0.02084
vn -0.38614 0.92202 0.02781
vn -0.38615 0.92202 0.02781
vn -0.48172 0.87565 0.03447
vn -0.48172 0.87565 0.03447
vn -0.57185 0.81934 0.04074
vn -0.57184 0.81935 0.04074
vn -0.65549 0.75377 0.04655
vn -0.65549 0.75377 0.04655
vn -0.7317 0.67966 0.05182
vn -0.73171 0.67964 0.05182
vn -0.79962 0.59784 0.05652
vn -0.79962 0.59784 0.05652
vn -0.8585 0.50922 0.06057
vn -0.8585 0.50922 0.06057
vn -0.90763 0.41488 0.06393
vn -0.90763 0.41488 0.06393
vn -0.94649 0.31579 0.06657
vn -0.94648 0.31582 0.06657
vn -0.97462 0.21316 0.06846
vn -0.9917 0.10811 0.06957
vn -0.99755 0.00183 0.06989
vn -0.99755 0.0018 0.06989
vn -0.9921 -0.10448 0.06942
vn -0.9921 -0.10448 0.06942
vn -0.97541 -0.20959 0.06817
vn -0.97541 -0.20959 0.06817
vn -0.94767 -0.31234 0.06614
vn -0.90918 -0.41155 0.06336
vn -0.90917 -0.41157 0.06336
vn -0.8604 -0.50609 0.05986
vn -0.8604 -0.50609 0.05986
vn -0.80186 -0.59491 0.05569
vn -0.80186 -0.59491 0.05569
vn -0.73425 -0.67697 0.05088
vn -0.73425 -0.67697 0.05088
vn -0.6583 -0.75138 0.0455
vn -0.65832 -0.75136 0.0455
vn -0.57492 -0.81725 0.03961
vn -0.57491 -0.81726 0.0396
vn -0.485 -0.87388 0.03326
vn -0.3896 -0.9206 0.02654
vn -0.28978 -0.95689 0.01951
vn -0.18668 -0.98234 0.01227
vn -0.08146 -0.99666 0.00489
vn -0.08146 -0.99666 0.00489
vn 0.02468 -0.99969 -0.00255
vn 0.02468 -0.99969 -0.00255
vn 0.13055 -0.99139 -0.00996
vn 0.13054 -0.99139 -0.00996
vn 0.23493 -0.97186 -0.01726
vn 0.23492 -0.97186 -0.01726
vn 0.33664 -0.94132 -0.02436
vn 0.33665 -0.94132 -0.02436
vn 0.43455 -0.90011 -0.03119
vn 0.52753 -0.8487 -0.03766
vn 0.52753 -0.8487 -0.03766
vn 0.61453 -0.78768 -0.0437
vn 0.61455 -0.78767 -0.04371
vn 0.69458 -0.71772 -0.04926
vn 0.69457 -0.71774 -0.04925
vn 0.76676 -0.63964 -0.05425
vn 0.76676 -0.63964 -0.05425
vn 0.83023 -0.55433 -0.05862
vn 0.83024 -0.55431 -0.05862
vn 0.88432 -0.4627 -0.06234
vn 0.88431 -0.46272 -0.06234
vn 0.92838 -0.36585 -0.06534
vn 0.92838 -0.36585 -0.06534
vn 0.96191 -0.26486 -0.06761
vn 0.98455 -0.16086 -0.06911
vn 0.98455 -0.16086 -0.06911
vn 0.99604 -0.05506 -0.06983
vn 0.99604 -0.05503 -0.06983
vn 0.99624 0.0514 -0.06975
vn 0.99624 0.0514 -0.06975
vn 0.98515 0.15726 -0.06889
vn 0.98515 0.15726 -0.06889
vn 0.96291 0.26132 -0.06725
vn 0.92973 0.36248 -0.06484
vn 0.92973 0.36248 -0.06484
vn 0.88606 0.45945 -0.0617
vn 0.83231 0.55129 -0.05786
vn 0.83232 0.55127 -0.05786
vn 0.76914 0.63685 -0.05336
vn 0.69728 0.71517 -0.04826
vn 0.61749 0.78543 -0.04261
vn 0.61749 0.78543 -0.04261
vn 0.5307 0.84677 -0.03648
vn 0.53072 0.84676 -0.03648
vn 0.43792 0.89851 -0.02994
vn 0.43792 0.89851 -0.02994
vn 0.34018 0.94008 -0.02306
vn 0.34018 0.94008 -0.02306
vn 0.23857 0.971 -0.01591
vn 0.23856 0.971 -0.01591
vn -0.06989 0.00082 -0.99755
vn -0.06989 0.00082 -0.99755
vn 0.06989 -0.00082 0.99755
vn 0.06989 -0.00082 0.99755
vn 0.06989 -0.00082 0.99755
vn 0.13426 0.99091 -0.00859
vn 0.13426 0.99091 -0.00859
vn 0.02843 0.9996 -0.00117
vn 0.02843 0.99959 -0.00117
vn -0.07772 0.99696 0.00627
vn -0.07772 0.99696 0.00627
vn -0.18299 0.98302 0.01363
vn -0.183 0.98302 0.01363
vn -0.28619 0.95795 0.02084
vn -0.28619 0.95795 0.02084
vn -0.38614 0.92202 0.02781
vn -0.38614 0.92202 0.02781
vn -0.48173 0.87564 0.03447
vn -0.48173 0.87564 0.03447
vn -0.57185 0.81935 0.04074
vn -0.57184 0.81935 0.04074
vn -0.65549 0.75377 0.04655
vn -0.65549 0.75377 0.04655
vn -0.73171 0.67965 0.05182
vn -0.7317 0.67966 0.05182
vn -0.79962 0.59784 0.05652
vn -0.79964 0.59782 0.05652
vn -0.8585 0.50923 0.06057
vn -0.85849 0.50925 0.06057
vn -0.90763 0.41487 0.06393
vn -0.90764 0.41486 0.06393
vn -0.94648 0.31582 0.06657
vn -0.94648 0.31582 0.06657
vn -0.97462 0.21316 0.06846
vn -0.9917 0.10811 0.06957
vn -0.9917 0.10811 0.06957
vn -0.99755 0.00181 0.06989
vn -0.99755 0.0018 0.06989
vn -0.97541 -0.20961 0.06816
vn -0.97541 -0.20959 0.06817
vn -0.94767 -0.31234 0.06614
vn -0.94767 -0.31234 0.06614
vn -0.90918 -0.41156 0.06336
vn -0.90918 -0.41155 0.06336
vn -0.8604 -0.50609 0.05986
vn -0.86039 -0.50611 0.05986
vn -0.80186 -0.59491 0.05569
vn -0.80188 -0.59489 0.05569
vn -0.73425 -0.67697 0.05088
vn -0.73424 -0.67698 0.05088
vn -0.65831 -0.75137 0.0455
vn -0.65832 -0.75136 0.0455
vn -0.57491 -0.81726 0.0396
vn -0.57492 -0.81725 0.03961
vn -0.48501 -0.87388 0.03326
vn -0.485 -0.87388 0.03326
vn -0.3896 -0.9206 0.02654
vn -0.3896 -0.9206 0.02654
vn -0.28979 -0.95689 0.01951
vn -0.28978 -0.95689 0.01951
vn -0.18668 -0.98234 0.01227
vn -0.18668 -0.98234 0.01227
vn -0.08145 -0.99667 0.00488
vn -0.08146 -0.99666 0.00489
vn 0.02468 -0.99969 -0.00255
vn 0.02468 -0.99969 -0.00255
vn 0.13054 -0.99139 -0.00996
vn 0.13054 -0.99139 -0.00996
vn 0.23493 -0.97186 -0.01726
vn 0.23493 -0.97186 -0.01726
vn 0.33664 -0.94132 -0.02436
vn 0.33664 -0.94132 -0.02436
vn 0.43456 -0.9001 -0.03119
vn 0.43455 -0.90011 -0.03119
vn 0.52753 -0.8487 -0.03766
vn 0.52753 -0.8487 -0.03766
vn 0.61454 -0.78767 -0.0437
vn 0.61454 -0.78767 -0.0437
vn 0.69458 -0.71773 -0.04925
vn 0.69458 -0.71773 -0.04925
vn 0.76676 -0.63964 -0.05425
vn 0.76676 -0.63964 -0.05425
vn 0.83023 -0.55432 -0.05862
vn 0.83023 -0.55432 -0.05862
vn 0.88431 -0.46271 -0.06234
vn 0.88432 -0.46271 -0.06234
vn 0.92837 -0.36586 -0.06534
vn 0.96191 -0.26486 -0.06761
vn 0.96192 -0.26485 -0.06761
vn 0.98455 -0.16087 -0.06911
vn 0.99604 -0.05503 -0.06983
vn 0.99624 0.0514 -0.06975
vn 0.99624 0.0514 -0.06975
vn 0.98515 0.15726 -0.06889
vn 0.98515 0.15726 -0.06889
vn 0.9629 0.26135 -0.06725
vn 0.9629 0.26134 -0.06725
vn 0.92974 0.36245 -0.06484
vn 0.92974 0.36247 -0.06484
vn 0.88604 0.45948 -0.0617
vn 0.88604 0.45948 -0.0617
vn 0.83231 0.55129 -0.05786
vn 0.83232 0.55127 -0.05786
vn 0.76915 0.63684 -0.05336
vn 0.76914 0.63685 -0.05336
vn 0.69727 0.71518 -0.04826
vn 0.69727 0.71518 -0.04826
vn 0.61749 0.78542 -0.04261
vn 0.61749 0.78542 -0.04261
vn 0.53071 0.84677 -0.03648
vn 0.53071 0.84677 -0.03648
vn 0.43793 0.89851 -0.02994
vn 0.43793 0.89851 -0.02994
vn 0.34018 0.94008 -0.02306
vn 0.34016 0.94008 -0.02306
vn 0.23857 0.971 -0.01591
vn 0.23857 0.971 -0.01591
vn -0.06989 0.00082 -0.99755
vn 0.06989 -0.00082 0.99755
vn 0.13426 0.99091 -0.00859
vn 0.02843 0.9996 -0.00117
vn 0.02843 0.9996 -0.00117
vn -0.18299 0.98302 0.01363
vn -0.18299 0.98302 0.01363
vn -0.28619 0.95795 0.02084
vn -0.28619 0.95795 0.02084
vn -0.38614 0.92202 0.02781
vn -0.38614 0.92202 0.02781
vn -0.48172 0.87565 0.03447
vn -0.57185 0.81935 0.04074
vn -0.57184 0.81935 0.04074
vn -0.65549 0.75377 0.04655
vn -0.7317 0.67966 0.05182
vn -0.7317 0.67966 0.05182
vn -0.79964 0.59782 0.05652
vn -0.79964 0.59782 0.05652
vn -0.85849 0.50925 0.06057
vn -0.85849 0.50925 0.06057
vn -0.90764 0.41486 0.06393
vn -0.90764 0.41486 0.06393
vn -0.94648 0.31582 0.06657
vn -0.94648 0.31582 0.06657
vn -0.99755 0.00183 0.06989
vn -0.99755 0.00183 0.06989
vn -0.9921 -0.10448 0.06942
vn -0.9754 -0.20962 0.06816
vn -0.9754 -0.20962 0.06816
vn -0.94767 -0.31234 0.06614
vn -0.94767 -0.31234 0.06614
vn -0.90918 -0.41155 0.06336
vn -0.8604 -0.50609 0.05986
vn -0.86039 -0.50611 0.05986
vn -0.80186 -0.59491 0.05569
vn -0.80188 -0.59489 0.05569
vn -0.73425 -0.67697 0.05088
vn -0.73423 -0.67699 0.05088
vn -0.6583 -0.75138 0.0455
vn -0.65832 -0.75136 0.0455
vn -0.57492 -0.81725 0.03961
vn -0.485 -0.87388 0.03326
vn -0.3896 -0.9206 0.02654
vn -0.3896 -0.9206 0.02654
vn -0.28978 -0.95689 0.01951
vn -0.28979 -0.95689 0.01951
vn -0.18668 -0.98234 0.01227
vn -0.18668 -0.98234 0.01227
vn -0.08146 -0.99666 0.00489
vn 0.02468 -0.99969 -0.00255
vn 0.02468 -0.99969 -0.00255
vn 0.13054 -0.99139 -0.00996
vn 0.13054 -0.99139 -0.00996
vn 0.23493 -0.97186 -0.01726
vn 0.23493 -0.97186 -0.01726
vn 0.33664 -0.94132 -0.02436
vn 0.33665 -0.94131 -0.02436
vn 0.43456 -0.9001 -0.03119
vn 0.43455 -0.90011 -0.03119
vn 0.52753 -0.8487 -0.03766
vn 0.52754 -0.84869 -0.03766
vn 0.61453 -0.78768 -0.0437
vn 0.61453 -0.78768 -0.0437
vn 0.76676 -0.63964 -0.05425
vn 0.76674 -0.63966 -0.05425
vn 0.83023 -0.55433 -0.05862
vn 0.83024 -0.55431 -0.05862
vn 0.92838 -0.36585 -0.06534
vn 0.92837 -0.36587 -0.06534
vn 0.96191 -0.26486 -0.06761
vn 0.96191 -0.26486 -0.06761
vn 0.98455 -0.16086 -0.06911
vn 0.98455 -0.16086 -0.06911
vn 0.99604 -0.05506 -0.06983
vn 0.99604 -0.05503 -0.06983
vn 0.99624 0.0514 -0.06975
vn 0.98515 0.15726 -0.06889
vn 0.98515 0.15726 -0.06889
vn 0.9629 0.26135 -0.06725
vn 0.92974 0.36245 -0.06484
vn 0.92974 0.36245 -0.06484
vn 0.83231 0.55129 -0.05786
vn 0.83231 0.55129 -0.05786
vn 0.76916 0.63683 -0.05336
vn 0.69728 0.71517 -0.04826
vn 0.61749 0.78542 -0.04261
vn 0.61749 0.78543 -0.04261
vn 0.5307 0.84677 -0.03648
vn 0.53072 0.84676 -0.03648
vn 0.43793 0.89851 -0.02994
vn 0.43792 0.89851 -0.02994
vn 0.34017 0.94008 -0.02306
vn 0.34017 0.94008 -0.02306
vn 0.23857 0.971 -0.01591
vn -0.06989 0.00082 -0.99755
vn -0.06989 0.00082 -0.99755
vn -0.06989 0.00082 -0.99755
vn 0.06989 -0.00082 0.99755
vn 0.06989 -0.00082 0.99755
vn 0.06989 -0.00082 0.99755
vn 0.13426 0.99091 -0.00859
vn 0.13426 0.99091 -0.00859
vn 0.02843 0.9996 -0.00117
vn -0.07772 0.99696 0.00627
vn -0.07772 0.99696 0.00627
vn -0.18299 0.98302 0.01363
vn -0.18299 0.98302 0.01363
vn -0.28618 0.95795 0.02084
vn -0.28619 0.95795 0.02084
vn -0.38615 0.92202 0.02781
vn -0.38613 0.92202 0.02781
vn -0.57187 0.81933 0.04074
vn -0.65551 0.75375 0.04655
vn -0.65548 0.75378 0.04654
vn -0.7317 0.67966 0.05182
vn -0.7317 0.67966 0.05182
vn -0.79964 0.59782 0.05652
vn -0.85849 0.50925 0.06057
vn -0.90763 0.41488 0.06393
vn -0.90765 0.41483 0.06393
vn -0.94649 0.31579 0.06657
vn -0.94647 0.31584 0.06657
vn -0.97462 0.21316 0.06846
vn -0.99171 0.10808 0.06957
vn -0.99171 0.10808 0.06957
vn -0.99755 0.00186 0.06989
vn -0.99755 0.00186 0.06989
vn -0.9921 -0.10448 0.06942
vn -0.9921 -0.10448 0.06942
vn -0.9754 -0.20962 0.06816
vn -0.9754 -0.20962 0.06816
vn -0.94766 -0.31236 0.06614
vn -0.94766 -0.31236 0.06614
vn -0.90919 -0.41152 0.06336
vn -0.90919 -0.41152 0.06336
vn -0.86039 -0.50611 0.05986
vn -0.86039 -0.50611 0.05986
vn -0.80186 -0.59491 0.05569
vn -0.80186 -0.59491 0.05569
vn -0.73427 -0.67695 0.05088
vn -0.73427 -0.67695 0.05088
vn -0.65832 -0.75136 0.0455
vn -0.65829 -0.75139 0.0455
vn -0.57491 -0.81726 0.0396
vn -0.57493 -0.81724 0.03961
vn -0.48499 -0.87389 0.03326
vn -0.48499 -0.87389 0.03326
vn -0.38962 -0.92059 0.02654
vn -0.3896 -0.9206 0.02654
vn -0.28977 -0.9569 0.01951
vn -0.28978 -0.95689 0.01951
vn -0.18668 -0.98234 0.01227
vn -0.18668 -0.98234 0.01227
vn -0.08146 -0.99666 0.00489
vn -0.08146 -0.99666 0.00489
vn 0.02468 -0.99969 -0.00255
vn 0.02468 -0.99969 -0.00255
vn 0.13055 -0.99139 -0.00996
vn 0.13055 -0.99139 -0.00996
vn 0.23492 -0.97186 -0.01726
vn 0.23492 -0.97186 -0.01726
vn 0.33665 -0.94131 -0.02436
vn 0.33664 -0.94132 -0.02436
vn 0.43454 -0.90011 -0.03119
vn 0.43456 -0.9001 -0.03119
vn 0.52753 -0.8487 -0.03766
vn 0.52753 -0.8487 -0.03766
vn 0.61456 -0.78766 -0.04371
vn 0.61453 -0.78768 -0.0437
vn 0.69457 -0.71774 -0.04925
vn 0.6946 -0.71771 -0.04926
vn 0.83023 -0.55433 -0.05862
vn 0.88431 -0.46272 -0.06234
vn 0.88433 -0.46268 -0.06234
vn 0.92838 -0.36585 -0.06534
vn 0.96191 -0.26489 -0.06761
vn 0.98456 -0.16083 -0.06911
vn 0.99604 -0.05509 -0.06983
vn 0.99604 -0.05509 -0.06983
vn 0.99624 0.05143 -0.06975
vn 0.99624 0.05143 -0.06975
vn 0.98515 0.15729 -0.06889
vn 0.98516 0.15723 -0.06889
vn 0.96291 0.2613 -0.06725
vn 0.92973 0.36248 -0.06484
vn 0.92973 0.36248 -0.06484
vn 0.88604 0.45948 -0.0617
vn 0.88605 0.45948 -0.0617
vn 0.83232 0.55127 -0.05786
vn 0.83232 0.55127 -0.05786
vn 0.76913 0.63686 -0.05336
vn 0.76913 0.63686 -0.05336
vn 0.69729 0.71516 -0.04826
vn 0.61749 0.78542 -0.04261
vn 0.61749 0.78542 -0.04261
vn 0.53073 0.84676 -0.03648
vn 0.5307 0.84677 -0.03648
vn 0.43792 0.89851 -0.02994
vn 0.43792 0.89851 -0.02994
vn 0.34018 0.94008 -0.02306
vn 0.23856 0.971 -0.01591
vn 0.23856 0.971 -0.01591
vn -0.06989 0.00082 -0.99755
vn -0.06989 0.00082 -0.99755
vn -0.06989 0.00082 -0.99755
vn -0.06989 0.00082 -0.99755
vn 0.06989 -0.00082 0.99755
vn 0.06989 -0.00082 0.99755
vn 0.06989 -0.00082 0.99755
vn 0.06989 -0.00082 0.99755
vn 0.13426 0.99091 -0.00859
vn 0.13426 0.99091 -0.00859
vn 0.02843 0.9996 -0.00117
vn 0.02843 0.9996 -0.00117
vn -0.07772 0.99696 0.00627
vn -0.07772 0.99696 0.00627
vn -0.18299 0.98302 0.01363
vn -0.18299 0.98302 0.01363
vn -0.28619 0.95795 0.02084
vn -0.28619 0.95795 0.02084
vn -0.38615 0.92202 0.02781
vn -0.38615 0.92202 0.02781
vn -0.48172 0.87565 0.03447
vn -0.48172 0.87565 0.03447
vn -0.57184 0.81935 0.04074
vn -0.57184 0.81935 0.04074
vn -0.65548 0.75378 0.04654
vn -0.65548 0.75378 0.04654
vn -0.73173 0.67963 0.05183
vn -0.73173 0.67963 0.05183
vn -0.79961 0.59785 0.05651
vn -0.79961 0.59786 0.05651
vn -0.85851 0.5092 0.06057
vn -0.85851 0.5092 0.06057
vn -0.94649 0.31579 0.06657
vn -0.9746 0.21322 0.06846
vn -0.97462 0.21316 0.06846
vn -0.99171 0.10808 0.06957
vn -0.9917 0.10814 0.06957
vn -0.99755 0.0018 0.06989
vn -0.9921 -0.10448 0.06942
vn -0.9921 -0.10448 0.06942
vn -0.97542 -0.20956 0.06817
vn -0.97542 -0.20956 0.06817
vn -0.94766 -0.31236 0.06614
vn -0.86041 -0.50607 0.05986
vn -0.86041 -0.50607 0.05986
vn -0.80186 -0.59491 0.05569
vn -0.80186 -0.59491 0.05569
vn -0.73424 -0.67698 0.05088
vn -0.65832 -0.75136 0.0455
vn -0.57491 -0.81726 0.0396
vn -0.48502 -0.87387 0.03326
vn -0.48502 -0.87387 0.03326
vn -0.3896 -0.9206 0.02654
vn -0.28978 -0.95689 0.01951
vn -0.28978 -0.95689 0.01951
vn -0.18668 -0.98234 0.01227
vn -0.18668 -0.98234 0.01227
vn -0.08146 -0.99666 0.00488
vn -0.08146 -0.99666 0.00489
vn 0.02468 -0.99969 -0.00255
vn 0.02468 -0.99969 -0.00255
vn 0.13054 -0.99139 -0.00996
vn 0.13054 -0.99139 -0.00996
vn 0.23493 -0.97186 -0.01726
vn 0.23493 -0.97186 -0.01726
vn 0.33664 -0.94132 -0.02436
vn 0.33664 -0.94132 -0.02436
vn 0.43456 -0.9001 -0.03119
vn 0.43456 -0.9001 -0.03119
vn 0.61453 -0.78768 -0.0437
vn 0.61453 -0.78768 -0.0437
vn 0.69457 -0.71774 -0.04925
vn 0.69457 -0.71774 -0.04925
vn 0.76677 -0.63962 -0.05425
vn 0.76677 -0.63962 -0.05425
vn 0.83023 -0.55433 -0.05862
vn 0.83023 -0.55433 -0.05862
vn 0.88431 -0.46272 -0.06234
vn 0.88431 -0.46272 -0.06234
vn 0.92838 -0.36585 -0.06534
vn 0.92838 -0.36585 -0.06534
vn 0.96192 -0.26484 -0.06761
vn 0.96192 -0.26484 -0.06761
vn 0.98455 -0.16089 -0.06911
vn 0.98455 -0.16089 -0.06911
vn 0.99604 -0.05503 -0.06983
vn 0.99624 0.05143 -0.06975
vn 0.99624 0.05137 -0.06975
vn 0.98516 0.15723 -0.06889
vn 0.98515 0.15729 -0.06889
vn 0.9629 0.26135 -0.06725
vn 0.92973 0.36248 -0.06484
vn 0.88604 0.45948 -0.0617
vn 0.88604 0.45948 -0.0617
vn 0.83232 0.55127 -0.05786
vn 0.83232 0.55127 -0.05786
vn 0.76916 0.63683 -0.05336
vn 0.76916 0.63683 -0.05336
vn 0.69726 0.71519 -0.04826
vn 0.69726 0.71519 -0.04826
vn 0.61749 0.78542 -0.04261
vn 0.5307 0.84677 -0.03648
vn 0.5307 0.84677 -0.03648
vn 0.43792 0.89851 -0.02994
vn 0.43792 0.89851 -0.02994
vn 0.34018 0.94008 -0.02306
vn 0.34018 0.94008 -0.02306
vn 0.23856 0.971 -0.01591
vn 0.23856 0.971 -0.01591
f 1//1 2//1 3//1
f 1//2 3//2 4//2
f 2//3 5//3 6//3
f 2//4 6//4 3//4
f 5//5 7//5 8//5
f 5//6 8//6 6//6
f 7//7 9//7 10//7
f 7//8 10//8 8//8
f 9//9 11//9 12//9
f 9//10 12//10 10//10
f 11//11 13//11 14//11
f 11//12 14//12 12//12
f 13//13 15//13 16//13
f 13//14 16//14 14//14
f 15//15 17//15 18//15
f 15//16 18//16 16//16
f 17//17 19//17 20//17
f 17//18 20//18 18//18
f 19//19 21//19 22//19
f 19//20 22//20 20//20
f 21//21 23//21 24//21
f 21//22 24//22 22//22
f 23//23 25//23 26//23
f 23//24 26//24 24//24
f 25//25 27//25 28//25
f 25//26 28//26 26//26
f 27//27 29//27 30//27
f 27//28 30//28 28//28
f 29//29 31//29 32//29
f 29//30 32//30 30//30
f 31//31 33//31 34//31
f 31//32 34//32 32//32
f 33//33 35//33 36//33
f 33//34 36//34 34//34
f 35//35 37//35 38//35
f 35//35 38//35 36//35
f 37//36 39//36 40//36
f 37//37 40//37 38//37
f 39//38 41//38 42//38
f 39//39 42//39 40//39
f 41//40 43//40 44//40
f 41//41 44//41 42//41
f 43//42 45//42 46//42
f 43//43 46//43 44//43
f 45//44 47//44 48//44
f 45//45 48//45 46//45
f 47//46 49//46 50//46
f 47//47 50//47 48//47
f 49//48 51//48 52//48
f 49//49 52//49 50//49
f 51//50 53//50 54//50
f 51//50 54//50 52//50
f 53//51 55//51 56//51
f 53//52 56//52 54//52
f 55//53 57//53 58//53
f 55//54 58//54 56//54
f 57//55 59//55 60//55
f 57//55 60//55 58//55
f 59//56 61//56 62//56
f 59//57 62//57 60//57
f 61//58 63//58 64//58
f 61//58 64//58 62//58
f 63//59 65//59 66//59
f 63//60 66//60 64//60
f 65//61 67//61 68//61
f 65//61 68//61 66//61
f 67//62 69//62 70//62
f 67//63 70//63 68//63
f 69//64 71//64 72//64
f 69//65 72//65 70//65
f 71//66 73//66 74//66
f 71//67 74//67 72//67
f 73//68 75//68 76//68
f 73//69 76//69 74//69
f 75//70 77//70 78//70
f 75//71 78//71 76//71
f 77//72 79//72 80//72
f 77//73 80//73 78//73
f 79//74 81//74 82//74
f 79//75 82//75 80//75
f 81//76 83//76 84//76
f 81//76 84//76 82//76
f 83//77 85//77 86//77
f 83//78 86//78 84//78
f 85//79 87//79 88//79
f 85//80 88//80 86//80
f 87//81 89//81 90//81
f 87//82 90//82 88//82
f 89//83 91//83 92//83
f 89//84 92//84 90//84
f 91//85 93//85 94//85
f 91//85 94//85 92//85
f 93//86 95//86 96//86
f 93//87 96//87 94//87
f 95//88 97//88 98//88
f 95//89 98//89 96//89
f 97//90 99//90 100//90
f 97//91 100//91 98//91
f 99//92 101//92 102//92
f 99//93 102//93 100//93
f 101//94 103//94 104//94
f 101//95 104//95 102//95
f 103//96 105//96 106//96
f 103//97 106//97 104//97
f 105//98 107//98 108//98
f 105//99 108//99 106//99
f 107//100 1//100 4//100
f 107//101 4//101 108//101
f 99//102 97//102 13//102
f 17//103 95//103 93//103
f 101//104 105//104 103//104
f 1//105 107//105 105//105
f 2//106 1//106 105//106
f 91//107 89//107 21//107
f 105//108 101//108 5//108
f 49//109 61//109 59//109
f 49//110 55//110 53//110
f 59//111 57//111 55//111
f 55//112 49//112 59//112
f 51//113 49//113 53//113
f 105//114 5//114 2//114
f 13//115 97//115 15//115
f 17//116 93//116 19//116
f 29//117 83//117 31//117
f 37//118 75//118 73//118
f 45//119 43//119 65//119
f 31//120 81//120 79//120
f 33//121 77//121 35//121
f 81//122 31//122 83//122
f 5//123 101//123 7//123
f 100//124 14//124 98//124
f 18//125 94//125 96//125
f 102//126 104//126 106//126
f 4//127 106//127 108//127
f 3//128 106//128 4//128
f 92//129 22//129 90//129
f 106//130 6//130 102//130
f 50//131 60//131 62//131
f 50//132 54//132 56//132
f 60//133 56//133 58//133
f 56//134 60//134 50//134
f 52//135 54//135 50//135
f 106//136 3//136 6//136
f 14//137 16//137 98//137
f 18//138 20//138 94//138
f 30//139 32//139 84//139
f 38//140 74//140 76//140
f 46//141 66//141 44//141
f 32//142 80//142 82//142
f 34//143 36//143 78//143
f 82//144 84//144 32//144
f 6//145 8//145 102//145
f 109//146 65//146 110//146
f 111//146 110//146 65//146
f 111//146 65//146 112//146
f 113//146 112//146 65//146
f 113//146 65//146 114//146
f 65//146 115//146 116//146
f 65//146 117//146 118//146
f 65//146 109//146 117//146
f 118//146 115//146 65//146
f 119//146 65//146 116//146
f 120//146 121//146 65//146
f 65//146 122//146 123//146
f 65//146 124//146 122//146
f 120//146 65//146 123//146
f 65//146 125//146 114//146
f 65//146 126//146 127//146
f 65//146 128//146 126//146
f 127//146 125//146 65//146
f 65//146 121//146 128//146
f 124//146 65//146 129//146
f 65//146 130//146 67//146
f 67//146 131//146 132//146
f 67//146 130//146 133//146
f 131//146 67//146 133//146
f 134//146 67//146 135//146
f 132//146 135//146 67//146
f 67//146 136//146 137//146
f 67//146 134//146 136//146
f 138//146 67//146 137//146
f 119//146 130//146 65//146
f 67//146 138//146 139//146
f 67//146 140//146 141//146
f 142//146 140//146 67//146
f 67//146 139//146 142//146
f 67//146 143//146 144//146
f 145//146 146//146 67//146
f 67//146 147//146 148//146
f 144//146 147//146 67//146
f 146//146 143//146 67//146
f 141//146 145//146 67//146
f 149//146 67//146 148//146
f 150//146 151//146 65//146
f 43//146 152//146 150//146
f 43//146 153//146 152//146
f 151//146 154//146 65//146
f 65//146 155//146 129//146
f 65//146 156//146 157//146
f 65//146 158//146 156//146
f 157//146 155//146 65//146
f 65//146 154//146 158//146
f 43//146 159//146 160//146
f 161//146 162//146 43//146
f 159//146 43//146 162//146
f 163//146 161//146 43//146
f 43//146 160//146 153//146
f 43//146 164//146 163//146
f 43//146 165//146 166//146
f 43//146 167//146 165//146
f 166//146 164//146 43//146
f 167//146 43//146 168//146
f 65//146 43//146 150//146
f 43//146 169//146 168//146
f 43//146 170//146 171//146
f 43//146 172//146 170//146
f 171//146 169//146 43//146
f 67//146 149//146 173//146
f 43//146 174//146 175//146
f 67//146 173//146 176//146
f 175//146 172//146 43//146
f 43//146 177//146 178//146
f 43//146 179//146 177//146
f 180//146 181//146 43//146
f 179//146 43//146 181//146
f 43//146 182//146 183//146
f 43//146 184//146 182//146
f 43//146 185//146 184//146
f 43//146 186//146 187//146
f 185//146 43//146 187//146
f 180//146 43//146 183//146
f 178//146 174//146 43//146
f 188//147 67//147 176//147
f 67//147 189//147 190//147
f 67//147 188//147 189//147
f 191//147 67//147 190//147
f 67//147 192//147 193//147
f 191//147 192//147 67//147
f 67//147 194//147 195//147
f 67//147 196//147 194//147
f 67//147 193//147 196//147
f 197//147 67//147 195//147
f 67//147 198//147 199//147
f 197//147 198//147 67//147
f 200//147 41//147 201//147
f 41//147 199//147 202//147
f 67//147 199//147 41//147
f 203//147 41//147 204//147
f 41//147 200//147 204//147
f 41//147 205//147 206//147
f 41//147 207//147 208//147
f 205//147 41//147 208//147
f 41//147 202//147 201//147
f 207//147 41//147 203//147
f 43//147 209//147 210//147
f 211//147 43//147 212//147
f 43//147 213//147 212//147
f 43//147 211//147 209//147
f 43//147 214//147 186//147
f 215//147 214//147 43//147
f 43//147 216//147 215//147
f 43//147 217//147 216//147
f 217//147 43//147 210//147
f 41//147 213//147 43//147
f 41//147 218//147 219//147
f 41//147 220//147 221//147
f 222//147 41//147 223//147
f 220//147 41//147 222//147
f 41//147 221//147 218//147
f 224//147 41//147 225//147
f 226//147 41//147 224//147
f 41//147 227//147 228//147
f 225//147 41//147 228//147
f 219//147 227//147 41//147
f 41//147 226//147 213//147
f 206//147 223//147 41//147
f 229//148 66//148 230//148
f 231//148 230//148 66//148
f 66//148 232//148 231//148
f 66//148 233//148 232//148
f 233//148 66//148 234//148
f 66//148 235//148 236//148
f 66//148 237//148 235//148
f 66//148 229//148 238//148
f 237//148 66//148 238//148
f 239//148 66//148 236//148
f 66//148 240//148 241//148
f 66//148 242//148 243//148
f 66//148 244//148 242//148
f 243//148 240//148 66//148
f 245//148 234//148 66//148
f 66//148 246//148 247//148
f 66//148 248//148 246//148
f 245//148 66//148 247//148
f 66//148 241//148 248//148
f 244//148 66//148 249//148
f 66//148 239//148 250//148
f 66//148 251//148 252//148
f 66//148 253//148 251//148
f 66//148 250//148 253//148
f 66//148 254//148 255//148
f 44//148 66//148 256//148
f 257//148 256//148 66//148
f 255//148 257//148 66//148
f 66//148 252//148 254//148
f 258//148 44//148 259//148
f 44//148 260//148 261//148
f 44//148 262//148 260//148
f 263//148 44//148 258//148
f 44//148 264//148 265//148
f 44//148 261//148 266//148
f 44//148 267//148 268//148
f 44//148 269//148 267//148
f 44//148 265//148 269//148
f 264//148 44//148 266//148
f 259//148 44//148 256//148
f 262//148 44//148 263//148
f 270//148 68//148 271//148
f 272//148 68//148 273//148
f 68//148 274//148 273//148
f 68//148 272//148 271//148
f 68//148 275//148 276//148
f 277//148 278//148 68//148
f 275//148 68//148 278//148
f 68//148 276//148 249//148
f 277//148 68//148 270//148
f 68//148 279//148 280//148
f 281//148 282//148 68//148
f 279//148 68//148 282//148
f 283//148 281//148 68//148
f 68//148 280//148 274//148
f 284//148 283//148 68//148
f 285//148 68//148 286//148
f 287//148 286//148 68//148
f 284//148 68//148 285//148
f 287//148 68//148 288//148
f 68//148 249//148 66//148
f 44//148 289//148 290//148
f 44//148 291//148 292//148
f 44//148 293//148 291//148
f 44//148 290//148 293//148
f 44//148 294//148 295//148
f 44//148 296//148 297//148
f 298//148 44//148 297//148
f 295//148 296//148 44//148
f 292//148 294//148 44//148
f 268//148 289//148 44//148
f 44//148 299//148 300//148
f 68//148 301//148 288//148
f 68//148 302//148 301//148
f 44//148 303//148 304//148
f 298//148 303//148 44//148
f 44//148 305//148 299//148
f 44//148 306//148 307//148
f 44//148 304//148 306//148
f 305//148 44//148 307//148
f 308//149 68//149 309//149
f 310//149 309//149 68//149
f 311//149 68//149 312//149
f 308//149 312//149 68//149
f 313//149 68//149 311//149
f 68//149 314//149 310//149
f 68//149 315//149 314//149
f 68//149 316//149 315//149
f 68//149 317//149 318//149
f 316//149 68//149 318//149
f 317//149 68//149 319//149
f 68//149 313//149 302//149
f 319//149 42//149 320//149
f 42//149 321//149 322//149
f 322//149 320//149 42//149
f 323//149 324//149 42//149
f 42//149 325//149 323//149
f 326//149 42//149 327//149
f 42//149 328//149 327//149
f 42//149 326//149 325//149
f 324//149 321//149 42//149
f 319//149 68//149 42//149
f 42//149 329//149 330//149
f 331//149 332//149 42//149
f 329//149 42//149 332//149
f 42//149 330//149 333//149
f 334//149 335//149 42//149
f 331//149 42//149 335//149
f 336//149 334//149 42//149
f 42//149 337//149 336//149
f 42//149 338//149 337//149
f 338//149 42//149 339//149
f 42//149 333//149 328//149
f 340//149 339//149 42//149
f 341//149 44//149 300//149
f 342//149 44//149 341//149
f 342//149 343//149 44//149
f 344//149 345//149 44//149
f 346//149 44//149 345//149
f 44//149 347//149 348//149
f 344//149 44//149 348//149
f 343//149 347//149 44//149
f 44//149 346//149 340//149
f 340//149 42//149 44//149
f 299//150 305//150 187//150
f 185//150 187//150 305//150
f 307//151 184//151 185//151
f 185//151 305//151 307//151
f 184//152 307//152 306//152
f 182//152 184//152 306//152
f 304//153 183//153 182//153
f 182//153 306//153 304//153
f 304//154 303//154 183//154
f 183//154 303//154 180//154
f 298//155 181//155 180//155
f 180//155 303//155 298//155
f 177//156 179//156 297//156
f 297//156 296//156 177//156
f 298//157 179//157 181//157
f 179//157 298//157 297//157
f 295//158 174//158 178//158
f 174//158 295//158 294//158
f 296//159 178//159 177//159
f 178//159 296//159 295//159
f 292//160 174//160 294//160
f 175//160 174//160 292//160
f 291//161 172//161 175//161
f 175//161 292//161 291//161
f 293//162 171//162 170//162
f 171//162 293//162 290//162
f 291//163 170//163 172//163
f 170//163 291//163 293//163
f 290//164 289//164 171//164
f 171//164 289//164 169//164
f 268//165 168//165 169//165
f 169//165 289//165 268//165
f 267//166 165//166 167//166
f 165//166 267//166 269//166
f 268//167 167//167 168//167
f 167//167 268//167 267//167
f 265//168 164//168 166//168
f 265//168 264//168 164//168
f 269//169 166//169 165//169
f 166//169 269//169 265//169
f 266//170 161//170 163//170
f 161//170 266//170 261//170
f 264//170 163//170 164//170
f 163//170 264//170 266//170
f 261//171 260//171 161//171
f 162//171 161//171 260//171
f 262//172 159//172 162//172
f 162//172 260//172 262//172
f 263//173 153//173 160//173
f 263//173 258//173 153//173
f 262//174 160//174 159//174
f 160//174 262//174 263//174
f 259//175 150//175 152//175
f 150//175 259//175 256//175
f 258//176 152//176 153//176
f 152//176 258//176 259//176
f 257//177 154//177 151//177
f 257//177 255//177 154//177
f 256//178 151//178 150//178
f 151//178 256//178 257//178
f 254//179 154//179 255//179
f 154//179 254//179 158//179
f 252//180 156//180 158//180
f 158//180 254//180 252//180
f 251//181 155//181 157//181
f 251//181 253//181 155//181
f 252//182 157//182 156//182
f 157//182 252//182 251//182
f 250//183 155//183 253//183
f 155//183 250//183 129//183
f 239//184 124//184 129//184
f 129//184 250//184 239//184
f 124//185 239//185 236//185
f 122//185 124//185 236//185
f 235//186 123//186 122//186
f 122//186 236//186 235//186
f 235//187 237//187 123//187
f 123//187 237//187 120//187
f 238//188 121//188 120//188
f 120//188 237//188 238//188
f 126//189 128//189 229//189
f 126//189 229//189 230//189
f 238//190 128//190 121//190
f 128//190 238//190 229//190
f 125//191 127//191 231//191
f 231//191 232//191 125//191
f 230//192 127//192 126//192
f 127//192 230//192 231//192
f 233//193 125//193 232//193
f 114//193 125//193 233//193
f 234//194 113//194 114//194
f 114//194 233//194 234//194
f 113//195 234//195 245//195
f 112//195 113//195 245//195
f 247//196 111//196 112//196
f 112//196 245//196 247//196
f 246//197 111//197 247//197
f 111//197 246//197 110//197
f 248//197 109//197 110//197
f 110//197 246//197 248//197
f 109//198 248//198 241//198
f 117//198 109//198 241//198
f 240//199 118//199 117//199
f 117//199 241//199 240//199
f 240//200 243//200 118//200
f 115//200 118//200 243//200
f 242//201 116//201 115//201
f 115//201 243//201 242//201
f 244//202 116//202 242//202
f 119//202 116//202 244//202
f 249//203 130//203 119//203
f 119//203 244//203 249//203
f 131//204 133//204 276//204
f 131//204 276//204 275//204
f 249//205 133//205 130//205
f 133//205 249//205 276//205
f 278//206 131//206 275//206
f 132//206 131//206 278//206
f 277//207 135//207 132//207
f 132//207 278//207 277//207
f 277//208 270//208 135//208
f 135//208 270//208 134//208
f 271//209 136//209 134//209
f 134//209 270//209 271//209
f 138//210 137//210 272//210
f 138//210 272//210 273//210
f 271//211 137//211 136//211
f 137//211 271//211 272//211
f 142//212 139//212 274//212
f 142//212 274//212 280//212
f 273//212 139//212 138//212
f 139//212 273//212 274//212
f 141//213 140//213 279//213
f 279//213 282//213 141//213
f 280//214 140//214 142//214
f 140//214 280//214 279//214
f 281//215 141//215 282//215
f 145//215 141//215 281//215
f 283//216 146//216 145//216
f 145//216 281//216 283//216
f 144//217 143//217 284//217
f 284//217 285//217 144//217
f 283//218 143//218 146//218
f 143//218 283//218 284//218
f 286//219 144//219 285//219
f 144//219 286//219 147//219
f 287//220 148//220 147//220
f 147//220 286//220 287//220
f 288//221 173//221 149//221
f 173//221 288//221 301//221
f 287//222 149//222 148//222
f 149//222 287//222 288//222
f 313//223 189//223 188//223
f 189//223 313//223 311//223
f 176//224 173//224 301//224
f 302//224 188//224 176//224
f 176//224 301//224 302//224
f 188//224 302//224 313//224
f 312//225 189//225 311//225
f 190//225 189//225 312//225
f 308//226 191//226 190//226
f 190//226 312//226 308//226
f 309//227 191//227 308//227
f 191//227 309//227 192//227
f 310//228 193//228 192//228
f 192//228 309//228 310//228
f 314//229 194//229 196//229
f 314//229 315//229 194//229
f 310//230 196//230 193//230
f 196//230 310//230 314//230
f 197//231 195//231 316//231
f 197//231 316//231 318//231
f 315//232 195//232 194//232
f 195//232 315//232 316//232
f 199//233 198//233 317//233
f 317//233 319//233 199//233
f 318//234 198//234 197//234
f 198//234 318//234 317//234
f 320//235 199//235 319//235
f 199//235 320//235 202//235
f 322//236 201//236 202//236
f 202//236 320//236 322//236
f 321//237 201//237 322//237
f 200//237 201//237 321//237
f 324//238 204//238 200//238
f 200//238 321//238 324//238
f 323//239 207//239 203//239
f 323//239 325//239 207//239
f 324//240 203//240 204//240
f 203//240 324//240 323//240
f 326//241 207//241 325//241
f 208//241 207//241 326//241
f 327//242 205//242 208//242
f 208//242 326//242 327//242
f 327//243 328//243 205//243
f 205//243 328//243 206//243
f 333//244 223//244 206//244
f 206//244 328//244 333//244
f 220//245 222//245 330//245
f 220//245 330//245 329//245
f 333//246 222//246 223//246
f 222//246 333//246 330//246
f 332//247 220//247 329//247
f 221//247 220//247 332//247
f 331//248 218//248 221//248
f 221//248 332//248 331//248
f 335//249 218//249 331//249
f 219//249 218//249 335//249
f 334//250 227//250 219//250
f 219//250 335//250 334//250
f 336//251 225//251 228//251
f 225//251 336//251 337//251
f 334//252 228//252 227//252
f 228//252 334//252 336//252
f 337//253 338//253 225//253
f 225//253 338//253 224//253
f 339//254 226//254 224//254
f 224//254 338//254 339//254
f 340//255 226//255 339//255
f 226//255 340//255 213//255
f 346//256 212//256 213//256
f 213//256 340//256 346//256
f 345//257 209//257 211//257
f 209//257 345//257 344//257
f 346//258 211//258 212//258
f 211//258 346//258 345//258
f 344//259 348//259 209//259
f 210//259 209//259 348//259
f 347//260 217//260 210//260
f 210//260 348//260 347//260
f 343//261 215//261 216//261
f 343//261 342//261 215//261
f 347//262 216//262 217//262
f 216//262 347//262 343//262
f 214//263 341//263 186//263
f 341//263 300//263 186//263
f 187//263 186//263 299//263
f 186//263 300//263 299//263
f 342//264 214//264 215//264
f 214//264 342//264 341//264
f 349//265 77//265 350//265
f 351//265 350//265 77//265
f 351//265 77//265 352//265
f 353//265 352//265 77//265
f 353//265 77//265 354//265
f 355//265 356//265 77//265
f 357//265 77//265 358//265
f 349//265 358//265 77//265
f 355//265 77//265 357//265
f 359//265 77//265 356//265
f 360//265 361//265 77//265
f 362//265 77//265 363//265
f 364//265 363//265 77//265
f 360//265 77//265 362//265
f 77//265 365//265 354//265
f 77//265 366//265 365//265
f 367//265 368//265 77//265
f 366//265 77//265 368//265
f 361//265 367//265 77//265
f 364//265 77//265 369//265
f 77//265 359//265 370//265
f 77//265 371//265 372//265
f 77//265 373//265 374//265
f 77//265 370//265 373//265
f 77//265 372//265 375//265
f 376//265 35//265 377//265
f 35//265 77//265 377//265
f 77//265 375//265 377//265
f 374//265 371//265 77//265
f 378//265 35//265 379//265
f 380//265 35//265 381//265
f 35//265 382//265 383//265
f 381//265 35//265 383//265
f 35//265 384//265 385//265
f 35//265 386//265 384//265
f 35//265 387//265 388//265
f 35//265 385//265 389//265
f 387//265 35//265 389//265
f 386//265 35//265 380//265
f 379//265 35//265 376//265
f 382//265 35//265 378//265
f 75//265 390//265 391//265
f 392//265 393//265 75//265
f 394//265 75//265 393//265
f 394//265 390//265 75//265
f 395//265 369//265 77//265
f 396//265 397//265 77//265
f 398//265 396//265 77//265
f 395//265 77//265 397//265
f 75//265 391//265 398//265
f 75//265 399//265 400//265
f 401//265 402//265 75//265
f 399//265 75//265 402//265
f 403//265 401//265 75//265
f 75//265 400//265 392//265
f 75//265 404//265 403//265
f 75//265 405//265 404//265
f 406//265 75//265 407//265
f 408//265 407//265 75//265
f 406//265 405//265 75//265
f 408//265 75//265 409//265
f 398//265 77//265 75//265
f 35//265 410//265 411//265
f 412//265 35//265 413//265
f 414//265 35//265 412//265
f 35//265 411//265 413//265
f 415//265 35//265 416//265
f 414//265 416//265 35//265
f 35//265 417//265 418//265
f 35//265 415//265 417//265
f 419//265 35//265 418//265
f 388//265 410//265 35//265
f 75//265 420//265 409//265
f 75//265 421//265 422//265
f 75//265 423//265 421//265
f 422//265 420//265 75//265
f 35//265 424//265 425//265
f 35//265 419//265 426//265
f 35//265 427//265 428//265
f 35//265 425//265 427//265
f 426//265 424//265 35//265
f 429//266 37//266 430//266
f 431//266 430//266 37//266
f 37//266 432//266 433//266
f 37//266 429//266 432//266
f 434//266 37//266 433//266
f 37//266 435//266 436//266
f 37//266 437//266 435//266
f 37//266 438//266 431//266
f 37//266 439//266 438//266
f 37//266 436//266 439//266
f 437//266 37//266 440//266
f 441//266 442//266 37//266
f 443//266 75//266 442//266
f 442//266 75//266 37//266
f 444//266 75//266 443//266
f 434//266 441//266 37//266
f 75//266 445//266 446//266
f 75//266 444//266 445//266
f 75//266 447//266 448//266
f 449//266 447//266 75//266
f 446//266 449//266 75//266
f 450//266 75//266 448//266
f 451//266 452//266 37//266
f 453//266 454//266 37//266
f 455//266 453//266 37//266
f 452//266 455//266 37//266
f 428//266 456//266 35//266
f 457//266 35//266 456//266
f 35//266 458//266 459//266
f 35//266 457//266 458//266
f 451//266 35//266 459//266
f 454//266 460//266 37//266
f 461//266 440//266 37//266
f 462//266 461//266 37//266
f 75//266 463//266 464//266
f 75//266 450//266 463//266
f 465//266 466//266 37//266
f 460//266 465//266 37//266
f 467//266 423//266 75//266
f 466//266 468//266 37//266
f 462//266 37//266 468//266
f 464//266 467//266 75//266
f 451//266 37//266 35//266
f 469//267 78//267 470//267
f 471//267 470//267 78//267
f 471//267 78//267 472//267
f 473//267 472//267 78//267
f 473//267 78//267 474//267
f 78//267 475//267 476//267
f 477//267 78//267 478//267
f 469//267 478//267 78//267
f 477//267 475//267 78//267
f 479//267 78//267 476//267
f 480//267 481//267 78//267
f 482//267 78//267 483//267
f 484//267 483//267 78//267
f 480//267 78//267 482//267
f 78//267 485//267 474//267
f 78//267 486//267 487//267
f 488//267 486//267 78//267
f 487//267 485//267 78//267
f 481//267 488//267 78//267
f 484//267 78//267 489//267
f 490//267 491//267 78//267
f 76//267 492//267 493//267
f 76//267 491//267 492//267
f 78//267 491//267 76//267
f 494//267 76//267 495//267
f 493//267 495//267 76//267
f 76//267 496//267 497//267
f 76//267 494//267 496//267
f 498//267 76//267 497//267
f 479//267 490//267 78//267
f 76//267 499//267 500//267
f 76//267 501//267 502//267
f 500//267 501//267 76//267
f 498//267 499//267 76//267
f 76//267 503//267 504//267
f 76//267 505//267 506//267
f 76//267 507//267 508//267
f 504//267 507//267 76//267
f 506//267 503//267 76//267
f 76//267 502//267 505//267
f 509//267 76//267 508//267
f 510//267 511//267 78//267
f 512//267 513//267 78//267
f 514//267 512//267 78//267
f 510//267 78//267 513//267
f 78//267 515//267 489//267
f 78//267 516//267 515//267
f 78//267 517//267 518//267
f 516//267 78//267 518//267
f 78//267 511//267 517//267
f 36//267 519//267 520//267
f 521//267 522//267 36//267
f 519//267 36//267 522//267
f 523//267 521//267 36//267
f 36//267 520//267 514//267
f 36//267 524//267 523//267
f 525//267 524//267 36//267
f 36//267 526//267 527//267
f 36//267 528//267 526//267
f 525//267 36//267 527//267
f 528//267 36//267 529//267
f 78//267 36//267 514//267
f 36//267 530//267 529//267
f 36//267 531//267 530//267
f 36//267 532//267 533//267
f 531//267 36//267 533//267
f 76//267 509//267 534//267
f 535//267 536//267 36//267
f 76//267 534//267 537//267
f 536//267 532//267 36//267
f 538//267 539//267 36//267
f 36//267 540//267 541//267
f 36//267 542//267 540//267
f 538//267 36//267 541//267
f 36//267 543//267 544//267
f 545//267 543//267 36//267
f 36//267 546//267 547//267
f 36//267 548//267 546//267
f 545//267 36//267 547//267
f 544//267 542//267 36//267
f 535//267 36//267 539//267
f 549//268 38//268 550//268
f 551//268 550//268 38//268
f 38//268 552//268 553//268
f 38//268 549//268 552//268
f 554//268 38//268 553//268
f 38//268 555//268 556//268
f 38//268 557//268 555//268
f 38//268 558//268 551//268
f 38//268 559//268 558//268
f 38//268 556//268 559//268
f 557//268 38//268 560//268
f 36//268 561//268 562//268
f 548//268 36//268 563//268
f 562//268 563//268 36//268
f 564//268 561//268 36//268
f 565//268 566//268 38//268
f 567//268 565//268 38//268
f 36//268 568//268 564//268
f 38//268 568//268 36//268
f 566//268 568//268 38//268
f 567//268 38//268 554//268
f 76//268 569//268 570//268
f 571//268 572//268 38//268
f 573//268 571//268 38//268
f 570//268 573//268 38//268
f 574//268 575//268 76//268
f 569//268 76//268 575//268
f 576//268 574//268 76//268
f 576//268 76//268 577//268
f 578//268 577//268 76//268
f 578//268 76//268 579//268
f 572//268 580//268 38//268
f 38//268 581//268 582//268
f 581//268 38//268 580//268
f 38//268 583//268 560//268
f 584//268 583//268 38//268
f 582//268 584//268 38//268
f 76//268 585//268 579//268
f 76//268 586//268 585//268
f 587//268 76//268 588//268
f 537//268 588//268 76//268
f 587//268 586//268 76//268
f 38//268 76//268 570//268
f 544//269 426//269 419//269
f 544//269 543//269 426//269
f 542//270 419//270 418//270
f 419//270 542//270 544//270
f 426//271 543//271 545//271
f 424//271 426//271 545//271
f 547//272 425//272 424//272
f 424//272 545//272 547//272
f 427//273 546//273 428//273
f 546//273 548//273 428//273
f 428//273 563//273 456//273
f 428//273 548//273 563//273
f 547//274 427//274 425//274
f 427//274 547//274 546//274
f 456//275 563//275 562//275
f 457//275 456//275 562//275
f 561//276 458//276 457//276
f 457//276 562//276 561//276
f 564//277 451//277 459//277
f 564//277 568//277 451//277
f 561//278 459//278 458//278
f 459//278 561//278 564//278
f 566//279 451//279 568//279
f 451//279 566//279 452//279
f 565//280 455//280 452//280
f 452//280 566//280 565//280
f 454//281 453//281 567//281
f 567//281 554//281 454//281
f 565//282 453//282 455//282
f 453//282 565//282 567//282
f 553//164 465//164 460//164
f 553//164 552//164 465//164
f 554//283 460//283 454//283
f 460//283 554//283 553//283
f 465//284 552//284 549//284
f 466//284 465//284 549//284
f 550//285 468//285 466//285
f 466//285 549//285 550//285
f 551//286 461//286 462//286
f 551//286 558//286 461//286
f 550//287 462//287 468//287
f 462//287 550//287 551//287
f 559//288 461//288 558//288
f 461//288 559//288 440//288
f 556//288 437//288 440//288
f 440//288 559//288 556//288
f 437//289 556//289 555//289
f 435//289 437//289 555//289
f 557//290 436//290 435//290
f 435//290 555//290 557//290
f 560//291 438//291 439//291
f 560//291 583//291 438//291
f 557//292 439//292 436//292
f 439//292 557//292 560//292
f 584//293 430//293 431//293
f 584//293 582//293 430//293
f 583//294 431//294 438//294
f 431//294 583//294 584//294
f 581//295 432//295 429//295
f 581//295 580//295 432//295
f 582//296 429//296 430//296
f 429//296 582//296 581//296
f 572//297 432//297 580//297
f 433//297 432//297 572//297
f 571//298 434//298 433//298
f 433//298 572//298 571//298
f 573//181 442//181 441//181
f 573//181 570//181 442//181
f 571//299 441//299 434//299
f 441//299 571//299 573//299
f 569//300 442//300 570//300
f 442//300 569//300 443//300
f 575//184 444//184 443//184
f 443//184 569//184 575//184
f 574//301 444//301 575//301
f 444//301 574//301 445//301
f 576//302 446//302 445//302
f 445//302 574//302 576//302
f 447//303 449//303 577//303
f 447//303 577//303 578//303
f 576//304 449//304 446//304
f 449//304 576//304 577//304
f 579//305 450//305 448//305
f 450//305 579//305 585//305
f 578//306 448//306 447//306
f 448//306 578//306 579//306
f 464//307 463//307 586//307
f 464//307 586//307 587//307
f 585//308 463//308 450//308
f 463//308 585//308 586//308
f 588//309 464//309 587//309
f 467//309 464//309 588//309
f 537//310 423//310 467//310
f 423//310 537//310 421//310
f 467//310 588//310 537//310
f 421//310 537//310 534//310
f 534//311 509//311 421//311
f 421//311 509//311 422//311
f 508//312 420//312 422//312
f 422//312 509//312 508//312
f 507//313 420//313 508//313
f 420//313 507//313 409//313
f 504//197 408//197 409//197
f 409//197 507//197 504//197
f 503//314 406//314 407//314
f 406//314 503//314 506//314
f 504//315 407//315 408//315
f 407//315 504//315 503//315
f 506//200 505//200 406//200
f 405//200 406//200 505//200
f 502//316 404//316 405//316
f 405//316 505//316 502//316
f 501//317 404//317 502//317
f 403//317 404//317 501//317
f 500//318 401//318 403//318
f 403//318 501//318 500//318
f 399//319 402//319 499//319
f 499//319 498//319 399//319
f 500//320 402//320 401//320
f 402//320 500//320 499//320
f 497//321 392//321 400//321
f 392//321 497//321 496//321
f 498//322 400//322 399//322
f 400//322 498//322 497//322
f 496//323 494//323 392//323
f 392//323 494//323 393//323
f 495//324 394//324 393//324
f 393//324 494//324 495//324
f 391//325 390//325 493//325
f 391//325 493//325 492//325
f 495//326 390//326 394//326
f 390//326 495//326 493//326
f 491//327 391//327 492//327
f 398//327 391//327 491//327
f 490//328 396//328 398//328
f 398//328 491//328 490//328
f 490//329 479//329 396//329
f 397//329 396//329 479//329
f 476//330 395//330 397//330
f 397//330 479//330 476//330
f 364//331 369//331 475//331
f 364//331 475//331 477//331
f 476//332 369//332 395//332
f 369//332 476//332 475//332
f 362//333 363//333 478//333
f 478//333 469//333 362//333
f 477//334 363//334 364//334
f 363//334 477//334 478//334
f 470//335 361//335 360//335
f 361//335 470//335 471//335
f 469//336 360//336 362//336
f 360//336 469//336 470//336
f 471//337 472//337 361//337
f 367//337 361//337 472//337
f 473//338 368//338 367//338
f 367//338 472//338 473//338
f 474//339 365//339 366//339
f 474//339 485//339 365//339
f 473//339 366//339 368//339
f 366//339 473//339 474//339
f 487//340 365//340 485//340
f 354//340 365//340 487//340
f 486//341 353//341 354//341
f 354//341 487//341 486//341
f 488//342 351//342 352//342
f 351//342 488//342 481//342
f 486//343 352//343 353//343
f 352//343 486//343 488//343
f 481//344 480//344 351//344
f 351//344 480//344 350//344
f 482//345 349//345 350//345
f 350//345 480//345 482//345
f 483//346 357//346 358//346
f 483//346 484//346 357//346
f 482//347 358//347 349//347
f 358//347 482//347 483//347
f 357//348 484//348 489//348
f 355//348 357//348 489//348
f 515//349 356//349 355//349
f 355//349 489//349 515//349
f 515//350 516//350 356//350
f 359//350 356//350 516//350
f 518//351 370//351 359//351
f 359//351 516//351 518//351
f 517//352 374//352 373//352
f 517//352 511//352 374//352
f 518//353 373//353 370//353
f 373//353 518//353 517//353
f 374//354 511//354 510//354
f 371//354 374//354 510//354
f 513//355 372//355 371//355
f 371//355 510//355 513//355
f 512//356 372//356 513//356
f 375//356 372//356 512//356
f 514//242 377//242 375//242
f 375//242 512//242 514//242
f 520//357 379//357 376//357
f 379//357 520//357 519//357
f 514//358 376//358 377//358
f 376//358 514//358 520//358
f 522//359 379//359 519//359
f 378//359 379//359 522//359
f 521//360 382//360 378//360
f 378//360 522//360 521//360
f 381//361 383//361 523//361
f 523//361 524//361 381//361
f 521//362 383//362 382//362
f 383//362 521//362 523//362
f 524//363 525//363 381//363
f 380//363 381//363 525//363
f 527//364 386//364 380//364
f 380//364 525//364 527//364
f 386//365 527//365 526//365
f 384//365 386//365 526//365
f 528//366 385//366 384//366
f 384//366 526//366 528//366
f 387//367 389//367 529//367
f 387//367 529//367 530//367
f 528//368 389//368 385//368
f 389//368 528//368 529//368
f 531//255 387//255 530//255
f 388//255 387//255 531//255
f 533//256 410//256 388//256
f 388//256 531//256 533//256
f 410//369 533//369 532//369
f 411//369 410//369 532//369
f 536//370 413//370 411//370
f 411//370 532//370 536//370
f 414//259 412//259 535//259
f 414//259 535//259 539//259
f 536//371 412//371 413//371
f 412//371 536//371 535//371
f 538//372 414//372 539//372
f 416//372 414//372 538//372
f 541//373 415//373 416//373
f 416//373 538//373 541//373
f 541//374 540//374 415//374
f 417//374 415//374 540//374
f 542//375 418//375 417//375
f 417//375 540//375 542//375
f 589//376 93//376 590//376
f 591//376 590//376 93//376
f 93//376 592//376 591//376
f 592//376 93//376 593//376
f 93//376 594//376 595//376
f 93//376 589//376 596//376
f 596//376 594//376 93//376
f 597//376 93//376 595//376
f 93//376 598//376 599//376
f 93//376 600//376 601//376
f 600//376 93//376 602//376
f 93//376 603//376 593//376
f 604//376 93//376 605//376
f 599//376 605//376 93//376
f 604//376 603//376 93//376
f 601//376 598//376 93//376
f 602//376 93//376 606//376
f 607//376 608//376 93//376
f 19//376 608//376 609//376
f 93//376 608//376 19//376
f 610//376 19//376 611//376
f 19//376 612//376 613//376
f 19//376 614//376 612//376
f 614//376 19//376 610//376
f 19//376 609//376 611//376
f 19//376 615//376 616//376
f 19//376 617//376 618//376
f 19//376 616//376 617//376
f 619//376 19//376 620//376
f 618//376 620//376 19//376
f 19//376 621//376 622//376
f 619//376 621//376 19//376
f 623//376 19//376 622//376
f 613//376 615//376 19//376
f 597//376 607//376 93//376
f 624//376 625//376 93//376
f 91//376 626//376 627//376
f 624//376 93//376 627//376
f 628//376 629//376 93//376
f 630//376 628//376 93//376
f 629//376 631//376 93//376
f 625//376 630//376 93//376
f 91//376 632//376 633//376
f 634//376 635//376 91//376
f 632//376 91//376 635//376
f 91//376 633//376 626//376
f 91//376 636//376 634//376
f 91//376 637//376 636//376
f 91//376 638//376 639//376
f 637//376 91//376 639//376
f 638//376 91//376 640//376
f 631//376 641//376 93//376
f 642//376 643//376 93//376
f 641//376 644//376 93//376
f 642//376 93//376 644//376
f 19//376 645//376 646//376
f 647//376 645//376 19//376
f 19//376 623//376 647//376
f 643//376 606//376 93//376
f 648//376 649//376 19//376
f 91//376 650//376 640//376
f 651//376 652//376 19//376
f 19//376 653//376 654//376
f 655//376 653//376 19//376
f 652//376 655//376 19//376
f 649//376 651//376 19//376
f 646//376 648//376 19//376
f 627//376 93//376 91//376
f 656//377 91//377 657//377
f 658//377 657//377 91//377
f 659//377 91//377 656//377
f 91//377 660//377 661//377
f 91//377 659//377 662//377
f 662//377 660//377 91//377
f 663//377 91//377 661//377
f 91//377 664//377 658//377
f 21//377 665//377 664//377
f 21//377 666//377 667//377
f 21//377 668//377 669//377
f 669//377 666//377 21//377
f 667//377 665//377 21//377
f 664//377 91//377 21//377
f 670//377 91//377 671//377
f 672//377 671//377 91//377
f 91//377 673//377 650//377
f 674//377 675//377 91//377
f 675//377 673//377 91//377
f 670//377 674//377 91//377
f 91//377 676//377 677//377
f 91//377 663//377 678//377
f 678//377 679//377 91//377
f 91//377 680//377 681//377
f 91//377 677//377 682//377
f 682//377 680//377 91//377
f 679//377 676//377 91//377
f 681//377 672//377 91//377
f 21//377 683//377 684//377
f 21//377 685//377 683//377
f 21//377 686//377 687//377
f 21//377 688//377 689//377
f 689//377 686//377 21//377
f 687//377 685//377 21//377
f 690//377 691//377 21//377
f 688//377 21//377 691//377
f 692//377 690//377 21//377
f 21//377 693//377 692//377
f 21//377 694//377 695//377
f 695//377 693//377 21//377
f 694//377 21//377 696//377
f 21//377 684//377 668//377
f 697//377 696//377 21//377
f 698//377 697//377 21//377
f 699//377 700//377 21//377
f 701//377 699//377 21//377
f 700//377 702//377 21//377
f 698//377 21//377 702//377
f 703//377 704//377 21//377
f 19//377 705//377 706//377
f 706//377 703//377 19//377
f 19//377 654//377 707//377
f 707//377 708//377 19//377
f 705//377 19//377 708//377
f 704//377 701//377 21//377
f 21//377 19//377 703//377
f 709//378 94//378 710//378
f 711//378 710//378 94//378
f 94//378 712//378 711//378
f 712//378 94//378 713//378
f 714//378 715//378 94//378
f 94//378 709//378 716//378
f 714//378 94//378 716//378
f 717//378 94//378 715//378
f 94//378 718//378 719//378
f 94//378 720//378 721//378
f 721//378 718//378 94//378
f 94//378 722//378 713//378
f 94//378 723//378 722//378
f 724//378 725//378 94//378
f 723//378 94//378 725//378
f 719//378 724//378 94//378
f 720//378 94//378 726//378
f 727//378 728//378 94//378
f 729//378 730//378 94//378
f 727//378 94//378 730//378
f 92//378 94//378 731//378
f 731//378 94//378 728//378
f 92//378 732//378 733//378
f 92//378 731//378 732//378
f 734//378 92//378 733//378
f 717//378 729//378 94//378
f 92//378 734//378 735//378
f 92//378 736//378 737//378
f 92//378 735//378 736//378
f 738//378 739//378 92//378
f 92//378 740//378 741//378
f 742//378 740//378 92//378
f 739//378 742//378 92//378
f 737//378 738//378 92//378
f 94//378 743//378 744//378
f 745//378 746//378 94//378
f 747//378 94//378 746//378
f 94//378 748//378 749//378
f 94//378 744//378 750//378
f 750//378 748//378 94//378
f 747//378 743//378 94//378
f 20//378 751//378 752//378
f 753//378 754//378 20//378
f 751//378 20//378 754//378
f 20//378 752//378 745//378
f 20//378 755//378 753//378
f 756//378 20//378 757//378
f 758//378 757//378 20//378
f 756//378 755//378 20//378
f 758//378 20//378 759//378
f 94//378 20//378 745//378
f 760//378 761//378 20//378
f 761//378 759//378 20//378
f 762//378 763//378 20//378
f 764//378 20//378 765//378
f 766//378 765//378 20//378
f 762//378 20//378 764//378
f 760//378 20//378 763//378
f 20//378 767//378 766//378
f 20//378 768//378 769//378
f 768//378 20//378 770//378
f 20//378 771//378 770//378
f 20//378 772//378 773//378
f 20//378 774//378 775//378
f 772//378 20//378 775//378
f 771//378 20//378 773//378
f 767//378 20//378 769//378
f 94//378 749//378 726//378
f 776//379 92//379 741//379
f 777//379 92//379 776//379
f 92//379 778//379 779//379
f 92//379 779//379 780//379
f 777//379 778//379 92//379
f 781//379 92//379 780//379
f 92//379 782//379 783//379
f 92//379 781//379 782//379
f 92//379 784//379 785//379
f 786//379 787//379 92//379
f 785//379 786//379 92//379
f 92//379 783//379 784//379
f 788//379 92//379 787//379
f 92//379 789//379 790//379
f 92//379 788//379 791//379
f 92//379 790//379 792//379
f 92//379 793//379 794//379
f 92//379 792//379 793//379
f 791//379 789//379 92//379
f 92//379 795//379 796//379
f 22//379 796//379 797//379
f 798//379 795//379 92//379
f 22//379 799//379 800//379
f 22//379 801//379 802//379
f 22//379 800//379 801//379
f 22//379 797//379 799//379
f 92//379 794//379 798//379
f 22//379 92//379 796//379
f 803//379 22//379 804//379
f 804//379 22//379 805//379
f 806//379 22//379 807//379
f 808//379 809//379 22//379
f 808//379 22//379 806//379
f 805//379 22//379 809//379
f 20//379 810//379 774//379
f 811//379 810//379 20//379
f 20//379 812//379 813//379
f 814//379 811//379 20//379
f 813//379 814//379 20//379
f 803//379 812//379 22//379
f 20//379 22//379 812//379
f 22//379 815//379 816//379
f 22//379 817//379 815//379
f 22//379 818//379 819//379
f 22//379 820//379 821//379
f 22//379 819//379 820//379
f 821//379 817//379 22//379
f 22//379 822//379 823//379
f 22//379 824//379 825//379
f 22//379 823//379 824//379
f 22//379 826//379 827//379
f 827//379 828//379 22//379
f 822//379 22//379 828//379
f 816//379 826//379 22//379
f 22//379 825//379 807//379
f 802//379 818//379 22//379
f 804//380 704//380 803//380
f 701//380 704//380 804//380
f 805//381 699//381 701//381
f 701//381 804//381 805//381
f 809//382 702//382 700//382
f 809//382 808//382 702//382
f 805//383 700//383 699//383
f 700//383 805//383 809//383
f 806//384 702//384 808//384
f 698//384 702//384 806//384
f 807//385 697//385 698//385
f 698//385 806//385 807//385
f 825//386 694//386 696//386
f 825//386 824//386 694//386
f 807//387 696//387 697//387
f 696//387 807//387 825//387
f 823//388 693//388 695//388
f 693//388 823//388 822//388
f 824//389 695//389 694//389
f 695//389 824//389 823//389
f 822//390 828//390 693//390
f 692//390 693//390 828//390
f 827//391 690//391 692//391
f 692//391 828//391 827//391
f 688//392 691//392 826//392
f 688//392 826//392 816//392
f 827//393 691//393 690//393
f 691//393 827//393 826//393
f 816//394 815//394 688//394
f 689//394 688//394 815//394
f 817//395 686//395 689//395
f 689//395 815//395 817//395
f 821//396 685//396 687//396
f 685//396 821//396 820//396
f 817//397 687//397 686//397
f 687//397 817//397 821//397
f 819//398 684//398 683//398
f 684//398 819//398 818//398
f 820//399 683//399 685//399
f 683//399 820//399 819//399
f 802//400 669//400 668//400
f 669//400 802//400 801//400
f 818//401 668//401 684//401
f 668//401 818//401 802//401
f 801//402 800//402 669//402
f 666//402 669//402 800//402
f 799//403 667//403 666//403
f 666//403 800//403 799//403
f 664//404 665//404 797//404
f 797//404 796//404 664//404
f 799//405 665//405 667//405
f 665//405 799//405 797//405
f 795//406 664//406 796//406
f 658//406 664//406 795//406
f 798//407 657//407 658//407
f 658//407 795//407 798//407
f 659//408 656//408 794//408
f 659//408 794//408 793//408
f 798//408 656//408 657//408
f 656//408 798//408 794//408
f 659//409 793//409 792//409
f 662//409 659//409 792//409
f 790//410 660//410 662//410
f 662//410 792//410 790//410
f 663//411 661//411 789//411
f 663//411 789//411 791//411
f 790//412 661//412 660//412
f 661//412 790//412 789//412
f 788//413 663//413 791//413
f 678//413 663//413 788//413
f 787//414 679//414 678//414
f 678//414 788//414 787//414
f 786//415 679//415 787//415
f 676//415 679//415 786//415
f 785//416 677//416 676//416
f 676//416 786//416 785//416
f 680//417 682//417 784//417
f 784//417 783//417 680//417
f 785//418 682//418 677//418
f 682//418 785//418 784//418
f 672//419 681//419 782//419
f 672//419 782//419 781//419
f 783//420 681//420 680//420
f 681//420 783//420 782//420
f 670//421 671//421 780//421
f 780//421 779//421 670//421
f 781//422 671//422 672//422
f 671//422 781//422 780//422
f 778//423 670//423 779//423
f 670//423 778//423 674//423
f 777//424 675//424 674//424
f 674//424 778//424 777//424
f 777//425 776//425 675//425
f 675//425 776//425 673//425
f 741//426 650//426 673//426
f 650//426 740//426 640//426
f 673//426 776//426 741//426
f 650//426 741//426 740//426
f 742//427 639//427 638//427
f 742//427 739//427 639//427
f 740//427 638//427 640//427
f 638//427 740//427 742//427
f 639//428 739//428 738//428
f 637//428 639//428 738//428
f 737//429 636//429 637//429
f 637//429 738//429 737//429
f 635//430 634//430 736//430
f 736//430 735//430 635//430
f 737//431 634//431 636//431
f 634//431 737//431 736//431
f 734//432 635//432 735//432
f 635//432 734//432 632//432
f 733//433 633//433 632//433
f 632//433 734//433 733//433
f 732//434 627//434 626//434
f 627//434 732//434 731//434
f 733//435 626//435 633//435
f 626//435 733//435 732//435
f 625//436 624//436 728//436
f 728//436 727//436 625//436
f 731//436 624//436 627//436
f 624//436 731//436 728//436
f 730//437 625//437 727//437
f 630//437 625//437 730//437
f 729//438 628//438 630//438
f 630//438 730//438 729//438
f 631//439 629//439 717//439
f 631//439 717//439 715//439
f 729//440 629//440 628//440
f 629//440 729//440 717//440
f 714//441 631//441 715//441
f 641//441 631//441 714//441
f 716//442 644//442 641//442
f 641//442 714//442 716//442
f 709//443 644//443 716//443
f 642//443 644//443 709//443
f 710//330 643//330 642//330
f 642//330 709//330 710//330
f 711//444 602//444 606//444
f 602//444 711//444 712//444
f 710//445 606//445 643//445
f 606//445 710//445 711//445
f 713//446 602//446 712//446
f 600//446 602//446 713//446
f 722//447 601//447 600//447
f 600//447 713//447 722//447
f 599//448 598//448 723//448
f 723//448 725//448 599//448
f 722//449 598//449 601//449
f 598//449 722//449 723//449
f 599//450 725//450 724//450
f 605//450 599//450 724//450
f 719//451 604//451 605//451
f 605//451 724//451 719//451
f 604//452 719//452 718//452
f 603//452 604//452 718//452
f 721//453 593//453 603//453
f 603//453 718//453 721//453
f 720//454 593//454 721//454
f 592//454 593//454 720//454
f 726//455 591//455 592//455
f 592//455 720//455 726//455
f 749//456 589//456 590//456
f 749//456 748//456 589//456
f 726//457 590//457 591//457
f 590//457 726//457 749//457
f 750//458 589//458 748//458
f 589//458 750//458 596//458
f 744//459 594//459 596//459
f 596//459 750//459 744//459
f 744//460 743//460 594//460
f 595//460 594//460 743//460
f 747//461 597//461 595//461
f 595//461 743//461 747//461
f 746//462 608//462 607//462
f 608//462 746//462 745//462
f 747//463 607//463 597//463
f 607//463 747//463 746//463
f 752//464 608//464 745//464
f 609//464 608//464 752//464
f 751//465 611//465 609//465
f 609//465 752//465 751//465
f 751//466 754//466 611//466
f 611//466 754//466 610//466
f 753//467 614//467 610//467
f 610//467 754//467 753//467
f 755//468 613//468 612//468
f 755//468 756//468 613//468
f 753//469 612//469 614//469
f 612//469 753//469 755//469
f 613//470 756//470 757//470
f 615//470 613//470 757//470
f 758//471 616//471 615//471
f 615//471 757//471 758//471
f 759//472 616//472 758//472
f 617//472 616//472 759//472
f 761//473 618//473 617//473
f 617//473 759//473 761//473
f 760//474 619//474 620//474
f 760//474 763//474 619//474
f 761//475 620//475 618//475
f 620//475 761//475 760//475
f 762//476 622//476 621//476
f 622//476 762//476 764//476
f 763//477 621//477 619//477
f 621//477 763//477 762//477
f 765//478 622//478 764//478
f 623//478 622//478 765//478
f 766//479 647//479 623//479
f 623//479 765//479 766//479
f 767//480 647//480 766//480
f 645//480 647//480 767//480
f 769//481 646//481 645//481
f 645//481 767//481 769//481
f 646//482 769//482 768//482
f 648//482 646//482 768//482
f 770//483 649//483 648//483
f 648//483 768//483 770//483
f 652//484 651//484 771//484
f 652//484 771//484 773//484
f 770//485 651//485 649//485
f 651//485 770//485 771//485
f 773//486 772//486 652//486
f 655//486 652//486 772//486
f 775//487 653//487 655//487
f 655//487 772//487 775//487
f 708//488 707//488 810//488
f 708//488 810//488 811//488
f 775//489 654//489 653//489
f 654//489 774//489 707//489
f 654//489 775//489 774//489
f 707//489 774//489 810//489
f 814//490 708//490 811//490
f 705//490 708//490 814//490
f 813//491 706//491 705//491
f 705//491 814//491 813//491
f 704//492 703//492 812//492
f 704//492 812//492 803//492
f 813//493 703//493 706//493
f 703//493 813//493 812//493
f 829//494 15//494 830//494
f 831//494 830//494 15//494
f 15//494 832//494 831//494
f 15//494 833//494 832//494
f 833//494 15//494 834//494
f 835//494 836//494 15//494
f 837//494 15//494 838//494
f 829//494 838//494 15//494
f 835//494 15//494 837//494
f 839//494 15//494 836//494
f 15//494 840//494 834//494
f 841//494 97//494 842//494
f 97//494 843//494 844//494
f 97//494 841//494 840//494
f 97//494 845//494 846//494
f 97//494 847//494 845//494
f 97//494 848//494 847//494
f 97//494 846//494 843//494
f 97//494 844//494 842//494
f 15//494 97//494 840//494
f 849//494 850//494 15//494
f 15//494 851//494 852//494
f 15//494 853//494 851//494
f 849//494 15//494 852//494
f 15//494 854//494 855//494
f 15//494 856//494 854//494
f 857//494 858//494 15//494
f 856//494 15//494 858//494
f 850//494 857//494 15//494
f 15//494 859//494 860//494
f 15//494 861//494 862//494
f 15//494 839//494 861//494
f 862//494 859//494 15//494
f 15//494 863//494 864//494
f 15//494 865//494 863//494
f 95//494 866//494 867//494
f 868//494 865//494 15//494
f 15//494 860//494 868//494
f 864//494 853//494 15//494
f 97//494 869//494 870//494
f 97//494 871//494 872//494
f 97//494 873//494 874//494
f 872//494 869//494 97//494
f 97//494 875//494 873//494
f 876//494 877//494 97//494
f 878//494 97//494 877//494
f 878//494 875//494 97//494
f 97//494 874//494 871//494
f 97//494 879//494 880//494
f 881//494 882//494 97//494
f 879//494 97//494 882//494
f 883//494 881//494 97//494
f 97//494 880//494 876//494
f 97//494 884//494 883//494
f 885//494 884//494 97//494
f 97//494 886//494 887//494
f 97//494 888//494 886//494
f 885//494 97//494 887//494
f 888//494 97//494 889//494
f 97//494 870//494 848//494
f 95//494 890//494 891//494
f 95//494 892//494 893//494
f 95//494 894//494 892//494
f 95//494 895//494 894//494
f 896//494 95//494 897//494
f 95//494 898//494 890//494
f 95//494 899//494 898//494
f 899//494 95//494 896//494
f 95//494 891//494 895//494
f 95//494 900//494 901//494
f 902//494 889//494 97//494
f 903//494 902//494 97//494
f 95//494 901//494 903//494
f 95//494 904//494 905//494
f 95//494 906//494 904//494
f 95//494 907//494 908//494
f 900//494 95//494 908//494
f 905//494 907//494 95//494
f 893//494 906//494 95//494
f 97//494 95//494 903//494
f 867//494 897//494 95//494
f 909//495 95//495 910//495
f 911//495 910//495 95//495
f 95//495 912//495 913//495
f 95//495 909//495 912//495
f 914//495 95//495 913//495
f 95//495 915//495 911//495
f 17//495 916//495 915//495
f 17//495 917//495 918//495
f 17//495 919//495 917//495
f 918//495 916//495 17//495
f 95//495 17//495 915//495
f 920//495 921//495 95//495
f 95//495 922//495 866//495
f 95//495 923//495 922//495
f 95//495 921//495 923//495
f 95//495 914//495 924//495
f 95//495 925//495 926//495
f 95//495 927//495 925//495
f 95//495 924//495 927//495
f 920//495 95//495 926//495
f 928//495 919//495 17//495
f 17//495 929//495 930//495
f 17//495 931//495 929//495
f 17//495 932//495 931//495
f 17//495 930//495 933//495
f 934//495 935//495 17//495
f 932//495 17//495 935//495
f 936//495 934//495 17//495
f 17//495 937//495 936//495
f 17//495 938//495 937//495
f 938//495 17//495 939//495
f 17//495 933//495 928//495
f 940//495 939//495 17//495
f 941//495 940//495 17//495
f 942//495 943//495 17//495
f 944//495 942//495 17//495
f 941//495 17//495 943//495
f 945//495 946//495 17//495
f 947//495 945//495 17//495
f 855//495 948//495 15//495
f 17//495 948//495 947//495
f 946//495 944//495 17//495
f 15//495 948//495 17//495
f 949//496 16//496 950//496
f 951//496 950//496 16//496
f 16//496 952//496 951//496
f 16//496 953//496 952//496
f 953//496 16//496 954//496
f 16//496 949//496 955//496
f 16//496 956//496 957//496
f 16//496 958//496 956//496
f 16//496 955//496 958//496
f 959//496 16//496 957//496
f 16//496 960//496 954//496
f 16//496 961//496 962//496
f 16//496 963//496 964//496
f 961//496 16//496 964//496
f 16//496 965//496 966//496
f 16//496 967//496 965//496
f 16//496 959//496 967//496
f 962//496 960//496 16//496
f 968//496 16//496 966//496
f 16//496 969//496 970//496
f 16//496 971//496 972//496
f 970//496 971//496 16//496
f 968//496 969//496 16//496
f 973//496 974//496 16//496
f 16//496 975//496 976//496
f 16//496 977//496 978//496
f 16//496 974//496 977//496
f 972//496 973//496 16//496
f 98//496 16//496 976//496
f 979//496 98//496 980//496
f 981//496 98//496 979//496
f 982//496 98//496 976//496
f 98//496 983//496 984//496
f 98//496 981//496 985//496
f 98//496 986//496 987//496
f 98//496 988//496 986//496
f 98//496 984//496 988//496
f 983//496 98//496 985//496
f 978//496 975//496 16//496
f 980//496 98//496 982//496
f 96//496 989//496 990//496
f 991//496 992//496 96//496
f 989//496 96//496 992//496
f 96//496 990//496 993//496
f 96//496 994//496 995//496
f 96//496 996//496 997//496
f 96//496 995//496 996//496
f 998//496 991//496 96//496
f 96//496 999//496 1000//496
f 1001//496 1002//496 96//496
f 999//496 96//496 1002//496
f 1003//496 1001//496 96//496
f 96//496 1000//496 998//496
f 96//496 1004//496 1005//496
f 96//496 1006//496 1004//496
f 96//496 1007//496 1003//496
f 96//496 1008//496 1007//496
f 96//496 1005//496 1008//496
f 1006//496 96//496 997//496
f 98//496 994//496 96//496
f 1009//496 98//496 1010//496
f 98//496 1011//496 1012//496
f 98//496 1013//496 1011//496
f 1013//496 98//496 1009//496
f 98//496 1014//496 1015//496
f 98//496 1016//496 1017//496
f 98//496 1015//496 1018//496
f 1016//496 98//496 1018//496
f 1017//496 1010//496 98//496
f 98//496 1019//496 1020//496
f 98//496 1021//496 1022//496
f 98//496 1023//496 1021//496
f 98//496 1020//496 1023//496
f 98//496 1024//496 1025//496
f 98//496 1026//496 1024//496
f 98//496 1027//496 1028//496
f 1019//496 98//496 1028//496
f 1025//496 1027//496 98//496
f 1012//496 1026//496 98//496
f 98//496 1022//496 994//496
f 987//496 1014//496 98//496
f 1029//497 96//497 993//497
f 96//497 1030//497 1031//497
f 96//497 1029//497 1030//497
f 1032//497 96//497 1031//497
f 96//497 1033//497 1034//497
f 96//497 1032//497 1033//497
f 96//497 1035//497 1036//497
f 96//497 1037//497 1035//497
f 96//497 1034//497 1037//497
f 1038//497 96//497 1036//497
f 96//497 1038//497 1039//497
f 96//497 1040//497 1041//497
f 96//497 1042//497 1040//497
f 96//497 1039//497 1042//497
f 1043//497 18//497 1044//497
f 96//497 1044//497 18//497
f 18//497 1045//497 1046//497
f 18//497 1047//497 1045//497
f 18//497 1048//497 1047//497
f 96//497 1041//497 1044//497
f 1048//497 18//497 1043//497
f 1049//497 18//497 1050//497
f 1051//497 18//497 1052//497
f 1052//497 18//497 1053//497
f 18//497 1051//497 1050//497
f 16//497 1054//497 963//497
f 18//497 1055//497 1054//497
f 1055//497 18//497 1056//497
f 1056//497 18//497 1057//497
f 1049//497 1057//497 18//497
f 1054//497 16//497 18//497
f 18//497 1058//497 1059//497
f 18//497 1060//497 1058//497
f 18//497 1061//497 1062//497
f 18//497 1063//497 1061//497
f 1062//497 1060//497 18//497
f 1064//497 18//497 1065//497
f 1066//497 18//497 1064//497
f 18//497 1067//497 1068//497
f 1065//497 18//497 1068//497
f 1059//497 1067//497 18//497
f 18//497 1066//497 1053//497
f 1046//497 1063//497 18//497
f 858//498 962//498 961//498
f 856//498 858//498 961//498
f 964//499 854//499 856//499
f 856//499 961//499 964//499
f 855//500 854//500 964//500
f 963//500 1054//500 855//500
f 948//500 855//500 1054//500
f 964//500 963//500 855//500
f 1055//501 947//501 948//501
f 948//501 1054//501 1055//501
f 1056//502 946//502 945//502
f 1056//502 1057//502 946//502
f 1055//503 945//503 947//503
f 945//503 1055//503 1056//503
f 1049//504 942//504 944//504
f 942//504 1049//504 1050//504
f 1057//505 944//505 946//505
f 944//505 1057//505 1049//505
f 1051//506 941//506 943//506
f 941//506 1051//506 1052//506
f 1050//389 943//389 942//389
f 943//389 1050//389 1051//389
f 1053//507 941//507 1052//507
f 940//507 941//507 1053//507
f 1066//508 939//508 940//508
f 940//508 1053//508 1066//508
f 1066//509 1064//509 939//509
f 939//509 1064//509 938//509
f 1065//510 937//510 938//510
f 938//510 1064//510 1065//510
f 1065//511 1068//511 937//511
f 936//511 937//511 1068//511
f 1067//512 934//512 936//512
f 936//512 1068//512 1067//512
f 932//513 935//513 1059//513
f 1059//513 1058//513 932//513
f 1067//514 935//514 934//514
f 935//514 1067//514 1059//514
f 929//515 931//515 1060//515
f 929//515 1060//515 1062//515
f 1058//516 931//516 932//516
f 931//516 1058//516 1060//516
f 1062//401 1061//401 929//401
f 929//401 1061//401 930//401
f 1063//401 933//401 930//401
f 930//401 1061//401 1063//401
f 1046//517 933//517 1063//517
f 928//517 933//517 1046//517
f 1045//518 919//518 928//518
f 928//518 1046//518 1045//518
f 1047//519 918//519 917//519
f 1047//519 1048//519 918//519
f 1045//520 917//520 919//520
f 917//520 1045//520 1047//520
f 1043//521 915//521 916//521
f 915//521 1043//521 1044//521
f 1048//522 916//522 918//522
f 916//522 1048//522 1043//522
f 1041//523 910//523 911//523
f 1041//523 1040//523 910//523
f 1044//524 911//524 915//524
f 911//524 1044//524 1041//524
f 910//525 1040//525 1042//525
f 909//525 910//525 1042//525
f 1039//526 912//526 909//526
f 909//526 1042//526 1039//526
f 1038//527 914//527 913//527
f 914//527 1038//527 1036//527
f 1039//528 913//528 912//528
f 913//528 1039//528 1038//528
f 1035//529 914//529 1036//529
f 924//529 914//529 1035//529
f 1037//530 927//530 924//530
f 924//530 1035//530 1037//530
f 1037//531 1034//531 927//531
f 927//531 1034//531 925//531
f 1033//532 926//532 925//532
f 925//532 1034//532 1033//532
f 921//533 920//533 1032//533
f 1032//533 1031//533 921//533
f 1033//534 920//534 926//534
f 920//534 1033//534 1032//534
f 922//535 923//535 1030//535
f 1030//535 1029//535 922//535
f 1031//536 923//536 921//536
f 923//536 1031//536 1030//536
f 990//537 897//537 867//537
f 990//537 989//537 897//537
f 866//538 922//538 993//538
f 993//538 867//538 866//538
f 922//538 1029//538 993//538
f 867//538 993//538 990//538
f 992//539 897//539 989//539
f 897//539 992//539 896//539
f 991//540 899//540 896//540
f 896//540 992//540 991//540
f 991//541 998//541 899//541
f 898//541 899//541 998//541
f 1000//542 890//542 898//542
f 898//542 998//542 1000//542
f 999//543 890//543 1000//543
f 891//543 890//543 999//543
f 1002//544 895//544 891//544
f 891//544 999//544 1002//544
f 895//545 1002//545 1001//545
f 894//545 895//545 1001//545
f 1003//546 892//546 894//546
f 894//546 1001//546 1003//546
f 1007//547 892//547 1003//547
f 892//547 1007//547 893//547
f 1008//548 906//548 893//548
f 893//548 1007//548 1008//548
f 1005//549 905//549 904//549
f 905//549 1005//549 1004//549
f 1008//550 904//550 906//550
f 904//550 1008//550 1005//550
f 908//551 907//551 1006//551
f 1006//551 997//551 908//551
f 1004//552 907//552 905//552
f 907//552 1004//552 1006//552
f 997//553 996//553 908//553
f 908//553 996//553 900//553
f 995//554 901//554 900//554
f 900//554 996//554 995//554
f 902//555 903//555 994//555
f 902//555 994//555 1022//555
f 995//556 903//556 901//556
f 903//556 995//556 994//556
f 1021//557 888//557 889//557
f 888//557 1021//557 1023//557
f 1022//558 889//558 902//558
f 889//558 1022//558 1021//558
f 1020//559 887//559 886//559
f 1020//559 1019//559 887//559
f 1023//560 886//560 888//560
f 886//560 1023//560 1020//560
f 1019//561 1028//561 887//561
f 885//561 887//561 1028//561
f 1027//562 884//562 885//562
f 885//562 1028//562 1027//562
f 1025//563 881//563 883//563
f 1025//563 1024//563 881//563
f 1027//564 883//564 884//564
f 883//564 1027//564 1025//564
f 1026//565 881//565 1024//565
f 881//565 1026//565 882//565
f 1012//447 879//447 882//447
f 882//447 1026//447 1012//447
f 879//566 1012//566 1011//566
f 880//566 879//566 1011//566
f 1013//567 876//567 880//567
f 880//567 1011//567 1013//567
f 1009//568 878//568 877//568
f 1009//568 1010//568 878//568
f 1013//569 877//569 876//569
f 877//569 1013//569 1009//569
f 1017//570 873//570 875//570
f 873//570 1017//570 1016//570
f 1010//570 875//570 878//570
f 875//570 1010//570 1017//570
f 1018//571 873//571 1016//571
f 874//571 873//571 1018//571
f 1015//572 871//572 874//572
f 874//572 1018//572 1015//572
f 1014//573 871//573 1015//573
f 871//573 1014//573 872//573
f 987//574 869//574 872//574
f 872//574 1014//574 987//574
f 848//575 870//575 986//575
f 848//575 986//575 988//575
f 987//576 870//576 869//576
f 870//576 987//576 986//576
f 845//577 847//577 984//577
f 984//577 983//577 845//577
f 988//578 847//578 848//578
f 847//578 988//578 984//578
f 985//579 843//579 846//579
f 843//579 985//579 981//579
f 983//580 846//580 845//580
f 846//580 983//580 985//580
f 979//581 843//581 981//581
f 844//581 843//581 979//581
f 980//582 842//582 844//582
f 844//582 979//582 980//582
f 980//583 982//583 842//583
f 842//583 982//583 841//583
f 976//584 840//584 841//584
f 841//584 982//584 976//584
f 975//585 833//585 834//585
f 975//585 978//585 833//585
f 976//586 834//586 840//586
f 834//586 976//586 975//586
f 977//587 833//587 978//587
f 833//587 977//587 832//587
f 974//588 831//588 832//588
f 832//588 977//588 974//588
f 973//589 831//589 974//589
f 831//589 973//589 830//589
f 972//590 829//590 830//590
f 830//590 973//590 972//590
f 971//591 837//591 838//591
f 837//591 971//591 970//591
f 972//592 838//592 829//592
f 838//592 972//592 971//592
f 969//593 837//593 970//593
f 835//593 837//593 969//593
f 968//594 836//594 835//594
f 835//594 969//594 968//594
f 836//595 968//595 966//595
f 839//595 836//595 966//595
f 965//596 861//596 839//596
f 839//596 966//596 965//596
f 967//597 859//597 862//597
f 967//597 959//597 859//597
f 965//598 862//598 861//598
f 862//598 965//598 967//598
f 957//599 859//599 959//599
f 859//599 957//599 860//599
f 956//600 868//600 860//600
f 860//600 957//600 956//600
f 958//484 868//484 956//484
f 868//484 958//484 865//484
f 955//601 863//601 865//601
f 865//601 958//601 955//601
f 949//602 853//602 864//602
f 949//602 950//602 853//602
f 955//603 864//603 863//603
f 864//603 955//603 949//603
f 853//604 950//604 951//604
f 851//604 853//604 951//604
f 952//605 852//605 851//605
f 851//605 951//605 952//605
f 850//606 849//606 953//606
f 953//606 954//606 850//606
f 952//607 849//607 852//607
f 849//607 952//607 953//607
f 960//608 858//608 857//608
f 960//608 962//608 858//608
f 954//609 857//609 850//609
f 857//609 954//609 960//609
f 1069//610 99//610 1070//610
f 1071//610 1070//610 99//610
f 99//610 1069//610 1072//610
f 1073//610 99//610 1072//610
f 99//610 1074//610 1075//610
f 99//610 1076//610 1071//610
f 99//610 1075//610 1076//610
f 1074//610 99//610 1077//610
f 101//610 1073//610 1078//610
f 1079//610 101//610 1080//610
f 1078//610 1080//610 101//610
f 99//610 1073//610 101//610
f 101//610 1081//610 1082//610
f 101//610 1082//610 1083//610
f 1079//610 1081//610 101//610
f 1084//610 101//610 1083//610
f 11//610 1085//610 1086//610
f 1086//610 1087//610 11//610
f 1088//610 1089//610 11//610
f 1085//610 11//610 1089//610
f 11//610 1090//610 1088//610
f 1090//610 11//610 1091//610
f 1092//610 1093//610 101//610
f 1084//610 1092//610 101//610
f 1094//610 1095//610 11//610
f 11//610 1096//610 1097//610
f 1094//610 11//610 1097//610
f 1095//610 1091//610 11//610
f 1098//611 101//611 1099//611
f 1098//611 7//611 101//611
f 1100//611 7//611 1098//611
f 7//611 1101//611 1102//611
f 7//611 1100//611 1101//611
f 1103//611 7//611 1102//611
f 1104//611 7//611 1105//611
f 9//611 7//611 1104//611
f 7//611 1106//611 1107//611
f 1107//611 1108//611 7//611
f 1105//611 7//611 1108//611
f 1103//611 1106//611 7//611
f 1109//612 101//612 1093//612
f 101//612 1110//612 1111//612
f 1109//612 1110//612 101//612
f 1112//612 101//612 1111//612
f 101//612 1113//612 1114//612
f 101//612 1112//612 1115//612
f 101//612 1116//612 1117//612
f 1114//612 1116//612 101//612
f 1115//612 1113//612 101//612
f 1118//612 101//612 1117//612
f 101//612 1119//612 1120//612
f 101//612 1118//612 1121//612
f 101//612 1122//612 1123//612
f 1120//612 1122//612 101//612
f 1121//612 1119//612 101//612
f 1124//612 1099//612 101//612
f 1125//612 9//612 1104//612
f 1126//612 9//612 1125//612
f 1126//612 1127//612 9//612
f 1123//612 1124//612 101//612
f 1128//612 9//612 1129//612
f 1130//612 9//612 1131//612
f 1131//612 9//612 1132//612
f 9//612 1130//612 1129//612
f 1096//612 9//612 1133//612
f 9//612 1134//612 1133//612
f 1134//612 9//612 1135//612
f 9//612 1136//612 1135//612
f 1128//612 1136//612 9//612
f 9//612 1096//612 11//612
f 9//612 1137//612 1138//612
f 9//612 1139//612 1140//612
f 1141//612 9//612 1142//612
f 1139//612 9//612 1141//612
f 9//612 1140//612 1137//612
f 9//612 1143//612 1144//612
f 9//612 1145//612 1143//612
f 9//612 1146//612 1147//612
f 1145//612 9//612 1147//612
f 1138//612 1146//612 9//612
f 9//612 1144//612 1132//612
f 1127//612 1142//612 9//612
f 1148//613 13//613 1149//613
f 1150//613 1149//613 13//613
f 1151//613 13//613 1148//613
f 1152//613 13//613 1153//613
f 1151//613 1153//613 13//613
f 1154//613 13//613 1152//613
f 13//613 1155//613 1156//613
f 13//613 1157//613 1155//613
f 13//613 1158//613 1150//613
f 1159//613 1158//613 13//613
f 1156//613 1159//613 13//613
f 1157//613 13//613 1160//613
f 13//613 1154//613 1161//613
f 13//613 1162//613 1163//613
f 13//613 1164//613 1165//613
f 13//613 1163//613 1164//613
f 1161//613 1162//613 13//613
f 99//613 1166//613 1167//613
f 99//613 1168//613 1166//613
f 99//613 1169//613 1170//613
f 99//613 1171//613 1172//613
f 99//613 1170//613 1171//613
f 99//613 1167//613 1169//613
f 99//613 1165//613 1168//613
f 99//613 13//613 1165//613
f 13//613 1173//613 1174//613
f 1175//613 1173//613 13//613
f 1176//613 1177//613 13//613
f 1178//613 1176//613 13//613
f 13//613 1174//613 1178//613
f 1087//613 1179//613 11//613
f 1180//613 11//613 1179//613
f 13//613 1181//613 1182//613
f 1180//613 1181//613 11//613
f 13//613 1182//613 1175//613
f 1177//613 1160//613 13//613
f 99//613 1183//613 1184//613
f 99//613 1185//613 1186//613
f 99//613 1187//613 1185//613
f 99//613 1184//613 1187//613
f 99//613 1188//613 1189//613
f 99//613 1190//613 1188//613
f 1189//613 1191//613 99//613
f 1192//613 99//613 1191//613
f 99//613 1192//613 1077//613
f 1186//613 1190//613 99//613
f 1172//613 1183//613 99//613
f 1181//613 13//613 11//613
f 1193//614 100//614 1194//614
f 1195//614 1194//614 100//614
f 100//614 1193//614 1196//614
f 1197//614 100//614 1196//614
f 1198//614 102//614 1199//614
f 100//614 1200//614 1195//614
f 1200//614 102//614 1198//614
f 100//614 102//614 1200//614
f 100//614 1197//614 1201//614
f 100//614 1202//614 1203//614
f 100//614 1201//614 1202//614
f 12//614 1204//614 1205//614
f 12//614 1206//614 1207//614
f 12//614 1205//614 1206//614
f 102//614 1208//614 1209//614
f 102//614 1210//614 1208//614
f 102//614 1209//614 1211//614
f 1212//614 1213//614 102//614
f 1210//614 102//614 1213//614
f 102//614 1214//614 1212//614
f 102//614 1211//614 1199//614
f 12//614 1215//614 1216//614
f 12//614 1217//614 1215//614
f 12//614 1216//614 1218//614
f 12//614 1219//614 1220//614
f 1218//614 1221//614 12//614
f 1219//614 12//614 1221//614
f 1207//614 1217//614 12//614
f 1222//615 1223//615 8//615
f 8//615 1224//615 1222//615
f 1225//615 102//615 1223//615
f 1224//615 8//615 1226//615
f 1227//615 1226//615 8//615
f 8//615 1223//615 102//615
f 1228//615 1229//615 8//615
f 1227//615 8//615 1229//615
f 1230//615 1228//615 8//615
f 1231//615 1230//615 8//615
f 8//615 1232//615 1231//615
f 8//615 10//615 1232//615
f 1233//616 102//616 1234//616
f 1235//616 1234//616 102//616
f 102//616 1236//616 1237//616
f 102//616 1233//616 1236//616
f 1238//616 102//616 1237//616
f 102//616 1225//616 1235//616
f 1239//616 10//616 1240//616
f 10//616 1241//616 1240//616
f 10//616 1239//616 1232//616
f 1242//616 102//616 1243//616
f 1244//616 1243//616 102//616
f 102//616 1245//616 1214//616
f 1246//616 1245//616 102//616
f 1242//616 1246//616 102//616
f 1247//616 102//616 1248//616
f 1238//616 1248//616 102//616
f 102//616 1249//616 1244//616
f 1250//616 1251//616 102//616
f 1247//616 1250//616 102//616
f 1249//616 102//616 1251//616
f 10//616 1252//616 1253//616
f 1254//616 1255//616 10//616
f 1252//616 10//616 1255//616
f 10//616 1253//616 1256//616
f 1257//616 1258//616 10//616
f 1254//616 10//616 1258//616
f 1259//616 1257//616 10//616
f 10//616 1260//616 1259//616
f 10//616 1261//616 1260//616
f 1261//616 10//616 1262//616
f 10//616 1256//616 1241//616
f 1263//616 1262//616 10//616
f 1264//616 1263//616 10//616
f 1265//616 1266//616 10//616
f 1267//616 1265//616 10//616
f 1264//616 10//616 1266//616
f 1268//616 10//616 1269//616
f 10//616 1268//616 1270//616
f 1271//616 10//616 1220//616
f 10//616 1271//616 1269//616
f 1270//616 1267//616 10//616
f 1220//616 10//616 12//616
f 1272//617 14//617 1273//617
f 1274//617 1273//617 14//617
f 1275//617 14//617 1272//617
f 14//617 1276//617 1277//617
f 14//617 1275//617 1276//617
f 1278//617 14//617 1277//617
f 1279//617 14//617 1280//617
f 1281//617 1280//617 14//617
f 14//617 1282//617 1274//617
f 14//617 1283//617 1282//617
f 14//617 1279//617 1283//617
f 1281//617 14//617 1284//617
f 1285//617 12//617 14//617
f 1286//617 12//617 1285//617
f 1204//617 12//617 1287//617
f 1286//617 1287//617 12//617
f 1285//617 14//617 1288//617
f 1289//617 1290//617 14//617
f 1291//617 1289//617 14//617
f 1292//617 1288//617 14//617
f 1293//617 1292//617 14//617
f 14//617 1294//617 1293//617
f 1290//617 1294//617 14//617
f 1291//617 14//617 1278//617
f 1295//617 1296//617 14//617
f 1297//617 1295//617 14//617
f 14//617 1298//617 1284//617
f 1299//617 1298//617 14//617
f 1296//617 1299//617 14//617
f 1300//617 1301//617 100//617
f 1297//617 100//617 1301//617
f 1302//617 1300//617 100//617
f 100//617 1303//617 1302//617
f 100//617 1304//617 1303//617
f 1304//617 100//617 1305//617
f 14//617 100//617 1297//617
f 100//617 1306//617 1305//617
f 100//617 1307//617 1306//617
f 100//617 1308//617 1309//617
f 100//617 1310//617 1308//617
f 1309//617 1307//617 100//617
f 1311//617 100//617 1312//617
f 1313//617 1312//617 100//617
f 100//617 1314//617 1315//617
f 100//617 1203//617 1316//617
f 1316//617 1314//617 100//617
f 1315//617 1313//617 100//617
f 1311//617 1310//617 100//617
f 1090//618 1091//618 1216//618
f 1090//618 1216//618 1215//618
f 1218//619 1091//619 1095//619
f 1091//619 1218//619 1216//619
f 1217//620 1090//620 1215//620
f 1088//620 1090//620 1217//620
f 1207//621 1089//621 1088//621
f 1088//621 1217//621 1207//621
f 1086//622 1085//622 1206//622
f 1086//622 1206//622 1205//622
f 1207//623 1085//623 1089//623
f 1085//623 1207//623 1206//623
f 1180//624 1179//624 1287//624
f 1287//624 1286//624 1180//624
f 1205//625 1087//625 1086//625
f 1087//625 1204//625 1179//625
f 1087//625 1205//625 1204//625
f 1179//625 1204//625 1287//625
f 1180//626 1286//626 1285//626
f 1181//626 1180//626 1285//626
f 1288//627 1182//627 1181//627
f 1181//627 1285//627 1288//627
f 1173//628 1175//628 1292//628
f 1292//628 1293//628 1173//628
f 1288//629 1175//629 1182//629
f 1175//629 1288//629 1292//629
f 1173//630 1293//630 1294//630
f 1174//630 1173//630 1294//630
f 1290//631 1178//631 1174//631
f 1174//631 1294//631 1290//631
f 1177//632 1176//632 1289//632
f 1289//632 1291//632 1177//632
f 1290//633 1176//633 1178//633
f 1176//633 1290//633 1289//633
f 1278//634 1157//634 1160//634
f 1278//634 1277//634 1157//634
f 1291//635 1160//635 1177//635
f 1160//635 1291//635 1278//635
f 1157//636 1277//636 1276//636
f 1155//636 1157//636 1276//636
f 1275//637 1156//637 1155//637
f 1155//637 1276//637 1275//637
f 1272//638 1158//638 1159//638
f 1272//638 1273//638 1158//638
f 1275//401 1159//401 1156//401
f 1159//401 1275//401 1272//401
f 1274//639 1158//639 1273//639
f 1150//639 1158//639 1274//639
f 1282//640 1149//640 1150//640
f 1150//640 1274//640 1282//640
f 1283//641 1151//641 1148//641
f 1151//641 1283//641 1279//641
f 1282//642 1148//642 1149//642
f 1148//642 1282//642 1283//642
f 1279//643 1280//643 1151//643
f 1153//643 1151//643 1280//643
f 1281//644 1152//644 1153//644
f 1153//644 1280//644 1281//644
f 1284//645 1161//645 1154//645
f 1161//645 1284//645 1298//645
f 1281//646 1154//646 1152//646
f 1154//646 1281//646 1284//646
f 1299//647 1163//647 1162//647
f 1299//647 1296//647 1163//647
f 1298//648 1162//648 1161//648
f 1162//648 1298//648 1299//648
f 1295//649 1163//649 1296//649
f 1163//649 1295//649 1164//649
f 1297//650 1165//650 1164//650
f 1164//650 1295//650 1297//650
f 1165//651 1297//651 1301//651
f 1168//651 1165//651 1301//651
f 1300//652 1166//652 1168//652
f 1168//652 1301//652 1300//652
f 1169//653 1167//653 1302//653
f 1169//653 1302//653 1303//653
f 1300//654 1167//654 1166//654
f 1167//654 1300//654 1302//654
f 1304//655 1169//655 1303//655
f 1170//655 1169//655 1304//655
f 1305//656 1171//656 1170//656
f 1170//656 1304//656 1305//656
f 1306//657 1183//657 1172//657
f 1306//657 1307//657 1183//657
f 1305//658 1172//658 1171//658
f 1172//658 1305//658 1306//658
f 1187//659 1184//659 1309//659
f 1309//659 1308//659 1187//659
f 1307//660 1184//660 1183//660
f 1184//660 1307//660 1309//660
f 1310//661 1187//661 1308//661
f 1185//661 1187//661 1310//661
f 1311//662 1186//662 1185//662
f 1185//662 1310//662 1311//662
f 1312//663 1188//663 1190//663
f 1312//663 1313//663 1188//663
f 1311//664 1190//664 1186//664
f 1190//664 1311//664 1312//664
f 1315//665 1191//665 1189//665
f 1191//665 1315//665 1314//665
f 1313//665 1189//665 1188//665
f 1189//665 1313//665 1315//665
f 1077//666 1192//666 1316//666
f 1316//666 1203//666 1077//666
f 1074//666 1077//666 1202//666
f 1202//666 1077//666 1203//666
f 1314//667 1192//667 1191//667
f 1192//667 1314//667 1316//667
f 1201//668 1074//668 1202//668
f 1075//668 1074//668 1201//668
f 1197//669 1076//669 1075//669
f 1075//669 1201//669 1197//669
f 1196//670 1070//670 1071//670
f 1196//670 1193//670 1070//670
f 1197//671 1071//671 1076//671
f 1071//671 1197//671 1196//671
f 1070//672 1193//672 1194//672
f 1069//672 1070//672 1194//672
f 1195//673 1072//673 1069//673
f 1069//673 1194//673 1195//673
f 1200//674 1078//674 1073//674
f 1200//674 1198//674 1078//674
f 1195//674 1073//674 1072//674
f 1073//674 1195//674 1200//674
f 1079//675 1080//675 1199//675
f 1079//675 1199//675 1211//675
f 1198//676 1080//676 1078//676
f 1080//676 1198//676 1199//676
f 1209//677 1079//677 1211//677
f 1081//677 1079//677 1209//677
f 1208//678 1082//678 1081//678
f 1081//678 1209//678 1208//678
f 1082//679 1208//679 1210//679
f 1083//679 1082//679 1210//679
f 1213//680 1084//680 1083//680
f 1083//680 1210//680 1213//680
f 1212//681 1084//681 1213//681
f 1092//681 1084//681 1212//681
f 1093//329 1092//329 1214//329
f 1214//329 1109//329 1093//329
f 1214//329 1092//329 1212//329
f 1245//329 1109//329 1214//329
f 1246//682 1111//682 1110//682
f 1246//682 1242//682 1111//682
f 1245//683 1110//683 1109//683
f 1110//683 1245//683 1246//683
f 1111//684 1242//684 1243//684
f 1112//684 1111//684 1243//684
f 1244//685 1115//685 1112//685
f 1112//685 1243//685 1244//685
f 1114//686 1113//686 1249//686
f 1249//686 1251//686 1114//686
f 1244//687 1113//687 1115//687
f 1113//687 1244//687 1249//687
f 1114//688 1251//688 1250//688
f 1116//688 1114//688 1250//688
f 1247//689 1117//689 1116//689
f 1116//689 1250//689 1247//689
f 1248//690 1117//690 1247//690
f 1118//690 1117//690 1248//690
f 1238//690 1121//690 1118//690
f 1118//690 1248//690 1238//690
f 1237//691 1120//691 1119//691
f 1237//691 1236//691 1120//691
f 1238//692 1119//692 1121//692
f 1119//692 1238//692 1237//692
f 1120//693 1236//693 1233//693
f 1122//693 1120//693 1233//693
f 1234//694 1123//694 1122//694
f 1122//694 1233//694 1234//694
f 1235//695 1123//695 1234//695
f 1124//695 1123//695 1235//695
f 1225//695 1099//695 1124//695
f 1099//695 1223//695 1098//695
f 1124//695 1235//695 1225//695
f 1099//695 1225//695 1223//695
f 1101//696 1100//696 1222//696
f 1222//696 1224//696 1101//696
f 1223//697 1100//697 1098//697
f 1100//697 1223//697 1222//697
f 1101//698 1224//698 1226//698
f 1102//698 1101//698 1226//698
f 1227//699 1103//699 1102//699
f 1102//699 1226//699 1227//699
f 1229//700 1103//700 1227//700
f 1106//700 1103//700 1229//700
f 1228//701 1107//701 1106//701
f 1106//701 1229//701 1228//701
f 1230//702 1105//702 1108//702
f 1105//702 1230//702 1231//702
f 1228//703 1108//703 1107//703
f 1108//703 1228//703 1230//703
f 1104//704 1105//704 1231//704
f 1232//704 1239//704 1104//704
f 1125//704 1104//704 1239//704
f 1231//704 1232//704 1104//704
f 1240//705 1126//705 1125//705
f 1125//705 1239//705 1240//705
f 1241//706 1126//706 1240//706
f 1127//706 1126//706 1241//706
f 1256//707 1142//707 1127//707
f 1127//707 1241//707 1256//707
f 1253//708 1139//708 1141//708
f 1139//708 1253//708 1252//708
f 1256//709 1141//709 1142//709
f 1141//709 1256//709 1253//709
f 1252//710 1255//710 1139//710
f 1139//710 1255//710 1140//710
f 1254//711 1137//711 1140//711
f 1140//711 1255//711 1254//711
f 1146//712 1138//712 1258//712
f 1258//712 1257//712 1146//712
f 1254//713 1138//713 1137//713
f 1138//713 1254//713 1258//713
f 1146//714 1257//714 1259//714
f 1147//714 1146//714 1259//714
f 1260//715 1145//715 1147//715
f 1147//715 1259//715 1260//715
f 1260//716 1261//716 1145//716
f 1143//716 1145//716 1261//716
f 1262//717 1144//717 1143//717
f 1143//717 1261//717 1262//717
f 1131//718 1132//718 1263//718
f 1131//718 1263//718 1264//718
f 1262//719 1132//719 1144//719
f 1132//719 1262//719 1263//719
f 1264//720 1266//720 1131//720
f 1131//720 1266//720 1130//720
f 1265//721 1129//721 1130//721
f 1130//721 1266//721 1265//721
f 1267//722 1129//722 1265//722
f 1129//722 1267//722 1128//722
f 1270//723 1136//723 1128//723
f 1128//723 1267//723 1270//723
f 1134//724 1135//724 1268//724
f 1268//724 1269//724 1134//724
f 1270//725 1135//725 1136//725
f 1135//725 1270//725 1268//725
f 1133//726 1271//726 1096//726
f 1271//726 1220//726 1096//726
f 1097//726 1096//726 1219//726
f 1096//726 1220//726 1219//726
f 1269//727 1133//727 1134//727
f 1133//727 1269//727 1271//727
f 1219//728 1221//728 1097//728
f 1097//728 1221//728 1094//728
f 1218//729 1095//729 1094//729
f 1094//729 1221//729 1218//729
f 71//730 1317//730 1318//730
f 1317//730 71//730 1319//730
f 1319//730 71//730 1320//730
f 1321//730 1320//730 71//730
f 1321//730 71//730 1322//730
f 1322//730 71//730 1323//730
f 1324//730 71//730 1325//730
f 1324//730 1323//730 71//730
f 73//730 71//730 1318//730
f 71//730 1326//730 1327//730
f 1328//730 1329//730 71//730
f 1326//730 71//730 1329//730
f 1330//730 1328//730 71//730
f 71//730 1327//730 1325//730
f 1331//730 1330//730 71//730
f 1332//730 1331//730 71//730
f 1333//730 71//730 1334//730
f 71//730 1333//730 1332//730
f 1334//730 71//730 39//730
f 1335//731 39//731 1336//731
f 1337//731 1336//731 39//731
f 1338//731 39//731 1335//731
f 39//731 1339//731 1337//731
f 39//731 1340//731 1339//731
f 1340//731 39//731 1341//731
f 1342//731 39//731 1343//731
f 1344//731 1343//731 39//731
f 39//731 1338//731 1345//731
f 39//731 1346//731 1344//731
f 39//731 1345//731 1347//731
f 1346//731 39//731 1347//731
f 1348//731 39//731 1342//731
f 39//731 1349//731 1350//731
f 1351//731 1349//731 39//731
f 1352//731 1353//731 37//731
f 37//731 1354//731 1352//731
f 1351//731 39//731 1353//731
f 1341//731 39//731 1355//731
f 1356//731 1355//731 39//731
f 39//731 1357//731 1358//731
f 39//731 1359//731 1360//731
f 39//731 1358//731 1359//731
f 1360//731 1356//731 39//731
f 39//731 1350//731 1357//731
f 39//731 37//731 1353//731
f 39//731 1361//731 1362//731
f 39//731 1363//731 1361//731
f 39//731 1364//731 1365//731
f 39//731 1348//731 1364//731
f 1365//731 1363//731 39//731
f 39//731 1366//731 1367//731
f 39//731 1367//731 1334//731
f 73//731 1318//731 1368//731
f 73//731 1369//731 1370//731
f 73//731 1368//731 1369//731
f 39//731 1362//731 1366//731
f 1371//731 73//731 1372//731
f 1373//731 73//731 1371//731
f 73//731 1374//731 1375//731
f 73//731 1376//731 1377//731
f 73//731 1375//731 1376//731
f 73//731 1373//731 1374//731
f 73//731 1378//731 1379//731
f 73//731 1380//731 1378//731
f 73//731 1381//731 1382//731
f 1383//731 73//731 1384//731
f 73//731 1383//731 1381//731
f 73//731 1379//731 1384//731
f 73//731 1377//731 1380//731
f 73//731 1370//731 1372//731
f 37//731 1385//731 1386//731
f 37//731 1387//731 1388//731
f 1389//731 1390//731 37//731
f 1387//731 37//731 1390//731
f 37//731 1388//731 1385//731
f 1391//731 37//731 1392//731
f 37//731 1393//731 1392//731
f 37//731 1394//731 1395//731
f 37//731 1396//731 1397//731
f 1397//731 1394//731 37//731
f 1395//731 1393//731 37//731
f 37//731 1391//731 1389//731
f 1398//731 1399//731 37//731
f 1400//731 37//731 1399//731
f 1401//731 1402//731 37//731
f 1398//731 37//731 1402//731
f 37//731 1403//731 1401//731
f 1403//731 37//731 1404//731
f 37//731 1400//731 1396//731
f 1404//731 37//731 1405//731
f 1406//731 1405//731 37//731
f 37//731 1407//731 1406//731
f 37//731 1408//731 1409//731
f 1408//731 37//731 1410//731
f 1407//731 37//731 1409//731
f 1410//731 37//731 1411//731
f 37//731 1386//731 1354//731
f 1412//731 73//731 1413//731
f 1414//731 73//731 1412//731
f 73//731 1415//731 1416//731
f 73//731 1414//731 1417//731
f 1415//731 73//731 1417//731
f 73//731 1418//731 1419//731
f 73//731 1420//731 1418//731
f 73//731 1421//731 1422//731
f 1419//731 1423//731 73//731
f 1421//731 73//731 1423//731
f 73//731 1422//731 1413//731
f 1382//731 1420//731 73//731
f 73//731 1416//731 1424//731
f 1425//731 1426//731 37//731
f 1427//731 1428//731 73//731
f 37//731 1429//731 1411//731
f 37//731 1430//731 1429//731
f 1430//731 37//731 1426//731
f 1425//731 37//731 1428//731
f 73//731 1431//731 1432//731
f 1424//731 1431//731 73//731
f 1433//731 1434//731 73//731
f 1435//731 1436//731 73//731
f 1433//731 73//731 1436//731
f 1432//731 1435//731 73//731
f 1427//731 73//731 1434//731
f 1428//731 37//731 73//731
f 1437//732 72//732 74//732
f 1438//732 72//732 1439//732
f 72//732 1437//732 1439//732
f 1440//732 72//732 1438//732
f 1441//732 72//732 1442//732
f 1440//732 1442//732 72//732
f 72//732 1443//732 1444//732
f 1441//732 1443//732 72//732
f 1445//732 72//732 1444//732
f 1446//732 1447//732 72//732
f 72//732 1448//732 40//732
f 1448//732 72//732 1447//732
f 1446//732 72//732 1449//732
f 1450//732 1451//732 72//732
f 72//732 1445//732 1452//732
f 1453//732 1449//732 72//732
f 1454//732 1453//732 72//732
f 1451//732 1454//732 72//732
f 1450//732 72//732 1452//732
f 1455//733 40//733 1456//733
f 1457//733 1456//733 40//733
f 1458//733 40//733 1455//733
f 40//733 1459//733 1457//733
f 40//733 1460//733 1459//733
f 1460//733 40//733 1461//733
f 1462//733 40//733 1463//733
f 1464//733 1463//733 40//733
f 40//733 1458//733 1465//733
f 40//733 1465//733 1466//733
f 1466//733 1464//733 40//733
f 40//733 1462//733 1467//733
f 1468//733 40//733 1467//733
f 40//733 1469//733 1470//733
f 40//733 1471//733 1469//733
f 40//733 1472//733 1473//733
f 40//733 1448//733 1472//733
f 1473//733 1471//733 40//733
f 40//733 1474//733 1461//733
f 1475//733 1474//733 40//733
f 40//733 1476//733 1477//733
f 1478//733 1479//733 40//733
f 1477//733 1478//733 40//733
f 1475//733 40//733 1479//733
f 40//733 1470//733 1476//733
f 1480//733 1481//733 40//733
f 1482//733 1480//733 40//733
f 1483//733 1484//733 40//733
f 1485//733 1483//733 40//733
f 1481//733 1485//733 40//733
f 1486//733 38//733 1484//733
f 1484//733 38//733 40//733
f 1487//733 38//733 1486//733
f 38//733 1488//733 1489//733
f 38//733 1489//733 1490//733
f 1487//733 1488//733 38//733
f 1491//733 38//733 1490//733
f 1468//733 1482//733 40//733
f 38//733 1492//733 1493//733
f 1491//733 1492//733 38//733
f 1494//733 1495//733 38//733
f 38//733 1496//733 1497//733
f 38//733 1495//733 1496//733
f 1493//733 1494//733 38//733
f 38//733 1498//733 1499//733
f 38//733 1500//733 1501//733
f 38//733 1502//733 1503//733
f 38//733 1503//733 1504//733
f 1499//733 1502//733 38//733
f 1501//733 1498//733 38//733
f 38//733 1497//733 1500//733
f 1505//733 38//733 1504//733
f 1506//733 1507//733 74//733
f 1437//733 74//733 1507//733
f 74//733 1508//733 1509//733
f 74//733 1510//733 1511//733
f 1509//733 1506//733 74//733
f 74//733 1512//733 1510//733
f 74//733 1513//733 1512//733
f 74//733 1514//733 1515//733
f 74//733 1516//733 1517//733
f 1517//733 1514//733 74//733
f 1515//733 1513//733 74//733
f 74//733 1511//733 1508//733
f 74//733 1518//733 1519//733
f 74//733 1520//733 1518//733
f 1521//733 1522//733 74//733
f 1520//733 74//733 1522//733
f 74//733 1523//733 1521//733
f 1523//733 74//733 1524//733
f 74//733 1519//733 1516//733
f 74//733 1525//733 1526//733
f 1527//733 1528//733 74//733
f 1529//733 1530//733 74//733
f 1527//733 74//733 1530//733
f 1528//733 1524//733 74//733
f 1526//733 1529//733 74//733
f 1525//733 74//733 1531//733
f 38//733 1532//733 1533//733
f 1534//733 1535//733 38//733
f 38//733 1536//733 1537//733
f 1533//733 1536//733 38//733
f 1535//733 1532//733 38//733
f 38//733 1538//733 1539//733
f 1505//733 1538//733 38//733
f 1540//733 1541//733 38//733
f 1542//733 1543//733 38//733
f 1540//733 38//733 1543//733
f 1539//733 1542//733 38//733
f 1534//733 38//733 1541//733
f 74//733 1544//733 1545//733
f 1546//733 1544//733 74//733
f 1547//733 1531//733 74//733
f 1548//733 1549//733 74//733
f 1547//733 74//733 1549//733
f 1545//733 1548//733 74//733
f 74//733 1550//733 1551//733
f 1552//733 74//733 38//733
f 74//733 1553//733 1546//733
f 74//733 1554//733 1555//733
f 1554//733 74//733 1551//733
f 1552//733 1550//733 74//733
f 1553//733 74//733 1555//733
f 1552//733 38//733 1556//733
f 1556//733 38//733 1537//733
f 1486//734 1353//734 1352//734
f 1486//734 1484//734 1353//734
f 1487//735 1352//735 1354//735
f 1352//735 1487//735 1486//735
f 1483//736 1353//736 1484//736
f 1353//736 1483//736 1351//736
f 1485//737 1349//737 1351//737
f 1351//737 1483//737 1485//737
f 1357//738 1350//738 1481//738
f 1357//738 1481//738 1480//738
f 1485//739 1350//739 1349//739
f 1350//739 1485//739 1481//739
f 1359//740 1358//740 1482//740
f 1482//740 1468//740 1359//740
f 1480//741 1358//741 1357//741
f 1358//741 1480//741 1482//741
f 1467//742 1359//742 1468//742
f 1359//742 1467//742 1360//742
f 1462//743 1356//743 1360//743
f 1360//743 1467//743 1462//743
f 1341//744 1355//744 1463//744
f 1341//744 1463//744 1464//744
f 1462//745 1355//745 1356//745
f 1355//745 1462//745 1463//745
f 1466//746 1341//746 1464//746
f 1340//746 1341//746 1466//746
f 1465//747 1339//747 1340//747
f 1340//747 1466//747 1465//747
f 1458//748 1336//748 1337//748
f 1458//748 1455//748 1336//748
f 1465//749 1337//749 1339//749
f 1337//749 1465//749 1458//749
f 1338//750 1335//750 1456//750
f 1338//750 1456//750 1457//750
f 1455//750 1335//750 1336//750
f 1335//750 1455//750 1456//750
f 1457//751 1459//751 1338//751
f 1345//751 1338//751 1459//751
f 1460//752 1347//752 1345//752
f 1345//752 1459//752 1460//752
f 1347//753 1460//753 1461//753
f 1346//753 1347//753 1461//753
f 1474//754 1344//754 1346//754
f 1346//754 1461//754 1474//754
f 1475//755 1342//755 1343//755
f 1475//755 1479//755 1342//755
f 1474//756 1343//756 1344//756
f 1343//756 1474//756 1475//756
f 1342//757 1479//757 1478//757
f 1348//757 1342//757 1478//757
f 1477//758 1364//758 1348//758
f 1348//758 1478//758 1477//758
f 1477//759 1476//759 1364//759
f 1364//759 1476//759 1365//759
f 1470//760 1363//760 1365//760
f 1365//760 1476//760 1470//760
f 1469//761 1362//761 1361//761
f 1362//761 1469//761 1471//761
f 1470//761 1361//761 1363//761
f 1361//761 1470//761 1469//761
f 1473//762 1367//762 1366//762
f 1367//762 1473//762 1472//762
f 1471//763 1366//763 1362//763
f 1366//763 1471//763 1473//763
f 1448//764 1367//764 1472//764
f 1448//764 1447//764 1334//764
f 1333//764 1334//764 1447//764
f 1367//764 1448//764 1334//764
f 1446//765 1332//765 1333//765
f 1333//765 1447//765 1446//765
f 1446//766 1449//766 1332//766
f 1332//766 1449//766 1331//766
f 1453//767 1330//767 1331//767
f 1331//767 1449//767 1453//767
f 1329//768 1328//768 1454//768
f 1454//768 1451//768 1329//768
f 1453//769 1328//769 1330//769
f 1328//769 1453//769 1454//769
f 1450//770 1327//770 1326//770
f 1450//770 1452//770 1327//770
f 1451//771 1326//771 1329//771
f 1326//771 1451//771 1450//771
f 1445//772 1327//772 1452//772
f 1327//772 1445//772 1325//772
f 1444//773 1324//773 1325//773
f 1325//773 1445//773 1444//773
f 1444//774 1443//774 1324//774
f 1324//774 1443//774 1323//774
f 1441//775 1322//775 1323//775
f 1323//775 1443//775 1441//775
f 1442//776 1320//776 1321//776
f 1442//776 1440//776 1320//776
f 1441//777 1321//777 1322//777
f 1321//777 1441//777 1442//777
f 1438//778 1317//778 1319//778
f 1438//778 1439//778 1317//778
f 1440//778 1319//778 1320//778
f 1319//778 1440//778 1438//778
f 1318//779 1317//779 1439//779
f 1437//779 1507//779 1318//779
f 1368//779 1318//779 1507//779
f 1439//779 1437//779 1318//779
f 1506//779 1369//779 1368//779
f 1368//779 1507//779 1506//779
f 1509//780 1369//780 1506//780
f 1370//780 1369//780 1509//780
f 1508//781 1372//781 1370//781
f 1370//781 1509//781 1508//781
f 1511//782 1372//782 1508//782
f 1371//782 1372//782 1511//782
f 1510//783 1373//783 1371//783
f 1371//783 1511//783 1510//783
f 1512//784 1375//784 1374//784
f 1375//784 1512//784 1513//784
f 1510//785 1374//785 1373//785
f 1374//785 1510//785 1512//785
f 1513//786 1515//786 1375//786
f 1376//786 1375//786 1515//786
f 1514//787 1377//787 1376//787
f 1376//787 1515//787 1514//787
f 1378//788 1380//788 1517//788
f 1517//788 1516//788 1378//788
f 1514//788 1380//788 1377//788
f 1380//788 1514//788 1517//788
f 1384//789 1379//789 1519//789
f 1519//789 1518//789 1384//789
f 1516//790 1379//790 1378//790
f 1379//790 1516//790 1519//790
f 1520//791 1384//791 1518//791
f 1383//791 1384//791 1520//791
f 1522//792 1381//792 1383//792
f 1383//792 1520//792 1522//792
f 1521//793 1420//793 1382//793
f 1420//793 1521//793 1523//793
f 1522//794 1382//794 1381//794
f 1382//794 1522//794 1521//794
f 1523//795 1524//795 1420//795
f 1420//795 1524//795 1418//795
f 1528//796 1419//796 1418//796
f 1418//796 1524//796 1528//796
f 1527//797 1421//797 1423//797
f 1421//797 1527//797 1530//797
f 1528//798 1423//798 1419//798
f 1423//798 1528//798 1527//798
f 1529//799 1421//799 1530//799
f 1422//799 1421//799 1529//799
f 1526//800 1413//800 1422//800
f 1422//800 1529//800 1526//800
f 1414//801 1412//801 1525//801
f 1525//801 1531//801 1414//801
f 1526//802 1412//802 1413//802
f 1412//802 1526//802 1525//802
f 1414//803 1531//803 1547//803
f 1417//803 1414//803 1547//803
f 1549//804 1415//804 1417//804
f 1417//804 1547//804 1549//804
f 1549//805 1548//805 1415//805
f 1416//805 1415//805 1548//805
f 1545//806 1424//806 1416//806
f 1416//806 1548//806 1545//806
f 1432//807 1431//807 1544//807
f 1432//807 1544//807 1546//807
f 1545//808 1431//808 1424//808
f 1431//808 1545//808 1544//808
f 1553//809 1432//809 1546//809
f 1435//809 1432//809 1553//809
f 1555//810 1436//810 1435//810
f 1435//810 1553//810 1555//810
f 1554//811 1436//811 1555//811
f 1433//811 1436//811 1554//811
f 1551//812 1434//812 1433//812
f 1433//812 1554//812 1551//812
f 1428//813 1427//813 1550//813
f 1550//813 1552//813 1428//813
f 1551//814 1427//814 1434//814
f 1427//814 1551//814 1550//814
f 1428//815 1552//815 1556//815
f 1425//815 1428//815 1556//815
f 1537//816 1426//816 1425//816
f 1425//816 1556//816 1537//816
f 1426//817 1537//817 1536//817
f 1430//817 1426//817 1536//817
f 1533//818 1429//818 1430//818
f 1430//818 1536//818 1533//818
f 1532//819 1410//819 1411//819
f 1532//819 1535//819 1410//819
f 1533//820 1411//820 1429//820
f 1411//820 1533//820 1532//820
f 1535//821 1534//821 1410//821
f 1408//821 1410//821 1534//821
f 1541//822 1409//822 1408//822
f 1408//822 1534//822 1541//822
f 1406//823 1407//823 1540//823
f 1406//823 1540//823 1543//823
f 1541//824 1407//824 1409//824
f 1407//824 1541//824 1540//824
f 1543//825 1542//825 1406//825
f 1406//825 1542//825 1405//825
f 1539//826 1404//826 1405//826
f 1405//826 1542//826 1539//826
f 1538//827 1401//827 1403//827
f 1538//827 1505//827 1401//827
f 1539//828 1403//828 1404//828
f 1403//828 1539//828 1538//828
f 1401//829 1505//829 1504//829
f 1402//829 1401//829 1504//829
f 1503//830 1398//830 1402//830
f 1402//830 1504//830 1503//830
f 1503//831 1502//831 1398//831
f 1398//831 1502//831 1399//831
f 1499//832 1400//832 1399//832
f 1399//832 1502//832 1499//832
f 1498//833 1397//833 1396//833
f 1498//833 1501//833 1397//833
f 1499//834 1396//834 1400//834
f 1396//834 1499//834 1498//834
f 1500//835 1395//835 1394//835
f 1500//835 1497//835 1395//835
f 1501//836 1394//836 1397//836
f 1394//836 1501//836 1500//836
f 1395//837 1497//837 1496//837
f 1393//837 1395//837 1496//837
f 1495//838 1392//838 1393//838
f 1393//838 1496//838 1495//838
f 1494//839 1392//839 1495//839
f 1391//839 1392//839 1494//839
f 1493//840 1389//840 1391//840
f 1391//840 1494//840 1493//840
f 1387//841 1390//841 1492//841
f 1492//841 1491//841 1387//841
f 1493//842 1390//842 1389//842
f 1390//842 1493//842 1492//842
f 1385//843 1388//843 1490//843
f 1490//843 1489//843 1385//843
f 1491//844 1388//844 1387//844
f 1388//844 1491//844 1490//844
f 1488//845 1385//845 1489//845
f 1385//845 1488//845 1386//845
f 1487//846 1354//846 1386//846
f 1386//846 1488//846 1487//846
f 1557//847 79//847 1558//847
f 1559//847 1558//847 79//847
f 1560//847 79//847 1557//847
f 79//847 1561//847 1559//847
f 79//847 1562//847 1561//847
f 1563//847 1562//847 77//847
f 79//847 1564//847 1565//847
f 1566//847 1564//847 79//847
f 1567//847 79//847 1568//847
f 1560//847 1568//847 79//847
f 1566//847 79//847 1567//847
f 1569//847 79//847 1565//847
f 1570//847 77//847 1571//847
f 77//847 1572//847 1571//847
f 1573//847 1574//847 77//847
f 77//847 1575//847 1573//847
f 1574//847 1572//847 77//847
f 1563//847 77//847 1576//847
f 1576//847 77//847 1577//847
f 1575//847 77//847 1578//847
f 1579//847 77//847 1580//847
f 1579//847 1578//847 77//847
f 1577//847 77//847 1570//847
f 1562//847 79//847 77//847
f 79//847 1581//847 1582//847
f 1583//847 1584//847 79//847
f 79//847 1585//847 1586//847
f 79//847 1587//847 1585//847
f 1583//847 79//847 1586//847
f 1588//847 1589//847 79//847
f 79//847 1589//847 1590//847
f 79//847 1591//847 1592//847
f 79//847 1582//847 1591//847
f 1588//847 79//847 1592//847
f 1584//847 1581//847 79//847
f 79//847 1569//847 1593//847
f 33//847 1594//847 1595//847
f 33//847 1596//847 1597//847
f 33//847 1598//847 1599//847
f 33//847 1597//847 1600//847
f 1601//847 33//847 1602//847
f 33//847 1603//847 1604//847
f 1604//847 1602//847 33//847
f 33//847 1599//847 1603//847
f 33//847 1601//847 1594//847
f 1598//847 33//847 1600//847
f 1593//847 1587//847 79//847
f 1605//847 1606//847 77//847
f 1607//847 77//847 1606//847
f 77//847 1608//847 1609//847
f 77//847 1610//847 1611//847
f 1609//847 1605//847 77//847
f 77//847 1612//847 1610//847
f 77//847 1613//847 1612//847
f 1614//847 77//847 1615//847
f 77//847 1616//847 1615//847
f 77//847 1614//847 1613//847
f 77//847 1611//847 1608//847
f 77//847 1617//847 1618//847
f 77//847 1619//847 1617//847
f 1620//847 1621//847 77//847
f 1619//847 77//847 1621//847
f 1622//847 1620//847 77//847
f 77//847 1618//847 1616//847
f 77//847 1623//847 1622//847
f 77//847 1624//847 1623//847
f 77//847 1625//847 1626//847
f 77//847 1627//847 1625//847
f 1626//847 1624//847 77//847
f 1627//847 77//847 33//847
f 77//847 1607//847 1580//847
f 1628//847 33//847 1629//847
f 1630//847 33//847 1628//847
f 33//847 1631//847 1632//847
f 33//847 1630//847 1633//847
f 1631//847 33//847 1633//847
f 1634//847 33//847 1635//847
f 1636//847 33//847 1634//847
f 1637//847 33//847 1638//847
f 33//847 1636//847 1639//847
f 1638//847 33//847 1639//847
f 33//847 1637//847 1629//847
f 33//847 1640//847 1641//847
f 33//847 1642//847 1640//847
f 33//847 1643//847 1644//847
f 33//847 1645//847 1643//847
f 33//847 1641//847 1645//847
f 1646//847 33//847 1647//847
f 1648//847 33//847 1646//847
f 33//847 1649//847 1650//847
f 1648//847 1651//847 33//847
f 1649//847 33//847 1651//847
f 33//847 1650//847 1642//847
f 1632//847 1647//847 33//847
f 33//847 1644//847 1627//847
f 1595//847 1635//847 33//847
f 1596//848 33//848 1652//848
f 1653//848 1652//848 33//848
f 1654//848 1653//848 33//848
f 33//848 1655//848 1656//848
f 1654//848 33//848 1656//848
f 1655//848 33//848 1657//848
f 31//848 1658//848 1657//848
f 1659//848 31//848 1660//848
f 1659//848 1658//848 31//848
f 1661//848 31//848 1662//848
f 31//848 1663//848 1664//848
f 31//848 1664//848 1662//848
f 31//848 1661//848 1660//848
f 1657//848 33//848 31//848
f 31//848 1665//848 1666//848
f 31//848 1667//848 1665//848
f 1668//848 1669//848 31//848
f 1667//848 31//848 1669//848
f 31//848 1670//848 1668//848
f 1670//848 31//848 1671//848
f 31//848 1666//848 1663//848
f 1672//848 1673//848 31//848
f 1674//848 1672//848 31//848
f 1673//848 1671//848 31//848
f 1675//848 1676//848 31//848
f 31//848 1590//848 1675//848
f 1676//848 1674//848 31//848
f 79//848 1590//848 31//848
f 1677//849 80//849 1678//849
f 1679//849 1678//849 80//849
f 1680//849 80//849 1677//849
f 80//849 1681//849 1679//849
f 80//849 1682//849 1681//849
f 1682//849 80//849 1683//849
f 80//849 1684//849 1685//849
f 80//849 1680//849 1684//849
f 80//849 1686//849 1687//849
f 1688//849 1686//849 80//849
f 1685//849 1688//849 80//849
f 1689//849 80//849 1687//849
f 80//849 1690//849 1691//849
f 80//849 1692//849 1690//849
f 80//849 1693//849 1692//849
f 80//849 1694//849 1695//849
f 1693//849 80//849 1695//849
f 80//849 1696//849 1683//849
f 80//849 1697//849 1696//849
f 80//849 1698//849 1697//849
f 1699//849 1700//849 80//849
f 1698//849 80//849 1700//849
f 1691//849 1699//849 80//849
f 78//849 80//849 1701//849
f 1702//849 78//849 1701//849
f 78//849 1703//849 1704//849
f 78//849 1705//849 1703//849
f 78//849 1702//849 1705//849
f 1706//849 78//849 1707//849
f 1704//849 1707//849 78//849
f 1708//849 78//849 1706//849
f 78//849 1709//849 1710//849
f 1708//849 1709//849 78//849
f 1711//849 78//849 1710//849
f 1689//849 1701//849 80//849
f 78//849 1712//849 1713//849
f 78//849 1711//849 1712//849
f 78//849 1714//849 1715//849
f 1716//849 1714//849 78//849
f 78//849 1713//849 1716//849
f 78//849 1717//849 1718//849
f 78//849 1719//849 1720//849
f 78//849 1718//849 1721//849
f 78//849 1722//849 1723//849
f 78//849 1721//849 1722//849
f 1720//849 1717//849 78//849
f 78//849 1715//849 1719//849
f 1724//849 78//849 1723//849
f 34//849 1725//849 1726//849
f 34//849 1727//849 1728//849
f 34//849 1729//849 1727//849
f 34//849 1730//849 1729//849
f 34//849 1728//849 1725//849
f 34//849 1731//849 1732//849
f 34//849 1733//849 1734//849
f 1735//849 1736//849 34//849
f 1733//849 34//849 1736//849
f 34//849 1734//849 1731//849
f 1732//849 1730//849 34//849
f 34//849 1737//849 1738//849
f 34//849 1739//849 1737//849
f 1740//849 1741//849 34//849
f 1739//849 34//849 1741//849
f 1742//849 1740//849 34//849
f 34//849 1738//849 1735//849
f 34//849 1743//849 1744//849
f 34//849 1745//849 1746//849
f 34//849 1747//849 1742//849
f 1744//849 1747//849 34//849
f 1746//849 1743//849 34//849
f 1745//849 34//849 1748//849
f 78//849 1749//849 1750//849
f 78//849 1751//849 1749//849
f 1752//849 1753//849 78//849
f 78//849 1754//849 1755//849
f 78//849 1750//849 1754//849
f 78//849 1756//849 1757//849
f 1724//849 1756//849 78//849
f 78//849 1758//849 1759//849
f 78//849 1760//849 1758//849
f 78//849 1757//849 1760//849
f 1759//849 1751//849 78//849
f 34//849 1761//849 1762//849
f 34//849 1763//849 1761//849
f 34//849 1764//849 1748//849
f 1765//849 1764//849 34//849
f 34//849 1762//849 1765//849
f 34//849 1766//849 1767//849
f 34//849 1753//849 1766//849
f 34//849 1768//849 1769//849
f 34//849 1770//849 1771//849
f 1771//849 1768//849 34//849
f 34//849 1767//849 1770//849
f 1769//849 1763//849 34//849
f 78//849 1753//849 34//849
f 1752//849 78//849 1755//849
f 1772//850 34//850 1726//850
f 1773//850 34//850 1772//850
f 34//850 1774//850 1775//850
f 34//850 1775//850 1776//850
f 1773//850 1774//850 34//850
f 1777//850 34//850 1776//850
f 1778//850 32//850 1777//850
f 1779//850 32//850 1778//850
f 34//850 1777//850 32//850
f 1780//850 32//850 1781//850
f 32//850 1782//850 1783//850
f 1784//850 32//850 1780//850
f 1781//850 32//850 1779//850
f 1782//850 32//850 1784//850
f 1785//850 32//850 1786//850
f 1786//850 32//850 1787//850
f 32//850 1788//850 1694//850
f 1788//850 32//850 1789//850
f 1785//850 1789//850 32//850
f 1694//850 80//850 32//850
f 32//850 1790//850 1791//850
f 32//850 1792//850 1793//850
f 1793//850 1790//850 32//850
f 32//850 1794//850 1795//850
f 1791//850 1796//850 32//850
f 1794//850 32//850 1796//850
f 32//850 1795//850 1787//850
f 1783//850 1792//850 32//850
f 1732//851 1603//851 1730//851
f 1604//851 1603//851 1732//851
f 1731//852 1602//852 1604//852
f 1604//852 1732//852 1731//852
f 1734//853 1602//853 1731//853
f 1601//853 1602//853 1734//853
f 1733//854 1594//854 1601//854
f 1601//854 1734//854 1733//854
f 1635//855 1595//855 1736//855
f 1736//855 1735//855 1635//855
f 1733//856 1595//856 1594//856
f 1595//856 1733//856 1736//856
f 1636//857 1634//857 1738//857
f 1738//857 1737//857 1636//857
f 1735//858 1634//858 1635//858
f 1634//858 1735//858 1738//858
f 1739//859 1638//859 1639//859
f 1739//859 1741//859 1638//859
f 1737//860 1639//860 1636//860
f 1639//860 1737//860 1739//860
f 1638//861 1741//861 1740//861
f 1637//861 1638//861 1740//861
f 1742//862 1629//862 1637//862
f 1637//862 1740//862 1742//862
f 1630//863 1628//863 1747//863
f 1630//863 1747//863 1744//863
f 1742//864 1628//864 1629//864
f 1628//864 1742//864 1747//864
f 1743//865 1630//865 1744//865
f 1633//865 1630//865 1743//865
f 1746//866 1631//866 1633//866
f 1633//866 1743//866 1746//866
f 1745//867 1647//867 1632//867
f 1647//867 1745//867 1748//867
f 1746//868 1632//868 1631//868
f 1632//868 1746//868 1745//868
f 1764//869 1647//869 1748//869
f 1646//869 1647//869 1764//869
f 1765//870 1648//870 1646//870
f 1646//870 1764//870 1765//870
f 1765//871 1762//871 1648//871
f 1651//871 1648//871 1762//871
f 1761//872 1649//872 1651//872
f 1651//872 1762//872 1761//872
f 1763//873 1642//873 1650//873
f 1763//873 1769//873 1642//873
f 1761//874 1650//874 1649//874
f 1650//874 1761//874 1763//874
f 1768//875 1642//875 1769//875
f 1642//875 1768//875 1640//875
f 1771//876 1641//876 1640//876
f 1640//876 1768//876 1771//876
f 1770//877 1643//877 1645//877
f 1643//877 1770//877 1767//877
f 1771//878 1645//878 1641//878
f 1645//878 1771//878 1770//878
f 1766//879 1627//879 1644//879
f 1766//879 1753//879 1627//879
f 1767//880 1644//880 1643//880
f 1644//880 1767//880 1766//880
f 1752//881 1626//881 1625//881
f 1626//881 1752//881 1755//881
f 1753//882 1625//882 1627//882
f 1625//882 1753//882 1752//882
f 1754//883 1626//883 1755//883
f 1624//883 1626//883 1754//883
f 1750//884 1623//884 1624//884
f 1624//884 1754//884 1750//884
f 1620//885 1622//885 1749//885
f 1749//885 1751//885 1620//885
f 1750//886 1622//886 1623//886
f 1622//886 1750//886 1749//886
f 1759//887 1620//887 1751//887
f 1621//887 1620//887 1759//887
f 1758//888 1619//888 1621//888
f 1621//888 1759//888 1758//888
f 1618//889 1617//889 1760//889
f 1760//889 1757//889 1618//889
f 1758//890 1617//890 1619//890
f 1617//890 1758//890 1760//890
f 1618//891 1757//891 1756//891
f 1616//891 1618//891 1756//891
f 1724//892 1615//892 1616//892
f 1616//892 1756//892 1724//892
f 1723//893 1613//893 1614//893
f 1613//893 1723//893 1722//893
f 1724//894 1614//894 1615//894
f 1614//894 1724//894 1723//894
f 1610//776 1612//776 1721//776
f 1721//776 1718//776 1610//776
f 1722//895 1612//895 1613//895
f 1612//895 1722//895 1721//895
f 1717//896 1608//896 1611//896
f 1717//896 1720//896 1608//896
f 1718//897 1611//897 1610//897
f 1611//897 1718//897 1717//897
f 1719//898 1608//898 1720//898
f 1608//898 1719//898 1609//898
f 1715//898 1605//898 1609//898
f 1609//898 1719//898 1715//898
f 1605//899 1715//899 1714//899
f 1606//899 1605//899 1714//899
f 1716//900 1607//900 1606//900
f 1606//900 1714//900 1716//900
f 1716//901 1713//901 1607//901
f 1580//901 1607//901 1713//901
f 1712//902 1579//902 1580//902
f 1580//902 1713//902 1712//902
f 1575//903 1578//903 1711//903
f 1575//903 1711//903 1710//903
f 1712//904 1578//904 1579//904
f 1578//904 1712//904 1711//904
f 1709//905 1575//905 1710//905
f 1573//905 1575//905 1709//905
f 1708//906 1574//906 1573//906
f 1573//906 1709//906 1708//906
f 1571//907 1572//907 1706//907
f 1706//907 1707//907 1571//907
f 1708//908 1572//908 1574//908
f 1572//908 1708//908 1706//908
f 1577//909 1570//909 1704//909
f 1577//909 1704//909 1703//909
f 1707//910 1570//910 1571//910
f 1570//910 1707//910 1704//910
f 1705//911 1577//911 1703//911
f 1576//911 1577//911 1705//911
f 1702//912 1563//912 1576//912
f 1576//912 1705//912 1702//912
f 1702//913 1701//913 1563//913
f 1563//913 1701//913 1562//913
f 1689//914 1561//914 1562//914
f 1562//914 1701//914 1689//914
f 1687//915 1561//915 1689//915
f 1559//915 1561//915 1687//915
f 1686//916 1558//916 1559//916
f 1559//916 1687//916 1686//916
f 1688//917 1560//917 1557//917
f 1560//917 1688//917 1685//917
f 1686//918 1557//918 1558//918
f 1557//918 1686//918 1688//918
f 1685//919 1684//919 1560//919
f 1568//919 1560//919 1684//919
f 1680//919 1567//919 1568//919
f 1568//919 1684//919 1680//919
f 1564//801 1566//801 1677//801
f 1564//801 1677//801 1678//801
f 1680//920 1566//920 1567//920
f 1566//920 1680//920 1677//920
f 1679//921 1564//921 1678//921
f 1565//921 1564//921 1679//921
f 1681//922 1569//922 1565//922
f 1565//922 1679//922 1681//922
f 1681//923 1682//923 1569//923
f 1593//923 1569//923 1682//923
f 1683//924 1587//924 1593//924
f 1593//924 1682//924 1683//924
f 1586//925 1585//925 1696//925
f 1696//925 1697//925 1586//925
f 1683//926 1585//926 1587//926
f 1585//926 1683//926 1696//926
f 1697//927 1698//927 1586//927
f 1583//927 1586//927 1698//927
f 1700//928 1584//928 1583//928
f 1583//928 1698//928 1700//928
f 1582//929 1581//929 1699//929
f 1582//929 1699//929 1691//929
f 1700//930 1581//930 1584//930
f 1581//930 1700//930 1699//930
f 1690//577 1592//577 1591//577
f 1592//577 1690//577 1692//577
f 1691//931 1591//931 1582//931
f 1591//931 1691//931 1690//931
f 1693//932 1592//932 1692//932
f 1588//932 1592//932 1693//932
f 1695//933 1589//933 1588//933
f 1588//933 1693//933 1695//933
f 1676//934 1675//934 1788//934
f 1788//934 1789//934 1676//934
f 1590//935 1589//935 1695//935
f 1694//935 1675//935 1590//935
f 1694//935 1590//935 1695//935
f 1788//935 1675//935 1694//935
f 1676//936 1789//936 1785//936
f 1674//936 1676//936 1785//936
f 1786//937 1672//937 1674//937
f 1674//937 1785//937 1786//937
f 1786//938 1787//938 1672//938
f 1673//938 1672//938 1787//938
f 1795//939 1671//939 1673//939
f 1673//939 1787//939 1795//939
f 1668//940 1670//940 1794//940
f 1668//940 1794//940 1796//940
f 1795//941 1670//941 1671//941
f 1670//941 1795//941 1794//941
f 1668//942 1796//942 1791//942
f 1669//942 1668//942 1791//942
f 1790//943 1667//943 1669//943
f 1669//943 1791//943 1790//943
f 1793//944 1666//944 1665//944
f 1793//944 1792//944 1666//944
f 1790//945 1665//945 1667//945
f 1665//945 1790//945 1793//945
f 1666//946 1792//946 1783//946
f 1663//946 1666//946 1783//946
f 1782//947 1664//947 1663//947
f 1663//947 1783//947 1782//947
f 1664//948 1782//948 1784//948
f 1662//948 1664//948 1784//948
f 1780//949 1661//949 1662//949
f 1662//949 1784//949 1780//949
f 1781//950 1659//950 1660//950
f 1781//950 1779//950 1659//950
f 1780//951 1660//951 1661//951
f 1660//951 1780//951 1781//951
f 1778//952 1657//952 1658//952
f 1657//952 1778//952 1777//952
f 1779//953 1658//953 1659//953
f 1658//953 1779//953 1778//953
f 1777//954 1776//954 1657//954
f 1655//954 1657//954 1776//954
f 1775//955 1656//955 1655//955
f 1655//955 1776//955 1775//955
f 1656//956 1775//956 1774//956
f 1654//956 1656//956 1774//956
f 1773//957 1653//957 1654//957
f 1654//957 1774//957 1773//957
f 1652//958 1772//958 1596//958
f 1772//958 1726//958 1596//958
f 1597//958 1596//958 1725//958
f 1596//958 1726//958 1725//958
f 1773//959 1652//959 1653//959
f 1652//959 1773//959 1772//959
f 1728//960 1598//960 1600//960
f 1598//960 1728//960 1727//960
f 1725//961 1600//961 1597//961
f 1600//961 1725//961 1728//961
f 1729//962 1603//962 1599//962
f 1603//962 1729//962 1730//962
f 1727//963 1599//963 1598//963
f 1599//963 1727//963 1729//963
f 1797//964 85//964 1798//964
f 1799//964 1798//964 85//964
f 85//964 1800//964 1799//964
f 85//964 1801//964 1800//964
f 1801//964 85//964 1802//964
f 85//964 1803//964 1804//964
f 85//964 1805//964 1803//964
f 85//964 1806//964 1805//964
f 85//964 1797//964 1807//964
f 1806//964 85//964 1807//964
f 1808//964 85//964 1804//964
f 85//964 1809//964 1810//964
f 85//964 1811//964 1812//964
f 85//964 1813//964 1811//964
f 1812//964 1809//964 85//964
f 1802//964 85//964 1814//964
f 1815//964 1814//964 85//964
f 85//964 1816//964 1813//964
f 1815//964 85//964 1817//964
f 1816//964 85//964 1818//964
f 1810//964 1817//964 85//964
f 1818//964 85//964 83//964
f 85//964 1819//964 1820//964
f 27//964 1821//964 1822//964
f 1808//964 1819//964 85//964
f 1823//964 27//964 1824//964
f 1825//964 27//964 1823//964
f 27//964 1826//964 1827//964
f 1828//964 27//964 1827//964
f 1825//964 1826//964 27//964
f 1822//964 1824//964 27//964
f 27//964 1828//964 1829//964
f 1830//964 1831//964 27//964
f 1829//964 1830//964 27//964
f 27//964 1832//964 1833//964
f 1834//964 1835//964 27//964
f 27//964 1836//964 1837//964
f 1833//964 1836//964 27//964
f 1835//964 1832//964 27//964
f 1837//964 1838//964 27//964
f 1831//964 1834//964 27//964
f 1839//964 27//964 1838//964
f 83//964 1840//964 1841//964
f 83//964 1842//964 1843//964
f 83//964 1844//964 1842//964
f 1843//964 1840//964 83//964
f 1845//964 1846//964 83//964
f 1847//964 83//964 1846//964
f 83//964 1848//964 1849//964
f 83//964 1850//964 1848//964
f 1849//964 1845//964 83//964
f 1847//964 1844//964 83//964
f 83//964 1851//964 1852//964
f 1853//964 1854//964 83//964
f 1851//964 83//964 1854//964
f 1855//964 1853//964 83//964
f 83//964 1852//964 1850//964
f 83//964 1856//964 1855//964
f 83//964 1857//964 1856//964
f 83//964 1858//964 1859//964
f 83//964 1860//964 1858//964
f 1859//964 1857//964 83//964
f 1860//964 83//964 1861//964
f 83//964 1841//964 1818//964
f 27//964 1862//964 1863//964
f 27//964 1864//964 1865//964
f 1863//964 1864//964 27//964
f 1866//964 1862//964 27//964
f 27//964 1867//964 1868//964
f 27//964 1839//964 1867//964
f 27//964 1869//964 1866//964
f 1870//964 1871//964 27//964
f 1868//964 1870//964 27//964
f 1869//964 27//964 1871//964
f 83//964 1872//964 1861//964
f 1873//964 83//964 1874//964
f 1875//964 1874//964 83//964
f 1873//964 1872//964 83//964
f 83//964 1876//964 1875//964
f 27//964 1877//964 1878//964
f 27//964 1879//964 1877//964
f 83//964 1880//964 1881//964
f 27//964 1878//964 1882//964
f 1881//964 1876//964 83//964
f 27//964 1865//964 1879//964
f 1883//965 85//965 1820//965
f 85//965 1883//965 1884//965
f 1885//965 85//965 1884//965
f 85//965 1885//965 1886//965
f 1887//965 1888//965 85//965
f 1886//965 1887//965 85//965
f 1888//965 25//965 85//965
f 1889//965 25//965 1888//965
f 25//965 1890//965 1891//965
f 25//965 1889//965 1890//965
f 25//965 1892//965 1893//965
f 25//965 1894//965 1895//965
f 1896//965 25//965 1895//965
f 25//965 1891//965 1892//965
f 1894//965 25//965 1893//965
f 1897//965 25//965 1898//965
f 1898//965 25//965 1899//965
f 1900//965 25//965 1897//965
f 1901//965 1821//965 27//965
f 27//965 1902//965 1901//965
f 1902//965 27//965 1900//965
f 25//965 1900//965 27//965
f 25//965 1903//965 1904//965
f 25//965 1905//965 1903//965
f 25//965 1904//965 1906//965
f 25//965 1907//965 1908//965
f 25//965 1909//965 1910//965
f 1907//965 25//965 1910//965
f 1906//965 1909//965 25//965
f 25//965 1908//965 1899//965
f 1896//965 1905//965 25//965
f 1882//966 29//966 27//966
f 1911//966 29//966 1882//966
f 1912//966 29//966 1913//966
f 1911//966 1913//966 29//966
f 1914//966 29//966 1912//966
f 29//966 1880//966 83//966
f 1880//966 29//966 1915//966
f 29//966 1914//966 1916//966
f 1917//966 1915//966 29//966
f 1918//966 1917//966 29//966
f 1918//966 29//966 1916//966
f 1919//967 86//967 1920//967
f 1921//967 1920//967 86//967
f 86//967 1922//967 1921//967
f 86//967 1923//967 1922//967
f 1923//967 86//967 1924//967
f 1925//967 86//967 1926//967
f 1919//967 1926//967 86//967
f 86//967 1927//967 1928//967
f 86//967 1929//967 1927//967
f 86//967 1925//967 1929//967
f 1930//967 86//967 1928//967
f 86//967 1931//967 1932//967
f 86//967 1933//967 1931//967
f 86//967 1934//967 1935//967
f 1933//967 86//967 1935//967
f 86//967 1936//967 1924//967
f 1937//967 1936//967 86//967
f 1938//967 86//967 1939//967
f 1940//967 1939//967 86//967
f 1937//967 86//967 1938//967
f 86//967 1932//967 1940//967
f 86//967 1941//967 1942//967
f 84//967 1943//967 1944//967
f 84//967 1942//967 1943//967
f 84//967 86//967 1942//967
f 1945//967 84//967 1946//967
f 1944//967 1946//967 84//967
f 1947//967 84//967 1945//967
f 84//967 1948//967 1949//967
f 84//967 1947//967 1948//967
f 1950//967 84//967 1949//967
f 1930//967 1941//967 86//967
f 84//967 1951//967 1952//967
f 84//967 1950//967 1951//967
f 84//967 1953//967 1954//967
f 84//967 1955//967 1953//967
f 84//967 1952//967 1955//967
f 84//967 1956//967 1957//967
f 84//967 1958//967 1956//967
f 84//967 1959//967 1960//967
f 84//967 1961//967 1959//967
f 84//967 1957//967 1961//967
f 84//967 1954//967 1958//967
f 1962//967 84//967 1960//967
f 28//967 1963//967 1964//967
f 1965//967 1966//967 28//967
f 1963//967 28//967 1966//967
f 28//967 1964//967 1967//967
f 1968//967 28//967 1969//967
f 28//967 1970//967 1971//967
f 1972//967 1973//967 28//967
f 1970//967 28//967 1973//967
f 28//967 1971//967 1969//967
f 28//967 1968//967 1965//967
f 28//967 1974//967 1975//967
f 1976//967 1977//967 28//967
f 1974//967 28//967 1977//967
f 1978//967 1976//967 28//967
f 28//967 1975//967 1972//967
f 28//967 1979//967 1980//967
f 28//967 1981//967 1979//967
f 28//967 1982//967 1978//967
f 1983//967 1982//967 28//967
f 1980//967 1983//967 28//967
f 1981//967 28//967 1984//967
f 84//967 1985//967 1986//967
f 84//967 1987//967 1988//967
f 84//967 1989//967 1987//967
f 84//967 1986//967 1989//967
f 84//967 1990//967 1991//967
f 84//967 1962//967 1990//967
f 84//967 1992//967 1985//967
f 84//967 1993//967 1994//967
f 84//967 1991//967 1993//967
f 1992//967 84//967 1994//967
f 28//967 1995//967 1996//967
f 1997//967 1995//967 28//967
f 28//967 1998//967 1984//967
f 1999//967 1998//967 28//967
f 1996//967 1999//967 28//967
f 28//967 2000//967 2001//967
f 28//967 2002//967 2000//967
f 28//967 2003//967 1997//967
f 28//967 2004//967 2005//967
f 28//967 2001//967 2004//967
f 2003//967 28//967 2005//967
f 2006//968 86//968 2007//968
f 2008//968 2007//968 86//968
f 86//968 2006//968 1934//968
f 86//968 2009//968 2008//968
f 86//968 2010//968 2009//968
f 2010//968 86//968 2011//968
f 2012//968 2011//968 26//968
f 2012//968 26//968 2013//968
f 2013//968 26//968 2014//968
f 2015//968 2014//968 26//968
f 2015//968 26//968 2016//968
f 2017//968 26//968 2018//968
f 26//968 2017//968 2019//968
f 2019//968 2016//968 26//968
f 2011//968 86//968 26//968
f 26//968 2020//968 2021//968
f 2022//968 26//968 2023//968
f 26//968 2022//968 2020//968
f 2024//968 2025//968 26//968
f 2023//968 26//968 2025//968
f 26//968 2026//968 2024//968
f 2026//968 26//968 2027//968
f 26//968 2021//968 2018//968
f 2028//968 2029//968 26//968
f 2030//968 2028//968 26//968
f 2029//968 2027//968 26//968
f 28//968 2031//968 2032//968
f 1967//968 2033//968 28//968
f 2031//968 28//968 2033//968
f 2032//968 2030//968 26//968
f 2032//968 26//968 28//968
f 2034//969 2002//969 30//969
f 30//969 2035//969 2034//969
f 2035//969 30//969 2036//969
f 2036//969 30//969 2037//969
f 30//969 2002//969 28//969
f 2038//969 2039//969 30//969
f 2037//969 30//969 2039//969
f 2040//969 2038//969 30//969
f 2040//969 30//969 1988//969
f 84//969 1988//969 30//969
f 1983//970 1837//970 1982//970
f 1838//970 1837//970 1983//970
f 1980//971 1839//971 1838//971
f 1838//971 1983//971 1980//971
f 1839//972 1980//972 1979//972
f 1867//972 1839//972 1979//972
f 1981//973 1868//973 1867//973
f 1867//973 1979//973 1981//973
f 1871//974 1870//974 1984//974
f 1871//974 1984//974 1998//974
f 1981//975 1870//975 1868//975
f 1870//975 1981//975 1984//975
f 1866//976 1869//976 1999//976
f 1999//976 1996//976 1866//976
f 1998//977 1869//977 1871//977
f 1869//977 1998//977 1999//977
f 1866//978 1996//978 1995//978
f 1862//978 1866//978 1995//978
f 1997//979 1863//979 1862//979
f 1862//979 1995//979 1997//979
f 2003//980 1865//980 1864//980
f 1865//980 2003//980 2005//980
f 1997//981 1864//981 1863//981
f 1864//981 1997//981 2003//981
f 2004//982 1865//982 2005//982
f 1879//982 1865//982 2004//982
f 2001//983 1877//983 1879//983
f 1879//983 2004//983 2001//983
f 2002//984 1882//984 2000//984
f 1878//984 2000//984 1882//984
f 1882//984 2002//984 1911//984
f 1911//984 2002//984 2034//984
f 2001//985 1878//985 1877//985
f 1878//985 2001//985 2000//985
f 1912//986 1913//986 2035//986
f 1912//986 2035//986 2036//986
f 2034//987 1913//987 1911//987
f 1913//987 2034//987 2035//987
f 2036//988 2037//988 1912//988
f 1912//988 2037//988 1914//988
f 2039//989 1916//989 1914//989
f 1914//989 2037//989 2039//989
f 2038//990 1916//990 2039//990
f 1918//990 1916//990 2038//990
f 2040//991 1917//991 1918//991
f 1918//991 2038//991 2040//991
f 1915//992 1987//992 1880//992
f 1881//992 1880//992 1987//992
f 1881//992 1987//992 1989//992
f 1915//993 1917//993 2040//993
f 2040//993 1988//993 1915//993
f 1915//993 1988//993 1987//993
f 1989//994 1986//994 1881//994
f 1876//994 1881//994 1986//994
f 1985//995 1875//995 1876//995
f 1876//995 1986//995 1985//995
f 1875//996 1985//996 1992//996
f 1874//996 1875//996 1992//996
f 1994//997 1873//997 1874//997
f 1874//997 1992//997 1994//997
f 1993//998 1861//998 1872//998
f 1861//998 1993//998 1991//998
f 1994//998 1872//998 1873//998
f 1872//998 1994//998 1993//998
f 1858//999 1860//999 1990//999
f 1858//999 1990//999 1962//999
f 1991//882 1860//882 1861//882
f 1860//882 1991//882 1990//882
f 1960//1000 1858//1000 1962//1000
f 1859//1000 1858//1000 1960//1000
f 1959//1001 1857//1001 1859//1001
f 1859//1001 1960//1001 1959//1001
f 1961//1002 1857//1002 1959//1002
f 1856//1002 1857//1002 1961//1002
f 1957//1003 1855//1003 1856//1003
f 1856//1003 1961//1003 1957//1003
f 1956//1004 1854//1004 1853//1004
f 1956//1004 1958//1004 1854//1004
f 1957//1005 1853//1005 1855//1005
f 1853//1005 1957//1005 1956//1005
f 1852//889 1851//889 1954//889
f 1954//889 1953//889 1852//889
f 1958//1006 1851//1006 1854//1006
f 1851//1006 1958//1006 1954//1006
f 1955//1007 1852//1007 1953//1007
f 1852//1007 1955//1007 1850//1007
f 1952//1008 1848//1008 1850//1008
f 1850//1008 1955//1008 1952//1008
f 1845//1009 1849//1009 1951//1009
f 1845//1009 1951//1009 1950//1009
f 1952//1010 1849//1010 1848//1010
f 1849//1010 1952//1010 1951//1010
f 1847//1011 1846//1011 1949//1011
f 1847//1011 1949//1011 1948//1011
f 1950//1012 1846//1012 1845//1012
f 1846//1012 1950//1012 1949//1012
f 1842//1013 1844//1013 1947//1013
f 1947//1013 1945//1013 1842//1013
f 1948//1014 1844//1014 1847//1014
f 1844//1014 1948//1014 1947//1014
f 1946//1015 1840//1015 1843//1015
f 1946//1015 1944//1015 1840//1015
f 1945//1016 1843//1016 1842//1016
f 1843//1016 1945//1016 1946//1016
f 1943//1017 1840//1017 1944//1017
f 1841//1017 1840//1017 1943//1017
f 1942//1018 1818//1018 1841//1018
f 1841//1018 1943//1018 1942//1018
f 1941//1019 1818//1019 1942//1019
f 1816//1019 1818//1019 1941//1019
f 1930//783 1813//783 1816//783
f 1816//783 1941//783 1930//783
f 1812//1020 1811//1020 1928//1020
f 1928//1020 1927//1020 1812//1020
f 1930//904 1811//904 1813//904
f 1811//904 1930//904 1928//904
f 1929//1021 1812//1021 1927//1021
f 1812//1021 1929//1021 1809//1021
f 1925//906 1810//906 1809//906
f 1809//906 1929//906 1925//906
f 1926//1022 1815//1022 1817//1022
f 1926//1022 1919//1022 1815//1022
f 1925//908 1817//908 1810//908
f 1817//908 1925//908 1926//908
f 1920//1023 1802//1023 1814//1023
f 1802//1023 1920//1023 1921//1023
f 1919//1024 1814//1024 1815//1024
f 1814//1024 1919//1024 1920//1024
f 1922//1025 1802//1025 1921//1025
f 1801//1025 1802//1025 1922//1025
f 1923//1026 1800//1026 1801//1026
f 1801//1026 1922//1026 1923//1026
f 1798//1027 1799//1027 1924//1027
f 1798//1027 1924//1027 1936//1027
f 1923//1028 1799//1028 1800//1028
f 1799//1028 1923//1028 1924//1028
f 1936//1029 1937//1029 1798//1029
f 1797//1029 1798//1029 1937//1029
f 1938//1030 1807//1030 1797//1030
f 1797//1030 1937//1030 1938//1030
f 1805//1031 1806//1031 1939//1031
f 1805//1031 1939//1031 1940//1031
f 1938//1032 1806//1032 1807//1032
f 1806//1032 1938//1032 1939//1032
f 1804//1033 1803//1033 1932//1033
f 1932//1033 1931//1033 1804//1033
f 1940//919 1803//919 1805//919
f 1803//919 1940//919 1932//919
f 1933//1034 1819//1034 1808//1034
f 1819//1034 1933//1034 1935//1034
f 1931//1035 1808//1035 1804//1035
f 1808//1035 1931//1035 1933//1035
f 1820//1036 1819//1036 1935//1036
f 1934//1036 2006//1036 1820//1036
f 1883//1036 1820//1036 2006//1036
f 1935//1036 1934//1036 1820//1036
f 2007//1037 1884//1037 1883//1037
f 1883//1037 2006//1037 2007//1037
f 1886//1038 1885//1038 2008//1038
f 2008//1038 2009//1038 1886//1038
f 2007//1039 1885//1039 1884//1039
f 1885//1039 2007//1039 2008//1039
f 2010//1040 1888//1040 1887//1040
f 2010//1040 2011//1040 1888//1040
f 2009//1041 1887//1041 1886//1041
f 1887//1041 2009//1041 2010//1041
f 1888//1042 2011//1042 2012//1042
f 1889//1042 1888//1042 2012//1042
f 2013//1043 1890//1043 1889//1043
f 1889//1043 2012//1043 2013//1043
f 2014//1044 1890//1044 2013//1044
f 1890//1044 2014//1044 1891//1044
f 2015//1045 1892//1045 1891//1045
f 1891//1045 2014//1045 2015//1045
f 1894//1046 1893//1046 2016//1046
f 2016//1046 2019//1046 1894//1046
f 2015//1047 1893//1047 1892//1047
f 1893//1047 2015//1047 2016//1047
f 1894//1048 2019//1048 2017//1048
f 1895//1048 1894//1048 2017//1048
f 2018//580 1896//580 1895//580
f 1895//580 2017//580 2018//580
f 2021//1049 1896//1049 2018//1049
f 1905//1049 1896//1049 2021//1049
f 2020//1050 1903//1050 1905//1050
f 1905//1050 2021//1050 2020//1050
f 2022//1051 1906//1051 1904//1051
f 2022//1051 2023//1051 1906//1051
f 2020//1052 1904//1052 1903//1052
f 1904//1052 2020//1052 2022//1052
f 1906//1053 2023//1053 2025//1053
f 1909//1053 1906//1053 2025//1053
f 2024//1054 1910//1054 1909//1054
f 1909//1054 2025//1054 2024//1054
f 1908//1055 1907//1055 2026//1055
f 2026//1055 2027//1055 1908//1055
f 2024//1056 1907//1056 1910//1056
f 1907//1056 2024//1056 2026//1056
f 2029//825 1908//825 2027//825
f 1899//825 1908//825 2029//825
f 2028//1057 1898//1057 1899//1057
f 1899//1057 2029//1057 2028//1057
f 1900//1058 1897//1058 2030//1058
f 2030//1058 2032//1058 1900//1058
f 2028//1059 1897//1059 1898//1059
f 1897//1059 2028//1059 2030//1059
f 1900//1060 2032//1060 2031//1060
f 1902//1060 1900//1060 2031//1060
f 2033//830 1901//830 1902//830
f 1902//830 2031//830 2033//830
f 1821//1061 1901//1061 2033//1061
f 1967//1061 1964//1061 1821//1061
f 1822//1061 1821//1061 1964//1061
f 2033//1061 1967//1061 1821//1061
f 1963//1062 1824//1062 1822//1062
f 1822//1062 1964//1062 1963//1062
f 1966//1063 1824//1063 1963//1063
f 1824//1063 1966//1063 1823//1063
f 1965//597 1825//597 1823//597
f 1823//597 1966//597 1965//597
f 1827//1064 1826//1064 1968//1064
f 1968//1064 1969//1064 1827//1064
f 1965//953 1826//953 1825//953
f 1826//953 1965//953 1968//953
f 1971//1065 1827//1065 1969//1065
f 1827//1065 1971//1065 1828//1065
f 1970//1066 1829//1066 1828//1066
f 1828//1066 1971//1066 1970//1066
f 1973//1067 1829//1067 1970//1067
f 1830//1067 1829//1067 1973//1067
f 1972//1068 1831//1068 1830//1068
f 1830//1068 1973//1068 1972//1068
f 1975//1069 1835//1069 1834//1069
f 1975//1069 1974//1069 1835//1069
f 1972//1070 1834//1070 1831//1070
f 1834//1070 1972//1070 1975//1070
f 1977//1071 1833//1071 1832//1071
f 1833//1071 1977//1071 1976//1071
f 1974//1072 1832//1072 1835//1072
f 1832//1072 1974//1072 1977//1072
f 1978//1073 1837//1073 1836//1073
f 1978//1073 1982//1073 1837//1073
f 1976//1074 1836//1074 1833//1074
f 1836//1074 1976//1074 1978//1074
f 2041//1075 23//1075 2042//1075
f 2043//1075 2042//1075 23//1075
f 2044//1075 23//1075 2041//1075
f 23//1075 2045//1075 2046//1075
f 2044//1075 2045//1075 23//1075
f 2047//1075 23//1075 2046//1075
f 23//1075 2048//1075 2043//1075
f 23//1075 2049//1075 2048//1075
f 23//1075 2047//1075 2050//1075
f 2051//1075 2052//1075 23//1075
f 2050//1075 2051//1075 23//1075
f 2053//1075 23//1075 2052//1075
f 23//1075 2054//1075 2055//1075
f 23//1075 2053//1075 2056//1075
f 23//1075 2057//1075 2058//1075
f 23//1075 2059//1075 2060//1075
f 2055//1075 2057//1075 23//1075
f 2056//1075 2054//1075 23//1075
f 87//1075 2061//1075 2062//1075
f 2063//1075 87//1075 2064//1075
f 87//1075 2065//1075 2066//1075
f 2065//1075 87//1075 2063//1075
f 2066//1075 2061//1075 87//1075
f 2058//1075 2059//1075 23//1075
f 89//1075 2067//1075 2068//1075
f 89//1075 2069//1075 2067//1075
f 2070//1075 87//1075 2071//1075
f 2072//1075 87//1075 2073//1075
f 2073//1075 87//1075 2070//1075
f 2074//1075 2075//1075 89//1075
f 2069//1075 89//1075 2075//1075
f 2076//1075 2074//1075 89//1075
f 89//1075 2077//1075 2078//1075
f 89//1075 2079//1075 2076//1075
f 89//1075 2078//1075 2079//1075
f 2077//1075 89//1075 2072//1075
f 87//1075 2072//1075 89//1075
f 2080//1075 87//1075 2081//1075
f 2082//1075 87//1075 2080//1075
f 87//1075 2083//1075 2084//1075
f 87//1075 2085//1075 2086//1075
f 87//1075 2084//1075 2085//1075
f 2086//1075 2081//1075 87//1075
f 87//1075 2087//1075 2088//1075
f 87//1075 2089//1075 2087//1075
f 87//1075 2090//1075 2091//1075
f 2091//1075 2092//1075 87//1075
f 2089//1075 87//1075 2092//1075
f 2082//1075 2090//1075 87//1075
f 87//1075 2088//1075 2071//1075
f 2062//1075 2083//1075 87//1075
f 2093//1076 23//1076 2060//1076
f 2093//1076 25//1076 23//1076
f 2094//1076 25//1076 2095//1076
f 2095//1076 25//1076 2093//1076
f 2096//1076 25//1076 2094//1076
f 2097//1076 25//1076 2098//1076
f 2096//1076 2098//1076 25//1076
f 2099//1076 25//1076 2097//1076
f 25//1076 2100//1076 2101//1076
f 25//1076 2101//1076 2102//1076
f 2099//1076 2100//1076 25//1076
f 2103//1076 25//1076 2102//1076
f 87//1076 2104//1076 2105//1076
f 87//1076 2106//1076 2104//1076
f 87//1076 2107//1076 2064//1076
f 2105//1076 2107//1076 87//1076
f 2108//1076 2106//1076 87//1076
f 2109//1076 2110//1076 25//1076
f 2111//1076 2109//1076 25//1076
f 25//1076 2108//1076 87//1076
f 2112//1076 25//1076 2113//1076
f 2108//1076 25//1076 2112//1076
f 2113//1076 25//1076 2110//1076
f 2111//1076 25//1076 2103//1076
f 2114//1075 89//1075 2068//1075
f 2115//1075 89//1075 2114//1075
f 89//1075 2116//1075 2117//1075
f 89//1075 2115//1075 2116//1075
f 2118//1075 89//1075 2117//1075
f 89//1075 2119//1075 2120//1075
f 89//1075 2118//1075 2119//1075
f 89//1075 2121//1075 2122//1075
f 89//1075 2122//1075 2123//1075
f 2124//1075 2121//1075 89//1075
f 89//1075 2120//1075 2124//1075
f 2125//1075 89//1075 2123//1075
f 89//1075 2126//1075 2127//1075
f 2125//1075 2126//1075 89//1075
f 89//1075 2128//1075 21//1075
f 21//1075 2129//1075 2130//1075
f 21//1075 2128//1075 2129//1075
f 2127//1075 2128//1075 89//1075
f 2131//1075 21//1075 2132//1075
f 2132//1075 21//1075 2133//1075
f 21//1075 2134//1075 2135//1075
f 21//1075 2136//1075 2137//1075
f 21//1075 2135//1075 2136//1075
f 2138//1075 21//1075 2131//1075
f 2133//1075 21//1075 2130//1075
f 2134//1075 21//1075 2138//1075
f 2139//1075 23//1075 2140//1075
f 2141//1075 23//1075 2139//1075
f 2142//1075 23//1075 2143//1075
f 2143//1075 21//1075 2144//1075
f 23//1075 2142//1075 2140//1075
f 23//1075 2145//1075 2049//1075
f 2146//1075 2145//1075 23//1075
f 23//1075 2147//1075 2148//1075
f 2149//1075 2146//1075 23//1075
f 2148//1075 2149//1075 23//1075
f 2147//1075 23//1075 2141//1075
f 23//1075 21//1075 2143//1075
f 2150//1075 21//1075 2151//1075
f 2152//1075 21//1075 2150//1075
f 2153//1075 21//1075 2154//1075
f 21//1075 2155//1075 2156//1075
f 2155//1075 21//1075 2153//1075
f 2156//1075 2151//1075 21//1075
f 2157//1075 21//1075 2158//1075
f 2159//1075 21//1075 2157//1075
f 21//1075 2160//1075 2161//1075
f 2161//1075 2162//1075 21//1075
f 2158//1075 21//1075 2162//1075
f 2152//1075 2160//1075 21//1075
f 21//1075 2159//1075 2144//1075
f 2137//1075 2154//1075 21//1075
f 2163//1077 24//1077 2164//1077
f 2165//1077 2164//1077 24//1077
f 2166//1077 24//1077 2163//1077
f 24//1077 2167//1077 2168//1077
f 24//1077 2166//1077 2167//1077
f 2169//1077 24//1077 2168//1077
f 88//1077 2170//1077 2171//1077
f 88//1077 2172//1077 2170//1077
f 88//1077 2173//1077 2174//1077
f 2174//1077 2172//1077 88//1077
f 88//1077 2171//1077 2175//1077
f 24//1077 2176//1077 2177//1077
f 2178//1077 2179//1077 24//1077
f 24//1077 2180//1077 2181//1077
f 24//1077 2177//1077 2182//1077
f 2182//1077 2180//1077 24//1077
f 2179//1077 2176//1077 24//1077
f 2183//1077 24//1077 2184//1077
f 2169//1077 2184//1077 24//1077
f 24//1077 2185//1077 2186//1077
f 2187//1077 2188//1077 24//1077
f 2188//1077 2185//1077 24//1077
f 2183//1077 2187//1077 24//1077
f 2178//1077 24//1077 2186//1077
f 88//1077 2189//1077 2190//1077
f 88//1077 2191//1077 2189//1077
f 88//1077 2192//1077 2193//1077
f 2194//1077 88//1077 2195//1077
f 88//1077 2194//1077 2192//1077
f 2193//1077 2191//1077 88//1077
f 2196//1077 2197//1077 88//1077
f 2195//1077 88//1077 2197//1077
f 2198//1077 2196//1077 88//1077
f 88//1077 2199//1077 2198//1077
f 88//1077 2200//1077 2201//1077
f 2201//1077 2199//1077 88//1077
f 2200//1077 88//1077 2202//1077
f 88//1077 2190//1077 2173//1077
f 90//1077 2203//1077 2204//1077
f 90//1077 2205//1077 2203//1077
f 90//1077 2206//1077 2207//1077
f 90//1077 2208//1077 2209//1077
f 90//1077 2207//1077 2208//1077
f 2209//1077 2205//1077 90//1077
f 2210//1077 2202//1077 88//1077
f 2211//1077 2210//1077 88//1077
f 90//1077 2212//1077 2213//1077
f 2213//1077 2214//1077 90//1077
f 88//1077 2214//1077 2211//1077
f 2204//1077 2212//1077 90//1077
f 90//1077 2214//1077 88//1077
f 24//1078 2215//1078 2165//1078
f 26//1078 2216//1078 2217//1078
f 26//1078 2218//1078 2216//1078
f 26//1078 2217//1078 2215//1078
f 2219//1078 88//1078 2175//1078
f 2220//1078 88//1078 2219//1078
f 2221//1078 2222//1078 88//1078
f 88//1078 2220//1078 2223//1078
f 2221//1078 88//1078 2223//1078
f 2222//1078 26//1078 88//1078
f 26//1078 2222//1078 2224//1078
f 26//1078 2225//1078 2226//1078
f 26//1078 2227//1078 2225//1078
f 2227//1078 26//1078 2228//1078
f 2229//1078 2228//1078 26//1078
f 26//1078 2226//1078 2218//1078
f 26//1078 2215//1078 24//1078
f 26//1078 2230//1078 2231//1078
f 26//1078 2232//1078 2230//1078
f 2233//1078 2229//1078 26//1078
f 26//1078 2234//1078 2235//1078
f 2233//1078 26//1078 2235//1078
f 26//1078 2231//1078 2234//1078
f 2232//1078 26//1078 2224//1078
f 2236//1079 90//1079 2237//1079
f 2238//1079 2237//1079 90//1079
f 2239//1079 90//1079 2236//1079
f 90//1079 2240//1079 2241//1079
f 90//1079 2239//1079 2240//1079
f 2242//1079 90//1079 2241//1079
f 2238//1079 90//1079 2243//1079
f 2244//1079 2243//1079 90//1079
f 90//1079 2245//1079 2244//1079
f 2246//1079 22//1079 2247//1079
f 2248//1079 2247//1079 22//1079
f 2246//1079 2245//1079 22//1079
f 2249//1079 2248//1079 22//1079
f 90//1079 2250//1079 2251//1079
f 90//1079 2242//1079 2250//1079
f 2252//1079 2206//1079 90//1079
f 90//1079 2253//1079 2254//1079
f 2252//1079 90//1079 2254//1079
f 90//1079 2251//1079 2253//1079
f 2249//1079 22//1079 2255//1079
f 2255//1079 22//1079 2256//1079
f 22//1079 2257//1079 2258//1079
f 22//1079 2259//1079 2260//1079
f 2260//1079 2257//1079 22//1079
f 22//1079 2258//1079 2256//1079
f 22//1079 2245//1079 90//1079
f 2261//1079 2262//1079 22//1079
f 2263//1079 22//1079 2262//1079
f 22//1079 2264//1079 2265//1079
f 22//1079 2266//1079 2264//1079
f 2265//1079 2261//1079 22//1079
f 2267//1079 2268//1079 22//1079
f 2266//1079 22//1079 2268//1079
f 2269//1079 2267//1079 22//1079
f 2270//1079 2269//1079 22//1079
f 22//1079 2271//1079 2272//1079
f 2270//1079 22//1079 2272//1079
f 2271//1079 22//1079 2273//1079
f 22//1079 2263//1079 2259//1079
f 2274//1079 2273//1079 22//1079
f 2275//1079 24//1079 2181//1079
f 2276//1079 24//1079 2277//1079
f 2277//1079 24//1079 2275//1079
f 24//1079 2276//1079 2278//1079
f 2279//1079 2280//1079 24//1079
f 2281//1079 24//1079 2280//1079
f 24//1079 2282//1079 2283//1079
f 2283//1079 2284//1079 24//1079
f 2279//1079 24//1079 2284//1079
f 2278//1079 2282//1079 24//1079
f 2281//1079 2274//1079 22//1079
f 22//1079 24//1079 2281//1079
f 2176//1080 2042//1080 2177//1080
f 2042//1080 2176//1080 2041//1080
f 2179//1081 2044//1081 2041//1081
f 2041//1081 2176//1081 2179//1081
f 2044//1082 2179//1082 2178//1082
f 2045//1082 2044//1082 2178//1082
f 2186//1083 2046//1083 2045//1083
f 2045//1083 2178//1083 2186//1083
f 2185//1084 2050//1084 2047//1084
f 2050//1084 2185//1084 2188//1084
f 2186//1085 2047//1085 2046//1085
f 2047//1085 2186//1085 2185//1085
f 2052//1086 2051//1086 2187//1086
f 2187//1086 2183//1086 2052//1086
f 2188//1087 2051//1087 2050//1087
f 2051//1087 2188//1087 2187//1087
f 2056//1088 2053//1088 2184//1088
f 2056//1088 2184//1088 2169//1088
f 2183//1089 2053//1089 2052//1089
f 2053//1089 2183//1089 2184//1089
f 2168//1090 2056//1090 2169//1090
f 2054//1090 2056//1090 2168//1090
f 2167//1091 2055//1091 2054//1091
f 2054//1091 2168//1091 2167//1091
f 2058//1092 2057//1092 2166//1092
f 2058//1092 2166//1092 2163//1092
f 2167//1093 2057//1093 2055//1093
f 2057//1093 2167//1093 2166//1093
f 2164//1094 2058//1094 2163//1094
f 2059//1094 2058//1094 2164//1094
f 2165//1095 2060//1095 2059//1095
f 2060//1095 2215//1095 2093//1095
f 2059//1095 2164//1095 2165//1095
f 2060//1095 2165//1095 2215//1095
f 2094//1096 2095//1096 2217//1096
f 2094//1096 2217//1096 2216//1096
f 2215//1097 2095//1097 2093//1097
f 2095//1097 2215//1097 2217//1097
f 2218//1098 2098//1098 2096//1098
f 2098//1098 2218//1098 2226//1098
f 2216//1099 2096//1099 2094//1099
f 2096//1099 2216//1099 2218//1099
f 2226//1100 2225//1100 2098//1100
f 2098//1100 2225//1100 2097//1100
f 2227//1101 2099//1101 2097//1101
f 2097//1101 2225//1101 2227//1101
f 2228//1102 2099//1102 2227//1102
f 2100//1102 2099//1102 2228//1102
f 2229//1103 2101//1103 2100//1103
f 2100//1103 2228//1103 2229//1103
f 2233//1104 2103//1104 2102//1104
f 2103//1104 2233//1104 2235//1104
f 2229//1105 2102//1105 2101//1105
f 2102//1105 2229//1105 2233//1105
f 2235//1106 2234//1106 2103//1106
f 2111//1106 2103//1106 2234//1106
f 2231//1107 2109//1107 2111//1107
f 2111//1107 2234//1107 2231//1107
f 2230//1108 2113//1108 2110//1108
f 2230//1108 2232//1108 2113//1108
f 2231//1108 2110//1108 2109//1108
f 2110//1108 2231//1108 2230//1108
f 2113//1109 2232//1109 2224//1109
f 2112//1109 2113//1109 2224//1109
f 2222//1110 2108//1110 2112//1110
f 2112//1110 2224//1110 2222//1110
f 2221//1111 2104//1111 2106//1111
f 2221//1111 2223//1111 2104//1111
f 2222//1112 2106//1112 2108//1112
f 2106//1112 2222//1112 2221//1112
f 2104//1002 2223//1002 2220//1002
f 2105//1002 2104//1002 2220//1002
f 2219//1003 2107//1003 2105//1003
f 2105//1003 2220//1003 2219//1003
f 2064//1113 2107//1113 2219//1113
f 2175//1113 2171//1113 2064//1113
f 2063//1113 2064//1113 2171//1113
f 2219//1113 2175//1113 2064//1113
f 2170//1114 2065//1114 2063//1114
f 2063//1114 2171//1114 2170//1114
f 2172//1115 2061//1115 2066//1115
f 2172//1115 2174//1115 2061//1115
f 2170//1116 2066//1116 2065//1116
f 2066//1116 2170//1116 2172//1116
f 2173//1117 2083//1117 2062//1117
f 2173//1117 2190//1117 2083//1117
f 2174//1118 2062//1118 2061//1118
f 2062//1118 2174//1118 2173//1118
f 2189//1119 2083//1119 2190//1119
f 2083//1119 2189//1119 2084//1119
f 2191//1120 2085//1120 2084//1120
f 2084//1120 2189//1120 2191//1120
f 2193//1121 2081//1121 2086//1121
f 2193//1121 2192//1121 2081//1121
f 2191//1122 2086//1122 2085//1122
f 2086//1122 2191//1122 2193//1122
f 2194//1123 2082//1123 2080//1123
f 2082//1123 2194//1123 2195//1123
f 2192//1124 2080//1124 2081//1124
f 2080//1124 2192//1124 2194//1124
f 2197//1125 2082//1125 2195//1125
f 2090//1125 2082//1125 2197//1125
f 2196//1126 2091//1126 2090//1126
f 2090//1126 2197//1126 2196//1126
f 2198//1127 2091//1127 2196//1127
f 2092//1127 2091//1127 2198//1127
f 2199//1128 2089//1128 2092//1128
f 2092//1128 2198//1128 2199//1128
f 2199//1129 2201//1129 2089//1129
f 2089//1129 2201//1129 2087//1129
f 2200//1130 2088//1130 2087//1130
f 2087//1130 2201//1130 2200//1130
f 2202//1131 2070//1131 2071//1131
f 2070//1131 2202//1131 2210//1131
f 2200//1132 2071//1132 2088//1132
f 2071//1132 2200//1132 2202//1132
f 2210//1133 2211//1133 2070//1133
f 2073//1133 2070//1133 2211//1133
f 2214//1134 2072//1134 2073//1134
f 2073//1134 2211//1134 2214//1134
f 2213//1135 2078//1135 2077//1135
f 2213//1135 2212//1135 2078//1135
f 2214//1136 2077//1136 2072//1136
f 2077//1136 2214//1136 2213//1136
f 2076//1137 2079//1137 2204//1137
f 2204//1137 2203//1137 2076//1137
f 2212//1138 2079//1138 2078//1138
f 2079//1138 2212//1138 2204//1138
f 2205//1139 2076//1139 2203//1139
f 2074//1139 2076//1139 2205//1139
f 2209//1140 2075//1140 2074//1140
f 2074//1140 2205//1140 2209//1140
f 2067//1141 2069//1141 2208//1141
f 2208//1141 2207//1141 2067//1141
f 2209//1142 2069//1142 2075//1142
f 2069//1142 2209//1142 2208//1142
f 2115//1143 2114//1143 2252//1143
f 2115//1143 2252//1143 2254//1143
f 2068//1144 2067//1144 2207//1144
f 2206//1144 2114//1144 2068//1144
f 2206//1144 2068//1144 2207//1144
f 2252//1144 2114//1144 2206//1144
f 2253//1145 2115//1145 2254//1145
f 2116//1145 2115//1145 2253//1145
f 2251//1146 2117//1146 2116//1146
f 2116//1146 2253//1146 2251//1146
f 2119//1147 2118//1147 2250//1147
f 2119//1147 2250//1147 2242//1147
f 2251//1148 2118//1148 2117//1148
f 2118//1148 2251//1148 2250//1148
f 2241//1149 2119//1149 2242//1149
f 2120//1149 2119//1149 2241//1149
f 2240//1150 2124//1150 2120//1150
f 2120//1150 2241//1150 2240//1150
f 2122//1151 2121//1151 2239//1151
f 2122//1151 2239//1151 2236//1151
f 2240//1152 2121//1152 2124//1152
f 2121//1152 2240//1152 2239//1152
f 2237//1153 2125//1153 2123//1153
f 2125//1153 2237//1153 2238//1153
f 2236//1154 2123//1154 2122//1154
f 2123//1154 2236//1154 2237//1154
f 2243//1155 2125//1155 2238//1155
f 2126//1155 2125//1155 2243//1155
f 2244//1156 2127//1156 2126//1156
f 2126//1156 2243//1156 2244//1156
f 2245//1157 2127//1157 2244//1157
f 2127//1157 2245//1157 2128//1157
f 2246//1158 2129//1158 2128//1158
f 2128//1158 2245//1158 2246//1158
f 2133//1159 2130//1159 2247//1159
f 2133//1159 2247//1159 2248//1159
f 2246//1160 2130//1160 2129//1160
f 2130//1160 2246//1160 2247//1160
f 2131//1046 2132//1046 2249//1046
f 2131//1046 2249//1046 2255//1046
f 2248//1161 2132//1161 2133//1161
f 2132//1161 2248//1161 2249//1161
f 2256//1162 2131//1162 2255//1162
f 2138//1162 2131//1162 2256//1162
f 2258//1163 2134//1163 2138//1163
f 2138//1163 2256//1163 2258//1163
f 2257//581 2136//581 2135//581
f 2136//581 2257//581 2260//581
f 2258//1164 2135//1164 2134//1164
f 2135//1164 2258//1164 2257//1164
f 2260//583 2259//583 2136//583
f 2137//583 2136//583 2259//583
f 2263//1165 2154//1165 2137//1165
f 2137//1165 2259//1165 2263//1165
f 2155//1166 2153//1166 2262//1166
f 2262//1166 2261//1166 2155//1166
f 2263//1167 2153//1167 2154//1167
f 2153//1167 2263//1167 2262//1167
f 2265//1168 2155//1168 2261//1168
f 2155//1168 2265//1168 2156//1168
f 2264//1169 2151//1169 2156//1169
f 2156//1169 2265//1169 2264//1169
f 2264//1170 2266//1170 2151//1170
f 2151//1170 2266//1170 2150//1170
f 2268//1171 2152//1171 2150//1171
f 2150//1171 2266//1171 2268//1171
f 2161//1172 2160//1172 2267//1172
f 2267//1172 2269//1172 2161//1172
f 2268//1173 2160//1173 2152//1173
f 2160//1173 2268//1173 2267//1173
f 2161//1174 2269//1174 2270//1174
f 2162//1174 2161//1174 2270//1174
f 2272//1175 2158//1175 2162//1175
f 2162//1175 2270//1175 2272//1175
f 2272//1176 2271//1176 2158//1176
f 2158//1176 2271//1176 2157//1176
f 2273//1177 2159//1177 2157//1177
f 2157//1177 2271//1177 2273//1177
f 2274//1178 2159//1178 2273//1178
f 2144//1178 2159//1178 2274//1178
f 2281//1179 2143//1179 2144//1179
f 2144//1179 2274//1179 2281//1179
f 2140//1180 2142//1180 2280//1180
f 2140//1180 2280//1180 2279//1180
f 2281//1181 2142//1181 2143//1181
f 2142//1181 2281//1181 2280//1181
f 2284//1182 2140//1182 2279//1182
f 2139//1182 2140//1182 2284//1182
f 2283//1183 2141//1183 2139//1183
f 2139//1183 2284//1183 2283//1183
f 2282//1184 2148//1184 2147//1184
f 2282//1184 2278//1184 2148//1184
f 2283//1185 2147//1185 2141//1185
f 2147//1185 2283//1185 2282//1185
f 2148//1186 2278//1186 2276//1186
f 2149//1186 2148//1186 2276//1186
f 2277//1187 2146//1187 2149//1187
f 2149//1187 2276//1187 2277//1187
f 2049//1188 2145//1188 2275//1188
f 2275//1188 2181//1188 2049//1188
f 2049//1188 2181//1188 2048//1188
f 2048//1188 2181//1188 2180//1188
f 2277//1189 2145//1189 2146//1189
f 2145//1189 2277//1189 2275//1189
f 2042//1190 2043//1190 2182//1190
f 2182//1190 2177//1190 2042//1190
f 2180//1191 2043//1191 2048//1191
f 2043//1191 2180//1191 2182//1191
f 2285//1192 85//1192 2286//1192
f 2287//1192 2286//1192 85//1192
f 2288//1192 85//1192 2285//1192
f 85//1192 2289//1192 2290//1192
f 85//1192 2291//1192 2287//1192
f 85//1192 2290//1192 2291//1192
f 2289//1192 85//1192 2292//1192
f 85//1192 2293//1192 2294//1192
f 85//1192 2294//1192 2295//1192
f 2296//1192 2293//1192 85//1192
f 85//1192 2288//1192 2297//1192
f 85//1192 2298//1192 2299//1192
f 85//1192 2297//1192 2298//1192
f 2299//1192 2296//1192 85//1192
f 2300//1192 85//1192 2295//1192
f 85//1192 2301//1192 2302//1192
f 2303//1192 2301//1192 85//1192
f 2304//1192 25//1192 2305//1192
f 85//1192 2306//1192 2307//1192
f 85//1192 2304//1192 2306//1192
f 2303//1192 85//1192 2307//1192
f 85//1192 2308//1192 2309//1192
f 85//1192 2309//1192 2292//1192
f 2310//1192 2308//1192 85//1192
f 85//1192 2311//1192 2312//1192
f 85//1192 2313//1192 2310//1192
f 85//1192 2312//1192 2314//1192
f 2313//1192 85//1192 2314//1192
f 85//1192 2302//1192 2311//1192
f 25//1192 2304//1192 85//1192
f 85//1192 2315//1192 2316//1192
f 85//1192 2316//1192 2317//1192
f 2318//1192 2319//1192 85//1192
f 2320//1192 2321//1192 85//1192
f 2319//1192 2320//1192 85//1192
f 2317//1192 2318//1192 85//1192
f 2322//1192 2323//1192 85//1192
f 87//1192 85//1192 2324//1192
f 2324//1192 85//1192 2323//1192
f 2322//1192 85//1192 2321//1192
f 87//1192 2324//1192 2325//1192
f 87//1192 2326//1192 2327//1192
f 87//1192 2325//1192 2326//1192
f 2328//1192 87//1192 2327//1192
f 2300//1192 2315//1192 85//1192
f 87//1192 2329//1192 2330//1192
f 87//1192 2328//1192 2329//1192
f 2331//1192 2332//1192 87//1192
f 2333//1192 2334//1192 87//1192
f 2332//1192 2333//1192 87//1192
f 2330//1192 2331//1192 87//1192
f 2335//1192 2336//1192 87//1192
f 2337//1192 2338//1192 87//1192
f 2336//1192 2337//1192 87//1192
f 2339//1192 2340//1192 87//1192
f 2341//1192 2342//1192 87//1192
f 2340//1192 2341//1192 87//1192
f 2338//1192 2339//1192 87//1192
f 2334//1192 2335//1192 87//1192
f 2343//1192 87//1192 2342//1192
f 2344//1192 2345//1192 25//1192
f 2346//1192 25//1192 2345//1192
f 2347//1192 25//1192 2348//1192
f 25//1192 2349//1192 2350//1192
f 2350//1192 2348//1192 25//1192
f 25//1192 2347//1192 2344//1192
f 25//1192 2351//1192 2352//1192
f 25//1192 2353//1192 2354//1192
f 2354//1192 2351//1192 25//1192
f 25//1192 2355//1192 2356//1192
f 2357//1192 25//1192 2358//1192
f 25//1192 2357//1192 2355//1192
f 2356//1192 2353//1192 25//1192
f 2352//1192 2349//1192 25//1192
f 25//1192 2359//1192 2360//1192
f 25//1192 2361//1192 2359//1192
f 2362//1192 2363//1192 25//1192
f 2361//1192 25//1192 2363//1192
f 25//1192 2364//1192 2362//1192
f 2364//1192 25//1192 2365//1192
f 25//1192 2360//1192 2358//1192
f 25//1192 2366//1192 2365//1192
f 25//1192 2367//1192 2366//1192
f 2367//1192 25//1192 2368//1192
f 25//1192 2369//1192 2368//1192
f 25//1192 2370//1192 2371//1192
f 2371//1192 2372//1192 25//1192
f 2369//1192 25//1192 2372//1192
f 2370//1192 25//1192 2373//1192
f 25//1192 2346//1192 2305//1192
f 87//1192 2374//1192 2375//1192
f 2376//1192 2377//1192 87//1192
f 87//1192 2378//1192 2379//1192
f 87//1192 2380//1192 2381//1192
f 2380//1192 87//1192 2375//1192
f 2377//1192 2374//1192 87//1192
f 87//1192 2382//1192 2383//1192
f 87//1192 2343//1192 2384//1192
f 2384//1192 2382//1192 87//1192
f 2385//1192 2386//1192 87//1192
f 2387//1192 2388//1192 87//1192
f 2385//1192 87//1192 2388//1192
f 2383//1192 2387//1192 87//1192
f 2376//1192 87//1192 2386//1192
f 25//1192 2389//1192 2390//1192
f 25//1192 2391//1192 2392//1192
f 2391//1192 25//1192 2393//1192
f 25//1192 2394//1192 2373//1192
f 25//1192 2395//1192 2394//1192
f 2395//1192 25//1192 2390//1192
f 2392//1192 2389//1192 25//1192
f 87//1192 2396//1192 25//1192
f 2397//1192 2398//1192 87//1192
f 2399//1192 87//1192 2398//1192
f 25//1192 2400//1192 2393//1192
f 25//1192 2401//1192 2402//1192
f 2401//1192 25//1192 2396//1192
f 2396//1192 87//1192 2399//1192
f 2400//1192 25//1192 2402//1192
f 2381//1192 2378//1192 87//1192
f 2397//1192 87//1192 2379//1192
f 2403//1193 86//1193 2404//1193
f 2405//1193 2404//1193 86//1193
f 2406//1193 86//1193 2403//1193
f 86//1193 2407//1193 2408//1193
f 86//1193 2409//1193 2405//1193
f 86//1193 2408//1193 2409//1193
f 2407//1193 86//1193 2410//1193
f 2411//1193 2412//1193 86//1193
f 2413//1193 2414//1193 86//1193
f 2412//1193 2413//1193 86//1193
f 86//1193 2406//1193 2415//1193
f 86//1193 2416//1193 2417//1193
f 86//1193 2415//1193 2416//1193
f 2411//1193 86//1193 2417//1193
f 2418//1193 86//1193 2414//1193
f 86//1193 2419//1193 2420//1193
f 86//1193 2421//1193 2419//1193
f 86//1193 2422//1193 2423//1193
f 86//1193 2424//1193 2425//1193
f 86//1193 2423//1193 2424//1193
f 2425//1193 2421//1193 86//1193
f 2426//1193 2427//1193 86//1193
f 86//1193 2428//1193 2410//1193
f 86//1193 2427//1193 2428//1193
f 2429//1193 2430//1193 86//1193
f 2431//1193 2432//1193 86//1193
f 2430//1193 2431//1193 86//1193
f 2426//1193 86//1193 2432//1193
f 2420//1193 2429//1193 86//1193
f 2422//1193 86//1193 2433//1193
f 86//1193 2434//1193 2435//1193
f 86//1193 2418//1193 2434//1193
f 86//1193 2436//1193 2437//1193
f 2438//1193 2439//1193 86//1193
f 2440//1193 2436//1193 86//1193
f 86//1193 2435//1193 2440//1193
f 26//1193 2439//1193 2441//1193
f 2442//1193 26//1193 2443//1193
f 26//1193 2441//1193 2443//1193
f 2444//1193 26//1193 2445//1193
f 26//1193 2446//1193 2447//1193
f 2446//1193 26//1193 2444//1193
f 2445//1193 26//1193 2442//1193
f 86//1193 2439//1193 26//1193
f 26//1193 2448//1193 2449//1193
f 26//1193 2450//1193 2448//1193
f 26//1193 2451//1193 2452//1193
f 26//1193 2453//1193 2454//1193
f 26//1193 2452//1193 2453//1193
f 26//1193 2449//1193 2451//1193
f 26//1193 2455//1193 2456//1193
f 26//1193 2456//1193 2457//1193
f 2458//1193 26//1193 2457//1193
f 26//1193 2459//1193 2460//1193
f 2461//1193 2462//1193 26//1193
f 2460//1193 2461//1193 26//1193
f 2458//1193 2459//1193 26//1193
f 2454//1193 2455//1193 26//1193
f 2447//1193 2450//1193 26//1193
f 2437//1193 2438//1193 86//1193
f 2463//1193 2433//1193 86//1193
f 88//1193 2464//1193 2463//1193
f 88//1193 2465//1193 2466//1193
f 88//1193 2467//1193 2465//1193
f 88//1193 2466//1193 2468//1193
f 2468//1193 2464//1193 88//1193
f 88//1193 2469//1193 2470//1193
f 88//1193 2471//1193 2472//1193
f 88//1193 2470//1193 2473//1193
f 88//1193 2474//1193 2475//1193
f 88//1193 2476//1193 2474//1193
f 88//1193 2475//1193 2471//1193
f 88//1193 2472//1193 2469//1193
f 2473//1193 2467//1193 88//1193
f 2477//1193 2478//1193 88//1193
f 2479//1193 88//1193 2478//1193
f 2480//1193 2481//1193 88//1193
f 2477//1193 88//1193 2481//1193
f 88//1193 2482//1193 2480//1193
f 2482//1193 88//1193 2483//1193
f 88//1193 2479//1193 2476//1193
f 2484//1193 2483//1193 88//1193
f 2485//1193 2486//1193 88//1193
f 2484//1193 88//1193 2486//1193
f 2487//1193 2488//1193 88//1193
f 88//1193 2489//1193 2490//1193
f 2487//1193 88//1193 2490//1193
f 2485//1193 88//1193 2488//1193
f 2489//1193 88//1193 2491//1193
f 2463//1193 86//1193 88//1193
f 26//1193 2492//1193 2493//1193
f 2494//1193 2492//1193 26//1193
f 2495//1193 2496//1193 26//1193
f 2497//1193 2498//1193 26//1193
f 2495//1193 26//1193 2498//1193
f 2493//1193 2497//1193 26//1193
f 26//1193 2499//1193 2500//1193
f 26//1193 2501//1193 2502//1193
f 2501//1193 26//1193 2462//1193
f 26//1193 2503//1193 2504//1193
f 26//1193 2505//1193 2503//1193
f 2505//1193 26//1193 2500//1193
f 2502//1193 2499//1193 26//1193
f 2504//1193 2494//1193 26//1193
f 2506//1193 2507//1193 88//1193
f 88//1193 2508//1193 2509//1193
f 2506//1193 88//1193 2509//1193
f 2510//1193 2491//1193 88//1193
f 2511//1193 2512//1193 88//1193
f 2510//1193 88//1193 2512//1193
f 2507//1193 2511//1193 88//1193
f 2513//1193 26//1193 2514//1193
f 2515//1193 2516//1193 26//1193
f 26//1193 2517//1193 2514//1193
f 2518//1193 2519//1193 88//1193
f 2520//1193 88//1193 26//1193
f 2518//1193 88//1193 2520//1193
f 2520//1193 26//1193 2513//1193
f 2519//1193 2508//1193 88//1193
f 2496//1193 2515//1193 26//1193
f 2517//1193 26//1193 2516//1193
f 2458//1194 2457//1194 2359//1194
f 2359//1194 2457//1194 2360//1194
f 2456//381 2358//381 2360//381
f 2360//381 2457//381 2456//381
f 2355//1195 2357//1195 2455//1195
f 2455//1195 2454//1195 2355//1195
f 2456//1196 2357//1196 2358//1196
f 2357//1196 2456//1196 2455//1196
f 2453//384 2355//384 2454//384
f 2356//384 2355//384 2453//384
f 2452//385 2353//385 2356//385
f 2356//385 2453//385 2452//385
f 2351//1197 2354//1197 2451//1197
f 2451//1197 2449//1197 2351//1197
f 2452//1198 2354//1198 2353//1198
f 2354//1198 2452//1198 2451//1198
f 2349//1199 2352//1199 2448//1199
f 2448//1199 2450//1199 2349//1199
f 2449//1200 2352//1200 2351//1200
f 2352//1200 2449//1200 2448//1200
f 2447//1201 2349//1201 2450//1201
f 2349//1201 2447//1201 2350//1201
f 2446//1202 2348//1202 2350//1202
f 2350//1202 2447//1202 2446//1202
f 2444//1203 2344//1203 2347//1203
f 2444//1203 2445//1203 2344//1203
f 2446//1093 2347//1093 2348//1093
f 2347//1093 2446//1093 2444//1093
f 2344//1204 2445//1204 2442//1204
f 2345//1204 2344//1204 2442//1204
f 2443//1205 2346//1205 2345//1205
f 2345//1205 2442//1205 2443//1205
f 2304//513 2305//513 2441//513
f 2441//513 2439//513 2304//513
f 2443//1206 2305//1206 2346//1206
f 2305//1206 2443//1206 2441//1206
f 2438//1207 2307//1207 2306//1207
f 2438//1207 2437//1207 2307//1207
f 2439//1208 2306//1208 2304//1208
f 2306//1208 2439//1208 2438//1208
f 2301//1209 2303//1209 2436//1209
f 2301//1209 2436//1209 2440//1209
f 2437//1210 2303//1210 2307//1210
f 2303//1210 2437//1210 2436//1210
f 2440//1211 2435//1211 2301//1211
f 2302//1211 2301//1211 2435//1211
f 2434//1212 2311//1212 2302//1212
f 2302//1212 2435//1212 2434//1212
f 2314//1213 2312//1213 2418//1213
f 2418//1213 2414//1213 2314//1213
f 2434//1214 2312//1214 2311//1214
f 2312//1214 2434//1214 2418//1214
f 2413//1215 2314//1215 2414//1215
f 2314//1215 2413//1215 2313//1215
f 2412//1216 2310//1216 2313//1216
f 2313//1216 2413//1216 2412//1216
f 2309//408 2308//408 2411//408
f 2411//408 2417//408 2309//408
f 2412//408 2308//408 2310//408
f 2308//408 2412//408 2411//408
f 2309//409 2417//409 2416//409
f 2292//409 2309//409 2416//409
f 2415//410 2289//410 2292//410
f 2292//410 2416//410 2415//410
f 2291//1217 2290//1217 2406//1217
f 2291//1217 2406//1217 2403//1217
f 2415//1218 2290//1218 2289//1218
f 2290//1218 2415//1218 2406//1218
f 2403//1219 2404//1219 2291//1219
f 2291//1219 2404//1219 2287//1219
f 2405//530 2286//530 2287//530
f 2287//530 2404//530 2405//530
f 2286//1220 2405//1220 2409//1220
f 2285//1220 2286//1220 2409//1220
f 2408//1221 2288//1221 2285//1221
f 2285//1221 2409//1221 2408//1221
f 2407//1222 2298//1222 2297//1222
f 2407//1222 2410//1222 2298//1222
f 2408//1223 2297//1223 2288//1223
f 2297//1223 2408//1223 2407//1223
f 2296//1224 2299//1224 2428//1224
f 2428//1224 2427//1224 2296//1224
f 2410//420 2299//420 2298//420
f 2299//420 2410//420 2428//420
f 2294//1225 2293//1225 2426//1225
f 2426//1225 2432//1225 2294//1225
f 2427//1226 2293//1226 2296//1226
f 2293//1226 2427//1226 2426//1226
f 2431//1227 2294//1227 2432//1227
f 2294//1227 2431//1227 2295//1227
f 2430//1228 2300//1228 2295//1228
f 2295//1228 2431//1228 2430//1228
f 2429//1229 2316//1229 2315//1229
f 2429//1229 2420//1229 2316//1229
f 2430//1230 2315//1230 2300//1230
f 2315//1230 2430//1230 2429//1230
f 2318//1231 2317//1231 2419//1231
f 2318//1231 2419//1231 2421//1231
f 2420//1232 2317//1232 2316//1232
f 2317//1232 2420//1232 2419//1232
f 2421//1233 2425//1233 2318//1233
f 2319//1233 2318//1233 2425//1233
f 2424//429 2320//429 2319//429
f 2319//429 2425//429 2424//429
f 2423//1234 2322//1234 2321//1234
f 2423//1234 2422//1234 2322//1234
f 2424//431 2321//431 2320//431
f 2321//431 2424//431 2423//431
f 2322//1235 2422//1235 2433//1235
f 2323//1235 2322//1235 2433//1235
f 2463//1236 2324//1236 2323//1236
f 2323//1236 2433//1236 2463//1236
f 2326//1237 2325//1237 2464//1237
f 2326//1237 2464//1237 2468//1237
f 2463//1238 2325//1238 2324//1238
f 2325//1238 2463//1238 2464//1238
f 2328//1239 2327//1239 2466//1239
f 2466//1239 2465//1239 2328//1239
f 2468//1240 2327//1240 2326//1240
f 2327//1240 2468//1240 2466//1240
f 2328//1241 2465//1241 2467//1241
f 2329//1241 2328//1241 2467//1241
f 2473//438 2330//438 2329//438
f 2329//438 2467//438 2473//438
f 2470//1242 2332//1242 2331//1242
f 2332//1242 2470//1242 2469//1242
f 2473//1243 2331//1243 2330//1243
f 2331//1243 2473//1243 2470//1243
f 2469//1244 2472//1244 2332//1244
f 2333//1244 2332//1244 2472//1244
f 2471//1245 2334//1245 2333//1245
f 2333//1245 2472//1245 2471//1245
f 2475//1246 2334//1246 2471//1246
f 2335//1246 2334//1246 2475//1246
f 2474//1247 2336//1247 2335//1247
f 2335//1247 2475//1247 2474//1247
f 2338//1248 2337//1248 2476//1248
f 2476//1248 2479//1248 2338//1248
f 2474//1249 2337//1249 2336//1249
f 2337//1249 2474//1249 2476//1249
f 2478//1250 2338//1250 2479//1250
f 2339//1250 2338//1250 2478//1250
f 2477//1251 2340//1251 2339//1251
f 2339//1251 2478//1251 2477//1251
f 2481//1252 2342//1252 2341//1252
f 2342//1252 2481//1252 2480//1252
f 2477//1253 2341//1253 2340//1253
f 2341//1253 2477//1253 2481//1253
f 2482//1254 2342//1254 2480//1254
f 2343//1254 2342//1254 2482//1254
f 2483//1255 2384//1255 2343//1255
f 2343//1255 2482//1255 2483//1255
f 2484//453 2384//453 2483//453
f 2382//453 2384//453 2484//453
f 2486//453 2383//453 2382//453
f 2382//453 2484//453 2486//453
f 2486//1256 2485//1256 2383//1256
f 2387//1256 2383//1256 2485//1256
f 2488//1257 2388//1257 2387//1257
f 2387//1257 2485//1257 2488//1257
f 2386//1258 2385//1258 2487//1258
f 2487//1258 2490//1258 2386//1258
f 2488//1259 2385//1259 2388//1259
f 2385//1259 2488//1259 2487//1259
f 2489//459 2386//459 2490//459
f 2386//459 2489//459 2376//459
f 2491//459 2377//459 2376//459
f 2376//459 2489//459 2491//459
f 2491//1260 2510//1260 2377//1260
f 2374//1260 2377//1260 2510//1260
f 2512//1261 2375//1261 2374//1261
f 2374//1261 2510//1261 2512//1261
f 2511//1262 2381//1262 2380//1262
f 2511//1262 2507//1262 2381//1262
f 2512//1263 2380//1263 2375//1263
f 2380//1263 2512//1263 2511//1263
f 2381//1264 2507//1264 2506//1264
f 2378//1264 2381//1264 2506//1264
f 2509//1265 2379//1265 2378//1265
f 2378//1265 2506//1265 2509//1265
f 2508//1266 2379//1266 2509//1266
f 2397//1266 2379//1266 2508//1266
f 2519//1267 2398//1267 2397//1267
f 2397//1267 2508//1267 2519//1267
f 2396//1268 2399//1268 2518//1268
f 2518//1268 2520//1268 2396//1268
f 2519//469 2399//469 2398//469
f 2399//469 2519//469 2518//469
f 2396//1269 2520//1269 2513//1269
f 2401//1269 2396//1269 2513//1269
f 2514//1270 2402//1270 2401//1270
f 2401//1270 2513//1270 2514//1270
f 2517//1271 2402//1271 2514//1271
f 2402//1271 2517//1271 2400//1271
f 2516//473 2393//473 2400//473
f 2400//473 2517//473 2516//473
f 2392//1272 2391//1272 2515//1272
f 2392//1272 2515//1272 2496//1272
f 2516//1273 2391//1273 2393//1273
f 2391//1273 2516//1273 2515//1273
f 2495//476 2390//476 2389//476
f 2390//476 2495//476 2498//476
f 2496//477 2389//477 2392//477
f 2389//477 2496//477 2495//477
f 2498//1274 2497//1274 2390//1274
f 2395//1274 2390//1274 2497//1274
f 2493//1275 2394//1275 2395//1275
f 2395//1275 2497//1275 2493//1275
f 2492//480 2394//480 2493//480
f 2394//480 2492//480 2373//480
f 2494//1276 2370//1276 2373//1276
f 2373//1276 2492//1276 2494//1276
f 2370//1277 2494//1277 2504//1277
f 2371//1277 2370//1277 2504//1277
f 2503//600 2372//600 2371//600
f 2371//600 2504//600 2503//600
f 2505//1278 2368//1278 2369//1278
f 2368//1278 2505//1278 2500//1278
f 2503//1279 2369//1279 2372//1279
f 2369//1279 2503//1279 2505//1279
f 2500//1280 2499//1280 2368//1280
f 2368//1280 2499//1280 2367//1280
f 2502//1281 2366//1281 2367//1281
f 2367//1281 2499//1281 2502//1281
f 2364//1282 2365//1282 2501//1282
f 2364//1282 2501//1282 2462//1282
f 2502//1283 2365//1283 2366//1283
f 2365//1283 2502//1283 2501//1283
f 2462//1284 2461//1284 2364//1284
f 2364//1284 2461//1284 2362//1284
f 2460//1285 2363//1285 2362//1285
f 2362//1285 2461//1285 2460//1285
f 2459//1286 2359//1286 2361//1286
f 2359//1286 2459//1286 2458//1286
f 2460//493 2361//493 2363//493
f 2361//493 2460//493 2459//493
f 2521//1287 41//1287 2522//1287
f 2523//1287 41//1287 2521//1287
f 41//1287 2524//1287 2525//1287
f 41//1287 2523//1287 2524//1287
f 2526//1287 41//1287 2525//1287
f 41//1287 2527//1287 2528//1287
f 41//1287 2526//1287 2527//1287
f 41//1287 2529//1287 2530//1287
f 41//1287 2531//1287 2529//1287
f 41//1287 2528//1287 2531//1287
f 2532//1287 41//1287 2530//1287
f 41//1287 2533//1287 2534//1287
f 41//1287 2532//1287 2533//1287
f 2535//1287 67//1287 2536//1287
f 2537//1287 2536//1287 41//1287
f 2534//1287 2537//1287 41//1287
f 2538//1287 67//1287 2539//1287
f 2539//1287 67//1287 2535//1287
f 67//1287 2540//1287 2541//1287
f 67//1287 2542//1287 2540//1287
f 67//1287 2543//1287 2542//1287
f 41//1287 2536//1287 67//1287
f 2543//1287 67//1287 2538//1287
f 69//1287 2544//1287 2545//1287
f 69//1287 2546//1287 2547//1287
f 2548//1287 2549//1287 67//1287
f 2549//1287 2546//1287 67//1287
f 69//1287 2547//1287 2544//1287
f 69//1287 2550//1287 2551//1287
f 2552//1287 2550//1287 69//1287
f 69//1287 2553//1287 2552//1287
f 69//1287 2554//1287 2553//1287
f 2554//1287 69//1287 2545//1287
f 2546//1287 69//1287 67//1287
f 67//1287 2555//1287 2556//1287
f 67//1287 2557//1287 2555//1287
f 67//1287 2558//1287 2559//1287
f 67//1287 2560//1287 2558//1287
f 2559//1287 2557//1287 67//1287
f 67//1287 2561//1287 2562//1287
f 67//1287 2563//1287 2561//1287
f 67//1287 2564//1287 2565//1287
f 2565//1287 2566//1287 67//1287
f 2563//1287 67//1287 2566//1287
f 2556//1287 2564//1287 67//1287
f 67//1287 2562//1287 2548//1287
f 2541//1287 2560//1287 67//1287
f 2567//1288 69//1288 2568//1288
f 2569//1288 2568//1288 69//1288
f 2570//1288 69//1288 2567//1288
f 69//1288 2571//1288 2572//1288
f 69//1288 2570//1288 2571//1288
f 2573//1288 69//1288 2572//1288
f 69//1288 2574//1288 2575//1288
f 69//1288 2551//1288 2574//1288
f 69//1288 2576//1288 2577//1288
f 2577//1288 2569//1288 69//1288
f 69//1288 2575//1288 2576//1288
f 2578//1288 69//1288 2573//1288
f 2579//1288 2580//1288 69//1288
f 2581//1288 2579//1288 69//1288
f 2582//1288 71//1288 2580//1288
f 2580//1288 71//1288 69//1288
f 71//1288 2582//1288 2583//1288
f 2584//1288 71//1288 2583//1288
f 2578//1288 2581//1288 69//1288
f 71//1288 2585//1288 2586//1288
f 71//1288 2584//1288 2585//1288
f 71//1288 2587//1288 2588//1288
f 71//1288 2589//1288 2590//1288
f 71//1288 2588//1288 2589//1288
f 71//1288 2586//1288 2587//1288
f 2591//1288 71//1288 2590//1288
f 2592//1288 2593//1288 41//1288
f 2522//1288 41//1288 2593//1288
f 2594//1288 41//1288 2595//1288
f 2596//1288 2595//1288 41//1288
f 41//1288 2594//1288 2592//1288
f 2597//1288 2598//1288 41//1288
f 2596//1288 41//1288 2598//1288
f 2599//1288 2597//1288 41//1288
f 41//1288 2600//1288 2601//1288
f 2602//1288 2599//1288 41//1288
f 2601//1288 2602//1288 41//1288
f 2600//1288 41//1288 2603//1288
f 2604//1288 2603//1288 41//1288
f 71//1288 2605//1288 2606//1288
f 2591//1288 2605//1288 71//1288
f 71//1288 2607//1288 2608//1288
f 2609//1288 2610//1288 71//1288
f 2608//1288 2609//1288 71//1288
f 71//1288 2606//1288 2607//1288
f 41//1288 2611//1288 2604//1288
f 41//1288 2612//1288 2611//1288
f 2613//1288 2614//1288 41//1288
f 2615//1288 2613//1288 41//1288
f 2614//1288 2612//1288 41//1288
f 71//1288 2610//1288 2616//1288
f 2617//1289 39//1289 2618//1289
f 2619//1289 2618//1289 39//1289
f 2620//1289 39//1289 2617//1289
f 39//1289 2621//1289 2622//1289
f 39//1289 2623//1289 2619//1289
f 39//1289 2622//1289 2623//1289
f 2621//1289 39//1289 2624//1289
f 2625//1289 2615//1289 39//1289
f 2615//1289 41//1289 39//1289
f 2625//1289 39//1289 2626//1289
f 2627//1289 2628//1289 39//1289
f 2626//1289 39//1289 2629//1289
f 2629//1289 39//1289 2628//1289
f 2627//1289 39//1289 2620//1289
f 71//1289 2630//1289 2631//1289
f 2631//1289 2632//1289 39//1289
f 39//1289 2632//1289 2633//1289
f 2634//1289 2635//1289 71//1289
f 2630//1289 71//1289 2635//1289
f 71//1289 2636//1289 2634//1289
f 2636//1289 71//1289 2637//1289
f 2633//1289 2638//1289 39//1289
f 2639//1289 2640//1289 39//1289
f 2641//1289 2624//1289 39//1289
f 2640//1289 2641//1289 39//1289
f 2616//1289 2637//1289 71//1289
f 2638//1289 2642//1289 39//1289
f 2639//1289 39//1289 2642//1289
f 39//1289 71//1289 2631//1289
f 2643//1290 42//1290 2644//1290
f 2645//1290 2644//1290 42//1290
f 2646//1290 42//1290 2643//1290
f 42//1290 2647//1290 2648//1290
f 42//1290 2646//1290 2647//1290
f 2649//1290 42//1290 2648//1290
f 42//1290 2650//1290 2645//1290
f 2651//1290 2650//1290 42//1290
f 2652//1290 2653//1290 68//1290
f 68//1290 2654//1290 2652//1290
f 2651//1290 42//1290 2653//1290
f 2655//1290 2654//1290 68//1290
f 42//1290 2656//1290 2657//1290
f 42//1290 2658//1290 2656//1290
f 42//1290 2659//1290 2660//1290
f 42//1290 2661//1290 2659//1290
f 42//1290 2657//1290 2661//1290
f 2655//1290 68//1290 2662//1290
f 68//1290 2663//1290 2664//1290
f 68//1290 2665//1290 2663//1290
f 2664//1290 2662//1290 68//1290
f 2649//1290 2658//1290 42//1290
f 68//1290 2653//1290 42//1290
f 68//1290 2666//1290 2667//1290
f 68//1290 2668//1290 2666//1290
f 68//1290 2669//1290 2670//1290
f 68//1290 2671//1290 2669//1290
f 2670//1290 2668//1290 68//1290
f 2672//1290 2673//1290 68//1290
f 2671//1290 68//1290 2673//1290
f 2674//1290 2672//1290 68//1290
f 68//1290 2675//1290 2674//1290
f 68//1290 2676//1290 2675//1290
f 2676//1290 68//1290 2677//1290
f 68//1290 2667//1290 2665//1290
f 2678//1290 2677//1290 68//1290
f 2679//1290 2680//1290 68//1290
f 70//1290 2681//1290 2679//1290
f 2680//1290 2678//1290 68//1290
f 2682//1290 2683//1290 70//1290
f 2684//1290 70//1290 2683//1290
f 70//1290 2685//1290 2686//1290
f 2686//1290 2687//1290 70//1290
f 2682//1290 70//1290 2687//1290
f 2688//1290 2685//1290 70//1290
f 70//1290 2684//1290 2681//1290
f 70//1290 2679//1290 68//1290
f 2689//1291 70//1291 2690//1291
f 2691//1291 2690//1291 70//1291
f 2692//1291 70//1291 2689//1291
f 70//1291 2693//1291 2694//1291
f 70//1291 2692//1291 2693//1291
f 2688//1291 70//1291 2694//1291
f 2695//1291 70//1291 2696//1291
f 2697//1291 2696//1291 70//1291
f 70//1291 2698//1291 2699//1291
f 2700//1291 2697//1291 70//1291
f 2700//1291 70//1291 2699//1291
f 70//1291 2695//1291 2691//1291
f 2698//1291 70//1291 2701//1291
f 42//1291 2660//1291 2702//1291
f 2703//1291 42//1291 2704//1291
f 2702//1291 2704//1291 42//1291
f 42//1291 2703//1291 2705//1291
f 2706//1291 42//1291 2705//1291
f 42//1291 2707//1291 2708//1291
f 42//1291 2709//1291 2710//1291
f 42//1291 2711//1291 2707//1291
f 42//1291 2710//1291 2712//1291
f 2711//1291 42//1291 2712//1291
f 42//1291 2706//1291 2709//1291
f 2713//1291 42//1291 2708//1291
f 2714//1291 2701//1291 70//1291
f 2715//1291 2714//1291 70//1291
f 72//1291 2716//1291 2717//1291
f 2718//1291 72//1291 2719//1291
f 72//1291 2718//1291 2716//1291
f 2717//1291 2715//1291 72//1291
f 2720//1291 2721//1291 72//1291
f 2719//1291 72//1291 2721//1291
f 2722//1291 2720//1291 72//1291
f 72//1291 2723//1291 2722//1291
f 72//1291 2724//1291 2723//1291
f 2724//1291 72//1291 2725//1291
f 2725//1291 72//1291 2726//1291
f 70//1291 72//1291 2715//1291
f 42//1291 2727//1291 2728//1291
f 2729//1291 2727//1291 42//1291
f 42//1291 2713//1291 2730//1291
f 42//1291 2731//1291 2732//1291
f 42//1291 2730//1291 2731//1291
f 2732//1291 2729//1291 42//1291
f 72//1291 2733//1291 2726//1291
f 72//1291 2734//1291 2733//1291
f 2735//1291 2736//1291 72//1291
f 72//1291 2737//1291 2738//1291
f 2735//1291 72//1291 2738//1291
f 2736//1291 2734//1291 72//1291
f 2739//1292 40//1292 2740//1292
f 2741//1292 2740//1292 40//1292
f 2742//1292 40//1292 2739//1292
f 40//1292 2743//1292 2744//1292
f 40//1292 2745//1292 2741//1292
f 40//1292 2744//1292 2745//1292
f 2743//1292 40//1292 2746//1292
f 2747//1292 2748//1292 40//1292
f 2749//1292 72//1292 2748//1292
f 2748//1292 72//1292 40//1292
f 2742//1292 2747//1292 40//1292
f 72//1292 2750//1292 2751//1292
f 72//1292 2751//1292 2752//1292
f 2749//1292 2750//1292 72//1292
f 2737//1292 72//1292 2752//1292
f 40//1292 2753//1292 2754//1292
f 2755//1292 2756//1292 40//1292
f 40//1292 2754//1292 2755//1292
f 40//1292 2728//1292 2757//1292
f 2757//1292 2758//1292 40//1292
f 40//1292 2758//1292 2753//1292
f 2756//1292 2759//1292 40//1292
f 2760//1292 2746//1292 40//1292
f 2760//1292 40//1292 2761//1292
f 2762//1292 2763//1292 40//1292
f 2763//1292 2764//1292 40//1292
f 2762//1292 40//1292 2759//1292
f 2761//1292 40//1292 2764//1292
f 42//1292 2728//1292 40//1292
f 2708//1293 2603//1293 2713//1293
f 2600//1293 2603//1293 2708//1293
f 2707//1294 2601//1294 2600//1294
f 2600//1294 2708//1294 2707//1294
f 2707//1295 2711//1295 2601//1295
f 2602//1295 2601//1295 2711//1295
f 2712//153 2599//153 2602//153
f 2602//153 2711//153 2712//153
f 2598//1296 2597//1296 2710//1296
f 2710//1296 2709//1296 2598//1296
f 2712//1297 2597//1297 2599//1297
f 2597//1297 2712//1297 2710//1297
f 2706//1298 2595//1298 2596//1298
f 2595//1298 2706//1298 2705//1298
f 2709//1299 2596//1299 2598//1299
f 2596//1299 2709//1299 2706//1299
f 2703//1300 2592//1300 2594//1300
f 2703//1300 2704//1300 2592//1300
f 2705//1301 2594//1301 2595//1301
f 2594//1301 2705//1301 2703//1301
f 2592//1302 2704//1302 2702//1302
f 2593//1302 2592//1302 2702//1302
f 2522//1303 2593//1303 2660//1303
f 2659//1303 2521//1303 2522//1303
f 2660//1303 2593//1303 2702//1303
f 2659//1303 2522//1303 2660//1303
f 2661//162 2524//162 2523//162
f 2661//162 2657//162 2524//162
f 2659//163 2523//163 2521//163
f 2523//163 2659//163 2661//163
f 2656//164 2524//164 2657//164
f 2524//164 2656//164 2525//164
f 2658//1304 2526//1304 2525//1304
f 2525//1304 2656//1304 2658//1304
f 2528//1305 2527//1305 2649//1305
f 2528//1305 2649//1305 2648//1305
f 2658//1306 2527//1306 2526//1306
f 2527//1306 2658//1306 2649//1306
f 2647//1307 2529//1307 2531//1307
f 2529//1307 2647//1307 2646//1307
f 2648//1308 2531//1308 2528//1308
f 2531//1308 2648//1308 2647//1308
f 2532//1309 2530//1309 2643//1309
f 2532//1309 2643//1309 2644//1309
f 2646//170 2530//170 2529//170
f 2530//170 2646//170 2643//170
f 2644//1310 2645//1310 2532//1310
f 2532//1310 2645//1310 2533//1310
f 2650//172 2534//172 2533//172
f 2533//172 2645//172 2650//172
f 2536//1311 2537//1311 2651//1311
f 2536//1311 2651//1311 2653//1311
f 2650//1312 2537//1312 2534//1312
f 2537//1312 2650//1312 2651//1312
f 2652//1313 2536//1313 2653//1313
f 2535//1313 2536//1313 2652//1313
f 2654//1314 2539//1314 2535//1314
f 2535//1314 2652//1314 2654//1314
f 2543//1315 2538//1315 2655//1315
f 2543//1315 2655//1315 2662//1315
f 2654//177 2538//177 2539//177
f 2538//177 2654//177 2655//177
f 2664//1316 2543//1316 2662//1316
f 2542//1316 2543//1316 2664//1316
f 2663//1317 2540//1317 2542//1317
f 2542//1317 2664//1317 2663//1317
f 2560//1318 2541//1318 2665//1318
f 2665//1318 2667//1318 2560//1318
f 2663//1319 2541//1319 2540//1319
f 2541//1319 2663//1319 2665//1319
f 2666//1320 2560//1320 2667//1320
f 2558//1320 2560//1320 2666//1320
f 2668//1321 2559//1321 2558//1321
f 2558//1321 2666//1321 2668//1321
f 2670//1322 2559//1322 2668//1322
f 2557//1322 2559//1322 2670//1322
f 2669//1323 2555//1323 2557//1323
f 2557//1323 2670//1323 2669//1323
f 2564//1324 2556//1324 2671//1324
f 2564//1324 2671//1324 2673//1324
f 2669//1325 2556//1325 2555//1325
f 2556//1325 2669//1325 2671//1325
f 2673//1326 2672//1326 2564//1326
f 2564//1326 2672//1326 2565//1326
f 2674//1327 2566//1327 2565//1327
f 2565//1327 2672//1327 2674//1327
f 2561//1328 2563//1328 2675//1328
f 2675//1328 2676//1328 2561//1328
f 2674//1329 2563//1329 2566//1329
f 2563//1329 2674//1329 2675//1329
f 2561//1330 2676//1330 2677//1330
f 2562//1330 2561//1330 2677//1330
f 2678//1331 2548//1331 2562//1331
f 2562//1331 2677//1331 2678//1331
f 2678//1332 2680//1332 2548//1332
f 2549//1332 2548//1332 2680//1332
f 2679//1333 2546//1333 2549//1333
f 2549//1333 2680//1333 2679//1333
f 2681//1334 2544//1334 2547//1334
f 2681//1334 2684//1334 2544//1334
f 2679//1335 2547//1335 2546//1335
f 2547//1335 2679//1335 2681//1335
f 2544//1336 2684//1336 2683//1336
f 2545//1336 2544//1336 2683//1336
f 2682//1337 2554//1337 2545//1337
f 2545//1337 2683//1337 2682//1337
f 2552//1338 2553//1338 2687//1338
f 2552//1338 2687//1338 2686//1338
f 2682//1339 2553//1339 2554//1339
f 2553//1339 2682//1339 2687//1339
f 2551//1340 2550//1340 2685//1340
f 2685//1340 2688//1340 2551//1340
f 2551//1340 2688//1340 2574//1340
f 2574//1340 2688//1340 2694//1340
f 2686//1341 2550//1341 2552//1341
f 2550//1341 2686//1341 2685//1341
f 2693//1342 2576//1342 2575//1342
f 2693//1342 2692//1342 2576//1342
f 2694//1343 2575//1343 2574//1343
f 2575//1343 2694//1343 2693//1343
f 2689//1344 2576//1344 2692//1344
f 2576//1344 2689//1344 2577//1344
f 2690//1345 2569//1345 2577//1345
f 2577//1345 2689//1345 2690//1345
f 2691//1346 2567//1346 2568//1346
f 2567//1346 2691//1346 2695//1346
f 2690//1347 2568//1347 2569//1347
f 2568//1347 2690//1347 2691//1347
f 2696//1348 2571//1348 2570//1348
f 2571//1348 2696//1348 2697//1348
f 2695//1349 2570//1349 2567//1349
f 2570//1349 2695//1349 2696//1349
f 2697//1350 2700//1350 2571//1350
f 2572//1350 2571//1350 2700//1350
f 2699//1351 2573//1351 2572//1351
f 2572//1351 2700//1351 2699//1351
f 2581//1352 2578//1352 2698//1352
f 2698//1352 2701//1352 2581//1352
f 2699//1353 2578//1353 2573//1353
f 2578//1353 2699//1353 2698//1353
f 2580//1354 2579//1354 2714//1354
f 2580//1354 2714//1354 2715//1354
f 2701//1355 2579//1355 2581//1355
f 2579//1355 2701//1355 2714//1355
f 2717//1356 2580//1356 2715//1356
f 2582//1356 2580//1356 2717//1356
f 2716//1357 2583//1357 2582//1357
f 2582//1357 2717//1357 2716//1357
f 2718//1358 2583//1358 2716//1358
f 2584//1358 2583//1358 2718//1358
f 2719//1359 2585//1359 2584//1359
f 2584//1359 2718//1359 2719//1359
f 2587//1360 2586//1360 2721//1360
f 2587//1360 2721//1360 2720//1360
f 2719//1361 2586//1361 2585//1361
f 2586//1361 2719//1361 2721//1361
f 2722//1362 2587//1362 2720//1362
f 2588//1362 2587//1362 2722//1362
f 2723//1363 2589//1363 2588//1363
f 2588//1363 2722//1363 2723//1363
f 2589//225 2723//225 2724//225
f 2590//225 2589//225 2724//225
f 2725//226 2591//226 2590//226
f 2590//226 2724//226 2725//226
f 2726//227 2591//227 2725//227
f 2591//227 2726//227 2605//227
f 2733//1364 2606//1364 2605//1364
f 2605//1364 2726//1364 2733//1364
f 2606//1365 2733//1365 2734//1365
f 2607//1365 2606//1365 2734//1365
f 2736//1366 2608//1366 2607//1366
f 2607//1366 2734//1366 2736//1366
f 2610//1367 2609//1367 2735//1367
f 2610//1367 2735//1367 2738//1367
f 2736//232 2609//232 2608//232
f 2609//232 2736//232 2735//232
f 2752//1368 2636//1368 2637//1368
f 2636//1368 2752//1368 2751//1368
f 2737//234 2616//234 2610//234
f 2616//234 2737//234 2637//234
f 2737//234 2610//234 2738//234
f 2752//234 2637//234 2737//234
f 2751//1369 2750//1369 2636//1369
f 2634//1369 2636//1369 2750//1369
f 2749//236 2635//236 2634//236
f 2634//236 2750//236 2749//236
f 2748//1370 2631//1370 2630//1370
f 2748//1370 2747//1370 2631//1370
f 2749//1371 2630//1371 2635//1371
f 2630//1371 2749//1371 2748//1371
f 2742//1372 2633//1372 2632//1372
f 2633//1372 2742//1372 2739//1372
f 2747//1373 2632//1373 2631//1373
f 2632//1373 2747//1373 2742//1373
f 2739//1374 2740//1374 2633//1374
f 2633//1374 2740//1374 2638//1374
f 2741//1375 2642//1375 2638//1375
f 2638//1375 2740//1375 2741//1375
f 2745//1376 2642//1376 2741//1376
f 2639//1376 2642//1376 2745//1376
f 2744//473 2640//473 2639//473
f 2639//473 2745//473 2744//473
f 2624//1377 2641//1377 2743//1377
f 2743//1377 2746//1377 2624//1377
f 2744//1378 2641//1378 2640//1378
f 2641//1378 2744//1378 2743//1378
f 2624//1379 2746//1379 2760//1379
f 2621//1379 2624//1379 2760//1379
f 2761//1380 2622//1380 2621//1380
f 2621//1380 2760//1380 2761//1380
f 2764//1381 2619//1381 2623//1381
f 2619//1381 2764//1381 2763//1381
f 2761//1382 2623//1382 2622//1382
f 2623//1382 2761//1382 2764//1382
f 2617//1383 2618//1383 2762//1383
f 2762//1383 2759//1383 2617//1383
f 2763//1384 2618//1384 2619//1384
f 2618//1384 2763//1384 2762//1384
f 2756//253 2617//253 2759//253
f 2617//253 2756//253 2620//253
f 2755//1385 2627//1385 2620//1385
f 2620//1385 2756//1385 2755//1385
f 2627//1386 2755//1386 2754//1386
f 2628//1386 2627//1386 2754//1386
f 2753//1387 2629//1387 2628//1387
f 2628//1387 2754//1387 2753//1387
f 2625//1388 2626//1388 2758//1388
f 2758//1388 2757//1388 2625//1388
f 2753//1389 2626//1389 2629//1389
f 2626//1389 2753//1389 2758//1389
f 2615//1390 2625//1390 2757//1390
f 2728//1390 2727//1390 2615//1390
f 2613//1390 2615//1390 2727//1390
f 2757//1390 2728//1390 2615//1390
f 2729//1391 2614//1391 2613//1391
f 2613//1391 2727//1391 2729//1391
f 2732//1392 2611//1392 2612//1392
f 2611//1392 2732//1392 2731//1392
f 2729//262 2612//262 2614//262
f 2612//262 2729//262 2732//262
f 2731//1393 2730//1393 2611//1393
f 2611//1393 2730//1393 2604//1393
f 2713//1394 2603//1394 2604//1394
f 2604//1394 2730//1394 2713//1394
f 2765//1395 61//1395 2766//1395
f 2767//1395 2766//1395 61//1395
f 2768//1395 61//1395 2765//1395
f 61//1395 2769//1395 2770//1395
f 61//1395 2771//1395 2767//1395
f 61//1395 2770//1395 2771//1395
f 2769//1395 61//1395 2772//1395
f 2773//1395 2774//1395 61//1395
f 63//1395 61//1395 2775//1395
f 2775//1395 61//1395 2774//1395
f 2768//1395 2773//1395 61//1395
f 63//1395 2775//1395 2776//1395
f 63//1395 2777//1395 2778//1395
f 63//1395 2776//1395 2777//1395
f 2779//1395 63//1395 2778//1395
f 2780//1395 2781//1395 47//1395
f 61//1395 2782//1395 2772//1395
f 2783//1395 2784//1395 47//1395
f 2780//1395 47//1395 2784//1395
f 47//1395 2785//1395 2783//1395
f 2785//1395 47//1395 2786//1395
f 2787//1395 2786//1395 47//1395
f 63//1395 2779//1395 2788//1395
f 47//1395 2789//1395 2790//1395
f 47//1395 2791//1395 2792//1395
f 2792//1395 2789//1395 47//1395
f 2787//1395 47//1395 2790//1395
f 2793//1396 65//1396 2794//1396
f 2795//1396 2794//1396 65//1396
f 2796//1396 65//1396 2793//1396
f 65//1396 2797//1396 2798//1396
f 65//1396 2796//1396 2797//1396
f 2799//1396 65//1396 2798//1396
f 65//1396 2800//1396 2801//1396
f 65//1396 2802//1396 2800//1396
f 65//1396 2803//1396 2795//1396
f 65//1396 2804//1396 2803//1396
f 65//1396 2801//1396 2804//1396
f 2802//1396 65//1396 2805//1396
f 65//1396 2806//1396 2807//1396
f 65//1396 2799//1396 2806//1396
f 47//1396 2808//1396 2809//1396
f 65//1396 2807//1396 2810//1396
f 47//1396 2811//1396 2812//1396
f 47//1396 2813//1396 2811//1396
f 47//1396 2812//1396 2814//1396
f 47//1396 2815//1396 2816//1396
f 47//1396 2817//1396 2815//1396
f 2817//1396 47//1396 2814//1396
f 47//1396 2809//1396 2813//1396
f 65//1396 2818//1396 2819//1396
f 2820//1396 2818//1396 65//1396
f 2821//1396 65//1396 2822//1396
f 65//1396 2821//1396 2823//1396
f 65//1396 2819//1396 2822//1396
f 2788//1396 2824//1396 63//1396
f 2825//1396 63//1396 2824//1396
f 2826//1396 65//1396 2827//1396
f 63//1396 2825//1396 2828//1396
f 65//1396 2828//1396 2827//1396
f 65//1396 2826//1396 2820//1396
f 2823//1396 2829//1396 65//1396
f 2829//1396 2805//1396 65//1396
f 2830//1396 47//1396 2831//1396
f 2832//1396 47//1396 2830//1396
f 47//1396 2833//1396 2831//1396
f 47//1396 2834//1396 2835//1396
f 47//1396 2836//1396 2834//1396
f 2837//1396 47//1396 2838//1396
f 2835//1396 2838//1396 47//1396
f 47//1396 2837//1396 2791//1396
f 2832//1396 2836//1396 47//1396
f 2816//1396 2833//1396 47//1396
f 63//1396 2828//1396 65//1396
f 2810//1397 45//1397 65//1397
f 2839//1397 45//1397 2840//1397
f 2840//1397 45//1397 2810//1397
f 2841//1397 45//1397 2839//1397
f 2808//1397 45//1397 2842//1397
f 47//1397 45//1397 2808//1397
f 45//1397 2843//1397 2844//1397
f 2842//1397 45//1397 2844//1397
f 2841//1397 2843//1397 45//1397
f 2845//1398 61//1398 2846//1398
f 2847//1398 2846//1398 61//1398
f 2848//1398 61//1398 2845//1398
f 61//1398 2849//1398 2850//1398
f 61//1398 2848//1398 2849//1398
f 2851//1398 61//1398 2850//1398
f 2852//1398 2847//1398 49//1398
f 49//1398 2853//1398 2852//1398
f 49//1398 2854//1398 2855//1398
f 49//1398 2856//1398 2854//1398
f 2855//1398 2853//1398 49//1398
f 61//1398 49//1398 2847//1398
f 61//1398 2857//1398 2858//1398
f 61//1398 2859//1398 2857//1398
f 61//1398 2860//1398 2782//1398
f 61//1398 2861//1398 2860//1398
f 61//1398 2858//1398 2861//1398
f 2862//1398 61//1398 2863//1398
f 2851//1398 2863//1398 61//1398
f 61//1398 2864//1398 2865//1398
f 61//1398 2866//1398 2864//1398
f 61//1398 2862//1398 2866//1398
f 2865//1398 2859//1398 61//1398
f 2867//1398 2868//1398 49//1398
f 2869//1398 49//1398 2868//1398
f 49//1398 2870//1398 2871//1398
f 49//1398 2872//1398 2870//1398
f 2871//1398 2867//1398 49//1398
f 2873//1398 2874//1398 49//1398
f 2872//1398 49//1398 2874//1398
f 2875//1398 2873//1398 49//1398
f 2875//1398 49//1398 2876//1398
f 2877//1398 2876//1398 49//1398
f 2877//1398 49//1398 2878//1398
f 49//1398 2869//1398 2856//1398
f 2879//1398 2878//1398 49//1398
f 2880//1398 2881//1398 49//1398
f 2882//1398 49//1398 2883//1398
f 49//1398 2882//1398 2880//1398
f 2881//1398 2879//1398 49//1398
f 2884//1398 2885//1398 49//1398
f 2886//1398 2884//1398 49//1398
f 2887//1398 2888//1398 49//1398
f 49//1398 2781//1398 2887//1398
f 2888//1398 2886//1398 49//1398
f 2885//1398 2883//1398 49//1398
f 49//1398 47//1398 2781//1398
f 48//1399 2889//1399 2890//1399
f 62//1399 2891//1399 2892//1399
f 62//1399 2893//1399 2894//1399
f 62//1399 2892//1399 2893//1399
f 2894//1399 2895//1399 62//1399
f 48//1399 2896//1399 2897//1399
f 2898//1399 48//1399 2899//1399
f 2897//1399 2899//1399 48//1399
f 2890//1399 2896//1399 48//1399
f 48//1399 2900//1399 2901//1399
f 48//1399 2901//1399 2902//1399
f 2898//1399 2900//1399 48//1399
f 2903//1399 48//1399 2902//1399
f 2904//1399 62//1399 2905//1399
f 2906//1399 2905//1399 62//1399
f 2906//1399 62//1399 2907//1399
f 2907//1399 62//1399 2908//1399
f 2909//1399 2910//1399 62//1399
f 2910//1399 2908//1399 62//1399
f 2909//1399 62//1399 64//1399
f 64//1399 2911//1399 2909//1399
f 48//1399 2903//1399 2912//1399
f 64//1399 2913//1399 2914//1399
f 64//1399 2915//1399 2913//1399
f 2915//1399 64//1399 2916//1399
f 2914//1399 2911//1399 64//1399
f 62//1399 2904//1399 2891//1399
f 2917//1400 66//1400 2918//1400
f 2919//1400 2918//1400 66//1400
f 2920//1400 66//1400 2917//1400
f 66//1400 2921//1400 2922//1400
f 66//1400 2920//1400 2921//1400
f 2923//1400 66//1400 2922//1400
f 66//1400 2924//1400 2925//1400
f 66//1400 2926//1400 2927//1400
f 66//1400 2928//1400 2919//1400
f 66//1400 2925//1400 2928//1400
f 2927//1400 2924//1400 66//1400
f 2926//1400 66//1400 2929//1400
f 64//1400 2930//1400 2931//1400
f 66//1400 2930//1400 64//1400
f 2916//1400 64//1400 2932//1400
f 2931//1400 2932//1400 64//1400
f 2930//1400 66//1400 2933//1400
f 66//1400 2934//1400 2935//1400
f 2934//1400 66//1400 2936//1400
f 2933//1400 66//1400 2937//1400
f 2938//1400 66//1400 2939//1400
f 66//1400 2938//1400 2937//1400
f 2939//1400 66//1400 2935//1400
f 2936//1400 66//1400 2923//1400
f 66//1400 2940//1400 2941//1400
f 66//1400 2942//1400 2940//1400
f 66//1400 2943//1400 2929//1400
f 66//1400 2944//1400 2943//1400
f 66//1400 2941//1400 2944//1400
f 2945//1400 2946//1400 48//1400
f 2947//1400 2945//1400 48//1400
f 48//1400 2948//1400 2947//1400
f 48//1400 2949//1400 2950//1400
f 2950//1400 2948//1400 48//1400
f 2949//1400 48//1400 2951//1400
f 48//1400 2952//1400 2951//1400
f 48//1400 2953//1400 2952//1400
f 48//1400 2954//1400 2953//1400
f 2955//1400 2956//1400 48//1400
f 2954//1400 48//1400 2956//1400
f 2957//1400 48//1400 2958//1400
f 2959//1400 2958//1400 48//1400
f 48//1400 2960//1400 2961//1400
f 48//1400 2912//1400 2962//1400
f 2962//1400 2960//1400 48//1400
f 2961//1400 2959//1400 48//1400
f 2955//1400 48//1400 2957//1400
f 46//1401 2963//1401 2942//1401
f 2963//1401 46//1401 2964//1401
f 2964//1401 46//1401 2965//1401
f 2942//1401 66//1401 46//1401
f 2966//1401 2967//1401 46//1401
f 2965//1401 46//1401 2967//1401
f 2968//1401 2966//1401 46//1401
f 2968//1401 46//1401 2946//1401
f 48//1401 2946//1401 46//1401
f 2969//1402 62//1402 2895//1402
f 2970//1402 62//1402 2969//1402
f 62//1402 2971//1402 2972//1402
f 62//1402 2970//1402 2971//1402
f 2973//1402 62//1402 2972//1402
f 62//1402 2974//1402 2975//1402
f 62//1402 2973//1402 2974//1402
f 62//1402 2976//1402 2977//1402
f 62//1402 2978//1402 2976//1402
f 62//1402 2975//1402 2978//1402
f 2979//1402 62//1402 2977//1402
f 62//1402 2980//1402 2981//1402
f 2979//1402 2980//1402 62//1402
f 62//1402 2982//1402 2983//1402
f 62//1402 2984//1402 2982//1402
f 62//1402 2981//1402 2984//1402
f 2985//1402 50//1402 2986//1402
f 62//1402 2986//1402 50//1402
f 50//1402 2987//1402 2988//1402
f 50//1402 2989//1402 2987//1402
f 50//1402 2990//1402 2989//1402
f 62//1402 2983//1402 2986//1402
f 2990//1402 50//1402 2985//1402
f 2991//1402 50//1402 2992//1402
f 2993//1402 50//1402 2994//1402
f 2995//1402 2996//1402 50//1402
f 2996//1402 2994//1402 50//1402
f 2992//1402 50//1402 2993//1402
f 2889//1402 50//1402 2997//1402
f 50//1402 2998//1402 2997//1402
f 2998//1402 50//1402 2999//1402
f 50//1402 3000//1402 2999//1402
f 2991//1402 3000//1402 50//1402
f 48//1402 50//1402 2889//1402
f 50//1402 3001//1402 3002//1402
f 50//1402 3003//1402 3001//1402
f 3004//1402 50//1402 3005//1402
f 3006//1402 50//1402 3004//1402
f 3006//1402 3003//1402 50//1402
f 50//1402 3007//1402 3008//1402
f 50//1402 3009//1402 3007//1402
f 50//1402 3010//1402 3011//1402
f 3011//1402 3012//1402 50//1402
f 3009//1402 50//1402 3012//1402
f 3002//1402 3010//1402 50//1402
f 50//1402 3008//1402 2995//1402
f 2988//1402 3005//1402 50//1402
f 2837//1403 2962//1403 2791//1403
f 2962//1403 2912//1403 2791//1403
f 2792//1403 2912//1403 2903//1403
f 2792//1403 2791//1403 2912//1403
f 2960//1404 2837//1404 2838//1404
f 2837//1404 2960//1404 2962//1404
f 2790//1405 2789//1405 2902//1405
f 2902//1405 2901//1405 2790//1405
f 2903//1406 2789//1406 2792//1406
f 2789//1406 2903//1406 2902//1406
f 2900//1407 2790//1407 2901//1407
f 2787//1407 2790//1407 2900//1407
f 2898//1408 2786//1408 2787//1408
f 2787//1408 2900//1408 2898//1408
f 2899//1409 2786//1409 2898//1409
f 2785//1409 2786//1409 2899//1409
f 2897//1410 2783//1410 2785//1410
f 2785//1410 2899//1410 2897//1410
f 2896//1411 2780//1411 2784//1411
f 2780//1411 2896//1411 2890//1411
f 2897//1412 2784//1412 2783//1412
f 2784//1412 2897//1412 2896//1412
f 2781//1413 2780//1413 2890//1413
f 2889//1413 2997//1413 2781//1413
f 2887//1413 2781//1413 2997//1413
f 2890//1413 2889//1413 2781//1413
f 2998//1414 2888//1414 2887//1414
f 2887//1414 2997//1414 2998//1414
f 2884//1415 2886//1415 2999//1415
f 2884//1415 2999//1415 3000//1415
f 2998//1416 2886//1416 2888//1416
f 2886//1416 2998//1416 2999//1416
f 2991//1417 2883//1417 2885//1417
f 2883//1417 2991//1417 2992//1417
f 3000//1418 2885//1418 2884//1418
f 2885//1418 3000//1418 2991//1418
f 2992//1419 2993//1419 2883//1419
f 2883//1419 2993//1419 2882//1419
f 2994//1420 2880//1420 2882//1420
f 2882//1420 2993//1420 2994//1420
f 2879//1421 2881//1421 2996//1421
f 2879//1421 2996//1421 2995//1421
f 2994//1422 2881//1422 2880//1422
f 2881//1422 2994//1422 2996//1422
f 2995//1423 3008//1423 2879//1423
f 2879//1423 3008//1423 2878//1423
f 3007//1424 2877//1424 2878//1424
f 2878//1424 3008//1424 3007//1424
f 2875//1425 2876//1425 3009//1425
f 3009//1425 3012//1425 2875//1425
f 3007//1426 2876//1426 2877//1426
f 2876//1426 3007//1426 3009//1426
f 2874//291 2873//291 3011//291
f 2874//291 3011//291 3010//291
f 3012//292 2873//292 2875//292
f 2873//292 3012//292 3011//292
f 3002//175 2870//175 2872//175
f 3002//175 3001//175 2870//175
f 3010//1427 2872//1427 2874//1427
f 2872//1427 3010//1427 3002//1427
f 3003//1428 2870//1428 3001//1428
f 2870//1428 3003//1428 2871//1428
f 3006//1429 2867//1429 2871//1429
f 2871//1429 3003//1429 3006//1429
f 2867//1430 3006//1430 3004//1430
f 2868//1430 2867//1430 3004//1430
f 3005//1431 2869//1431 2868//1431
f 2868//1431 3004//1431 3005//1431
f 2988//181 2854//181 2856//181
f 2854//181 2988//181 2987//181
f 3005//1432 2856//1432 2869//1432
f 2856//1432 3005//1432 2988//1432
f 2987//1433 2989//1433 2854//1433
f 2854//1433 2989//1433 2855//1433
f 2990//1434 2853//1434 2855//1434
f 2855//1434 2989//1434 2990//1434
f 2985//1435 2853//1435 2990//1435
f 2852//1435 2853//1435 2985//1435
f 2986//1436 2847//1436 2852//1436
f 2852//1436 2985//1436 2986//1436
f 2845//1437 2846//1437 2983//1437
f 2845//1437 2983//1437 2982//1437
f 2986//1325 2846//1325 2847//1325
f 2846//1325 2986//1325 2983//1325
f 2849//189 2848//189 2984//189
f 2849//189 2984//189 2981//189
f 2982//190 2848//190 2845//190
f 2848//190 2982//190 2984//190
f 2981//1438 2980//1438 2849//1438
f 2849//1438 2980//1438 2850//1438
f 2979//1439 2851//1439 2850//1439
f 2850//1439 2980//1439 2979//1439
f 2851//1440 2979//1440 2977//1440
f 2863//1440 2851//1440 2977//1440
f 2976//1441 2862//1441 2863//1441
f 2863//1441 2977//1441 2976//1441
f 2864//1442 2866//1442 2978//1442
f 2978//1442 2975//1442 2864//1442
f 2976//1442 2866//1442 2862//1442
f 2866//1442 2976//1442 2978//1442
f 2974//1443 2864//1443 2975//1443
f 2864//1443 2974//1443 2865//1443
f 2973//313 2859//313 2865//313
f 2865//313 2974//313 2973//313
f 2858//314 2857//314 2972//314
f 2972//314 2971//314 2858//314
f 2973//1444 2857//1444 2859//1444
f 2857//1444 2973//1444 2972//1444
f 2970//1445 2858//1445 2971//1445
f 2861//1445 2858//1445 2970//1445
f 2969//1446 2860//1446 2861//1446
f 2861//1446 2970//1446 2969//1446
f 2895//1447 2860//1447 2969//1447
f 2895//1447 2894//1447 2782//1447
f 2772//1447 2782//1447 2894//1447
f 2860//1447 2895//1447 2782//1447
f 2893//1236 2769//1236 2772//1236
f 2772//1236 2894//1236 2893//1236
f 2771//1448 2770//1448 2892//1448
f 2771//1448 2892//1448 2891//1448
f 2893//1449 2770//1449 2769//1449
f 2770//1449 2893//1449 2892//1449
f 2891//1450 2904//1450 2771//1450
f 2767//1450 2771//1450 2904//1450
f 2905//1451 2766//1451 2767//1451
f 2767//1451 2904//1451 2905//1451
f 2766//1452 2905//1452 2906//1452
f 2765//1452 2766//1452 2906//1452
f 2907//1453 2768//1453 2765//1453
f 2765//1453 2906//1453 2907//1453
f 2774//1454 2773//1454 2908//1454
f 2774//1454 2908//1454 2910//1454
f 2907//1455 2773//1455 2768//1455
f 2773//1455 2907//1455 2908//1455
f 2776//1456 2775//1456 2909//1456
f 2776//1456 2909//1456 2911//1456
f 2910//1457 2775//1457 2774//1457
f 2775//1457 2910//1457 2909//1457
f 2911//1458 2914//1458 2776//1458
f 2776//1458 2914//1458 2777//1458
f 2913//1459 2778//1459 2777//1459
f 2777//1459 2914//1459 2913//1459
f 2779//1460 2915//1460 2788//1460
f 2915//1460 2916//1460 2788//1460
f 2824//1460 2788//1460 2932//1460
f 2788//1460 2916//1460 2932//1460
f 2913//1461 2779//1461 2778//1461
f 2779//1461 2913//1461 2915//1461
f 2932//1462 2931//1462 2824//1462
f 2825//1462 2824//1462 2931//1462
f 2930//1463 2828//1463 2825//1463
f 2825//1463 2931//1463 2930//1463
f 2826//335 2827//335 2933//335
f 2933//335 2937//335 2826//335
f 2930//336 2827//336 2828//336
f 2827//336 2930//336 2933//336
f 2826//1464 2937//1464 2938//1464
f 2820//1464 2826//1464 2938//1464
f 2939//1465 2818//1465 2820//1465
f 2820//1465 2938//1465 2939//1465
f 2935//1466 2822//1466 2819//1466
f 2935//1466 2934//1466 2822//1466
f 2939//1467 2819//1467 2818//1467
f 2819//1467 2939//1467 2935//1467
f 2936//1468 2822//1468 2934//1468
f 2822//1468 2936//1468 2821//1468
f 2923//1469 2823//1469 2821//1469
f 2821//1469 2936//1469 2923//1469
f 2922//1470 2805//1470 2829//1470
f 2922//1470 2921//1470 2805//1470
f 2923//1471 2829//1471 2823//1471
f 2829//1471 2923//1471 2922//1471
f 2800//1472 2802//1472 2920//1472
f 2920//1472 2917//1472 2800//1472
f 2921//1473 2802//1473 2805//1473
f 2802//1473 2921//1473 2920//1473
f 2804//1474 2801//1474 2918//1474
f 2804//1474 2918//1474 2919//1474
f 2917//1475 2801//1475 2800//1475
f 2801//1475 2917//1475 2918//1475
f 2919//1476 2928//1476 2804//1476
f 2803//1476 2804//1476 2928//1476
f 2925//1477 2795//1477 2803//1477
f 2803//1477 2928//1477 2925//1477
f 2924//1478 2795//1478 2925//1478
f 2794//1478 2795//1478 2924//1478
f 2927//1479 2793//1479 2794//1479
f 2794//1479 2924//1479 2927//1479
f 2926//1480 2793//1480 2927//1480
f 2796//1480 2793//1480 2926//1480
f 2929//1267 2797//1267 2796//1267
f 2796//1267 2926//1267 2929//1267
f 2799//1481 2798//1481 2943//1481
f 2943//1481 2944//1481 2799//1481
f 2929//1482 2798//1482 2797//1482
f 2798//1482 2929//1482 2943//1482
f 2941//1483 2799//1483 2944//1483
f 2806//1483 2799//1483 2941//1483
f 2940//1484 2807//1484 2806//1484
f 2806//1484 2941//1484 2940//1484
f 2963//1271 2839//1271 2840//1271
f 2963//1271 2964//1271 2839//1271
f 2810//1485 2807//1485 2942//1485
f 2942//1485 2840//1485 2810//1485
f 2942//1485 2807//1485 2940//1485
f 2963//1485 2840//1485 2942//1485
f 2965//1486 2839//1486 2964//1486
f 2841//1486 2839//1486 2965//1486
f 2967//1486 2843//1486 2841//1486
f 2841//1486 2965//1486 2967//1486
f 2842//1487 2844//1487 2966//1487
f 2966//1487 2968//1487 2842//1487
f 2967//1488 2844//1488 2843//1488
f 2844//1488 2967//1488 2966//1488
f 2813//1489 2809//1489 2945//1489
f 2813//1489 2945//1489 2947//1489
f 2808//1490 2842//1490 2968//1490
f 2946//1490 2809//1490 2808//1490
f 2946//1490 2808//1490 2968//1490
f 2945//1490 2809//1490 2946//1490
f 2812//1491 2811//1491 2948//1491
f 2948//1491 2950//1491 2812//1491
f 2947//1492 2811//1492 2813//1492
f 2811//1492 2947//1492 2948//1492
f 2949//1493 2817//1493 2814//1493
f 2949//1493 2951//1493 2817//1493
f 2950//1494 2814//1494 2812//1494
f 2814//1494 2950//1494 2949//1494
f 2952//484 2817//484 2951//484
f 2815//484 2817//484 2952//484
f 2953//1495 2816//1495 2815//1495
f 2815//1495 2952//1495 2953//1495
f 2954//1496 2816//1496 2953//1496
f 2833//1496 2816//1496 2954//1496
f 2956//1497 2831//1497 2833//1497
f 2833//1497 2954//1497 2956//1497
f 2832//1498 2830//1498 2955//1498
f 2955//1498 2957//1498 2832//1498
f 2956//1499 2830//1499 2831//1499
f 2830//1499 2956//1499 2955//1499
f 2832//1500 2957//1500 2958//1500
f 2836//1500 2832//1500 2958//1500
f 2959//1501 2834//1501 2836//1501
f 2836//1501 2958//1501 2959//1501
f 2961//1502 2834//1502 2959//1502
f 2834//1502 2961//1502 2835//1502
f 2960//1503 2838//1503 2835//1503
f 2835//1503 2961//1503 2960//1503
# Vertices: 3012, normals: 1503, texture coordinates: 0, faces: 6068

