# Rhino

mtllib Guding pins and screws.mtl
usemtl diffuse_ControlText
v -24.249143600463867 118.00051879882812 -41.319721221923828
v 18.350528717041016 118.00051879882812 -118.58823394775391
v -24.637578964233398 117.78346252441406 -41.533870697021484
v 17.962095260620117 117.78346252441406 -118.80239105224609
v -25.066686630249023 117.72219085693359 -41.77044677734375
v 17.532987594604492 117.72219085693359 -119.03896331787109
v -25.489967346191406 117.82334136962891 -42.003810882568359
v 17.109706878662109 117.82334136962891 -119.27232360839844
v -25.861551284790039 118.07595062255859 -42.208671569824219
v 16.738122940063477 118.07595062255859 -119.47718811035156
v -26.141172409057617 118.45265197753906 -42.362831115722656
v 16.458501815795898 118.45265197753906 -119.63134765625
v -26.298528671264648 118.91262054443359 -42.4495849609375
v 16.301145553588867 118.91262054443359 -119.71810150146484
v -26.316568374633789 119.406005859375 -42.45953369140625
v 16.283105850219727 119.406005859375 -119.72805023193359
v -26.193336486816406 119.87934875488281 -42.391593933105469
v 16.406335830688477 119.87934875488281 -119.66011047363281
v -25.942188262939453 120.28135681152344 -42.253128051757812
v 16.657485961914062 120.28135681152344 -119.52164459228516
v -25.590337753295898 120.56845855712891 -42.059146881103516
v 17.009336471557617 120.56845855712891 -119.32766723632812
v -25.175914764404297 120.70954895019531 -41.830665588378906
v 17.423759460449219 120.70954895019531 -119.09918212890625
v -24.743827819824219 120.6893310546875 -41.592449188232422
v 17.855846405029297 120.6893310546875 -118.8609619140625
v -24.340900421142578 120.51000213623047 -41.370307922363281
v 18.258773803710938 120.51000213623047 -118.63882446289062
v -24.010795593261719 120.19100189208984 -41.188312530517578
v 18.588878631591797 120.19100189208984 -118.45683288574219
v -23.789285659790039 119.76688385009766 -41.066188812255859
v 18.810388565063477 119.76688385009766 -118.33470916748047
v -23.700374603271484 119.28361511230469 -41.017173767089844
v 18.899299621582031 119.28361511230469 -118.28569030761719
v -23.753696441650391 118.79356384277344 -41.04656982421875
v 18.845975875854492 118.79356384277344 -118.31508636474609
v -23.943475723266602 118.34983825683594 -41.151199340820312
v 18.656198501586914 118.34983825683594 -118.41971588134766
v -24.249143600463867 118.00051879882812 -41.319721221923828
v 18.350528717041016 118.00051879882812 -118.58823394775391
v -24.249143600463867 118.00051879882812 -41.319721221923828
v -24.637578964233398 117.78346252441406 -41.533870697021484
v -25.066686630249023 117.72219085693359 -41.77044677734375
v -25.489967346191406 117.82334136962891 -42.003810882568359
v -25.861551284790039 118.07595062255859 -42.208671569824219
v -26.141172409057617 118.45265197753906 -42.362831115722656
v -26.298528671264648 118.91262054443359 -42.4495849609375
v -26.316568374633789 119.406005859375 -42.45953369140625
v -26.193336486816406 119.87934875488281 -42.391593933105469
v -25.942188262939453 120.28135681152344 -42.253128051757812
v -25.590337753295898 120.56845855712891 -42.059146881103516
v -25.175914764404297 120.70954895019531 -41.830665588378906
v -24.743827819824219 120.6893310546875 -41.592449188232422
v -24.340900421142578 120.51000213623047 -41.370307922363281
v -24.010795593261719 120.19100189208984 -41.188312530517578
v -23.789285659790039 119.76688385009766 -41.066188812255859
v -23.700374603271484 119.28361511230469 -41.017173767089844
v -23.753696441650391 118.79356384277344 -41.04656982421875
v -23.943475723266602 118.34983825683594 -41.151199340820312
v 18.350528717041016 118.00051879882812 -118.58823394775391
v 17.962095260620117 117.78346252441406 -118.80239105224609
v 17.532987594604492 117.72219085693359 -119.03896331787109
v 17.109706878662109 117.82334136962891 -119.27232360839844
v 16.738122940063477 118.07595062255859 -119.47718811035156
v 16.458501815795898 118.45265197753906 -119.63134765625
v 16.301145553588867 118.91262054443359 -119.71810150146484
v 16.283105850219727 119.406005859375 -119.72805023193359
v 16.406335830688477 119.87934875488281 -119.66011047363281
v 16.657485961914062 120.28135681152344 -119.52164459228516
v 17.009336471557617 120.56845855712891 -119.32766723632812
v 17.423759460449219 120.70954895019531 -119.09918212890625
v 17.855846405029297 120.6893310546875 -118.8609619140625
v 18.258773803710938 120.51000213623047 -118.63882446289062
v 18.588878631591797 120.19100189208984 -118.45683288574219
v 18.810388565063477 119.76688385009766 -118.33470916748047
v 18.899299621582031 119.28361511230469 -118.28569030761719
v 18.845975875854492 118.79356384277344 -118.31508636474609
v 18.656198501586914 118.34983825683594 -118.41971588134766
vt 0 0
vt 0 1
vt 0.042409379035234451 0
vt 0.042409379035234451 1
vt 0.084818758070468903 0
vt 0.084818758070468903 1
vt 0.12722814083099365 0
vt 0.12722814083099365 1
vt 0.16963751614093781 0
vt 0.16963751614093781 1
vt 0.21204689145088196 0
vt 0.21204689145088196 1
vt 0.2544562816619873 0
vt 0.2544562816619873 1
vt 0.29686564207077026 0
vt 0.29686564207077026 1
vt 0.33927503228187561 0
vt 0.33927503228187561 1
vt 0.38168442249298096 0
vt 0.38168442249298096 1
vt 0.42409378290176392 0
vt 0.42409378290176392 1
vt 0.46650317311286926 0
vt 0.46650317311286926 1
vt 0.50891256332397461 0
vt 0.50891256332397461 1
vt 0.55132192373275757 0
vt 0.55132192373275757 1
vt 0.59373128414154053 0
vt 0.59373128414154053 1
vt 0.63614070415496826 0
vt 0.63614070415496826 1
vt 0.67855006456375122 0
vt 0.67855006456375122 1
vt 0.72095942497253418 0
vt 0.72095942497253418 1
vt 0.76336884498596191 0
vt 0.76336884498596191 1
vt 0.80577820539474487 0
vt 0.80577820539474487 1
vt 1 0.016943443566560745
vt 0.99470216035842896 0.011423060670495033
vt 0.97938275337219238 0.0065008983947336674
vt 0.95570182800292969 0.0027103472966700792
vt 0.92622560262680054 0.00046217296039685607
vt 0.89414834976196289 0
vt 0.8629460334777832 0.0013739119749516249
vt 0.83599996566772461 0.0044350242242217064
vt 0.8162301778793335 0.0088516175746917725
vt 0.80577898025512695 0.014145085588097572
vt 0.80577898025512695 0.019741799682378769
vt 0.8162301778793335 0.025035267695784569
vt 0.83599996566772461 0.029451861977577209
vt 0.8629460334777832 0.032512973994016647
vt 0.89414834976196289 0.03388688713312149
vt 0.92622560262680054 0.033424712717533112
vt 0.95570182800292969 0.03117653913795948
vt 0.97938275337219238 0.027385987341403961
vt 0.99470216035842896 0.022463824599981308
vt 1 0.016943443566560745
vt 0.99470216035842896 0.022463824599981308
vt 0.97938275337219238 0.027385987341403961
vt 0.95570182800292969 0.03117653913795948
vt 0.92622560262680054 0.033424712717533112
vt 0.89414834976196289 0.03388688713312149
vt 0.8629460334777832 0.032512973994016647
vt 0.83599996566772461 0.029451861977577209
vt 0.8162301778793335 0.025035267695784569
vt 0.80577898025512695 0.019741799682378769
vt 0.80577898025512695 0.014145085588097572
vt 0.8162301778793335 0.0088516175746917725
vt 0.83599996566772461 0.0044350242242217064
vt 0.8629460334777832 0.0013739119749516249
vt 0.89414834976196289 0
vt 0.92622560262680054 0.00046217296039685607
vt 0.95570182800292969 0.0027103472966700792
vt 0.97938275337219238 0.0065008983947336674
vt 0.99470216035842896 0.011423060670495033
vn 0.50914353132247925 -0.8136214017868042 0.28070098161697388
vn 0.50914353132247925 -0.8136214017868042 0.28070098161697388
vn 0.25020495057106018 -0.95831584930419922 0.13794296979904175
vn 0.25020495057106018 -0.95831584930419922 0.13794296979904175
vn -0.035847242921590805 -0.99916183948516846 -0.019763300195336342
vn -0.035847242921590805 -0.99916183948516846 -0.019763300195336342
vn -0.31801483035087585 -0.93173319101333618 -0.17532791197299957
vn -0.31801483035087585 -0.93173319101333618 -0.17532791197299957
vn -0.56572055816650391 -0.76333671808242798 -0.31189301609992981
vn -0.56572055816650391 -0.76333671808242798 -0.31189301609992981
vn -0.7521216869354248 -0.51222091913223267 -0.41465967893600464
vn -0.7521216869354248 -0.51222091913223267 -0.41465967893600464
vn -0.85701876878738403 -0.20559805631637573 -0.47249153256416321
vn -0.85701876878738403 -0.20559805631637573 -0.47249153256416321
vn -0.86904460191726685 0.1233045682311058 -0.47912159562110901
vn -0.86904460191726685 0.1233045682311058 -0.47912159562110901
vn -0.78689593076705933 0.43884524703025818 -0.43383139371871948
vn -0.78689593076705933 0.43884524703025818 -0.43383139371871948
vn -0.61947488784790039 0.70683020353317261 -0.34152883291244507
vn -0.61947488784790039 0.70683020353317261 -0.34152883291244507
vn -0.38492411375045776 0.89821916818618774 -0.2122163325548172
vn -0.38492411375045776 0.89821916818618774 -0.2122163325548172
vn -0.10866083949804306 0.99227213859558105 -0.059906888753175735
vn -0.10866083949804306 0.99227213859558105 -0.059906888753175735
vn 0.17937751114368439 0.97879701852798462 0.098894394934177399
vn 0.17937751114368439 0.97879701852798462 0.098894394934177399
vn 0.44797751307487488 0.85925406217575073 0.24697893857955933
vn 0.44797751307487488 0.85925406217575073 0.24697893857955933
vn 0.66803222894668579 0.64659762382507324 0.36829948425292969
vn 0.66803222894668579 0.64659762382507324 0.36829948425292969
vn 0.81569528579711914 0.36387225985527039 0.44970905780792236
vn 0.81569528579711914 0.36387225985527039 0.44970905780792236
vn 0.87496507167816162 0.041715692728757858 0.48238569498062134
vn 0.87496507167816162 0.041715692728757858 0.48238569498062134
vn 0.83941882848739624 -0.28496140241622925 0.46278834342956543
vn 0.83941882848739624 -0.28496140241622925 0.46278834342956543
vn 0.71290850639343262 -0.58075851202011108 0.39304068684577942
vn 0.71290850639343262 -0.58075851202011108 0.39304068684577942
vn 0.50914353132247925 -0.8136214017868042 0.28070098161697388
vn 0.50914353132247925 -0.8136214017868042 0.28070098161697388
vn -0.48280596733093262 0 0.87572735548019409
vn -0.48280596733093262 0 0.87572735548019409
vn -0.48280596733093262 0 0.87572735548019409
vn -0.48280596733093262 0 0.87572735548019409
vn -0.48280596733093262 0 0.87572735548019409
vn -0.48280596733093262 0 0.87572735548019409
vn -0.48280596733093262 0 0.87572735548019409
vn -0.48280596733093262 0 0.87572735548019409
vn -0.48280596733093262 0 0.87572735548019409
vn -0.48280596733093262 0 0.87572735548019409
vn -0.48280596733093262 0 0.87572735548019409
vn -0.48280596733093262 0 0.87572735548019409
vn -0.48280596733093262 0 0.87572735548019409
vn -0.48280596733093262 0 0.87572735548019409
vn -0.48280596733093262 0 0.87572735548019409
vn -0.48280596733093262 0 0.87572735548019409
vn -0.48280596733093262 0 0.87572735548019409
vn -0.48280596733093262 0 0.87572735548019409
vn -0.48280596733093262 0 0.87572735548019409
vn 0.48280596733093262 0 -0.87572735548019409
vn 0.48280596733093262 0 -0.87572735548019409
vn 0.48280596733093262 0 -0.87572735548019409
vn 0.48280596733093262 0 -0.87572735548019409
vn 0.48280596733093262 0 -0.87572735548019409
vn 0.48280596733093262 0 -0.87572735548019409
vn 0.48280596733093262 0 -0.87572735548019409
vn 0.48280596733093262 0 -0.87572735548019409
vn 0.48280596733093262 0 -0.87572735548019409
vn 0.48280596733093262 0 -0.87572735548019409
vn 0.48280596733093262 0 -0.87572735548019409
vn 0.48280596733093262 0 -0.87572735548019409
vn 0.48280596733093262 0 -0.87572735548019409
vn 0.48280596733093262 0 -0.87572735548019409
vn 0.48280596733093262 0 -0.87572735548019409
vn 0.48280596733093262 0 -0.87572735548019409
vn 0.48280596733093262 0 -0.87572735548019409
vn 0.48280596733093262 0 -0.87572735548019409
vn 0.48280596733093262 0 -0.87572735548019409
f 1/1/1 3/3/3 4/4/4 2/2/2
f 3/3/3 5/5/5 6/6/6 4/4/4
f 5/5/5 7/7/7 8/8/8 6/6/6
f 7/7/7 9/9/9 10/10/10 8/8/8
f 9/9/9 11/11/11 12/12/12 10/10/10
f 11/11/11 13/13/13 14/14/14 12/12/12
f 13/13/13 15/15/15 16/16/16 14/14/14
f 15/15/15 17/17/17 18/18/18 16/16/16
f 17/17/17 19/19/19 20/20/20 18/18/18
f 19/19/19 21/21/21 22/22/22 20/20/20
f 21/21/21 23/23/23 24/24/24 22/22/22
f 23/23/23 25/25/25 26/26/26 24/24/24
f 25/25/25 27/27/27 28/28/28 26/26/26
f 27/27/27 29/29/29 30/30/30 28/28/28
f 29/29/29 31/31/31 32/32/32 30/30/30
f 31/31/31 33/33/33 34/34/34 32/32/32
f 33/33/33 35/35/35 36/36/36 34/34/34
f 35/35/35 37/37/37 38/38/38 36/36/36
f 37/37/37 39/39/39 40/40/40 38/38/38
f 53/53/53 52/52/52 49/49/49
f 53/53/53 55/55/55 54/54/54
f 49/49/49 44/44/44 53/53/53
f 50/50/50 52/52/52 51/51/51
f 48/48/48 47/47/47 49/49/49
f 49/49/49 52/52/52 50/50/50
f 47/47/47 44/44/44 49/49/49
f 56/56/56 55/55/55 53/53/53
f 59/59/59 57/57/57 56/56/56
f 42/42/42 59/59/59 56/56/56
f 58/58/58 57/57/57 59/59/59
f 41/41/41 59/59/59 42/42/42
f 45/45/45 47/47/47 46/46/46
f 43/43/43 42/42/42 44/44/44
f 45/45/45 44/44/44 47/47/47
f 53/53/53 44/44/44 42/42/42
f 42/42/42 56/56/56 53/53/53
f 72/72/72 68/68/68 71/71/71
f 72/72/72 73/73/73 74/74/74
f 68/68/68 72/72/72 63/63/63
f 69/69/69 70/70/70 71/71/71
f 67/67/67 68/68/68 66/66/66
f 68/68/68 69/69/69 71/71/71
f 66/66/66 68/68/68 63/63/63
f 75/75/75 72/72/72 74/74/74
f 78/78/78 75/75/75 76/76/76
f 61/61/61 75/75/75 78/78/78
f 77/77/77 78/78/78 76/76/76
f 60/60/60 61/61/61 78/78/78
f 64/64/64 65/65/65 66/66/66
f 62/62/62 63/63/63 61/61/61
f 64/64/64 66/66/66 63/63/63
f 72/72/72 61/61/61 63/63/63
f 61/61/61 72/72/72 75/75/75
usemtl diffuse_ControlText
v -24.165512084960938 299.28128051757812 -41.861392974853516
v 17.99177360534668 299.28128051757812 -119.37216186523438
v -24.555164337158203 299.06423950195312 -42.073318481445312
v 17.602121353149414 299.06423950195312 -119.58409118652344
v -24.985618591308594 299.00296020507812 -42.307437896728516
v 17.171667098999023 299.00296020507812 -119.81820678710938
v -25.410224914550781 299.10409545898438 -42.538379669189453
v 16.747060775756836 299.10409545898438 -120.04914855957031
v -25.782974243164062 299.35671997070312 -42.741111755371094
v 16.374311447143555 299.35671997070312 -120.25188446044922
v -26.063472747802734 299.73342895507812 -42.893672943115234
v 16.093812942504883 299.73342895507812 -120.40444183349609
v -26.221321105957031 300.19338989257812 -42.979526519775391
v 15.93596363067627 300.19338989257812 -120.49029541015625
v -26.239418029785156 300.686767578125 -42.989368438720703
v 15.917866706848145 300.686767578125 -120.50013732910156
v -26.115800857543945 301.16012573242188 -42.922134399414062
v 16.041484832763672 301.16012573242188 -120.43289947509766
v -25.863864898681641 301.5621337890625 -42.785106658935547
v 16.293420791625977 301.5621337890625 -120.29587554931641
v -25.510910034179688 301.84921264648438 -42.5931396484375
v 16.646373748779297 301.84921264648438 -120.10390472412109
v -25.095188140869141 301.99032592773438 -42.367034912109375
v 17.062097549438477 301.99032592773438 -119.87779998779297
v -24.661746978759766 301.9700927734375 -42.131290435791016
v 17.495538711547852 301.9700927734375 -119.64205932617188
v -24.25755500793457 301.790771484375 -41.911453247070312
v 17.899730682373047 301.790771484375 -119.42221832275391
v -23.926414489746094 301.47177124023438 -41.731349945068359
v 18.230869293212891 301.47177124023438 -119.24211883544922
v -23.70421028137207 301.04763793945312 -41.610496520996094
v 18.453073501586914 301.04763793945312 -119.12126159667969
v -23.615020751953125 300.56439208984375 -41.561985015869141
v 18.542263031005859 300.56439208984375 -119.07275390625
v -23.668512344360352 300.0743408203125 -41.591079711914062
v 18.488773345947266 300.0743408203125 -119.10184478759766
v -23.858884811401367 299.630615234375 -41.694622039794922
v 18.29840087890625 299.630615234375 -119.20539093017578
v -24.165512084960938 299.28128051757812 -41.861392974853516
v 17.99177360534668 299.28128051757812 -119.37216186523438
v -24.165512084960938 299.28128051757812 -41.861392974853516
v -24.555164337158203 299.06423950195312 -42.073318481445312
v -24.985618591308594 299.00296020507812 -42.307437896728516
v -25.410224914550781 299.10409545898438 -42.538379669189453
v -25.782974243164062 299.35671997070312 -42.741111755371094
v -26.063472747802734 299.73342895507812 -42.893672943115234
v -26.221321105957031 300.19338989257812 -42.979526519775391
v -26.239418029785156 300.686767578125 -42.989368438720703
v -26.115800857543945 301.16012573242188 -42.922134399414062
v -25.863864898681641 301.5621337890625 -42.785106658935547
v -25.510910034179688 301.84921264648438 -42.5931396484375
v -25.095188140869141 301.99032592773438 -42.367034912109375
v -24.661746978759766 301.9700927734375 -42.131290435791016
v -24.25755500793457 301.790771484375 -41.911453247070312
v -23.926414489746094 301.47177124023438 -41.731349945068359
v -23.70421028137207 301.04763793945312 -41.610496520996094
v -23.615020751953125 300.56439208984375 -41.561985015869141
v -23.668512344360352 300.0743408203125 -41.591079711914062
v -23.858884811401367 299.630615234375 -41.694622039794922
v 17.99177360534668 299.28128051757812 -119.37216186523438
v 17.602121353149414 299.06423950195312 -119.58409118652344
v 17.171667098999023 299.00296020507812 -119.81820678710938
v 16.747060775756836 299.10409545898438 -120.04914855957031
v 16.374311447143555 299.35671997070312 -120.25188446044922
v 16.093812942504883 299.73342895507812 -120.40444183349609
v 15.93596363067627 300.19338989257812 -120.49029541015625
v 15.917866706848145 300.686767578125 -120.50013732910156
v 16.041484832763672 301.16012573242188 -120.43289947509766
v 16.293420791625977 301.5621337890625 -120.29587554931641
v 16.646373748779297 301.84921264648438 -120.10390472412109
v 17.062097549438477 301.99032592773438 -119.87779998779297
v 17.495538711547852 301.9700927734375 -119.64205932617188
v 17.899730682373047 301.790771484375 -119.42221832275391
v 18.230869293212891 301.47177124023438 -119.24211883544922
v 18.453073501586914 301.04763793945312 -119.12126159667969
v 18.542263031005859 300.56439208984375 -119.07275390625
v 18.488773345947266 300.0743408203125 -119.10184478759766
v 18.29840087890625 299.630615234375 -119.20539093017578
vt 0 0
vt 0 1
vt 0.042409379035234451 0
vt 0.042409379035234451 1
vt 0.084818758070468903 0
vt 0.084818758070468903 1
vt 0.12722814083099365 0
vt 0.12722814083099365 1
vt 0.16963751614093781 0
vt 0.16963751614093781 1
vt 0.21204689145088196 0
vt 0.21204689145088196 1
vt 0.2544562816619873 0
vt 0.2544562816619873 1
vt 0.29686564207077026 0
vt 0.29686564207077026 1
vt 0.33927503228187561 0
vt 0.33927503228187561 1
vt 0.38168442249298096 0
vt 0.38168442249298096 1
vt 0.42409378290176392 0
vt 0.42409378290176392 1
vt 0.46650317311286926 0
vt 0.46650317311286926 1
vt 0.50891256332397461 0
vt 0.50891256332397461 1
vt 0.55132192373275757 0
vt 0.55132192373275757 1
vt 0.59373128414154053 0
vt 0.59373128414154053 1
vt 0.63614070415496826 0
vt 0.63614070415496826 1
vt 0.67855006456375122 0
vt 0.67855006456375122 1
vt 0.72095942497253418 0
vt 0.72095942497253418 1
vt 0.76336884498596191 0
vt 0.76336884498596191 1
vt 0.80577820539474487 0
vt 0.80577820539474487 1
vt 1 0.016943443566560745
vt 0.99470216035842896 0.011423060670495033
vt 0.97938275337219238 0.0065008983947336674
vt 0.95570182800292969 0.0027103472966700792
vt 0.92622560262680054 0.00046217296039685607
vt 0.89414834976196289 0
vt 0.8629460334777832 0.0013739119749516249
vt 0.83599996566772461 0.0044350242242217064
vt 0.8162301778793335 0.0088516175746917725
vt 0.80577898025512695 0.014145085588097572
vt 0.80577898025512695 0.019741799682378769
vt 0.8162301778793335 0.025035267695784569
vt 0.83599996566772461 0.029451861977577209
vt 0.8629460334777832 0.032512973994016647
vt 0.89414834976196289 0.03388688713312149
vt 0.92622560262680054 0.033424712717533112
vt 0.95570182800292969 0.03117653913795948
vt 0.97938275337219238 0.027385987341403961
vt 0.99470216035842896 0.022463824599981308
vt 1 0.016943443566560745
vt 0.99470216035842896 0.022463824599981308
vt 0.97938275337219238 0.027385987341403961
vt 0.95570182800292969 0.03117653913795948
vt 0.92622560262680054 0.033424712717533112
vt 0.89414834976196289 0.03388688713312149
vt 0.8629460334777832 0.032512973994016647
vt 0.83599996566772461 0.029451861977577209
vt 0.8162301778793335 0.025035267695784569
vt 0.80577898025512695 0.019741799682378769
vt 0.80577898025512695 0.014145085588097572
vt 0.8162301778793335 0.0088516175746917725
vt 0.83599996566772461 0.0044350242242217064
vt 0.8629460334777832 0.0013739119749516249
vt 0.89414834976196289 0
vt 0.92622560262680054 0.00046217296039685607
vt 0.95570182800292969 0.0027103472966700792
vt 0.97938275337219238 0.0065008983947336674
vt 0.99470216035842896 0.011423060670495033
vn 0.51073980331420898 -0.8136214017868042 0.27778595685958862
vn 0.51073980331420898 -0.8136214017868042 0.27778595685958862
vn 0.25098937749862671 -0.95831584930419922 0.1365104615688324
vn 0.25098937749862671 -0.95831584930419922 0.1365104615688324
vn -0.035959631204605103 -0.99916183948516846 -0.01955806277692318
vn -0.035959631204605103 -0.99916183948516846 -0.01955806277692318
vn -0.3190118670463562 -0.93173319101333618 -0.17350716888904572
vn -0.3190118670463562 -0.93173319101333618 -0.17350716888904572
vn -0.56749421358108521 -0.76333671808242798 -0.3086540699005127
vn -0.56749421358108521 -0.76333671808242798 -0.3086540699005127
vn -0.75447976589202881 -0.51222091913223267 -0.41035354137420654
vn -0.75447976589202881 -0.51222091913223267 -0.41035354137420654
vn -0.85970568656921387 -0.20559805631637573 -0.46758481860160828
vn -0.85970568656921387 -0.20559805631637573 -0.46758481860160828
vn -0.87176918983459473 0.1233045682311058 -0.4741460382938385
vn -0.87176918983459473 0.1233045682311058 -0.4741460382938385
vn -0.78936296701431274 0.43884524703025818 -0.42932614684104919
vn -0.78936296701431274 0.43884524703025818 -0.42932614684104919
vn -0.62141704559326172 0.70683020353317261 -0.33798214793205261
vn -0.62141704559326172 0.70683020353317261 -0.33798214793205261
vn -0.38613089919090271 0.89821916818618774 -0.21001251041889191
vn -0.38613089919090271 0.89821916818618774 -0.21001251041889191
vn -0.10900150984525681 0.99227213859558105 -0.059284768998622894
vn -0.10900150984525681 0.99227213859558105 -0.059284768998622894
vn 0.17993989586830139 0.97879701852798462 0.097867399454116821
vn 0.17993989586830139 0.97879701852798462 0.097867399454116821
vn 0.44938200712203979 0.85925406217575073 0.24441412091255188
vn 0.44938200712203979 0.85925406217575073 0.24441412091255188
vn 0.67012661695480347 0.64659762382507324 0.36447477340698242
vn 0.67012661695480347 0.64659762382507324 0.36447477340698242
vn 0.81825262308120728 0.36387225985527039 0.44503891468048096
vn 0.81825262308120728 0.36387225985527039 0.44503891468048096
vn 0.87770825624465942 0.041715692728757858 0.47737622261047363
vn 0.87770825624465942 0.041715692728757858 0.47737622261047363
vn 0.84205055236816406 -0.28496140241622925 0.45798236131668091
vn 0.84205055236816406 -0.28496140241622925 0.45798236131668091
vn 0.71514362096786499 -0.58075851202011108 0.38895905017852783
vn 0.71514362096786499 -0.58075851202011108 0.38895905017852783
vn 0.51073980331420898 -0.8136214017868042 0.27778595685958862
vn 0.51073980331420898 -0.8136214017868042 0.27778595685958862
vn -0.47779211401939392 0 0.87847292423248291
vn -0.47779211401939392 0 0.87847292423248291
vn -0.47779211401939392 0 0.87847292423248291
vn -0.47779211401939392 0 0.87847292423248291
vn -0.47779211401939392 0 0.87847292423248291
vn -0.47779211401939392 0 0.87847292423248291
vn -0.47779211401939392 0 0.87847292423248291
vn -0.47779211401939392 0 0.87847292423248291
vn -0.47779211401939392 0 0.87847292423248291
vn -0.47779211401939392 0 0.87847292423248291
vn -0.47779211401939392 0 0.87847292423248291
vn -0.47779211401939392 0 0.87847292423248291
vn -0.47779211401939392 0 0.87847292423248291
vn -0.47779211401939392 0 0.87847292423248291
vn -0.47779211401939392 0 0.87847292423248291
vn -0.47779211401939392 0 0.87847292423248291
vn -0.47779211401939392 0 0.87847292423248291
vn -0.47779211401939392 0 0.87847292423248291
vn -0.47779211401939392 0 0.87847292423248291
vn 0.47779211401939392 0 -0.87847292423248291
vn 0.47779211401939392 0 -0.87847292423248291
vn 0.47779211401939392 0 -0.87847292423248291
vn 0.47779211401939392 0 -0.87847292423248291
vn 0.47779211401939392 0 -0.87847292423248291
vn 0.47779211401939392 0 -0.87847292423248291
vn 0.47779211401939392 0 -0.87847292423248291
vn 0.47779211401939392 0 -0.87847292423248291
vn 0.47779211401939392 0 -0.87847292423248291
vn 0.47779211401939392 0 -0.87847292423248291
vn 0.47779211401939392 0 -0.87847292423248291
vn 0.47779211401939392 0 -0.87847292423248291
vn 0.47779211401939392 0 -0.87847292423248291
vn 0.47779211401939392 0 -0.87847292423248291
vn 0.47779211401939392 0 -0.87847292423248291
vn 0.47779211401939392 0 -0.87847292423248291
vn 0.47779211401939392 0 -0.87847292423248291
vn 0.47779211401939392 0 -0.87847292423248291
vn 0.47779211401939392 0 -0.87847292423248291
f 79/79/79 81/81/81 82/82/82 80/80/80
f 81/81/81 83/83/83 84/84/84 82/82/82
f 83/83/83 85/85/85 86/86/86 84/84/84
f 85/85/85 87/87/87 88/88/88 86/86/86
f 87/87/87 89/89/89 90/90/90 88/88/88
f 89/89/89 91/91/91 92/92/92 90/90/90
f 91/91/91 93/93/93 94/94/94 92/92/92
f 93/93/93 95/95/95 96/96/96 94/94/94
f 95/95/95 97/97/97 98/98/98 96/96/96
f 97/97/97 99/99/99 100/100/100 98/98/98
f 99/99/99 101/101/101 102/102/102 100/100/100
f 101/101/101 103/103/103 104/104/104 102/102/102
f 103/103/103 105/105/105 106/106/106 104/104/104
f 105/105/105 107/107/107 108/108/108 106/106/106
f 107/107/107 109/109/109 110/110/110 108/108/108
f 109/109/109 111/111/111 112/112/112 110/110/110
f 111/111/111 113/113/113 114/114/114 112/112/112
f 113/113/113 115/115/115 116/116/116 114/114/114
f 115/115/115 117/117/117 118/118/118 116/116/116
f 131/131/131 130/130/130 127/127/127
f 131/131/131 133/133/133 132/132/132
f 127/127/127 122/122/122 131/131/131
f 128/128/128 130/130/130 129/129/129
f 126/126/126 125/125/125 127/127/127
f 127/127/127 130/130/130 128/128/128
f 125/125/125 122/122/122 127/127/127
f 134/134/134 133/133/133 131/131/131
f 137/137/137 135/135/135 134/134/134
f 120/120/120 137/137/137 134/134/134
f 136/136/136 135/135/135 137/137/137
f 119/119/119 137/137/137 120/120/120
f 123/123/123 125/125/125 124/124/124
f 121/121/121 120/120/120 122/122/122
f 123/123/123 122/122/122 125/125/125
f 131/131/131 122/122/122 120/120/120
f 120/120/120 134/134/134 131/131/131
f 150/150/150 146/146/146 149/149/149
f 150/150/150 151/151/151 152/152/152
f 146/146/146 150/150/150 141/141/141
f 147/147/147 148/148/148 149/149/149
f 145/145/145 146/146/146 144/144/144
f 146/146/146 147/147/147 149/149/149
f 144/144/144 146/146/146 141/141/141
f 153/153/153 150/150/150 152/152/152
f 156/156/156 153/153/153 154/154/154
f 139/139/139 153/153/153 156/156/156
f 155/155/155 156/156/156 154/154/154
f 138/138/138 139/139/139 156/156/156
f 142/142/142 143/143/143 144/144/144
f 140/140/140 141/141/141 139/139/139
f 142/142/142 144/144/144 141/141/141
f 150/150/150 139/139/139 141/141/141
f 139/139/139 150/150/150 153/153/153
usemtl diffuse_ControlText
v -24.165512084960938 289.77789306640625 -41.861392974853516
v 17.99177360534668 289.77789306640625 -119.37216186523438
v -24.555164337158203 289.56085205078125 -42.073318481445312
v 17.602121353149414 289.56085205078125 -119.58409118652344
v -24.985618591308594 289.49957275390625 -42.307437896728516
v 17.171667098999023 289.49957275390625 -119.81820678710938
v -25.410224914550781 289.60073852539062 -42.538379669189453
v 16.747060775756836 289.60073852539062 -120.04914855957031
v -25.782974243164062 289.85333251953125 -42.741111755371094
v 16.374311447143555 289.85333251953125 -120.25188446044922
v -26.063472747802734 290.23004150390625 -42.893672943115234
v 16.093812942504883 290.23004150390625 -120.40444183349609
v -26.221321105957031 290.69000244140625 -42.979526519775391
v 15.93596363067627 290.69000244140625 -120.49029541015625
v -26.239418029785156 291.18338012695312 -42.989368438720703
v 15.917866706848145 291.18338012695312 -120.50013732910156
v -26.115800857543945 291.65673828125 -42.922134399414062
v 16.041484832763672 291.65673828125 -120.43289947509766
v -25.863864898681641 292.05874633789062 -42.785106658935547
v 16.293420791625977 292.05874633789062 -120.29587554931641
v -25.510910034179688 292.34585571289062 -42.5931396484375
v 16.646373748779297 292.34585571289062 -120.10390472412109
v -25.095188140869141 292.4869384765625 -42.367034912109375
v 17.062097549438477 292.4869384765625 -119.87779998779297
v -24.661746978759766 292.46670532226562 -42.131290435791016
v 17.495538711547852 292.46670532226562 -119.64205932617188
v -24.25755500793457 292.28738403320312 -41.911453247070312
v 17.899730682373047 292.28738403320312 -119.42221832275391
v -23.926414489746094 291.9683837890625 -41.731349945068359
v 18.230869293212891 291.9683837890625 -119.24211883544922
v -23.70421028137207 291.54428100585938 -41.610496520996094
v 18.453073501586914 291.54428100585938 -119.12126159667969
v -23.615020751953125 291.06100463867188 -41.561985015869141
v 18.542263031005859 291.06100463867188 -119.07275390625
v -23.668512344360352 290.57095336914062 -41.591079711914062
v 18.488773345947266 290.57095336914062 -119.10184478759766
v -23.858884811401367 290.12722778320312 -41.694622039794922
v 18.29840087890625 290.12722778320312 -119.20539093017578
v -24.165512084960938 289.77789306640625 -41.861392974853516
v 17.99177360534668 289.77789306640625 -119.37216186523438
v -24.165512084960938 289.77789306640625 -41.861392974853516
v -24.555164337158203 289.56085205078125 -42.073318481445312
v -24.985618591308594 289.49957275390625 -42.307437896728516
v -25.410224914550781 289.60073852539062 -42.538379669189453
v -25.782974243164062 289.85333251953125 -42.741111755371094
v -26.063472747802734 290.23004150390625 -42.893672943115234
v -26.221321105957031 290.69000244140625 -42.979526519775391
v -26.239418029785156 291.18338012695312 -42.989368438720703
v -26.115800857543945 291.65673828125 -42.922134399414062
v -25.863864898681641 292.05874633789062 -42.785106658935547
v -25.510910034179688 292.34585571289062 -42.5931396484375
v -25.095188140869141 292.4869384765625 -42.367034912109375
v -24.661746978759766 292.46670532226562 -42.131290435791016
v -24.25755500793457 292.28738403320312 -41.911453247070312
v -23.926414489746094 291.9683837890625 -41.731349945068359
v -23.70421028137207 291.54428100585938 -41.610496520996094
v -23.615020751953125 291.06100463867188 -41.561985015869141
v -23.668512344360352 290.57095336914062 -41.591079711914062
v -23.858884811401367 290.12722778320312 -41.694622039794922
v 17.99177360534668 289.77789306640625 -119.37216186523438
v 17.602121353149414 289.56085205078125 -119.58409118652344
v 17.171667098999023 289.49957275390625 -119.81820678710938
v 16.747060775756836 289.60073852539062 -120.04914855957031
v 16.374311447143555 289.85333251953125 -120.25188446044922
v 16.093812942504883 290.23004150390625 -120.40444183349609
v 15.93596363067627 290.69000244140625 -120.49029541015625
v 15.917866706848145 291.18338012695312 -120.50013732910156
v 16.041484832763672 291.65673828125 -120.43289947509766
v 16.293420791625977 292.05874633789062 -120.29587554931641
v 16.646373748779297 292.34585571289062 -120.10390472412109
v 17.062097549438477 292.4869384765625 -119.87779998779297
v 17.495538711547852 292.46670532226562 -119.64205932617188
v 17.899730682373047 292.28738403320312 -119.42221832275391
v 18.230869293212891 291.9683837890625 -119.24211883544922
v 18.453073501586914 291.54428100585938 -119.12126159667969
v 18.542263031005859 291.06100463867188 -119.07275390625
v 18.488773345947266 290.57095336914062 -119.10184478759766
v 18.29840087890625 290.12722778320312 -119.20539093017578
vt 0 0
vt 0 1
vt 0.042409379035234451 0
vt 0.042409379035234451 1
vt 0.084818758070468903 0
vt 0.084818758070468903 1
vt 0.12722814083099365 0
vt 0.12722814083099365 1
vt 0.16963751614093781 0
vt 0.16963751614093781 1
vt 0.21204689145088196 0
vt 0.21204689145088196 1
vt 0.2544562816619873 0
vt 0.2544562816619873 1
vt 0.29686564207077026 0
vt 0.29686564207077026 1
vt 0.33927503228187561 0
vt 0.33927503228187561 1
vt 0.38168442249298096 0
vt 0.38168442249298096 1
vt 0.42409378290176392 0
vt 0.42409378290176392 1
vt 0.46650317311286926 0
vt 0.46650317311286926 1
vt 0.50891256332397461 0
vt 0.50891256332397461 1
vt 0.55132192373275757 0
vt 0.55132192373275757 1
vt 0.59373128414154053 0
vt 0.59373128414154053 1
vt 0.63614070415496826 0
vt 0.63614070415496826 1
vt 0.67855006456375122 0
vt 0.67855006456375122 1
vt 0.72095942497253418 0
vt 0.72095942497253418 1
vt 0.76336884498596191 0
vt 0.76336884498596191 1
vt 0.80577820539474487 0
vt 0.80577820539474487 1
vt 1 0.016943443566560745
vt 0.99470216035842896 0.011423060670495033
vt 0.97938275337219238 0.0065008983947336674
vt 0.95570182800292969 0.0027103472966700792
vt 0.92622560262680054 0.00046217296039685607
vt 0.89414834976196289 0
vt 0.8629460334777832 0.0013739119749516249
vt 0.83599996566772461 0.0044350242242217064
vt 0.8162301778793335 0.0088516175746917725
vt 0.80577898025512695 0.014145085588097572
vt 0.80577898025512695 0.019741799682378769
vt 0.8162301778793335 0.025035267695784569
vt 0.83599996566772461 0.029451861977577209
vt 0.8629460334777832 0.032512973994016647
vt 0.89414834976196289 0.03388688713312149
vt 0.92622560262680054 0.033424712717533112
vt 0.95570182800292969 0.03117653913795948
vt 0.97938275337219238 0.027385987341403961
vt 0.99470216035842896 0.022463824599981308
vt 1 0.016943443566560745
vt 0.99470216035842896 0.022463824599981308
vt 0.97938275337219238 0.027385987341403961
vt 0.95570182800292969 0.03117653913795948
vt 0.92622560262680054 0.033424712717533112
vt 0.89414834976196289 0.03388688713312149
vt 0.8629460334777832 0.032512973994016647
vt 0.83599996566772461 0.029451861977577209
vt 0.8162301778793335 0.025035267695784569
vt 0.80577898025512695 0.019741799682378769
vt 0.80577898025512695 0.014145085588097572
vt 0.8162301778793335 0.0088516175746917725
vt 0.83599996566772461 0.0044350242242217064
vt 0.8629460334777832 0.0013739119749516249
vt 0.89414834976196289 0
vt 0.92622560262680054 0.00046217296039685607
vt 0.95570182800292969 0.0027103472966700792
vt 0.97938275337219238 0.0065008983947336674
vt 0.99470216035842896 0.011423060670495033
vn 0.51073980331420898 -0.8136214017868042 0.27778595685958862
vn 0.51073980331420898 -0.8136214017868042 0.27778595685958862
vn 0.25098937749862671 -0.95831584930419922 0.1365104615688324
vn 0.25098937749862671 -0.95831584930419922 0.1365104615688324
vn -0.035959631204605103 -0.99916183948516846 -0.01955806277692318
vn -0.035959631204605103 -0.99916183948516846 -0.01955806277692318
vn -0.3190118670463562 -0.93173319101333618 -0.17350716888904572
vn -0.3190118670463562 -0.93173319101333618 -0.17350716888904572
vn -0.56749421358108521 -0.76333671808242798 -0.3086540699005127
vn -0.56749421358108521 -0.76333671808242798 -0.3086540699005127
vn -0.75447976589202881 -0.51222091913223267 -0.41035354137420654
vn -0.75447976589202881 -0.51222091913223267 -0.41035354137420654
vn -0.85970568656921387 -0.20559805631637573 -0.46758481860160828
vn -0.85970568656921387 -0.20559805631637573 -0.46758481860160828
vn -0.87176918983459473 0.1233045682311058 -0.4741460382938385
vn -0.87176918983459473 0.1233045682311058 -0.4741460382938385
vn -0.78936296701431274 0.43884524703025818 -0.42932614684104919
vn -0.78936296701431274 0.43884524703025818 -0.42932614684104919
vn -0.62141704559326172 0.70683020353317261 -0.33798214793205261
vn -0.62141704559326172 0.70683020353317261 -0.33798214793205261
vn -0.38613089919090271 0.89821916818618774 -0.21001251041889191
vn -0.38613089919090271 0.89821916818618774 -0.21001251041889191
vn -0.10900150984525681 0.99227213859558105 -0.059284768998622894
vn -0.10900150984525681 0.99227213859558105 -0.059284768998622894
vn 0.17993989586830139 0.97879701852798462 0.097867399454116821
vn 0.17993989586830139 0.97879701852798462 0.097867399454116821
vn 0.44938200712203979 0.85925406217575073 0.24441412091255188
vn 0.44938200712203979 0.85925406217575073 0.24441412091255188
vn 0.67012661695480347 0.64659762382507324 0.36447477340698242
vn 0.67012661695480347 0.64659762382507324 0.36447477340698242
vn 0.81825262308120728 0.36387225985527039 0.44503891468048096
vn 0.81825262308120728 0.36387225985527039 0.44503891468048096
vn 0.87770825624465942 0.041715692728757858 0.47737622261047363
vn 0.87770825624465942 0.041715692728757858 0.47737622261047363
vn 0.84205055236816406 -0.28496140241622925 0.45798236131668091
vn 0.84205055236816406 -0.28496140241622925 0.45798236131668091
vn 0.71514362096786499 -0.58075851202011108 0.38895905017852783
vn 0.71514362096786499 -0.58075851202011108 0.38895905017852783
vn 0.51073980331420898 -0.8136214017868042 0.27778595685958862
vn 0.51073980331420898 -0.8136214017868042 0.27778595685958862
vn -0.47779211401939392 0 0.87847292423248291
vn -0.47779211401939392 0 0.87847292423248291
vn -0.47779211401939392 0 0.87847292423248291
vn -0.47779211401939392 0 0.87847292423248291
vn -0.47779211401939392 0 0.87847292423248291
vn -0.47779211401939392 0 0.87847292423248291
vn -0.47779211401939392 0 0.87847292423248291
vn -0.47779211401939392 0 0.87847292423248291
vn -0.47779211401939392 0 0.87847292423248291
vn -0.47779211401939392 0 0.87847292423248291
vn -0.47779211401939392 0 0.87847292423248291
vn -0.47779211401939392 0 0.87847292423248291
vn -0.47779211401939392 0 0.87847292423248291
vn -0.47779211401939392 0 0.87847292423248291
vn -0.47779211401939392 0 0.87847292423248291
vn -0.47779211401939392 0 0.87847292423248291
vn -0.47779211401939392 0 0.87847292423248291
vn -0.47779211401939392 0 0.87847292423248291
vn -0.47779211401939392 0 0.87847292423248291
vn 0.47779211401939392 0 -0.87847292423248291
vn 0.47779211401939392 0 -0.87847292423248291
vn 0.47779211401939392 0 -0.87847292423248291
vn 0.47779211401939392 0 -0.87847292423248291
vn 0.47779211401939392 0 -0.87847292423248291
vn 0.47779211401939392 0 -0.87847292423248291
vn 0.47779211401939392 0 -0.87847292423248291
vn 0.47779211401939392 0 -0.87847292423248291
vn 0.47779211401939392 0 -0.87847292423248291
vn 0.47779211401939392 0 -0.87847292423248291
vn 0.47779211401939392 0 -0.87847292423248291
vn 0.47779211401939392 0 -0.87847292423248291
vn 0.47779211401939392 0 -0.87847292423248291
vn 0.47779211401939392 0 -0.87847292423248291
vn 0.47779211401939392 0 -0.87847292423248291
vn 0.47779211401939392 0 -0.87847292423248291
vn 0.47779211401939392 0 -0.87847292423248291
vn 0.47779211401939392 0 -0.87847292423248291
vn 0.47779211401939392 0 -0.87847292423248291
f 157/157/157 159/159/159 160/160/160 158/158/158
f 159/159/159 161/161/161 162/162/162 160/160/160
f 161/161/161 163/163/163 164/164/164 162/162/162
f 163/163/163 165/165/165 166/166/166 164/164/164
f 165/165/165 167/167/167 168/168/168 166/166/166
f 167/167/167 169/169/169 170/170/170 168/168/168
f 169/169/169 171/171/171 172/172/172 170/170/170
f 171/171/171 173/173/173 174/174/174 172/172/172
f 173/173/173 175/175/175 176/176/176 174/174/174
f 175/175/175 177/177/177 178/178/178 176/176/176
f 177/177/177 179/179/179 180/180/180 178/178/178
f 179/179/179 181/181/181 182/182/182 180/180/180
f 181/181/181 183/183/183 184/184/184 182/182/182
f 183/183/183 185/185/185 186/186/186 184/184/184
f 185/185/185 187/187/187 188/188/188 186/186/186
f 187/187/187 189/189/189 190/190/190 188/188/188
f 189/189/189 191/191/191 192/192/192 190/190/190
f 191/191/191 193/193/193 194/194/194 192/192/192
f 193/193/193 195/195/195 196/196/196 194/194/194
f 209/209/209 208/208/208 205/205/205
f 209/209/209 211/211/211 210/210/210
f 205/205/205 200/200/200 209/209/209
f 206/206/206 208/208/208 207/207/207
f 204/204/204 203/203/203 205/205/205
f 205/205/205 208/208/208 206/206/206
f 203/203/203 200/200/200 205/205/205
f 212/212/212 211/211/211 209/209/209
f 215/215/215 213/213/213 212/212/212
f 198/198/198 215/215/215 212/212/212
f 214/214/214 213/213/213 215/215/215
f 197/197/197 215/215/215 198/198/198
f 201/201/201 203/203/203 202/202/202
f 199/199/199 198/198/198 200/200/200
f 201/201/201 200/200/200 203/203/203
f 209/209/209 200/200/200 198/198/198
f 198/198/198 212/212/212 209/209/209
f 228/228/228 224/224/224 227/227/227
f 228/228/228 229/229/229 230/230/230
f 224/224/224 228/228/228 219/219/219
f 225/225/225 226/226/226 227/227/227
f 223/223/223 224/224/224 222/222/222
f 224/224/224 225/225/225 227/227/227
f 222/222/222 224/224/224 219/219/219
f 231/231/231 228/228/228 230/230/230
f 234/234/234 231/231/231 232/232/232
f 217/217/217 231/231/231 234/234/234
f 233/233/233 234/234/234 232/232/232
f 216/216/216 217/217/217 234/234/234
f 220/220/220 221/221/221 222/222/222
f 218/218/218 219/219/219 217/217/217
f 220/220/220 222/222/222 219/219/219
f 228/228/228 217/217/217 219/219/219
f 217/217/217 228/228/228 231/231/231
usemtl diffuse_ControlText
v 25.519765853881836 274.25341796875 -83.469596862792969
v -71.475860595703125 282.47885131835938 -36.600414276123047
v 25.555854797363281 274.58953857421875 -83.453903198242188
v -71.439773559570312 282.81500244140625 -36.584720611572266
v 25.543027877807617 274.91714477539062 -83.537940979003906
v -71.452598571777344 283.14260864257812 -36.668758392333984
v 25.482671737670898 275.20068359375 -83.712608337402344
v -71.512954711914062 283.42611694335938 -36.843421936035156
v 25.381330490112305 275.409423828125 -83.958969116210938
v -71.614295959472656 283.6348876953125 -37.089786529541016
v 25.249984741210938 275.52078247070312 -84.250335693359375
v -71.745643615722656 283.74624633789062 -37.381149291992188
v 25.102867126464844 275.52267456054688 -84.555122375488281
v -71.89276123046875 283.74813842773438 -37.685939788818359
v 24.955921173095703 275.41488647460938 -84.840309143066406
v -72.039710998535156 283.64035034179688 -37.971126556396484
v 24.825071334838867 275.2091064453125 -85.074989318847656
v -72.170555114746094 283.43453979492188 -38.205806732177734
v 24.724494934082031 274.9276123046875 -85.233734130859375
v -72.271133422851562 283.153076171875 -38.364551544189453
v 24.665092468261719 274.6009521484375 -85.299339294433594
v -72.330535888671875 282.826416015625 -38.430152893066406
v 24.653301239013672 274.26449584960938 -85.264694213867188
v -72.342330932617188 282.48995971679688 -38.3955078125
v 24.690399169921875 273.9547119140625 -85.133552551269531
v -72.305229187011719 282.18017578125 -38.264366149902344
v 24.772363662719727 273.70516967773438 -84.920127868652344
v -72.2232666015625 281.93060302734375 -38.050945281982422
v 24.890317916870117 273.54290771484375 -84.647544860839844
v -72.105316162109375 281.76834106445312 -37.778362274169922
v 25.031473159790039 273.48550415039062 -84.345352172851562
v -71.964157104492188 281.7109375 -37.476165771484375
v 25.180538177490234 273.5391845703125 -84.046279907226562
v -71.815093994140625 281.76461791992188 -37.177097320556641
v 25.321357727050781 273.6981201171875 -83.782752990722656
v -71.674270629882812 281.923583984375 -36.913570404052734
v 25.438671112060547 273.94512939453125 -83.583320617675781
v -71.556961059570312 282.17059326171875 -36.714138031005859
v 25.519765853881836 274.25341796875 -83.469596862792969
v -71.475860595703125 282.47885131835938 -36.600414276123047
v 25.519765853881836 274.25341796875 -83.469596862792969
v 25.555854797363281 274.58953857421875 -83.453903198242188
v 25.543027877807617 274.91714477539062 -83.537940979003906
v 25.482671737670898 275.20068359375 -83.712608337402344
v 25.381330490112305 275.409423828125 -83.958969116210938
v 25.249984741210938 275.52078247070312 -84.250335693359375
v 25.102867126464844 275.52267456054688 -84.555122375488281
v 24.955921173095703 275.41488647460938 -84.840309143066406
v 24.825071334838867 275.2091064453125 -85.074989318847656
v 24.724494934082031 274.9276123046875 -85.233734130859375
v 24.665092468261719 274.6009521484375 -85.299339294433594
v 24.653301239013672 274.26449584960938 -85.264694213867188
v 24.690399169921875 273.9547119140625 -85.133552551269531
v 24.772363662719727 273.70516967773438 -84.920127868652344
v 24.890317916870117 273.54290771484375 -84.647544860839844
v 25.031473159790039 273.48550415039062 -84.345352172851562
v 25.180538177490234 273.5391845703125 -84.046279907226562
v 25.321357727050781 273.6981201171875 -83.782752990722656
v 25.438671112060547 273.94512939453125 -83.583320617675781
v -71.475860595703125 282.47885131835938 -36.600414276123047
v -71.439773559570312 282.81500244140625 -36.584720611572266
v -71.452598571777344 283.14260864257812 -36.668758392333984
v -71.512954711914062 283.42611694335938 -36.843421936035156
v -71.614295959472656 283.6348876953125 -37.089786529541016
v -71.745643615722656 283.74624633789062 -37.381149291992188
v -71.89276123046875 283.74813842773438 -37.685939788818359
v -72.039710998535156 283.64035034179688 -37.971126556396484
v -72.170555114746094 283.43453979492188 -38.205806732177734
v -72.271133422851562 283.153076171875 -38.364551544189453
v -72.330535888671875 282.826416015625 -38.430152893066406
v -72.342330932617188 282.48995971679688 -38.3955078125
v -72.305229187011719 282.18017578125 -38.264366149902344
v -72.2232666015625 281.93060302734375 -38.050945281982422
v -72.105316162109375 281.76834106445312 -37.778362274169922
v -71.964157104492188 281.7109375 -37.476165771484375
v -71.815093994140625 281.76461791992188 -37.177097320556641
v -71.674270629882812 281.923583984375 -36.913570404052734
v -71.556961059570312 282.17059326171875 -36.714138031005859
vt 0 0
vt 0 1
vt 0.042409379035234451 0
vt 0.042409379035234451 1
vt 0.084818758070468903 0
vt 0.084818758070468903 1
vt 0.12722814083099365 0
vt 0.12722814083099365 1
vt 0.16963751614093781 0
vt 0.16963751614093781 1
vt 0.21204689145088196 0
vt 0.21204689145088196 1
vt 0.2544562816619873 0
vt 0.2544562816619873 1
vt 0.29686564207077026 0
vt 0.29686564207077026 1
vt 0.33927503228187561 0
vt 0.33927503228187561 1
vt 0.38168442249298096 0
vt 0.38168442249298096 1
vt 0.42409378290176392 0
vt 0.42409378290176392 1
vt 0.46650317311286926 0
vt 0.46650317311286926 1
vt 0.50891256332397461 0
vt 0.50891256332397461 1
vt 0.55132192373275757 0
vt 0.55132192373275757 1
vt 0.59373128414154053 0
vt 0.59373128414154053 1
vt 0.63614070415496826 0
vt 0.63614070415496826 1
vt 0.67855006456375122 0
vt 0.67855006456375122 1
vt 0.72095942497253418 0
vt 0.72095942497253418 1
vt 0.76336884498596191 0
vt 0.76336884498596191 1
vt 0.80577820539474487 0
vt 0.80577820539474487 1
vt 1 0.0094835637137293816
vt 0.99470216035842896 0.0063937022350728512
vt 0.97938275337219238 0.003638674970716238
vt 0.95570182800292969 0.0015170322731137276
vt 0.92622560262680054 0.00025868689408525825
vt 0.89414834976196289 0
vt 0.8629460334777832 0.00076900434214621782
vt 0.83599996566772461 0.0024823665153235197
vt 0.8162301778793335 0.0049544167704880238
vt 0.80577898025512695 0.0079172709956765175
vt 0.80577898025512695 0.011049856431782246
vt 0.8162301778793335 0.014012710191309452
vt 0.83599996566772461 0.016484759747982025
vt 0.8629460334777832 0.018198123201727867
vt 0.89414834976196289 0.018967127427458763
vt 0.92622560262680054 0.018708439543843269
vt 0.95570182800292969 0.017450094223022461
vt 0.97938275337219238 0.015328451991081238
vt 0.99470216035842896 0.012573424726724625
vt 1 0.0094835637137293816
vt 0.99470216035842896 0.012573424726724625
vt 0.97938275337219238 0.015328451991081238
vt 0.95570182800292969 0.017450094223022461
vt 0.92622560262680054 0.018708439543843269
vt 0.89414834976196289 0.018967127427458763
vt 0.8629460334777832 0.018198123201727867
vt 0.83599996566772461 0.016484759747982025
vt 0.8162301778793335 0.014012710191309452
vt 0.80577898025512695 0.011049856431782246
vt 0.80577898025512695 0.0079172709956765175
vt 0.8162301778793335 0.0049544167704880238
vt 0.83599996566772461 0.0024823665153235197
vt 0.8629460334777832 0.00076900434214621782
vt 0.89414834976196289 0
vt 0.92622560262680054 0.00025868689408525825
vt 0.95570182800292969 0.0015170322731137276
vt 0.97938275337219238 0.003638674970716238
vt 0.99470216035842896 0.0063937022350728512
vn 0.40396293997764587 -0.25016653537750244 0.87990379333496094
vn 0.40396293997764587 -0.25016653537750244 0.87990379333496094
vn 0.43906521797180176 0.076789677143096924 0.89516764879226685
vn 0.43906521797180176 0.076789677143096924 0.89516764879226685
vn 0.42658796906471252 0.39542454481124878 0.81342619657516479
vn 0.42658796906471252 0.39542454481124878 0.81342619657516479
vn 0.36788326501846313 0.67120897769927979 0.64353740215301514
vn 0.36788326501846313 0.67120897769927979 0.64353740215301514
vn 0.26931273937225342 0.87425756454467773 0.40391132235527039
vn 0.26931273937225342 0.87425756454467773 0.40391132235527039
vn 0.141557976603508 0.98256677389144897 0.12051521241664886
vn 0.141557976603508 0.98256677389144897 0.12051521241664886
vn -0.0015367831801995635 0.98439955711364746 -0.17594058811664581
vn -0.0015367831801995635 0.98439955711364746 -0.17594058811664581
vn -0.14446501433849335 0.87955743074417114 -0.45333051681518555
vn -0.14446501433849335 0.87955743074417114 -0.45333051681518555
vn -0.271738201379776 0.67940163612365723 -0.68159502744674683
vn -0.271738201379776 0.67940163612365723 -0.68159502744674683
vn -0.36956435441970825 0.40562206506729126 -0.83599817752838135
vn -0.36956435441970825 0.40562206506729126 -0.83599817752838135
vn -0.42734247446060181 0.087887093424797058 -0.89980792999267578
vn -0.42734247446060181 0.087887093424797058 -0.89980792999267578
vn -0.43881139159202576 -0.23937182128429413 -0.86610949039459229
vn -0.43881139159202576 -0.23937182128429413 -0.86610949039459229
vn -0.40272831916809082 -0.540691077709198 -0.73855471611022949
vn -0.40272831916809082 -0.540691077709198 -0.73855471611022949
vn -0.32300335168838501 -0.78341805934906006 -0.53096604347229004
vn -0.32300335168838501 -0.78341805934906006 -0.53096604347229004
vn -0.20827597379684448 -0.9412495493888855 -0.26583898067474365
vn -0.20827597379684448 -0.9412495493888855 -0.26583898067474365
vn -0.070978656411170959 -0.99708205461502075 0.028095880523324013
vn -0.070978656411170959 -0.99708205461502075 0.028095880523324013
vn 0.074010297656059265 -0.94486522674560547 0.31898611783981323
vn 0.074010297656059265 -0.94486522674560547 0.31898611783981323
vn 0.21097908914089203 -0.79025763273239136 0.57530921697616577
vn 0.21097908914089203 -0.79025763273239136 0.57530921697616577
vn 0.32508501410484314 -0.55001330375671387 0.76928871870040894
vn 0.32508501410484314 -0.55001330375671387 0.76928871870040894
vn 0.40396293997764587 -0.25016653537750244 0.87990379333496094
vn 0.40396293997764587 -0.25016653537750244 0.87990379333496094
vn 0.89777946472167969 -0.076133750379085541 -0.43381533026695251
vn 0.89777946472167969 -0.076133750379085541 -0.43381533026695251
vn 0.89777946472167969 -0.076133750379085541 -0.43381533026695251
vn 0.89777946472167969 -0.076133750379085541 -0.43381533026695251
vn 0.89777946472167969 -0.076133750379085541 -0.43381533026695251
vn 0.89777946472167969 -0.076133750379085541 -0.43381533026695251
vn 0.89777946472167969 -0.076133750379085541 -0.43381533026695251
vn 0.89777946472167969 -0.076133750379085541 -0.43381533026695251
vn 0.89777946472167969 -0.076133750379085541 -0.43381533026695251
vn 0.89777946472167969 -0.076133750379085541 -0.43381533026695251
vn 0.89777946472167969 -0.076133750379085541 -0.43381533026695251
vn 0.89777946472167969 -0.076133750379085541 -0.43381533026695251
vn 0.89777946472167969 -0.076133750379085541 -0.43381533026695251
vn 0.89777946472167969 -0.076133750379085541 -0.43381533026695251
vn 0.89777946472167969 -0.076133750379085541 -0.43381533026695251
vn 0.89777946472167969 -0.076133750379085541 -0.43381533026695251
vn 0.89777946472167969 -0.076133750379085541 -0.43381533026695251
vn 0.89777946472167969 -0.076133750379085541 -0.43381533026695251
vn 0.89777946472167969 -0.076133750379085541 -0.43381533026695251
vn -0.89777946472167969 0.076133750379085541 0.43381533026695251
vn -0.89777946472167969 0.076133750379085541 0.43381533026695251
vn -0.89777946472167969 0.076133750379085541 0.43381533026695251
vn -0.89777946472167969 0.076133750379085541 0.43381533026695251
vn -0.89777946472167969 0.076133750379085541 0.43381533026695251
vn -0.89777946472167969 0.076133750379085541 0.43381533026695251
vn -0.89777946472167969 0.076133750379085541 0.43381533026695251
vn -0.89777946472167969 0.076133750379085541 0.43381533026695251
vn -0.89777946472167969 0.076133750379085541 0.43381533026695251
vn -0.89777946472167969 0.076133750379085541 0.43381533026695251
vn -0.89777946472167969 0.076133750379085541 0.43381533026695251
vn -0.89777946472167969 0.076133750379085541 0.43381533026695251
vn -0.89777946472167969 0.076133750379085541 0.43381533026695251
vn -0.89777946472167969 0.076133750379085541 0.43381533026695251
vn -0.89777946472167969 0.076133750379085541 0.43381533026695251
vn -0.89777946472167969 0.076133750379085541 0.43381533026695251
vn -0.89777946472167969 0.076133750379085541 0.43381533026695251
vn -0.89777946472167969 0.076133750379085541 0.43381533026695251
vn -0.89777946472167969 0.076133750379085541 0.43381533026695251
f 235/235/235 237/237/237 238/238/238 236/236/236
f 237/237/237 239/239/239 240/240/240 238/238/238
f 239/239/239 241/241/241 242/242/242 240/240/240
f 241/241/241 243/243/243 244/244/244 242/242/242
f 243/243/243 245/245/245 246/246/246 244/244/244
f 245/245/245 247/247/247 248/248/248 246/246/246
f 247/247/247 249/249/249 250/250/250 248/248/248
f 249/249/249 251/251/251 252/252/252 250/250/250
f 251/251/251 253/253/253 254/254/254 252/252/252
f 253/253/253 255/255/255 256/256/256 254/254/254
f 255/255/255 257/257/257 258/258/258 256/256/256
f 257/257/257 259/259/259 260/260/260 258/258/258
f 259/259/259 261/261/261 262/262/262 260/260/260
f 261/261/261 263/263/263 264/264/264 262/262/262
f 263/263/263 265/265/265 266/266/266 264/264/264
f 265/265/265 267/267/267 268/268/268 266/266/266
f 267/267/267 269/269/269 270/270/270 268/268/268
f 269/269/269 271/271/271 272/272/272 270/270/270
f 271/271/271 273/273/273 274/274/274 272/272/272
f 287/287/287 286/286/286 284/284/284
f 287/287/287 289/289/289 288/288/288
f 284/284/284 292/292/292 287/287/287
f 284/284/284 286/286/286 285/285/285
f 283/283/283 282/282/282 284/284/284
f 280/280/280 282/282/282 281/281/281
f 280/280/280 284/284/284 282/282/282
f 290/290/290 289/289/289 287/287/287
f 292/292/292 291/291/291 290/290/290
f 275/275/275 293/293/293 292/292/292
f 292/292/292 284/284/284 278/278/278
f 275/275/275 292/292/292 276/276/276
f 278/278/278 280/280/280 279/279/279
f 277/277/277 276/276/276 278/278/278
f 278/278/278 284/284/284 280/280/280
f 278/278/278 276/276/276 292/292/292
f 290/290/290 287/287/287 292/292/292
f 306/306/306 303/303/303 305/305/305
f 306/306/306 307/307/307 308/308/308
f 303/303/303 306/306/306 311/311/311
f 303/303/303 304/304/304 305/305/305
f 302/302/302 303/303/303 301/301/301
f 299/299/299 300/300/300 301/301/301
f 299/299/299 301/301/301 303/303/303
f 309/309/309 306/306/306 308/308/308
f 311/311/311 309/309/309 310/310/310
f 294/294/294 311/311/311 312/312/312
f 311/311/311 297/297/297 303/303/303
f 294/294/294 295/295/295 311/311/311
f 297/297/297 298/298/298 299/299/299
f 296/296/296 297/297/297 295/295/295
f 297/297/297 299/299/299 303/303/303
f 297/297/297 311/311/311 295/295/295
f 309/309/309 311/311/311 306/306/306
usemtl diffuse_ControlText
v 27.533348083496094 153.51791381835938 -78.019561767578125
v -73.91510009765625 141.94129943847656 -42.710552215576172
v 27.508749008178711 153.85317993164062 -77.980316162109375
v -73.939697265625 142.27656555175781 -42.671310424804688
v 27.448541641235352 154.17962646484375 -78.046272277832031
v -73.999900817871094 142.60301208496094 -42.737266540527344
v 27.359249114990234 154.46188354492188 -78.210281372070312
v -74.089195251464844 142.88526916503906 -42.901271820068359
v 27.250547409057617 154.66937255859375 -78.454566955566406
v -74.197898864746094 143.09275817871094 -43.145561218261719
v 27.13421630859375 154.77960205078125 -78.752662658691406
v -74.314224243164062 143.20298767089844 -43.443653106689453
v 27.022863388061523 154.78062438964844 -79.072257995605469
v -74.425582885742188 143.20402526855469 -43.763252258300781
v 26.928554534912109 154.67234802246094 -79.37872314453125
v -74.519889831542969 143.09573364257812 -44.069721221923828
v 26.861509323120117 154.46647644042969 -79.63885498046875
v -74.586936950683594 142.88986206054688 -44.329849243164062
v 26.828994750976562 154.18533325195312 -79.824455261230469
v -74.619453430175781 142.60871887207031 -44.515449523925781
v 26.834529876708984 153.85939025878906 -79.915412902832031
v -74.613914489746094 142.28277587890625 -44.606407165527344
v 26.877519607543945 153.52397155761719 -79.901870727539062
v -74.5709228515625 141.94735717773438 -44.592868804931641
v 26.953304290771484 153.21540832519531 -79.785301208496094
v -74.495140075683594 141.6387939453125 -44.476295471191406
v 27.053668975830078 152.96713256835938 -79.578330993652344
v -74.394775390625 141.39053344726562 -44.269325256347656
v 27.167741775512695 152.80609130859375 -79.303390502929688
v -74.28070068359375 141.22947692871094 -43.994384765625
v 27.283157348632812 152.74967956542969 -78.990272521972656
v -74.165290832519531 141.17306518554688 -43.681266784667969
v 27.387409210205078 152.80406188964844 -78.67291259765625
v -74.06103515625 141.22744750976562 -43.363906860351562
v 27.469202041625977 152.96330261230469 -78.385696411132812
v -73.979240417480469 141.38668823242188 -43.076690673828125
v 27.519670486450195 153.21017456054688 -78.159751892089844
v -73.92877197265625 141.63356018066406 -42.850746154785156
v 27.533348083496094 153.51791381835938 -78.019561767578125
v -73.91510009765625 141.94129943847656 -42.710552215576172
v 27.533348083496094 153.51791381835938 -78.019561767578125
v 27.508749008178711 153.85317993164062 -77.980316162109375
v 27.448541641235352 154.17962646484375 -78.046272277832031
v 27.359249114990234 154.46188354492188 -78.210281372070312
v 27.250547409057617 154.66937255859375 -78.454566955566406
v 27.13421630859375 154.77960205078125 -78.752662658691406
v 27.022863388061523 154.78062438964844 -79.072257995605469
v 26.928554534912109 154.67234802246094 -79.37872314453125
v 26.861509323120117 154.46647644042969 -79.63885498046875
v 26.828994750976562 154.18533325195312 -79.824455261230469
v 26.834529876708984 153.85939025878906 -79.915412902832031
v 26.877519607543945 153.52397155761719 -79.901870727539062
v 26.953304290771484 153.21540832519531 -79.785301208496094
v 27.053668975830078 152.96713256835938 -79.578330993652344
v 27.167741775512695 152.80609130859375 -79.303390502929688
v 27.283157348632812 152.74967956542969 -78.990272521972656
v 27.387409210205078 152.80406188964844 -78.67291259765625
v 27.469202041625977 152.96330261230469 -78.385696411132812
v 27.519670486450195 153.21017456054688 -78.159751892089844
v -73.91510009765625 141.94129943847656 -42.710552215576172
v -73.939697265625 142.27656555175781 -42.671310424804688
v -73.999900817871094 142.60301208496094 -42.737266540527344
v -74.089195251464844 142.88526916503906 -42.901271820068359
v -74.197898864746094 143.09275817871094 -43.145561218261719
v -74.314224243164062 143.20298767089844 -43.443653106689453
v -74.425582885742188 143.20402526855469 -43.763252258300781
v -74.519889831542969 143.09573364257812 -44.069721221923828
v -74.586936950683594 142.88986206054688 -44.329849243164062
v -74.619453430175781 142.60871887207031 -44.515449523925781
v -74.613914489746094 142.28277587890625 -44.606407165527344
v -74.5709228515625 141.94735717773438 -44.592868804931641
v -74.495140075683594 141.6387939453125 -44.476295471191406
v -74.394775390625 141.39053344726562 -44.269325256347656
v -74.28070068359375 141.22947692871094 -43.994384765625
v -74.165290832519531 141.17306518554688 -43.681266784667969
v -74.06103515625 141.22744750976562 -43.363906860351562
v -73.979240417480469 141.38668823242188 -43.076690673828125
v -73.92877197265625 141.63356018066406 -42.850746154785156
vt 0 0
vt 0 1
vt 0.042409379035234451 0
vt 0.042409379035234451 1
vt 0.084818758070468903 0
vt 0.084818758070468903 1
vt 0.12722814083099365 0
vt 0.12722814083099365 1
vt 0.16963751614093781 0
vt 0.16963751614093781 1
vt 0.21204689145088196 0
vt 0.21204689145088196 1
vt 0.2544562816619873 0
vt 0.2544562816619873 1
vt 0.29686564207077026 0
vt 0.29686564207077026 1
vt 0.33927503228187561 0
vt 0.33927503228187561 1
vt 0.38168442249298096 0
vt 0.38168442249298096 1
vt 0.42409378290176392 0
vt 0.42409378290176392 1
vt 0.46650317311286926 0
vt 0.46650317311286926 1
vt 0.50891256332397461 0
vt 0.50891256332397461 1
vt 0.55132192373275757 0
vt 0.55132192373275757 1
vt 0.59373128414154053 0
vt 0.59373128414154053 1
vt 0.63614070415496826 0
vt 0.63614070415496826 1
vt 0.67855006456375122 0
vt 0.67855006456375122 1
vt 0.72095942497253418 0
vt 0.72095942497253418 1
vt 0.76336884498596191 0
vt 0.76336884498596191 1
vt 0.80577820539474487 0
vt 0.80577820539474487 1
vt 1 0.0094835637137293816
vt 0.99470216035842896 0.0063937022350728512
vt 0.97938275337219238 0.003638674970716238
vt 0.95570182800292969 0.0015170322731137276
vt 0.92622560262680054 0.00025868689408525825
vt 0.89414834976196289 0
vt 0.8629460334777832 0.00076900434214621782
vt 0.83599996566772461 0.0024823665153235197
vt 0.8162301778793335 0.0049544167704880238
vt 0.80577898025512695 0.0079172709956765175
vt 0.80577898025512695 0.011049856431782246
vt 0.8162301778793335 0.014012710191309452
vt 0.83599996566772461 0.016484759747982025
vt 0.8629460334777832 0.018198123201727867
vt 0.89414834976196289 0.018967127427458763
vt 0.92622560262680054 0.018708439543843269
vt 0.95570182800292969 0.017450094223022461
vt 0.97938275337219238 0.015328451991081238
vt 0.99470216035842896 0.012573424726724625
vt 1 0.0094835637137293816
vt 0.99470216035842896 0.012573424726724625
vt 0.97938275337219238 0.015328451991081238
vt 0.95570182800292969 0.017450094223022461
vt 0.92622560262680054 0.018708439543843269
vt 0.89414834976196289 0.018967127427458763
vt 0.8629460334777832 0.018198123201727867
vt 0.83599996566772461 0.016484759747982025
vt 0.8162301778793335 0.014012710191309452
vt 0.80577898025512695 0.011049856431782246
vt 0.80577898025512695 0.0079172709956765175
vt 0.8162301778793335 0.0049544167704880238
vt 0.83599996566772461 0.0024823665153235197
vt 0.8629460334777832 0.00076900434214621782
vt 0.89414834976196289 0
vt 0.92622560262680054 0.00025868689408525825
vt 0.95570182800292969 0.0015170322731137276
vt 0.97938275337219238 0.003638674970716238
vt 0.99470216035842896 0.0063937022350728512
vn 0.34354385733604431 -0.24701215326786041 0.90606987476348877
vn 0.34354385733604431 -0.24701215326786041 0.90606987476348877
vn 0.31961780786514282 0.079079911112785339 0.94424086809158325
vn 0.31961780786514282 0.079079911112785339 0.94424086809158325
vn 0.26105618476867676 0.39660245180130005 0.88008874654769897
vn 0.26105618476867676 0.39660245180130005 0.88008874654769897
vn 0.17420509457588196 0.6711469292640686 0.7205653190612793
vn 0.17420509457588196 0.6711469292640686 0.7205653190612793
vn 0.068476170301437378 0.87296223640441895 0.48295745253562927
vn 0.068476170301437378 0.87296223640441895 0.48295745253562927
vn -0.04467320442199707 0.9801785945892334 0.19301368296146393
vn -0.04467320442199707 0.9801785945892334 0.19301368296146393
vn -0.15298154950141907 0.98117733001708984 -0.11784613132476807
vn -0.15298154950141907 0.98117733001708984 -0.11784613132476807
vn -0.24471196532249451 0.87585026025772095 -0.41593548655509949
vn -0.24471196532249451 0.87585026025772095 -0.41593548655509949
vn -0.30992403626441956 0.67561125755310059 -0.66895174980163574
vn -0.30992403626441956 0.67561125755310059 -0.66895174980163574
vn -0.3415510356426239 0.40215930342674255 -0.84947675466537476
vn -0.3415510356426239 0.40215930342674255 -0.84947675466537476
vn -0.33616569638252258 0.085127145051956177 -0.93794775009155273
vn -0.33616569638252258 0.085127145051956177 -0.93794775009155273
vn -0.29435157775878906 -0.24112987518310547 -0.9247775673866272
vn -0.29435157775878906 -0.24112987518310547 -0.9247775673866272
vn -0.22063988447189331 -0.54125672578811646 -0.8113933801651001
vn -0.22063988447189331 -0.54125672578811646 -0.8113933801651001
vn -0.12301844358444214 -0.78273004293441772 -0.61008208990097046
vn -0.12301844358444214 -0.78273004293441772 -0.61008208990097046
vn -0.012066049501299858 -0.93938237428665161 -0.34265899658203125
vn -0.012066049501299858 -0.93938237428665161 -0.34265899658203125
vn 0.10019388794898987 -0.99423807859420776 -0.038103457540273666
vn 0.10019388794898987 -0.99423807859420776 -0.038103457540273666
vn 0.20159626007080078 -0.94135260581970215 0.27058118581771851
vn 0.20159626007080078 -0.94135260581970215 0.27058118581771851
vn 0.28115254640579224 -0.78645706176757812 0.54994416236877441
vn 0.28115254640579224 -0.78645706176757812 0.54994416236877441
vn 0.3302416205406189 -0.54633665084838867 0.76971215009689331
vn 0.3302416205406189 -0.54633665084838867 0.76971215009689331
vn 0.34354385733604431 -0.24701215326786041 0.90606987476348877
vn 0.34354385733604431 -0.24701215326786041 0.90606987476348877
vn 0.93899410963058472 0.10715168714523315 -0.32681575417518616
vn 0.93899410963058472 0.10715168714523315 -0.32681575417518616
vn 0.93899410963058472 0.10715168714523315 -0.32681575417518616
vn 0.93899410963058472 0.10715168714523315 -0.32681575417518616
vn 0.93899410963058472 0.10715168714523315 -0.32681575417518616
vn 0.93899410963058472 0.10715168714523315 -0.32681575417518616
vn 0.93899410963058472 0.10715168714523315 -0.32681575417518616
vn 0.93899410963058472 0.10715168714523315 -0.32681575417518616
vn 0.93899410963058472 0.10715168714523315 -0.32681575417518616
vn 0.93899410963058472 0.10715168714523315 -0.32681575417518616
vn 0.93899410963058472 0.10715168714523315 -0.32681575417518616
vn 0.93899410963058472 0.10715168714523315 -0.32681575417518616
vn 0.93899410963058472 0.10715168714523315 -0.32681575417518616
vn 0.93899410963058472 0.10715168714523315 -0.32681575417518616
vn 0.93899410963058472 0.10715168714523315 -0.32681575417518616
vn 0.93899410963058472 0.10715168714523315 -0.32681575417518616
vn 0.93899410963058472 0.10715168714523315 -0.32681575417518616
vn 0.93899410963058472 0.10715168714523315 -0.32681575417518616
vn 0.93899410963058472 0.10715168714523315 -0.32681575417518616
vn -0.93899410963058472 -0.10715168714523315 0.32681575417518616
vn -0.93899410963058472 -0.10715168714523315 0.32681575417518616
vn -0.93899410963058472 -0.10715168714523315 0.32681575417518616
vn -0.93899410963058472 -0.10715168714523315 0.32681575417518616
vn -0.93899410963058472 -0.10715168714523315 0.32681575417518616
vn -0.93899410963058472 -0.10715168714523315 0.32681575417518616
vn -0.93899410963058472 -0.10715168714523315 0.32681575417518616
vn -0.93899410963058472 -0.10715168714523315 0.32681575417518616
vn -0.93899410963058472 -0.10715168714523315 0.32681575417518616
vn -0.93899410963058472 -0.10715168714523315 0.32681575417518616
vn -0.93899410963058472 -0.10715168714523315 0.32681575417518616
vn -0.93899410963058472 -0.10715168714523315 0.32681575417518616
vn -0.93899410963058472 -0.10715168714523315 0.32681575417518616
vn -0.93899410963058472 -0.10715168714523315 0.32681575417518616
vn -0.93899410963058472 -0.10715168714523315 0.32681575417518616
vn -0.93899410963058472 -0.10715168714523315 0.32681575417518616
vn -0.93899410963058472 -0.10715168714523315 0.32681575417518616
vn -0.93899410963058472 -0.10715168714523315 0.32681575417518616
vn -0.93899410963058472 -0.10715168714523315 0.32681575417518616
f 313/313/313 315/315/315 316/316/316 314/314/314
f 315/315/315 317/317/317 318/318/318 316/316/316
f 317/317/317 319/319/319 320/320/320 318/318/318
f 319/319/319 321/321/321 322/322/322 320/320/320
f 321/321/321 323/323/323 324/324/324 322/322/322
f 323/323/323 325/325/325 326/326/326 324/324/324
f 325/325/325 327/327/327 328/328/328 326/326/326
f 327/327/327 329/329/329 330/330/330 328/328/328
f 329/329/329 331/331/331 332/332/332 330/330/330
f 331/331/331 333/333/333 334/334/334 332/332/332
f 333/333/333 335/335/335 336/336/336 334/334/334
f 335/335/335 337/337/337 338/338/338 336/336/336
f 337/337/337 339/339/339 340/340/340 338/338/338
f 339/339/339 341/341/341 342/342/342 340/340/340
f 341/341/341 343/343/343 344/344/344 342/342/342
f 343/343/343 345/345/345 346/346/346 344/344/344
f 345/345/345 347/347/347 348/348/348 346/346/346
f 347/347/347 349/349/349 350/350/350 348/348/348
f 349/349/349 351/351/351 352/352/352 350/350/350
f 365/365/365 364/364/364 362/362/362
f 365/365/365 367/367/367 366/366/366
f 362/362/362 370/370/370 365/365/365
f 362/362/362 364/364/364 363/363/363
f 361/361/361 360/360/360 362/362/362
f 358/358/358 360/360/360 359/359/359
f 358/358/358 362/362/362 360/360/360
f 368/368/368 367/367/367 365/365/365
f 370/370/370 369/369/369 368/368/368
f 353/353/353 371/371/371 370/370/370
f 370/370/370 362/362/362 356/356/356
f 353/353/353 370/370/370 354/354/354
f 356/356/356 358/358/358 357/357/357
f 355/355/355 354/354/354 356/356/356
f 356/356/356 362/362/362 358/358/358
f 356/356/356 354/354/354 370/370/370
f 368/368/368 365/365/365 370/370/370
f 384/384/384 381/381/381 383/383/383
f 384/384/384 385/385/385 386/386/386
f 381/381/381 384/384/384 389/389/389
f 381/381/381 382/382/382 383/383/383
f 380/380/380 381/381/381 379/379/379
f 377/377/377 378/378/378 379/379/379
f 377/377/377 379/379/379 381/381/381
f 387/387/387 384/384/384 386/386/386
f 389/389/389 387/387/387 388/388/388
f 372/372/372 389/389/389 390/390/390
f 389/389/389 375/375/375 381/381/381
f 372/372/372 373/373/373 389/389/389
f 375/375/375 376/376/376 377/377/377
f 374/374/374 375/375/375 373/373/373
f 375/375/375 377/377/377 381/381/381
f 375/375/375 389/389/389 373/373/373
f 387/387/387 389/389/389 384/384/384
usemtl diffuse_ControlText
v 25.67963981628418 268.16470336914062 -83.544151306152344
v -71.600212097167969 268.16470336914062 -36.542430877685547
v 25.692464828491211 268.50186157226562 -83.517608642578125
v -71.587387084960938 268.50186157226562 -36.515888214111328
v 25.656967163085938 268.830322265625 -83.591072082519531
v -71.622879028320312 268.830322265625 -36.58935546875
v 25.576995849609375 269.11447143554688 -83.756591796875
v -71.702850341796875 269.11447143554688 -36.754875183105469
v 25.461215972900391 269.32357788085938 -83.996223449707031
v -71.818634033203125 269.32357788085938 -36.994503021240234
v 25.322175979614258 269.43490600585938 -84.28399658203125
v -71.957672119140625 269.43490600585938 -37.282276153564453
v 25.17494010925293 269.43643188476562 -84.588729858398438
v -72.104911804199219 269.43643188476562 -37.587013244628906
v 25.035465240478516 269.3280029296875 -84.877403259277344
v -72.244384765625 269.3280029296875 -37.875682830810547
v 24.918867111206055 269.121337890625 -85.118728637695312
v -72.360984802246094 269.121337890625 -38.117012023925781
v 24.837778091430664 268.8388671875 -85.28656005859375
v -72.442070007324219 268.8388671875 -38.284839630126953
v 24.800985336303711 268.51113891601562 -85.362709045410156
v -72.478866577148438 268.51113891601562 -38.360988616943359
v 24.812479019165039 268.17373657226562 -85.338920593261719
v -72.467369079589844 268.17373657226562 -38.337200164794922
v 24.871011734008789 267.86318969726562 -85.2177734375
v -72.408836364746094 267.86318969726562 -38.216056823730469
v 24.970241546630859 267.6131591796875 -85.012397766113281
v -72.309608459472656 267.6131591796875 -38.01068115234375
v 25.09941291809082 267.45071411132812 -84.745048522949219
v -72.180435180664062 267.45071411132812 -37.743331909179688
v 25.244529724121094 267.39349365234375 -84.4447021484375
v -72.035316467285156 267.39349365234375 -37.442981719970703
v 25.389867782592773 267.44769287109375 -84.143898010253906
v -71.889984130859375 267.44769287109375 -37.142177581787109
v 25.519674301147461 267.607421875 -83.875228881835938
v -71.760177612304688 267.607421875 -36.873512268066406
v 25.61988639831543 267.85537719726562 -83.667823791503906
v -71.659965515136719 267.85537719726562 -36.666103363037109
v 25.67963981628418 268.16470336914062 -83.544151306152344
v -71.600212097167969 268.16470336914062 -36.542430877685547
v 25.67963981628418 268.16470336914062 -83.544151306152344
v 25.692464828491211 268.50186157226562 -83.517608642578125
v 25.656967163085938 268.830322265625 -83.591072082519531
v 25.576995849609375 269.11447143554688 -83.756591796875
v 25.461215972900391 269.32357788085938 -83.996223449707031
v 25.322175979614258 269.43490600585938 -84.28399658203125
v 25.17494010925293 269.43643188476562 -84.588729858398438
v 25.035465240478516 269.3280029296875 -84.877403259277344
v 24.918867111206055 269.121337890625 -85.118728637695312
v 24.837778091430664 268.8388671875 -85.28656005859375
v 24.800985336303711 268.51113891601562 -85.362709045410156
v 24.812479019165039 268.17373657226562 -85.338920593261719
v 24.871011734008789 267.86318969726562 -85.2177734375
v 24.970241546630859 267.6131591796875 -85.012397766113281
v 25.09941291809082 267.45071411132812 -84.745048522949219
v 25.244529724121094 267.39349365234375 -84.4447021484375
v 25.389867782592773 267.44769287109375 -84.143898010253906
v 25.519674301147461 267.607421875 -83.875228881835938
v 25.61988639831543 267.85537719726562 -83.667823791503906
v -71.600212097167969 268.16470336914062 -36.542430877685547
v -71.587387084960938 268.50186157226562 -36.515888214111328
v -71.622879028320312 268.830322265625 -36.58935546875
v -71.702850341796875 269.11447143554688 -36.754875183105469
v -71.818634033203125 269.32357788085938 -36.994503021240234
v -71.957672119140625 269.43490600585938 -37.282276153564453
v -72.104911804199219 269.43643188476562 -37.587013244628906
v -72.244384765625 269.3280029296875 -37.875682830810547
v -72.360984802246094 269.121337890625 -38.117012023925781
v -72.442070007324219 268.8388671875 -38.284839630126953
v -72.478866577148438 268.51113891601562 -38.360988616943359
v -72.467369079589844 268.17373657226562 -38.337200164794922
v -72.408836364746094 267.86318969726562 -38.216056823730469
v -72.309608459472656 267.6131591796875 -38.01068115234375
v -72.180435180664062 267.45071411132812 -37.743331909179688
v -72.035316467285156 267.39349365234375 -37.442981719970703
v -71.889984130859375 267.44769287109375 -37.142177581787109
v -71.760177612304688 267.607421875 -36.873512268066406
v -71.659965515136719 267.85537719726562 -36.666103363037109
vt 0 0
vt 0 1
vt 0.042409379035234451 0
vt 0.042409379035234451 1
vt 0.084818758070468903 0
vt 0.084818758070468903 1
vt 0.12722814083099365 0
vt 0.12722814083099365 1
vt 0.16963751614093781 0
vt 0.16963751614093781 1
vt 0.21204689145088196 0
vt 0.21204689145088196 1
vt 0.2544562816619873 0
vt 0.2544562816619873 1
vt 0.29686564207077026 0
vt 0.29686564207077026 1
vt 0.33927503228187561 0
vt 0.33927503228187561 1
vt 0.38168442249298096 0
vt 0.38168442249298096 1
vt 0.42409378290176392 0
vt 0.42409378290176392 1
vt 0.46650317311286926 0
vt 0.46650317311286926 1
vt 0.50891256332397461 0
vt 0.50891256332397461 1
vt 0.55132192373275757 0
vt 0.55132192373275757 1
vt 0.59373128414154053 0
vt 0.59373128414154053 1
vt 0.63614070415496826 0
vt 0.63614070415496826 1
vt 0.67855006456375122 0
vt 0.67855006456375122 1
vt 0.72095942497253418 0
vt 0.72095942497253418 1
vt 0.76336884498596191 0
vt 0.76336884498596191 1
vt 0.80577820539474487 0
vt 0.80577820539474487 1
vt 1 0.0094835637137293816
vt 0.99470216035842896 0.0063937022350728512
vt 0.97938275337219238 0.003638674970716238
vt 0.95570182800292969 0.0015170322731137276
vt 0.92622560262680054 0.00025868689408525825
vt 0.89414834976196289 0
vt 0.8629460334777832 0.00076900434214621782
vt 0.83599996566772461 0.0024823665153235197
vt 0.8162301778793335 0.0049544167704880238
vt 0.80577898025512695 0.0079172709956765175
vt 0.80577898025512695 0.011049856431782246
vt 0.8162301778793335 0.014012710191309452
vt 0.83599996566772461 0.016484759747982025
vt 0.8629460334777832 0.018198123201727867
vt 0.89414834976196289 0.018967127427458763
vt 0.92622560262680054 0.018708439543843269
vt 0.95570182800292969 0.017450094223022461
vt 0.97938275337219238 0.015328451991081238
vt 0.99470216035842896 0.012573424726724625
vt 1 0.0094835637137293816
vt 0.99470216035842896 0.012573424726724625
vt 0.97938275337219238 0.015328451991081238
vt 0.95570182800292969 0.017450094223022461
vt 0.92622560262680054 0.018708439543843269
vt 0.89414834976196289 0.018967127427458763
vt 0.8629460334777832 0.018198123201727867
vt 0.83599996566772461 0.016484759747982025
vt 0.8162301778793335 0.014012710191309452
vt 0.80577898025512695 0.011049856431782246
vt 0.80577898025512695 0.0079172709956765175
vt 0.8162301778793335 0.0049544167704880238
vt 0.83599996566772461 0.0024823665153235197
vt 0.8629460334777832 0.00076900434214621782
vt 0.89414834976196289 0
vt 0.92622560262680054 0.00025868689408525825
vt 0.95570182800292969 0.0015170322731137276
vt 0.97938275337219238 0.003638674970716238
vt 0.99470216035842896 0.0063937022350728512
vn 0.42124134302139282 -0.24987801909446716 0.87184673547744751
vn 0.42124134302139282 -0.24987801909446716 0.87184673547744751
vn 0.43371456861495972 0.078060194849967957 0.8976626992225647
vn 0.43371456861495972 0.078060194849967957 0.8976626992225647
vn 0.39918810129165649 0.39753937721252441 0.82620292901992798
vn 0.39918810129165649 0.39753937721252441 0.82620292901992798
vn 0.32140341401100159 0.67393898963928223 0.66521131992340088
vn 0.32140341401100159 0.67393898963928223 0.66521131992340088
vn 0.20878966152667999 0.87730687856674194 0.43213370442390442
vn 0.20878966152667999 0.87730687856674194 0.43213370442390442
vn 0.073550321161746979 0.98560494184494019 0.15222769975662231
vn 0.073550321161746979 0.98560494184494019 0.15222769975662231
vn -0.069659344851970673 0.98709738254547119 -0.14417451620101929
vn -0.069659344851970673 0.98709738254547119 -0.14417451620101929
vn -0.2053203284740448 0.8816225528717041 -0.42495319247245789
vn -0.2053203284740448 0.8816225528717041 -0.42495319247245789
vn -0.31873169541358948 0.68061023950576782 -0.65968161821365356
vn -0.31873169541358948 0.68061023950576782 -0.65968161821365356
vn -0.39760351181030273 0.40584322810173035 -0.82292330265045166
vn -0.39760351181030273 0.40584322810173035 -0.82292330265045166
vn -0.43338882923126221 0.087096795439720154 -0.89698845148086548
vn -0.43338882923126221 0.087096795439720154 -0.89698845148086548
vn -0.42220973968505859 -0.24108791351318359 -0.87385100126266479
vn -0.42220973968505859 -0.24108791351318359 -0.87385100126266479
vn -0.36527767777442932 -0.54314702749252319 -0.75601822137832642
vn -0.36527767777442932 -0.54314702749252319 -0.75601822137832642
vn -0.26876211166381836 -0.78634768724441528 -0.5562591552734375
vn -0.26876211166381836 -0.78634768724441528 -0.5562591552734375
vn -0.14312198758125305 -0.94433540105819702 -0.29622077941894531
vn -0.14312198758125305 -0.94433540105819702 -0.29622077941894531
vn -0.0019723882433027029 -0.99998974800109863 -0.0040822681039571762
vn -0.0019723882433027029 -0.99998974800109863 -0.0040822681039571762
vn 0.13939094543457031 -0.94727963209152222 0.28849861025810242
vn 0.13939094543457031 -0.94727963209152222 0.28849861025810242
vn 0.26564911007881165 -0.79191708564758301 0.54981619119644165
vn 0.26564911007881165 -0.79191708564758301 0.54981619119644165
vn 0.36312007904052734 -0.55073809623718262 0.75155264139175415
vn 0.36312007904052734 -0.55073809623718262 0.75155264139175415
vn 0.42124134302139282 -0.24987801909446716 0.87184673547744751
vn 0.42124134302139282 -0.24987801909446716 0.87184673547744751
vn 0.90041011571884155 0 -0.43504205346107483
vn 0.90041011571884155 0 -0.43504205346107483
vn 0.90041011571884155 0 -0.43504205346107483
vn 0.90041011571884155 0 -0.43504205346107483
vn 0.90041011571884155 0 -0.43504205346107483
vn 0.90041011571884155 0 -0.43504205346107483
vn 0.90041011571884155 0 -0.43504205346107483
vn 0.90041011571884155 0 -0.43504205346107483
vn 0.90041011571884155 0 -0.43504205346107483
vn 0.90041011571884155 0 -0.43504205346107483
vn 0.90041011571884155 0 -0.43504205346107483
vn 0.90041011571884155 0 -0.43504205346107483
vn 0.90041011571884155 0 -0.43504205346107483
vn 0.90041011571884155 0 -0.43504205346107483
vn 0.90041011571884155 0 -0.43504205346107483
vn 0.90041011571884155 0 -0.43504205346107483
vn 0.90041011571884155 0 -0.43504205346107483
vn 0.90041011571884155 0 -0.43504205346107483
vn 0.90041011571884155 0 -0.43504205346107483
vn -0.90041011571884155 0 0.43504205346107483
vn -0.90041011571884155 0 0.43504205346107483
vn -0.90041011571884155 0 0.43504205346107483
vn -0.90041011571884155 0 0.43504205346107483
vn -0.90041011571884155 0 0.43504205346107483
vn -0.90041011571884155 0 0.43504205346107483
vn -0.90041011571884155 0 0.43504205346107483
vn -0.90041011571884155 0 0.43504205346107483
vn -0.90041011571884155 0 0.43504205346107483
vn -0.90041011571884155 0 0.43504205346107483
vn -0.90041011571884155 0 0.43504205346107483
vn -0.90041011571884155 0 0.43504205346107483
vn -0.90041011571884155 0 0.43504205346107483
vn -0.90041011571884155 0 0.43504205346107483
vn -0.90041011571884155 0 0.43504205346107483
vn -0.90041011571884155 0 0.43504205346107483
vn -0.90041011571884155 0 0.43504205346107483
vn -0.90041011571884155 0 0.43504205346107483
vn -0.90041011571884155 0 0.43504205346107483
f 391/391/391 393/393/393 394/394/394 392/392/392
f 393/393/393 395/395/395 396/396/396 394/394/394
f 395/395/395 397/397/397 398/398/398 396/396/396
f 397/397/397 399/399/399 400/400/400 398/398/398
f 399/399/399 401/401/401 402/402/402 400/400/400
f 401/401/401 403/403/403 404/404/404 402/402/402
f 403/403/403 405/405/405 406/406/406 404/404/404
f 405/405/405 407/407/407 408/408/408 406/406/406
f 407/407/407 409/409/409 410/410/410 408/408/408
f 409/409/409 411/411/411 412/412/412 410/410/410
f 411/411/411 413/413/413 414/414/414 412/412/412
f 413/413/413 415/415/415 416/416/416 414/414/414
f 415/415/415 417/417/417 418/418/418 416/416/416
f 417/417/417 419/419/419 420/420/420 418/418/418
f 419/419/419 421/421/421 422/422/422 420/420/420
f 421/421/421 423/423/423 424/424/424 422/422/422
f 423/423/423 425/425/425 426/426/426 424/424/424
f 425/425/425 427/427/427 428/428/428 426/426/426
f 427/427/427 429/429/429 430/430/430 428/428/428
f 443/443/443 442/442/442 440/440/440
f 443/443/443 445/445/445 444/444/444
f 440/440/440 448/448/448 443/443/443
f 440/440/440 442/442/442 441/441/441
f 439/439/439 438/438/438 440/440/440
f 436/436/436 438/438/438 437/437/437
f 436/436/436 440/440/440 438/438/438
f 446/446/446 445/445/445 443/443/443
f 448/448/448 447/447/447 446/446/446
f 431/431/431 449/449/449 448/448/448
f 448/448/448 440/440/440 434/434/434
f 431/431/431 448/448/448 432/432/432
f 434/434/434 436/436/436 435/435/435
f 433/433/433 432/432/432 434/434/434
f 434/434/434 440/440/440 436/436/436
f 434/434/434 432/432/432 448/448/448
f 446/446/446 443/443/443 448/448/448
f 462/462/462 459/459/459 461/461/461
f 462/462/462 463/463/463 464/464/464
f 459/459/459 462/462/462 467/467/467
f 459/459/459 460/460/460 461/461/461
f 458/458/458 459/459/459 457/457/457
f 455/455/455 456/456/456 457/457/457
f 455/455/455 457/457/457 459/459/459
f 465/465/465 462/462/462 464/464/464
f 467/467/467 465/465/465 466/466/466
f 450/450/450 467/467/467 468/468/468
f 467/467/467 453/453/453 459/459/459
f 450/450/450 451/451/451 467/467/467
f 453/453/453 454/454/454 455/455/455
f 452/452/452 453/453/453 451/451/451
f 453/453/453 455/455/455 459/459/459
f 453/453/453 467/467/467 451/451/451
f 465/465/465 467/467/467 462/462/462
usemtl diffuse_ControlText
v -24.249143600463867 127.50390625 -41.319721221923828
v 18.350528717041016 127.50390625 -118.58823394775391
v -24.637578964233398 127.28684997558594 -41.533870697021484
v 17.962095260620117 127.28684997558594 -118.80239105224609
v -25.066686630249023 127.22557067871094 -41.77044677734375
v 17.532987594604492 127.22557067871094 -119.03896331787109
v -25.489967346191406 127.32672119140625 -42.003810882568359
v 17.109706878662109 127.32672119140625 -119.27232360839844
v -25.861551284790039 127.57933807373047 -42.208671569824219
v 16.738122940063477 127.57933807373047 -119.47718811035156
v -26.141172409057617 127.95603179931641 -42.362831115722656
v 16.458501815795898 127.95603179931641 -119.63134765625
v -26.298528671264648 128.41600036621094 -42.4495849609375
v 16.301145553588867 128.41600036621094 -119.71810150146484
v -26.316568374633789 128.90939331054688 -42.45953369140625
v 16.283105850219727 128.90939331054688 -119.72805023193359
v -26.193336486816406 129.38273620605469 -42.391593933105469
v 16.406335830688477 129.38273620605469 -119.66011047363281
v -25.942188262939453 129.78474426269531 -42.253128051757812
v 16.657485961914062 129.78474426269531 -119.52164459228516
v -25.590337753295898 130.07183837890625 -42.059146881103516
v 17.009336471557617 130.07183837890625 -119.32766723632812
v -25.175914764404297 130.21293640136719 -41.830665588378906
v 17.423759460449219 130.21293640136719 -119.09918212890625
v -24.743827819824219 130.19271850585938 -41.592449188232422
v 17.855846405029297 130.19271850585938 -118.8609619140625
v -24.340900421142578 130.01338195800781 -41.370307922363281
v 18.258773803710938 130.01338195800781 -118.63882446289062
v -24.010795593261719 129.69438171386719 -41.188312530517578
v 18.588878631591797 129.69438171386719 -118.45683288574219
v -23.789285659790039 129.270263671875 -41.066188812255859
v 18.810388565063477 129.270263671875 -118.33470916748047
v -23.700374603271484 128.78700256347656 -41.017173767089844
v 18.899299621582031 128.78700256347656 -118.28569030761719
v -23.753696441650391 128.29695129394531 -41.04656982421875
v 18.845975875854492 128.29695129394531 -118.31508636474609
v -23.943475723266602 127.85321807861328 -41.151199340820312
v 18.656198501586914 127.85321807861328 -118.41971588134766
v -24.249143600463867 127.50390625 -41.319721221923828
v 18.350528717041016 127.50390625 -118.58823394775391
v -24.249143600463867 127.50390625 -41.319721221923828
v -24.637578964233398 127.28684997558594 -41.533870697021484
v -25.066686630249023 127.22557067871094 -41.77044677734375
v -25.489967346191406 127.32672119140625 -42.003810882568359
v -25.861551284790039 127.57933807373047 -42.208671569824219
v -26.141172409057617 127.95603179931641 -42.362831115722656
v -26.298528671264648 128.41600036621094 -42.4495849609375
v -26.316568374633789 128.90939331054688 -42.45953369140625
v -26.193336486816406 129.38273620605469 -42.391593933105469
v -25.942188262939453 129.78474426269531 -42.253128051757812
v -25.590337753295898 130.07183837890625 -42.059146881103516
v -25.175914764404297 130.21293640136719 -41.830665588378906
v -24.743827819824219 130.19271850585938 -41.592449188232422
v -24.340900421142578 130.01338195800781 -41.370307922363281
v -24.010795593261719 129.69438171386719 -41.188312530517578
v -23.789285659790039 129.270263671875 -41.066188812255859
v -23.700374603271484 128.78700256347656 -41.017173767089844
v -23.753696441650391 128.29695129394531 -41.04656982421875
v -23.943475723266602 127.85321807861328 -41.151199340820312
v 18.350528717041016 127.50390625 -118.58823394775391
v 17.962095260620117 127.28684997558594 -118.80239105224609
v 17.532987594604492 127.22557067871094 -119.03896331787109
v 17.109706878662109 127.32672119140625 -119.27232360839844
v 16.738122940063477 127.57933807373047 -119.47718811035156
v 16.458501815795898 127.95603179931641 -119.63134765625
v 16.301145553588867 128.41600036621094 -119.71810150146484
v 16.283105850219727 128.90939331054688 -119.72805023193359
v 16.406335830688477 129.38273620605469 -119.66011047363281
v 16.657485961914062 129.78474426269531 -119.52164459228516
v 17.009336471557617 130.07183837890625 -119.32766723632812
v 17.423759460449219 130.21293640136719 -119.09918212890625
v 17.855846405029297 130.19271850585938 -118.8609619140625
v 18.258773803710938 130.01338195800781 -118.63882446289062
v 18.588878631591797 129.69438171386719 -118.45683288574219
v 18.810388565063477 129.270263671875 -118.33470916748047
v 18.899299621582031 128.78700256347656 -118.28569030761719
v 18.845975875854492 128.29695129394531 -118.31508636474609
v 18.656198501586914 127.85321807861328 -118.41971588134766
vt 0 0
vt 0 1
vt 0.042409379035234451 0
vt 0.042409379035234451 1
vt 0.084818758070468903 0
vt 0.084818758070468903 1
vt 0.12722814083099365 0
vt 0.12722814083099365 1
vt 0.16963751614093781 0
vt 0.16963751614093781 1
vt 0.21204689145088196 0
vt 0.21204689145088196 1
vt 0.2544562816619873 0
vt 0.2544562816619873 1
vt 0.29686564207077026 0
vt 0.29686564207077026 1
vt 0.33927503228187561 0
vt 0.33927503228187561 1
vt 0.38168442249298096 0
vt 0.38168442249298096 1
vt 0.42409378290176392 0
vt 0.42409378290176392 1
vt 0.46650317311286926 0
vt 0.46650317311286926 1
vt 0.50891256332397461 0
vt 0.50891256332397461 1
vt 0.55132192373275757 0
vt 0.55132192373275757 1
vt 0.59373128414154053 0
vt 0.59373128414154053 1
vt 0.63614070415496826 0
vt 0.63614070415496826 1
vt 0.67855006456375122 0
vt 0.67855006456375122 1
vt 0.72095942497253418 0
vt 0.72095942497253418 1
vt 0.76336884498596191 0
vt 0.76336884498596191 1
vt 0.80577820539474487 0
vt 0.80577820539474487 1
vt 1 0.016943443566560745
vt 0.99470216035842896 0.011423060670495033
vt 0.97938275337219238 0.0065008983947336674
vt 0.95570182800292969 0.0027103472966700792
vt 0.92622560262680054 0.00046217296039685607
vt 0.89414834976196289 0
vt 0.8629460334777832 0.0013739119749516249
vt 0.83599996566772461 0.0044350242242217064
vt 0.8162301778793335 0.0088516175746917725
vt 0.80577898025512695 0.014145085588097572
vt 0.80577898025512695 0.019741799682378769
vt 0.8162301778793335 0.025035267695784569
vt 0.83599996566772461 0.029451861977577209
vt 0.8629460334777832 0.032512973994016647
vt 0.89414834976196289 0.03388688713312149
vt 0.92622560262680054 0.033424712717533112
vt 0.95570182800292969 0.03117653913795948
vt 0.97938275337219238 0.027385987341403961
vt 0.99470216035842896 0.022463824599981308
vt 1 0.016943443566560745
vt 0.99470216035842896 0.022463824599981308
vt 0.97938275337219238 0.027385987341403961
vt 0.95570182800292969 0.03117653913795948
vt 0.92622560262680054 0.033424712717533112
vt 0.89414834976196289 0.03388688713312149
vt 0.8629460334777832 0.032512973994016647
vt 0.83599996566772461 0.029451861977577209
vt 0.8162301778793335 0.025035267695784569
vt 0.80577898025512695 0.019741799682378769
vt 0.80577898025512695 0.014145085588097572
vt 0.8162301778793335 0.0088516175746917725
vt 0.83599996566772461 0.0044350242242217064
vt 0.8629460334777832 0.0013739119749516249
vt 0.89414834976196289 0
vt 0.92622560262680054 0.00046217296039685607
vt 0.95570182800292969 0.0027103472966700792
vt 0.97938275337219238 0.0065008983947336674
vt 0.99470216035842896 0.011423060670495033
vn 0.50914353132247925 -0.8136214017868042 0.28070098161697388
vn 0.50914353132247925 -0.8136214017868042 0.28070098161697388
vn 0.25020495057106018 -0.95831584930419922 0.13794296979904175
vn 0.25020495057106018 -0.95831584930419922 0.13794296979904175
vn -0.035847242921590805 -0.99916183948516846 -0.019763300195336342
vn -0.035847242921590805 -0.99916183948516846 -0.019763300195336342
vn -0.31801483035087585 -0.93173319101333618 -0.17532791197299957
vn -0.31801483035087585 -0.93173319101333618 -0.17532791197299957
vn -0.56572055816650391 -0.76333671808242798 -0.31189301609992981
vn -0.56572055816650391 -0.76333671808242798 -0.31189301609992981
vn -0.7521216869354248 -0.51222091913223267 -0.41465967893600464
vn -0.7521216869354248 -0.51222091913223267 -0.41465967893600464
vn -0.85701876878738403 -0.20559805631637573 -0.47249153256416321
vn -0.85701876878738403 -0.20559805631637573 -0.47249153256416321
vn -0.86904460191726685 0.1233045682311058 -0.47912159562110901
vn -0.86904460191726685 0.1233045682311058 -0.47912159562110901
vn -0.78689593076705933 0.43884524703025818 -0.43383139371871948
vn -0.78689593076705933 0.43884524703025818 -0.43383139371871948
vn -0.61947488784790039 0.70683020353317261 -0.34152883291244507
vn -0.61947488784790039 0.70683020353317261 -0.34152883291244507
vn -0.38492411375045776 0.89821916818618774 -0.2122163325548172
vn -0.38492411375045776 0.89821916818618774 -0.2122163325548172
vn -0.10866083949804306 0.99227213859558105 -0.059906888753175735
vn -0.10866083949804306 0.99227213859558105 -0.059906888753175735
vn 0.17937751114368439 0.97879701852798462 0.098894394934177399
vn 0.17937751114368439 0.97879701852798462 0.098894394934177399
vn 0.44797751307487488 0.85925406217575073 0.24697893857955933
vn 0.44797751307487488 0.85925406217575073 0.24697893857955933
vn 0.66803222894668579 0.64659762382507324 0.36829948425292969
vn 0.66803222894668579 0.64659762382507324 0.36829948425292969
vn 0.81569528579711914 0.36387225985527039 0.44970905780792236
vn 0.81569528579711914 0.36387225985527039 0.44970905780792236
vn 0.87496507167816162 0.041715692728757858 0.48238569498062134
vn 0.87496507167816162 0.041715692728757858 0.48238569498062134
vn 0.83941882848739624 -0.28496140241622925 0.46278834342956543
vn 0.83941882848739624 -0.28496140241622925 0.46278834342956543
vn 0.71290850639343262 -0.58075851202011108 0.39304068684577942
vn 0.71290850639343262 -0.58075851202011108 0.39304068684577942
vn 0.50914353132247925 -0.8136214017868042 0.28070098161697388
vn 0.50914353132247925 -0.8136214017868042 0.28070098161697388
vn -0.48280596733093262 0 0.87572735548019409
vn -0.48280596733093262 0 0.87572735548019409
vn -0.48280596733093262 0 0.87572735548019409
vn -0.48280596733093262 0 0.87572735548019409
vn -0.48280596733093262 0 0.87572735548019409
vn -0.48280596733093262 0 0.87572735548019409
vn -0.48280596733093262 0 0.87572735548019409
vn -0.48280596733093262 0 0.87572735548019409
vn -0.48280596733093262 0 0.87572735548019409
vn -0.48280596733093262 0 0.87572735548019409
vn -0.48280596733093262 0 0.87572735548019409
vn -0.48280596733093262 0 0.87572735548019409
vn -0.48280596733093262 0 0.87572735548019409
vn -0.48280596733093262 0 0.87572735548019409
vn -0.48280596733093262 0 0.87572735548019409
vn -0.48280596733093262 0 0.87572735548019409
vn -0.48280596733093262 0 0.87572735548019409
vn -0.48280596733093262 0 0.87572735548019409
vn -0.48280596733093262 0 0.87572735548019409
vn 0.48280596733093262 0 -0.87572735548019409
vn 0.48280596733093262 0 -0.87572735548019409
vn 0.48280596733093262 0 -0.87572735548019409
vn 0.48280596733093262 0 -0.87572735548019409
vn 0.48280596733093262 0 -0.87572735548019409
vn 0.48280596733093262 0 -0.87572735548019409
vn 0.48280596733093262 0 -0.87572735548019409
vn 0.48280596733093262 0 -0.87572735548019409
vn 0.48280596733093262 0 -0.87572735548019409
vn 0.48280596733093262 0 -0.87572735548019409
vn 0.48280596733093262 0 -0.87572735548019409
vn 0.48280596733093262 0 -0.87572735548019409
vn 0.48280596733093262 0 -0.87572735548019409
vn 0.48280596733093262 0 -0.87572735548019409
vn 0.48280596733093262 0 -0.87572735548019409
vn 0.48280596733093262 0 -0.87572735548019409
vn 0.48280596733093262 0 -0.87572735548019409
vn 0.48280596733093262 0 -0.87572735548019409
vn 0.48280596733093262 0 -0.87572735548019409
f 469/469/469 471/471/471 472/472/472 470/470/470
f 471/471/471 473/473/473 474/474/474 472/472/472
f 473/473/473 475/475/475 476/476/476 474/474/474
f 475/475/475 477/477/477 478/478/478 476/476/476
f 477/477/477 479/479/479 480/480/480 478/478/478
f 479/479/479 481/481/481 482/482/482 480/480/480
f 481/481/481 483/483/483 484/484/484 482/482/482
f 483/483/483 485/485/485 486/486/486 484/484/484
f 485/485/485 487/487/487 488/488/488 486/486/486
f 487/487/487 489/489/489 490/490/490 488/488/488
f 489/489/489 491/491/491 492/492/492 490/490/490
f 491/491/491 493/493/493 494/494/494 492/492/492
f 493/493/493 495/495/495 496/496/496 494/494/494
f 495/495/495 497/497/497 498/498/498 496/496/496
f 497/497/497 499/499/499 500/500/500 498/498/498
f 499/499/499 501/501/501 502/502/502 500/500/500
f 501/501/501 503/503/503 504/504/504 502/502/502
f 503/503/503 505/505/505 506/506/506 504/504/504
f 505/505/505 507/507/507 508/508/508 506/506/506
f 521/521/521 520/520/520 517/517/517
f 521/521/521 523/523/523 522/522/522
f 517/517/517 512/512/512 521/521/521
f 518/518/518 520/520/520 519/519/519
f 516/516/516 515/515/515 517/517/517
f 517/517/517 520/520/520 518/518/518
f 515/515/515 512/512/512 517/517/517
f 524/524/524 523/523/523 521/521/521
f 527/527/527 525/525/525 524/524/524
f 510/510/510 527/527/527 524/524/524
f 526/526/526 525/525/525 527/527/527
f 509/509/509 527/527/527 510/510/510
f 513/513/513 515/515/515 514/514/514
f 511/511/511 510/510/510 512/512/512
f 513/513/513 512/512/512 515/515/515
f 521/521/521 512/512/512 510/510/510
f 510/510/510 524/524/524 521/521/521
f 540/540/540 536/536/536 539/539/539
f 540/540/540 541/541/541 542/542/542
f 536/536/536 540/540/540 531/531/531
f 537/537/537 538/538/538 539/539/539
f 535/535/535 536/536/536 534/534/534
f 536/536/536 537/537/537 539/539/539
f 534/534/534 536/536/536 531/531/531
f 543/543/543 540/540/540 542/542/542
f 546/546/546 543/543/543 544/544/544
f 529/529/529 543/543/543 546/546/546
f 545/545/545 546/546/546 544/544/544
f 528/528/528 529/529/529 546/546/546
f 532/532/532 533/533/533 534/534/534
f 530/530/530 531/531/531 529/529/529
f 532/532/532 534/534/534 531/531/531
f 540/540/540 529/529/529 531/531/531
f 529/529/529 540/540/540 543/543/543
usemtl diffuse_ControlText
v 28.001079559326172 162.19577026367188 -77.698829650878906
v -74.000137329101562 162.19577026367188 -42.085880279541016
v 28.010795593261719 162.53292846679688 -77.671005249023438
v -73.990425109863281 162.53292846679688 -42.058048248291016
v 27.98390007019043 162.86138916015625 -77.748039245605469
v -74.017318725585938 162.86138916015625 -42.135082244873047
v 27.923305511474609 163.14555358886719 -77.921585083007812
v -74.077911376953125 163.14555358886719 -42.308635711669922
v 27.835580825805664 163.35462951660156 -78.172843933105469
v -74.165634155273438 163.35462951660156 -42.559894561767578
v 27.730230331420898 163.46597290039062 -78.474586486816406
v -74.270988464355469 163.46597290039062 -42.86163330078125
v 27.618669509887695 163.46751403808594 -78.794113159179688
v -74.382545471191406 163.46751403808594 -43.181159973144531
v 27.512990951538086 163.35906982421875 -79.096794128417969
v -74.488227844238281 163.35906982421875 -43.483840942382812
v 27.424644470214844 163.15240478515625 -79.349830627441406
v -74.576576232910156 163.15240478515625 -43.736881256103516
v 27.363203048706055 162.86991882324219 -79.525810241699219
v -74.638015747070312 162.86991882324219 -43.912857055664062
v 27.3353271484375 162.54220581054688 -79.60565185546875
v -74.6658935546875 162.54220581054688 -43.992698669433594
v 27.344036102294922 162.20480346679688 -79.580711364746094
v -74.657180786132812 162.20480346679688 -43.967758178710938
v 27.388385772705078 161.89425659179688 -79.453681945800781
v -74.612831115722656 161.89425659179688 -43.840732574462891
v 27.463569641113281 161.64421081542969 -79.23834228515625
v -74.537651062011719 161.64421081542969 -43.625389099121094
v 27.561443328857422 161.48178100585938 -78.958015441894531
v -74.439773559570312 161.48178100585938 -43.345066070556641
v 27.671398162841797 161.424560546875 -78.643089294433594
v -74.329818725585938 161.424560546875 -43.030139923095703
v 27.781518936157227 161.478759765625 -78.327682495117188
v -74.219696044921875 161.478759765625 -42.714733123779297
v 27.879873275756836 161.63848876953125 -78.045982360839844
v -74.121345520019531 161.63848876953125 -42.433029174804688
v 27.955802917480469 161.88644409179688 -77.828506469726562
v -74.045417785644531 161.88644409179688 -42.215557098388672
v 28.001079559326172 162.19577026367188 -77.698829650878906
v -74.000137329101562 162.19577026367188 -42.085880279541016
v 28.001079559326172 162.19577026367188 -77.698829650878906
v 28.010795593261719 162.53292846679688 -77.671005249023438
v 27.98390007019043 162.86138916015625 -77.748039245605469
v 27.923305511474609 163.14555358886719 -77.921585083007812
v 27.835580825805664 163.35462951660156 -78.172843933105469
v 27.730230331420898 163.46597290039062 -78.474586486816406
v 27.618669509887695 163.46751403808594 -78.794113159179688
v 27.512990951538086 163.35906982421875 -79.096794128417969
v 27.424644470214844 163.15240478515625 -79.349830627441406
v 27.363203048706055 162.86991882324219 -79.525810241699219
v 27.3353271484375 162.54220581054688 -79.60565185546875
v 27.344036102294922 162.20480346679688 -79.580711364746094
v 27.388385772705078 161.89425659179688 -79.453681945800781
v 27.463569641113281 161.64421081542969 -79.23834228515625
v 27.561443328857422 161.48178100585938 -78.958015441894531
v 27.671398162841797 161.424560546875 -78.643089294433594
v 27.781518936157227 161.478759765625 -78.327682495117188
v 27.879873275756836 161.63848876953125 -78.045982360839844
v 27.955802917480469 161.88644409179688 -77.828506469726562
v -74.000137329101562 162.19577026367188 -42.085880279541016
v -73.990425109863281 162.53292846679688 -42.058048248291016
v -74.017318725585938 162.86138916015625 -42.135082244873047
v -74.077911376953125 163.14555358886719 -42.308635711669922
v -74.165634155273438 163.35462951660156 -42.559894561767578
v -74.270988464355469 163.46597290039062 -42.86163330078125
v -74.382545471191406 163.46751403808594 -43.181159973144531
v -74.488227844238281 163.35906982421875 -43.483840942382812
v -74.576576232910156 163.15240478515625 -43.736881256103516
v -74.638015747070312 162.86991882324219 -43.912857055664062
v -74.6658935546875 162.54220581054688 -43.992698669433594
v -74.657180786132812 162.20480346679688 -43.967758178710938
v -74.612831115722656 161.89425659179688 -43.840732574462891
v -74.537651062011719 161.64421081542969 -43.625389099121094
v -74.439773559570312 161.48178100585938 -43.345066070556641
v -74.329818725585938 161.424560546875 -43.030139923095703
v -74.219696044921875 161.478759765625 -42.714733123779297
v -74.121345520019531 161.63848876953125 -42.433029174804688
v -74.045417785644531 161.88644409179688 -42.215557098388672
vt 0 0
vt 0 1
vt 0.042409379035234451 0
vt 0.042409379035234451 1
vt 0.084818758070468903 0
vt 0.084818758070468903 1
vt 0.12722814083099365 0
vt 0.12722814083099365 1
vt 0.16963751614093781 0
vt 0.16963751614093781 1
vt 0.21204689145088196 0
vt 0.21204689145088196 1
vt 0.2544562816619873 0
vt 0.2544562816619873 1
vt 0.29686564207077026 0
vt 0.29686564207077026 1
vt 0.33927503228187561 0
vt 0.33927503228187561 1
vt 0.38168442249298096 0
vt 0.38168442249298096 1
vt 0.42409378290176392 0
vt 0.42409378290176392 1
vt 0.46650317311286926 0
vt 0.46650317311286926 1
vt 0.50891256332397461 0
vt 0.50891256332397461 1
vt 0.55132192373275757 0
vt 0.55132192373275757 1
vt 0.59373128414154053 0
vt 0.59373128414154053 1
vt 0.63614070415496826 0
vt 0.63614070415496826 1
vt 0.67855006456375122 0
vt 0.67855006456375122 1
vt 0.72095942497253418 0
vt 0.72095942497253418 1
vt 0.76336884498596191 0
vt 0.76336884498596191 1
vt 0.80577820539474487 0
vt 0.80577820539474487 1
vt 1 0.0094835637137293816
vt 0.99470216035842896 0.0063937022350728512
vt 0.97938275337219238 0.003638674970716238
vt 0.95570182800292969 0.0015170322731137276
vt 0.92622560262680054 0.00025868689408525825
vt 0.89414834976196289 0
vt 0.8629460334777832 0.00076900434214621782
vt 0.83599996566772461 0.0024823665153235197
vt 0.8162301778793335 0.0049544167704880238
vt 0.80577898025512695 0.0079172709956765175
vt 0.80577898025512695 0.011049856431782246
vt 0.8162301778793335 0.014012710191309452
vt 0.83599996566772461 0.016484759747982025
vt 0.8629460334777832 0.018198123201727867
vt 0.89414834976196289 0.018967127427458763
vt 0.92622560262680054 0.018708439543843269
vt 0.95570182800292969 0.017450094223022461
vt 0.97938275337219238 0.015328451991081238
vt 0.99470216035842896 0.012573424726724625
vt 1 0.0094835637137293816
vt 0.99470216035842896 0.012573424726724625
vt 0.97938275337219238 0.015328451991081238
vt 0.95570182800292969 0.017450094223022461
vt 0.92622560262680054 0.018708439543843269
vt 0.89414834976196289 0.018967127427458763
vt 0.8629460334777832 0.018198123201727867
vt 0.83599996566772461 0.016484759747982025
vt 0.8162301778793335 0.014012710191309452
vt 0.80577898025512695 0.011049856431782246
vt 0.80577898025512695 0.0079172709956765175
vt 0.8162301778793335 0.0049544167704880238
vt 0.83599996566772461 0.0024823665153235197
vt 0.8629460334777832 0.00076900434214621782
vt 0.89414834976196289 0
vt 0.92622560262680054 0.00025868689408525825
vt 0.95570182800292969 0.0015170322731137276
vt 0.97938275337219238 0.003638674970716238
vt 0.99470216035842896 0.0063937022350728512
vn 0.31917232275009155 -0.24987801909446716 0.91416084766387939
vn 0.31917232275009155 -0.24987801909446716 0.91416084766387939
vn 0.32862323522567749 0.078060194849967957 0.94122970104217529
vn 0.32862323522567749 0.078060194849967957 0.94122970104217529
vn 0.30246269702911377 0.39753937721252441 0.8663017749786377
vn 0.30246269702911377 0.39753937721252441 0.8663017749786377
vn 0.24352565407752991 0.67393898963928223 0.69749659299850464
vn 0.24352565407752991 0.67393898963928223 0.69749659299850464
vn 0.15819881856441498 0.87730687856674194 0.45310682058334351
vn 0.15819881856441498 0.87730687856674194 0.45310682058334351
vn 0.055728685110807419 0.98560494184494019 0.1596159040927887
vn 0.055728685110807419 0.98560494184494019 0.1596159040927887
vn -0.052780512720346451 0.98709738254547119 -0.15117187798023224
vn -0.052780512720346451 0.98709738254547119 -0.15117187798023224
vn -0.15557011961936951 0.8816225528717041 -0.44557783007621765
vn -0.15557011961936951 0.8816225528717041 -0.44557783007621765
vn -0.24150130152702332 0.68061023950576782 -0.69169849157333374
vn -0.24150130152702332 0.68061023950576782 -0.69169849157333374
vn -0.30126205086708069 0.40584322810173035 -0.86286294460296631
vn -0.30126205086708069 0.40584322810173035 -0.86286294460296631
vn -0.3283764123916626 0.087096795439720154 -0.94052278995513916
vn -0.3283764123916626 0.087096795439720154 -0.94052278995513916
vn -0.31990605592727661 -0.24108791351318359 -0.91626238822937012
vn -0.31990605592727661 -0.24108791351318359 -0.91626238822937012
vn -0.27676895260810852 -0.54314702749252319 -0.79271072149276733
vn -0.27676895260810852 -0.54314702749252319 -0.79271072149276733
vn -0.20363961160182953 -0.78634768724441528 -0.58325654268264771
vn -0.20363961160182953 -0.78634768724441528 -0.58325654268264771
vn -0.1084427684545517 -0.94433540105819702 -0.31059750914573669
vn -0.1084427684545517 -0.94433540105819702 -0.31059750914573669
vn -0.0014944680733606219 -0.99998974800109863 -0.0042803967371582985
vn -0.0014944680733606219 -0.99998974800109863 -0.0042803967371582985
vn 0.10561577975749969 -0.94727963209152222 0.30250057578086853
vn 0.10561577975749969 -0.94727963209152222 0.30250057578086853
vn 0.20128092169761658 -0.79191708564758301 0.57650089263916016
vn 0.20128092169761658 -0.79191708564758301 0.57650089263916016
vn 0.27513414621353149 -0.55073809623718262 0.78802841901779175
vn 0.27513414621353149 -0.55073809623718262 0.78802841901779175
vn 0.31917232275009155 -0.24987801909446716 0.91416084766387939
vn 0.31917232275009155 -0.24987801909446716 0.91416084766387939
vn 0.94411051273345947 0 -0.32962903380393982
vn 0.94411051273345947 0 -0.32962903380393982
vn 0.94411051273345947 0 -0.32962903380393982
vn 0.94411051273345947 0 -0.32962903380393982
vn 0.94411051273345947 0 -0.32962903380393982
vn 0.94411051273345947 0 -0.32962903380393982
vn 0.94411051273345947 0 -0.32962903380393982
vn 0.94411051273345947 0 -0.32962903380393982
vn 0.94411051273345947 0 -0.32962903380393982
vn 0.94411051273345947 0 -0.32962903380393982
vn 0.94411051273345947 0 -0.32962903380393982
vn 0.94411051273345947 0 -0.32962903380393982
vn 0.94411051273345947 0 -0.32962903380393982
vn 0.94411051273345947 0 -0.32962903380393982
vn 0.94411051273345947 0 -0.32962903380393982
vn 0.94411051273345947 0 -0.32962903380393982
vn 0.94411051273345947 0 -0.32962903380393982
vn 0.94411051273345947 0 -0.32962903380393982
vn 0.94411051273345947 0 -0.32962903380393982
vn -0.94411051273345947 0 0.32962903380393982
vn -0.94411051273345947 0 0.32962903380393982
vn -0.94411051273345947 0 0.32962903380393982
vn -0.94411051273345947 0 0.32962903380393982
vn -0.94411051273345947 0 0.32962903380393982
vn -0.94411051273345947 0 0.32962903380393982
vn -0.94411051273345947 0 0.32962903380393982
vn -0.94411051273345947 0 0.32962903380393982
vn -0.94411051273345947 0 0.32962903380393982
vn -0.94411051273345947 0 0.32962903380393982
vn -0.94411051273345947 0 0.32962903380393982
vn -0.94411051273345947 0 0.32962903380393982
vn -0.94411051273345947 0 0.32962903380393982
vn -0.94411051273345947 0 0.32962903380393982
vn -0.94411051273345947 0 0.32962903380393982
vn -0.94411051273345947 0 0.32962903380393982
vn -0.94411051273345947 0 0.32962903380393982
vn -0.94411051273345947 0 0.32962903380393982
vn -0.94411051273345947 0 0.32962903380393982
f 547/547/547 549/549/549 550/550/550 548/548/548
f 549/549/549 551/551/551 552/552/552 550/550/550
f 551/551/551 553/553/553 554/554/554 552/552/552
f 553/553/553 555/555/555 556/556/556 554/554/554
f 555/555/555 557/557/557 558/558/558 556/556/556
f 557/557/557 559/559/559 560/560/560 558/558/558
f 559/559/559 561/561/561 562/562/562 560/560/560
f 561/561/561 563/563/563 564/564/564 562/562/562
f 563/563/563 565/565/565 566/566/566 564/564/564
f 565/565/565 567/567/567 568/568/568 566/566/566
f 567/567/567 569/569/569 570/570/570 568/568/568
f 569/569/569 571/571/571 572/572/572 570/570/570
f 571/571/571 573/573/573 574/574/574 572/572/572
f 573/573/573 575/575/575 576/576/576 574/574/574
f 575/575/575 577/577/577 578/578/578 576/576/576
f 577/577/577 579/579/579 580/580/580 578/578/578
f 579/579/579 581/581/581 582/582/582 580/580/580
f 581/581/581 583/583/583 584/584/584 582/582/582
f 583/583/583 585/585/585 586/586/586 584/584/584
f 599/599/599 598/598/598 596/596/596
f 599/599/599 601/601/601 600/600/600
f 596/596/596 604/604/604 599/599/599
f 596/596/596 598/598/598 597/597/597
f 595/595/595 594/594/594 596/596/596
f 592/592/592 594/594/594 593/593/593
f 592/592/592 596/596/596 594/594/594
f 602/602/602 601/601/601 599/599/599
f 604/604/604 603/603/603 602/602/602
f 587/587/587 605/605/605 604/604/604
f 604/604/604 596/596/596 590/590/590
f 587/587/587 604/604/604 588/588/588
f 590/590/590 592/592/592 591/591/591
f 589/589/589 588/588/588 590/590/590
f 590/590/590 596/596/596 592/592/592
f 590/590/590 588/588/588 604/604/604
f 602/602/602 599/599/599 604/604/604
f 618/618/618 615/615/615 617/617/617
f 618/618/618 619/619/619 620/620/620
f 615/615/615 618/618/618 623/623/623
f 615/615/615 616/616/616 617/617/617
f 614/614/614 615/615/615 613/613/613
f 611/611/611 612/612/612 613/613/613
f 611/611/611 613/613/613 615/615/615
f 621/621/621 618/618/618 620/620/620
f 623/623/623 621/621/621 622/622/622
f 606/606/606 623/623/623 624/624/624
f 623/623/623 609/609/609 615/615/615
f 606/606/606 607/607/607 623/623/623
f 609/609/609 610/610/610 611/611/611
f 608/608/608 609/609/609 607/607/607
f 609/609/609 611/611/611 615/615/615
f 609/609/609 623/623/623 607/607/607
f 621/621/621 623/623/623 618/618/618
