# File generated by ImageToStl.com - Free Image and 3D model conversion tools

o obj1
v 118.57003784 2.05453897 88.14958191
v 118.54795074 -2.73504686 88.49290466
v 122.43444824 -2.82051277 87.55067444
v 122.45654297 1.96907294 87.20734406
v 118.5372467 -4.09778643 88.57235718
v 122.4237442 -4.18325233 87.63012695
v 118.52346039 -5.02460003 88.5995636
v 122.40995789 -5.11006594 87.65732574
v 118.51469421 -5.38092947 88.59571838
v 122.40119171 -5.46639538 87.65348053
v 118.50460052 -5.6830349 88.58148193
v 122.39109802 -5.7685008 87.63924408
v 118.49325562 -5.93839502 88.5578537
v 122.37975311 -6.02386093 87.61562347
v 118.48072052 -6.15450096 88.52574921
v 122.36721802 -6.23996687 87.58351135
v 118.46707153 -6.33883429 88.48617554
v 122.35356903 -6.42430019 87.54393768
v 118.45236969 -6.498878 88.44005585
v 122.33886719 -6.58434391 87.49781799
v 118.42008972 -6.77604914 88.33205414
v 122.30658722 -6.86151505 87.38981628
v 118.38443756 -7.03559446 88.20853424
v 122.27093506 -7.12106037 87.26629639
v 118.34593964 -7.28593779 88.07243347
v 122.23243713 -7.37140369 87.13019562
v 118.30509949 -7.52520704 87.92569733
v 122.19159698 -7.61067295 86.98345947
v 118.2624588 -7.75153017 87.77033234
v 122.1489563 -7.83699608 86.82810211
v 118.21829224 -7.96424913 87.60747528
v 122.10479736 -8.04971504 86.66523743
v 118.17195892 -8.16757488 87.43479919
v 122.05846405 -8.25304031 86.49256134
v 118.06926727 -8.56773186 87.04750824
v 121.95576477 -8.65319729 86.10527039
v 118.01144409 -8.77291393 86.82761383
v 121.89794159 -8.85837936 85.88537598
v 117.94971466 -8.97539711 86.59136963
v 121.83621979 -9.06086349 85.64913177
v 117.88498688 -9.16561604 86.3416214
v 121.77148438 -9.25108242 85.39939117
v 117.81814575 -9.33400345 86.08119965
v 121.70464325 -9.41946888 85.13896179
v 117.74986267 -9.47387314 85.81221771
v 121.63636017 -9.55933857 84.86998749
v 117.6798172 -9.59008598 85.53384399
v 121.5663147 -9.67555237 84.59161377
v 117.60746765 -9.69038582 85.24453735
v 121.49397278 -9.7758522 84.3022995
v 117.53227234 -9.78252029 84.94271088
v 121.41876984 -9.86798573 84.00047302
v 117.37004089 -9.95700836 84.28936005
v 121.25653839 -10.04247475 83.34712982
v 117.28045654 -10.03249073 83.92671204
v 121.16695404 -10.11795712 82.98447418
v 117.18344116 -10.09419346 83.5321579
v 121.06994629 -10.17965889 82.58992004
v 117.07800293 -10.13929367 83.10131836
v 120.96450043 -10.22476006 82.15908051
v 116.96443176 -10.17150307 82.63579559
v 120.85093689 -10.2569685 81.69355774
v 116.16786194 -10.31391144 79.36302948
v 120.05435944 -10.39937687 78.42079926
v 115.90572357 -10.33481789 78.28368378
v 119.79222107 -10.42028332 77.34145355
v 115.787117 -10.32433987 77.79351044
v 119.6736145 -10.40980625 76.85127258
v 115.68071747 -10.29282761 77.35179138
v 119.5672226 -10.37829399 76.40955353
v 115.58834839 -10.23568916 76.9655838
v 119.47484589 -10.32115459 76.02334595
v 115.50735474 -10.15119267 76.62384796
v 119.39385223 -10.2366581 75.68161011
v 115.43401337 -10.03832054 76.31108856
v 119.32051086 -10.12378597 75.36885071
v 115.36456299 -9.8960619 76.01171112
v 119.25106049 -9.98152828 75.0694809
v 115.2959137 -9.72332764 75.71289825
v 119.18241882 -9.80879307 74.7706604
v 115.22760773 -9.51875973 75.41259003
v 119.11410522 -9.60422611 74.47035217
v 115.1598053 -9.2809248 75.11135101
v 119.0463028 -9.36639118 74.16911316
v 115.09268951 -9.0083952 74.80979156
v 118.97918701 -9.09386158 73.86755371
v 115.02700806 -8.70193863 74.51106262
v 118.91350555 -8.78740501 73.5688324
v 114.96578979 -8.37110519 74.22857666
v 118.85229492 -8.45657158 73.28633881
v 114.91265869 -8.02764797 73.97824097
v 118.79915619 -8.11311436 73.03600311
v 114.89024353 -7.85485935 73.87011719
v 118.77674103 -7.94032478 72.92787933
v 114.87119293 -7.68331957 73.77599335
v 118.75769806 -7.76878548 72.83375549
v 114.85582733 -7.51398659 73.69722748
v 118.74232483 -7.5994525 72.75499725
v 114.84383392 -7.34577227 73.63253021
v 118.73033905 -7.43123817 72.69029236
v 114.82824707 -7.00629187 73.53742218
v 118.71474457 -7.09175777 72.59519196
v 114.82091522 -6.6520648 73.47505951
v 118.70741272 -6.73753071 72.53282166
v 114.81832123 -6.27028084 73.42972565
v 118.70481873 -6.35574627 72.48748779
v 114.81627655 -4.5117116 73.26177979
v 118.70277405 -4.59717751 72.31954193
v 114.81087494 -3.68932295 73.16490936
v 118.69737244 -3.77478886 72.22267151
v 114.80508423 -3.33334064 73.10871887
v 118.69158173 -3.41880655 72.16648865
v 114.79649353 -3.02679348 73.04547882
v 118.68299103 -3.11225939 72.10324097
v 114.78437805 -2.77523494 72.9726944
v 118.67087555 -2.86070085 72.03045654
v 114.76743317 -2.56850719 72.88406372
v 118.65393829 -2.6539731 71.94182587
v 114.74420166 -2.39253211 72.77228546
v 118.63070679 -2.47799802 71.83004761
v 114.71321869 -2.23323131 72.6300354
v 118.59972382 -2.31869721 71.68779755
v 114.67389679 -2.08042073 72.45396423
v 118.56039429 -2.16588664 71.51172638
v 114.62913513 -1.93948996 72.25656128
v 118.51564026 -2.02495575 71.31432343
v 114.58274078 -1.81972051 72.05432129
v 118.46923828 -1.90518641 71.11209106
v 114.5384903 -1.73039842 71.86371613
v 118.42499542 -1.81586432 70.92147827
v 114.49825287 -1.67749834 71.69291687
v 118.38475037 -1.76296425 70.75068665
v 114.4561615 -1.65375412 71.51715088
v 118.342659 -1.73922002 70.57491302
v 114.33526611 -1.65145338 71.01828766
v 118.22176361 -1.73691928 70.0760498
v 114.19088745 -1.66864574 70.42431641
v 118.07738495 -1.75411165 69.48207855
v 113.71343994 -1.7741009 68.46451569
v 117.59993744 -1.85956681 67.52227783
v 112.59506989 -2.05864239 63.87731552
v 116.48156738 -2.1441083 62.93508148
v 110.52793121 -2.61309218 55.40115356
v 114.41442871 -2.69855809 54.45891953
v 96.61769104 -6.44152546 -1.62803221
v 100.50419617 -6.52699137 -2.57026815
v 94.56462097 -6.98350573 -10.04731274
v 98.4511261 -7.06897163 -10.98954868
v 93.91146851 -7.14401245 -12.72686291
v 97.797966 -7.22947836 -13.66909885
v 93.45373535 -7.24500895 -14.60574055
v 97.34023285 -7.33047485 -15.54797649
v 93.15130615 -7.29710102 -15.84845829
v 97.03781128 -7.38256693 -16.79069328
v 92.96406555 -7.31089163 -16.61952591
v 96.85057068 -7.39635754 -17.56176186
v 92.85190582 -7.29698944 -17.08344078
v 96.73840332 -7.38245535 -18.02567673
v 92.77468872 -7.26599789 -17.40472984
v 96.66119385 -7.35146379 -18.34696579
v 92.6192627 -7.18141556 -18.05350685
v 96.50576019 -7.26688099 -18.9957428
v 92.44989014 -7.07315683 -18.76194954
v 96.33638763 -7.15862274 -19.70418549
v 92.27330017 -6.94347048 -19.50211906
v 96.15979767 -7.02893639 -20.4443531
v 92.09619904 -6.79460382 -20.24609566
v 95.98270416 -6.88006973 -21.1883316
v 91.92403412 -6.62888145 -20.97127724
v 95.81053925 -6.71434736 -21.91351318
v 91.75705719 -6.4489336 -21.67634773
v 95.64355469 -6.53439951 -22.61858368
v 91.59422302 -6.25746584 -22.36535645
v 95.48072815 -6.34293175 -23.30759239
v 91.277565 -5.85025883 -23.70844841
v 95.1640625 -5.93572474 -24.65068436
v 91.12584686 -5.63668489 -24.35359955
v 95.01235199 -5.7221508 -25.29583549
v 90.98252869 -5.4159174 -24.96480179
v 94.86902618 -5.5013833 -25.90703773
v 90.85073853 -5.18741703 -25.52911949
v 94.73723602 -5.27288294 -26.47135544
v 90.73271942 -4.95199299 -26.03726578
v 94.61922455 -5.0374589 -26.97950172
v 90.62688446 -4.71589613 -26.49524117
v 94.51338196 -4.80136204 -27.43747711
v 90.44174957 -4.27211761 -27.2991333
v 94.32824707 -4.35758352 -28.24136925
v 90.12727356 -3.53997636 -28.6626873
v 94.01377106 -3.62544227 -29.60492325
v 90.05588531 -3.35076404 -28.97428894
v 93.94239044 -3.43622994 -29.91652489
v 89.98821259 -3.15222645 -29.27144432
v 93.87471008 -3.23769236 -30.21368027
v 89.92584991 -2.94667125 -29.54730225
v 93.81235504 -3.03213716 -30.48953819
v 89.87042999 -2.73640466 -29.79498482
v 93.75692749 -2.82187057 -30.73722076
v 89.82308197 -2.52357507 -30.00958252
v 93.7095871 -2.60904098 -30.95181847
v 89.78315735 -2.30969048 -30.19367027
v 93.66965485 -2.39515638 -31.13590622
v 89.74953461 -2.096102 -30.35172653
v 93.6360321 -2.18156791 -31.29396248
v 89.72109985 -1.88415825 -30.48823738
v 93.60759735 -1.96962416 -31.43047333
v 89.69695282 -1.67439866 -30.60684967
v 93.58345795 -1.75986445 -31.54908562
v 89.67707825 -1.46412671 -30.707901
v 93.56358337 -1.54959261 -31.65013695
v 89.66165924 -1.24984062 -30.79095268
v 93.54815674 -1.33530653 -31.73318863
v 89.65087128 -1.02804005 -30.85556602
v 93.53736877 -1.11350596 -31.79780197
v 89.64472198 -0.79659432 -30.90191841
v 93.53122711 -0.88206023 -31.84415436
v 89.6424408 -0.55888653 -30.93289566
v 93.52893829 -0.64435244 -31.87513161
v 89.64563751 -0.08369702 -30.96282005
v 93.53213501 -0.16916291 -31.905056
v 89.64969635 0.14619496 -30.96691513
v 93.53620148 0.06072907 -31.90915108
v 89.65692139 0.37490699 -30.95787811
v 93.54341888 0.28944108 -31.90011406
v 89.66944885 0.60925436 -30.92744827
v 93.55595398 0.52378851 -31.86968422
v 89.68946075 0.85605663 -30.86730194
v 93.57595825 0.77059072 -31.80953789
v 89.71892548 1.12081885 -30.76976967
v 93.6054306 1.03535306 -31.71200562
v 89.75914764 1.40379083 -30.62954903
v 93.64564514 1.31832492 -31.57178497
v 89.81121063 1.70389628 -30.44201469
v 93.69770813 1.61843038 -31.38425064
v 89.8762207 2.02007031 -30.20254707
v 93.7627182 1.93460453 -31.14478302
v 89.9545517 2.34965658 -29.90932274
v 93.84105682 2.26419067 -30.85155869
v 90.04364014 2.68364978 -29.57214737
v 93.93014526 2.59818387 -30.51438332
v 90.14021301 3.01146865 -29.20356941
v 94.02671051 2.92600274 -30.14580536
v 90.24094391 3.32251906 -28.81627846
v 94.12744141 3.23705316 -29.7585144
v 90.34377289 3.61115766 -28.41832733
v 94.23027039 3.52569175 -29.36056328
v 90.45140839 3.8914907 -27.99975967
v 94.33791351 3.80602479 -28.94199562
v 91.00226593 5.26383066 -25.85208511
v 94.88877106 5.17836475 -26.79432106
v 91.17755127 5.67695284 -25.16654396
v 95.0640564 5.59148693 -26.10877991
v 91.36663818 6.09051323 -24.42411041
v 95.25314331 6.00504732 -25.36634636
v 91.56760406 6.49004793 -23.63144302
v 95.45410156 6.40458202 -24.57367897
v 91.77450562 6.86779642 -22.81226921
v 95.66100311 6.78233051 -23.75450516
v 91.98042297 7.21766281 -21.99465561
v 95.86692047 7.1321969 -22.93688965
v 92.17840576 7.53355455 -21.20667648
v 96.06490326 7.44808865 -22.14891243
v 92.36319733 7.81019735 -20.46954727
v 96.24969482 7.72473145 -21.41178322
v 92.53618622 8.04556274 -19.77734566
v 96.42269135 7.96009731 -20.7195816
v 92.70045471 8.23845005 -19.1172905
v 96.58695221 8.15298462 -20.05952644
v 92.85903168 8.38764095 -18.47671318
v 96.7455368 8.30217552 -19.41894913
v 92.94371796 8.44767475 -18.1328373
v 96.83022308 8.36220837 -19.07507324
v 93.06754303 8.50949287 -17.6276989
v 96.95404816 8.42402744 -18.56993484
v 93.27029419 8.5861187 -16.79836464
v 97.15679169 8.50065327 -17.74060059
v 93.59176636 8.69056606 -15.48184586
v 97.47826385 8.60509968 -16.4240818
v 94.75 9.03498173 -10.7356348
v 98.6364975 8.9495163 -11.67787075
v 103.93209076 11.70241928 26.89636421
v 107.81858826 11.6169529 25.95412827
v 110.953125 13.7548008 55.6703186
v 114.8396225 13.66933537 54.72808075
v 113.00157928 14.36207008 64.0646286
v 116.88807678 14.2766037 63.12239075
v 114.07823944 14.69639683 68.47527313
v 117.96473694 14.61093044 67.53303528
v 114.35342407 14.79252529 69.60161591
v 118.23992157 14.70705891 68.65937805
v 114.50719452 14.85800457 70.22995758
v 118.39369965 14.77253819 69.28772736
v 114.58006287 14.90536308 70.52622223
v 118.46656036 14.81989765 69.583992
v 114.61253357 14.94712543 70.6563797
v 118.4990387 14.86166 69.71414948
v 114.66400909 15.04712677 70.85961914
v 118.55050659 14.96166134 69.91738129
v 114.71389771 15.1739378 71.05391693
v 118.60040283 15.08847141 70.11167908
v 114.76017761 15.3266449 71.2309494
v 118.64668274 15.24117947 70.28871155
v 114.80078888 15.50432205 71.38233948
v 118.68728638 15.41885662 70.44010162
v 114.834198 15.70561981 71.50188446
v 118.72070312 15.62015438 70.55965424
v 114.8609848 15.92747688 71.59225464
v 118.74748993 15.8420105 70.65001678
v 114.88223267 16.16640472 71.65821075
v 118.76873016 16.08094025 70.7159729
v 114.89903259 16.41891861 71.70459747
v 118.78553009 16.33345222 70.76235962
v 114.91236877 16.68207359 71.73576355
v 118.7988739 16.59660721 70.7935257
v 114.92286682 16.95512009 71.75427246
v 118.80936432 16.86965561 70.81204224
v 114.93735504 17.53009415 71.7618866
v 118.82385254 17.44462776 70.81964874
v 114.94579315 18.14522743 71.74089813
v 118.83229065 18.05976295 70.79866791
v 114.94836426 18.81391335 71.69086456
v 118.83486938 18.72844696 70.74862671
v 114.94735718 19.53678894 71.62111664
v 118.83385468 19.45132256 70.67887878
v 114.94962311 19.9000473 71.59753418
v 118.83612823 19.81458092 70.65529633
v 114.95652008 20.25149536 71.59410858
v 118.84302521 20.16602898 70.65187073
v 114.96968842 20.58354568 71.61828613
v 118.85618591 20.4980793 70.67604828
v 114.98898315 20.89731216 71.66941071
v 118.87548065 20.81184578 70.72717285
v 115.01381683 21.19607735 71.74477386
v 118.90032196 21.11061287 70.80253601
v 115.04363251 21.48313141 71.84169769
v 118.93013 21.39766693 70.89945984
v 115.07787323 21.7613163 71.95769501
v 118.96437073 21.67585182 71.01546478
v 115.11616516 22.0316658 72.09111786
v 119.00266266 21.94619942 71.14888
v 115.15817261 22.29478455 72.24051666
v 119.0446701 22.20932007 71.29827881
v 115.20355225 22.5512619 72.4044342
v 119.09004974 22.46579552 71.46220398
v 115.25200653 22.80113029 72.58164978
v 119.13850403 22.71566582 71.63941193
v 115.30340576 23.04216957 72.77179718
v 119.18991089 22.95670319 71.82955933
v 115.3576355 23.27158165 72.97467804
v 119.24414062 23.18611526 72.03244019
v 115.41461182 23.48658562 73.19018555
v 119.30111694 23.40112114 72.24794769
v 115.47463226 23.68427658 73.41980743
v 119.36112976 23.5988102 72.47756958
v 115.53956604 23.861269 73.67159271
v 119.42606354 23.77580261 72.72935486
v 115.61170959 24.0140686 73.95531464
v 119.49820709 23.92860222 73.01307678
v 115.65119171 24.0803051 74.11217499
v 119.53769684 23.99483871 73.16993713
v 115.69333649 24.13918114 74.28067017
v 119.57984161 24.05371475 73.33843231
v 115.73862457 24.19058228 74.46279144
v 119.62512207 24.10511589 73.52055359
v 115.78829193 24.23567009 74.66358185
v 119.67479706 24.1502037 73.72134399
v 115.90658569 24.31285286 75.14451599
v 119.79309082 24.22738647 74.20227814
v 116.05979156 24.38261604 75.77011108
v 119.94628906 24.29715157 74.82787323
v 116.78884125 24.63533783 78.75434875
v 120.67533875 24.54987144 77.81211853
v 117.30924225 24.78923035 80.88693237
v 121.19574738 24.70376396 79.94469452
v 117.49832916 24.82982063 81.66316986
v 121.38482666 24.74435425 80.72093201
v 117.6403656 24.83646393 82.24845123
v 121.52687073 24.75099754 81.30622101
v 117.69858551 24.82539749 82.48959351
v 121.58508301 24.73993111 81.54735565
v 117.75085449 24.80385971 82.70713806
v 121.63735199 24.71839333 81.76490021
v 117.79909515 24.77118301 82.90909576
v 121.68560028 24.68571663 81.96685791
v 117.84525299 24.72670174 83.10353088
v 121.73175812 24.64123535 82.16129303
v 117.89092255 24.67010498 83.29701996
v 121.77742004 24.5846386 82.35478973
v 117.93628693 24.60242462 83.49028015
v 121.82278442 24.51696014 82.5480423
v 118.02549744 24.43933678 83.87306213
v 121.91200256 24.3538723 82.93082428
v 118.11167908 24.24848366 84.24584961
v 121.9981842 24.16301918 83.30361176
v 118.19359589 24.04090309 84.60256195
v 122.08010101 23.95543861 83.66033173
v 118.27018738 23.82486153 84.9380722
v 122.15668488 23.73939514 83.99583435
v 118.34101105 23.5975399 85.25082397
v 122.22750854 23.51207352 84.30858612
v 118.40578461 23.35333443 85.5401535
v 122.29228973 23.26786995 84.59792328
v 118.46422577 23.08664322 85.80538177
v 122.35072327 23.00117683 84.86314392
v 118.51593018 22.79401779 86.04520416
v 122.40242767 22.70855141 85.10297394
v 118.56002808 22.48061752 86.25553131
v 122.44652557 22.39515305 85.31329346
v 118.59554291 22.15376472 86.43165588
v 122.48204041 22.06829834 85.48941803
v 118.62146759 21.82075882 86.56880951
v 122.50797272 21.73529243 85.62657928
v 118.63059235 21.64764023 86.62213135
v 122.51708984 21.56217384 85.67989349
v 118.63721466 21.43612289 86.66864777
v 122.52371979 21.35065842 85.72641754
v 118.64151764 21.14753342 86.71257782
v 122.52802277 21.06206703 85.77033997
v 118.64365387 20.74318123 86.75805664
v 122.530159 20.65771484 85.81582642
v 118.64203644 19.43245125 86.8702774
v 122.52853394 19.34698486 85.92803955
v 114.9506073 6.73836279 72.79544067
v 114.95305634 6.9477911 72.78652954
v 118.83956146 6.86232519 71.84429932
v 118.83711243 6.65289688 71.85320282
v 114.95082092 7.15631294 72.75839996
v 118.83732605 7.07084703 71.81616211
v 114.94250488 7.37053776 72.70467377
v 118.82901001 7.28507185 71.76243591
v 114.92672729 7.59707212 72.61902618
v 118.81322479 7.51160622 71.67678833
v 114.90245056 7.84002352 72.49686432
v 118.78894806 7.75455761 71.55462646
v 114.8700943 8.09346676 72.3404007
v 118.7565918 8.00800037 71.39816284
v 114.83041382 8.3489666 72.15357208
v 118.71691895 8.26350021 71.21133423
v 114.78420258 8.59809685 71.94033813
v 118.67070007 8.51263142 70.99810791
v 114.73212433 8.83335781 71.704216
v 118.61862946 8.74789238 70.76197815
v 114.67457581 9.05101681 71.44709778
v 118.56108093 8.96555042 70.50485992
v 114.61183929 9.24826717 71.17042542
v 118.49833679 9.16280174 70.22818756
v 114.54419708 9.42231083 70.87563324
v 118.43070221 9.33684444 69.93339539
v 114.47212982 9.57204437 70.56479645
v 118.35863495 9.48657799 69.62256622
v 114.39682007 9.70315361 70.24226379
v 118.2833252 9.61768818 69.30002594
v 114.24188995 9.93903923 69.58180237
v 118.12838745 9.85357285 68.63957214
v 114.08473206 10.16386223 68.91317749
v 117.97122955 10.0783968 67.97093964
v 114.0003891 10.25282478 68.55722046
v 117.8868866 10.1673584 67.6149826
v 113.90846252 10.31081867 68.1727829
v 117.79496002 10.22535324 67.23054504
v 113.80757141 10.32915592 67.75496674
v 117.69407654 10.24369049 66.81273651
v 113.70201874 10.31035042 67.32129669
v 117.58852386 10.22488499 66.37905884
v 113.59752655 10.25971603 66.89487457
v 117.48402405 10.1742506 65.95263672
v 113.49981689 10.18257618 66.49884033
v 117.38631439 10.09711075 65.55660248
v 113.41339874 10.08500195 66.15122986
v 117.29989624 9.99953651 65.208992
v 113.33790588 9.97609138 65.84973907
v 117.22441101 9.89062595 64.90750122
v 113.21340179 9.76366329 65.35545349
v 117.09990692 9.67819786 64.41322327
v 113.11618805 9.60999203 64.96841431
v 117.00269318 9.52452564 64.02617645
v 113.0461731 9.5232811 64.68746948
v 116.93267059 9.43781567 63.74523544
v 113.02160645 9.50311565 64.58796692
v 116.90810394 9.41764927 63.64573288
v 113.0016861 9.49702549 64.50635529
v 116.88818359 9.41156006 63.56411743
v 112.98366547 9.50382614 64.43140411
v 116.87016296 9.41836071 63.48917007
v 112.96479034 9.52233124 64.35186005
v 116.85128784 9.43686485 63.40962601
v 112.91832733 9.58887291 64.1541748
v 116.80482483 9.50340652 63.21194077
v 112.80605316 9.78514957 63.67329025
v 116.69255829 9.69968414 62.73105621
v 112.76957703 9.82677174 63.51903915
v 116.65607452 9.7413063 62.5768013
v 112.72447205 9.85443306 63.33050919
v 116.61097717 9.76896667 62.38827515
v 112.66884613 9.86375427 63.10019302
v 116.55534363 9.77828884 62.15795517
v 112.60457611 9.85581875 62.83584213
v 116.49108124 9.77035332 61.89360809
v 112.5345459 9.83307743 62.54901886
v 116.4210434 9.74761105 61.60678101
v 112.46159363 9.79798508 62.25131226
v 116.34809875 9.71251965 61.30907822
v 112.38830566 9.75202084 61.95318222
v 116.27481079 9.66655445 61.01094437
v 112.31607056 9.69276047 61.66058731
v 116.20256805 9.60729504 60.71834946
v 112.24598694 9.6168108 61.37840271
v 116.13248444 9.53134441 60.43616486
v 112.17915344 9.52077103 61.11145782
v 116.06565857 9.43530464 60.16922379
v 112.11633301 9.40245342 60.86307526
v 116.00283813 9.31698799 59.92084122
v 112.05687714 9.26449013 60.6303215
v 115.94337463 9.17902374 59.68808365
v 111.99977112 9.11071682 60.40874481
v 115.88627625 9.02525139 59.46651077
v 111.8890686 8.76907825 59.98309708
v 115.7755661 8.68361282 59.04085922
v 111.83584595 8.57678986 59.78100967
v 115.72234344 8.49132442 58.83877182
v 111.78575134 8.35984802 59.59405136
v 115.67224884 8.27438259 58.65181351
v 111.74017334 8.10999393 59.42871475
v 115.62667084 8.0245285 58.48648071
v 111.70028687 7.8230319 59.29024506
v 115.58679199 7.73756647 58.3480072
v 111.66648102 7.51100969 59.17910385
v 115.55298615 7.42554379 58.236866
v 111.63894653 7.19004393 59.09462738
v 115.52544403 7.10457802 58.15238953
v 111.61785126 6.87624645 59.03607178
v 115.50434875 6.79078054 58.09383774
v 111.60313416 6.58168077 59.00210953
v 115.48963928 6.49621487 58.05987167
v 111.59379578 6.30221748 58.98892212
v 115.48029327 6.21675158 58.04668808
v 111.58855438 6.02967787 58.9920311
v 115.47505188 5.94421196 58.04979324
v 111.58580017 5.4756484 59.03091812
v 115.47229767 5.3901825 58.08868027
v 111.58848572 5.19586658 59.06739044
v 115.47499084 5.11040068 58.1251564
v 111.59571075 4.92642403 59.12163162
v 115.48221588 4.84095812 58.17939758
v 111.6089325 4.6772027 59.19877625
v 115.49543762 4.59173679 58.25653839
v 111.62926483 4.4551053 59.30277634
v 115.51576996 4.3696394 58.3605423
v 111.65631866 4.2550807 59.43249512
v 115.54281616 4.16961479 58.49026108
v 111.68933868 4.06909323 59.5855751
v 115.57583618 3.98362756 58.64334106
v 111.72758484 3.88910723 59.75965118
v 115.61408234 3.80364132 58.81741714
v 111.81664276 3.52814341 60.15974426
v 115.70314026 3.4426775 59.21751022
v 111.91712952 3.17369151 60.60636139
v 115.80362701 3.0882256 59.66412735
v 111.96980286 3.00421953 60.83900452
v 115.85630035 2.91875362 59.89677048
v 112.02384949 2.84625673 61.0762825
v 115.91035461 2.76079082 60.13404465
v 112.07941437 2.70601726 61.31819153
v 115.96591949 2.62055135 60.37595367
v 112.13663483 2.58971715 61.56474304
v 116.02313232 2.50425148 60.62250519
v 112.19552612 2.50189757 61.81564713
v 116.08203125 2.41643167 60.87341309
v 112.25578308 2.44040513 62.069767
v 116.14228821 2.35493922 61.12752914
v 112.3169632 2.40141416 62.32564163
v 116.20346069 2.31594825 61.38340378
v 112.37864685 2.38109875 62.58191681
v 116.26514435 2.29563308 61.63968277
v 112.44023132 2.37592459 62.83640671
v 116.32672882 2.29045868 61.89417267
v 112.50045776 2.38354611 63.08413315
v 116.38695526 2.29808021 62.14189911
v 112.61109924 2.42897987 63.53639603
v 116.49760437 2.3435142 62.59415817
v 112.65888214 2.46295714 63.73039246
v 116.54537964 2.37749124 62.78815842
v 112.7009964 2.50316501 63.90045929
v 116.5874939 2.4176991 62.95822144
v 112.73744202 2.54918909 64.04662323
v 116.62393951 2.46372318 63.10438538
v 112.76821899 2.60062003 64.16890717
v 116.65472412 2.51515436 63.22667313
v 112.7935791 2.65745687 64.26835632
v 116.68008423 2.57199097 63.32612228
v 112.81481171 2.72136736 64.35012054
v 116.7013092 2.63590145 63.40788651
v 112.83343506 2.79443169 64.42033386
v 116.71994019 2.70896578 63.47809982
v 112.88723755 3.07069254 64.6171875
v 116.77373505 2.98522663 63.67495346
v 112.90642548 3.15688658 64.68850708
v 116.79292297 3.07142067 63.74626923
v 112.92651367 3.22068238 64.76559448
v 116.8130188 3.13521647 63.82336044
v 112.94756317 3.25296903 64.84949493
v 116.8340683 3.16750312 63.90725708
v 112.96928406 3.25579 64.93882751
v 116.85578918 3.17032433 63.99658966
v 112.9912796 3.23397684 65.03153229
v 116.87778473 3.14851093 64.08929443
v 113.01318359 3.19236803 65.12563324
v 116.89968109 3.10690212 64.18339539
v 113.05609894 3.0688169 65.31386566
v 116.94259644 2.98335099 64.37163544
v 113.09971619 2.92239881 65.50705719
v 116.98621368 2.8369329 64.56482697
v 113.14688873 2.78302288 65.71429443
v 117.03339386 2.69755697 64.77205658
v 113.2014389 2.65231395 65.95114899
v 117.08794403 2.56684804 65.00891876
v 113.26728821 2.52972794 66.23387146
v 117.15378571 2.44426203 65.29163361
v 113.30554199 2.4771421 66.3964386
v 117.19204712 2.39167619 65.45420074
v 113.34791565 2.43436646 66.57510376
v 117.23442078 2.34890056 65.63286591
v 113.39467621 2.40380836 66.77074432
v 117.28117371 2.31834245 65.82850647
v 113.44546509 2.38550544 66.98191071
v 117.33197021 2.30003953 66.03967285
v 113.49977112 2.37889934 67.20650482
v 117.38627625 2.29343343 66.26426697
v 113.55709076 2.38343787 67.44249725
v 117.44358826 2.29797196 66.5002594
v 113.67732239 2.42278457 67.93488312
v 117.56382751 2.33731866 66.99264526
v 113.79528046 2.49443769 68.41493225
v 117.68178558 2.40897179 67.4726944
v 113.85055542 2.54088998 68.63870239
v 117.73705292 2.45542407 67.69646454
v 113.90650177 2.60153461 68.86397552
v 117.7930069 2.5160687 67.9217453
v 113.967453 2.68500495 69.10781097
v 117.85395813 2.59953904 68.16557312
v 114.03771973 2.79992723 69.38721466
v 117.92421722 2.71446133 68.44497681
v 114.12013245 2.9530015 69.71325684
v 118.00662994 2.86753559 68.77101898
v 114.21157837 3.14321518 70.07318878
v 118.09807587 3.05774927 69.13095856
v 114.3074646 3.36762786 70.448349
v 118.1939621 3.28216195 69.50611115
v 114.40320587 3.62330127 70.82008362
v 118.289711 3.53783536 69.87784576
v 114.49471283 3.90578651 71.17190552
v 118.38121796 3.82032061 70.22966766
v 114.57989502 4.20461321 71.49613953
v 118.46639252 4.1191473 70.55390167
v 114.6571579 4.50779915 71.78733063
v 118.5436554 4.42233324 70.84509277
v 114.72492218 4.80336905 72.04003906
v 118.61141968 4.71790314 71.09780121
v 114.78202057 5.08193207 72.25030518
v 118.6685257 4.99646616 71.30806732
v 114.82897186 5.34445906 72.42015076
v 118.71547699 5.25899315 71.4779129
v 114.86669922 5.59450436 72.55308533
v 118.75320435 5.50903845 71.61084747
v 114.89614868 5.83562851 72.65267181
v 118.78264618 5.7501626 71.71043396
v 114.91825867 6.07070398 72.72254181
v 118.80475616 5.98523808 71.78030396
v 114.934021 6.29987764 72.76679993
v 118.82052612 6.21441174 71.82456207
v 114.94447327 6.52261019 72.78970337
v 118.83097839 6.43714428 71.84746552
v 104.99627686 3.81687188 32.0011673
v 104.99493408 4.14913034 31.9654808
v 108.88143921 4.06366444 31.02324486
v 108.88278198 3.73140597 31.05892944
v 104.98525238 4.48151159 31.89538002
v 108.87174988 4.39604568 30.95314407
v 104.96856689 4.79874372 31.79780388
v 108.85507202 4.71327782 30.85556793
v 104.94624329 5.08555794 31.67970467
v 108.83274841 5.00009203 30.73746872
v 104.91951752 5.3307724 31.54722786
v 108.80602264 5.24530649 30.60499191
v 104.88925934 5.53957176 31.40347672
v 108.77576447 5.45410585 30.46124077
v 104.8562088 5.72122574 31.25068474
v 108.74271393 5.63575983 30.30844879
v 104.8211441 5.88501453 31.09117508
v 108.7076416 5.7995491 30.14893913
v 104.74604797 6.19115543 30.75366592
v 108.6325531 6.10568953 29.81142998
v 104.61191559 6.67986631 30.15605545
v 108.49841309 6.59440041 29.2138195
v 104.55839539 6.8499918 29.91987419
v 108.44489288 6.76452589 28.97763824
v 104.49888611 7.00195694 29.66061974
v 108.38538361 6.91649103 28.71838379
v 104.46657562 7.06615114 29.52152443
v 108.35307312 6.98068523 28.57928848
v 104.43238831 7.11983156 29.37565804
v 108.31889343 7.03436565 28.43342209
v 104.3963089 7.16157293 29.223032
v 108.2828064 7.07610703 28.28079605
v 104.35871124 7.19223261 29.06519318
v 108.24521637 7.1067667 28.12295723
v 104.28086853 7.22598076 28.74103546
v 108.16736603 7.14051485 27.79879951
v 104.20269775 7.23245525 28.41799927
v 108.08919525 7.14698935 27.47576332
v 104.12799072 7.22302246 28.11072922
v 108.01449585 7.13755703 27.16849327
v 103.9994812 7.18354273 27.58423042
v 107.8859787 7.09807682 26.64199448
v 103.94665527 7.15095806 27.36928368
v 107.83315277 7.06549215 26.42704773
v 103.90170288 7.10658789 27.18788719
v 107.78820038 7.02112198 26.24565125
v 103.86443329 7.05024338 27.0392952
v 107.75093842 6.96477747 26.09705925
v 103.80578613 6.93872833 26.80749893
v 107.69229126 6.85326242 25.86526299
v 103.78024292 6.90545177 26.70513535
v 107.66674042 6.81998587 25.7628994
v 103.7549057 6.8987999 26.60125351
v 107.64141083 6.81333399 25.65901756
v 103.73011017 6.91494846 26.49748611
v 107.61660767 6.82948256 25.55525017
v 103.70659637 6.94711065 26.39759254
v 107.59309387 6.86164474 25.4553566
v 103.68517303 6.98850918 26.3054657
v 107.57167053 6.90304327 25.36322975
v 103.58792877 7.23624325 25.88188553
v 107.47442627 7.15077734 24.93964958
v 103.55631256 7.28390121 25.74715614
v 107.44281006 7.19843531 24.8049202
v 103.51139832 7.31793118 25.55880547
v 107.39789581 7.23246527 24.61656952
v 103.44816589 7.33033037 25.29688454
v 107.33467102 7.24486446 24.35464859
v 103.36381531 7.31563902 24.9502697
v 107.25031281 7.23017311 24.00803375
v 103.26438904 7.27858353 24.54354095
v 107.15089417 7.19311762 23.60130501
v 103.05344391 7.16646957 23.68360519
v 106.93994904 7.08100367 22.74136925
v 102.95681 7.10363579 23.29071617
v 106.84331512 7.01816988 22.34848022
v 102.86817169 7.03357983 22.93146133
v 106.75467682 6.94811392 21.98922539
v 102.78577423 6.94963026 22.5992012
v 106.67227936 6.86416435 21.65696526
v 102.7078476 6.84511328 22.28725433
v 106.59435272 6.75964737 21.34501839
v 102.63278961 6.71401262 21.98953056
v 106.51928711 6.62854671 21.04729462
v 102.55961609 6.55296803 21.70231247
v 106.44611359 6.46750212 20.76007652
v 102.48750305 6.35927439 21.42243195
v 106.37400055 6.27380848 20.480196
v 102.41561127 6.13022375 21.1466713
v 106.30210876 6.04475784 20.20443535
v 102.34374237 5.86582899 20.87421417
v 106.23023987 5.78036308 19.93197823
v 102.27419281 5.57696486 20.61356163
v 106.16069794 5.49149895 19.67132568
v 102.20988464 5.27721977 20.37547112
v 106.09638214 5.19175386 19.43323517
v 102.15372467 4.98018408 20.17077827
v 106.0402298 4.89471817 19.22854424
v 102.10797882 4.69692135 20.00776482
v 105.99447632 4.61145544 19.06552887
v 102.07227325 4.42843342 19.88485527
v 105.95877075 4.34296751 18.94261932
v 102.04558563 4.17319107 19.79793739
v 105.93209076 4.08772516 18.85570145
v 102.02689362 3.92967224 19.74292755
v 105.91339874 3.84420633 18.8006916
v 102.01522064 3.69554281 19.71600342
v 105.90171814 3.6100769 18.77376747
v 102.00977325 3.46522641 19.71442223
v 105.89627075 3.3797605 18.77218628
v 102.00980377 3.23233438 19.73568344
v 105.8963089 3.14686847 18.79344749
v 102.01456451 2.99047804 19.77726555
v 105.90106964 2.90501213 18.8350296
v 102.02365875 2.73535705 19.83790588
v 105.91016388 2.64989114 18.89566994
v 102.03799438 2.47100401 19.92101097
v 105.92449188 2.3855381 18.97877502
v 102.05883026 2.20353913 20.03120232
v 105.94532776 2.11807323 19.08896637
v 102.08740234 1.93907809 20.17304993
v 105.97389984 1.85361218 19.23081398
v 102.12440491 1.68296266 20.34892845
v 106.01091003 1.59749675 19.4066925
v 102.16828918 1.43743241 20.55220032
v 106.05478668 1.3519665 19.60996437
v 102.21691132 1.20394349 20.77392006
v 106.10340881 1.11847758 19.83168411
v 102.2681427 0.98395687 21.0051899
v 106.1546402 0.89849097 20.06295395
v 102.32049561 0.77856559 21.23977852
v 106.20700073 0.69309974 20.29754257
v 102.37506104 0.58738565 21.48217201
v 106.26155853 0.50191981 20.53993797
v 102.4335556 0.40967101 21.73958778
v 106.32006073 0.3242051 20.79735184
v 102.49771881 0.24466865 22.01919365
v 106.38421631 0.15920275 21.0769577
v 102.56858063 0.09233078 22.32530594
v 106.45507812 0.00686488 21.38306999
v 102.64450836 -0.04457725 22.65090752
v 106.53100586 -0.13004315 21.70867157
v 102.72317505 -0.16259266 22.98611259
v 106.60968018 -0.24805856 22.04387665
v 102.80226898 -0.25824896 23.32101822
v 106.68876648 -0.34371486 22.37878227
v 102.87986755 -0.32913476 23.64751816
v 106.76636505 -0.41460064 22.70528221
v 102.95574951 -0.37702617 23.96487617
v 106.84225464 -0.46249205 23.02264023
v 103.03011322 -0.40475455 24.27412033
v 106.91661835 -0.49022043 23.33188438
v 103.10313416 -0.41515234 24.57625198
v 106.98963165 -0.50061822 23.63401604
v 103.17472839 -0.40995613 24.87109756
v 107.06123352 -0.49542201 23.92886162
v 103.2436676 -0.38656354 25.15331459
v 107.1301651 -0.47202945 24.21107864
v 103.30843353 -0.34128124 25.41637611
v 107.19493866 -0.42674711 24.47414017
v 103.36754608 -0.27041093 25.65376282
v 107.25405121 -0.35587683 24.71152687
v 103.41992188 -0.17274483 25.86093521
v 107.30641937 -0.25821072 24.91869926
v 103.46627808 -0.05700251 26.04165268
v 107.3527832 -0.14246841 25.09941673
v 103.58080292 0.2876997 26.48276901
v 107.46730042 0.20223382 25.54053307
v 103.61384583 0.37113631 26.61148262
v 107.50034332 0.2856704 25.66924667
v 103.64513397 0.42936942 26.73526955
v 107.53163147 0.34390354 25.7930336
v 103.67504883 0.45756099 26.85609055
v 107.56154633 0.37209508 25.9138546
v 103.70428467 0.45330083 26.97708511
v 107.59078217 0.36783496 26.03484917
v 103.73482513 0.42387298 27.10573769
v 107.62133026 0.3384071 26.16350174
v 103.8089447 0.32832724 27.42012596
v 107.69544983 0.24286136 26.47789001
v 103.85634613 0.28065148 27.61996651
v 107.74285126 0.19518559 26.67773056
v 103.90969086 0.24082749 27.84361839
v 107.79619598 0.15536159 26.90138245
v 103.96675873 0.21275824 28.08153343
v 107.85325623 0.12729235 27.13929749
v 104.02532959 0.20035279 28.32425308
v 107.91182709 0.11488689 27.38201714
v 104.08356476 0.2063861 28.56391525
v 107.97006226 0.12092021 27.62168121
v 104.14116669 0.22912738 28.79946709
v 108.02767181 0.14366148 27.85723114
v 104.19823456 0.26571968 29.03153801
v 108.08473969 0.18025379 28.08930206
v 104.31100464 0.36995819 29.48722267
v 108.19750977 0.28449228 28.54498672
v 104.36629486 0.43748862 29.70916557
v 108.25279999 0.35202271 28.76692963
v 104.42022705 0.51863843 29.92425346
v 108.30673218 0.43317252 28.98201752
v 104.47232056 0.61615586 30.13027763
v 108.35881805 0.53068995 29.18804169
v 104.52214813 0.73170835 30.32533455
v 108.40865326 0.6462425 29.3830986
v 104.56972504 0.86268789 30.50969696
v 108.45623016 0.77722198 29.56746101
v 104.61511993 1.00540853 30.68399429
v 108.50162506 0.91994262 29.74176025
v 104.65841675 1.15618765 30.84890175
v 108.54492188 1.07072175 29.9066658
v 104.73882294 1.47371304 31.15176582
v 108.62532806 1.38824713 30.20952988
v 104.77577209 1.64205909 31.28888512
v 108.66226959 1.55659318 30.34664917
v 104.81041718 1.81840873 31.41580009
v 108.6969223 1.73294282 30.47356415
v 104.84272003 2.00439429 31.53217125
v 108.72921753 1.9189285 30.5899353
v 104.87284851 2.20335793 31.63840485
v 108.75935364 2.11789203 30.6961689
v 104.90103149 2.41907239 31.73508644
v 108.78753662 2.33360648 30.79285049
v 104.9274826 2.655303 31.82275391
v 108.8139801 2.56983709 30.88051796
v 104.95205688 2.91482258 31.90057373
v 108.83855438 2.82935667 30.95833778
v 104.97307587 3.19640732 31.96173668
v 108.85958099 3.11094141 31.01950073
v 104.98849487 3.49783015 31.99799919
v 108.875 3.41236424 31.05576324
v 100.65151978 1.34370673 14.30439472
v 100.65032196 1.60630059 14.27563095
v 104.53682709 1.52083468 13.333395
v 104.5380249 1.25824082 13.36215878
v 100.64409637 1.87404859 14.2256546
v 104.53059387 1.78858268 13.28341961
v 100.6328125 2.13891292 14.15508842
v 104.51931 2.05344701 13.21285248
v 100.61641693 2.39284801 14.06443501
v 104.50292206 2.30738211 13.12219906
v 100.59508514 2.62939501 13.95499229
v 104.48159027 2.5439291 13.01275635
v 100.56978607 2.84839416 13.83075428
v 104.45628357 2.76292825 12.88851833
v 100.54170227 3.0512836 13.69651222
v 104.42819977 2.96581769 12.75427628
v 100.51200867 3.23948145 13.55696487
v 104.39850616 3.15401554 12.61472893
v 100.44989014 3.57921815 13.26994228
v 104.33639526 3.49375224 12.32770634
v 100.41619873 3.73593283 13.11673832
v 104.30269623 3.65046692 12.17450237
v 100.37967682 3.88747239 12.95234871
v 104.26617432 3.80200648 12.01011276
v 100.3396225 4.03515768 12.77373791
v 104.22612 3.94969201 11.83150196
v 100.2956543 4.17480421 12.57971287
v 104.18215179 4.0893383 11.63747692
v 100.24746704 4.30085516 12.36953068
v 104.13396454 4.21538925 11.42729568
v 100.19476318 4.40774727 12.14245319
v 104.08126831 4.32228136 11.20021725
v 100.1373291 4.49116421 11.89797878
v 104.0238266 4.4056983 10.95574284
v 100.07527924 4.55174351 11.63653755
v 103.96177673 4.4662776 10.69430161
v 100.00878906 4.59136391 11.35868263
v 103.89528656 4.505898 10.41644669
v 99.93804932 4.61190128 11.06505585
v 103.82455444 4.52643538 10.1228199
v 99.86392975 4.61524296 10.75900269
v 103.75042725 4.52977705 9.81676674
v 99.78990173 4.60328245 10.45476246
v 103.67640686 4.51781654 9.51252651
v 99.72014618 4.57792234 10.16933823
v 103.60665131 4.49245644 9.22710228
v 99.65879822 4.54105711 9.91963005
v 103.54530334 4.4555912 8.9773941
v 99.60884857 4.49468994 9.71778774
v 103.49534607 4.40922403 8.77555275
v 99.5684967 4.44117022 9.55621815
v 103.45500183 4.35570431 8.6139822
v 99.44783783 4.20862579 9.07960224
v 103.33433533 4.12315989 8.13736629
v 99.42028809 4.16564465 8.96986198
v 103.30678558 4.08017874 8.02762604
v 99.39326477 4.13923931 8.86082172
v 103.2797699 4.0537734 7.91858578
v 99.36676025 4.13348055 8.75201702
v 103.25326538 4.04801464 7.80978107
v 99.34088898 4.14687872 8.64408684
v 103.2273941 4.06141281 7.70185137
v 99.31582642 4.17656755 8.53802013
v 103.20233154 4.09110165 7.59578466
v 99.29173279 4.21966839 8.43471622
v 103.17823029 4.13420248 7.49248075
v 99.19102478 4.46385384 7.99716187
v 103.07752228 4.37838793 7.05492592
v 99.15769196 4.52601004 7.85403252
v 103.04418945 4.44054413 6.91179705
v 99.11791992 4.58051443 7.68504333
v 103.00441742 4.49504852 6.74280739
v 99.06996918 4.6224947 7.48345995
v 102.9564743 4.53702879 6.541224
v 99.01210785 4.64708328 7.24254799
v 102.89860535 4.56161737 6.30031252
v 98.9433136 4.65040541 6.95850706
v 102.82981873 4.5649395 6.01627159
v 98.86549377 4.63257074 6.63913202
v 102.75199127 4.54710484 5.69689608
v 98.78125763 4.59467649 6.29512024
v 102.66776276 4.50921059 5.35288477
v 98.69322968 4.53782892 5.93717051
v 102.57972717 4.45236301 4.99493504
v 98.6036911 4.46157646 5.57476664
v 102.4901886 4.37611055 4.63253069
v 98.51356506 4.35924387 5.21231365
v 102.40007019 4.27377796 4.27007771
v 98.42346191 4.22260284 4.85303164
v 102.30995941 4.13713694 3.91079593
v 98.37858582 4.13884497 4.67554808
v 102.26509094 4.05337906 3.73331213
v 98.3339386 4.04342222 4.50003862
v 102.22044373 3.95795655 3.55780292
v 98.28961945 3.9358108 4.32698727
v 102.17612457 3.8503449 3.38475132
v 98.24581146 3.81748605 4.15703249
v 102.13231659 3.73202014 3.21479678
v 98.16066742 3.55661488 3.8294735
v 102.04716492 3.47114921 2.88723779
v 98.08028412 3.27664948 3.5233283
v 101.96678925 3.19118357 2.5810926
v 98.00647736 2.99342108 3.24457932
v 101.89298248 2.90795517 2.30234361
v 97.9407959 2.71959996 2.99849367
v 101.82730103 2.63413405 2.05625796
v 97.88391876 2.45519137 2.78785014
v 101.77041626 2.36972547 1.84561443
v 97.83625793 2.1970315 2.61468339
v 101.72275543 2.11156559 1.67244744
v 97.79825592 1.94195497 2.48108697
v 101.68476105 1.85648918 1.53885114
v 97.76997375 1.68736196 2.38751054
v 101.65647125 1.60189605 1.44527471
v 97.74988556 1.43288934 2.32775187
v 101.63639069 1.34742343 1.38551617
v 97.73612213 1.17873657 2.29402447
v 101.62262726 1.09327066 1.35178864
v 97.72677612 0.92509687 2.2784822
v 101.61328125 0.83963096 1.33624637
v 97.7204361 0.67205995 2.27527809
v 101.60693359 0.58659405 1.33304214
v 97.71761322 0.41928503 2.28657579
v 101.60411835 0.33381912 1.34434009
v 97.71929932 0.16631784 2.31645012
v 101.60579681 0.08085193 1.37421429
v 97.72648621 -0.08728962 2.3691082
v 101.6129837 -0.17275552 1.42687237
v 97.73997498 -0.34131396 2.44777465
v 101.62647247 -0.42677984 1.50553882
v 97.75988007 -0.59280026 2.5526886
v 101.64637756 -0.67826617 1.61045277
v 97.78612518 -0.83812088 2.68321013
v 101.67262268 -0.92358673 1.74097419
v 97.81864929 -1.07364416 2.83871365
v 101.70514679 -1.15911007 1.8964777
v 97.8572998 -1.29667401 3.01838636
v 101.74380493 -1.38213992 2.07615042
v 97.90168762 -1.50823367 3.2206502
v 101.78818512 -1.59369946 2.27841425
v 97.95135498 -1.71027625 3.44384336
v 101.83785248 -1.79574215 2.50160766
v 98.00583649 -1.90475655 3.68621516
v 101.89233398 -1.99022233 2.74397945
v 98.06454468 -2.09287596 3.94544196
v 101.9510498 -2.17834187 3.00320601
v 98.12635803 -2.2728219 4.21673012
v 102.01286316 -2.35828781 3.27449417
v 98.19003296 -2.44202423 4.49471283
v 102.07653046 -2.52749014 3.55247688
v 98.25431824 -2.59791303 4.77400875
v 102.14081573 -2.68337893 3.83177304
v 98.31845856 -2.73814702 5.05130386
v 102.20495605 -2.82361293 4.10906792
v 98.3837738 -2.86125731 5.33189011
v 102.27027893 -2.94672322 4.38965416
v 98.45207214 -2.966012 5.62308264
v 102.33856964 -3.05147791 4.68084669
v 98.52515411 -3.05116677 5.93225527
v 102.41165161 -3.13663268 4.99001932
v 98.60391998 -3.11543465 6.26297426
v 102.49041748 -3.20090055 5.32073832
v 98.68558502 -3.1573503 6.6036334
v 102.57208252 -3.24281621 5.66139793
v 98.76647186 -3.17539573 6.93892336
v 102.65297699 -3.26086164 5.99668741
v 98.84288788 -3.16805363 7.25344419
v 102.72938538 -3.25351954 6.31120825
v 98.91184998 -3.13500905 7.5348978
v 102.79834747 -3.22047496 6.59266186
v 98.97315979 -3.08075762 7.78287029
v 102.85966492 -3.16622353 6.84063482
v 99.02733612 -3.01099467 8.00000477
v 102.91383362 -3.09646058 7.05776834
v 99.07489777 -2.9314146 8.18895626
v 102.96139526 -3.01688051 7.24672079
v 99.11638641 -2.84715366 8.35246468
v 103.00289154 -2.93261957 7.41022873
v 99.152565 -2.76110482 8.49388123
v 103.03907013 -2.84657073 7.55164576
v 99.21220398 -2.59295368 8.72461605
v 103.09870148 -2.67841959 7.78238058
v 99.25982666 -2.44619298 8.90774155
v 103.14632416 -2.53165889 7.96550608
v 99.30001831 -2.34240556 9.06410313
v 103.18651581 -2.42787147 8.12186718
v 99.318573 -2.31302977 9.1379652
v 103.2050705 -2.39849567 8.19572926
v 99.33641815 -2.2995491 9.2103529
v 103.22291565 -2.38501501 8.26811695
v 99.3536377 -2.30157351 9.28157997
v 103.24014282 -2.38703942 8.33934498
v 99.37033844 -2.31871128 9.35202217
v 103.25684357 -2.40417695 8.40978622
v 99.42686462 -2.42817831 9.59509277
v 103.31336212 -2.51364422 8.65285683
v 99.45425415 -2.46250296 9.71117401
v 103.34075165 -2.54796886 8.76893806
v 99.48888397 -2.48578453 9.85614777
v 103.3753891 -2.57125044 8.91391182
v 99.53088379 -2.49786806 10.03046417
v 103.41738129 -2.58333397 9.08822823
v 99.63585663 -2.49313068 10.4630394
v 103.52236176 -2.57859659 9.52080345
v 99.764328 -2.45306373 10.98930264
v 103.6508255 -2.53852963 10.04706669
v 99.83275604 -2.41579008 11.26817226
v 103.71925354 -2.50125599 10.32593632
v 99.90097809 -2.36397147 11.54487991
v 103.78747559 -2.44943738 10.60264397
v 99.9670105 -2.29622269 11.8111105
v 103.85351562 -2.38168859 10.86887455
v 100.02987671 -2.21476603 12.06302166
v 103.91637421 -2.30023193 11.12078571
v 100.08882904 -2.12273121 12.29783058
v 103.97532654 -2.20819712 11.35559464
v 100.14311981 -2.02324629 12.51275253
v 104.02961731 -2.1087122 11.57051659
v 100.19235229 -1.91825294 12.70628834
v 104.07884979 -2.00371885 11.76405239
v 100.23738861 -1.80494952 12.88178158
v 104.12388611 -1.89041543 11.93954563
v 100.27941895 -1.67935181 13.04376602
v 104.16592407 -1.76481771 12.10153008
v 100.31964111 -1.53747356 13.19679546
v 104.20613861 -1.62293947 12.25455952
v 100.35903931 -1.37568986 13.34464264
v 104.24554443 -1.46115577 12.40240765
v 100.39783478 -1.19180989 13.48798847
v 104.2843399 -1.27727568 12.54575253
v 100.43602753 -0.98400903 13.6266737
v 104.32253265 -1.06947494 12.68443775
v 100.47363281 -0.75045788 13.76060104
v 104.36013794 -0.83592373 12.8183651
v 100.51041412 -0.49152875 13.88881493
v 104.39691162 -0.57699466 12.94657898
v 100.54520416 -0.21636701 14.00734901
v 104.43170166 -0.30183291 13.06511307
v 100.57659912 0.06367754 14.11145115
v 104.46309662 -0.02178835 13.16921616
v 100.6031723 0.33725554 14.19625473
v 104.48967743 0.25178963 13.25401878
v 100.62381744 0.59620523 14.25791454
v 104.51031494 0.51073933 13.3156786
v 100.6385498 0.84509695 14.29612732
v 104.52505493 0.75963104 13.35389137
v 100.64768982 1.09168029 14.31143379
v 104.53418732 1.00621438 13.3691988
v 92.99549103 0.03674884 -17.15637589
v 93.00732422 0.35801595 -17.13670349
v 96.89382935 0.27255008 -18.07893944
v 96.88199615 -0.04871705 -18.09861183
v 93.01209259 0.6905266 -17.14720154
v 96.89859772 0.6050607 -18.08943748
v 93.00904083 1.03037381 -17.19061089
v 96.89554596 0.94490796 -18.13284683
v 92.99755096 1.37293375 -17.26909065
v 96.88404846 1.28746796 -18.2113266
v 92.97720337 1.71301949 -17.38387108
v 96.86370087 1.62755358 -18.32610703
v 92.94782257 2.04507732 -17.53517151
v 96.83432007 1.95961142 -18.47740746
v 92.90953064 2.36346436 -17.72200203
v 96.79602814 2.27799845 -18.66423798
v 92.86271667 2.66272593 -17.94222832
v 96.7492218 2.57726026 -18.88446426
v 92.80807495 2.93790865 -18.19259071
v 96.69457245 2.85244274 -19.13482666
v 92.74653625 3.18482685 -18.46881294
v 96.63303375 3.09936094 -19.41104889
v 92.67921448 3.40026307 -18.76605034
v 96.56571198 3.31479716 -19.70828629
v 92.60738373 3.5821135 -19.07880402
v 96.49388885 3.4966476 -20.02103996
v 92.53236389 3.7294054 -19.40160942
v 96.41886902 3.6439395 -20.34384537
v 92.45547485 3.84226561 -19.72900772
v 96.34197235 3.7567997 -20.67124367
v 92.37793732 3.92177367 -20.05605125
v 96.26443481 3.83630776 -20.9982872
v 92.30088043 3.96981716 -20.37825012
v 96.18737793 3.88435125 -21.32048607
v 92.22244263 3.98907375 -20.70351791
v 96.10894775 3.90360785 -21.64575386
v 92.14058685 3.9785521 -21.04019928
v 96.02709198 3.89308619 -21.98243523
v 92.05621338 3.93550062 -21.38430977
v 95.94271851 3.85003471 -22.32654572
v 91.97040558 3.85781503 -21.73120308
v 95.85691071 3.77234912 -22.67343903
v 91.8844223 3.74427438 -22.07557297
v 95.7709198 3.65880847 -23.01780891
v 91.79960632 3.59468603 -22.41184807
v 95.68610382 3.50922012 -23.35408401
v 91.71736908 3.4100008 -22.73431587
v 95.60386658 3.32453489 -23.67655182
v 91.63909912 3.192348 -23.03741646
v 95.52559662 3.1068821 -23.9796524
v 91.56607819 2.94495201 -23.31617355
v 95.45257568 2.8594861 -24.2584095
v 91.4994278 2.67198586 -23.56631851
v 95.38593292 2.58651996 -24.50855255
v 91.44005585 2.37834263 -23.78457832
v 95.32656097 2.29287672 -24.72681236
v 91.38858795 2.069345 -23.96885872
v 95.27508545 1.98387909 -24.91109467
v 91.34537506 1.75046086 -24.11816216
v 95.23188019 1.66499496 -25.0603981
v 91.31052399 1.42702281 -24.23259163
v 95.19702148 1.34155691 -25.17482758
v 91.28385925 1.10398674 -24.3132534
v 95.17036438 1.01852083 -25.25548935
v 91.26502991 0.78574836 -24.36205864
v 95.15153503 0.70028251 -25.30429459
v 91.25320435 0.46447846 -24.38171577
v 95.13970184 0.37901258 -25.32395172
v 91.24842834 0.1319668 -24.37123299
v 95.13493347 0.0465009 -25.31346893
v 91.25148773 -0.20787752 -24.32780838
v 95.13798523 -0.29334339 -25.27004433
v 91.26298523 -0.55043644 -24.24931335
v 95.14948273 -0.63590235 -25.1915493
v 91.28333282 -0.89052218 -24.13453293
v 95.16983032 -0.97598809 -25.07676888
v 91.31271362 -1.22257984 -23.98321915
v 95.19921112 -1.30804574 -24.92545509
v 91.35100555 -1.54096711 -23.79640388
v 95.23750305 -1.62643301 -24.73863983
v 91.39781189 -1.84022963 -23.5761776
v 95.28431702 -1.92569554 -24.51841354
v 91.45245361 -2.11541343 -23.32584381
v 95.33895111 -2.20087934 -24.26807976
v 91.51399994 -2.36232853 -23.04957581
v 95.40049744 -2.44779444 -23.99181175
v 91.58131409 -2.57776761 -22.75238419
v 95.46781158 -2.66323352 -23.69462013
v 91.65314484 -2.75961614 -22.4396019
v 95.53964233 -2.84508204 -23.38183784
v 91.72815704 -2.90691113 -22.1168251
v 95.61466217 -2.99237704 -23.05906105
v 91.80506134 -3.01976728 -21.78939629
v 95.69155884 -3.10523319 -22.73163223
v 91.88259888 -3.0992763 -21.46235275
v 95.76909637 -3.18474221 -22.4045887
v 91.95965576 -3.14732075 -21.14015388
v 95.84615326 -3.23278666 -22.08238983
v 92.03808594 -3.16657853 -20.81490135
v 95.92458344 -3.25204444 -21.7571373
v 92.11993408 -3.15605855 -20.47823524
v 96.00643921 -3.24152446 -21.42047119
v 92.20431519 -3.11300325 -20.1341095
v 96.09081268 -3.19846916 -21.07634544
v 92.29011536 -3.03531957 -19.78723145
v 96.17662048 -3.12078547 -20.72946739
v 92.37610626 -2.92177892 -19.4428463
v 96.26260376 -3.00724483 -20.38508224
v 92.46092224 -2.77218866 -19.10655594
v 96.34742737 -2.85765457 -20.04879189
v 92.54316711 -2.58750534 -18.78408813
v 96.42966461 -2.67297125 -19.72632408
v 92.62143707 -2.36985159 -18.48098755
v 96.50793457 -2.4553175 -19.4232235
v 92.69445038 -2.12245584 -18.20224571
v 96.58095551 -2.20792174 -19.14448166
v 92.76109314 -1.8494916 -17.95211601
v 96.64759827 -1.93495739 -18.89435196
v 92.82047272 -1.5558461 -17.73382759
v 96.70697784 -1.641312 -18.67606354
v 92.87194824 -1.24684763 -17.54954529
v 96.75844574 -1.33231354 -18.49178123
v 92.9151535 -0.92796451 -17.40024185
v 96.80165863 -1.01343036 -18.3424778
v 92.95000458 -0.60452843 -17.2858429
v 96.83650208 -0.68999434 -18.22807884
v 92.97666931 -0.28148934 -17.2051506
v 96.86316681 -0.36695522 -18.14738655
v 96.34322357 2.52119899 -3.5731225
v 96.35034943 2.84857035 -3.57343626
v 100.23684692 2.76310444 -4.51567221
v 100.2297287 2.43573308 -4.51535845
v 96.35009003 3.18550181 -3.60504937
v 100.23659515 3.10003591 -4.54728508
v 96.34173584 3.52785063 -3.67057061
v 100.22823334 3.44238472 -4.61280632
v 96.32472229 3.87079763 -3.77186227
v 100.21121979 3.78533173 -4.71409798
v 96.29869843 4.20899582 -3.90988827
v 100.18519592 4.12352991 -4.85212421
v 96.26358795 4.53680468 -4.08441734
v 100.15009308 4.45133877 -5.02665329
v 96.21958923 4.84854078 -4.29420567
v 100.10608673 4.76307487 -5.23644161
v 96.16719055 5.13880777 -4.53666115
v 100.05368805 5.05334187 -5.47889709
v 96.10715485 5.4027729 -4.80822086
v 99.99365997 5.317307 -5.75045681
v 96.04051971 5.63645124 -5.10426617
v 99.92702484 5.55098534 -6.04650211
v 95.96847534 5.8368783 -5.41961098
v 99.85498047 5.75141287 -6.36184692
v 95.89234924 6.00225019 -5.74863005
v 99.77884674 5.91678429 -6.69086599
v 95.81348419 6.13191986 -6.08567572
v 99.69998932 6.04645395 -7.02791166
v 95.73324585 6.22634745 -6.42522144
v 99.61974335 6.14088154 -7.36745691
v 95.65286255 6.28694105 -6.76226711
v 99.53936768 6.20147514 -7.70450306
v 95.57346344 6.31589079 -7.09240437
v 99.45996094 6.23042488 -8.03464031
v 95.4930954 6.31542158 -7.42387295
v 99.3795929 6.22995567 -8.36610889
v 95.40969086 6.28401995 -7.76502419
v 99.29619598 6.19855404 -8.70726013
v 95.32421875 6.21913338 -8.11169624
v 99.21072388 6.13366747 -9.05393219
v 95.23782349 6.11891937 -8.45897484
v 99.12432098 6.03345346 -9.40121078
v 95.15179443 5.98245525 -8.80145931
v 99.03829193 5.89698935 -9.74369526
v 95.06750488 5.80989075 -9.13345432
v 98.95401001 5.72442484 -10.07568932
v 94.98640442 5.60255051 -9.4491806
v 98.87290192 5.5170846 -10.3914156
v 94.90985107 5.36292696 -9.74320984
v 98.79634857 5.27746105 -10.68544579
v 94.83912659 5.09460974 -10.01059151
v 98.72563171 5.00914383 -10.95282745
v 94.77529907 4.8020916 -10.24734402
v 98.66179657 4.71662569 -11.18957996
v 94.71920776 4.49054193 -10.45044041
v 98.60570526 4.40507603 -11.39267635
v 94.6714325 4.16549826 -10.61802483
v 98.55792999 4.08003235 -11.56026077
v 94.6322403 3.8325696 -10.74949169
v 98.51873779 3.74710369 -11.69172764
v 94.60163879 3.49716401 -10.84526539
v 98.48814392 3.4116981 -11.78750134
v 94.57940674 3.16424274 -10.90679169
v 98.46590424 3.07877707 -11.84902763
v 94.56509399 2.83815312 -10.93624687
v 98.45159149 2.75268722 -11.87848282
v 94.55796051 2.51078153 -10.93596363
v 98.44446564 2.42531562 -11.87819958
v 94.55822754 2.1738503 -10.90432072
v 98.44472504 2.08838439 -11.84655666
v 94.56658173 1.83150136 -10.83879948
v 98.45307922 1.74603546 -11.78103542
v 94.58359528 1.48855436 -10.73750782
v 98.4701004 1.40308845 -11.67974377
v 94.60961914 1.15035796 -10.59948158
v 98.49612427 1.06489205 -11.54171753
v 94.64472961 0.8225494 -10.42495251
v 98.53122711 0.73708349 -11.36718845
v 94.68872833 0.51081318 -10.21516418
v 98.57523346 0.42534727 -11.15740013
v 94.74112701 0.22054605 -9.9727087
v 98.62763214 0.13508016 -10.91494465
v 94.80116272 -0.04342078 -9.70114899
v 98.68766022 -0.12888668 -10.64338493
v 94.86779785 -0.27709728 -9.40510368
v 98.75429535 -0.36256319 -10.34733963
v 94.93984222 -0.47752553 -9.08975887
v 98.82633972 -0.56299144 -10.03199482
v 95.01597595 -0.64289612 -8.76072502
v 98.90247345 -0.72836202 -9.70296097
v 95.09482574 -0.77256882 -8.42372322
v 98.98132324 -0.85803467 -9.36595917
v 95.17506409 -0.86699444 -8.08417797
v 99.06156921 -0.95246029 -9.02641392
v 95.25544739 -0.92758709 -7.74711752
v 99.14195251 -1.01305306 -8.68935299
v 95.33485413 -0.95653683 -7.41696548
v 99.22135162 -1.04200268 -8.35920143
v 95.41522217 -0.9560678 -7.0854969
v 99.30172729 -1.04153371 -8.02773285
v 95.49862671 -0.9246667 -6.74433088
v 99.38512421 -1.01013267 -7.68656683
v 95.58409119 -0.85978156 -6.39768839
v 99.47059631 -0.94524747 -7.33992434
v 95.67049408 -0.75956625 -6.05039549
v 99.55699158 -0.84503216 -6.99263096
v 95.75652313 -0.62310147 -5.70791054
v 99.64302826 -0.70856738 -6.65014648
v 95.84081268 -0.45053664 -5.375916
v 99.72731018 -0.53600252 -6.31815195
v 95.92191315 -0.24319772 -5.06018972
v 99.80841064 -0.32866362 -6.00242567
v 95.99845886 -0.00357607 -4.76619005
v 99.88495636 -0.08904197 -5.70842552
v 96.06919098 0.2647433 -4.49877882
v 99.95568848 0.17927739 -5.44101429
v 96.13301849 0.55726045 -4.26202583
v 100.01952362 0.47179458 -5.20426178
v 96.1891098 0.86881226 -4.05892897
v 100.0756073 0.78334635 -5.00116491
v 96.23688507 1.19385588 -3.89134526
v 100.1233902 1.10838997 -4.83358097
v 96.27607727 1.52678251 -3.75987792
v 100.1625824 1.4413166 -4.70211363
v 96.30667877 1.8621881 -3.66410446
v 100.19317627 1.77672219 -4.60634041
v 96.3289032 2.19510913 -3.60260797
v 100.21540833 2.10964322 -4.54484367
v 117.71469879 -5.80473042 85.3343811
v 117.75002289 -5.4932909 85.45182037
v 121.63652039 -5.57875681 84.50958252
v 121.60120392 -5.89019632 84.39214325
v 117.77940369 -5.16177273 85.54296112
v 121.66590881 -5.24723864 84.60072327
v 117.80182648 -4.81320429 85.60380554
v 121.68832397 -4.8986702 84.66157532
v 117.81633759 -4.45151806 85.63088226
v 121.70284271 -4.53698397 84.68864441
v 117.82215881 -4.08146906 85.62132263
v 121.70866394 -4.16693497 84.67908478
v 117.81872559 -3.70847511 85.57331085
v 121.70522308 -3.79394102 84.631073
v 117.80569458 -3.33840966 85.48599243
v 121.69219208 -3.42387557 84.54375458
v 117.7830658 -2.97728801 85.35990143
v 121.66956329 -3.06275392 84.4176712
v 117.75111389 -2.63097811 85.19671631
v 121.63761902 -2.71644378 84.25447845
v 117.71042633 -2.30487394 84.99931335
v 121.59693146 -2.39033985 84.0570755
v 117.6618576 -2.00361824 84.77165222
v 121.54836273 -2.08908415 83.82941437
v 117.60644531 -1.73090553 84.51832581
v 121.49294281 -1.81637144 83.57608795
v 117.54538727 -1.48933482 84.24458313
v 121.4318924 -1.57480073 83.30234528
v 117.47995758 -1.28039789 83.95573425
v 121.36645508 -1.3658638 83.01350403
v 117.41143036 -1.10451066 83.65711975
v 121.29792786 -1.18997657 82.7148819
v 117.34101105 -0.96114081 83.35366821
v 121.22751617 -1.04660678 82.41143799
v 117.26712799 -0.84528351 83.038414
v 121.15363312 -0.93074942 82.09617615
v 117.18774414 -0.75544286 82.70279694
v 121.07424164 -0.84090877 81.76056671
v 117.10350037 -0.69551766 82.34989929
v 120.99000549 -0.78098357 81.40766144
v 117.01530457 -0.6689707 81.98369598
v 120.90180206 -0.75443661 81.04145813
v 116.924263 -0.67857581 81.60903931
v 120.8107605 -0.76404172 80.66680145
v 116.83164978 -0.72619838 81.23136139
v 120.71814728 -0.81166422 80.28912354
v 116.73889923 -0.81259841 80.85661316
v 120.62539673 -0.89806432 79.91438293
v 116.64749908 -0.93731833 80.49092865
v 120.53399658 -1.02278423 79.5486908
v 116.55892181 -1.09866691 80.14020538
v 120.44542694 -1.18413281 79.19797516
v 116.47455597 -1.29378462 79.80992889
v 120.3610611 -1.37925053 78.86769104
v 116.39563751 -1.51881289 79.50479889
v 120.28213501 -1.6042788 78.56256104
v 116.32315826 -1.76912403 79.22854614
v 120.20965576 -1.85458994 78.28631592
v 116.25788116 -2.0396142 78.98383331
v 120.14438629 -2.12508011 78.04160309
v 116.20028687 -2.32498217 78.77214813
v 120.08678436 -2.41044807 77.82991028
v 116.15058136 -2.62000728 78.59390259
v 120.03708649 -2.70547318 77.65166473
v 116.10876465 -2.91977859 78.44858551
v 119.99526215 -3.00524449 77.50634766
v 116.07344055 -3.23121858 78.33113098
v 119.95993805 -3.31668448 77.38889313
v 116.04405975 -3.56273723 78.24002075
v 119.93055725 -3.64820313 77.2977829
v 116.02163696 -3.91130447 78.17915344
v 119.90814209 -3.99677038 77.23692322
v 116.00711823 -4.27299118 78.15208435
v 119.89362335 -4.35845709 77.2098465
v 116.001297 -4.64304113 78.16162109
v 119.88779449 -4.72850704 77.21939087
v 116.00473785 -5.01603174 78.20965576
v 119.89124298 -5.10149765 77.26741791
v 116.01776886 -5.38610029 78.29695892
v 119.90426636 -5.4715662 77.35472107
v 116.04039764 -5.74722099 78.42305756
v 119.92689514 -5.8326869 77.48082733
v 116.07234192 -6.09353113 78.58625031
v 119.95884705 -6.17899704 77.64401245
v 116.11302948 -6.41963625 78.783638
v 119.99952698 -6.50510216 77.84140015
v 116.16160583 -6.72088957 79.01132965
v 120.04810333 -6.80635548 78.0690918
v 116.21701813 -6.99360323 79.26464081
v 120.10352325 -7.07906914 78.32240295
v 116.27807617 -7.23517323 79.53839111
v 120.16457367 -7.32063913 78.59616089
v 116.34349823 -7.4441123 79.82720947
v 120.23000336 -7.52957821 78.88497162
v 116.41203308 -7.61999989 80.12584686
v 120.29853058 -7.70546579 79.18360901
v 116.48244476 -7.76337099 80.42927551
v 120.36894226 -7.8488369 79.48704529
v 116.55632782 -7.87922525 80.74455261
v 120.44283295 -7.96469116 79.80231476
v 116.63572693 -7.96906567 81.08017731
v 120.52222443 -8.0545311 80.13793945
v 116.71996307 -8.02899265 81.43306732
v 120.60646057 -8.11445904 80.49082947
v 116.80815125 -8.05554008 81.79925537
v 120.69465637 -8.14100552 80.85701752
v 116.89920044 -8.04593277 82.17392731
v 120.78569794 -8.13139915 81.23168945
v 116.99181366 -7.99830961 82.55162048
v 120.87831879 -8.08377552 81.60938263
v 117.08456421 -7.91191196 82.92634583
v 120.97106171 -7.9973774 81.9841156
v 117.17596436 -7.78719187 83.29203796
v 121.06246185 -7.87265778 82.34980011
v 117.26454163 -7.62584209 83.6427536
v 121.15103912 -7.711308 82.70051575
v 117.34889984 -7.43072414 83.97303772
v 121.23540497 -7.51619005 83.03079987
v 117.42782593 -7.20569801 84.27816772
v 121.31432343 -7.29116392 83.33592987
v 117.50030518 -6.95538473 84.55441284
v 121.38680267 -7.04085064 83.61218262
v 117.56558228 -6.68489456 84.79912567
v 121.45207977 -6.77036047 83.85689545
v 117.62317657 -6.39952564 85.01083374
v 121.5096817 -6.48499155 84.06859589
v 117.67287445 -6.10449982 85.18906403
v 121.55937958 -6.18996572 84.24682617
v 117.94404602 7.64562845 85.06036377
v 117.94041443 7.9893837 85.01420593
v 121.82691956 7.90391779 84.07196808
v 121.83055115 7.56016254 84.11813354
v 117.92861176 8.33890057 84.93380737
v 121.81510925 8.25343513 83.99156952
v 117.90802002 8.68947792 84.81706238
v 121.79451752 8.60401154 83.87482452
v 117.87820435 9.03579903 84.66266632
v 121.76470184 8.9503336 83.7204361
v 117.83898163 9.37212086 84.47037506
v 121.72547913 9.28665447 83.52814484
v 117.79045105 9.69253826 84.2411499
v 121.67695618 9.60707188 83.29891968
v 117.73301697 9.9912672 83.97716522
v 121.61952209 9.90580177 83.03492737
v 117.66740417 10.26298618 83.68186188
v 121.55390167 10.17752075 82.73962402
v 117.59458923 10.50311661 83.35972595
v 121.48108673 10.41765118 82.41749573
v 117.51577759 10.70808792 83.0160675
v 121.40227509 10.62262154 82.07382965
v 117.43235779 10.87550831 82.65679169
v 121.31885529 10.79004288 81.71455383
v 117.34579468 11.0042448 82.28807068
v 121.23229218 10.91877937 81.34583282
v 117.2575531 11.09439754 81.9159317
v 121.14405823 11.00893211 80.97369385
v 117.16905212 11.147192 81.54608154
v 121.05554962 11.06172562 80.60384369
v 117.08155823 11.16479778 81.18359375
v 120.96805573 11.07933235 80.2413559
v 116.9961853 11.15011215 80.8327713
v 120.8826828 11.06464672 79.89053345
v 116.91078949 11.10435295 80.48470306
v 120.79729462 11.01888752 79.54246521
v 116.82323456 11.02479076 80.13077545
v 120.70973969 10.93932533 79.18854523
v 116.73462677 10.90930653 79.77575684
v 120.62112427 10.82384014 78.83351898
v 116.64624023 10.75663853 79.4250412
v 120.53274536 10.6711731 78.48280334
v 116.55947876 10.56655407 79.08441925
v 120.44598389 10.48108768 78.1421814
v 116.47582245 10.33999538 78.75988007
v 120.36231995 10.25452995 77.81764984
v 116.39672852 10.07913399 78.45729065
v 120.28322601 9.99366856 77.5150528
v 116.32357788 9.78734016 78.18203735
v 120.21007538 9.70187473 77.23980713
v 116.25759125 9.46903896 77.93873596
v 120.14408875 9.38357258 76.99649811
v 116.19976807 9.1295166 77.73104095
v 120.08627319 9.04405022 76.7888031
v 116.1508255 8.77460098 77.56134033
v 120.037323 8.6891346 76.61910248
v 116.11117554 8.41035938 77.43083191
v 119.99767303 8.324893 76.48859406
v 116.08091736 8.04277515 77.33935547
v 119.96741486 7.95730877 76.39711761
v 116.05987549 7.6774621 77.2857132
v 119.94637299 7.59199619 76.34347534
v 116.04763794 7.31943512 77.26772308
v 119.93414307 7.23396921 76.32548523
v 116.0435791 6.97295952 77.28240204
v 119.93008423 6.88749361 76.34016418
v 116.04721069 6.62920666 77.3285675
v 119.93371582 6.54374075 76.38632965
v 116.05901337 6.27968788 77.40895081
v 119.94551849 6.19422197 76.46671295
v 116.07961273 5.92910957 77.5256958
v 119.96611023 5.84364367 76.58345795
v 116.10942841 5.58279085 77.68011475
v 119.99593353 5.49732494 76.73787689
v 116.14865112 5.24646711 77.87239075
v 120.03514862 5.16100168 76.93015289
v 116.1971817 4.92605209 78.10163116
v 120.0836792 4.84058619 77.15939331
v 116.25460815 4.62732077 78.36560822
v 120.14111328 4.54185486 77.42337036
v 116.32022858 4.35560226 78.66090393
v 120.20672607 4.27013636 77.71867371
v 116.39305115 4.11547327 78.98307037
v 120.27954865 4.03000736 78.04083252
v 116.47185516 3.91050148 79.32672119
v 120.35836029 3.82503557 78.38448334
v 116.55527496 3.74308133 79.68598938
v 120.44178009 3.65761542 78.74375916
v 116.64183807 3.61434531 80.05471802
v 120.52833557 3.5288794 79.11248016
v 116.73007202 3.52419043 80.42684174
v 120.61656952 3.43872452 79.48460388
v 116.81858063 3.47139835 80.79670715
v 120.70507812 3.38593245 79.8544693
v 116.90607452 3.45379281 81.15919495
v 120.79257202 3.3683269 80.21695709
v 116.99144745 3.46847677 81.51000214
v 120.87794495 3.38301086 80.56776428
v 117.07684326 3.51423573 81.85808563
v 120.96334076 3.42876983 80.91584778
v 117.16439819 3.59379911 82.21200562
v 121.05089569 3.50833321 81.26976776
v 117.25300598 3.70928264 82.5670166
v 121.13950348 3.62381673 81.62477875
v 117.34139252 3.86195135 82.9177475
v 121.22789001 3.77648544 81.97550964
v 117.42814636 4.05203438 83.25835419
v 121.31464386 3.96656823 82.31611633
v 117.5118103 4.27859354 83.582901
v 121.39831543 4.19312763 82.64066315
v 117.59090424 4.53945589 83.88549042
v 121.47740936 4.45398998 82.94326019
v 117.66405487 4.83125162 84.16074371
v 121.55056 4.74578571 83.21851349
v 117.7300415 5.14954948 84.40402985
v 121.616539 5.06408358 83.46179962
v 117.78786469 5.48907328 84.61174011
v 121.67436218 5.40360737 83.66950989
v 117.83680725 5.84398842 84.78143311
v 121.72330475 5.75852251 83.83919525
v 117.87645721 6.20823097 84.91195679
v 121.76296234 6.12276506 83.96971893
v 117.90671539 6.57581329 85.00341034
v 121.79321289 6.49034739 84.06118011
v 117.92774963 6.94112778 85.05706024
v 121.81425476 6.85566187 84.11482239
v 117.93999481 7.29915571 85.07506561
v 121.82649231 7.2136898 84.13282776
v 117.15144348 15.24834728 81.10146332
v 117.23167419 15.34302616 81.42380524
v 121.11817932 15.25756073 80.48156738
v 121.03794861 15.1628809 80.15922546
v 117.31272888 15.47054672 81.74655151
v 121.19922638 15.38508034 80.80432129
v 117.39346313 15.63219929 82.06491089
v 121.27996063 15.5467329 81.12267303
v 117.47261047 15.82838917 82.37356567
v 121.35910797 15.74292278 81.43133545
v 117.54881287 16.0584774 82.66703033
v 121.43531799 15.97301197 81.72479248
v 117.62068939 16.32068634 82.93971252
v 121.50718689 16.23521996 81.9974823
v 117.68692017 16.61210251 83.18647003
v 121.57342529 16.52663612 82.24423981
v 117.74629974 16.92873955 83.40267944
v 121.63280487 16.84327316 82.46044159
v 117.79782867 17.26572227 83.58464813
v 121.68432617 17.18025589 82.64241028
v 117.84073639 17.61752319 83.7297287
v 121.72724152 17.53205872 82.78749847
v 117.8745575 17.97827148 83.83651733
v 121.76106262 17.8928051 82.89427948
v 117.89913177 18.34205818 83.90486145
v 121.78562927 18.2565918 82.9626236
v 117.91455078 18.70323372 83.93572235
v 121.80105591 18.61776733 82.99349213
v 117.92121887 19.05668068 83.9311676
v 121.807724 18.97121429 82.98892975
v 117.91971588 19.3979702 83.89400482
v 121.80621338 19.31250381 82.95176697
v 117.91078186 19.72350311 83.82763672
v 121.79728699 19.63803673 82.88539886
v 117.89458466 20.04182243 83.73194122
v 121.78108978 19.95635605 82.789711
v 117.87033081 20.36053467 83.60299683
v 121.75683594 20.27506828 82.66075897
v 117.83760071 20.67487907 83.43946838
v 121.72409821 20.5894146 82.49723053
v 117.79618073 20.97963715 83.24097443
v 121.68267822 20.89417076 82.29873657
v 117.74610901 21.26934624 83.00817108
v 121.63260651 21.18387985 82.06593323
v 117.68769073 21.53854942 82.74279785
v 121.57419586 21.45308495 81.80056763
v 117.62155151 21.78211784 82.44787598
v 121.50804901 21.69665146 81.50563812
v 117.54854584 21.99550629 82.127388
v 121.43504333 21.91004181 81.18515778
v 117.46979523 22.17505646 81.78627777
v 121.35629272 22.08959007 80.84403992
v 117.38660431 22.31817055 81.43016052
v 121.27310181 22.23270416 80.48792267
v 117.30037689 22.42347145 81.06495667
v 121.18688202 22.33800507 80.12272644
v 117.21257019 22.49077988 80.69664764
v 121.09906769 22.4053154 79.75441742
v 117.12458038 22.52109528 80.33098602
v 121.01108551 22.43562889 79.38874817
v 117.03771973 22.51641464 79.97312164
v 120.92422485 22.43094826 79.03088379
v 116.95313263 22.47953224 79.62754822
v 120.83963013 22.39406586 78.68531799
v 116.87176514 22.41383934 79.29790497
v 120.75827026 22.32837296 78.35567474
v 116.79154205 22.31915855 78.97557068
v 120.67803955 22.23369408 78.03333282
v 116.71048737 22.19163704 78.65280151
v 120.59698486 22.10617065 77.71057129
v 116.62975311 22.02998734 78.33446503
v 120.51625061 21.94452095 77.39222717
v 116.55060577 21.83379364 78.02578735
v 120.43710327 21.74832726 77.08355713
v 116.47440338 21.60370827 77.73235321
v 120.36090088 21.51824379 76.79012299
v 116.40251923 21.34149551 77.4596405
v 120.28902435 21.25602913 76.51741028
v 116.33629608 21.05008316 77.21289825
v 120.22279358 20.96461868 76.27066803
v 116.27690887 20.73344612 76.99668121
v 120.163414 20.64797974 76.05444336
v 116.22537994 20.39646339 76.81471252
v 120.11188507 20.31099701 75.87247467
v 116.18247986 20.04466248 76.66963959
v 120.06897736 19.95919609 75.72740936
v 116.14865112 19.68391228 76.56284332
v 120.03515625 19.5984478 75.62060547
v 116.12408447 19.32012558 76.49449921
v 120.01058197 19.23465919 75.55226135
v 116.10865784 18.95895195 76.46364594
v 119.99516296 18.87348557 75.52140808
v 116.10198975 18.60550499 76.46819305
v 119.98848724 18.5200386 75.5259552
v 116.10350037 18.26421547 76.50537109
v 119.98999786 18.17874908 75.56313324
v 116.11242676 17.93868065 76.57172394
v 119.99892426 17.85321426 75.62948608
v 116.12863159 17.62036324 76.66742706
v 120.01512909 17.53489685 75.72518921
v 116.15288544 17.30164909 76.79637909
v 120.03938293 17.21618462 75.85414124
v 116.18561554 16.98730469 76.95990753
v 120.07211304 16.9018383 76.01766968
v 116.22703552 16.68254471 77.15838623
v 120.11353302 16.59708023 76.21614838
v 116.27710724 16.39283943 77.3911972
v 120.16360474 16.30737305 76.44896698
v 116.33551788 16.12363243 77.65655518
v 120.22201538 16.03816605 76.71432495
v 116.40166473 15.88006687 77.95149231
v 120.28816986 15.79460049 77.00926208
v 116.47467041 15.66667557 78.27196503
v 120.36116791 15.58121014 77.3297348
v 116.55342102 15.48712921 78.61308289
v 120.43991852 15.40166283 77.67084503
v 116.63660431 15.34401226 78.96920013
v 120.52310944 15.25854588 78.02696228
v 116.72283173 15.23871422 79.33441162
v 120.60933685 15.15324879 78.39217377
v 116.81064606 15.17140388 79.70270538
v 120.69714355 15.08593845 78.76047516
v 116.89862823 15.14108849 80.06837463
v 120.78512573 15.0556221 79.12613678
v 116.98548889 15.14577198 80.42623901
v 120.87199402 15.0603056 79.48400116
v 117.07008362 15.18265152 80.77182007
v 120.95658112 15.09718609 79.82958984
vn 0.23648 0.06838 0.96923
vn 0.2364 0.0547 0.97012
vn 0.23606 0.025 0.97142
vn 0.23524 -0.01627 0.9718
vn 0.23416 -0.05356 0.97072
vn 0.23236 -0.09983 0.96749
vn 0.22948 -0.15605 0.96072
vn 0.22524 -0.22043 0.94904
vn 0.21958 -0.28871 0.9319
vn 0.21049 -0.37613 0.90234
vn 0.20197 -0.44335 0.8733
vn 0.19498 -0.49143 0.84881
vn 0.18766 -0.53659 0.82271
vn 0.17996 -0.57952 0.79484
vn 0.17173 -0.62111 0.76468
vn 0.16327 -0.65999 0.73332
vn 0.15185 -0.70724 0.69048
vn 0.14247 -0.7421 0.65497
vn 0.13445 -0.76946 0.62438
vn 0.12314 -0.8046 0.58091
vn 0.10749 -0.84724 0.52022
vn 0.08753 -0.89273 0.44201
vn 0.06919 -0.92667 0.36945
vn 0.05545 -0.94759 0.31465
vn 0.04702 -0.95859 0.28089
vn 0.03903 -0.96778 0.24877
vn 0.02632 -0.97996 0.19747
vn 0.01485 -0.98843 0.15092
vn 0.00318 -0.99464 0.10334
vn -0.00491 -0.99752 0.07022
vn -0.01079 -0.99888 0.04609
vn -0.01633 -0.99959 0.02333
vn -0.02566 -0.99956 -0.01516
vn -0.03702 -0.99737 -0.06223
vn -0.05412 -0.98958 -0.13346
vn -0.07532 -0.97202 -0.22249
vn -0.09771 -0.94322 -0.31748
vn -0.11784 -0.90724 -0.40377
vn -0.13377 -0.87098 -0.47276
vn -0.14769 -0.83272 -0.53364
vn -0.16026 -0.79195 -0.58919
vn -0.17147 -0.74961 -0.63929
vn -0.18147 -0.7061 -0.68447
vn -0.19113 -0.6576 -0.72872
vn -0.20138 -0.59711 -0.77647
vn -0.20976 -0.53806 -0.81639
vn -0.21577 -0.48801 -0.84575
vn -0.22185 -0.42773 -0.87626
vn -0.22703 -0.36367 -0.90344
vn -0.23236 -0.27226 -0.93375
vn -0.23565 -0.17325 -0.95627
vn -0.23643 -0.11615 -0.96468
vn -0.23652 -0.09264 -0.9672
vn -0.23644 -0.1152 -0.96479
vn -0.23598 -0.15526 -0.95928
vn -0.23493 -0.2027 -0.95064
vn -0.23197 -0.28065 -0.93136
vn -0.22428 -0.39948 -0.88888
vn -0.209 -0.54383 -0.81275
vn -0.18797 -0.67428 -0.71415
vn -0.16816 -0.76276 -0.62443
vn -0.1517 -0.82039 -0.55131
vn -0.1358 -0.86581 -0.4816
vn -0.11675 -0.90945 -0.39908
vn -0.0879 -0.9572 -0.27576
vn -0.05128 -0.99125 -0.12162
vn -0.02182 -0.99976 0.00068
vn -0.01413 -0.99938 0.03236
vn -0.00843 -0.99841 0.05578
vn -0.00655 -0.99796 0.0635
vn -0.00578 -0.99776 0.06667
vn -0.00538 -0.99765 0.06829
vn -0.00601 -0.99782 0.0657
vn -0.00704 -0.99808 0.0615
vn -0.00845 -0.99841 0.05573
vn -0.01116 -0.99894 0.04459
vn -0.01667 -0.99962 0.02192
vn -0.02762 -0.99935 -0.02327
vn -0.04268 -0.9954 -0.08576
vn -0.05024 -0.99183 -0.11727
vn -0.05518 -0.9889 -0.13792
vn -0.06006 -0.98555 -0.15835
vn -0.06541 -0.98134 -0.18079
vn -0.07142 -0.97593 -0.20607
vn -0.07695 -0.97028 -0.22941
vn -0.08157 -0.96509 -0.24891
vn -0.08662 -0.95887 -0.2703
vn -0.09205 -0.95156 -0.29336
vn -0.09777 -0.94313 -0.31773
vn -0.10576 -0.93005 -0.35189
vn -0.11587 -0.91123 -0.39526
vn -0.12433 -0.89335 -0.43181
vn -0.12993 -0.8804 -0.45609
vn -0.12765 -0.8858 -0.44618
vn -0.13791 -0.86029 -0.4908
vn -0.14603 -0.83762 -0.52638
vn -0.15535 -0.80863 -0.56743
vn -0.16633 -0.76977 -0.61627
vn -0.17886 -0.71803 -0.67264
vn -0.19058 -0.66058 -0.72617
vn -0.20046 -0.60297 -0.77217
vn -0.20829 -0.54921 -0.80931
vn -0.21449 -0.49936 -0.83943
vn -0.22077 -0.43934 -0.87077
vn -0.22685 -0.36611 -0.9025
vn -0.23188 -0.28244 -0.93084
vn -0.23509 -0.19687 -0.95183
vn -0.23633 -0.12779 -0.96323
vn -0.23643 -0.05949 -0.96983
vn -0.23587 -0.01314 -0.9717
vn -0.23442 0.04577 -0.97106
vn -0.23052 0.13742 -0.96332
vn -0.22311 0.24784 -0.94276
vn -0.2125 0.35851 -0.90902
vn -0.19996 0.45771 -0.86632
vn -0.18643 0.5437 -0.81831
vn -0.17258 0.61701 -0.7678
vn -0.1593 0.67707 -0.71847
vn -0.14801 0.7219 -0.67598
vn -0.13796 0.75774 -0.6378
vn -0.12824 0.78925 -0.60053
vn -0.11845 0.81809 -0.56276
vn -0.11083 0.83869 -0.53321
vn -0.10638 0.85003 -0.51588
vn -0.10089 0.86332 -0.49446
vn -0.09367 0.87972 -0.46618
vn -0.0848 0.89824 -0.43125
vn -0.07723 0.91266 -0.40135
vn -0.07114 0.92339 -0.37721
vn -0.06605 0.93179 -0.35695
vn -0.0611 0.93943 -0.33725
vn -0.05411 0.94942 -0.3093
vn -0.04432 0.96183 -0.27004
vn -0.03171 0.97515 -0.21926
vn -0.01891 0.9857 -0.16742
vn -0.0072 0.99278 -0.11973
vn -0.00038 0.99577 -0.09191
vn 0.00259 0.99681 -0.07972
vn 0.00414 0.9973 -0.07338
vn 0.00453 0.99741 -0.0718
vn 0.00442 0.99738 -0.07222
vn 0.00419 0.99731 -0.07317
vn 0.0034 0.99707 -0.07641
vn 0.00122 0.99635 -0.08533
vn -0.00307 0.99469 -0.1029
vn -0.01563 0.98793 -0.15408
vn -0.05023 0.95456 -0.29375
vn -0.08272 0.90233 -0.42304
vn -0.10837 0.845 -0.52367
vn -0.13506 0.76746 -0.6267
vn -0.163 0.6612 -0.73229
vn -0.1897 0.52445 -0.83004
vn -0.20879 0.39043 -0.89664
vn -0.22057 0.27772 -0.935
vn -0.22734 0.19055 -0.95499
vn -0.23112 0.12597 -0.96474
vn -0.2334 0.07469 -0.96951
vn -0.23518 0.01879 -0.97177
vn -0.23613 -0.02989 -0.97126
vn -0.23649 -0.0716 -0.96899
vn -0.23652 -0.09364 -0.9671
vn -0.23644 -0.06148 -0.9697
vn -0.23571 -0.00484 -0.97181
vn -0.2332 0.07982 -0.96915
vn -0.22864 0.17024 -0.95851
vn -0.22246 0.25579 -0.94079
vn -0.2153 0.3324 -0.91823
vn -0.20785 0.39816 -0.89346
vn -0.20017 0.45625 -0.86705
vn -0.19245 0.50758 -0.83984
vn -0.18493 0.55227 -0.8129
vn -0.17757 0.59198 -0.78615
vn -0.16935 0.63241 -0.75589
vn -0.15982 0.67488 -0.72042
vn -0.14866 0.71944 -0.67846
vn -0.13488 0.76807 -0.62601
vn -0.11544 0.82639 -0.55114
vn -0.09064 0.88625 -0.45425
vn -0.07009 0.92517 -0.37302
vn -0.05599 0.94682 -0.31684
vn -0.04223 0.96424 -0.26164
vn -0.02991 0.97682 -0.21196
vn -0.01577 0.98784 -0.15465
vn -0.00473 0.99396 -0.10968
vn 0.00137 0.9964 -0.08472
vn 0.00423 0.99732 -0.073
vn 0.00878 0.99848 -0.05435
vn 0.01816 0.99971 -0.01575
vn 0.03125 0.99878 0.03829
vn 0.04325 0.99517 0.08814
vn 0.05715 0.98761 0.14614
vn 0.07147 0.97588 0.20629
vn 0.0845 0.96155 0.26131
vn 0.0957 0.94626 0.30892
vn 0.1095 0.92339 0.3679
vn 0.12377 0.8946 0.42939
vn 0.13432 0.86958 0.47518
vn 0.14289 0.84667 0.51258
vn 0.15323 0.81553 0.55806
vn 0.16585 0.7716 0.61411
vn 0.17993 0.71319 0.67749
vn 0.19393 0.64212 0.74167
vn 0.2061 0.56511 0.79886
vn 0.21652 0.48124 0.84943
vn 0.22536 0.38599 0.89455
vn 0.23112 0.29747 0.92633
vn 0.23454 0.21581 0.94785
vn 0.23607 0.14967 0.96014
vn 0.23647 0.10984 0.96541
vn 0.23652 0.08259 0.96811
vn 0.23649 0.07036 0.96908
vn -0.23624 -0.03853 -0.97093
vn -0.23629 -0.13241 -0.96262
vn -0.23352 -0.24504 -0.94097
vn -0.22741 -0.3582 -0.90553
vn -0.21918 -0.45571 -0.86272
vn -0.21043 -0.53285 -0.81963
vn -0.20118 -0.59836 -0.77556
vn -0.19097 -0.65848 -0.72796
vn -0.17922 -0.71641 -0.67426
vn -0.1661 -0.77066 -0.61522
vn -0.15158 -0.82077 -0.55078
vn -0.13554 -0.86648 -0.48047
vn -0.11891 -0.90503 -0.4084
vn -0.10605 -0.92956 -0.3531
vn -0.09701 -0.94429 -0.3145
vn -0.09305 -0.95014 -0.29761
vn -0.07587 -0.97144 -0.22481
vn -0.05476 -0.98918 -0.13613
vn -0.03079 -0.99886 -0.0364
vn -0.01083 -0.99889 0.04595
vn 0.00637 -0.99319 0.11637
vn 0.02339 -0.98235 0.18557
vn 0.04191 -0.96461 0.26035
vn 0.05834 -0.94349 0.32622
vn 0.07149 -0.9228 0.37859
vn 0.06531 -0.93296 0.35402
vn 0.04772 -0.95772 0.2837
vn 0.02512 -0.98096 0.1926
vn -0.00367 -0.99715 0.0753
vn -0.04139 -0.9959 -0.08041
vn -0.07228 -0.97509 -0.20969
vn -0.09312 -0.95004 -0.29791
vn -0.10634 -0.92904 -0.35437
vn -0.07994 -0.96697 -0.24201
vn -0.05385 -0.98974 -0.13233
vn -0.03001 -0.999 -0.03318
vn -0.01388 -0.99935 0.03337
vn -0.00261 -0.99682 0.07967
vn 0.00618 -0.99328 0.11557
vn 0.01436 -0.98875 0.14891
vn 0.02509 -0.98098 0.19248
vn 0.03947 -0.9673 0.25055
vn 0.05805 -0.94391 0.32506
vn 0.07995 -0.90761 0.41212
vn 0.09936 -0.86691 0.48847
vn 0.11422 -0.82971 0.54639
vn 0.12817 -0.78944 0.60029
vn 0.14429 -0.73557 0.6619
vn 0.16203 -0.6654 0.72869
vn 0.18255 -0.56552 0.80428
vn 0.20129 -0.44825 0.87095
vn 0.21362 -0.34826 0.91273
vn 0.2216 -0.26594 0.93817
vn 0.22715 -0.19337 0.95447
vn 0.23128 -0.12283 0.9651
vn 0.23416 -0.05363 0.97072
vn 0.23574 0.00655 0.97179
vn 0.23647 0.06686 0.96933
vn 0.23633 0.12785 0.96322
vn 0.23506 0.19787 0.95163
vn 0.23105 0.29885 0.92591
vn 0.22163 0.4301 0.87515
vn 0.20793 0.55186 0.8076
vn 0.19364 0.64373 0.74034
vn 0.18206 0.7033 0.68718
vn 0.17133 0.75017 0.63866
vn 0.1607 0.7904 0.59114
vn 0.15342 0.81492 0.5589
vn 0.14573 0.83852 0.52503
vn 0.13401 0.87038 0.4738
vn 0.11726 0.90841 0.40129
vn 0.09567 0.94632 0.30876
vn 0.07422 0.97315 0.21789
vn 0.05509 0.98896 0.13753
vn 0.03881 0.99681 0.06968
vn 0.02542 0.99958 0.01417
vn 0.01371 0.99933 -0.03408
vn -0.00222 0.99504 -0.09942
vn -0.01904 0.98561 -0.16793
vn -0.03248 0.97443 -0.22234
vn -0.049 0.95612 -0.28885
vn -0.06977 0.9257 -0.37177
vn -0.09601 0.87456 -0.47533
vn -0.12563 0.79719 -0.59052
vn -0.15249 0.70473 -0.69289
vn -0.17722 0.59378 -0.78487
vn -0.16545 0.65029 -0.74145
vn -0.13111 0.78027 -0.61155
vn -0.06296 0.93662 -0.34464
vn 0.01353 0.9993 -0.03485
vn 0.07283 0.97455 0.21203
vn 0.11228 0.9182 0.37986
vn 0.14452 0.84202 0.51973
vn 0.15679 0.80383 0.57382
vn 0.1466 0.83596 0.52885
vn 0.1299 0.88047 0.45596
vn 0.11081 0.92098 0.37352
vn 0.09058 0.9536 0.28714
vn 0.07369 0.97369 0.21564
vn 0.05592 0.98843 0.14102
vn 0.04048 0.99624 0.07661
vn 0.02749 0.99936 0.02275
vn 0.01636 0.9996 -0.0232
vn 0.00246 0.99677 -0.08025
vn -0.01326 0.98943 -0.14443
vn -0.0262 0.98006 -0.19698
vn -0.03948 0.96729 -0.25059
vn -0.05457 0.94879 -0.31115
vn -0.06803 0.92858 -0.36484
vn -0.07873 0.9099 -0.40729
vn -0.08895 0.88979 -0.44762
vn -0.10021 0.86493 -0.49178
vn -0.11336 0.83202 -0.54305
vn -0.12821 0.78933 -0.60043
vn -0.14132 0.74618 -0.65058
vn -0.15254 0.70453 -0.69308
vn -0.1627 0.66247 -0.7312
vn -0.17284 0.61571 -0.76878
vn -0.18411 0.55691 -0.80991
vn -0.19623 0.48323 -0.85322
vn -0.20824 0.39498 -0.89478
vn -0.21882 0.29685 -0.92952
vn -0.22672 0.19969 -0.95327
vn -0.23189 0.11027 -0.96647
vn -0.23481 0.03251 -0.9715
vn -0.23649 -0.10471 -0.96598
vn -0.2348 -0.20714 -0.94972
vn -0.23114 -0.29712 -0.92644
vn -0.22537 -0.3859 -0.89459
vn -0.21641 -0.4822 -0.84891
vn -0.20469 -0.57502 -0.79212
vn -0.19217 -0.65194 -0.73352
vn -0.18154 -0.70577 -0.68479
vn -0.17177 -0.7484 -0.64062
vn -0.16321 -0.78137 -0.60235
vn -0.15246 -0.81799 -0.55467
vn -0.13493 -0.86803 -0.47783
vn -0.11557 -0.91183 -0.39397
vn -0.09904 -0.94115 -0.32315
vn -0.08068 -0.96612 -0.24515
vn -0.06416 -0.98238 -0.17554
vn -0.0444 -0.99469 -0.0929
vn -0.02535 -0.99958 -0.0139
vn -0.01373 -0.99933 0.03402
vn -0.00359 -0.99713 0.07565
vn 0.01378 -0.98911 0.14656
vn 0.03424 -0.97272 0.22945
vn 0.06186 -0.93829 0.34028
vn 0.08079 -0.90603 0.41544
vn 0.05109 -0.95345 0.2972
vn -0.00609 -0.99784 0.06538
vn -0.0558 -0.98851 -0.1405
vn -0.09029 -0.95399 -0.2859
vn -0.11351 -0.91585 -0.38515
vn -0.13475 -0.8685 -0.47702
vn -0.09637 -0.94526 -0.31176
vn -0.06124 -0.98467 -0.1633
vn -0.03158 -0.99871 -0.03966
vn -0.01105 -0.99892 0.04503
vn 9E-05 -0.99588 0.09071
vn 0.009 -0.99185 0.1271
vn 0.01565 -0.98792 0.15415
vn 0.02344 -0.98231 0.18577
vn 0.03596 -0.97099 0.23641
vn 0.05311 -0.95078 0.30529
vn 0.07345 -0.91943 0.38635
vn 0.09427 -0.87841 0.46851
vn 0.11395 -0.83043 0.54534
vn 0.13146 -0.77915 0.6129
vn 0.14612 -0.72893 0.66882
vn 0.15807 -0.68221 0.71387
vn 0.1688 -0.635 0.75384
vn 0.17968 -0.581 0.79382
vn 0.19164 -0.51261 0.83696
vn 0.20381 -0.42978 0.87963
vn 0.21505 -0.33488 0.91739
vn 0.22443 -0.23108 0.94669
vn 0.23129 -0.12252 0.96514
vn 0.23534 -0.01224 0.97184
vn 0.23653 0.08837 0.9676
vn 0.23573 0.16917 0.95698
vn 0.23397 0.23272 0.94398
vn 0.23082 0.30317 0.92456
vn 0.22535 0.38608 0.89451
vn 0.2167 0.47951 0.85036
vn 0.20483 0.57403 0.7928
vn 0.19325 0.64595 0.73852
vn 0.18345 0.69673 0.69348
vn 0.17558 0.73244 0.65781
vn 0.16888 0.75994 0.62767
vn 0.16017 0.79225 0.5888
vn 0.14883 0.82926 0.53868
vn 0.1355 0.86658 0.4803
vn 0.1215 0.89957 0.41955
vn 0.10852 0.92517 0.36371
vn 0.09605 0.94573 0.31042
vn 0.08312 0.96323 0.25549
vn 0.06902 0.97818 0.19597
vn 0.05477 0.98917 0.13618
vn 0.04115 0.99599 0.07941
vn 0.02863 0.99921 0.02747
vn 0.01673 0.99963 -0.02168
vn 0.00178 0.99654 -0.08304
vn -0.01837 0.98609 -0.16522
vn -0.04563 0.96027 -0.27532
vn -0.07908 0.90926 -0.40865
vn -0.10659 0.84949 -0.51672
vn -0.1256 0.79727 -0.59041
vn -0.10773 0.84663 -0.52116
vn -0.0789 0.90959 -0.40795
vn -0.03181 0.97506 -0.21964
vn 0.02881 0.99919 0.02822
vn 0.07146 0.97589 0.20625
vn 0.08676 0.95869 0.2709
vn 0.07351 0.97387 0.2149
vn 0.06068 0.9851 0.16094
vn 0.04749 0.99325 0.10579
vn 0.03243 0.99854 0.04321
vn 0.015 0.99947 -0.0288
vn -0.00133 0.9954 -0.09578
vn -0.01514 0.98825 -0.1521
vn -0.03082 0.97599 -0.21563
vn -0.04682 0.95883 -0.28008
vn -0.06149 0.93885 -0.33879
vn -0.07942 0.90862 -0.41
vn -0.09931 0.86703 -0.48826
vn -0.11646 0.82361 -0.55507
vn -0.13009 0.78348 -0.60765
vn -0.14057 0.74879 -0.64773
vn -0.15316 0.70209 -0.69542
vn -0.16675 0.64443 -0.74626
vn -0.17648 0.59757 -0.78215
vn -0.18635 0.54419 -0.818
vn -0.19599 0.4848 -0.85238
vn -0.20477 0.42248 -0.88294
vn -0.21224 0.36079 -0.90817
vn -0.2186 0.29921 -0.92881
vn -0.22506 0.22283 -0.94852
vn -0.23102 0.12786 -0.96451
vn -0.23527 0.01539 -0.97181
vn -0.23648 -0.10686 -0.96574
vn -0.23542 -0.18362 -0.95439
vn -0.23292 -0.25962 -0.9372
vn -0.22861 -0.34037 -0.91208
vn -0.22202 -0.42584 -0.87714
vn -0.21435 -0.50058 -0.83874
vn -0.20687 -0.55962 -0.80251
vn -0.20034 -0.60374 -0.7716
vn -0.19187 -0.6536 -0.73212
vn -0.18125 -0.70712 -0.68347
vn -0.17307 -0.74303 -0.64649
vn -0.16414 -0.77798 -0.60647
vn -0.15239 -0.81821 -0.55436
vn -0.13686 -0.86305 -0.48622
vn -0.1171 -0.90874 -0.40059
vn -0.09399 -0.94877 -0.30165
vn -0.07209 -0.97528 -0.20888
vn -0.05294 -0.99029 -0.12854
vn -0.03671 -0.99747 -0.06092
vn -0.02326 -0.99972 -0.00528
vn -0.01175 -0.99904 0.04213
vn -0.00042 -0.99607 0.0886
vn 0.01289 -0.98965 0.14294
vn 0.03103 -0.97579 0.21648
vn 0.05234 -0.9518 0.30221
vn 0.08199 -0.90373 0.42018
vn 0.06428 -0.93458 0.3499
vn 0.03371 -0.97323 0.22733
vn -0.00863 -0.99845 0.05495
vn -0.04886 -0.99256 -0.1115
vn -0.08197 -0.96461 -0.25063
vn -0.10795 -0.9262 -0.36125
vn -0.13083 -0.87823 -0.46
vn -0.11093 -0.92076 -0.37402
vn -0.0904 -0.95384 -0.28637
vn -0.06715 -0.97985 -0.18809
vn -0.04394 -0.99488 -0.09099
vn -0.02344 -0.99971 -0.00602
vn -0.00797 -0.9983 0.05769
vn 0.00442 -0.9941 0.10842
vn 0.0154 -0.98809 0.15314
vn 0.02682 -0.97954 0.19948
vn 0.04225 -0.96422 0.26173
vn 0.06208 -0.93796 0.34115
vn 0.07917 -0.90909 0.409
vn 0.09149 -0.88444 0.45759
vn 0.10382 -0.85632 0.50591
vn 0.11452 -0.82889 0.54757
vn 0.12743 -0.79174 0.59742
vn 0.14059 -0.74873 0.64779
vn 0.15033 -0.7131 0.68475
vn 0.15842 -0.68074 0.71519
vn 0.16856 -0.63611 0.75296
vn 0.1816 -0.5707 0.80083
vn 0.19705 -0.47774 0.85611
vn 0.21257 -0.35782 0.90927
vn 0.22378 -0.23952 0.94475
vn 0.23037 -0.14027 0.96294
vn 0.23365 -0.06804 0.96994
vn 0.2352 -0.0182 0.97178
vn 0.23626 0.04076 0.97083
vn 0.23643 0.1155 0.96476
vn 0.23489 0.20399 0.95038
vn 0.23104 0.29899 0.92587
vn 0.22503 0.39026 0.89278
vn 0.21703 0.4765 0.85196
vn 0.20698 0.5588 0.80306
vn 0.19507 0.63558 0.74698
vn 0.18294 0.69917 0.69116
vn 0.17161 0.74906 0.63989
vn 0.16162 0.78712 0.59525
vn 0.15309 0.81596 0.55747
vn 0.14541 0.83943 0.52366
vn 0.13811 0.85975 0.49168
vn 0.13085 0.8782 0.46005
vn 0.12278 0.89677 0.42511
vn 0.1117 0.91931 0.37735
vn 0.0975 0.94355 0.31657
vn 0.08107 0.96567 0.24681
vn 0.06418 0.98236 0.17562
vn 0.04862 0.99269 0.11049
vn 0.03305 0.99841 0.04576
vn 0.01542 0.99951 -0.02708
vn -0.00607 0.99333 -0.11514
vn -0.02865 0.97795 -0.20687
vn -0.05031 0.95445 -0.2941
vn -0.06988 0.92552 -0.3722
vn -0.08673 0.89435 -0.43888
vn -0.10179 0.86119 -0.49798
vn -0.1189 0.81681 -0.56453
vn -0.12803 0.78989 -0.59974
vn -0.10998 0.8409 -0.5299
vn -0.06544 0.93275 -0.35453
vn -0.0215 0.98381 -0.17792
vn 0.02726 0.99939 0.02181
vn 0.07449 0.97287 0.21903
vn 0.11368 0.91552 0.38587
vn 0.08513 0.96076 0.264
vn 0.05689 0.98779 0.14504
vn 0.03656 0.99751 0.06034
vn 0.01826 0.99972 -0.01538
vn 0.00333 0.99705 -0.07672
vn -0.00975 0.99145 -0.13013
vn -0.02173 0.98364 -0.17885
vn -0.03635 0.97059 -0.23797
vn -0.05073 0.95391 -0.29579
vn -0.06433 0.93449 -0.35013
vn -0.07755 0.91208 -0.4026
vn -0.09129 0.88486 -0.45682
vn -0.10735 0.84759 -0.51968
vn -0.12486 0.79952 -0.58752
vn -0.14187 0.74422 -0.6527
vn -0.15696 0.68679 -0.7097
vn -0.1703 0.62793 -0.75941
vn -0.18196 0.56877 -0.80212
vn -0.19185 0.51128 -0.83773
vn -0.2 0.45745 -0.86645
vn -0.2065 0.40901 -0.88886
vn -0.21218 0.36132 -0.90798
vn -0.21774 0.30821 -0.92607
vn -0.22353 0.24261 -0.94402
vn -0.2292 0.16096 -0.95998
vn -0.23362 0.06886 -0.96989
vn -0.23604 -0.02354 -0.97146
vn -0.23365 0.068 -0.96994
vn -0.23609 -0.02728 -0.97135
vn -0.23636 -0.1252 -0.96357
vn -0.23426 -0.22456 -0.94588
vn -0.22965 -0.32354 -0.91792
vn -0.2225 -0.42047 -0.8796
vn -0.21283 -0.51342 -0.83132
vn -0.2008 -0.60082 -0.77376
vn -0.18661 -0.68116 -0.70795
vn -0.17058 -0.7532 -0.63529
vn -0.15299 -0.8163 -0.557
vn -0.13426 -0.86975 -0.47488
vn -0.11469 -0.91356 -0.39019
vn -0.09466 -0.9478 -0.30449
vn -0.07446 -0.97291 -0.21887
vn -0.05437 -0.98942 -0.13453
vn -0.03427 -0.99812 -0.05083
vn -0.0136 -0.99931 0.03454
vn 0.00781 -0.99247 0.12225
vn 0.02977 -0.97694 0.21142
vn 0.05202 -0.95222 0.30096
vn 0.07427 -0.91798 0.38962
vn 0.0962 -0.87412 0.47609
vn 0.11749 -0.82077 0.55905
vn 0.13776 -0.75844 0.63702
vn 0.15671 -0.68779 0.70879
vn 0.17403 -0.60986 0.77316
vn 0.18944 -0.52602 0.8291
vn 0.20275 -0.43762 0.876
vn 0.21384 -0.34622 0.91346
vn 0.22265 -0.25344 0.94138
vn 0.22921 -0.16079 0.96001
vn 0.23366 -0.06795 0.96994
vn 0.23609 0.02723 0.97135
vn 0.23636 0.12525 0.96356
vn 0.23426 0.2246 0.94587
vn 0.22965 0.32354 0.91792
vn 0.22249 0.4205 0.87959
vn 0.21284 0.51339 0.83134
vn 0.2008 0.60081 0.77376
vn 0.18662 0.68111 0.70799
vn 0.17057 0.75326 0.63523
vn 0.153 0.81626 0.55706
vn 0.13425 0.86977 0.47484
vn 0.1147 0.91355 0.39023
vn 0.09465 0.94781 0.30446
vn 0.07446 0.97291 0.21887
vn 0.05437 0.98942 0.13453
vn 0.03427 0.99812 0.05083
vn 0.0136 0.99931 -0.03453
vn -0.00781 0.99247 -0.12226
vn -0.02977 0.97694 -0.21142
vn -0.05202 0.95222 -0.30095
vn -0.07427 0.91798 -0.38961
vn -0.0962 0.87412 -0.47609
vn -0.11749 0.82077 -0.55905
vn -0.13776 0.75842 -0.63704
vn -0.15672 0.68777 -0.70881
vn -0.17402 0.60991 -0.77312
vn -0.18944 0.52602 -0.82911
vn -0.20275 0.43762 -0.876
vn -0.21385 0.34614 -0.91348
vn -0.22265 0.25352 -0.94136
vn -0.22921 0.1607 -0.96002
vn -0.23552 0.00419 -0.97186
vn -0.23652 -0.09094 -0.96736
vn -0.23531 -0.18823 -0.95352
vn -0.2317 -0.28611 -0.92976
vn -0.2256 -0.38295 -0.8958
vn -0.217 -0.47676 -0.85183
vn -0.20595 -0.56619 -0.79813
vn -0.19265 -0.64931 -0.73572
vn -0.17729 -0.725 -0.66553
vn -0.16024 -0.79202 -0.5891
vn -0.14178 -0.84978 -0.50771
vn -0.12229 -0.89785 -0.42298
vn -0.10212 -0.93621 -0.33629
vn -0.08161 -0.96504 -0.24909
vn -0.06105 -0.98482 -0.16249
vn -0.04071 -0.99616 -0.07756
vn -0.02044 -0.99977 0.00637
vn 0.00031 -0.9958 0.09159
vn 0.02171 -0.98365 0.17876
vn 0.04355 -0.96272 0.26698
vn 0.06558 -0.93253 0.35509
vn 0.08749 -0.89281 0.44186
vn 0.10896 -0.84351 0.52595
vn 0.12964 -0.7849 0.60591
vn 0.1492 -0.71742 0.68047
vn 0.16727 -0.64205 0.74819
vn 0.18359 -0.5598 0.80803
vn 0.1979 -0.47201 0.85909
vn 0.20999 -0.38038 0.90067
vn 0.2198 -0.28634 0.93258
vn 0.22726 -0.19163 0.95479
vn 0.23246 -0.09761 0.9677
vn 0.23552 -0.00429 0.97186
vn 0.23652 0.09103 0.96735
vn 0.23531 0.18823 0.95352
vn 0.2317 0.28611 0.92976
vn 0.2256 0.38296 0.8958
vn 0.217 0.47676 0.85183
vn 0.20595 0.56619 0.79813
vn 0.19265 0.64931 0.73572
vn 0.17729 0.725 0.66554
vn 0.16024 0.79202 0.58909
vn 0.14178 0.84978 0.50772
vn 0.12229 0.89786 0.42296
vn 0.10213 0.93619 0.33633
vn 0.08161 0.96504 0.24909
vn 0.06105 0.98482 0.16248
vn 0.04071 0.99616 0.07756
vn 0.02044 0.99977 -0.00637
vn -0.0003 0.9958 -0.09158
vn -0.02171 0.98365 -0.17877
vn -0.04355 0.96272 -0.26697
vn -0.06558 0.93253 -0.3551
vn -0.08749 0.89281 -0.44186
vn -0.10896 0.84351 -0.52595
vn -0.12964 0.78487 -0.60595
vn -0.14919 0.71746 -0.68044
vn -0.16727 0.64206 -0.74819
vn -0.18359 0.5598 -0.80803
vn -0.1979 0.47201 -0.85909
vn -0.20999 0.38038 -0.90067
vn -0.2198 0.28634 -0.93258
vn -0.22727 0.19155 -0.95481
vn -0.23246 0.09771 -0.96769
vn -0.21168 0.36576 -0.90632
vn -0.22066 0.27669 -0.93528
vn -0.22792 0.18165 -0.95659
vn -0.23312 0.08188 -0.96899
vn -0.236 -0.02137 -0.97152
vn -0.23635 -0.1262 -0.96344
vn -0.23403 -0.23106 -0.94437
vn -0.22904 -0.33364 -0.91445
vn -0.22142 -0.43233 -0.87411
vn -0.21138 -0.52531 -0.82424
vn -0.19917 -0.61107 -0.76611
vn -0.18509 -0.68875 -0.70097
vn -0.16953 -0.75739 -0.63057
vn -0.15282 -0.81684 -0.55625
vn -0.13534 -0.86699 -0.4796
vn -0.11739 -0.90816 -0.40183
vn -0.09894 -0.9413 -0.32274
vn -0.0795 -0.96747 -0.24018
vn -0.05889 -0.9864 -0.15344
vn -0.03728 -0.9973 -0.06332
vn -0.01489 -0.99946 0.02924
vn 0.00804 -0.99235 0.12316
vn 0.03121 -0.97563 0.21721
vn 0.05432 -0.94914 0.31013
vn 0.07704 -0.91302 0.40058
vn 0.09905 -0.86762 0.48726
vn 0.12004 -0.81357 0.56895
vn 0.13972 -0.75174 0.64449
vn 0.15784 -0.68315 0.71301
vn 0.17418 -0.60911 0.77372
vn 0.18862 -0.53092 0.82617
vn 0.20107 -0.44988 0.87016
vn 0.21168 -0.3658 0.9063
vn 0.22067 -0.2766 0.9353
vn 0.22792 -0.18169 0.95658
vn 0.23312 -0.08188 0.96899
vn 0.236 0.02133 0.97152
vn 0.23635 0.12624 0.96343
vn 0.23403 0.23102 0.94438
vn 0.22903 0.33368 0.91444
vn 0.22142 0.43233 0.87411
vn 0.21138 0.52528 0.82426
vn 0.19916 0.61112 0.76607
vn 0.18509 0.68873 0.70099
vn 0.16953 0.75741 0.63055
vn 0.15283 0.81681 0.55629
vn 0.13533 0.867 0.47958
vn 0.1174 0.90815 0.40185
vn 0.09894 0.94131 0.32272
vn 0.0795 0.96747 0.24016
vn 0.05889 0.9864 0.15345
vn 0.03728 0.9973 0.06332
vn 0.01489 0.99946 -0.02924
vn -0.00804 0.99235 -0.12316
vn -0.03121 0.97562 -0.21722
vn -0.05432 0.94914 -0.31013
vn -0.07704 0.91302 -0.40058
vn -0.09905 0.86762 -0.48726
vn -0.12004 0.81357 -0.56894
vn -0.13972 0.75173 -0.6445
vn -0.15784 0.68316 -0.71301
vn -0.17418 0.60914 -0.7737
vn -0.18862 0.53088 -0.82619
vn -0.20107 0.44988 -0.87016
vn -0.23629 -0.13178 -0.9627
vn -0.23423 -0.22543 -0.94568
vn -0.22989 -0.31962 -0.91924
vn -0.22316 -0.41287 -0.88303
vn -0.21401 -0.50354 -0.83705
vn -0.20248 -0.58988 -0.78169
vn -0.18871 -0.67041 -0.71759
vn -0.17293 -0.74364 -0.64583
vn -0.15538 -0.80852 -0.56758
vn -0.13639 -0.86426 -0.48419
vn -0.11632 -0.91033 -0.3972
vn -0.0955 -0.94656 -0.30806
vn -0.07428 -0.97309 -0.21813
vn -0.05297 -0.99027 -0.12868
vn -0.03186 -0.99866 -0.04082
vn -0.01117 -0.99895 0.04454
vn 0.00925 -0.99172 0.12811
vn 0.02996 -0.97677 0.21217
vn 0.05113 -0.95339 0.29737
vn 0.07252 -0.92104 0.38266
vn 0.09384 -0.87936 0.46682
vn 0.11478 -0.82819 0.54857
vn 0.135 -0.76765 0.62649
vn 0.15415 -0.69816 0.69915
vn 0.17186 -0.62049 0.76515
vn 0.18782 -0.53562 0.8233
vn 0.20174 -0.44501 0.87251
vn 0.21343 -0.35005 0.91209
vn 0.22272 -0.25264 0.94158
vn 0.22958 -0.15433 0.96097
vn 0.23405 -0.05678 0.97056
vn 0.23624 0.03838 0.97094
vn 0.23629 0.13178 0.9627
vn 0.23423 0.22539 0.94569
vn 0.22989 0.31962 0.91924
vn 0.22315 0.41294 0.883
vn 0.21401 0.50351 0.83707
vn 0.20248 0.58991 0.78167
vn 0.18872 0.67039 0.71761
vn 0.17293 0.74364 0.64583
vn 0.15537 0.80855 0.56754
vn 0.1364 0.86425 0.48421
vn 0.11632 0.91033 0.3972
vn 0.0955 0.94656 0.30806
vn 0.07428 0.97309 0.21814
vn 0.05297 0.99027 0.12867
vn 0.03186 0.99866 0.04081
vn 0.01117 0.99895 -0.04453
vn -0.00925 0.99172 -0.1281
vn -0.02996 0.97677 -0.21217
vn -0.05113 0.95339 -0.29737
vn -0.07251 0.92104 -0.38265
vn -0.09384 0.87935 -0.46684
vn -0.11478 0.8282 -0.54856
vn -0.135 0.76765 -0.62649
vn -0.15415 0.69816 -0.69915
vn -0.17186 0.62047 -0.76516
vn -0.18782 0.53565 -0.82329
vn -0.20175 0.44498 -0.87252
vn -0.21343 0.35008 -0.91208
vn -0.22272 0.25261 -0.94159
vn -0.22958 0.15433 -0.96097
vn -0.23405 0.05682 -0.97056
vn -0.23624 -0.03842 -0.97094
vn -0.04463 0.96146 -0.2713
vn -0.06494 0.93354 -0.35254
vn -0.08544 0.89696 -0.43378
vn -0.10588 0.85127 -0.51394
vn -0.12593 0.79631 -0.59164
vn -0.14527 0.73202 -0.66561
vn -0.16352 0.65889 -0.73425
vn -0.18034 0.5775 -0.79623
vn -0.19536 0.48895 -0.85016
vn -0.2083 0.3945 -0.89498
vn -0.21892 0.29576 -0.92984
vn -0.22706 0.19461 -0.95424
vn -0.23267 0.09267 -0.96813
vn -0.23577 -0.00809 -0.97177
vn -0.23649 -0.10621 -0.96581
vn -0.23499 -0.20035 -0.95112
vn -0.23146 -0.29085 -0.92835
vn -0.22582 -0.38009 -0.89696
vn -0.21791 -0.46817 -0.85635
vn -0.2077 -0.55353 -0.80651
vn -0.19524 -0.63462 -0.74776
vn -0.18061 -0.71007 -0.68057
vn -0.16404 -0.77835 -0.60602
vn -0.14574 -0.83848 -0.52509
vn -0.12602 -0.88954 -0.43913
vn -0.10522 -0.93099 -0.34956
vn -0.08367 -0.96257 -0.25779
vn -0.06169 -0.98433 -0.16518
vn -0.03963 -0.99654 -0.07308
vn -0.01777 -0.99969 0.01739
vn 0.00365 -0.99444 0.10524
vn 0.02438 -0.98156 0.18959
vn 0.04463 -0.96146 0.2713
vn 0.06494 -0.93354 0.35253
vn 0.08544 -0.89695 0.43379
vn 0.10587 -0.85128 0.51392
vn 0.12593 -0.79628 0.59167
vn 0.14526 -0.73205 0.66558
vn 0.16352 -0.65888 0.73426
vn 0.18033 -0.57752 0.79621
vn 0.19536 -0.48895 0.85016
vn 0.20831 -0.39446 0.89499
vn 0.21892 -0.2958 0.92983
vn 0.22706 -0.19461 0.95424
vn 0.23268 -0.09263 0.96813
vn 0.23577 0.00805 0.97178
vn 0.23649 0.10626 0.96581
vn 0.235 0.20031 0.95113
vn 0.23146 0.2909 0.92833
vn 0.22582 0.38009 0.89696
vn 0.21791 0.46817 0.85635
vn 0.20771 0.5535 0.80653
vn 0.19524 0.63464 0.74774
vn 0.18062 0.71005 0.68059
vn 0.16403 0.77837 0.606
vn 0.14574 0.83847 0.5251
vn 0.12602 0.88954 0.43912
vn 0.10522 0.93098 0.34957
vn 0.08366 0.96258 0.25777
vn 0.06169 0.98433 0.16519
vn 0.03963 0.99654 0.07308
vn 0.01777 0.99969 -0.0174
vn -0.00364 0.99444 -0.10523
vn -0.02438 0.98156 -0.1896
vn -0.97163 0.02137 0.23556
vn 0.97163 -0.02137 -0.23556
f 1//1 2//1 3//1
f 1//1 3//1 4//1
f 2//2 5//2 6//2
f 2//2 6//2 3//2
f 5//3 7//3 8//3
f 5//3 8//3 6//3
f 7//4 9//4 10//4
f 7//4 10//4 8//4
f 9//5 11//5 12//5
f 9//5 12//5 10//5
f 11//6 13//6 14//6
f 11//6 14//6 12//6
f 13//7 15//7 16//7
f 13//7 16//7 14//7
f 15//8 17//8 18//8
f 15//8 18//8 16//8
f 17//9 19//9 20//9
f 17//9 20//9 18//9
f 19//10 21//10 22//10
f 19//10 22//10 20//10
f 21//11 23//11 24//11
f 21//11 24//11 22//11
f 23//12 25//12 26//12
f 23//12 26//12 24//12
f 25//13 27//13 28//13
f 25//13 28//13 26//13
f 27//14 29//14 30//14
f 27//14 30//14 28//14
f 29//15 31//15 32//15
f 29//15 32//15 30//15
f 31//16 33//16 34//16
f 31//16 34//16 32//16
f 33//17 35//17 36//17
f 33//17 36//17 34//17
f 35//18 37//18 38//18
f 35//18 38//18 36//18
f 37//19 39//19 40//19
f 37//19 40//19 38//19
f 39//20 41//20 42//20
f 39//20 42//20 40//20
f 41//21 43//21 44//21
f 41//21 44//21 42//21
f 43//22 45//22 46//22
f 43//22 46//22 44//22
f 45//23 47//23 48//23
f 45//23 48//23 46//23
f 47//24 49//24 50//24
f 47//24 50//24 48//24
f 49//25 51//25 52//25
f 49//25 52//25 50//25
f 51//26 53//26 54//26
f 51//26 54//26 52//26
f 53//27 55//27 56//27
f 53//27 56//27 54//27
f 55//28 57//28 58//28
f 55//28 58//28 56//28
f 57//29 59//29 60//29
f 57//29 60//29 58//29
f 59//30 61//30 62//30
f 59//30 62//30 60//30
f 61//31 63//31 64//31
f 61//31 64//31 62//31
f 63//32 65//32 66//32
f 63//32 66//32 64//32
f 65//33 67//33 68//33
f 65//33 68//33 66//33
f 67//34 69//34 70//34
f 67//34 70//34 68//34
f 69//35 71//35 72//35
f 69//35 72//35 70//35
f 71//36 73//36 74//36
f 71//36 74//36 72//36
f 73//37 75//37 76//37
f 73//37 76//37 74//37
f 75//38 77//38 78//38
f 75//38 78//38 76//38
f 77//39 79//39 80//39
f 77//39 80//39 78//39
f 79//40 81//40 82//40
f 79//40 82//40 80//40
f 81//41 83//41 84//41
f 81//41 84//41 82//41
f 83//42 85//42 86//42
f 83//42 86//42 84//42
f 85//43 87//43 88//43
f 85//43 88//43 86//43
f 87//44 89//44 90//44
f 87//44 90//44 88//44
f 89//45 91//45 92//45
f 89//45 92//45 90//45
f 91//46 93//46 94//46
f 91//46 94//46 92//46
f 93//47 95//47 96//47
f 93//47 96//47 94//47
f 95//48 97//48 98//48
f 95//48 98//48 96//48
f 97//49 99//49 100//49
f 97//49 100//49 98//49
f 99//50 101//50 102//50
f 99//50 102//50 100//50
f 101//51 103//51 104//51
f 101//51 104//51 102//51
f 103//52 105//52 106//52
f 103//52 106//52 104//52
f 105//53 107//53 108//53
f 105//53 108//53 106//53
f 107//54 109//54 110//54
f 107//54 110//54 108//54
f 109//55 111//55 112//55
f 109//55 112//55 110//55
f 111//56 113//56 114//56
f 111//56 114//56 112//56
f 113//57 115//57 116//57
f 113//57 116//57 114//57
f 115//58 117//58 118//58
f 115//58 118//58 116//58
f 117//59 119//59 120//59
f 117//59 120//59 118//59
f 119//60 121//60 122//60
f 119//60 122//60 120//60
f 121//61 123//61 124//61
f 121//61 124//61 122//61
f 123//62 125//62 126//62
f 123//62 126//62 124//62
f 125//63 127//63 128//63
f 125//63 128//63 126//63
f 127//64 129//64 130//64
f 127//64 130//64 128//64
f 129//65 131//65 132//65
f 129//65 132//65 130//65
f 131//66 133//66 134//66
f 131//66 134//66 132//66
f 133//67 135//67 136//67
f 133//67 136//67 134//67
f 135//68 137//68 138//68
f 135//68 138//68 136//68
f 137//69 139//69 140//69
f 137//69 140//69 138//69
f 139//70 141//70 142//70
f 139//70 142//70 140//70
f 141//71 143//71 144//71
f 141//71 144//71 142//71
f 143//72 145//72 146//72
f 143//72 146//72 144//72
f 145//73 147//73 148//73
f 145//73 148//73 146//73
f 147//74 149//74 150//74
f 147//74 150//74 148//74
f 149//75 151//75 152//75
f 149//75 152//75 150//75
f 151//76 153//76 154//76
f 151//76 154//76 152//76
f 153//77 155//77 156//77
f 153//77 156//77 154//77
f 155//78 157//78 158//78
f 155//78 158//78 156//78
f 157//79 159//79 160//79
f 157//79 160//79 158//79
f 159//80 161//80 162//80
f 159//80 162//80 160//80
f 161//81 163//81 164//81
f 161//81 164//81 162//81
f 163//82 165//82 166//82
f 163//82 166//82 164//82
f 165//83 167//83 168//83
f 165//83 168//83 166//83
f 167//84 169//84 170//84
f 167//84 170//84 168//84
f 169//85 171//85 172//85
f 169//85 172//85 170//85
f 171//86 173//86 174//86
f 171//86 174//86 172//86
f 173//87 175//87 176//87
f 173//87 176//87 174//87
f 175//88 177//88 178//88
f 175//88 178//88 176//88
f 177//89 179//89 180//89
f 177//89 180//89 178//89
f 179//90 181//90 182//90
f 179//90 182//90 180//90
f 181//91 183//91 184//91
f 181//91 184//91 182//91
f 183//92 185//92 186//92
f 183//92 186//92 184//92
f 185//93 187//93 188//93
f 185//93 188//93 186//93
f 187//94 189//94 190//94
f 187//94 190//94 188//94
f 189//95 191//95 192//95
f 189//95 192//95 190//95
f 191//96 193//96 194//96
f 191//96 194//96 192//96
f 193//97 195//97 196//97
f 193//97 196//97 194//97
f 195//98 197//98 198//98
f 195//98 198//98 196//98
f 197//99 199//99 200//99
f 197//99 200//99 198//99
f 199//100 201//100 202//100
f 199//100 202//100 200//100
f 201//101 203//101 204//101
f 201//101 204//101 202//101
f 203//102 205//102 206//102
f 203//102 206//102 204//102
f 205//103 207//103 208//103
f 205//103 208//103 206//103
f 207//104 209//104 210//104
f 207//104 210//104 208//104
f 209//105 211//105 212//105
f 209//105 212//105 210//105
f 211//106 213//106 214//106
f 211//106 214//106 212//106
f 213//107 215//107 216//107
f 213//107 216//107 214//107
f 215//108 217//108 218//108
f 215//108 218//108 216//108
f 217//109 219//109 220//109
f 217//109 220//109 218//109
f 219//110 221//110 222//110
f 219//110 222//110 220//110
f 221//111 223//111 224//111
f 221//111 224//111 222//111
f 223//112 225//112 226//112
f 223//112 226//112 224//112
f 225//113 227//113 228//113
f 225//113 228//113 226//113
f 227//114 229//114 230//114
f 227//114 230//114 228//114
f 229//115 231//115 232//115
f 229//115 232//115 230//115
f 231//116 233//116 234//116
f 231//116 234//116 232//116
f 233//117 235//117 236//117
f 233//117 236//117 234//117
f 235//118 237//118 238//118
f 235//118 238//118 236//118
f 237//119 239//119 240//119
f 237//119 240//119 238//119
f 239//120 241//120 242//120
f 239//120 242//120 240//120
f 241//121 243//121 244//121
f 241//121 244//121 242//121
f 243//122 245//122 246//122
f 243//122 246//122 244//122
f 245//123 247//123 248//123
f 245//123 248//123 246//123
f 247//124 249//124 250//124
f 247//124 250//124 248//124
f 249//125 251//125 252//125
f 249//125 252//125 250//125
f 251//126 253//126 254//126
f 251//126 254//126 252//126
f 253//127 255//127 256//127
f 253//127 256//127 254//127
f 255//128 257//128 258//128
f 255//128 258//128 256//128
f 257//129 259//129 260//129
f 257//129 260//129 258//129
f 259//130 261//130 262//130
f 259//130 262//130 260//130
f 261//131 263//131 264//131
f 261//131 264//131 262//131
f 263//132 265//132 266//132
f 263//132 266//132 264//132
f 265//133 267//133 268//133
f 265//133 268//133 266//133
f 267//134 269//134 270//134
f 267//134 270//134 268//134
f 269//135 271//135 272//135
f 269//135 272//135 270//135
f 271//136 273//136 274//136
f 271//136 274//136 272//136
f 273//137 275//137 276//137
f 273//137 276//137 274//137
f 275//138 277//138 278//138
f 275//138 278//138 276//138
f 277//139 279//139 280//139
f 277//139 280//139 278//139
f 279//140 281//140 282//140
f 279//140 282//140 280//140
f 281//141 283//141 284//141
f 281//141 284//141 282//141
f 283//142 285//142 286//142
f 283//142 286//142 284//142
f 285//143 287//143 288//143
f 285//143 288//143 286//143
f 287//144 289//144 290//144
f 287//144 290//144 288//144
f 289//145 291//145 292//145
f 289//145 292//145 290//145
f 291//146 293//146 294//146
f 291//146 294//146 292//146
f 293//147 295//147 296//147
f 293//147 296//147 294//147
f 295//148 297//148 298//148
f 295//148 298//148 296//148
f 297//149 299//149 300//149
f 297//149 300//149 298//149
f 299//150 301//150 302//150
f 299//150 302//150 300//150
f 301//151 303//151 304//151
f 301//151 304//151 302//151
f 303//152 305//152 306//152
f 303//152 306//152 304//152
f 305//153 307//153 308//153
f 305//153 308//153 306//153
f 307//154 309//154 310//154
f 307//154 310//154 308//154
f 309//155 311//155 312//155
f 309//155 312//155 310//155
f 311//156 313//156 314//156
f 311//156 314//156 312//156
f 313//157 315//157 316//157
f 313//157 316//157 314//157
f 315//158 317//158 318//158
f 315//158 318//158 316//158
f 317//159 319//159 320//159
f 317//159 320//159 318//159
f 319//160 321//160 322//160
f 319//160 322//160 320//160
f 321//161 323//161 324//161
f 321//161 324//161 322//161
f 323//162 325//162 326//162
f 323//162 326//162 324//162
f 325//163 327//163 328//163
f 325//163 328//163 326//163
f 327//164 329//164 330//164
f 327//164 330//164 328//164
f 329//165 331//165 332//165
f 329//165 332//165 330//165
f 331//166 333//166 334//166
f 331//166 334//166 332//166
f 333//167 335//167 336//167
f 333//167 336//167 334//167
f 335//168 337//168 338//168
f 335//168 338//168 336//168
f 337//169 339//169 340//169
f 337//169 340//169 338//169
f 339//170 341//170 342//170
f 339//170 342//170 340//170
f 341//171 343//171 344//171
f 341//171 344//171 342//171
f 343//172 345//172 346//172
f 343//172 346//172 344//172
f 345//173 347//173 348//173
f 345//173 348//173 346//173
f 347//174 349//174 350//174
f 347//174 350//174 348//174
f 349//175 351//175 352//175
f 349//175 352//175 350//175
f 351//176 353//176 354//176
f 351//176 354//176 352//176
f 353//177 355//177 356//177
f 353//177 356//177 354//177
f 355//178 357//178 358//178
f 355//178 358//178 356//178
f 357//179 359//179 360//179
f 357//179 360//179 358//179
f 359//180 361//180 362//180
f 359//180 362//180 360//180
f 361//181 363//181 364//181
f 361//181 364//181 362//181
f 363//182 365//182 366//182
f 363//182 366//182 364//182
f 365//183 367//183 368//183
f 365//183 368//183 366//183
f 367//184 369//184 370//184
f 367//184 370//184 368//184
f 369//185 371//185 372//185
f 369//185 372//185 370//185
f 371//186 373//186 374//186
f 371//186 374//186 372//186
f 373//187 375//187 376//187
f 373//187 376//187 374//187
f 375//188 377//188 378//188
f 375//188 378//188 376//188
f 377//189 379//189 380//189
f 377//189 380//189 378//189
f 379//190 381//190 382//190
f 379//190 382//190 380//190
f 381//191 383//191 384//191
f 381//191 384//191 382//191
f 383//192 385//192 386//192
f 383//192 386//192 384//192
f 385//193 387//193 388//193
f 385//193 388//193 386//193
f 387//194 389//194 390//194
f 387//194 390//194 388//194
f 389//195 391//195 392//195
f 389//195 392//195 390//195
f 391//196 393//196 394//196
f 391//196 394//196 392//196
f 393//197 395//197 396//197
f 393//197 396//197 394//197
f 395//198 397//198 398//198
f 395//198 398//198 396//198
f 397//199 399//199 400//199
f 397//199 400//199 398//199
f 399//200 401//200 402//200
f 399//200 402//200 400//200
f 401//201 403//201 404//201
f 401//201 404//201 402//201
f 403//202 405//202 406//202
f 403//202 406//202 404//202
f 405//203 407//203 408//203
f 405//203 408//203 406//203
f 407//204 409//204 410//204
f 407//204 410//204 408//204
f 409//205 411//205 412//205
f 409//205 412//205 410//205
f 411//206 413//206 414//206
f 411//206 414//206 412//206
f 413//207 415//207 416//207
f 413//207 416//207 414//207
f 415//208 417//208 418//208
f 415//208 418//208 416//208
f 417//209 419//209 420//209
f 417//209 420//209 418//209
f 419//210 421//210 422//210
f 419//210 422//210 420//210
f 421//211 1//211 4//211
f 421//211 4//211 422//211
f 423//212 424//212 425//212
f 423//212 425//212 426//212
f 424//213 427//213 428//213
f 424//213 428//213 425//213
f 427//214 429//214 430//214
f 427//214 430//214 428//214
f 429//215 431//215 432//215
f 429//215 432//215 430//215
f 431//216 433//216 434//216
f 431//216 434//216 432//216
f 433//217 435//217 436//217
f 433//217 436//217 434//217
f 435//218 437//218 438//218
f 435//218 438//218 436//218
f 437//219 439//219 440//219
f 437//219 440//219 438//219
f 439//220 441//220 442//220
f 439//220 442//220 440//220
f 441//221 443//221 444//221
f 441//221 444//221 442//221
f 443//222 445//222 446//222
f 443//222 446//222 444//222
f 445//223 447//223 448//223
f 445//223 448//223 446//223
f 447//224 449//224 450//224
f 447//224 450//224 448//224
f 449//225 451//225 452//225
f 449//225 452//225 450//225
f 451//226 453//226 454//226
f 451//226 454//226 452//226
f 453//227 455//227 456//227
f 453//227 456//227 454//227
f 455//228 457//228 458//228
f 455//228 458//228 456//228
f 457//229 459//229 460//229
f 457//229 460//229 458//229
f 459//230 461//230 462//230
f 459//230 462//230 460//230
f 461//231 463//231 464//231
f 461//231 464//231 462//231
f 463//232 465//232 466//232
f 463//232 466//232 464//232
f 465//233 467//233 468//233
f 465//233 468//233 466//233
f 467//234 469//234 470//234
f 467//234 470//234 468//234
f 469//235 471//235 472//235
f 469//235 472//235 470//235
f 471//236 473//236 474//236
f 471//236 474//236 472//236
f 473//237 475//237 476//237
f 473//237 476//237 474//237
f 475//238 477//238 478//238
f 475//238 478//238 476//238
f 477//239 479//239 480//239
f 477//239 480//239 478//239
f 479//240 481//240 482//240
f 479//240 482//240 480//240
f 481//241 483//241 484//241
f 481//241 484//241 482//241
f 483//242 485//242 486//242
f 483//242 486//242 484//242
f 485//243 487//243 488//243
f 485//243 488//243 486//243
f 487//244 489//244 490//244
f 487//244 490//244 488//244
f 489//245 491//245 492//245
f 489//245 492//245 490//245
f 491//246 493//246 494//246
f 491//246 494//246 492//246
f 493//247 495//247 496//247
f 493//247 496//247 494//247
f 495//248 497//248 498//248
f 495//248 498//248 496//248
f 497//249 499//249 500//249
f 497//249 500//249 498//249
f 499//250 501//250 502//250
f 499//250 502//250 500//250
f 501//251 503//251 504//251
f 501//251 504//251 502//251
f 503//252 505//252 506//252
f 503//252 506//252 504//252
f 505//253 507//253 508//253
f 505//253 508//253 506//253
f 507//254 509//254 510//254
f 507//254 510//254 508//254
f 509//255 511//255 512//255
f 509//255 512//255 510//255
f 511//256 513//256 514//256
f 511//256 514//256 512//256
f 513//257 515//257 516//257
f 513//257 516//257 514//257
f 515//258 517//258 518//258
f 515//258 518//258 516//258
f 517//259 519//259 520//259
f 517//259 520//259 518//259
f 519//260 521//260 522//260
f 519//260 522//260 520//260
f 521//261 523//261 524//261
f 521//261 524//261 522//261
f 523//262 525//262 526//262
f 523//262 526//262 524//262
f 525//263 527//263 528//263
f 525//263 528//263 526//263
f 527//264 529//264 530//264
f 527//264 530//264 528//264
f 529//265 531//265 532//265
f 529//265 532//265 530//265
f 531//266 533//266 534//266
f 531//266 534//266 532//266
f 533//267 535//267 536//267
f 533//267 536//267 534//267
f 535//268 537//268 538//268
f 535//268 538//268 536//268
f 537//269 539//269 540//269
f 537//269 540//269 538//269
f 539//270 541//270 542//270
f 539//270 542//270 540//270
f 541//271 543//271 544//271
f 541//271 544//271 542//271
f 543//272 545//272 546//272
f 543//272 546//272 544//272
f 545//273 547//273 548//273
f 545//273 548//273 546//273
f 547//274 549//274 550//274
f 547//274 550//274 548//274
f 549//275 551//275 552//275
f 549//275 552//275 550//275
f 551//276 553//276 554//276
f 551//276 554//276 552//276
f 553//277 555//277 556//277
f 553//277 556//277 554//277
f 555//278 557//278 558//278
f 555//278 558//278 556//278
f 557//279 559//279 560//279
f 557//279 560//279 558//279
f 559//280 561//280 562//280
f 559//280 562//280 560//280
f 561//281 563//281 564//281
f 561//281 564//281 562//281
f 563//282 565//282 566//282
f 563//282 566//282 564//282
f 565//283 567//283 568//283
f 565//283 568//283 566//283
f 567//284 569//284 570//284
f 567//284 570//284 568//284
f 569//285 571//285 572//285
f 569//285 572//285 570//285
f 571//286 573//286 574//286
f 571//286 574//286 572//286
f 573//287 575//287 576//287
f 573//287 576//287 574//287
f 575//288 577//288 578//288
f 575//288 578//288 576//288
f 577//289 579//289 580//289
f 577//289 580//289 578//289
f 579//290 581//290 582//290
f 579//290 582//290 580//290
f 581//291 583//291 584//291
f 581//291 584//291 582//291
f 583//292 585//292 586//292
f 583//292 586//292 584//292
f 585//293 587//293 588//293
f 585//293 588//293 586//293
f 587//294 589//294 590//294
f 587//294 590//294 588//294
f 589//295 591//295 592//295
f 589//295 592//295 590//295
f 591//296 593//296 594//296
f 591//296 594//296 592//296
f 593//297 595//297 596//297
f 593//297 596//297 594//297
f 595//298 597//298 598//298
f 595//298 598//298 596//298
f 597//299 599//299 600//299
f 597//299 600//299 598//299
f 599//300 601//300 602//300
f 599//300 602//300 600//300
f 601//301 603//301 604//301
f 601//301 604//301 602//301
f 603//302 605//302 606//302
f 603//302 606//302 604//302
f 605//303 607//303 608//303
f 605//303 608//303 606//303
f 607//304 609//304 610//304
f 607//304 610//304 608//304
f 609//305 611//305 612//305
f 609//305 612//305 610//305
f 611//306 613//306 614//306
f 611//306 614//306 612//306
f 613//307 615//307 616//307
f 613//307 616//307 614//307
f 615//308 617//308 618//308
f 615//308 618//308 616//308
f 617//309 619//309 620//309
f 617//309 620//309 618//309
f 619//310 621//310 622//310
f 619//310 622//310 620//310
f 621//311 623//311 624//311
f 621//311 624//311 622//311
f 623//312 625//312 626//312
f 623//312 626//312 624//312
f 625//313 627//313 628//313
f 625//313 628//313 626//313
f 627//314 629//314 630//314
f 627//314 630//314 628//314
f 629//315 631//315 632//315
f 629//315 632//315 630//315
f 631//316 633//316 634//316
f 631//316 634//316 632//316
f 633//317 635//317 636//317
f 633//317 636//317 634//317
f 635//318 637//318 638//318
f 635//318 638//318 636//318
f 637//319 639//319 640//319
f 637//319 640//319 638//319
f 639//320 641//320 642//320
f 639//320 642//320 640//320
f 641//321 643//321 644//321
f 641//321 644//321 642//321
f 643//322 645//322 646//322
f 643//322 646//322 644//322
f 645//323 647//323 648//323
f 645//323 648//323 646//323
f 647//324 649//324 650//324
f 647//324 650//324 648//324
f 649//325 651//325 652//325
f 649//325 652//325 650//325
f 651//326 653//326 654//326
f 651//326 654//326 652//326
f 653//327 655//327 656//327
f 653//327 656//327 654//327
f 655//328 657//328 658//328
f 655//328 658//328 656//328
f 657//329 659//329 660//329
f 657//329 660//329 658//329
f 659//330 661//330 662//330
f 659//330 662//330 660//330
f 661//331 663//331 664//331
f 661//331 664//331 662//331
f 663//332 665//332 666//332
f 663//332 666//332 664//332
f 665//333 667//333 668//333
f 665//333 668//333 666//333
f 667//334 669//334 670//334
f 667//334 670//334 668//334
f 669//335 671//335 672//335
f 669//335 672//335 670//335
f 671//336 423//336 426//336
f 671//336 426//336 672//336
f 673//337 674//337 675//337
f 673//337 675//337 676//337
f 674//338 677//338 678//338
f 674//338 678//338 675//338
f 677//339 679//339 680//339
f 677//339 680//339 678//339
f 679//340 681//340 682//340
f 679//340 682//340 680//340
f 681//341 683//341 684//341
f 681//341 684//341 682//341
f 683//342 685//342 686//342
f 683//342 686//342 684//342
f 685//343 687//343 688//343
f 685//343 688//343 686//343
f 687//344 689//344 690//344
f 687//344 690//344 688//344
f 689//345 691//345 692//345
f 689//345 692//345 690//345
f 691//346 693//346 694//346
f 691//346 694//346 692//346
f 693//347 695//347 696//347
f 693//347 696//347 694//347
f 695//348 697//348 698//348
f 695//348 698//348 696//348
f 697//349 699//349 700//349
f 697//349 700//349 698//349
f 699//350 701//350 702//350
f 699//350 702//350 700//350
f 701//351 703//351 704//351
f 701//351 704//351 702//351
f 703//352 705//352 706//352
f 703//352 706//352 704//352
f 705//353 707//353 708//353
f 705//353 708//353 706//353
f 707//354 709//354 710//354
f 707//354 710//354 708//354
f 709//355 711//355 712//355
f 709//355 712//355 710//355
f 711//356 713//356 714//356
f 711//356 714//356 712//356
f 713//357 715//357 716//357
f 713//357 716//357 714//357
f 715//358 717//358 718//358
f 715//358 718//358 716//358
f 717//359 719//359 720//359
f 717//359 720//359 718//359
f 719//360 721//360 722//360
f 719//360 722//360 720//360
f 721//361 723//361 724//361
f 721//361 724//361 722//361
f 723//362 725//362 726//362
f 723//362 726//362 724//362
f 725//363 727//363 728//363
f 725//363 728//363 726//363
f 727//364 729//364 730//364
f 727//364 730//364 728//364
f 729//365 731//365 732//365
f 729//365 732//365 730//365
f 731//366 733//366 734//366
f 731//366 734//366 732//366
f 733//367 735//367 736//367
f 733//367 736//367 734//367
f 735//368 737//368 738//368
f 735//368 738//368 736//368
f 737//369 739//369 740//369
f 737//369 740//369 738//369
f 739//370 741//370 742//370
f 739//370 742//370 740//370
f 741//371 743//371 744//371
f 741//371 744//371 742//371
f 743//372 745//372 746//372
f 743//372 746//372 744//372
f 745//373 747//373 748//373
f 745//373 748//373 746//373
f 747//374 749//374 750//374
f 747//374 750//374 748//374
f 749//375 751//375 752//375
f 749//375 752//375 750//375
f 751//376 753//376 754//376
f 751//376 754//376 752//376
f 753//377 755//377 756//377
f 753//377 756//377 754//377
f 755//378 757//378 758//378
f 755//378 758//378 756//378
f 757//379 759//379 760//379
f 757//379 760//379 758//379
f 759//380 761//380 762//380
f 759//380 762//380 760//380
f 761//381 763//381 764//381
f 761//381 764//381 762//381
f 763//382 765//382 766//382
f 763//382 766//382 764//382
f 765//383 767//383 768//383
f 765//383 768//383 766//383
f 767//384 769//384 770//384
f 767//384 770//384 768//384
f 769//385 771//385 772//385
f 769//385 772//385 770//385
f 771//386 773//386 774//386
f 771//386 774//386 772//386
f 773//387 775//387 776//387
f 773//387 776//387 774//387
f 775//388 777//388 778//388
f 775//388 778//388 776//388
f 777//389 779//389 780//389
f 777//389 780//389 778//389
f 779//390 781//390 782//390
f 779//390 782//390 780//390
f 781//391 783//391 784//391
f 781//391 784//391 782//391
f 783//392 785//392 786//392
f 783//392 786//392 784//392
f 785//393 787//393 788//393
f 785//393 788//393 786//393
f 787//394 789//394 790//394
f 787//394 790//394 788//394
f 789//395 791//395 792//395
f 789//395 792//395 790//395
f 791//396 793//396 794//396
f 791//396 794//396 792//396
f 793//397 795//397 796//397
f 793//397 796//397 794//397
f 795//398 797//398 798//398
f 795//398 798//398 796//398
f 797//399 799//399 800//399
f 797//399 800//399 798//399
f 799//400 801//400 802//400
f 799//400 802//400 800//400
f 801//401 803//401 804//401
f 801//401 804//401 802//401
f 803//402 805//402 806//402
f 803//402 806//402 804//402
f 805//403 807//403 808//403
f 805//403 808//403 806//403
f 807//404 809//404 810//404
f 807//404 810//404 808//404
f 809//405 811//405 812//405
f 809//405 812//405 810//405
f 811//406 813//406 814//406
f 811//406 814//406 812//406
f 813//407 815//407 816//407
f 813//407 816//407 814//407
f 815//408 817//408 818//408
f 815//408 818//408 816//408
f 817//409 819//409 820//409
f 817//409 820//409 818//409
f 819//410 821//410 822//410
f 819//410 822//410 820//410
f 821//411 823//411 824//411
f 821//411 824//411 822//411
f 823//412 825//412 826//412
f 823//412 826//412 824//412
f 825//413 827//413 828//413
f 825//413 828//413 826//413
f 827//414 829//414 830//414
f 827//414 830//414 828//414
f 829//415 831//415 832//415
f 829//415 832//415 830//415
f 831//416 833//416 834//416
f 831//416 834//416 832//416
f 833//417 835//417 836//417
f 833//417 836//417 834//417
f 835//418 837//418 838//418
f 835//418 838//418 836//418
f 837//419 839//419 840//419
f 837//419 840//419 838//419
f 839//420 841//420 842//420
f 839//420 842//420 840//420
f 841//421 843//421 844//421
f 841//421 844//421 842//421
f 843//422 845//422 846//422
f 843//422 846//422 844//422
f 845//423 847//423 848//423
f 845//423 848//423 846//423
f 847//424 849//424 850//424
f 847//424 850//424 848//424
f 849//425 851//425 852//425
f 849//425 852//425 850//425
f 851//426 853//426 854//426
f 851//426 854//426 852//426
f 853//427 855//427 856//427
f 853//427 856//427 854//427
f 855//428 857//428 858//428
f 855//428 858//428 856//428
f 857//429 859//429 860//429
f 857//429 860//429 858//429
f 859//430 861//430 862//430
f 859//430 862//430 860//430
f 861//431 863//431 864//431
f 861//431 864//431 862//431
f 863//432 865//432 866//432
f 863//432 866//432 864//432
f 865//433 867//433 868//433
f 865//433 868//433 866//433
f 867//434 869//434 870//434
f 867//434 870//434 868//434
f 869//435 871//435 872//435
f 869//435 872//435 870//435
f 871//436 873//436 874//436
f 871//436 874//436 872//436
f 873//437 875//437 876//437
f 873//437 876//437 874//437
f 875//438 877//438 878//438
f 875//438 878//438 876//438
f 877//439 879//439 880//439
f 877//439 880//439 878//439
f 879//440 881//440 882//440
f 879//440 882//440 880//440
f 881//441 883//441 884//441
f 881//441 884//441 882//441
f 883//442 885//442 886//442
f 883//442 886//442 884//442
f 885//443 887//443 888//443
f 885//443 888//443 886//443
f 887//444 889//444 890//444
f 887//444 890//444 888//444
f 889//445 891//445 892//445
f 889//445 892//445 890//445
f 891//446 893//446 894//446
f 891//446 894//446 892//446
f 893//447 895//447 896//447
f 893//447 896//447 894//447
f 895//448 897//448 898//448
f 895//448 898//448 896//448
f 897//449 899//449 900//449
f 897//449 900//449 898//449
f 899//450 901//450 902//450
f 899//450 902//450 900//450
f 901//451 673//451 676//451
f 901//451 676//451 902//451
f 903//452 904//452 905//452
f 903//452 905//452 906//452
f 904//453 907//453 908//453
f 904//453 908//453 905//453
f 907//454 909//454 910//454
f 907//454 910//454 908//454
f 909//455 911//455 912//455
f 909//455 912//455 910//455
f 911//456 913//456 914//456
f 911//456 914//456 912//456
f 913//457 915//457 916//457
f 913//457 916//457 914//457
f 915//458 917//458 918//458
f 915//458 918//458 916//458
f 917//459 919//459 920//459
f 917//459 920//459 918//459
f 919//460 921//460 922//460
f 919//460 922//460 920//460
f 921//461 923//461 924//461
f 921//461 924//461 922//461
f 923//462 925//462 926//462
f 923//462 926//462 924//462
f 925//463 927//463 928//463
f 925//463 928//463 926//463
f 927//464 929//464 930//464
f 927//464 930//464 928//464
f 929//465 931//465 932//465
f 929//465 932//465 930//465
f 931//466 933//466 934//466
f 931//466 934//466 932//466
f 933//467 935//467 936//467
f 933//467 936//467 934//467
f 935//468 937//468 938//468
f 935//468 938//468 936//468
f 937//469 939//469 940//469
f 937//469 940//469 938//469
f 939//470 941//470 942//470
f 939//470 942//470 940//470
f 941//471 943//471 944//471
f 941//471 944//471 942//471
f 943//472 945//472 946//472
f 943//472 946//472 944//472
f 945//473 947//473 948//473
f 945//473 948//473 946//473
f 947//474 949//474 950//474
f 947//474 950//474 948//474
f 949//475 951//475 952//475
f 949//475 952//475 950//475
f 951//476 953//476 954//476
f 951//476 954//476 952//476
f 953//477 955//477 956//477
f 953//477 956//477 954//477
f 955//478 957//478 958//478
f 955//478 958//478 956//478
f 957//479 959//479 960//479
f 957//479 960//479 958//479
f 959//480 961//480 962//480
f 959//480 962//480 960//480
f 961//481 963//481 964//481
f 961//481 964//481 962//481
f 963//482 965//482 966//482
f 963//482 966//482 964//482
f 965//483 967//483 968//483
f 965//483 968//483 966//483
f 967//484 969//484 970//484
f 967//484 970//484 968//484
f 969//485 971//485 972//485
f 969//485 972//485 970//485
f 971//486 973//486 974//486
f 971//486 974//486 972//486
f 973//487 975//487 976//487
f 973//487 976//487 974//487
f 975//488 977//488 978//488
f 975//488 978//488 976//488
f 977//489 979//489 980//489
f 977//489 980//489 978//489
f 979//490 981//490 982//490
f 979//490 982//490 980//490
f 981//491 983//491 984//491
f 981//491 984//491 982//491
f 983//492 985//492 986//492
f 983//492 986//492 984//492
f 985//493 987//493 988//493
f 985//493 988//493 986//493
f 987//494 989//494 990//494
f 987//494 990//494 988//494
f 989//495 991//495 992//495
f 989//495 992//495 990//495
f 991//496 993//496 994//496
f 991//496 994//496 992//496
f 993//497 995//497 996//497
f 993//497 996//497 994//497
f 995//498 997//498 998//498
f 995//498 998//498 996//498
f 997//499 999//499 1000//499
f 997//499 1000//499 998//499
f 999//500 1001//500 1002//500
f 999//500 1002//500 1000//500
f 1001//501 1003//501 1004//501
f 1001//501 1004//501 1002//501
f 1003//502 1005//502 1006//502
f 1003//502 1006//502 1004//502
f 1005//503 1007//503 1008//503
f 1005//503 1008//503 1006//503
f 1007//504 1009//504 1010//504
f 1007//504 1010//504 1008//504
f 1009//505 1011//505 1012//505
f 1009//505 1012//505 1010//505
f 1011//506 1013//506 1014//506
f 1011//506 1014//506 1012//506
f 1013//507 1015//507 1016//507
f 1013//507 1016//507 1014//507
f 1015//508 1017//508 1018//508
f 1015//508 1018//508 1016//508
f 1017//509 1019//509 1020//509
f 1017//509 1020//509 1018//509
f 1019//510 1021//510 1022//510
f 1019//510 1022//510 1020//510
f 1021//511 1023//511 1024//511
f 1021//511 1024//511 1022//511
f 1023//512 1025//512 1026//512
f 1023//512 1026//512 1024//512
f 1025//513 1027//513 1028//513
f 1025//513 1028//513 1026//513
f 1027//514 1029//514 1030//514
f 1027//514 1030//514 1028//514
f 1029//515 1031//515 1032//515
f 1029//515 1032//515 1030//515
f 1031//516 1033//516 1034//516
f 1031//516 1034//516 1032//516
f 1033//517 1035//517 1036//517
f 1033//517 1036//517 1034//517
f 1035//518 1037//518 1038//518
f 1035//518 1038//518 1036//518
f 1037//519 1039//519 1040//519
f 1037//519 1040//519 1038//519
f 1039//520 1041//520 1042//520
f 1039//520 1042//520 1040//520
f 1041//521 1043//521 1044//521
f 1041//521 1044//521 1042//521
f 1043//522 1045//522 1046//522
f 1043//522 1046//522 1044//522
f 1045//523 1047//523 1048//523
f 1045//523 1048//523 1046//523
f 1047//524 1049//524 1050//524
f 1047//524 1050//524 1048//524
f 1049//525 1051//525 1052//525
f 1049//525 1052//525 1050//525
f 1051//526 1053//526 1054//526
f 1051//526 1054//526 1052//526
f 1053//527 1055//527 1056//527
f 1053//527 1056//527 1054//527
f 1055//528 1057//528 1058//528
f 1055//528 1058//528 1056//528
f 1057//529 1059//529 1060//529
f 1057//529 1060//529 1058//529
f 1059//530 1061//530 1062//530
f 1059//530 1062//530 1060//530
f 1061//531 1063//531 1064//531
f 1061//531 1064//531 1062//531
f 1063//532 1065//532 1066//532
f 1063//532 1066//532 1064//532
f 1065//533 1067//533 1068//533
f 1065//533 1068//533 1066//533
f 1067//534 1069//534 1070//534
f 1067//534 1070//534 1068//534
f 1069//535 1071//535 1072//535
f 1069//535 1072//535 1070//535
f 1071//536 1073//536 1074//536
f 1071//536 1074//536 1072//536
f 1073//537 1075//537 1076//537
f 1073//537 1076//537 1074//537
f 1075//538 1077//538 1078//538
f 1075//538 1078//538 1076//538
f 1077//539 1079//539 1080//539
f 1077//539 1080//539 1078//539
f 1079//540 1081//540 1082//540
f 1079//540 1082//540 1080//540
f 1081//541 1083//541 1084//541
f 1081//541 1084//541 1082//541
f 1083//542 1085//542 1086//542
f 1083//542 1086//542 1084//542
f 1085//543 1087//543 1088//543
f 1085//543 1088//543 1086//543
f 1087//544 1089//544 1090//544
f 1087//544 1090//544 1088//544
f 1089//545 1091//545 1092//545
f 1089//545 1092//545 1090//545
f 1091//546 1093//546 1094//546
f 1091//546 1094//546 1092//546
f 1093//547 1095//547 1096//547
f 1093//547 1096//547 1094//547
f 1095//548 1097//548 1098//548
f 1095//548 1098//548 1096//548
f 1097//549 1099//549 1100//549
f 1097//549 1100//549 1098//549
f 1099//550 1101//550 1102//550
f 1099//550 1102//550 1100//550
f 1101//551 1103//551 1104//551
f 1101//551 1104//551 1102//551
f 1103//552 1105//552 1106//552
f 1103//552 1106//552 1104//552
f 1105//553 1107//553 1108//553
f 1105//553 1108//553 1106//553
f 1107//554 1109//554 1110//554
f 1107//554 1110//554 1108//554
f 1109//555 1111//555 1112//555
f 1109//555 1112//555 1110//555
f 1111//556 1113//556 1114//556
f 1111//556 1114//556 1112//556
f 1113//557 1115//557 1116//557
f 1113//557 1116//557 1114//557
f 1115//558 1117//558 1118//558
f 1115//558 1118//558 1116//558
f 1117//559 1119//559 1120//559
f 1117//559 1120//559 1118//559
f 1119//560 1121//560 1122//560
f 1119//560 1122//560 1120//560
f 1121//561 1123//561 1124//561
f 1121//561 1124//561 1122//561
f 1123//562 1125//562 1126//562
f 1123//562 1126//562 1124//562
f 1125//563 1127//563 1128//563
f 1125//563 1128//563 1126//563
f 1127//564 1129//564 1130//564
f 1127//564 1130//564 1128//564
f 1129//565 1131//565 1132//565
f 1129//565 1132//565 1130//565
f 1131//566 1133//566 1134//566
f 1131//566 1134//566 1132//566
f 1133//567 1135//567 1136//567
f 1133//567 1136//567 1134//567
f 1135//568 1137//568 1138//568
f 1135//568 1138//568 1136//568
f 1137//569 1139//569 1140//569
f 1137//569 1140//569 1138//569
f 1139//570 1141//570 1142//570
f 1139//570 1142//570 1140//570
f 1141//571 1143//571 1144//571
f 1141//571 1144//571 1142//571
f 1143//572 1145//572 1146//572
f 1143//572 1146//572 1144//572
f 1145//573 1147//573 1148//573
f 1145//573 1148//573 1146//573
f 1147//574 1149//574 1150//574
f 1147//574 1150//574 1148//574
f 1149//575 903//575 906//575
f 1149//575 906//575 1150//575
f 1151//576 1152//576 1153//576
f 1151//576 1153//576 1154//576
f 1152//577 1155//577 1156//577
f 1152//577 1156//577 1153//577
f 1155//578 1157//578 1158//578
f 1155//578 1158//578 1156//578
f 1157//579 1159//579 1160//579
f 1157//579 1160//579 1158//579
f 1159//580 1161//580 1162//580
f 1159//580 1162//580 1160//580
f 1161//581 1163//581 1164//581
f 1161//581 1164//581 1162//581
f 1163//582 1165//582 1166//582
f 1163//582 1166//582 1164//582
f 1165//583 1167//583 1168//583
f 1165//583 1168//583 1166//583
f 1167//584 1169//584 1170//584
f 1167//584 1170//584 1168//584
f 1169//585 1171//585 1172//585
f 1169//585 1172//585 1170//585
f 1171//586 1173//586 1174//586
f 1171//586 1174//586 1172//586
f 1173//587 1175//587 1176//587
f 1173//587 1176//587 1174//587
f 1175//588 1177//588 1178//588
f 1175//588 1178//588 1176//588
f 1177//589 1179//589 1180//589
f 1177//589 1180//589 1178//589
f 1179//590 1181//590 1182//590
f 1179//590 1182//590 1180//590
f 1181//591 1183//591 1184//591
f 1181//591 1184//591 1182//591
f 1183//592 1185//592 1186//592
f 1183//592 1186//592 1184//592
f 1185//593 1187//593 1188//593
f 1185//593 1188//593 1186//593
f 1187//594 1189//594 1190//594
f 1187//594 1190//594 1188//594
f 1189//595 1191//595 1192//595
f 1189//595 1192//595 1190//595
f 1191//596 1193//596 1194//596
f 1191//596 1194//596 1192//596
f 1193//597 1195//597 1196//597
f 1193//597 1196//597 1194//597
f 1195//598 1197//598 1198//598
f 1195//598 1198//598 1196//598
f 1197//599 1199//599 1200//599
f 1197//599 1200//599 1198//599
f 1199//600 1201//600 1202//600
f 1199//600 1202//600 1200//600
f 1201//601 1203//601 1204//601
f 1201//601 1204//601 1202//601
f 1203//602 1205//602 1206//602
f 1203//602 1206//602 1204//602
f 1205//603 1207//603 1208//603
f 1205//603 1208//603 1206//603
f 1207//604 1209//604 1210//604
f 1207//604 1210//604 1208//604
f 1209//605 1211//605 1212//605
f 1209//605 1212//605 1210//605
f 1211//606 1213//606 1214//606
f 1211//606 1214//606 1212//606
f 1213//607 1215//607 1216//607
f 1213//607 1216//607 1214//607
f 1215//608 1217//608 1218//608
f 1215//608 1218//608 1216//608
f 1217//609 1219//609 1220//609
f 1217//609 1220//609 1218//609
f 1219//610 1221//610 1222//610
f 1219//610 1222//610 1220//610
f 1221//611 1223//611 1224//611
f 1221//611 1224//611 1222//611
f 1223//612 1225//612 1226//612
f 1223//612 1226//612 1224//612
f 1225//613 1227//613 1228//613
f 1225//613 1228//613 1226//613
f 1227//614 1229//614 1230//614
f 1227//614 1230//614 1228//614
f 1229//615 1231//615 1232//615
f 1229//615 1232//615 1230//615
f 1231//616 1233//616 1234//616
f 1231//616 1234//616 1232//616
f 1233//617 1235//617 1236//617
f 1233//617 1236//617 1234//617
f 1235//618 1237//618 1238//618
f 1235//618 1238//618 1236//618
f 1237//619 1239//619 1240//619
f 1237//619 1240//619 1238//619
f 1239//620 1241//620 1242//620
f 1239//620 1242//620 1240//620
f 1241//621 1243//621 1244//621
f 1241//621 1244//621 1242//621
f 1243//622 1245//622 1246//622
f 1243//622 1246//622 1244//622
f 1245//623 1247//623 1248//623
f 1245//623 1248//623 1246//623
f 1247//624 1249//624 1250//624
f 1247//624 1250//624 1248//624
f 1249//625 1251//625 1252//625
f 1249//625 1252//625 1250//625
f 1251//626 1253//626 1254//626
f 1251//626 1254//626 1252//626
f 1253//627 1255//627 1256//627
f 1253//627 1256//627 1254//627
f 1255//628 1257//628 1258//628
f 1255//628 1258//628 1256//628
f 1257//629 1259//629 1260//629
f 1257//629 1260//629 1258//629
f 1259//630 1261//630 1262//630
f 1259//630 1262//630 1260//630
f 1261//631 1263//631 1264//631
f 1261//631 1264//631 1262//631
f 1263//632 1265//632 1266//632
f 1263//632 1266//632 1264//632
f 1265//633 1267//633 1268//633
f 1265//633 1268//633 1266//633
f 1267//634 1269//634 1270//634
f 1267//634 1270//634 1268//634
f 1269//635 1271//635 1272//635
f 1269//635 1272//635 1270//635
f 1271//636 1273//636 1274//636
f 1271//636 1274//636 1272//636
f 1273//637 1275//637 1276//637
f 1273//637 1276//637 1274//637
f 1275//638 1277//638 1278//638
f 1275//638 1278//638 1276//638
f 1277//639 1151//639 1154//639
f 1277//639 1154//639 1278//639
f 1279//640 1280//640 1281//640
f 1279//640 1281//640 1282//640
f 1280//641 1283//641 1284//641
f 1280//641 1284//641 1281//641
f 1283//642 1285//642 1286//642
f 1283//642 1286//642 1284//642
f 1285//643 1287//643 1288//643
f 1285//643 1288//643 1286//643
f 1287//644 1289//644 1290//644
f 1287//644 1290//644 1288//644
f 1289//645 1291//645 1292//645
f 1289//645 1292//645 1290//645
f 1291//646 1293//646 1294//646
f 1291//646 1294//646 1292//646
f 1293//647 1295//647 1296//647
f 1293//647 1296//647 1294//647
f 1295//648 1297//648 1298//648
f 1295//648 1298//648 1296//648
f 1297//649 1299//649 1300//649
f 1297//649 1300//649 1298//649
f 1299//650 1301//650 1302//650
f 1299//650 1302//650 1300//650
f 1301//651 1303//651 1304//651
f 1301//651 1304//651 1302//651
f 1303//652 1305//652 1306//652
f 1303//652 1306//652 1304//652
f 1305//653 1307//653 1308//653
f 1305//653 1308//653 1306//653
f 1307//654 1309//654 1310//654
f 1307//654 1310//654 1308//654
f 1309//655 1311//655 1312//655
f 1309//655 1312//655 1310//655
f 1311//656 1313//656 1314//656
f 1311//656 1314//656 1312//656
f 1313//657 1315//657 1316//657
f 1313//657 1316//657 1314//657
f 1315//658 1317//658 1318//658
f 1315//658 1318//658 1316//658
f 1317//659 1319//659 1320//659
f 1317//659 1320//659 1318//659
f 1319//660 1321//660 1322//660
f 1319//660 1322//660 1320//660
f 1321//661 1323//661 1324//661
f 1321//661 1324//661 1322//661
f 1323//662 1325//662 1326//662
f 1323//662 1326//662 1324//662
f 1325//663 1327//663 1328//663
f 1325//663 1328//663 1326//663
f 1327//664 1329//664 1330//664
f 1327//664 1330//664 1328//664
f 1329//665 1331//665 1332//665
f 1329//665 1332//665 1330//665
f 1331//666 1333//666 1334//666
f 1331//666 1334//666 1332//666
f 1333//667 1335//667 1336//667
f 1333//667 1336//667 1334//667
f 1335//668 1337//668 1338//668
f 1335//668 1338//668 1336//668
f 1337//669 1339//669 1340//669
f 1337//669 1340//669 1338//669
f 1339//670 1341//670 1342//670
f 1339//670 1342//670 1340//670
f 1341//671 1343//671 1344//671
f 1341//671 1344//671 1342//671
f 1343//672 1345//672 1346//672
f 1343//672 1346//672 1344//672
f 1345//673 1347//673 1348//673
f 1345//673 1348//673 1346//673
f 1347//674 1349//674 1350//674
f 1347//674 1350//674 1348//674
f 1349//675 1351//675 1352//675
f 1349//675 1352//675 1350//675
f 1351//676 1353//676 1354//676
f 1351//676 1354//676 1352//676
f 1353//677 1355//677 1356//677
f 1353//677 1356//677 1354//677
f 1355//678 1357//678 1358//678
f 1355//678 1358//678 1356//678
f 1357//679 1359//679 1360//679
f 1357//679 1360//679 1358//679
f 1359//680 1361//680 1362//680
f 1359//680 1362//680 1360//680
f 1361//681 1363//681 1364//681
f 1361//681 1364//681 1362//681
f 1363//682 1365//682 1366//682
f 1363//682 1366//682 1364//682
f 1365//683 1367//683 1368//683
f 1365//683 1368//683 1366//683
f 1367//684 1369//684 1370//684
f 1367//684 1370//684 1368//684
f 1369//685 1371//685 1372//685
f 1369//685 1372//685 1370//685
f 1371//686 1373//686 1374//686
f 1371//686 1374//686 1372//686
f 1373//687 1375//687 1376//687
f 1373//687 1376//687 1374//687
f 1375//688 1377//688 1378//688
f 1375//688 1378//688 1376//688
f 1377//689 1379//689 1380//689
f 1377//689 1380//689 1378//689
f 1379//690 1381//690 1382//690
f 1379//690 1382//690 1380//690
f 1381//691 1383//691 1384//691
f 1381//691 1384//691 1382//691
f 1383//692 1385//692 1386//692
f 1383//692 1386//692 1384//692
f 1385//693 1387//693 1388//693
f 1385//693 1388//693 1386//693
f 1387//694 1389//694 1390//694
f 1387//694 1390//694 1388//694
f 1389//695 1391//695 1392//695
f 1389//695 1392//695 1390//695
f 1391//696 1393//696 1394//696
f 1391//696 1394//696 1392//696
f 1393//697 1395//697 1396//697
f 1393//697 1396//697 1394//697
f 1395//698 1397//698 1398//698
f 1395//698 1398//698 1396//698
f 1397//699 1399//699 1400//699
f 1397//699 1400//699 1398//699
f 1399//700 1401//700 1402//700
f 1399//700 1402//700 1400//700
f 1401//701 1403//701 1404//701
f 1401//701 1404//701 1402//701
f 1403//702 1405//702 1406//702
f 1403//702 1406//702 1404//702
f 1405//703 1279//703 1282//703
f 1405//703 1282//703 1406//703
f 1407//704 1408//704 1409//704
f 1407//704 1409//704 1410//704
f 1408//705 1411//705 1412//705
f 1408//705 1412//705 1409//705
f 1411//706 1413//706 1414//706
f 1411//706 1414//706 1412//706
f 1413//707 1415//707 1416//707
f 1413//707 1416//707 1414//707
f 1415//708 1417//708 1418//708
f 1415//708 1418//708 1416//708
f 1417//709 1419//709 1420//709
f 1417//709 1420//709 1418//709
f 1419//710 1421//710 1422//710
f 1419//710 1422//710 1420//710
f 1421//711 1423//711 1424//711
f 1421//711 1424//711 1422//711
f 1423//712 1425//712 1426//712
f 1423//712 1426//712 1424//712
f 1425//713 1427//713 1428//713
f 1425//713 1428//713 1426//713
f 1427//714 1429//714 1430//714
f 1427//714 1430//714 1428//714
f 1429//715 1431//715 1432//715
f 1429//715 1432//715 1430//715
f 1431//716 1433//716 1434//716
f 1431//716 1434//716 1432//716
f 1433//717 1435//717 1436//717
f 1433//717 1436//717 1434//717
f 1435//718 1437//718 1438//718
f 1435//718 1438//718 1436//718
f 1437//719 1439//719 1440//719
f 1437//719 1440//719 1438//719
f 1439//720 1441//720 1442//720
f 1439//720 1442//720 1440//720
f 1441//721 1443//721 1444//721
f 1441//721 1444//721 1442//721
f 1443//722 1445//722 1446//722
f 1443//722 1446//722 1444//722
f 1445//723 1447//723 1448//723
f 1445//723 1448//723 1446//723
f 1447//724 1449//724 1450//724
f 1447//724 1450//724 1448//724
f 1449//725 1451//725 1452//725
f 1449//725 1452//725 1450//725
f 1451//726 1453//726 1454//726
f 1451//726 1454//726 1452//726
f 1453//727 1455//727 1456//727
f 1453//727 1456//727 1454//727
f 1455//728 1457//728 1458//728
f 1455//728 1458//728 1456//728
f 1457//729 1459//729 1460//729
f 1457//729 1460//729 1458//729
f 1459//730 1461//730 1462//730
f 1459//730 1462//730 1460//730
f 1461//731 1463//731 1464//731
f 1461//731 1464//731 1462//731
f 1463//732 1465//732 1466//732
f 1463//732 1466//732 1464//732
f 1465//733 1467//733 1468//733
f 1465//733 1468//733 1466//733
f 1467//734 1469//734 1470//734
f 1467//734 1470//734 1468//734
f 1469//735 1471//735 1472//735
f 1469//735 1472//735 1470//735
f 1471//736 1473//736 1474//736
f 1471//736 1474//736 1472//736
f 1473//737 1475//737 1476//737
f 1473//737 1476//737 1474//737
f 1475//738 1477//738 1478//738
f 1475//738 1478//738 1476//738
f 1477//739 1479//739 1480//739
f 1477//739 1480//739 1478//739
f 1479//740 1481//740 1482//740
f 1479//740 1482//740 1480//740
f 1481//741 1483//741 1484//741
f 1481//741 1484//741 1482//741
f 1483//742 1485//742 1486//742
f 1483//742 1486//742 1484//742
f 1485//743 1487//743 1488//743
f 1485//743 1488//743 1486//743
f 1487//744 1489//744 1490//744
f 1487//744 1490//744 1488//744
f 1489//745 1491//745 1492//745
f 1489//745 1492//745 1490//745
f 1491//746 1493//746 1494//746
f 1491//746 1494//746 1492//746
f 1493//747 1495//747 1496//747
f 1493//747 1496//747 1494//747
f 1495//748 1497//748 1498//748
f 1495//748 1498//748 1496//748
f 1497//749 1499//749 1500//749
f 1497//749 1500//749 1498//749
f 1499//750 1501//750 1502//750
f 1499//750 1502//750 1500//750
f 1501//751 1503//751 1504//751
f 1501//751 1504//751 1502//751
f 1503//752 1505//752 1506//752
f 1503//752 1506//752 1504//752
f 1505//753 1507//753 1508//753
f 1505//753 1508//753 1506//753
f 1507//754 1509//754 1510//754
f 1507//754 1510//754 1508//754
f 1509//755 1511//755 1512//755
f 1509//755 1512//755 1510//755
f 1511//756 1513//756 1514//756
f 1511//756 1514//756 1512//756
f 1513//757 1515//757 1516//757
f 1513//757 1516//757 1514//757
f 1515//758 1517//758 1518//758
f 1515//758 1518//758 1516//758
f 1517//759 1519//759 1520//759
f 1517//759 1520//759 1518//759
f 1519//760 1521//760 1522//760
f 1519//760 1522//760 1520//760
f 1521//761 1523//761 1524//761
f 1521//761 1524//761 1522//761
f 1523//762 1525//762 1526//762
f 1523//762 1526//762 1524//762
f 1525//763 1527//763 1528//763
f 1525//763 1528//763 1526//763
f 1527//764 1529//764 1530//764
f 1527//764 1530//764 1528//764
f 1529//765 1531//765 1532//765
f 1529//765 1532//765 1530//765
f 1531//766 1533//766 1534//766
f 1531//766 1534//766 1532//766
f 1533//767 1407//767 1410//767
f 1533//767 1410//767 1534//767
f 1535//768 1536//768 1537//768
f 1535//768 1537//768 1538//768
f 1536//769 1539//769 1540//769
f 1536//769 1540//769 1537//769
f 1539//770 1541//770 1542//770
f 1539//770 1542//770 1540//770
f 1541//771 1543//771 1544//771
f 1541//771 1544//771 1542//771
f 1543//772 1545//772 1546//772
f 1543//772 1546//772 1544//772
f 1545//773 1547//773 1548//773
f 1545//773 1548//773 1546//773
f 1547//774 1549//774 1550//774
f 1547//774 1550//774 1548//774
f 1549//775 1551//775 1552//775
f 1549//775 1552//775 1550//775
f 1551//776 1553//776 1554//776
f 1551//776 1554//776 1552//776
f 1553//777 1555//777 1556//777
f 1553//777 1556//777 1554//777
f 1555//778 1557//778 1558//778
f 1555//778 1558//778 1556//778
f 1557//779 1559//779 1560//779
f 1557//779 1560//779 1558//779
f 1559//780 1561//780 1562//780
f 1559//780 1562//780 1560//780
f 1561//781 1563//781 1564//781
f 1561//781 1564//781 1562//781
f 1563//782 1565//782 1566//782
f 1563//782 1566//782 1564//782
f 1565//783 1567//783 1568//783
f 1565//783 1568//783 1566//783
f 1567//784 1569//784 1570//784
f 1567//784 1570//784 1568//784
f 1569//785 1571//785 1572//785
f 1569//785 1572//785 1570//785
f 1571//786 1573//786 1574//786
f 1571//786 1574//786 1572//786
f 1573//787 1575//787 1576//787
f 1573//787 1576//787 1574//787
f 1575//788 1577//788 1578//788
f 1575//788 1578//788 1576//788
f 1577//789 1579//789 1580//789
f 1577//789 1580//789 1578//789
f 1579//790 1581//790 1582//790
f 1579//790 1582//790 1580//790
f 1581//791 1583//791 1584//791
f 1581//791 1584//791 1582//791
f 1583//792 1585//792 1586//792
f 1583//792 1586//792 1584//792
f 1585//793 1587//793 1588//793
f 1585//793 1588//793 1586//793
f 1587//794 1589//794 1590//794
f 1587//794 1590//794 1588//794
f 1589//795 1591//795 1592//795
f 1589//795 1592//795 1590//795
f 1591//796 1593//796 1594//796
f 1591//796 1594//796 1592//796
f 1593//797 1595//797 1596//797
f 1593//797 1596//797 1594//797
f 1595//798 1597//798 1598//798
f 1595//798 1598//798 1596//798
f 1597//799 1599//799 1600//799
f 1597//799 1600//799 1598//799
f 1599//800 1601//800 1602//800
f 1599//800 1602//800 1600//800
f 1601//801 1603//801 1604//801
f 1601//801 1604//801 1602//801
f 1603//802 1605//802 1606//802
f 1603//802 1606//802 1604//802
f 1605//803 1607//803 1608//803
f 1605//803 1608//803 1606//803
f 1607//804 1609//804 1610//804
f 1607//804 1610//804 1608//804
f 1609//805 1611//805 1612//805
f 1609//805 1612//805 1610//805
f 1611//806 1613//806 1614//806
f 1611//806 1614//806 1612//806
f 1613//807 1615//807 1616//807
f 1613//807 1616//807 1614//807
f 1615//808 1617//808 1618//808
f 1615//808 1618//808 1616//808
f 1617//809 1619//809 1620//809
f 1617//809 1620//809 1618//809
f 1619//810 1621//810 1622//810
f 1619//810 1622//810 1620//810
f 1621//811 1623//811 1624//811
f 1621//811 1624//811 1622//811
f 1623//812 1625//812 1626//812
f 1623//812 1626//812 1624//812
f 1625//813 1627//813 1628//813
f 1625//813 1628//813 1626//813
f 1627//814 1629//814 1630//814
f 1627//814 1630//814 1628//814
f 1629//815 1631//815 1632//815
f 1629//815 1632//815 1630//815
f 1631//816 1633//816 1634//816
f 1631//816 1634//816 1632//816
f 1633//817 1635//817 1636//817
f 1633//817 1636//817 1634//817
f 1635//818 1637//818 1638//818
f 1635//818 1638//818 1636//818
f 1637//819 1639//819 1640//819
f 1637//819 1640//819 1638//819
f 1639//820 1641//820 1642//820
f 1639//820 1642//820 1640//820
f 1641//821 1643//821 1644//821
f 1641//821 1644//821 1642//821
f 1643//822 1645//822 1646//822
f 1643//822 1646//822 1644//822
f 1645//823 1647//823 1648//823
f 1645//823 1648//823 1646//823
f 1647//824 1649//824 1650//824
f 1647//824 1650//824 1648//824
f 1649//825 1651//825 1652//825
f 1649//825 1652//825 1650//825
f 1651//826 1653//826 1654//826
f 1651//826 1654//826 1652//826
f 1653//827 1655//827 1656//827
f 1653//827 1656//827 1654//827
f 1655//828 1657//828 1658//828
f 1655//828 1658//828 1656//828
f 1657//829 1659//829 1660//829
f 1657//829 1660//829 1658//829
f 1659//830 1661//830 1662//830
f 1659//830 1662//830 1660//830
f 1661//831 1535//831 1538//831
f 1661//831 1538//831 1662//831
f 1663//832 1664//832 1665//832
f 1663//832 1665//832 1666//832
f 1664//833 1667//833 1668//833
f 1664//833 1668//833 1665//833
f 1667//834 1669//834 1670//834
f 1667//834 1670//834 1668//834
f 1669//835 1671//835 1672//835
f 1669//835 1672//835 1670//835
f 1671//836 1673//836 1674//836
f 1671//836 1674//836 1672//836
f 1673//837 1675//837 1676//837
f 1673//837 1676//837 1674//837
f 1675//838 1677//838 1678//838
f 1675//838 1678//838 1676//838
f 1677//839 1679//839 1680//839
f 1677//839 1680//839 1678//839
f 1679//840 1681//840 1682//840
f 1679//840 1682//840 1680//840
f 1681//841 1683//841 1684//841
f 1681//841 1684//841 1682//841
f 1683//842 1685//842 1686//842
f 1683//842 1686//842 1684//842
f 1685//843 1687//843 1688//843
f 1685//843 1688//843 1686//843
f 1687//844 1689//844 1690//844
f 1687//844 1690//844 1688//844
f 1689//845 1691//845 1692//845
f 1689//845 1692//845 1690//845
f 1691//846 1693//846 1694//846
f 1691//846 1694//846 1692//846
f 1693//847 1695//847 1696//847
f 1693//847 1696//847 1694//847
f 1695//848 1697//848 1698//848
f 1695//848 1698//848 1696//848
f 1697//849 1699//849 1700//849
f 1697//849 1700//849 1698//849
f 1699//850 1701//850 1702//850
f 1699//850 1702//850 1700//850
f 1701//851 1703//851 1704//851
f 1701//851 1704//851 1702//851
f 1703//852 1705//852 1706//852
f 1703//852 1706//852 1704//852
f 1705//853 1707//853 1708//853
f 1705//853 1708//853 1706//853
f 1707//854 1709//854 1710//854
f 1707//854 1710//854 1708//854
f 1709//855 1711//855 1712//855
f 1709//855 1712//855 1710//855
f 1711//856 1713//856 1714//856
f 1711//856 1714//856 1712//856
f 1713//857 1715//857 1716//857
f 1713//857 1716//857 1714//857
f 1715//858 1717//858 1718//858
f 1715//858 1718//858 1716//858
f 1717//859 1719//859 1720//859
f 1717//859 1720//859 1718//859
f 1719//860 1721//860 1722//860
f 1719//860 1722//860 1720//860
f 1721//861 1723//861 1724//861
f 1721//861 1724//861 1722//861
f 1723//862 1725//862 1726//862
f 1723//862 1726//862 1724//862
f 1725//863 1727//863 1728//863
f 1725//863 1728//863 1726//863
f 1727//864 1729//864 1730//864
f 1727//864 1730//864 1728//864
f 1729//865 1731//865 1732//865
f 1729//865 1732//865 1730//865
f 1731//866 1733//866 1734//866
f 1731//866 1734//866 1732//866
f 1733//867 1735//867 1736//867
f 1733//867 1736//867 1734//867
f 1735//868 1737//868 1738//868
f 1735//868 1738//868 1736//868
f 1737//869 1739//869 1740//869
f 1737//869 1740//869 1738//869
f 1739//870 1741//870 1742//870
f 1739//870 1742//870 1740//870
f 1741//871 1743//871 1744//871
f 1741//871 1744//871 1742//871
f 1743//872 1745//872 1746//872
f 1743//872 1746//872 1744//872
f 1745//873 1747//873 1748//873
f 1745//873 1748//873 1746//873
f 1747//874 1749//874 1750//874
f 1747//874 1750//874 1748//874
f 1749//875 1751//875 1752//875
f 1749//875 1752//875 1750//875
f 1751//876 1753//876 1754//876
f 1751//876 1754//876 1752//876
f 1753//877 1755//877 1756//877
f 1753//877 1756//877 1754//877
f 1755//878 1757//878 1758//878
f 1755//878 1758//878 1756//878
f 1757//879 1759//879 1760//879
f 1757//879 1760//879 1758//879
f 1759//880 1761//880 1762//880
f 1759//880 1762//880 1760//880
f 1761//881 1763//881 1764//881
f 1761//881 1764//881 1762//881
f 1763//882 1765//882 1766//882
f 1763//882 1766//882 1764//882
f 1765//883 1767//883 1768//883
f 1765//883 1768//883 1766//883
f 1767//884 1769//884 1770//884
f 1767//884 1770//884 1768//884
f 1769//885 1771//885 1772//885
f 1769//885 1772//885 1770//885
f 1771//886 1773//886 1774//886
f 1771//886 1774//886 1772//886
f 1773//887 1775//887 1776//887
f 1773//887 1776//887 1774//887
f 1775//888 1777//888 1778//888
f 1775//888 1778//888 1776//888
f 1777//889 1779//889 1780//889
f 1777//889 1780//889 1778//889
f 1779//890 1781//890 1782//890
f 1779//890 1782//890 1780//890
f 1781//891 1783//891 1784//891
f 1781//891 1784//891 1782//891
f 1783//892 1785//892 1786//892
f 1783//892 1786//892 1784//892
f 1785//893 1787//893 1788//893
f 1785//893 1788//893 1786//893
f 1787//894 1789//894 1790//894
f 1787//894 1790//894 1788//894
f 1789//895 1663//895 1666//895
f 1789//895 1666//895 1790//895
f 153//896 1265//896 155//896
f 159//896 1261//896 161//896
f 155//896 1263//896 157//896
f 1263//896 159//896 157//896
f 1259//896 163//896 161//896
f 173//896 1241//896 175//896
f 171//896 1245//896 173//896
f 165//896 1255//896 167//896
f 169//896 167//896 1251//896
f 171//896 169//896 1249//896
f 165//896 163//896 1257//896
f 1243//896 1241//896 173//896
f 1363//896 149//896 147//896
f 1271//896 151//896 149//896
f 1067//896 145//896 1069//896
f 145//896 1071//896 1069//896
f 145//896 1061//896 1059//896
f 1073//896 1071//896 145//896
f 153//896 151//896 1267//896
f 145//896 1065//896 1063//896
f 145//896 1063//896 1061//896
f 1105//896 1077//896 1075//896
f 1109//896 1073//896 145//896
f 145//896 1067//896 1065//896
f 145//896 1039//896 1037//896
f 1075//896 1073//896 1107//896
f 177//896 175//896 1237//896
f 1233//896 181//896 179//896
f 1231//896 183//896 181//896
f 167//896 1253//896 1251//896
f 1251//896 1249//896 169//896
f 1249//896 1247//896 171//896
f 167//896 1255//896 1253//896
f 185//896 183//896 1231//896
f 173//896 1245//896 1243//896
f 1245//896 171//896 1247//896
f 147//896 145//896 1379//896
f 1255//896 165//896 1257//896
f 189//896 187//896 1225//896
f 187//896 185//896 1229//896
f 1259//896 1257//896 163//896
f 1055//896 145//896 1057//896
f 1053//896 145//896 1055//896
f 1099//896 1083//896 1081//896
f 1101//896 1081//896 1079//896
f 1057//896 145//896 1059//896
f 1041//896 145//896 1043//896
f 1039//896 145//896 1041//896
f 1049//896 145//896 1051//896
f 1045//896 145//896 1047//896
f 1049//896 1047//896 145//896
f 1043//896 145//896 1045//896
f 1053//896 1051//896 145//896
f 179//896 177//896 1235//896
f 1103//896 1079//896 1077//896
f 1101//896 1079//896 1103//896
f 1099//896 1081//896 1101//896
f 1107//896 1073//896 1109//896
f 1111//896 145//896 827//896
f 1109//896 145//896 1111//896
f 1105//896 1075//896 1107//896
f 1087//896 1085//896 1095//896
f 1089//896 1087//896 1095//896
f 1095//896 1085//896 1097//896
f 1089//896 1095//896 1093//896
f 1089//896 1093//896 1091//896
f 1083//896 1099//896 1097//896
f 1085//896 1083//896 1097//896
f 1115//896 1113//896 825//896
f 827//896 145//896 829//896
f 823//896 1117//896 1115//896
f 823//896 1115//896 825//896
f 1117//896 821//896 1119//896
f 1119//896 819//896 1121//896
f 1113//896 1111//896 827//896
f 1127//896 1125//896 811//896
f 1125//896 1123//896 815//896
f 1113//896 827//896 825//896
f 811//896 809//896 1127//896
f 1129//896 1127//896 809//896
f 829//896 145//896 143//896
f 1123//896 1121//896 817//896
f 831//896 829//896 143//896
f 1103//896 1077//896 1105//896
f 821//896 819//896 1119//896
f 1117//896 823//896 821//896
f 857//896 835//896 833//896
f 861//896 833//896 831//896
f 819//896 817//896 1121//896
f 809//896 1131//896 1129//896
f 1135//896 1133//896 805//896
f 1135//896 803//896 1137//896
f 811//896 1125//896 813//896
f 815//896 813//896 1125//896
f 1123//896 817//896 815//896
f 807//896 1133//896 1131//896
f 855//896 837//896 835//896
f 857//896 833//896 859//896
f 855//896 835//896 857//896
f 831//896 863//896 861//896
f 143//896 867//896 865//896
f 863//896 143//896 865//896
f 833//896 861//896 859//896
f 839//896 851//896 849//896
f 837//896 853//896 851//896
f 143//896 873//896 871//896
f 143//896 871//896 869//896
f 839//896 849//896 841//896
f 837//896 855//896 853//896
f 851//896 839//896 837//896
f 143//896 869//896 867//896
f 831//896 143//896 863//896
f 875//896 873//896 143//896
f 1261//896 1259//896 161//896
f 1237//896 1235//896 177//896
f 1229//896 185//896 1231//896
f 175//896 1239//896 1237//896
f 159//896 1263//896 1261//896
f 1241//896 1239//896 175//896
f 1265//896 1263//896 155//896
f 1223//896 1221//896 189//896
f 195//896 1219//896 197//896
f 195//896 193//896 1221//896
f 189//896 1221//896 191//896
f 179//896 1235//896 1233//896
f 1233//896 1231//896 181//896
f 191//896 1221//896 193//896
f 147//896 1373//896 1371//896
f 153//896 1267//896 1265//896
f 1373//896 147//896 1375//896
f 1379//896 1377//896 147//896
f 147//896 1377//896 1375//896
f 145//896 1383//896 1381//896
f 1369//896 1367//896 147//896
f 1269//896 151//896 1271//896
f 1371//896 1369//896 147//896
f 145//896 1389//896 1387//896
f 145//896 1387//896 1385//896
f 1271//896 149//896 1273//896
f 1267//896 151//896 1269//896
f 145//896 1385//896 1383//896
f 199//896 197//896 1219//896
f 145//896 1381//896 1379//896
f 1227//896 1225//896 187//896
f 1219//896 203//896 201//896
f 1359//896 1273//896 149//896
f 187//896 1229//896 1227//896
f 1357//896 1275//896 1273//896
f 205//896 217//896 207//896
f 213//896 211//896 209//896
f 215//896 213//896 209//896
f 215//896 209//896 207//896
f 1223//896 189//896 1225//896
f 1219//896 205//896 203//896
f 1355//896 1275//896 1357//896
f 147//896 1367//896 1365//896
f 147//896 1365//896 1363//896
f 1391//896 1389//896 145//896
f 145//896 1393//896 1391//896
f 1401//896 1025//896 1023//896
f 145//896 1033//896 1393//896
f 1359//896 1357//896 1273//896
f 1361//896 1359//896 149//896
f 1277//896 1353//896 1151//896
f 1397//896 1395//896 1029//896
f 1395//896 1393//896 1033//896
f 1397//896 1027//896 1399//896
f 1363//896 1361//896 149//896
f 1355//896 1277//896 1275//896
f 1401//896 1023//896 1021//896
f 199//896 1219//896 201//896
f 1025//896 1399//896 1027//896
f 1035//896 145//896 1037//896
f 1033//896 145//896 1035//896
f 803//896 801//896 1137//896
f 803//896 1135//896 805//896
f 1141//896 1139//896 799//896
f 1133//896 807//896 805//896
f 801//896 1139//896 1137//896
f 1395//896 1031//896 1029//896
f 1139//896 801//896 799//896
f 1141//896 797//896 1143//896
f 795//896 1145//896 1143//896
f 1141//896 799//896 797//896
f 1031//896 1395//896 1033//896
f 843//896 841//896 847//896
f 847//896 845//896 843//896
f 847//896 841//896 849//896
f 877//896 143//896 879//896
f 881//896 143//896 883//896
f 885//896 143//896 887//896
f 891//896 889//896 143//896
f 887//896 143//896 889//896
f 883//896 143//896 885//896
f 809//896 807//896 1131//896
f 879//896 143//896 881//896
f 1147//896 1145//896 793//896
f 1147//896 791//896 1149//896
f 1145//896 795//896 793//896
f 791//896 1147//896 793//896
f 904//896 903//896 787//896
f 789//896 903//896 1149//896
f 1143//896 797//896 795//896
f 1019//896 1017//896 1405//896
f 909//896 907//896 783//896
f 791//896 789//896 1149//896
f 787//896 785//896 904//896
f 787//896 903//896 789//896
f 907//896 904//896 785//896
f 1403//896 1021//896 1019//896
f 893//896 143//896 895//896
f 891//896 143//896 893//896
f 143//896 551//896 549//896
f 547//896 545//896 143//896
f 547//896 143//896 549//896
f 143//896 897//896 895//896
f 537//896 143//896 539//896
f 901//896 899//896 143//896
f 543//896 143//896 545//896
f 539//896 143//896 541//896
f 543//896 541//896 143//896
f 901//896 143//896 673//896
f 899//896 897//896 143//896
f 1027//896 1397//896 1029//896
f 875//896 143//896 877//896
f 217//896 215//896 207//896
f 553//896 551//896 143//896
f 1491//896 79//896 77//896
f 1491//896 81//896 79//896
f 71//896 1493//896 73//896
f 73//896 1493//896 75//896
f 1493//896 77//896 75//896
f 81//896 1491//896 83//896
f 97//896 95//896 1487//896
f 1487//896 95//896 93//896
f 89//896 87//896 1489//896
f 91//896 89//896 1487//896
f 87//896 85//896 1489//896
f 1489//896 85//896 83//896
f 1487//896 93//896 91//896
f 65//896 1495//896 67//896
f 67//896 1495//896 69//896
f 1507//896 63//896 1509//896
f 61//896 1509//896 63//896
f 65//896 63//896 1499//896
f 1511//896 1509//896 61//896
f 1493//896 69//896 1495//896
f 65//896 1499//896 1497//896
f 65//896 1497//896 1495//896
f 63//896 1507//896 1505//896
f 63//896 1503//896 1501//896
f 1503//896 63//896 1505//896
f 63//896 1501//896 1499//896
f 71//896 69//896 1493//896
f 97//896 1487//896 99//896
f 1477//896 107//896 1479//896
f 107//896 105//896 1483//896
f 103//896 101//896 1487//896
f 103//896 1485//896 105//896
f 1481//896 1479//896 107//896
f 1483//896 1481//896 107//896
f 109//896 107//896 1477//896
f 121//896 119//896 1465//896
f 119//896 117//896 1467//896
f 111//896 109//896 1475//896
f 115//896 113//896 1473//896
f 113//896 111//896 1473//896
f 1471//896 117//896 115//896
f 1465//896 1615//896 121//896
f 105//896 1485//896 1483//896
f 1491//896 77//896 1493//896
f 1487//896 89//896 1489//896
f 1491//896 1489//896 83//896
f 103//896 1487//896 1485//896
f 111//896 1475//896 1473//896
f 115//896 1473//896 1471//896
f 117//896 1469//896 1467//896
f 1465//896 1463//896 1615//896
f 1465//896 119//896 1467//896
f 1469//896 117//896 1471//896
f 1475//896 109//896 1477//896
f 99//896 1487//896 101//896
f 1519//896 57//896 55//896
f 1517//896 59//896 57//896
f 1519//896 55//896 53//896
f 1521//896 53//896 51//896
f 49//896 1523//896 51//896
f 61//896 59//896 1515//896
f 59//896 1517//896 1515//896
f 61//896 1515//896 1513//896
f 53//896 1521//896 1519//896
f 49//896 1525//896 1523//896
f 51//896 1523//896 1521//896
f 57//896 1519//896 1517//896
f 1513//896 1511//896 61//896
f 47//896 1525//896 49//896
f 45//896 43//896 1525//896
f 1525//896 47//896 45//896
f 43//896 41//896 1527//896
f 39//896 1527//896 41//896
f 39//896 37//896 1527//896
f 37//896 35//896 1529//896
f 29//896 1533//896 31//896
f 33//896 31//896 1531//896
f 29//896 27//896 1533//896
f 25//896 23//896 1407//896
f 27//896 25//896 1407//896
f 1531//896 35//896 33//896
f 21//896 1407//896 23//896
f 1525//896 43//896 1527//896
f 1531//896 31//896 1533//896
f 1529//896 35//896 1531//896
f 1407//896 21//896 1408//896
f 13//896 1411//896 1408//896
f 21//896 19//896 1408//896
f 1533//896 27//896 1407//896
f 1433//896 1431//896 1//896
f 1431//896 1429//896 1//896
f 2//896 1425//896 1423//896
f 2//896 1429//896 1427//896
f 2//896 1427//896 1425//896
f 2//896 1//896 1429//896
f 17//896 15//896 1408//896
f 13//896 1408//896 15//896
f 11//896 1411//896 13//896
f 9//896 1411//896 11//896
f 7//896 1413//896 9//896
f 1408//896 19//896 17//896
f 2//896 1421//896 1419//896
f 1415//896 7//896 5//896
f 1417//896 1415//896 5//896
f 1417//896 5//896 1419//896
f 2//896 1419//896 5//896
f 2//896 1423//896 1421//896
f 1413//896 7//896 1415//896
f 1411//896 9//896 1413//896
f 1//896 1435//896 1433//896
f 1527//896 37//896 1529//896
f 123//896 121//896 1615//896
f 577//896 575//896 141//896
f 573//896 141//896 575//896
f 577//896 141//896 579//896
f 585//896 141//896 617//896
f 139//896 621//896 141//896
f 141//896 619//896 617//896
f 619//896 141//896 621//896
f 623//896 621//896 139//896
f 141//896 573//896 571//896
f 583//896 141//896 585//896
f 585//896 617//896 587//896
f 617//896 615//896 587//896
f 583//896 581//896 141//896
f 579//896 141//896 581//896
f 571//896 569//896 141//896
f 631//896 629//896 139//896
f 627//896 139//896 629//896
f 635//896 139//896 137//896
f 131//896 647//896 133//896
f 135//896 643//896 137//896
f 133//896 645//896 135//896
f 633//896 631//896 139//896
f 139//896 627//896 625//896
f 137//896 637//896 635//896
f 137//896 641//896 639//896
f 137//896 639//896 637//896
f 139//896 635//896 633//896
f 625//896 623//896 139//896
f 643//896 641//896 137//896
f 141//896 569//896 567//896
f 141//896 567//896 565//896
f 615//896 613//896 589//896
f 611//896 593//896 591//896
f 613//896 591//896 589//896
f 589//896 587//896 615//896
f 557//896 143//896 559//896
f 555//896 143//896 557//896
f 561//896 143//896 563//896
f 565//896 563//896 143//896
f 559//896 143//896 561//896
f 565//896 143//896 141//896
f 609//896 595//896 593//896
f 611//896 609//896 593//896
f 591//896 613//896 611//896
f 133//896 647//896 645//896
f 135//896 645//896 643//896
f 609//896 607//896 595//896
f 597//896 595//896 605//896
f 603//896 601//896 599//896
f 597//896 605//896 603//896
f 595//896 607//896 605//896
f 129//896 649//896 131//896
f 603//896 599//896 597//896
f 131//896 649//896 647//896
f 555//896 553//896 143//896
f 651//896 649//896 129//896
f 1463//896 1617//896 1615//896
f 1461//896 1459//896 1619//896
f 1459//896 1621//896 1619//896
f 1457//896 1455//896 1623//896
f 1621//896 1459//896 1457//896
f 653//896 127//896 125//896
f 123//896 655//896 125//896
f 1455//896 1453//896 1625//896
f 1623//896 1455//896 1625//896
f 1627//896 1453//896 1451//896
f 1451//896 1629//896 1627//896
f 1627//896 1625//896 1453//896
f 1449//896 1629//896 1451//896
f 1621//896 1457//896 1623//896
f 127//896 651//896 129//896
f 1631//896 1449//896 1447//896
f 1633//896 1447//896 1445//896
f 1641//896 1439//896 1437//896
f 1637//896 1443//896 1441//896
f 1639//896 1441//896 1439//896
f 1443//896 1635//896 1445//896
f 1635//896 1443//896 1637//896
f 1633//896 1445//896 1635//896
f 1439//896 1641//896 1639//896
f 1639//896 1637//896 1441//896
f 1437//896 1//896 1641//896
f 1643//896 1641//896 1//896
f 1631//896 1447//896 1633//896
f 1631//896 1629//896 1449//896
f 1435//896 1//896 1437//896
f 657//896 655//896 1613//896
f 123//896 1613//896 655//896
f 661//896 659//896 1609//896
f 1611//896 659//896 657//896
f 663//896 661//896 1607//896
f 1609//896 1607//896 661//896
f 1611//896 1609//896 659//896
f 1605//896 667//896 665//896
f 1605//896 665//896 663//896
f 1603//896 667//896 1605//896
f 1603//896 1601//896 669//896
f 669//896 1601//896 671//896
f 1603//896 669//896 667//896
f 1607//896 1605//896 663//896
f 1617//896 1463//896 1461//896
f 1615//896 1613//896 123//896
f 1//896 1647//896 1645//896
f 1//896 1645//896 1643//896
f 1617//896 1461//896 1619//896
f 1//896 1651//896 1649//896
f 1//896 1655//896 1653//896
f 1//896 1659//896 1657//896
f 1//896 1657//896 1655//896
f 1//896 1653//896 1651//896
f 1611//896 657//896 1613//896
f 1//896 1649//896 1647//896
f 653//896 125//896 655//896
f 127//896 653//896 651//896
f 1661//896 1659//896 1//896
f 1219//896 219//896 217//896
f 1217//896 237//896 1219//896
f 195//896 1221//896 1219//896
f 1353//896 1152//896 1151//896
f 1155//896 1152//896 1351//896
f 219//896 1219//896 235//896
f 217//896 205//896 1219//896
f 223//896 221//896 229//896
f 241//896 1217//896 1215//896
f 1349//896 1347//896 1157//896
f 1155//896 1349//896 1157//896
f 1157//896 1347//896 1159//896
f 219//896 231//896 221//896
f 1349//896 1155//896 1351//896
f 1353//896 1277//896 1355//896
f 1013//896 1280//896 1015//896
f 1283//896 1013//896 1011//896
f 1019//896 1405//896 1403//896
f 1021//896 1403//896 1401//896
f 1279//896 1017//896 1015//896
f 1007//896 1287//896 1009//896
f 1289//896 1007//896 1005//896
f 1015//896 1280//896 1279//896
f 1285//896 1011//896 1009//896
f 1279//896 1405//896 1017//896
f 1351//896 1152//896 1353//896
f 223//896 227//896 225//896
f 1401//896 1399//896 1025//896
f 235//896 233//896 219//896
f 223//896 229//896 227//896
f 1213//896 1211//896 247//896
f 1211//896 1209//896 247//896
f 1343//896 1163//896 1161//896
f 229//896 221//896 231//896
f 1161//896 1159//896 1345//896
f 1213//896 245//896 1215//896
f 247//896 1209//896 1207//896
f 1167//896 1165//896 1337//896
f 249//896 1207//896 1205//896
f 1165//896 1163//896 1339//896
f 219//896 233//896 231//896
f 1339//896 1163//896 1341//896
f 1345//896 1159//896 1347//896
f 1283//896 1011//896 1285//896
f 1283//896 1280//896 1013//896
f 1003//896 1001//896 1291//896
f 1293//896 1001//896 999//896
f 1005//896 1003//896 1289//896
f 1163//896 1343//896 1341//896
f 1299//896 991//896 989//896
f 997//896 1295//896 999//896
f 997//896 995//896 1295//896
f 993//896 991//896 1297//896
f 1297//896 995//896 993//896
f 1287//896 1285//896 1009//896
f 1343//896 1161//896 1345//896
f 913//896 777//896 915//896
f 913//896 779//896 777//896
f 779//896 911//896 781//896
f 781//896 909//896 783//896
f 913//896 911//896 779//896
f 907//896 785//896 783//896
f 917//896 915//896 777//896
f 925//896 769//896 927//896
f 923//896 769//896 925//896
f 919//896 773//896 921//896
f 775//896 919//896 917//896
f 923//896 921//896 771//896
f 771//896 769//896 923//896
f 929//896 927//896 767//896
f 674//896 283//896 677//896
f 537//896 283//896 143//896
f 537//896 535//896 283//896
f 674//896 143//896 283//896
f 919//896 775//896 773//896
f 921//896 773//896 771//896
f 679//896 677//896 283//896
f 683//896 681//896 283//896
f 681//896 679//896 283//896
f 775//896 917//896 777//896
f 683//896 283//896 685//896
f 929//896 767//896 765//896
f 143//896 674//896 673//896
f 965//896 963//896 957//896
f 967//896 965//896 955//896
f 957//896 961//896 959//896
f 963//896 961//896 957//896
f 957//896 955//896 965//896
f 955//896 969//896 967//896
f 989//896 987//896 1301//896
f 949//896 975//896 973//896
f 971//896 953//896 951//896
f 953//896 971//896 969//896
f 953//896 969//896 955//896
f 973//896 971//896 951//896
f 951//896 949//896 973//896
f 933//896 761//896 935//896
f 931//896 763//896 933//896
f 765//896 931//896 929//896
f 767//896 927//896 769//896
f 687//896 685//896 283//896
f 935//896 759//896 937//896
f 949//896 947//896 975//896
f 947//896 945//896 975//896
f 941//896 939//896 281//896
f 945//896 943//896 281//896
f 941//896 281//896 943//896
f 281//896 939//896 937//896
f 689//896 687//896 283//896
f 691//896 689//896 283//896
f 1219//896 237//896 235//896
f 1217//896 241//896 239//896
f 1215//896 243//896 241//896
f 1201//896 249//896 1203//896
f 1197//896 253//896 1199//896
f 1201//896 1199//896 251//896
f 243//896 1215//896 245//896
f 253//896 1197//896 1195//896
f 247//896 245//896 1213//896
f 255//896 1195//896 1193//896
f 1193//896 1191//896 257//896
f 1189//896 1187//896 259//896
f 257//896 1191//896 1189//896
f 261//896 1187//896 1185//896
f 275//896 1171//896 1169//896
f 1337//896 277//896 1167//896
f 1339//896 1337//896 1165//896
f 1337//896 1335//896 277//896
f 277//896 1335//896 1333//896
f 1173//896 1171//896 275//896
f 1183//896 1181//896 263//896
f 1181//896 1179//896 265//896
f 1177//896 1175//896 269//896
f 277//896 1333//896 1331//896
f 1179//896 1177//896 265//896
f 1173//896 273//896 1175//896
f 1185//896 1183//896 261//896
f 247//896 1207//896 249//896
f 239//896 237//896 1217//896
f 249//896 1201//896 251//896
f 253//896 251//896 1199//896
f 257//896 255//896 1193//896
f 1189//896 259//896 257//896
f 1195//896 255//896 253//896
f 259//896 1187//896 261//896
f 265//896 263//896 1181//896
f 267//896 265//896 1177//896
f 269//896 1175//896 271//896
f 271//896 1175//896 273//896
f 267//896 1177//896 269//896
f 261//896 1183//896 263//896
f 275//896 273//896 1173//896
f 279//896 1329//896 1327//896
f 279//896 1327//896 1325//896
f 279//896 1323//896 1321//896
f 1319//896 279//896 1321//896
f 1323//896 279//896 1325//896
f 1331//896 1329//896 279//896
f 1317//896 279//896 1319//896
f 279//896 1315//896 1313//896
f 1315//896 279//896 1317//896
f 279//896 1313//896 1311//896
f 1311//896 1309//896 279//896
f 279//896 277//896 1331//896
f 1169//896 277//896 275//896
f 1307//896 279//896 1309//896
f 249//896 1205//896 1203//896
f 279//896 1303//896 985//896
f 765//896 763//896 931//896
f 937//896 757//896 281//896
f 759//896 757//896 937//896
f 945//896 977//896 975//896
f 1291//896 1289//896 1003//896
f 1289//896 1287//896 1007//896
f 279//896 985//896 983//896
f 1295//896 1293//896 999//896
f 981//896 279//896 983//896
f 933//896 763//896 761//896
f 761//896 759//896 935//896
f 281//896 977//896 945//896
f 979//896 977//896 281//896
f 1293//896 1291//896 1001//896
f 721//896 725//896 723//896
f 281//896 695//896 693//896
f 281//896 699//896 697//896
f 281//896 697//896 695//896
f 729//896 727//896 721//896
f 731//896 729//896 721//896
f 719//896 731//896 721//896
f 281//896 703//896 701//896
f 733//896 731//896 719//896
f 727//896 725//896 721//896
f 281//896 701//896 699//896
f 1295//896 995//896 1297//896
f 755//896 753//896 281//896
f 1299//896 1297//896 991//896
f 753//896 751//896 281//896
f 749//896 281//896 751//896
f 745//896 281//896 747//896
f 749//896 747//896 281//896
f 989//896 1301//896 1299//896
f 743//896 281//896 745//896
f 979//896 279//896 981//896
f 755//896 281//896 757//896
f 1301//896 987//896 1303//896
f 1303//896 987//896 985//896
f 1303//896 279//896 1305//896
f 279//896 1307//896 1305//896
f 733//896 717//896 715//896
f 281//896 715//896 713//896
f 281//896 707//896 705//896
f 281//896 711//896 709//896
f 281//896 709//896 707//896
f 711//896 281//896 713//896
f 281//896 741//896 739//896
f 281//896 739//896 737//896
f 281//896 735//896 733//896
f 691//896 283//896 281//896
f 281//896 737//896 735//896
f 733//896 715//896 281//896
f 281//896 743//896 741//896
f 733//896 719//896 717//896
f 705//896 703//896 281//896
f 279//896 979//896 281//896
f 693//896 691//896 281//896
f 1167//896 277//896 1169//896
f 533//896 283//896 535//896
f 283//896 533//896 531//896
f 283//896 531//896 529//896
f 283//896 527//896 525//896
f 283//896 523//896 521//896
f 523//896 283//896 525//896
f 527//896 283//896 529//896
f 517//896 283//896 519//896
f 515//896 283//896 517//896
f 487//896 475//896 489//896
f 513//896 511//896 283//896
f 477//896 487//896 485//896
f 515//896 513//896 283//896
f 521//896 519//896 283//896
f 295//896 451//896 449//896
f 295//896 449//896 447//896
f 441//896 439//896 1585//896
f 299//896 445//896 443//896
f 441//896 1583//896 301//896
f 445//896 297//896 447//896
f 479//896 483//896 481//896
f 479//896 485//896 483//896
f 479//896 477//896 485//896
f 487//896 477//896 475//896
f 473//896 489//896 475//896
f 293//896 453//896 451//896
f 507//896 283//896 509//896
f 285//896 507//896 505//896
f 285//896 489//896 473//896
f 285//896 473//896 471//896
f 491//896 489//896 285//896
f 503//896 285//896 505//896
f 285//896 501//896 499//896
f 285//896 499//896 497//896
f 285//896 495//896 493//896
f 467//896 285//896 469//896
f 285//896 471//896 469//896
f 285//896 497//896 495//896
f 493//896 491//896 285//896
f 285//896 503//896 501//896
f 509//896 283//896 511//896
f 465//896 285//896 467//896
f 287//896 465//896 463//896
f 289//896 457//896 455//896
f 287//896 461//896 459//896
f 287//896 459//896 457//896
f 461//896 287//896 463//896
f 289//896 453//896 291//896
f 457//896 289//896 287//896
f 293//896 451//896 295//896
f 297//896 445//896 299//896
f 295//896 447//896 297//896
f 291//896 453//896 293//896
f 465//896 287//896 285//896
f 289//896 455//896 453//896
f 507//896 285//896 283//896
f 301//896 443//896 441//896
f 1599//896 423//896 671//896
f 1597//896 424//896 1599//896
f 423//896 1599//896 424//896
f 427//896 424//896 1597//896
f 1597//896 1595//896 427//896
f 1595//896 429//896 427//896
f 1589//896 435//896 1591//896
f 1591//896 435//896 433//896
f 1593//896 431//896 429//896
f 431//896 1593//896 1591//896
f 1591//896 433//896 431//896
f 1595//896 1593//896 429//896
f 1589//896 437//896 435//896
f 1543//896 1541//896 421//896
f 1535//896 1//896 1536//896
f 1//896 421//896 1539//896
f 1536//896 1//896 1539//896
f 1539//896 421//896 1541//896
f 439//896 437//896 1587//896
f 1585//896 439//896 1587//896
f 1547//896 1545//896 421//896
f 1551//896 1549//896 1677//896
f 1549//896 1547//896 421//896
f 1587//896 437//896 1589//896
f 1545//896 1543//896 421//896
f 441//896 1585//896 1583//896
f 1599//896 671//896 1601//896
f 1775//896 1581//896 1579//896
f 1777//896 1579//896 1577//896
f 1781//896 1575//896 1573//896
f 1785//896 1571//896 1569//896
f 1571//896 1783//896 1573//896
f 1575//896 1779//896 1577//896
f 1577//896 1779//896 1777//896
f 1579//896 1777//896 1775//896
f 1569//896 1787//896 1785//896
f 1573//896 1783//896 1781//896
f 1783//896 1571//896 1785//896
f 1575//896 1781//896 1779//896
f 1773//896 1581//896 1775//896
f 1567//896 1787//896 1569//896
f 1663//896 1565//896 1563//896
f 1664//896 1563//896 1561//896
f 1555//896 1553//896 1673//896
f 1669//896 1559//896 1557//896
f 1671//896 1557//896 1555//896
f 1559//896 1667//896 1561//896
f 1565//896 1663//896 1789//896
f 1787//896 1567//896 1789//896
f 1563//896 1664//896 1663//896
f 1664//896 1561//896 1667//896
f 1669//896 1557//896 1671//896
f 1667//896 1559//896 1669//896
f 1789//896 1567//896 1565//896
f 1675//896 1553//896 1551//896
f 1773//896 1583//896 1581//896
f 1671//896 1555//896 1673//896
f 299//896 443//896 301//896
f 305//896 303//896 1769//896
f 1583//896 1771//896 303//896
f 309//896 307//896 1765//896
f 313//896 311//896 1763//896
f 311//896 309//896 1765//896
f 307//896 305//896 1767//896
f 317//896 315//896 1759//896
f 1757//896 319//896 317//896
f 321//896 319//896 1755//896
f 1755//896 1753//896 321//896
f 1751//896 323//896 321//896
f 325//896 323//896 1751//896
f 1761//896 315//896 313//896
f 1757//896 1755//896 319//896
f 311//896 1765//896 1763//896
f 313//896 1763//896 1761//896
f 1771//896 1583//896 1773//896
f 305//896 1769//896 1767//896
f 1769//896 303//896 1771//896
f 307//896 1767//896 1765//896
f 317//896 1759//896 1757//896
f 325//896 1751//896 1749//896
f 1747//896 1745//896 343//896
f 335//896 1749//896 1747//896
f 1751//896 321//896 1753//896
f 1759//896 315//896 1761//896
f 325//896 1749//896 327//896
f 331//896 329//896 1749//896
f 333//896 331//896 1749//896
f 1747//896 337//896 335//896
f 337//896 1747//896 339//896
f 333//896 1749//896 335//896
f 341//896 339//896 1747//896
f 1745//896 345//896 343//896
f 347//896 345//896 1745//896
f 1743//896 349//896 1745//896
f 1743//896 351//896 349//896
f 347//896 1745//896 349//896
f 341//896 1747//896 343//896
f 353//896 351//896 1743//896
f 367//896 1743//896 1741//896
f 353//896 1743//896 355//896
f 369//896 1741//896 1739//896
f 1739//896 1737//896 369//896
f 1735//896 1733//896 369//896
f 369//896 1737//896 1735//896
f 355//896 1743//896 357//896
f 1743//896 361//896 359//896
f 1743//896 363//896 361//896
f 365//896 1743//896 367//896
f 369//896 367//896 1741//896
f 1743//896 365//896 363//896
f 359//896 357//896 1743//896
f 371//896 369//896 1733//896
f 327//896 1749//896 329//896
f 1677//896 1549//896 1679//896
f 1675//896 1551//896 1677//896
f 421//896 1681//896 1679//896
f 421//896 1685//896 1683//896
f 421//896 1683//896 1681//896
f 1549//896 421//896 1679//896
f 1709//896 1707//896 393//896
f 1707//896 1705//896 397//896
f 411//896 1701//896 1699//896
f 1703//896 1701//896 405//896
f 405//896 1701//896 407//896
f 401//896 1705//896 1703//896
f 419//896 1695//896 421//896
f 421//896 1691//896 1689//896
f 1695//896 1693//896 421//896
f 1691//896 421//896 1693//896
f 1687//896 421//896 1689//896
f 419//896 1697//896 1695//896
f 1685//896 421//896 1687//896
f 411//896 1699//896 413//896
f 413//896 1699//896 415//896
f 419//896 417//896 1697//896
f 417//896 1699//896 1697//896
f 417//896 415//896 1699//896
f 1701//896 411//896 409//896
f 409//896 407//896 1701//896
f 391//896 1711//896 1709//896
f 1673//896 1553//896 1675//896
f 371//896 1731//896 1729//896
f 371//896 1729//896 1727//896
f 377//896 1715//896 1713//896
f 373//896 1719//896 1717//896
f 375//896 1717//896 1715//896
f 1723//896 371//896 1725//896
f 1727//896 1725//896 371//896
f 373//896 371//896 1723//896
f 373//896 1721//896 1719//896
f 377//896 375//896 1715//896
f 373//896 1717//896 375//896
f 373//896 1723//896 1721//896
f 371//896 1733//896 1731//896
f 379//896 377//896 1713//896
f 395//896 393//896 1707//896
f 397//896 1705//896 399//896
f 405//896 403//896 1703//896
f 403//896 401//896 1703//896
f 399//896 1705//896 401//896
f 397//896 395//896 1707//896
f 1713//896 383//896 381//896
f 1711//896 385//896 383//896
f 1711//896 391//896 389//896
f 389//896 387//896 1711//896
f 387//896 385//896 1711//896
f 391//896 1709//896 393//896
f 379//896 1713//896 381//896
f 383//896 1713//896 1711//896
f 303//896 301//896 1583//896
f 1661//896 1//896 1535//896
f 781//896 911//896 909//896
f 154//897 156//897 1266//897
f 160//897 162//897 1262//897
f 156//897 158//897 1264//897
f 1264//897 158//897 160//897
f 1260//897 162//897 164//897
f 174//897 176//897 1242//897
f 172//897 174//897 1246//897
f 166//897 168//897 1256//897
f 170//897 1252//897 168//897
f 172//897 1250//897 170//897
f 166//897 1258//897 164//897
f 1244//897 174//897 1242//897
f 1364//897 148//897 150//897
f 1272//897 150//897 152//897
f 1068//897 1070//897 146//897
f 146//897 1070//897 1072//897
f 146//897 1060//897 1062//897
f 1074//897 146//897 1072//897
f 154//897 1268//897 152//897
f 146//897 1064//897 1066//897
f 146//897 1062//897 1064//897
f 1106//897 1076//897 1078//897
f 1110//897 146//897 1074//897
f 146//897 1066//897 1068//897
f 146//897 1038//897 1040//897
f 1076//897 1108//897 1074//897
f 178//897 1238//897 176//897
f 1234//897 180//897 182//897
f 1232//897 182//897 184//897
f 168//897 1252//897 1254//897
f 1252//897 170//897 1250//897
f 1250//897 172//897 1248//897
f 168//897 1254//897 1256//897
f 186//897 1232//897 184//897
f 174//897 1244//897 1246//897
f 1246//897 1248//897 172//897
f 148//897 1380//897 146//897
f 1256//897 1258//897 166//897
f 190//897 1226//897 188//897
f 188//897 1230//897 186//897
f 1260//897 164//897 1258//897
f 1056//897 1058//897 146//897
f 1054//897 1056//897 146//897
f 1100//897 1082//897 1084//897
f 1102//897 1080//897 1082//897
f 1058//897 1060//897 146//897
f 1042//897 1044//897 146//897
f 1040//897 1042//897 146//897
f 1050//897 1052//897 146//897
f 1046//897 1048//897 146//897
f 1050//897 146//897 1048//897
f 1044//897 1046//897 146//897
f 1054//897 146//897 1052//897
f 180//897 1236//897 178//897
f 1104//897 1078//897 1080//897
f 1102//897 1104//897 1080//897
f 1100//897 1102//897 1082//897
f 1108//897 1110//897 1074//897
f 1112//897 828//897 146//897
f 1110//897 1112//897 146//897
f 1106//897 1108//897 1076//897
f 1088//897 1096//897 1086//897
f 1090//897 1096//897 1088//897
f 1096//897 1098//897 1086//897
f 1090//897 1094//897 1096//897
f 1090//897 1092//897 1094//897
f 1084//897 1098//897 1100//897
f 1086//897 1098//897 1084//897
f 1116//897 826//897 1114//897
f 828//897 830//897 146//897
f 824//897 1116//897 1118//897
f 824//897 826//897 1116//897
f 1118//897 1120//897 822//897
f 1120//897 1122//897 820//897
f 1114//897 828//897 1112//897
f 1128//897 812//897 1126//897
f 1126//897 816//897 1124//897
f 1114//897 826//897 828//897
f 812//897 1128//897 810//897
f 1130//897 810//897 1128//897
f 830//897 144//897 146//897
f 1124//897 818//897 1122//897
f 832//897 144//897 830//897
f 1104//897 1106//897 1078//897
f 822//897 1120//897 820//897
f 1118//897 822//897 824//897
f 858//897 834//897 836//897
f 862//897 832//897 834//897
f 820//897 1122//897 818//897
f 810//897 1130//897 1132//897
f 1136//897 806//897 1134//897
f 1136//897 1138//897 804//897
f 812//897 814//897 1126//897
f 816//897 1126//897 814//897
f 1124//897 816//897 818//897
f 808//897 1132//897 1134//897
f 856//897 836//897 838//897
f 858//897 860//897 834//897
f 856//897 858//897 836//897
f 832//897 862//897 864//897
f 144//897 866//897 868//897
f 864//897 866//897 144//897
f 834//897 860//897 862//897
f 840//897 850//897 852//897
f 838//897 852//897 854//897
f 144//897 872//897 874//897
f 144//897 870//897 872//897
f 840//897 842//897 850//897
f 838//897 854//897 856//897
f 852//897 838//897 840//897
f 144//897 868//897 870//897
f 832//897 864//897 144//897
f 876//897 144//897 874//897
f 1262//897 162//897 1260//897
f 1238//897 178//897 1236//897
f 1230//897 1232//897 186//897
f 176//897 1238//897 1240//897
f 160//897 1262//897 1264//897
f 1242//897 176//897 1240//897
f 1266//897 156//897 1264//897
f 1224//897 190//897 1222//897
f 196//897 198//897 1220//897
f 196//897 1222//897 194//897
f 190//897 192//897 1222//897
f 180//897 1234//897 1236//897
f 1234//897 182//897 1232//897
f 192//897 194//897 1222//897
f 148//897 1372//897 1374//897
f 154//897 1266//897 1268//897
f 1374//897 1376//897 148//897
f 1380//897 148//897 1378//897
f 148//897 1376//897 1378//897
f 146//897 1382//897 1384//897
f 1370//897 148//897 1368//897
f 1270//897 1272//897 152//897
f 1372//897 148//897 1370//897
f 146//897 1388//897 1390//897
f 146//897 1386//897 1388//897
f 1272//897 1274//897 150//897
f 1268//897 1270//897 152//897
f 146//897 1384//897 1386//897
f 200//897 1220//897 198//897
f 146//897 1380//897 1382//897
f 1228//897 188//897 1226//897
f 1220//897 202//897 204//897
f 1360//897 150//897 1274//897
f 188//897 1228//897 1230//897
f 1358//897 1274//897 1276//897
f 206//897 208//897 218//897
f 214//897 210//897 212//897
f 216//897 210//897 214//897
f 216//897 208//897 210//897
f 1224//897 1226//897 190//897
f 1220//897 204//897 206//897
f 1356//897 1358//897 1276//897
f 148//897 1366//897 1368//897
f 148//897 1364//897 1366//897
f 1392//897 146//897 1390//897
f 146//897 1392//897 1394//897
f 1402//897 1024//897 1026//897
f 146//897 1394//897 1034//897
f 1360//897 1274//897 1358//897
f 1362//897 150//897 1360//897
f 1278//897 1154//897 1354//897
f 1398//897 1030//897 1396//897
f 1396//897 1034//897 1394//897
f 1398//897 1400//897 1028//897
f 1364//897 150//897 1362//897
f 1356//897 1276//897 1278//897
f 1402//897 1022//897 1024//897
f 200//897 202//897 1220//897
f 1026//897 1028//897 1400//897
f 1036//897 1038//897 146//897
f 1034//897 1036//897 146//897
f 804//897 1138//897 802//897
f 804//897 806//897 1136//897
f 1142//897 800//897 1140//897
f 1134//897 806//897 808//897
f 802//897 1138//897 1140//897
f 1396//897 1030//897 1032//897
f 1140//897 800//897 802//897
f 1142//897 1144//897 798//897
f 796//897 1144//897 1146//897
f 1142//897 798//897 800//897
f 1032//897 1034//897 1396//897
f 844//897 848//897 842//897
f 848//897 844//897 846//897
f 848//897 850//897 842//897
f 878//897 880//897 144//897
f 882//897 884//897 144//897
f 886//897 888//897 144//897
f 892//897 144//897 890//897
f 888//897 890//897 144//897
f 884//897 886//897 144//897
f 810//897 1132//897 808//897
f 880//897 882//897 144//897
f 1148//897 794//897 1146//897
f 1148//897 1150//897 792//897
f 1146//897 794//897 796//897
f 792//897 794//897 1148//897
f 905//897 788//897 906//897
f 790//897 1150//897 906//897
f 1144//897 796//897 798//897
f 1020//897 1406//897 1018//897
f 910//897 784//897 908//897
f 792//897 1150//897 790//897
f 788//897 905//897 786//897
f 788//897 790//897 906//897
f 908//897 786//897 905//897
f 1404//897 1020//897 1022//897
f 894//897 896//897 144//897
f 892//897 894//897 144//897
f 144//897 550//897 552//897
f 548//897 144//897 546//897
f 548//897 550//897 144//897
f 144//897 896//897 898//897
f 538//897 540//897 144//897
f 902//897 144//897 900//897
f 544//897 546//897 144//897
f 540//897 542//897 144//897
f 544//897 144//897 542//897
f 902//897 676//897 144//897
f 900//897 144//897 898//897
f 1028//897 1030//897 1398//897
f 876//897 878//897 144//897
f 218//897 208//897 216//897
f 554//897 144//897 552//897
f 1492//897 78//897 80//897
f 1492//897 80//897 82//897
f 72//897 74//897 1494//897
f 74//897 76//897 1494//897
f 1494//897 76//897 78//897
f 82//897 84//897 1492//897
f 98//897 1488//897 96//897
f 1488//897 94//897 96//897
f 90//897 1490//897 88//897
f 92//897 1488//897 90//897
f 88//897 1490//897 86//897
f 1490//897 84//897 86//897
f 1488//897 92//897 94//897
f 66//897 68//897 1496//897
f 68//897 70//897 1496//897
f 1508//897 1510//897 64//897
f 62//897 64//897 1510//897
f 66//897 1500//897 64//897
f 1512//897 62//897 1510//897
f 1494//897 1496//897 70//897
f 66//897 1498//897 1500//897
f 66//897 1496//897 1498//897
f 64//897 1506//897 1508//897
f 64//897 1502//897 1504//897
f 1504//897 1506//897 64//897
f 64//897 1500//897 1502//897
f 72//897 1494//897 70//897
f 98//897 100//897 1488//897
f 1478//897 1480//897 108//897
f 108//897 1484//897 106//897
f 104//897 1488//897 102//897
f 104//897 106//897 1486//897
f 1482//897 108//897 1480//897
f 1484//897 108//897 1482//897
f 110//897 1478//897 108//897
f 122//897 1466//897 120//897
f 120//897 1468//897 118//897
f 112//897 1476//897 110//897
f 116//897 1474//897 114//897
f 114//897 1474//897 112//897
f 1472//897 116//897 118//897
f 1466//897 122//897 1616//897
f 106//897 1484//897 1486//897
f 1492//897 1494//897 78//897
f 1488//897 1490//897 90//897
f 1492//897 84//897 1490//897
f 104//897 1486//897 1488//897
f 112//897 1474//897 1476//897
f 116//897 1472//897 1474//897
f 118//897 1468//897 1470//897
f 1466//897 1616//897 1464//897
f 1466//897 1468//897 120//897
f 1470//897 1472//897 118//897
f 1476//897 1478//897 110//897
f 100//897 102//897 1488//897
f 1520//897 56//897 58//897
f 1518//897 58//897 60//897
f 1520//897 54//897 56//897
f 1522//897 52//897 54//897
f 50//897 52//897 1524//897
f 62//897 1516//897 60//897
f 60//897 1516//897 1518//897
f 62//897 1514//897 1516//897
f 54//897 1520//897 1522//897
f 50//897 1524//897 1526//897
f 52//897 1522//897 1524//897
f 58//897 1518//897 1520//897
f 1514//897 62//897 1512//897
f 48//897 50//897 1526//897
f 46//897 1526//897 44//897
f 1526//897 46//897 48//897
f 44//897 1528//897 42//897
f 40//897 42//897 1528//897
f 40//897 1528//897 38//897
f 38//897 1530//897 36//897
f 30//897 32//897 1534//897
f 34//897 1532//897 32//897
f 30//897 1534//897 28//897
f 26//897 1410//897 24//897
f 28//897 1410//897 26//897
f 1532//897 34//897 36//897
f 22//897 24//897 1410//897
f 1526//897 1528//897 44//897
f 1532//897 1534//897 32//897
f 1530//897 1532//897 36//897
f 1410//897 1409//897 22//897
f 14//897 1409//897 1412//897
f 22//897 1409//897 20//897
f 1534//897 1410//897 28//897
f 1434//897 4//897 1432//897
f 1432//897 4//897 1430//897
f 3//897 1424//897 1426//897
f 3//897 1428//897 1430//897
f 3//897 1426//897 1428//897
f 3//897 1430//897 4//897
f 18//897 1409//897 16//897
f 14//897 16//897 1409//897
f 12//897 14//897 1412//897
f 10//897 12//897 1412//897
f 8//897 10//897 1414//897
f 1409//897 18//897 20//897
f 3//897 1420//897 1422//897
f 1416//897 6//897 8//897
f 1418//897 6//897 1416//897
f 1418//897 1420//897 6//897
f 3//897 6//897 1420//897
f 3//897 1422//897 1424//897
f 1414//897 1416//897 8//897
f 1412//897 1414//897 10//897
f 4//897 1434//897 1436//897
f 1528//897 1530//897 38//897
f 124//897 1616//897 122//897
f 578//897 142//897 576//897
f 574//897 576//897 142//897
f 578//897 580//897 142//897
f 586//897 618//897 142//897
f 140//897 142//897 622//897
f 142//897 618//897 620//897
f 620//897 622//897 142//897
f 624//897 140//897 622//897
f 142//897 572//897 574//897
f 584//897 586//897 142//897
f 586//897 588//897 618//897
f 618//897 588//897 616//897
f 584//897 142//897 582//897
f 580//897 582//897 142//897
f 572//897 142//897 570//897
f 632//897 140//897 630//897
f 628//897 630//897 140//897
f 636//897 138//897 140//897
f 132//897 134//897 648//897
f 136//897 138//897 644//897
f 134//897 136//897 646//897
f 634//897 140//897 632//897
f 140//897 626//897 628//897
f 138//897 636//897 638//897
f 138//897 640//897 642//897
f 138//897 638//897 640//897
f 140//897 634//897 636//897
f 626//897 140//897 624//897
f 644//897 138//897 642//897
f 142//897 568//897 570//897
f 142//897 566//897 568//897
f 616//897 590//897 614//897
f 612//897 592//897 594//897
f 614//897 590//897 592//897
f 590//897 616//897 588//897
f 558//897 560//897 144//897
f 556//897 558//897 144//897
f 562//897 564//897 144//897
f 566//897 144//897 564//897
f 560//897 562//897 144//897
f 566//897 142//897 144//897
f 610//897 594//897 596//897
f 612//897 594//897 610//897
f 592//897 612//897 614//897
f 134//897 646//897 648//897
f 136//897 644//897 646//897
f 610//897 596//897 608//897
f 598//897 606//897 596//897
f 604//897 600//897 602//897
f 598//897 604//897 606//897
f 596//897 606//897 608//897
f 130//897 132//897 650//897
f 604//897 598//897 600//897
f 132//897 648//897 650//897
f 556//897 144//897 554//897
f 652//897 130//897 650//897
f 1464//897 1616//897 1618//897
f 1462//897 1620//897 1460//897
f 1460//897 1620//897 1622//897
f 1458//897 1624//897 1456//897
f 1622//897 1458//897 1460//897
f 654//897 126//897 128//897
f 124//897 126//897 656//897
f 1456//897 1626//897 1454//897
f 1624//897 1626//897 1456//897
f 1628//897 1452//897 1454//897
f 1452//897 1628//897 1630//897
f 1628//897 1454//897 1626//897
f 1450//897 1452//897 1630//897
f 1622//897 1624//897 1458//897
f 128//897 130//897 652//897
f 1632//897 1448//897 1450//897
f 1634//897 1446//897 1448//897
f 1642//897 1438//897 1440//897
f 1638//897 1442//897 1444//897
f 1640//897 1440//897 1442//897
f 1444//897 1446//897 1636//897
f 1636//897 1638//897 1444//897
f 1634//897 1636//897 1446//897
f 1440//897 1640//897 1642//897
f 1640//897 1442//897 1638//897
f 1438//897 1642//897 4//897
f 1644//897 4//897 1642//897
f 1632//897 1634//897 1448//897
f 1632//897 1450//897 1630//897
f 1436//897 1438//897 4//897
f 658//897 1614//897 656//897
f 124//897 656//897 1614//897
f 662//897 1610//897 660//897
f 1612//897 658//897 660//897
f 664//897 1608//897 662//897
f 1610//897 662//897 1608//897
f 1612//897 660//897 1610//897
f 1606//897 666//897 668//897
f 1606//897 664//897 666//897
f 1604//897 1606//897 668//897
f 1604//897 670//897 1602//897
f 670//897 672//897 1602//897
f 1604//897 668//897 670//897
f 1608//897 664//897 1606//897
f 1618//897 1462//897 1464//897
f 1616//897 124//897 1614//897
f 4//897 1646//897 1648//897
f 4//897 1644//897 1646//897
f 1618//897 1620//897 1462//897
f 4//897 1650//897 1652//897
f 4//897 1654//897 1656//897
f 4//897 1658//897 1660//897
f 4//897 1656//897 1658//897
f 4//897 1652//897 1654//897
f 1612//897 1614//897 658//897
f 4//897 1648//897 1650//897
f 654//897 656//897 126//897
f 128//897 652//897 654//897
f 1662//897 4//897 1660//897
f 1220//897 218//897 220//897
f 1218//897 1220//897 238//897
f 196//897 1220//897 1222//897
f 1354//897 1154//897 1153//897
f 1156//897 1352//897 1153//897
f 220//897 236//897 1220//897
f 218//897 1220//897 206//897
f 224//897 230//897 222//897
f 242//897 1216//897 1218//897
f 1350//897 1158//897 1348//897
f 1156//897 1158//897 1350//897
f 1158//897 1160//897 1348//897
f 220//897 222//897 232//897
f 1350//897 1352//897 1156//897
f 1354//897 1356//897 1278//897
f 1014//897 1016//897 1281//897
f 1284//897 1012//897 1014//897
f 1020//897 1404//897 1406//897
f 1022//897 1402//897 1404//897
f 1282//897 1016//897 1018//897
f 1008//897 1010//897 1288//897
f 1290//897 1006//897 1008//897
f 1016//897 1282//897 1281//897
f 1286//897 1010//897 1012//897
f 1282//897 1018//897 1406//897
f 1352//897 1354//897 1153//897
f 224//897 226//897 228//897
f 1402//897 1026//897 1400//897
f 236//897 220//897 234//897
f 224//897 228//897 230//897
f 1214//897 248//897 1212//897
f 1212//897 248//897 1210//897
f 1344//897 1162//897 1164//897
f 230//897 232//897 222//897
f 1162//897 1346//897 1160//897
f 1214//897 1216//897 246//897
f 248//897 1208//897 1210//897
f 1168//897 1338//897 1166//897
f 250//897 1206//897 1208//897
f 1166//897 1340//897 1164//897
f 220//897 232//897 234//897
f 1340//897 1342//897 1164//897
f 1346//897 1348//897 1160//897
f 1284//897 1286//897 1012//897
f 1284//897 1014//897 1281//897
f 1004//897 1292//897 1002//897
f 1294//897 1000//897 1002//897
f 1006//897 1290//897 1004//897
f 1164//897 1342//897 1344//897
f 1300//897 990//897 992//897
f 998//897 1000//897 1296//897
f 998//897 1296//897 996//897
f 994//897 1298//897 992//897
f 1298//897 994//897 996//897
f 1288//897 1010//897 1286//897
f 1344//897 1346//897 1162//897
f 914//897 916//897 778//897
f 914//897 778//897 780//897
f 780//897 782//897 912//897
f 782//897 784//897 910//897
f 914//897 780//897 912//897
f 908//897 784//897 786//897
f 918//897 778//897 916//897
f 926//897 928//897 770//897
f 924//897 926//897 770//897
f 920//897 922//897 774//897
f 776//897 918//897 920//897
f 924//897 772//897 922//897
f 772//897 924//897 770//897
f 930//897 768//897 928//897
f 675//897 678//897 284//897
f 538//897 144//897 284//897
f 538//897 284//897 536//897
f 675//897 284//897 144//897
f 920//897 774//897 776//897
f 922//897 772//897 774//897
f 680//897 284//897 678//897
f 684//897 284//897 682//897
f 682//897 284//897 680//897
f 776//897 778//897 918//897
f 684//897 686//897 284//897
f 930//897 766//897 768//897
f 144//897 676//897 675//897
f 966//897 958//897 964//897
f 968//897 956//897 966//897
f 958//897 960//897 962//897
f 964//897 958//897 962//897
f 958//897 966//897 956//897
f 956//897 968//897 970//897
f 990//897 1302//897 988//897
f 950//897 974//897 976//897
f 972//897 952//897 954//897
f 954//897 970//897 972//897
f 954//897 956//897 970//897
f 974//897 952//897 972//897
f 952//897 974//897 950//897
f 934//897 936//897 762//897
f 932//897 934//897 764//897
f 766//897 930//897 932//897
f 768//897 770//897 928//897
f 688//897 284//897 686//897
f 936//897 938//897 760//897
f 950//897 976//897 948//897
f 948//897 976//897 946//897
f 942//897 282//897 940//897
f 946//897 282//897 944//897
f 942//897 944//897 282//897
f 282//897 938//897 940//897
f 690//897 284//897 688//897
f 692//897 284//897 690//897
f 1220//897 236//897 238//897
f 1218//897 240//897 242//897
f 1216//897 242//897 244//897
f 1202//897 1204//897 250//897
f 1198//897 1200//897 254//897
f 1202//897 252//897 1200//897
f 244//897 246//897 1216//897
f 254//897 1196//897 1198//897
f 248//897 1214//897 246//897
f 256//897 1194//897 1196//897
f 1194//897 258//897 1192//897
f 1190//897 260//897 1188//897
f 258//897 1190//897 1192//897
f 262//897 1186//897 1188//897
f 276//897 1170//897 1172//897
f 1338//897 1168//897 278//897
f 1340//897 1166//897 1338//897
f 1338//897 278//897 1336//897
f 278//897 1334//897 1336//897
f 1174//897 276//897 1172//897
f 1184//897 264//897 1182//897
f 1182//897 266//897 1180//897
f 1178//897 270//897 1176//897
f 278//897 1332//897 1334//897
f 1180//897 266//897 1178//897
f 1174//897 1176//897 274//897
f 1186//897 262//897 1184//897
f 248//897 250//897 1208//897
f 240//897 1218//897 238//897
f 250//897 252//897 1202//897
f 254//897 1200//897 252//897
f 258//897 1194//897 256//897
f 1190//897 258//897 260//897
f 1196//897 254//897 256//897
f 260//897 262//897 1188//897
f 266//897 1182//897 264//897
f 268//897 1178//897 266//897
f 270//897 272//897 1176//897
f 272//897 274//897 1176//897
f 268//897 270//897 1178//897
f 262//897 264//897 1184//897
f 276//897 1174//897 274//897
f 280//897 1328//897 1330//897
f 280//897 1326//897 1328//897
f 280//897 1322//897 1324//897
f 1320//897 1322//897 280//897
f 1324//897 1326//897 280//897
f 1332//897 280//897 1330//897
f 1318//897 1320//897 280//897
f 280//897 1314//897 1316//897
f 1316//897 1318//897 280//897
f 280//897 1312//897 1314//897
f 1312//897 280//897 1310//897
f 280//897 1332//897 278//897
f 1170//897 276//897 278//897
f 1308//897 1310//897 280//897
f 250//897 1204//897 1206//897
f 280//897 986//897 1304//897
f 766//897 932//897 764//897
f 938//897 282//897 758//897
f 760//897 938//897 758//897
f 946//897 976//897 978//897
f 1292//897 1004//897 1290//897
f 1290//897 1008//897 1288//897
f 280//897 984//897 986//897
f 1296//897 1000//897 1294//897
f 982//897 984//897 280//897
f 934//897 762//897 764//897
f 762//897 936//897 760//897
f 282//897 946//897 978//897
f 980//897 282//897 978//897
f 1294//897 1002//897 1292//897
f 722//897 724//897 726//897
f 282//897 694//897 696//897
f 282//897 698//897 700//897
f 282//897 696//897 698//897
f 730//897 722//897 728//897
f 732//897 722//897 730//897
f 720//897 722//897 732//897
f 282//897 702//897 704//897
f 734//897 720//897 732//897
f 728//897 722//897 726//897
f 282//897 700//897 702//897
f 1296//897 1298//897 996//897
f 756//897 282//897 754//897
f 1300//897 992//897 1298//897
f 754//897 282//897 752//897
f 750//897 752//897 282//897
f 746//897 748//897 282//897
f 750//897 282//897 748//897
f 990//897 1300//897 1302//897
f 744//897 746//897 282//897
f 980//897 982//897 280//897
f 756//897 758//897 282//897
f 1302//897 1304//897 988//897
f 1304//897 986//897 988//897
f 1304//897 1306//897 280//897
f 280//897 1306//897 1308//897
f 734//897 716//897 718//897
f 282//897 714//897 716//897
f 282//897 706//897 708//897
f 282//897 710//897 712//897
f 282//897 708//897 710//897
f 712//897 714//897 282//897
f 282//897 740//897 742//897
f 282//897 738//897 740//897
f 282//897 734//897 736//897
f 692//897 282//897 284//897
f 282//897 736//897 738//897
f 734//897 282//897 716//897
f 282//897 742//897 744//897
f 734//897 718//897 720//897
f 706//897 282//897 704//897
f 280//897 282//897 980//897
f 694//897 282//897 692//897
f 1168//897 1170//897 278//897
f 534//897 536//897 284//897
f 284//897 532//897 534//897
f 284//897 530//897 532//897
f 284//897 526//897 528//897
f 284//897 522//897 524//897
f 524//897 526//897 284//897
f 528//897 530//897 284//897
f 518//897 520//897 284//897
f 516//897 518//897 284//897
f 488//897 490//897 476//897
f 514//897 284//897 512//897
f 478//897 486//897 488//897
f 516//897 284//897 514//897
f 522//897 284//897 520//897
f 296//897 450//897 452//897
f 296//897 448//897 450//897
f 442//897 1586//897 440//897
f 300//897 444//897 446//897
f 442//897 302//897 1584//897
f 446//897 448//897 298//897
f 480//897 482//897 484//897
f 480//897 484//897 486//897
f 480//897 486//897 478//897
f 488//897 476//897 478//897
f 474//897 476//897 490//897
f 294//897 452//897 454//897
f 508//897 510//897 284//897
f 286//897 506//897 508//897
f 286//897 474//897 490//897
f 286//897 472//897 474//897
f 492//897 286//897 490//897
f 504//897 506//897 286//897
f 286//897 500//897 502//897
f 286//897 498//897 500//897
f 286//897 494//897 496//897
f 468//897 470//897 286//897
f 286//897 470//897 472//897
f 286//897 496//897 498//897
f 494//897 286//897 492//897
f 286//897 502//897 504//897
f 510//897 512//897 284//897
f 466//897 468//897 286//897
f 288//897 464//897 466//897
f 290//897 456//897 458//897
f 288//897 460//897 462//897
f 288//897 458//897 460//897
f 462//897 464//897 288//897
f 290//897 292//897 454//897
f 458//897 288//897 290//897
f 294//897 296//897 452//897
f 298//897 300//897 446//897
f 296//897 298//897 448//897
f 292//897 294//897 454//897
f 466//897 286//897 288//897
f 290//897 454//897 456//897
f 508//897 284//897 286//897
f 302//897 442//897 444//897
f 1600//897 672//897 426//897
f 1598//897 1600//897 425//897
f 426//897 425//897 1600//897
f 428//897 1598//897 425//897
f 1598//897 428//897 1596//897
f 1596//897 428//897 430//897
f 1590//897 1592//897 436//897
f 1592//897 434//897 436//897
f 1594//897 430//897 432//897
f 432//897 1592//897 1594//897
f 1592//897 432//897 434//897
f 1596//897 430//897 1594//897
f 1590//897 436//897 438//897
f 1544//897 422//897 1542//897
f 1538//897 1537//897 4//897
f 4//897 1540//897 422//897
f 1537//897 1540//897 4//897
f 1540//897 1542//897 422//897
f 440//897 1588//897 438//897
f 1586//897 1588//897 440//897
f 1548//897 422//897 1546//897
f 1552//897 1678//897 1550//897
f 1550//897 422//897 1548//897
f 1588//897 1590//897 438//897
f 1546//897 422//897 1544//897
f 442//897 1584//897 1586//897
f 1600//897 1602//897 672//897
f 1776//897 1580//897 1582//897
f 1778//897 1578//897 1580//897
f 1782//897 1574//897 1576//897
f 1786//897 1570//897 1572//897
f 1572//897 1574//897 1784//897
f 1576//897 1578//897 1780//897
f 1578//897 1778//897 1780//897
f 1580//897 1776//897 1778//897
f 1570//897 1786//897 1788//897
f 1574//897 1782//897 1784//897
f 1784//897 1786//897 1572//897
f 1576//897 1780//897 1782//897
f 1774//897 1776//897 1582//897
f 1568//897 1570//897 1788//897
f 1666//897 1564//897 1566//897
f 1665//897 1562//897 1564//897
f 1556//897 1674//897 1554//897
f 1670//897 1558//897 1560//897
f 1672//897 1556//897 1558//897
f 1560//897 1562//897 1668//897
f 1566//897 1790//897 1666//897
f 1788//897 1790//897 1568//897
f 1564//897 1666//897 1665//897
f 1665//897 1668//897 1562//897
f 1670//897 1672//897 1558//897
f 1668//897 1670//897 1560//897
f 1790//897 1566//897 1568//897
f 1676//897 1552//897 1554//897
f 1774//897 1582//897 1584//897
f 1672//897 1674//897 1556//897
f 300//897 302//897 444//897
f 306//897 1770//897 304//897
f 1584//897 304//897 1772//897
f 310//897 1766//897 308//897
f 314//897 1764//897 312//897
f 312//897 1766//897 310//897
f 308//897 1768//897 306//897
f 318//897 1760//897 316//897
f 1758//897 318//897 320//897
f 322//897 1756//897 320//897
f 1756//897 322//897 1754//897
f 1752//897 322//897 324//897
f 326//897 1752//897 324//897
f 1762//897 314//897 316//897
f 1758//897 320//897 1756//897
f 312//897 1764//897 1766//897
f 314//897 1762//897 1764//897
f 1772//897 1774//897 1584//897
f 306//897 1768//897 1770//897
f 1770//897 1772//897 304//897
f 308//897 1766//897 1768//897
f 318//897 1758//897 1760//897
f 326//897 1750//897 1752//897
f 1748//897 344//897 1746//897
f 336//897 1748//897 1750//897
f 1752//897 1754//897 322//897
f 1760//897 1762//897 316//897
f 326//897 328//897 1750//897
f 332//897 1750//897 330//897
f 334//897 1750//897 332//897
f 1748//897 336//897 338//897
f 338//897 340//897 1748//897
f 334//897 336//897 1750//897
f 342//897 1748//897 340//897
f 1746//897 344//897 346//897
f 348//897 1746//897 346//897
f 1744//897 1746//897 350//897
f 1744//897 350//897 352//897
f 348//897 350//897 1746//897
f 342//897 344//897 1748//897
f 354//897 1744//897 352//897
f 368//897 1742//897 1744//897
f 354//897 356//897 1744//897
f 370//897 1740//897 1742//897
f 1740//897 370//897 1738//897
f 1736//897 370//897 1734//897
f 370//897 1736//897 1738//897
f 356//897 358//897 1744//897
f 1744//897 360//897 362//897
f 1744//897 362//897 364//897
f 366//897 368//897 1744//897
f 370//897 1742//897 368//897
f 1744//897 364//897 366//897
f 360//897 1744//897 358//897
f 372//897 1734//897 370//897
f 328//897 330//897 1750//897
f 1678//897 1680//897 1550//897
f 1676//897 1678//897 1552//897
f 422//897 1680//897 1682//897
f 422//897 1684//897 1686//897
f 422//897 1682//897 1684//897
f 1550//897 1680//897 422//897
f 1710//897 394//897 1708//897
f 1708//897 398//897 1706//897
f 412//897 1700//897 1702//897
f 1704//897 406//897 1702//897
f 406//897 408//897 1702//897
f 402//897 1704//897 1706//897
f 420//897 422//897 1696//897
f 422//897 1690//897 1692//897
f 1696//897 422//897 1694//897
f 1692//897 1694//897 422//897
f 1688//897 1690//897 422//897
f 420//897 1696//897 1698//897
f 1686//897 1688//897 422//897
f 412//897 414//897 1700//897
f 414//897 416//897 1700//897
f 420//897 1698//897 418//897
f 418//897 1698//897 1700//897
f 418//897 1700//897 416//897
f 1702//897 410//897 412//897
f 410//897 1702//897 408//897
f 392//897 1710//897 1712//897
f 1674//897 1676//897 1554//897
f 372//897 1730//897 1732//897
f 372//897 1728//897 1730//897
f 378//897 1714//897 1716//897
f 374//897 1718//897 1720//897
f 376//897 1716//897 1718//897
f 1724//897 1726//897 372//897
f 1728//897 372//897 1726//897
f 374//897 1724//897 372//897
f 374//897 1720//897 1722//897
f 378//897 1716//897 376//897
f 374//897 376//897 1718//897
f 374//897 1722//897 1724//897
f 372//897 1732//897 1734//897
f 380//897 1714//897 378//897
f 396//897 1708//897 394//897
f 398//897 400//897 1706//897
f 406//897 1704//897 404//897
f 404//897 1704//897 402//897
f 400//897 402//897 1706//897
f 398//897 1708//897 396//897
f 1714//897 382//897 384//897
f 1712//897 384//897 386//897
f 1712//897 390//897 392//897
f 390//897 1712//897 388//897
f 388//897 1712//897 386//897
f 392//897 394//897 1710//897
f 380//897 382//897 1714//897
f 384//897 1712//897 1714//897
f 304//897 1584//897 302//897
f 1662//897 1538//897 4//897
f 782//897 910//897 912//897
# Vertices: 1790, normals: 897, texture coordinates: 0, faces: 3608

