g Body_19_(3)
v -0.0126089 -0.373246 0.0335 0 0.156863 1
v 0.00759115 -0.373246 0.0335 0 0.156863 1
v 0.00759115 -0.373351 0.0335037 0 0.156863 1
v -0.0126089 -0.373351 0.0335037 0 0.156863 1
v 0.00759115 -0.373455 0.0335146 0 0.156863 1
v -0.0126089 -0.373455 0.0335146 0 0.156863 1
v 0.00759115 -0.373558 0.0335328 0 0.156863 1
v -0.0126089 -0.373558 0.0335328 0 0.156863 1
v 0.00759115 -0.37366 0.0335581 0 0.156863 1
v -0.0126089 -0.37366 0.0335581 0 0.156863 1
v 0.00759115 -0.373759 0.0335905 0 0.156863 1
v -0.0126089 -0.373759 0.0335905 0 0.156863 1
v 0.00759115 -0.373856 0.0336297 0 0.156863 1
v -0.0126089 -0.373856 0.0336297 0 0.156863 1
v 0.00759115 -0.373951 0.0336756 0 0.156863 1
v -0.0126089 -0.373951 0.0336756 0 0.156863 1
v 0.00759115 -0.374041 0.0337279 0 0.156863 1
v -0.0126089 -0.374041 0.0337279 0 0.156863 1
v 0.00759115 -0.374128 0.0337865 0 0.156863 1
v -0.0126089 -0.374128 0.0337865 0 0.156863 1
v 0.00759115 -0.374211 0.0338509 0 0.156863 1
v -0.0126089 -0.374211 0.0338509 0 0.156863 1
v 0.00759115 -0.374288 0.033921 0 0.156863 1
v -0.0126089 -0.374288 0.033921 0 0.156863 1
v 0.00759115 -0.374361 0.0339963 0 0.156863 1
v -0.0126089 -0.374361 0.0339963 0 0.156863 1
v 0.00759115 -0.374428 0.0340765 0 0.156863 1
v -0.0126089 -0.374428 0.0340765 0 0.156863 1
v 0.00759115 -0.37449 0.0341612 0 0.156863 1
v -0.0126089 -0.37449 0.0341612 0 0.156863 1
v 0.00759115 -0.374545 0.03425 0 0.156863 1
v -0.0126089 -0.374545 0.03425 0 0.156863 1
v 0.00759115 -0.374595 0.0343424 0 0.156863 1
v -0.0126089 -0.374595 0.0343424 0 0.156863 1
v 0.00759115 -0.374637 0.0344381 0 0.156863 1
v -0.0126089 -0.374637 0.0344381 0 0.156863 1
v 0.00759115 -0.374673 0.0345365 0 0.156863 1
v -0.0126089 -0.374673 0.0345365 0 0.156863 1
v 0.00759115 -0.374702 0.0346371 0 0.156863 1
v -0.0126089 -0.374702 0.0346371 0 0.156863 1
v 0.00759115 -0.374724 0.0347395 0 0.156863 1
v -0.0126089 -0.374724 0.0347395 0 0.156863 1
v 0.00759115 -0.374738 0.0348432 0 0.156863 1
v -0.0126089 -0.374738 0.0348432 0 0.156863 1
v 0.00759115 -0.374745 0.0349477 0 0.156863 1
v -0.0126089 -0.374745 0.0349477 0 0.156863 1
v 0.00759115 -0.374745 0.0350523 0 0.156863 1
v -0.0126089 -0.374745 0.0350523 0 0.156863 1
v 0.00759115 -0.374738 0.0351568 0 0.156863 1
v -0.0126089 -0.374738 0.0351568 0 0.156863 1
v 0.00759115 -0.374724 0.0352605 0 0.156863 1
v -0.0126089 -0.374724 0.0352605 0 0.156863 1
v 0.00759115 -0.374702 0.0353629 0 0.156863 1
v -0.0126089 -0.374702 0.0353629 0 0.156863 1
v 0.00759115 -0.374673 0.0354635 0 0.156863 1
v -0.0126089 -0.374673 0.0354635 0 0.156863 1
v 0.00759115 -0.374637 0.0355619 0 0.156863 1
v -0.0126089 -0.374637 0.0355619 0 0.156863 1
v 0.00759115 -0.374595 0.0356576 0 0.156863 1
v -0.0126089 -0.374595 0.0356576 0 0.156863 1
v 0.00759115 -0.374545 0.03575 0 0.156863 1
v -0.0126089 -0.374545 0.03575 0 0.156863 1
v 0.00759115 -0.37449 0.0358388 0 0.156863 1
v -0.0126089 -0.37449 0.0358388 0 0.156863 1
v 0.00759115 -0.374428 0.0359235 0 0.156863 1
v -0.0126089 -0.374428 0.0359235 0 0.156863 1
v 0.00759115 -0.374361 0.0360037 0 0.156863 1
v -0.0126089 -0.374361 0.0360037 0 0.156863 1
v 0.00759115 -0.374288 0.036079 0 0.156863 1
v -0.0126089 -0.374288 0.036079 0 0.156863 1
v 0.00759115 -0.374211 0.0361491 0 0.156863 1
v -0.0126089 -0.374211 0.0361491 0 0.156863 1
v 0.00759115 -0.374128 0.0362135 0 0.156863 1
v -0.0126089 -0.374128 0.0362135 0 0.156863 1
v 0.00759115 -0.374041 0.0362721 0 0.156863 1
v -0.0126089 -0.374041 0.0362721 0 0.156863 1
v 0.00759115 -0.373951 0.0363244 0 0.156863 1
v -0.0126089 -0.373951 0.0363244 0 0.156863 1
v 0.00759115 -0.373856 0.0363703 0 0.156863 1
v -0.0126089 -0.373856 0.0363703 0 0.156863 1
v 0.00759115 -0.373759 0.0364095 0 0.156863 1
v -0.0126089 -0.373759 0.0364095 0 0.156863 1
v 0.00759115 -0.37366 0.0364419 0 0.156863 1
v -0.0126089 -0.37366 0.0364419 0 0.156863 1
v 0.00759115 -0.373558 0.0364672 0 0.156863 1
v -0.0126089 -0.373558 0.0364672 0 0.156863 1
v 0.00759115 -0.373455 0.0364854 0 0.156863 1
v -0.0126089 -0.373455 0.0364854 0 0.156863 1
v 0.00759115 -0.373351 0.0364963 0 0.156863 1
v -0.0126089 -0.373351 0.0364963 0 0.156863 1
v 0.00759115 -0.373246 0.0365 0 0.156863 1
v -0.0126089 -0.373246 0.0365 0 0.156863 1
v 0.00759115 -0.373142 0.0364963 0 0.156863 1
v -0.0126089 -0.373142 0.0364963 0 0.156863 1
v 0.00759115 -0.373038 0.0364854 0 0.156863 1
v -0.0126089 -0.373038 0.0364854 0 0.156863 1
v 0.00759115 -0.372934 0.0364672 0 0.156863 1
v -0.0126089 -0.372934 0.0364672 0 0.156863 1
v 0.00759115 -0.372833 0.0364419 0 0.156863 1
v -0.0126089 -0.372833 0.0364419 0 0.156863 1
v 0.00759115 -0.372733 0.0364095 0 0.156863 1
v -0.0126089 -0.372733 0.0364095 0 0.156863 1
v 0.00759115 -0.372636 0.0363703 0 0.156863 1
v -0.0126089 -0.372636 0.0363703 0 0.156863 1
v 0.00759115 -0.372542 0.0363244 0 0.156863 1
v -0.0126089 -0.372542 0.0363244 0 0.156863 1
v 0.00759115 -0.372451 0.0362721 0 0.156863 1
v -0.0126089 -0.372451 0.0362721 0 0.156863 1
v 0.00759115 -0.372365 0.0362135 0 0.156863 1
v -0.0126089 -0.372365 0.0362135 0 0.156863 1
v 0.00759115 -0.372282 0.0361491 0 0.156863 1
v -0.0126089 -0.372282 0.0361491 0 0.156863 1
v 0.00759115 -0.372204 0.036079 0 0.156863 1
v -0.0126089 -0.372204 0.036079 0 0.156863 1
v 0.00759115 -0.372132 0.0360037 0 0.156863 1
v -0.0126089 -0.372132 0.0360037 0 0.156863 1
v 0.00759115 -0.372064 0.0359235 0 0.156863 1
v -0.0126089 -0.372064 0.0359235 0 0.156863 1
v 0.00759115 -0.372003 0.0358388 0 0.156863 1
v -0.0126089 -0.372003 0.0358388 0 0.156863 1
v 0.00759115 -0.371947 0.03575 0 0.156863 1
v -0.0126089 -0.371947 0.03575 0 0.156863 1
v 0.00759115 -0.371898 0.0356576 0 0.156863 1
v -0.0126089 -0.371898 0.0356576 0 0.156863 1
v 0.00759115 -0.371856 0.0355619 0 0.156863 1
v -0.0126089 -0.371856 0.0355619 0 0.156863 1
v 0.00759115 -0.37182 0.0354635 0 0.156863 1
v -0.0126089 -0.37182 0.0354635 0 0.156863 1
v 0.00759115 -0.371791 0.0353629 0 0.156863 1
v -0.0126089 -0.371791 0.0353629 0 0.156863 1
v 0.00759115 -0.371769 0.0352605 0 0.156863 1
v -0.0126089 -0.371769 0.0352605 0 0.156863 1
v 0.00759115 -0.371755 0.0351568 0 0.156863 1
v -0.0126089 -0.371755 0.0351568 0 0.156863 1
v 0.00759115 -0.371747 0.0350523 0 0.156863 1
v -0.0126089 -0.371747 0.0350523 0 0.156863 1
v 0.00759115 -0.371747 0.0349477 0 0.156863 1
v -0.0126089 -0.371747 0.0349477 0 0.156863 1
v 0.00759115 -0.371755 0.0348432 0 0.156863 1
v -0.0126089 -0.371755 0.0348432 0 0.156863 1
v 0.00759115 -0.371769 0.0347395 0 0.156863 1
v -0.0126089 -0.371769 0.0347395 0 0.156863 1
v 0.00759115 -0.371791 0.0346371 0 0.156863 1
v -0.0126089 -0.371791 0.0346371 0 0.156863 1
v 0.00759115 -0.37182 0.0345365 0 0.156863 1
v -0.0126089 -0.37182 0.0345365 0 0.156863 1
v 0.00759115 -0.371856 0.0344381 0 0.156863 1
v -0.0126089 -0.371856 0.0344381 0 0.156863 1
v 0.00759115 -0.371898 0.0343424 0 0.156863 1
v -0.0126089 -0.371898 0.0343424 0 0.156863 1
v 0.00759115 -0.371947 0.03425 0 0.156863 1
v -0.0126089 -0.371947 0.03425 0 0.156863 1
v 0.00759115 -0.372003 0.0341612 0 0.156863 1
v -0.0126089 -0.372003 0.0341612 0 0.156863 1
v 0.00759115 -0.372064 0.0340765 0 0.156863 1
v -0.0126089 -0.372064 0.0340765 0 0.156863 1
v 0.00759115 -0.372132 0.0339963 0 0.156863 1
v -0.0126089 -0.372132 0.0339963 0 0.156863 1
v 0.00759115 -0.372204 0.033921 0 0.156863 1
v -0.0126089 -0.372204 0.033921 0 0.156863 1
v 0.00759115 -0.372282 0.0338509 0 0.156863 1
v -0.0126089 -0.372282 0.0338509 0 0.156863 1
v 0.00759115 -0.372365 0.0337865 0 0.156863 1
v -0.0126089 -0.372365 0.0337865 0 0.156863 1
v 0.00759115 -0.372451 0.0337279 0 0.156863 1
v -0.0126089 -0.372451 0.0337279 0 0.156863 1
v 0.00759115 -0.372542 0.0336756 0 0.156863 1
v -0.0126089 -0.372542 0.0336756 0 0.156863 1
v 0.00759115 -0.372636 0.0336297 0 0.156863 1
v -0.0126089 -0.372636 0.0336297 0 0.156863 1
v 0.00759115 -0.372733 0.0335905 0 0.156863 1
v -0.0126089 -0.372733 0.0335905 0 0.156863 1
v 0.00759115 -0.372833 0.0335581 0 0.156863 1
v -0.0126089 -0.372833 0.0335581 0 0.156863 1
v 0.00759115 -0.372934 0.0335328 0 0.156863 1
v -0.0126089 -0.372934 0.0335328 0 0.156863 1
v 0.00759115 -0.373038 0.0335146 0 0.156863 1
v -0.0126089 -0.373038 0.0335146 0 0.156863 1
v 0.00759115 -0.373142 0.0335037 0 0.156863 1
v -0.0126089 -0.373142 0.0335037 0 0.156863 1
v 0.00759115 -0.368746 0.0235 0 0.156863 1
v 0.00759115 -0.370746 0.04 0 0.156863 1
v 0.00759115 -0.376746 0.0315 0 0.156863 1
v 0.00759115 -0.368746 0.038 0 0.156863 1
v 0.00759115 -0.376746 0.04995 0 0.156863 1
v 0.00759115 -0.370746 0.04995 0 0.156863 1
v -0.0126089 -0.368746 0.038 0 0.156863 1
v -0.0126089 -0.370746 0.04 0 0.156863 1
v -0.0126089 -0.370746 0.04995 0 0.156863 1
v 0.0105911 -0.368746 0.0235 0 0.156863 1
v 0.0105911 -0.376746 0.0315 0 0.156863 1
v 0.0105911 -0.376746 0.04995 0 0.156863 1
v -0.0126089 -0.368746 0.0235 0 0.156863 1
v -0.0126089 -0.376746 0.0315 0 0.156863 1
v -0.0126089 -0.376746 0.04995 0 0.156863 1
v -0.0156089 -0.368746 0.0235 0 0.156863 1
v -0.0156089 -0.376746 0.0315 0 0.156863 1
v -0.0156089 -0.376746 0.04995 0 0.156863 1
v 0.0105911 -0.370746 0.034 0 0.156863 1
v 0.0105911 -0.368746 0.032 0 0.156863 1
v 0.0105911 -0.370746 0.04995 0 0.156863 1
v 0.120991 -0.368746 0.032 0 0.156863 1
v 0.120991 -0.370746 0.034 0 0.156863 1
v 0.120991 -0.370746 0.04995 0 0.156863 1
v 0.120991 -0.376746 0.0315 0 0.156863 1
v 0.120991 -0.376746 0.04995 0 0.156863 1
v 0.120991 -0.368746 0.0235 0 0.156863 1
v 0.123991 -0.368746 0.0235 0 0.156863 1
v 0.123991 -0.376746 0.0315 0 0.156863 1
v 0.123991 -0.376746 0.04995 0 0.156863 1
v -0.0156089 -0.370746 0.034 0 0.156863 1
v -0.0156089 -0.368746 0.032 0 0.156863 1
v -0.0156089 -0.370746 0.04995 0 0.156863 1
v -0.0375089 -0.368746 0.032 0 0.156863 1
v -0.0375089 -0.370746 0.034 0 0.156863 1
v -0.0395089 -0.370746 0.04995 0 0.156863 1
v -0.038471 -0.370746 0.0340658 0 0.156863 1
v -0.0379877 -0.370746 0.0340164 0 0.156863 1
v -0.0395089 -0.370746 0.0342801 0 0.156863 1
v -0.0389635 -0.370746 0.0341495 0 0.156863 1
v -0.0445089 -0.365746 0.04995 0 0.156863 1
v -0.0445089 -0.365746 0.0342801 0 0.156863 1
v -0.0444972 -0.366088 0.0343701 0 0.156863 1
v -0.0444972 -0.366088 0.04995 0 0.156863 1
v -0.0444623 -0.366427 0.0344523 0 0.156863 1
v -0.0444623 -0.366427 0.04995 0 0.156863 1
v -0.0444085 -0.366743 0.0345224 0 0.156863 1
v -0.0444043 -0.366764 0.0345267 0 0.156863 1
v -0.0444043 -0.366764 0.04995 0 0.156863 1
v -0.0443668 -0.36693 0.0345608 0 0.156863 1
v -0.0443235 -0.367095 0.034593 0 0.156863 1
v -0.0443234 -0.367095 0.04995 0 0.156863 1
v -0.0442764 -0.367253 0.0346221 0 0.156863 1
v -0.0442202 -0.367421 0.0346513 0 0.156863 1
v -0.0442202 -0.367421 0.04995 0 0.156863 1
v -0.0441602 -0.367581 0.0346774 0 0.156863 1
v -0.0440949 -0.367738 0.0347014 0 0.156863 1
v -0.0440949 -0.367738 0.04995 0 0.156863 1
v -0.0440904 -0.367749 0.034703 0 0.156863 1
v -0.0439483 -0.368047 0.04995 0 0.156863 1
v -0.0438519 -0.368224 0.0347642 0 0.156863 1
v -0.0437809 -0.368344 0.0347769 0 0.156863 1
v -0.0439483 -0.368047 0.0347433 0 0.156863 1
v -0.0437809 -0.368344 0.04995 0 0.156863 1
v -0.04369 -0.368488 0.0347905 0 0.156863 1
v -0.0435937 -0.36863 0.0348021 0 0.156863 1
v -0.0435937 -0.36863 0.04995 0 0.156863 1
v -0.0435635 -0.368672 0.0348052 0 0.156863 1
v -0.0433874 -0.368902 0.04995 0 0.156863 1
v -0.0432283 -0.369088 0.0348258 0 0.156863 1
v -0.043163 -0.369159 0.0348274 0 0.156863 1
v -0.0433874 -0.368902 0.034819 0 0.156863 1
v -0.043163 -0.369159 0.04995 0 0.156863 1
v -0.0430443 -0.369282 0.0348284 0 0.156863 1
v -0.0429216 -0.369401 0.04995 0 0.156863 1
v -0.0426643 -0.369625 0.04995 0 0.156863 1
v -0.0429216 -0.369401 0.0348274 0 0.156863 1
v -0.0428504 -0.369466 0.0348258 0 0.156863 1
v -0.0423923 -0.369831 0.04995 0 0.156863 1
v -0.0426643 -0.369625 0.034819 0 0.156863 1
v -0.0424346 -0.369801 0.0348052 0 0.156863 1
v -0.0421068 -0.370018 0.04995 0 0.156863 1
v -0.0423923 -0.369831 0.0348021 0 0.156863 1
v -0.0422508 -0.369927 0.0347905 0 0.156863 1
v -0.0418092 -0.370186 0.04995 0 0.156863 1
v -0.0421067 -0.370018 0.0347769 0 0.156863 1
v -0.0419863 -0.370089 0.0347642 0 0.156863 1
v -0.0415009 -0.370332 0.04995 0 0.156863 1
v -0.0418092 -0.370186 0.0347433 0 0.156863 1
v -0.0415112 -0.370328 0.034703 0 0.156863 1
v -0.0411832 -0.370458 0.04995 0 0.156863 1
v -0.0415009 -0.370332 0.0347014 0 0.156863 1
v -0.0413432 -0.370398 0.0346774 0 0.156863 1
v -0.0408578 -0.370561 0.04995 0 0.156863 1
v -0.0411832 -0.370458 0.0346513 0 0.156863 1
v -0.0410155 -0.370514 0.0346221 0 0.156863 1
v -0.0405261 -0.370642 0.04995 0 0.156863 1
v -0.0408578 -0.370561 0.034593 0 0.156863 1
v -0.0406922 -0.370604 0.0345608 0 0.156863 1
v -0.0401897 -0.3707 0.04995 0 0.156863 1
v -0.0405261 -0.370642 0.0345267 0 0.156863 1
v -0.0405058 -0.370646 0.0345224 0 0.156863 1
v -0.0398501 -0.370735 0.04995 0 0.156863 1
v -0.0401897 -0.3707 0.0344523 0 0.156863 1
v -0.0398501 -0.370735 0.0343701 0 0.156863 1
v -0.0378501 -0.368735 0.032 0 0.156863 1
v -0.0381897 -0.3687 0.032 0 0.156863 1
v -0.0385261 -0.368642 0.032 0 0.156863 1
v -0.0388578 -0.368561 0.032 0 0.156863 1
v -0.0391832 -0.368458 0.032 0 0.156863 1
v -0.0395009 -0.368332 0.032 0 0.156863 1
v -0.0398092 -0.368186 0.032 0 0.156863 1
v -0.0401068 -0.368018 0.032 0 0.156863 1
v -0.0403923 -0.367831 0.032 0 0.156863 1
v -0.0406643 -0.367625 0.032 0 0.156863 1
v -0.0409216 -0.367401 0.032 0 0.156863 1
v -0.041163 -0.367159 0.032 0 0.156863 1
v -0.0413874 -0.366902 0.032 0 0.156863 1
v -0.0415937 -0.36663 0.032 0 0.156863 1
v -0.0417809 -0.366344 0.032 0 0.156863 1
v -0.0419483 -0.366047 0.032 0 0.156863 1
v -0.0420949 -0.365738 0.032 0 0.156863 1
v -0.0422202 -0.365421 0.032 0 0.156863 1
v -0.0423234 -0.365095 0.032 0 0.156863 1
v -0.0445089 -0.365201 0.0341495 0 0.156863 1
v -0.0424043 -0.364764 0.032 0 0.156863 1
v -0.0445089 -0.364708 0.0340658 0 0.156863 1
v -0.0424623 -0.364427 0.032 0 0.156863 1
v -0.0445089 -0.364225 0.0340164 0 0.156863 1
v -0.0445089 -0.363746 0.034 0 0.156863 1
v -0.0425089 -0.363746 0.032 0 0.156863 1
v -0.0424972 -0.364088 0.032 0 0.156863 1
v -0.0445089 -0.321546 0.04995 0 0.156863 1
v -0.0445089 -0.322584 0.0340658 0 0.156863 1
v -0.0445089 -0.323068 0.0340164 0 0.156863 1
v -0.0445089 -0.321546 0.0342801 0 0.156863 1
v -0.0445089 -0.322092 0.0341495 0 0.156863 1
v -0.0445089 -0.323546 0.034 0 0.156863 1
v -0.0425089 -0.323546 0.032 0 0.156863 1
v -0.0425089 -0.363746 -0.001 0 0.156863 1
v -0.0424972 -0.364088 -0.001 0 0.156863 1
v -0.0424623 -0.364427 -0.001 0 0.156863 1
v -0.0424043 -0.364764 -0.001 0 0.156863 1
v -0.0423234 -0.365095 -0.001 0 0.156863 1
v -0.0422202 -0.365421 -0.001 0 0.156863 1
v -0.0420949 -0.365738 -0.001 0 0.156863 1
v -0.0419483 -0.366047 -0.001 0 0.156863 1
v -0.0417809 -0.366344 -0.001 0 0.156863 1
v -0.0415937 -0.36663 -0.001 0 0.156863 1
v -0.0413874 -0.366902 -0.001 0 0.156863 1
v -0.041163 -0.367159 -0.001 0 0.156863 1
v -0.0409216 -0.367401 -0.001 0 0.156863 1
v -0.0406643 -0.367625 -0.001 0 0.156863 1
v -0.0403923 -0.367831 -0.001 0 0.156863 1
v -0.0401068 -0.368018 -0.001 0 0.156863 1
v -0.0398092 -0.368186 -0.001 0 0.156863 1
v -0.0395009 -0.368332 -0.001 0 0.156863 1
v -0.0391832 -0.368458 -0.001 0 0.156863 1
v -0.0388578 -0.368561 -0.001 0 0.156863 1
v -0.0385261 -0.368642 -0.001 0 0.156863 1
v -0.0381897 -0.3687 -0.001 0 0.156863 1
v -0.0378501 -0.368735 -0.001 0 0.156863 1
v -0.0375089 -0.368746 -0.001 0 0.156863 1
v -0.0395089 -0.316546 0.04995 0 0.156863 1
v -0.0395089 -0.316546 0.0342801 0 0.156863 1
v -0.0398501 -0.316558 0.0343701 0 0.156863 1
v -0.0398501 -0.316558 0.04995 0 0.156863 1
v -0.0401897 -0.316593 0.0344523 0 0.156863 1
v -0.0401897 -0.316593 0.04995 0 0.156863 1
v -0.0405058 -0.316647 0.0345224 0 0.156863 1
v -0.0405261 -0.316651 0.0345267 0 0.156863 1
v -0.0405261 -0.316651 0.04995 0 0.156863 1
v -0.0406923 -0.316688 0.0345608 0 0.156863 1
v -0.0408577 -0.316732 0.034593 0 0.156863 1
v -0.0408578 -0.316732 0.04995 0 0.156863 1
v -0.0410155 -0.316779 0.0346221 0 0.156863 1
v -0.0411832 -0.316835 0.0346513 0 0.156863 1
v -0.0411832 -0.316835 0.04995 0 0.156863 1
v -0.0413433 -0.316895 0.0346774 0 0.156863 1
v -0.0415008 -0.31696 0.0347014 0 0.156863 1
v -0.0415009 -0.31696 0.04995 0 0.156863 1
v -0.0415112 -0.316965 0.034703 0 0.156863 1
v -0.0418092 -0.317107 0.04995 0 0.156863 1
v -0.0419863 -0.317203 0.0347642 0 0.156863 1
v -0.0421068 -0.317274 0.0347769 0 0.156863 1
v -0.0418092 -0.317107 0.0347433 0 0.156863 1
v -0.0421068 -0.317274 0.04995 0 0.156863 1
v -0.0422508 -0.317365 0.0347905 0 0.156863 1
v -0.0423922 -0.317461 0.0348021 0 0.156863 1
v -0.0423923 -0.317462 0.04995 0 0.156863 1
v -0.0424346 -0.317492 0.0348052 0 0.156863 1
v -0.0426643 -0.317668 0.04995 0 0.156863 1
v -0.0428504 -0.317827 0.0348258 0 0.156863 1
v -0.0429216 -0.317892 0.0348274 0 0.156863 1
v -0.0426643 -0.317668 0.034819 0 0.156863 1
v -0.0429216 -0.317892 0.04995 0 0.156863 1
v -0.0430445 -0.318011 0.0348284 0 0.156863 1
v -0.043163 -0.318134 0.04995 0 0.156863 1
v -0.0433874 -0.318391 0.04995 0 0.156863 1
v -0.043163 -0.318134 0.0348274 0 0.156863 1
v -0.0432283 -0.318205 0.0348258 0 0.156863 1
v -0.0435937 -0.318663 0.04995 0 0.156863 1
v -0.0433874 -0.318391 0.034819 0 0.156863 1
v -0.0435635 -0.318621 0.0348052 0 0.156863 1
v -0.0437809 -0.318948 0.04995 0 0.156863 1
v -0.0435937 -0.318663 0.0348021 0 0.156863 1
v -0.0436899 -0.318804 0.0347905 0 0.156863 1
v -0.0439483 -0.319246 0.04995 0 0.156863 1
v -0.043781 -0.318948 0.0347769 0 0.156863 1
v -0.0438519 -0.319069 0.0347642 0 0.156863 1
v -0.0440949 -0.319554 0.04995 0 0.156863 1
v -0.0439483 -0.319246 0.0347433 0 0.156863 1
v -0.0440904 -0.319544 0.034703 0 0.156863 1
v -0.0442202 -0.319872 0.04995 0 0.156863 1
v -0.0440949 -0.319554 0.0347014 0 0.156863 1
v -0.0441602 -0.319712 0.0346774 0 0.156863 1
v -0.0443234 -0.320197 0.04995 0 0.156863 1
v -0.0442202 -0.319872 0.0346513 0 0.156863 1
v -0.0442764 -0.32004 0.0346221 0 0.156863 1
v -0.0444043 -0.320529 0.04995 0 0.156863 1
v -0.0443234 -0.320197 0.034593 0 0.156863 1
v -0.0443668 -0.320363 0.0345608 0 0.156863 1
v -0.0444623 -0.320866 0.04995 0 0.156863 1
v -0.0444043 -0.320529 0.0345267 0 0.156863 1
v -0.0444085 -0.320549 0.0345224 0 0.156863 1
v -0.0444972 -0.321205 0.04995 0 0.156863 1
v -0.0444623 -0.320866 0.0344523 0 0.156863 1
v -0.0444972 -0.321205 0.0343701 0 0.156863 1
v -0.0424972 -0.323205 0.032 0 0.156863 1
v -0.0424623 -0.322866 0.032 0 0.156863 1
v -0.0424043 -0.322529 0.032 0 0.156863 1
v -0.0423234 -0.322197 0.032 0 0.156863 1
v -0.0422202 -0.321872 0.032 0 0.156863 1
v -0.0420949 -0.321554 0.032 0 0.156863 1
v -0.0419483 -0.321246 0.032 0 0.156863 1
v -0.0417809 -0.320948 0.032 0 0.156863 1
v -0.0415937 -0.320663 0.032 0 0.156863 1
v -0.0413874 -0.320391 0.032 0 0.156863 1
v -0.041163 -0.320134 0.032 0 0.156863 1
v -0.0409216 -0.319892 0.032 0 0.156863 1
v -0.0406643 -0.319668 0.032 0 0.156863 1
v -0.0403923 -0.319462 0.032 0 0.156863 1
v -0.0401068 -0.319274 0.032 0 0.156863 1
v -0.0398092 -0.319107 0.032 0 0.156863 1
v -0.0395009 -0.31896 0.032 0 0.156863 1
v -0.0391832 -0.318835 0.032 0 0.156863 1
v -0.0388578 -0.318732 0.032 0 0.156863 1
v -0.0389635 -0.316546 0.0341495 0 0.156863 1
v -0.0385261 -0.318651 0.032 0 0.156863 1
v -0.038471 -0.316546 0.0340658 0 0.156863 1
v -0.0381897 -0.318593 0.032 0 0.156863 1
v -0.0379877 -0.316546 0.0340164 0 0.156863 1
v -0.0375089 -0.316546 0.034 0 0.156863 1
v -0.0375089 -0.318546 0.032 0 0.156863 1
v -0.0378501 -0.318558 0.032 0 0.156863 1
v -0.0425089 -0.323546 -0.001 0 0.156863 1
v -0.0405089 -0.323546 -0.003 0 0.156863 1
v -0.0405089 -0.363746 -0.003 0 0.156863 1
v -0.0375089 -0.318546 -0.001 0 0.156863 1
v -0.0375089 -0.320546 -0.003 0 0.156863 1
v -0.0377136 -0.320553 -0.003 0 0.156863 1
v -0.0378501 -0.318558 -0.001 0 0.156863 1
v -0.0379174 -0.320574 -0.003 0 0.156863 1
v -0.0381897 -0.318593 -0.001 0 0.156863 1
v -0.0381192 -0.320609 -0.003 0 0.156863 1
v -0.0385261 -0.318651 -0.001 0 0.156863 1
v -0.0383182 -0.320658 -0.003 0 0.156863 1
v -0.0388578 -0.318732 -0.001 0 0.156863 1
v -0.0385135 -0.32072 -0.003 0 0.156863 1
v -0.0391832 -0.318835 -0.001 0 0.156863 1
v -0.0387041 -0.320795 -0.003 0 0.156863 1
v -0.0395009 -0.31896 -0.001 0 0.156863 1
v -0.038889 -0.320883 -0.003 0 0.156863 1
v -0.0398092 -0.319107 -0.001 0 0.156863 1
v -0.0390676 -0.320983 -0.003 0 0.156863 1
v -0.0401068 -0.319274 -0.001 0 0.156863 1
v -0.0392389 -0.321095 -0.003 0 0.156863 1
v -0.0403923 -0.319462 -0.001 0 0.156863 1
v -0.0394021 -0.321219 -0.003 0 0.156863 1
v -0.0406643 -0.319668 -0.001 0 0.156863 1
v -0.0395565 -0.321354 -0.003 0 0.156863 1
v -0.0409216 -0.319892 -0.001 0 0.156863 1
v -0.0397014 -0.321499 -0.003 0 0.156863 1
v -0.041163 -0.320134 -0.001 0 0.156863 1
v -0.039836 -0.321653 -0.003 0 0.156863 1
v -0.0413874 -0.320391 -0.001 0 0.156863 1
v -0.0399598 -0.321816 -0.003 0 0.156863 1
v -0.0415937 -0.320663 -0.001 0 0.156863 1
v -0.0400721 -0.321988 -0.003 0 0.156863 1
v -0.0417809 -0.320948 -0.001 0 0.156863 1
v -0.0401725 -0.322166 -0.003 0 0.156863 1
v -0.0419483 -0.321246 -0.001 0 0.156863 1
v -0.0402605 -0.322351 -0.003 0 0.156863 1
v -0.0420949 -0.321554 -0.001 0 0.156863 1
v -0.0403356 -0.322542 -0.003 0 0.156863 1
v -0.0422202 -0.321872 -0.001 0 0.156863 1
v -0.0403976 -0.322737 -0.003 0 0.156863 1
v -0.0423234 -0.322197 -0.001 0 0.156863 1
v -0.0404461 -0.322936 -0.003 0 0.156863 1
v -0.0424043 -0.322529 -0.001 0 0.156863 1
v -0.0404809 -0.323138 -0.003 0 0.156863 1
v -0.0424623 -0.322866 -0.001 0 0.156863 1
v -0.0405019 -0.323342 -0.003 0 0.156863 1
v -0.0424972 -0.323205 -0.001 0 0.156863 1
v -0.0405019 -0.363951 -0.003 0 0.156863 1
v -0.0404809 -0.364155 -0.003 0 0.156863 1
v -0.0404461 -0.364357 -0.003 0 0.156863 1
v -0.0403976 -0.364556 -0.003 0 0.156863 1
v -0.0403356 -0.364751 -0.003 0 0.156863 1
v -0.0402605 -0.364942 -0.003 0 0.156863 1
v -0.0401725 -0.365127 -0.003 0 0.156863 1
v -0.0400721 -0.365305 -0.003 0 0.156863 1
v -0.0399598 -0.365476 -0.003 0 0.156863 1
v -0.039836 -0.36564 -0.003 0 0.156863 1
v -0.0397014 -0.365794 -0.003 0 0.156863 1
v -0.0395565 -0.365939 -0.003 0 0.156863 1
v -0.0394021 -0.366073 -0.003 0 0.156863 1
v -0.0392389 -0.366197 -0.003 0 0.156863 1
v -0.0390676 -0.36631 -0.003 0 0.156863 1
v -0.038889 -0.36641 -0.003 0 0.156863 1
v -0.0387041 -0.366498 -0.003 0 0.156863 1
v -0.0385135 -0.366573 -0.003 0 0.156863 1
v -0.0383182 -0.366635 -0.003 0 0.156863 1
v -0.0381192 -0.366684 -0.003 0 0.156863 1
v -0.0379174 -0.366718 -0.003 0 0.156863 1
v -0.0377136 -0.366739 -0.003 0 0.156863 1
v -0.0375089 -0.366746 -0.003 0 0.156863 1
v 0.169091 -0.366746 -0.003 0 0.156863 1
v 0.169091 -0.368746 -0.001 0 0.156863 1
v 0.169091 -0.320546 -0.003 0 0.156863 1
v 0.169091 -0.318546 -0.001 0 0.156863 1
v 0.171418 -0.36564 -0.003 0 0.156863 1
v 0.170984 -0.366073 -0.003 0 0.156863 1
v 0.170821 -0.366197 -0.003 0 0.156863 1
v 0.171284 -0.365794 -0.003 0 0.156863 1
v 0.17065 -0.36631 -0.003 0 0.156863 1
v 0.171755 -0.365127 -0.003 0 0.156863 1
v 0.171654 -0.365305 -0.003 0 0.156863 1
v 0.172091 -0.363746 -0.003 0 0.156863 1
v 0.172084 -0.363951 -0.003 0 0.156863 1
v 0.171139 -0.365939 -0.003 0 0.156863 1
v 0.171542 -0.365476 -0.003 0 0.156863 1
v 0.172063 -0.364155 -0.003 0 0.156863 1
v 0.17198 -0.364556 -0.003 0 0.156863 1
v 0.171918 -0.364751 -0.003 0 0.156863 1
v 0.172028 -0.364357 -0.003 0 0.156863 1
v 0.170471 -0.36641 -0.003 0 0.156863 1
v 0.171843 -0.364942 -0.003 0 0.156863 1
v 0.17198 -0.322737 -0.003 0 0.156863 1
v 0.172063 -0.323138 -0.003 0 0.156863 1
v 0.172084 -0.323342 -0.003 0 0.156863 1
v 0.172091 -0.323546 -0.003 0 0.156863 1
v 0.171139 -0.321354 -0.003 0 0.156863 1
v 0.171284 -0.321499 -0.003 0 0.156863 1
v 0.169702 -0.366684 -0.003 0 0.156863 1
v 0.1695 -0.366718 -0.003 0 0.156863 1
v 0.170096 -0.366573 -0.003 0 0.156863 1
v 0.169901 -0.366635 -0.003 0 0.156863 1
v 0.170286 -0.366498 -0.003 0 0.156863 1
v 0.172028 -0.322936 -0.003 0 0.156863 1
v 0.171843 -0.322351 -0.003 0 0.156863 1
v 0.171918 -0.322542 -0.003 0 0.156863 1
v 0.171418 -0.321653 -0.003 0 0.156863 1
v 0.171542 -0.321816 -0.003 0 0.156863 1
v 0.170984 -0.321219 -0.003 0 0.156863 1
v 0.169296 -0.320553 -0.003 0 0.156863 1
v 0.171654 -0.321988 -0.003 0 0.156863 1
v 0.171755 -0.322166 -0.003 0 0.156863 1
v 0.17065 -0.320983 -0.003 0 0.156863 1
v 0.170821 -0.321095 -0.003 0 0.156863 1
v 0.170286 -0.320795 -0.003 0 0.156863 1
v 0.170471 -0.320883 -0.003 0 0.156863 1
v 0.169702 -0.320609 -0.003 0 0.156863 1
v 0.169901 -0.320658 -0.003 0 0.156863 1
v 0.1695 -0.320574 -0.003 0 0.156863 1
v 0.170096 -0.32072 -0.003 0 0.156863 1
v 0.169296 -0.366739 -0.003 0 0.156863 1
v 0.174091 -0.323546 -0.001 0 0.156863 1
v 0.174079 -0.323205 -0.001 0 0.156863 1
v 0.174045 -0.322866 -0.001 0 0.156863 1
v 0.173987 -0.322529 -0.001 0 0.156863 1
v 0.173906 -0.322197 -0.001 0 0.156863 1
v 0.173802 -0.321872 -0.001 0 0.156863 1
v 0.173677 -0.321554 -0.001 0 0.156863 1
v 0.173531 -0.321246 -0.001 0 0.156863 1
v 0.173363 -0.320948 -0.001 0 0.156863 1
v 0.173176 -0.320663 -0.001 0 0.156863 1
v 0.17297 -0.320391 -0.001 0 0.156863 1
v 0.172745 -0.320134 -0.001 0 0.156863 1
v 0.172504 -0.319892 -0.001 0 0.156863 1
v 0.172247 -0.319668 -0.001 0 0.156863 1
v 0.171975 -0.319462 -0.001 0 0.156863 1
v 0.171689 -0.319274 -0.001 0 0.156863 1
v 0.171391 -0.319107 -0.001 0 0.156863 1
v 0.171083 -0.31896 -0.001 0 0.156863 1
v 0.170766 -0.318835 -0.001 0 0.156863 1
v 0.17044 -0.318732 -0.001 0 0.156863 1
v 0.170108 -0.318651 -0.001 0 0.156863 1
v 0.169772 -0.318593 -0.001 0 0.156863 1
v 0.169432 -0.318558 -0.001 0 0.156863 1
v 0.169091 -0.318546 0.032 0 0.156863 1
v 0.174091 -0.363746 -0.001 0 0.156863 1
v 0.169432 -0.368735 -0.001 0 0.156863 1
v 0.169772 -0.3687 -0.001 0 0.156863 1
v 0.170108 -0.368642 -0.001 0 0.156863 1
v 0.17044 -0.368561 -0.001 0 0.156863 1
v 0.170766 -0.368458 -0.001 0 0.156863 1
v 0.171083 -0.368332 -0.001 0 0.156863 1
v 0.171391 -0.368186 -0.001 0 0.156863 1
v 0.171689 -0.368018 -0.001 0 0.156863 1
v 0.171975 -0.367831 -0.001 0 0.156863 1
v 0.172247 -0.367625 -0.001 0 0.156863 1
v 0.172504 -0.367401 -0.001 0 0.156863 1
v 0.172745 -0.367159 -0.001 0 0.156863 1
v 0.17297 -0.366902 -0.001 0 0.156863 1
v 0.173176 -0.36663 -0.001 0 0.156863 1
v 0.173363 -0.366344 -0.001 0 0.156863 1
v 0.173531 -0.366047 -0.001 0 0.156863 1
v 0.173677 -0.365738 -0.001 0 0.156863 1
v 0.173802 -0.365421 -0.001 0 0.156863 1
v 0.173906 -0.365095 -0.001 0 0.156863 1
v 0.173987 -0.364764 -0.001 0 0.156863 1
v 0.174045 -0.364427 -0.001 0 0.156863 1
v 0.174079 -0.364088 -0.001 0 0.156863 1
v 0.169091 -0.316546 0.034 0 0.156863 1
v 0.169432 -0.318558 0.032 0 0.156863 1
v 0.169772 -0.318593 0.032 0 0.156863 1
v 0.170108 -0.318651 0.032 0 0.156863 1
v 0.17044 -0.318732 0.032 0 0.156863 1
v 0.170766 -0.318835 0.032 0 0.156863 1
v 0.171083 -0.31896 0.032 0 0.156863 1
v 0.171391 -0.319107 0.032 0 0.156863 1
v 0.171689 -0.319274 0.032 0 0.156863 1
v 0.171975 -0.319462 0.032 0 0.156863 1
v 0.172247 -0.319668 0.032 0 0.156863 1
v 0.172504 -0.319892 0.032 0 0.156863 1
v 0.172745 -0.320134 0.032 0 0.156863 1
v 0.17297 -0.320391 0.032 0 0.156863 1
v 0.173176 -0.320663 0.032 0 0.156863 1
v 0.173363 -0.320948 0.032 0 0.156863 1
v 0.173531 -0.321246 0.032 0 0.156863 1
v 0.173677 -0.321554 0.032 0 0.156863 1
v 0.173802 -0.321872 0.032 0 0.156863 1
v 0.173906 -0.322197 0.032 0 0.156863 1
v 0.173987 -0.322529 0.032 0 0.156863 1
v 0.174045 -0.322866 0.032 0 0.156863 1
v 0.174079 -0.323205 0.032 0 0.156863 1
v 0.174091 -0.323546 0.032 0 0.156863 1
v 0.174091 -0.363746 0.032 0 0.156863 1
v 0.174079 -0.364088 0.032 0 0.156863 1
v 0.174045 -0.364427 0.032 0 0.156863 1
v 0.173987 -0.364764 0.032 0 0.156863 1
v 0.173906 -0.365095 0.032 0 0.156863 1
v 0.173802 -0.365421 0.032 0 0.156863 1
v 0.173677 -0.365738 0.032 0 0.156863 1
v 0.173531 -0.366047 0.032 0 0.156863 1
v 0.173363 -0.366344 0.032 0 0.156863 1
v 0.173176 -0.36663 0.032 0 0.156863 1
v 0.17297 -0.366902 0.032 0 0.156863 1
v 0.172745 -0.367159 0.032 0 0.156863 1
v 0.172504 -0.367401 0.032 0 0.156863 1
v 0.172247 -0.367625 0.032 0 0.156863 1
v 0.171975 -0.367831 0.032 0 0.156863 1
v 0.171689 -0.368018 0.032 0 0.156863 1
v 0.171391 -0.368186 0.032 0 0.156863 1
v 0.171083 -0.368332 0.032 0 0.156863 1
v 0.170766 -0.368458 0.032 0 0.156863 1
v 0.17044 -0.368561 0.032 0 0.156863 1
v 0.170108 -0.368642 0.032 0 0.156863 1
v 0.169772 -0.3687 0.032 0 0.156863 1
v 0.169432 -0.368735 0.032 0 0.156863 1
v 0.169091 -0.368746 0.032 0 0.156863 1
v 0.176091 -0.323546 0.034 0 0.156863 1
v 0.176091 -0.363746 0.034 0 0.156863 1
v 0.16957 -0.316546 0.0340164 0 0.156863 1
v 0.170053 -0.316546 0.0340658 0 0.156863 1
v 0.170546 -0.316546 0.0341495 0 0.156863 1
v 0.171091 -0.316546 0.0342801 0 0.156863 1
v 0.171432 -0.316558 0.0343701 0 0.156863 1
v 0.171772 -0.316593 0.0344523 0 0.156863 1
v 0.172108 -0.316651 0.0345267 0 0.156863 1
v 0.172274 -0.316688 0.0345608 0 0.156863 1
v 0.17244 -0.316732 0.034593 0 0.156863 1
v 0.172088 -0.316647 0.0345224 0 0.156863 1
v 0.172598 -0.316779 0.0346221 0 0.156863 1
v 0.172766 -0.316835 0.0346513 0 0.156863 1
v 0.172925 -0.316895 0.0346774 0 0.156863 1
v 0.173083 -0.31696 0.0347014 0 0.156863 1
v 0.173093 -0.316965 0.034703 0 0.156863 1
v 0.173391 -0.317107 0.0347433 0 0.156863 1
v 0.173689 -0.317274 0.0347769 0 0.156863 1
v 0.173833 -0.317365 0.0347905 0 0.156863 1
v 0.173569 -0.317203 0.0347642 0 0.156863 1
v 0.173975 -0.317462 0.0348021 0 0.156863 1
v 0.174017 -0.317492 0.0348052 0 0.156863 1
v 0.174247 -0.317668 0.034819 0 0.156863 1
v 0.174627 -0.318011 0.0348284 0 0.156863 1
v 0.174504 -0.317892 0.0348274 0 0.156863 1
v 0.174745 -0.318134 0.0348274 0 0.156863 1
v 0.174433 -0.317827 0.0348258 0 0.156863 1
v 0.17497 -0.318391 0.034819 0 0.156863 1
v 0.175146 -0.318621 0.0348052 0 0.156863 1
v 0.174811 -0.318205 0.0348258 0 0.156863 1
v 0.175363 -0.318948 0.0347769 0 0.156863 1
v 0.175434 -0.319069 0.0347642 0 0.156863 1
v 0.175176 -0.318663 0.0348021 0 0.156863 1
v 0.175272 -0.318804 0.0347905 0 0.156863 1
v 0.175531 -0.319246 0.0347433 0 0.156863 1
v 0.175673 -0.319544 0.034703 0 0.156863 1
v 0.175802 -0.319872 0.0346513 0 0.156863 1
v 0.175859 -0.32004 0.0346221 0 0.156863 1
v 0.175742 -0.319712 0.0346774 0 0.156863 1
v 0.175677 -0.319554 0.0347014 0 0.156863 1
v 0.175987 -0.320529 0.0345267 0 0.156863 1
v 0.175991 -0.320549 0.0345224 0 0.156863 1
v 0.175906 -0.320198 0.034593 0 0.156863 1
v 0.175949 -0.320363 0.0345608 0 0.156863 1
v 0.176045 -0.320866 0.0344523 0 0.156863 1
v 0.176079 -0.321205 0.0343701 0 0.156863 1
v 0.176091 -0.321546 0.0342801 0 0.156863 1
v 0.176091 -0.322092 0.0341495 0 0.156863 1
v 0.176091 -0.322584 0.0340658 0 0.156863 1
v 0.176091 -0.323068 0.0340164 0 0.156863 1
v 0.176091 -0.321546 0.04995 0 0.156863 1
v 0.176079 -0.321205 0.04995 0 0.156863 1
v 0.176045 -0.320866 0.04995 0 0.156863 1
v 0.175987 -0.320529 0.04995 0 0.156863 1
v 0.175906 -0.320197 0.04995 0 0.156863 1
v 0.175802 -0.319872 0.04995 0 0.156863 1
v 0.175677 -0.319554 0.04995 0 0.156863 1
v 0.175531 -0.319246 0.04995 0 0.156863 1
v 0.175363 -0.318948 0.04995 0 0.156863 1
v 0.175176 -0.318663 0.04995 0 0.156863 1
v 0.17497 -0.318391 0.04995 0 0.156863 1
v 0.174745 -0.318134 0.04995 0 0.156863 1
v 0.174504 -0.317892 0.04995 0 0.156863 1
v 0.174247 -0.317668 0.04995 0 0.156863 1
v 0.173975 -0.317462 0.04995 0 0.156863 1
v 0.173689 -0.317274 0.04995 0 0.156863 1
v 0.173391 -0.317107 0.04995 0 0.156863 1
v 0.173083 -0.31696 0.04995 0 0.156863 1
v 0.172766 -0.316835 0.04995 0 0.156863 1
v 0.17244 -0.316732 0.04995 0 0.156863 1
v 0.172108 -0.316651 0.04995 0 0.156863 1
v 0.171772 -0.316593 0.04995 0 0.156863 1
v 0.171432 -0.316558 0.04995 0 0.156863 1
v 0.171091 -0.316546 0.04995 0 0.156863 1
v 0.176091 -0.365746 0.04995 0 0.156863 1
v 0.176091 -0.364708 0.0340658 0 0.156863 1
v 0.176091 -0.364225 0.0340164 0 0.156863 1
v 0.176091 -0.365746 0.0342801 0 0.156863 1
v 0.176091 -0.365201 0.0341495 0 0.156863 1
v 0.171091 -0.370746 0.04995 0 0.156863 1
v 0.171091 -0.370746 0.0342801 0 0.156863 1
v 0.171432 -0.370735 0.0343701 0 0.156863 1
v 0.171432 -0.370735 0.04995 0 0.156863 1
v 0.171772 -0.3707 0.0344523 0 0.156863 1
v 0.171772 -0.3707 0.04995 0 0.156863 1
v 0.172088 -0.370646 0.0345224 0 0.156863 1
v 0.172108 -0.370642 0.0345267 0 0.156863 1
v 0.172108 -0.370642 0.04995 0 0.156863 1
v 0.172275 -0.370604 0.0345608 0 0.156863 1
v 0.17244 -0.370561 0.034593 0 0.156863 1
v 0.17244 -0.370561 0.04995 0 0.156863 1
v 0.172598 -0.370514 0.0346221 0 0.156863 1
v 0.172766 -0.370458 0.0346513 0 0.156863 1
v 0.172766 -0.370458 0.04995 0 0.156863 1
v 0.172926 -0.370398 0.0346774 0 0.156863 1
v 0.173083 -0.370332 0.0347014 0 0.156863 1
v 0.173083 -0.370332 0.04995 0 0.156863 1
v 0.173093 -0.370328 0.034703 0 0.156863 1
v 0.173391 -0.370186 0.04995 0 0.156863 1
v 0.173569 -0.370089 0.0347642 0 0.156863 1
v 0.173689 -0.370018 0.0347769 0 0.156863 1
v 0.173391 -0.370186 0.0347433 0 0.156863 1
v 0.173689 -0.370018 0.04995 0 0.156863 1
v 0.173833 -0.369927 0.0347905 0 0.156863 1
v 0.173975 -0.369831 0.0348021 0 0.156863 1
v 0.173975 -0.369831 0.04995 0 0.156863 1
v 0.174017 -0.369801 0.0348052 0 0.156863 1
v 0.174247 -0.369625 0.04995 0 0.156863 1
v 0.174433 -0.369466 0.0348258 0 0.156863 1
v 0.174504 -0.369401 0.0348274 0 0.156863 1
v 0.174247 -0.369625 0.034819 0 0.156863 1
v 0.174504 -0.369401 0.04995 0 0.156863 1
v 0.174627 -0.369282 0.0348284 0 0.156863 1
v 0.174745 -0.369159 0.04995 0 0.156863 1
v 0.17497 -0.368902 0.04995 0 0.156863 1
v 0.174745 -0.369159 0.0348274 0 0.156863 1
v 0.174811 -0.369088 0.0348258 0 0.156863 1
v 0.175176 -0.36863 0.04995 0 0.156863 1
v 0.17497 -0.368902 0.034819 0 0.156863 1
v 0.175146 -0.368672 0.0348052 0 0.156863 1
v 0.175363 -0.368344 0.04995 0 0.156863 1
v 0.175176 -0.36863 0.0348021 0 0.156863 1
v 0.175272 -0.368488 0.0347905 0 0.156863 1
v 0.175531 -0.368047 0.04995 0 0.156863 1
v 0.175363 -0.368344 0.0347769 0 0.156863 1
v 0.175434 -0.368224 0.0347642 0 0.156863 1
v 0.175677 -0.367738 0.04995 0 0.156863 1
v 0.175531 -0.368047 0.0347433 0 0.156863 1
v 0.175673 -0.367749 0.034703 0 0.156863 1
v 0.175802 -0.367421 0.04995 0 0.156863 1
v 0.175677 -0.367738 0.0347014 0 0.156863 1
v 0.175743 -0.367581 0.0346774 0 0.156863 1
v 0.175906 -0.367095 0.04995 0 0.156863 1
v 0.175802 -0.367421 0.0346513 0 0.156863 1
v 0.175859 -0.367253 0.0346221 0 0.156863 1
v 0.175987 -0.366764 0.04995 0 0.156863 1
v 0.175906 -0.367095 0.034593 0 0.156863 1
v 0.175949 -0.36693 0.0345608 0 0.156863 1
v 0.176045 -0.366427 0.04995 0 0.156863 1
v 0.175987 -0.366764 0.0345267 0 0.156863 1
v 0.175991 -0.366743 0.0345224 0 0.156863 1
v 0.176079 -0.366088 0.04995 0 0.156863 1
v 0.176045 -0.366427 0.0344523 0 0.156863 1
v 0.176079 -0.366088 0.0343701 0 0.156863 1
v 0.170546 -0.370746 0.0341495 0 0.156863 1
v 0.170053 -0.370746 0.0340658 0 0.156863 1
v 0.16957 -0.370746 0.0340164 0 0.156863 1
v 0.169091 -0.370746 0.034 0 0.156863 1
v 0.147191 -0.370746 0.04995 0 0.156863 1
v 0.147191 -0.370746 0.034 0 0.156863 1
v 0.147191 -0.368746 0.032 0 0.156863 1
v 0.147191 -0.376746 0.04995 0 0.156863 1
v 0.147191 -0.376746 0.0315 0 0.156863 1
v 0.147191 -0.368746 0.0235 0 0.156863 1
v 0.144191 -0.368746 0.0235 0 0.156863 1
v 0.144191 -0.376746 0.0315 0 0.156863 1
v 0.144191 -0.376746 0.04995 0 0.156863 1
v 0.123991 -0.368746 0.038 0 0.156863 1
v 0.144191 -0.368746 0.038 0 0.156863 1
v 0.144191 -0.370746 0.04 0 0.156863 1
v 0.123991 -0.370746 0.04 0 0.156863 1
v 0.123991 -0.370746 0.04995 0 0.156863 1
v 0.144191 -0.370746 0.04995 0 0.156863 1
v 0.123991 -0.373246 0.0335 0 0.156863 1
v 0.123991 -0.373351 0.0335037 0 0.156863 1
v 0.123991 -0.373038 0.0335146 0 0.156863 1
v 0.123991 -0.373142 0.0335037 0 0.156863 1
v 0.123991 -0.373455 0.0335146 0 0.156863 1
v 0.123991 -0.373558 0.0335328 0 0.156863 1
v 0.123991 -0.37366 0.0335581 0 0.156863 1
v 0.123991 -0.372934 0.0335328 0 0.156863 1
v 0.123991 -0.373246 0.0365 0 0.156863 1
v 0.123991 -0.373142 0.0364963 0 0.156863 1
v 0.123991 -0.373455 0.0364854 0 0.156863 1
v 0.123991 -0.373351 0.0364963 0 0.156863 1
v 0.123991 -0.373951 0.0336756 0 0.156863 1
v 0.123991 -0.374041 0.0337279 0 0.156863 1
v 0.123991 -0.373759 0.0335905 0 0.156863 1
v 0.123991 -0.372833 0.0335581 0 0.156863 1
v 0.123991 -0.373856 0.0336297 0 0.156863 1
v 0.123991 -0.372636 0.0336297 0 0.156863 1
v 0.123991 -0.372733 0.0335905 0 0.156863 1
v 0.123991 -0.373038 0.0364854 0 0.156863 1
v 0.123991 -0.374128 0.0337865 0 0.156863 1
v 0.123991 -0.372365 0.0337865 0 0.156863 1
v 0.123991 -0.372451 0.0337279 0 0.156863 1
v 0.123991 -0.373558 0.0364672 0 0.156863 1
v 0.123991 -0.372542 0.0336756 0 0.156863 1
v 0.123991 -0.371947 0.03425 0 0.156863 1
v 0.123991 -0.372003 0.0341612 0 0.156863 1
v 0.123991 -0.372934 0.0364672 0 0.156863 1
v 0.123991 -0.374724 0.0352605 0 0.156863 1
v 0.123991 -0.374738 0.0348432 0 0.156863 1
v 0.123991 -0.374745 0.0349477 0 0.156863 1
v 0.123991 -0.372204 0.033921 0 0.156863 1
v 0.123991 -0.372282 0.0338509 0 0.156863 1
v 0.123991 -0.372064 0.0340765 0 0.156863 1
v 0.123991 -0.372132 0.0339963 0 0.156863 1
v 0.123991 -0.371898 0.0343424 0 0.156863 1
v 0.123991 -0.372542 0.0363244 0 0.156863 1
v 0.123991 -0.372451 0.0362721 0 0.156863 1
v 0.123991 -0.372833 0.0364419 0 0.156863 1
v 0.123991 -0.372733 0.0364095 0 0.156863 1
v 0.123991 -0.37366 0.0364419 0 0.156863 1
v 0.123991 -0.373951 0.0363244 0 0.156863 1
v 0.123991 -0.373856 0.0363703 0 0.156863 1
v 0.123991 -0.374702 0.0353629 0 0.156863 1
v 0.123991 -0.374673 0.0354635 0 0.156863 1
v 0.123991 -0.374738 0.0351568 0 0.156863 1
v 0.123991 -0.374745 0.0350523 0 0.156863 1
v 0.123991 -0.371791 0.0346371 0 0.156863 1
v 0.123991 -0.37182 0.0345365 0 0.156863 1
v 0.123991 -0.372636 0.0363703 0 0.156863 1
v 0.123991 -0.373759 0.0364095 0 0.156863 1
v 0.123991 -0.374595 0.0356576 0 0.156863 1
v 0.123991 -0.374545 0.03575 0 0.156863 1
v 0.123991 -0.374637 0.0355619 0 0.156863 1
v 0.123991 -0.374702 0.0346371 0 0.156863 1
v 0.123991 -0.374724 0.0347395 0 0.156863 1
v 0.123991 -0.374637 0.0344381 0 0.156863 1
v 0.123991 -0.374673 0.0345365 0 0.156863 1
v 0.123991 -0.374361 0.0339963 0 0.156863 1
v 0.123991 -0.374428 0.0340765 0 0.156863 1
v 0.123991 -0.374211 0.0338509 0 0.156863 1
v 0.123991 -0.374288 0.033921 0 0.156863 1
v 0.123991 -0.371856 0.0344381 0 0.156863 1
v 0.123991 -0.371769 0.0347395 0 0.156863 1
v 0.123991 -0.372282 0.0361491 0 0.156863 1
v 0.123991 -0.372365 0.0362135 0 0.156863 1
v 0.123991 -0.374595 0.0343424 0 0.156863 1
v 0.123991 -0.37449 0.0341612 0 0.156863 1
v 0.123991 -0.374545 0.03425 0 0.156863 1
v 0.123991 -0.371755 0.0348432 0 0.156863 1
v 0.123991 -0.371747 0.0350523 0 0.156863 1
v 0.123991 -0.371747 0.0349477 0 0.156863 1
v 0.123991 -0.371856 0.0355619 0 0.156863 1
v 0.123991 -0.37182 0.0354635 0 0.156863 1
v 0.123991 -0.372132 0.0360037 0 0.156863 1
v 0.123991 -0.372064 0.0359235 0 0.156863 1
v 0.123991 -0.372204 0.036079 0 0.156863 1
v 0.123991 -0.374128 0.0362135 0 0.156863 1
v 0.123991 -0.374041 0.0362721 0 0.156863 1
v 0.123991 -0.374361 0.0360037 0 0.156863 1
v 0.123991 -0.371791 0.0353629 0 0.156863 1
v 0.123991 -0.371769 0.0352605 0 0.156863 1
v 0.123991 -0.371898 0.0356576 0 0.156863 1
v 0.123991 -0.372003 0.0358388 0 0.156863 1
v 0.123991 -0.371947 0.03575 0 0.156863 1
v 0.123991 -0.374288 0.036079 0 0.156863 1
v 0.123991 -0.374428 0.0359235 0 0.156863 1
v 0.123991 -0.371755 0.0351568 0 0.156863 1
v 0.123991 -0.374211 0.0361491 0 0.156863 1
v 0.123991 -0.37449 0.0358388 0 0.156863 1
v 0.144191 -0.373246 0.0335 0 0.156863 1
v 0.144191 -0.373142 0.0335037 0 0.156863 1
v 0.144191 -0.373455 0.0335146 0 0.156863 1
v 0.144191 -0.373351 0.0335037 0 0.156863 1
v 0.144191 -0.373038 0.0335146 0 0.156863 1
v 0.144191 -0.373558 0.0335328 0 0.156863 1
v 0.144191 -0.373246 0.0365 0 0.156863 1
v 0.144191 -0.373351 0.0364963 0 0.156863 1
v 0.144191 -0.373038 0.0364854 0 0.156863 1
v 0.144191 -0.373142 0.0364963 0 0.156863 1
v 0.144191 -0.372934 0.0335328 0 0.156863 1
v 0.144191 -0.37366 0.0335581 0 0.156863 1
v 0.144191 -0.372833 0.0335581 0 0.156863 1
v 0.144191 -0.372733 0.0335905 0 0.156863 1
v 0.144191 -0.373455 0.0364854 0 0.156863 1
v 0.144191 -0.372542 0.0336756 0 0.156863 1
v 0.144191 -0.372451 0.0337279 0 0.156863 1
v 0.144191 -0.373856 0.0336297 0 0.156863 1
v 0.144191 -0.373759 0.0335905 0 0.156863 1
v 0.144191 -0.374128 0.0337865 0 0.156863 1
v 0.144191 -0.374041 0.0337279 0 0.156863 1
v 0.144191 -0.372934 0.0364672 0 0.156863 1
v 0.144191 -0.372636 0.0336297 0 0.156863 1
v 0.144191 -0.373951 0.0336756 0 0.156863 1
v 0.144191 -0.373759 0.0364095 0 0.156863 1
v 0.144191 -0.373856 0.0363703 0 0.156863 1
v 0.144191 -0.373558 0.0364672 0 0.156863 1
v 0.144191 -0.372064 0.0340765 0 0.156863 1
v 0.144191 -0.372003 0.0341612 0 0.156863 1
v 0.144191 -0.374211 0.0338509 0 0.156863 1
v 0.144191 -0.37366 0.0364419 0 0.156863 1
v 0.144191 -0.372833 0.0364419 0 0.156863 1
v 0.144191 -0.372365 0.0362135 0 0.156863 1
v 0.144191 -0.372451 0.0362721 0 0.156863 1
v 0.144191 -0.371747 0.0349477 0 0.156863 1
v 0.144191 -0.371747 0.0350523 0 0.156863 1
v 0.144191 -0.371947 0.03425 0 0.156863 1
v 0.144191 -0.372204 0.033921 0 0.156863 1
v 0.144191 -0.372132 0.0339963 0 0.156863 1
v 0.144191 -0.372365 0.0337865 0 0.156863 1
v 0.144191 -0.372282 0.0338509 0 0.156863 1
v 0.144191 -0.372636 0.0363703 0 0.156863 1
v 0.144191 -0.372733 0.0364095 0 0.156863 1
v 0.144191 -0.372542 0.0363244 0 0.156863 1
v 0.144191 -0.371791 0.0353629 0 0.156863 1
v 0.144191 -0.37182 0.0354635 0 0.156863 1
v 0.144191 -0.371755 0.0351568 0 0.156863 1
v 0.144191 -0.371769 0.0352605 0 0.156863 1
v 0.144191 -0.371755 0.0348432 0 0.156863 1
v 0.144191 -0.371791 0.0346371 0 0.156863 1
v 0.144191 -0.371856 0.0344381 0 0.156863 1
v 0.144191 -0.37182 0.0345365 0 0.156863 1
v 0.144191 -0.373951 0.0363244 0 0.156863 1
v 0.144191 -0.374041 0.0362721 0 0.156863 1
v 0.144191 -0.372282 0.0361491 0 0.156863 1
v 0.144191 -0.371898 0.0356576 0 0.156863 1
v 0.144191 -0.371947 0.03575 0 0.156863 1
v 0.144191 -0.371856 0.0355619 0 0.156863 1
v 0.144191 -0.371769 0.0347395 0 0.156863 1
v 0.144191 -0.371898 0.0343424 0 0.156863 1
v 0.144191 -0.374361 0.0339963 0 0.156863 1
v 0.144191 -0.374288 0.033921 0 0.156863 1
v 0.144191 -0.37449 0.0341612 0 0.156863 1
v 0.144191 -0.374428 0.0340765 0 0.156863 1
v 0.144191 -0.374702 0.0346371 0 0.156863 1
v 0.144191 -0.374673 0.0345365 0 0.156863 1
v 0.144191 -0.374128 0.0362135 0 0.156863 1
v 0.144191 -0.372204 0.036079 0 0.156863 1
v 0.144191 -0.374595 0.0343424 0 0.156863 1
v 0.144191 -0.374545 0.03425 0 0.156863 1
v 0.144191 -0.374637 0.0344381 0 0.156863 1
v 0.144191 -0.374738 0.0348432 0 0.156863 1
v 0.144191 -0.374724 0.0347395 0 0.156863 1
v 0.144191 -0.374745 0.0350523 0 0.156863 1
v 0.144191 -0.374745 0.0349477 0 0.156863 1
v 0.144191 -0.374702 0.0353629 0 0.156863 1
v 0.144191 -0.374724 0.0352605 0 0.156863 1
v 0.144191 -0.374595 0.0356576 0 0.156863 1
v 0.144191 -0.374637 0.0355619 0 0.156863 1
v 0.144191 -0.374211 0.0361491 0 0.156863 1
v 0.144191 -0.374288 0.036079 0 0.156863 1
v 0.144191 -0.372132 0.0360037 0 0.156863 1
v 0.144191 -0.372003 0.0358388 0 0.156863 1
v 0.144191 -0.372064 0.0359235 0 0.156863 1
v 0.144191 -0.374673 0.0354635 0 0.156863 1
v 0.144191 -0.37449 0.0358388 0 0.156863 1
v 0.144191 -0.374545 0.03575 0 0.156863 1
v 0.144191 -0.374738 0.0351568 0 0.156863 1
v 0.144191 -0.374361 0.0360037 0 0.156863 1
v 0.144191 -0.374428 0.0359235 0 0.156863 1
v 0.171091 -0.365746 0.04995 0 0.156863 1
v -0.0395089 -0.321546 0.04995 0 0.156863 1
v 0.171091 -0.321546 0.04995 0 0.156863 1
v -0.00415885 -0.316546 0.04995 0 0.156863 1
v -0.0395089 -0.365746 0.04995 0 0.156863 1
v 0.0157411 -0.316546 0.04995 0 0.156863 1
v 0.0358411 -0.316546 0.04995 0 0.156863 1
v 0.0557411 -0.316546 0.04995 0 0.156863 1
v 0.0758411 -0.316546 0.04995 0 0.156863 1
v 0.0957411 -0.316546 0.04995 0 0.156863 1
v 0.115841 -0.316546 0.04995 0 0.156863 1
v 0.135741 -0.316546 0.04995 0 0.156863 1
v 0.171091 -0.365746 0 0 0.156863 1
v -0.0395089 -0.365746 0 0 0.156863 1
v 0.171091 -0.321546 0 0 0.156863 1
v -0.0395089 -0.321546 0 0 0.156863 1
v 0.115841 -0.316544 0.0501093 0 0.156863 1
v 0.135741 -0.316544 0.0501093 0 0.156863 1
v 0.135741 -0.316531 0.0502681 0 0.156863 1
v 0.115841 -0.316531 0.0502681 0 0.156863 1
v 0.135741 -0.316507 0.0504255 0 0.156863 1
v 0.115841 -0.316507 0.0504255 0 0.156863 1
v 0.135741 -0.316472 0.050581 0 0.156863 1
v 0.115841 -0.316472 0.050581 0 0.156863 1
v 0.135741 -0.316426 0.0507336 0 0.156863 1
v 0.115841 -0.316426 0.0507336 0 0.156863 1
v 0.135741 -0.31637 0.0508828 0 0.156863 1
v 0.115841 -0.31637 0.0508828 0 0.156863 1
v 0.135741 -0.316304 0.0510277 0 0.156863 1
v 0.115841 -0.316304 0.0510277 0 0.156863 1
v 0.135741 -0.316228 0.0511676 0 0.156863 1
v 0.115841 -0.316228 0.0511676 0 0.156863 1
v 0.135741 -0.316142 0.051302 0 0.156863 1
v 0.115841 -0.316142 0.051302 0 0.156863 1
v 0.135741 -0.316048 0.0514301 0 0.156863 1
v 0.115841 -0.316048 0.0514301 0 0.156863 1
v 0.135741 -0.315944 0.0515514 0 0.156863 1
v 0.115841 -0.315944 0.0515514 0 0.156863 1
v 0.135741 -0.315833 0.0516652 0 0.156863 1
v 0.115841 -0.315833 0.0516652 0 0.156863 1
v 0.135741 -0.315714 0.051771 0 0.156863 1
v 0.115841 -0.315714 0.051771 0 0.156863 1
v 0.135741 -0.315588 0.0518683 0 0.156863 1
v 0.115841 -0.315588 0.0518683 0 0.156863 1
v 0.135741 -0.315455 0.0519567 0 0.156863 1
v 0.115841 -0.315455 0.0519567 0 0.156863 1
v 0.135741 -0.315317 0.0520357 0 0.156863 1
v 0.115841 -0.315317 0.0520357 0 0.156863 1
v 0.135741 -0.315173 0.0521049 0 0.156863 1
v 0.115841 -0.315173 0.0521049 0 0.156863 1
v 0.135741 -0.315025 0.052164 0 0.156863 1
v 0.115841 -0.315025 0.052164 0 0.156863 1
v 0.135741 -0.314874 0.0522128 0 0.156863 1
v 0.115841 -0.314874 0.0522128 0 0.156863 1
v 0.135741 -0.314719 0.0522509 0 0.156863 1
v 0.115841 -0.314719 0.0522509 0 0.156863 1
v 0.135741 -0.314562 0.0522782 0 0.156863 1
v 0.115841 -0.314562 0.0522782 0 0.156863 1
v 0.135741 -0.314404 0.0522946 0 0.156863 1
v 0.115841 -0.314404 0.0522946 0 0.156863 1
v 0.135741 -0.314244 0.0523 0 0.156863 1
v 0.115841 -0.314244 0.0523 0 0.156863 1
v 0.135741 -0.314085 0.0522944 0 0.156863 1
v 0.115841 -0.314085 0.0522944 0 0.156863 1
v 0.135741 -0.313927 0.0522777 0 0.156863 1
v 0.115841 -0.313927 0.0522777 0 0.156863 1
v 0.135741 -0.31377 0.0522501 0 0.156863 1
v 0.115841 -0.31377 0.0522501 0 0.156863 1
v 0.135741 -0.313615 0.0522117 0 0.156863 1
v 0.115841 -0.313615 0.0522117 0 0.156863 1
v 0.135741 -0.313464 0.0521628 0 0.156863 1
v 0.115841 -0.313464 0.0521628 0 0.156863 1
v 0.135741 -0.313316 0.0521034 0 0.156863 1
v 0.115841 -0.313316 0.0521034 0 0.156863 1
v 0.135741 -0.313173 0.052034 0 0.156863 1
v 0.115841 -0.313173 0.052034 0 0.156863 1
v 0.135741 -0.313034 0.0519547 0 0.156863 1
v 0.115841 -0.313034 0.0519547 0 0.156863 1
v 0.135741 -0.312902 0.0518662 0 0.156863 1
v 0.115841 -0.312902 0.0518662 0 0.156863 1
v 0.135741 -0.312776 0.0517686 0 0.156863 1
v 0.115841 -0.312776 0.0517686 0 0.156863 1
v 0.135741 -0.312657 0.0516626 0 0.156863 1
v 0.115841 -0.312657 0.0516626 0 0.156863 1
v 0.135741 -0.312546 0.0515486 0 0.156863 1
v 0.115841 -0.312546 0.0515486 0 0.156863 1
v 0.135741 -0.312443 0.0514272 0 0.156863 1
v 0.115841 -0.312443 0.0514272 0 0.156863 1
v 0.135741 -0.312348 0.0512989 0 0.156863 1
v 0.115841 -0.312348 0.0512989 0 0.156863 1
v 0.135741 -0.312263 0.0511644 0 0.156863 1
v 0.115841 -0.312263 0.0511644 0 0.156863 1
v 0.135741 -0.312187 0.0510243 0 0.156863 1
v 0.115841 -0.312187 0.0510243 0 0.156863 1
v 0.135741 -0.312121 0.0508793 0 0.156863 1
v 0.115841 -0.312121 0.0508793 0 0.156863 1
v 0.135741 -0.312065 0.0507301 0 0.156863 1
v 0.115841 -0.312065 0.0507301 0 0.156863 1
v 0.135741 -0.31202 0.0505774 0 0.156863 1
v 0.115841 -0.31202 0.0505774 0 0.156863 1
v 0.135741 -0.311985 0.0504219 0 0.156863 1
v 0.115841 -0.311985 0.0504219 0 0.156863 1
v 0.135741 -0.311962 0.0502644 0 0.156863 1
v 0.115841 -0.311962 0.0502644 0 0.156863 1
v 0.135741 -0.311949 0.0501056 0 0.156863 1
v 0.115841 -0.311949 0.0501056 0 0.156863 1
v 0.135741 -0.311947 0.0499463 0 0.156863 1
v 0.115841 -0.311947 0.0499463 0 0.156863 1
v 0.135741 -0.311956 0.0497872 0 0.156863 1
v 0.115841 -0.311956 0.0497872 0 0.156863 1
v 0.135741 -0.311976 0.0496292 0 0.156863 1
v 0.115841 -0.311976 0.0496292 0 0.156863 1
v 0.135741 -0.312008 0.049473 0 0.156863 1
v 0.115841 -0.312008 0.049473 0 0.156863 1
v 0.135741 -0.312049 0.0493193 0 0.156863 1
v 0.115841 -0.312049 0.0493193 0 0.156863 1
v 0.135741 -0.312102 0.0491688 0 0.156863 1
v 0.115841 -0.312102 0.0491688 0 0.156863 1
v 0.135741 -0.312164 0.0490224 0 0.156863 1
v 0.115841 -0.312164 0.0490224 0 0.156863 1
v 0.135741 -0.312237 0.0488806 0 0.156863 1
v 0.115841 -0.312237 0.0488806 0 0.156863 1
v 0.135741 -0.312319 0.0487442 0 0.156863 1
v 0.115841 -0.312319 0.0487442 0 0.156863 1
v 0.135741 -0.312411 0.0486139 0 0.156863 1
v 0.115841 -0.312411 0.0486139 0 0.156863 1
v 0.135741 -0.312511 0.0484901 0 0.156863 1
v 0.115841 -0.312511 0.0484901 0 0.156863 1
v 0.135741 -0.31262 0.0483737 0 0.156863 1
v 0.115841 -0.31262 0.0483737 0 0.156863 1
v 0.135741 -0.316546 0.0444473 0 0.156863 1
v 0.115841 -0.316546 0.0444473 0 0.156863 1
v 0.115841 -0.314572 0.0507308 0 0.156863 1
v 0.115841 -0.31452 0.0507518 0 0.156863 1
v 0.115841 -0.314761 0.0506128 0 0.156863 1
v 0.115841 -0.314717 0.0506472 0 0.156863 1
v 0.115841 -0.314467 0.050769 0 0.156863 1
v 0.115841 -0.314413 0.0507825 0 0.156863 1
v 0.115841 -0.314358 0.0507922 0 0.156863 1
v 0.115841 -0.314302 0.0507981 0 0.156863 1
v 0.115841 -0.314246 0.0508 0 0.156863 1
v 0.115841 -0.314191 0.0507981 0 0.156863 1
v 0.115841 -0.314135 0.0507922 0 0.156863 1
v 0.115841 -0.31408 0.0507825 0 0.156863 1
v 0.115841 -0.314026 0.050769 0 0.156863 1
v 0.115841 -0.313921 0.0507308 0 0.156863 1
v 0.115841 -0.313973 0.0507518 0 0.156863 1
v 0.115841 -0.313871 0.0507064 0 0.156863 1
v 0.115841 -0.31408 0.0492175 0 0.156863 1
v 0.115841 -0.314026 0.049231 0 0.156863 1
v 0.115841 -0.314965 0.0503507 0 0.156863 1
v 0.115841 -0.314939 0.0504 0 0.156863 1
v 0.115841 -0.31467 0.0506784 0 0.156863 1
v 0.115841 -0.314622 0.0507064 0 0.156863 1
v 0.115841 -0.313732 0.0506128 0 0.156863 1
v 0.115841 -0.313776 0.0506472 0 0.156863 1
v 0.115841 -0.313691 0.0505755 0 0.156863 1
v 0.115841 -0.313652 0.0494647 0 0.156863 1
v 0.115841 -0.313616 0.0495075 0 0.156863 1
v 0.115841 -0.313691 0.0494245 0 0.156863 1
v 0.115841 -0.313973 0.0492482 0 0.156863 1
v 0.115841 -0.313921 0.0492692 0 0.156863 1
v 0.115841 -0.314246 0.0492 0 0.156863 1
v 0.115841 -0.314191 0.0492019 0 0.156863 1
v 0.115841 -0.314358 0.0492078 0 0.156863 1
v 0.115841 -0.314302 0.0492019 0 0.156863 1
v 0.115841 -0.314467 0.049231 0 0.156863 1
v 0.115841 -0.314413 0.0492175 0 0.156863 1
v 0.115841 -0.31491 0.0504474 0 0.156863 1
v 0.115841 -0.313822 0.0506784 0 0.156863 1
v 0.115841 -0.313527 0.0503507 0 0.156863 1
v 0.115841 -0.313554 0.0504 0 0.156863 1
v 0.115841 -0.313505 0.0502997 0 0.156863 1
v 0.115841 -0.313451 0.0500836 0 0.156863 1
v 0.115841 -0.313459 0.0501389 0 0.156863 1
v 0.115841 -0.313447 0.0500279 0 0.156863 1
v 0.115841 -0.314135 0.0492078 0 0.156863 1
v 0.115841 -0.314622 0.0492936 0 0.156863 1
v 0.115841 -0.314572 0.0492692 0 0.156863 1
v 0.115841 -0.314877 0.0504925 0 0.156863 1
v 0.115841 -0.314841 0.0505353 0 0.156863 1
v 0.115841 -0.314802 0.0505755 0 0.156863 1
v 0.115841 -0.313583 0.0504474 0 0.156863 1
v 0.115841 -0.313486 0.0502472 0 0.156863 1
v 0.115841 -0.31347 0.0501935 0 0.156863 1
v 0.115841 -0.313451 0.0499164 0 0.156863 1
v 0.115841 -0.313447 0.0499721 0 0.156863 1
v 0.115841 -0.313459 0.0498611 0 0.156863 1
v 0.115841 -0.313527 0.0496493 0 0.156863 1
v 0.115841 -0.313505 0.0497003 0 0.156863 1
v 0.115841 -0.313554 0.0496 0 0.156863 1
v 0.115841 -0.313732 0.0493872 0 0.156863 1
v 0.115841 -0.313822 0.0493216 0 0.156863 1
v 0.115841 -0.313776 0.0493528 0 0.156863 1
v 0.115841 -0.313871 0.0492936 0 0.156863 1
v 0.115841 -0.31452 0.0492482 0 0.156863 1
v 0.115841 -0.314802 0.0494245 0 0.156863 1
v 0.115841 -0.314761 0.0493872 0 0.156863 1
v 0.115841 -0.313652 0.0505353 0 0.156863 1
v 0.115841 -0.313616 0.0504925 0 0.156863 1
v 0.115841 -0.31347 0.0498065 0 0.156863 1
v 0.115841 -0.313486 0.0497528 0 0.156863 1
v 0.115841 -0.313583 0.0495526 0 0.156863 1
v 0.115841 -0.31467 0.0493216 0 0.156863 1
v 0.115841 -0.314717 0.0493528 0 0.156863 1
v 0.115841 -0.314939 0.0496 0 0.156863 1
v 0.115841 -0.314988 0.0497003 0 0.156863 1
v 0.115841 -0.314965 0.0496493 0 0.156863 1
v 0.115841 -0.314877 0.0495075 0 0.156863 1
v 0.115841 -0.314841 0.0494647 0 0.156863 1
v 0.115841 -0.31491 0.0495526 0 0.156863 1
v 0.115841 -0.315046 0.0499721 0 0.156863 1
v 0.115841 -0.315042 0.0499164 0 0.156863 1
v 0.115841 -0.315042 0.0500836 0 0.156863 1
v 0.115841 -0.315034 0.0501389 0 0.156863 1
v 0.115841 -0.315023 0.0498065 0 0.156863 1
v 0.115841 -0.315007 0.0497528 0 0.156863 1
v 0.115841 -0.315034 0.0498611 0 0.156863 1
v 0.115841 -0.315023 0.0501935 0 0.156863 1
v 0.115841 -0.315007 0.0502472 0 0.156863 1
v 0.115841 -0.314988 0.0502997 0 0.156863 1
v 0.115841 -0.315046 0.0500279 0 0.156863 1
v 0.135741 -0.313921 0.0507308 0 0.156863 1
v 0.135741 -0.313973 0.0507518 0 0.156863 1
v 0.135741 -0.313732 0.0506128 0 0.156863 1
v 0.135741 -0.313776 0.0506472 0 0.156863 1
v 0.135741 -0.314026 0.050769 0 0.156863 1
v 0.135741 -0.31408 0.0507825 0 0.156863 1
v 0.135741 -0.314135 0.0507922 0 0.156863 1
v 0.135741 -0.314191 0.0507981 0 0.156863 1
v 0.135741 -0.314246 0.0508 0 0.156863 1
v 0.135741 -0.314302 0.0507981 0 0.156863 1
v 0.135741 -0.314358 0.0507922 0 0.156863 1
v 0.135741 -0.314413 0.0507825 0 0.156863 1
v 0.135741 -0.314467 0.050769 0 0.156863 1
v 0.135741 -0.314572 0.0507308 0 0.156863 1
v 0.135741 -0.31452 0.0507518 0 0.156863 1
v 0.135741 -0.314622 0.0507064 0 0.156863 1
v 0.135741 -0.314026 0.049231 0 0.156863 1
v 0.135741 -0.313527 0.0503507 0 0.156863 1
v 0.135741 -0.313554 0.0504 0 0.156863 1
v 0.135741 -0.313822 0.0506784 0 0.156863 1
v 0.135741 -0.313871 0.0507064 0 0.156863 1
v 0.135741 -0.314761 0.0506128 0 0.156863 1
v 0.135741 -0.314717 0.0506472 0 0.156863 1
v 0.135741 -0.314802 0.0505755 0 0.156863 1
v 0.135741 -0.314358 0.0492078 0 0.156863 1
v 0.135741 -0.314413 0.0492175 0 0.156863 1
v 0.135741 -0.314246 0.0492 0 0.156863 1
v 0.135741 -0.314302 0.0492019 0 0.156863 1
v 0.135741 -0.314135 0.0492078 0 0.156863 1
v 0.135741 -0.314191 0.0492019 0 0.156863 1
v 0.135741 -0.313973 0.0492482 0 0.156863 1
v 0.135741 -0.313871 0.0492936 0 0.156863 1
v 0.135741 -0.313921 0.0492692 0 0.156863 1
v 0.135741 -0.313652 0.0494647 0 0.156863 1
v 0.135741 -0.313616 0.0495075 0 0.156863 1
v 0.135741 -0.313583 0.0504474 0 0.156863 1
v 0.135741 -0.31467 0.0506784 0 0.156863 1
v 0.135741 -0.314965 0.0503507 0 0.156863 1
v 0.135741 -0.314939 0.0504 0 0.156863 1
v 0.135741 -0.314988 0.0502997 0 0.156863 1
v 0.135741 -0.31452 0.0492482 0 0.156863 1
v 0.135741 -0.314572 0.0492692 0 0.156863 1
v 0.135741 -0.31408 0.0492175 0 0.156863 1
v 0.135741 -0.313616 0.0504925 0 0.156863 1
v 0.135741 -0.313652 0.0505353 0 0.156863 1
v 0.135741 -0.313691 0.0505755 0 0.156863 1
v 0.135741 -0.31491 0.0504474 0 0.156863 1
v 0.135741 -0.315042 0.0500836 0 0.156863 1
v 0.135741 -0.315034 0.0501389 0 0.156863 1
v 0.135741 -0.315046 0.0500279 0 0.156863 1
v 0.135741 -0.314717 0.0493528 0 0.156863 1
v 0.135741 -0.314761 0.0493872 0 0.156863 1
v 0.135741 -0.314467 0.049231 0 0.156863 1
v 0.135741 -0.313822 0.0493216 0 0.156863 1
v 0.135741 -0.313732 0.0493872 0 0.156863 1
v 0.135741 -0.313776 0.0493528 0 0.156863 1
v 0.135741 -0.313691 0.0494245 0 0.156863 1
v 0.135741 -0.313527 0.0496493 0 0.156863 1
v 0.135741 -0.313505 0.0497003 0 0.156863 1
v 0.135741 -0.313451 0.0500836 0 0.156863 1
v 0.135741 -0.313459 0.0501389 0 0.156863 1
v 0.135741 -0.314841 0.0505353 0 0.156863 1
v 0.135741 -0.314877 0.0504925 0 0.156863 1
v 0.135741 -0.315007 0.0502472 0 0.156863 1
v 0.135741 -0.315023 0.0501935 0 0.156863 1
v 0.135741 -0.314939 0.0496 0 0.156863 1
v 0.135741 -0.314965 0.0496493 0 0.156863 1
v 0.135741 -0.31491 0.0495526 0 0.156863 1
v 0.135741 -0.31467 0.0493216 0 0.156863 1
v 0.135741 -0.314622 0.0492936 0 0.156863 1
v 0.135741 -0.313554 0.0496 0 0.156863 1
v 0.135741 -0.313451 0.0499164 0 0.156863 1
v 0.135741 -0.313447 0.0499721 0 0.156863 1
v 0.135741 -0.31347 0.0501935 0 0.156863 1
v 0.135741 -0.313486 0.0502472 0 0.156863 1
v 0.135741 -0.313505 0.0502997 0 0.156863 1
v 0.135741 -0.315034 0.0498611 0 0.156863 1
v 0.135741 -0.315042 0.0499164 0 0.156863 1
v 0.135741 -0.313583 0.0495526 0 0.156863 1
v 0.135741 -0.313486 0.0497528 0 0.156863 1
v 0.135741 -0.31347 0.0498065 0 0.156863 1
v 0.135741 -0.313459 0.0498611 0 0.156863 1
v 0.135741 -0.315046 0.0499721 0 0.156863 1
v 0.135741 -0.315023 0.0498065 0 0.156863 1
v 0.135741 -0.314988 0.0497003 0 0.156863 1
v 0.135741 -0.315007 0.0497528 0 0.156863 1
v 0.135741 -0.314877 0.0495075 0 0.156863 1
v 0.135741 -0.314802 0.0494245 0 0.156863 1
v 0.135741 -0.314841 0.0494647 0 0.156863 1
v 0.135741 -0.313447 0.0500279 0 0.156863 1
v 0.0758411 -0.316544 0.0501093 0 0.156863 1
v 0.0957411 -0.316544 0.0501093 0 0.156863 1
v 0.0957411 -0.316531 0.0502681 0 0.156863 1
v 0.0758411 -0.316531 0.0502681 0 0.156863 1
v 0.0957411 -0.316507 0.0504255 0 0.156863 1
v 0.0758411 -0.316507 0.0504255 0 0.156863 1
v 0.0957411 -0.316472 0.050581 0 0.156863 1
v 0.0758411 -0.316472 0.050581 0 0.156863 1
v 0.0957411 -0.316426 0.0507336 0 0.156863 1
v 0.0758411 -0.316426 0.0507336 0 0.156863 1
v 0.0957411 -0.31637 0.0508828 0 0.156863 1
v 0.0758411 -0.31637 0.0508828 0 0.156863 1
v 0.0957411 -0.316304 0.0510277 0 0.156863 1
v 0.0758411 -0.316304 0.0510277 0 0.156863 1
v 0.0957411 -0.316228 0.0511676 0 0.156863 1
v 0.0758411 -0.316228 0.0511676 0 0.156863 1
v 0.0957411 -0.316142 0.051302 0 0.156863 1
v 0.0758411 -0.316142 0.051302 0 0.156863 1
v 0.0957411 -0.316048 0.0514301 0 0.156863 1
v 0.0758411 -0.316048 0.0514301 0 0.156863 1
v 0.0957411 -0.315944 0.0515514 0 0.156863 1
v 0.0758411 -0.315944 0.0515514 0 0.156863 1
v 0.0957411 -0.315833 0.0516652 0 0.156863 1
v 0.0758411 -0.315833 0.0516652 0 0.156863 1
v 0.0957411 -0.315714 0.051771 0 0.156863 1
v 0.0758411 -0.315714 0.051771 0 0.156863 1
v 0.0957411 -0.315588 0.0518683 0 0.156863 1
v 0.0758411 -0.315588 0.0518683 0 0.156863 1
v 0.0957411 -0.315455 0.0519567 0 0.156863 1
v 0.0758411 -0.315455 0.0519567 0 0.156863 1
v 0.0957411 -0.315317 0.0520357 0 0.156863 1
v 0.0758411 -0.315317 0.0520357 0 0.156863 1
v 0.0957411 -0.315173 0.0521049 0 0.156863 1
v 0.0758411 -0.315173 0.0521049 0 0.156863 1
v 0.0957411 -0.315025 0.052164 0 0.156863 1
v 0.0758411 -0.315025 0.052164 0 0.156863 1
v 0.0957411 -0.314874 0.0522128 0 0.156863 1
v 0.0758411 -0.314874 0.0522128 0 0.156863 1
v 0.0957411 -0.314719 0.0522509 0 0.156863 1
v 0.0758411 -0.314719 0.0522509 0 0.156863 1
v 0.0957411 -0.314562 0.0522782 0 0.156863 1
v 0.0758411 -0.314562 0.0522782 0 0.156863 1
v 0.0957411 -0.314404 0.0522946 0 0.156863 1
v 0.0758411 -0.314404 0.0522946 0 0.156863 1
v 0.0957411 -0.314244 0.0523 0 0.156863 1
v 0.0758411 -0.314244 0.0523 0 0.156863 1
v 0.0957411 -0.314085 0.0522944 0 0.156863 1
v 0.0758411 -0.314085 0.0522944 0 0.156863 1
v 0.0957411 -0.313927 0.0522777 0 0.156863 1
v 0.0758411 -0.313927 0.0522777 0 0.156863 1
v 0.0957411 -0.31377 0.0522501 0 0.156863 1
v 0.0758411 -0.31377 0.0522501 0 0.156863 1
v 0.0957411 -0.313615 0.0522117 0 0.156863 1
v 0.0758411 -0.313615 0.0522117 0 0.156863 1
v 0.0957411 -0.313464 0.0521628 0 0.156863 1
v 0.0758411 -0.313464 0.0521628 0 0.156863 1
v 0.0957411 -0.313316 0.0521034 0 0.156863 1
v 0.0758411 -0.313316 0.0521034 0 0.156863 1
v 0.0957411 -0.313173 0.052034 0 0.156863 1
v 0.0758411 -0.313173 0.052034 0 0.156863 1
v 0.0957411 -0.313034 0.0519547 0 0.156863 1
v 0.0758411 -0.313034 0.0519547 0 0.156863 1
v 0.0957411 -0.312902 0.0518662 0 0.156863 1
v 0.0758411 -0.312902 0.0518662 0 0.156863 1
v 0.0957411 -0.312776 0.0517686 0 0.156863 1
v 0.0758411 -0.312776 0.0517686 0 0.156863 1
v 0.0957411 -0.312657 0.0516626 0 0.156863 1
v 0.0758411 -0.312657 0.0516626 0 0.156863 1
v 0.0957411 -0.312546 0.0515486 0 0.156863 1
v 0.0758411 -0.312546 0.0515486 0 0.156863 1
v 0.0957411 -0.312443 0.0514272 0 0.156863 1
v 0.0758411 -0.312443 0.0514272 0 0.156863 1
v 0.0957411 -0.312348 0.0512989 0 0.156863 1
v 0.0758411 -0.312348 0.0512989 0 0.156863 1
v 0.0957411 -0.312263 0.0511644 0 0.156863 1
v 0.0758411 -0.312263 0.0511644 0 0.156863 1
v 0.0957411 -0.312187 0.0510243 0 0.156863 1
v 0.0758411 -0.312187 0.0510243 0 0.156863 1
v 0.0957411 -0.312121 0.0508793 0 0.156863 1
v 0.0758411 -0.312121 0.0508793 0 0.156863 1
v 0.0957411 -0.312065 0.0507301 0 0.156863 1
v 0.0758411 -0.312065 0.0507301 0 0.156863 1
v 0.0957411 -0.31202 0.0505774 0 0.156863 1
v 0.0758411 -0.31202 0.0505774 0 0.156863 1
v 0.0957411 -0.311985 0.0504219 0 0.156863 1
v 0.0758411 -0.311985 0.0504219 0 0.156863 1
v 0.0957411 -0.311962 0.0502644 0 0.156863 1
v 0.0758411 -0.311962 0.0502644 0 0.156863 1
v 0.0957411 -0.311949 0.0501056 0 0.156863 1
v 0.0758411 -0.311949 0.0501056 0 0.156863 1
v 0.0957411 -0.311947 0.0499463 0 0.156863 1
v 0.0758411 -0.311947 0.0499463 0 0.156863 1
v 0.0957411 -0.311956 0.0497872 0 0.156863 1
v 0.0758411 -0.311956 0.0497872 0 0.156863 1
v 0.0957411 -0.311976 0.0496292 0 0.156863 1
v 0.0758411 -0.311976 0.0496292 0 0.156863 1
v 0.0957411 -0.312008 0.049473 0 0.156863 1
v 0.0758411 -0.312008 0.049473 0 0.156863 1
v 0.0957411 -0.312049 0.0493193 0 0.156863 1
v 0.0758411 -0.312049 0.0493193 0 0.156863 1
v 0.0957411 -0.312102 0.0491688 0 0.156863 1
v 0.0758411 -0.312102 0.0491688 0 0.156863 1
v 0.0957411 -0.312164 0.0490224 0 0.156863 1
v 0.0758411 -0.312164 0.0490224 0 0.156863 1
v 0.0957411 -0.312237 0.0488806 0 0.156863 1
v 0.0758411 -0.312237 0.0488806 0 0.156863 1
v 0.0957411 -0.312319 0.0487442 0 0.156863 1
v 0.0758411 -0.312319 0.0487442 0 0.156863 1
v 0.0957411 -0.312411 0.0486139 0 0.156863 1
v 0.0758411 -0.312411 0.0486139 0 0.156863 1
v 0.0957411 -0.312511 0.0484901 0 0.156863 1
v 0.0758411 -0.312511 0.0484901 0 0.156863 1
v 0.0957411 -0.31262 0.0483737 0 0.156863 1
v 0.0758411 -0.31262 0.0483737 0 0.156863 1
v 0.0957411 -0.316546 0.0444473 0 0.156863 1
v 0.0758411 -0.316546 0.0444473 0 0.156863 1
v 0.0758411 -0.314572 0.0507308 0 0.156863 1
v 0.0758411 -0.31452 0.0507518 0 0.156863 1
v 0.0758411 -0.314761 0.0506128 0 0.156863 1
v 0.0758411 -0.314717 0.0506472 0 0.156863 1
v 0.0758411 -0.314467 0.050769 0 0.156863 1
v 0.0758411 -0.314413 0.0507825 0 0.156863 1
v 0.0758411 -0.314358 0.0507922 0 0.156863 1
v 0.0758411 -0.314302 0.0507981 0 0.156863 1
v 0.0758411 -0.314246 0.0508 0 0.156863 1
v 0.0758411 -0.314191 0.0507981 0 0.156863 1
v 0.0758411 -0.314135 0.0507922 0 0.156863 1
v 0.0758411 -0.31408 0.0507825 0 0.156863 1
v 0.0758411 -0.314026 0.050769 0 0.156863 1
v 0.0758411 -0.313921 0.0507308 0 0.156863 1
v 0.0758411 -0.313973 0.0507518 0 0.156863 1
v 0.0758411 -0.313871 0.0507064 0 0.156863 1
v 0.0758411 -0.31408 0.0492175 0 0.156863 1
v 0.0758411 -0.314026 0.049231 0 0.156863 1
v 0.0758411 -0.314965 0.0503507 0 0.156863 1
v 0.0758411 -0.314939 0.0504 0 0.156863 1
v 0.0758411 -0.31467 0.0506784 0 0.156863 1
v 0.0758411 -0.314622 0.0507064 0 0.156863 1
v 0.0758411 -0.313732 0.0506128 0 0.156863 1
v 0.0758411 -0.313776 0.0506472 0 0.156863 1
v 0.0758411 -0.313691 0.0505755 0 0.156863 1
v 0.0758411 -0.313652 0.0494647 0 0.156863 1
v 0.0758411 -0.313616 0.0495075 0 0.156863 1
v 0.0758411 -0.313691 0.0494245 0 0.156863 1
v 0.0758411 -0.313973 0.0492482 0 0.156863 1
v 0.0758411 -0.313921 0.0492692 0 0.156863 1
v 0.0758411 -0.314246 0.0492 0 0.156863 1
v 0.0758411 -0.314191 0.0492019 0 0.156863 1
v 0.0758411 -0.314358 0.0492078 0 0.156863 1
v 0.0758411 -0.314302 0.0492019 0 0.156863 1
v 0.0758411 -0.314467 0.049231 0 0.156863 1
v 0.0758411 -0.314413 0.0492175 0 0.156863 1
v 0.0758411 -0.31491 0.0504474 0 0.156863 1
v 0.0758411 -0.313822 0.0506784 0 0.156863 1
v 0.0758411 -0.313527 0.0503507 0 0.156863 1
v 0.0758411 -0.313554 0.0504 0 0.156863 1
v 0.0758411 -0.313505 0.0502997 0 0.156863 1
v 0.0758411 -0.313451 0.0500836 0 0.156863 1
v 0.0758411 -0.313459 0.0501389 0 0.156863 1
v 0.0758411 -0.313447 0.0500279 0 0.156863 1
v 0.0758411 -0.314135 0.0492078 0 0.156863 1
v 0.0758411 -0.314622 0.0492936 0 0.156863 1
v 0.0758411 -0.314572 0.0492692 0 0.156863 1
v 0.0758411 -0.314877 0.0504925 0 0.156863 1
v 0.0758411 -0.314841 0.0505353 0 0.156863 1
v 0.0758411 -0.314802 0.0505755 0 0.156863 1
v 0.0758411 -0.313583 0.0504474 0 0.156863 1
v 0.0758411 -0.313486 0.0502472 0 0.156863 1
v 0.0758411 -0.31347 0.0501935 0 0.156863 1
v 0.0758411 -0.313451 0.0499164 0 0.156863 1
v 0.0758411 -0.313447 0.0499721 0 0.156863 1
v 0.0758411 -0.313459 0.0498611 0 0.156863 1
v 0.0758411 -0.313527 0.0496493 0 0.156863 1
v 0.0758411 -0.313505 0.0497003 0 0.156863 1
v 0.0758411 -0.313554 0.0496 0 0.156863 1
v 0.0758411 -0.313732 0.0493872 0 0.156863 1
v 0.0758411 -0.313822 0.0493216 0 0.156863 1
v 0.0758411 -0.313776 0.0493528 0 0.156863 1
v 0.0758411 -0.313871 0.0492936 0 0.156863 1
v 0.0758411 -0.31452 0.0492482 0 0.156863 1
v 0.0758411 -0.314802 0.0494245 0 0.156863 1
v 0.0758411 -0.314761 0.0493872 0 0.156863 1
v 0.0758411 -0.313652 0.0505353 0 0.156863 1
v 0.0758411 -0.313616 0.0504925 0 0.156863 1
v 0.0758411 -0.31347 0.0498065 0 0.156863 1
v 0.0758411 -0.313486 0.0497528 0 0.156863 1
v 0.0758411 -0.313583 0.0495526 0 0.156863 1
v 0.0758411 -0.31467 0.0493216 0 0.156863 1
v 0.0758411 -0.314717 0.0493528 0 0.156863 1
v 0.0758411 -0.314939 0.0496 0 0.156863 1
v 0.0758411 -0.314988 0.0497003 0 0.156863 1
v 0.0758411 -0.314965 0.0496493 0 0.156863 1
v 0.0758411 -0.314877 0.0495075 0 0.156863 1
v 0.0758411 -0.314841 0.0494647 0 0.156863 1
v 0.0758411 -0.31491 0.0495526 0 0.156863 1
v 0.0758411 -0.315046 0.0499721 0 0.156863 1
v 0.0758411 -0.315042 0.0499164 0 0.156863 1
v 0.0758411 -0.315042 0.0500836 0 0.156863 1
v 0.0758411 -0.315034 0.0501389 0 0.156863 1
v 0.0758411 -0.315023 0.0498065 0 0.156863 1
v 0.0758411 -0.315007 0.0497528 0 0.156863 1
v 0.0758411 -0.315034 0.0498611 0 0.156863 1
v 0.0758411 -0.315023 0.0501935 0 0.156863 1
v 0.0758411 -0.315007 0.0502472 0 0.156863 1
v 0.0758411 -0.314988 0.0502997 0 0.156863 1
v 0.0758411 -0.315046 0.0500279 0 0.156863 1
v 0.0957411 -0.313921 0.0507308 0 0.156863 1
v 0.0957411 -0.313973 0.0507518 0 0.156863 1
v 0.0957411 -0.313732 0.0506128 0 0.156863 1
v 0.0957411 -0.313776 0.0506472 0 0.156863 1
v 0.0957411 -0.314026 0.050769 0 0.156863 1
v 0.0957411 -0.31408 0.0507825 0 0.156863 1
v 0.0957411 -0.314135 0.0507922 0 0.156863 1
v 0.0957411 -0.314191 0.0507981 0 0.156863 1
v 0.0957411 -0.314246 0.0508 0 0.156863 1
v 0.0957411 -0.314302 0.0507981 0 0.156863 1
v 0.0957411 -0.314358 0.0507922 0 0.156863 1
v 0.0957411 -0.314413 0.0507825 0 0.156863 1
v 0.0957411 -0.314467 0.050769 0 0.156863 1
v 0.0957411 -0.314572 0.0507308 0 0.156863 1
v 0.0957411 -0.31452 0.0507518 0 0.156863 1
v 0.0957411 -0.314622 0.0507064 0 0.156863 1
v 0.0957411 -0.314026 0.049231 0 0.156863 1
v 0.0957411 -0.313527 0.0503507 0 0.156863 1
v 0.0957411 -0.313554 0.0504 0 0.156863 1
v 0.0957411 -0.313822 0.0506784 0 0.156863 1
v 0.0957411 -0.313871 0.0507064 0 0.156863 1
v 0.0957411 -0.314761 0.0506128 0 0.156863 1
v 0.0957411 -0.314717 0.0506472 0 0.156863 1
v 0.0957411 -0.314802 0.0505755 0 0.156863 1
v 0.0957411 -0.314358 0.0492078 0 0.156863 1
v 0.0957411 -0.314413 0.0492175 0 0.156863 1
v 0.0957411 -0.314246 0.0492 0 0.156863 1
v 0.0957411 -0.314302 0.0492019 0 0.156863 1
v 0.0957411 -0.314135 0.0492078 0 0.156863 1
v 0.0957411 -0.314191 0.0492019 0 0.156863 1
v 0.0957411 -0.313973 0.0492482 0 0.156863 1
v 0.0957411 -0.313871 0.0492936 0 0.156863 1
v 0.0957411 -0.313921 0.0492692 0 0.156863 1
v 0.0957411 -0.313652 0.0494647 0 0.156863 1
v 0.0957411 -0.313616 0.0495075 0 0.156863 1
v 0.0957411 -0.313583 0.0504474 0 0.156863 1
v 0.0957411 -0.31467 0.0506784 0 0.156863 1
v 0.0957411 -0.314965 0.0503507 0 0.156863 1
v 0.0957411 -0.314939 0.0504 0 0.156863 1
v 0.0957411 -0.314988 0.0502997 0 0.156863 1
v 0.0957411 -0.31452 0.0492482 0 0.156863 1
v 0.0957411 -0.314572 0.0492692 0 0.156863 1
v 0.0957411 -0.31408 0.0492175 0 0.156863 1
v 0.0957411 -0.313616 0.0504925 0 0.156863 1
v 0.0957411 -0.313652 0.0505353 0 0.156863 1
v 0.0957411 -0.313691 0.0505755 0 0.156863 1
v 0.0957411 -0.31491 0.0504474 0 0.156863 1
v 0.0957411 -0.315042 0.0500836 0 0.156863 1
v 0.0957411 -0.315034 0.0501389 0 0.156863 1
v 0.0957411 -0.315046 0.0500279 0 0.156863 1
v 0.0957411 -0.314717 0.0493528 0 0.156863 1
v 0.0957411 -0.314761 0.0493872 0 0.156863 1
v 0.0957411 -0.314467 0.049231 0 0.156863 1
v 0.0957411 -0.313822 0.0493216 0 0.156863 1
v 0.0957411 -0.313732 0.0493872 0 0.156863 1
v 0.0957411 -0.313776 0.0493528 0 0.156863 1
v 0.0957411 -0.313691 0.0494245 0 0.156863 1
v 0.0957411 -0.313527 0.0496493 0 0.156863 1
v 0.0957411 -0.313505 0.0497003 0 0.156863 1
v 0.0957411 -0.313451 0.0500836 0 0.156863 1
v 0.0957411 -0.313459 0.0501389 0 0.156863 1
v 0.0957411 -0.314841 0.0505353 0 0.156863 1
v 0.0957411 -0.314877 0.0504925 0 0.156863 1
v 0.0957411 -0.315007 0.0502472 0 0.156863 1
v 0.0957411 -0.315023 0.0501935 0 0.156863 1
v 0.0957411 -0.314939 0.0496 0 0.156863 1
v 0.0957411 -0.314965 0.0496493 0 0.156863 1
v 0.0957411 -0.31491 0.0495526 0 0.156863 1
v 0.0957411 -0.31467 0.0493216 0 0.156863 1
v 0.0957411 -0.314622 0.0492936 0 0.156863 1
v 0.0957411 -0.313554 0.0496 0 0.156863 1
v 0.0957411 -0.313451 0.0499164 0 0.156863 1
v 0.0957411 -0.313447 0.0499721 0 0.156863 1
v 0.0957411 -0.31347 0.0501935 0 0.156863 1
v 0.0957411 -0.313486 0.0502472 0 0.156863 1
v 0.0957411 -0.313505 0.0502997 0 0.156863 1
v 0.0957411 -0.315034 0.0498611 0 0.156863 1
v 0.0957411 -0.315042 0.0499164 0 0.156863 1
v 0.0957411 -0.313583 0.0495526 0 0.156863 1
v 0.0957411 -0.313486 0.0497528 0 0.156863 1
v 0.0957411 -0.31347 0.0498065 0 0.156863 1
v 0.0957411 -0.313459 0.0498611 0 0.156863 1
v 0.0957411 -0.315046 0.0499721 0 0.156863 1
v 0.0957411 -0.315023 0.0498065 0 0.156863 1
v 0.0957411 -0.314988 0.0497003 0 0.156863 1
v 0.0957411 -0.315007 0.0497528 0 0.156863 1
v 0.0957411 -0.314877 0.0495075 0 0.156863 1
v 0.0957411 -0.314802 0.0494245 0 0.156863 1
v 0.0957411 -0.314841 0.0494647 0 0.156863 1
v 0.0957411 -0.313447 0.0500279 0 0.156863 1
v 0.0358411 -0.316544 0.0501093 0 0.156863 1
v 0.0557411 -0.316544 0.0501093 0 0.156863 1
v 0.0557411 -0.316531 0.0502681 0 0.156863 1
v 0.0358411 -0.316531 0.0502681 0 0.156863 1
v 0.0557411 -0.316507 0.0504255 0 0.156863 1
v 0.0358411 -0.316507 0.0504255 0 0.156863 1
v 0.0557411 -0.316472 0.050581 0 0.156863 1
v 0.0358411 -0.316472 0.050581 0 0.156863 1
v 0.0557411 -0.316426 0.0507336 0 0.156863 1
v 0.0358411 -0.316426 0.0507336 0 0.156863 1
v 0.0557411 -0.31637 0.0508828 0 0.156863 1
v 0.0358411 -0.31637 0.0508828 0 0.156863 1
v 0.0557411 -0.316304 0.0510277 0 0.156863 1
v 0.0358411 -0.316304 0.0510277 0 0.156863 1
v 0.0557411 -0.316228 0.0511676 0 0.156863 1
v 0.0358411 -0.316228 0.0511676 0 0.156863 1
v 0.0557411 -0.316142 0.051302 0 0.156863 1
v 0.0358411 -0.316142 0.051302 0 0.156863 1
v 0.0557411 -0.316048 0.0514301 0 0.156863 1
v 0.0358411 -0.316048 0.0514301 0 0.156863 1
v 0.0557411 -0.315944 0.0515514 0 0.156863 1
v 0.0358411 -0.315944 0.0515514 0 0.156863 1
v 0.0557411 -0.315833 0.0516652 0 0.156863 1
v 0.0358411 -0.315833 0.0516652 0 0.156863 1
v 0.0557411 -0.315714 0.051771 0 0.156863 1
v 0.0358411 -0.315714 0.051771 0 0.156863 1
v 0.0557411 -0.315588 0.0518683 0 0.156863 1
v 0.0358411 -0.315588 0.0518683 0 0.156863 1
v 0.0557411 -0.315455 0.0519567 0 0.156863 1
v 0.0358411 -0.315455 0.0519567 0 0.156863 1
v 0.0557411 -0.315317 0.0520357 0 0.156863 1
v 0.0358411 -0.315317 0.0520357 0 0.156863 1
v 0.0557411 -0.315173 0.0521049 0 0.156863 1
v 0.0358411 -0.315173 0.0521049 0 0.156863 1
v 0.0557411 -0.315025 0.052164 0 0.156863 1
v 0.0358411 -0.315025 0.052164 0 0.156863 1
v 0.0557411 -0.314874 0.0522128 0 0.156863 1
v 0.0358411 -0.314874 0.0522128 0 0.156863 1
v 0.0557411 -0.314719 0.0522509 0 0.156863 1
v 0.0358411 -0.314719 0.0522509 0 0.156863 1
v 0.0557411 -0.314562 0.0522782 0 0.156863 1
v 0.0358411 -0.314562 0.0522782 0 0.156863 1
v 0.0557411 -0.314404 0.0522946 0 0.156863 1
v 0.0358411 -0.314404 0.0522946 0 0.156863 1
v 0.0557411 -0.314244 0.0523 0 0.156863 1
v 0.0358411 -0.314244 0.0523 0 0.156863 1
v 0.0557411 -0.314085 0.0522944 0 0.156863 1
v 0.0358411 -0.314085 0.0522944 0 0.156863 1
v 0.0557411 -0.313927 0.0522777 0 0.156863 1
v 0.0358411 -0.313927 0.0522777 0 0.156863 1
v 0.0557411 -0.31377 0.0522501 0 0.156863 1
v 0.0358411 -0.31377 0.0522501 0 0.156863 1
v 0.0557411 -0.313615 0.0522117 0 0.156863 1
v 0.0358411 -0.313615 0.0522117 0 0.156863 1
v 0.0557411 -0.313464 0.0521628 0 0.156863 1
v 0.0358411 -0.313464 0.0521628 0 0.156863 1
v 0.0557411 -0.313316 0.0521034 0 0.156863 1
v 0.0358411 -0.313316 0.0521034 0 0.156863 1
v 0.0557411 -0.313173 0.052034 0 0.156863 1
v 0.0358411 -0.313173 0.052034 0 0.156863 1
v 0.0557411 -0.313034 0.0519547 0 0.156863 1
v 0.0358411 -0.313034 0.0519547 0 0.156863 1
v 0.0557411 -0.312902 0.0518662 0 0.156863 1
v 0.0358411 -0.312902 0.0518662 0 0.156863 1
v 0.0557411 -0.312776 0.0517686 0 0.156863 1
v 0.0358411 -0.312776 0.0517686 0 0.156863 1
v 0.0557411 -0.312657 0.0516626 0 0.156863 1
v 0.0358411 -0.312657 0.0516626 0 0.156863 1
v 0.0557411 -0.312546 0.0515486 0 0.156863 1
v 0.0358411 -0.312546 0.0515486 0 0.156863 1
v 0.0557411 -0.312443 0.0514272 0 0.156863 1
v 0.0358411 -0.312443 0.0514272 0 0.156863 1
v 0.0557411 -0.312348 0.0512989 0 0.156863 1
v 0.0358411 -0.312348 0.0512989 0 0.156863 1
v 0.0557411 -0.312263 0.0511644 0 0.156863 1
v 0.0358411 -0.312263 0.0511644 0 0.156863 1
v 0.0557411 -0.312187 0.0510243 0 0.156863 1
v 0.0358411 -0.312187 0.0510243 0 0.156863 1
v 0.0557411 -0.312121 0.0508793 0 0.156863 1
v 0.0358411 -0.312121 0.0508793 0 0.156863 1
v 0.0557411 -0.312065 0.0507301 0 0.156863 1
v 0.0358411 -0.312065 0.0507301 0 0.156863 1
v 0.0557411 -0.31202 0.0505774 0 0.156863 1
v 0.0358411 -0.31202 0.0505774 0 0.156863 1
v 0.0557411 -0.311985 0.0504219 0 0.156863 1
v 0.0358411 -0.311985 0.0504219 0 0.156863 1
v 0.0557411 -0.311962 0.0502644 0 0.156863 1
v 0.0358411 -0.311962 0.0502644 0 0.156863 1
v 0.0557411 -0.311949 0.0501056 0 0.156863 1
v 0.0358411 -0.311949 0.0501056 0 0.156863 1
v 0.0557411 -0.311947 0.0499463 0 0.156863 1
v 0.0358411 -0.311947 0.0499463 0 0.156863 1
v 0.0557411 -0.311956 0.0497872 0 0.156863 1
v 0.0358411 -0.311956 0.0497872 0 0.156863 1
v 0.0557411 -0.311976 0.0496292 0 0.156863 1
v 0.0358411 -0.311976 0.0496292 0 0.156863 1
v 0.0557411 -0.312008 0.049473 0 0.156863 1
v 0.0358411 -0.312008 0.049473 0 0.156863 1
v 0.0557411 -0.312049 0.0493193 0 0.156863 1
v 0.0358411 -0.312049 0.0493193 0 0.156863 1
v 0.0557411 -0.312102 0.0491688 0 0.156863 1
v 0.0358411 -0.312102 0.0491688 0 0.156863 1
v 0.0557411 -0.312164 0.0490224 0 0.156863 1
v 0.0358411 -0.312164 0.0490224 0 0.156863 1
v 0.0557411 -0.312237 0.0488806 0 0.156863 1
v 0.0358411 -0.312237 0.0488806 0 0.156863 1
v 0.0557411 -0.312319 0.0487442 0 0.156863 1
v 0.0358411 -0.312319 0.0487442 0 0.156863 1
v 0.0557411 -0.312411 0.0486139 0 0.156863 1
v 0.0358411 -0.312411 0.0486139 0 0.156863 1
v 0.0557411 -0.312511 0.0484901 0 0.156863 1
v 0.0358411 -0.312511 0.0484901 0 0.156863 1
v 0.0557411 -0.31262 0.0483737 0 0.156863 1
v 0.0358411 -0.31262 0.0483737 0 0.156863 1
v 0.0557411 -0.316546 0.0444473 0 0.156863 1
v 0.0358411 -0.316546 0.0444473 0 0.156863 1
v 0.0358411 -0.314572 0.0507308 0 0.156863 1
v 0.0358411 -0.31452 0.0507518 0 0.156863 1
v 0.0358411 -0.314761 0.0506128 0 0.156863 1
v 0.0358411 -0.314717 0.0506472 0 0.156863 1
v 0.0358411 -0.314467 0.050769 0 0.156863 1
v 0.0358411 -0.314413 0.0507825 0 0.156863 1
v 0.0358411 -0.314358 0.0507922 0 0.156863 1
v 0.0358411 -0.314302 0.0507981 0 0.156863 1
v 0.0358411 -0.314246 0.0508 0 0.156863 1
v 0.0358411 -0.314191 0.0507981 0 0.156863 1
v 0.0358411 -0.314135 0.0507922 0 0.156863 1
v 0.0358411 -0.31408 0.0507825 0 0.156863 1
v 0.0358411 -0.314026 0.050769 0 0.156863 1
v 0.0358411 -0.313921 0.0507308 0 0.156863 1
v 0.0358411 -0.313973 0.0507518 0 0.156863 1
v 0.0358411 -0.313871 0.0507064 0 0.156863 1
v 0.0358411 -0.31408 0.0492175 0 0.156863 1
v 0.0358411 -0.314026 0.049231 0 0.156863 1
v 0.0358411 -0.314965 0.0503507 0 0.156863 1
v 0.0358411 -0.314939 0.0504 0 0.156863 1
v 0.0358411 -0.31467 0.0506784 0 0.156863 1
v 0.0358411 -0.314622 0.0507064 0 0.156863 1
v 0.0358411 -0.313732 0.0506128 0 0.156863 1
v 0.0358411 -0.313776 0.0506472 0 0.156863 1
v 0.0358411 -0.313691 0.0505755 0 0.156863 1
v 0.0358411 -0.313652 0.0494647 0 0.156863 1
v 0.0358411 -0.313616 0.0495075 0 0.156863 1
v 0.0358411 -0.313691 0.0494245 0 0.156863 1
v 0.0358411 -0.313973 0.0492482 0 0.156863 1
v 0.0358411 -0.313921 0.0492692 0 0.156863 1
v 0.0358411 -0.314246 0.0492 0 0.156863 1
v 0.0358411 -0.314191 0.0492019 0 0.156863 1
v 0.0358411 -0.314358 0.0492078 0 0.156863 1
v 0.0358411 -0.314302 0.0492019 0 0.156863 1
v 0.0358411 -0.314467 0.049231 0 0.156863 1
v 0.0358411 -0.314413 0.0492175 0 0.156863 1
v 0.0358411 -0.31491 0.0504474 0 0.156863 1
v 0.0358411 -0.313822 0.0506784 0 0.156863 1
v 0.0358411 -0.313527 0.0503507 0 0.156863 1
v 0.0358411 -0.313554 0.0504 0 0.156863 1
v 0.0358411 -0.313505 0.0502997 0 0.156863 1
v 0.0358411 -0.313451 0.0500836 0 0.156863 1
v 0.0358411 -0.313459 0.0501389 0 0.156863 1
v 0.0358411 -0.313447 0.0500279 0 0.156863 1
v 0.0358411 -0.314135 0.0492078 0 0.156863 1
v 0.0358411 -0.314622 0.0492936 0 0.156863 1
v 0.0358411 -0.314572 0.0492692 0 0.156863 1
v 0.0358411 -0.314877 0.0504925 0 0.156863 1
v 0.0358411 -0.314841 0.0505353 0 0.156863 1
v 0.0358411 -0.314802 0.0505755 0 0.156863 1
v 0.0358411 -0.313583 0.0504474 0 0.156863 1
v 0.0358411 -0.313486 0.0502472 0 0.156863 1
v 0.0358411 -0.31347 0.0501935 0 0.156863 1
v 0.0358411 -0.313451 0.0499164 0 0.156863 1
v 0.0358411 -0.313447 0.0499721 0 0.156863 1
v 0.0358411 -0.313459 0.0498611 0 0.156863 1
v 0.0358411 -0.313527 0.0496493 0 0.156863 1
v 0.0358411 -0.313505 0.0497003 0 0.156863 1
v 0.0358411 -0.313554 0.0496 0 0.156863 1
v 0.0358411 -0.313732 0.0493872 0 0.156863 1
v 0.0358411 -0.313822 0.0493216 0 0.156863 1
v 0.0358411 -0.313776 0.0493528 0 0.156863 1
v 0.0358411 -0.313871 0.0492936 0 0.156863 1
v 0.0358411 -0.31452 0.0492482 0 0.156863 1
v 0.0358411 -0.314802 0.0494245 0 0.156863 1
v 0.0358411 -0.314761 0.0493872 0 0.156863 1
v 0.0358411 -0.313652 0.0505353 0 0.156863 1
v 0.0358411 -0.313616 0.0504925 0 0.156863 1
v 0.0358411 -0.31347 0.0498065 0 0.156863 1
v 0.0358411 -0.313486 0.0497528 0 0.156863 1
v 0.0358411 -0.313583 0.0495526 0 0.156863 1
v 0.0358411 -0.31467 0.0493216 0 0.156863 1
v 0.0358411 -0.314717 0.0493528 0 0.156863 1
v 0.0358411 -0.314939 0.0496 0 0.156863 1
v 0.0358411 -0.314988 0.0497003 0 0.156863 1
v 0.0358411 -0.314965 0.0496493 0 0.156863 1
v 0.0358411 -0.314877 0.0495075 0 0.156863 1
v 0.0358411 -0.314841 0.0494647 0 0.156863 1
v 0.0358411 -0.31491 0.0495526 0 0.156863 1
v 0.0358411 -0.315046 0.0499721 0 0.156863 1
v 0.0358411 -0.315042 0.0499164 0 0.156863 1
v 0.0358411 -0.315042 0.0500836 0 0.156863 1
v 0.0358411 -0.315034 0.0501389 0 0.156863 1
v 0.0358411 -0.315023 0.0498065 0 0.156863 1
v 0.0358411 -0.315007 0.0497528 0 0.156863 1
v 0.0358411 -0.315034 0.0498611 0 0.156863 1
v 0.0358411 -0.315023 0.0501935 0 0.156863 1
v 0.0358411 -0.315007 0.0502472 0 0.156863 1
v 0.0358411 -0.314988 0.0502997 0 0.156863 1
v 0.0358411 -0.315046 0.0500279 0 0.156863 1
v 0.0557411 -0.313921 0.0507308 0 0.156863 1
v 0.0557411 -0.313973 0.0507518 0 0.156863 1
v 0.0557411 -0.313732 0.0506128 0 0.156863 1
v 0.0557411 -0.313776 0.0506472 0 0.156863 1
v 0.0557411 -0.314026 0.050769 0 0.156863 1
v 0.0557411 -0.31408 0.0507825 0 0.156863 1
v 0.0557411 -0.314135 0.0507922 0 0.156863 1
v 0.0557411 -0.314191 0.0507981 0 0.156863 1
v 0.0557411 -0.314246 0.0508 0 0.156863 1
v 0.0557411 -0.314302 0.0507981 0 0.156863 1
v 0.0557411 -0.314358 0.0507922 0 0.156863 1
v 0.0557411 -0.314413 0.0507825 0 0.156863 1
v 0.0557411 -0.314467 0.050769 0 0.156863 1
v 0.0557411 -0.314572 0.0507308 0 0.156863 1
v 0.0557411 -0.31452 0.0507518 0 0.156863 1
v 0.0557411 -0.314622 0.0507064 0 0.156863 1
v 0.0557411 -0.314026 0.049231 0 0.156863 1
v 0.0557411 -0.313527 0.0503507 0 0.156863 1
v 0.0557411 -0.313554 0.0504 0 0.156863 1
v 0.0557411 -0.313822 0.0506784 0 0.156863 1
v 0.0557411 -0.313871 0.0507064 0 0.156863 1
v 0.0557411 -0.314761 0.0506128 0 0.156863 1
v 0.0557411 -0.314717 0.0506472 0 0.156863 1
v 0.0557411 -0.314802 0.0505755 0 0.156863 1
v 0.0557411 -0.314358 0.0492078 0 0.156863 1
v 0.0557411 -0.314413 0.0492175 0 0.156863 1
v 0.0557411 -0.314246 0.0492 0 0.156863 1
v 0.0557411 -0.314302 0.0492019 0 0.156863 1
v 0.0557411 -0.314135 0.0492078 0 0.156863 1
v 0.0557411 -0.314191 0.0492019 0 0.156863 1
v 0.0557411 -0.313973 0.0492482 0 0.156863 1
v 0.0557411 -0.313871 0.0492936 0 0.156863 1
v 0.0557411 -0.313921 0.0492692 0 0.156863 1
v 0.0557411 -0.313652 0.0494647 0 0.156863 1
v 0.0557411 -0.313616 0.0495075 0 0.156863 1
v 0.0557411 -0.313583 0.0504474 0 0.156863 1
v 0.0557411 -0.31467 0.0506784 0 0.156863 1
v 0.0557411 -0.314965 0.0503507 0 0.156863 1
v 0.0557411 -0.314939 0.0504 0 0.156863 1
v 0.0557411 -0.314988 0.0502997 0 0.156863 1
v 0.0557411 -0.31452 0.0492482 0 0.156863 1
v 0.0557411 -0.314572 0.0492692 0 0.156863 1
v 0.0557411 -0.31408 0.0492175 0 0.156863 1
v 0.0557411 -0.313616 0.0504925 0 0.156863 1
v 0.0557411 -0.313652 0.0505353 0 0.156863 1
v 0.0557411 -0.313691 0.0505755 0 0.156863 1
v 0.0557411 -0.31491 0.0504474 0 0.156863 1
v 0.0557411 -0.315042 0.0500836 0 0.156863 1
v 0.0557411 -0.315034 0.0501389 0 0.156863 1
v 0.0557411 -0.315046 0.0500279 0 0.156863 1
v 0.0557411 -0.314717 0.0493528 0 0.156863 1
v 0.0557411 -0.314761 0.0493872 0 0.156863 1
v 0.0557411 -0.314467 0.049231 0 0.156863 1
v 0.0557411 -0.313822 0.0493216 0 0.156863 1
v 0.0557411 -0.313732 0.0493872 0 0.156863 1
v 0.0557411 -0.313776 0.0493528 0 0.156863 1
v 0.0557411 -0.313691 0.0494245 0 0.156863 1
v 0.0557411 -0.313527 0.0496493 0 0.156863 1
v 0.0557411 -0.313505 0.0497003 0 0.156863 1
v 0.0557411 -0.313451 0.0500836 0 0.156863 1
v 0.0557411 -0.313459 0.0501389 0 0.156863 1
v 0.0557411 -0.314841 0.0505353 0 0.156863 1
v 0.0557411 -0.314877 0.0504925 0 0.156863 1
v 0.0557411 -0.315007 0.0502472 0 0.156863 1
v 0.0557411 -0.315023 0.0501935 0 0.156863 1
v 0.0557411 -0.314939 0.0496 0 0.156863 1
v 0.0557411 -0.314965 0.0496493 0 0.156863 1
v 0.0557411 -0.31491 0.0495526 0 0.156863 1
v 0.0557411 -0.31467 0.0493216 0 0.156863 1
v 0.0557411 -0.314622 0.0492936 0 0.156863 1
v 0.0557411 -0.313554 0.0496 0 0.156863 1
v 0.0557411 -0.313451 0.0499164 0 0.156863 1
v 0.0557411 -0.313447 0.0499721 0 0.156863 1
v 0.0557411 -0.31347 0.0501935 0 0.156863 1
v 0.0557411 -0.313486 0.0502472 0 0.156863 1
v 0.0557411 -0.313505 0.0502997 0 0.156863 1
v 0.0557411 -0.315034 0.0498611 0 0.156863 1
v 0.0557411 -0.315042 0.0499164 0 0.156863 1
v 0.0557411 -0.313583 0.0495526 0 0.156863 1
v 0.0557411 -0.313486 0.0497528 0 0.156863 1
v 0.0557411 -0.31347 0.0498065 0 0.156863 1
v 0.0557411 -0.313459 0.0498611 0 0.156863 1
v 0.0557411 -0.315046 0.0499721 0 0.156863 1
v 0.0557411 -0.315023 0.0498065 0 0.156863 1
v 0.0557411 -0.314988 0.0497003 0 0.156863 1
v 0.0557411 -0.315007 0.0497528 0 0.156863 1
v 0.0557411 -0.314877 0.0495075 0 0.156863 1
v 0.0557411 -0.314802 0.0494245 0 0.156863 1
v 0.0557411 -0.314841 0.0494647 0 0.156863 1
v 0.0557411 -0.313447 0.0500279 0 0.156863 1
v -0.00415885 -0.316546 0.0444473 0 0.156863 1
v 0.0157411 -0.316546 0.0444473 0 0.156863 1
v 0.0157411 -0.31262 0.0483737 0 0.156863 1
v -0.00415885 -0.31262 0.0483737 0 0.156863 1
v -0.00415885 -0.316544 0.0501093 0 0.156863 1
v 0.0157411 -0.316544 0.0501093 0 0.156863 1
v 0.0157411 -0.316531 0.0502681 0 0.156863 1
v -0.00415885 -0.316531 0.0502681 0 0.156863 1
v 0.0157411 -0.316507 0.0504255 0 0.156863 1
v -0.00415885 -0.316507 0.0504255 0 0.156863 1
v 0.0157411 -0.316472 0.050581 0 0.156863 1
v -0.00415885 -0.316472 0.050581 0 0.156863 1
v 0.0157411 -0.316426 0.0507336 0 0.156863 1
v -0.00415885 -0.316426 0.0507336 0 0.156863 1
v 0.0157411 -0.31637 0.0508828 0 0.156863 1
v -0.00415885 -0.31637 0.0508828 0 0.156863 1
v 0.0157411 -0.316304 0.0510277 0 0.156863 1
v -0.00415885 -0.316304 0.0510277 0 0.156863 1
v 0.0157411 -0.316228 0.0511676 0 0.156863 1
v -0.00415885 -0.316228 0.0511676 0 0.156863 1
v 0.0157411 -0.316142 0.051302 0 0.156863 1
v -0.00415885 -0.316142 0.051302 0 0.156863 1
v 0.0157411 -0.316048 0.0514301 0 0.156863 1
v -0.00415885 -0.316048 0.0514301 0 0.156863 1
v 0.0157411 -0.315944 0.0515514 0 0.156863 1
v -0.00415885 -0.315944 0.0515514 0 0.156863 1
v 0.0157411 -0.315833 0.0516652 0 0.156863 1
v -0.00415885 -0.315833 0.0516652 0 0.156863 1
v 0.0157411 -0.315714 0.051771 0 0.156863 1
v -0.00415885 -0.315714 0.051771 0 0.156863 1
v 0.0157411 -0.315588 0.0518683 0 0.156863 1
v -0.00415885 -0.315588 0.0518683 0 0.156863 1
v 0.0157411 -0.315455 0.0519567 0 0.156863 1
v -0.00415885 -0.315455 0.0519567 0 0.156863 1
v 0.0157411 -0.315317 0.0520357 0 0.156863 1
v -0.00415885 -0.315317 0.0520357 0 0.156863 1
v 0.0157411 -0.315173 0.0521049 0 0.156863 1
v -0.00415885 -0.315173 0.0521049 0 0.156863 1
v 0.0157411 -0.315025 0.052164 0 0.156863 1
v -0.00415885 -0.315025 0.052164 0 0.156863 1
v 0.0157411 -0.314874 0.0522128 0 0.156863 1
v -0.00415885 -0.314874 0.0522128 0 0.156863 1
v 0.0157411 -0.314719 0.0522509 0 0.156863 1
v -0.00415885 -0.314719 0.0522509 0 0.156863 1
v 0.0157411 -0.314562 0.0522782 0 0.156863 1
v -0.00415885 -0.314562 0.0522782 0 0.156863 1
v 0.0157411 -0.314404 0.0522946 0 0.156863 1
v -0.00415885 -0.314404 0.0522946 0 0.156863 1
v 0.0157411 -0.314244 0.0523 0 0.156863 1
v -0.00415885 -0.314244 0.0523 0 0.156863 1
v 0.0157411 -0.314085 0.0522944 0 0.156863 1
v -0.00415885 -0.314085 0.0522944 0 0.156863 1
v 0.0157411 -0.313927 0.0522777 0 0.156863 1
v -0.00415885 -0.313927 0.0522777 0 0.156863 1
v 0.0157411 -0.31377 0.0522501 0 0.156863 1
v -0.00415885 -0.31377 0.0522501 0 0.156863 1
v 0.0157411 -0.313615 0.0522117 0 0.156863 1
v -0.00415885 -0.313615 0.0522117 0 0.156863 1
v 0.0157411 -0.313464 0.0521628 0 0.156863 1
v -0.00415885 -0.313464 0.0521628 0 0.156863 1
v 0.0157411 -0.313316 0.0521034 0 0.156863 1
v -0.00415885 -0.313316 0.0521034 0 0.156863 1
v 0.0157411 -0.313173 0.052034 0 0.156863 1
v -0.00415885 -0.313173 0.052034 0 0.156863 1
v 0.0157411 -0.313034 0.0519547 0 0.156863 1
v -0.00415885 -0.313034 0.0519547 0 0.156863 1
v 0.0157411 -0.312902 0.0518662 0 0.156863 1
v -0.00415885 -0.312902 0.0518662 0 0.156863 1
v 0.0157411 -0.312776 0.0517686 0 0.156863 1
v -0.00415885 -0.312776 0.0517686 0 0.156863 1
v 0.0157411 -0.312657 0.0516626 0 0.156863 1
v -0.00415885 -0.312657 0.0516626 0 0.156863 1
v 0.0157411 -0.312546 0.0515486 0 0.156863 1
v -0.00415885 -0.312546 0.0515486 0 0.156863 1
v 0.0157411 -0.312443 0.0514272 0 0.156863 1
v -0.00415885 -0.312443 0.0514272 0 0.156863 1
v 0.0157411 -0.312348 0.0512989 0 0.156863 1
v -0.00415885 -0.312348 0.0512989 0 0.156863 1
v 0.0157411 -0.312263 0.0511644 0 0.156863 1
v -0.00415885 -0.312263 0.0511644 0 0.156863 1
v 0.0157411 -0.312187 0.0510243 0 0.156863 1
v -0.00415885 -0.312187 0.0510243 0 0.156863 1
v 0.0157411 -0.312121 0.0508793 0 0.156863 1
v -0.00415885 -0.312121 0.0508793 0 0.156863 1
v 0.0157411 -0.312065 0.0507301 0 0.156863 1
v -0.00415885 -0.312065 0.0507301 0 0.156863 1
v 0.0157411 -0.31202 0.0505774 0 0.156863 1
v -0.00415885 -0.31202 0.0505774 0 0.156863 1
v 0.0157411 -0.311985 0.0504219 0 0.156863 1
v -0.00415885 -0.311985 0.0504219 0 0.156863 1
v 0.0157411 -0.311962 0.0502644 0 0.156863 1
v -0.00415885 -0.311962 0.0502644 0 0.156863 1
v 0.0157411 -0.311949 0.0501056 0 0.156863 1
v -0.00415885 -0.311949 0.0501056 0 0.156863 1
v 0.0157411 -0.311947 0.0499463 0 0.156863 1
v -0.00415885 -0.311947 0.0499463 0 0.156863 1
v 0.0157411 -0.311956 0.0497872 0 0.156863 1
v -0.00415885 -0.311956 0.0497872 0 0.156863 1
v 0.0157411 -0.311976 0.0496292 0 0.156863 1
v -0.00415885 -0.311976 0.0496292 0 0.156863 1
v 0.0157411 -0.312008 0.049473 0 0.156863 1
v -0.00415885 -0.312008 0.049473 0 0.156863 1
v 0.0157411 -0.312049 0.0493193 0 0.156863 1
v -0.00415885 -0.312049 0.0493193 0 0.156863 1
v 0.0157411 -0.312102 0.0491688 0 0.156863 1
v -0.00415885 -0.312102 0.0491688 0 0.156863 1
v 0.0157411 -0.312164 0.0490224 0 0.156863 1
v -0.00415885 -0.312164 0.0490224 0 0.156863 1
v 0.0157411 -0.312237 0.0488806 0 0.156863 1
v -0.00415885 -0.312237 0.0488806 0 0.156863 1
v 0.0157411 -0.312319 0.0487442 0 0.156863 1
v -0.00415885 -0.312319 0.0487442 0 0.156863 1
v 0.0157411 -0.312411 0.0486139 0 0.156863 1
v -0.00415885 -0.312411 0.0486139 0 0.156863 1
v 0.0157411 -0.312511 0.0484901 0 0.156863 1
v -0.00415885 -0.312511 0.0484901 0 0.156863 1
v -0.00415885 -0.314572 0.0507308 0 0.156863 1
v -0.00415885 -0.31452 0.0507518 0 0.156863 1
v -0.00415885 -0.314761 0.0506128 0 0.156863 1
v -0.00415885 -0.314717 0.0506472 0 0.156863 1
v -0.00415885 -0.314467 0.050769 0 0.156863 1
v -0.00415885 -0.314413 0.0507825 0 0.156863 1
v -0.00415885 -0.314358 0.0507922 0 0.156863 1
v -0.00415885 -0.314302 0.0507981 0 0.156863 1
v -0.00415885 -0.314246 0.0508 0 0.156863 1
v -0.00415885 -0.314191 0.0507981 0 0.156863 1
v -0.00415885 -0.314135 0.0507922 0 0.156863 1
v -0.00415885 -0.31408 0.0507825 0 0.156863 1
v -0.00415885 -0.314026 0.050769 0 0.156863 1
v -0.00415885 -0.313921 0.0507308 0 0.156863 1
v -0.00415885 -0.313973 0.0507518 0 0.156863 1
v -0.00415885 -0.313871 0.0507064 0 0.156863 1
v -0.00415885 -0.31408 0.0492175 0 0.156863 1
v -0.00415885 -0.314026 0.049231 0 0.156863 1
v -0.00415885 -0.314965 0.0503507 0 0.156863 1
v -0.00415885 -0.314939 0.0504 0 0.156863 1
v -0.00415885 -0.31467 0.0506784 0 0.156863 1
v -0.00415885 -0.314622 0.0507064 0 0.156863 1
v -0.00415885 -0.313732 0.0506128 0 0.156863 1
v -0.00415885 -0.313776 0.0506472 0 0.156863 1
v -0.00415885 -0.313691 0.0505755 0 0.156863 1
v -0.00415885 -0.313652 0.0494647 0 0.156863 1
v -0.00415885 -0.313616 0.0495075 0 0.156863 1
v -0.00415885 -0.313691 0.0494245 0 0.156863 1
v -0.00415885 -0.313973 0.0492482 0 0.156863 1
v -0.00415885 -0.313921 0.0492692 0 0.156863 1
v -0.00415885 -0.314246 0.0492 0 0.156863 1
v -0.00415885 -0.314191 0.0492019 0 0.156863 1
v -0.00415885 -0.314358 0.0492078 0 0.156863 1
v -0.00415885 -0.314302 0.0492019 0 0.156863 1
v -0.00415885 -0.314467 0.049231 0 0.156863 1
v -0.00415885 -0.314413 0.0492175 0 0.156863 1
v -0.00415885 -0.31491 0.0504474 0 0.156863 1
v -0.00415885 -0.313822 0.0506784 0 0.156863 1
v -0.00415885 -0.313527 0.0503507 0 0.156863 1
v -0.00415885 -0.313554 0.0504 0 0.156863 1
v -0.00415885 -0.313505 0.0502997 0 0.156863 1
v -0.00415885 -0.313451 0.0500836 0 0.156863 1
v -0.00415885 -0.313459 0.0501389 0 0.156863 1
v -0.00415885 -0.313447 0.0500279 0 0.156863 1
v -0.00415885 -0.314135 0.0492078 0 0.156863 1
v -0.00415885 -0.314622 0.0492936 0 0.156863 1
v -0.00415885 -0.314572 0.0492692 0 0.156863 1
v -0.00415885 -0.314877 0.0504925 0 0.156863 1
v -0.00415885 -0.314841 0.0505353 0 0.156863 1
v -0.00415885 -0.314802 0.0505755 0 0.156863 1
v -0.00415885 -0.313583 0.0504474 0 0.156863 1
v -0.00415885 -0.313486 0.0502472 0 0.156863 1
v -0.00415885 -0.31347 0.0501935 0 0.156863 1
v -0.00415885 -0.313451 0.0499164 0 0.156863 1
v -0.00415885 -0.313447 0.0499721 0 0.156863 1
v -0.00415885 -0.313459 0.0498611 0 0.156863 1
v -0.00415885 -0.313527 0.0496493 0 0.156863 1
v -0.00415885 -0.313505 0.0497003 0 0.156863 1
v -0.00415885 -0.313554 0.0496 0 0.156863 1
v -0.00415885 -0.313732 0.0493872 0 0.156863 1
v -0.00415885 -0.313822 0.0493216 0 0.156863 1
v -0.00415885 -0.313776 0.0493528 0 0.156863 1
v -0.00415885 -0.313871 0.0492936 0 0.156863 1
v -0.00415885 -0.31452 0.0492482 0 0.156863 1
v -0.00415885 -0.314802 0.0494245 0 0.156863 1
v -0.00415885 -0.314761 0.0493872 0 0.156863 1
v -0.00415885 -0.313652 0.0505353 0 0.156863 1
v -0.00415885 -0.313616 0.0504925 0 0.156863 1
v -0.00415885 -0.31347 0.0498065 0 0.156863 1
v -0.00415885 -0.313486 0.0497528 0 0.156863 1
v -0.00415885 -0.313583 0.0495526 0 0.156863 1
v -0.00415885 -0.31467 0.0493216 0 0.156863 1
v -0.00415885 -0.314717 0.0493528 0 0.156863 1
v -0.00415885 -0.314939 0.0496 0 0.156863 1
v -0.00415885 -0.314988 0.0497003 0 0.156863 1
v -0.00415885 -0.314965 0.0496493 0 0.156863 1
v -0.00415885 -0.314877 0.0495075 0 0.156863 1
v -0.00415885 -0.314841 0.0494647 0 0.156863 1
v -0.00415885 -0.31491 0.0495526 0 0.156863 1
v -0.00415885 -0.315046 0.0499721 0 0.156863 1
v -0.00415885 -0.315042 0.0499164 0 0.156863 1
v -0.00415885 -0.315042 0.0500836 0 0.156863 1
v -0.00415885 -0.315034 0.0501389 0 0.156863 1
v -0.00415885 -0.315023 0.0498065 0 0.156863 1
v -0.00415885 -0.315007 0.0497528 0 0.156863 1
v -0.00415885 -0.315034 0.0498611 0 0.156863 1
v -0.00415885 -0.315023 0.0501935 0 0.156863 1
v -0.00415885 -0.315007 0.0502472 0 0.156863 1
v -0.00415885 -0.314988 0.0502997 0 0.156863 1
v -0.00415885 -0.315046 0.0500279 0 0.156863 1
v 0.0157411 -0.313921 0.0507308 0 0.156863 1
v 0.0157411 -0.313973 0.0507518 0 0.156863 1
v 0.0157411 -0.313732 0.0506128 0 0.156863 1
v 0.0157411 -0.313776 0.0506472 0 0.156863 1
v 0.0157411 -0.314026 0.050769 0 0.156863 1
v 0.0157411 -0.31408 0.0507825 0 0.156863 1
v 0.0157411 -0.314135 0.0507922 0 0.156863 1
v 0.0157411 -0.314191 0.0507981 0 0.156863 1
v 0.0157411 -0.314246 0.0508 0 0.156863 1
v 0.0157411 -0.314302 0.0507981 0 0.156863 1
v 0.0157411 -0.314358 0.0507922 0 0.156863 1
v 0.0157411 -0.314413 0.0507825 0 0.156863 1
v 0.0157411 -0.314467 0.050769 0 0.156863 1
v 0.0157411 -0.314572 0.0507308 0 0.156863 1
v 0.0157411 -0.31452 0.0507518 0 0.156863 1
v 0.0157411 -0.314622 0.0507064 0 0.156863 1
v 0.0157411 -0.314026 0.049231 0 0.156863 1
v 0.0157411 -0.313527 0.0503507 0 0.156863 1
v 0.0157411 -0.313554 0.0504 0 0.156863 1
v 0.0157411 -0.313822 0.0506784 0 0.156863 1
v 0.0157411 -0.313871 0.0507064 0 0.156863 1
v 0.0157411 -0.314761 0.0506128 0 0.156863 1
v 0.0157411 -0.314717 0.0506472 0 0.156863 1
v 0.0157411 -0.314802 0.0505755 0 0.156863 1
v 0.0157411 -0.314358 0.0492078 0 0.156863 1
v 0.0157411 -0.314413 0.0492175 0 0.156863 1
v 0.0157411 -0.314246 0.0492 0 0.156863 1
v 0.0157411 -0.314302 0.0492019 0 0.156863 1
v 0.0157411 -0.314135 0.0492078 0 0.156863 1
v 0.0157411 -0.314191 0.0492019 0 0.156863 1
v 0.0157411 -0.313973 0.0492482 0 0.156863 1
v 0.0157411 -0.313871 0.0492936 0 0.156863 1
v 0.0157411 -0.313921 0.0492692 0 0.156863 1
v 0.0157411 -0.313652 0.0494647 0 0.156863 1
v 0.0157411 -0.313616 0.0495075 0 0.156863 1
v 0.0157411 -0.313583 0.0504474 0 0.156863 1
v 0.0157411 -0.31467 0.0506784 0 0.156863 1
v 0.0157411 -0.314965 0.0503507 0 0.156863 1
v 0.0157411 -0.314939 0.0504 0 0.156863 1
v 0.0157411 -0.314988 0.0502997 0 0.156863 1
v 0.0157411 -0.31452 0.0492482 0 0.156863 1
v 0.0157411 -0.314572 0.0492692 0 0.156863 1
v 0.0157411 -0.31408 0.0492175 0 0.156863 1
v 0.0157411 -0.313616 0.0504925 0 0.156863 1
v 0.0157411 -0.313652 0.0505353 0 0.156863 1
v 0.0157411 -0.313691 0.0505755 0 0.156863 1
v 0.0157411 -0.31491 0.0504474 0 0.156863 1
v 0.0157411 -0.315042 0.0500836 0 0.156863 1
v 0.0157411 -0.315034 0.0501389 0 0.156863 1
v 0.0157411 -0.315046 0.0500279 0 0.156863 1
v 0.0157411 -0.314717 0.0493528 0 0.156863 1
v 0.0157411 -0.314761 0.0493872 0 0.156863 1
v 0.0157411 -0.314467 0.049231 0 0.156863 1
v 0.0157411 -0.313822 0.0493216 0 0.156863 1
v 0.0157411 -0.313732 0.0493872 0 0.156863 1
v 0.0157411 -0.313776 0.0493528 0 0.156863 1
v 0.0157411 -0.313691 0.0494245 0 0.156863 1
v 0.0157411 -0.313527 0.0496493 0 0.156863 1
v 0.0157411 -0.313505 0.0497003 0 0.156863 1
v 0.0157411 -0.313451 0.0500836 0 0.156863 1
v 0.0157411 -0.313459 0.0501389 0 0.156863 1
v 0.0157411 -0.314841 0.0505353 0 0.156863 1
v 0.0157411 -0.314877 0.0504925 0 0.156863 1
v 0.0157411 -0.315007 0.0502472 0 0.156863 1
v 0.0157411 -0.315023 0.0501935 0 0.156863 1
v 0.0157411 -0.314939 0.0496 0 0.156863 1
v 0.0157411 -0.314965 0.0496493 0 0.156863 1
v 0.0157411 -0.31491 0.0495526 0 0.156863 1
v 0.0157411 -0.31467 0.0493216 0 0.156863 1
v 0.0157411 -0.314622 0.0492936 0 0.156863 1
v 0.0157411 -0.313554 0.0496 0 0.156863 1
v 0.0157411 -0.313451 0.0499164 0 0.156863 1
v 0.0157411 -0.313447 0.0499721 0 0.156863 1
v 0.0157411 -0.31347 0.0501935 0 0.156863 1
v 0.0157411 -0.313486 0.0502472 0 0.156863 1
v 0.0157411 -0.313505 0.0502997 0 0.156863 1
v 0.0157411 -0.315034 0.0498611 0 0.156863 1
v 0.0157411 -0.315042 0.0499164 0 0.156863 1
v 0.0157411 -0.313583 0.0495526 0 0.156863 1
v 0.0157411 -0.313486 0.0497528 0 0.156863 1
v 0.0157411 -0.31347 0.0498065 0 0.156863 1
v 0.0157411 -0.313459 0.0498611 0 0.156863 1
v 0.0157411 -0.315046 0.0499721 0 0.156863 1
v 0.0157411 -0.315023 0.0498065 0 0.156863 1
v 0.0157411 -0.314988 0.0497003 0 0.156863 1
v 0.0157411 -0.315007 0.0497528 0 0.156863 1
v 0.0157411 -0.314877 0.0495075 0 0.156863 1
v 0.0157411 -0.314802 0.0494245 0 0.156863 1
v 0.0157411 -0.314841 0.0494647 0 0.156863 1
v 0.0157411 -0.313447 0.0500279 0 0.156863 1
vn 0 1.15117e-15 -1
vn 8.5427e-18 -0.0697565 -0.997564
vn 1.70438e-17 -0.139173 -0.990268
vn 2.54618e-17 -0.207912 -0.978148
vn 3.37558e-17 -0.275637 -0.961262
vn 4.18854e-17 -0.34202 -0.939693
vn 4.98109e-17 -0.406737 -0.913545
vn 5.74937e-17 -0.469472 -0.882948
vn 6.48964e-17 -0.529919 -0.848048
vn 7.19829e-17 -0.587785 -0.809017
vn 7.87188e-17 -0.642788 -0.766044
vn 8.50711e-17 -0.694658 -0.71934
vn 9.1009e-17 -0.743145 -0.669131
vn 9.65035e-17 -0.788011 -0.615661
vn 1.01528e-16 -0.829038 -0.559193
vn 1.06058e-16 -0.866025 -0.5
vn 1.10071e-16 -0.898794 -0.438371
vn 1.13547e-16 -0.927184 -0.374607
vn 1.16471e-16 -0.951057 -0.309017
vn 1.18827e-16 -0.970296 -0.241922
vn 1.20604e-16 -0.984808 -0.173648
vn 1.21794e-16 -0.994522 -0.104528
vn 1.2239e-16 -0.999391 -0.0348995
vn 1.2239e-16 -0.999391 0.0348995
vn 1.21794e-16 -0.994522 0.104528
vn 1.20604e-16 -0.984808 0.173648
vn 1.18827e-16 -0.970296 0.241922
vn 1.16471e-16 -0.951057 0.309017
vn 1.13547e-16 -0.927184 0.374607
vn 1.10071e-16 -0.898794 0.438371
vn 1.06058e-16 -0.866025 0.5
vn 1.01528e-16 -0.829038 0.559193
vn 9.65035e-17 -0.788011 0.615661
vn 9.1009e-17 -0.743145 0.669131
vn 8.50711e-17 -0.694658 0.71934
vn 7.87188e-17 -0.642788 0.766044
vn 7.19829e-17 -0.587785 0.809017
vn 6.48964e-17 -0.529919 0.848048
vn 5.74937e-17 -0.469472 0.882948
vn 4.98109e-17 -0.406737 0.913545
vn 4.18854e-17 -0.34202 0.939693
vn 3.37558e-17 -0.275637 0.961262
vn 2.54618e-17 -0.207912 0.978148
vn 1.70438e-17 -0.139173 0.990268
vn 8.5427e-18 -0.0697565 0.997564
vn 6.93828e-32 -5.66554e-16 1
vn -8.5427e-18 0.0697565 0.997564
vn -1.70438e-17 0.139173 0.990268
vn -2.54618e-17 0.207912 0.978148
vn -3.37558e-17 0.275637 0.961262
vn -4.18854e-17 0.34202 0.939693
vn -4.98109e-17 0.406737 0.913545
vn -5.74937e-17 0.469472 0.882948
vn -6.48964e-17 0.529919 0.848048
vn -7.19829e-17 0.587785 0.809017
vn -7.87188e-17 0.642788 0.766044
vn -8.50711e-17 0.694658 0.71934
vn -9.1009e-17 0.743145 0.669131
vn -9.65035e-17 0.788011 0.615661
vn -1.01528e-16 0.829038 0.559193
vn -1.06058e-16 0.866025 0.5
vn -1.10071e-16 0.898794 0.438371
vn -1.13547e-16 0.927184 0.374607
vn -1.16471e-16 0.951057 0.309017
vn -1.18827e-16 0.970296 0.241922
vn -1.20604e-16 0.984808 0.173648
vn -1.21794e-16 0.994522 0.104528
vn -1.2239e-16 0.999391 0.0348995
vn -1.2239e-16 0.999391 -0.0348995
vn -1.21794e-16 0.994522 -0.104528
vn -1.20604e-16 0.984808 -0.173648
vn -1.18827e-16 0.970296 -0.241922
vn -1.16471e-16 0.951057 -0.309017
vn -1.13547e-16 0.927184 -0.374607
vn -1.10071e-16 0.898794 -0.438371
vn -1.06058e-16 0.866025 -0.5
vn -1.01528e-16 0.829038 -0.559193
vn -9.65035e-17 0.788011 -0.615661
vn -9.1009e-17 0.743145 -0.669131
vn -8.50711e-17 0.694658 -0.71934
vn -7.87188e-17 0.642788 -0.766044
vn -7.19829e-17 0.587785 -0.809017
vn -6.48964e-17 0.529919 -0.848048
vn -5.74937e-17 0.469472 -0.882948
vn -4.98109e-17 0.406737 -0.913545
vn -4.18854e-17 0.34202 -0.939693
vn -3.37558e-17 0.275637 -0.961262
vn -2.54618e-17 0.207912 -0.978148
vn -1.70438e-17 0.139173 -0.990268
vn -8.5427e-18 0.0697565 -0.997564
vn -1 -1.22465e-16 0
vn -4.01453e-18 -0.707107 -0.707107
vn -3.35389e-18 -1 0
vn 1 1.22465e-16 -0
vn -4.01453e-18 -0.707107 -0.707107
vn 1.22465e-16 -1 9.25186e-16
vn 1 1.22465e-16 -0
vn -4.01453e-18 -0.707107 -0.707107
vn -3.35389e-18 -1 0
vn -1 -1.22465e-16 0
vn -4.01453e-18 -0.707107 -0.707107
vn 1.22465e-16 -1 9.25186e-16
vn -1 -1.22465e-16 0
vn -4.01453e-18 -0.707107 -0.707107
vn -3.35389e-18 -1 0
vn -1 0 0
vn -0.997669 -0.0682424 0
vn -0.990686 -0.136167 0
vn -0.979921 -0.199384 0
vn -0.979084 -0.203456 0
vn -0.971587 -0.236681 0
vn -0.962927 -0.269764 0
vn -0.962917 -0.269797 0
vn -0.953518 -0.301336 0
vn -0.942261 -0.33488 0
vn -0.930262 -0.366896 0
vn -0.917212 -0.398399 0
vn -0.917211 -0.398401 0
vn -0.916311 -0.400467 0
vn -0.887885 -0.460065 0
vn -0.868616 -0.495487 0
vn -0.854419 -0.519584 0
vn -0.887885 -0.460065 0
vn -0.836223 -0.54839 0
vn -0.816972 -0.576677 0
vn -0.81697 -0.57668 0
vn -0.81092 -0.585157 0
vn -0.775711 -0.631088 0
vn -0.743882 -0.668311 0
vn -0.730836 -0.682553 0
vn -0.775711 -0.631088 0
vn -0.707091 -0.707122 0
vn -0.682553 -0.730836 0
vn -0.631088 -0.775711 0
vn -0.682552 -0.730837 0
vn -0.668311 -0.743882 0
vn -0.57668 -0.81697 0
vn -0.631088 -0.775711 0
vn -0.585157 -0.81092 0
vn -0.519584 -0.854419 0
vn -0.57668 -0.81697 0
vn -0.548399 -0.836217 0
vn -0.460065 -0.887885 0
vn -0.519572 -0.854427 0
vn -0.495487 -0.868616 0
vn -0.398401 -0.917211 0
vn -0.460065 -0.887885 0
vn -0.400467 -0.916311 0
vn -0.33488 -0.942261 0
vn -0.398401 -0.917211 0
vn -0.366861 -0.930276 0
vn -0.269797 -0.962917 0
vn -0.33488 -0.942261 0
vn -0.301336 -0.953518 0
vn -0.203456 -0.979084 0
vn -0.269797 -0.962917 0
vn -0.236666 -0.971591 0
vn -0.136167 -0.990686 0
vn -0.203451 -0.979085 0
vn -0.199384 -0.979921 0
vn -0.0682424 -0.997669 0
vn -0.136167 -0.990686 0
vn 0 -1 0
vn -0.0682424 -0.997669 0
vn -0.0482547 -0.705458 -0.707107
vn 0 -0.707107 -0.707107
vn -0.0962844 -0.700521 -0.707107
vn -0.143865 -0.692317 -0.707107
vn -0.190775 -0.680885 -0.707107
vn -0.236796 -0.666279 -0.707107
vn -0.194257 -0.6799 -0.707107
vn -0.281712 -0.648566 -0.707107
vn -0.224622 -0.670481 -0.707107
vn -0.254369 -0.65977 -0.707107
vn -0.325315 -0.62783 -0.707107
vn -0.283462 -0.647804 -0.707107
vn -0.297715 -0.641378 -0.707107
vn -0.311876 -0.634613 -0.707107
vn -0.281712 -0.648566 -0.707107
vn -0.367401 -0.604166 -0.707107
vn -0.325315 -0.62783 -0.707107
vn -0.339574 -0.620233 -0.707107
vn -0.353148 -0.612606 -0.707107
vn -0.366525 -0.604698 -0.707107
vn -0.407775 -0.577685 -0.707107
vn -0.367401 -0.604166 -0.707107
vn -0.392698 -0.588037 -0.707107
vn -0.446247 -0.548511 -0.707107
vn -0.418056 -0.570288 -0.707107
vn -0.430407 -0.561026 -0.707107
vn -0.407775 -0.577685 -0.707107
vn -0.442583 -0.551471 -0.707107
vn -0.482638 -0.516779 -0.707107
vn -0.446247 -0.548511 -0.707107
vn -0.466232 -0.531627 -0.707107
vn -0.516779 -0.482638 -0.707107
vn -0.499993 -0.500007 -0.707107
vn -0.488976 -0.510786 -0.707107
vn -0.510785 -0.488977 -0.707107
vn -0.482638 -0.516779 -0.707107
vn -0.531627 -0.466232 -0.707107
vn -0.548511 -0.446247 -0.707107
vn -0.516779 -0.482638 -0.707107
vn -0.570285 -0.418062 -0.707107
vn -0.577685 -0.407775 -0.707107
vn -0.551472 -0.442582 -0.707107
vn -0.561029 -0.430403 -0.707107
vn -0.577685 -0.407775 -0.707107
vn -0.588037 -0.392698 -0.707107
vn -0.604166 -0.367401 -0.707107
vn -0.620233 -0.339574 -0.707107
vn -0.62783 -0.325315 -0.707107
vn -0.612598 -0.353163 -0.707107
vn -0.604698 -0.366525 -0.707107
vn -0.62783 -0.325315 -0.707107
vn -0.647803 -0.283464 -0.707107
vn -0.648566 -0.281712 -0.707107
vn -0.63462 -0.311862 -0.707107
vn -0.641375 -0.297722 -0.707107
vn -0.648566 -0.281712 -0.707107
vn -0.65977 -0.254369 -0.707107
vn -0.670481 -0.224622 -0.707107
vn -0.666279 -0.236796 -0.707107
vn -0.6799 -0.194257 -0.707107
vn -0.680885 -0.190775 -0.707107
vn -0.692317 -0.143865 -0.707107
vn -0.700521 -0.0962844 -0.707107
vn -0.705458 -0.0482547 -0.707107
vn -0.707107 0 -0.707107
vn 0 -0.707107 -0.707107
vn -1 -1.22465e-16 0
vn -0.707107 -8.65956e-17 -0.707107
vn -0.997669 -0.0682424 0
vn -0.990686 -0.136167 0
vn -0.979084 -0.203456 0
vn -0.962917 -0.269797 0
vn -0.942261 -0.33488 0
vn -0.917211 -0.398401 0
vn -0.887885 -0.460065 0
vn -0.854419 -0.519584 0
vn -0.81697 -0.57668 0
vn -0.775711 -0.631088 0
vn -0.730836 -0.682553 0
vn -0.682553 -0.730836 0
vn -0.631088 -0.775711 0
vn -0.57668 -0.81697 0
vn -0.519584 -0.854419 0
vn -0.460065 -0.887885 0
vn -0.398401 -0.917211 0
vn -0.33488 -0.942261 0
vn -0.269797 -0.962917 0
vn -0.203456 -0.979084 0
vn -0.136167 -0.990686 0
vn -0.0682424 -0.997669 0
vn 0 -1 0
vn 0 1 0
vn -0.0682424 0.997669 0
vn -0.136167 0.990686 0
vn -0.199384 0.979921 0
vn -0.203456 0.979084 0
vn -0.236681 0.971587 0
vn -0.269764 0.962927 0
vn -0.269797 0.962917 0
vn -0.301336 0.953518 0
vn -0.33488 0.942261 0
vn -0.366896 0.930262 0
vn -0.398399 0.917212 0
vn -0.398401 0.917211 0
vn -0.400467 0.916311 0
vn -0.460065 0.887885 0
vn -0.495487 0.868616 0
vn -0.519584 0.854419 0
vn -0.460065 0.887885 0
vn -0.54839 0.836223 0
vn -0.576677 0.816972 0
vn -0.57668 0.81697 0
vn -0.585157 0.81092 0
vn -0.631088 0.775711 0
vn -0.668311 0.743882 0
vn -0.682553 0.730836 0
vn -0.631088 0.775711 0
vn -0.707122 0.707091 0
vn -0.730836 0.682553 0
vn -0.775711 0.631088 0
vn -0.730837 0.682552 0
vn -0.743882 0.668311 0
vn -0.81697 0.57668 0
vn -0.775711 0.631088 0
vn -0.81092 0.585157 0
vn -0.854419 0.519584 0
vn -0.81697 0.57668 0
vn -0.836217 0.548399 0
vn -0.887885 0.460065 0
vn -0.854427 0.519572 0
vn -0.868616 0.495487 0
vn -0.917211 0.398401 0
vn -0.887885 0.460065 0
vn -0.916311 0.400467 0
vn -0.942261 0.33488 0
vn -0.917211 0.398401 0
vn -0.930276 0.366861 0
vn -0.962917 0.269797 0
vn -0.942261 0.33488 0
vn -0.953518 0.301336 0
vn -0.979084 0.203456 0
vn -0.962917 0.269797 0
vn -0.971591 0.236666 0
vn -0.990686 0.136167 0
vn -0.979085 0.203451 0
vn -0.979921 0.199384 0
vn -0.997669 0.0682424 0
vn -0.990686 0.136167 0
vn -1 0 0
vn -0.997669 0.0682424 0
vn -0.705458 0.0482547 -0.707107
vn -0.707107 0 -0.707107
vn -0.700521 0.0962844 -0.707107
vn -0.692317 0.143865 -0.707107
vn -0.680885 0.190775 -0.707107
vn -0.666279 0.236796 -0.707107
vn -0.6799 0.194257 -0.707107
vn -0.648566 0.281712 -0.707107
vn -0.670481 0.224622 -0.707107
vn -0.65977 0.254369 -0.707107
vn -0.62783 0.325315 -0.707107
vn -0.647804 0.283462 -0.707107
vn -0.641378 0.297715 -0.707107
vn -0.634613 0.311876 -0.707107
vn -0.648566 0.281712 -0.707107
vn -0.604166 0.367401 -0.707107
vn -0.62783 0.325315 -0.707107
vn -0.620233 0.339574 -0.707107
vn -0.612606 0.353148 -0.707107
vn -0.604698 0.366525 -0.707107
vn -0.577685 0.407775 -0.707107
vn -0.604166 0.367401 -0.707107
vn -0.588037 0.392698 -0.707107
vn -0.548511 0.446247 -0.707107
vn -0.570288 0.418056 -0.707107
vn -0.561026 0.430407 -0.707107
vn -0.577685 0.407775 -0.707107
vn -0.551471 0.442583 -0.707107
vn -0.516779 0.482638 -0.707107
vn -0.548511 0.446247 -0.707107
vn -0.531627 0.466232 -0.707107
vn -0.482638 0.516779 -0.707107
vn -0.500007 0.499993 -0.707107
vn -0.510786 0.488976 -0.707107
vn -0.488977 0.510785 -0.707107
vn -0.516779 0.482638 -0.707107
vn -0.466232 0.531627 -0.707107
vn -0.446247 0.548511 -0.707107
vn -0.482638 0.516779 -0.707107
vn -0.418062 0.570285 -0.707107
vn -0.407775 0.577685 -0.707107
vn -0.442582 0.551472 -0.707107
vn -0.430403 0.561029 -0.707107
vn -0.407775 0.577685 -0.707107
vn -0.392698 0.588037 -0.707107
vn -0.367401 0.604166 -0.707107
vn -0.339574 0.620233 -0.707107
vn -0.325315 0.62783 -0.707107
vn -0.353163 0.612598 -0.707107
vn -0.366525 0.604698 -0.707107
vn -0.325315 0.62783 -0.707107
vn -0.283464 0.647803 -0.707107
vn -0.281712 0.648566 -0.707107
vn -0.311862 0.63462 -0.707107
vn -0.297722 0.641375 -0.707107
vn -0.281712 0.648566 -0.707107
vn -0.254369 0.65977 -0.707107
vn -0.224622 0.670481 -0.707107
vn -0.236796 0.666279 -0.707107
vn -0.194257 0.6799 -0.707107
vn -0.190775 0.680885 -0.707107
vn -0.143865 0.692317 -0.707107
vn -0.0962844 0.700521 -0.707107
vn -0.0482547 0.705458 -0.707107
vn 0 0.707107 -0.707107
vn -0.707107 0 -0.707107
vn -1 -1.22465e-16 -0
vn 0 0.707107 -0.707107
vn -0.0482547 0.705458 -0.707107
vn -0.0962844 0.700521 -0.707107
vn -0.143865 0.692317 -0.707107
vn -0.190775 0.680885 -0.707107
vn -0.236796 0.666279 -0.707107
vn -0.281712 0.648566 -0.707107
vn -0.325315 0.62783 -0.707107
vn -0.367401 0.604166 -0.707107
vn -0.407775 0.577685 -0.707107
vn -0.446247 0.548511 -0.707107
vn -0.482638 0.516779 -0.707107
vn -0.516779 0.482638 -0.707107
vn -0.548511 0.446247 -0.707107
vn -0.577685 0.407775 -0.707107
vn -0.604166 0.367401 -0.707107
vn -0.62783 0.325315 -0.707107
vn -0.648566 0.281712 -0.707107
vn -0.666279 0.236796 -0.707107
vn -0.680885 0.190775 -0.707107
vn -0.692317 0.143865 -0.707107
vn -0.700521 0.0962844 -0.707107
vn -0.705458 0.0482547 -0.707107
vn -0.707107 0 -0.707107
vn -0.705458 -0.0482547 -0.707107
vn -0.700521 -0.0962844 -0.707107
vn -0.692317 -0.143865 -0.707107
vn -0.680885 -0.190775 -0.707107
vn -0.666279 -0.236796 -0.707107
vn -0.648566 -0.281712 -0.707107
vn -0.62783 -0.325315 -0.707107
vn -0.604166 -0.367401 -0.707107
vn -0.577685 -0.407775 -0.707107
vn -0.548511 -0.446247 -0.707107
vn -0.516779 -0.482638 -0.707107
vn -0.482638 -0.516779 -0.707107
vn -0.446247 -0.548511 -0.707107
vn -0.407775 -0.577685 -0.707107
vn -0.367401 -0.604166 -0.707107
vn -0.325315 -0.62783 -0.707107
vn -0.281712 -0.648566 -0.707107
vn -0.236796 -0.666279 -0.707107
vn -0.190775 -0.680885 -0.707107
vn -0.143865 -0.692317 -0.707107
vn -0.0962844 -0.700521 -0.707107
vn -0.0482547 -0.705458 -0.707107
vn 0 -0.707107 -0.707107
vn 0 1 0
vn -0.0682424 0.997669 0
vn -0.136167 0.990686 0
vn -0.203456 0.979084 0
vn -0.269797 0.962917 0
vn -0.33488 0.942261 0
vn -0.398401 0.917211 0
vn -0.460065 0.887885 0
vn -0.519584 0.854419 0
vn -0.57668 0.81697 0
vn -0.631088 0.775711 0
vn -0.682553 0.730836 0
vn -0.730836 0.682553 0
vn -0.775711 0.631088 0
vn -0.81697 0.57668 0
vn -0.854419 0.519584 0
vn -0.887885 0.460065 0
vn -0.917211 0.398401 0
vn -0.942261 0.33488 0
vn -0.962917 0.269797 0
vn -0.979084 0.203456 0
vn -0.990686 0.136167 0
vn -0.997669 0.0682424 0
vn -1 0 0
vn -8.65956e-17 0.707107 -0.707107
vn -0 -0 -1
vn 0.707107 0 -0.707107
vn 0.705458 0.0482547 -0.707107
vn 0.700521 0.0962844 -0.707107
vn 0.692317 0.143865 -0.707107
vn 0.680885 0.190775 -0.707107
vn 0.666279 0.236796 -0.707107
vn 0.648566 0.281712 -0.707107
vn 0.62783 0.325315 -0.707107
vn 0.604166 0.367401 -0.707107
vn 0.577685 0.407775 -0.707107
vn 0.548511 0.446247 -0.707107
vn 0.516779 0.482638 -0.707107
vn 0.482638 0.516779 -0.707107
vn 0.446247 0.548511 -0.707107
vn 0.407775 0.577685 -0.707107
vn 0.367401 0.604166 -0.707107
vn 0.325315 0.62783 -0.707107
vn 0.281712 0.648566 -0.707107
vn 0.236796 0.666279 -0.707107
vn 0.190775 0.680885 -0.707107
vn 0.143865 0.692317 -0.707107
vn 0.0962844 0.700521 -0.707107
vn 0.0482547 0.705458 -0.707107
vn 0 0.707107 -0.707107
vn -1.22465e-16 1 0
vn 0.707107 8.65956e-17 -0.707107
vn 0 -0.707107 -0.707107
vn 0.0482547 -0.705458 -0.707107
vn 0.0962844 -0.700521 -0.707107
vn 0.143865 -0.692317 -0.707107
vn 0.190775 -0.680885 -0.707107
vn 0.236796 -0.666279 -0.707107
vn 0.281712 -0.648566 -0.707107
vn 0.325315 -0.62783 -0.707107
vn 0.367401 -0.604166 -0.707107
vn 0.407775 -0.577685 -0.707107
vn 0.446247 -0.548511 -0.707107
vn 0.482638 -0.516779 -0.707107
vn 0.516779 -0.482638 -0.707107
vn 0.548511 -0.446247 -0.707107
vn 0.577685 -0.407775 -0.707107
vn 0.604166 -0.367401 -0.707107
vn 0.62783 -0.325315 -0.707107
vn 0.648566 -0.281712 -0.707107
vn 0.666279 -0.236796 -0.707107
vn 0.680885 -0.190775 -0.707107
vn 0.692317 -0.143865 -0.707107
vn 0.700521 -0.0962844 -0.707107
vn 0.705458 -0.0482547 -0.707107
vn 0.707107 0 -0.707107
vn -8.65956e-17 0.707107 -0.707107
vn 0 1 0
vn 0.0682424 0.997669 0
vn 0.136167 0.990686 0
vn 0.203456 0.979084 0
vn 0.269797 0.962917 0
vn 0.33488 0.942261 0
vn 0.398401 0.917211 0
vn 0.460065 0.887885 0
vn 0.519584 0.854419 0
vn 0.57668 0.81697 0
vn 0.631088 0.775711 0
vn 0.682553 0.730836 0
vn 0.730836 0.682553 0
vn 0.775711 0.631088 0
vn 0.81697 0.57668 0
vn 0.854419 0.519584 0
vn 0.887885 0.460065 0
vn 0.917211 0.398401 0
vn 0.942261 0.33488 0
vn 0.962917 0.269797 0
vn 0.979084 0.203456 0
vn 0.990686 0.136167 0
vn 0.997669 0.0682424 0
vn 1 0 0
vn 0.997669 -0.0682424 0
vn 0.990686 -0.136167 0
vn 0.979084 -0.203456 0
vn 0.962917 -0.269797 0
vn 0.942261 -0.33488 0
vn 0.917211 -0.398401 0
vn 0.887885 -0.460065 0
vn 0.854419 -0.519584 0
vn 0.81697 -0.57668 0
vn 0.775711 -0.631088 0
vn 0.730836 -0.682553 0
vn 0.682553 -0.730836 0
vn 0.631088 -0.775711 0
vn 0.57668 -0.81697 0
vn 0.519584 -0.854419 0
vn 0.460065 -0.887885 0
vn 0.398401 -0.917211 0
vn 0.33488 -0.942261 0
vn 0.269797 -0.962917 0
vn 0.203456 -0.979084 0
vn 0.136167 -0.990686 0
vn 0.0682424 -0.997669 0
vn 0 -1 0
vn 1 1.22465e-16 0
vn 0.707107 8.65956e-17 -0.707107
vn 0.0482547 0.705458 -0.707107
vn 0 0.707107 -0.707107
vn 0.0962844 0.700521 -0.707107
vn 0.143865 0.692317 -0.707107
vn 0.190775 0.680885 -0.707107
vn 0.236796 0.666279 -0.707107
vn 0.194257 0.6799 -0.707107
vn 0.281712 0.648566 -0.707107
vn 0.224622 0.670481 -0.707107
vn 0.254369 0.65977 -0.707107
vn 0.325315 0.62783 -0.707107
vn 0.283462 0.647804 -0.707107
vn 0.297715 0.641378 -0.707107
vn 0.311876 0.634613 -0.707107
vn 0.281712 0.648566 -0.707107
vn 0.367401 0.604166 -0.707107
vn 0.325315 0.62783 -0.707107
vn 0.339574 0.620233 -0.707107
vn 0.353148 0.612606 -0.707107
vn 0.366525 0.604698 -0.707107
vn 0.407775 0.577685 -0.707107
vn 0.367401 0.604166 -0.707107
vn 0.392698 0.588037 -0.707107
vn 0.446247 0.548511 -0.707107
vn 0.418056 0.570288 -0.707107
vn 0.430407 0.561026 -0.707107
vn 0.407775 0.577685 -0.707107
vn 0.442583 0.551471 -0.707107
vn 0.482638 0.516779 -0.707107
vn 0.446247 0.548511 -0.707107
vn 0.466232 0.531627 -0.707107
vn 0.516779 0.482638 -0.707107
vn 0.499993 0.500007 -0.707107
vn 0.488976 0.510786 -0.707107
vn 0.510785 0.488977 -0.707107
vn 0.482638 0.516779 -0.707107
vn 0.531627 0.466232 -0.707107
vn 0.548511 0.446247 -0.707107
vn 0.516779 0.482638 -0.707107
vn 0.570285 0.418062 -0.707107
vn 0.577685 0.407775 -0.707107
vn 0.551472 0.442582 -0.707107
vn 0.561029 0.430403 -0.707107
vn 0.577685 0.407775 -0.707107
vn 0.588037 0.392698 -0.707107
vn 0.604166 0.367401 -0.707107
vn 0.620233 0.339574 -0.707107
vn 0.62783 0.325315 -0.707107
vn 0.612598 0.353163 -0.707107
vn 0.604698 0.366525 -0.707107
vn 0.62783 0.325315 -0.707107
vn 0.647803 0.283464 -0.707107
vn 0.648566 0.281712 -0.707107
vn 0.63462 0.311862 -0.707107
vn 0.641375 0.297722 -0.707107
vn 0.648566 0.281712 -0.707107
vn 0.65977 0.254369 -0.707107
vn 0.670481 0.224622 -0.707107
vn 0.666279 0.236796 -0.707107
vn 0.6799 0.194257 -0.707107
vn 0.680885 0.190775 -0.707107
vn 0.692317 0.143865 -0.707107
vn 0.700521 0.0962844 -0.707107
vn 0.705458 0.0482547 -0.707107
vn 0.707107 0 -0.707107
vn 0 0.707107 -0.707107
vn 1 0 0
vn 0.997669 0.0682424 0
vn 0.990686 0.136167 0
vn 0.979921 0.199384 0
vn 0.979084 0.203456 0
vn 0.971587 0.236681 0
vn 0.962927 0.269764 0
vn 0.962917 0.269797 -0
vn 0.953518 0.301336 0
vn 0.942261 0.33488 0
vn 0.930262 0.366896 0
vn 0.917212 0.398399 0
vn 0.917211 0.398401 -0
vn 0.916311 0.400467 0
vn 0.887885 0.460065 -0
vn 0.868616 0.495487 0
vn 0.854419 0.519584 0
vn 0.887885 0.460065 0
vn 0.836223 0.54839 0
vn 0.816972 0.576677 0
vn 0.81697 0.57668 -0
vn 0.81092 0.585157 0
vn 0.775711 0.631088 -0
vn 0.743882 0.668311 0
vn 0.730836 0.682553 0
vn 0.775711 0.631088 0
vn 0.707091 0.707122 0
vn 0.682553 0.730836 -0
vn 0.631088 0.775711 -0
vn 0.682552 0.730837 0
vn 0.668311 0.743882 0
vn 0.57668 0.81697 -0
vn 0.631088 0.775711 0
vn 0.585157 0.81092 0
vn 0.519584 0.854419 -0
vn 0.57668 0.81697 0
vn 0.548399 0.836217 0
vn 0.460065 0.887885 -0
vn 0.519572 0.854427 0
vn 0.495487 0.868616 0
vn 0.398401 0.917211 -0
vn 0.460065 0.887885 0
vn 0.400467 0.916311 0
vn 0.33488 0.942261 -0
vn 0.398401 0.917211 0
vn 0.366861 0.930276 0
vn 0.269797 0.962917 -0
vn 0.33488 0.942261 0
vn 0.301336 0.953518 0
vn 0.203456 0.979084 -0
vn 0.269797 0.962917 0
vn 0.236666 0.971591 0
vn 0.136167 0.990686 -0
vn 0.203451 0.979085 0
vn 0.199384 0.979921 0
vn 0.0682424 0.997669 -0
vn 0.136167 0.990686 0
vn 0 1 0
vn 0.0682424 0.997669 0
vn 1 1.22465e-16 0
vn 0 -1 0
vn 0.0682424 -0.997669 0
vn 0.136167 -0.990686 0
vn 0.199384 -0.979921 0
vn 0.203456 -0.979084 0
vn 0.236681 -0.971587 0
vn 0.269764 -0.962927 0
vn 0.269797 -0.962917 0
vn 0.301336 -0.953518 0
vn 0.33488 -0.942261 0
vn 0.366896 -0.930262 0
vn 0.398399 -0.917212 0
vn 0.398401 -0.917211 0
vn 0.400467 -0.916311 0
vn 0.460065 -0.887885 0
vn 0.495487 -0.868616 0
vn 0.519584 -0.854419 0
vn 0.460065 -0.887885 0
vn 0.54839 -0.836223 0
vn 0.576677 -0.816972 0
vn 0.57668 -0.81697 0
vn 0.585157 -0.81092 0
vn 0.631088 -0.775711 0
vn 0.668311 -0.743882 0
vn 0.682553 -0.730836 0
vn 0.631088 -0.775711 0
vn 0.707122 -0.707091 0
vn 0.730836 -0.682553 0
vn 0.775711 -0.631088 0
vn 0.730837 -0.682552 0
vn 0.743882 -0.668311 0
vn 0.81697 -0.57668 0
vn 0.775711 -0.631088 0
vn 0.81092 -0.585157 0
vn 0.854419 -0.519584 0
vn 0.81697 -0.57668 0
vn 0.836217 -0.548399 0
vn 0.887885 -0.460065 0
vn 0.854427 -0.519572 0
vn 0.868616 -0.495487 0
vn 0.917211 -0.398401 0
vn 0.887885 -0.460065 0
vn 0.916311 -0.400467 0
vn 0.942261 -0.33488 0
vn 0.917211 -0.398401 0
vn 0.930276 -0.366861 0
vn 0.962917 -0.269797 0
vn 0.942261 -0.33488 0
vn 0.953518 -0.301336 0
vn 0.979084 -0.203456 0
vn 0.962917 -0.269797 0
vn 0.971591 -0.236666 0
vn 0.990686 -0.136167 0
vn 0.979085 -0.203451 0
vn 0.979921 -0.199384 0
vn 0.997669 -0.0682424 0
vn 0.990686 -0.136167 0
vn 1 0 0
vn 0.997669 -0.0682424 0
vn 0.707107 0 -0.707107
vn 0.705458 -0.0482547 -0.707107
vn 0.700521 -0.0962844 -0.707107
vn 0.692317 -0.143865 -0.707107
vn 0.680885 -0.190775 -0.707107
vn 0.666279 -0.236796 -0.707107
vn 0.6799 -0.194257 -0.707107
vn 0.648566 -0.281712 -0.707107
vn 0.670481 -0.224622 -0.707107
vn 0.65977 -0.254369 -0.707107
vn 0.62783 -0.325315 -0.707107
vn 0.647804 -0.283462 -0.707107
vn 0.641378 -0.297715 -0.707107
vn 0.634613 -0.311876 -0.707107
vn 0.648566 -0.281712 -0.707107
vn 0.604166 -0.367401 -0.707107
vn 0.62783 -0.325315 -0.707107
vn 0.620233 -0.339574 -0.707107
vn 0.612606 -0.353148 -0.707107
vn 0.604698 -0.366525 -0.707107
vn 0.577685 -0.407775 -0.707107
vn 0.604166 -0.367401 -0.707107
vn 0.588037 -0.392698 -0.707107
vn 0.548511 -0.446247 -0.707107
vn 0.570288 -0.418056 -0.707107
vn 0.561026 -0.430407 -0.707107
vn 0.577685 -0.407775 -0.707107
vn 0.551471 -0.442583 -0.707107
vn 0.516779 -0.482638 -0.707107
vn 0.548511 -0.446247 -0.707107
vn 0.531627 -0.466232 -0.707107
vn 0.482638 -0.516779 -0.707107
vn 0.500007 -0.499993 -0.707107
vn 0.510786 -0.488976 -0.707107
vn 0.488977 -0.510785 -0.707107
vn 0.516779 -0.482638 -0.707107
vn 0.466232 -0.531627 -0.707107
vn 0.446247 -0.548511 -0.707107
vn 0.482638 -0.516779 -0.707107
vn 0.418062 -0.570285 -0.707107
vn 0.407775 -0.577685 -0.707107
vn 0.442582 -0.551472 -0.707107
vn 0.430403 -0.561029 -0.707107
vn 0.407775 -0.577685 -0.707107
vn 0.392698 -0.588037 -0.707107
vn 0.367401 -0.604166 -0.707107
vn 0.339574 -0.620233 -0.707107
vn 0.325315 -0.62783 -0.707107
vn 0.353163 -0.612598 -0.707107
vn 0.366525 -0.604698 -0.707107
vn 0.325315 -0.62783 -0.707107
vn 0.283464 -0.647803 -0.707107
vn 0.281712 -0.648566 -0.707107
vn 0.311862 -0.63462 -0.707107
vn 0.297722 -0.641375 -0.707107
vn 0.281712 -0.648566 -0.707107
vn 0.254369 -0.65977 -0.707107
vn 0.224622 -0.670481 -0.707107
vn 0.236796 -0.666279 -0.707107
vn 0.194257 -0.6799 -0.707107
vn 0.190775 -0.680885 -0.707107
vn 0.143865 -0.692317 -0.707107
vn 0.0962844 -0.700521 -0.707107
vn 0.0482547 -0.705458 -0.707107
vn 0 -0.707107 -0.707107
vn 0.707107 0 -0.707107
vn -3.35389e-18 -1 0
vn -4.01453e-18 -0.707107 -0.707107
vn 1 1.22465e-16 -0
vn 1.22465e-16 -1 9.25186e-16
vn -4.01453e-18 -0.707107 -0.707107
vn 1 1.22465e-16 -0
vn -1 -1.22465e-16 0
vn 0 1.15117e-15 -1
vn 8.5427e-18 -0.0697565 -0.997564
vn 1.70438e-17 -0.139173 -0.990268
vn 2.54618e-17 -0.207912 -0.978148
vn 3.37558e-17 -0.275637 -0.961262
vn 4.18854e-17 -0.34202 -0.939693
vn 4.98109e-17 -0.406737 -0.913545
vn 5.74937e-17 -0.469472 -0.882948
vn 6.48964e-17 -0.529919 -0.848048
vn 7.19829e-17 -0.587785 -0.809017
vn 7.87188e-17 -0.642788 -0.766044
vn 8.50711e-17 -0.694658 -0.71934
vn 9.1009e-17 -0.743145 -0.669131
vn 9.65035e-17 -0.788011 -0.615661
vn 1.01528e-16 -0.829038 -0.559193
vn 1.06058e-16 -0.866025 -0.5
vn 1.10071e-16 -0.898794 -0.438371
vn 1.13547e-16 -0.927184 -0.374607
vn 1.16471e-16 -0.951057 -0.309017
vn 1.18827e-16 -0.970296 -0.241922
vn 1.20604e-16 -0.984808 -0.173648
vn 1.21794e-16 -0.994522 -0.104528
vn 1.2239e-16 -0.999391 -0.0348995
vn 1.2239e-16 -0.999391 0.0348995
vn 1.21794e-16 -0.994522 0.104528
vn 1.20604e-16 -0.984808 0.173648
vn 1.18827e-16 -0.970296 0.241922
vn 1.16471e-16 -0.951057 0.309017
vn 1.13547e-16 -0.927184 0.374607
vn 1.10071e-16 -0.898794 0.438371
vn 1.06058e-16 -0.866025 0.5
vn 1.01528e-16 -0.829038 0.559193
vn 9.65035e-17 -0.788011 0.615661
vn 9.1009e-17 -0.743145 0.669131
vn 8.50711e-17 -0.694658 0.71934
vn 7.87188e-17 -0.642788 0.766044
vn 7.19829e-17 -0.587785 0.809017
vn 6.48964e-17 -0.529919 0.848048
vn 5.74937e-17 -0.469472 0.882948
vn 4.98109e-17 -0.406737 0.913545
vn 4.18854e-17 -0.34202 0.939693
vn 3.37558e-17 -0.275637 0.961262
vn 2.54618e-17 -0.207912 0.978148
vn 1.70438e-17 -0.139173 0.990268
vn 8.5427e-18 -0.0697565 0.997564
vn 6.93828e-32 -5.66554e-16 1
vn -8.5427e-18 0.0697565 0.997564
vn -1.70438e-17 0.139173 0.990268
vn -2.54618e-17 0.207912 0.978148
vn -3.37558e-17 0.275637 0.961262
vn -4.18854e-17 0.34202 0.939693
vn -4.98109e-17 0.406737 0.913545
vn -5.74937e-17 0.469472 0.882948
vn -6.48964e-17 0.529919 0.848048
vn -7.19829e-17 0.587785 0.809017
vn -7.87188e-17 0.642788 0.766044
vn -8.50711e-17 0.694658 0.71934
vn -9.1009e-17 0.743145 0.669131
vn -9.65035e-17 0.788011 0.615661
vn -1.01528e-16 0.829038 0.559193
vn -1.06058e-16 0.866025 0.5
vn -1.10071e-16 0.898794 0.438371
vn -1.13547e-16 0.927184 0.374607
vn -1.16471e-16 0.951057 0.309017
vn -1.18827e-16 0.970296 0.241922
vn -1.20604e-16 0.984808 0.173648
vn -1.21794e-16 0.994522 0.104528
vn -1.2239e-16 0.999391 0.0348995
vn -1.2239e-16 0.999391 -0.0348995
vn -1.21794e-16 0.994522 -0.104528
vn -1.20604e-16 0.984808 -0.173648
vn -1.18827e-16 0.970296 -0.241922
vn -1.16471e-16 0.951057 -0.309017
vn -1.13547e-16 0.927184 -0.374607
vn -1.10071e-16 0.898794 -0.438371
vn -1.06058e-16 0.866025 -0.5
vn -1.01528e-16 0.829038 -0.559193
vn -9.65035e-17 0.788011 -0.615661
vn -9.1009e-17 0.743145 -0.669131
vn -8.50711e-17 0.694658 -0.71934
vn -7.87188e-17 0.642788 -0.766044
vn -7.19829e-17 0.587785 -0.809017
vn -6.48964e-17 0.529919 -0.848048
vn -5.74937e-17 0.469472 -0.882948
vn -4.98109e-17 0.406737 -0.913545
vn -4.18854e-17 0.34202 -0.939693
vn -3.37558e-17 0.275637 -0.961262
vn -2.54618e-17 0.207912 -0.978148
vn -1.70438e-17 0.139173 -0.990268
vn -8.5427e-18 0.0697565 -0.997564
vn -0 0 1
vn 9.32818e-18 1 0
vn -1 -1.22465e-16 0
vn 1.22465e-16 -1 0
vn 1 1.22465e-16 0
vn 1.22326e-16 -0.99887 0.0475173
vn 1.2163e-16 -0.993185 0.116546
vn 1.2035e-16 -0.982736 0.185015
vn 1.18493e-16 -0.967572 0.252597
vn 1.16068e-16 -0.947766 0.318967
vn 1.13086e-16 -0.923413 0.383807
vn 1.09561e-16 -0.894631 0.446805
vn 1.0551e-16 -0.861557 0.50766
vn 1.00954e-16 -0.82435 0.56608
vn 9.59129e-17 -0.783188 0.621784
vn 9.04119e-17 -0.73827 0.674506
vn 8.44772e-17 -0.689809 0.723991
vn 7.81373e-17 -0.638039 0.770004
vn 7.14225e-17 -0.583209 0.812322
vn 6.4365e-17 -0.52558 0.850744
vn 5.69988e-17 -0.465431 0.885084
vn 4.93592e-17 -0.403048 0.915179
vn 4.14827e-17 -0.338732 0.940883
vn 3.34073e-17 -0.272791 0.962073
vn 2.51716e-17 -0.205542 0.978648
vn 1.68152e-17 -0.137306 0.990529
vn 8.37803e-18 -0.0684118 0.997657
vn -9.92812e-20 0.000810693 1
vn -8.57612e-18 0.0700293 0.997545
vn -1.70118e-17 0.138912 0.990305
vn -2.53659e-17 0.207128 0.978314
vn -3.35983e-17 0.274351 0.96163
vn -4.16695e-17 0.340257 0.940332
vn -4.95408e-17 0.404532 0.914524
vn -5.71745e-17 0.466865 0.884328
vn -6.45339e-17 0.526959 0.849891
vn -7.15837e-17 0.584525 0.811376
vn -7.82901e-17 0.639287 0.768968
vn -8.46209e-17 0.690982 0.722872
vn -9.05458e-17 0.739362 0.673308
vn -9.60363e-17 0.784196 0.620514
vn -1.01066e-16 0.825267 0.564743
vn -1.05611e-16 0.862379 0.506263
vn -1.09649e-16 0.895355 0.445354
vn -1.13162e-16 0.924035 0.382309
vn -1.16131e-16 0.948282 0.31743
vn -1.18543e-16 0.96798 0.251028
vn -1.20387e-16 0.983034 0.183421
vn -1.21653e-16 0.993373 0.114935
vn -1.22336e-16 0.998946 0.0458976
vn -1.22431e-16 0.999727 -0.0233601
vn -1.2194e-16 0.995712 -0.0925058
vn -1.20863e-16 0.986921 -0.161208
vn -1.19206e-16 0.973394 -0.229136
vn -1.16978e-16 0.955199 -0.295966
vn -1.14189e-16 0.932421 -0.361375
vn -1.10851e-16 0.905169 -0.425051
vn -1.06982e-16 0.873576 -0.486688
vn -1.026e-16 0.837792 -0.54599
vn -9.77254e-17 0.797988 -0.602673
vn -9.23821e-17 0.754357 -0.656464
vn -8.54398e-17 0.707107 -0.707107
vn 0 -0.999764 -0.021734
vn -1 -1.22465e-16 0
vn 1 1.22465e-16 -0
vn 8.5427e-18 -0.0697565 0.997564
vn -0 -3.05396e-15 1
vn 1.70438e-17 -0.139173 0.990268
vn 8.5427e-18 -0.0697565 0.997564
vn 2.54618e-17 -0.207912 0.978148
vn 1.70438e-17 -0.139173 0.990268
vn 3.37558e-17 -0.275637 0.961262
vn 2.54618e-17 -0.207912 0.978148
vn 4.18854e-17 -0.34202 0.939693
vn 3.37558e-17 -0.275637 0.961262
vn 4.98109e-17 -0.406737 0.913545
vn 4.18854e-17 -0.34202 0.939693
vn 5.74937e-17 -0.469472 0.882948
vn 4.98109e-17 -0.406737 0.913545
vn 6.48964e-17 -0.529919 0.848048
vn 5.74937e-17 -0.469472 0.882948
vn 7.19829e-17 -0.587785 0.809017
vn 6.48964e-17 -0.529919 0.848048
vn 7.87188e-17 -0.642788 0.766044
vn 7.19829e-17 -0.587785 0.809017
vn 8.50711e-17 -0.694658 0.71934
vn 7.87188e-17 -0.642788 0.766044
vn 9.1009e-17 -0.743145 0.669131
vn 8.50711e-17 -0.694658 0.71934
vn 9.65035e-17 -0.788011 0.615661
vn 9.1009e-17 -0.743145 0.669131
vn 1.01528e-16 -0.829038 0.559193
vn 9.65035e-17 -0.788011 0.615661
vn 1.06058e-16 -0.866025 0.5
vn 1.01528e-16 -0.829038 0.559193
vn 1.10071e-16 -0.898794 0.438371
vn 1.06058e-16 -0.866025 0.5
vn 1.13547e-16 -0.927184 0.374607
vn 1.10071e-16 -0.898794 0.438371
vn 1.16471e-16 -0.951057 0.309017
vn 1.13547e-16 -0.927184 0.374607
vn 1.18827e-16 -0.970296 0.241922
vn 1.16471e-16 -0.951057 0.309017
vn 1.20604e-16 -0.984808 0.173648
vn 1.18827e-16 -0.970296 0.241922
vn 1.21794e-16 -0.994522 0.104528
vn 1.20604e-16 -0.984808 0.173648
vn 1.2239e-16 -0.999391 0.0348995
vn 1.21794e-16 -0.994522 0.104528
vn 1.2239e-16 -0.999391 -0.0348995
vn 1.2239e-16 -0.999391 0.0348995
vn 1.21794e-16 -0.994522 -0.104528
vn 1.2239e-16 -0.999391 -0.0348995
vn 1.20604e-16 -0.984808 -0.173648
vn 1.21794e-16 -0.994522 -0.104528
vn 1.18827e-16 -0.970296 -0.241922
vn 1.20604e-16 -0.984808 -0.173648
vn 1.16471e-16 -0.951057 -0.309017
vn 1.18827e-16 -0.970296 -0.241922
vn 1.13547e-16 -0.927184 -0.374607
vn 1.16471e-16 -0.951057 -0.309017
vn 1.10071e-16 -0.898794 -0.438371
vn 1.13547e-16 -0.927184 -0.374607
vn 1.06058e-16 -0.866025 -0.5
vn 1.10071e-16 -0.898794 -0.438371
vn 1.01528e-16 -0.829038 -0.559193
vn 1.06058e-16 -0.866025 -0.5
vn 9.65035e-17 -0.788011 -0.615661
vn 1.01528e-16 -0.829038 -0.559193
vn 9.1009e-17 -0.743145 -0.669131
vn 9.65035e-17 -0.788011 -0.615661
vn 8.50711e-17 -0.694658 -0.71934
vn 9.1009e-17 -0.743145 -0.669131
vn 7.87188e-17 -0.642788 -0.766044
vn 8.50711e-17 -0.694658 -0.71934
vn 7.19829e-17 -0.587785 -0.809017
vn 7.87188e-17 -0.642788 -0.766044
vn 6.48964e-17 -0.529919 -0.848048
vn 7.19829e-17 -0.587785 -0.809017
vn 5.74937e-17 -0.469472 -0.882948
vn 6.48964e-17 -0.529919 -0.848048
vn 4.98109e-17 -0.406737 -0.913545
vn 5.74937e-17 -0.469472 -0.882948
vn 4.18854e-17 -0.34202 -0.939693
vn 4.98109e-17 -0.406737 -0.913545
vn 3.37558e-17 -0.275637 -0.961262
vn 4.18854e-17 -0.34202 -0.939693
vn 2.54618e-17 -0.207912 -0.978148
vn 3.37558e-17 -0.275637 -0.961262
vn 1.70438e-17 -0.139173 -0.990268
vn 2.54618e-17 -0.207912 -0.978148
vn 8.5427e-18 -0.0697565 -0.997564
vn 1.70438e-17 -0.139173 -0.990268
vn -1.49976e-32 1.22465e-16 -1
vn 8.5427e-18 -0.0697565 -0.997564
vn -8.5427e-18 0.0697565 -0.997564
vn -1.49976e-32 1.22465e-16 -1
vn -1.70438e-17 0.139173 -0.990268
vn -8.5427e-18 0.0697565 -0.997564
vn -2.54618e-17 0.207912 -0.978148
vn -1.70438e-17 0.139173 -0.990268
vn -3.37558e-17 0.275637 -0.961262
vn -2.54618e-17 0.207912 -0.978148
vn -4.18854e-17 0.34202 -0.939693
vn -3.37558e-17 0.275637 -0.961262
vn -4.98109e-17 0.406737 -0.913545
vn -4.18854e-17 0.34202 -0.939693
vn -5.74937e-17 0.469472 -0.882948
vn -4.98109e-17 0.406737 -0.913545
vn -6.48964e-17 0.529919 -0.848048
vn -5.74937e-17 0.469472 -0.882948
vn -7.19829e-17 0.587785 -0.809017
vn -6.48964e-17 0.529919 -0.848048
vn -7.87188e-17 0.642788 -0.766044
vn -7.19829e-17 0.587785 -0.809017
vn -8.50711e-17 0.694658 -0.71934
vn -7.87188e-17 0.642788 -0.766044
vn -9.1009e-17 0.743145 -0.669131
vn -8.50711e-17 0.694658 -0.71934
vn -9.65035e-17 0.788011 -0.615661
vn -9.1009e-17 0.743145 -0.669131
vn -1.01528e-16 0.829038 -0.559193
vn -9.65035e-17 0.788011 -0.615661
vn -1.06058e-16 0.866025 -0.5
vn -1.01528e-16 0.829038 -0.559193
vn -1.10071e-16 0.898794 -0.438371
vn -1.06058e-16 0.866025 -0.5
vn -1.13547e-16 0.927184 -0.374607
vn -1.10071e-16 0.898794 -0.438371
vn -1.16471e-16 0.951057 -0.309017
vn -1.13547e-16 0.927184 -0.374607
vn -1.18827e-16 0.970296 -0.241922
vn -1.16471e-16 0.951057 -0.309017
vn -1.20604e-16 0.984808 -0.173648
vn -1.18827e-16 0.970296 -0.241922
vn -1.21794e-16 0.994522 -0.104528
vn -1.20604e-16 0.984808 -0.173648
vn -1.2239e-16 0.999391 -0.0348995
vn -1.21794e-16 0.994522 -0.104528
vn -1.2239e-16 0.999391 0.0348995
vn -1.2239e-16 0.999391 -0.0348995
vn -1.21794e-16 0.994522 0.104528
vn -1.2239e-16 0.999391 0.0348995
vn -1.20604e-16 0.984808 0.173648
vn -1.21794e-16 0.994522 0.104528
vn -1.18827e-16 0.970296 0.241922
vn -1.20604e-16 0.984808 0.173648
vn -1.16471e-16 0.951057 0.309017
vn -1.18827e-16 0.970296 0.241922
vn -1.13547e-16 0.927184 0.374607
vn -1.16471e-16 0.951057 0.309017
vn -1.10071e-16 0.898794 0.438371
vn -1.13547e-16 0.927184 0.374607
vn -1.06058e-16 0.866025 0.5
vn -1.10071e-16 0.898794 0.438371
vn -1.01528e-16 0.829038 0.559193
vn -1.06058e-16 0.866025 0.5
vn -9.65035e-17 0.788011 0.615661
vn -1.01528e-16 0.829038 0.559193
vn -9.1009e-17 0.743145 0.669131
vn -9.65035e-17 0.788011 0.615661
vn -8.50711e-17 0.694658 0.71934
vn -9.1009e-17 0.743145 0.669131
vn -7.87188e-17 0.642788 0.766044
vn -8.50711e-17 0.694658 0.71934
vn -7.19829e-17 0.587785 0.809017
vn -7.87188e-17 0.642788 0.766044
vn -6.48964e-17 0.529919 0.848048
vn -7.19829e-17 0.587785 0.809017
vn -5.74937e-17 0.469472 0.882948
vn -6.48964e-17 0.529919 0.848048
vn -4.98109e-17 0.406737 0.913545
vn -5.74937e-17 0.469472 0.882948
vn -4.18854e-17 0.34202 0.939693
vn -4.98109e-17 0.406737 0.913545
vn -3.37558e-17 0.275637 0.961262
vn -4.18854e-17 0.34202 0.939693
vn -2.54618e-17 0.207912 0.978148
vn -3.37558e-17 0.275637 0.961262
vn -1.70438e-17 0.139173 0.990268
vn -2.54618e-17 0.207912 0.978148
vn -8.5427e-18 0.0697565 0.997564
vn -1.70438e-17 0.139173 0.990268
vn 1.22326e-16 -0.99887 0.0475173
vn 1.2163e-16 -0.993185 0.116546
vn 1.2035e-16 -0.982736 0.185015
vn 1.18493e-16 -0.967572 0.252597
vn 1.16068e-16 -0.947766 0.318967
vn 1.13086e-16 -0.923413 0.383807
vn 1.09561e-16 -0.894631 0.446805
vn 1.0551e-16 -0.861557 0.50766
vn 1.00954e-16 -0.82435 0.56608
vn 9.59129e-17 -0.783188 0.621784
vn 9.04119e-17 -0.73827 0.674506
vn 8.44772e-17 -0.689809 0.723991
vn 7.81373e-17 -0.638039 0.770004
vn 7.14225e-17 -0.583209 0.812322
vn 6.4365e-17 -0.52558 0.850744
vn 5.69988e-17 -0.465431 0.885084
vn 4.93592e-17 -0.403048 0.915179
vn 4.14827e-17 -0.338732 0.940883
vn 3.34073e-17 -0.272791 0.962073
vn 2.51716e-17 -0.205542 0.978648
vn 1.68152e-17 -0.137306 0.990529
vn 8.37803e-18 -0.0684118 0.997657
vn -9.92812e-20 0.000810693 1
vn -8.57612e-18 0.0700293 0.997545
vn -1.70118e-17 0.138912 0.990305
vn -2.53659e-17 0.207128 0.978314
vn -3.35983e-17 0.274351 0.96163
vn -4.16695e-17 0.340257 0.940332
vn -4.95408e-17 0.404532 0.914524
vn -5.71745e-17 0.466865 0.884328
vn -6.45339e-17 0.526959 0.849891
vn -7.15837e-17 0.584525 0.811376
vn -7.82901e-17 0.639287 0.768968
vn -8.46209e-17 0.690982 0.722872
vn -9.05458e-17 0.739362 0.673308
vn -9.60363e-17 0.784196 0.620514
vn -1.01066e-16 0.825267 0.564743
vn -1.05611e-16 0.862379 0.506263
vn -1.09649e-16 0.895355 0.445354
vn -1.13162e-16 0.924035 0.382309
vn -1.16131e-16 0.948282 0.31743
vn -1.18543e-16 0.96798 0.251028
vn -1.20387e-16 0.983034 0.183421
vn -1.21653e-16 0.993373 0.114935
vn -1.22336e-16 0.998946 0.0458976
vn -1.22431e-16 0.999727 -0.0233601
vn -1.2194e-16 0.995712 -0.0925058
vn -1.20863e-16 0.986921 -0.161208
vn -1.19206e-16 0.973394 -0.229136
vn -1.16978e-16 0.955199 -0.295966
vn -1.14189e-16 0.932421 -0.361375
vn -1.10851e-16 0.905169 -0.425051
vn -1.06982e-16 0.873576 -0.486688
vn -1.026e-16 0.837792 -0.54599
vn -9.77254e-17 0.797988 -0.602673
vn -9.23821e-17 0.754357 -0.656464
vn -8.54398e-17 0.707107 -0.707107
vn 0 -0.999764 -0.021734
vn -1 -1.22465e-16 0
vn 1 1.22465e-16 -0
vn 8.5427e-18 -0.0697565 0.997564
vn -0 -3.05396e-15 1
vn 1.70438e-17 -0.139173 0.990268
vn 8.5427e-18 -0.0697565 0.997564
vn 2.54618e-17 -0.207912 0.978148
vn 1.70438e-17 -0.139173 0.990268
vn 3.37558e-17 -0.275637 0.961262
vn 2.54618e-17 -0.207912 0.978148
vn 4.18854e-17 -0.34202 0.939693
vn 3.37558e-17 -0.275637 0.961262
vn 4.98109e-17 -0.406737 0.913545
vn 4.18854e-17 -0.34202 0.939693
vn 5.74937e-17 -0.469472 0.882948
vn 4.98109e-17 -0.406737 0.913545
vn 6.48964e-17 -0.529919 0.848048
vn 5.74937e-17 -0.469472 0.882948
vn 7.19829e-17 -0.587785 0.809017
vn 6.48964e-17 -0.529919 0.848048
vn 7.87188e-17 -0.642788 0.766044
vn 7.19829e-17 -0.587785 0.809017
vn 8.50711e-17 -0.694658 0.71934
vn 7.87188e-17 -0.642788 0.766044
vn 9.1009e-17 -0.743145 0.669131
vn 8.50711e-17 -0.694658 0.71934
vn 9.65035e-17 -0.788011 0.615661
vn 9.1009e-17 -0.743145 0.669131
vn 1.01528e-16 -0.829038 0.559193
vn 9.65035e-17 -0.788011 0.615661
vn 1.06058e-16 -0.866025 0.5
vn 1.01528e-16 -0.829038 0.559193
vn 1.10071e-16 -0.898794 0.438371
vn 1.06058e-16 -0.866025 0.5
vn 1.13547e-16 -0.927184 0.374607
vn 1.10071e-16 -0.898794 0.438371
vn 1.16471e-16 -0.951057 0.309017
vn 1.13547e-16 -0.927184 0.374607
vn 1.18827e-16 -0.970296 0.241922
vn 1.16471e-16 -0.951057 0.309017
vn 1.20604e-16 -0.984808 0.173648
vn 1.18827e-16 -0.970296 0.241922
vn 1.21794e-16 -0.994522 0.104528
vn 1.20604e-16 -0.984808 0.173648
vn 1.2239e-16 -0.999391 0.0348995
vn 1.21794e-16 -0.994522 0.104528
vn 1.2239e-16 -0.999391 -0.0348995
vn 1.2239e-16 -0.999391 0.0348995
vn 1.21794e-16 -0.994522 -0.104528
vn 1.2239e-16 -0.999391 -0.0348995
vn 1.20604e-16 -0.984808 -0.173648
vn 1.21794e-16 -0.994522 -0.104528
vn 1.18827e-16 -0.970296 -0.241922
vn 1.20604e-16 -0.984808 -0.173648
vn 1.16471e-16 -0.951057 -0.309017
vn 1.18827e-16 -0.970296 -0.241922
vn 1.13547e-16 -0.927184 -0.374607
vn 1.16471e-16 -0.951057 -0.309017
vn 1.10071e-16 -0.898794 -0.438371
vn 1.13547e-16 -0.927184 -0.374607
vn 1.06058e-16 -0.866025 -0.5
vn 1.10071e-16 -0.898794 -0.438371
vn 1.01528e-16 -0.829038 -0.559193
vn 1.06058e-16 -0.866025 -0.5
vn 9.65035e-17 -0.788011 -0.615661
vn 1.01528e-16 -0.829038 -0.559193
vn 9.1009e-17 -0.743145 -0.669131
vn 9.65035e-17 -0.788011 -0.615661
vn 8.50711e-17 -0.694658 -0.71934
vn 9.1009e-17 -0.743145 -0.669131
vn 7.87188e-17 -0.642788 -0.766044
vn 8.50711e-17 -0.694658 -0.71934
vn 7.19829e-17 -0.587785 -0.809017
vn 7.87188e-17 -0.642788 -0.766044
vn 6.48964e-17 -0.529919 -0.848048
vn 7.19829e-17 -0.587785 -0.809017
vn 5.74937e-17 -0.469472 -0.882948
vn 6.48964e-17 -0.529919 -0.848048
vn 4.98109e-17 -0.406737 -0.913545
vn 5.74937e-17 -0.469472 -0.882948
vn 4.18854e-17 -0.34202 -0.939693
vn 4.98109e-17 -0.406737 -0.913545
vn 3.37558e-17 -0.275637 -0.961262
vn 4.18854e-17 -0.34202 -0.939693
vn 2.54618e-17 -0.207912 -0.978148
vn 3.37558e-17 -0.275637 -0.961262
vn 1.70438e-17 -0.139173 -0.990268
vn 2.54618e-17 -0.207912 -0.978148
vn 8.5427e-18 -0.0697565 -0.997564
vn 1.70438e-17 -0.139173 -0.990268
vn -1.49976e-32 1.22465e-16 -1
vn 8.5427e-18 -0.0697565 -0.997564
vn -8.5427e-18 0.0697565 -0.997564
vn -1.49976e-32 1.22465e-16 -1
vn -1.70438e-17 0.139173 -0.990268
vn -8.5427e-18 0.0697565 -0.997564
vn -2.54618e-17 0.207912 -0.978148
vn -1.70438e-17 0.139173 -0.990268
vn -3.37558e-17 0.275637 -0.961262
vn -2.54618e-17 0.207912 -0.978148
vn -4.18854e-17 0.34202 -0.939693
vn -3.37558e-17 0.275637 -0.961262
vn -4.98109e-17 0.406737 -0.913545
vn -4.18854e-17 0.34202 -0.939693
vn -5.74937e-17 0.469472 -0.882948
vn -4.98109e-17 0.406737 -0.913545
vn -6.48964e-17 0.529919 -0.848048
vn -5.74937e-17 0.469472 -0.882948
vn -7.19829e-17 0.587785 -0.809017
vn -6.48964e-17 0.529919 -0.848048
vn -7.87188e-17 0.642788 -0.766044
vn -7.19829e-17 0.587785 -0.809017
vn -8.50711e-17 0.694658 -0.71934
vn -7.87188e-17 0.642788 -0.766044
vn -9.1009e-17 0.743145 -0.669131
vn -8.50711e-17 0.694658 -0.71934
vn -9.65035e-17 0.788011 -0.615661
vn -9.1009e-17 0.743145 -0.669131
vn -1.01528e-16 0.829038 -0.559193
vn -9.65035e-17 0.788011 -0.615661
vn -1.06058e-16 0.866025 -0.5
vn -1.01528e-16 0.829038 -0.559193
vn -1.10071e-16 0.898794 -0.438371
vn -1.06058e-16 0.866025 -0.5
vn -1.13547e-16 0.927184 -0.374607
vn -1.10071e-16 0.898794 -0.438371
vn -1.16471e-16 0.951057 -0.309017
vn -1.13547e-16 0.927184 -0.374607
vn -1.18827e-16 0.970296 -0.241922
vn -1.16471e-16 0.951057 -0.309017
vn -1.20604e-16 0.984808 -0.173648
vn -1.18827e-16 0.970296 -0.241922
vn -1.21794e-16 0.994522 -0.104528
vn -1.20604e-16 0.984808 -0.173648
vn -1.2239e-16 0.999391 -0.0348995
vn -1.21794e-16 0.994522 -0.104528
vn -1.2239e-16 0.999391 0.0348995
vn -1.2239e-16 0.999391 -0.0348995
vn -1.21794e-16 0.994522 0.104528
vn -1.2239e-16 0.999391 0.0348995
vn -1.20604e-16 0.984808 0.173648
vn -1.21794e-16 0.994522 0.104528
vn -1.18827e-16 0.970296 0.241922
vn -1.20604e-16 0.984808 0.173648
vn -1.16471e-16 0.951057 0.309017
vn -1.18827e-16 0.970296 0.241922
vn -1.13547e-16 0.927184 0.374607
vn -1.16471e-16 0.951057 0.309017
vn -1.10071e-16 0.898794 0.438371
vn -1.13547e-16 0.927184 0.374607
vn -1.06058e-16 0.866025 0.5
vn -1.10071e-16 0.898794 0.438371
vn -1.01528e-16 0.829038 0.559193
vn -1.06058e-16 0.866025 0.5
vn -9.65035e-17 0.788011 0.615661
vn -1.01528e-16 0.829038 0.559193
vn -9.1009e-17 0.743145 0.669131
vn -9.65035e-17 0.788011 0.615661
vn -8.50711e-17 0.694658 0.71934
vn -9.1009e-17 0.743145 0.669131
vn -7.87188e-17 0.642788 0.766044
vn -8.50711e-17 0.694658 0.71934
vn -7.19829e-17 0.587785 0.809017
vn -7.87188e-17 0.642788 0.766044
vn -6.48964e-17 0.529919 0.848048
vn -7.19829e-17 0.587785 0.809017
vn -5.74937e-17 0.469472 0.882948
vn -6.48964e-17 0.529919 0.848048
vn -4.98109e-17 0.406737 0.913545
vn -5.74937e-17 0.469472 0.882948
vn -4.18854e-17 0.34202 0.939693
vn -4.98109e-17 0.406737 0.913545
vn -3.37558e-17 0.275637 0.961262
vn -4.18854e-17 0.34202 0.939693
vn -2.54618e-17 0.207912 0.978148
vn -3.37558e-17 0.275637 0.961262
vn -1.70438e-17 0.139173 0.990268
vn -2.54618e-17 0.207912 0.978148
vn -8.5427e-18 0.0697565 0.997564
vn -1.70438e-17 0.139173 0.990268
vn 1.22326e-16 -0.99887 0.0475173
vn 1.2163e-16 -0.993185 0.116546
vn 1.2035e-16 -0.982736 0.185015
vn 1.18493e-16 -0.967572 0.252597
vn 1.16068e-16 -0.947766 0.318967
vn 1.13086e-16 -0.923413 0.383807
vn 1.09561e-16 -0.894631 0.446805
vn 1.0551e-16 -0.861557 0.50766
vn 1.00954e-16 -0.82435 0.56608
vn 9.59129e-17 -0.783188 0.621784
vn 9.04119e-17 -0.73827 0.674506
vn 8.44772e-17 -0.689809 0.723991
vn 7.81373e-17 -0.638039 0.770004
vn 7.14225e-17 -0.583209 0.812322
vn 6.4365e-17 -0.52558 0.850744
vn 5.69988e-17 -0.465431 0.885084
vn 4.93592e-17 -0.403048 0.915179
vn 4.14827e-17 -0.338732 0.940883
vn 3.34073e-17 -0.272791 0.962073
vn 2.51716e-17 -0.205542 0.978648
vn 1.68152e-17 -0.137306 0.990529
vn 8.37803e-18 -0.0684118 0.997657
vn -9.92812e-20 0.000810693 1
vn -8.57612e-18 0.0700293 0.997545
vn -1.70118e-17 0.138912 0.990305
vn -2.53659e-17 0.207128 0.978314
vn -3.35983e-17 0.274351 0.96163
vn -4.16695e-17 0.340257 0.940332
vn -4.95408e-17 0.404532 0.914524
vn -5.71745e-17 0.466865 0.884328
vn -6.45339e-17 0.526959 0.849891
vn -7.15837e-17 0.584525 0.811376
vn -7.82901e-17 0.639287 0.768968
vn -8.46209e-17 0.690982 0.722872
vn -9.05458e-17 0.739362 0.673308
vn -9.60363e-17 0.784196 0.620514
vn -1.01066e-16 0.825267 0.564743
vn -1.05611e-16 0.862379 0.506263
vn -1.09649e-16 0.895355 0.445354
vn -1.13162e-16 0.924035 0.382309
vn -1.16131e-16 0.948282 0.31743
vn -1.18543e-16 0.96798 0.251028
vn -1.20387e-16 0.983034 0.183421
vn -1.21653e-16 0.993373 0.114935
vn -1.22336e-16 0.998946 0.0458976
vn -1.22431e-16 0.999727 -0.0233601
vn -1.2194e-16 0.995712 -0.0925058
vn -1.20863e-16 0.986921 -0.161208
vn -1.19206e-16 0.973394 -0.229136
vn -1.16978e-16 0.955199 -0.295966
vn -1.14189e-16 0.932421 -0.361375
vn -1.10851e-16 0.905169 -0.425051
vn -1.06982e-16 0.873576 -0.486688
vn -1.026e-16 0.837792 -0.54599
vn -9.77254e-17 0.797988 -0.602673
vn -9.23821e-17 0.754357 -0.656464
vn -8.54398e-17 0.707107 -0.707107
vn 0 -0.999764 -0.021734
vn -1 -1.22465e-16 0
vn 1 1.22465e-16 -0
vn 8.5427e-18 -0.0697565 0.997564
vn -0 -3.05396e-15 1
vn 1.70438e-17 -0.139173 0.990268
vn 8.5427e-18 -0.0697565 0.997564
vn 2.54618e-17 -0.207912 0.978148
vn 1.70438e-17 -0.139173 0.990268
vn 3.37558e-17 -0.275637 0.961262
vn 2.54618e-17 -0.207912 0.978148
vn 4.18854e-17 -0.34202 0.939693
vn 3.37558e-17 -0.275637 0.961262
vn 4.98109e-17 -0.406737 0.913545
vn 4.18854e-17 -0.34202 0.939693
vn 5.74937e-17 -0.469472 0.882948
vn 4.98109e-17 -0.406737 0.913545
vn 6.48964e-17 -0.529919 0.848048
vn 5.74937e-17 -0.469472 0.882948
vn 7.19829e-17 -0.587785 0.809017
vn 6.48964e-17 -0.529919 0.848048
vn 7.87188e-17 -0.642788 0.766044
vn 7.19829e-17 -0.587785 0.809017
vn 8.50711e-17 -0.694658 0.71934
vn 7.87188e-17 -0.642788 0.766044
vn 9.1009e-17 -0.743145 0.669131
vn 8.50711e-17 -0.694658 0.71934
vn 9.65035e-17 -0.788011 0.615661
vn 9.1009e-17 -0.743145 0.669131
vn 1.01528e-16 -0.829038 0.559193
vn 9.65035e-17 -0.788011 0.615661
vn 1.06058e-16 -0.866025 0.5
vn 1.01528e-16 -0.829038 0.559193
vn 1.10071e-16 -0.898794 0.438371
vn 1.06058e-16 -0.866025 0.5
vn 1.13547e-16 -0.927184 0.374607
vn 1.10071e-16 -0.898794 0.438371
vn 1.16471e-16 -0.951057 0.309017
vn 1.13547e-16 -0.927184 0.374607
vn 1.18827e-16 -0.970296 0.241922
vn 1.16471e-16 -0.951057 0.309017
vn 1.20604e-16 -0.984808 0.173648
vn 1.18827e-16 -0.970296 0.241922
vn 1.21794e-16 -0.994522 0.104528
vn 1.20604e-16 -0.984808 0.173648
vn 1.2239e-16 -0.999391 0.0348995
vn 1.21794e-16 -0.994522 0.104528
vn 1.2239e-16 -0.999391 -0.0348995
vn 1.2239e-16 -0.999391 0.0348995
vn 1.21794e-16 -0.994522 -0.104528
vn 1.2239e-16 -0.999391 -0.0348995
vn 1.20604e-16 -0.984808 -0.173648
vn 1.21794e-16 -0.994522 -0.104528
vn 1.18827e-16 -0.970296 -0.241922
vn 1.20604e-16 -0.984808 -0.173648
vn 1.16471e-16 -0.951057 -0.309017
vn 1.18827e-16 -0.970296 -0.241922
vn 1.13547e-16 -0.927184 -0.374607
vn 1.16471e-16 -0.951057 -0.309017
vn 1.10071e-16 -0.898794 -0.438371
vn 1.13547e-16 -0.927184 -0.374607
vn 1.06058e-16 -0.866025 -0.5
vn 1.10071e-16 -0.898794 -0.438371
vn 1.01528e-16 -0.829038 -0.559193
vn 1.06058e-16 -0.866025 -0.5
vn 9.65035e-17 -0.788011 -0.615661
vn 1.01528e-16 -0.829038 -0.559193
vn 9.1009e-17 -0.743145 -0.669131
vn 9.65035e-17 -0.788011 -0.615661
vn 8.50711e-17 -0.694658 -0.71934
vn 9.1009e-17 -0.743145 -0.669131
vn 7.87188e-17 -0.642788 -0.766044
vn 8.50711e-17 -0.694658 -0.71934
vn 7.19829e-17 -0.587785 -0.809017
vn 7.87188e-17 -0.642788 -0.766044
vn 6.48964e-17 -0.529919 -0.848048
vn 7.19829e-17 -0.587785 -0.809017
vn 5.74937e-17 -0.469472 -0.882948
vn 6.48964e-17 -0.529919 -0.848048
vn 4.98109e-17 -0.406737 -0.913545
vn 5.74937e-17 -0.469472 -0.882948
vn 4.18854e-17 -0.34202 -0.939693
vn 4.98109e-17 -0.406737 -0.913545
vn 3.37558e-17 -0.275637 -0.961262
vn 4.18854e-17 -0.34202 -0.939693
vn 2.54618e-17 -0.207912 -0.978148
vn 3.37558e-17 -0.275637 -0.961262
vn 1.70438e-17 -0.139173 -0.990268
vn 2.54618e-17 -0.207912 -0.978148
vn 8.5427e-18 -0.0697565 -0.997564
vn 1.70438e-17 -0.139173 -0.990268
vn -1.49976e-32 1.22465e-16 -1
vn 8.5427e-18 -0.0697565 -0.997564
vn -8.5427e-18 0.0697565 -0.997564
vn -1.49976e-32 1.22465e-16 -1
vn -1.70438e-17 0.139173 -0.990268
vn -8.5427e-18 0.0697565 -0.997564
vn -2.54618e-17 0.207912 -0.978148
vn -1.70438e-17 0.139173 -0.990268
vn -3.37558e-17 0.275637 -0.961262
vn -2.54618e-17 0.207912 -0.978148
vn -4.18854e-17 0.34202 -0.939693
vn -3.37558e-17 0.275637 -0.961262
vn -4.98109e-17 0.406737 -0.913545
vn -4.18854e-17 0.34202 -0.939693
vn -5.74937e-17 0.469472 -0.882948
vn -4.98109e-17 0.406737 -0.913545
vn -6.48964e-17 0.529919 -0.848048
vn -5.74937e-17 0.469472 -0.882948
vn -7.19829e-17 0.587785 -0.809017
vn -6.48964e-17 0.529919 -0.848048
vn -7.87188e-17 0.642788 -0.766044
vn -7.19829e-17 0.587785 -0.809017
vn -8.50711e-17 0.694658 -0.71934
vn -7.87188e-17 0.642788 -0.766044
vn -9.1009e-17 0.743145 -0.669131
vn -8.50711e-17 0.694658 -0.71934
vn -9.65035e-17 0.788011 -0.615661
vn -9.1009e-17 0.743145 -0.669131
vn -1.01528e-16 0.829038 -0.559193
vn -9.65035e-17 0.788011 -0.615661
vn -1.06058e-16 0.866025 -0.5
vn -1.01528e-16 0.829038 -0.559193
vn -1.10071e-16 0.898794 -0.438371
vn -1.06058e-16 0.866025 -0.5
vn -1.13547e-16 0.927184 -0.374607
vn -1.10071e-16 0.898794 -0.438371
vn -1.16471e-16 0.951057 -0.309017
vn -1.13547e-16 0.927184 -0.374607
vn -1.18827e-16 0.970296 -0.241922
vn -1.16471e-16 0.951057 -0.309017
vn -1.20604e-16 0.984808 -0.173648
vn -1.18827e-16 0.970296 -0.241922
vn -1.21794e-16 0.994522 -0.104528
vn -1.20604e-16 0.984808 -0.173648
vn -1.2239e-16 0.999391 -0.0348995
vn -1.21794e-16 0.994522 -0.104528
vn -1.2239e-16 0.999391 0.0348995
vn -1.2239e-16 0.999391 -0.0348995
vn -1.21794e-16 0.994522 0.104528
vn -1.2239e-16 0.999391 0.0348995
vn -1.20604e-16 0.984808 0.173648
vn -1.21794e-16 0.994522 0.104528
vn -1.18827e-16 0.970296 0.241922
vn -1.20604e-16 0.984808 0.173648
vn -1.16471e-16 0.951057 0.309017
vn -1.18827e-16 0.970296 0.241922
vn -1.13547e-16 0.927184 0.374607
vn -1.16471e-16 0.951057 0.309017
vn -1.10071e-16 0.898794 0.438371
vn -1.13547e-16 0.927184 0.374607
vn -1.06058e-16 0.866025 0.5
vn -1.10071e-16 0.898794 0.438371
vn -1.01528e-16 0.829038 0.559193
vn -1.06058e-16 0.866025 0.5
vn -9.65035e-17 0.788011 0.615661
vn -1.01528e-16 0.829038 0.559193
vn -9.1009e-17 0.743145 0.669131
vn -9.65035e-17 0.788011 0.615661
vn -8.50711e-17 0.694658 0.71934
vn -9.1009e-17 0.743145 0.669131
vn -7.87188e-17 0.642788 0.766044
vn -8.50711e-17 0.694658 0.71934
vn -7.19829e-17 0.587785 0.809017
vn -7.87188e-17 0.642788 0.766044
vn -6.48964e-17 0.529919 0.848048
vn -7.19829e-17 0.587785 0.809017
vn -5.74937e-17 0.469472 0.882948
vn -6.48964e-17 0.529919 0.848048
vn -4.98109e-17 0.406737 0.913545
vn -5.74937e-17 0.469472 0.882948
vn -4.18854e-17 0.34202 0.939693
vn -4.98109e-17 0.406737 0.913545
vn -3.37558e-17 0.275637 0.961262
vn -4.18854e-17 0.34202 0.939693
vn -2.54618e-17 0.207912 0.978148
vn -3.37558e-17 0.275637 0.961262
vn -1.70438e-17 0.139173 0.990268
vn -2.54618e-17 0.207912 0.978148
vn -8.5427e-18 0.0697565 0.997564
vn -1.70438e-17 0.139173 0.990268
vn -1.22465e-16 1 0
vn -8.65956e-17 0.707107 -0.707107
vn 1.22326e-16 -0.99887 0.0475173
vn 1.2163e-16 -0.993185 0.116546
vn 1.2035e-16 -0.982736 0.185015
vn 1.18493e-16 -0.967572 0.252597
vn 1.16068e-16 -0.947766 0.318967
vn 1.13086e-16 -0.923413 0.383807
vn 1.09561e-16 -0.894631 0.446805
vn 1.0551e-16 -0.861557 0.50766
vn 1.00954e-16 -0.82435 0.56608
vn 9.59129e-17 -0.783188 0.621784
vn 9.04119e-17 -0.73827 0.674506
vn 8.44772e-17 -0.689809 0.723991
vn 7.81373e-17 -0.638039 0.770004
vn 7.14225e-17 -0.583209 0.812322
vn 6.4365e-17 -0.52558 0.850744
vn 5.69988e-17 -0.465431 0.885084
vn 4.93592e-17 -0.403048 0.915179
vn 4.14827e-17 -0.338732 0.940883
vn 3.34073e-17 -0.272791 0.962073
vn 2.51716e-17 -0.205542 0.978648
vn 1.68152e-17 -0.137306 0.990529
vn 8.37803e-18 -0.0684118 0.997657
vn -9.92812e-20 0.000810693 1
vn -8.57612e-18 0.0700293 0.997545
vn -1.70118e-17 0.138912 0.990305
vn -2.53659e-17 0.207128 0.978314
vn -3.35983e-17 0.274351 0.96163
vn -4.16695e-17 0.340257 0.940332
vn -4.95408e-17 0.404532 0.914524
vn -5.71745e-17 0.466865 0.884328
vn -6.45339e-17 0.526959 0.849891
vn -7.15837e-17 0.584525 0.811376
vn -7.82901e-17 0.639287 0.768968
vn -8.46209e-17 0.690982 0.722872
vn -9.05458e-17 0.739362 0.673308
vn -9.60363e-17 0.784196 0.620514
vn -1.01066e-16 0.825267 0.564743
vn -1.05611e-16 0.862379 0.506263
vn -1.09649e-16 0.895355 0.445354
vn -1.13162e-16 0.924035 0.382309
vn -1.16131e-16 0.948282 0.31743
vn -1.18543e-16 0.96798 0.251028
vn -1.20387e-16 0.983034 0.183421
vn -1.21653e-16 0.993373 0.114935
vn -1.22336e-16 0.998946 0.0458976
vn -1.22431e-16 0.999727 -0.0233601
vn -1.2194e-16 0.995712 -0.0925058
vn -1.20863e-16 0.986921 -0.161208
vn -1.19206e-16 0.973394 -0.229136
vn -1.16978e-16 0.955199 -0.295966
vn -1.14189e-16 0.932421 -0.361375
vn -1.10851e-16 0.905169 -0.425051
vn -1.06982e-16 0.873576 -0.486688
vn -1.026e-16 0.837792 -0.54599
vn -9.77254e-17 0.797988 -0.602673
vn -9.23821e-17 0.754357 -0.656464
vn -8.54398e-17 0.707107 -0.707107
vn 0 -0.999764 -0.021734
vn -1 -1.22465e-16 0
vn 1 1.22465e-16 -0
vn 8.5427e-18 -0.0697565 0.997564
vn -0 -3.05396e-15 1
vn 1.70438e-17 -0.139173 0.990268
vn 8.5427e-18 -0.0697565 0.997564
vn 2.54618e-17 -0.207912 0.978148
vn 1.70438e-17 -0.139173 0.990268
vn 3.37558e-17 -0.275637 0.961262
vn 2.54618e-17 -0.207912 0.978148
vn 4.18854e-17 -0.34202 0.939693
vn 3.37558e-17 -0.275637 0.961262
vn 4.98109e-17 -0.406737 0.913545
vn 4.18854e-17 -0.34202 0.939693
vn 5.74937e-17 -0.469472 0.882948
vn 4.98109e-17 -0.406737 0.913545
vn 6.48964e-17 -0.529919 0.848048
vn 5.74937e-17 -0.469472 0.882948
vn 7.19829e-17 -0.587785 0.809017
vn 6.48964e-17 -0.529919 0.848048
vn 7.87188e-17 -0.642788 0.766044
vn 7.19829e-17 -0.587785 0.809017
vn 8.50711e-17 -0.694658 0.71934
vn 7.87188e-17 -0.642788 0.766044
vn 9.1009e-17 -0.743145 0.669131
vn 8.50711e-17 -0.694658 0.71934
vn 9.65035e-17 -0.788011 0.615661
vn 9.1009e-17 -0.743145 0.669131
vn 1.01528e-16 -0.829038 0.559193
vn 9.65035e-17 -0.788011 0.615661
vn 1.06058e-16 -0.866025 0.5
vn 1.01528e-16 -0.829038 0.559193
vn 1.10071e-16 -0.898794 0.438371
vn 1.06058e-16 -0.866025 0.5
vn 1.13547e-16 -0.927184 0.374607
vn 1.10071e-16 -0.898794 0.438371
vn 1.16471e-16 -0.951057 0.309017
vn 1.13547e-16 -0.927184 0.374607
vn 1.18827e-16 -0.970296 0.241922
vn 1.16471e-16 -0.951057 0.309017
vn 1.20604e-16 -0.984808 0.173648
vn 1.18827e-16 -0.970296 0.241922
vn 1.21794e-16 -0.994522 0.104528
vn 1.20604e-16 -0.984808 0.173648
vn 1.2239e-16 -0.999391 0.0348995
vn 1.21794e-16 -0.994522 0.104528
vn 1.2239e-16 -0.999391 -0.0348995
vn 1.2239e-16 -0.999391 0.0348995
vn 1.21794e-16 -0.994522 -0.104528
vn 1.2239e-16 -0.999391 -0.0348995
vn 1.20604e-16 -0.984808 -0.173648
vn 1.21794e-16 -0.994522 -0.104528
vn 1.18827e-16 -0.970296 -0.241922
vn 1.20604e-16 -0.984808 -0.173648
vn 1.16471e-16 -0.951057 -0.309017
vn 1.18827e-16 -0.970296 -0.241922
vn 1.13547e-16 -0.927184 -0.374607
vn 1.16471e-16 -0.951057 -0.309017
vn 1.10071e-16 -0.898794 -0.438371
vn 1.13547e-16 -0.927184 -0.374607
vn 1.06058e-16 -0.866025 -0.5
vn 1.10071e-16 -0.898794 -0.438371
vn 1.01528e-16 -0.829038 -0.559193
vn 1.06058e-16 -0.866025 -0.5
vn 9.65035e-17 -0.788011 -0.615661
vn 1.01528e-16 -0.829038 -0.559193
vn 9.1009e-17 -0.743145 -0.669131
vn 9.65035e-17 -0.788011 -0.615661
vn 8.50711e-17 -0.694658 -0.71934
vn 9.1009e-17 -0.743145 -0.669131
vn 7.87188e-17 -0.642788 -0.766044
vn 8.50711e-17 -0.694658 -0.71934
vn 7.19829e-17 -0.587785 -0.809017
vn 7.87188e-17 -0.642788 -0.766044
vn 6.48964e-17 -0.529919 -0.848048
vn 7.19829e-17 -0.587785 -0.809017
vn 5.74937e-17 -0.469472 -0.882948
vn 6.48964e-17 -0.529919 -0.848048
vn 4.98109e-17 -0.406737 -0.913545
vn 5.74937e-17 -0.469472 -0.882948
vn 4.18854e-17 -0.34202 -0.939693
vn 4.98109e-17 -0.406737 -0.913545
vn 3.37558e-17 -0.275637 -0.961262
vn 4.18854e-17 -0.34202 -0.939693
vn 2.54618e-17 -0.207912 -0.978148
vn 3.37558e-17 -0.275637 -0.961262
vn 1.70438e-17 -0.139173 -0.990268
vn 2.54618e-17 -0.207912 -0.978148
vn 8.5427e-18 -0.0697565 -0.997564
vn 1.70438e-17 -0.139173 -0.990268
vn -1.49976e-32 1.22465e-16 -1
vn 8.5427e-18 -0.0697565 -0.997564
vn -8.5427e-18 0.0697565 -0.997564
vn -1.49976e-32 1.22465e-16 -1
vn -1.70438e-17 0.139173 -0.990268
vn -8.5427e-18 0.0697565 -0.997564
vn -2.54618e-17 0.207912 -0.978148
vn -1.70438e-17 0.139173 -0.990268
vn -3.37558e-17 0.275637 -0.961262
vn -2.54618e-17 0.207912 -0.978148
vn -4.18854e-17 0.34202 -0.939693
vn -3.37558e-17 0.275637 -0.961262
vn -4.98109e-17 0.406737 -0.913545
vn -4.18854e-17 0.34202 -0.939693
vn -5.74937e-17 0.469472 -0.882948
vn -4.98109e-17 0.406737 -0.913545
vn -6.48964e-17 0.529919 -0.848048
vn -5.74937e-17 0.469472 -0.882948
vn -7.19829e-17 0.587785 -0.809017
vn -6.48964e-17 0.529919 -0.848048
vn -7.87188e-17 0.642788 -0.766044
vn -7.19829e-17 0.587785 -0.809017
vn -8.50711e-17 0.694658 -0.71934
vn -7.87188e-17 0.642788 -0.766044
vn -9.1009e-17 0.743145 -0.669131
vn -8.50711e-17 0.694658 -0.71934
vn -9.65035e-17 0.788011 -0.615661
vn -9.1009e-17 0.743145 -0.669131
vn -1.01528e-16 0.829038 -0.559193
vn -9.65035e-17 0.788011 -0.615661
vn -1.06058e-16 0.866025 -0.5
vn -1.01528e-16 0.829038 -0.559193
vn -1.10071e-16 0.898794 -0.438371
vn -1.06058e-16 0.866025 -0.5
vn -1.13547e-16 0.927184 -0.374607
vn -1.10071e-16 0.898794 -0.438371
vn -1.16471e-16 0.951057 -0.309017
vn -1.13547e-16 0.927184 -0.374607
vn -1.18827e-16 0.970296 -0.241922
vn -1.16471e-16 0.951057 -0.309017
vn -1.20604e-16 0.984808 -0.173648
vn -1.18827e-16 0.970296 -0.241922
vn -1.21794e-16 0.994522 -0.104528
vn -1.20604e-16 0.984808 -0.173648
vn -1.2239e-16 0.999391 -0.0348995
vn -1.21794e-16 0.994522 -0.104528
vn -1.2239e-16 0.999391 0.0348995
vn -1.2239e-16 0.999391 -0.0348995
vn -1.21794e-16 0.994522 0.104528
vn -1.2239e-16 0.999391 0.0348995
vn -1.20604e-16 0.984808 0.173648
vn -1.21794e-16 0.994522 0.104528
vn -1.18827e-16 0.970296 0.241922
vn -1.20604e-16 0.984808 0.173648
vn -1.16471e-16 0.951057 0.309017
vn -1.18827e-16 0.970296 0.241922
vn -1.13547e-16 0.927184 0.374607
vn -1.16471e-16 0.951057 0.309017
vn -1.10071e-16 0.898794 0.438371
vn -1.13547e-16 0.927184 0.374607
vn -1.06058e-16 0.866025 0.5
vn -1.10071e-16 0.898794 0.438371
vn -1.01528e-16 0.829038 0.559193
vn -1.06058e-16 0.866025 0.5
vn -9.65035e-17 0.788011 0.615661
vn -1.01528e-16 0.829038 0.559193
vn -9.1009e-17 0.743145 0.669131
vn -9.65035e-17 0.788011 0.615661
vn -8.50711e-17 0.694658 0.71934
vn -9.1009e-17 0.743145 0.669131
vn -7.87188e-17 0.642788 0.766044
vn -8.50711e-17 0.694658 0.71934
vn -7.19829e-17 0.587785 0.809017
vn -7.87188e-17 0.642788 0.766044
vn -6.48964e-17 0.529919 0.848048
vn -7.19829e-17 0.587785 0.809017
vn -5.74937e-17 0.469472 0.882948
vn -6.48964e-17 0.529919 0.848048
vn -4.98109e-17 0.406737 0.913545
vn -5.74937e-17 0.469472 0.882948
vn -4.18854e-17 0.34202 0.939693
vn -4.98109e-17 0.406737 0.913545
vn -3.37558e-17 0.275637 0.961262
vn -4.18854e-17 0.34202 0.939693
vn -2.54618e-17 0.207912 0.978148
vn -3.37558e-17 0.275637 0.961262
vn -1.70438e-17 0.139173 0.990268
vn -2.54618e-17 0.207912 0.978148
vn -8.5427e-18 0.0697565 0.997564
vn -1.70438e-17 0.139173 0.990268
vt 6.28319 0.0141
vt 4.98023e-16 -0.0061
vt 6.353 -0.0061
vt 6.353 0.0141
vt 6.42281 -0.0061
vt 6.42281 0.0141
vt 0.20944 -0.0061
vt 0.20944 0.0141
vt 0.279253 -0.0061
vt 0.279253 0.0141
vt 0.349066 -0.0061
vt 0.349066 0.0141
vt 0.418879 -0.0061
vt 0.418879 0.0141
vt 0.488692 -0.0061
vt 0.488692 0.0141
vt 0.558505 -0.0061
vt 0.558505 0.0141
vt 0.628319 -0.0061
vt 0.628319 0.0141
vt 0.698132 -0.0061
vt 0.698132 0.0141
vt 0.767945 -0.0061
vt 0.767945 0.0141
vt 0.837758 -0.0061
vt 0.837758 0.0141
vt 0.907571 -0.0061
vt 0.907571 0.0141
vt 0.977384 -0.0061
vt 0.977384 0.0141
vt 1.0472 -0.0061
vt 1.0472 0.0141
vt 1.11701 -0.0061
vt 1.11701 0.0141
vt 1.18682 -0.0061
vt 1.18682 0.0141
vt 1.25664 -0.0061
vt 1.25664 0.0141
vt 1.32645 -0.0061
vt 1.32645 0.0141
vt 1.39626 -0.0061
vt 1.39626 0.0141
vt 1.46608 -0.0061
vt 1.46608 0.0141
vt 1.53589 -0.0061
vt 1.53589 0.0141
vt 1.6057 -0.0061
vt 1.6057 0.0141
vt 1.67552 -0.0061
vt 1.67552 0.0141
vt 1.74533 -0.0061
vt 1.74533 0.0141
vt 1.81514 -0.0061
vt 1.81514 0.0141
vt 1.88496 -0.0061
vt 1.88496 0.0141
vt 1.95477 -0.0061
vt 1.95477 0.0141
vt 2.02458 -0.0061
vt 2.02458 0.0141
vt 2.0944 -0.0061
vt 2.0944 0.0141
vt 2.16421 -0.0061
vt 2.16421 0.0141
vt 2.23402 -0.0061
vt 2.23402 0.0141
vt 2.30383 -0.0061
vt 2.30383 0.0141
vt 2.37365 -0.0061
vt 2.37365 0.0141
vt 2.44346 -0.0061
vt 2.44346 0.0141
vt 2.51327 -0.0061
vt 2.51327 0.0141
vt 2.58309 -0.0061
vt 2.58309 0.0141
vt 2.6529 -0.0061
vt 2.6529 0.0141
vt 2.72271 -0.0061
vt 2.72271 0.0141
vt 2.79253 -0.0061
vt 2.79253 0.0141
vt 2.86234 -0.0061
vt 2.86234 0.0141
vt 2.93215 -0.0061
vt 2.93215 0.0141
vt 3.00197 -0.0061
vt 3.00197 0.0141
vt 3.07178 -0.0061
vt 3.07178 0.0141
vt 3.14159 -0.0061
vt 3.14159 0.0141
vt 3.21141 -0.0061
vt 3.21141 0.0141
vt 3.28122 -0.0061
vt 3.28122 0.0141
vt 3.35103 -0.0061
vt 3.35103 0.0141
vt 3.42085 -0.0061
vt 3.42085 0.0141
vt 3.49066 -0.0061
vt 3.49066 0.0141
vt 3.56047 -0.0061
vt 3.56047 0.0141
vt 3.63028 -0.0061
vt 3.63028 0.0141
vt 3.7001 -0.0061
vt 3.7001 0.0141
vt 3.76991 -0.0061
vt 3.76991 0.0141
vt 3.83972 -0.0061
vt 3.83972 0.0141
vt 3.90954 -0.0061
vt 3.90954 0.0141
vt 3.97935 -0.0061
vt 3.97935 0.0141
vt 4.04916 -0.0061
vt 4.04916 0.0141
vt 4.11898 -0.0061
vt 4.11898 0.0141
vt 4.18879 -0.0061
vt 4.18879 0.0141
vt 4.2586 -0.0061
vt 4.2586 0.0141
vt 4.32842 -0.0061
vt 4.32842 0.0141
vt 4.39823 -0.0061
vt 4.39823 0.0141
vt 4.46804 -0.0061
vt 4.46804 0.0141
vt 4.53786 -0.0061
vt 4.53786 0.0141
vt 4.60767 -0.0061
vt 4.60767 0.0141
vt 4.67748 -0.0061
vt 4.67748 0.0141
vt 4.7473 -0.0061
vt 4.7473 0.0141
vt 4.81711 -0.0061
vt 4.81711 0.0141
vt 4.88692 -0.0061
vt 4.88692 0.0141
vt 4.95674 -0.0061
vt 4.95674 0.0141
vt 5.02655 -0.0061
vt 5.02655 0.0141
vt 5.09636 -0.0061
vt 5.09636 0.0141
vt 5.16617 -0.0061
vt 5.16617 0.0141
vt 5.23599 -0.0061
vt 5.23599 0.0141
vt 5.3058 -0.0061
vt 5.3058 0.0141
vt 5.37561 -0.0061
vt 5.37561 0.0141
vt 5.44543 -0.0061
vt 5.44543 0.0141
vt 5.51524 -0.0061
vt 5.51524 0.0141
vt 5.58505 -0.0061
vt 5.58505 0.0141
vt 5.65487 -0.0061
vt 5.65487 0.0141
vt 5.72468 -0.0061
vt 5.72468 0.0141
vt 5.79449 -0.0061
vt 5.79449 0.0141
vt 5.86431 -0.0061
vt 5.86431 0.0141
vt 5.93412 -0.0061
vt 5.93412 0.0141
vt 6.00393 -0.0061
vt 6.00393 0.0141
vt 6.07375 -0.0061
vt 6.07375 0.0141
vt 6.14356 -0.0061
vt 6.14356 0.0141
vt 6.21337 -0.0061
vt 6.21337 0.0141
vt -0.0637645 0.0235
vt -0.0592645 0.0335
vt -0.0593691 0.0335037
vt -0.0590557 0.0335146
vt -0.0591598 0.0335037
vt -0.0594732 0.0335146
vt -0.0589526 0.0335328
vt -0.0617645 0.04
vt -0.0592645 0.0365
vt -0.0591598 0.0364963
vt -0.0594732 0.0364854
vt -0.0593691 0.0364963
vt -0.0595763 0.0335328
vt -0.0557645 0.0315
vt -0.058851 0.0335581
vt -0.0596779 0.0335581
vt -0.0597775 0.0335905
vt -0.0590557 0.0364854
vt -0.0599687 0.0336756
vt -0.0600593 0.0337279
vt -0.0586544 0.0336297
vt -0.0587514 0.0335905
vt -0.0583828 0.0337865
vt -0.0584696 0.0337279
vt -0.0595763 0.0364672
vt -0.0598746 0.0336297
vt -0.0585603 0.0336756
vt -0.0587514 0.0364095
vt -0.0586544 0.0363703
vt -0.0589526 0.0364672
vt -0.0604465 0.0340765
vt -0.060508 0.0341612
vt -0.0583003 0.0338509
vt -0.058851 0.0364419
vt -0.0596779 0.0364419
vt -0.0601461 0.0362135
vt -0.0600593 0.0362721
vt -0.0637645 0.038
vt -0.0607635 0.0349477
vt -0.0607635 0.0350523
vt -0.0605635 0.03425
vt -0.0603064 0.033921
vt -0.0603792 0.0339963
vt -0.0601461 0.0337865
vt -0.0602286 0.0338509
vt -0.0598746 0.0363703
vt -0.0597775 0.0364095
vt -0.0599687 0.0363244
vt -0.0607199 0.0353629
vt -0.060691 0.0354635
vt -0.0607562 0.0351568
vt -0.0607417 0.0352605
vt -0.0607562 0.0348432
vt -0.0607199 0.0346371
vt -0.0606552 0.0344381
vt -0.060691 0.0345365
vt -0.0585603 0.0363244
vt -0.0584696 0.0362721
vt -0.0602286 0.0361491
vt -0.0606126 0.0356576
vt -0.0605635 0.03575
vt -0.0606552 0.0355619
vt -0.0607417 0.0347395
vt -0.0606126 0.0343424
vt -0.0581497 0.0339963
vt -0.0582225 0.033921
vt -0.0580209 0.0341612
vt -0.0580824 0.0340765
vt -0.057809 0.0346371
vt -0.0578379 0.0345365
vt -0.0583828 0.0362135
vt -0.0603064 0.036079
vt -0.0579163 0.0343424
vt -0.0579654 0.03425
vt -0.0578737 0.0344381
vt -0.0577727 0.0348432
vt -0.0577872 0.0347395
vt -0.0577654 0.0350523
vt -0.0577654 0.0349477
vt -0.0557645 0.04995
vt -0.057809 0.0353629
vt -0.0577872 0.0352605
vt -0.0579163 0.0356576
vt -0.0578737 0.0355619
vt -0.0583003 0.0361491
vt -0.0582225 0.036079
vt -0.0603792 0.0360037
vt -0.060508 0.0358388
vt -0.0604465 0.0359235
vt -0.0578379 0.0354635
vt -0.0580209 0.0358388
vt -0.0579654 0.03575
vt -0.0617645 0.04995
vt -0.0577727 0.0351568
vt -0.0581497 0.0360037
vt -0.0580824 0.0359235
vt -0.0784 3.1474e-19
vt -0.0582 2.33646e-19
vt -0.0582 0.00282843
vt -0.0784 0.00282843
vt -0.0784 0
vt -0.0582 0
vt -0.0582 0.00995
vt -0.0784 0.00995
vt -0.0582 2.33646e-19
vt -0.0552 2.21602e-19
vt -0.0552 0.0113137
vt -0.0582 0.0113137
vt -0.00745 0
vt -0.00745 0.003
vt 0.011 0.003
vt 0.011 -0
vt -0.0637645 0.0235
vt -0.0592645 0.0335
vt -0.0591598 0.0335037
vt -0.0594732 0.0335146
vt -0.0593691 0.0335037
vt -0.0590557 0.0335146
vt -0.0589526 0.0335328
vt -0.058851 0.0335581
vt -0.0595763 0.0335328
vt -0.0617645 0.04
vt -0.0592645 0.0365
vt -0.0593691 0.0364963
vt -0.0590557 0.0364854
vt -0.0591598 0.0364963
vt -0.0557645 0.0315
vt -0.0585603 0.0336756
vt -0.0584696 0.0337279
vt -0.0587514 0.0335905
vt -0.0596779 0.0335581
vt -0.0586544 0.0336297
vt -0.0598746 0.0336297
vt -0.0597775 0.0335905
vt -0.0594732 0.0364854
vt -0.0583828 0.0337865
vt -0.0601461 0.0337865
vt -0.0600593 0.0337279
vt -0.0589526 0.0364672
vt -0.0599687 0.0336756
vt -0.0605635 0.03425
vt -0.060508 0.0341612
vt -0.0595763 0.0364672
vt -0.0557645 0.04995
vt -0.0577872 0.0352605
vt -0.0577727 0.0348432
vt -0.0577654 0.0349477
vt -0.0603064 0.033921
vt -0.0602286 0.0338509
vt -0.0604465 0.0340765
vt -0.0603792 0.0339963
vt -0.0606126 0.0343424
vt -0.0599687 0.0363244
vt -0.0600593 0.0362721
vt -0.0596779 0.0364419
vt -0.0597775 0.0364095
vt -0.058851 0.0364419
vt -0.0585603 0.0363244
vt -0.0586544 0.0363703
vt -0.057809 0.0353629
vt -0.0578379 0.0354635
vt -0.0577727 0.0351568
vt -0.0577654 0.0350523
vt -0.0607199 0.0346371
vt -0.060691 0.0345365
vt -0.0598746 0.0363703
vt -0.0587514 0.0364095
vt -0.0579163 0.0356576
vt -0.0579654 0.03575
vt -0.0578737 0.0355619
vt -0.057809 0.0346371
vt -0.0577872 0.0347395
vt -0.0578737 0.0344381
vt -0.0578379 0.0345365
vt -0.0581497 0.0339963
vt -0.0580824 0.0340765
vt -0.0583003 0.0338509
vt -0.0582225 0.033921
vt -0.0606552 0.0344381
vt -0.0637645 0.038
vt -0.0607417 0.0347395
vt -0.0602286 0.0361491
vt -0.0601461 0.0362135
vt -0.0579163 0.0343424
vt -0.0580209 0.0341612
vt -0.0579654 0.03425
vt -0.0607562 0.0348432
vt -0.0607635 0.0350523
vt -0.0607635 0.0349477
vt -0.0606552 0.0355619
vt -0.060691 0.0354635
vt -0.0603792 0.0360037
vt -0.0604465 0.0359235
vt -0.0603064 0.036079
vt -0.0583828 0.0362135
vt -0.0584696 0.0362721
vt -0.0581497 0.0360037
vt -0.0607199 0.0353629
vt -0.0607417 0.0352605
vt -0.0606126 0.0356576
vt -0.060508 0.0358388
vt -0.0605635 0.03575
vt -0.0582225 0.036079
vt -0.0580824 0.0359235
vt -0.0607562 0.0351568
vt -0.0583003 0.0361491
vt -0.0580209 0.0358388
vt -0.0617645 0.04995
vt -0.0814 3.26783e-19
vt -0.0784 3.1474e-19
vt -0.0784 0.0113137
vt -0.0814 0.0113137
vt -0.00745 0
vt -0.00745 0.003
vt 0.011 0.003
vt 0.011 -0
vt -0.0557645 0.04995
vt -0.0557645 0.0315
vt -0.0617645 0.034
vt -0.0637645 0.0235
vt -0.0637645 0.032
vt -0.0617645 0.04995
vt -0.0552 2.21602e-19
vt 0.0552 -2.21602e-19
vt 0.0552 0.00282843
vt -0.0552 0.00282843
vt -0.0552 -0.006
vt 0.0552 -0.006
vt 0.0552 0.00995
vt -0.0552 0.00995
vt -0.0557645 0.0315
vt -0.0617645 0.034
vt -0.0637645 0.032
vt -0.0557645 0.04995
vt -0.0617645 0.04995
vt -0.0637645 0.0235
vt 0.0552 -2.21602e-19
vt 0.0582 -2.33646e-19
vt 0.0582 0.0113137
vt 0.0552 0.0113137
vt -0.00745 0
vt -0.00745 0.003
vt 0.011 0.003
vt 0.011 -0
vt -0.0557645 0.0315
vt -0.0617645 0.034
vt -0.0637645 0.032
vt -0.0557645 0.04995
vt -0.0617645 0.04995
vt -0.0637645 0.0235
vt -0.1033 4.14701e-19
vt -0.0814 3.26783e-19
vt -0.0814 0.00282843
vt -0.1033 0.00282843
vt -0.1053 0.00995
vt -0.104262 -0.00593419
vt -0.103779 -0.00598364
vt -0.1053 -0.00571989
vt -0.104755 -0.00585046
vt -0.0814 0.00995
vt -0.1033 -0.006
vt -0.0814 -0.006
vt 0 0.00995
vt 0 -0.00571989
vt 0.0682955 -0.00562991
vt 0.0682955 0.00995
vt 0.136591 -0.00554768
vt 0.136591 0.00995
vt 0.20073 -0.00547763
vt 0.204886 -0.00547333
vt 0.204886 0.00995
vt 0.238949 -0.00543922
vt 0.273147 -0.00540699
vt 0.273182 0.00995
vt 0.306094 -0.00537786
vt 0.341477 -0.00534867
vt 0.341477 0.00995
vt 0.37567 -0.00532255
vt 0.409771 -0.00529856
vt 0.409773 0.00995
vt 0.412026 -0.00529704
vt 0.478068 0.00995
vt 0.518395 -0.00523585
vt 0.546364 -0.00522311
vt 0.478068 -0.00525668
vt 0.546364 0.00995
vt 0.580438 -0.00520948
vt 0.614655 -0.00519789
vt 0.614659 0.00995
vt 0.625073 -0.00519477
vt 0.682955 0.00995
vt 0.731936 -0.00517415
vt 0.75125 -0.00517263
vt 0.682955 -0.00518105
vt 0.75125 0.00995
vt 0.78542 -0.00517157
vt 0.819546 0.00995
vt 0.887841 0.00995
vt 0.819547 -0.00517263
vt 0.83886 -0.00517415
vt 0.956137 0.00995
vt 0.887841 -0.00518105
vt 0.945723 -0.00519477
vt 1.02443 0.00995
vt 0.956137 -0.00519788
vt 0.990347 -0.00520947
vt 1.09273 0.00995
vt 1.02445 -0.00522311
vt 1.0524 -0.00523585
vt 1.16102 0.00995
vt 1.09273 -0.00525668
vt 1.15877 -0.00529704
vt 1.22932 0.00995
vt 1.16102 -0.00529856
vt 1.19516 -0.00532258
vt 1.29761 0.00995
vt 1.22932 -0.00534867
vt 1.2647 -0.00537786
vt 1.36591 0.00995
vt 1.29761 -0.00540696
vt 1.33186 -0.00543924
vt 1.43421 0.00995
vt 1.36591 -0.00547333
vt 1.37007 -0.00547763
vt 1.5025 0.00995
vt 1.43421 -0.00554768
vt 1.5708 0.00995
vt 1.5025 -0.00562991
vt 1.5708 -0.00571989
vt 1.5025 -0.00598364
vt 1.5025 -0.008
vt 1.5708 -0.008
vt 1.43421 -0.008
vt 1.36591 -0.008
vt 1.43421 -0.00593419
vt 1.29761 -0.008
vt 1.36591 -0.00585046
vt 1.22932 -0.008
vt 1.2925 -0.00571989
vt 1.16102 -0.008
vt 1.24753 -0.00562991
vt 1.20282 -0.00554768
vt 1.09273 -0.008
vt 1.15832 -0.00547333
vt 1.13621 -0.00543924
vt 1.11402 -0.00540696
vt 1.16102 -0.00547763
vt 1.02443 -0.008
vt 1.09273 -0.00537786
vt 1.06988 -0.00534867
vt 1.04786 -0.00532258
vt 1.02588 -0.00529856
vt 0.956137 -0.008
vt 1.02443 -0.00529704
vt 0.982001 -0.00525668
vt 0.887841 -0.008
vt 0.938225 -0.00522311
vt 0.916391 -0.00520947
vt 0.956137 -0.00523585
vt 0.894502 -0.00519788
vt 0.819546 -0.008
vt 0.887841 -0.00519477
vt 0.85084 -0.00518105
vt 0.75125 -0.008
vt 0.785412 -0.00517157
vt 0.807209 -0.00517263
vt 0.763588 -0.00517263
vt 0.819546 -0.00517415
vt 0.719956 -0.00518105
vt 0.682955 -0.00519477
vt 0.75125 -0.00517415
vt 0.682955 -0.008
vt 0.632581 -0.00522311
vt 0.614659 -0.00523585
vt 0.676292 -0.00519789
vt 0.654398 -0.00520948
vt 0.614659 -0.008
vt 0.588795 -0.00525668
vt 0.546364 -0.00529704
vt 0.546364 -0.008
vt 0.500917 -0.00534867
vt 0.478068 -0.00537786
vt 0.522961 -0.00532255
vt 0.544913 -0.00529856
vt 0.478068 -0.008
vt 0.412475 -0.00547333
vt 0.409773 -0.00547763
vt 0.456757 -0.00540699
vt 0.434594 -0.00543922
vt 0.409773 -0.008
vt 0.36798 -0.00554768
vt 0.323265 -0.00562991
vt 0.341477 -0.008
vt 0.2783 -0.00571989
vt 0.273182 -0.008
vt 0.204886 -0.00585046
vt 0.204886 -0.008
vt 0.136591 -0.00593419
vt 0.136591 -0.008
vt 0.0682955 -0.00598364
vt 0 -0.006
vt 0 -0.008
vt 0.0682955 -0.008
vt 1.5708 -0.006
vt -0.00995 -0.0221
vt 0.00593419 -0.0210621
vt 0.00598364 -0.0205788
vt 0.00571989 -0.0221
vt 0.00585046 -0.0215546
vt -0.00995 0.0221
vt 0.00593419 0.0210621
vt 0.00585046 0.0215546
vt 0.006 0.0201
vt 0.00598364 0.0205788
vt 0.006 -0.0201
vt 0.00571989 0.0221
vt 0.0201 0.00282843
vt -0.0201 0.00282843
vt -0.0201 -1.74057e-18
vt 0.0201 1.74057e-18
vt 0 0.081
vt 0 0.048
vt 0.0682955 0.048
vt 0.0682955 0.081
vt 0.136591 0.048
vt 0.136591 0.081
vt 0.204886 0.048
vt 0.204886 0.081
vt 0.273182 0.048
vt 0.273182 0.081
vt 0.341477 0.048
vt 0.341477 0.081
vt 0.409773 0.048
vt 0.409773 0.081
vt 0.478068 0.048
vt 0.478068 0.081
vt 0.546364 0.048
vt 0.546364 0.081
vt 0.614659 0.048
vt 0.614659 0.081
vt 0.682955 0.048
vt 0.682955 0.081
vt 0.75125 0.048
vt 0.75125 0.081
vt 0.819546 0.048
vt 0.819546 0.081
vt 0.887841 0.048
vt 0.887841 0.081
vt 0.956137 0.048
vt 0.956137 0.081
vt 1.02443 0.048
vt 1.02443 0.081
vt 1.09273 0.048
vt 1.09273 0.081
vt 1.16102 0.048
vt 1.16102 0.081
vt 1.22932 0.048
vt 1.22932 0.081
vt 1.29761 0.048
vt 1.29761 0.081
vt 1.36591 0.048
vt 1.36591 0.081
vt 1.43421 0.048
vt 1.43421 0.081
vt 1.5025 0.048
vt 1.5025 0.081
vt 1.5708 0.048
vt 1.5708 0.081
vt 4.71239 0.00995
vt 4.71239 -0.00571989
vt 4.78068 -0.00562991
vt 4.78068 0.00995
vt 4.84898 -0.00554768
vt 4.84898 0.00995
vt 4.91312 -0.00547763
vt 4.91728 -0.00547333
vt 4.91728 0.00995
vt 4.95134 -0.00543922
vt 4.98554 -0.00540699
vt 4.98557 0.00995
vt 5.01848 -0.00537786
vt 5.05387 -0.00534867
vt 5.05387 0.00995
vt 5.08806 -0.00532255
vt 5.12216 -0.00529856
vt 5.12216 0.00995
vt 5.12442 -0.00529704
vt 5.19046 0.00995
vt 5.23078 -0.00523585
vt 5.25875 -0.00522311
vt 5.19046 -0.00525668
vt 5.25875 0.00995
vt 5.29283 -0.00520948
vt 5.32704 -0.00519789
vt 5.32705 0.00995
vt 5.33746 -0.00519477
vt 5.39534 0.00995
vt 5.44433 -0.00517415
vt 5.46364 -0.00517263
vt 5.39534 -0.00518105
vt 5.46364 0.00995
vt 5.49781 -0.00517157
vt 5.53193 0.00995
vt 5.60023 0.00995
vt 5.53194 -0.00517263
vt 5.55125 -0.00517415
vt 5.66853 0.00995
vt 5.60023 -0.00518105
vt 5.65811 -0.00519477
vt 5.73682 0.00995
vt 5.66853 -0.00519788
vt 5.70274 -0.00520947
vt 5.80512 0.00995
vt 5.73684 -0.00522311
vt 5.76479 -0.00523585
vt 5.87341 0.00995
vt 5.80512 -0.00525668
vt 5.87116 -0.00529704
vt 5.94171 0.00995
vt 5.87341 -0.00529856
vt 5.90755 -0.00532258
vt 6.01 0.00995
vt 5.94171 -0.00534867
vt 5.97709 -0.00537786
vt 6.0783 0.00995
vt 6.01 -0.00540696
vt 6.04425 -0.00543924
vt 6.14659 0.00995
vt 6.0783 -0.00547333
vt 6.08246 -0.00547763
vt 6.21489 0.00995
vt 6.14659 -0.00554768
vt 0 0.00995
vt 6.21489 -0.00562991
vt 0 -0.00571989
vt 6.21489 -0.00598364
vt 6.21489 -0.008
vt 0 -0.008
vt 6.14659 -0.008
vt 6.0783 -0.008
vt 6.14659 -0.00593419
vt 6.01 -0.008
vt 6.0783 -0.00585046
vt 5.94171 -0.008
vt 6.00489 -0.00571989
vt 5.87341 -0.008
vt 5.95992 -0.00562991
vt 5.91521 -0.00554768
vt 5.80512 -0.008
vt 5.87071 -0.00547333
vt 5.8486 -0.00543924
vt 5.82641 -0.00540696
vt 5.87341 -0.00547763
vt 5.73682 -0.008
vt 5.80512 -0.00537786
vt 5.78227 -0.00534867
vt 5.76025 -0.00532258
vt 5.73827 -0.00529856
vt 5.66853 -0.008
vt 5.73682 -0.00529704
vt 5.69439 -0.00525668
vt 5.60023 -0.008
vt 5.65061 -0.00522311
vt 5.62878 -0.00520947
vt 5.66853 -0.00523585
vt 5.60689 -0.00519788
vt 5.53193 -0.008
vt 5.60023 -0.00519477
vt 5.56323 -0.00518105
vt 5.46364 -0.008
vt 5.4978 -0.00517157
vt 5.5196 -0.00517263
vt 5.47598 -0.00517263
vt 5.53193 -0.00517415
vt 5.43235 -0.00518105
vt 5.39534 -0.00519477
vt 5.46364 -0.00517415
vt 5.39534 -0.008
vt 5.34497 -0.00522311
vt 5.32705 -0.00523585
vt 5.38868 -0.00519789
vt 5.36679 -0.00520948
vt 5.32705 -0.008
vt 5.30118 -0.00525668
vt 5.25875 -0.00529704
vt 5.25875 -0.008
vt 5.21331 -0.00534867
vt 5.19046 -0.00537786
vt 5.23535 -0.00532255
vt 5.2573 -0.00529856
vt 5.19046 -0.008
vt 5.12486 -0.00547333
vt 5.12216 -0.00547763
vt 5.16915 -0.00540699
vt 5.14698 -0.00543922
vt 5.12216 -0.008
vt 5.08037 -0.00554768
vt 5.03565 -0.00562991
vt 5.05387 -0.008
vt 4.99069 -0.00571989
vt 4.98557 -0.008
vt 4.91728 -0.00585046
vt 4.91728 -0.008
vt 4.84898 -0.00593419
vt 4.84898 -0.008
vt 4.78068 -0.00598364
vt 4.71239 -0.006
vt 4.71239 -0.008
vt 4.78068 -0.008
vt 0 -0.006
vt 0.081 0.0201
vt 0.081 -0.0201
vt 0.048 -0.0201
vt 0.048 0.0201
vt 0.108964 -9.12918e-18
vt 0.0687645 -4.11475e-18
vt 0.0687645 0.00282843
vt 0.108964 0.00282843
vt 4.71239 0.002
vt 4.71239 -5.42101e-17
vt 4.78068 2.60209e-18
vt 4.78068 0.002
vt 4.84898 2.60209e-18
vt 4.84898 0.002
vt 4.91728 2.60209e-18
vt 4.91728 0.002
vt 4.98557 2.60209e-18
vt 4.98557 0.002
vt 5.05387 2.60209e-18
vt 5.05387 0.002
vt 5.12216 2.60209e-18
vt 5.12216 0.002
vt 5.19046 2.60209e-18
vt 5.19046 0.002
vt 5.25875 2.60209e-18
vt 5.25875 0.002
vt 5.32705 2.60209e-18
vt 5.32705 0.002
vt 5.39534 2.60209e-18
vt 5.39534 0.002
vt 5.46364 2.60209e-18
vt 5.46364 0.002
vt 5.53193 2.60209e-18
vt 5.53193 0.002
vt 5.60023 2.60209e-18
vt 5.60023 0.002
vt 5.66853 2.60209e-18
vt 5.66853 0.002
vt 5.73682 2.60209e-18
vt 5.73682 0.002
vt 5.80512 2.60209e-18
vt 5.80512 0.002
vt 5.87341 2.60209e-18
vt 5.87341 0.002
vt 5.94171 2.60209e-18
vt 5.94171 0.002
vt 6.01 2.60209e-18
vt 6.01 0.002
vt 6.0783 2.60209e-18
vt 6.0783 0.002
vt 6.14659 2.60209e-18
vt 6.14659 0.002
vt 6.21489 2.60209e-18
vt 6.21489 0.002
vt 0 1.30104e-18
vt 0 0.002
vt 0 0.002
vt 0 1.30104e-18
vt 0.0682955 2.60209e-18
vt 0.0682955 0.002
vt 0.136591 2.60209e-18
vt 0.136591 0.002
vt 0.204886 2.60209e-18
vt 0.204886 0.002
vt 0.273182 2.60209e-18
vt 0.273182 0.002
vt 0.341477 2.60209e-18
vt 0.341477 0.002
vt 0.409773 2.60209e-18
vt 0.409773 0.002
vt 0.478068 2.60209e-18
vt 0.478068 0.002
vt 0.546364 2.60209e-18
vt 0.546364 0.002
vt 0.614659 2.60209e-18
vt 0.614659 0.002
vt 0.682955 2.60209e-18
vt 0.682955 0.002
vt 0.75125 2.60209e-18
vt 0.75125 0.002
vt 0.819546 2.60209e-18
vt 0.819546 0.002
vt 0.887841 2.60209e-18
vt 0.887841 0.002
vt 0.956137 2.60209e-18
vt 0.956137 0.002
vt 1.02443 2.60209e-18
vt 1.02443 0.002
vt 1.09273 2.60209e-18
vt 1.09273 0.002
vt 1.16102 2.60209e-18
vt 1.16102 0.002
vt 1.22932 2.60209e-18
vt 1.22932 0.002
vt 1.29761 2.60209e-18
vt 1.29761 0.002
vt 1.36591 2.60209e-18
vt 1.36591 0.002
vt 1.43421 2.60209e-18
vt 1.43421 0.002
vt 1.5025 2.60209e-18
vt 1.5025 0.002
vt 1.5708 5.68122e-17
vt 1.5708 0.002
vt 0.21 1.14971e-18
vt 0.0034 1.36494e-20
vt 0.0034 0.00282843
vt 0.21 0.00282843
vt 4.71239 0.081
vt 4.71239 0.048
vt 4.78068 0.048
vt 4.78068 0.081
vt 4.84898 0.048
vt 4.84898 0.081
vt 4.91728 0.048
vt 4.91728 0.081
vt 4.98557 0.048
vt 4.98557 0.081
vt 5.05387 0.048
vt 5.05387 0.081
vt 5.12216 0.048
vt 5.12216 0.081
vt 5.19046 0.048
vt 5.19046 0.081
vt 5.25875 0.048
vt 5.25875 0.081
vt 5.32705 0.048
vt 5.32705 0.081
vt 5.39534 0.048
vt 5.39534 0.081
vt 5.46364 0.048
vt 5.46364 0.081
vt 5.53193 0.048
vt 5.53193 0.081
vt 5.60023 0.048
vt 5.60023 0.081
vt 5.66853 0.048
vt 5.66853 0.081
vt 5.73682 0.048
vt 5.73682 0.081
vt 5.80512 0.048
vt 5.80512 0.081
vt 5.87341 0.048
vt 5.87341 0.081
vt 5.94171 0.048
vt 5.94171 0.081
vt 6.01 0.048
vt 6.01 0.081
vt 6.0783 0.048
vt 6.0783 0.081
vt 6.14659 0.048
vt 6.14659 0.081
vt 6.21489 0.048
vt 6.21489 0.081
vt 0 0.048
vt 0 0.081
vt -0.0034 2.94425e-19
vt -0.21 2.73848e-17
vt -0.21 0.00282843
vt -0.0034 0.00282843
vt 0.00107287 -0.0668712
vt 0.00150674 -0.0664373
vt 0.00166996 -0.0663135
vt 0.00120749 -0.0667168
vt 0.00184125 -0.0662012
vt 0.000736344 -0.0673843
vt 0.000836742 -0.0672057
vt 0.0004 -0.0687645
vt 0.000406994 -0.0685597
vt 0.00135234 -0.066572
vt 0.00094909 -0.0670344
vt 0.000427942 -0.068356
vt 0.212192 -0.0667168
vt 0.212889 -0.0679551
vt 0.212937 -0.0681541
vt 0.212827 -0.0677598
vt 0.212563 -0.0672057
vt 0.212664 -0.0673843
vt 0.000511248 -0.0679551
vt 0.000573217 -0.0677598
vt 0.000462748 -0.0681541
vt 0.212972 -0.068356
vt 0.212993 -0.0685597
vt 0.212451 -0.0670344
vt 0.212327 -0.0668712
vt 0.0020198 -0.0661008
vt 0.000648366 -0.0675693
vt 0.000511248 -0.109774
vt 0.000427942 -0.109373
vt 0.000406994 -0.109169
vt 0.0004 -0.108964
vt 0.00135234 -0.111157
vt 0.00120749 -0.111012
vt 0.213 -0.108964
vt 0.212889 -0.109774
vt 0.212827 -0.109969
vt 0.212972 -0.109373
vt 0.212937 -0.109575
vt 0.00278963 -0.0658272
vt 0.0029915 -0.0657924
vt 0.00239536 -0.0659377
vt 0.00259061 -0.0658757
vt 0.0022048 -0.0660128
vt 0.000462748 -0.109575
vt 0.000648366 -0.11016
vt 0.000573217 -0.109969
vt 0.00107287 -0.110858
vt 0.00094909 -0.110694
vt 0.00150674 -0.111292
vt 0.0034 -0.111964
vt 0.00319527 -0.111957
vt 0.212664 -0.110345
vt 0.212563 -0.110523
vt 0.212752 -0.11016
vt 0.212993 -0.109169
vt 0.212752 -0.0675693
vt 0.213 -0.0687645
vt 0.21061 -0.0658272
vt 0.210809 -0.0658757
vt 0.000836742 -0.110523
vt 0.000736344 -0.110345
vt 0.00184125 -0.111528
vt 0.00166996 -0.111415
vt 0.0022048 -0.111716
vt 0.0020198 -0.111628
vt 0.00278963 -0.111902
vt 0.00259061 -0.111853
vt 0.0029915 -0.111937
vt 0.21061 -0.111902
vt 0.210408 -0.111937
vt 0.211195 -0.111716
vt 0.211005 -0.111791
vt 0.212192 -0.111012
vt 0.212048 -0.111157
vt 0.212451 -0.110694
vt 0.212048 -0.066572
vt 0.21173 -0.0663135
vt 0.211893 -0.0664373
vt 0.21138 -0.0661008
vt 0.211559 -0.0662012
vt 0.211005 -0.0659377
vt 0.211195 -0.0660128
vt 0.210408 -0.0657924
vt 0.00239536 -0.111791
vt 0.210205 -0.111957
vt 0.210809 -0.111853
vt 0.212327 -0.110858
vt 0.210205 -0.0657715
vt 0.00319527 -0.0657715
vt 0.211559 -0.111528
vt 0.21138 -0.111628
vt 0.211893 -0.111292
vt 0.21173 -0.111415
vt 0.21 -0.0657645
vt 0.0034 -0.0657645
vt 0.21 -0.111964
vt 3.14159 0.002
vt 3.14159 3.03577e-18
vt 3.20989 2.60209e-18
vt 3.20989 0.002
vt 3.27818 2.60209e-18
vt 3.27818 0.002
vt 3.34648 2.60209e-18
vt 3.34648 0.002
vt 3.41477 2.60209e-18
vt 3.41477 0.002
vt 3.48307 2.60209e-18
vt 3.48307 0.002
vt 3.55137 2.60209e-18
vt 3.55137 0.002
vt 3.61966 2.60209e-18
vt 3.61966 0.002
vt 3.68796 2.60209e-18
vt 3.68796 0.002
vt 3.75625 2.60209e-18
vt 3.75625 0.002
vt 3.82455 2.60209e-18
vt 3.82455 0.002
vt 3.89284 2.60209e-18
vt 3.89284 0.002
vt 3.96114 2.60209e-18
vt 3.96114 0.002
vt 4.02943 2.60209e-18
vt 4.02943 0.002
vt 4.09773 2.60209e-18
vt 4.09773 0.002
vt 4.16603 2.60209e-18
vt 4.16603 0.002
vt 4.23432 2.60209e-18
vt 4.23432 0.002
vt 4.30262 2.60209e-18
vt 4.30262 0.002
vt 4.37091 2.60209e-18
vt 4.37091 0.002
vt 4.43921 2.60209e-18
vt 4.43921 0.002
vt 4.5075 2.60209e-18
vt 4.5075 0.002
vt 4.5758 2.60209e-18
vt 4.5758 0.002
vt 4.64409 2.60209e-18
vt 4.64409 0.002
vt 4.71239 -5.24754e-17
vt 4.71239 0.002
vt 0.0237973 0.0108171
vt -0.182803 0.0108171
vt -0.182803 -0.0221829
vt 0.0237973 -0.0221829
vt -0.0201 -2.66055e-18
vt 0.0201 2.66055e-18
vt 0.0201 0.00282843
vt -0.0201 0.00282843
vt 1.5708 0.002
vt 1.5708 5.68122e-17
vt 1.63909 2.60209e-18
vt 1.63909 0.002
vt 1.70739 2.60209e-18
vt 1.70739 0.002
vt 1.77568 2.60209e-18
vt 1.77568 0.002
vt 1.84398 2.60209e-18
vt 1.84398 0.002
vt 1.91227 2.60209e-18
vt 1.91227 0.002
vt 1.98057 2.60209e-18
vt 1.98057 0.002
vt 2.04886 2.60209e-18
vt 2.04886 0.002
vt 2.11716 2.60209e-18
vt 2.11716 0.002
vt 2.18546 2.60209e-18
vt 2.18546 0.002
vt 2.25375 2.60209e-18
vt 2.25375 0.002
vt 2.32205 2.60209e-18
vt 2.32205 0.002
vt 2.39034 2.60209e-18
vt 2.39034 0.002
vt 2.45864 2.60209e-18
vt 2.45864 0.002
vt 2.52693 2.60209e-18
vt 2.52693 0.002
vt 2.59523 2.60209e-18
vt 2.59523 0.002
vt 2.66352 2.60209e-18
vt 2.66352 0.002
vt 2.73182 2.60209e-18
vt 2.73182 0.002
vt 2.80012 2.60209e-18
vt 2.80012 0.002
vt 2.86841 2.60209e-18
vt 2.86841 0.002
vt 2.93671 2.60209e-18
vt 2.93671 0.002
vt 3.005 2.60209e-18
vt 3.005 0.002
vt 3.0733 2.60209e-18
vt 3.0733 0.002
vt 3.14159 1.30104e-18
vt 3.14159 0.002
vt 0.1033 0.00282843
vt -0.1033 0.00282843
vt -0.1033 -1.38519e-17
vt 0.1033 1.38519e-17
vt 4.71239 -0.048
vt 4.71239 -0.081
vt 4.78068 -0.081
vt 4.78068 -0.048
vt 4.84898 -0.081
vt 4.84898 -0.048
vt 4.91728 -0.081
vt 4.91728 -0.048
vt 4.98557 -0.081
vt 4.98557 -0.048
vt 5.05387 -0.081
vt 5.05387 -0.048
vt 5.12216 -0.081
vt 5.12216 -0.048
vt 5.19046 -0.081
vt 5.19046 -0.048
vt 5.25875 -0.081
vt 5.25875 -0.048
vt 5.32705 -0.081
vt 5.32705 -0.048
vt 5.39534 -0.081
vt 5.39534 -0.048
vt 5.46364 -0.081
vt 5.46364 -0.048
vt 5.53193 -0.081
vt 5.53193 -0.048
vt 5.60023 -0.081
vt 5.60023 -0.048
vt 5.66853 -0.081
vt 5.66853 -0.048
vt 5.73682 -0.081
vt 5.73682 -0.048
vt 5.80512 -0.081
vt 5.80512 -0.048
vt 5.87341 -0.081
vt 5.87341 -0.048
vt 5.94171 -0.081
vt 5.94171 -0.048
vt 6.01 -0.081
vt 6.01 -0.048
vt 6.0783 -0.081
vt 6.0783 -0.048
vt 6.14659 -0.081
vt 6.14659 -0.048
vt 6.21489 -0.081
vt 6.21489 -0.048
vt 1.22465e-16 -0.081
vt 1.22465e-16 -0.048
vt 1.22465e-16 -0.048
vt 1.22465e-16 -0.081
vt 0.0682955 -0.081
vt 0.0682955 -0.048
vt 0.136591 -0.081
vt 0.136591 -0.048
vt 0.204886 -0.081
vt 0.204886 -0.048
vt 0.273182 -0.081
vt 0.273182 -0.048
vt 0.341477 -0.081
vt 0.341477 -0.048
vt 0.409773 -0.081
vt 0.409773 -0.048
vt 0.478068 -0.081
vt 0.478068 -0.048
vt 0.546364 -0.081
vt 0.546364 -0.048
vt 0.614659 -0.081
vt 0.614659 -0.048
vt 0.682955 -0.081
vt 0.682955 -0.048
vt 0.75125 -0.081
vt 0.75125 -0.048
vt 0.819546 -0.081
vt 0.819546 -0.048
vt 0.887841 -0.081
vt 0.887841 -0.048
vt 0.956137 -0.081
vt 0.956137 -0.048
vt 1.02443 -0.081
vt 1.02443 -0.048
vt 1.09273 -0.081
vt 1.09273 -0.048
vt 1.16102 -0.081
vt 1.16102 -0.048
vt 1.22932 -0.081
vt 1.22932 -0.048
vt 1.29761 -0.081
vt 1.29761 -0.048
vt 1.36591 -0.081
vt 1.36591 -0.048
vt 1.43421 -0.081
vt 1.43421 -0.048
vt 1.5025 -0.081
vt 1.5025 -0.048
vt 1.5708 -0.081
vt 1.5708 -0.048
vt 0.081 -0.0201
vt 0.081 0.0201
vt 0.048 0.0201
vt 0.048 -0.0201
vt 0.108964 0.0113137
vt 0.108964 0.00848528
vt 0.0687645 0.00848528
vt 0.0687645 0.0113137
vt 4.64409 -0.00598364
vt 4.64409 -0.008
vt 4.71239 -0.008
vt 4.5758 -0.008
vt 4.5075 -0.008
vt 4.5758 -0.00593419
vt 4.43921 -0.008
vt 4.5075 -0.00585046
vt 4.37091 -0.008
vt 4.43409 -0.00571989
vt 4.30262 -0.008
vt 4.38912 -0.00562991
vt 4.34441 -0.00554768
vt 4.23432 -0.008
vt 4.29992 -0.00547333
vt 4.2778 -0.00543924
vt 4.25561 -0.00540696
vt 4.30262 -0.00547763
vt 4.16603 -0.008
vt 4.23432 -0.00537786
vt 4.21147 -0.00534867
vt 4.18945 -0.00532258
vt 4.16747 -0.00529856
vt 4.09773 -0.008
vt 4.16603 -0.00529704
vt 4.12359 -0.00525668
vt 4.02943 -0.008
vt 4.07982 -0.00522311
vt 4.05798 -0.00520947
vt 4.09773 -0.00523585
vt 4.03609 -0.00519788
vt 3.96114 -0.008
vt 4.02943 -0.00519477
vt 3.99243 -0.00518105
vt 3.89284 -0.008
vt 3.927 -0.00517157
vt 3.9488 -0.00517263
vt 3.90518 -0.00517263
vt 3.96114 -0.00517415
vt 3.86155 -0.00518105
vt 3.82455 -0.00519477
vt 3.89284 -0.00517415
vt 3.82455 -0.008
vt 3.77417 -0.00522311
vt 3.75625 -0.00523585
vt 3.81788 -0.00519789
vt 3.79599 -0.00520948
vt 3.75625 -0.008
vt 3.73039 -0.00525668
vt 3.68796 -0.00529704
vt 3.68796 -0.008
vt 3.64251 -0.00534867
vt 3.61966 -0.00537786
vt 3.66455 -0.00532255
vt 3.68651 -0.00529856
vt 3.61966 -0.008
vt 3.55407 -0.00547333
vt 3.55137 -0.00547763
vt 3.59835 -0.00540699
vt 3.57619 -0.00543922
vt 3.55137 -0.008
vt 3.50957 -0.00554768
vt 3.46486 -0.00562991
vt 3.48307 -0.008
vt 3.41989 -0.00571989
vt 3.41477 -0.008
vt 3.34648 -0.00585046
vt 3.34648 -0.008
vt 3.27818 -0.00593419
vt 3.27818 -0.008
vt 3.20989 -0.00598364
vt 3.14159 -0.006
vt 3.14159 -0.008
vt 3.20989 -0.008
vt 4.71239 -0.006
vt 3.14159 0.00995
vt 3.14159 -0.00571989
vt 3.20989 -0.00562991
vt 3.20989 0.00995
vt 3.27818 -0.00554768
vt 3.27818 0.00995
vt 3.34232 -0.00547763
vt 3.34648 -0.00547333
vt 3.34648 0.00995
vt 3.38054 -0.00543922
vt 3.41474 -0.00540699
vt 3.41477 0.00995
vt 3.44769 -0.00537786
vt 3.48307 -0.00534867
vt 3.48307 0.00995
vt 3.51726 -0.00532255
vt 3.55136 -0.00529856
vt 3.55137 0.00995
vt 3.55362 -0.00529704
vt 3.61966 0.00995
vt 3.65999 -0.00523585
vt 3.68796 -0.00522311
vt 3.61966 -0.00525668
vt 3.68796 0.00995
vt 3.72203 -0.00520948
vt 3.75625 -0.00519789
vt 3.75625 0.00995
vt 3.76667 -0.00519477
vt 3.82455 0.00995
vt 3.87353 -0.00517415
vt 3.89284 -0.00517263
vt 3.82455 -0.00518105
vt 3.89284 0.00995
vt 3.92701 -0.00517157
vt 3.96114 0.00995
vt 4.02943 0.00995
vt 3.96114 -0.00517263
vt 3.98045 -0.00517415
vt 4.09773 0.00995
vt 4.02943 -0.00518105
vt 4.08732 -0.00519477
vt 4.16603 0.00995
vt 4.09773 -0.00519788
vt 4.13194 -0.00520947
vt 4.23432 0.00995
vt 4.16604 -0.00522311
vt 4.19399 -0.00523585
vt 4.30262 0.00995
vt 4.23432 -0.00525668
vt 4.30036 -0.00529704
vt 4.37091 0.00995
vt 4.30262 -0.00529856
vt 4.33676 -0.00532258
vt 4.43921 0.00995
vt 4.37091 -0.00534867
vt 4.4063 -0.00537786
vt 4.5075 0.00995
vt 4.43921 -0.00540696
vt 4.47346 -0.00543924
vt 4.5758 0.00995
vt 4.50751 -0.00547333
vt 4.51166 -0.00547763
vt 4.64409 0.00995
vt 4.5758 -0.00554768
vt 4.71239 0.00995
vt 4.64409 -0.00562991
vt 4.71239 -0.00571989
vt 0.00995 0.0221
vt -0.00593419 0.0210621
vt -0.00598364 0.0205788
vt -0.00571989 0.0221
vt -0.00585046 0.0215546
vt 0.00995 -0.0221
vt -0.00593419 -0.0210621
vt -0.00585046 -0.0215546
vt -0.006 -0.0201
vt -0.00598364 -0.0205788
vt -0.006 0.0201
vt -0.00571989 -0.0221
vt 1.5708 0.00995
vt 1.5708 -0.00571989
vt 1.63909 -0.00562991
vt 1.63909 0.00995
vt 1.70739 -0.00554768
vt 1.70739 0.00995
vt 1.77153 -0.00547763
vt 1.77568 -0.00547333
vt 1.77568 0.00995
vt 1.80975 -0.00543922
vt 1.84394 -0.00540699
vt 1.84398 0.00995
vt 1.87689 -0.00537786
vt 1.91227 -0.00534867
vt 1.91227 0.00995
vt 1.94647 -0.00532255
vt 1.98057 -0.00529856
vt 1.98057 0.00995
vt 1.98282 -0.00529704
vt 2.04886 0.00995
vt 2.08919 -0.00523585
vt 2.11716 -0.00522311
vt 2.04886 -0.00525668
vt 2.11716 0.00995
vt 2.15123 -0.00520948
vt 2.18545 -0.00519789
vt 2.18546 0.00995
vt 2.19587 -0.00519477
vt 2.25375 0.00995
vt 2.30273 -0.00517415
vt 2.32205 -0.00517263
vt 2.25375 -0.00518105
vt 2.32205 0.00995
vt 2.35622 -0.00517157
vt 2.39034 0.00995
vt 2.45864 0.00995
vt 2.39034 -0.00517263
vt 2.40966 -0.00517415
vt 2.52693 0.00995
vt 2.45864 -0.00518105
vt 2.51652 -0.00519477
vt 2.59523 0.00995
vt 2.52693 -0.00519788
vt 2.56114 -0.00520947
vt 2.66352 0.00995
vt 2.59524 -0.00522311
vt 2.6232 -0.00523585
vt 2.73182 0.00995
vt 2.66352 -0.00525668
vt 2.72957 -0.00529704
vt 2.80012 0.00995
vt 2.73182 -0.00529856
vt 2.76596 -0.00532258
vt 2.86841 0.00995
vt 2.80012 -0.00534867
vt 2.8355 -0.00537786
vt 2.93671 0.00995
vt 2.86841 -0.00540696
vt 2.90266 -0.00543924
vt 3.005 0.00995
vt 2.93671 -0.00547333
vt 2.94086 -0.00547763
vt 3.0733 0.00995
vt 3.005 -0.00554768
vt 3.14159 0.00995
vt 3.0733 -0.00562991
vt 3.14159 -0.00571989
vt 3.14159 -0.006
vt 3.0733 -0.00598364
vt 3.0733 -0.008
vt 3.005 -0.008
vt 2.93671 -0.008
vt 3.005 -0.00593419
vt 2.86841 -0.008
vt 2.93671 -0.00585046
vt 2.80012 -0.008
vt 2.86329 -0.00571989
vt 2.73182 -0.008
vt 2.81833 -0.00562991
vt 2.77361 -0.00554768
vt 2.66352 -0.008
vt 2.72912 -0.00547333
vt 2.70701 -0.00543924
vt 2.68481 -0.00540696
vt 2.73182 -0.00547763
vt 2.59523 -0.008
vt 2.66352 -0.00537786
vt 2.64068 -0.00534867
vt 2.61866 -0.00532258
vt 2.59668 -0.00529856
vt 2.52693 -0.008
vt 2.59523 -0.00529704
vt 2.5528 -0.00525668
vt 2.45864 -0.008
vt 2.50902 -0.00522311
vt 2.48719 -0.00520947
vt 2.52693 -0.00523585
vt 2.4653 -0.00519788
vt 2.39034 -0.008
vt 2.45864 -0.00519477
vt 2.42164 -0.00518105
vt 2.32205 -0.008
vt 2.35621 -0.00517157
vt 2.37801 -0.00517263
vt 2.33438 -0.00517263
vt 2.39034 -0.00517415
vt 2.29075 -0.00518105
vt 2.25375 -0.00519477
vt 2.32205 -0.00517415
vt 2.25375 -0.008
vt 2.20338 -0.00522311
vt 2.18546 -0.00523585
vt 2.24709 -0.00519789
vt 2.22519 -0.00520948
vt 2.18546 -0.008
vt 2.15959 -0.00525668
vt 2.11716 -0.00529704
vt 2.11716 -0.008
vt 2.07171 -0.00534867
vt 2.04886 -0.00537786
vt 2.09376 -0.00532255
vt 2.11571 -0.00529856
vt 2.04886 -0.008
vt 1.98327 -0.00547333
vt 1.98057 -0.00547763
vt 2.02755 -0.00540699
vt 2.00539 -0.00543922
vt 1.98057 -0.008
vt 1.93878 -0.00554768
vt 1.89406 -0.00562991
vt 1.91227 -0.008
vt 1.8491 -0.00571989
vt 1.84398 -0.008
vt 1.77568 -0.00585046
vt 1.77568 -0.008
vt 1.70739 -0.00593419
vt 1.70739 -0.008
vt 1.63909 -0.00598364
vt 1.5708 -0.006
vt 1.5708 -0.008
vt 1.63909 -0.008
vt 3.14159 -0.008
vt 0.1053 0.00995
vt 0.104262 -0.00593419
vt 0.104755 -0.00585046
vt 0.1033 -0.006
vt 0.103779 -0.00598364
vt 0.0814 0.00995
vt 0.0814 -0.006
vt 0.1053 -0.00571989
vt 0.1033 0.00282843
vt 0.0814 0.00282843
vt 0.0814 -3.26783e-19
vt 0.1033 -4.14701e-19
vt -0.0557645 0.04995
vt -0.0557645 0.0315
vt -0.0617645 0.034
vt -0.0637645 0.0235
vt -0.0637645 0.032
vt -0.0617645 0.04995
vt 0.0784 -3.1474e-19
vt 0.0814 -3.26783e-19
vt 0.0814 0.0113137
vt 0.0784 0.0113137
vt -0.00745 0
vt -0.00745 0.003
vt 0.011 0.003
vt 0.011 -0
vt 0.1033 0.081
vt 0.1033 0.048
vt 0.0814 0.0725
vt 0.0582 0.0725
vt 0.0784 0.0725
vt 0.0784 0.087
vt 0.0582 0.087
vt -0.0552 0.0725
vt 0.0552 0.0725
vt 0.0552 0.081
vt -0.0552 0.081
vt -0.0784 0.0725
vt -0.0582 0.0725
vt -0.0582 0.087
vt -0.0784 0.087
vt -0.1033 0.048
vt -0.0814 0.0725
vt -0.1033 0.081
vt -0.0814 0.081
vt 0.0814 0.081
vt 0.0582 -2.33646e-19
vt 0.0784 -3.1474e-19
vt 0.0784 0.00282843
vt 0.0582 0.00282843
vt 0.0582 0.00995
vt 0.0582 0
vt 0.0784 0
vt 0.0784 0.00995
vt -0.0637645 0.0235
vt -0.0592645 0.0335
vt -0.0591598 0.0335037
vt -0.0594732 0.0335146
vt -0.0593691 0.0335037
vt -0.0590557 0.0335146
vt -0.0589526 0.0335328
vt -0.058851 0.0335581
vt -0.0595763 0.0335328
vt -0.0617645 0.04
vt -0.0592645 0.0365
vt -0.0593691 0.0364963
vt -0.0590557 0.0364854
vt -0.0591598 0.0364963
vt -0.0557645 0.0315
vt -0.0585603 0.0336756
vt -0.0584696 0.0337279
vt -0.0587514 0.0335905
vt -0.0596779 0.0335581
vt -0.0586544 0.0336297
vt -0.0598746 0.0336297
vt -0.0597775 0.0335905
vt -0.0594732 0.0364854
vt -0.0583828 0.0337865
vt -0.0601461 0.0337865
vt -0.0600593 0.0337279
vt -0.0589526 0.0364672
vt -0.0599687 0.0336756
vt -0.0605635 0.03425
vt -0.060508 0.0341612
vt -0.0595763 0.0364672
vt -0.0557645 0.04995
vt -0.0577872 0.0352605
vt -0.0577727 0.0348432
vt -0.0577654 0.0349477
vt -0.0603064 0.033921
vt -0.0602286 0.0338509
vt -0.0604465 0.0340765
vt -0.0603792 0.0339963
vt -0.0606126 0.0343424
vt -0.0599687 0.0363244
vt -0.0600593 0.0362721
vt -0.0596779 0.0364419
vt -0.0597775 0.0364095
vt -0.058851 0.0364419
vt -0.0585603 0.0363244
vt -0.0586544 0.0363703
vt -0.057809 0.0353629
vt -0.0578379 0.0354635
vt -0.0577727 0.0351568
vt -0.0577654 0.0350523
vt -0.0607199 0.0346371
vt -0.060691 0.0345365
vt -0.0598746 0.0363703
vt -0.0587514 0.0364095
vt -0.0579163 0.0356576
vt -0.0579654 0.03575
vt -0.0578737 0.0355619
vt -0.057809 0.0346371
vt -0.0577872 0.0347395
vt -0.0578737 0.0344381
vt -0.0578379 0.0345365
vt -0.0581497 0.0339963
vt -0.0580824 0.0340765
vt -0.0583003 0.0338509
vt -0.0582225 0.033921
vt -0.0606552 0.0344381
vt -0.0637645 0.038
vt -0.0607417 0.0347395
vt -0.0602286 0.0361491
vt -0.0601461 0.0362135
vt -0.0579163 0.0343424
vt -0.0580209 0.0341612
vt -0.0579654 0.03425
vt -0.0607562 0.0348432
vt -0.0607635 0.0350523
vt -0.0607635 0.0349477
vt -0.0606552 0.0355619
vt -0.060691 0.0354635
vt -0.0603792 0.0360037
vt -0.0604465 0.0359235
vt -0.0603064 0.036079
vt -0.0583828 0.0362135
vt -0.0584696 0.0362721
vt -0.0581497 0.0360037
vt -0.0607199 0.0353629
vt -0.0607417 0.0352605
vt -0.0606126 0.0356576
vt -0.060508 0.0358388
vt -0.0605635 0.03575
vt -0.0582225 0.036079
vt -0.0580824 0.0359235
vt -0.0607562 0.0351568
vt -0.0583003 0.0361491
vt -0.0580209 0.0358388
vt -0.0617645 0.04995
vt -0.0637645 0.0235
vt -0.0592645 0.0335
vt -0.0593691 0.0335037
vt -0.0590557 0.0335146
vt -0.0591598 0.0335037
vt -0.0594732 0.0335146
vt -0.0589526 0.0335328
vt -0.0617645 0.04
vt -0.0592645 0.0365
vt -0.0591598 0.0364963
vt -0.0594732 0.0364854
vt -0.0593691 0.0364963
vt -0.0595763 0.0335328
vt -0.0557645 0.0315
vt -0.058851 0.0335581
vt -0.0596779 0.0335581
vt -0.0597775 0.0335905
vt -0.0590557 0.0364854
vt -0.0599687 0.0336756
vt -0.0600593 0.0337279
vt -0.0586544 0.0336297
vt -0.0587514 0.0335905
vt -0.0583828 0.0337865
vt -0.0584696 0.0337279
vt -0.0595763 0.0364672
vt -0.0598746 0.0336297
vt -0.0585603 0.0336756
vt -0.0587514 0.0364095
vt -0.0586544 0.0363703
vt -0.0589526 0.0364672
vt -0.0604465 0.0340765
vt -0.060508 0.0341612
vt -0.0583003 0.0338509
vt -0.058851 0.0364419
vt -0.0596779 0.0364419
vt -0.0601461 0.0362135
vt -0.0600593 0.0362721
vt -0.0637645 0.038
vt -0.0607635 0.0349477
vt -0.0607635 0.0350523
vt -0.0605635 0.03425
vt -0.0603064 0.033921
vt -0.0603792 0.0339963
vt -0.0601461 0.0337865
vt -0.0602286 0.0338509
vt -0.0598746 0.0363703
vt -0.0597775 0.0364095
vt -0.0599687 0.0363244
vt -0.0607199 0.0353629
vt -0.060691 0.0354635
vt -0.0607562 0.0351568
vt -0.0607417 0.0352605
vt -0.0607562 0.0348432
vt -0.0607199 0.0346371
vt -0.0606552 0.0344381
vt -0.060691 0.0345365
vt -0.0585603 0.0363244
vt -0.0584696 0.0362721
vt -0.0602286 0.0361491
vt -0.0606126 0.0356576
vt -0.0605635 0.03575
vt -0.0606552 0.0355619
vt -0.0607417 0.0347395
vt -0.0606126 0.0343424
vt -0.0581497 0.0339963
vt -0.0582225 0.033921
vt -0.0580209 0.0341612
vt -0.0580824 0.0340765
vt -0.057809 0.0346371
vt -0.0578379 0.0345365
vt -0.0583828 0.0362135
vt -0.0603064 0.036079
vt -0.0579163 0.0343424
vt -0.0579654 0.03425
vt -0.0578737 0.0344381
vt -0.0577727 0.0348432
vt -0.0577872 0.0347395
vt -0.0577654 0.0350523
vt -0.0577654 0.0349477
vt -0.0557645 0.04995
vt -0.057809 0.0353629
vt -0.0577872 0.0352605
vt -0.0579163 0.0356576
vt -0.0578737 0.0355619
vt -0.0583003 0.0361491
vt -0.0582225 0.036079
vt -0.0603792 0.0360037
vt -0.060508 0.0358388
vt -0.0604465 0.0359235
vt -0.0578379 0.0354635
vt -0.0580209 0.0358388
vt -0.0579654 0.03575
vt -0.0617645 0.04995
vt -0.0577727 0.0351568
vt -0.0581497 0.0360037
vt -0.0580824 0.0359235
vt 6.28319 0.0141
vt 4.98023e-16 -0.0061
vt 6.353 -0.0061
vt 6.353 0.0141
vt 6.42281 -0.0061
vt 6.42281 0.0141
vt 0.20944 -0.0061
vt 0.20944 0.0141
vt 0.279253 -0.0061
vt 0.279253 0.0141
vt 0.349066 -0.0061
vt 0.349066 0.0141
vt 0.418879 -0.0061
vt 0.418879 0.0141
vt 0.488692 -0.0061
vt 0.488692 0.0141
vt 0.558505 -0.0061
vt 0.558505 0.0141
vt 0.628319 -0.0061
vt 0.628319 0.0141
vt 0.698132 -0.0061
vt 0.698132 0.0141
vt 0.767945 -0.0061
vt 0.767945 0.0141
vt 0.837758 -0.0061
vt 0.837758 0.0141
vt 0.907571 -0.0061
vt 0.907571 0.0141
vt 0.977384 -0.0061
vt 0.977384 0.0141
vt 1.0472 -0.0061
vt 1.0472 0.0141
vt 1.11701 -0.0061
vt 1.11701 0.0141
vt 1.18682 -0.0061
vt 1.18682 0.0141
vt 1.25664 -0.0061
vt 1.25664 0.0141
vt 1.32645 -0.0061
vt 1.32645 0.0141
vt 1.39626 -0.0061
vt 1.39626 0.0141
vt 1.46608 -0.0061
vt 1.46608 0.0141
vt 1.53589 -0.0061
vt 1.53589 0.0141
vt 1.6057 -0.0061
vt 1.6057 0.0141
vt 1.67552 -0.0061
vt 1.67552 0.0141
vt 1.74533 -0.0061
vt 1.74533 0.0141
vt 1.81514 -0.0061
vt 1.81514 0.0141
vt 1.88496 -0.0061
vt 1.88496 0.0141
vt 1.95477 -0.0061
vt 1.95477 0.0141
vt 2.02458 -0.0061
vt 2.02458 0.0141
vt 2.0944 -0.0061
vt 2.0944 0.0141
vt 2.16421 -0.0061
vt 2.16421 0.0141
vt 2.23402 -0.0061
vt 2.23402 0.0141
vt 2.30383 -0.0061
vt 2.30383 0.0141
vt 2.37365 -0.0061
vt 2.37365 0.0141
vt 2.44346 -0.0061
vt 2.44346 0.0141
vt 2.51327 -0.0061
vt 2.51327 0.0141
vt 2.58309 -0.0061
vt 2.58309 0.0141
vt 2.6529 -0.0061
vt 2.6529 0.0141
vt 2.72271 -0.0061
vt 2.72271 0.0141
vt 2.79253 -0.0061
vt 2.79253 0.0141
vt 2.86234 -0.0061
vt 2.86234 0.0141
vt 2.93215 -0.0061
vt 2.93215 0.0141
vt 3.00197 -0.0061
vt 3.00197 0.0141
vt 3.07178 -0.0061
vt 3.07178 0.0141
vt 3.14159 -0.0061
vt 3.14159 0.0141
vt 3.21141 -0.0061
vt 3.21141 0.0141
vt 3.28122 -0.0061
vt 3.28122 0.0141
vt 3.35103 -0.0061
vt 3.35103 0.0141
vt 3.42085 -0.0061
vt 3.42085 0.0141
vt 3.49066 -0.0061
vt 3.49066 0.0141
vt 3.56047 -0.0061
vt 3.56047 0.0141
vt 3.63028 -0.0061
vt 3.63028 0.0141
vt 3.7001 -0.0061
vt 3.7001 0.0141
vt 3.76991 -0.0061
vt 3.76991 0.0141
vt 3.83972 -0.0061
vt 3.83972 0.0141
vt 3.90954 -0.0061
vt 3.90954 0.0141
vt 3.97935 -0.0061
vt 3.97935 0.0141
vt 4.04916 -0.0061
vt 4.04916 0.0141
vt 4.11898 -0.0061
vt 4.11898 0.0141
vt 4.18879 -0.0061
vt 4.18879 0.0141
vt 4.2586 -0.0061
vt 4.2586 0.0141
vt 4.32842 -0.0061
vt 4.32842 0.0141
vt 4.39823 -0.0061
vt 4.39823 0.0141
vt 4.46804 -0.0061
vt 4.46804 0.0141
vt 4.53786 -0.0061
vt 4.53786 0.0141
vt 4.60767 -0.0061
vt 4.60767 0.0141
vt 4.67748 -0.0061
vt 4.67748 0.0141
vt 4.7473 -0.0061
vt 4.7473 0.0141
vt 4.81711 -0.0061
vt 4.81711 0.0141
vt 4.88692 -0.0061
vt 4.88692 0.0141
vt 4.95674 -0.0061
vt 4.95674 0.0141
vt 5.02655 -0.0061
vt 5.02655 0.0141
vt 5.09636 -0.0061
vt 5.09636 0.0141
vt 5.16617 -0.0061
vt 5.16617 0.0141
vt 5.23599 -0.0061
vt 5.23599 0.0141
vt 5.3058 -0.0061
vt 5.3058 0.0141
vt 5.37561 -0.0061
vt 5.37561 0.0141
vt 5.44543 -0.0061
vt 5.44543 0.0141
vt 5.51524 -0.0061
vt 5.51524 0.0141
vt 5.58505 -0.0061
vt 5.58505 0.0141
vt 5.65487 -0.0061
vt 5.65487 0.0141
vt 5.72468 -0.0061
vt 5.72468 0.0141
vt 5.79449 -0.0061
vt 5.79449 0.0141
vt 5.86431 -0.0061
vt 5.86431 0.0141
vt 5.93412 -0.0061
vt 5.93412 0.0141
vt 6.00393 -0.0061
vt 6.00393 0.0141
vt 6.07375 -0.0061
vt 6.07375 0.0141
vt 6.14356 -0.0061
vt 6.14356 0.0141
vt 6.21337 -0.0061
vt 6.21337 0.0141
vt 0.0239 -0.007
vt 0.0262003 -0.00256057
vt 0.0264979 -0.0027279
vt 0.0267834 -0.00291515
vt 0.0270554 -0.00312144
vt -0.1867 -0.0512
vt -0.189 -0.0556394
vt -0.189298 -0.0554721
vt -0.188049 -0.0560146
vt -0.188374 -0.0559113
vt 0.025892 -0.00241394
vt 0.025249 -0.00218541
vt 0.0255744 -0.0022887
vt -0.189583 -0.0552848
vt -0.188692 -0.0557861
vt -0.187381 -0.0561534
vt -0.187717 -0.0560954
vt 0.0245808 -0.00204657
vt 0.0249173 -0.00210458
vt -0.189855 -0.0550786
vt 0.0239 -0.002
vt 0.0242412 -0.00201166
vt -0.187041 -0.0561883
vt 0.0239 -0.0512
vt 0.0267834 -0.0552848
vt 0.0264979 -0.0554721
vt 2.44929e-19 -0.002
vt -0.1867 -0.0562
vt 0.0270554 -0.0550786
vt -0.003 -0.002
vt -4.89859e-19 0.004
vt -0.15135 -0.0562003
vt 0.0273128 -0.0548542
vt -0.1867 -0.007
vt -0.191139 -0.00469967
vt -0.190972 -0.00440208
vt -0.190785 -0.0540834
vt -0.190972 -0.0537979
vt -0.003 0.004
vt -0.0262 -0.002
vt -0.0232 -0.002
vt -0.1396 -0.002
vt -0.1366 -0.002
vt -0.188692 -0.00241394
vt -0.188374 -0.0022887
vt -0.189583 -0.00291515
vt -0.189298 -0.0027279
vt 0.0277785 -0.00384456
vt 0.0279848 -0.0041166
vt 0.0273128 -0.00334582
vt 0.0275542 -0.00358723
vt -0.13145 -0.0562003
vt 0.025249 -0.0560146
vt 0.0249173 -0.0560954
vt 0.025892 -0.0557861
vt 0.0255744 -0.0559113
vt 0.0262003 -0.0556394
vt -0.190785 -0.0041166
vt -0.191515 -0.00565102
vt -0.191411 -0.0053256
vt -0.190579 -0.0543554
vt -0.0232 0.004
vt -0.1598 -0.002
vt -0.188049 -0.00218541
vt -0.187717 -0.00210458
vt -0.189 -0.00256057
vt -0.189855 -0.00312144
vt -0.190354 -0.00358723
vt -0.190113 -0.00334582
vt 0.0283394 -0.0535003
vt 0.0281721 -0.0537979
vt 0.0287146 -0.052549
vt 0.0286113 -0.0528744
vt 0.0281721 -0.00440208
vt 0.0283394 -0.00469967
vt -0.11135 -0.0562003
vt 0.0245808 -0.0561534
vt -0.190579 -0.00384456
vt -0.191286 -0.00500799
vt -0.191286 -0.053192
vt -0.191411 -0.0528744
vt -0.190354 -0.0546128
vt -0.0262 0.004
vt -0.1628 -0.002
vt 0.0279848 -0.0540834
vt 0.028486 -0.053192
vt 0.0286113 -0.0053256
vt 0.0287146 -0.00565102
vt -0.09145 -0.0562003
vt -0.07135 -0.0562003
vt -0.191653 -0.00631917
vt -0.191595 -0.00598272
vt -0.191139 -0.0535003
vt -0.190113 -0.0548542
vt -0.187381 -0.00204657
vt -0.187041 -0.00201166
vt 0.0277785 -0.0543554
vt 0.0275542 -0.0546128
vt 0.0287954 -0.00598272
vt 0.028486 -0.00500799
vt 0.0242412 -0.0561883
vt -0.1917 -0.007
vt -0.191688 -0.00665879
vt -0.191515 -0.052549
vt -0.191595 -0.0522173
vt -0.1366 0.004
vt 0.0288534 -0.0518808
vt 0.0287954 -0.0522173
vt 0.0288534 -0.00631917
vt 0.0288883 -0.00665879
vt -0.05145 -0.0562003
vt 0.0239 -0.0562
vt -0.1917 -0.0512
vt -0.191653 -0.0518808
vt -0.191688 -0.0515412
vt -0.1598 0.004
vt -0.1867 -0.002
vt 0.0289 -0.0512
vt 0.0288883 -0.0515412
vt 0.0289 -0.007
vt -0.03135 -0.0562003
vt -0.01145 -0.0562003
vt -0.1628 0.004
vt -0.1396 0.004
vt -0.1053 -0.01005
vt -0.1053 -0.06
vt 0.1053 -0.06
vt 0.1053 -0.01005
vt 0.216 -0.0025
vt 0.216 -0.0467
vt 0.00540001 -0.0467
vt 0.00540001 -0.0025
vt 0.01005 -0.0221
vt 0.06 -0.0221
vt 0.06 0.0221
vt 0.01005 0.0221
vt -0.01005 0.1053
vt -0.06 0.1053
vt -0.06 -0.1053
vt -0.01005 -0.1053
vt -0.01005 0.0221
vt -0.06 0.0221
vt -0.06 -0.0221
vt -0.01005 -0.0221
vt 1.61833 0.01995
vt 1.61833 5e-05
vt 1.68761 5e-05
vt 1.68761 0.01995
vt 1.75688 5e-05
vt 1.75688 0.01995
vt 1.82616 5e-05
vt 1.82616 0.01995
vt 1.89544 5e-05
vt 1.89544 0.01995
vt 1.96471 5e-05
vt 1.96471 0.01995
vt 2.03399 5e-05
vt 2.03399 0.01995
vt 2.10326 5e-05
vt 2.10326 0.01995
vt 2.17254 5e-05
vt 2.17254 0.01995
vt 2.24182 5e-05
vt 2.24182 0.01995
vt 2.31109 5e-05
vt 2.31109 0.01995
vt 2.38037 5e-05
vt 2.38037 0.01995
vt 2.44964 5e-05
vt 2.44964 0.01995
vt 2.51892 5e-05
vt 2.51892 0.01995
vt 2.5882 5e-05
vt 2.5882 0.01995
vt 2.65747 5e-05
vt 2.65747 0.01995
vt 2.72675 5e-05
vt 2.72675 0.01995
vt 2.79602 5e-05
vt 2.79602 0.01995
vt 2.8653 5e-05
vt 2.8653 0.01995
vt 2.93458 5e-05
vt 2.93458 0.01995
vt 3.00385 5e-05
vt 3.00385 0.01995
vt 3.07313 5e-05
vt 3.07313 0.01995
vt 3.1424 5e-05
vt 3.1424 0.01995
vt 3.21168 5e-05
vt 3.21168 0.01995
vt 3.28096 5e-05
vt 3.28096 0.01995
vt 3.35023 5e-05
vt 3.35023 0.01995
vt 3.41951 5e-05
vt 3.41951 0.01995
vt 3.48878 5e-05
vt 3.48878 0.01995
vt 3.55806 5e-05
vt 3.55806 0.01995
vt 3.62734 5e-05
vt 3.62734 0.01995
vt 3.69661 5e-05
vt 3.69661 0.01995
vt 3.76589 5e-05
vt 3.76589 0.01995
vt 3.83516 5e-05
vt 3.83516 0.01995
vt 3.90444 5e-05
vt 3.90444 0.01995
vt 3.97372 5e-05
vt 3.97372 0.01995
vt 4.04299 5e-05
vt 4.04299 0.01995
vt 4.11227 5e-05
vt 4.11227 0.01995
vt 4.18154 5e-05
vt 4.18154 0.01995
vt 4.25082 5e-05
vt 4.25082 0.01995
vt 4.3201 5e-05
vt 4.3201 0.01995
vt 4.38937 5e-05
vt 4.38937 0.01995
vt 4.45865 5e-05
vt 4.45865 0.01995
vt 4.52792 5e-05
vt 4.52792 0.01995
vt 4.5972 5e-05
vt 4.5972 0.01995
vt 4.66648 5e-05
vt 4.66648 0.01995
vt 4.73575 5e-05
vt 4.73575 0.01995
vt 4.80503 5e-05
vt 4.80503 0.01995
vt 4.8743 5e-05
vt 4.8743 0.01995
vt 4.94358 5e-05
vt 4.94358 0.01995
vt 5.01286 5e-05
vt 5.01286 0.01995
vt 5.08213 5e-05
vt 5.08213 0.01995
vt 5.15141 5e-05
vt 5.15141 0.01995
vt 5.22068 5e-05
vt 5.22068 0.01995
vt 5.28996 5e-05
vt 5.28996 0.01995
vt 5.35924 5e-05
vt 5.35924 0.01995
vt 5.42851 5e-05
vt 5.42851 0.01995
vt 5.49779 5e-05
vt 1.54906 0.01995
vt 1.54906 5e-05
vt 5.49779 0.01995
vt -0.00277635 5e-05
vt 0.00277635 5e-05
vt 0.00277635 0.01995
vt -0.00277635 0.01995
vt -0.117194 0.0520357
vt -0.117337 0.0521049
vt -0.117939 0.0507308
vt -0.117485 0.052164
vt -0.117991 0.0507518
vt -0.116678 0.0516652
vt -0.116797 0.051771
vt -0.11775 0.0506128
vt -0.116923 0.0518683
vt -0.117794 0.0506472
vt -0.117637 0.0522128
vt -0.118044 0.050769
vt -0.117792 0.0522509
vt -0.118098 0.0507825
vt -0.117949 0.0522782
vt -0.118153 0.0507922
vt -0.118107 0.0522946
vt -0.118209 0.0507981
vt -0.118266 0.0523
vt -0.118264 0.0508
vt -0.118426 0.0522944
vt -0.11832 0.0507981
vt -0.118584 0.0522777
vt -0.118376 0.0507922
vt -0.118741 0.0522501
vt -0.118431 0.0507825
vt -0.118895 0.0522117
vt -0.118485 0.050769
vt -0.119195 0.0521034
vt -0.11859 0.0507308
vt -0.118538 0.0507518
vt -0.119338 0.052034
vt -0.11864 0.0507064
vt -0.115964 0.0444473
vt -0.118431 0.0492175
vt -0.118485 0.049231
vt -0.116141 0.0508828
vt -0.116207 0.0510277
vt -0.117545 0.0503507
vt -0.116283 0.0511676
vt -0.117572 0.0504
vt -0.117056 0.0519567
vt -0.117841 0.0506784
vt -0.117889 0.0507064
vt -0.119047 0.0521628
vt -0.119735 0.0517686
vt -0.118779 0.0506128
vt -0.118735 0.0506472
vt -0.119854 0.0516626
vt -0.11882 0.0505755
vt -0.119999 0.0484901
vt -0.118859 0.0494647
vt -0.118895 0.0495075
vt -0.119891 0.0483737
vt -0.11882 0.0494245
vt -0.118538 0.0492482
vt -0.11859 0.0492692
vt -0.118264 0.0492
vt -0.11832 0.0492019
vt -0.118153 0.0492078
vt -0.118209 0.0492019
vt -0.118044 0.049231
vt -0.118098 0.0492175
vt -0.116368 0.051302
vt -0.117601 0.0504474
vt -0.119476 0.0519547
vt -0.118688 0.0506784
vt -0.119609 0.0518662
vt -0.120324 0.0510243
vt -0.118983 0.0503507
vt -0.118957 0.0504
vt -0.12039 0.0508793
vt -0.119006 0.0502997
vt -0.120549 0.0502644
vt -0.11906 0.0500836
vt -0.119052 0.0501389
vt -0.120562 0.0501056
vt -0.119064 0.0500279
vt -0.118376 0.0492078
vt -0.117889 0.0492936
vt -0.117939 0.0492692
vt -0.116463 0.0514301
vt -0.117634 0.0504925
vt -0.116566 0.0515514
vt -0.11767 0.0505353
vt -0.117709 0.0505755
vt -0.120248 0.0511644
vt -0.118928 0.0504474
vt -0.120446 0.0507301
vt -0.119025 0.0502472
vt -0.120491 0.0505774
vt -0.119041 0.0501935
vt -0.120525 0.0504219
vt -0.120555 0.0497872
vt -0.11906 0.0499164
vt -0.119064 0.0499721
vt -0.120534 0.0496292
vt -0.119052 0.0498611
vt -0.120346 0.0490224
vt -0.118983 0.0496493
vt -0.119006 0.0497003
vt -0.120274 0.0488806
vt -0.118957 0.0496
vt -0.118779 0.0493872
vt -0.118688 0.0493216
vt -0.118735 0.0493528
vt -0.11864 0.0492936
vt -0.117991 0.0492482
vt -0.117709 0.0494245
vt -0.11775 0.0493872
vt -0.119965 0.0515486
vt -0.118859 0.0505353
vt -0.120068 0.0514272
vt -0.118895 0.0504925
vt -0.120163 0.0512989
vt -0.120503 0.049473
vt -0.119041 0.0498065
vt -0.120461 0.0493193
vt -0.119025 0.0497528
vt -0.120409 0.0491688
vt -0.120191 0.0487442
vt -0.118928 0.0495526
vt -0.117841 0.0493216
vt -0.117794 0.0493528
vt -0.115965 0.04995
vt -0.117572 0.0496
vt -0.117523 0.0497003
vt -0.117545 0.0496493
vt -0.120564 0.0499463
vt -0.1201 0.0486139
vt -0.117634 0.0495075
vt -0.11767 0.0494647
vt -0.117601 0.0495526
vt -0.117465 0.0499721
vt -0.117469 0.0499164
vt -0.115967 0.0501093
vt -0.11598 0.0502681
vt -0.117469 0.0500836
vt -0.116004 0.0504255
vt -0.117477 0.0501389
vt -0.117488 0.0498065
vt -0.117504 0.0497528
vt -0.117477 0.0498611
vt -0.116039 0.050581
vt -0.117488 0.0501935
vt -0.116085 0.0507336
vt -0.117504 0.0502472
vt -0.117523 0.0502997
vt -0.117465 0.0500279
vt -0.119338 0.052034
vt -0.119195 0.0521034
vt -0.11859 0.0507308
vt -0.119047 0.0521628
vt -0.118538 0.0507518
vt -0.119854 0.0516626
vt -0.119735 0.0517686
vt -0.118779 0.0506128
vt -0.119609 0.0518662
vt -0.118735 0.0506472
vt -0.118895 0.0522117
vt -0.118485 0.050769
vt -0.118741 0.0522501
vt -0.118431 0.0507825
vt -0.118584 0.0522777
vt -0.118376 0.0507922
vt -0.118426 0.0522944
vt -0.11832 0.0507981
vt -0.118266 0.0523
vt -0.118264 0.0508
vt -0.118107 0.0522946
vt -0.118209 0.0507981
vt -0.117949 0.0522782
vt -0.118153 0.0507922
vt -0.117792 0.0522509
vt -0.118098 0.0507825
vt -0.117637 0.0522128
vt -0.118044 0.050769
vt -0.117337 0.0521049
vt -0.117939 0.0507308
vt -0.117991 0.0507518
vt -0.117194 0.0520357
vt -0.117889 0.0507064
vt -0.115964 0.0444473
vt -0.119891 0.0483737
vt -0.118485 0.049231
vt -0.12039 0.0508793
vt -0.120324 0.0510243
vt -0.118983 0.0503507
vt -0.120248 0.0511644
vt -0.118957 0.0504
vt -0.119476 0.0519547
vt -0.118688 0.0506784
vt -0.11864 0.0507064
vt -0.117485 0.052164
vt -0.116797 0.051771
vt -0.11775 0.0506128
vt -0.117794 0.0506472
vt -0.116678 0.0516652
vt -0.117709 0.0505755
vt -0.118153 0.0492078
vt -0.118098 0.0492175
vt -0.118264 0.0492
vt -0.118209 0.0492019
vt -0.118376 0.0492078
vt -0.11832 0.0492019
vt -0.118538 0.0492482
vt -0.11864 0.0492936
vt -0.11859 0.0492692
vt -0.119999 0.0484901
vt -0.118859 0.0494647
vt -0.1201 0.0486139
vt -0.118895 0.0495075
vt -0.120163 0.0512989
vt -0.118928 0.0504474
vt -0.117056 0.0519567
vt -0.117841 0.0506784
vt -0.116923 0.0518683
vt -0.116207 0.0510277
vt -0.117545 0.0503507
vt -0.117572 0.0504
vt -0.116141 0.0508828
vt -0.117523 0.0502997
vt -0.117991 0.0492482
vt -0.117939 0.0492692
vt -0.118431 0.0492175
vt -0.120068 0.0514272
vt -0.118895 0.0504925
vt -0.119965 0.0515486
vt -0.118859 0.0505353
vt -0.11882 0.0505755
vt -0.116283 0.0511676
vt -0.117601 0.0504474
vt -0.11598 0.0502681
vt -0.117469 0.0500836
vt -0.117477 0.0501389
vt -0.115967 0.0501093
vt -0.117465 0.0500279
vt -0.117794 0.0493528
vt -0.11775 0.0493872
vt -0.118044 0.049231
vt -0.118688 0.0493216
vt -0.118779 0.0493872
vt -0.118735 0.0493528
vt -0.11882 0.0494245
vt -0.120274 0.0488806
vt -0.120346 0.0490224
vt -0.118983 0.0496493
vt -0.120409 0.0491688
vt -0.119006 0.0497003
vt -0.120562 0.0501056
vt -0.120549 0.0502644
vt -0.11906 0.0500836
vt -0.120525 0.0504219
vt -0.119052 0.0501389
vt -0.116566 0.0515514
vt -0.11767 0.0505353
vt -0.116463 0.0514301
vt -0.117634 0.0504925
vt -0.116368 0.051302
vt -0.116085 0.0507336
vt -0.117504 0.0502472
vt -0.116039 0.050581
vt -0.117488 0.0501935
vt -0.116004 0.0504255
vt -0.115965 0.04995
vt -0.117572 0.0496
vt -0.117545 0.0496493
vt -0.117601 0.0495526
vt -0.117841 0.0493216
vt -0.117889 0.0492936
vt -0.120191 0.0487442
vt -0.118957 0.0496
vt -0.120534 0.0496292
vt -0.120555 0.0497872
vt -0.11906 0.0499164
vt -0.120564 0.0499463
vt -0.119064 0.0499721
vt -0.120491 0.0505774
vt -0.119041 0.0501935
vt -0.120446 0.0507301
vt -0.119025 0.0502472
vt -0.119006 0.0502997
vt -0.117477 0.0498611
vt -0.117469 0.0499164
vt -0.118928 0.0495526
vt -0.120461 0.0493193
vt -0.119025 0.0497528
vt -0.120503 0.049473
vt -0.119041 0.0498065
vt -0.119052 0.0498611
vt -0.117465 0.0499721
vt -0.117488 0.0498065
vt -0.117523 0.0497003
vt -0.117504 0.0497528
vt -0.117634 0.0495075
vt -0.117709 0.0494245
vt -0.11767 0.0494647
vt -0.119064 0.0500279
vt -0.0698132 0.01995
vt 6.28319 0.01995
vt 0 5e-05
vt -0.139626 0.01995
vt -0.0698132 5e-05
vt 6.07375 0.01995
vt -0.139626 5e-05
vt 6.00393 0.01995
vt 6.07375 5e-05
vt 5.93412 0.01995
vt 6.00393 5e-05
vt 5.86431 0.01995
vt 5.93412 5e-05
vt 5.79449 0.01995
vt 5.86431 5e-05
vt 5.72468 0.01995
vt 5.79449 5e-05
vt 5.65487 0.01995
vt 5.72468 5e-05
vt 5.58505 0.01995
vt 5.65487 5e-05
vt 5.51524 0.01995
vt 5.58505 5e-05
vt 5.44543 0.01995
vt 5.51524 5e-05
vt 5.37561 0.01995
vt 5.44543 5e-05
vt 5.3058 0.01995
vt 5.37561 5e-05
vt 5.23599 0.01995
vt 5.3058 5e-05
vt 5.16617 0.01995
vt 5.23599 5e-05
vt 5.09636 0.01995
vt 5.16617 5e-05
vt 5.02655 0.01995
vt 5.09636 5e-05
vt 4.95674 0.01995
vt 5.02655 5e-05
vt 4.88692 0.01995
vt 4.95674 5e-05
vt 4.81711 0.01995
vt 4.88692 5e-05
vt 4.7473 0.01995
vt 4.81711 5e-05
vt 4.67748 0.01995
vt 4.7473 5e-05
vt 4.60767 0.01995
vt 4.67748 5e-05
vt 4.53786 0.01995
vt 4.60767 5e-05
vt 4.46804 0.01995
vt 4.53786 5e-05
vt 4.39823 0.01995
vt 4.46804 5e-05
vt 4.32842 0.01995
vt 4.39823 5e-05
vt 4.2586 0.01995
vt 4.32842 5e-05
vt 4.18879 0.01995
vt 4.2586 5e-05
vt 4.11898 0.01995
vt 4.18879 5e-05
vt 4.04916 0.01995
vt 4.11898 5e-05
vt 3.97935 0.01995
vt 4.04916 5e-05
vt 3.90954 0.01995
vt 3.97935 5e-05
vt 3.83972 0.01995
vt 3.90954 5e-05
vt 3.76991 0.01995
vt 3.83972 5e-05
vt 3.7001 0.01995
vt 3.76991 5e-05
vt 3.63028 0.01995
vt 3.7001 5e-05
vt 3.56047 0.01995
vt 3.63028 5e-05
vt 3.49066 0.01995
vt 3.56047 5e-05
vt 3.42085 0.01995
vt 3.49066 5e-05
vt 3.35103 0.01995
vt 3.42085 5e-05
vt 3.28122 0.01995
vt 3.35103 5e-05
vt 3.21141 0.01995
vt 3.28122 5e-05
vt 3.14159 0.01995
vt 3.21141 5e-05
vt 3.07178 0.01995
vt 3.14159 5e-05
vt 3.00197 0.01995
vt 3.07178 5e-05
vt 2.93215 0.01995
vt 3.00197 5e-05
vt 2.86234 0.01995
vt 2.93215 5e-05
vt 2.79253 0.01995
vt 2.86234 5e-05
vt 2.72271 0.01995
vt 2.79253 5e-05
vt 2.6529 0.01995
vt 2.72271 5e-05
vt 2.58309 0.01995
vt 2.6529 5e-05
vt 2.51327 0.01995
vt 2.58309 5e-05
vt 2.44346 0.01995
vt 2.51327 5e-05
vt 2.37365 0.01995
vt 2.44346 5e-05
vt 2.30383 0.01995
vt 2.37365 5e-05
vt 2.23402 0.01995
vt 2.30383 5e-05
vt 2.16421 0.01995
vt 2.23402 5e-05
vt 2.0944 0.01995
vt 2.16421 5e-05
vt 2.02458 0.01995
vt 2.0944 5e-05
vt 1.95477 0.01995
vt 2.02458 5e-05
vt 1.88496 0.01995
vt 1.95477 5e-05
vt 1.81514 0.01995
vt 1.88496 5e-05
vt 1.74533 0.01995
vt 1.81514 5e-05
vt 1.67552 0.01995
vt 1.74533 5e-05
vt 1.6057 0.01995
vt 1.67552 5e-05
vt 1.53589 0.01995
vt 1.6057 5e-05
vt 1.46608 0.01995
vt 1.53589 5e-05
vt 1.39626 0.01995
vt 1.46608 5e-05
vt 1.32645 0.01995
vt 1.39626 5e-05
vt 1.25664 0.01995
vt 1.32645 5e-05
vt 1.18682 0.01995
vt 1.25664 5e-05
vt 1.11701 0.01995
vt 1.18682 5e-05
vt 1.0472 0.01995
vt 1.11701 5e-05
vt 0.977384 0.01995
vt 1.0472 5e-05
vt 0.907571 0.01995
vt 0.977384 5e-05
vt 0.837758 0.01995
vt 0.907571 5e-05
vt 0.767945 0.01995
vt 0.837758 5e-05
vt 0.698132 0.01995
vt 0.767945 5e-05
vt 0.628319 0.01995
vt 0.698132 5e-05
vt 0.558505 0.01995
vt 0.628319 5e-05
vt 0.488692 0.01995
vt 0.558505 5e-05
vt 0.418879 0.01995
vt 0.488692 5e-05
vt 0.349066 0.01995
vt 0.418879 5e-05
vt 0.279253 0.01995
vt 0.349066 5e-05
vt 0.20944 0.01995
vt 0.279253 5e-05
vt 0.139626 0.01995
vt 0.20944 5e-05
vt 0.0698132 0.01995
vt 0.139626 5e-05
vt 0.0698132 5e-05
vt 1.61833 0.01995
vt 1.61833 5e-05
vt 1.68761 5e-05
vt 1.68761 0.01995
vt 1.75688 5e-05
vt 1.75688 0.01995
vt 1.82616 5e-05
vt 1.82616 0.01995
vt 1.89544 5e-05
vt 1.89544 0.01995
vt 1.96471 5e-05
vt 1.96471 0.01995
vt 2.03399 5e-05
vt 2.03399 0.01995
vt 2.10326 5e-05
vt 2.10326 0.01995
vt 2.17254 5e-05
vt 2.17254 0.01995
vt 2.24182 5e-05
vt 2.24182 0.01995
vt 2.31109 5e-05
vt 2.31109 0.01995
vt 2.38037 5e-05
vt 2.38037 0.01995
vt 2.44964 5e-05
vt 2.44964 0.01995
vt 2.51892 5e-05
vt 2.51892 0.01995
vt 2.5882 5e-05
vt 2.5882 0.01995
vt 2.65747 5e-05
vt 2.65747 0.01995
vt 2.72675 5e-05
vt 2.72675 0.01995
vt 2.79602 5e-05
vt 2.79602 0.01995
vt 2.8653 5e-05
vt 2.8653 0.01995
vt 2.93458 5e-05
vt 2.93458 0.01995
vt 3.00385 5e-05
vt 3.00385 0.01995
vt 3.07313 5e-05
vt 3.07313 0.01995
vt 3.1424 5e-05
vt 3.1424 0.01995
vt 3.21168 5e-05
vt 3.21168 0.01995
vt 3.28096 5e-05
vt 3.28096 0.01995
vt 3.35023 5e-05
vt 3.35023 0.01995
vt 3.41951 5e-05
vt 3.41951 0.01995
vt 3.48878 5e-05
vt 3.48878 0.01995
vt 3.55806 5e-05
vt 3.55806 0.01995
vt 3.62734 5e-05
vt 3.62734 0.01995
vt 3.69661 5e-05
vt 3.69661 0.01995
vt 3.76589 5e-05
vt 3.76589 0.01995
vt 3.83516 5e-05
vt 3.83516 0.01995
vt 3.90444 5e-05
vt 3.90444 0.01995
vt 3.97372 5e-05
vt 3.97372 0.01995
vt 4.04299 5e-05
vt 4.04299 0.01995
vt 4.11227 5e-05
vt 4.11227 0.01995
vt 4.18154 5e-05
vt 4.18154 0.01995
vt 4.25082 5e-05
vt 4.25082 0.01995
vt 4.3201 5e-05
vt 4.3201 0.01995
vt 4.38937 5e-05
vt 4.38937 0.01995
vt 4.45865 5e-05
vt 4.45865 0.01995
vt 4.52792 5e-05
vt 4.52792 0.01995
vt 4.5972 5e-05
vt 4.5972 0.01995
vt 4.66648 5e-05
vt 4.66648 0.01995
vt 4.73575 5e-05
vt 4.73575 0.01995
vt 4.80503 5e-05
vt 4.80503 0.01995
vt 4.8743 5e-05
vt 4.8743 0.01995
vt 4.94358 5e-05
vt 4.94358 0.01995
vt 5.01286 5e-05
vt 5.01286 0.01995
vt 5.08213 5e-05
vt 5.08213 0.01995
vt 5.15141 5e-05
vt 5.15141 0.01995
vt 5.22068 5e-05
vt 5.22068 0.01995
vt 5.28996 5e-05
vt 5.28996 0.01995
vt 5.35924 5e-05
vt 5.35924 0.01995
vt 5.42851 5e-05
vt 5.42851 0.01995
vt 5.49779 5e-05
vt 1.54906 0.01995
vt 1.54906 5e-05
vt 5.49779 0.01995
vt -0.00277635 5e-05
vt 0.00277635 5e-05
vt 0.00277635 0.01995
vt -0.00277635 0.01995
vt -0.117194 0.0520357
vt -0.117337 0.0521049
vt -0.117939 0.0507308
vt -0.117485 0.052164
vt -0.117991 0.0507518
vt -0.116678 0.0516652
vt -0.116797 0.051771
vt -0.11775 0.0506128
vt -0.116923 0.0518683
vt -0.117794 0.0506472
vt -0.117637 0.0522128
vt -0.118044 0.050769
vt -0.117792 0.0522509
vt -0.118098 0.0507825
vt -0.117949 0.0522782
vt -0.118153 0.0507922
vt -0.118107 0.0522946
vt -0.118209 0.0507981
vt -0.118266 0.0523
vt -0.118264 0.0508
vt -0.118426 0.0522944
vt -0.11832 0.0507981
vt -0.118584 0.0522777
vt -0.118376 0.0507922
vt -0.118741 0.0522501
vt -0.118431 0.0507825
vt -0.118895 0.0522117
vt -0.118485 0.050769
vt -0.119195 0.0521034
vt -0.11859 0.0507308
vt -0.118538 0.0507518
vt -0.119338 0.052034
vt -0.11864 0.0507064
vt -0.115964 0.0444473
vt -0.118431 0.0492175
vt -0.118485 0.049231
vt -0.116141 0.0508828
vt -0.116207 0.0510277
vt -0.117545 0.0503507
vt -0.116283 0.0511676
vt -0.117572 0.0504
vt -0.117056 0.0519567
vt -0.117841 0.0506784
vt -0.117889 0.0507064
vt -0.119047 0.0521628
vt -0.119735 0.0517686
vt -0.118779 0.0506128
vt -0.118735 0.0506472
vt -0.119854 0.0516626
vt -0.11882 0.0505755
vt -0.119999 0.0484901
vt -0.118859 0.0494647
vt -0.118895 0.0495075
vt -0.119891 0.0483737
vt -0.11882 0.0494245
vt -0.118538 0.0492482
vt -0.11859 0.0492692
vt -0.118264 0.0492
vt -0.11832 0.0492019
vt -0.118153 0.0492078
vt -0.118209 0.0492019
vt -0.118044 0.049231
vt -0.118098 0.0492175
vt -0.116368 0.051302
vt -0.117601 0.0504474
vt -0.119476 0.0519547
vt -0.118688 0.0506784
vt -0.119609 0.0518662
vt -0.120324 0.0510243
vt -0.118983 0.0503507
vt -0.118957 0.0504
vt -0.12039 0.0508793
vt -0.119006 0.0502997
vt -0.120549 0.0502644
vt -0.11906 0.0500836
vt -0.119052 0.0501389
vt -0.120562 0.0501056
vt -0.119064 0.0500279
vt -0.118376 0.0492078
vt -0.117889 0.0492936
vt -0.117939 0.0492692
vt -0.116463 0.0514301
vt -0.117634 0.0504925
vt -0.116566 0.0515514
vt -0.11767 0.0505353
vt -0.117709 0.0505755
vt -0.120248 0.0511644
vt -0.118928 0.0504474
vt -0.120446 0.0507301
vt -0.119025 0.0502472
vt -0.120491 0.0505774
vt -0.119041 0.0501935
vt -0.120525 0.0504219
vt -0.120555 0.0497872
vt -0.11906 0.0499164
vt -0.119064 0.0499721
vt -0.120534 0.0496292
vt -0.119052 0.0498611
vt -0.120346 0.0490224
vt -0.118983 0.0496493
vt -0.119006 0.0497003
vt -0.120274 0.0488806
vt -0.118957 0.0496
vt -0.118779 0.0493872
vt -0.118688 0.0493216
vt -0.118735 0.0493528
vt -0.11864 0.0492936
vt -0.117991 0.0492482
vt -0.117709 0.0494245
vt -0.11775 0.0493872
vt -0.119965 0.0515486
vt -0.118859 0.0505353
vt -0.120068 0.0514272
vt -0.118895 0.0504925
vt -0.120163 0.0512989
vt -0.120503 0.049473
vt -0.119041 0.0498065
vt -0.120461 0.0493193
vt -0.119025 0.0497528
vt -0.120409 0.0491688
vt -0.120191 0.0487442
vt -0.118928 0.0495526
vt -0.117841 0.0493216
vt -0.117794 0.0493528
vt -0.115965 0.04995
vt -0.117572 0.0496
vt -0.117523 0.0497003
vt -0.117545 0.0496493
vt -0.120564 0.0499463
vt -0.1201 0.0486139
vt -0.117634 0.0495075
vt -0.11767 0.0494647
vt -0.117601 0.0495526
vt -0.117465 0.0499721
vt -0.117469 0.0499164
vt -0.115967 0.0501093
vt -0.11598 0.0502681
vt -0.117469 0.0500836
vt -0.116004 0.0504255
vt -0.117477 0.0501389
vt -0.117488 0.0498065
vt -0.117504 0.0497528
vt -0.117477 0.0498611
vt -0.116039 0.050581
vt -0.117488 0.0501935
vt -0.116085 0.0507336
vt -0.117504 0.0502472
vt -0.117523 0.0502997
vt -0.117465 0.0500279
vt -0.119338 0.052034
vt -0.119195 0.0521034
vt -0.11859 0.0507308
vt -0.119047 0.0521628
vt -0.118538 0.0507518
vt -0.119854 0.0516626
vt -0.119735 0.0517686
vt -0.118779 0.0506128
vt -0.119609 0.0518662
vt -0.118735 0.0506472
vt -0.118895 0.0522117
vt -0.118485 0.050769
vt -0.118741 0.0522501
vt -0.118431 0.0507825
vt -0.118584 0.0522777
vt -0.118376 0.0507922
vt -0.118426 0.0522944
vt -0.11832 0.0507981
vt -0.118266 0.0523
vt -0.118264 0.0508
vt -0.118107 0.0522946
vt -0.118209 0.0507981
vt -0.117949 0.0522782
vt -0.118153 0.0507922
vt -0.117792 0.0522509
vt -0.118098 0.0507825
vt -0.117637 0.0522128
vt -0.118044 0.050769
vt -0.117337 0.0521049
vt -0.117939 0.0507308
vt -0.117991 0.0507518
vt -0.117194 0.0520357
vt -0.117889 0.0507064
vt -0.115964 0.0444473
vt -0.119891 0.0483737
vt -0.118485 0.049231
vt -0.12039 0.0508793
vt -0.120324 0.0510243
vt -0.118983 0.0503507
vt -0.120248 0.0511644
vt -0.118957 0.0504
vt -0.119476 0.0519547
vt -0.118688 0.0506784
vt -0.11864 0.0507064
vt -0.117485 0.052164
vt -0.116797 0.051771
vt -0.11775 0.0506128
vt -0.117794 0.0506472
vt -0.116678 0.0516652
vt -0.117709 0.0505755
vt -0.118153 0.0492078
vt -0.118098 0.0492175
vt -0.118264 0.0492
vt -0.118209 0.0492019
vt -0.118376 0.0492078
vt -0.11832 0.0492019
vt -0.118538 0.0492482
vt -0.11864 0.0492936
vt -0.11859 0.0492692
vt -0.119999 0.0484901
vt -0.118859 0.0494647
vt -0.1201 0.0486139
vt -0.118895 0.0495075
vt -0.120163 0.0512989
vt -0.118928 0.0504474
vt -0.117056 0.0519567
vt -0.117841 0.0506784
vt -0.116923 0.0518683
vt -0.116207 0.0510277
vt -0.117545 0.0503507
vt -0.117572 0.0504
vt -0.116141 0.0508828
vt -0.117523 0.0502997
vt -0.117991 0.0492482
vt -0.117939 0.0492692
vt -0.118431 0.0492175
vt -0.120068 0.0514272
vt -0.118895 0.0504925
vt -0.119965 0.0515486
vt -0.118859 0.0505353
vt -0.11882 0.0505755
vt -0.116283 0.0511676
vt -0.117601 0.0504474
vt -0.11598 0.0502681
vt -0.117469 0.0500836
vt -0.117477 0.0501389
vt -0.115967 0.0501093
vt -0.117465 0.0500279
vt -0.117794 0.0493528
vt -0.11775 0.0493872
vt -0.118044 0.049231
vt -0.118688 0.0493216
vt -0.118779 0.0493872
vt -0.118735 0.0493528
vt -0.11882 0.0494245
vt -0.120274 0.0488806
vt -0.120346 0.0490224
vt -0.118983 0.0496493
vt -0.120409 0.0491688
vt -0.119006 0.0497003
vt -0.120562 0.0501056
vt -0.120549 0.0502644
vt -0.11906 0.0500836
vt -0.120525 0.0504219
vt -0.119052 0.0501389
vt -0.116566 0.0515514
vt -0.11767 0.0505353
vt -0.116463 0.0514301
vt -0.117634 0.0504925
vt -0.116368 0.051302
vt -0.116085 0.0507336
vt -0.117504 0.0502472
vt -0.116039 0.050581
vt -0.117488 0.0501935
vt -0.116004 0.0504255
vt -0.115965 0.04995
vt -0.117572 0.0496
vt -0.117545 0.0496493
vt -0.117601 0.0495526
vt -0.117841 0.0493216
vt -0.117889 0.0492936
vt -0.120191 0.0487442
vt -0.118957 0.0496
vt -0.120534 0.0496292
vt -0.120555 0.0497872
vt -0.11906 0.0499164
vt -0.120564 0.0499463
vt -0.119064 0.0499721
vt -0.120491 0.0505774
vt -0.119041 0.0501935
vt -0.120446 0.0507301
vt -0.119025 0.0502472
vt -0.119006 0.0502997
vt -0.117477 0.0498611
vt -0.117469 0.0499164
vt -0.118928 0.0495526
vt -0.120461 0.0493193
vt -0.119025 0.0497528
vt -0.120503 0.049473
vt -0.119041 0.0498065
vt -0.119052 0.0498611
vt -0.117465 0.0499721
vt -0.117488 0.0498065
vt -0.117523 0.0497003
vt -0.117504 0.0497528
vt -0.117634 0.0495075
vt -0.117709 0.0494245
vt -0.11767 0.0494647
vt -0.119064 0.0500279
vt -0.0698132 0.01995
vt 6.28319 0.01995
vt 0 5e-05
vt -0.139626 0.01995
vt -0.0698132 5e-05
vt 6.07375 0.01995
vt -0.139626 5e-05
vt 6.00393 0.01995
vt 6.07375 5e-05
vt 5.93412 0.01995
vt 6.00393 5e-05
vt 5.86431 0.01995
vt 5.93412 5e-05
vt 5.79449 0.01995
vt 5.86431 5e-05
vt 5.72468 0.01995
vt 5.79449 5e-05
vt 5.65487 0.01995
vt 5.72468 5e-05
vt 5.58505 0.01995
vt 5.65487 5e-05
vt 5.51524 0.01995
vt 5.58505 5e-05
vt 5.44543 0.01995
vt 5.51524 5e-05
vt 5.37561 0.01995
vt 5.44543 5e-05
vt 5.3058 0.01995
vt 5.37561 5e-05
vt 5.23599 0.01995
vt 5.3058 5e-05
vt 5.16617 0.01995
vt 5.23599 5e-05
vt 5.09636 0.01995
vt 5.16617 5e-05
vt 5.02655 0.01995
vt 5.09636 5e-05
vt 4.95674 0.01995
vt 5.02655 5e-05
vt 4.88692 0.01995
vt 4.95674 5e-05
vt 4.81711 0.01995
vt 4.88692 5e-05
vt 4.7473 0.01995
vt 4.81711 5e-05
vt 4.67748 0.01995
vt 4.7473 5e-05
vt 4.60767 0.01995
vt 4.67748 5e-05
vt 4.53786 0.01995
vt 4.60767 5e-05
vt 4.46804 0.01995
vt 4.53786 5e-05
vt 4.39823 0.01995
vt 4.46804 5e-05
vt 4.32842 0.01995
vt 4.39823 5e-05
vt 4.2586 0.01995
vt 4.32842 5e-05
vt 4.18879 0.01995
vt 4.2586 5e-05
vt 4.11898 0.01995
vt 4.18879 5e-05
vt 4.04916 0.01995
vt 4.11898 5e-05
vt 3.97935 0.01995
vt 4.04916 5e-05
vt 3.90954 0.01995
vt 3.97935 5e-05
vt 3.83972 0.01995
vt 3.90954 5e-05
vt 3.76991 0.01995
vt 3.83972 5e-05
vt 3.7001 0.01995
vt 3.76991 5e-05
vt 3.63028 0.01995
vt 3.7001 5e-05
vt 3.56047 0.01995
vt 3.63028 5e-05
vt 3.49066 0.01995
vt 3.56047 5e-05
vt 3.42085 0.01995
vt 3.49066 5e-05
vt 3.35103 0.01995
vt 3.42085 5e-05
vt 3.28122 0.01995
vt 3.35103 5e-05
vt 3.21141 0.01995
vt 3.28122 5e-05
vt 3.14159 0.01995
vt 3.21141 5e-05
vt 3.07178 0.01995
vt 3.14159 5e-05
vt 3.00197 0.01995
vt 3.07178 5e-05
vt 2.93215 0.01995
vt 3.00197 5e-05
vt 2.86234 0.01995
vt 2.93215 5e-05
vt 2.79253 0.01995
vt 2.86234 5e-05
vt 2.72271 0.01995
vt 2.79253 5e-05
vt 2.6529 0.01995
vt 2.72271 5e-05
vt 2.58309 0.01995
vt 2.6529 5e-05
vt 2.51327 0.01995
vt 2.58309 5e-05
vt 2.44346 0.01995
vt 2.51327 5e-05
vt 2.37365 0.01995
vt 2.44346 5e-05
vt 2.30383 0.01995
vt 2.37365 5e-05
vt 2.23402 0.01995
vt 2.30383 5e-05
vt 2.16421 0.01995
vt 2.23402 5e-05
vt 2.0944 0.01995
vt 2.16421 5e-05
vt 2.02458 0.01995
vt 2.0944 5e-05
vt 1.95477 0.01995
vt 2.02458 5e-05
vt 1.88496 0.01995
vt 1.95477 5e-05
vt 1.81514 0.01995
vt 1.88496 5e-05
vt 1.74533 0.01995
vt 1.81514 5e-05
vt 1.67552 0.01995
vt 1.74533 5e-05
vt 1.6057 0.01995
vt 1.67552 5e-05
vt 1.53589 0.01995
vt 1.6057 5e-05
vt 1.46608 0.01995
vt 1.53589 5e-05
vt 1.39626 0.01995
vt 1.46608 5e-05
vt 1.32645 0.01995
vt 1.39626 5e-05
vt 1.25664 0.01995
vt 1.32645 5e-05
vt 1.18682 0.01995
vt 1.25664 5e-05
vt 1.11701 0.01995
vt 1.18682 5e-05
vt 1.0472 0.01995
vt 1.11701 5e-05
vt 0.977384 0.01995
vt 1.0472 5e-05
vt 0.907571 0.01995
vt 0.977384 5e-05
vt 0.837758 0.01995
vt 0.907571 5e-05
vt 0.767945 0.01995
vt 0.837758 5e-05
vt 0.698132 0.01995
vt 0.767945 5e-05
vt 0.628319 0.01995
vt 0.698132 5e-05
vt 0.558505 0.01995
vt 0.628319 5e-05
vt 0.488692 0.01995
vt 0.558505 5e-05
vt 0.418879 0.01995
vt 0.488692 5e-05
vt 0.349066 0.01995
vt 0.418879 5e-05
vt 0.279253 0.01995
vt 0.349066 5e-05
vt 0.20944 0.01995
vt 0.279253 5e-05
vt 0.139626 0.01995
vt 0.20944 5e-05
vt 0.0698132 0.01995
vt 0.139626 5e-05
vt 0.0698132 5e-05
vt 1.61833 0.01995
vt 1.61833 5e-05
vt 1.68761 5e-05
vt 1.68761 0.01995
vt 1.75688 5e-05
vt 1.75688 0.01995
vt 1.82616 5e-05
vt 1.82616 0.01995
vt 1.89544 5e-05
vt 1.89544 0.01995
vt 1.96471 5e-05
vt 1.96471 0.01995
vt 2.03399 5e-05
vt 2.03399 0.01995
vt 2.10326 5e-05
vt 2.10326 0.01995
vt 2.17254 5e-05
vt 2.17254 0.01995
vt 2.24182 5e-05
vt 2.24182 0.01995
vt 2.31109 5e-05
vt 2.31109 0.01995
vt 2.38037 5e-05
vt 2.38037 0.01995
vt 2.44964 5e-05
vt 2.44964 0.01995
vt 2.51892 5e-05
vt 2.51892 0.01995
vt 2.5882 5e-05
vt 2.5882 0.01995
vt 2.65747 5e-05
vt 2.65747 0.01995
vt 2.72675 5e-05
vt 2.72675 0.01995
vt 2.79602 5e-05
vt 2.79602 0.01995
vt 2.8653 5e-05
vt 2.8653 0.01995
vt 2.93458 5e-05
vt 2.93458 0.01995
vt 3.00385 5e-05
vt 3.00385 0.01995
vt 3.07313 5e-05
vt 3.07313 0.01995
vt 3.1424 5e-05
vt 3.1424 0.01995
vt 3.21168 5e-05
vt 3.21168 0.01995
vt 3.28096 5e-05
vt 3.28096 0.01995
vt 3.35023 5e-05
vt 3.35023 0.01995
vt 3.41951 5e-05
vt 3.41951 0.01995
vt 3.48878 5e-05
vt 3.48878 0.01995
vt 3.55806 5e-05
vt 3.55806 0.01995
vt 3.62734 5e-05
vt 3.62734 0.01995
vt 3.69661 5e-05
vt 3.69661 0.01995
vt 3.76589 5e-05
vt 3.76589 0.01995
vt 3.83516 5e-05
vt 3.83516 0.01995
vt 3.90444 5e-05
vt 3.90444 0.01995
vt 3.97372 5e-05
vt 3.97372 0.01995
vt 4.04299 5e-05
vt 4.04299 0.01995
vt 4.11227 5e-05
vt 4.11227 0.01995
vt 4.18154 5e-05
vt 4.18154 0.01995
vt 4.25082 5e-05
vt 4.25082 0.01995
vt 4.3201 5e-05
vt 4.3201 0.01995
vt 4.38937 5e-05
vt 4.38937 0.01995
vt 4.45865 5e-05
vt 4.45865 0.01995
vt 4.52792 5e-05
vt 4.52792 0.01995
vt 4.5972 5e-05
vt 4.5972 0.01995
vt 4.66648 5e-05
vt 4.66648 0.01995
vt 4.73575 5e-05
vt 4.73575 0.01995
vt 4.80503 5e-05
vt 4.80503 0.01995
vt 4.8743 5e-05
vt 4.8743 0.01995
vt 4.94358 5e-05
vt 4.94358 0.01995
vt 5.01286 5e-05
vt 5.01286 0.01995
vt 5.08213 5e-05
vt 5.08213 0.01995
vt 5.15141 5e-05
vt 5.15141 0.01995
vt 5.22068 5e-05
vt 5.22068 0.01995
vt 5.28996 5e-05
vt 5.28996 0.01995
vt 5.35924 5e-05
vt 5.35924 0.01995
vt 5.42851 5e-05
vt 5.42851 0.01995
vt 5.49779 5e-05
vt 1.54906 0.01995
vt 1.54906 5e-05
vt 5.49779 0.01995
vt -0.00277635 5e-05
vt 0.00277635 5e-05
vt 0.00277635 0.01995
vt -0.00277635 0.01995
vt -0.117194 0.0520357
vt -0.117337 0.0521049
vt -0.117939 0.0507308
vt -0.117485 0.052164
vt -0.117991 0.0507518
vt -0.116678 0.0516652
vt -0.116797 0.051771
vt -0.11775 0.0506128
vt -0.116923 0.0518683
vt -0.117794 0.0506472
vt -0.117637 0.0522128
vt -0.118044 0.050769
vt -0.117792 0.0522509
vt -0.118098 0.0507825
vt -0.117949 0.0522782
vt -0.118153 0.0507922
vt -0.118107 0.0522946
vt -0.118209 0.0507981
vt -0.118266 0.0523
vt -0.118264 0.0508
vt -0.118426 0.0522944
vt -0.11832 0.0507981
vt -0.118584 0.0522777
vt -0.118376 0.0507922
vt -0.118741 0.0522501
vt -0.118431 0.0507825
vt -0.118895 0.0522117
vt -0.118485 0.050769
vt -0.119195 0.0521034
vt -0.11859 0.0507308
vt -0.118538 0.0507518
vt -0.119338 0.052034
vt -0.11864 0.0507064
vt -0.115964 0.0444473
vt -0.118431 0.0492175
vt -0.118485 0.049231
vt -0.116141 0.0508828
vt -0.116207 0.0510277
vt -0.117545 0.0503507
vt -0.116283 0.0511676
vt -0.117572 0.0504
vt -0.117056 0.0519567
vt -0.117841 0.0506784
vt -0.117889 0.0507064
vt -0.119047 0.0521628
vt -0.119735 0.0517686
vt -0.118779 0.0506128
vt -0.118735 0.0506472
vt -0.119854 0.0516626
vt -0.11882 0.0505755
vt -0.119999 0.0484901
vt -0.118859 0.0494647
vt -0.118895 0.0495075
vt -0.119891 0.0483737
vt -0.11882 0.0494245
vt -0.118538 0.0492482
vt -0.11859 0.0492692
vt -0.118264 0.0492
vt -0.11832 0.0492019
vt -0.118153 0.0492078
vt -0.118209 0.0492019
vt -0.118044 0.049231
vt -0.118098 0.0492175
vt -0.116368 0.051302
vt -0.117601 0.0504474
vt -0.119476 0.0519547
vt -0.118688 0.0506784
vt -0.119609 0.0518662
vt -0.120324 0.0510243
vt -0.118983 0.0503507
vt -0.118957 0.0504
vt -0.12039 0.0508793
vt -0.119006 0.0502997
vt -0.120549 0.0502644
vt -0.11906 0.0500836
vt -0.119052 0.0501389
vt -0.120562 0.0501056
vt -0.119064 0.0500279
vt -0.118376 0.0492078
vt -0.117889 0.0492936
vt -0.117939 0.0492692
vt -0.116463 0.0514301
vt -0.117634 0.0504925
vt -0.116566 0.0515514
vt -0.11767 0.0505353
vt -0.117709 0.0505755
vt -0.120248 0.0511644
vt -0.118928 0.0504474
vt -0.120446 0.0507301
vt -0.119025 0.0502472
vt -0.120491 0.0505774
vt -0.119041 0.0501935
vt -0.120525 0.0504219
vt -0.120555 0.0497872
vt -0.11906 0.0499164
vt -0.119064 0.0499721
vt -0.120534 0.0496292
vt -0.119052 0.0498611
vt -0.120346 0.0490224
vt -0.118983 0.0496493
vt -0.119006 0.0497003
vt -0.120274 0.0488806
vt -0.118957 0.0496
vt -0.118779 0.0493872
vt -0.118688 0.0493216
vt -0.118735 0.0493528
vt -0.11864 0.0492936
vt -0.117991 0.0492482
vt -0.117709 0.0494245
vt -0.11775 0.0493872
vt -0.119965 0.0515486
vt -0.118859 0.0505353
vt -0.120068 0.0514272
vt -0.118895 0.0504925
vt -0.120163 0.0512989
vt -0.120503 0.049473
vt -0.119041 0.0498065
vt -0.120461 0.0493193
vt -0.119025 0.0497528
vt -0.120409 0.0491688
vt -0.120191 0.0487442
vt -0.118928 0.0495526
vt -0.117841 0.0493216
vt -0.117794 0.0493528
vt -0.115965 0.04995
vt -0.117572 0.0496
vt -0.117523 0.0497003
vt -0.117545 0.0496493
vt -0.120564 0.0499463
vt -0.1201 0.0486139
vt -0.117634 0.0495075
vt -0.11767 0.0494647
vt -0.117601 0.0495526
vt -0.117465 0.0499721
vt -0.117469 0.0499164
vt -0.115967 0.0501093
vt -0.11598 0.0502681
vt -0.117469 0.0500836
vt -0.116004 0.0504255
vt -0.117477 0.0501389
vt -0.117488 0.0498065
vt -0.117504 0.0497528
vt -0.117477 0.0498611
vt -0.116039 0.050581
vt -0.117488 0.0501935
vt -0.116085 0.0507336
vt -0.117504 0.0502472
vt -0.117523 0.0502997
vt -0.117465 0.0500279
vt -0.119338 0.052034
vt -0.119195 0.0521034
vt -0.11859 0.0507308
vt -0.119047 0.0521628
vt -0.118538 0.0507518
vt -0.119854 0.0516626
vt -0.119735 0.0517686
vt -0.118779 0.0506128
vt -0.119609 0.0518662
vt -0.118735 0.0506472
vt -0.118895 0.0522117
vt -0.118485 0.050769
vt -0.118741 0.0522501
vt -0.118431 0.0507825
vt -0.118584 0.0522777
vt -0.118376 0.0507922
vt -0.118426 0.0522944
vt -0.11832 0.0507981
vt -0.118266 0.0523
vt -0.118264 0.0508
vt -0.118107 0.0522946
vt -0.118209 0.0507981
vt -0.117949 0.0522782
vt -0.118153 0.0507922
vt -0.117792 0.0522509
vt -0.118098 0.0507825
vt -0.117637 0.0522128
vt -0.118044 0.050769
vt -0.117337 0.0521049
vt -0.117939 0.0507308
vt -0.117991 0.0507518
vt -0.117194 0.0520357
vt -0.117889 0.0507064
vt -0.115964 0.0444473
vt -0.119891 0.0483737
vt -0.118485 0.049231
vt -0.12039 0.0508793
vt -0.120324 0.0510243
vt -0.118983 0.0503507
vt -0.120248 0.0511644
vt -0.118957 0.0504
vt -0.119476 0.0519547
vt -0.118688 0.0506784
vt -0.11864 0.0507064
vt -0.117485 0.052164
vt -0.116797 0.051771
vt -0.11775 0.0506128
vt -0.117794 0.0506472
vt -0.116678 0.0516652
vt -0.117709 0.0505755
vt -0.118153 0.0492078
vt -0.118098 0.0492175
vt -0.118264 0.0492
vt -0.118209 0.0492019
vt -0.118376 0.0492078
vt -0.11832 0.0492019
vt -0.118538 0.0492482
vt -0.11864 0.0492936
vt -0.11859 0.0492692
vt -0.119999 0.0484901
vt -0.118859 0.0494647
vt -0.1201 0.0486139
vt -0.118895 0.0495075
vt -0.120163 0.0512989
vt -0.118928 0.0504474
vt -0.117056 0.0519567
vt -0.117841 0.0506784
vt -0.116923 0.0518683
vt -0.116207 0.0510277
vt -0.117545 0.0503507
vt -0.117572 0.0504
vt -0.116141 0.0508828
vt -0.117523 0.0502997
vt -0.117991 0.0492482
vt -0.117939 0.0492692
vt -0.118431 0.0492175
vt -0.120068 0.0514272
vt -0.118895 0.0504925
vt -0.119965 0.0515486
vt -0.118859 0.0505353
vt -0.11882 0.0505755
vt -0.116283 0.0511676
vt -0.117601 0.0504474
vt -0.11598 0.0502681
vt -0.117469 0.0500836
vt -0.117477 0.0501389
vt -0.115967 0.0501093
vt -0.117465 0.0500279
vt -0.117794 0.0493528
vt -0.11775 0.0493872
vt -0.118044 0.049231
vt -0.118688 0.0493216
vt -0.118779 0.0493872
vt -0.118735 0.0493528
vt -0.11882 0.0494245
vt -0.120274 0.0488806
vt -0.120346 0.0490224
vt -0.118983 0.0496493
vt -0.120409 0.0491688
vt -0.119006 0.0497003
vt -0.120562 0.0501056
vt -0.120549 0.0502644
vt -0.11906 0.0500836
vt -0.120525 0.0504219
vt -0.119052 0.0501389
vt -0.116566 0.0515514
vt -0.11767 0.0505353
vt -0.116463 0.0514301
vt -0.117634 0.0504925
vt -0.116368 0.051302
vt -0.116085 0.0507336
vt -0.117504 0.0502472
vt -0.116039 0.050581
vt -0.117488 0.0501935
vt -0.116004 0.0504255
vt -0.115965 0.04995
vt -0.117572 0.0496
vt -0.117545 0.0496493
vt -0.117601 0.0495526
vt -0.117841 0.0493216
vt -0.117889 0.0492936
vt -0.120191 0.0487442
vt -0.118957 0.0496
vt -0.120534 0.0496292
vt -0.120555 0.0497872
vt -0.11906 0.0499164
vt -0.120564 0.0499463
vt -0.119064 0.0499721
vt -0.120491 0.0505774
vt -0.119041 0.0501935
vt -0.120446 0.0507301
vt -0.119025 0.0502472
vt -0.119006 0.0502997
vt -0.117477 0.0498611
vt -0.117469 0.0499164
vt -0.118928 0.0495526
vt -0.120461 0.0493193
vt -0.119025 0.0497528
vt -0.120503 0.049473
vt -0.119041 0.0498065
vt -0.119052 0.0498611
vt -0.117465 0.0499721
vt -0.117488 0.0498065
vt -0.117523 0.0497003
vt -0.117504 0.0497528
vt -0.117634 0.0495075
vt -0.117709 0.0494245
vt -0.11767 0.0494647
vt -0.119064 0.0500279
vt -0.0698132 0.01995
vt 6.28319 0.01995
vt 0 5e-05
vt -0.139626 0.01995
vt -0.0698132 5e-05
vt 6.07375 0.01995
vt -0.139626 5e-05
vt 6.00393 0.01995
vt 6.07375 5e-05
vt 5.93412 0.01995
vt 6.00393 5e-05
vt 5.86431 0.01995
vt 5.93412 5e-05
vt 5.79449 0.01995
vt 5.86431 5e-05
vt 5.72468 0.01995
vt 5.79449 5e-05
vt 5.65487 0.01995
vt 5.72468 5e-05
vt 5.58505 0.01995
vt 5.65487 5e-05
vt 5.51524 0.01995
vt 5.58505 5e-05
vt 5.44543 0.01995
vt 5.51524 5e-05
vt 5.37561 0.01995
vt 5.44543 5e-05
vt 5.3058 0.01995
vt 5.37561 5e-05
vt 5.23599 0.01995
vt 5.3058 5e-05
vt 5.16617 0.01995
vt 5.23599 5e-05
vt 5.09636 0.01995
vt 5.16617 5e-05
vt 5.02655 0.01995
vt 5.09636 5e-05
vt 4.95674 0.01995
vt 5.02655 5e-05
vt 4.88692 0.01995
vt 4.95674 5e-05
vt 4.81711 0.01995
vt 4.88692 5e-05
vt 4.7473 0.01995
vt 4.81711 5e-05
vt 4.67748 0.01995
vt 4.7473 5e-05
vt 4.60767 0.01995
vt 4.67748 5e-05
vt 4.53786 0.01995
vt 4.60767 5e-05
vt 4.46804 0.01995
vt 4.53786 5e-05
vt 4.39823 0.01995
vt 4.46804 5e-05
vt 4.32842 0.01995
vt 4.39823 5e-05
vt 4.2586 0.01995
vt 4.32842 5e-05
vt 4.18879 0.01995
vt 4.2586 5e-05
vt 4.11898 0.01995
vt 4.18879 5e-05
vt 4.04916 0.01995
vt 4.11898 5e-05
vt 3.97935 0.01995
vt 4.04916 5e-05
vt 3.90954 0.01995
vt 3.97935 5e-05
vt 3.83972 0.01995
vt 3.90954 5e-05
vt 3.76991 0.01995
vt 3.83972 5e-05
vt 3.7001 0.01995
vt 3.76991 5e-05
vt 3.63028 0.01995
vt 3.7001 5e-05
vt 3.56047 0.01995
vt 3.63028 5e-05
vt 3.49066 0.01995
vt 3.56047 5e-05
vt 3.42085 0.01995
vt 3.49066 5e-05
vt 3.35103 0.01995
vt 3.42085 5e-05
vt 3.28122 0.01995
vt 3.35103 5e-05
vt 3.21141 0.01995
vt 3.28122 5e-05
vt 3.14159 0.01995
vt 3.21141 5e-05
vt 3.07178 0.01995
vt 3.14159 5e-05
vt 3.00197 0.01995
vt 3.07178 5e-05
vt 2.93215 0.01995
vt 3.00197 5e-05
vt 2.86234 0.01995
vt 2.93215 5e-05
vt 2.79253 0.01995
vt 2.86234 5e-05
vt 2.72271 0.01995
vt 2.79253 5e-05
vt 2.6529 0.01995
vt 2.72271 5e-05
vt 2.58309 0.01995
vt 2.6529 5e-05
vt 2.51327 0.01995
vt 2.58309 5e-05
vt 2.44346 0.01995
vt 2.51327 5e-05
vt 2.37365 0.01995
vt 2.44346 5e-05
vt 2.30383 0.01995
vt 2.37365 5e-05
vt 2.23402 0.01995
vt 2.30383 5e-05
vt 2.16421 0.01995
vt 2.23402 5e-05
vt 2.0944 0.01995
vt 2.16421 5e-05
vt 2.02458 0.01995
vt 2.0944 5e-05
vt 1.95477 0.01995
vt 2.02458 5e-05
vt 1.88496 0.01995
vt 1.95477 5e-05
vt 1.81514 0.01995
vt 1.88496 5e-05
vt 1.74533 0.01995
vt 1.81514 5e-05
vt 1.67552 0.01995
vt 1.74533 5e-05
vt 1.6057 0.01995
vt 1.67552 5e-05
vt 1.53589 0.01995
vt 1.6057 5e-05
vt 1.46608 0.01995
vt 1.53589 5e-05
vt 1.39626 0.01995
vt 1.46608 5e-05
vt 1.32645 0.01995
vt 1.39626 5e-05
vt 1.25664 0.01995
vt 1.32645 5e-05
vt 1.18682 0.01995
vt 1.25664 5e-05
vt 1.11701 0.01995
vt 1.18682 5e-05
vt 1.0472 0.01995
vt 1.11701 5e-05
vt 0.977384 0.01995
vt 1.0472 5e-05
vt 0.907571 0.01995
vt 0.977384 5e-05
vt 0.837758 0.01995
vt 0.907571 5e-05
vt 0.767945 0.01995
vt 0.837758 5e-05
vt 0.698132 0.01995
vt 0.767945 5e-05
vt 0.628319 0.01995
vt 0.698132 5e-05
vt 0.558505 0.01995
vt 0.628319 5e-05
vt 0.488692 0.01995
vt 0.558505 5e-05
vt 0.418879 0.01995
vt 0.488692 5e-05
vt 0.349066 0.01995
vt 0.418879 5e-05
vt 0.279253 0.01995
vt 0.349066 5e-05
vt 0.20944 0.01995
vt 0.279253 5e-05
vt 0.139626 0.01995
vt 0.20944 5e-05
vt 0.0698132 0.01995
vt 0.139626 5e-05
vt 0.0698132 5e-05
vt -0.00995 -0.1053
vt 0.006 -0.1033
vt -0.00444731 -0.06995
vt 0.00598364 -0.103779
vt 0.00593419 -0.104262
vt 0.00571989 -0.1053
vt 0.00585046 -0.104755
vt -0.00444731 -0.02995
vt -0.00444731 -0.05005
vt -0.00995001 -0.02995
vt -0.00995001 -0.05005
vt -0.00995 0.1053
vt -0.00995001 0.06995
vt -0.00444731 0.06995
vt -0.00444731 0.01005
vt -0.00444731 -0.01005
vt -0.00995001 0.01005
vt -0.00995001 -0.01005
vt 0.006 0.1033
vt -0.00444731 0.05005
vt -0.00444731 0.02995
vt -0.00995001 0.05005
vt -0.00995001 0.02995
vt 0.00593419 0.104262
vt 0.00585046 0.104755
vt 0.00598364 0.103779
vt 0.00571989 0.1053
vt -0.00995001 -0.06995
vt -0.00277635 5e-05
vt 0.00277635 5e-05
vt 0.00277635 0.01995
vt -0.00277635 0.01995
vt 1.61833 0.01995
vt 1.61833 5e-05
vt 1.68761 5e-05
vt 1.68761 0.01995
vt 1.75688 5e-05
vt 1.75688 0.01995
vt 1.82616 5e-05
vt 1.82616 0.01995
vt 1.89544 5e-05
vt 1.89544 0.01995
vt 1.96471 5e-05
vt 1.96471 0.01995
vt 2.03399 5e-05
vt 2.03399 0.01995
vt 2.10326 5e-05
vt 2.10326 0.01995
vt 2.17254 5e-05
vt 2.17254 0.01995
vt 2.24182 5e-05
vt 2.24182 0.01995
vt 2.31109 5e-05
vt 2.31109 0.01995
vt 2.38037 5e-05
vt 2.38037 0.01995
vt 2.44964 5e-05
vt 2.44964 0.01995
vt 2.51892 5e-05
vt 2.51892 0.01995
vt 2.5882 5e-05
vt 2.5882 0.01995
vt 2.65747 5e-05
vt 2.65747 0.01995
vt 2.72675 5e-05
vt 2.72675 0.01995
vt 2.79602 5e-05
vt 2.79602 0.01995
vt 2.8653 5e-05
vt 2.8653 0.01995
vt 2.93458 5e-05
vt 2.93458 0.01995
vt 3.00385 5e-05
vt 3.00385 0.01995
vt 3.07313 5e-05
vt 3.07313 0.01995
vt 3.1424 5e-05
vt 3.1424 0.01995
vt 3.21168 5e-05
vt 3.21168 0.01995
vt 3.28096 5e-05
vt 3.28096 0.01995
vt 3.35023 5e-05
vt 3.35023 0.01995
vt 3.41951 5e-05
vt 3.41951 0.01995
vt 3.48878 5e-05
vt 3.48878 0.01995
vt 3.55806 5e-05
vt 3.55806 0.01995
vt 3.62734 5e-05
vt 3.62734 0.01995
vt 3.69661 5e-05
vt 3.69661 0.01995
vt 3.76589 5e-05
vt 3.76589 0.01995
vt 3.83516 5e-05
vt 3.83516 0.01995
vt 3.90444 5e-05
vt 3.90444 0.01995
vt 3.97372 5e-05
vt 3.97372 0.01995
vt 4.04299 5e-05
vt 4.04299 0.01995
vt 4.11227 5e-05
vt 4.11227 0.01995
vt 4.18154 5e-05
vt 4.18154 0.01995
vt 4.25082 5e-05
vt 4.25082 0.01995
vt 4.3201 5e-05
vt 4.3201 0.01995
vt 4.38937 5e-05
vt 4.38937 0.01995
vt 4.45865 5e-05
vt 4.45865 0.01995
vt 4.52792 5e-05
vt 4.52792 0.01995
vt 4.5972 5e-05
vt 4.5972 0.01995
vt 4.66648 5e-05
vt 4.66648 0.01995
vt 4.73575 5e-05
vt 4.73575 0.01995
vt 4.80503 5e-05
vt 4.80503 0.01995
vt 4.8743 5e-05
vt 4.8743 0.01995
vt 4.94358 5e-05
vt 4.94358 0.01995
vt 5.01286 5e-05
vt 5.01286 0.01995
vt 5.08213 5e-05
vt 5.08213 0.01995
vt 5.15141 5e-05
vt 5.15141 0.01995
vt 5.22068 5e-05
vt 5.22068 0.01995
vt 5.28996 5e-05
vt 5.28996 0.01995
vt 5.35924 5e-05
vt 5.35924 0.01995
vt 5.42851 5e-05
vt 5.42851 0.01995
vt 5.49779 5e-05
vt 1.54906 0.01995
vt 1.54906 5e-05
vt 5.49779 0.01995
vt -0.117194 0.0520357
vt -0.117337 0.0521049
vt -0.117939 0.0507308
vt -0.117485 0.052164
vt -0.117991 0.0507518
vt -0.116678 0.0516652
vt -0.116797 0.051771
vt -0.11775 0.0506128
vt -0.116923 0.0518683
vt -0.117794 0.0506472
vt -0.117637 0.0522128
vt -0.118044 0.050769
vt -0.117792 0.0522509
vt -0.118098 0.0507825
vt -0.117949 0.0522782
vt -0.118153 0.0507922
vt -0.118107 0.0522946
vt -0.118209 0.0507981
vt -0.118266 0.0523
vt -0.118264 0.0508
vt -0.118426 0.0522944
vt -0.11832 0.0507981
vt -0.118584 0.0522777
vt -0.118376 0.0507922
vt -0.118741 0.0522501
vt -0.118431 0.0507825
vt -0.118895 0.0522117
vt -0.118485 0.050769
vt -0.119195 0.0521034
vt -0.11859 0.0507308
vt -0.118538 0.0507518
vt -0.119338 0.052034
vt -0.11864 0.0507064
vt -0.115964 0.0444473
vt -0.118431 0.0492175
vt -0.118485 0.049231
vt -0.116141 0.0508828
vt -0.116207 0.0510277
vt -0.117545 0.0503507
vt -0.116283 0.0511676
vt -0.117572 0.0504
vt -0.117056 0.0519567
vt -0.117841 0.0506784
vt -0.117889 0.0507064
vt -0.119047 0.0521628
vt -0.119735 0.0517686
vt -0.118779 0.0506128
vt -0.118735 0.0506472
vt -0.119854 0.0516626
vt -0.11882 0.0505755
vt -0.119999 0.0484901
vt -0.118859 0.0494647
vt -0.118895 0.0495075
vt -0.119891 0.0483737
vt -0.11882 0.0494245
vt -0.118538 0.0492482
vt -0.11859 0.0492692
vt -0.118264 0.0492
vt -0.11832 0.0492019
vt -0.118153 0.0492078
vt -0.118209 0.0492019
vt -0.118044 0.049231
vt -0.118098 0.0492175
vt -0.116368 0.051302
vt -0.117601 0.0504474
vt -0.119476 0.0519547
vt -0.118688 0.0506784
vt -0.119609 0.0518662
vt -0.120324 0.0510243
vt -0.118983 0.0503507
vt -0.118957 0.0504
vt -0.12039 0.0508793
vt -0.119006 0.0502997
vt -0.120549 0.0502644
vt -0.11906 0.0500836
vt -0.119052 0.0501389
vt -0.120562 0.0501056
vt -0.119064 0.0500279
vt -0.118376 0.0492078
vt -0.117889 0.0492936
vt -0.117939 0.0492692
vt -0.116463 0.0514301
vt -0.117634 0.0504925
vt -0.116566 0.0515514
vt -0.11767 0.0505353
vt -0.117709 0.0505755
vt -0.120248 0.0511644
vt -0.118928 0.0504474
vt -0.120446 0.0507301
vt -0.119025 0.0502472
vt -0.120491 0.0505774
vt -0.119041 0.0501935
vt -0.120525 0.0504219
vt -0.120555 0.0497872
vt -0.11906 0.0499164
vt -0.119064 0.0499721
vt -0.120534 0.0496292
vt -0.119052 0.0498611
vt -0.120346 0.0490224
vt -0.118983 0.0496493
vt -0.119006 0.0497003
vt -0.120274 0.0488806
vt -0.118957 0.0496
vt -0.118779 0.0493872
vt -0.118688 0.0493216
vt -0.118735 0.0493528
vt -0.11864 0.0492936
vt -0.117991 0.0492482
vt -0.117709 0.0494245
vt -0.11775 0.0493872
vt -0.119965 0.0515486
vt -0.118859 0.0505353
vt -0.120068 0.0514272
vt -0.118895 0.0504925
vt -0.120163 0.0512989
vt -0.120503 0.049473
vt -0.119041 0.0498065
vt -0.120461 0.0493193
vt -0.119025 0.0497528
vt -0.120409 0.0491688
vt -0.120191 0.0487442
vt -0.118928 0.0495526
vt -0.117841 0.0493216
vt -0.117794 0.0493528
vt -0.115965 0.04995
vt -0.117572 0.0496
vt -0.117523 0.0497003
vt -0.117545 0.0496493
vt -0.120564 0.0499463
vt -0.1201 0.0486139
vt -0.117634 0.0495075
vt -0.11767 0.0494647
vt -0.117601 0.0495526
vt -0.117465 0.0499721
vt -0.117469 0.0499164
vt -0.115967 0.0501093
vt -0.11598 0.0502681
vt -0.117469 0.0500836
vt -0.116004 0.0504255
vt -0.117477 0.0501389
vt -0.117488 0.0498065
vt -0.117504 0.0497528
vt -0.117477 0.0498611
vt -0.116039 0.050581
vt -0.117488 0.0501935
vt -0.116085 0.0507336
vt -0.117504 0.0502472
vt -0.117523 0.0502997
vt -0.117465 0.0500279
vt -0.119338 0.052034
vt -0.119195 0.0521034
vt -0.11859 0.0507308
vt -0.119047 0.0521628
vt -0.118538 0.0507518
vt -0.119854 0.0516626
vt -0.119735 0.0517686
vt -0.118779 0.0506128
vt -0.119609 0.0518662
vt -0.118735 0.0506472
vt -0.118895 0.0522117
vt -0.118485 0.050769
vt -0.118741 0.0522501
vt -0.118431 0.0507825
vt -0.118584 0.0522777
vt -0.118376 0.0507922
vt -0.118426 0.0522944
vt -0.11832 0.0507981
vt -0.118266 0.0523
vt -0.118264 0.0508
vt -0.118107 0.0522946
vt -0.118209 0.0507981
vt -0.117949 0.0522782
vt -0.118153 0.0507922
vt -0.117792 0.0522509
vt -0.118098 0.0507825
vt -0.117637 0.0522128
vt -0.118044 0.050769
vt -0.117337 0.0521049
vt -0.117939 0.0507308
vt -0.117991 0.0507518
vt -0.117194 0.0520357
vt -0.117889 0.0507064
vt -0.115964 0.0444473
vt -0.119891 0.0483737
vt -0.118485 0.049231
vt -0.12039 0.0508793
vt -0.120324 0.0510243
vt -0.118983 0.0503507
vt -0.120248 0.0511644
vt -0.118957 0.0504
vt -0.119476 0.0519547
vt -0.118688 0.0506784
vt -0.11864 0.0507064
vt -0.117485 0.052164
vt -0.116797 0.051771
vt -0.11775 0.0506128
vt -0.117794 0.0506472
vt -0.116678 0.0516652
vt -0.117709 0.0505755
vt -0.118153 0.0492078
vt -0.118098 0.0492175
vt -0.118264 0.0492
vt -0.118209 0.0492019
vt -0.118376 0.0492078
vt -0.11832 0.0492019
vt -0.118538 0.0492482
vt -0.11864 0.0492936
vt -0.11859 0.0492692
vt -0.119999 0.0484901
vt -0.118859 0.0494647
vt -0.1201 0.0486139
vt -0.118895 0.0495075
vt -0.120163 0.0512989
vt -0.118928 0.0504474
vt -0.117056 0.0519567
vt -0.117841 0.0506784
vt -0.116923 0.0518683
vt -0.116207 0.0510277
vt -0.117545 0.0503507
vt -0.117572 0.0504
vt -0.116141 0.0508828
vt -0.117523 0.0502997
vt -0.117991 0.0492482
vt -0.117939 0.0492692
vt -0.118431 0.0492175
vt -0.120068 0.0514272
vt -0.118895 0.0504925
vt -0.119965 0.0515486
vt -0.118859 0.0505353
vt -0.11882 0.0505755
vt -0.116283 0.0511676
vt -0.117601 0.0504474
vt -0.11598 0.0502681
vt -0.117469 0.0500836
vt -0.117477 0.0501389
vt -0.115967 0.0501093
vt -0.117465 0.0500279
vt -0.117794 0.0493528
vt -0.11775 0.0493872
vt -0.118044 0.049231
vt -0.118688 0.0493216
vt -0.118779 0.0493872
vt -0.118735 0.0493528
vt -0.11882 0.0494245
vt -0.120274 0.0488806
vt -0.120346 0.0490224
vt -0.118983 0.0496493
vt -0.120409 0.0491688
vt -0.119006 0.0497003
vt -0.120562 0.0501056
vt -0.120549 0.0502644
vt -0.11906 0.0500836
vt -0.120525 0.0504219
vt -0.119052 0.0501389
vt -0.116566 0.0515514
vt -0.11767 0.0505353
vt -0.116463 0.0514301
vt -0.117634 0.0504925
vt -0.116368 0.051302
vt -0.116085 0.0507336
vt -0.117504 0.0502472
vt -0.116039 0.050581
vt -0.117488 0.0501935
vt -0.116004 0.0504255
vt -0.115965 0.04995
vt -0.117572 0.0496
vt -0.117545 0.0496493
vt -0.117601 0.0495526
vt -0.117841 0.0493216
vt -0.117889 0.0492936
vt -0.120191 0.0487442
vt -0.118957 0.0496
vt -0.120534 0.0496292
vt -0.120555 0.0497872
vt -0.11906 0.0499164
vt -0.120564 0.0499463
vt -0.119064 0.0499721
vt -0.120491 0.0505774
vt -0.119041 0.0501935
vt -0.120446 0.0507301
vt -0.119025 0.0502472
vt -0.119006 0.0502997
vt -0.117477 0.0498611
vt -0.117469 0.0499164
vt -0.118928 0.0495526
vt -0.120461 0.0493193
vt -0.119025 0.0497528
vt -0.120503 0.049473
vt -0.119041 0.0498065
vt -0.119052 0.0498611
vt -0.117465 0.0499721
vt -0.117488 0.0498065
vt -0.117523 0.0497003
vt -0.117504 0.0497528
vt -0.117634 0.0495075
vt -0.117709 0.0494245
vt -0.11767 0.0494647
vt -0.119064 0.0500279
vt -0.0698132 0.01995
vt 6.28319 0.01995
vt 0 5e-05
vt -0.139626 0.01995
vt -0.0698132 5e-05
vt 6.07375 0.01995
vt -0.139626 5e-05
vt 6.00393 0.01995
vt 6.07375 5e-05
vt 5.93412 0.01995
vt 6.00393 5e-05
vt 5.86431 0.01995
vt 5.93412 5e-05
vt 5.79449 0.01995
vt 5.86431 5e-05
vt 5.72468 0.01995
vt 5.79449 5e-05
vt 5.65487 0.01995
vt 5.72468 5e-05
vt 5.58505 0.01995
vt 5.65487 5e-05
vt 5.51524 0.01995
vt 5.58505 5e-05
vt 5.44543 0.01995
vt 5.51524 5e-05
vt 5.37561 0.01995
vt 5.44543 5e-05
vt 5.3058 0.01995
vt 5.37561 5e-05
vt 5.23599 0.01995
vt 5.3058 5e-05
vt 5.16617 0.01995
vt 5.23599 5e-05
vt 5.09636 0.01995
vt 5.16617 5e-05
vt 5.02655 0.01995
vt 5.09636 5e-05
vt 4.95674 0.01995
vt 5.02655 5e-05
vt 4.88692 0.01995
vt 4.95674 5e-05
vt 4.81711 0.01995
vt 4.88692 5e-05
vt 4.7473 0.01995
vt 4.81711 5e-05
vt 4.67748 0.01995
vt 4.7473 5e-05
vt 4.60767 0.01995
vt 4.67748 5e-05
vt 4.53786 0.01995
vt 4.60767 5e-05
vt 4.46804 0.01995
vt 4.53786 5e-05
vt 4.39823 0.01995
vt 4.46804 5e-05
vt 4.32842 0.01995
vt 4.39823 5e-05
vt 4.2586 0.01995
vt 4.32842 5e-05
vt 4.18879 0.01995
vt 4.2586 5e-05
vt 4.11898 0.01995
vt 4.18879 5e-05
vt 4.04916 0.01995
vt 4.11898 5e-05
vt 3.97935 0.01995
vt 4.04916 5e-05
vt 3.90954 0.01995
vt 3.97935 5e-05
vt 3.83972 0.01995
vt 3.90954 5e-05
vt 3.76991 0.01995
vt 3.83972 5e-05
vt 3.7001 0.01995
vt 3.76991 5e-05
vt 3.63028 0.01995
vt 3.7001 5e-05
vt 3.56047 0.01995
vt 3.63028 5e-05
vt 3.49066 0.01995
vt 3.56047 5e-05
vt 3.42085 0.01995
vt 3.49066 5e-05
vt 3.35103 0.01995
vt 3.42085 5e-05
vt 3.28122 0.01995
vt 3.35103 5e-05
vt 3.21141 0.01995
vt 3.28122 5e-05
vt 3.14159 0.01995
vt 3.21141 5e-05
vt 3.07178 0.01995
vt 3.14159 5e-05
vt 3.00197 0.01995
vt 3.07178 5e-05
vt 2.93215 0.01995
vt 3.00197 5e-05
vt 2.86234 0.01995
vt 2.93215 5e-05
vt 2.79253 0.01995
vt 2.86234 5e-05
vt 2.72271 0.01995
vt 2.79253 5e-05
vt 2.6529 0.01995
vt 2.72271 5e-05
vt 2.58309 0.01995
vt 2.6529 5e-05
vt 2.51327 0.01995
vt 2.58309 5e-05
vt 2.44346 0.01995
vt 2.51327 5e-05
vt 2.37365 0.01995
vt 2.44346 5e-05
vt 2.30383 0.01995
vt 2.37365 5e-05
vt 2.23402 0.01995
vt 2.30383 5e-05
vt 2.16421 0.01995
vt 2.23402 5e-05
vt 2.0944 0.01995
vt 2.16421 5e-05
vt 2.02458 0.01995
vt 2.0944 5e-05
vt 1.95477 0.01995
vt 2.02458 5e-05
vt 1.88496 0.01995
vt 1.95477 5e-05
vt 1.81514 0.01995
vt 1.88496 5e-05
vt 1.74533 0.01995
vt 1.81514 5e-05
vt 1.67552 0.01995
vt 1.74533 5e-05
vt 1.6057 0.01995
vt 1.67552 5e-05
vt 1.53589 0.01995
vt 1.6057 5e-05
vt 1.46608 0.01995
vt 1.53589 5e-05
vt 1.39626 0.01995
vt 1.46608 5e-05
vt 1.32645 0.01995
vt 1.39626 5e-05
vt 1.25664 0.01995
vt 1.32645 5e-05
vt 1.18682 0.01995
vt 1.25664 5e-05
vt 1.11701 0.01995
vt 1.18682 5e-05
vt 1.0472 0.01995
vt 1.11701 5e-05
vt 0.977384 0.01995
vt 1.0472 5e-05
vt 0.907571 0.01995
vt 0.977384 5e-05
vt 0.837758 0.01995
vt 0.907571 5e-05
vt 0.767945 0.01995
vt 0.837758 5e-05
vt 0.698132 0.01995
vt 0.767945 5e-05
vt 0.628319 0.01995
vt 0.698132 5e-05
vt 0.558505 0.01995
vt 0.628319 5e-05
vt 0.488692 0.01995
vt 0.558505 5e-05
vt 0.418879 0.01995
vt 0.488692 5e-05
vt 0.349066 0.01995
vt 0.418879 5e-05
vt 0.279253 0.01995
vt 0.349066 5e-05
vt 0.20944 0.01995
vt 0.279253 5e-05
vt 0.139626 0.01995
vt 0.20944 5e-05
vt 0.0698132 0.01995
vt 0.139626 5e-05
vt 0.0698132 5e-05
f 1/1/1 2/2/1 3/3/2
f 4/4/2 3/3/2 5/5/3
f 6/6/3 5/5/3 7/7/4
f 8/8/4 7/7/4 9/9/5
f 10/10/5 9/9/5 11/11/6
f 12/12/6 11/11/6 13/13/7
f 14/14/7 13/13/7 15/15/8
f 16/16/8 15/15/8 17/17/9
f 18/18/9 17/17/9 19/19/10
f 20/20/10 19/19/10 21/21/11
f 22/22/11 21/21/11 23/23/12
f 24/24/12 23/23/12 25/25/13
f 26/26/13 25/25/13 27/27/14
f 28/28/14 27/27/14 29/29/15
f 30/30/15 29/29/15 31/31/16
f 32/32/16 31/31/16 33/33/17
f 34/34/17 33/33/17 35/35/18
f 36/36/18 35/35/18 37/37/19
f 38/38/19 37/37/19 39/39/20
f 40/40/20 39/39/20 41/41/21
f 42/42/21 41/41/21 43/43/22
f 44/44/22 43/43/22 45/45/23
f 46/46/23 45/45/23 47/47/24
f 48/48/24 47/47/24 49/49/25
f 50/50/25 49/49/25 51/51/26
f 52/52/26 51/51/26 53/53/27
f 54/54/27 53/53/27 55/55/28
f 56/56/28 55/55/28 57/57/29
f 58/58/29 57/57/29 59/59/30
f 60/60/30 59/59/30 61/61/31
f 62/62/31 61/61/31 63/63/32
f 64/64/32 63/63/32 65/65/33
f 66/66/33 65/65/33 67/67/34
f 68/68/34 67/67/34 69/69/35
f 70/70/35 69/69/35 71/71/36
f 72/72/36 71/71/36 73/73/37
f 74/74/37 73/73/37 75/75/38
f 76/76/38 75/75/38 77/77/39
f 78/78/39 77/77/39 79/79/40
f 80/80/40 79/79/40 81/81/41
f 82/82/41 81/81/41 83/83/42
f 84/84/42 83/83/42 85/85/43
f 86/86/43 85/85/43 87/87/44
f 88/88/44 87/87/44 89/89/45
f 90/90/45 89/89/45 91/91/46
f 92/92/46 91/91/46 93/93/47
f 94/94/47 93/93/47 95/95/48
f 96/96/48 95/95/48 97/97/49
f 98/98/49 97/97/49 99/99/50
f 100/100/50 99/99/50 101/101/51
f 102/102/51 101/101/51 103/103/52
f 104/104/52 103/103/52 105/105/53
f 106/106/53 105/105/53 107/107/54
f 108/108/54 107/107/54 109/109/55
f 110/110/55 109/109/55 111/111/56
f 112/112/56 111/111/56 113/113/57
f 114/114/57 113/113/57 115/115/58
f 116/116/58 115/115/58 117/117/59
f 118/118/59 117/117/59 119/119/60
f 120/120/60 119/119/60 121/121/61
f 122/122/61 121/121/61 123/123/62
f 124/124/62 123/123/62 125/125/63
f 126/126/63 125/125/63 127/127/64
f 128/128/64 127/127/64 129/129/65
f 130/130/65 129/129/65 131/131/66
f 132/132/66 131/131/66 133/133/67
f 134/134/67 133/133/67 135/135/68
f 136/136/68 135/135/68 137/137/69
f 138/138/69 137/137/69 139/139/70
f 140/140/70 139/139/70 141/141/71
f 142/142/71 141/141/71 143/143/72
f 144/144/72 143/143/72 145/145/73
f 146/146/73 145/145/73 147/147/74
f 148/148/74 147/147/74 149/149/75
f 150/150/75 149/149/75 151/151/76
f 152/152/76 151/151/76 153/153/77
f 154/154/77 153/153/77 155/155/78
f 156/156/78 155/155/78 157/157/79
f 158/158/79 157/157/79 159/159/80
f 160/160/80 159/159/80 161/161/81
f 162/162/81 161/161/81 163/163/82
f 164/164/82 163/163/82 165/165/83
f 166/166/83 165/165/83 167/167/84
f 168/168/84 167/167/84 169/169/85
f 170/170/85 169/169/85 171/171/86
f 172/172/86 171/171/86 173/173/87
f 174/174/87 173/173/87 175/175/88
f 176/176/88 175/175/88 177/177/89
f 178/178/89 177/177/89 179/179/90
f 180/180/90 179/179/90 2/2/1
f 2/2/1 1/1/1 180/180/90
f 179/179/90 180/180/90 178/178/89
f 177/177/89 178/178/89 176/176/88
f 175/175/88 176/176/88 174/174/87
f 173/173/87 174/174/87 172/172/86
f 171/171/86 172/172/86 170/170/85
f 169/169/85 170/170/85 168/168/84
f 167/167/84 168/168/84 166/166/83
f 165/165/83 166/166/83 164/164/82
f 163/163/82 164/164/82 162/162/81
f 161/161/81 162/162/81 160/160/80
f 159/159/80 160/160/80 158/158/79
f 157/157/79 158/158/79 156/156/78
f 155/155/78 156/156/78 154/154/77
f 153/153/77 154/154/77 152/152/76
f 151/151/76 152/152/76 150/150/75
f 149/149/75 150/150/75 148/148/74
f 147/147/74 148/148/74 146/146/73
f 145/145/73 146/146/73 144/144/72
f 143/143/72 144/144/72 142/142/71
f 141/141/71 142/142/71 140/140/70
f 139/139/70 140/140/70 138/138/69
f 137/137/69 138/138/69 136/136/68
f 135/135/68 136/136/68 134/134/67
f 133/133/67 134/134/67 132/132/66
f 131/131/66 132/132/66 130/130/65
f 129/129/65 130/130/65 128/128/64
f 127/127/64 128/128/64 126/126/63
f 125/125/63 126/126/63 124/124/62
f 123/123/62 124/124/62 122/122/61
f 121/121/61 122/122/61 120/120/60
f 119/119/60 120/120/60 118/118/59
f 117/117/59 118/118/59 116/116/58
f 115/115/58 116/116/58 114/114/57
f 113/113/57 114/114/57 112/112/56
f 111/111/56 112/112/56 110/110/55
f 109/109/55 110/110/55 108/108/54
f 107/107/54 108/108/54 106/106/53
f 105/105/53 106/106/53 104/104/52
f 103/103/52 104/104/52 102/102/51
f 101/101/51 102/102/51 100/100/50
f 99/99/50 100/100/50 98/98/49
f 97/97/49 98/98/49 96/96/48
f 95/95/48 96/96/48 94/94/47
f 93/93/47 94/94/47 92/92/46
f 91/91/46 92/92/46 90/90/45
f 89/89/45 90/90/45 88/88/44
f 87/87/44 88/88/44 86/86/43
f 85/85/43 86/86/43 84/84/42
f 83/83/42 84/84/42 82/82/41
f 81/81/41 82/82/41 80/80/40
f 79/79/40 80/80/40 78/78/39
f 77/77/39 78/78/39 76/76/38
f 75/75/38 76/76/38 74/74/37
f 73/73/37 74/74/37 72/72/36
f 71/71/36 72/72/36 70/70/35
f 69/69/35 70/70/35 68/68/34
f 67/67/34 68/68/34 66/66/33
f 65/65/33 66/66/33 64/64/32
f 63/63/32 64/64/32 62/62/31
f 61/61/31 62/62/31 60/60/30
f 59/59/30 60/60/30 58/58/29
f 57/57/29 58/58/29 56/56/28
f 55/55/28 56/56/28 54/54/27
f 53/53/27 54/54/27 52/52/26
f 51/51/26 52/52/26 50/50/25
f 49/49/25 50/50/25 48/48/24
f 47/47/24 48/48/24 46/46/23
f 45/45/23 46/46/23 44/44/22
f 43/43/22 44/44/22 42/42/21
f 41/41/21 42/42/21 40/40/20
f 39/39/20 40/40/20 38/38/19
f 37/37/19 38/38/19 36/36/18
f 35/35/18 36/36/18 34/34/17
f 33/33/17 34/34/17 32/32/16
f 31/31/16 32/32/16 30/30/15
f 29/29/15 30/30/15 28/28/14
f 27/27/14 28/28/14 26/26/13
f 25/25/13 26/26/13 24/24/12
f 23/23/12 24/24/12 22/22/11
f 21/21/11 22/22/11 20/20/10
f 19/19/10 20/20/10 18/18/9
f 17/17/9 18/18/9 16/16/8
f 15/15/8 16/16/8 14/14/7
f 13/13/7 14/14/7 12/12/6
f 11/11/6 12/12/6 10/10/5
f 9/9/5 10/10/5 8/8/4
f 7/7/4 8/8/4 6/6/3
f 5/5/3 6/6/3 4/4/2
f 3/3/2 4/4/2 1/1/1
f 181/181/91 2/182/91 179/183/91
f 181/181/91 5/184/91 3/185/91
f 3/185/91 2/182/91 181/181/91
f 179/183/91 177/186/91 181/181/91
f 181/181/91 7/187/91 5/184/91
f 182/188/91 91/189/91 89/190/91
f 182/188/91 95/191/91 93/192/91
f 177/186/91 175/193/91 181/181/91
f 181/181/91 183/194/91 9/195/91
f 93/192/91 91/189/91 182/188/91
f 181/181/91 173/196/91 171/197/91
f 9/195/91 7/187/91 181/181/91
f 89/190/91 87/198/91 182/188/91
f 181/181/91 167/199/91 165/200/91
f 175/193/91 173/196/91 181/181/91
f 183/194/91 13/201/91 11/202/91
f 183/194/91 19/203/91 17/204/91
f 182/188/91 97/205/91 95/191/91
f 181/181/91 169/206/91 167/199/91
f 11/202/91 9/195/91 183/194/91
f 17/204/91 15/207/91 183/194/91
f 182/188/91 81/208/91 79/209/91
f 87/198/91 85/210/91 182/188/91
f 181/181/91 155/211/91 153/212/91
f 171/197/91 169/206/91 181/181/91
f 183/194/91 21/213/91 19/203/91
f 182/188/91 83/214/91 81/208/91
f 182/188/91 99/215/91 97/205/91
f 182/188/91 109/216/91 107/217/91
f 184/218/91 137/219/91 135/220/91
f 153/212/91 151/221/91 181/181/91
f 181/181/91 159/222/91 157/223/91
f 181/181/91 163/224/91 161/225/91
f 15/207/91 13/201/91 183/194/91
f 85/210/91 83/214/91 182/188/91
f 182/188/91 103/226/91 101/227/91
f 107/217/91 105/228/91 182/188/91
f 184/218/91 129/229/91 127/230/91
f 184/218/91 133/231/91 131/232/91
f 184/218/91 139/233/91 137/219/91
f 184/218/91 181/181/91 143/234/91
f 181/181/91 147/235/91 145/236/91
f 157/223/91 155/211/91 181/181/91
f 165/200/91 163/224/91 181/181/91
f 182/188/91 77/237/91 75/238/91
f 101/227/91 99/215/91 182/188/91
f 182/188/91 111/239/91 109/216/91
f 184/218/91 123/240/91 121/241/91
f 127/230/91 125/242/91 184/218/91
f 135/220/91 133/231/91 184/218/91
f 143/234/91 141/243/91 184/218/91
f 181/181/91 149/244/91 147/235/91
f 161/225/91 159/222/91 181/181/91
f 183/194/91 25/245/91 23/246/91
f 183/194/91 29/247/91 27/248/91
f 183/194/91 39/249/91 37/250/91
f 75/238/91 73/251/91 182/188/91
f 105/228/91 103/226/91 182/188/91
f 184/218/91 113/252/91 111/239/91
f 125/242/91 123/240/91 184/218/91
f 141/243/91 139/233/91 184/218/91
f 151/221/91 149/244/91 181/181/91
f 27/248/91 25/245/91 183/194/91
f 183/194/91 33/253/91 31/254/91
f 37/250/91 35/255/91 183/194/91
f 183/194/91 43/256/91 41/257/91
f 183/194/91 47/258/91 45/259/91
f 185/260/91 53/261/91 51/262/91
f 185/260/91 59/263/91 57/264/91
f 182/188/91 71/265/91 69/266/91
f 79/209/91 77/237/91 182/188/91
f 184/218/91 115/267/91 113/252/91
f 184/218/91 119/268/91 117/269/91
f 131/232/91 129/229/91 184/218/91
f 23/246/91 21/213/91 183/194/91
f 35/255/91 33/253/91 183/194/91
f 45/259/91 43/256/91 183/194/91
f 51/262/91 183/194/91 185/260/91
f 57/264/91 55/270/91 185/260/91
f 185/260/91 63/271/91 61/272/91
f 185/260/91 186/273/91 182/188/91
f 73/251/91 71/265/91 182/188/91
f 117/269/91 115/267/91 184/218/91
f 145/236/91 143/234/91 181/181/91
f 41/257/91 39/249/91 183/194/91
f 51/262/91 49/274/91 183/194/91
f 61/272/91 59/263/91 185/260/91
f 182/188/91 67/275/91 185/260/91
f 111/239/91 182/188/91 184/218/91
f 31/254/91 29/247/91 183/194/91
f 55/270/91 53/261/91 185/260/91
f 67/275/91 65/276/91 185/260/91
f 121/241/91 119/268/91 184/218/91
f 65/276/91 63/271/91 185/260/91
f 49/274/91 47/258/91 183/194/91
f 69/266/91 67/275/91 182/188/91
f 187/277/92 184/278/92 182/279/92
f 182/279/92 188/280/92 187/277/92
f 188/281/93 182/282/93 186/283/93
f 186/283/93 189/284/93 188/281/93
f 181/285/92 190/286/92 191/287/92
f 191/287/92 183/288/92 181/285/92
f 192/289/93 185/290/93 183/291/93
f 183/291/93 191/292/93 192/289/93
f 193/293/94 1/294/94 4/295/94
f 193/293/94 178/296/94 180/297/94
f 180/297/94 1/294/94 193/293/94
f 4/295/94 6/298/94 193/293/94
f 193/293/94 8/299/94 10/300/94
f 193/293/94 176/301/94 178/296/94
f 6/298/94 8/299/94 193/293/94
f 188/302/94 92/303/94 94/304/94
f 188/302/94 88/305/94 90/306/94
f 194/307/94 16/308/94 18/309/94
f 194/307/94 10/300/94 12/310/94
f 193/293/94 174/311/94 176/301/94
f 90/306/94 92/303/94 188/302/94
f 194/307/94 14/312/94 16/308/94
f 10/300/94 194/307/94 193/293/94
f 193/293/94 170/313/94 172/314/94
f 94/304/94 96/315/94 188/302/94
f 18/309/94 20/316/94 194/307/94
f 172/314/94 174/311/94 193/293/94
f 193/293/94 164/317/94 166/318/94
f 188/302/94 86/319/94 88/305/94
f 12/310/94 14/312/94 194/307/94
f 166/318/94 168/320/94 193/293/94
f 193/293/94 152/321/94 154/322/94
f 96/315/94 98/323/94 188/302/94
f 195/324/94 194/307/94 52/325/94
f 194/307/94 44/326/94 46/327/94
f 168/320/94 170/313/94 193/293/94
f 193/293/94 160/328/94 162/329/94
f 193/293/94 156/330/94 158/331/94
f 193/293/94 150/332/94 152/321/94
f 188/302/94 106/333/94 108/334/94
f 188/302/94 100/335/94 102/336/94
f 188/302/94 84/337/94 86/319/94
f 188/302/94 78/338/94 80/339/94
f 195/324/94 54/340/94 56/341/94
f 194/307/94 50/342/94 52/325/94
f 46/327/94 48/343/94 194/307/94
f 162/329/94 164/317/94 193/293/94
f 154/322/94 156/330/94 193/293/94
f 193/293/94 144/344/94 146/345/94
f 188/302/94 104/346/94 106/333/94
f 98/323/94 100/335/94 188/302/94
f 80/339/94 82/347/94 188/302/94
f 195/324/94 60/348/94 62/349/94
f 56/341/94 58/350/94 195/324/94
f 48/343/94 50/342/94 194/307/94
f 194/307/94 40/351/94 42/352/94
f 194/307/94 36/353/94 38/354/94
f 194/307/94 26/355/94 28/356/94
f 194/307/94 22/357/94 24/358/94
f 158/331/94 160/328/94 193/293/94
f 146/345/94 148/359/94 193/293/94
f 187/360/94 142/361/94 144/344/94
f 187/360/94 188/302/94 112/362/94
f 108/334/94 110/363/94 188/302/94
f 82/347/94 84/337/94 188/302/94
f 58/350/94 60/348/94 195/324/94
f 42/352/94 44/326/94 194/307/94
f 194/307/94 34/364/94 36/353/94
f 194/307/94 30/365/94 32/366/94
f 24/358/94 26/355/94 194/307/94
f 148/359/94 150/332/94 193/293/94
f 187/360/94 140/367/94 142/361/94
f 187/360/94 136/368/94 138/369/94
f 187/360/94 126/370/94 128/371/94
f 187/360/94 116/372/94 118/373/94
f 112/362/94 114/374/94 187/360/94
f 102/336/94 104/346/94 188/302/94
f 188/302/94 74/375/94 76/376/94
f 195/324/94 68/377/94 188/302/94
f 52/325/94 54/340/94 195/324/94
f 32/366/94 34/364/94 194/307/94
f 20/316/94 22/357/94 194/307/94
f 138/369/94 140/367/94 187/360/94
f 187/360/94 130/378/94 132/379/94
f 187/360/94 124/380/94 126/370/94
f 187/360/94 120/381/94 122/382/94
f 114/374/94 116/372/94 187/360/94
f 76/376/94 78/338/94 188/302/94
f 188/302/94 68/377/94 70/383/94
f 195/324/94 66/384/94 68/377/94
f 38/354/94 40/351/94 194/307/94
f 144/344/94 193/293/94 187/360/94
f 132/379/94 134/385/94 187/360/94
f 122/382/94 124/380/94 187/360/94
f 110/363/94 112/362/94 188/302/94
f 70/383/94 72/386/94 188/302/94
f 195/324/94 64/387/94 66/384/94
f 28/356/94 30/365/94 194/307/94
f 128/371/94 130/378/94 187/360/94
f 72/386/94 74/375/94 188/302/94
f 62/349/94 64/387/94 195/324/94
f 118/373/94 120/381/94 187/360/94
f 134/385/94 136/368/94 187/360/94
f 188/302/94 189/388/94 195/324/94
f 196/389/95 193/390/95 194/391/95
f 194/391/95 197/392/95 196/389/95
f 195/393/96 198/394/96 197/395/96
f 197/395/96 194/396/96 195/393/96
f 192/397/97 191/398/97 199/399/97
f 191/398/97 190/400/97 200/401/97
f 200/401/97 199/399/97 191/398/97
f 199/399/97 201/402/97 192/397/97
f 200/403/98 202/404/98 203/405/98
f 203/405/98 199/406/98 200/403/98
f 199/407/99 203/408/99 204/409/99
f 204/409/99 201/410/99 199/407/99
f 205/411/100 203/412/100 202/413/100
f 206/414/100 204/415/100 203/412/100
f 203/412/100 205/411/100 206/414/100
f 202/413/100 207/416/100 205/411/100
f 207/417/101 208/418/101 209/419/101
f 209/419/101 205/420/101 207/417/101
f 210/421/102 206/422/102 205/423/102
f 205/423/102 209/424/102 210/421/102
f 197/425/103 211/426/103 212/427/103
f 198/428/103 213/429/103 211/426/103
f 211/426/103 197/425/103 198/428/103
f 212/427/103 196/430/103 197/425/103
f 214/431/104 212/432/104 211/433/104
f 211/433/104 215/434/104 214/431/104
f 216/435/105 217/436/105 218/437/105
f 216/435/105 219/438/105 220/439/105
f 213/440/105 216/435/105 215/441/105
f 220/439/105 217/436/105 216/435/105
f 218/437/105 215/441/105 216/435/105
f 215/441/105 211/442/105 213/440/105
f 221/443/106 222/444/106 223/445/107
f 224/446/107 223/445/107 225/447/108
f 226/448/108 227/449/109 228/450/110
f 226/448/108 225/447/108 227/449/109
f 229/451/110 230/452/111 231/453/112
f 229/451/110 228/450/110 230/452/111
f 232/454/113 233/455/114 234/456/115
f 232/454/113 231/453/112 233/455/114
f 235/457/115 236/458/116 237/459/117
f 235/457/115 234/456/115 236/458/116
f 238/460/118 237/459/117 239/461/119
f 239/461/119 240/462/120 238/460/118
f 240/462/120 241/463/121 242/464/122
f 240/462/120 243/465/123 241/463/121
f 244/466/122 245/467/124 246/468/125
f 244/466/122 242/464/122 245/467/124
f 247/469/126 246/468/125 248/470/127
f 248/470/127 249/471/128 247/469/126
f 249/471/128 250/472/129 251/473/130
f 249/471/128 252/474/131 250/472/129
f 253/475/130 251/473/130 254/476/132
f 254/476/132 255/477/133 253/475/130
f 256/478/134 255/477/133 257/479/135
f 257/479/135 258/480/136 256/478/134
f 259/481/137 256/478/134 260/482/138
f 260/482/138 261/483/139 259/481/137
f 262/484/140 259/481/137 263/485/141
f 263/485/141 264/486/142 262/484/140
f 265/487/143 262/484/140 266/488/144
f 266/488/144 267/489/145 265/487/143
f 268/490/146 265/487/143 269/491/147
f 269/491/147 270/492/148 268/490/146
f 271/493/149 268/490/146 272/494/150
f 272/494/150 273/495/151 271/493/149
f 274/496/152 271/493/149 275/497/153
f 275/497/153 276/498/154 274/496/152
f 277/499/155 274/496/152 278/500/156
f 278/500/156 279/501/157 277/499/155
f 280/502/158 277/499/155 281/503/159
f 281/503/159 282/504/160 280/502/158
f 283/505/161 280/502/158 284/506/162
f 216/507/163 283/505/161 285/508/164
f 285/508/164 219/509/163 216/507/163
f 284/506/162 285/508/164 283/505/161
f 282/504/160 284/506/162 280/502/158
f 279/501/157 281/503/159 277/499/155
f 276/498/154 278/500/156 274/496/152
f 273/495/151 275/497/153 271/493/149
f 270/492/148 272/494/150 268/490/146
f 267/489/145 269/491/147 265/487/143
f 264/486/142 266/488/144 262/484/140
f 261/483/139 263/485/141 259/481/137
f 258/480/136 260/482/138 256/478/134
f 254/476/132 257/479/135 255/477/133
f 251/473/130 253/475/130 249/471/128
f 248/470/127 252/474/131 249/471/128
f 246/468/125 247/469/126 244/466/122
f 242/464/122 244/466/122 240/462/120
f 239/461/119 243/465/123 240/462/120
f 237/459/117 238/460/118 235/457/115
f 234/456/115 235/457/115 232/454/113
f 231/453/112 232/454/113 229/451/110
f 228/450/110 229/451/110 226/448/108
f 225/447/108 226/448/108 224/446/107
f 223/445/107 224/446/107 221/443/106
f 218/510/165 286/511/165 214/512/166
f 287/513/167 286/511/165 218/510/165
f 288/514/168 287/513/167 217/515/167
f 289/516/169 288/514/168 220/517/168
f 290/518/170 289/516/169 219/519/171
f 291/520/172 290/518/170 285/521/173
f 285/521/173 284/522/174 291/520/172
f 292/523/175 281/524/176 279/525/177
f 279/525/177 278/526/178 292/523/175
f 292/523/175 291/520/172 282/527/179
f 282/527/179 281/524/176 292/523/175
f 293/528/180 292/523/175 276/529/181
f 276/529/181 275/530/182 293/528/180
f 275/530/182 273/531/183 293/528/180
f 273/531/183 272/532/184 293/528/180
f 294/533/185 293/528/180 270/534/186
f 270/534/186 269/535/187 294/533/185
f 295/536/188 266/537/189 264/538/190
f 295/536/188 294/533/185 267/539/191
f 267/539/191 266/537/189 295/536/188
f 264/538/190 263/540/192 295/536/188
f 296/541/193 295/536/188 261/542/194
f 261/542/194 260/543/195 296/541/193
f 297/544/196 296/541/193 254/545/197
f 296/541/193 257/546/198 254/545/197
f 254/545/197 251/547/199 297/544/196
f 296/541/193 258/548/200 257/546/198
f 297/544/196 252/549/201 248/550/202
f 297/544/196 250/551/203 252/549/201
f 298/552/202 242/553/204 241/554/205
f 298/552/202 246/555/206 245/556/207
f 245/556/207 242/553/204 298/552/202
f 298/552/202 248/550/202 246/555/206
f 299/557/208 243/558/209 239/559/210
f 299/557/208 241/554/205 243/558/209
f 300/560/210 234/561/211 233/562/212
f 300/560/210 236/563/213 234/561/211
f 300/560/210 237/564/214 236/563/213
f 300/560/210 239/559/210 237/564/214
f 301/565/215 228/566/216 227/567/217
f 301/565/215 231/568/218 230/569/219
f 301/565/215 233/562/212 231/568/218
f 230/569/219 228/566/216 301/565/215
f 302/570/220 225/571/221 223/572/222
f 302/570/220 227/567/217 225/571/221
f 303/573/223 223/572/222 222/574/224
f 304/575/225 222/574/224 305/576/226
f 306/577/226 305/576/226 307/578/227
f 308/579/227 307/578/227 309/580/228
f 310/581/229 311/582/229 312/583/228
f 312/583/228 309/580/228 310/581/229
f 309/580/228 312/583/228 308/579/227
f 307/578/227 308/579/227 306/577/226
f 305/576/226 306/577/226 304/575/225
f 222/574/224 304/575/225 303/573/223
f 223/572/222 303/573/223 302/570/220
f 227/567/217 302/570/220 301/565/215
f 233/562/212 301/565/215 300/560/210
f 239/559/210 300/560/210 299/557/208
f 241/554/205 299/557/208 298/552/202
f 248/550/202 298/552/202 297/544/196
f 251/547/199 250/551/203 297/544/196
f 260/543/195 258/548/200 296/541/193
f 263/540/192 261/542/194 295/536/188
f 269/535/187 267/539/191 294/533/185
f 272/532/184 270/534/186 293/528/180
f 278/526/178 276/529/181 292/523/175
f 284/522/174 282/527/179 291/520/172
f 219/519/171 285/521/173 290/518/170
f 220/517/168 219/519/171 289/516/169
f 217/515/167 220/517/168 288/514/168
f 218/510/165 217/515/167 287/513/167
f 214/512/166 215/584/230 218/510/165
f 313/585/231 314/586/231 315/587/231
f 313/585/231 316/588/231 317/589/231
f 221/590/231 307/591/231 305/592/231
f 221/590/231 310/593/231 309/594/231
f 313/585/231 318/595/231 310/593/231
f 317/589/231 314/586/231 313/585/231
f 309/594/231 307/591/231 221/590/231
f 315/587/231 318/595/231 313/585/231
f 310/593/231 221/590/231 313/585/231
f 305/592/231 222/596/231 221/590/231
f 310/597/232 318/598/232 319/599/232
f 319/599/232 311/600/232 310/597/232
f 311/601/231 320/602/231 321/603/233
f 312/604/233 321/603/233 322/605/234
f 308/606/234 322/605/234 323/607/235
f 306/608/235 323/607/235 324/609/236
f 304/610/236 324/609/236 325/611/237
f 303/612/237 325/611/237 326/613/238
f 302/614/238 326/613/238 327/615/239
f 301/616/239 327/615/239 328/617/240
f 300/618/240 328/617/240 329/619/241
f 299/620/241 329/619/241 330/621/242
f 298/622/242 330/621/242 331/623/243
f 297/624/243 331/623/243 332/625/244
f 296/626/244 332/625/244 333/627/245
f 295/628/245 333/627/245 334/629/246
f 294/630/246 334/629/246 335/631/247
f 293/632/247 335/631/247 336/633/248
f 292/634/248 336/633/248 337/635/249
f 291/636/249 337/635/249 338/637/250
f 290/638/250 338/637/250 339/639/251
f 289/640/251 339/639/251 340/641/252
f 288/642/252 340/641/252 341/643/253
f 287/644/253 341/643/253 342/645/254
f 286/646/254 342/645/254 343/647/255
f 343/647/255 214/648/255 286/646/254
f 342/645/254 286/646/254 287/644/253
f 341/643/253 287/644/253 288/642/252
f 340/641/252 288/642/252 289/640/251
f 339/639/251 289/640/251 290/638/250
f 338/637/250 290/638/250 291/636/249
f 337/635/249 291/636/249 292/634/248
f 336/633/248 292/634/248 293/632/247
f 335/631/247 293/632/247 294/630/246
f 334/629/246 294/630/246 295/628/245
f 333/627/245 295/628/245 296/626/244
f 332/625/244 296/626/244 297/624/243
f 331/623/243 297/624/243 298/622/242
f 330/621/242 298/622/242 299/620/241
f 329/619/241 299/620/241 300/618/240
f 328/617/240 300/618/240 301/616/239
f 327/615/239 301/616/239 302/614/238
f 326/613/238 302/614/238 303/612/237
f 325/611/237 303/612/237 304/610/236
f 324/609/236 304/610/236 306/608/235
f 323/607/235 306/608/235 308/606/234
f 322/605/234 308/606/234 312/604/233
f 321/603/233 312/604/233 311/601/231
f 344/649/256 345/650/256 346/651/257
f 347/652/257 346/651/257 348/653/258
f 349/654/258 350/655/259 351/656/260
f 349/654/258 348/653/258 350/655/259
f 352/657/260 353/658/261 354/659/262
f 352/657/260 351/656/260 353/658/261
f 355/660/263 356/661/264 357/662/265
f 355/660/263 354/659/262 356/661/264
f 358/663/265 359/664/266 360/665/267
f 358/663/265 357/662/265 359/664/266
f 361/666/268 360/665/267 362/667/269
f 362/667/269 363/668/270 361/666/268
f 363/668/270 364/669/271 365/670/272
f 363/668/270 366/671/273 364/669/271
f 367/672/272 368/673/274 369/674/275
f 367/672/272 365/670/272 368/673/274
f 370/675/276 369/674/275 371/676/277
f 371/676/277 372/677/278 370/675/276
f 372/677/278 373/678/279 374/679/280
f 372/677/278 375/680/281 373/678/279
f 376/681/280 374/679/280 377/682/282
f 377/682/282 378/683/283 376/681/280
f 379/684/284 378/683/283 380/685/285
f 380/685/285 381/686/286 379/684/284
f 382/687/287 379/684/284 383/688/288
f 383/688/288 384/689/289 382/687/287
f 385/690/290 382/687/287 386/691/291
f 386/691/291 387/692/292 385/690/290
f 388/693/293 385/690/290 389/694/294
f 389/694/294 390/695/295 388/693/293
f 391/696/296 388/693/293 392/697/297
f 392/697/297 393/698/298 391/696/296
f 394/699/299 391/696/296 395/700/300
f 395/700/300 396/701/301 394/699/299
f 397/702/302 394/699/299 398/703/303
f 398/703/303 399/704/304 397/702/302
f 400/705/305 397/702/302 401/706/306
f 401/706/306 402/707/307 400/705/305
f 403/708/308 400/705/305 404/709/309
f 404/709/309 405/710/310 403/708/308
f 406/711/311 403/708/308 407/712/312
f 313/713/313 406/711/311 408/714/314
f 408/714/314 316/715/313 313/713/313
f 407/712/312 408/714/314 406/711/311
f 405/710/310 407/712/312 403/708/308
f 402/707/307 404/709/309 400/705/305
f 399/704/304 401/706/306 397/702/302
f 396/701/301 398/703/303 394/699/299
f 393/698/298 395/700/300 391/696/296
f 390/695/295 392/697/297 388/693/293
f 387/692/292 389/694/294 385/690/290
f 384/689/289 386/691/291 382/687/287
f 381/686/286 383/688/288 379/684/284
f 377/682/282 380/685/285 378/683/283
f 374/679/280 376/681/280 372/677/278
f 371/676/277 375/680/281 372/677/278
f 369/674/275 370/675/276 367/672/272
f 365/670/272 367/672/272 363/668/270
f 362/667/269 366/671/273 363/668/270
f 360/665/267 361/666/268 358/663/265
f 357/662/265 358/663/265 355/660/263
f 354/659/262 355/660/263 352/657/260
f 351/656/260 352/657/260 349/654/258
f 348/653/258 349/654/258 347/652/257
f 346/651/257 347/652/257 344/649/256
f 315/716/315 409/717/315 319/718/316
f 410/719/317 409/717/315 315/716/315
f 411/720/318 410/719/317 314/721/317
f 412/722/319 411/720/318 317/723/318
f 413/724/320 412/722/319 316/725/321
f 414/726/322 413/724/320 408/727/323
f 408/727/323 407/728/324 414/726/322
f 415/729/325 404/730/326 402/731/327
f 402/731/327 401/732/328 415/729/325
f 415/729/325 414/726/322 405/733/329
f 405/733/329 404/730/326 415/729/325
f 416/734/330 415/729/325 399/735/331
f 399/735/331 398/736/332 416/734/330
f 398/736/332 396/737/333 416/734/330
f 396/737/333 395/738/334 416/734/330
f 417/739/335 416/734/330 393/740/336
f 393/740/336 392/741/337 417/739/335
f 418/742/338 389/743/339 387/744/340
f 418/742/338 417/739/335 390/745/341
f 390/745/341 389/743/339 418/742/338
f 387/744/340 386/746/342 418/742/338
f 419/747/343 418/742/338 384/748/344
f 384/748/344 383/749/345 419/747/343
f 420/750/346 419/747/343 377/751/347
f 419/747/343 380/752/348 377/751/347
f 377/751/347 374/753/349 420/750/346
f 419/747/343 381/754/350 380/752/348
f 420/750/346 375/755/351 371/756/352
f 420/750/346 373/757/353 375/755/351
f 421/758/352 365/759/354 364/760/355
f 421/758/352 369/761/356 368/762/357
f 368/762/357 365/759/354 421/758/352
f 421/758/352 371/756/352 369/761/356
f 422/763/358 366/764/359 362/765/360
f 422/763/358 364/760/355 366/764/359
f 423/766/360 357/767/361 356/768/362
f 423/766/360 359/769/363 357/767/361
f 423/766/360 360/770/364 359/769/363
f 423/766/360 362/765/360 360/770/364
f 424/771/365 351/772/366 350/773/367
f 424/771/365 354/774/368 353/775/369
f 424/771/365 356/768/362 354/774/368
f 353/775/369 351/772/366 424/771/365
f 425/776/370 348/777/371 346/778/372
f 425/776/370 350/773/367 348/777/371
f 426/779/373 346/778/372 345/780/374
f 427/781/375 345/780/374 428/782/376
f 429/783/376 428/782/376 430/784/377
f 431/785/377 430/784/377 432/786/378
f 432/786/378 433/787/379 434/788/379
f 434/788/379 435/789/378 432/786/378
f 432/786/378 435/789/378 431/785/377
f 430/784/377 431/785/377 429/783/376
f 428/782/376 429/783/376 427/781/375
f 345/780/374 427/781/375 426/779/373
f 346/778/372 426/779/373 425/776/370
f 350/773/367 425/776/370 424/771/365
f 356/768/362 424/771/365 423/766/360
f 362/765/360 423/766/360 422/763/358
f 364/760/355 422/763/358 421/758/352
f 371/756/352 421/758/352 420/750/346
f 374/753/349 373/757/353 420/750/346
f 383/749/345 381/754/350 419/747/343
f 386/746/342 384/748/344 418/742/338
f 392/741/337 390/745/341 417/739/335
f 395/738/334 393/740/336 416/734/330
f 401/732/328 399/735/331 415/729/325
f 407/728/324 405/733/329 414/726/322
f 316/725/321 408/727/323 413/724/320
f 317/723/318 316/725/321 412/722/319
f 314/721/317 317/723/318 411/720/318
f 315/716/315 314/721/317 410/719/317
f 319/718/316 318/790/380 315/716/315
f 311/791/381 319/792/381 436/793/381
f 436/793/381 320/794/381 311/791/381
f 437/795/380 438/796/380 320/797/380
f 320/797/380 436/798/380 437/795/380
f 439/799/382 440/800/382 441/801/383
f 442/802/383 441/801/383 443/803/384
f 444/804/384 443/803/384 445/805/385
f 446/806/385 445/805/385 447/807/386
f 448/808/386 447/807/386 449/809/387
f 450/810/387 449/809/387 451/811/388
f 452/812/388 451/811/388 453/813/389
f 454/814/389 453/813/389 455/815/390
f 456/816/390 455/815/390 457/817/391
f 458/818/391 457/817/391 459/819/392
f 460/820/392 459/819/392 461/821/393
f 462/822/393 461/821/393 463/823/394
f 464/824/394 463/823/394 465/825/395
f 466/826/395 465/825/395 467/827/396
f 468/828/396 467/827/396 469/829/397
f 470/830/397 469/829/397 471/831/398
f 472/832/398 471/831/398 473/833/399
f 474/834/399 473/833/399 475/835/400
f 476/836/400 475/835/400 477/837/401
f 478/838/401 477/837/401 479/839/402
f 480/840/402 479/839/402 481/841/403
f 482/842/403 481/841/403 483/843/404
f 484/844/404 483/843/404 437/845/405
f 437/845/405 436/846/405 484/844/404
f 483/843/404 484/844/404 482/842/403
f 481/841/403 482/842/403 480/840/402
f 479/839/402 480/840/402 478/838/401
f 477/837/401 478/838/401 476/836/400
f 475/835/400 476/836/400 474/834/399
f 473/833/399 474/834/399 472/832/398
f 471/831/398 472/832/398 470/830/397
f 469/829/397 470/830/397 468/828/396
f 467/827/396 468/828/396 466/826/395
f 465/825/395 466/826/395 464/824/394
f 463/823/394 464/824/394 462/822/393
f 461/821/393 462/822/393 460/820/392
f 459/819/392 460/820/392 458/818/391
f 457/817/391 458/818/391 456/816/390
f 455/815/390 456/816/390 454/814/389
f 453/813/389 454/814/389 452/812/388
f 451/811/388 452/812/388 450/810/387
f 449/809/387 450/810/387 448/808/386
f 447/807/386 448/808/386 446/806/385
f 445/805/385 446/806/385 444/804/384
f 443/803/384 444/804/384 442/802/383
f 441/801/383 442/802/383 439/799/382
f 320/847/405 438/848/405 485/849/406
f 321/850/406 485/849/406 486/851/407
f 322/852/407 486/851/407 487/853/408
f 323/854/408 487/853/408 488/855/409
f 324/856/409 488/855/409 489/857/410
f 325/858/410 489/857/410 490/859/411
f 326/860/411 490/859/411 491/861/412
f 327/862/412 491/861/412 492/863/413
f 328/864/413 492/863/413 493/865/414
f 329/866/414 493/865/414 494/867/415
f 330/868/415 494/867/415 495/869/416
f 331/870/416 495/869/416 496/871/417
f 332/872/417 496/871/417 497/873/418
f 333/874/418 497/873/418 498/875/419
f 334/876/419 498/875/419 499/877/420
f 335/878/420 499/877/420 500/879/421
f 336/880/421 500/879/421 501/881/422
f 337/882/422 501/881/422 502/883/423
f 338/884/423 502/883/423 503/885/424
f 339/886/424 503/885/424 504/887/425
f 340/888/425 504/887/425 505/889/426
f 341/890/426 505/889/426 506/891/427
f 342/892/427 506/891/427 507/893/428
f 507/893/428 343/894/428 342/892/427
f 506/891/427 342/892/427 341/890/426
f 505/889/426 341/890/426 340/888/425
f 504/887/425 340/888/425 339/886/424
f 503/885/424 339/886/424 338/884/423
f 502/883/423 338/884/423 337/882/422
f 501/881/422 337/882/422 336/880/421
f 500/879/421 336/880/421 335/878/420
f 499/877/420 335/878/420 334/876/419
f 498/875/419 334/876/419 333/874/418
f 497/873/418 333/874/418 332/872/417
f 496/871/417 332/872/417 331/870/416
f 495/869/416 331/870/416 330/868/415
f 494/867/415 330/868/415 329/866/414
f 493/865/414 329/866/414 328/864/413
f 492/863/413 328/864/413 327/862/412
f 491/861/412 327/862/412 326/860/411
f 490/859/411 326/860/411 325/858/410
f 489/857/410 325/858/410 324/856/409
f 488/855/409 324/856/409 323/854/408
f 487/853/408 323/854/408 322/852/407
f 486/851/407 322/852/407 321/850/406
f 485/849/406 321/850/406 320/847/405
f 507/895/428 508/896/428 509/897/428
f 509/897/428 343/898/428 507/895/428
f 434/899/429 439/900/429 442/901/430
f 435/902/430 442/901/430 444/903/431
f 431/904/431 444/903/431 446/905/432
f 429/906/432 446/905/432 448/907/433
f 427/908/433 448/907/433 450/909/434
f 426/910/434 450/909/434 452/911/435
f 425/912/435 452/911/435 454/913/436
f 424/914/436 454/913/436 456/915/437
f 423/916/437 456/915/437 458/917/438
f 422/918/438 458/917/438 460/919/439
f 421/920/439 460/919/439 462/921/440
f 420/922/440 462/921/440 464/923/441
f 419/924/441 464/923/441 466/925/442
f 418/926/442 466/925/442 468/927/443
f 417/928/443 468/927/443 470/929/444
f 416/930/444 470/929/444 472/931/445
f 415/932/445 472/931/445 474/933/446
f 414/934/446 474/933/446 476/935/447
f 413/936/447 476/935/447 478/937/448
f 412/938/448 478/937/448 480/939/449
f 411/940/449 480/939/449 482/941/450
f 410/942/450 482/941/450 484/943/451
f 409/944/451 484/943/451 436/945/452
f 436/945/452 319/946/452 409/944/451
f 484/943/451 409/944/451 410/942/450
f 482/941/450 410/942/450 411/940/449
f 480/939/449 411/940/449 412/938/448
f 478/937/448 412/938/448 413/936/447
f 476/935/447 413/936/447 414/934/446
f 474/933/446 414/934/446 415/932/445
f 472/931/445 415/932/445 416/930/444
f 470/929/444 416/930/444 417/928/443
f 468/927/443 417/928/443 418/926/442
f 466/925/442 418/926/442 419/924/441
f 464/923/441 419/924/441 420/922/440
f 462/921/440 420/922/440 421/920/439
f 460/919/439 421/920/439 422/918/438
f 458/917/438 422/918/438 423/916/437
f 456/915/437 423/916/437 424/914/436
f 454/913/436 424/914/436 425/912/435
f 452/911/435 425/912/435 426/910/434
f 450/909/434 426/910/434 427/908/433
f 448/907/433 427/908/433 429/906/432
f 446/905/432 429/906/432 431/904/431
f 444/903/431 431/904/431 435/902/430
f 442/901/430 435/902/430 434/899/429
f 510/947/453 440/948/453 439/949/453
f 439/949/453 511/950/453 510/947/453
f 512/951/454 513/952/454 514/953/454
f 513/952/454 512/951/454 515/954/454
f 516/955/454 517/956/454 518/957/454
f 516/955/454 519/958/454 520/959/454
f 515/954/454 521/960/454 513/952/454
f 518/957/454 522/961/454 516/955/454
f 520/959/454 523/962/454 516/955/454
f 495/963/454 488/964/454 487/965/454
f 489/966/454 492/967/454 491/968/454
f 522/961/454 512/951/454 516/955/454
f 516/955/454 524/969/454 525/970/454
f 523/962/454 526/971/454 516/955/454
f 495/963/454 486/972/454 485/973/454
f 495/963/454 489/966/454 488/964/454
f 489/966/454 493/974/454 492/967/454
f 489/966/454 495/963/454 494/975/454
f 519/958/454 516/955/454 527/976/454
f 516/955/454 528/977/454 517/956/454
f 526/971/454 524/969/454 516/955/454
f 529/978/454 530/979/454 531/980/454
f 532/981/454 533/982/454 534/983/454
f 437/984/454 477/985/454 475/986/454
f 437/984/454 481/987/454 479/988/454
f 487/965/454 486/972/454 495/963/454
f 494/975/454 493/974/454 489/966/454
f 519/958/454 535/989/454 536/990/454
f 519/958/454 537/991/454 538/992/454
f 527/976/454 539/993/454 519/958/454
f 525/970/454 528/977/454 516/955/454
f 529/978/454 540/994/454 530/979/454
f 532/981/454 541/995/454 542/996/454
f 532/981/454 543/997/454 544/998/454
f 532/981/454 545/999/454 533/982/454
f 532/981/454 510/1000/454 546/1001/454
f 437/984/454 471/1002/454 469/1003/454
f 475/986/454 473/1004/454 437/984/454
f 437/984/454 483/1005/454 481/987/454
f 491/968/454 490/1006/454 489/966/454
f 438/1007/454 504/1008/454 503/1009/454
f 538/992/454 535/989/454 519/958/454
f 514/953/454 516/955/454 512/951/454
f 542/996/454 529/978/454 532/981/454
f 532/981/454 547/1010/454 548/1011/454
f 534/983/454 543/997/454 532/981/454
f 532/981/454 549/1012/454 550/1013/454
f 532/981/454 551/1014/454 552/1015/454
f 532/981/454 553/1016/454 554/1017/454
f 546/1001/454 555/1018/454 532/981/454
f 437/984/454 445/1019/454 443/1020/454
f 437/984/454 451/1021/454 449/1022/454
f 437/984/454 463/1023/454 461/1024/454
f 469/1003/454 467/1025/454 437/984/454
f 479/988/454 477/985/454 437/984/454
f 438/1007/454 496/1026/454 495/963/454
f 438/1007/454 498/1027/454 497/1028/454
f 438/1007/454 500/1029/454 499/1030/454
f 438/1007/454 502/1031/454 501/1032/454
f 438/1007/454 505/1033/454 504/1008/454
f 539/993/454 537/991/454 519/958/454
f 548/1011/454 541/995/454 532/981/454
f 550/1013/454 545/999/454 532/981/454
f 532/981/454 556/1034/454 551/1014/454
f 555/1018/454 553/1016/454 532/981/454
f 443/1020/454 441/1035/454 437/984/454
f 449/1022/454 447/1036/454 437/984/454
f 437/984/454 465/1037/454 463/1023/454
f 473/1004/454 471/1002/454 437/984/454
f 497/1028/454 496/1026/454 438/1007/454
f 501/1032/454 500/1029/454 438/1007/454
f 438/1007/454 506/1038/454 505/1033/454
f 536/990/454 557/1039/454 519/958/454
f 510/1000/454 532/981/454 519/958/454
f 544/998/454 547/1010/454 532/981/454
f 554/1017/454 556/1034/454 532/981/454
f 447/1036/454 445/1019/454 437/984/454
f 437/984/454 455/1040/454 453/1041/454
f 437/984/454 459/1042/454 457/1043/454
f 467/1025/454 465/1037/454 437/984/454
f 499/1030/454 498/1027/454 438/1007/454
f 438/1007/454 507/1044/454 506/1038/454
f 519/958/454 508/1045/454 510/1000/454
f 552/1015/454 549/1012/454 532/981/454
f 453/1041/454 451/1021/454 437/984/454
f 461/1024/454 459/1042/454 437/984/454
f 440/1046/454 507/1044/454 438/1007/454
f 503/1009/454 502/1031/454 438/1007/454
f 531/980/454 532/981/454 529/978/454
f 440/1046/454 510/1000/454 508/1045/454
f 457/1043/454 455/1040/454 437/984/454
f 485/973/454 438/1007/454 495/963/454
f 508/1045/454 507/1044/454 440/1046/454
f 438/1007/454 437/984/454 440/1046/454
f 441/1035/454 440/1046/454 437/984/454
f 557/1039/454 508/1045/454 519/958/454
f 558/1047/455 532/1048/455 531/1049/456
f 559/1050/456 531/1049/456 530/1051/457
f 560/1052/457 530/1051/457 540/1053/458
f 561/1054/458 540/1053/458 529/1055/459
f 562/1056/459 529/1055/459 542/1057/460
f 563/1058/460 542/1057/460 541/1059/461
f 564/1060/461 541/1059/461 548/1061/462
f 565/1062/462 548/1061/462 547/1063/463
f 566/1064/463 547/1063/463 544/1065/464
f 567/1066/464 544/1065/464 543/1067/465
f 568/1068/465 543/1067/465 534/1069/466
f 569/1070/466 534/1069/466 533/1071/467
f 570/1072/467 533/1071/467 545/1073/468
f 571/1074/468 545/1073/468 550/1075/469
f 572/1076/469 550/1075/469 549/1077/470
f 573/1078/470 549/1077/470 552/1079/471
f 574/1080/471 552/1079/471 551/1081/472
f 575/1082/472 551/1081/472 556/1083/473
f 576/1084/473 556/1083/473 554/1085/474
f 577/1086/474 554/1085/474 553/1087/475
f 578/1088/475 553/1087/475 555/1089/476
f 579/1090/476 555/1089/476 546/1091/477
f 580/1092/477 546/1091/477 510/1093/478
f 510/1093/478 511/1094/478 580/1092/477
f 546/1091/477 580/1092/477 579/1090/476
f 555/1089/476 579/1090/476 578/1088/475
f 553/1087/475 578/1088/475 577/1086/474
f 554/1085/474 577/1086/474 576/1084/473
f 556/1083/473 576/1084/473 575/1082/472
f 551/1081/472 575/1082/472 574/1080/471
f 552/1079/471 574/1080/471 573/1078/470
f 549/1077/470 573/1078/470 572/1076/469
f 550/1075/469 572/1076/469 571/1074/468
f 545/1073/468 571/1074/468 570/1072/467
f 533/1071/467 570/1072/467 569/1070/466
f 534/1069/466 569/1070/466 568/1068/465
f 543/1067/465 568/1068/465 567/1066/464
f 544/1065/464 567/1066/464 566/1064/463
f 547/1063/463 566/1064/463 565/1062/462
f 548/1061/462 565/1062/462 564/1060/461
f 541/1059/461 564/1060/461 563/1058/460
f 542/1057/460 563/1058/460 562/1056/459
f 529/1055/459 562/1056/459 561/1054/458
f 540/1053/458 561/1054/458 560/1052/457
f 530/1051/457 560/1052/457 559/1050/456
f 531/1049/456 559/1050/456 558/1047/455
f 434/1095/479 581/1096/479 511/1097/479
f 511/1097/479 439/1098/479 434/1095/479
f 558/1099/480 582/1100/480 519/1101/480
f 519/1101/480 532/1102/480 558/1099/480
f 509/1103/481 508/1104/481 557/1105/482
f 583/1106/482 557/1105/482 536/1107/483
f 584/1108/483 536/1107/483 535/1109/484
f 585/1110/484 535/1109/484 538/1111/485
f 586/1112/485 538/1111/485 537/1113/486
f 587/1114/486 537/1113/486 539/1115/487
f 588/1116/487 539/1115/487 527/1117/488
f 589/1118/488 527/1117/488 516/1119/489
f 590/1120/489 516/1119/489 514/1121/490
f 591/1122/490 514/1121/490 513/1123/491
f 592/1124/491 513/1123/491 521/1125/492
f 593/1126/492 521/1125/492 515/1127/493
f 594/1128/493 515/1127/493 512/1129/494
f 595/1130/494 512/1129/494 522/1131/495
f 596/1132/495 522/1131/495 518/1133/496
f 597/1134/496 518/1133/496 517/1135/497
f 598/1136/497 517/1135/497 528/1137/498
f 599/1138/498 528/1137/498 525/1139/499
f 600/1140/499 525/1139/499 524/1141/500
f 601/1142/500 524/1141/500 526/1143/501
f 602/1144/501 526/1143/501 523/1145/502
f 603/1146/502 523/1145/502 520/1147/503
f 604/1148/503 520/1147/503 519/1149/504
f 519/1149/504 582/1150/504 604/1148/503
f 520/1147/503 604/1148/503 603/1146/502
f 523/1145/502 603/1146/502 602/1144/501
f 526/1143/501 602/1144/501 601/1142/500
f 524/1141/500 601/1142/500 600/1140/499
f 525/1139/499 600/1140/499 599/1138/498
f 528/1137/498 599/1138/498 598/1136/497
f 517/1135/497 598/1136/497 597/1134/496
f 518/1133/496 597/1134/496 596/1132/495
f 522/1131/495 596/1132/495 595/1130/494
f 512/1129/494 595/1130/494 594/1128/493
f 515/1127/493 594/1128/493 593/1126/492
f 521/1125/492 593/1126/492 592/1124/491
f 513/1123/491 592/1124/491 591/1122/490
f 514/1121/490 591/1122/490 590/1120/489
f 516/1119/489 590/1120/489 589/1118/488
f 527/1117/488 589/1118/488 588/1116/487
f 539/1115/487 588/1116/487 587/1114/486
f 537/1113/486 587/1114/486 586/1112/485
f 538/1111/485 586/1112/485 585/1110/484
f 535/1109/484 585/1110/484 584/1108/483
f 536/1107/483 584/1108/483 583/1106/482
f 557/1105/482 583/1106/482 509/1103/481
f 433/1151/505 605/1152/505 581/1153/505
f 581/1153/505 434/1154/505 433/1151/505
f 511/1155/506 581/1156/506 606/1157/507
f 580/1158/507 606/1157/507 607/1159/508
f 579/1160/508 607/1159/508 608/1161/509
f 578/1162/509 608/1161/509 609/1163/510
f 577/1164/510 609/1163/510 610/1165/511
f 576/1166/511 610/1165/511 611/1167/512
f 575/1168/512 611/1167/512 612/1169/513
f 574/1170/513 612/1169/513 613/1171/514
f 573/1172/514 613/1171/514 614/1173/515
f 572/1174/515 614/1173/515 615/1175/516
f 571/1176/516 615/1175/516 616/1177/517
f 570/1178/517 616/1177/517 617/1179/518
f 569/1180/518 617/1179/518 618/1181/519
f 568/1182/519 618/1181/519 619/1183/520
f 567/1184/520 619/1183/520 620/1185/521
f 566/1186/521 620/1185/521 621/1187/522
f 565/1188/522 621/1187/522 622/1189/523
f 564/1190/523 622/1189/523 623/1191/524
f 563/1192/524 623/1191/524 624/1193/525
f 562/1194/525 624/1193/525 625/1195/526
f 561/1196/526 625/1195/526 626/1197/527
f 560/1198/527 626/1197/527 627/1199/528
f 559/1200/528 627/1199/528 628/1201/529
f 628/1201/529 558/1202/529 559/1200/528
f 627/1199/528 559/1200/528 560/1198/527
f 626/1197/527 560/1198/527 561/1196/526
f 625/1195/526 561/1196/526 562/1194/525
f 624/1193/525 562/1194/525 563/1192/524
f 623/1191/524 563/1192/524 564/1190/523
f 622/1189/523 564/1190/523 565/1188/522
f 621/1187/522 565/1188/522 566/1186/521
f 620/1185/521 566/1186/521 567/1184/520
f 619/1183/520 567/1184/520 568/1182/519
f 618/1181/519 568/1182/519 569/1180/518
f 617/1179/518 569/1180/518 570/1178/517
f 616/1177/517 570/1178/517 571/1176/516
f 615/1175/516 571/1176/516 572/1174/515
f 614/1173/515 572/1174/515 573/1172/514
f 613/1171/514 573/1172/514 574/1170/513
f 612/1169/513 574/1170/513 575/1168/512
f 611/1167/512 575/1168/512 576/1166/511
f 610/1165/511 576/1166/511 577/1164/510
f 609/1163/510 577/1164/510 578/1162/509
f 608/1161/509 578/1162/509 579/1160/508
f 607/1159/508 579/1160/508 580/1158/507
f 606/1157/507 580/1158/507 511/1155/506
f 582/1203/529 629/1204/529 630/1205/530
f 604/1206/530 630/1205/530 631/1207/531
f 603/1208/531 631/1207/531 632/1209/532
f 602/1210/532 632/1209/532 633/1211/533
f 601/1212/533 633/1211/533 634/1213/534
f 600/1214/534 634/1213/534 635/1215/535
f 599/1216/535 635/1215/535 636/1217/536
f 598/1218/536 636/1217/536 637/1219/537
f 597/1220/537 637/1219/537 638/1221/538
f 596/1222/538 638/1221/538 639/1223/539
f 595/1224/539 639/1223/539 640/1225/540
f 594/1226/540 640/1225/540 641/1227/541
f 593/1228/541 641/1227/541 642/1229/542
f 592/1230/542 642/1229/542 643/1231/543
f 591/1232/543 643/1231/543 644/1233/544
f 590/1234/544 644/1233/544 645/1235/545
f 589/1236/545 645/1235/545 646/1237/546
f 588/1238/546 646/1237/546 647/1239/547
f 587/1240/547 647/1239/547 648/1241/548
f 586/1242/548 648/1241/548 649/1243/549
f 585/1244/549 649/1243/549 650/1245/550
f 584/1246/550 650/1245/550 651/1247/551
f 583/1248/551 651/1247/551 652/1249/552
f 652/1249/552 509/1250/552 583/1248/551
f 651/1247/551 583/1248/551 584/1246/550
f 650/1245/550 584/1246/550 585/1244/549
f 649/1243/549 585/1244/549 586/1242/548
f 648/1241/548 586/1242/548 587/1240/547
f 647/1239/547 587/1240/547 588/1238/546
f 646/1237/546 588/1238/546 589/1236/545
f 645/1235/545 589/1236/545 590/1234/544
f 644/1233/544 590/1234/544 591/1232/543
f 643/1231/543 591/1232/543 592/1230/542
f 642/1229/542 592/1230/542 593/1228/541
f 641/1227/541 593/1228/541 594/1226/540
f 640/1225/540 594/1226/540 595/1224/539
f 639/1223/539 595/1224/539 596/1222/538
f 638/1221/538 596/1222/538 597/1220/537
f 637/1219/537 597/1220/537 598/1218/536
f 636/1217/536 598/1218/536 599/1216/535
f 635/1215/535 599/1216/535 600/1214/534
f 634/1213/534 600/1214/534 601/1212/533
f 633/1211/533 601/1212/533 602/1210/532
f 632/1209/532 602/1210/532 603/1208/531
f 631/1207/531 603/1208/531 604/1206/530
f 630/1205/530 604/1206/530 582/1203/529
f 628/1251/553 629/1252/553 582/1253/553
f 582/1253/553 558/1254/553 628/1251/553
f 628/1255/554 653/1256/554 654/1257/554
f 654/1257/554 629/1258/554 628/1255/554
f 655/1259/555 606/1260/555 581/1261/556
f 607/1262/557 606/1260/555 655/1259/555
f 608/1263/558 607/1262/557 656/1264/557
f 609/1265/559 608/1263/558 657/1266/558
f 610/1267/560 609/1265/559 658/1268/561
f 611/1269/562 610/1267/560 659/1270/563
f 659/1270/563 660/1271/564 611/1269/562
f 612/1272/565 661/1273/566 662/1274/567
f 662/1274/567 663/1275/568 612/1272/565
f 612/1272/565 611/1269/562 664/1276/569
f 664/1276/569 661/1273/566 612/1272/565
f 613/1277/570 612/1272/565 665/1278/571
f 665/1278/571 666/1279/572 613/1277/570
f 666/1279/572 667/1280/573 613/1277/570
f 667/1280/573 668/1281/574 613/1277/570
f 614/1282/575 613/1277/570 669/1283/576
f 669/1283/576 670/1284/577 614/1282/575
f 615/1285/578 671/1286/579 672/1287/580
f 615/1285/578 614/1282/575 673/1288/581
f 673/1288/581 671/1286/579 615/1285/578
f 672/1287/580 674/1289/582 615/1285/578
f 616/1290/583 615/1285/578 675/1291/584
f 675/1291/584 676/1292/585 616/1290/583
f 617/1293/586 616/1290/583 677/1294/587
f 616/1290/583 678/1295/588 677/1294/587
f 677/1294/587 679/1296/589 617/1293/586
f 616/1290/583 680/1297/590 678/1295/588
f 617/1293/586 681/1298/591 682/1299/592
f 617/1293/586 683/1300/593 681/1298/591
f 618/1301/592 684/1302/594 685/1303/595
f 618/1301/592 686/1304/596 687/1305/597
f 687/1305/597 684/1302/594 618/1301/592
f 618/1301/592 682/1299/592 686/1304/596
f 619/1306/598 688/1307/599 689/1308/600
f 619/1306/598 685/1303/595 688/1307/599
f 620/1309/600 690/1310/601 691/1311/602
f 620/1309/600 692/1312/603 690/1310/601
f 620/1309/600 693/1313/604 692/1312/603
f 620/1309/600 689/1308/600 693/1313/604
f 621/1314/605 694/1315/606 695/1316/607
f 621/1314/605 696/1317/608 697/1318/609
f 621/1314/605 691/1311/602 696/1317/608
f 697/1318/609 694/1315/606 621/1314/605
f 622/1319/610 698/1320/611 699/1321/612
f 622/1319/610 695/1316/607 698/1320/611
f 623/1322/613 699/1321/612 700/1323/614
f 624/1324/615 700/1323/614 701/1325/616
f 625/1326/616 701/1325/616 702/1327/617
f 626/1328/617 702/1327/617 703/1329/618
f 703/1329/618 653/1330/619 628/1331/619
f 628/1331/619 627/1332/618 703/1329/618
f 703/1329/618 627/1332/618 626/1328/617
f 702/1327/617 626/1328/617 625/1326/616
f 701/1325/616 625/1326/616 624/1324/615
f 700/1323/614 624/1324/615 623/1322/613
f 699/1321/612 623/1322/613 622/1319/610
f 695/1316/607 622/1319/610 621/1314/605
f 691/1311/602 621/1314/605 620/1309/600
f 689/1308/600 620/1309/600 619/1306/598
f 685/1303/595 619/1306/598 618/1301/592
f 682/1299/592 618/1301/592 617/1293/586
f 679/1296/589 683/1300/593 617/1293/586
f 676/1292/585 680/1297/590 616/1290/583
f 674/1289/582 675/1291/584 615/1285/578
f 670/1284/577 673/1288/581 614/1282/575
f 668/1281/574 669/1283/576 613/1277/570
f 663/1275/568 665/1278/571 612/1272/565
f 660/1271/564 664/1276/569 611/1269/562
f 658/1268/561 659/1270/563 610/1267/560
f 657/1266/558 658/1268/561 609/1265/559
f 656/1264/557 657/1266/558 608/1263/558
f 655/1259/555 656/1264/557 607/1262/557
f 581/1261/556 605/1333/620 655/1259/555
f 704/1334/621 700/1335/621 699/1336/622
f 705/1337/622 699/1336/622 698/1338/623
f 706/1339/623 695/1340/624 694/1341/625
f 706/1339/623 698/1338/623 695/1340/624
f 707/1342/625 697/1343/626 696/1344/627
f 707/1342/625 694/1341/625 697/1343/626
f 708/1345/628 691/1346/629 690/1347/630
f 708/1345/628 696/1344/627 691/1346/629
f 709/1348/630 692/1349/631 693/1350/632
f 709/1348/630 690/1347/630 692/1349/631
f 710/1351/633 693/1350/632 689/1352/634
f 689/1352/634 711/1353/635 710/1351/633
f 711/1353/635 685/1354/636 684/1355/637
f 711/1353/635 688/1356/638 685/1354/636
f 712/1357/637 687/1358/639 686/1359/640
f 712/1357/637 684/1355/637 687/1358/639
f 713/1360/641 686/1359/640 682/1361/642
f 682/1361/642 714/1362/643 713/1360/641
f 714/1362/643 683/1363/644 679/1364/645
f 714/1362/643 681/1365/646 683/1363/644
f 715/1366/645 679/1364/645 677/1367/647
f 677/1367/647 716/1368/648 715/1366/645
f 717/1369/649 716/1368/648 678/1370/650
f 678/1370/650 680/1371/651 717/1369/649
f 718/1372/652 717/1369/649 676/1373/653
f 676/1373/653 675/1374/654 718/1372/652
f 719/1375/655 718/1372/652 674/1376/656
f 674/1376/656 672/1377/657 719/1375/655
f 720/1378/658 719/1375/655 671/1379/659
f 671/1379/659 673/1380/660 720/1378/658
f 721/1381/661 720/1378/658 670/1382/662
f 670/1382/662 669/1383/663 721/1381/661
f 722/1384/664 721/1381/661 668/1385/665
f 668/1385/665 667/1386/666 722/1384/664
f 723/1387/667 722/1384/664 666/1388/668
f 666/1388/668 665/1389/669 723/1387/667
f 724/1390/670 723/1387/667 663/1391/671
f 663/1391/671 662/1392/672 724/1390/670
f 725/1393/673 724/1390/670 661/1394/674
f 661/1394/674 664/1395/675 725/1393/673
f 726/1396/676 725/1393/673 660/1397/677
f 727/1398/678 726/1396/676 659/1399/679
f 659/1399/679 658/1400/678 727/1398/678
f 660/1397/677 659/1399/679 726/1396/676
f 664/1395/675 660/1397/677 725/1393/673
f 662/1392/672 661/1394/674 724/1390/670
f 665/1389/669 663/1391/671 723/1387/667
f 667/1386/666 666/1388/668 722/1384/664
f 669/1383/663 668/1385/665 721/1381/661
f 673/1380/660 670/1382/662 720/1378/658
f 672/1377/657 671/1379/659 719/1375/655
f 675/1374/654 674/1376/656 718/1372/652
f 680/1371/651 676/1373/653 717/1369/649
f 677/1367/647 678/1370/650 716/1368/648
f 679/1364/645 715/1366/645 714/1362/643
f 682/1361/642 681/1365/646 714/1362/643
f 686/1359/640 713/1360/641 712/1357/637
f 684/1355/637 712/1357/637 711/1353/635
f 689/1352/634 688/1356/638 711/1353/635
f 693/1350/632 710/1351/633 709/1348/630
f 690/1347/630 709/1348/630 708/1345/628
f 696/1344/627 708/1345/628 707/1342/625
f 694/1341/625 707/1342/625 706/1339/623
f 698/1338/623 706/1339/623 705/1337/622
f 699/1336/622 705/1337/622 704/1334/621
f 728/1401/680 729/1402/680 730/1403/680
f 728/1401/680 731/1404/680 732/1405/680
f 704/1406/680 702/1407/680 701/1408/680
f 704/1406/680 653/1409/680 703/1410/680
f 704/1406/680 728/1401/680 654/1411/680
f 732/1405/680 729/1402/680 728/1401/680
f 703/1410/680 702/1407/680 704/1406/680
f 730/1403/680 654/1411/680 728/1401/680
f 654/1411/680 653/1409/680 704/1406/680
f 701/1408/680 700/1412/680 704/1406/680
f 733/1413/681 734/1414/681 735/1415/682
f 736/1416/682 735/1415/682 737/1417/683
f 738/1418/683 739/1419/684 740/1420/685
f 738/1418/683 737/1417/683 739/1419/684
f 741/1421/685 742/1422/686 743/1423/687
f 741/1421/685 740/1420/685 742/1422/686
f 744/1424/688 745/1425/689 746/1426/690
f 744/1424/688 743/1423/687 745/1425/689
f 747/1427/690 748/1428/691 749/1429/692
f 747/1427/690 746/1426/690 748/1428/691
f 750/1430/693 749/1429/692 751/1431/694
f 751/1431/694 752/1432/695 750/1430/693
f 752/1432/695 753/1433/696 754/1434/697
f 752/1432/695 755/1435/698 753/1433/696
f 756/1436/697 757/1437/699 758/1438/700
f 756/1436/697 754/1434/697 757/1437/699
f 759/1439/701 758/1438/700 760/1440/702
f 760/1440/702 761/1441/703 759/1439/701
f 761/1441/703 762/1442/704 763/1443/705
f 761/1441/703 764/1444/706 762/1442/704
f 765/1445/705 763/1443/705 766/1446/707
f 766/1446/707 767/1447/708 765/1445/705
f 768/1448/709 767/1447/708 769/1449/710
f 769/1449/710 770/1450/711 768/1448/709
f 771/1451/712 768/1448/709 772/1452/713
f 772/1452/713 773/1453/714 771/1451/712
f 774/1454/715 771/1451/712 775/1455/716
f 775/1455/716 776/1456/717 774/1454/715
f 777/1457/718 774/1454/715 778/1458/719
f 778/1458/719 779/1459/720 777/1457/718
f 780/1460/721 777/1457/718 781/1461/722
f 781/1461/722 782/1462/723 780/1460/721
f 783/1463/724 780/1460/721 784/1464/725
f 784/1464/725 785/1465/726 783/1463/724
f 786/1466/727 783/1463/724 787/1467/728
f 787/1467/728 788/1468/729 786/1466/727
f 789/1469/730 786/1466/727 790/1470/731
f 790/1470/731 791/1471/732 789/1469/730
f 792/1472/733 789/1469/730 793/1473/734
f 793/1473/734 794/1474/735 792/1472/733
f 795/1475/736 792/1472/733 796/1476/737
f 728/1477/738 795/1475/736 797/1478/739
f 797/1478/739 731/1479/738 728/1477/738
f 796/1476/737 797/1478/739 795/1475/736
f 794/1474/735 796/1476/737 792/1472/733
f 791/1471/732 793/1473/734 789/1469/730
f 788/1468/729 790/1470/731 786/1466/727
f 785/1465/726 787/1467/728 783/1463/724
f 782/1462/723 784/1464/725 780/1460/721
f 779/1459/720 781/1461/722 777/1457/718
f 776/1456/717 778/1458/719 774/1454/715
f 773/1453/714 775/1455/716 771/1451/712
f 770/1450/711 772/1452/713 768/1448/709
f 766/1446/707 769/1449/710 767/1447/708
f 763/1443/705 765/1445/705 761/1441/703
f 760/1440/702 764/1444/706 761/1441/703
f 758/1438/700 759/1439/701 756/1436/697
f 754/1434/697 756/1436/697 752/1432/695
f 751/1431/694 755/1435/698 752/1432/695
f 749/1429/692 750/1430/693 747/1427/690
f 746/1426/690 747/1427/690 744/1424/688
f 743/1423/687 744/1424/688 741/1421/685
f 740/1420/685 741/1421/685 738/1418/683
f 737/1417/683 738/1418/683 736/1416/682
f 735/1415/682 736/1416/682 733/1413/681
f 654/1480/740 730/1481/741 630/1482/741
f 631/1483/742 630/1482/741 730/1481/741
f 632/1484/743 631/1483/742 729/1485/742
f 633/1486/744 632/1484/743 732/1487/743
f 634/1488/745 633/1486/744 731/1489/746
f 635/1490/747 634/1488/745 797/1491/748
f 797/1491/748 796/1492/749 635/1490/747
f 636/1493/750 793/1494/751 791/1495/752
f 791/1495/752 790/1496/753 636/1493/750
f 636/1493/750 635/1490/747 794/1497/754
f 794/1497/754 793/1494/751 636/1493/750
f 637/1498/755 636/1493/750 788/1499/756
f 788/1499/756 787/1500/757 637/1498/755
f 787/1500/757 785/1501/758 637/1498/755
f 785/1501/758 784/1502/759 637/1498/755
f 638/1503/760 637/1498/755 782/1504/761
f 782/1504/761 781/1505/762 638/1503/760
f 639/1506/763 778/1507/764 776/1508/765
f 639/1506/763 638/1503/760 779/1509/766
f 779/1509/766 778/1507/764 639/1506/763
f 776/1508/765 775/1510/767 639/1506/763
f 640/1511/768 639/1506/763 773/1512/769
f 773/1512/769 772/1513/770 640/1511/768
f 641/1514/771 640/1511/768 766/1515/772
f 640/1511/768 769/1516/773 766/1515/772
f 766/1515/772 763/1517/774 641/1514/771
f 640/1511/768 770/1518/775 769/1516/773
f 641/1514/771 764/1519/776 760/1520/777
f 641/1514/771 762/1521/778 764/1519/776
f 642/1522/777 754/1523/779 753/1524/780
f 642/1522/777 758/1525/781 757/1526/782
f 757/1526/782 754/1523/779 642/1522/777
f 642/1522/777 760/1520/777 758/1525/781
f 643/1527/783 755/1528/784 751/1529/785
f 643/1527/783 753/1524/780 755/1528/784
f 644/1530/785 746/1531/786 745/1532/787
f 644/1530/785 748/1533/788 746/1531/786
f 644/1530/785 749/1534/789 748/1533/788
f 644/1530/785 751/1529/785 749/1534/789
f 645/1535/790 740/1536/791 739/1537/792
f 645/1535/790 743/1538/793 742/1539/794
f 645/1535/790 745/1532/787 743/1538/793
f 742/1539/794 740/1536/791 645/1535/790
f 646/1540/795 737/1541/796 735/1542/797
f 646/1540/795 739/1537/792 737/1541/796
f 647/1543/798 735/1542/797 734/1544/799
f 648/1545/800 734/1544/799 798/1546/801
f 649/1547/801 798/1546/801 799/1548/802
f 650/1549/802 799/1548/802 800/1550/803
f 800/1550/803 801/1551/804 652/1552/804
f 652/1552/804 651/1553/803 800/1550/803
f 800/1550/803 651/1553/803 650/1549/802
f 799/1548/802 650/1549/802 649/1547/801
f 798/1546/801 649/1547/801 648/1545/800
f 734/1544/799 648/1545/800 647/1543/798
f 735/1542/797 647/1543/798 646/1540/795
f 739/1537/792 646/1540/795 645/1535/790
f 745/1532/787 645/1535/790 644/1530/785
f 751/1529/785 644/1530/785 643/1527/783
f 753/1524/780 643/1527/783 642/1522/777
f 760/1520/777 642/1522/777 641/1514/771
f 763/1517/774 762/1521/778 641/1514/771
f 772/1513/770 770/1518/775 640/1511/768
f 775/1510/767 773/1512/769 639/1506/763
f 781/1505/762 779/1509/766 638/1503/760
f 784/1502/759 782/1504/761 637/1498/755
f 790/1496/753 788/1499/756 636/1493/750
f 796/1492/749 794/1497/754 635/1490/747
f 731/1489/746 797/1491/748 634/1488/745
f 732/1487/743 731/1489/746 633/1486/744
f 729/1485/742 732/1487/743 632/1484/743
f 730/1481/741 729/1485/742 631/1483/742
f 630/1482/741 629/1554/805 654/1480/740
f 733/1555/806 799/1556/806 798/1557/806
f 733/1555/806 801/1558/806 800/1559/806
f 800/1559/806 799/1556/806 733/1555/806
f 802/1560/806 803/1561/806 801/1558/806
f 801/1558/806 733/1555/806 802/1560/806
f 798/1557/806 734/1562/806 733/1555/806
f 801/1563/807 803/1564/807 804/1565/807
f 804/1565/807 652/1566/807 801/1563/807
f 805/1567/808 806/1568/808 803/1569/808
f 806/1568/808 807/1570/808 804/1571/808
f 804/1571/808 803/1569/808 806/1568/808
f 803/1569/808 802/1572/808 805/1567/808
f 808/1573/807 807/1574/807 806/1575/807
f 806/1575/807 809/1576/807 808/1573/807
f 805/1577/809 810/1578/809 809/1579/809
f 809/1579/809 806/1580/809 805/1577/809
f 214/1581/809 343/1582/809 196/1583/809
f 343/1582/809 181/1584/809 193/1585/809
f 193/1585/809 196/1583/809 343/1582/809
f 187/1586/809 193/1585/809 181/1584/809
f 181/1584/809 184/1587/809 187/1586/809
f 343/1582/809 207/1588/809 190/1589/809
f 190/1589/809 181/1584/809 343/1582/809
f 200/1590/809 190/1589/809 207/1588/809
f 207/1588/809 202/1591/809 200/1590/809
f 343/1582/809 808/1592/809 208/1593/809
f 208/1593/809 207/1588/809 343/1582/809
f 811/1594/809 208/1593/809 808/1592/809
f 808/1592/809 812/1595/809 811/1594/809
f 509/1596/809 807/1597/809 808/1592/809
f 808/1592/809 343/1582/809 509/1596/809
f 652/1598/809 804/1599/809 807/1597/809
f 807/1597/809 509/1596/809 652/1598/809
f 196/1583/809 212/1600/809 214/1581/809
f 811/1601/810 812/1602/810 813/1603/810
f 813/1603/810 814/1604/810 811/1601/810
f 815/1605/809 814/1606/809 813/1607/809
f 813/1607/809 816/1608/809 815/1605/809
f 208/1609/811 817/1610/811 818/1611/811
f 208/1609/811 819/1612/811 820/1613/811
f 820/1613/811 817/1610/811 208/1609/811
f 818/1611/811 821/1614/811 208/1609/811
f 208/1609/811 822/1615/811 823/1616/811
f 208/1609/811 824/1617/811 819/1612/811
f 821/1614/811 822/1615/811 208/1609/811
f 814/1618/811 825/1619/811 826/1620/811
f 814/1618/811 827/1621/811 828/1622/811
f 209/1623/811 829/1624/811 830/1625/811
f 209/1623/811 823/1616/811 831/1626/811
f 208/1609/811 832/1627/811 824/1617/811
f 828/1622/811 825/1619/811 814/1618/811
f 209/1623/811 833/1628/811 829/1624/811
f 823/1616/811 209/1623/811 208/1609/811
f 208/1609/811 834/1629/811 835/1630/811
f 826/1620/811 836/1631/811 814/1618/811
f 830/1625/811 837/1632/811 209/1623/811
f 835/1630/811 832/1627/811 208/1609/811
f 208/1609/811 838/1633/811 839/1634/811
f 814/1618/811 840/1635/811 827/1621/811
f 831/1626/811 833/1628/811 209/1623/811
f 839/1634/811 841/1636/811 208/1609/811
f 208/1609/811 842/1637/811 843/1638/811
f 836/1631/811 844/1639/811 814/1618/811
f 210/1640/811 209/1623/811 845/1641/811
f 209/1623/811 846/1642/811 847/1643/811
f 841/1636/811 834/1629/811 208/1609/811
f 208/1609/811 848/1644/811 849/1645/811
f 208/1609/811 850/1646/811 851/1647/811
f 208/1609/811 852/1648/811 842/1637/811
f 814/1618/811 853/1649/811 854/1650/811
f 814/1618/811 855/1651/811 856/1652/811
f 814/1618/811 857/1653/811 840/1635/811
f 814/1618/811 858/1654/811 859/1655/811
f 210/1640/811 860/1656/811 861/1657/811
f 209/1623/811 862/1658/811 845/1641/811
f 847/1643/811 863/1659/811 209/1623/811
f 849/1645/811 838/1633/811 208/1609/811
f 843/1638/811 850/1646/811 208/1609/811
f 208/1609/811 864/1660/811 865/1661/811
f 814/1618/811 866/1662/811 853/1649/811
f 844/1639/811 855/1651/811 814/1618/811
f 859/1655/811 867/1663/811 814/1618/811
f 210/1640/811 868/1664/811 869/1665/811
f 861/1657/811 870/1666/811 210/1640/811
f 863/1659/811 862/1658/811 209/1623/811
f 209/1623/811 871/1667/811 872/1668/811
f 209/1623/811 873/1669/811 874/1670/811
f 209/1623/811 875/1671/811 876/1672/811
f 209/1623/811 877/1673/811 878/1674/811
f 851/1647/811 848/1644/811 208/1609/811
f 865/1661/811 879/1675/811 208/1609/811
f 811/1676/811 880/1677/811 864/1660/811
f 811/1676/811 814/1618/811 881/1678/811
f 854/1650/811 882/1679/811 814/1618/811
f 867/1663/811 857/1653/811 814/1618/811
f 870/1666/811 868/1664/811 210/1640/811
f 872/1668/811 846/1642/811 209/1623/811
f 209/1623/811 883/1680/811 873/1669/811
f 209/1623/811 884/1681/811 885/1682/811
f 878/1674/811 875/1671/811 209/1623/811
f 879/1675/811 852/1648/811 208/1609/811
f 811/1676/811 886/1683/811 880/1677/811
f 811/1676/811 887/1684/811 888/1685/811
f 811/1676/811 889/1686/811 890/1687/811
f 811/1676/811 891/1688/811 892/1689/811
f 881/1678/811 893/1690/811 811/1676/811
f 856/1652/811 866/1662/811 814/1618/811
f 814/1618/811 894/1691/811 895/1692/811
f 210/1640/811 896/1693/811 814/1618/811
f 845/1641/811 860/1656/811 210/1640/811
f 885/1682/811 883/1680/811 209/1623/811
f 837/1632/811 877/1673/811 209/1623/811
f 888/1685/811 886/1683/811 811/1676/811
f 811/1676/811 897/1694/811 898/1695/811
f 811/1676/811 899/1696/811 889/1686/811
f 811/1676/811 900/1697/811 901/1698/811
f 893/1690/811 891/1688/811 811/1676/811
f 895/1692/811 858/1654/811 814/1618/811
f 814/1618/811 896/1693/811 902/1699/811
f 210/1640/811 903/1700/811 896/1693/811
f 874/1670/811 871/1667/811 209/1623/811
f 864/1660/811 208/1609/811 811/1676/811
f 898/1695/811 904/1701/811 811/1676/811
f 901/1698/811 899/1696/811 811/1676/811
f 882/1679/811 881/1678/811 814/1618/811
f 902/1699/811 905/1702/811 814/1618/811
f 210/1640/811 906/1703/811 903/1700/811
f 876/1672/811 884/1681/811 209/1623/811
f 890/1687/811 897/1694/811 811/1676/811
f 905/1702/811 894/1691/811 814/1618/811
f 869/1665/811 906/1703/811 210/1640/811
f 892/1689/811 900/1697/811 811/1676/811
f 904/1701/811 887/1684/811 811/1676/811
f 814/1618/811 815/1704/811 210/1640/811
f 808/1705/812 907/1706/812 908/1707/812
f 808/1705/812 909/1708/812 910/1709/812
f 910/1709/812 907/1706/812 808/1705/812
f 908/1707/812 911/1710/812 808/1705/812
f 808/1705/812 912/1711/812 909/1708/812
f 813/1712/812 913/1713/812 914/1714/812
f 813/1712/812 915/1715/812 916/1716/812
f 911/1710/812 917/1717/812 808/1705/812
f 808/1705/812 809/1718/812 918/1719/812
f 916/1716/812 913/1713/812 813/1712/812
f 808/1705/812 919/1720/812 920/1721/812
f 918/1719/812 912/1711/812 808/1705/812
f 914/1714/812 921/1722/812 813/1712/812
f 808/1705/812 922/1723/812 923/1724/812
f 917/1717/812 919/1720/812 808/1705/812
f 809/1718/812 924/1725/812 925/1726/812
f 809/1718/812 926/1727/812 927/1728/812
f 813/1712/812 928/1729/812 915/1715/812
f 808/1705/812 929/1730/812 922/1723/812
f 925/1726/812 918/1719/812 809/1718/812
f 927/1728/812 930/1731/812 809/1718/812
f 813/1712/812 931/1732/812 932/1733/812
f 921/1722/812 933/1734/812 813/1712/812
f 808/1705/812 934/1735/812 935/1736/812
f 920/1721/812 929/1730/812 808/1705/812
f 809/1718/812 936/1737/812 926/1727/812
f 813/1712/812 937/1738/812 931/1732/812
f 813/1712/812 938/1739/812 928/1729/812
f 813/1712/812 939/1740/812 940/1741/812
f 812/1742/812 941/1743/812 942/1744/812
f 935/1736/812 943/1745/812 808/1705/812
f 808/1705/812 944/1746/812 945/1747/812
f 808/1705/812 946/1748/812 947/1749/812
f 930/1731/812 924/1725/812 809/1718/812
f 933/1734/812 937/1738/812 813/1712/812
f 813/1712/812 948/1750/812 949/1751/812
f 940/1741/812 950/1752/812 813/1712/812
f 812/1742/812 951/1753/812 952/1754/812
f 812/1742/812 953/1755/812 954/1756/812
f 812/1742/812 955/1757/812 941/1743/812
f 812/1742/812 808/1705/812 956/1758/812
f 808/1705/812 957/1759/812 958/1760/812
f 945/1747/812 934/1735/812 808/1705/812
f 923/1724/812 946/1748/812 808/1705/812
f 813/1712/812 959/1761/812 960/1762/812
f 949/1751/812 938/1739/812 813/1712/812
f 813/1712/812 961/1763/812 939/1740/812
f 812/1742/812 962/1764/812 963/1765/812
f 952/1754/812 964/1766/812 812/1742/812
f 942/1744/812 953/1755/812 812/1742/812
f 956/1758/812 965/1767/812 812/1742/812
f 808/1705/812 966/1768/812 957/1759/812
f 947/1749/812 944/1746/812 808/1705/812
f 809/1718/812 967/1769/812 968/1770/812
f 809/1718/812 969/1771/812 970/1772/812
f 809/1718/812 971/1773/812 972/1774/812
f 960/1762/812 973/1775/812 813/1712/812
f 950/1752/812 948/1750/812 813/1712/812
f 812/1742/812 974/1776/812 961/1763/812
f 964/1766/812 962/1764/812 812/1742/812
f 965/1767/812 955/1757/812 812/1742/812
f 943/1745/812 966/1768/812 808/1705/812
f 970/1772/812 967/1769/812 809/1718/812
f 809/1718/812 975/1777/812 976/1778/812
f 972/1774/812 977/1779/812 809/1718/812
f 809/1718/812 978/1780/812 979/1781/812
f 809/1718/812 980/1782/812 981/1783/812
f 810/1784/812 982/1785/812 983/1786/812
f 810/1784/812 984/1787/812 985/1788/812
f 813/1712/812 986/1789/812 987/1790/812
f 932/1733/812 959/1761/812 813/1712/812
f 812/1742/812 988/1791/812 974/1776/812
f 812/1742/812 989/1792/812 990/1793/812
f 954/1756/812 951/1753/812 812/1742/812
f 968/1770/812 936/1737/812 809/1718/812
f 977/1779/812 975/1777/812 809/1718/812
f 981/1783/812 978/1780/812 809/1718/812
f 983/1786/812 809/1718/812 810/1784/812
f 985/1788/812 991/1794/812 810/1784/812
f 810/1784/812 992/1795/812 993/1796/812
f 810/1784/812 816/1797/812 813/1712/812
f 973/1775/812 986/1789/812 813/1712/812
f 990/1793/812 988/1791/812 812/1742/812
f 958/1760/812 956/1758/812 808/1705/812
f 979/1781/812 971/1773/812 809/1718/812
f 983/1786/812 994/1798/812 809/1718/812
f 993/1796/812 984/1787/812 810/1784/812
f 813/1712/812 995/1799/812 810/1784/812
f 961/1763/812 813/1712/812 812/1742/812
f 976/1778/812 969/1771/812 809/1718/812
f 991/1794/812 982/1785/812 810/1784/812
f 995/1799/812 996/1800/812 810/1784/812
f 963/1765/812 989/1792/812 812/1742/812
f 996/1800/812 992/1795/812 810/1784/812
f 994/1798/812 980/1782/812 809/1718/812
f 987/1790/812 995/1799/812 813/1712/812
f 817/1801/813 907/1802/813 910/1803/814
f 818/1804/814 910/1803/814 909/1805/815
f 821/1806/815 909/1805/815 912/1807/816
f 822/1808/816 912/1807/816 918/1809/817
f 823/1810/817 918/1809/817 925/1811/818
f 831/1812/818 925/1811/818 924/1813/819
f 833/1814/819 924/1813/819 930/1815/820
f 829/1816/820 930/1815/820 927/1817/821
f 830/1818/821 927/1817/821 926/1819/822
f 837/1820/822 926/1819/822 936/1821/823
f 877/1822/823 936/1821/823 968/1823/824
f 878/1824/824 968/1823/824 967/1825/825
f 875/1826/825 967/1825/825 970/1827/826
f 876/1828/826 970/1827/826 969/1829/827
f 884/1830/827 969/1829/827 976/1831/828
f 885/1832/828 976/1831/828 975/1833/829
f 883/1834/829 975/1833/829 977/1835/830
f 873/1836/830 977/1835/830 972/1837/831
f 874/1838/831 972/1837/831 971/1839/832
f 871/1840/832 971/1839/832 979/1841/833
f 872/1842/833 979/1841/833 978/1843/834
f 846/1844/834 978/1843/834 981/1845/835
f 847/1846/835 981/1845/835 980/1847/836
f 863/1848/836 980/1847/836 994/1849/837
f 862/1850/837 994/1849/837 983/1851/838
f 845/1852/838 983/1851/838 982/1853/839
f 860/1854/839 982/1853/839 991/1855/840
f 861/1856/840 991/1855/840 985/1857/841
f 870/1858/841 985/1857/841 984/1859/842
f 868/1860/842 984/1859/842 993/1861/843
f 869/1862/843 993/1861/843 992/1863/844
f 906/1864/844 992/1863/844 996/1865/845
f 903/1866/845 996/1865/845 995/1867/846
f 896/1868/846 995/1867/846 987/1869/847
f 902/1870/847 987/1869/847 986/1871/848
f 905/1872/848 986/1871/848 973/1873/849
f 894/1874/849 973/1873/849 960/1875/850
f 895/1876/850 960/1875/850 959/1877/851
f 858/1878/851 959/1877/851 932/1879/852
f 859/1880/852 932/1879/852 931/1881/853
f 867/1882/853 931/1881/853 937/1883/854
f 857/1884/854 937/1883/854 933/1885/855
f 840/1886/855 933/1885/855 921/1887/856
f 827/1888/856 921/1887/856 914/1889/857
f 828/1890/857 914/1889/857 913/1891/858
f 825/1892/858 913/1891/858 916/1893/859
f 826/1894/859 916/1893/859 915/1895/860
f 836/1896/860 915/1895/860 928/1897/861
f 844/1898/861 928/1897/861 938/1899/862
f 855/1900/862 938/1899/862 949/1901/863
f 856/1902/863 949/1901/863 948/1903/864
f 866/1904/864 948/1903/864 950/1905/865
f 853/1906/865 950/1905/865 940/1907/866
f 854/1908/866 940/1907/866 939/1909/867
f 882/1910/867 939/1909/867 961/1911/868
f 881/1912/868 961/1911/868 974/1913/869
f 893/1914/869 974/1913/869 988/1915/870
f 891/1916/870 988/1915/870 990/1917/871
f 892/1918/871 990/1917/871 989/1919/872
f 900/1920/872 989/1919/872 963/1921/873
f 901/1922/873 963/1921/873 962/1923/874
f 899/1924/874 962/1923/874 964/1925/875
f 889/1926/875 964/1925/875 952/1927/876
f 890/1928/876 952/1927/876 951/1929/877
f 897/1930/877 951/1929/877 954/1931/878
f 898/1932/878 954/1931/878 953/1933/879
f 904/1934/879 953/1933/879 942/1935/880
f 887/1936/880 942/1935/880 941/1937/881
f 888/1938/881 941/1937/881 955/1939/882
f 886/1940/882 955/1939/882 965/1941/883
f 880/1942/883 965/1941/883 956/1943/884
f 864/1944/884 956/1943/884 958/1945/885
f 865/1946/885 958/1945/885 957/1947/886
f 879/1948/886 957/1947/886 966/1949/887
f 852/1950/887 966/1949/887 943/1951/888
f 842/1952/888 943/1951/888 935/1953/889
f 843/1954/889 935/1953/889 934/1955/890
f 850/1956/890 934/1955/890 945/1957/891
f 851/1958/891 945/1957/891 944/1959/892
f 848/1960/892 944/1959/892 947/1961/893
f 849/1962/893 947/1961/893 946/1963/894
f 838/1964/894 946/1963/894 923/1965/895
f 839/1966/895 923/1965/895 922/1967/896
f 841/1968/896 922/1967/896 929/1969/897
f 834/1970/897 929/1969/897 920/1971/898
f 835/1972/898 920/1971/898 919/1973/899
f 832/1974/899 919/1973/899 917/1975/900
f 824/1976/900 917/1975/900 911/1977/901
f 819/1978/901 911/1977/901 908/1979/902
f 820/1980/902 908/1979/902 907/1802/813
f 907/1802/813 817/1801/813 820/1980/902
f 908/1979/902 820/1980/902 819/1978/901
f 911/1977/901 819/1978/901 824/1976/900
f 917/1975/900 824/1976/900 832/1974/899
f 919/1973/899 832/1974/899 835/1972/898
f 920/1971/898 835/1972/898 834/1970/897
f 929/1969/897 834/1970/897 841/1968/896
f 922/1967/896 841/1968/896 839/1966/895
f 923/1965/895 839/1966/895 838/1964/894
f 946/1963/894 838/1964/894 849/1962/893
f 947/1961/893 849/1962/893 848/1960/892
f 944/1959/892 848/1960/892 851/1958/891
f 945/1957/891 851/1958/891 850/1956/890
f 934/1955/890 850/1956/890 843/1954/889
f 935/1953/889 843/1954/889 842/1952/888
f 943/1951/888 842/1952/888 852/1950/887
f 966/1949/887 852/1950/887 879/1948/886
f 957/1947/886 879/1948/886 865/1946/885
f 958/1945/885 865/1946/885 864/1944/884
f 956/1943/884 864/1944/884 880/1942/883
f 965/1941/883 880/1942/883 886/1940/882
f 955/1939/882 886/1940/882 888/1938/881
f 941/1937/881 888/1938/881 887/1936/880
f 942/1935/880 887/1936/880 904/1934/879
f 953/1933/879 904/1934/879 898/1932/878
f 954/1931/878 898/1932/878 897/1930/877
f 951/1929/877 897/1930/877 890/1928/876
f 952/1927/876 890/1928/876 889/1926/875
f 964/1925/875 889/1926/875 899/1924/874
f 962/1923/874 899/1924/874 901/1922/873
f 963/1921/873 901/1922/873 900/1920/872
f 989/1919/872 900/1920/872 892/1918/871
f 990/1917/871 892/1918/871 891/1916/870
f 988/1915/870 891/1916/870 893/1914/869
f 974/1913/869 893/1914/869 881/1912/868
f 961/1911/868 881/1912/868 882/1910/867
f 939/1909/867 882/1910/867 854/1908/866
f 940/1907/866 854/1908/866 853/1906/865
f 950/1905/865 853/1906/865 866/1904/864
f 948/1903/864 866/1904/864 856/1902/863
f 949/1901/863 856/1902/863 855/1900/862
f 938/1899/862 855/1900/862 844/1898/861
f 928/1897/861 844/1898/861 836/1896/860
f 915/1895/860 836/1896/860 826/1894/859
f 916/1893/859 826/1894/859 825/1892/858
f 913/1891/858 825/1892/858 828/1890/857
f 914/1889/857 828/1890/857 827/1888/856
f 921/1887/856 827/1888/856 840/1886/855
f 933/1885/855 840/1886/855 857/1884/854
f 937/1883/854 857/1884/854 867/1882/853
f 931/1881/853 867/1882/853 859/1880/852
f 932/1879/852 859/1880/852 858/1878/851
f 959/1877/851 858/1878/851 895/1876/850
f 960/1875/850 895/1876/850 894/1874/849
f 973/1873/849 894/1874/849 905/1872/848
f 986/1871/848 905/1872/848 902/1870/847
f 987/1869/847 902/1870/847 896/1868/846
f 995/1867/846 896/1868/846 903/1866/845
f 996/1865/845 903/1866/845 906/1864/844
f 992/1863/844 906/1864/844 869/1862/843
f 993/1861/843 869/1862/843 868/1860/842
f 984/1859/842 868/1860/842 870/1858/841
f 985/1857/841 870/1858/841 861/1856/840
f 991/1855/840 861/1856/840 860/1854/839
f 982/1853/839 860/1854/839 845/1852/838
f 983/1851/838 845/1852/838 862/1850/837
f 994/1849/837 862/1850/837 863/1848/836
f 980/1847/836 863/1848/836 847/1846/835
f 981/1845/835 847/1846/835 846/1844/834
f 978/1843/834 846/1844/834 872/1842/833
f 979/1841/833 872/1842/833 871/1840/832
f 971/1839/832 871/1840/832 874/1838/831
f 972/1837/831 874/1838/831 873/1836/830
f 977/1835/830 873/1836/830 883/1834/829
f 975/1833/829 883/1834/829 885/1832/828
f 976/1831/828 885/1832/828 884/1830/827
f 969/1829/827 884/1830/827 876/1828/826
f 970/1827/826 876/1828/826 875/1826/825
f 967/1825/825 875/1826/825 878/1824/824
f 968/1823/824 878/1824/824 877/1822/823
f 936/1821/823 877/1822/823 837/1820/822
f 926/1819/822 837/1820/822 830/1818/821
f 927/1817/821 830/1818/821 829/1816/820
f 930/1815/820 829/1816/820 833/1814/819
f 924/1813/819 833/1814/819 831/1812/818
f 925/1811/818 831/1812/818 823/1810/817
f 918/1809/817 823/1810/817 822/1808/816
f 912/1807/816 822/1808/816 821/1806/815
f 909/1805/815 821/1806/815 818/1804/814
f 910/1803/814 818/1804/814 817/1801/813
f 997/1981/903 752/1982/903 756/1983/903
f 756/1983/903 759/1984/903 997/1981/903
f 759/1984/903 761/1985/903 997/1981/903
f 998/1986/903 363/1987/903 367/1988/903
f 998/1986/903 355/1989/903 358/1990/903
f 997/1981/903 750/1991/903 752/1982/903
f 997/1981/903 744/1992/903 747/1993/903
f 367/1988/903 370/1994/903 998/1986/903
f 358/1990/903 361/1995/903 998/1986/903
f 998/1986/903 349/1996/903 352/1997/903
f 747/1993/903 750/1991/903 997/1981/903
f 997/1981/903 738/1998/903 741/1999/903
f 370/1994/903 372/2000/903 998/1986/903
f 352/1997/903 355/1989/903 998/1986/903
f 741/1999/903 744/1992/903 997/1981/903
f 997/1981/903 733/2001/903 736/2002/903
f 361/1995/903 363/1987/903 998/1986/903
f 736/2002/903 738/1998/903 997/1981/903
f 998/1986/903 347/2003/903 349/1996/903
f 999/2004/903 718/2005/903 719/2006/903
f 997/1981/903 802/2007/903 733/2001/903
f 998/1986/903 344/2008/903 347/2003/903
f 999/2004/903 717/2009/903 718/2005/903
f 997/1981/903 816/2010/903 802/2007/903
f 805/2011/903 802/2007/903 816/2010/903
f 998/1986/903 1000/2012/903 344/2008/903
f 999/2004/903 716/2013/903 717/2009/903
f 1001/2014/903 240/2015/903 244/2016/903
f 998/1986/903 382/2017/903 385/2018/903
f 816/2010/903 810/2019/903 805/2011/903
f 997/1981/903 204/2020/903 815/2021/903
f 997/1981/903 186/2022/903 201/2023/903
f 1001/2014/903 268/2024/903 271/2025/903
f 1001/2014/903 259/2026/903 262/2027/903
f 997/1981/903 768/2028/903 771/2029/903
f 997/1981/903 765/2030/903 767/2031/903
f 998/1986/903 1002/2032/903 1000/2012/903
f 999/2004/903 723/2033/903 724/2034/903
f 999/2004/903 721/2035/903 722/2036/903
f 719/2006/903 720/2037/903 999/2004/903
f 244/2016/903 247/2038/903 1001/2014/903
f 1001/2014/903 232/2039/903 235/2040/903
f 998/1986/903 379/2041/903 382/2017/903
f 815/2021/903 816/2010/903 997/1981/903
f 210/2042/903 815/2021/903 204/2020/903
f 997/1981/903 189/2043/903 186/2022/903
f 1001/2014/903 274/2044/903 277/2045/903
f 1001/2014/903 265/2046/903 268/2024/903
f 1001/2014/903 256/2047/903 259/2026/903
f 1001/2014/903 253/2048/903 255/2049/903
f 999/2004/903 711/2050/903 712/2051/903
f 999/2004/903 708/2052/903 709/2053/903
f 997/1981/903 774/2054/903 777/2055/903
f 767/2031/903 768/2028/903 997/1981/903
f 998/1986/903 1003/2056/903 1002/2032/903
f 724/2034/903 725/2057/903 999/2004/903
f 720/2037/903 721/2035/903 999/2004/903
f 247/2038/903 249/2058/903 1001/2014/903
f 235/2040/903 238/2059/903 1001/2014/903
f 998/1986/903 391/2060/903 394/2061/903
f 998/1986/903 378/2062/903 379/2041/903
f 204/2020/903 206/2063/903 210/2042/903
f 997/1981/903 213/2064/903 189/2043/903
f 271/2025/903 274/2044/903 1001/2014/903
f 255/2049/903 256/2047/903 1001/2014/903
f 712/2051/903 713/2065/903 999/2004/903
f 709/2053/903 710/2066/903 999/2004/903
f 997/1981/903 783/2067/903 786/2068/903
f 771/2029/903 774/2054/903 997/1981/903
f 998/1986/903 1004/2069/903 1003/2056/903
f 999/2004/903 1005/2070/903 1004/2069/903
f 722/2036/903 723/2033/903 999/2004/903
f 238/2059/903 240/2015/903 1001/2014/903
f 1001/2014/903 226/2071/903 229/2072/903
f 998/1986/903 388/2073/903 391/2060/903
f 998/1986/903 376/2074/903 378/2062/903
f 201/2023/903 204/2020/903 997/1981/903
f 1001/2014/903 280/2075/903 283/2076/903
f 262/2027/903 265/2046/903 1001/2014/903
f 999/2004/903 714/2077/903 715/2078/903
f 710/2066/903 711/2050/903 999/2004/903
f 786/2068/903 789/2079/903 997/1981/903
f 777/2055/903 780/2080/903 997/1981/903
f 1004/2069/903 998/1986/903 999/2004/903
f 725/2057/903 726/2081/903 999/2004/903
f 229/2072/903 232/2039/903 1001/2014/903
f 1001/2014/903 221/2082/903 224/2083/903
f 998/1986/903 397/2084/903 400/2085/903
f 385/2018/903 388/2073/903 998/1986/903
f 186/2022/903 192/2086/903 201/2023/903
f 277/2045/903 280/2075/903 1001/2014/903
f 713/2065/903 714/2077/903 999/2004/903
f 999/2004/903 706/2087/903 707/2088/903
f 997/1981/903 792/2089/903 795/2090/903
f 780/2080/903 783/2067/903 997/1981/903
f 999/2004/903 1006/2091/903 1005/2070/903
f 726/2081/903 727/2092/903 999/2004/903
f 224/2083/903 226/2071/903 1001/2014/903
f 313/2093/903 221/2082/903 1001/2014/903
f 998/1986/903 403/2094/903 406/2095/903
f 394/2061/903 397/2084/903 998/1986/903
f 761/1985/903 765/2030/903 997/1981/903
f 195/2096/903 189/2043/903 213/2064/903
f 283/2076/903 216/2097/903 1001/2014/903
f 707/2088/903 708/2052/903 999/2004/903
f 999/2004/903 704/2098/903 705/2099/903
f 999/2004/903 997/1981/903 728/2100/903
f 789/2079/903 792/2089/903 997/1981/903
f 999/2004/903 1007/2101/903 1006/2091/903
f 727/2092/903 1008/2102/903 999/2004/903
f 1001/2014/903 998/1986/903 313/2093/903
f 400/2085/903 403/2094/903 998/1986/903
f 213/2064/903 198/2103/903 195/2096/903
f 216/2097/903 213/2064/903 1001/2014/903
f 705/2099/903 706/2087/903 999/2004/903
f 795/2090/903 728/2100/903 997/1981/903
f 1008/2102/903 1007/2101/903 999/2004/903
f 406/2095/903 313/2093/903 998/1986/903
f 213/2064/903 997/1981/903 1001/2014/903
f 728/2100/903 704/2098/903 999/2004/903
f 249/2058/903 253/2048/903 1001/2014/903
f 715/2078/903 716/2013/903 999/2004/903
f 186/2022/903 185/2104/903 192/2086/903
f 372/2000/903 376/2074/903 998/1986/903
f 997/2105/904 1009/2106/904 1010/2107/904
f 1010/2107/904 1001/2108/904 997/2105/904
f 1009/2109/903 1011/2110/903 1012/2111/903
f 1012/2111/903 1010/2112/903 1009/2109/903
f 999/2113/905 1011/2114/905 1009/2115/905
f 1009/2115/905 997/2116/905 999/2113/905
f 998/2117/906 1012/2118/906 1011/2119/906
f 1011/2119/906 999/2120/906 998/2117/906
f 1001/2121/907 1010/2122/907 1012/2123/907
f 1012/2123/907 998/2124/907 1001/2121/907
f 1013/2125/908 1014/2126/908 1015/2127/909
f 1016/2128/909 1015/2127/909 1017/2129/910
f 1018/2130/910 1017/2129/910 1019/2131/911
f 1020/2132/911 1019/2131/911 1021/2133/912
f 1022/2134/912 1021/2133/912 1023/2135/913
f 1024/2136/913 1023/2135/913 1025/2137/914
f 1026/2138/914 1025/2137/914 1027/2139/915
f 1028/2140/915 1027/2139/915 1029/2141/916
f 1030/2142/916 1029/2141/916 1031/2143/917
f 1032/2144/917 1031/2143/917 1033/2145/918
f 1034/2146/918 1033/2145/918 1035/2147/919
f 1036/2148/919 1035/2147/919 1037/2149/920
f 1038/2150/920 1037/2149/920 1039/2151/921
f 1040/2152/921 1039/2151/921 1041/2153/922
f 1042/2154/922 1041/2153/922 1043/2155/923
f 1044/2156/923 1043/2155/923 1045/2157/924
f 1046/2158/924 1045/2157/924 1047/2159/925
f 1048/2160/925 1047/2159/925 1049/2161/926
f 1050/2162/926 1049/2161/926 1051/2163/927
f 1052/2164/927 1051/2163/927 1053/2165/928
f 1054/2166/928 1053/2165/928 1055/2167/929
f 1056/2168/929 1055/2167/929 1057/2169/930
f 1058/2170/930 1057/2169/930 1059/2171/931
f 1060/2172/931 1059/2171/931 1061/2173/932
f 1062/2174/932 1061/2173/932 1063/2175/933
f 1064/2176/933 1063/2175/933 1065/2177/934
f 1066/2178/934 1065/2177/934 1067/2179/935
f 1068/2180/935 1067/2179/935 1069/2181/936
f 1070/2182/936 1069/2181/936 1071/2183/937
f 1072/2184/937 1071/2183/937 1073/2185/938
f 1074/2186/938 1073/2185/938 1075/2187/939
f 1076/2188/939 1075/2187/939 1077/2189/940
f 1078/2190/940 1077/2189/940 1079/2191/941
f 1080/2192/941 1079/2191/941 1081/2193/942
f 1082/2194/942 1081/2193/942 1083/2195/943
f 1084/2196/943 1083/2195/943 1085/2197/944
f 1086/2198/944 1085/2197/944 1087/2199/945
f 1088/2200/945 1087/2199/945 1089/2201/946
f 1090/2202/946 1089/2201/946 1091/2203/947
f 1092/2204/947 1091/2203/947 1093/2205/948
f 1094/2206/948 1093/2205/948 1095/2207/949
f 1096/2208/949 1095/2207/949 1097/2209/950
f 1098/2210/950 1097/2209/950 1099/2211/951
f 1100/2212/951 1099/2211/951 1101/2213/952
f 1102/2214/952 1101/2213/952 1103/2215/953
f 1104/2216/953 1103/2215/953 1105/2217/954
f 1106/2218/954 1105/2217/954 1107/2219/955
f 1108/2220/955 1107/2219/955 1109/2221/956
f 1110/2222/956 1109/2221/956 1111/2223/957
f 1112/2224/957 1111/2223/957 1113/2225/958
f 1114/2226/958 1113/2225/958 1115/2227/959
f 1116/2228/959 1115/2227/959 1117/2229/960
f 1118/2230/960 1117/2229/960 1119/2231/961
f 1120/2232/961 1119/2231/961 1121/2233/962
f 1122/2234/962 1121/2233/962 1123/2235/963
f 1124/2236/963 1123/2235/963 1125/2237/964
f 1007/2238/965 1008/2239/965 1014/2126/908
f 1014/2126/908 1013/2125/908 1007/2238/965
f 1125/2237/964 1126/2240/964 1124/2236/963
f 1123/2235/963 1124/2236/963 1122/2234/962
f 1121/2233/962 1122/2234/962 1120/2232/961
f 1119/2231/961 1120/2232/961 1118/2230/960
f 1117/2229/960 1118/2230/960 1116/2228/959
f 1115/2227/959 1116/2228/959 1114/2226/958
f 1113/2225/958 1114/2226/958 1112/2224/957
f 1111/2223/957 1112/2224/957 1110/2222/956
f 1109/2221/956 1110/2222/956 1108/2220/955
f 1107/2219/955 1108/2220/955 1106/2218/954
f 1105/2217/954 1106/2218/954 1104/2216/953
f 1103/2215/953 1104/2216/953 1102/2214/952
f 1101/2213/952 1102/2214/952 1100/2212/951
f 1099/2211/951 1100/2212/951 1098/2210/950
f 1097/2209/950 1098/2210/950 1096/2208/949
f 1095/2207/949 1096/2208/949 1094/2206/948
f 1093/2205/948 1094/2206/948 1092/2204/947
f 1091/2203/947 1092/2204/947 1090/2202/946
f 1089/2201/946 1090/2202/946 1088/2200/945
f 1087/2199/945 1088/2200/945 1086/2198/944
f 1085/2197/944 1086/2198/944 1084/2196/943
f 1083/2195/943 1084/2196/943 1082/2194/942
f 1081/2193/942 1082/2194/942 1080/2192/941
f 1079/2191/941 1080/2192/941 1078/2190/940
f 1077/2189/940 1078/2190/940 1076/2188/939
f 1075/2187/939 1076/2188/939 1074/2186/938
f 1073/2185/938 1074/2186/938 1072/2184/937
f 1071/2183/937 1072/2184/937 1070/2182/936
f 1069/2181/936 1070/2182/936 1068/2180/935
f 1067/2179/935 1068/2180/935 1066/2178/934
f 1065/2177/934 1066/2178/934 1064/2176/933
f 1063/2175/933 1064/2176/933 1062/2174/932
f 1061/2173/932 1062/2174/932 1060/2172/931
f 1059/2171/931 1060/2172/931 1058/2170/930
f 1057/2169/930 1058/2170/930 1056/2168/929
f 1055/2167/929 1056/2168/929 1054/2166/928
f 1053/2165/928 1054/2166/928 1052/2164/927
f 1051/2163/927 1052/2164/927 1050/2162/926
f 1049/2161/926 1050/2162/926 1048/2160/925
f 1047/2159/925 1048/2160/925 1046/2158/924
f 1045/2157/924 1046/2158/924 1044/2156/923
f 1043/2155/923 1044/2156/923 1042/2154/922
f 1041/2153/922 1042/2154/922 1040/2152/921
f 1039/2151/921 1040/2152/921 1038/2150/920
f 1037/2149/920 1038/2150/920 1036/2148/919
f 1035/2147/919 1036/2148/919 1034/2146/918
f 1033/2145/918 1034/2146/918 1032/2144/917
f 1031/2143/917 1032/2144/917 1030/2142/916
f 1029/2141/916 1030/2142/916 1028/2140/915
f 1027/2139/915 1028/2140/915 1026/2138/914
f 1025/2137/914 1026/2138/914 1024/2136/913
f 1023/2135/913 1024/2136/913 1022/2134/912
f 1021/2133/912 1022/2134/912 1020/2132/911
f 1019/2131/911 1020/2132/911 1018/2130/910
f 1017/2129/910 1018/2130/910 1016/2128/909
f 1015/2127/909 1016/2128/909 1013/2125/908
f 1125/2241/964 1127/2242/964 1128/2243/964
f 1128/2243/964 1126/2244/964 1125/2241/964
f 1044/2245/966 1046/2246/966 1129/2247/966
f 1046/2246/966 1048/2248/966 1130/2249/966
f 1036/2250/966 1038/2251/966 1131/2252/966
f 1038/2251/966 1040/2253/966 1132/2254/966
f 1130/2249/966 1129/2247/966 1046/2246/966
f 1048/2248/966 1050/2255/966 1133/2256/966
f 1050/2255/966 1052/2257/966 1134/2258/966
f 1052/2257/966 1054/2259/966 1135/2260/966
f 1054/2259/966 1056/2261/966 1136/2262/966
f 1056/2261/966 1058/2263/966 1137/2264/966
f 1058/2263/966 1060/2265/966 1138/2266/966
f 1060/2265/966 1062/2267/966 1139/2268/966
f 1064/2269/966 1140/2270/966 1139/2268/966
f 1066/2271/966 1141/2272/966 1140/2270/966
f 1070/2273/966 1142/2274/966 1143/2275/966
f 1072/2276/966 1144/2277/966 1142/2274/966
f 1128/2278/966 1145/2279/966 1146/2280/966
f 1024/2281/966 1026/2282/966 1147/2283/966
f 1026/2282/966 1028/2284/966 1148/2285/966
f 1132/2254/966 1131/2252/966 1038/2251/966
f 1040/2253/966 1042/2286/966 1149/2287/966
f 1042/2286/966 1044/2245/966 1150/2288/966
f 1133/2256/966 1130/2249/966 1048/2248/966
f 1135/2260/966 1134/2258/966 1052/2257/966
f 1137/2264/966 1136/2262/966 1056/2261/966
f 1139/2268/966 1138/2266/966 1060/2265/966
f 1140/2270/966 1064/2269/966 1066/2271/966
f 1068/2289/966 1143/2275/966 1141/2272/966
f 1142/2274/966 1070/2273/966 1072/2276/966
f 1078/2290/966 1151/2291/966 1152/2292/966
f 1080/2293/966 1153/2294/966 1151/2291/966
f 1124/2295/966 1154/2296/966 1155/2297/966
f 1126/2298/966 1156/2299/966 1154/2296/966
f 1126/2298/966 1157/2300/966 1158/2301/966
f 1146/2280/966 1126/2298/966 1128/2278/966
f 1128/2278/966 1159/2302/966 1160/2303/966
f 1128/2278/966 1161/2304/966 1162/2305/966
f 1128/2278/966 1163/2306/966 1164/2307/966
f 1148/2285/966 1147/2283/966 1026/2282/966
f 1028/2284/966 1030/2308/966 1165/2309/966
f 1149/2287/966 1132/2254/966 1040/2253/966
f 1129/2247/966 1150/2288/966 1044/2245/966
f 1136/2262/966 1135/2260/966 1054/2259/966
f 1139/2268/966 1062/2267/966 1064/2269/966
f 1143/2275/966 1068/2289/966 1070/2273/966
f 1074/2310/966 1166/2311/966 1144/2277/966
f 1076/2312/966 1152/2292/966 1166/2311/966
f 1151/2291/966 1078/2290/966 1080/2293/966
f 1090/2313/966 1167/2314/966 1168/2315/966
f 1092/2316/966 1169/2317/966 1167/2314/966
f 1100/2318/966 1170/2319/966 1171/2320/966
f 1102/2321/966 1172/2322/966 1170/2319/966
f 1154/2296/966 1124/2295/966 1126/2298/966
f 1146/2280/966 1157/2300/966 1126/2298/966
f 1160/2303/966 1173/2323/966 1128/2278/966
f 1164/2307/966 1161/2304/966 1128/2278/966
f 1128/2278/966 1174/2324/966 1175/2325/966
f 1165/2309/966 1148/2285/966 1028/2284/966
f 1030/2308/966 1032/2326/966 1176/2327/966
f 1032/2326/966 1034/2328/966 1177/2329/966
f 1034/2328/966 1036/2250/966 1178/2330/966
f 1150/2288/966 1149/2287/966 1042/2286/966
f 1138/2266/966 1137/2264/966 1058/2263/966
f 1144/2277/966 1072/2276/966 1074/2310/966
f 1152/2292/966 1076/2312/966 1078/2290/966
f 1088/2331/966 1168/2315/966 1179/2332/966
f 1167/2314/966 1090/2313/966 1092/2316/966
f 1094/2333/966 1180/2334/966 1169/2317/966
f 1096/2335/966 1181/2336/966 1180/2334/966
f 1098/2337/966 1171/2320/966 1181/2336/966
f 1170/2319/966 1100/2318/966 1102/2321/966
f 1106/2338/966 1182/2339/966 1183/2340/966
f 1108/2341/966 1184/2342/966 1182/2339/966
f 1116/2343/966 1185/2344/966 1186/2345/966
f 1118/2346/966 1187/2347/966 1185/2344/966
f 1126/2298/966 1188/2348/966 1156/2299/966
f 1126/2298/966 1189/2349/966 1190/2350/966
f 1158/2301/966 1191/2351/966 1126/2298/966
f 1162/2305/966 1159/2302/966 1128/2278/966
f 1175/2325/966 1192/2352/966 1128/2278/966
f 1128/2278/966 1193/2353/966 1194/2354/966
f 1176/2327/966 1165/2309/966 1030/2308/966
f 1178/2330/966 1177/2329/966 1034/2328/966
f 1134/2258/966 1133/2256/966 1050/2255/966
f 1166/2311/966 1074/2310/966 1076/2312/966
f 1082/2355/966 1195/2356/966 1153/2294/966
f 1084/2357/966 1196/2358/966 1195/2356/966
f 1086/2359/966 1179/2332/966 1196/2358/966
f 1168/2315/966 1088/2331/966 1090/2313/966
f 1180/2334/966 1094/2333/966 1096/2335/966
f 1171/2320/966 1098/2337/966 1100/2318/966
f 1182/2339/966 1106/2338/966 1108/2341/966
f 1110/2360/966 1197/2361/966 1184/2342/966
f 1112/2362/966 1198/2363/966 1197/2361/966
f 1114/2364/966 1186/2345/966 1198/2363/966
f 1185/2344/966 1116/2343/966 1118/2346/966
f 1120/2365/966 1199/2366/966 1187/2347/966
f 1190/2350/966 1188/2348/966 1126/2298/966
f 1173/2323/966 1145/2279/966 1128/2278/966
f 1128/2278/966 1200/2367/966 1174/2324/966
f 1194/2354/966 1201/2368/966 1128/2278/966
f 1128/2278/966 1007/2369/966 1202/2370/966
f 1007/2369/966 1203/2371/966 1204/2372/966
f 1177/2329/966 1176/2327/966 1032/2326/966
f 1141/2272/966 1066/2271/966 1068/2289/966
f 1195/2356/966 1082/2355/966 1084/2357/966
f 1179/2332/966 1086/2359/966 1088/2331/966
f 1181/2336/966 1096/2335/966 1098/2337/966
f 1104/2373/966 1183/2340/966 1172/2322/966
f 1184/2342/966 1108/2341/966 1110/2360/966
f 1198/2363/966 1112/2362/966 1114/2364/966
f 1187/2347/966 1118/2346/966 1120/2365/966
f 1122/2374/966 1155/2297/966 1199/2366/966
f 1191/2351/966 1189/2349/966 1126/2298/966
f 1201/2368/966 1200/2367/966 1128/2278/966
f 1204/2372/966 1202/2370/966 1007/2369/966
f 1131/2252/966 1178/2330/966 1036/2250/966
f 1196/2358/966 1084/2357/966 1086/2359/966
f 1172/2322/966 1102/2321/966 1104/2373/966
f 1197/2361/966 1110/2360/966 1112/2362/966
f 1199/2366/966 1120/2365/966 1122/2374/966
f 1192/2352/966 1163/2306/966 1128/2278/966
f 1128/2278/966 1205/2375/966 1206/2376/966
f 1202/2370/966 1207/2377/966 1128/2278/966
f 1007/2369/966 1208/2378/966 1209/2379/966
f 1013/2380/966 1016/2381/966 1210/2382/966
f 1016/2381/966 1018/2383/966 1211/2384/966
f 1153/2294/966 1080/2293/966 1082/2355/966
f 1183/2340/966 1104/2373/966 1106/2338/966
f 1155/2297/966 1122/2374/966 1124/2295/966
f 1207/2377/966 1205/2375/966 1128/2278/966
f 1007/2369/966 1212/2385/966 1213/2386/966
f 1209/2379/966 1214/2387/966 1007/2369/966
f 1211/2384/966 1210/2382/966 1016/2381/966
f 1018/2383/966 1020/2388/966 1215/2389/966
f 1020/2388/966 1022/2390/966 1216/2391/966
f 1022/2390/966 1024/2281/966 1217/2392/966
f 1169/2317/966 1092/2316/966 1094/2333/966
f 1206/2376/966 1193/2353/966 1128/2278/966
f 1214/2387/966 1212/2385/966 1007/2369/966
f 1007/2369/966 1013/2380/966 1218/2393/966
f 1215/2389/966 1211/2384/966 1018/2383/966
f 1217/2392/966 1216/2391/966 1022/2390/966
f 1186/2345/966 1114/2364/966 1116/2343/966
f 1218/2393/966 1208/2378/966 1007/2369/966
f 1216/2391/966 1215/2389/966 1020/2388/966
f 1213/2386/966 1203/2371/966 1007/2369/966
f 1147/2283/966 1217/2392/966 1024/2281/966
f 1210/2382/966 1218/2393/966 1013/2380/966
f 1071/2394/967 1069/2395/967 1219/2396/967
f 1069/2395/967 1067/2397/967 1220/2398/967
f 1079/2399/967 1077/2400/967 1221/2401/967
f 1077/2400/967 1075/2402/967 1222/2403/967
f 1220/2398/967 1219/2396/967 1069/2395/967
f 1067/2397/967 1065/2404/967 1223/2405/967
f 1065/2404/967 1063/2406/967 1224/2407/967
f 1063/2406/967 1061/2408/967 1225/2409/967
f 1059/2410/967 1226/2411/967 1225/2409/967
f 1057/2412/967 1227/2413/967 1226/2411/967
f 1055/2414/967 1228/2415/967 1227/2413/967
f 1053/2416/967 1229/2417/967 1228/2415/967
f 1051/2418/967 1230/2419/967 1229/2417/967
f 1049/2420/967 1231/2421/967 1230/2419/967
f 1045/2422/967 1232/2423/967 1233/2424/967
f 1043/2425/967 1234/2426/967 1232/2423/967
f 1127/2427/967 1125/2428/967 1235/2429/967
f 1091/2430/967 1089/2431/967 1236/2432/967
f 1089/2431/967 1087/2433/967 1237/2434/967
f 1222/2403/967 1221/2401/967 1077/2400/967
f 1075/2402/967 1073/2435/967 1238/2436/967
f 1073/2435/967 1071/2394/967 1239/2437/967
f 1223/2405/967 1220/2398/967 1067/2397/967
f 1225/2409/967 1224/2407/967 1063/2406/967
f 1226/2411/967 1059/2410/967 1057/2412/967
f 1228/2415/967 1055/2414/967 1053/2416/967
f 1230/2419/967 1051/2418/967 1049/2420/967
f 1047/2438/967 1233/2424/967 1231/2421/967
f 1232/2423/967 1045/2422/967 1043/2425/967
f 1037/2439/967 1240/2440/967 1241/2441/967
f 1035/2442/967 1242/2443/967 1240/2440/967
f 1127/2427/967 1243/2444/967 1244/2445/967
f 1127/2427/967 1245/2446/967 1246/2447/967
f 1127/2427/967 1247/2448/967 1248/2449/967
f 1125/2428/967 1249/2450/967 1235/2429/967
f 1125/2428/967 1250/2451/967 1251/2452/967
f 1125/2428/967 1123/2453/967 1252/2454/967
f 1123/2453/967 1121/2455/967 1253/2456/967
f 1237/2434/967 1236/2432/967 1089/2431/967
f 1087/2433/967 1085/2457/967 1254/2458/967
f 1238/2436/967 1222/2403/967 1075/2402/967
f 1219/2396/967 1239/2437/967 1071/2394/967
f 1225/2409/967 1061/2408/967 1059/2410/967
f 1229/2417/967 1053/2416/967 1051/2418/967
f 1233/2424/967 1047/2438/967 1045/2422/967
f 1041/2459/967 1255/2460/967 1234/2426/967
f 1039/2461/967 1241/2441/967 1255/2460/967
f 1240/2440/967 1037/2439/967 1035/2442/967
f 1025/2462/967 1256/2463/967 1257/2464/967
f 1023/2465/967 1258/2466/967 1256/2463/967
f 1127/2427/967 1259/2467/967 1260/2468/967
f 1246/2447/967 1243/2444/967 1127/2427/967
f 1127/2427/967 1261/2469/967 1247/2448/967
f 1251/2452/967 1249/2450/967 1125/2428/967
f 1253/2456/967 1252/2454/967 1123/2453/967
f 1254/2458/967 1237/2434/967 1087/2433/967
f 1085/2457/967 1083/2470/967 1262/2471/967
f 1083/2470/967 1081/2472/967 1263/2473/967
f 1081/2472/967 1079/2399/967 1264/2474/967
f 1239/2437/967 1238/2436/967 1073/2435/967
f 1227/2413/967 1057/2412/967 1055/2414/967
f 1234/2426/967 1043/2425/967 1041/2459/967
f 1241/2441/967 1039/2461/967 1037/2439/967
f 1027/2475/967 1257/2464/967 1265/2476/967
f 1256/2463/967 1025/2462/967 1023/2465/967
f 1015/2477/967 1266/2478/967 1267/2479/967
f 1014/2480/967 1268/2481/967 1266/2478/967
f 1127/2427/967 1269/2482/967 1270/2483/967
f 1127/2427/967 1271/2484/967 1259/2467/967
f 1248/2449/967 1245/2446/967 1127/2427/967
f 1125/2428/967 1272/2485/967 1250/2451/967
f 1125/2428/967 1273/2486/967 1274/2487/967
f 1252/2454/967 1275/2488/967 1125/2428/967
f 1117/2489/967 1115/2490/967 1276/2491/967
f 1115/2490/967 1113/2492/967 1277/2493/967
f 1101/2494/967 1099/2495/967 1278/2496/967
f 1099/2495/967 1097/2497/967 1279/2498/967
f 1262/2471/967 1254/2458/967 1085/2457/967
f 1264/2474/967 1263/2473/967 1081/2472/967
f 1224/2407/967 1223/2405/967 1065/2404/967
f 1255/2460/967 1041/2459/967 1039/2461/967
f 1033/2499/967 1280/2500/967 1242/2443/967
f 1031/2501/967 1281/2502/967 1280/2500/967
f 1029/2503/967 1265/2476/967 1281/2502/967
f 1257/2464/967 1027/2475/967 1025/2462/967
f 1021/2504/967 1282/2505/967 1258/2466/967
f 1019/2506/967 1283/2507/967 1282/2505/967
f 1017/2508/967 1267/2479/967 1283/2507/967
f 1266/2478/967 1015/2477/967 1014/2480/967
f 1008/2509/967 1284/2510/967 1285/2511/967
f 1127/2427/967 1286/2512/967 1284/2510/967
f 1127/2427/967 1287/2513/967 1269/2482/967
f 1260/2468/967 1288/2514/967 1127/2427/967
f 1235/2429/967 1261/2469/967 1127/2427/967
f 1275/2488/967 1273/2486/967 1125/2428/967
f 1119/2515/967 1117/2489/967 1289/2516/967
f 1277/2493/967 1276/2491/967 1115/2490/967
f 1107/2517/967 1105/2518/967 1290/2519/967
f 1105/2518/967 1103/2520/967 1291/2521/967
f 1279/2498/967 1278/2496/967 1099/2495/967
f 1097/2497/967 1095/2522/967 1292/2523/967
f 1095/2522/967 1093/2524/967 1293/2525/967
f 1093/2524/967 1091/2430/967 1294/2526/967
f 1263/2473/967 1262/2471/967 1083/2470/967
f 1231/2421/967 1049/2420/967 1047/2438/967
f 1280/2500/967 1033/2499/967 1031/2501/967
f 1265/2476/967 1029/2503/967 1027/2475/967
f 1282/2505/967 1021/2504/967 1019/2506/967
f 1267/2479/967 1017/2508/967 1015/2477/967
f 1008/2509/967 1295/2527/967 1296/2528/967
f 1284/2510/967 1008/2509/967 1127/2427/967
f 1288/2514/967 1287/2513/967 1127/2427/967
f 1274/2487/967 1272/2485/967 1125/2428/967
f 1121/2455/967 1119/2515/967 1297/2529/967
f 1276/2491/967 1289/2516/967 1117/2489/967
f 1113/2492/967 1111/2530/967 1298/2531/967
f 1111/2530/967 1109/2532/967 1299/2533/967
f 1109/2532/967 1107/2517/967 1300/2534/967
f 1291/2521/967 1290/2519/967 1105/2518/967
f 1292/2523/967 1279/2498/967 1097/2497/967
f 1294/2526/967 1293/2525/967 1093/2524/967
f 1221/2401/967 1264/2474/967 1079/2399/967
f 1281/2502/967 1031/2501/967 1029/2503/967
f 1283/2507/967 1019/2506/967 1017/2508/967
f 1008/2509/967 1301/2535/967 1268/2481/967
f 1008/2509/967 1302/2536/967 1295/2527/967
f 1008/2509/967 1303/2537/967 1304/2538/967
f 1127/2427/967 1305/2539/967 1286/2512/967
f 1127/2427/967 1306/2540/967 1307/2541/967
f 1244/2445/967 1271/2484/967 1127/2427/967
f 1289/2516/967 1297/2529/967 1119/2515/967
f 1299/2533/967 1298/2531/967 1111/2530/967
f 1290/2519/967 1300/2534/967 1107/2517/967
f 1293/2525/967 1292/2523/967 1095/2522/967
f 1242/2443/967 1035/2442/967 1033/2499/967
f 1268/2481/967 1014/2480/967 1008/2509/967
f 1304/2538/967 1302/2536/967 1008/2509/967
f 1307/2541/967 1305/2539/967 1127/2427/967
f 1297/2529/967 1253/2456/967 1121/2455/967
f 1300/2534/967 1299/2533/967 1109/2532/967
f 1103/2520/967 1101/2494/967 1308/2542/967
f 1236/2432/967 1294/2526/967 1091/2430/967
f 1296/2528/967 1301/2535/967 1008/2509/967
f 1270/2483/967 1306/2540/967 1127/2427/967
f 1308/2542/967 1291/2521/967 1103/2520/967
f 1258/2466/967 1023/2465/967 1021/2504/967
f 1298/2531/967 1277/2493/967 1113/2492/967
f 1285/2511/967 1303/2537/967 1008/2509/967
f 1278/2496/967 1308/2542/967 1101/2494/967
f 1160/2543/968 1159/2544/969 1245/2545/969
f 1173/2546/970 1160/2543/968 1248/2547/971
f 1145/2548/972 1173/2546/970 1247/2549/973
f 1146/2550/974 1145/2548/972 1261/2551/975
f 1157/2552/976 1146/2550/974 1235/2553/977
f 1158/2554/978 1157/2552/976 1249/2555/979
f 1191/2556/980 1158/2554/978 1251/2557/981
f 1189/2558/982 1191/2556/980 1250/2559/983
f 1190/2560/984 1189/2558/982 1272/2561/985
f 1188/2562/986 1190/2560/984 1274/2563/987
f 1156/2564/988 1188/2562/986 1273/2565/989
f 1154/2566/990 1156/2564/988 1275/2567/991
f 1155/2568/992 1154/2566/990 1252/2569/993
f 1199/2570/994 1155/2568/992 1253/2571/995
f 1187/2572/996 1199/2570/994 1297/2573/997
f 1185/2574/998 1187/2572/996 1289/2575/999
f 1186/2576/1000 1185/2574/998 1276/2577/1001
f 1198/2578/1002 1186/2576/1000 1277/2579/1003
f 1197/2580/1004 1198/2578/1002 1298/2581/1005
f 1184/2582/1006 1197/2580/1004 1299/2583/1007
f 1182/2584/1008 1184/2582/1006 1300/2585/1009
f 1183/2586/1010 1182/2584/1008 1290/2587/1011
f 1172/2588/1012 1183/2586/1010 1291/2589/1013
f 1170/2590/1014 1172/2588/1012 1308/2591/1015
f 1171/2592/1016 1170/2590/1014 1278/2593/1017
f 1181/2594/1018 1171/2592/1016 1279/2595/1019
f 1180/2596/1020 1181/2594/1018 1292/2597/1021
f 1169/2598/1022 1180/2596/1020 1293/2599/1023
f 1167/2600/1024 1169/2598/1022 1294/2601/1025
f 1168/2602/1026 1167/2600/1024 1236/2603/1027
f 1179/2604/1028 1168/2602/1026 1237/2605/1029
f 1196/2606/1030 1179/2604/1028 1254/2607/1031
f 1195/2608/1032 1196/2606/1030 1262/2609/1033
f 1153/2610/1034 1195/2608/1032 1263/2611/1035
f 1151/2612/1036 1153/2610/1034 1264/2613/1037
f 1152/2614/1038 1151/2612/1036 1221/2615/1039
f 1166/2616/1040 1152/2614/1038 1222/2617/1041
f 1144/2618/1042 1166/2616/1040 1238/2619/1043
f 1142/2620/1044 1144/2618/1042 1239/2621/1045
f 1143/2622/1046 1142/2620/1044 1219/2623/1047
f 1141/2624/1048 1143/2622/1046 1220/2625/1049
f 1140/2626/1050 1141/2624/1048 1223/2627/1051
f 1139/2628/1052 1140/2626/1050 1224/2629/1053
f 1138/2630/1054 1139/2628/1052 1225/2631/1055
f 1137/2632/1056 1138/2630/1054 1226/2633/1057
f 1136/2634/1058 1137/2632/1056 1227/2635/1059
f 1135/2636/1060 1136/2634/1058 1228/2637/1061
f 1134/2638/1062 1135/2636/1060 1229/2639/1063
f 1133/2640/1064 1134/2638/1062 1230/2641/1065
f 1130/2642/1066 1133/2640/1064 1231/2643/1067
f 1129/2644/1068 1130/2642/1066 1233/2645/1069
f 1150/2646/1070 1129/2644/1068 1232/2647/1071
f 1149/2648/1072 1150/2646/1070 1234/2649/1073
f 1132/2650/1074 1149/2648/1072 1255/2651/1075
f 1131/2652/1076 1132/2650/1074 1241/2653/1077
f 1178/2654/1078 1131/2652/1076 1240/2655/1079
f 1177/2656/1080 1178/2654/1078 1242/2657/1081
f 1176/2658/1082 1177/2656/1080 1280/2659/1083
f 1165/2660/1084 1176/2658/1082 1281/2661/1085
f 1148/2662/1086 1165/2660/1084 1265/2663/1087
f 1147/2664/1088 1148/2662/1086 1257/2665/1089
f 1217/2666/1090 1147/2664/1088 1256/2667/1091
f 1216/2668/1092 1217/2666/1090 1258/2669/1093
f 1215/2670/1094 1216/2668/1092 1282/2671/1095
f 1211/2672/1096 1215/2670/1094 1283/2673/1097
f 1210/2674/1098 1211/2672/1096 1267/2675/1099
f 1218/2676/1100 1210/2674/1098 1266/2677/1101
f 1208/2678/1102 1218/2676/1100 1268/2679/1103
f 1209/2680/1104 1208/2678/1102 1301/2681/1105
f 1214/2682/1106 1209/2680/1104 1296/2683/1107
f 1212/2684/1108 1214/2682/1106 1295/2685/1109
f 1213/2686/1110 1212/2684/1108 1302/2687/1111
f 1203/2688/1112 1213/2686/1110 1304/2689/1113
f 1204/2690/1114 1203/2688/1112 1303/2691/1115
f 1202/2692/1116 1204/2690/1114 1285/2693/1117
f 1207/2694/1118 1202/2692/1116 1284/2695/1119
f 1205/2696/1120 1207/2694/1118 1286/2697/1121
f 1206/2698/1122 1205/2696/1120 1305/2699/1123
f 1193/2700/1124 1206/2698/1122 1307/2701/1125
f 1194/2702/1126 1193/2700/1124 1306/2703/1127
f 1201/2704/1128 1194/2702/1126 1270/2705/1129
f 1200/2706/1130 1201/2704/1128 1269/2707/1131
f 1174/2708/1132 1200/2706/1130 1287/2709/1133
f 1175/2710/1134 1174/2708/1132 1288/2711/1135
f 1192/2712/1136 1175/2710/1134 1260/2713/1137
f 1163/2714/1138 1192/2712/1136 1259/2715/1139
f 1164/2716/1140 1163/2714/1138 1271/2717/1141
f 1161/2718/1142 1164/2716/1140 1244/2719/1143
f 1162/2720/1144 1161/2718/1142 1243/2721/1145
f 1159/2544/969 1162/2720/1144 1246/2722/1144
f 1246/2722/1144 1245/2545/969 1159/2544/969
f 1243/2721/1145 1246/2722/1144 1162/2720/1144
f 1244/2719/1143 1243/2721/1145 1161/2718/1142
f 1271/2717/1141 1244/2719/1143 1164/2716/1140
f 1259/2715/1139 1271/2717/1141 1163/2714/1138
f 1260/2713/1137 1259/2715/1139 1192/2712/1136
f 1288/2711/1135 1260/2713/1137 1175/2710/1134
f 1287/2709/1133 1288/2711/1135 1174/2708/1132
f 1269/2707/1131 1287/2709/1133 1200/2706/1130
f 1270/2705/1129 1269/2707/1131 1201/2704/1128
f 1306/2703/1127 1270/2705/1129 1194/2702/1126
f 1307/2701/1125 1306/2703/1127 1193/2700/1124
f 1305/2699/1123 1307/2701/1125 1206/2698/1122
f 1286/2697/1121 1305/2699/1123 1205/2696/1120
f 1284/2695/1119 1286/2697/1121 1207/2694/1118
f 1285/2693/1117 1284/2695/1119 1202/2692/1116
f 1303/2691/1115 1285/2693/1117 1204/2690/1114
f 1304/2689/1113 1303/2691/1115 1203/2688/1112
f 1302/2687/1111 1304/2689/1113 1213/2686/1110
f 1295/2685/1109 1302/2687/1111 1212/2684/1108
f 1296/2683/1107 1295/2685/1109 1214/2682/1106
f 1301/2681/1105 1296/2683/1107 1209/2680/1104
f 1268/2679/1103 1301/2681/1105 1208/2678/1102
f 1266/2677/1101 1268/2679/1103 1218/2676/1100
f 1267/2675/1099 1266/2677/1101 1210/2674/1098
f 1283/2673/1097 1267/2675/1099 1211/2672/1096
f 1282/2671/1095 1283/2673/1097 1215/2670/1094
f 1258/2669/1093 1282/2671/1095 1216/2668/1092
f 1256/2667/1091 1258/2669/1093 1217/2666/1090
f 1257/2665/1089 1256/2667/1091 1147/2664/1088
f 1265/2663/1087 1257/2665/1089 1148/2662/1086
f 1281/2661/1085 1265/2663/1087 1165/2660/1084
f 1280/2659/1083 1281/2661/1085 1176/2658/1082
f 1242/2657/1081 1280/2659/1083 1177/2656/1080
f 1240/2655/1079 1242/2657/1081 1178/2654/1078
f 1241/2653/1077 1240/2655/1079 1131/2652/1076
f 1255/2651/1075 1241/2653/1077 1132/2650/1074
f 1234/2649/1073 1255/2651/1075 1149/2648/1072
f 1232/2647/1071 1234/2649/1073 1150/2646/1070
f 1233/2645/1069 1232/2647/1071 1129/2644/1068
f 1231/2643/1067 1233/2645/1069 1130/2642/1066
f 1230/2641/1065 1231/2643/1067 1133/2640/1064
f 1229/2639/1063 1230/2641/1065 1134/2638/1062
f 1228/2637/1061 1229/2639/1063 1135/2636/1060
f 1227/2635/1059 1228/2637/1061 1136/2634/1058
f 1226/2633/1057 1227/2635/1059 1137/2632/1056
f 1225/2631/1055 1226/2633/1057 1138/2630/1054
f 1224/2629/1053 1225/2631/1055 1139/2628/1052
f 1223/2627/1051 1224/2629/1053 1140/2626/1050
f 1220/2625/1049 1223/2627/1051 1141/2624/1048
f 1219/2623/1047 1220/2625/1049 1143/2622/1046
f 1239/2621/1045 1219/2623/1047 1142/2620/1044
f 1238/2619/1043 1239/2621/1045 1144/2618/1042
f 1222/2617/1041 1238/2619/1043 1166/2616/1040
f 1221/2615/1039 1222/2617/1041 1152/2614/1038
f 1264/2613/1037 1221/2615/1039 1151/2612/1036
f 1263/2611/1035 1264/2613/1037 1153/2610/1034
f 1262/2609/1033 1263/2611/1035 1195/2608/1032
f 1254/2607/1031 1262/2609/1033 1196/2606/1030
f 1237/2605/1029 1254/2607/1031 1179/2604/1028
f 1236/2603/1027 1237/2605/1029 1168/2602/1026
f 1294/2601/1025 1236/2603/1027 1167/2600/1024
f 1293/2599/1023 1294/2601/1025 1169/2598/1022
f 1292/2597/1021 1293/2599/1023 1180/2596/1020
f 1279/2595/1019 1292/2597/1021 1181/2594/1018
f 1278/2593/1017 1279/2595/1019 1171/2592/1016
f 1308/2591/1015 1278/2593/1017 1170/2590/1014
f 1291/2589/1013 1308/2591/1015 1172/2588/1012
f 1290/2587/1011 1291/2589/1013 1183/2586/1010
f 1300/2585/1009 1290/2587/1011 1182/2584/1008
f 1299/2583/1007 1300/2585/1009 1184/2582/1006
f 1298/2581/1005 1299/2583/1007 1197/2580/1004
f 1277/2579/1003 1298/2581/1005 1198/2578/1002
f 1276/2577/1001 1277/2579/1003 1186/2576/1000
f 1289/2575/999 1276/2577/1001 1185/2574/998
f 1297/2573/997 1289/2575/999 1187/2572/996
f 1253/2571/995 1297/2573/997 1199/2570/994
f 1252/2569/993 1253/2571/995 1155/2568/992
f 1275/2567/991 1252/2569/993 1154/2566/990
f 1273/2565/989 1275/2567/991 1156/2564/988
f 1274/2563/987 1273/2565/989 1188/2562/986
f 1272/2561/985 1274/2563/987 1190/2560/984
f 1250/2559/983 1272/2561/985 1189/2558/982
f 1251/2557/981 1250/2559/983 1191/2556/980
f 1249/2555/979 1251/2557/981 1158/2554/978
f 1235/2553/977 1249/2555/979 1157/2552/976
f 1261/2551/975 1235/2553/977 1146/2550/974
f 1247/2549/973 1261/2551/975 1145/2548/972
f 1248/2547/971 1247/2549/973 1173/2546/970
f 1245/2545/969 1248/2547/971 1160/2543/968
f 1309/2723/1146 1310/2724/1146 1311/2725/1147
f 1312/2726/1147 1311/2725/1147 1313/2727/1148
f 1314/2728/1148 1313/2727/1148 1315/2729/1149
f 1316/2730/1149 1315/2729/1149 1317/2731/1150
f 1318/2732/1150 1317/2731/1150 1319/2733/1151
f 1320/2734/1151 1319/2733/1151 1321/2735/1152
f 1322/2736/1152 1321/2735/1152 1323/2737/1153
f 1324/2738/1153 1323/2737/1153 1325/2739/1154
f 1326/2740/1154 1325/2739/1154 1327/2741/1155
f 1328/2742/1155 1327/2741/1155 1329/2743/1156
f 1330/2744/1156 1329/2743/1156 1331/2745/1157
f 1332/2746/1157 1331/2745/1157 1333/2747/1158
f 1334/2748/1158 1333/2747/1158 1335/2749/1159
f 1336/2750/1159 1335/2749/1159 1337/2751/1160
f 1338/2752/1160 1337/2751/1160 1339/2753/1161
f 1340/2754/1161 1339/2753/1161 1341/2755/1162
f 1342/2756/1162 1341/2755/1162 1343/2757/1163
f 1344/2758/1163 1343/2757/1163 1345/2759/1164
f 1346/2760/1164 1345/2759/1164 1347/2761/1165
f 1348/2762/1165 1347/2761/1165 1349/2763/1166
f 1350/2764/1166 1349/2763/1166 1351/2765/1167
f 1352/2766/1167 1351/2765/1167 1353/2767/1168
f 1354/2768/1168 1353/2767/1168 1355/2769/1169
f 1356/2770/1169 1355/2769/1169 1357/2771/1170
f 1358/2772/1170 1357/2771/1170 1359/2773/1171
f 1360/2774/1171 1359/2773/1171 1361/2775/1172
f 1362/2776/1172 1361/2775/1172 1363/2777/1173
f 1364/2778/1173 1363/2777/1173 1365/2779/1174
f 1366/2780/1174 1365/2779/1174 1367/2781/1175
f 1368/2782/1175 1367/2781/1175 1369/2783/1176
f 1370/2784/1176 1369/2783/1176 1371/2785/1177
f 1372/2786/1177 1371/2785/1177 1373/2787/1178
f 1374/2788/1178 1373/2787/1178 1375/2789/1179
f 1376/2790/1179 1375/2789/1179 1377/2791/1180
f 1378/2792/1180 1377/2791/1180 1379/2793/1181
f 1380/2794/1181 1379/2793/1181 1381/2795/1182
f 1382/2796/1182 1381/2795/1182 1383/2797/1183
f 1384/2798/1183 1383/2797/1183 1385/2799/1184
f 1386/2800/1184 1385/2799/1184 1387/2801/1185
f 1388/2802/1185 1387/2801/1185 1389/2803/1186
f 1390/2804/1186 1389/2803/1186 1391/2805/1187
f 1392/2806/1187 1391/2805/1187 1393/2807/1188
f 1394/2808/1188 1393/2807/1188 1395/2809/1189
f 1396/2810/1189 1395/2809/1189 1397/2811/1190
f 1398/2812/1190 1397/2811/1190 1399/2813/1191
f 1400/2814/1191 1399/2813/1191 1401/2815/1192
f 1402/2816/1192 1401/2815/1192 1403/2817/1193
f 1404/2818/1193 1403/2817/1193 1405/2819/1194
f 1406/2820/1194 1405/2819/1194 1407/2821/1195
f 1408/2822/1195 1407/2821/1195 1409/2823/1196
f 1410/2824/1196 1409/2823/1196 1411/2825/1197
f 1412/2826/1197 1411/2825/1197 1413/2827/1198
f 1414/2828/1198 1413/2827/1198 1415/2829/1199
f 1416/2830/1199 1415/2829/1199 1417/2831/1200
f 1418/2832/1200 1417/2831/1200 1419/2833/1201
f 1420/2834/1201 1419/2833/1201 1421/2835/1202
f 1005/2836/1203 1006/2837/1203 1310/2724/1146
f 1310/2724/1146 1309/2723/1146 1005/2836/1203
f 1421/2835/1202 1422/2838/1202 1420/2834/1201
f 1419/2833/1201 1420/2834/1201 1418/2832/1200
f 1417/2831/1200 1418/2832/1200 1416/2830/1199
f 1415/2829/1199 1416/2830/1199 1414/2828/1198
f 1413/2827/1198 1414/2828/1198 1412/2826/1197
f 1411/2825/1197 1412/2826/1197 1410/2824/1196
f 1409/2823/1196 1410/2824/1196 1408/2822/1195
f 1407/2821/1195 1408/2822/1195 1406/2820/1194
f 1405/2819/1194 1406/2820/1194 1404/2818/1193
f 1403/2817/1193 1404/2818/1193 1402/2816/1192
f 1401/2815/1192 1402/2816/1192 1400/2814/1191
f 1399/2813/1191 1400/2814/1191 1398/2812/1190
f 1397/2811/1190 1398/2812/1190 1396/2810/1189
f 1395/2809/1189 1396/2810/1189 1394/2808/1188
f 1393/2807/1188 1394/2808/1188 1392/2806/1187
f 1391/2805/1187 1392/2806/1187 1390/2804/1186
f 1389/2803/1186 1390/2804/1186 1388/2802/1185
f 1387/2801/1185 1388/2802/1185 1386/2800/1184
f 1385/2799/1184 1386/2800/1184 1384/2798/1183
f 1383/2797/1183 1384/2798/1183 1382/2796/1182
f 1381/2795/1182 1382/2796/1182 1380/2794/1181
f 1379/2793/1181 1380/2794/1181 1378/2792/1180
f 1377/2791/1180 1378/2792/1180 1376/2790/1179
f 1375/2789/1179 1376/2790/1179 1374/2788/1178
f 1373/2787/1178 1374/2788/1178 1372/2786/1177
f 1371/2785/1177 1372/2786/1177 1370/2784/1176
f 1369/2783/1176 1370/2784/1176 1368/2782/1175
f 1367/2781/1175 1368/2782/1175 1366/2780/1174
f 1365/2779/1174 1366/2780/1174 1364/2778/1173
f 1363/2777/1173 1364/2778/1173 1362/2776/1172
f 1361/2775/1172 1362/2776/1172 1360/2774/1171
f 1359/2773/1171 1360/2774/1171 1358/2772/1170
f 1357/2771/1170 1358/2772/1170 1356/2770/1169
f 1355/2769/1169 1356/2770/1169 1354/2768/1168
f 1353/2767/1168 1354/2768/1168 1352/2766/1167
f 1351/2765/1167 1352/2766/1167 1350/2764/1166
f 1349/2763/1166 1350/2764/1166 1348/2762/1165
f 1347/2761/1165 1348/2762/1165 1346/2760/1164
f 1345/2759/1164 1346/2760/1164 1344/2758/1163
f 1343/2757/1163 1344/2758/1163 1342/2756/1162
f 1341/2755/1162 1342/2756/1162 1340/2754/1161
f 1339/2753/1161 1340/2754/1161 1338/2752/1160
f 1337/2751/1160 1338/2752/1160 1336/2750/1159
f 1335/2749/1159 1336/2750/1159 1334/2748/1158
f 1333/2747/1158 1334/2748/1158 1332/2746/1157
f 1331/2745/1157 1332/2746/1157 1330/2744/1156
f 1329/2743/1156 1330/2744/1156 1328/2742/1155
f 1327/2741/1155 1328/2742/1155 1326/2740/1154
f 1325/2739/1154 1326/2740/1154 1324/2738/1153
f 1323/2737/1153 1324/2738/1153 1322/2736/1152
f 1321/2735/1152 1322/2736/1152 1320/2734/1151
f 1319/2733/1151 1320/2734/1151 1318/2732/1150
f 1317/2731/1150 1318/2732/1150 1316/2730/1149
f 1315/2729/1149 1316/2730/1149 1314/2728/1148
f 1313/2727/1148 1314/2728/1148 1312/2726/1147
f 1311/2725/1147 1312/2726/1147 1309/2723/1146
f 1421/2839/1202 1423/2840/1202 1424/2841/1202
f 1424/2841/1202 1422/2842/1202 1421/2839/1202
f 1340/2843/1204 1342/2844/1204 1425/2845/1204
f 1342/2844/1204 1344/2846/1204 1426/2847/1204
f 1332/2848/1204 1334/2849/1204 1427/2850/1204
f 1334/2849/1204 1336/2851/1204 1428/2852/1204
f 1426/2847/1204 1425/2845/1204 1342/2844/1204
f 1344/2846/1204 1346/2853/1204 1429/2854/1204
f 1346/2853/1204 1348/2855/1204 1430/2856/1204
f 1348/2855/1204 1350/2857/1204 1431/2858/1204
f 1350/2857/1204 1352/2859/1204 1432/2860/1204
f 1352/2859/1204 1354/2861/1204 1433/2862/1204
f 1354/2861/1204 1356/2863/1204 1434/2864/1204
f 1356/2863/1204 1358/2865/1204 1435/2866/1204
f 1360/2867/1204 1436/2868/1204 1435/2866/1204
f 1362/2869/1204 1437/2870/1204 1436/2868/1204
f 1366/2871/1204 1438/2872/1204 1439/2873/1204
f 1368/2874/1204 1440/2875/1204 1438/2872/1204
f 1424/2876/1204 1441/2877/1204 1442/2878/1204
f 1320/2879/1204 1322/2880/1204 1443/2881/1204
f 1322/2880/1204 1324/2882/1204 1444/2883/1204
f 1428/2852/1204 1427/2850/1204 1334/2849/1204
f 1336/2851/1204 1338/2884/1204 1445/2885/1204
f 1338/2884/1204 1340/2843/1204 1446/2886/1204
f 1429/2854/1204 1426/2847/1204 1344/2846/1204
f 1431/2858/1204 1430/2856/1204 1348/2855/1204
f 1433/2862/1204 1432/2860/1204 1352/2859/1204
f 1435/2866/1204 1434/2864/1204 1356/2863/1204
f 1436/2868/1204 1360/2867/1204 1362/2869/1204
f 1364/2887/1204 1439/2873/1204 1437/2870/1204
f 1438/2872/1204 1366/2871/1204 1368/2874/1204
f 1374/2888/1204 1447/2889/1204 1448/2890/1204
f 1376/2891/1204 1449/2892/1204 1447/2889/1204
f 1420/2893/1204 1450/2894/1204 1451/2895/1204
f 1422/2896/1204 1452/2897/1204 1450/2894/1204
f 1422/2896/1204 1453/2898/1204 1454/2899/1204
f 1442/2878/1204 1422/2896/1204 1424/2876/1204
f 1424/2876/1204 1455/2900/1204 1456/2901/1204
f 1424/2876/1204 1457/2902/1204 1458/2903/1204
f 1424/2876/1204 1459/2904/1204 1460/2905/1204
f 1444/2883/1204 1443/2881/1204 1322/2880/1204
f 1324/2882/1204 1326/2906/1204 1461/2907/1204
f 1445/2885/1204 1428/2852/1204 1336/2851/1204
f 1425/2845/1204 1446/2886/1204 1340/2843/1204
f 1432/2860/1204 1431/2858/1204 1350/2857/1204
f 1435/2866/1204 1358/2865/1204 1360/2867/1204
f 1439/2873/1204 1364/2887/1204 1366/2871/1204
f 1370/2908/1204 1462/2909/1204 1440/2875/1204
f 1372/2910/1204 1448/2890/1204 1462/2909/1204
f 1447/2889/1204 1374/2888/1204 1376/2891/1204
f 1386/2911/1204 1463/2912/1204 1464/2913/1204
f 1388/2914/1204 1465/2915/1204 1463/2912/1204
f 1396/2916/1204 1466/2917/1204 1467/2918/1204
f 1398/2919/1204 1468/2920/1204 1466/2917/1204
f 1450/2894/1204 1420/2893/1204 1422/2896/1204
f 1442/2878/1204 1453/2898/1204 1422/2896/1204
f 1456/2901/1204 1469/2921/1204 1424/2876/1204
f 1460/2905/1204 1457/2902/1204 1424/2876/1204
f 1424/2876/1204 1470/2922/1204 1471/2923/1204
f 1461/2907/1204 1444/2883/1204 1324/2882/1204
f 1326/2906/1204 1328/2924/1204 1472/2925/1204
f 1328/2924/1204 1330/2926/1204 1473/2927/1204
f 1330/2926/1204 1332/2848/1204 1474/2928/1204
f 1446/2886/1204 1445/2885/1204 1338/2884/1204
f 1434/2864/1204 1433/2862/1204 1354/2861/1204
f 1440/2875/1204 1368/2874/1204 1370/2908/1204
f 1448/2890/1204 1372/2910/1204 1374/2888/1204
f 1384/2929/1204 1464/2913/1204 1475/2930/1204
f 1463/2912/1204 1386/2911/1204 1388/2914/1204
f 1390/2931/1204 1476/2932/1204 1465/2915/1204
f 1392/2933/1204 1477/2934/1204 1476/2932/1204
f 1394/2935/1204 1467/2918/1204 1477/2934/1204
f 1466/2917/1204 1396/2916/1204 1398/2919/1204
f 1402/2936/1204 1478/2937/1204 1479/2938/1204
f 1404/2939/1204 1480/2940/1204 1478/2937/1204
f 1412/2941/1204 1481/2942/1204 1482/2943/1204
f 1414/2944/1204 1483/2945/1204 1481/2942/1204
f 1422/2896/1204 1484/2946/1204 1452/2897/1204
f 1422/2896/1204 1485/2947/1204 1486/2948/1204
f 1454/2899/1204 1487/2949/1204 1422/2896/1204
f 1458/2903/1204 1455/2900/1204 1424/2876/1204
f 1471/2923/1204 1488/2950/1204 1424/2876/1204
f 1424/2876/1204 1489/2951/1204 1490/2952/1204
f 1472/2925/1204 1461/2907/1204 1326/2906/1204
f 1474/2928/1204 1473/2927/1204 1330/2926/1204
f 1430/2856/1204 1429/2854/1204 1346/2853/1204
f 1462/2909/1204 1370/2908/1204 1372/2910/1204
f 1378/2953/1204 1491/2954/1204 1449/2892/1204
f 1380/2955/1204 1492/2956/1204 1491/2954/1204
f 1382/2957/1204 1475/2930/1204 1492/2956/1204
f 1464/2913/1204 1384/2929/1204 1386/2911/1204
f 1476/2932/1204 1390/2931/1204 1392/2933/1204
f 1467/2918/1204 1394/2935/1204 1396/2916/1204
f 1478/2937/1204 1402/2936/1204 1404/2939/1204
f 1406/2958/1204 1493/2959/1204 1480/2940/1204
f 1408/2960/1204 1494/2961/1204 1493/2959/1204
f 1410/2962/1204 1482/2943/1204 1494/2961/1204
f 1481/2942/1204 1412/2941/1204 1414/2944/1204
f 1416/2963/1204 1495/2964/1204 1483/2945/1204
f 1486/2948/1204 1484/2946/1204 1422/2896/1204
f 1469/2921/1204 1441/2877/1204 1424/2876/1204
f 1424/2876/1204 1496/2965/1204 1470/2922/1204
f 1490/2952/1204 1497/2966/1204 1424/2876/1204
f 1424/2876/1204 1005/2967/1204 1498/2968/1204
f 1005/2967/1204 1499/2969/1204 1500/2970/1204
f 1473/2927/1204 1472/2925/1204 1328/2924/1204
f 1437/2870/1204 1362/2869/1204 1364/2887/1204
f 1491/2954/1204 1378/2953/1204 1380/2955/1204
f 1475/2930/1204 1382/2957/1204 1384/2929/1204
f 1477/2934/1204 1392/2933/1204 1394/2935/1204
f 1400/2971/1204 1479/2938/1204 1468/2920/1204
f 1480/2940/1204 1404/2939/1204 1406/2958/1204
f 1494/2961/1204 1408/2960/1204 1410/2962/1204
f 1483/2945/1204 1414/2944/1204 1416/2963/1204
f 1418/2972/1204 1451/2895/1204 1495/2964/1204
f 1487/2949/1204 1485/2947/1204 1422/2896/1204
f 1497/2966/1204 1496/2965/1204 1424/2876/1204
f 1500/2970/1204 1498/2968/1204 1005/2967/1204
f 1427/2850/1204 1474/2928/1204 1332/2848/1204
f 1492/2956/1204 1380/2955/1204 1382/2957/1204
f 1468/2920/1204 1398/2919/1204 1400/2971/1204
f 1493/2959/1204 1406/2958/1204 1408/2960/1204
f 1495/2964/1204 1416/2963/1204 1418/2972/1204
f 1488/2950/1204 1459/2904/1204 1424/2876/1204
f 1424/2876/1204 1501/2973/1204 1502/2974/1204
f 1498/2968/1204 1503/2975/1204 1424/2876/1204
f 1005/2967/1204 1504/2976/1204 1505/2977/1204
f 1309/2978/1204 1312/2979/1204 1506/2980/1204
f 1312/2979/1204 1314/2981/1204 1507/2982/1204
f 1449/2892/1204 1376/2891/1204 1378/2953/1204
f 1479/2938/1204 1400/2971/1204 1402/2936/1204
f 1451/2895/1204 1418/2972/1204 1420/2893/1204
f 1503/2975/1204 1501/2973/1204 1424/2876/1204
f 1005/2967/1204 1508/2983/1204 1509/2984/1204
f 1505/2977/1204 1510/2985/1204 1005/2967/1204
f 1507/2982/1204 1506/2980/1204 1312/2979/1204
f 1314/2981/1204 1316/2986/1204 1511/2987/1204
f 1316/2986/1204 1318/2988/1204 1512/2989/1204
f 1318/2988/1204 1320/2879/1204 1513/2990/1204
f 1465/2915/1204 1388/2914/1204 1390/2931/1204
f 1502/2974/1204 1489/2951/1204 1424/2876/1204
f 1510/2985/1204 1508/2983/1204 1005/2967/1204
f 1005/2967/1204 1309/2978/1204 1514/2991/1204
f 1511/2987/1204 1507/2982/1204 1314/2981/1204
f 1513/2990/1204 1512/2989/1204 1318/2988/1204
f 1482/2943/1204 1410/2962/1204 1412/2941/1204
f 1514/2991/1204 1504/2976/1204 1005/2967/1204
f 1512/2989/1204 1511/2987/1204 1316/2986/1204
f 1509/2984/1204 1499/2969/1204 1005/2967/1204
f 1443/2881/1204 1513/2990/1204 1320/2879/1204
f 1506/2980/1204 1514/2991/1204 1309/2978/1204
f 1367/2992/1205 1365/2993/1205 1515/2994/1205
f 1365/2993/1205 1363/2995/1205 1516/2996/1205
f 1375/2997/1205 1373/2998/1205 1517/2999/1205
f 1373/2998/1205 1371/3000/1205 1518/3001/1205
f 1516/2996/1205 1515/2994/1205 1365/2993/1205
f 1363/2995/1205 1361/3002/1205 1519/3003/1205
f 1361/3002/1205 1359/3004/1205 1520/3005/1205
f 1359/3004/1205 1357/3006/1205 1521/3007/1205
f 1355/3008/1205 1522/3009/1205 1521/3007/1205
f 1353/3010/1205 1523/3011/1205 1522/3009/1205
f 1351/3012/1205 1524/3013/1205 1523/3011/1205
f 1349/3014/1205 1525/3015/1205 1524/3013/1205
f 1347/3016/1205 1526/3017/1205 1525/3015/1205
f 1345/3018/1205 1527/3019/1205 1526/3017/1205
f 1341/3020/1205 1528/3021/1205 1529/3022/1205
f 1339/3023/1205 1530/3024/1205 1528/3021/1205
f 1423/3025/1205 1421/3026/1205 1531/3027/1205
f 1387/3028/1205 1385/3029/1205 1532/3030/1205
f 1385/3029/1205 1383/3031/1205 1533/3032/1205
f 1518/3001/1205 1517/2999/1205 1373/2998/1205
f 1371/3000/1205 1369/3033/1205 1534/3034/1205
f 1369/3033/1205 1367/2992/1205 1535/3035/1205
f 1519/3003/1205 1516/2996/1205 1363/2995/1205
f 1521/3007/1205 1520/3005/1205 1359/3004/1205
f 1522/3009/1205 1355/3008/1205 1353/3010/1205
f 1524/3013/1205 1351/3012/1205 1349/3014/1205
f 1526/3017/1205 1347/3016/1205 1345/3018/1205
f 1343/3036/1205 1529/3022/1205 1527/3019/1205
f 1528/3021/1205 1341/3020/1205 1339/3023/1205
f 1333/3037/1205 1536/3038/1205 1537/3039/1205
f 1331/3040/1205 1538/3041/1205 1536/3038/1205
f 1423/3025/1205 1539/3042/1205 1540/3043/1205
f 1423/3025/1205 1541/3044/1205 1542/3045/1205
f 1423/3025/1205 1543/3046/1205 1544/3047/1205
f 1421/3026/1205 1545/3048/1205 1531/3027/1205
f 1421/3026/1205 1546/3049/1205 1547/3050/1205
f 1421/3026/1205 1419/3051/1205 1548/3052/1205
f 1419/3051/1205 1417/3053/1205 1549/3054/1205
f 1533/3032/1205 1532/3030/1205 1385/3029/1205
f 1383/3031/1205 1381/3055/1205 1550/3056/1205
f 1534/3034/1205 1518/3001/1205 1371/3000/1205
f 1515/2994/1205 1535/3035/1205 1367/2992/1205
f 1521/3007/1205 1357/3006/1205 1355/3008/1205
f 1525/3015/1205 1349/3014/1205 1347/3016/1205
f 1529/3022/1205 1343/3036/1205 1341/3020/1205
f 1337/3057/1205 1551/3058/1205 1530/3024/1205
f 1335/3059/1205 1537/3039/1205 1551/3058/1205
f 1536/3038/1205 1333/3037/1205 1331/3040/1205
f 1321/3060/1205 1552/3061/1205 1553/3062/1205
f 1319/3063/1205 1554/3064/1205 1552/3061/1205
f 1423/3025/1205 1555/3065/1205 1556/3066/1205
f 1542/3045/1205 1539/3042/1205 1423/3025/1205
f 1423/3025/1205 1557/3067/1205 1543/3046/1205
f 1547/3050/1205 1545/3048/1205 1421/3026/1205
f 1549/3054/1205 1548/3052/1205 1419/3051/1205
f 1550/3056/1205 1533/3032/1205 1383/3031/1205
f 1381/3055/1205 1379/3068/1205 1558/3069/1205
f 1379/3068/1205 1377/3070/1205 1559/3071/1205
f 1377/3070/1205 1375/2997/1205 1560/3072/1205
f 1535/3035/1205 1534/3034/1205 1369/3033/1205
f 1523/3011/1205 1353/3010/1205 1351/3012/1205
f 1530/3024/1205 1339/3023/1205 1337/3057/1205
f 1537/3039/1205 1335/3059/1205 1333/3037/1205
f 1323/3073/1205 1553/3062/1205 1561/3074/1205
f 1552/3061/1205 1321/3060/1205 1319/3063/1205
f 1311/3075/1205 1562/3076/1205 1563/3077/1205
f 1310/3078/1205 1564/3079/1205 1562/3076/1205
f 1423/3025/1205 1565/3080/1205 1566/3081/1205
f 1423/3025/1205 1567/3082/1205 1555/3065/1205
f 1544/3047/1205 1541/3044/1205 1423/3025/1205
f 1421/3026/1205 1568/3083/1205 1546/3049/1205
f 1421/3026/1205 1569/3084/1205 1570/3085/1205
f 1548/3052/1205 1571/3086/1205 1421/3026/1205
f 1413/3087/1205 1411/3088/1205 1572/3089/1205
f 1411/3088/1205 1409/3090/1205 1573/3091/1205
f 1397/3092/1205 1395/3093/1205 1574/3094/1205
f 1395/3093/1205 1393/3095/1205 1575/3096/1205
f 1558/3069/1205 1550/3056/1205 1381/3055/1205
f 1560/3072/1205 1559/3071/1205 1377/3070/1205
f 1520/3005/1205 1519/3003/1205 1361/3002/1205
f 1551/3058/1205 1337/3057/1205 1335/3059/1205
f 1329/3097/1205 1576/3098/1205 1538/3041/1205
f 1327/3099/1205 1577/3100/1205 1576/3098/1205
f 1325/3101/1205 1561/3074/1205 1577/3100/1205
f 1553/3062/1205 1323/3073/1205 1321/3060/1205
f 1317/3102/1205 1578/3103/1205 1554/3064/1205
f 1315/3104/1205 1579/3105/1205 1578/3103/1205
f 1313/3106/1205 1563/3077/1205 1579/3105/1205
f 1562/3076/1205 1311/3075/1205 1310/3078/1205
f 1006/3107/1205 1580/3108/1205 1581/3109/1205
f 1423/3025/1205 1582/3110/1205 1580/3108/1205
f 1423/3025/1205 1583/3111/1205 1565/3080/1205
f 1556/3066/1205 1584/3112/1205 1423/3025/1205
f 1531/3027/1205 1557/3067/1205 1423/3025/1205
f 1571/3086/1205 1569/3084/1205 1421/3026/1205
f 1415/3113/1205 1413/3087/1205 1585/3114/1205
f 1573/3091/1205 1572/3089/1205 1411/3088/1205
f 1403/3115/1205 1401/3116/1205 1586/3117/1205
f 1401/3116/1205 1399/3118/1205 1587/3119/1205
f 1575/3096/1205 1574/3094/1205 1395/3093/1205
f 1393/3095/1205 1391/3120/1205 1588/3121/1205
f 1391/3120/1205 1389/3122/1205 1589/3123/1205
f 1389/3122/1205 1387/3028/1205 1590/3124/1205
f 1559/3071/1205 1558/3069/1205 1379/3068/1205
f 1527/3019/1205 1345/3018/1205 1343/3036/1205
f 1576/3098/1205 1329/3097/1205 1327/3099/1205
f 1561/3074/1205 1325/3101/1205 1323/3073/1205
f 1578/3103/1205 1317/3102/1205 1315/3104/1205
f 1563/3077/1205 1313/3106/1205 1311/3075/1205
f 1006/3107/1205 1591/3125/1205 1592/3126/1205
f 1580/3108/1205 1006/3107/1205 1423/3025/1205
f 1584/3112/1205 1583/3111/1205 1423/3025/1205
f 1570/3085/1205 1568/3083/1205 1421/3026/1205
f 1417/3053/1205 1415/3113/1205 1593/3127/1205
f 1572/3089/1205 1585/3114/1205 1413/3087/1205
f 1409/3090/1205 1407/3128/1205 1594/3129/1205
f 1407/3128/1205 1405/3130/1205 1595/3131/1205
f 1405/3130/1205 1403/3115/1205 1596/3132/1205
f 1587/3119/1205 1586/3117/1205 1401/3116/1205
f 1588/3121/1205 1575/3096/1205 1393/3095/1205
f 1590/3124/1205 1589/3123/1205 1389/3122/1205
f 1517/2999/1205 1560/3072/1205 1375/2997/1205
f 1577/3100/1205 1327/3099/1205 1325/3101/1205
f 1579/3105/1205 1315/3104/1205 1313/3106/1205
f 1006/3107/1205 1597/3133/1205 1564/3079/1205
f 1006/3107/1205 1598/3134/1205 1591/3125/1205
f 1006/3107/1205 1599/3135/1205 1600/3136/1205
f 1423/3025/1205 1601/3137/1205 1582/3110/1205
f 1423/3025/1205 1602/3138/1205 1603/3139/1205
f 1540/3043/1205 1567/3082/1205 1423/3025/1205
f 1585/3114/1205 1593/3127/1205 1415/3113/1205
f 1595/3131/1205 1594/3129/1205 1407/3128/1205
f 1586/3117/1205 1596/3132/1205 1403/3115/1205
f 1589/3123/1205 1588/3121/1205 1391/3120/1205
f 1538/3041/1205 1331/3040/1205 1329/3097/1205
f 1564/3079/1205 1310/3078/1205 1006/3107/1205
f 1600/3136/1205 1598/3134/1205 1006/3107/1205
f 1603/3139/1205 1601/3137/1205 1423/3025/1205
f 1593/3127/1205 1549/3054/1205 1417/3053/1205
f 1596/3132/1205 1595/3131/1205 1405/3130/1205
f 1399/3118/1205 1397/3092/1205 1604/3140/1205
f 1532/3030/1205 1590/3124/1205 1387/3028/1205
f 1592/3126/1205 1597/3133/1205 1006/3107/1205
f 1566/3081/1205 1602/3138/1205 1423/3025/1205
f 1604/3140/1205 1587/3119/1205 1399/3118/1205
f 1554/3064/1205 1319/3063/1205 1317/3102/1205
f 1594/3129/1205 1573/3091/1205 1409/3090/1205
f 1581/3109/1205 1599/3135/1205 1006/3107/1205
f 1574/3094/1205 1604/3140/1205 1397/3092/1205
f 1456/3141/1206 1455/3142/1207 1541/3143/1207
f 1469/3144/1208 1456/3141/1206 1544/3145/1209
f 1441/3146/1210 1469/3144/1208 1543/3147/1211
f 1442/3148/1212 1441/3146/1210 1557/3149/1213
f 1453/3150/1214 1442/3148/1212 1531/3151/1215
f 1454/3152/1216 1453/3150/1214 1545/3153/1217
f 1487/3154/1218 1454/3152/1216 1547/3155/1219
f 1485/3156/1220 1487/3154/1218 1546/3157/1221
f 1486/3158/1222 1485/3156/1220 1568/3159/1223
f 1484/3160/1224 1486/3158/1222 1570/3161/1225
f 1452/3162/1226 1484/3160/1224 1569/3163/1227
f 1450/3164/1228 1452/3162/1226 1571/3165/1229
f 1451/3166/1230 1450/3164/1228 1548/3167/1231
f 1495/3168/1232 1451/3166/1230 1549/3169/1233
f 1483/3170/1234 1495/3168/1232 1593/3171/1235
f 1481/3172/1236 1483/3170/1234 1585/3173/1237
f 1482/3174/1238 1481/3172/1236 1572/3175/1239
f 1494/3176/1240 1482/3174/1238 1573/3177/1241
f 1493/3178/1242 1494/3176/1240 1594/3179/1243
f 1480/3180/1244 1493/3178/1242 1595/3181/1245
f 1478/3182/1246 1480/3180/1244 1596/3183/1247
f 1479/3184/1248 1478/3182/1246 1586/3185/1249
f 1468/3186/1250 1479/3184/1248 1587/3187/1251
f 1466/3188/1252 1468/3186/1250 1604/3189/1253
f 1467/3190/1254 1466/3188/1252 1574/3191/1255
f 1477/3192/1256 1467/3190/1254 1575/3193/1257
f 1476/3194/1258 1477/3192/1256 1588/3195/1259
f 1465/3196/1260 1476/3194/1258 1589/3197/1261
f 1463/3198/1262 1465/3196/1260 1590/3199/1263
f 1464/3200/1264 1463/3198/1262 1532/3201/1265
f 1475/3202/1266 1464/3200/1264 1533/3203/1267
f 1492/3204/1268 1475/3202/1266 1550/3205/1269
f 1491/3206/1270 1492/3204/1268 1558/3207/1271
f 1449/3208/1272 1491/3206/1270 1559/3209/1273
f 1447/3210/1274 1449/3208/1272 1560/3211/1275
f 1448/3212/1276 1447/3210/1274 1517/3213/1277
f 1462/3214/1278 1448/3212/1276 1518/3215/1279
f 1440/3216/1280 1462/3214/1278 1534/3217/1281
f 1438/3218/1282 1440/3216/1280 1535/3219/1283
f 1439/3220/1284 1438/3218/1282 1515/3221/1285
f 1437/3222/1286 1439/3220/1284 1516/3223/1287
f 1436/3224/1288 1437/3222/1286 1519/3225/1289
f 1435/3226/1290 1436/3224/1288 1520/3227/1291
f 1434/3228/1292 1435/3226/1290 1521/3229/1293
f 1433/3230/1294 1434/3228/1292 1522/3231/1295
f 1432/3232/1296 1433/3230/1294 1523/3233/1297
f 1431/3234/1298 1432/3232/1296 1524/3235/1299
f 1430/3236/1300 1431/3234/1298 1525/3237/1301
f 1429/3238/1302 1430/3236/1300 1526/3239/1303
f 1426/3240/1304 1429/3238/1302 1527/3241/1305
f 1425/3242/1306 1426/3240/1304 1529/3243/1307
f 1446/3244/1308 1425/3242/1306 1528/3245/1309
f 1445/3246/1310 1446/3244/1308 1530/3247/1311
f 1428/3248/1312 1445/3246/1310 1551/3249/1313
f 1427/3250/1314 1428/3248/1312 1537/3251/1315
f 1474/3252/1316 1427/3250/1314 1536/3253/1317
f 1473/3254/1318 1474/3252/1316 1538/3255/1319
f 1472/3256/1320 1473/3254/1318 1576/3257/1321
f 1461/3258/1322 1472/3256/1320 1577/3259/1323
f 1444/3260/1324 1461/3258/1322 1561/3261/1325
f 1443/3262/1326 1444/3260/1324 1553/3263/1327
f 1513/3264/1328 1443/3262/1326 1552/3265/1329
f 1512/3266/1330 1513/3264/1328 1554/3267/1331
f 1511/3268/1332 1512/3266/1330 1578/3269/1333
f 1507/3270/1334 1511/3268/1332 1579/3271/1335
f 1506/3272/1336 1507/3270/1334 1563/3273/1337
f 1514/3274/1338 1506/3272/1336 1562/3275/1339
f 1504/3276/1340 1514/3274/1338 1564/3277/1341
f 1505/3278/1342 1504/3276/1340 1597/3279/1343
f 1510/3280/1344 1505/3278/1342 1592/3281/1345
f 1508/3282/1346 1510/3280/1344 1591/3283/1347
f 1509/3284/1348 1508/3282/1346 1598/3285/1349
f 1499/3286/1350 1509/3284/1348 1600/3287/1351
f 1500/3288/1352 1499/3286/1350 1599/3289/1353
f 1498/3290/1354 1500/3288/1352 1581/3291/1355
f 1503/3292/1356 1498/3290/1354 1580/3293/1357
f 1501/3294/1358 1503/3292/1356 1582/3295/1359
f 1502/3296/1360 1501/3294/1358 1601/3297/1361
f 1489/3298/1362 1502/3296/1360 1603/3299/1363
f 1490/3300/1364 1489/3298/1362 1602/3301/1365
f 1497/3302/1366 1490/3300/1364 1566/3303/1367
f 1496/3304/1368 1497/3302/1366 1565/3305/1369
f 1470/3306/1370 1496/3304/1368 1583/3307/1371
f 1471/3308/1372 1470/3306/1370 1584/3309/1373
f 1488/3310/1374 1471/3308/1372 1556/3311/1375
f 1459/3312/1376 1488/3310/1374 1555/3313/1377
f 1460/3314/1378 1459/3312/1376 1567/3315/1379
f 1457/3316/1380 1460/3314/1378 1540/3317/1381
f 1458/3318/1382 1457/3316/1380 1539/3319/1383
f 1455/3142/1207 1458/3318/1382 1542/3320/1382
f 1542/3320/1382 1541/3143/1207 1455/3142/1207
f 1539/3319/1383 1542/3320/1382 1458/3318/1382
f 1540/3317/1381 1539/3319/1383 1457/3316/1380
f 1567/3315/1379 1540/3317/1381 1460/3314/1378
f 1555/3313/1377 1567/3315/1379 1459/3312/1376
f 1556/3311/1375 1555/3313/1377 1488/3310/1374
f 1584/3309/1373 1556/3311/1375 1471/3308/1372
f 1583/3307/1371 1584/3309/1373 1470/3306/1370
f 1565/3305/1369 1583/3307/1371 1496/3304/1368
f 1566/3303/1367 1565/3305/1369 1497/3302/1366
f 1602/3301/1365 1566/3303/1367 1490/3300/1364
f 1603/3299/1363 1602/3301/1365 1489/3298/1362
f 1601/3297/1361 1603/3299/1363 1502/3296/1360
f 1582/3295/1359 1601/3297/1361 1501/3294/1358
f 1580/3293/1357 1582/3295/1359 1503/3292/1356
f 1581/3291/1355 1580/3293/1357 1498/3290/1354
f 1599/3289/1353 1581/3291/1355 1500/3288/1352
f 1600/3287/1351 1599/3289/1353 1499/3286/1350
f 1598/3285/1349 1600/3287/1351 1509/3284/1348
f 1591/3283/1347 1598/3285/1349 1508/3282/1346
f 1592/3281/1345 1591/3283/1347 1510/3280/1344
f 1597/3279/1343 1592/3281/1345 1505/3278/1342
f 1564/3277/1341 1597/3279/1343 1504/3276/1340
f 1562/3275/1339 1564/3277/1341 1514/3274/1338
f 1563/3273/1337 1562/3275/1339 1506/3272/1336
f 1579/3271/1335 1563/3273/1337 1507/3270/1334
f 1578/3269/1333 1579/3271/1335 1511/3268/1332
f 1554/3267/1331 1578/3269/1333 1512/3266/1330
f 1552/3265/1329 1554/3267/1331 1513/3264/1328
f 1553/3263/1327 1552/3265/1329 1443/3262/1326
f 1561/3261/1325 1553/3263/1327 1444/3260/1324
f 1577/3259/1323 1561/3261/1325 1461/3258/1322
f 1576/3257/1321 1577/3259/1323 1472/3256/1320
f 1538/3255/1319 1576/3257/1321 1473/3254/1318
f 1536/3253/1317 1538/3255/1319 1474/3252/1316
f 1537/3251/1315 1536/3253/1317 1427/3250/1314
f 1551/3249/1313 1537/3251/1315 1428/3248/1312
f 1530/3247/1311 1551/3249/1313 1445/3246/1310
f 1528/3245/1309 1530/3247/1311 1446/3244/1308
f 1529/3243/1307 1528/3245/1309 1425/3242/1306
f 1527/3241/1305 1529/3243/1307 1426/3240/1304
f 1526/3239/1303 1527/3241/1305 1429/3238/1302
f 1525/3237/1301 1526/3239/1303 1430/3236/1300
f 1524/3235/1299 1525/3237/1301 1431/3234/1298
f 1523/3233/1297 1524/3235/1299 1432/3232/1296
f 1522/3231/1295 1523/3233/1297 1433/3230/1294
f 1521/3229/1293 1522/3231/1295 1434/3228/1292
f 1520/3227/1291 1521/3229/1293 1435/3226/1290
f 1519/3225/1289 1520/3227/1291 1436/3224/1288
f 1516/3223/1287 1519/3225/1289 1437/3222/1286
f 1515/3221/1285 1516/3223/1287 1439/3220/1284
f 1535/3219/1283 1515/3221/1285 1438/3218/1282
f 1534/3217/1281 1535/3219/1283 1440/3216/1280
f 1518/3215/1279 1534/3217/1281 1462/3214/1278
f 1517/3213/1277 1518/3215/1279 1448/3212/1276
f 1560/3211/1275 1517/3213/1277 1447/3210/1274
f 1559/3209/1273 1560/3211/1275 1449/3208/1272
f 1558/3207/1271 1559/3209/1273 1491/3206/1270
f 1550/3205/1269 1558/3207/1271 1492/3204/1268
f 1533/3203/1267 1550/3205/1269 1475/3202/1266
f 1532/3201/1265 1533/3203/1267 1464/3200/1264
f 1590/3199/1263 1532/3201/1265 1463/3198/1262
f 1589/3197/1261 1590/3199/1263 1465/3196/1260
f 1588/3195/1259 1589/3197/1261 1476/3194/1258
f 1575/3193/1257 1588/3195/1259 1477/3192/1256
f 1574/3191/1255 1575/3193/1257 1467/3190/1254
f 1604/3189/1253 1574/3191/1255 1466/3188/1252
f 1587/3187/1251 1604/3189/1253 1468/3186/1250
f 1586/3185/1249 1587/3187/1251 1479/3184/1248
f 1596/3183/1247 1586/3185/1249 1478/3182/1246
f 1595/3181/1245 1596/3183/1247 1480/3180/1244
f 1594/3179/1243 1595/3181/1245 1493/3178/1242
f 1573/3177/1241 1594/3179/1243 1494/3176/1240
f 1572/3175/1239 1573/3177/1241 1482/3174/1238
f 1585/3173/1237 1572/3175/1239 1481/3172/1236
f 1593/3171/1235 1585/3173/1237 1483/3170/1234
f 1549/3169/1233 1593/3171/1235 1495/3168/1232
f 1548/3167/1231 1549/3169/1233 1451/3166/1230
f 1571/3165/1229 1548/3167/1231 1450/3164/1228
f 1569/3163/1227 1571/3165/1229 1452/3162/1226
f 1570/3161/1225 1569/3163/1227 1484/3160/1224
f 1568/3159/1223 1570/3161/1225 1486/3158/1222
f 1546/3157/1221 1568/3159/1223 1485/3156/1220
f 1547/3155/1219 1546/3157/1221 1487/3154/1218
f 1545/3153/1217 1547/3155/1219 1454/3152/1216
f 1531/3151/1215 1545/3153/1217 1453/3150/1214
f 1557/3149/1213 1531/3151/1215 1442/3148/1212
f 1543/3147/1211 1557/3149/1213 1441/3146/1210
f 1544/3145/1209 1543/3147/1211 1469/3144/1208
f 1541/3143/1207 1544/3145/1209 1456/3141/1206
f 1605/3321/1384 1606/3322/1384 1607/3323/1385
f 1608/3324/1385 1607/3323/1385 1609/3325/1386
f 1610/3326/1386 1609/3325/1386 1611/3327/1387
f 1612/3328/1387 1611/3327/1387 1613/3329/1388
f 1614/3330/1388 1613/3329/1388 1615/3331/1389
f 1616/3332/1389 1615/3331/1389 1617/3333/1390
f 1618/3334/1390 1617/3333/1390 1619/3335/1391
f 1620/3336/1391 1619/3335/1391 1621/3337/1392
f 1622/3338/1392 1621/3337/1392 1623/3339/1393
f 1624/3340/1393 1623/3339/1393 1625/3341/1394
f 1626/3342/1394 1625/3341/1394 1627/3343/1395
f 1628/3344/1395 1627/3343/1395 1629/3345/1396
f 1630/3346/1396 1629/3345/1396 1631/3347/1397
f 1632/3348/1397 1631/3347/1397 1633/3349/1398
f 1634/3350/1398 1633/3349/1398 1635/3351/1399
f 1636/3352/1399 1635/3351/1399 1637/3353/1400
f 1638/3354/1400 1637/3353/1400 1639/3355/1401
f 1640/3356/1401 1639/3355/1401 1641/3357/1402
f 1642/3358/1402 1641/3357/1402 1643/3359/1403
f 1644/3360/1403 1643/3359/1403 1645/3361/1404
f 1646/3362/1404 1645/3361/1404 1647/3363/1405
f 1648/3364/1405 1647/3363/1405 1649/3365/1406
f 1650/3366/1406 1649/3365/1406 1651/3367/1407
f 1652/3368/1407 1651/3367/1407 1653/3369/1408
f 1654/3370/1408 1653/3369/1408 1655/3371/1409
f 1656/3372/1409 1655/3371/1409 1657/3373/1410
f 1658/3374/1410 1657/3373/1410 1659/3375/1411
f 1660/3376/1411 1659/3375/1411 1661/3377/1412
f 1662/3378/1412 1661/3377/1412 1663/3379/1413
f 1664/3380/1413 1663/3379/1413 1665/3381/1414
f 1666/3382/1414 1665/3381/1414 1667/3383/1415
f 1668/3384/1415 1667/3383/1415 1669/3385/1416
f 1670/3386/1416 1669/3385/1416 1671/3387/1417
f 1672/3388/1417 1671/3387/1417 1673/3389/1418
f 1674/3390/1418 1673/3389/1418 1675/3391/1419
f 1676/3392/1419 1675/3391/1419 1677/3393/1420
f 1678/3394/1420 1677/3393/1420 1679/3395/1421
f 1680/3396/1421 1679/3395/1421 1681/3397/1422
f 1682/3398/1422 1681/3397/1422 1683/3399/1423
f 1684/3400/1423 1683/3399/1423 1685/3401/1424
f 1686/3402/1424 1685/3401/1424 1687/3403/1425
f 1688/3404/1425 1687/3403/1425 1689/3405/1426
f 1690/3406/1426 1689/3405/1426 1691/3407/1427
f 1692/3408/1427 1691/3407/1427 1693/3409/1428
f 1694/3410/1428 1693/3409/1428 1695/3411/1429
f 1696/3412/1429 1695/3411/1429 1697/3413/1430
f 1698/3414/1430 1697/3413/1430 1699/3415/1431
f 1700/3416/1431 1699/3415/1431 1701/3417/1432
f 1702/3418/1432 1701/3417/1432 1703/3419/1433
f 1704/3420/1433 1703/3419/1433 1705/3421/1434
f 1706/3422/1434 1705/3421/1434 1707/3423/1435
f 1708/3424/1435 1707/3423/1435 1709/3425/1436
f 1710/3426/1436 1709/3425/1436 1711/3427/1437
f 1712/3428/1437 1711/3427/1437 1713/3429/1438
f 1714/3430/1438 1713/3429/1438 1715/3431/1439
f 1716/3432/1439 1715/3431/1439 1717/3433/1440
f 1003/3434/1441 1004/3435/1441 1606/3322/1384
f 1606/3322/1384 1605/3321/1384 1003/3434/1441
f 1717/3433/1440 1718/3436/1440 1716/3432/1439
f 1715/3431/1439 1716/3432/1439 1714/3430/1438
f 1713/3429/1438 1714/3430/1438 1712/3428/1437
f 1711/3427/1437 1712/3428/1437 1710/3426/1436
f 1709/3425/1436 1710/3426/1436 1708/3424/1435
f 1707/3423/1435 1708/3424/1435 1706/3422/1434
f 1705/3421/1434 1706/3422/1434 1704/3420/1433
f 1703/3419/1433 1704/3420/1433 1702/3418/1432
f 1701/3417/1432 1702/3418/1432 1700/3416/1431
f 1699/3415/1431 1700/3416/1431 1698/3414/1430
f 1697/3413/1430 1698/3414/1430 1696/3412/1429
f 1695/3411/1429 1696/3412/1429 1694/3410/1428
f 1693/3409/1428 1694/3410/1428 1692/3408/1427
f 1691/3407/1427 1692/3408/1427 1690/3406/1426
f 1689/3405/1426 1690/3406/1426 1688/3404/1425
f 1687/3403/1425 1688/3404/1425 1686/3402/1424
f 1685/3401/1424 1686/3402/1424 1684/3400/1423
f 1683/3399/1423 1684/3400/1423 1682/3398/1422
f 1681/3397/1422 1682/3398/1422 1680/3396/1421
f 1679/3395/1421 1680/3396/1421 1678/3394/1420
f 1677/3393/1420 1678/3394/1420 1676/3392/1419
f 1675/3391/1419 1676/3392/1419 1674/3390/1418
f 1673/3389/1418 1674/3390/1418 1672/3388/1417
f 1671/3387/1417 1672/3388/1417 1670/3386/1416
f 1669/3385/1416 1670/3386/1416 1668/3384/1415
f 1667/3383/1415 1668/3384/1415 1666/3382/1414
f 1665/3381/1414 1666/3382/1414 1664/3380/1413
f 1663/3379/1413 1664/3380/1413 1662/3378/1412
f 1661/3377/1412 1662/3378/1412 1660/3376/1411
f 1659/3375/1411 1660/3376/1411 1658/3374/1410
f 1657/3373/1410 1658/3374/1410 1656/3372/1409
f 1655/3371/1409 1656/3372/1409 1654/3370/1408
f 1653/3369/1408 1654/3370/1408 1652/3368/1407
f 1651/3367/1407 1652/3368/1407 1650/3366/1406
f 1649/3365/1406 1650/3366/1406 1648/3364/1405
f 1647/3363/1405 1648/3364/1405 1646/3362/1404
f 1645/3361/1404 1646/3362/1404 1644/3360/1403
f 1643/3359/1403 1644/3360/1403 1642/3358/1402
f 1641/3357/1402 1642/3358/1402 1640/3356/1401
f 1639/3355/1401 1640/3356/1401 1638/3354/1400
f 1637/3353/1400 1638/3354/1400 1636/3352/1399
f 1635/3351/1399 1636/3352/1399 1634/3350/1398
f 1633/3349/1398 1634/3350/1398 1632/3348/1397
f 1631/3347/1397 1632/3348/1397 1630/3346/1396
f 1629/3345/1396 1630/3346/1396 1628/3344/1395
f 1627/3343/1395 1628/3344/1395 1626/3342/1394
f 1625/3341/1394 1626/3342/1394 1624/3340/1393
f 1623/3339/1393 1624/3340/1393 1622/3338/1392
f 1621/3337/1392 1622/3338/1392 1620/3336/1391
f 1619/3335/1391 1620/3336/1391 1618/3334/1390
f 1617/3333/1390 1618/3334/1390 1616/3332/1389
f 1615/3331/1389 1616/3332/1389 1614/3330/1388
f 1613/3329/1388 1614/3330/1388 1612/3328/1387
f 1611/3327/1387 1612/3328/1387 1610/3326/1386
f 1609/3325/1386 1610/3326/1386 1608/3324/1385
f 1607/3323/1385 1608/3324/1385 1605/3321/1384
f 1717/3437/1440 1719/3438/1440 1720/3439/1440
f 1720/3439/1440 1718/3440/1440 1717/3437/1440
f 1636/3441/1442 1638/3442/1442 1721/3443/1442
f 1638/3442/1442 1640/3444/1442 1722/3445/1442
f 1628/3446/1442 1630/3447/1442 1723/3448/1442
f 1630/3447/1442 1632/3449/1442 1724/3450/1442
f 1722/3445/1442 1721/3443/1442 1638/3442/1442
f 1640/3444/1442 1642/3451/1442 1725/3452/1442
f 1642/3451/1442 1644/3453/1442 1726/3454/1442
f 1644/3453/1442 1646/3455/1442 1727/3456/1442
f 1646/3455/1442 1648/3457/1442 1728/3458/1442
f 1648/3457/1442 1650/3459/1442 1729/3460/1442
f 1650/3459/1442 1652/3461/1442 1730/3462/1442
f 1652/3461/1442 1654/3463/1442 1731/3464/1442
f 1656/3465/1442 1732/3466/1442 1731/3464/1442
f 1658/3467/1442 1733/3468/1442 1732/3466/1442
f 1662/3469/1442 1734/3470/1442 1735/3471/1442
f 1664/3472/1442 1736/3473/1442 1734/3470/1442
f 1720/3474/1442 1737/3475/1442 1738/3476/1442
f 1616/3477/1442 1618/3478/1442 1739/3479/1442
f 1618/3478/1442 1620/3480/1442 1740/3481/1442
f 1724/3450/1442 1723/3448/1442 1630/3447/1442
f 1632/3449/1442 1634/3482/1442 1741/3483/1442
f 1634/3482/1442 1636/3441/1442 1742/3484/1442
f 1725/3452/1442 1722/3445/1442 1640/3444/1442
f 1727/3456/1442 1726/3454/1442 1644/3453/1442
f 1729/3460/1442 1728/3458/1442 1648/3457/1442
f 1731/3464/1442 1730/3462/1442 1652/3461/1442
f 1732/3466/1442 1656/3465/1442 1658/3467/1442
f 1660/3485/1442 1735/3471/1442 1733/3468/1442
f 1734/3470/1442 1662/3469/1442 1664/3472/1442
f 1670/3486/1442 1743/3487/1442 1744/3488/1442
f 1672/3489/1442 1745/3490/1442 1743/3487/1442
f 1716/3491/1442 1746/3492/1442 1747/3493/1442
f 1718/3494/1442 1748/3495/1442 1746/3492/1442
f 1718/3494/1442 1749/3496/1442 1750/3497/1442
f 1738/3476/1442 1718/3494/1442 1720/3474/1442
f 1720/3474/1442 1751/3498/1442 1752/3499/1442
f 1720/3474/1442 1753/3500/1442 1754/3501/1442
f 1720/3474/1442 1755/3502/1442 1756/3503/1442
f 1740/3481/1442 1739/3479/1442 1618/3478/1442
f 1620/3480/1442 1622/3504/1442 1757/3505/1442
f 1741/3483/1442 1724/3450/1442 1632/3449/1442
f 1721/3443/1442 1742/3484/1442 1636/3441/1442
f 1728/3458/1442 1727/3456/1442 1646/3455/1442
f 1731/3464/1442 1654/3463/1442 1656/3465/1442
f 1735/3471/1442 1660/3485/1442 1662/3469/1442
f 1666/3506/1442 1758/3507/1442 1736/3473/1442
f 1668/3508/1442 1744/3488/1442 1758/3507/1442
f 1743/3487/1442 1670/3486/1442 1672/3489/1442
f 1682/3509/1442 1759/3510/1442 1760/3511/1442
f 1684/3512/1442 1761/3513/1442 1759/3510/1442
f 1692/3514/1442 1762/3515/1442 1763/3516/1442
f 1694/3517/1442 1764/3518/1442 1762/3515/1442
f 1746/3492/1442 1716/3491/1442 1718/3494/1442
f 1738/3476/1442 1749/3496/1442 1718/3494/1442
f 1752/3499/1442 1765/3519/1442 1720/3474/1442
f 1756/3503/1442 1753/3500/1442 1720/3474/1442
f 1720/3474/1442 1766/3520/1442 1767/3521/1442
f 1757/3505/1442 1740/3481/1442 1620/3480/1442
f 1622/3504/1442 1624/3522/1442 1768/3523/1442
f 1624/3522/1442 1626/3524/1442 1769/3525/1442
f 1626/3524/1442 1628/3446/1442 1770/3526/1442
f 1742/3484/1442 1741/3483/1442 1634/3482/1442
f 1730/3462/1442 1729/3460/1442 1650/3459/1442
f 1736/3473/1442 1664/3472/1442 1666/3506/1442
f 1744/3488/1442 1668/3508/1442 1670/3486/1442
f 1680/3527/1442 1760/3511/1442 1771/3528/1442
f 1759/3510/1442 1682/3509/1442 1684/3512/1442
f 1686/3529/1442 1772/3530/1442 1761/3513/1442
f 1688/3531/1442 1773/3532/1442 1772/3530/1442
f 1690/3533/1442 1763/3516/1442 1773/3532/1442
f 1762/3515/1442 1692/3514/1442 1694/3517/1442
f 1698/3534/1442 1774/3535/1442 1775/3536/1442
f 1700/3537/1442 1776/3538/1442 1774/3535/1442
f 1708/3539/1442 1777/3540/1442 1778/3541/1442
f 1710/3542/1442 1779/3543/1442 1777/3540/1442
f 1718/3494/1442 1780/3544/1442 1748/3495/1442
f 1718/3494/1442 1781/3545/1442 1782/3546/1442
f 1750/3497/1442 1783/3547/1442 1718/3494/1442
f 1754/3501/1442 1751/3498/1442 1720/3474/1442
f 1767/3521/1442 1784/3548/1442 1720/3474/1442
f 1720/3474/1442 1785/3549/1442 1786/3550/1442
f 1768/3523/1442 1757/3505/1442 1622/3504/1442
f 1770/3526/1442 1769/3525/1442 1626/3524/1442
f 1726/3454/1442 1725/3452/1442 1642/3451/1442
f 1758/3507/1442 1666/3506/1442 1668/3508/1442
f 1674/3551/1442 1787/3552/1442 1745/3490/1442
f 1676/3553/1442 1788/3554/1442 1787/3552/1442
f 1678/3555/1442 1771/3528/1442 1788/3554/1442
f 1760/3511/1442 1680/3527/1442 1682/3509/1442
f 1772/3530/1442 1686/3529/1442 1688/3531/1442
f 1763/3516/1442 1690/3533/1442 1692/3514/1442
f 1774/3535/1442 1698/3534/1442 1700/3537/1442
f 1702/3556/1442 1789/3557/1442 1776/3538/1442
f 1704/3558/1442 1790/3559/1442 1789/3557/1442
f 1706/3560/1442 1778/3541/1442 1790/3559/1442
f 1777/3540/1442 1708/3539/1442 1710/3542/1442
f 1712/3561/1442 1791/3562/1442 1779/3543/1442
f 1782/3546/1442 1780/3544/1442 1718/3494/1442
f 1765/3519/1442 1737/3475/1442 1720/3474/1442
f 1720/3474/1442 1792/3563/1442 1766/3520/1442
f 1786/3550/1442 1793/3564/1442 1720/3474/1442
f 1720/3474/1442 1003/3565/1442 1794/3566/1442
f 1003/3565/1442 1795/3567/1442 1796/3568/1442
f 1769/3525/1442 1768/3523/1442 1624/3522/1442
f 1733/3468/1442 1658/3467/1442 1660/3485/1442
f 1787/3552/1442 1674/3551/1442 1676/3553/1442
f 1771/3528/1442 1678/3555/1442 1680/3527/1442
f 1773/3532/1442 1688/3531/1442 1690/3533/1442
f 1696/3569/1442 1775/3536/1442 1764/3518/1442
f 1776/3538/1442 1700/3537/1442 1702/3556/1442
f 1790/3559/1442 1704/3558/1442 1706/3560/1442
f 1779/3543/1442 1710/3542/1442 1712/3561/1442
f 1714/3570/1442 1747/3493/1442 1791/3562/1442
f 1783/3547/1442 1781/3545/1442 1718/3494/1442
f 1793/3564/1442 1792/3563/1442 1720/3474/1442
f 1796/3568/1442 1794/3566/1442 1003/3565/1442
f 1723/3448/1442 1770/3526/1442 1628/3446/1442
f 1788/3554/1442 1676/3553/1442 1678/3555/1442
f 1764/3518/1442 1694/3517/1442 1696/3569/1442
f 1789/3557/1442 1702/3556/1442 1704/3558/1442
f 1791/3562/1442 1712/3561/1442 1714/3570/1442
f 1784/3548/1442 1755/3502/1442 1720/3474/1442
f 1720/3474/1442 1797/3571/1442 1798/3572/1442
f 1794/3566/1442 1799/3573/1442 1720/3474/1442
f 1003/3565/1442 1800/3574/1442 1801/3575/1442
f 1605/3576/1442 1608/3577/1442 1802/3578/1442
f 1608/3577/1442 1610/3579/1442 1803/3580/1442
f 1745/3490/1442 1672/3489/1442 1674/3551/1442
f 1775/3536/1442 1696/3569/1442 1698/3534/1442
f 1747/3493/1442 1714/3570/1442 1716/3491/1442
f 1799/3573/1442 1797/3571/1442 1720/3474/1442
f 1003/3565/1442 1804/3581/1442 1805/3582/1442
f 1801/3575/1442 1806/3583/1442 1003/3565/1442
f 1803/3580/1442 1802/3578/1442 1608/3577/1442
f 1610/3579/1442 1612/3584/1442 1807/3585/1442
f 1612/3584/1442 1614/3586/1442 1808/3587/1442
f 1614/3586/1442 1616/3477/1442 1809/3588/1442
f 1761/3513/1442 1684/3512/1442 1686/3529/1442
f 1798/3572/1442 1785/3549/1442 1720/3474/1442
f 1806/3583/1442 1804/3581/1442 1003/3565/1442
f 1003/3565/1442 1605/3576/1442 1810/3589/1442
f 1807/3585/1442 1803/3580/1442 1610/3579/1442
f 1809/3588/1442 1808/3587/1442 1614/3586/1442
f 1778/3541/1442 1706/3560/1442 1708/3539/1442
f 1810/3589/1442 1800/3574/1442 1003/3565/1442
f 1808/3587/1442 1807/3585/1442 1612/3584/1442
f 1805/3582/1442 1795/3567/1442 1003/3565/1442
f 1739/3479/1442 1809/3588/1442 1616/3477/1442
f 1802/3578/1442 1810/3589/1442 1605/3576/1442
f 1663/3590/1443 1661/3591/1443 1811/3592/1443
f 1661/3591/1443 1659/3593/1443 1812/3594/1443
f 1671/3595/1443 1669/3596/1443 1813/3597/1443
f 1669/3596/1443 1667/3598/1443 1814/3599/1443
f 1812/3594/1443 1811/3592/1443 1661/3591/1443
f 1659/3593/1443 1657/3600/1443 1815/3601/1443
f 1657/3600/1443 1655/3602/1443 1816/3603/1443
f 1655/3602/1443 1653/3604/1443 1817/3605/1443
f 1651/3606/1443 1818/3607/1443 1817/3605/1443
f 1649/3608/1443 1819/3609/1443 1818/3607/1443
f 1647/3610/1443 1820/3611/1443 1819/3609/1443
f 1645/3612/1443 1821/3613/1443 1820/3611/1443
f 1643/3614/1443 1822/3615/1443 1821/3613/1443
f 1641/3616/1443 1823/3617/1443 1822/3615/1443
f 1637/3618/1443 1824/3619/1443 1825/3620/1443
f 1635/3621/1443 1826/3622/1443 1824/3619/1443
f 1719/3623/1443 1717/3624/1443 1827/3625/1443
f 1683/3626/1443 1681/3627/1443 1828/3628/1443
f 1681/3627/1443 1679/3629/1443 1829/3630/1443
f 1814/3599/1443 1813/3597/1443 1669/3596/1443
f 1667/3598/1443 1665/3631/1443 1830/3632/1443
f 1665/3631/1443 1663/3590/1443 1831/3633/1443
f 1815/3601/1443 1812/3594/1443 1659/3593/1443
f 1817/3605/1443 1816/3603/1443 1655/3602/1443
f 1818/3607/1443 1651/3606/1443 1649/3608/1443
f 1820/3611/1443 1647/3610/1443 1645/3612/1443
f 1822/3615/1443 1643/3614/1443 1641/3616/1443
f 1639/3634/1443 1825/3620/1443 1823/3617/1443
f 1824/3619/1443 1637/3618/1443 1635/3621/1443
f 1629/3635/1443 1832/3636/1443 1833/3637/1443
f 1627/3638/1443 1834/3639/1443 1832/3636/1443
f 1719/3623/1443 1835/3640/1443 1836/3641/1443
f 1719/3623/1443 1837/3642/1443 1838/3643/1443
f 1719/3623/1443 1839/3644/1443 1840/3645/1443
f 1717/3624/1443 1841/3646/1443 1827/3625/1443
f 1717/3624/1443 1842/3647/1443 1843/3648/1443
f 1717/3624/1443 1715/3649/1443 1844/3650/1443
f 1715/3649/1443 1713/3651/1443 1845/3652/1443
f 1829/3630/1443 1828/3628/1443 1681/3627/1443
f 1679/3629/1443 1677/3653/1443 1846/3654/1443
f 1830/3632/1443 1814/3599/1443 1667/3598/1443
f 1811/3592/1443 1831/3633/1443 1663/3590/1443
f 1817/3605/1443 1653/3604/1443 1651/3606/1443
f 1821/3613/1443 1645/3612/1443 1643/3614/1443
f 1825/3620/1443 1639/3634/1443 1637/3618/1443
f 1633/3655/1443 1847/3656/1443 1826/3622/1443
f 1631/3657/1443 1833/3637/1443 1847/3656/1443
f 1832/3636/1443 1629/3635/1443 1627/3638/1443
f 1617/3658/1443 1848/3659/1443 1849/3660/1443
f 1615/3661/1443 1850/3662/1443 1848/3659/1443
f 1719/3623/1443 1851/3663/1443 1852/3664/1443
f 1838/3643/1443 1835/3640/1443 1719/3623/1443
f 1719/3623/1443 1853/3665/1443 1839/3644/1443
f 1843/3648/1443 1841/3646/1443 1717/3624/1443
f 1845/3652/1443 1844/3650/1443 1715/3649/1443
f 1846/3654/1443 1829/3630/1443 1679/3629/1443
f 1677/3653/1443 1675/3666/1443 1854/3667/1443
f 1675/3666/1443 1673/3668/1443 1855/3669/1443
f 1673/3668/1443 1671/3595/1443 1856/3670/1443
f 1831/3633/1443 1830/3632/1443 1665/3631/1443
f 1819/3609/1443 1649/3608/1443 1647/3610/1443
f 1826/3622/1443 1635/3621/1443 1633/3655/1443
f 1833/3637/1443 1631/3657/1443 1629/3635/1443
f 1619/3671/1443 1849/3660/1443 1857/3672/1443
f 1848/3659/1443 1617/3658/1443 1615/3661/1443
f 1607/3673/1443 1858/3674/1443 1859/3675/1443
f 1606/3676/1443 1860/3677/1443 1858/3674/1443
f 1719/3623/1443 1861/3678/1443 1862/3679/1443
f 1719/3623/1443 1863/3680/1443 1851/3663/1443
f 1840/3645/1443 1837/3642/1443 1719/3623/1443
f 1717/3624/1443 1864/3681/1443 1842/3647/1443
f 1717/3624/1443 1865/3682/1443 1866/3683/1443
f 1844/3650/1443 1867/3684/1443 1717/3624/1443
f 1709/3685/1443 1707/3686/1443 1868/3687/1443
f 1707/3686/1443 1705/3688/1443 1869/3689/1443
f 1693/3690/1443 1691/3691/1443 1870/3692/1443
f 1691/3691/1443 1689/3693/1443 1871/3694/1443
f 1854/3667/1443 1846/3654/1443 1677/3653/1443
f 1856/3670/1443 1855/3669/1443 1673/3668/1443
f 1816/3603/1443 1815/3601/1443 1657/3600/1443
f 1847/3656/1443 1633/3655/1443 1631/3657/1443
f 1625/3695/1443 1872/3696/1443 1834/3639/1443
f 1623/3697/1443 1873/3698/1443 1872/3696/1443
f 1621/3699/1443 1857/3672/1443 1873/3698/1443
f 1849/3660/1443 1619/3671/1443 1617/3658/1443
f 1613/3700/1443 1874/3701/1443 1850/3662/1443
f 1611/3702/1443 1875/3703/1443 1874/3701/1443
f 1609/3704/1443 1859/3675/1443 1875/3703/1443
f 1858/3674/1443 1607/3673/1443 1606/3676/1443
f 1004/3705/1443 1876/3706/1443 1877/3707/1443
f 1719/3623/1443 1878/3708/1443 1876/3706/1443
f 1719/3623/1443 1879/3709/1443 1861/3678/1443
f 1852/3664/1443 1880/3710/1443 1719/3623/1443
f 1827/3625/1443 1853/3665/1443 1719/3623/1443
f 1867/3684/1443 1865/3682/1443 1717/3624/1443
f 1711/3711/1443 1709/3685/1443 1881/3712/1443
f 1869/3689/1443 1868/3687/1443 1707/3686/1443
f 1699/3713/1443 1697/3714/1443 1882/3715/1443
f 1697/3714/1443 1695/3716/1443 1883/3717/1443
f 1871/3694/1443 1870/3692/1443 1691/3691/1443
f 1689/3693/1443 1687/3718/1443 1884/3719/1443
f 1687/3718/1443 1685/3720/1443 1885/3721/1443
f 1685/3720/1443 1683/3626/1443 1886/3722/1443
f 1855/3669/1443 1854/3667/1443 1675/3666/1443
f 1823/3617/1443 1641/3616/1443 1639/3634/1443
f 1872/3696/1443 1625/3695/1443 1623/3697/1443
f 1857/3672/1443 1621/3699/1443 1619/3671/1443
f 1874/3701/1443 1613/3700/1443 1611/3702/1443
f 1859/3675/1443 1609/3704/1443 1607/3673/1443
f 1004/3705/1443 1887/3723/1443 1888/3724/1443
f 1876/3706/1443 1004/3705/1443 1719/3623/1443
f 1880/3710/1443 1879/3709/1443 1719/3623/1443
f 1866/3683/1443 1864/3681/1443 1717/3624/1443
f 1713/3651/1443 1711/3711/1443 1889/3725/1443
f 1868/3687/1443 1881/3712/1443 1709/3685/1443
f 1705/3688/1443 1703/3726/1443 1890/3727/1443
f 1703/3726/1443 1701/3728/1443 1891/3729/1443
f 1701/3728/1443 1699/3713/1443 1892/3730/1443
f 1883/3717/1443 1882/3715/1443 1697/3714/1443
f 1884/3719/1443 1871/3694/1443 1689/3693/1443
f 1886/3722/1443 1885/3721/1443 1685/3720/1443
f 1813/3597/1443 1856/3670/1443 1671/3595/1443
f 1873/3698/1443 1623/3697/1443 1621/3699/1443
f 1875/3703/1443 1611/3702/1443 1609/3704/1443
f 1004/3705/1443 1893/3731/1443 1860/3677/1443
f 1004/3705/1443 1894/3732/1443 1887/3723/1443
f 1004/3705/1443 1895/3733/1443 1896/3734/1443
f 1719/3623/1443 1897/3735/1443 1878/3708/1443
f 1719/3623/1443 1898/3736/1443 1899/3737/1443
f 1836/3641/1443 1863/3680/1443 1719/3623/1443
f 1881/3712/1443 1889/3725/1443 1711/3711/1443
f 1891/3729/1443 1890/3727/1443 1703/3726/1443
f 1882/3715/1443 1892/3730/1443 1699/3713/1443
f 1885/3721/1443 1884/3719/1443 1687/3718/1443
f 1834/3639/1443 1627/3638/1443 1625/3695/1443
f 1860/3677/1443 1606/3676/1443 1004/3705/1443
f 1896/3734/1443 1894/3732/1443 1004/3705/1443
f 1899/3737/1443 1897/3735/1443 1719/3623/1443
f 1889/3725/1443 1845/3652/1443 1713/3651/1443
f 1892/3730/1443 1891/3729/1443 1701/3728/1443
f 1695/3716/1443 1693/3690/1443 1900/3738/1443
f 1828/3628/1443 1886/3722/1443 1683/3626/1443
f 1888/3724/1443 1893/3731/1443 1004/3705/1443
f 1862/3679/1443 1898/3736/1443 1719/3623/1443
f 1900/3738/1443 1883/3717/1443 1695/3716/1443
f 1850/3662/1443 1615/3661/1443 1613/3700/1443
f 1890/3727/1443 1869/3689/1443 1705/3688/1443
f 1877/3707/1443 1895/3733/1443 1004/3705/1443
f 1870/3692/1443 1900/3738/1443 1693/3690/1443
f 1752/3739/1444 1751/3740/1445 1837/3741/1445
f 1765/3742/1446 1752/3739/1444 1840/3743/1447
f 1737/3744/1448 1765/3742/1446 1839/3745/1449
f 1738/3746/1450 1737/3744/1448 1853/3747/1451
f 1749/3748/1452 1738/3746/1450 1827/3749/1453
f 1750/3750/1454 1749/3748/1452 1841/3751/1455
f 1783/3752/1456 1750/3750/1454 1843/3753/1457
f 1781/3754/1458 1783/3752/1456 1842/3755/1459
f 1782/3756/1460 1781/3754/1458 1864/3757/1461
f 1780/3758/1462 1782/3756/1460 1866/3759/1463
f 1748/3760/1464 1780/3758/1462 1865/3761/1465
f 1746/3762/1466 1748/3760/1464 1867/3763/1467
f 1747/3764/1468 1746/3762/1466 1844/3765/1469
f 1791/3766/1470 1747/3764/1468 1845/3767/1471
f 1779/3768/1472 1791/3766/1470 1889/3769/1473
f 1777/3770/1474 1779/3768/1472 1881/3771/1475
f 1778/3772/1476 1777/3770/1474 1868/3773/1477
f 1790/3774/1478 1778/3772/1476 1869/3775/1479
f 1789/3776/1480 1790/3774/1478 1890/3777/1481
f 1776/3778/1482 1789/3776/1480 1891/3779/1483
f 1774/3780/1484 1776/3778/1482 1892/3781/1485
f 1775/3782/1486 1774/3780/1484 1882/3783/1487
f 1764/3784/1488 1775/3782/1486 1883/3785/1489
f 1762/3786/1490 1764/3784/1488 1900/3787/1491
f 1763/3788/1492 1762/3786/1490 1870/3789/1493
f 1773/3790/1494 1763/3788/1492 1871/3791/1495
f 1772/3792/1496 1773/3790/1494 1884/3793/1497
f 1761/3794/1498 1772/3792/1496 1885/3795/1499
f 1759/3796/1500 1761/3794/1498 1886/3797/1501
f 1760/3798/1502 1759/3796/1500 1828/3799/1503
f 1771/3800/1504 1760/3798/1502 1829/3801/1505
f 1788/3802/1506 1771/3800/1504 1846/3803/1507
f 1787/3804/1508 1788/3802/1506 1854/3805/1509
f 1745/3806/1510 1787/3804/1508 1855/3807/1511
f 1743/3808/1512 1745/3806/1510 1856/3809/1513
f 1744/3810/1514 1743/3808/1512 1813/3811/1515
f 1758/3812/1516 1744/3810/1514 1814/3813/1517
f 1736/3814/1518 1758/3812/1516 1830/3815/1519
f 1734/3816/1520 1736/3814/1518 1831/3817/1521
f 1735/3818/1522 1734/3816/1520 1811/3819/1523
f 1733/3820/1524 1735/3818/1522 1812/3821/1525
f 1732/3822/1526 1733/3820/1524 1815/3823/1527
f 1731/3824/1528 1732/3822/1526 1816/3825/1529
f 1730/3826/1530 1731/3824/1528 1817/3827/1531
f 1729/3828/1532 1730/3826/1530 1818/3829/1533
f 1728/3830/1534 1729/3828/1532 1819/3831/1535
f 1727/3832/1536 1728/3830/1534 1820/3833/1537
f 1726/3834/1538 1727/3832/1536 1821/3835/1539
f 1725/3836/1540 1726/3834/1538 1822/3837/1541
f 1722/3838/1542 1725/3836/1540 1823/3839/1543
f 1721/3840/1544 1722/3838/1542 1825/3841/1545
f 1742/3842/1546 1721/3840/1544 1824/3843/1547
f 1741/3844/1548 1742/3842/1546 1826/3845/1549
f 1724/3846/1550 1741/3844/1548 1847/3847/1551
f 1723/3848/1552 1724/3846/1550 1833/3849/1553
f 1770/3850/1554 1723/3848/1552 1832/3851/1555
f 1769/3852/1556 1770/3850/1554 1834/3853/1557
f 1768/3854/1558 1769/3852/1556 1872/3855/1559
f 1757/3856/1560 1768/3854/1558 1873/3857/1561
f 1740/3858/1562 1757/3856/1560 1857/3859/1563
f 1739/3860/1564 1740/3858/1562 1849/3861/1565
f 1809/3862/1566 1739/3860/1564 1848/3863/1567
f 1808/3864/1568 1809/3862/1566 1850/3865/1569
f 1807/3866/1570 1808/3864/1568 1874/3867/1571
f 1803/3868/1572 1807/3866/1570 1875/3869/1573
f 1802/3870/1574 1803/3868/1572 1859/3871/1575
f 1810/3872/1576 1802/3870/1574 1858/3873/1577
f 1800/3874/1578 1810/3872/1576 1860/3875/1579
f 1801/3876/1580 1800/3874/1578 1893/3877/1581
f 1806/3878/1582 1801/3876/1580 1888/3879/1583
f 1804/3880/1584 1806/3878/1582 1887/3881/1585
f 1805/3882/1586 1804/3880/1584 1894/3883/1587
f 1795/3884/1588 1805/3882/1586 1896/3885/1589
f 1796/3886/1590 1795/3884/1588 1895/3887/1591
f 1794/3888/1592 1796/3886/1590 1877/3889/1593
f 1799/3890/1594 1794/3888/1592 1876/3891/1595
f 1797/3892/1596 1799/3890/1594 1878/3893/1597
f 1798/3894/1598 1797/3892/1596 1897/3895/1599
f 1785/3896/1600 1798/3894/1598 1899/3897/1601
f 1786/3898/1602 1785/3896/1600 1898/3899/1603
f 1793/3900/1604 1786/3898/1602 1862/3901/1605
f 1792/3902/1606 1793/3900/1604 1861/3903/1607
f 1766/3904/1608 1792/3902/1606 1879/3905/1609
f 1767/3906/1610 1766/3904/1608 1880/3907/1611
f 1784/3908/1612 1767/3906/1610 1852/3909/1613
f 1755/3910/1614 1784/3908/1612 1851/3911/1615
f 1756/3912/1616 1755/3910/1614 1863/3913/1617
f 1753/3914/1618 1756/3912/1616 1836/3915/1619
f 1754/3916/1620 1753/3914/1618 1835/3917/1621
f 1751/3740/1445 1754/3916/1620 1838/3918/1620
f 1838/3918/1620 1837/3741/1445 1751/3740/1445
f 1835/3917/1621 1838/3918/1620 1754/3916/1620
f 1836/3915/1619 1835/3917/1621 1753/3914/1618
f 1863/3913/1617 1836/3915/1619 1756/3912/1616
f 1851/3911/1615 1863/3913/1617 1755/3910/1614
f 1852/3909/1613 1851/3911/1615 1784/3908/1612
f 1880/3907/1611 1852/3909/1613 1767/3906/1610
f 1879/3905/1609 1880/3907/1611 1766/3904/1608
f 1861/3903/1607 1879/3905/1609 1792/3902/1606
f 1862/3901/1605 1861/3903/1607 1793/3900/1604
f 1898/3899/1603 1862/3901/1605 1786/3898/1602
f 1899/3897/1601 1898/3899/1603 1785/3896/1600
f 1897/3895/1599 1899/3897/1601 1798/3894/1598
f 1878/3893/1597 1897/3895/1599 1797/3892/1596
f 1876/3891/1595 1878/3893/1597 1799/3890/1594
f 1877/3889/1593 1876/3891/1595 1794/3888/1592
f 1895/3887/1591 1877/3889/1593 1796/3886/1590
f 1896/3885/1589 1895/3887/1591 1795/3884/1588
f 1894/3883/1587 1896/3885/1589 1805/3882/1586
f 1887/3881/1585 1894/3883/1587 1804/3880/1584
f 1888/3879/1583 1887/3881/1585 1806/3878/1582
f 1893/3877/1581 1888/3879/1583 1801/3876/1580
f 1860/3875/1579 1893/3877/1581 1800/3874/1578
f 1858/3873/1577 1860/3875/1579 1810/3872/1576
f 1859/3871/1575 1858/3873/1577 1802/3870/1574
f 1875/3869/1573 1859/3871/1575 1803/3868/1572
f 1874/3867/1571 1875/3869/1573 1807/3866/1570
f 1850/3865/1569 1874/3867/1571 1808/3864/1568
f 1848/3863/1567 1850/3865/1569 1809/3862/1566
f 1849/3861/1565 1848/3863/1567 1739/3860/1564
f 1857/3859/1563 1849/3861/1565 1740/3858/1562
f 1873/3857/1561 1857/3859/1563 1757/3856/1560
f 1872/3855/1559 1873/3857/1561 1768/3854/1558
f 1834/3853/1557 1872/3855/1559 1769/3852/1556
f 1832/3851/1555 1834/3853/1557 1770/3850/1554
f 1833/3849/1553 1832/3851/1555 1723/3848/1552
f 1847/3847/1551 1833/3849/1553 1724/3846/1550
f 1826/3845/1549 1847/3847/1551 1741/3844/1548
f 1824/3843/1547 1826/3845/1549 1742/3842/1546
f 1825/3841/1545 1824/3843/1547 1721/3840/1544
f 1823/3839/1543 1825/3841/1545 1722/3838/1542
f 1822/3837/1541 1823/3839/1543 1725/3836/1540
f 1821/3835/1539 1822/3837/1541 1726/3834/1538
f 1820/3833/1537 1821/3835/1539 1727/3832/1536
f 1819/3831/1535 1820/3833/1537 1728/3830/1534
f 1818/3829/1533 1819/3831/1535 1729/3828/1532
f 1817/3827/1531 1818/3829/1533 1730/3826/1530
f 1816/3825/1529 1817/3827/1531 1731/3824/1528
f 1815/3823/1527 1816/3825/1529 1732/3822/1526
f 1812/3821/1525 1815/3823/1527 1733/3820/1524
f 1811/3819/1523 1812/3821/1525 1735/3818/1522
f 1831/3817/1521 1811/3819/1523 1734/3816/1520
f 1830/3815/1519 1831/3817/1521 1736/3814/1518
f 1814/3813/1517 1830/3815/1519 1758/3812/1516
f 1813/3811/1515 1814/3813/1517 1744/3810/1514
f 1856/3809/1513 1813/3811/1515 1743/3808/1512
f 1855/3807/1511 1856/3809/1513 1745/3806/1510
f 1854/3805/1509 1855/3807/1511 1787/3804/1508
f 1846/3803/1507 1854/3805/1509 1788/3802/1506
f 1829/3801/1505 1846/3803/1507 1771/3800/1504
f 1828/3799/1503 1829/3801/1505 1760/3798/1502
f 1886/3797/1501 1828/3799/1503 1759/3796/1500
f 1885/3795/1499 1886/3797/1501 1761/3794/1498
f 1884/3793/1497 1885/3795/1499 1772/3792/1496
f 1871/3791/1495 1884/3793/1497 1773/3790/1494
f 1870/3789/1493 1871/3791/1495 1763/3788/1492
f 1900/3787/1491 1870/3789/1493 1762/3786/1490
f 1883/3785/1489 1900/3787/1491 1764/3784/1488
f 1882/3783/1487 1883/3785/1489 1775/3782/1486
f 1892/3781/1485 1882/3783/1487 1774/3780/1484
f 1891/3779/1483 1892/3781/1485 1776/3778/1482
f 1890/3777/1481 1891/3779/1483 1789/3776/1480
f 1869/3775/1479 1890/3777/1481 1790/3774/1478
f 1868/3773/1477 1869/3775/1479 1778/3772/1476
f 1881/3771/1475 1868/3773/1477 1777/3770/1474
f 1889/3769/1473 1881/3771/1475 1779/3768/1472
f 1845/3767/1471 1889/3769/1473 1791/3766/1470
f 1844/3765/1469 1845/3767/1471 1747/3764/1468
f 1867/3763/1467 1844/3765/1469 1746/3762/1466
f 1865/3761/1465 1867/3763/1467 1748/3760/1464
f 1866/3759/1463 1865/3761/1465 1780/3758/1462
f 1864/3757/1461 1866/3759/1463 1782/3756/1460
f 1842/3755/1459 1864/3757/1461 1781/3754/1458
f 1843/3753/1457 1842/3755/1459 1783/3752/1456
f 1841/3751/1455 1843/3753/1457 1750/3750/1454
f 1827/3749/1453 1841/3751/1455 1749/3748/1452
f 1853/3747/1451 1827/3749/1453 1738/3746/1450
f 1839/3745/1449 1853/3747/1451 1737/3744/1448
f 1840/3743/1447 1839/3745/1449 1765/3742/1446
f 1837/3741/1445 1840/3743/1447 1752/3739/1444
f 727/3919/1622 605/3920/1622 1127/3921/1622
f 727/3919/1622 655/3922/1622 605/3920/1622
f 727/3919/1622 656/3923/1622 655/3922/1622
f 727/3919/1622 658/3924/1622 657/3925/1622
f 605/3920/1622 1423/3926/1622 1128/3927/1622
f 1006/3928/1622 1007/3929/1622 1128/3927/1622
f 344/3930/1622 1000/3931/1622 1901/3932/1622
f 657/3925/1622 656/3923/1622 727/3919/1622
f 1128/3927/1622 1423/3926/1622 1006/3928/1622
f 605/3920/1622 1719/3933/1622 1424/3934/1622
f 1004/3935/1622 1005/3936/1622 1424/3934/1622
f 1901/3932/1622 433/3937/1622 344/3930/1622
f 1128/3927/1622 1127/3921/1622 605/3920/1622
f 1424/3934/1622 1719/3933/1622 1004/3935/1622
f 605/3920/1622 1902/3938/1622 1720/3939/1622
f 1002/3940/1622 1003/3941/1622 1720/3939/1622
f 344/3930/1622 430/3942/1622 428/3943/1622
f 433/3937/1622 432/3944/1622 344/3930/1622
f 1424/3934/1622 1423/3926/1622 605/3920/1622
f 1720/3939/1622 1902/3938/1622 1002/3940/1622
f 433/3937/1622 1901/3932/1622 1902/3938/1622
f 432/3944/1622 430/3942/1622 344/3930/1622
f 1720/3939/1622 1719/3933/1622 605/3920/1622
f 428/3943/1622 345/3945/1622 344/3930/1622
f 1902/3938/1622 605/3920/1622 433/3937/1622
f 1127/3921/1622 1008/3946/1622 727/3919/1622
f 1903/3947/1623 1902/3948/1623 1901/3949/1623
f 1901/3949/1623 1904/3950/1623 1903/3947/1623
f 1905/3951/1624 1906/3952/1624 1907/3953/1625
f 1908/3954/1625 1907/3953/1625 1909/3955/1626
f 1910/3956/1626 1909/3955/1626 1911/3957/1627
f 1912/3958/1627 1911/3957/1627 1913/3959/1628
f 1914/3960/1628 1913/3959/1628 1915/3961/1629
f 1916/3962/1629 1915/3961/1629 1917/3963/1630
f 1918/3964/1630 1917/3963/1630 1919/3965/1631
f 1920/3966/1631 1919/3965/1631 1921/3967/1632
f 1922/3968/1632 1921/3967/1632 1923/3969/1633
f 1924/3970/1633 1923/3969/1633 1925/3971/1634
f 1926/3972/1634 1925/3971/1634 1927/3973/1635
f 1928/3974/1635 1927/3973/1635 1929/3975/1636
f 1930/3976/1636 1929/3975/1636 1931/3977/1637
f 1932/3978/1637 1931/3977/1637 1933/3979/1638
f 1934/3980/1638 1933/3979/1638 1935/3981/1639
f 1936/3982/1639 1935/3981/1639 1937/3983/1640
f 1938/3984/1640 1937/3983/1640 1939/3985/1641
f 1940/3986/1641 1939/3985/1641 1941/3987/1642
f 1942/3988/1642 1941/3987/1642 1943/3989/1643
f 1944/3990/1643 1943/3989/1643 1945/3991/1644
f 1946/3992/1644 1945/3991/1644 1947/3993/1645
f 1948/3994/1645 1947/3993/1645 1949/3995/1646
f 1950/3996/1646 1949/3995/1646 1951/3997/1647
f 1952/3998/1647 1951/3997/1647 1953/3999/1648
f 1954/4000/1648 1953/3999/1648 1955/4001/1649
f 1956/4002/1649 1955/4001/1649 1957/4003/1650
f 1958/4004/1650 1957/4003/1650 1959/4005/1651
f 1960/4006/1651 1959/4005/1651 1961/4007/1652
f 1962/4008/1652 1961/4007/1652 1963/4009/1653
f 1964/4010/1653 1963/4009/1653 1965/4011/1654
f 1966/4012/1654 1965/4011/1654 1967/4013/1655
f 1968/4014/1655 1967/4013/1655 1969/4015/1656
f 1970/4016/1656 1969/4015/1656 1971/4017/1657
f 1972/4018/1657 1971/4017/1657 1973/4019/1658
f 1974/4020/1658 1973/4019/1658 1975/4021/1659
f 1976/4022/1659 1975/4021/1659 1977/4023/1660
f 1978/4024/1660 1977/4023/1660 1979/4025/1661
f 1980/4026/1661 1979/4025/1661 1981/4027/1662
f 1982/4028/1662 1981/4027/1662 1983/4029/1663
f 1984/4030/1663 1983/4029/1663 1985/4031/1664
f 1986/4032/1664 1985/4031/1664 1987/4033/1665
f 1988/4034/1665 1987/4033/1665 1989/4035/1666
f 1990/4036/1666 1989/4035/1666 1991/4037/1667
f 1992/4038/1667 1991/4037/1667 1993/4039/1668
f 1994/4040/1668 1993/4039/1668 1995/4041/1669
f 1996/4042/1669 1995/4041/1669 1997/4043/1670
f 1998/4044/1670 1997/4043/1670 1999/4045/1671
f 2000/4046/1671 1999/4045/1671 2001/4047/1672
f 2002/4048/1672 2001/4047/1672 2003/4049/1673
f 2004/4050/1673 2003/4049/1673 2005/4051/1674
f 2006/4052/1674 2005/4051/1674 2007/4053/1675
f 2008/4054/1675 2007/4053/1675 2009/4055/1676
f 2010/4056/1676 2009/4055/1676 2011/4057/1677
f 2012/4058/1677 2011/4057/1677 2013/4059/1678
f 2014/4060/1678 2013/4059/1678 2015/4061/1679
f 2016/4062/1679 2015/4061/1679 1903/4063/1680
f 1000/4064/1681 1002/4065/1681 1906/3952/1624
f 1906/3952/1624 1905/3951/1624 1000/4064/1681
f 1903/4063/1680 1904/4066/1680 2016/4062/1679
f 2015/4061/1679 2016/4062/1679 2014/4060/1678
f 2013/4059/1678 2014/4060/1678 2012/4058/1677
f 2011/4057/1677 2012/4058/1677 2010/4056/1676
f 2009/4055/1676 2010/4056/1676 2008/4054/1675
f 2007/4053/1675 2008/4054/1675 2006/4052/1674
f 2005/4051/1674 2006/4052/1674 2004/4050/1673
f 2003/4049/1673 2004/4050/1673 2002/4048/1672
f 2001/4047/1672 2002/4048/1672 2000/4046/1671
f 1999/4045/1671 2000/4046/1671 1998/4044/1670
f 1997/4043/1670 1998/4044/1670 1996/4042/1669
f 1995/4041/1669 1996/4042/1669 1994/4040/1668
f 1993/4039/1668 1994/4040/1668 1992/4038/1667
f 1991/4037/1667 1992/4038/1667 1990/4036/1666
f 1989/4035/1666 1990/4036/1666 1988/4034/1665
f 1987/4033/1665 1988/4034/1665 1986/4032/1664
f 1985/4031/1664 1986/4032/1664 1984/4030/1663
f 1983/4029/1663 1984/4030/1663 1982/4028/1662
f 1981/4027/1662 1982/4028/1662 1980/4026/1661
f 1979/4025/1661 1980/4026/1661 1978/4024/1660
f 1977/4023/1660 1978/4024/1660 1976/4022/1659
f 1975/4021/1659 1976/4022/1659 1974/4020/1658
f 1973/4019/1658 1974/4020/1658 1972/4018/1657
f 1971/4017/1657 1972/4018/1657 1970/4016/1656
f 1969/4015/1656 1970/4016/1656 1968/4014/1655
f 1967/4013/1655 1968/4014/1655 1966/4012/1654
f 1965/4011/1654 1966/4012/1654 1964/4010/1653
f 1963/4009/1653 1964/4010/1653 1962/4008/1652
f 1961/4007/1652 1962/4008/1652 1960/4006/1651
f 1959/4005/1651 1960/4006/1651 1958/4004/1650
f 1957/4003/1650 1958/4004/1650 1956/4002/1649
f 1955/4001/1649 1956/4002/1649 1954/4000/1648
f 1953/3999/1648 1954/4000/1648 1952/3998/1647
f 1951/3997/1647 1952/3998/1647 1950/3996/1646
f 1949/3995/1646 1950/3996/1646 1948/3994/1645
f 1947/3993/1645 1948/3994/1645 1946/3992/1644
f 1945/3991/1644 1946/3992/1644 1944/3990/1643
f 1943/3989/1643 1944/3990/1643 1942/3988/1642
f 1941/3987/1642 1942/3988/1642 1940/3986/1641
f 1939/3985/1641 1940/3986/1641 1938/3984/1640
f 1937/3983/1640 1938/3984/1640 1936/3982/1639
f 1935/3981/1639 1936/3982/1639 1934/3980/1638
f 1933/3979/1638 1934/3980/1638 1932/3978/1637
f 1931/3977/1637 1932/3978/1637 1930/3976/1636
f 1929/3975/1636 1930/3976/1636 1928/3974/1635
f 1927/3973/1635 1928/3974/1635 1926/3972/1634
f 1925/3971/1634 1926/3972/1634 1924/3970/1633
f 1923/3969/1633 1924/3970/1633 1922/3968/1632
f 1921/3967/1632 1922/3968/1632 1920/3966/1631
f 1919/3965/1631 1920/3966/1631 1918/3964/1630
f 1917/3963/1630 1918/3964/1630 1916/3962/1629
f 1915/3961/1629 1916/3962/1629 1914/3960/1628
f 1913/3959/1628 1914/3960/1628 1912/3958/1627
f 1911/3957/1627 1912/3958/1627 1910/3956/1626
f 1909/3955/1626 1910/3956/1626 1908/3954/1625
f 1907/3953/1625 1908/3954/1625 1905/3951/1624
f 1936/4067/1682 1938/4068/1682 2017/4069/1682
f 1938/4068/1682 1940/4070/1682 2018/4071/1682
f 1928/4072/1682 1930/4073/1682 2019/4074/1682
f 1930/4073/1682 1932/4075/1682 2020/4076/1682
f 2018/4071/1682 2017/4069/1682 1938/4068/1682
f 1940/4070/1682 1942/4077/1682 2021/4078/1682
f 1942/4077/1682 1944/4079/1682 2022/4080/1682
f 1944/4079/1682 1946/4081/1682 2023/4082/1682
f 1946/4081/1682 1948/4083/1682 2024/4084/1682
f 1948/4083/1682 1950/4085/1682 2025/4086/1682
f 1950/4085/1682 1952/4087/1682 2026/4088/1682
f 1952/4087/1682 1954/4089/1682 2027/4090/1682
f 1956/4091/1682 2028/4092/1682 2027/4090/1682
f 1958/4093/1682 2029/4094/1682 2028/4092/1682
f 1962/4095/1682 2030/4096/1682 2031/4097/1682
f 1964/4098/1682 2032/4099/1682 2030/4096/1682
f 1901/4100/1682 2033/4101/1682 2034/4102/1682
f 1916/4103/1682 1918/4104/1682 2035/4105/1682
f 1918/4104/1682 1920/4106/1682 2036/4107/1682
f 2020/4076/1682 2019/4074/1682 1930/4073/1682
f 1932/4075/1682 1934/4108/1682 2037/4109/1682
f 1934/4108/1682 1936/4067/1682 2038/4110/1682
f 2021/4078/1682 2018/4071/1682 1940/4070/1682
f 2023/4082/1682 2022/4080/1682 1944/4079/1682
f 2025/4086/1682 2024/4084/1682 1948/4083/1682
f 2027/4090/1682 2026/4088/1682 1952/4087/1682
f 2028/4092/1682 1956/4091/1682 1958/4093/1682
f 1960/4111/1682 2031/4097/1682 2029/4094/1682
f 2030/4096/1682 1962/4095/1682 1964/4098/1682
f 1970/4112/1682 2039/4113/1682 2040/4114/1682
f 1972/4115/1682 2041/4116/1682 2039/4113/1682
f 2016/4117/1682 2042/4118/1682 2043/4119/1682
f 1904/4120/1682 2044/4121/1682 2042/4118/1682
f 1904/4120/1682 2045/4122/1682 2046/4123/1682
f 2034/4102/1682 1904/4120/1682 1901/4100/1682
f 1901/4100/1682 2047/4124/1682 2048/4125/1682
f 1901/4100/1682 2049/4126/1682 2050/4127/1682
f 1901/4100/1682 2051/4128/1682 2052/4129/1682
f 2036/4107/1682 2035/4105/1682 1918/4104/1682
f 1920/4106/1682 1922/4130/1682 2053/4131/1682
f 2037/4109/1682 2020/4076/1682 1932/4075/1682
f 2017/4069/1682 2038/4110/1682 1936/4067/1682
f 2024/4084/1682 2023/4082/1682 1946/4081/1682
f 2027/4090/1682 1954/4089/1682 1956/4091/1682
f 2031/4097/1682 1960/4111/1682 1962/4095/1682
f 1966/4132/1682 2054/4133/1682 2032/4099/1682
f 1968/4134/1682 2040/4114/1682 2054/4133/1682
f 2039/4113/1682 1970/4112/1682 1972/4115/1682
f 1982/4135/1682 2055/4136/1682 2056/4137/1682
f 1984/4138/1682 2057/4139/1682 2055/4136/1682
f 1992/4140/1682 2058/4141/1682 2059/4142/1682
f 1994/4143/1682 2060/4144/1682 2058/4141/1682
f 2042/4118/1682 2016/4117/1682 1904/4120/1682
f 2034/4102/1682 2045/4122/1682 1904/4120/1682
f 2048/4125/1682 2061/4145/1682 1901/4100/1682
f 2052/4129/1682 2049/4126/1682 1901/4100/1682
f 1901/4100/1682 2062/4146/1682 2063/4147/1682
f 2053/4131/1682 2036/4107/1682 1920/4106/1682
f 1922/4130/1682 1924/4148/1682 2064/4149/1682
f 1924/4148/1682 1926/4150/1682 2065/4151/1682
f 1926/4150/1682 1928/4072/1682 2066/4152/1682
f 2038/4110/1682 2037/4109/1682 1934/4108/1682
f 2026/4088/1682 2025/4086/1682 1950/4085/1682
f 2032/4099/1682 1964/4098/1682 1966/4132/1682
f 2040/4114/1682 1968/4134/1682 1970/4112/1682
f 1980/4153/1682 2056/4137/1682 2067/4154/1682
f 2055/4136/1682 1982/4135/1682 1984/4138/1682
f 1986/4155/1682 2068/4156/1682 2057/4139/1682
f 1988/4157/1682 2069/4158/1682 2068/4156/1682
f 1990/4159/1682 2059/4142/1682 2069/4158/1682
f 2058/4141/1682 1992/4140/1682 1994/4143/1682
f 1998/4160/1682 2070/4161/1682 2071/4162/1682
f 2000/4163/1682 2072/4164/1682 2070/4161/1682
f 2008/4165/1682 2073/4166/1682 2074/4167/1682
f 2010/4168/1682 2075/4169/1682 2073/4166/1682
f 1904/4120/1682 2076/4170/1682 2044/4121/1682
f 1904/4120/1682 2077/4171/1682 2078/4172/1682
f 2046/4123/1682 2079/4173/1682 1904/4120/1682
f 2050/4127/1682 2047/4124/1682 1901/4100/1682
f 2063/4147/1682 2080/4174/1682 1901/4100/1682
f 1901/4100/1682 2081/4175/1682 2082/4176/1682
f 2064/4149/1682 2053/4131/1682 1922/4130/1682
f 2066/4152/1682 2065/4151/1682 1926/4150/1682
f 2022/4080/1682 2021/4078/1682 1942/4077/1682
f 2054/4133/1682 1966/4132/1682 1968/4134/1682
f 1974/4177/1682 2083/4178/1682 2041/4116/1682
f 1976/4179/1682 2084/4180/1682 2083/4178/1682
f 1978/4181/1682 2067/4154/1682 2084/4180/1682
f 2056/4137/1682 1980/4153/1682 1982/4135/1682
f 2068/4156/1682 1986/4155/1682 1988/4157/1682
f 2059/4142/1682 1990/4159/1682 1992/4140/1682
f 2070/4161/1682 1998/4160/1682 2000/4163/1682
f 2002/4182/1682 2085/4183/1682 2072/4164/1682
f 2004/4184/1682 2086/4185/1682 2085/4183/1682
f 2006/4186/1682 2074/4167/1682 2086/4185/1682
f 2073/4166/1682 2008/4165/1682 2010/4168/1682
f 2012/4187/1682 2087/4188/1682 2075/4169/1682
f 2078/4172/1682 2076/4170/1682 1904/4120/1682
f 2061/4145/1682 2033/4101/1682 1901/4100/1682
f 1901/4100/1682 2088/4189/1682 2062/4146/1682
f 2082/4176/1682 2089/4190/1682 1901/4100/1682
f 1901/4100/1682 1000/4191/1682 2090/4192/1682
f 1000/4191/1682 2091/4193/1682 2092/4194/1682
f 2065/4151/1682 2064/4149/1682 1924/4148/1682
f 2029/4094/1682 1958/4093/1682 1960/4111/1682
f 2083/4178/1682 1974/4177/1682 1976/4179/1682
f 2067/4154/1682 1978/4181/1682 1980/4153/1682
f 2069/4158/1682 1988/4157/1682 1990/4159/1682
f 1996/4195/1682 2071/4162/1682 2060/4144/1682
f 2072/4164/1682 2000/4163/1682 2002/4182/1682
f 2086/4185/1682 2004/4184/1682 2006/4186/1682
f 2075/4169/1682 2010/4168/1682 2012/4187/1682
f 2014/4196/1682 2043/4119/1682 2087/4188/1682
f 2079/4173/1682 2077/4171/1682 1904/4120/1682
f 2089/4190/1682 2088/4189/1682 1901/4100/1682
f 2092/4194/1682 2090/4192/1682 1000/4191/1682
f 2019/4074/1682 2066/4152/1682 1928/4072/1682
f 2084/4180/1682 1976/4179/1682 1978/4181/1682
f 2060/4144/1682 1994/4143/1682 1996/4195/1682
f 2085/4183/1682 2002/4182/1682 2004/4184/1682
f 2087/4188/1682 2012/4187/1682 2014/4196/1682
f 2080/4174/1682 2051/4128/1682 1901/4100/1682
f 1901/4100/1682 2093/4197/1682 2094/4198/1682
f 2090/4192/1682 2095/4199/1682 1901/4100/1682
f 1000/4191/1682 2096/4200/1682 2097/4201/1682
f 1905/4202/1682 1908/4203/1682 2098/4204/1682
f 1908/4203/1682 1910/4205/1682 2099/4206/1682
f 2041/4116/1682 1972/4115/1682 1974/4177/1682
f 2071/4162/1682 1996/4195/1682 1998/4160/1682
f 2043/4119/1682 2014/4196/1682 2016/4117/1682
f 2095/4199/1682 2093/4197/1682 1901/4100/1682
f 1000/4191/1682 2100/4207/1682 2101/4208/1682
f 2097/4201/1682 2102/4209/1682 1000/4191/1682
f 2099/4206/1682 2098/4204/1682 1908/4203/1682
f 1910/4205/1682 1912/4210/1682 2103/4211/1682
f 1912/4210/1682 1914/4212/1682 2104/4213/1682
f 1914/4212/1682 1916/4103/1682 2105/4214/1682
f 2057/4139/1682 1984/4138/1682 1986/4155/1682
f 2094/4198/1682 2081/4175/1682 1901/4100/1682
f 2102/4209/1682 2100/4207/1682 1000/4191/1682
f 1000/4191/1682 1905/4202/1682 2106/4215/1682
f 2103/4211/1682 2099/4206/1682 1910/4205/1682
f 2105/4214/1682 2104/4213/1682 1914/4212/1682
f 2074/4167/1682 2006/4186/1682 2008/4165/1682
f 2106/4215/1682 2096/4200/1682 1000/4191/1682
f 2104/4213/1682 2103/4211/1682 1912/4210/1682
f 2101/4208/1682 2091/4193/1682 1000/4191/1682
f 2035/4105/1682 2105/4214/1682 1916/4103/1682
f 2098/4204/1682 2106/4215/1682 1905/4202/1682
f 1963/4216/1683 1961/4217/1683 2107/4218/1683
f 1961/4217/1683 1959/4219/1683 2108/4220/1683
f 1971/4221/1683 1969/4222/1683 2109/4223/1683
f 1969/4222/1683 1967/4224/1683 2110/4225/1683
f 2108/4220/1683 2107/4218/1683 1961/4217/1683
f 1959/4219/1683 1957/4226/1683 2111/4227/1683
f 1957/4226/1683 1955/4228/1683 2112/4229/1683
f 1955/4228/1683 1953/4230/1683 2113/4231/1683
f 1951/4232/1683 2114/4233/1683 2113/4231/1683
f 1949/4234/1683 2115/4235/1683 2114/4233/1683
f 1947/4236/1683 2116/4237/1683 2115/4235/1683
f 1945/4238/1683 2117/4239/1683 2116/4237/1683
f 1943/4240/1683 2118/4241/1683 2117/4239/1683
f 1941/4242/1683 2119/4243/1683 2118/4241/1683
f 1937/4244/1683 2120/4245/1683 2121/4246/1683
f 1935/4247/1683 2122/4248/1683 2120/4245/1683
f 1902/4249/1683 1903/4250/1683 2123/4251/1683
f 1983/4252/1683 1981/4253/1683 2124/4254/1683
f 1981/4253/1683 1979/4255/1683 2125/4256/1683
f 2110/4225/1683 2109/4223/1683 1969/4222/1683
f 1967/4224/1683 1965/4257/1683 2126/4258/1683
f 1965/4257/1683 1963/4216/1683 2127/4259/1683
f 2111/4227/1683 2108/4220/1683 1959/4219/1683
f 2113/4231/1683 2112/4229/1683 1955/4228/1683
f 2114/4233/1683 1951/4232/1683 1949/4234/1683
f 2116/4237/1683 1947/4236/1683 1945/4238/1683
f 2118/4241/1683 1943/4240/1683 1941/4242/1683
f 1939/4260/1683 2121/4246/1683 2119/4243/1683
f 2120/4245/1683 1937/4244/1683 1935/4247/1683
f 1929/4261/1683 2128/4262/1683 2129/4263/1683
f 1927/4264/1683 2130/4265/1683 2128/4262/1683
f 1902/4249/1683 2131/4266/1683 2132/4267/1683
f 1902/4249/1683 2133/4268/1683 2134/4269/1683
f 1902/4249/1683 2135/4270/1683 2136/4271/1683
f 1903/4250/1683 2137/4272/1683 2123/4251/1683
f 1903/4250/1683 2138/4273/1683 2139/4274/1683
f 1903/4250/1683 2015/4275/1683 2140/4276/1683
f 2015/4275/1683 2013/4277/1683 2141/4278/1683
f 2125/4256/1683 2124/4254/1683 1981/4253/1683
f 1979/4255/1683 1977/4279/1683 2142/4280/1683
f 2126/4258/1683 2110/4225/1683 1967/4224/1683
f 2107/4218/1683 2127/4259/1683 1963/4216/1683
f 2113/4231/1683 1953/4230/1683 1951/4232/1683
f 2117/4239/1683 1945/4238/1683 1943/4240/1683
f 2121/4246/1683 1939/4260/1683 1937/4244/1683
f 1933/4281/1683 2143/4282/1683 2122/4248/1683
f 1931/4283/1683 2129/4263/1683 2143/4282/1683
f 2128/4262/1683 1929/4261/1683 1927/4264/1683
f 1917/4284/1683 2144/4285/1683 2145/4286/1683
f 1915/4287/1683 2146/4288/1683 2144/4285/1683
f 1902/4249/1683 2147/4289/1683 2148/4290/1683
f 2134/4269/1683 2131/4266/1683 1902/4249/1683
f 1902/4249/1683 2149/4291/1683 2135/4270/1683
f 2139/4274/1683 2137/4272/1683 1903/4250/1683
f 2141/4278/1683 2140/4276/1683 2015/4275/1683
f 2142/4280/1683 2125/4256/1683 1979/4255/1683
f 1977/4279/1683 1975/4292/1683 2150/4293/1683
f 1975/4292/1683 1973/4294/1683 2151/4295/1683
f 1973/4294/1683 1971/4221/1683 2152/4296/1683
f 2127/4259/1683 2126/4258/1683 1965/4257/1683
f 2115/4235/1683 1949/4234/1683 1947/4236/1683
f 2122/4248/1683 1935/4247/1683 1933/4281/1683
f 2129/4263/1683 1931/4283/1683 1929/4261/1683
f 1919/4297/1683 2145/4286/1683 2153/4298/1683
f 2144/4285/1683 1917/4284/1683 1915/4287/1683
f 1907/4299/1683 2154/4300/1683 2155/4301/1683
f 1906/4302/1683 2156/4303/1683 2154/4300/1683
f 1902/4249/1683 2157/4304/1683 2158/4305/1683
f 1902/4249/1683 2159/4306/1683 2147/4289/1683
f 2136/4271/1683 2133/4268/1683 1902/4249/1683
f 1903/4250/1683 2160/4307/1683 2138/4273/1683
f 1903/4250/1683 2161/4308/1683 2162/4309/1683
f 2140/4276/1683 2163/4310/1683 1903/4250/1683
f 2009/4311/1683 2007/4312/1683 2164/4313/1683
f 2007/4312/1683 2005/4314/1683 2165/4315/1683
f 1993/4316/1683 1991/4317/1683 2166/4318/1683
f 1991/4317/1683 1989/4319/1683 2167/4320/1683
f 2150/4293/1683 2142/4280/1683 1977/4279/1683
f 2152/4296/1683 2151/4295/1683 1973/4294/1683
f 2112/4229/1683 2111/4227/1683 1957/4226/1683
f 2143/4282/1683 1933/4281/1683 1931/4283/1683
f 1925/4321/1683 2168/4322/1683 2130/4265/1683
f 1923/4323/1683 2169/4324/1683 2168/4322/1683
f 1921/4325/1683 2153/4298/1683 2169/4324/1683
f 2145/4286/1683 1919/4297/1683 1917/4284/1683
f 1913/4326/1683 2170/4327/1683 2146/4288/1683
f 1911/4328/1683 2171/4329/1683 2170/4327/1683
f 1909/4330/1683 2155/4301/1683 2171/4329/1683
f 2154/4300/1683 1907/4299/1683 1906/4302/1683
f 1002/4331/1683 2172/4332/1683 2173/4333/1683
f 1902/4249/1683 2174/4334/1683 2172/4332/1683
f 1902/4249/1683 2175/4335/1683 2157/4304/1683
f 2148/4290/1683 2176/4336/1683 1902/4249/1683
f 2123/4251/1683 2149/4291/1683 1902/4249/1683
f 2163/4310/1683 2161/4308/1683 1903/4250/1683
f 2011/4337/1683 2009/4311/1683 2177/4338/1683
f 2165/4315/1683 2164/4313/1683 2007/4312/1683
f 1999/4339/1683 1997/4340/1683 2178/4341/1683
f 1997/4340/1683 1995/4342/1683 2179/4343/1683
f 2167/4320/1683 2166/4318/1683 1991/4317/1683
f 1989/4319/1683 1987/4344/1683 2180/4345/1683
f 1987/4344/1683 1985/4346/1683 2181/4347/1683
f 1985/4346/1683 1983/4252/1683 2182/4348/1683
f 2151/4295/1683 2150/4293/1683 1975/4292/1683
f 2119/4243/1683 1941/4242/1683 1939/4260/1683
f 2168/4322/1683 1925/4321/1683 1923/4323/1683
f 2153/4298/1683 1921/4325/1683 1919/4297/1683
f 2170/4327/1683 1913/4326/1683 1911/4328/1683
f 2155/4301/1683 1909/4330/1683 1907/4299/1683
f 1002/4331/1683 2183/4349/1683 2184/4350/1683
f 2172/4332/1683 1002/4331/1683 1902/4249/1683
f 2176/4336/1683 2175/4335/1683 1902/4249/1683
f 2162/4309/1683 2160/4307/1683 1903/4250/1683
f 2013/4277/1683 2011/4337/1683 2185/4351/1683
f 2164/4313/1683 2177/4338/1683 2009/4311/1683
f 2005/4314/1683 2003/4352/1683 2186/4353/1683
f 2003/4352/1683 2001/4354/1683 2187/4355/1683
f 2001/4354/1683 1999/4339/1683 2188/4356/1683
f 2179/4343/1683 2178/4341/1683 1997/4340/1683
f 2180/4345/1683 2167/4320/1683 1989/4319/1683
f 2182/4348/1683 2181/4347/1683 1985/4346/1683
f 2109/4223/1683 2152/4296/1683 1971/4221/1683
f 2169/4324/1683 1923/4323/1683 1921/4325/1683
f 2171/4329/1683 1911/4328/1683 1909/4330/1683
f 1002/4331/1683 2189/4357/1683 2156/4303/1683
f 1002/4331/1683 2190/4358/1683 2183/4349/1683
f 1002/4331/1683 2191/4359/1683 2192/4360/1683
f 1902/4249/1683 2193/4361/1683 2174/4334/1683
f 1902/4249/1683 2194/4362/1683 2195/4363/1683
f 2132/4267/1683 2159/4306/1683 1902/4249/1683
f 2177/4338/1683 2185/4351/1683 2011/4337/1683
f 2187/4355/1683 2186/4353/1683 2003/4352/1683
f 2178/4341/1683 2188/4356/1683 1999/4339/1683
f 2181/4347/1683 2180/4345/1683 1987/4344/1683
f 2130/4265/1683 1927/4264/1683 1925/4321/1683
f 2156/4303/1683 1906/4302/1683 1002/4331/1683
f 2192/4360/1683 2190/4358/1683 1002/4331/1683
f 2195/4363/1683 2193/4361/1683 1902/4249/1683
f 2185/4351/1683 2141/4278/1683 2013/4277/1683
f 2188/4356/1683 2187/4355/1683 2001/4354/1683
f 1995/4342/1683 1993/4316/1683 2196/4364/1683
f 2124/4254/1683 2182/4348/1683 1983/4252/1683
f 2184/4350/1683 2189/4357/1683 1002/4331/1683
f 2158/4305/1683 2194/4362/1683 1902/4249/1683
f 2196/4364/1683 2179/4343/1683 1995/4342/1683
f 2146/4288/1683 1915/4287/1683 1913/4326/1683
f 2186/4353/1683 2165/4315/1683 2005/4314/1683
f 2173/4333/1683 2191/4359/1683 1002/4331/1683
f 2166/4318/1683 2196/4364/1683 1993/4316/1683
f 2048/4365/1684 2047/4366/1685 2133/4367/1685
f 2061/4368/1686 2048/4365/1684 2136/4369/1687
f 2033/4370/1688 2061/4368/1686 2135/4371/1689
f 2034/4372/1690 2033/4370/1688 2149/4373/1691
f 2045/4374/1692 2034/4372/1690 2123/4375/1693
f 2046/4376/1694 2045/4374/1692 2137/4377/1695
f 2079/4378/1696 2046/4376/1694 2139/4379/1697
f 2077/4380/1698 2079/4378/1696 2138/4381/1699
f 2078/4382/1700 2077/4380/1698 2160/4383/1701
f 2076/4384/1702 2078/4382/1700 2162/4385/1703
f 2044/4386/1704 2076/4384/1702 2161/4387/1705
f 2042/4388/1706 2044/4386/1704 2163/4389/1707
f 2043/4390/1708 2042/4388/1706 2140/4391/1709
f 2087/4392/1710 2043/4390/1708 2141/4393/1711
f 2075/4394/1712 2087/4392/1710 2185/4395/1713
f 2073/4396/1714 2075/4394/1712 2177/4397/1715
f 2074/4398/1716 2073/4396/1714 2164/4399/1717
f 2086/4400/1718 2074/4398/1716 2165/4401/1719
f 2085/4402/1720 2086/4400/1718 2186/4403/1721
f 2072/4404/1722 2085/4402/1720 2187/4405/1723
f 2070/4406/1724 2072/4404/1722 2188/4407/1725
f 2071/4408/1726 2070/4406/1724 2178/4409/1727
f 2060/4410/1728 2071/4408/1726 2179/4411/1729
f 2058/4412/1730 2060/4410/1728 2196/4413/1731
f 2059/4414/1732 2058/4412/1730 2166/4415/1733
f 2069/4416/1734 2059/4414/1732 2167/4417/1735
f 2068/4418/1736 2069/4416/1734 2180/4419/1737
f 2057/4420/1738 2068/4418/1736 2181/4421/1739
f 2055/4422/1740 2057/4420/1738 2182/4423/1741
f 2056/4424/1742 2055/4422/1740 2124/4425/1743
f 2067/4426/1744 2056/4424/1742 2125/4427/1745
f 2084/4428/1746 2067/4426/1744 2142/4429/1747
f 2083/4430/1748 2084/4428/1746 2150/4431/1749
f 2041/4432/1750 2083/4430/1748 2151/4433/1751
f 2039/4434/1752 2041/4432/1750 2152/4435/1753
f 2040/4436/1754 2039/4434/1752 2109/4437/1755
f 2054/4438/1756 2040/4436/1754 2110/4439/1757
f 2032/4440/1758 2054/4438/1756 2126/4441/1759
f 2030/4442/1760 2032/4440/1758 2127/4443/1761
f 2031/4444/1762 2030/4442/1760 2107/4445/1763
f 2029/4446/1764 2031/4444/1762 2108/4447/1765
f 2028/4448/1766 2029/4446/1764 2111/4449/1767
f 2027/4450/1768 2028/4448/1766 2112/4451/1769
f 2026/4452/1770 2027/4450/1768 2113/4453/1771
f 2025/4454/1772 2026/4452/1770 2114/4455/1773
f 2024/4456/1774 2025/4454/1772 2115/4457/1775
f 2023/4458/1776 2024/4456/1774 2116/4459/1777
f 2022/4460/1778 2023/4458/1776 2117/4461/1779
f 2021/4462/1780 2022/4460/1778 2118/4463/1781
f 2018/4464/1782 2021/4462/1780 2119/4465/1783
f 2017/4466/1784 2018/4464/1782 2121/4467/1785
f 2038/4468/1786 2017/4466/1784 2120/4469/1787
f 2037/4470/1788 2038/4468/1786 2122/4471/1789
f 2020/4472/1790 2037/4470/1788 2143/4473/1791
f 2019/4474/1792 2020/4472/1790 2129/4475/1793
f 2066/4476/1794 2019/4474/1792 2128/4477/1795
f 2065/4478/1796 2066/4476/1794 2130/4479/1797
f 2064/4480/1798 2065/4478/1796 2168/4481/1799
f 2053/4482/1800 2064/4480/1798 2169/4483/1801
f 2036/4484/1802 2053/4482/1800 2153/4485/1803
f 2035/4486/1804 2036/4484/1802 2145/4487/1805
f 2105/4488/1806 2035/4486/1804 2144/4489/1807
f 2104/4490/1808 2105/4488/1806 2146/4491/1809
f 2103/4492/1810 2104/4490/1808 2170/4493/1811
f 2099/4494/1812 2103/4492/1810 2171/4495/1813
f 2098/4496/1814 2099/4494/1812 2155/4497/1815
f 2106/4498/1816 2098/4496/1814 2154/4499/1817
f 2096/4500/1818 2106/4498/1816 2156/4501/1819
f 2097/4502/1820 2096/4500/1818 2189/4503/1821
f 2102/4504/1822 2097/4502/1820 2184/4505/1823
f 2100/4506/1824 2102/4504/1822 2183/4507/1825
f 2101/4508/1826 2100/4506/1824 2190/4509/1827
f 2091/4510/1828 2101/4508/1826 2192/4511/1829
f 2092/4512/1830 2091/4510/1828 2191/4513/1831
f 2090/4514/1832 2092/4512/1830 2173/4515/1833
f 2095/4516/1834 2090/4514/1832 2172/4517/1835
f 2093/4518/1836 2095/4516/1834 2174/4519/1837
f 2094/4520/1838 2093/4518/1836 2193/4521/1839
f 2081/4522/1840 2094/4520/1838 2195/4523/1841
f 2082/4524/1842 2081/4522/1840 2194/4525/1843
f 2089/4526/1844 2082/4524/1842 2158/4527/1845
f 2088/4528/1846 2089/4526/1844 2157/4529/1847
f 2062/4530/1848 2088/4528/1846 2175/4531/1849
f 2063/4532/1850 2062/4530/1848 2176/4533/1851
f 2080/4534/1852 2063/4532/1850 2148/4535/1853
f 2051/4536/1854 2080/4534/1852 2147/4537/1855
f 2052/4538/1856 2051/4536/1854 2159/4539/1857
f 2049/4540/1858 2052/4538/1856 2132/4541/1859
f 2050/4542/1860 2049/4540/1858 2131/4543/1861
f 2047/4366/1685 2050/4542/1860 2134/4544/1860
f 2134/4544/1860 2133/4367/1685 2047/4366/1685
f 2131/4543/1861 2134/4544/1860 2050/4542/1860
f 2132/4541/1859 2131/4543/1861 2049/4540/1858
f 2159/4539/1857 2132/4541/1859 2052/4538/1856
f 2147/4537/1855 2159/4539/1857 2051/4536/1854
f 2148/4535/1853 2147/4537/1855 2080/4534/1852
f 2176/4533/1851 2148/4535/1853 2063/4532/1850
f 2175/4531/1849 2176/4533/1851 2062/4530/1848
f 2157/4529/1847 2175/4531/1849 2088/4528/1846
f 2158/4527/1845 2157/4529/1847 2089/4526/1844
f 2194/4525/1843 2158/4527/1845 2082/4524/1842
f 2195/4523/1841 2194/4525/1843 2081/4522/1840
f 2193/4521/1839 2195/4523/1841 2094/4520/1838
f 2174/4519/1837 2193/4521/1839 2093/4518/1836
f 2172/4517/1835 2174/4519/1837 2095/4516/1834
f 2173/4515/1833 2172/4517/1835 2090/4514/1832
f 2191/4513/1831 2173/4515/1833 2092/4512/1830
f 2192/4511/1829 2191/4513/1831 2091/4510/1828
f 2190/4509/1827 2192/4511/1829 2101/4508/1826
f 2183/4507/1825 2190/4509/1827 2100/4506/1824
f 2184/4505/1823 2183/4507/1825 2102/4504/1822
f 2189/4503/1821 2184/4505/1823 2097/4502/1820
f 2156/4501/1819 2189/4503/1821 2096/4500/1818
f 2154/4499/1817 2156/4501/1819 2106/4498/1816
f 2155/4497/1815 2154/4499/1817 2098/4496/1814
f 2171/4495/1813 2155/4497/1815 2099/4494/1812
f 2170/4493/1811 2171/4495/1813 2103/4492/1810
f 2146/4491/1809 2170/4493/1811 2104/4490/1808
f 2144/4489/1807 2146/4491/1809 2105/4488/1806
f 2145/4487/1805 2144/4489/1807 2035/4486/1804
f 2153/4485/1803 2145/4487/1805 2036/4484/1802
f 2169/4483/1801 2153/4485/1803 2053/4482/1800
f 2168/4481/1799 2169/4483/1801 2064/4480/1798
f 2130/4479/1797 2168/4481/1799 2065/4478/1796
f 2128/4477/1795 2130/4479/1797 2066/4476/1794
f 2129/4475/1793 2128/4477/1795 2019/4474/1792
f 2143/4473/1791 2129/4475/1793 2020/4472/1790
f 2122/4471/1789 2143/4473/1791 2037/4470/1788
f 2120/4469/1787 2122/4471/1789 2038/4468/1786
f 2121/4467/1785 2120/4469/1787 2017/4466/1784
f 2119/4465/1783 2121/4467/1785 2018/4464/1782
f 2118/4463/1781 2119/4465/1783 2021/4462/1780
f 2117/4461/1779 2118/4463/1781 2022/4460/1778
f 2116/4459/1777 2117/4461/1779 2023/4458/1776
f 2115/4457/1775 2116/4459/1777 2024/4456/1774
f 2114/4455/1773 2115/4457/1775 2025/4454/1772
f 2113/4453/1771 2114/4455/1773 2026/4452/1770
f 2112/4451/1769 2113/4453/1771 2027/4450/1768
f 2111/4449/1767 2112/4451/1769 2028/4448/1766
f 2108/4447/1765 2111/4449/1767 2029/4446/1764
f 2107/4445/1763 2108/4447/1765 2031/4444/1762
f 2127/4443/1761 2107/4445/1763 2030/4442/1760
f 2126/4441/1759 2127/4443/1761 2032/4440/1758
f 2110/4439/1757 2126/4441/1759 2054/4438/1756
f 2109/4437/1755 2110/4439/1757 2040/4436/1754
f 2152/4435/1753 2109/4437/1755 2039/4434/1752
f 2151/4433/1751 2152/4435/1753 2041/4432/1750
f 2150/4431/1749 2151/4433/1751 2083/4430/1748
f 2142/4429/1747 2150/4431/1749 2084/4428/1746
f 2125/4427/1745 2142/4429/1747 2067/4426/1744
f 2124/4425/1743 2125/4427/1745 2056/4424/1742
f 2182/4423/1741 2124/4425/1743 2055/4422/1740
f 2181/4421/1739 2182/4423/1741 2057/4420/1738
f 2180/4419/1737 2181/4421/1739 2068/4418/1736
f 2167/4417/1735 2180/4419/1737 2069/4416/1734
f 2166/4415/1733 2167/4417/1735 2059/4414/1732
f 2196/4413/1731 2166/4415/1733 2058/4412/1730
f 2179/4411/1729 2196/4413/1731 2060/4410/1728
f 2178/4409/1727 2179/4411/1729 2071/4408/1726
f 2188/4407/1725 2178/4409/1727 2070/4406/1724
f 2187/4405/1723 2188/4407/1725 2072/4404/1722
f 2186/4403/1721 2187/4405/1723 2085/4402/1720
f 2165/4401/1719 2186/4403/1721 2086/4400/1718
f 2164/4399/1717 2165/4401/1719 2074/4398/1716
f 2177/4397/1715 2164/4399/1717 2073/4396/1714
f 2185/4395/1713 2177/4397/1715 2075/4394/1712
f 2141/4393/1711 2185/4395/1713 2087/4392/1710
f 2140/4391/1709 2141/4393/1711 2043/4390/1708
f 2163/4389/1707 2140/4391/1709 2042/4388/1706
f 2161/4387/1705 2163/4389/1707 2044/4386/1704
f 2162/4385/1703 2161/4387/1705 2076/4384/1702
f 2160/4383/1701 2162/4385/1703 2078/4382/1700
f 2138/4381/1699 2160/4383/1701 2077/4380/1698
f 2139/4379/1697 2138/4381/1699 2079/4378/1696
f 2137/4377/1695 2139/4379/1697 2046/4376/1694
f 2123/4375/1693 2137/4377/1695 2045/4374/1692
f 2149/4373/1691 2123/4375/1693 2034/4372/1690
f 2135/4371/1689 2149/4373/1691 2033/4370/1688
f 2136/4369/1687 2135/4371/1689 2061/4368/1686
f 2133/4367/1685 2136/4369/1687 2048/4365/1684
