g Body_16_(4)
v 0.1241 -0.274976 0.0975228 0 0 0
v 0.1241 -0.274964 0.0974682 0 0 0
v 0.1441 -0.274964 0.0974682 0 0 0
v 0.1241 -0.274991 0.0975765 0 0 0
v 0.1441 -0.274976 0.0975228 0 0 0
v 0.1241 -0.27501 0.0976289 0 0 0
v 0.1441 -0.274991 0.0975765 0 0 0
v 0.1241 -0.275033 0.09768 0 0 0
v 0.1441 -0.27501 0.0976289 0 0 0
v 0.1241 -0.275059 0.0977293 0 0 0
v 0.1441 -0.275033 0.09768 0 0 0
v 0.1241 -0.275089 0.0977766 0 0 0
v 0.1441 -0.275059 0.0977293 0 0 0
v 0.1241 -0.275121 0.0978218 0 0 0
v 0.1441 -0.275089 0.0977766 0 0 0
v 0.1241 -0.275157 0.0978646 0 0 0
v 0.1441 -0.275121 0.0978218 0 0 0
v 0.1241 -0.275196 0.0979047 0 0 0
v 0.1441 -0.275157 0.0978646 0 0 0
v 0.1241 -0.275238 0.0979421 0 0 0
v 0.1441 -0.275196 0.0979047 0 0 0
v 0.1241 -0.275282 0.0979765 0 0 0
v 0.1441 -0.275238 0.0979421 0 0 0
v 0.1241 -0.275328 0.0980077 0 0 0
v 0.1441 -0.275282 0.0979765 0 0 0
v 0.1241 -0.275376 0.0980356 0 0 0
v 0.1441 -0.275328 0.0980077 0 0 0
v 0.1241 -0.275426 0.0980601 0 0 0
v 0.1441 -0.275376 0.0980356 0 0 0
v 0.1241 -0.275478 0.098081 0 0 0
v 0.1441 -0.275426 0.0980601 0 0 0
v 0.1241 -0.275531 0.0980983 0 0 0
v 0.1441 -0.275478 0.098081 0 0 0
v 0.1241 -0.275586 0.0981118 0 0 0
v 0.1441 -0.275531 0.0980983 0 0 0
v 0.1241 -0.275641 0.0981215 0 0 0
v 0.1441 -0.275586 0.0981118 0 0 0
v 0.1241 -0.275696 0.0981273 0 0 0
v 0.1441 -0.275641 0.0981215 0 0 0
v 0.1241 -0.275752 0.0981293 0 0 0
v 0.1441 -0.275696 0.0981273 0 0 0
v 0.1241 -0.275808 0.0981273 0 0 0
v 0.1441 -0.275752 0.0981293 0 0 0
v 0.1241 -0.275863 0.0981215 0 0 0
v 0.1441 -0.275808 0.0981273 0 0 0
v 0.1241 -0.275918 0.0981118 0 0 0
v 0.1441 -0.275863 0.0981215 0 0 0
v 0.1241 -0.275972 0.0980983 0 0 0
v 0.1441 -0.275918 0.0981118 0 0 0
v 0.1241 -0.276025 0.098081 0 0 0
v 0.1441 -0.275972 0.0980983 0 0 0
v 0.1241 -0.276077 0.0980601 0 0 0
v 0.1441 -0.276025 0.098081 0 0 0
v 0.1241 -0.276127 0.0980356 0 0 0
v 0.1441 -0.276077 0.0980601 0 0 0
v 0.1241 -0.276176 0.0980077 0 0 0
v 0.1441 -0.276127 0.0980356 0 0 0
v 0.1241 -0.276222 0.0979765 0 0 0
v 0.1441 -0.276176 0.0980077 0 0 0
v 0.1241 -0.276266 0.0979421 0 0 0
v 0.1441 -0.276222 0.0979765 0 0 0
v 0.1241 -0.276308 0.0979047 0 0 0
v 0.1441 -0.276266 0.0979421 0 0 0
v 0.1241 -0.276346 0.0978646 0 0 0
v 0.1441 -0.276308 0.0979047 0 0 0
v 0.1241 -0.276382 0.0978218 0 0 0
v 0.1441 -0.276346 0.0978646 0 0 0
v 0.1241 -0.276415 0.0977766 0 0 0
v 0.1441 -0.276382 0.0978218 0 0 0
v 0.1241 -0.276445 0.0977293 0 0 0
v 0.1441 -0.276415 0.0977766 0 0 0
v 0.1241 -0.276471 0.09768 0 0 0
v 0.1441 -0.276445 0.0977293 0 0 0
v 0.1241 -0.276494 0.0976289 0 0 0
v 0.1441 -0.276471 0.09768 0 0 0
v 0.1241 -0.276513 0.0975765 0 0 0
v 0.1441 -0.276494 0.0976289 0 0 0
v 0.1241 -0.276528 0.0975228 0 0 0
v 0.1441 -0.276513 0.0975765 0 0 0
v 0.1241 -0.27654 0.0974682 0 0 0
v 0.1441 -0.276528 0.0975228 0 0 0
v 0.1241 -0.276548 0.0974129 0 0 0
v 0.1441 -0.27654 0.0974682 0 0 0
v 0.1241 -0.276551 0.0973572 0 0 0
v 0.1441 -0.276548 0.0974129 0 0 0
v 0.1241 -0.276551 0.0973013 0 0 0
v 0.1441 -0.276551 0.0973572 0 0 0
v 0.1241 -0.276548 0.0972456 0 0 0
v 0.1441 -0.276551 0.0973013 0 0 0
v 0.1241 -0.27654 0.0971903 0 0 0
v 0.1441 -0.276548 0.0972456 0 0 0
v 0.1241 -0.276528 0.0971357 0 0 0
v 0.1441 -0.27654 0.0971903 0 0 0
v 0.1241 -0.276513 0.097082 0 0 0
v 0.1441 -0.276528 0.0971357 0 0 0
v 0.1241 -0.276494 0.0970296 0 0 0
v 0.1441 -0.276513 0.097082 0 0 0
v 0.1241 -0.276471 0.0969786 0 0 0
v 0.1441 -0.276494 0.0970296 0 0 0
v 0.1241 -0.276445 0.0969293 0 0 0
v 0.1441 -0.276471 0.0969786 0 0 0
v 0.1241 -0.276415 0.0968819 0 0 0
v 0.1441 -0.276445 0.0969293 0 0 0
v 0.1241 -0.276382 0.0968367 0 0 0
v 0.1441 -0.276415 0.0968819 0 0 0
v 0.1241 -0.276346 0.096794 0 0 0
v 0.1441 -0.276382 0.0968367 0 0 0
v 0.1241 -0.276308 0.0967538 0 0 0
v 0.1441 -0.276346 0.096794 0 0 0
v 0.1241 -0.276266 0.0967164 0 0 0
v 0.1441 -0.276308 0.0967538 0 0 0
v 0.1241 -0.276222 0.096682 0 0 0
v 0.1441 -0.276266 0.0967164 0 0 0
v 0.1241 -0.276176 0.0966508 0 0 0
v 0.1441 -0.276222 0.096682 0 0 0
v 0.1241 -0.276127 0.0966229 0 0 0
v 0.1441 -0.276176 0.0966508 0 0 0
v 0.1241 -0.276077 0.0965984 0 0 0
v 0.1441 -0.276127 0.0966229 0 0 0
v 0.1241 -0.276025 0.0965775 0 0 0
v 0.1441 -0.276077 0.0965984 0 0 0
v 0.1241 -0.275972 0.0965603 0 0 0
v 0.1441 -0.276025 0.0965775 0 0 0
v 0.1241 -0.275918 0.0965467 0 0 0
v 0.1441 -0.275972 0.0965603 0 0 0
v 0.1241 -0.275863 0.096537 0 0 0
v 0.1441 -0.275918 0.0965467 0 0 0
v 0.1241 -0.275808 0.0965312 0 0 0
v 0.1441 -0.275863 0.096537 0 0 0
v 0.1241 -0.275752 0.0965293 0 0 0
v 0.1441 -0.275808 0.0965312 0 0 0
v 0.1241 -0.275696 0.0965312 0 0 0
v 0.1441 -0.275752 0.0965293 0 0 0
v 0.1241 -0.275641 0.096537 0 0 0
v 0.1441 -0.275696 0.0965312 0 0 0
v 0.1241 -0.275586 0.0965467 0 0 0
v 0.1441 -0.275641 0.096537 0 0 0
v 0.1241 -0.275531 0.0965603 0 0 0
v 0.1441 -0.275586 0.0965467 0 0 0
v 0.1241 -0.275478 0.0965775 0 0 0
v 0.1441 -0.275531 0.0965603 0 0 0
v 0.1241 -0.275426 0.0965984 0 0 0
v 0.1441 -0.275478 0.0965775 0 0 0
v 0.1241 -0.275376 0.0966229 0 0 0
v 0.1441 -0.275426 0.0965984 0 0 0
v 0.1241 -0.275328 0.0966508 0 0 0
v 0.1441 -0.275376 0.0966229 0 0 0
v 0.1241 -0.275282 0.096682 0 0 0
v 0.1441 -0.275328 0.0966508 0 0 0
v 0.1241 -0.275238 0.0967164 0 0 0
v 0.1441 -0.275282 0.096682 0 0 0
v 0.1241 -0.275196 0.0967538 0 0 0
v 0.1441 -0.275238 0.0967164 0 0 0
v 0.1241 -0.275157 0.096794 0 0 0
v 0.1441 -0.275196 0.0967538 0 0 0
v 0.1241 -0.275121 0.0968367 0 0 0
v 0.1441 -0.275157 0.096794 0 0 0
v 0.1241 -0.275089 0.0968819 0 0 0
v 0.1441 -0.275121 0.0968367 0 0 0
v 0.1241 -0.275059 0.0969293 0 0 0
v 0.1441 -0.275089 0.0968819 0 0 0
v 0.1241 -0.275033 0.0969786 0 0 0
v 0.1441 -0.275059 0.0969293 0 0 0
v 0.1241 -0.27501 0.0970296 0 0 0
v 0.1441 -0.275033 0.0969786 0 0 0
v 0.1241 -0.274991 0.097082 0 0 0
v 0.1441 -0.27501 0.0970296 0 0 0
v 0.1241 -0.274976 0.0971357 0 0 0
v 0.1441 -0.274991 0.097082 0 0 0
v 0.1241 -0.274964 0.0971903 0 0 0
v 0.1441 -0.274976 0.0971357 0 0 0
v 0.1241 -0.274956 0.0972456 0 0 0
v 0.1441 -0.274964 0.0971903 0 0 0
v 0.1241 -0.274952 0.0973013 0 0 0
v 0.1441 -0.274956 0.0972456 0 0 0
v 0.1241 -0.274952 0.0973572 0 0 0
v 0.1441 -0.274952 0.0973013 0 0 0
v 0.1241 -0.274956 0.0974129 0 0 0
v 0.1441 -0.274952 0.0973572 0 0 0
v 0.1441 -0.274956 0.0974129 0 0 0
v 0.1241 -0.277497 0.0942956 0 0 0
v 0.1241 -0.277704 0.0944245 0 0 0
v 0.1241 -0.277902 0.0945674 0 0 0
v 0.1241 -0.249061 0.100512 0 0 0
v 0.1241 -0.247816 0.10135 0 0 0
v 0.1241 -0.24773 0.101241 0 0 0
v 0.1241 -0.249193 0.100712 0 0 0
v 0.1241 -0.247894 0.101464 0 0 0
v 0.1241 -0.27683 0.0939995 0 0 0
v 0.1241 -0.277059 0.0940826 0 0 0
v 0.1241 -0.277282 0.0941815 0 0 0
v 0.1241 -0.247076 0.100737 0 0 0
v 0.1241 -0.246949 0.100681 0 0 0
v 0.1241 -0.247536 0.101044 0 0 0
v 0.1241 -0.247429 0.100955 0 0 0
v 0.1241 -0.249311 0.100919 0 0 0
v 0.1241 -0.247965 0.101583 0 0 0
v 0.1241 -0.249414 0.101135 0 0 0
v 0.1241 -0.248027 0.101707 0 0 0
v 0.1241 -0.275144 0.0938824 0 0 0
v 0.1241 -0.275386 0.0938485 0 0 0
v 0.1241 -0.275629 0.0938314 0 0 0
v 0.1241 -0.278089 0.0947238 0 0 0
v 0.1241 -0.278265 0.0948928 0 0 0
v 0.1241 -0.247199 0.100802 0 0 0
v 0.1241 -0.247317 0.100874 0 0 0
v 0.1241 -0.247636 0.101139 0 0 0
v 0.1241 -0.275411 0.100813 0 0 0
v 0.1241 -0.275169 0.10078 0 0 0
v 0.1241 -0.274931 0.100732 0 0 0
v 0.1241 -0.274243 0.100487 0 0 0
v 0.1241 -0.274026 0.100374 0 0 0
v 0.1241 -0.273819 0.100247 0 0 0
v 0.1241 -0.27362 0.100105 0 0 0
v 0.1241 -0.273432 0.0999501 0 0 0
v 0.1241 -0.275872 0.0938313 0 0 0
v 0.1241 -0.276357 0.093882 0 0 0
v 0.1241 -0.276596 0.0939325 0 0 0
v 0.1241 -0.244578 0.0994412 0 0 0
v 0.1241 -0.245335 0.100739 0 0 0
v 0.1241 -0.245212 0.100804 0 0 0
v 0.1241 -0.245179 0.0991934 0 0 0
v 0.1241 -0.245388 0.0991361 0 0 0
v 0.1241 -0.245725 0.100598 0 0 0
v 0.1241 -0.2456 0.0990919 0 0 0
v 0.1241 -0.24586 0.100569 0 0 0
v 0.1241 -0.246819 0.100634 0 0 0
v 0.1241 -0.275654 0.100828 0 0 0
v 0.1241 -0.274696 0.100666 0 0 0
v 0.1241 -0.274466 0.100585 0 0 0
v 0.1241 -0.273255 0.0997823 0 0 0
v 0.1241 -0.276116 0.0938482 0 0 0
v 0.1241 -0.244034 0.0997957 0 0 0
v 0.1241 -0.244334 0.10184 0 0 0
v 0.1241 -0.24429 0.101972 0 0 0
v 0.1241 -0.244389 0.0995481 0 0 0
v 0.1241 -0.244773 0.0993463 0 0 0
v 0.1241 -0.244973 0.0992636 0 0 0
v 0.1241 -0.245461 0.100683 0 0 0
v 0.1241 -0.245592 0.100636 0 0 0
v 0.1241 -0.246686 0.100597 0 0 0
v 0.1241 -0.249502 0.101357 0 0 0
v 0.1241 -0.24808 0.101835 0 0 0
v 0.1241 -0.249575 0.101584 0 0 0
v 0.1241 -0.248124 0.101967 0 0 0
v 0.1241 -0.249632 0.101816 0 0 0
v 0.1241 -0.248159 0.102101 0 0 0
v 0.1241 -0.249674 0.102051 0 0 0
v 0.1241 -0.248185 0.102237 0 0 0
v 0.1241 -0.278428 0.0950736 0 0 0
v 0.1241 -0.278579 0.0952654 0 0 0
v 0.1241 -0.278838 0.0956779 0 0 0
v 0.1241 -0.278945 0.0958968 0 0 0
v 0.1241 -0.279037 0.0961225 0 0 0
v 0.1241 -0.279242 0.0970728 0 0 0
v 0.1241 -0.279252 0.0973164 0 0 0
v 0.1241 -0.279244 0.0975601 0 0 0
v 0.1241 -0.27885 0.0989579 0 0 0
v 0.1241 -0.278729 0.0991696 0 0 0
v 0.1241 -0.278594 0.0993723 0 0 0
v 0.1241 -0.277922 0.100075 0 0 0
v 0.1241 -0.277726 0.10022 0 0 0
v 0.1241 -0.27752 0.10035 0 0 0
v 0.1241 -0.244208 0.102518 0 0 0
v 0.1241 -0.244211 0.102657 0 0 0
v 0.1241 -0.244255 0.102106 0 0 0
v 0.1241 -0.24423 0.102242 0 0 0
v 0.1241 -0.244386 0.101712 0 0 0
v 0.1241 -0.246413 0.100549 0 0 0
v 0.1241 -0.246274 0.10054 0 0 0
v 0.1241 -0.249699 0.102289 0 0 0
v 0.1241 -0.248201 0.102375 0 0 0
v 0.1241 -0.249708 0.102527 0 0 0
v 0.1241 -0.248207 0.102513 0 0 0
v 0.1241 -0.2497 0.102766 0 0 0
v 0.1241 -0.248204 0.102652 0 0 0
v 0.1241 -0.273091 0.0996026 0 0 0
v 0.1241 -0.272939 0.0994118 0 0 0
v 0.1241 -0.272801 0.0992109 0 0 0
v 0.1241 -0.272677 0.099001 0 0 0
v 0.1241 -0.272568 0.0987829 0 0 0
v 0.1241 -0.272475 0.0985577 0 0 0
v 0.1241 -0.272263 0.0976088 0 0 0
v 0.1241 -0.272252 0.0973653 0 0 0
v 0.1241 -0.272258 0.0971216 0 0 0
v 0.1241 -0.272321 0.0966383 0 0 0
v 0.1241 -0.272377 0.0964012 0 0 0
v 0.1241 -0.278715 0.0954671 0 0 0
v 0.1241 -0.27922 0.0978026 0 0 0
v 0.1241 -0.278956 0.0987383 0 0 0
v 0.1241 -0.278445 0.0995652 0 0 0
v 0.1241 -0.278282 0.0997472 0 0 0
v 0.1241 -0.278108 0.0999175 0 0 0
v 0.1241 -0.244214 0.10238 0 0 0
v 0.1241 -0.244596 0.101354 0 0 0
v 0.1241 -0.244518 0.101468 0 0 0
v 0.1241 -0.244208 0.0996664 0 0 0
v 0.1241 -0.245094 0.100877 0 0 0
v 0.1241 -0.244982 0.100958 0 0 0
v 0.1241 -0.246136 0.10054 0 0 0
v 0.1241 -0.245998 0.10055 0 0 0
v 0.1241 -0.24655 0.100568 0 0 0
v 0.1241 -0.249637 0.103239 0 0 0
v 0.1241 -0.249581 0.103471 0 0 0
v 0.1241 -0.248138 0.103061 0 0 0
v 0.1241 -0.24951 0.103699 0 0 0
v 0.1241 -0.248097 0.103194 0 0 0
v 0.1241 -0.2442 0.105406 0 0 0
v 0.1241 -0.242924 0.103749 0 0 0
v 0.1241 -0.24285 0.103525 0 0 0
v 0.1241 -0.243833 0.10511 0 0 0
v 0.1241 -0.243665 0.104944 0 0 0
v 0.1241 -0.272397 0.0983266 0 0 0
v 0.1241 -0.272336 0.0980906 0 0 0
v 0.1241 -0.272291 0.097851 0 0 0
v 0.1241 -0.272281 0.0968789 0 0 0
v 0.1241 -0.279113 0.0963542 0 0 0
v 0.1241 -0.279173 0.0965905 0 0 0
v 0.1241 -0.279216 0.0968304 0 0 0
v 0.1241 -0.279178 0.0980429 0 0 0
v 0.1241 -0.277305 0.100466 0 0 0
v 0.1241 -0.277083 0.100566 0 0 0
v 0.1241 -0.276621 0.10072 0 0 0
v 0.1241 -0.276382 0.100772 0 0 0
v 0.1241 -0.276141 0.100808 0 0 0
v 0.1241 -0.244747 0.103905 0 0 0
v 0.1241 -0.244845 0.104003 0 0 0
v 0.1241 -0.244572 0.10369 0 0 0
v 0.1241 -0.244656 0.103801 0 0 0
v 0.1241 -0.244224 0.102795 0 0 0
v 0.1241 -0.244448 0.101588 0 0 0
v 0.1241 -0.244775 0.101143 0 0 0
v 0.1241 -0.244682 0.101245 0 0 0
v 0.1241 -0.249677 0.103003 0 0 0
v 0.1241 -0.248192 0.10279 0 0 0
v 0.1241 -0.24817 0.102926 0 0 0
v 0.1241 -0.249423 0.103921 0 0 0
v 0.1241 -0.248047 0.103323 0 0 0
v 0.1241 -0.249321 0.104137 0 0 0
v 0.1241 -0.247989 0.103449 0 0 0
v 0.1241 -0.249205 0.104346 0 0 0
v 0.1241 -0.247921 0.10357 0 0 0
v 0.1241 -0.249075 0.104546 0 0 0
v 0.1241 -0.247846 0.103686 0 0 0
v 0.1241 -0.242747 0.103065 0 0 0
v 0.1241 -0.24272 0.10283 0 0 0
v 0.1241 -0.242791 0.103297 0 0 0
v 0.1241 -0.243509 0.104767 0 0 0
v 0.1241 -0.243116 0.10418 0 0 0
v 0.1241 -0.243013 0.103968 0 0 0
v 0.1241 -0.243365 0.10458 0 0 0
v 0.1241 -0.244012 0.105264 0 0 0
v 0.1241 -0.276854 0.100651 0 0 0
v 0.1241 -0.275898 0.100826 0 0 0
v 0.1241 -0.244278 0.103066 0 0 0
v 0.1241 -0.24432 0.103199 0 0 0
v 0.1241 -0.244247 0.102931 0 0 0
v 0.1241 -0.244876 0.101047 0 0 0
v 0.1241 -0.242708 0.102595 0 0 0
v 0.1241 -0.242712 0.102359 0 0 0
v 0.1241 -0.243234 0.104384 0 0 0
v 0.1241 -0.27912 0.0982796 0 0 0
v 0.1241 -0.279046 0.0985118 0 0 0
v 0.1241 -0.24495 0.104094 0 0 0
v 0.1241 -0.244429 0.103453 0 0 0
v 0.1241 -0.244496 0.103574 0 0 0
v 0.1241 -0.24282 0.10166 0 0 0
v 0.1241 -0.242887 0.101434 0 0 0
v 0.1241 -0.242732 0.102124 0 0 0
v 0.1241 -0.242768 0.101891 0 0 0
v 0.1241 -0.24437 0.103328 0 0 0
v 0.1241 -0.238671 0.0984825 0 0 0
v 0.1241 -0.239818 0.0968442 0 0 0
v 0.1241 -0.24506 0.104177 0 0 0
v 0.1441 -0.273091 0.0996026 0 0 0
v 0.1441 -0.273255 0.0997823 0 0 0
v 0.1441 -0.274026 0.100374 0 0 0
v 0.1441 -0.274243 0.100487 0 0 0
v 0.1441 -0.274466 0.100585 0 0 0
v 0.1441 -0.274696 0.100666 0 0 0
v 0.1441 -0.272939 0.0994118 0 0 0
v 0.1441 -0.273432 0.0999501 0 0 0
v 0.1441 -0.27362 0.100105 0 0 0
v 0.1441 -0.272568 0.0987829 0 0 0
v 0.1441 -0.272677 0.099001 0 0 0
v 0.1441 -0.273819 0.100247 0 0 0
v 0.1441 -0.272801 0.0992109 0 0 0
v 0.1441 -0.274931 0.100732 0 0 0
v 0.1441 -0.275169 0.10078 0 0 0
v 0.1441 -0.277305 0.100466 0 0 0
v 0.1441 -0.27752 0.10035 0 0 0
v 0.1441 -0.275411 0.100813 0 0 0
v 0.1441 -0.275898 0.100826 0 0 0
v 0.1441 -0.276141 0.100808 0 0 0
v 0.1441 -0.277083 0.100566 0 0 0
v 0.1441 -0.278282 0.0997472 0 0 0
v 0.1441 -0.278445 0.0995652 0 0 0
v 0.1441 -0.27885 0.0989579 0 0 0
v 0.1441 -0.278956 0.0987383 0 0 0
v 0.1441 -0.249061 0.100512 0 0 0
v 0.1441 -0.2456 0.0990919 0 0 0
v 0.1441 -0.246949 0.100681 0 0 0
v 0.1441 -0.275629 0.0938314 0 0 0
v 0.1441 -0.275386 0.0938485 0 0 0
v 0.1441 -0.275144 0.0938824 0 0 0
v 0.1441 -0.275654 0.100828 0 0 0
v 0.1441 -0.276382 0.100772 0 0 0
v 0.1441 -0.276621 0.10072 0 0 0
v 0.1441 -0.276854 0.100651 0 0 0
v 0.1441 -0.277922 0.100075 0 0 0
v 0.1441 -0.278108 0.0999175 0 0 0
v 0.1441 -0.278594 0.0993723 0 0 0
v 0.1441 -0.278729 0.0991696 0 0 0
v 0.1441 -0.249502 0.101357 0 0 0
v 0.1441 -0.24808 0.101835 0 0 0
v 0.1441 -0.248124 0.101967 0 0 0
v 0.1441 -0.249414 0.101135 0 0 0
v 0.1441 -0.248027 0.101707 0 0 0
v 0.1441 -0.246819 0.100634 0 0 0
v 0.1441 -0.244208 0.0996664 0 0 0
v 0.1441 -0.244034 0.0997957 0 0 0
v 0.1441 -0.244982 0.100958 0 0 0
v 0.1441 -0.272377 0.0964012 0 0 0
v 0.1441 -0.277726 0.10022 0 0 0
v 0.1441 -0.278945 0.0958968 0 0 0
v 0.1441 -0.278838 0.0956779 0 0 0
v 0.1441 -0.242708 0.102595 0 0 0
v 0.1441 -0.243116 0.10418 0 0 0
v 0.1441 -0.243234 0.104384 0 0 0
v 0.1441 -0.24285 0.103525 0 0 0
v 0.1441 -0.242924 0.103749 0 0 0
v 0.1441 -0.249311 0.100919 0 0 0
v 0.1441 -0.247965 0.101583 0 0 0
v 0.1441 -0.247076 0.100737 0 0 0
v 0.1441 -0.245388 0.0991361 0 0 0
v 0.1441 -0.245725 0.100598 0 0 0
v 0.1441 -0.24586 0.100569 0 0 0
v 0.1441 -0.244389 0.0995481 0 0 0
v 0.1441 -0.245094 0.100877 0 0 0
v 0.1441 -0.244876 0.101047 0 0 0
v 0.1441 -0.244448 0.101588 0 0 0
v 0.1441 -0.244518 0.101468 0 0 0
v 0.1441 -0.272252 0.0973653 0 0 0
v 0.1441 -0.272263 0.0976088 0 0 0
v 0.1441 -0.27912 0.0982796 0 0 0
v 0.1441 -0.279178 0.0980429 0 0 0
v 0.1441 -0.279252 0.0973164 0 0 0
v 0.1441 -0.279242 0.0970728 0 0 0
v 0.1441 -0.278715 0.0954671 0 0 0
v 0.1441 -0.277059 0.0940826 0 0 0
v 0.1441 -0.27683 0.0939995 0 0 0
v 0.1441 -0.243365 0.10458 0 0 0
v 0.1441 -0.242791 0.103297 0 0 0
v 0.1441 -0.24272 0.10283 0 0 0
v 0.1441 -0.249193 0.100712 0 0 0
v 0.1441 -0.247894 0.101464 0 0 0
v 0.1441 -0.247816 0.10135 0 0 0
v 0.1441 -0.247199 0.100802 0 0 0
v 0.1441 -0.247317 0.100874 0 0 0
v 0.1441 -0.246686 0.100597 0 0 0
v 0.1441 -0.245179 0.0991934 0 0 0
v 0.1441 -0.245592 0.100636 0 0 0
v 0.1441 -0.244578 0.0994412 0 0 0
v 0.1441 -0.245212 0.100804 0 0 0
v 0.1441 -0.244386 0.101712 0 0 0
v 0.1441 -0.244255 0.102106 0 0 0
v 0.1441 -0.24429 0.101972 0 0 0
v 0.1441 -0.244214 0.10238 0 0 0
v 0.1441 -0.24423 0.102242 0 0 0
v 0.1441 -0.2442 0.105406 0 0 0
v 0.1441 -0.244845 0.104003 0 0 0
v 0.1441 -0.244747 0.103905 0 0 0
v 0.1441 -0.272321 0.0966383 0 0 0
v 0.1441 -0.272258 0.0971216 0 0 0
v 0.1441 -0.272336 0.0980906 0 0 0
v 0.1441 -0.272397 0.0983266 0 0 0
v 0.1441 -0.279046 0.0985118 0 0 0
v 0.1441 -0.279244 0.0975601 0 0 0
v 0.1441 -0.278579 0.0952654 0 0 0
v 0.1441 -0.278428 0.0950736 0 0 0
v 0.1441 -0.278265 0.0948928 0 0 0
v 0.1441 -0.277902 0.0945674 0 0 0
v 0.1441 -0.277704 0.0944245 0 0 0
v 0.1441 -0.277497 0.0942956 0 0 0
v 0.1441 -0.277282 0.0941815 0 0 0
v 0.1441 -0.276596 0.0939325 0 0 0
v 0.1441 -0.276357 0.093882 0 0 0
v 0.1441 -0.276116 0.0938482 0 0 0
v 0.1441 -0.243013 0.103968 0 0 0
v 0.1441 -0.242747 0.103065 0 0 0
v 0.1441 -0.249674 0.102051 0 0 0
v 0.1441 -0.248185 0.102237 0 0 0
v 0.1441 -0.248201 0.102375 0 0 0
v 0.1441 -0.249632 0.101816 0 0 0
v 0.1441 -0.248159 0.102101 0 0 0
v 0.1441 -0.24773 0.101241 0 0 0
v 0.1441 -0.247536 0.101044 0 0 0
v 0.1441 -0.247636 0.101139 0 0 0
v 0.1441 -0.247429 0.100955 0 0 0
v 0.1441 -0.24655 0.100568 0 0 0
v 0.1441 -0.246274 0.10054 0 0 0
v 0.1441 -0.246413 0.100549 0 0 0
v 0.1441 -0.245998 0.10055 0 0 0
v 0.1441 -0.246136 0.10054 0 0 0
v 0.1441 -0.244773 0.0993463 0 0 0
v 0.1441 -0.245335 0.100739 0 0 0
v 0.1441 -0.245461 0.100683 0 0 0
v 0.1441 -0.244775 0.101143 0 0 0
v 0.1441 -0.244596 0.101354 0 0 0
v 0.1441 -0.244682 0.101245 0 0 0
v 0.1441 -0.244334 0.10184 0 0 0
v 0.1441 -0.24432 0.103199 0 0 0
v 0.1441 -0.244278 0.103066 0 0 0
v 0.1441 -0.244429 0.103453 0 0 0
v 0.1441 -0.24437 0.103328 0 0 0
v 0.1441 -0.244572 0.10369 0 0 0
v 0.1441 -0.244496 0.103574 0 0 0
v 0.1441 -0.24495 0.104094 0 0 0
v 0.1441 -0.272281 0.0968789 0 0 0
v 0.1441 -0.272475 0.0985577 0 0 0
v 0.1441 -0.27922 0.0978026 0 0 0
v 0.1441 -0.278089 0.0947238 0 0 0
v 0.1441 -0.275872 0.0938313 0 0 0
v 0.1441 -0.243509 0.104767 0 0 0
v 0.1441 -0.242732 0.102124 0 0 0
v 0.1441 -0.242712 0.102359 0 0 0
v 0.1441 -0.24282 0.10166 0 0 0
v 0.1441 -0.242768 0.101891 0 0 0
v 0.1441 -0.242887 0.101434 0 0 0
v 0.1441 -0.249205 0.104346 0 0 0
v 0.1441 -0.247921 0.10357 0 0 0
v 0.1441 -0.247846 0.103686 0 0 0
v 0.1441 -0.249321 0.104137 0 0 0
v 0.1441 -0.247989 0.103449 0 0 0
v 0.1441 -0.249423 0.103921 0 0 0
v 0.1441 -0.248047 0.103323 0 0 0
v 0.1441 -0.24951 0.103699 0 0 0
v 0.1441 -0.248097 0.103194 0 0 0
v 0.1441 -0.249581 0.103471 0 0 0
v 0.1441 -0.248138 0.103061 0 0 0
v 0.1441 -0.249637 0.103239 0 0 0
v 0.1441 -0.24817 0.102926 0 0 0
v 0.1441 -0.249575 0.101584 0 0 0
v 0.1441 -0.244973 0.0992636 0 0 0
v 0.1441 -0.244211 0.102657 0 0 0
v 0.1441 -0.244247 0.102931 0 0 0
v 0.1441 -0.244224 0.102795 0 0 0
v 0.1441 -0.244656 0.103801 0 0 0
v 0.1441 -0.24506 0.104177 0 0 0
v 0.1441 -0.272291 0.097851 0 0 0
v 0.1441 -0.279216 0.0968304 0 0 0
v 0.1441 -0.279173 0.0965905 0 0 0
v 0.1441 -0.279113 0.0963542 0 0 0
v 0.1441 -0.249677 0.103003 0 0 0
v 0.1441 -0.248192 0.10279 0 0 0
v 0.1441 -0.249708 0.102527 0 0 0
v 0.1441 -0.248207 0.102513 0 0 0
v 0.1441 -0.248204 0.102652 0 0 0
v 0.1441 -0.249699 0.102289 0 0 0
v 0.1441 -0.244208 0.102518 0 0 0
v 0.1441 -0.279037 0.0961225 0 0 0
v 0.1441 -0.243665 0.104944 0 0 0
v 0.1441 -0.2497 0.102766 0 0 0
v 0.1441 -0.243833 0.10511 0 0 0
v 0.1441 -0.244012 0.105264 0 0 0
v 0.1441 -0.239818 0.0968442 0 0 0
v 0.1441 -0.238671 0.0984825 0 0 0
v 0.1441 -0.249075 0.104546 0 0 0
vn 1.01742e-16 -0.970296 -0.241922
vn 1.20604e-16 -0.984808 -0.173648
vn 8.23833e-17 -0.951057 -0.309017
vn 1.01742e-16 -0.970296 -0.241922
vn 6.26236e-17 -0.927184 -0.374607
vn 8.23833e-17 -0.951057 -0.309017
vn 4.25588e-17 -0.898794 -0.438371
vn 6.26236e-17 -0.927184 -0.374607
vn 2.22867e-17 -0.866025 -0.5
vn 4.25588e-17 -0.898794 -0.438371
vn 1.90608e-18 -0.829038 -0.559193
vn 2.22867e-17 -0.866025 -0.5
vn -1.84839e-17 -0.788011 -0.615661
vn 1.90608e-18 -0.829038 -0.559193
vn -3.87838e-17 -0.743145 -0.669131
vn -1.84839e-17 -0.788011 -0.615661
vn -5.88948e-17 -0.694658 -0.71934
vn -3.87838e-17 -0.743145 -0.669131
vn -7.87188e-17 -0.642788 -0.766044
vn -5.88948e-17 -0.694658 -0.71934
vn -9.81593e-17 -0.587785 -0.809017
vn -7.87188e-17 -0.642788 -0.766044
vn -1.17122e-16 -0.529919 -0.848048
vn -9.81593e-17 -0.587785 -0.809017
vn -1.35513e-16 -0.469472 -0.882948
vn -1.17122e-16 -0.529919 -0.848048
vn -1.53245e-16 -0.406737 -0.913545
vn -1.35513e-16 -0.469472 -0.882948
vn -1.7023e-16 -0.34202 -0.939693
vn -1.53245e-16 -0.406737 -0.913545
vn -1.86385e-16 -0.275637 -0.961262
vn -1.7023e-16 -0.34202 -0.939693
vn -2.01633e-16 -0.207912 -0.978148
vn -1.86385e-16 -0.275637 -0.961262
vn -2.15898e-16 -0.139173 -0.990268
vn -2.01633e-16 -0.207912 -0.978148
vn -2.29111e-16 -0.0697565 -0.997564
vn -2.15898e-16 -0.139173 -0.990268
vn -2.41208e-16 6.66134e-16 -1
vn -2.29111e-16 -0.0697565 -0.997564
vn -2.5213e-16 0.0697565 -0.997564
vn -2.41208e-16 6.66134e-16 -1
vn -2.61824e-16 0.139173 -0.990268
vn -2.5213e-16 0.0697565 -0.997564
vn -2.70242e-16 0.207912 -0.978148
vn -2.61824e-16 0.139173 -0.990268
vn -2.77343e-16 0.275637 -0.961262
vn -2.70242e-16 0.207912 -0.978148
vn -2.83094e-16 0.34202 -0.939693
vn -2.77343e-16 0.275637 -0.961262
vn -2.87465e-16 0.406737 -0.913545
vn -2.83094e-16 0.34202 -0.939693
vn -2.90435e-16 0.469472 -0.882948
vn -2.87465e-16 0.406737 -0.913545
vn -2.91991e-16 0.529919 -0.848048
vn -2.90435e-16 0.469472 -0.882948
vn -2.92124e-16 0.587785 -0.809017
vn -2.91991e-16 0.529919 -0.848048
vn -2.90834e-16 0.642788 -0.766044
vn -2.92124e-16 0.587785 -0.809017
vn -2.88127e-16 0.694658 -0.71934
vn -2.90834e-16 0.642788 -0.766044
vn -2.84016e-16 0.743145 -0.669131
vn -2.88127e-16 0.694658 -0.71934
vn -2.78521e-16 0.788011 -0.615661
vn -2.84016e-16 0.743145 -0.669131
vn -2.7167e-16 0.829038 -0.559193
vn -2.78521e-16 0.788011 -0.615661
vn -2.63495e-16 0.866025 -0.5
vn -2.7167e-16 0.829038 -0.559193
vn -2.54036e-16 0.898794 -0.438371
vn -2.63495e-16 0.866025 -0.5
vn -2.4334e-16 0.927184 -0.374607
vn -2.54036e-16 0.898794 -0.438371
vn -2.31458e-16 0.951057 -0.309017
vn -2.4334e-16 0.927184 -0.374607
vn -2.18449e-16 0.970296 -0.241922
vn -2.31458e-16 0.951057 -0.309017
vn -2.04375e-16 0.984808 -0.173648
vn -2.18449e-16 0.970296 -0.241922
vn -1.89305e-16 0.994522 -0.104528
vn -2.04375e-16 0.984808 -0.173648
vn -1.73314e-16 0.999391 -0.0348995
vn -1.89305e-16 0.994522 -0.104528
vn -1.56478e-16 0.999391 0.0348995
vn -1.73314e-16 0.999391 -0.0348995
vn -1.38879e-16 0.994522 0.104528
vn -1.56478e-16 0.999391 0.0348995
vn -1.20604e-16 0.984808 0.173648
vn -1.38879e-16 0.994522 0.104528
vn -1.01742e-16 0.970296 0.241922
vn -1.20604e-16 0.984808 0.173648
vn -8.23833e-17 0.951057 0.309017
vn -1.01742e-16 0.970296 0.241922
vn -6.26236e-17 0.927184 0.374607
vn -8.23833e-17 0.951057 0.309017
vn -4.25588e-17 0.898794 0.438371
vn -6.26236e-17 0.927184 0.374607
vn -2.22867e-17 0.866025 0.5
vn -4.25588e-17 0.898794 0.438371
vn -1.90608e-18 0.829038 0.559193
vn -2.22867e-17 0.866025 0.5
vn 1.84839e-17 0.788011 0.615661
vn -1.90608e-18 0.829038 0.559193
vn 3.87838e-17 0.743145 0.669131
vn 1.84839e-17 0.788011 0.615661
vn 5.88948e-17 0.694658 0.71934
vn 3.87838e-17 0.743145 0.669131
vn 7.87188e-17 0.642788 0.766044
vn 5.88948e-17 0.694658 0.71934
vn 9.81593e-17 0.587785 0.809017
vn 7.87188e-17 0.642788 0.766044
vn 1.17122e-16 0.529919 0.848048
vn 9.81593e-17 0.587785 0.809017
vn 1.35513e-16 0.469472 0.882948
vn 1.17122e-16 0.529919 0.848048
vn 1.53245e-16 0.406737 0.913545
vn 1.35513e-16 0.469472 0.882948
vn 1.7023e-16 0.34202 0.939693
vn 1.53245e-16 0.406737 0.913545
vn 1.86385e-16 0.275637 0.961262
vn 1.7023e-16 0.34202 0.939693
vn 2.01633e-16 0.207912 0.978148
vn 1.86385e-16 0.275637 0.961262
vn 2.15898e-16 0.139173 0.990268
vn 2.01633e-16 0.207912 0.978148
vn 2.29111e-16 0.0697565 0.997564
vn 2.15898e-16 0.139173 0.990268
vn 2.41208e-16 1.11022e-16 1
vn 2.29111e-16 0.0697565 0.997564
vn 2.5213e-16 -0.0697565 0.997564
vn 2.41208e-16 1.11022e-16 1
vn 2.61824e-16 -0.139173 0.990268
vn 2.5213e-16 -0.0697565 0.997564
vn 2.70242e-16 -0.207912 0.978148
vn 2.61824e-16 -0.139173 0.990268
vn 2.77343e-16 -0.275637 0.961262
vn 2.70242e-16 -0.207912 0.978148
vn 2.83094e-16 -0.34202 0.939693
vn 2.77343e-16 -0.275637 0.961262
vn 2.87465e-16 -0.406737 0.913545
vn 2.83094e-16 -0.34202 0.939693
vn 2.90435e-16 -0.469472 0.882948
vn 2.87465e-16 -0.406737 0.913545
vn 2.91991e-16 -0.529919 0.848048
vn 2.90435e-16 -0.469472 0.882948
vn 2.92124e-16 -0.587785 0.809017
vn 2.91991e-16 -0.529919 0.848048
vn 2.90834e-16 -0.642788 0.766044
vn 2.92124e-16 -0.587785 0.809017
vn 2.88127e-16 -0.694658 0.71934
vn 2.90834e-16 -0.642788 0.766044
vn 2.84016e-16 -0.743145 0.669131
vn 2.88127e-16 -0.694658 0.71934
vn 2.78521e-16 -0.788011 0.615661
vn 2.84016e-16 -0.743145 0.669131
vn 2.7167e-16 -0.829038 0.559193
vn 2.78521e-16 -0.788011 0.615661
vn 2.63495e-16 -0.866025 0.5
vn 2.7167e-16 -0.829038 0.559193
vn 2.54036e-16 -0.898794 0.438371
vn 2.63495e-16 -0.866025 0.5
vn 2.4334e-16 -0.927184 0.374607
vn 2.54036e-16 -0.898794 0.438371
vn 2.31458e-16 -0.951057 0.309017
vn 2.4334e-16 -0.927184 0.374607
vn 2.18449e-16 -0.970296 0.241922
vn 2.31458e-16 -0.951057 0.309017
vn 2.04375e-16 -0.984808 0.173648
vn 2.18449e-16 -0.970296 0.241922
vn 1.89305e-16 -0.994522 0.104528
vn 2.04375e-16 -0.984808 0.173648
vn 1.73314e-16 -0.999391 0.0348995
vn 1.89305e-16 -0.994522 0.104528
vn 1.56478e-16 -0.999391 -0.0348995
vn 1.73314e-16 -0.999391 0.0348995
vn 1.38879e-16 -0.994522 -0.104528
vn 1.56478e-16 -0.999391 -0.0348995
vn -1 -1.64996e-16 2.41208e-16
vn 1 1.64996e-16 -2.41208e-16
vn -2.65723e-16 0.856903 -0.515478
vn -2.73508e-16 0.819152 -0.573576
vn -2.56663e-16 0.89054 -0.454905
vn -2.65723e-16 0.856903 -0.515478
vn -2.4637e-16 0.919902 -0.392148
vn -2.56663e-16 0.89054 -0.454905
vn -2.34894e-16 0.944848 -0.327509
vn -2.4637e-16 0.919902 -0.392148
vn -2.22291e-16 0.965258 -0.261297
vn -2.34894e-16 0.944848 -0.327509
vn -2.08621e-16 0.981035 -0.193831
vn -2.22291e-16 0.965258 -0.261297
vn -1.93949e-16 0.992102 -0.125435
vn -2.08621e-16 0.981035 -0.193831
vn -1.78346e-16 0.998406 -0.0564365
vn -1.93949e-16 0.992102 -0.125435
vn -1.61887e-16 0.999918 0.012833
vn -1.78346e-16 0.998406 -0.0564365
vn -1.44651e-16 0.996629 0.0820408
vn -1.61887e-16 0.999918 0.012833
vn -1.26721e-16 0.988556 0.150855
vn -1.44651e-16 0.996629 0.0820408
vn -1.08182e-16 0.975737 0.218945
vn -1.26721e-16 0.988556 0.150855
vn -8.91235e-17 0.958235 0.285984
vn -1.08182e-16 0.975737 0.218945
vn -6.96374e-17 0.936132 0.351649
vn -8.91235e-17 0.958235 0.285984
vn -4.98171e-17 0.909535 0.415627
vn -6.96374e-17 0.936132 0.351649
vn -2.97576e-17 0.878572 0.47761
vn -4.98171e-17 0.909535 0.415627
vn -9.55526e-18 0.843391 0.5373
vn -2.97576e-17 0.878572 0.47761
vn 1.0693e-17 0.804162 0.59441
vn -9.55526e-18 0.843391 0.5373
vn 3.08898e-17 0.761072 0.648667
vn 1.0693e-17 0.804162 0.59441
vn 5.09384e-17 0.714329 0.69981
vn 3.08898e-17 0.761072 0.648667
vn 7.07425e-17 0.664157 0.747594
vn 5.09384e-17 0.714329 0.69981
vn 9.02069e-17 0.610796 0.791788
vn 7.07425e-17 0.664157 0.747594
vn 1.09238e-16 0.554503 0.832182
vn 9.02069e-17 0.610796 0.791788
vn 1.27745e-16 0.495548 0.868581
vn 1.09238e-16 0.554503 0.832182
vn 1.45639e-16 0.434214 0.90081
vn 1.27745e-16 0.495548 0.868581
vn 1.62834e-16 0.370796 0.928714
vn 1.45639e-16 0.434214 0.90081
vn 1.79247e-16 0.305598 0.952161
vn 1.62834e-16 0.370796 0.928714
vn 1.94799e-16 0.238932 0.971036
vn 1.79247e-16 0.305598 0.952161
vn 2.09416e-16 0.17112 0.98525
vn 1.94799e-16 0.238932 0.971036
vn 2.23028e-16 0.102486 0.994734
vn 2.09416e-16 0.17112 0.98525
vn 2.3557e-16 0.0333604 0.999443
vn 2.23028e-16 0.102486 0.994734
vn 2.4698e-16 -0.0359255 0.999354
vn 2.3557e-16 0.0333604 0.999443
vn 2.57205e-16 -0.105039 0.994468
vn 2.4698e-16 -0.0359255 0.999354
vn 2.66195e-16 -0.173648 0.984808
vn 2.57205e-16 -0.105039 0.994468
vn 2.73907e-16 -0.241424 0.97042
vn 2.66195e-16 -0.173648 0.984808
vn 2.80305e-16 -0.30804 0.951373
vn 2.73907e-16 -0.241424 0.97042
vn 2.85356e-16 -0.373178 0.92776
vn 2.80305e-16 -0.30804 0.951373
vn 2.89038e-16 -0.436525 0.899692
vn 2.85356e-16 -0.373178 0.92776
vn 2.91332e-16 -0.497776 0.867306
vn 2.89038e-16 -0.436525 0.899692
vn 2.92228e-16 -0.556637 0.830756
vn 2.91332e-16 -0.497776 0.867306
vn 2.91721e-16 -0.612826 0.790218
vn 2.92228e-16 -0.556637 0.830756
vn 2.89814e-16 -0.666073 0.745886
vn 2.91721e-16 -0.612826 0.790218
vn 2.86515e-16 -0.716123 0.697974
vn 2.89814e-16 -0.666073 0.745886
vn 2.81841e-16 -0.762735 0.646711
vn 2.86515e-16 -0.716123 0.697974
vn 2.75813e-16 -0.805685 0.592344
vn 2.81841e-16 -0.762735 0.646711
vn 2.68462e-16 -0.844768 0.535133
vn 2.75813e-16 -0.805685 0.592344
vn 2.59822e-16 -0.879795 0.475353
vn 2.68462e-16 -0.844768 0.535133
vn 2.49935e-16 -0.910599 0.413291
vn 2.59822e-16 -0.879795 0.475353
vn 2.38848e-16 -0.937031 0.349246
vn 2.49935e-16 -0.910599 0.413291
vn 2.26614e-16 -0.958965 0.283523
vn 2.38848e-16 -0.937031 0.349246
vn 2.13292e-16 -0.976296 0.21644
vn 2.26614e-16 -0.958965 0.283523
vn 1.98947e-16 -0.98894 0.148317
vn 2.13292e-16 -0.976296 0.21644
vn 1.83646e-16 -0.996836 0.0794826
vn 1.98947e-16 -0.98894 0.148317
vn 1.67464e-16 -0.999947 0.0102665
vn 1.83646e-16 -0.996836 0.0794826
vn 1.50478e-16 -0.998258 -0.0589989
vn 1.67464e-16 -0.999947 0.0102665
vn 1.32769e-16 -0.991777 -0.127981
vn 1.50478e-16 -0.998258 -0.0589989
vn 1.14423e-16 -0.980534 -0.196349
vn 1.32769e-16 -0.991777 -0.127981
vn 9.55283e-17 -0.964585 -0.263774
vn 1.14423e-16 -0.980534 -0.196349
vn 7.61746e-17 -0.944004 -0.329933
vn 9.55283e-17 -0.964585 -0.263774
vn 5.64552e-17 -0.918892 -0.394508
vn 7.61746e-17 -0.944004 -0.329933
vn 3.64647e-17 -0.889369 -0.457189
vn 5.64552e-17 -0.918892 -0.394508
vn 1.62993e-17 -0.855577 -0.517676
vn 3.64647e-17 -0.889369 -0.457189
vn -3.94446e-18 -0.817677 -0.575677
vn 1.62993e-17 -0.855577 -0.517676
vn -2.41692e-17 -0.775852 -0.630915
vn -3.94446e-18 -0.817677 -0.575677
vn -4.4278e-17 -0.730303 -0.683124
vn -2.41692e-17 -0.775852 -0.630915
vn -6.41742e-17 -0.681247 -0.732053
vn -4.4278e-17 -0.730303 -0.683124
vn -8.37623e-17 -0.628921 -0.777469
vn -6.41742e-17 -0.681247 -0.732053
vn -1.02948e-16 -0.573576 -0.819152
vn -8.37623e-17 -0.628921 -0.777469
vn -2.66195e-16 0.173648 -0.984808
vn -2.91521e-16 0.621127 -0.78371
vn -2.92232e-16 0.571411 -0.820664
vn -2.91821e-16 0.519502 -0.854469
vn -2.9029e-16 0.4656 -0.884996
vn -2.87646e-16 0.409911 -0.912126
vn -2.83898e-16 0.352649 -0.935756
vn -2.7906e-16 0.294034 -0.955795
vn -2.73152e-16 0.234291 -0.972167
vn -2.66195e-16 0.173648 -0.984808
vn -1.02948e-16 -0.573576 -0.819152
vn -2.73508e-16 0.819152 -0.573576
vn 1.02948e-16 0.573576 0.819152
vn 8.42875e-17 0.627461 0.778648
vn 6.52437e-17 0.678495 0.734605
vn 4.59034e-17 0.726445 0.687224
vn 2.63545e-17 0.771095 0.63672
vn 6.68586e-18 0.81224 0.583323
vn -1.30132e-17 0.849695 0.527275
vn -3.26531e-17 0.883288 0.468831
vn -5.21446e-17 0.912867 0.408257
vn -7.13992e-17 0.938298 0.345827
vn -9.03293e-17 0.959465 0.281826
vn -1.08849e-16 0.976273 0.216545
vn -1.26874e-16 0.988644 0.150279
vn -1.44322e-16 0.996522 0.0833301
vn -1.61115e-16 0.999872 0.0160028
vn -1.77176e-16 0.998678 -0.0513973
vn -1.92431e-16 0.992946 -0.118564
vn -2.06812e-16 0.982702 -0.185192
vn -2.20253e-16 0.967993 -0.250978
vn -2.32693e-16 0.948885 -0.315623
vn 2.73508e-16 -0.819152 0.573576
vn 1.02948e-16 0.573576 0.819152
vn -5.11681e-18 -0.815361 -0.578953
vn 1.4819e-17 -0.85294 -0.522009
vn 3.46858e-17 -0.886549 -0.462635
vn 5.43911e-17 -0.916031 -0.401108
vn 7.38433e-17 -0.941249 -0.337713
vn 9.29517e-17 -0.962086 -0.272747
vn 1.11627e-16 -0.978444 -0.206511
vn 1.29784e-16 -0.990248 -0.139314
vn 1.47336e-16 -0.997443 -0.0714678
vn 1.64202e-16 -0.999995 -0.00328936
vn 1.80304e-16 -0.997891 0.0649044
vn 1.95566e-16 -0.991143 0.132796
vn 2.09919e-16 -0.979782 0.200069
vn 2.23294e-16 -0.963859 0.266412
vn 2.3563e-16 -0.94345 0.331514
vn 2.46869e-16 -0.91865 0.395073
vn 2.56958e-16 -0.889573 0.456793
vn 2.65852e-16 -0.856356 0.516386
vn 2.73508e-16 -0.819152 0.573576
vn 2.66195e-16 -0.173648 0.984808
vn -2.66195e-16 0.173648 -0.984808
vn -2.57154e-16 0.104675 -0.994507
vn -2.46866e-16 0.0351932 -0.999381
vn -2.35379e-16 -0.0344589 -0.999406
vn -2.22751e-16 -0.103944 -0.994583
vn -2.09043e-16 -0.172925 -0.984935
vn -1.9432e-16 -0.241066 -0.970509
vn -1.78654e-16 -0.308039 -0.951374
vn -1.62122e-16 -0.373516 -0.927624
vn -1.44803e-16 -0.437182 -0.899373
vn -1.26782e-16 -0.498727 -0.866759
vn -1.08145e-16 -0.557852 -0.82994
vn -8.8984e-17 -0.614271 -0.789095
vn -6.93912e-17 -0.66771 -0.744422
vn -4.94617e-17 -0.717909 -0.696137
vn -2.92923e-17 -0.764626 -0.644475
vn -8.98079e-18 -0.807633 -0.589686
vn 1.13743e-17 -0.846722 -0.532036
vn 3.16742e-17 -0.881703 -0.471805
vn 5.18204e-17 -0.912406 -0.409286
vn 7.17153e-17 -0.938683 -0.34478
vn 9.12622e-17 -0.960406 -0.278603
vn 1.10366e-16 -0.97747 -0.211073
vn 1.28935e-16 -0.989792 -0.142519
vn 1.46878e-16 -0.997312 -0.0732743
vn 1.64109e-16 -0.999993 -0.00367383
vn 1.80543e-16 -0.997823 0.0659445
vn 1.96102e-16 -0.990812 0.135243
vn 2.10709e-16 -0.978995 0.203885
vn 2.24294e-16 -0.962428 0.271538
vn 2.36791e-16 -0.941191 0.337874
vn 2.48139e-16 -0.915389 0.402571
vn 2.58283e-16 -0.885146 0.465314
vn 2.67175e-16 -0.850608 0.5258
vn 2.7477e-16 -0.811944 0.583736
vn 2.81032e-16 -0.76934 0.638839
vn 2.8593e-16 -0.723005 0.690843
vn 2.89442e-16 -0.673161 0.739496
vn 2.91549e-16 -0.620052 0.78456
vn 2.92242e-16 -0.563935 0.825819
vn 2.91517e-16 -0.505082 0.863071
vn 2.89377e-16 -0.443778 0.896137
vn 2.85834e-16 -0.380322 0.924854
vn 2.80904e-16 -0.315021 0.949085
vn 2.74612e-16 -0.248191 0.968711
vn 2.66987e-16 -0.180157 0.983638
vn 2.58067e-16 -0.111249 0.993793
vn 2.47895e-16 -0.0418012 0.999126
vn 2.3652e-16 0.0278492 0.999612
vn 2.23998e-16 0.0973645 0.995249
vn 2.10389e-16 0.166408 0.986057
vn 1.95759e-16 0.234643 0.972082
vn 1.8018e-16 0.30174 0.95339
vn 1.63726e-16 0.367374 0.930073
vn 1.46478e-16 0.431225 0.902244
vn 1.2852e-16 0.492984 0.870038
vn 1.09938e-16 0.552352 0.833611
vn 9.08228e-17 0.609039 0.79314
vn 7.12669e-17 0.662772 0.748821
vn 5.13653e-17 0.71329 0.700869
vn 3.12145e-17 0.760347 0.649517
vn 1.09122e-17 0.803716 0.595014
vn -9.44296e-18 0.843185 0.537624
vn -2.97523e-17 0.878563 0.477626
vn -4.99174e-17 0.90968 0.41531
vn -6.98402e-17 0.936383 0.35098
vn -8.94243e-17 0.958543 0.284947
vn -1.08575e-16 0.976053 0.217532
vn -1.27198e-16 0.988828 0.149062
vn -1.45204e-16 0.996805 0.0798678
vn -1.62506e-16 0.999947 0.0102866
vn -1.7902e-16 0.998238 -0.0593446
vn -1.94665e-16 0.991685 -0.128688
vn -2.09366e-16 0.980322 -0.197407
vn -2.2305e-16 0.964202 -0.265168
vt -0.0698132 0.02
vt 0 0.02
vt 0 8.87926e-20
vt -0.139626 0.02
vt -0.0698132 8.87926e-20
vt 6.07375 0.02
vt -0.139626 8.87926e-20
vt 6.00393 0.02
vt 6.07375 8.87926e-20
vt 5.93412 0.02
vt 6.00393 8.87926e-20
vt 5.86431 0.02
vt 5.93412 8.87926e-20
vt 5.79449 0.02
vt 5.86431 8.87926e-20
vt 5.72468 0.02
vt 5.79449 8.87926e-20
vt 5.65487 0.02
vt 5.72468 8.87926e-20
vt 5.58505 0.02
vt 5.65487 8.87926e-20
vt 5.51524 0.02
vt 5.58505 8.87926e-20
vt 5.44543 0.02
vt 5.51524 8.87926e-20
vt 5.37561 0.02
vt 5.44543 8.87926e-20
vt 5.3058 0.02
vt 5.37561 8.87926e-20
vt 5.23599 0.02
vt 5.3058 8.87926e-20
vt 5.16617 0.02
vt 5.23599 8.87926e-20
vt 5.09636 0.02
vt 5.16617 8.87926e-20
vt 5.02655 0.02
vt 5.09636 8.87926e-20
vt 4.95674 0.02
vt 5.02655 8.87926e-20
vt 4.88692 0.02
vt 4.95674 8.87926e-20
vt 4.81711 0.02
vt 4.88692 8.87926e-20
vt 4.7473 0.02
vt 4.81711 8.87926e-20
vt 4.67748 0.02
vt 4.7473 8.87926e-20
vt 4.60767 0.02
vt 4.67748 8.87926e-20
vt 4.53786 0.02
vt 4.60767 8.87926e-20
vt 4.46804 0.02
vt 4.53786 8.87926e-20
vt 4.39823 0.02
vt 4.46804 8.87926e-20
vt 4.32842 0.02
vt 4.39823 8.87926e-20
vt 4.2586 0.02
vt 4.32842 8.87926e-20
vt 4.18879 0.02
vt 4.2586 8.87926e-20
vt 4.11898 0.02
vt 4.18879 8.87926e-20
vt 4.04916 0.02
vt 4.11898 8.87926e-20
vt 3.97935 0.02
vt 4.04916 8.87926e-20
vt 3.90954 0.02
vt 3.97935 8.87926e-20
vt 3.83972 0.02
vt 3.90954 8.87926e-20
vt 3.76991 0.02
vt 3.83972 8.87926e-20
vt 3.7001 0.02
vt 3.76991 8.87926e-20
vt 3.63028 0.02
vt 3.7001 8.87926e-20
vt 3.56047 0.02
vt 3.63028 8.87926e-20
vt 3.49066 0.02
vt 3.56047 8.87926e-20
vt 3.42085 0.02
vt 3.49066 8.87926e-20
vt 3.35103 0.02
vt 3.42085 8.87926e-20
vt 3.28122 0.02
vt 3.35103 8.87926e-20
vt 3.21141 0.02
vt 3.28122 8.87926e-20
vt 3.14159 0.02
vt 3.21141 8.87926e-20
vt 3.07178 0.02
vt 3.14159 8.87926e-20
vt 3.00197 0.02
vt 3.07178 8.87926e-20
vt 2.93215 0.02
vt 3.00197 8.87926e-20
vt 2.86234 0.02
vt 2.93215 8.87926e-20
vt 2.79253 0.02
vt 2.86234 8.87926e-20
vt 2.72271 0.02
vt 2.79253 8.87926e-20
vt 2.6529 0.02
vt 2.72271 8.87926e-20
vt 2.58309 0.02
vt 2.6529 8.87926e-20
vt 2.51327 0.02
vt 2.58309 8.87926e-20
vt 2.44346 0.02
vt 2.51327 8.87926e-20
vt 2.37365 0.02
vt 2.44346 8.87926e-20
vt 2.30383 0.02
vt 2.37365 8.87926e-20
vt 2.23402 0.02
vt 2.30383 8.87926e-20
vt 2.16421 0.02
vt 2.23402 8.87926e-20
vt 2.0944 0.02
vt 2.16421 8.87926e-20
vt 2.02458 0.02
vt 2.0944 8.87926e-20
vt 1.95477 0.02
vt 2.02458 8.87926e-20
vt 1.88496 0.02
vt 1.95477 8.87926e-20
vt 1.81514 0.02
vt 1.88496 8.87926e-20
vt 1.74533 0.02
vt 1.81514 8.87926e-20
vt 1.67552 0.02
vt 1.74533 8.87926e-20
vt 1.6057 0.02
vt 1.67552 8.87926e-20
vt 1.53589 0.02
vt 1.6057 8.87926e-20
vt 1.46608 0.02
vt 1.53589 8.87926e-20
vt 1.39626 0.02
vt 1.46608 8.87926e-20
vt 1.32645 0.02
vt 1.39626 8.87926e-20
vt 1.25664 0.02
vt 1.32645 8.87926e-20
vt 1.18682 0.02
vt 1.25664 8.87926e-20
vt 1.11701 0.02
vt 1.18682 8.87926e-20
vt 1.0472 0.02
vt 1.11701 8.87926e-20
vt 0.977384 0.02
vt 1.0472 8.87926e-20
vt 0.907571 0.02
vt 0.977384 8.87926e-20
vt 0.837758 0.02
vt 0.907571 8.87926e-20
vt 0.767945 0.02
vt 0.837758 8.87926e-20
vt 0.698132 0.02
vt 0.767945 8.87926e-20
vt 0.628319 0.02
vt 0.698132 8.87926e-20
vt 0.558505 0.02
vt 0.628319 8.87926e-20
vt 0.488692 0.02
vt 0.558505 8.87926e-20
vt 0.418879 0.02
vt 0.488692 8.87926e-20
vt 0.349066 0.02
vt 0.418879 8.87926e-20
vt 0.279253 0.02
vt 0.349066 8.87926e-20
vt 0.20944 0.02
vt 0.279253 8.87926e-20
vt 0.139626 0.02
vt 0.20944 8.87926e-20
vt 0.0698132 0.02
vt 0.139626 8.87926e-20
vt 0.0698132 8.87926e-20
vt -0.05658 0.0672458
vt -0.0567428 0.0674272
vt -0.0586699 0.0655353
vt -0.0569179 0.0675969
vt -0.0587087 0.0655755
vt -0.0577645 0.0381623
vt -0.058373 0.0367903
vt -0.0582512 0.0367243
vt -0.0579836 0.0382572
vt -0.0584991 0.0368478
vt -0.0561725 0.06664
vt -0.0562941 0.0668512
vt -0.0585716 0.0654
vt -0.0564302 0.0670535
vt -0.0586012 0.0654474
vt -0.058634 0.0654925
vt -0.057641 0.0361681
vt -0.057564 0.0360529
vt -0.0580226 0.0365678
vt -0.0579171 0.036478
vt -0.0582087 0.038337
vt -0.0586289 0.0368963
vt -0.0584386 0.0384012
vt -0.0587617 0.0369358
vt -0.0557645 0.065
vt -0.0557729 0.0652436
vt -0.0584649 0.0650279
vt -0.0557984 0.0654861
vt -0.0584688 0.0650836
vt -0.0571044 0.0677539
vt -0.0587502 0.0656128
vt -0.0573013 0.0678976
vt -0.0587942 0.0656472
vt -0.0577258 0.0362777
vt -0.057818 0.0363812
vt -0.0581342 0.03665
vt -0.0626357 0.0640595
vt -0.0625621 0.0638271
vt -0.0600253 0.0647528
vt -0.0624724 0.0636004
vt -0.0600062 0.0647003
vt -0.0621123 0.0629653
vt -0.0619637 0.062772
vt -0.0598949 0.0645075
vt -0.0618021 0.0625895
vt -0.059859 0.0644647
vt -0.0616281 0.0624187
vt -0.0598202 0.0644245
vt -0.0614427 0.0622604
vt -0.0597787 0.0643872
vt -0.0558406 0.0657262
vt -0.0584766 0.0651389
vt -0.0559747 0.0661947
vt -0.0560658 0.0664208
vt -0.0585227 0.0652997
vt -0.0585454 0.0653507
vt -0.0559311 0.033933
vt -0.0573408 0.0344527
vt -0.0573833 0.0343208
vt -0.0557913 0.0345674
vt -0.0557712 0.0347833
vt -0.0572693 0.0348615
vt -0.0557645 0.035
vt -0.0572645 0.035
vt -0.0574952 0.0359326
vt -0.062693 0.0642965
vt -0.0600407 0.0648065
vt -0.0623672 0.0633805
vt -0.0599835 0.0646493
vt -0.062247 0.0631685
vt -0.0599573 0.0646
vt -0.0599277 0.0645526
vt -0.0612467 0.0621154
vt -0.0597347 0.0643528
vt -0.0584882 0.0648065
vt -0.0585036 0.0647528
vt -0.0584688 0.0649164
vt -0.0584766 0.0648611
vt -0.0558995 0.0659628
vt -0.0584882 0.0651935
vt -0.0585036 0.0652472
vt -0.0561856 0.0333354
vt -0.0582512 0.0332757
vt -0.058373 0.0332097
vt -0.0560035 0.0337287
vt -0.0558714 0.0341415
vt -0.0558247 0.0343532
vt -0.0573075 0.0345872
vt -0.0572836 0.0347237
vt -0.0574349 0.0358078
vt -0.0586725 0.0384496
vt -0.058897 0.0369659
vt -0.0589091 0.0384819
vt -0.059034 0.0369867
vt -0.0591473 0.038498
vt -0.0591721 0.0369979
vt -0.0593861 0.0384979
vt -0.0593107 0.0369995
vt -0.0585716 0.0646
vt -0.0586012 0.0645526
vt -0.0585227 0.0647003
vt -0.0585454 0.0646493
vt -0.0584649 0.0649721
vt -0.0575078 0.0680272
vt -0.0588405 0.0656784
vt -0.0577228 0.0681422
vt -0.0588889 0.0657064
vt -0.0581741 0.0683258
vt -0.0584083 0.0683937
vt -0.0590439 0.065769
vt -0.0586466 0.068445
vt -0.0590981 0.0657825
vt -0.059618 0.0684821
vt -0.0598596 0.068449
vt -0.0593758 0.0657922
vt -0.0600982 0.0683992
vt -0.0594308 0.0657825
vt -0.0614063 0.0677681
vt -0.0615938 0.0676123
vt -0.0597787 0.0656128
vt -0.06177 0.0674439
vt -0.0598202 0.0655755
vt -0.0623456 0.0666604
vt -0.0624537 0.0664419
vt -0.0599835 0.0653507
vt -0.0625463 0.0662164
vt -0.0600062 0.0652997
vt -0.058897 0.0330341
vt -0.059034 0.0330133
vt -0.0584991 0.0331522
vt -0.0586289 0.0331037
vt -0.0581342 0.03335
vt -0.0573408 0.0355473
vt -0.0573075 0.0354128
vt -0.0596243 0.0384814
vt -0.059449 0.0369915
vt -0.0598609 0.0384488
vt -0.0595864 0.0369739
vt -0.0600947 0.0384001
vt -0.0597224 0.0369469
vt -0.0610411 0.0619845
vt -0.0596884 0.0643216
vt -0.0608269 0.0618681
vt -0.05964 0.0642936
vt -0.0606051 0.0617669
vt -0.0595898 0.0642692
vt -0.0603768 0.0616815
vt -0.0595381 0.0642482
vt -0.0601431 0.0616121
vt -0.059485 0.064231
vt -0.0599051 0.0615591
vt -0.0594308 0.0642175
vt -0.0589339 0.0615156
vt -0.0586922 0.0615471
vt -0.0591531 0.0642078
vt -0.0584532 0.0615953
vt -0.0590981 0.0642175
vt -0.0579882 0.061741
vt -0.0577645 0.0618377
vt -0.0589391 0.0642692
vt -0.058634 0.0645075
vt -0.0579452 0.0682419
vt -0.0589391 0.0657308
vt -0.0589908 0.0657518
vt -0.0603328 0.068333
vt -0.059485 0.065769
vt -0.0612084 0.0679105
vt -0.0597347 0.0656472
vt -0.061934 0.0672635
vt -0.0620851 0.0670722
vt -0.0598949 0.0654925
vt -0.0622225 0.0668708
vt -0.0599277 0.0654474
vt -0.0599573 0.0654
vt -0.0587617 0.0330642
vt -0.057818 0.0336188
vt -0.0579171 0.033522
vt -0.0560885 0.0335292
vt -0.0574349 0.0341922
vt -0.0574952 0.0340674
vt -0.0572836 0.0352763
vt -0.0572693 0.0351385
vt -0.0573833 0.0356792
vt -0.0605495 0.0382555
vt -0.0607685 0.0381603
vt -0.0601143 0.0368104
vt -0.0609805 0.0380504
vt -0.0602377 0.0367472
vt -0.0617393 0.0325251
vt -0.0598862 0.0315557
vt -0.0596527 0.0315216
vt -0.0613841 0.0322149
vt -0.0611917 0.0320784
vt -0.0596641 0.0615229
vt -0.059421 0.0615035
vt -0.0593203 0.0642019
vt -0.0591773 0.0615011
vt -0.0592645 0.0642
vt -0.0582182 0.06166
vt -0.0590439 0.064231
vt -0.0588889 0.0642936
vt -0.0587502 0.0643872
vt -0.0587942 0.0643528
vt -0.0586699 0.0644647
vt -0.0587087 0.0644245
vt -0.0588879 0.0684797
vt -0.059131 0.0684975
vt -0.0592087 0.0657981
vt -0.0593748 0.0684983
vt -0.0592645 0.0658
vt -0.0605622 0.0682505
vt -0.0595381 0.0657518
vt -0.059859 0.0655353
vt -0.062623 0.065985
vt -0.0600253 0.0652472
vt -0.0626834 0.0657488
vt -0.0600407 0.0651935
vt -0.0627543 0.0652667
vt -0.0627644 0.0650231
vt -0.060064 0.0650279
vt -0.0627575 0.0647795
vt -0.060064 0.0649721
vt -0.0603563 0.0333243
vt -0.0604697 0.033404
vt -0.0601143 0.0331896
vt -0.0602377 0.0332528
vt -0.0591721 0.0330021
vt -0.0580226 0.0334322
vt -0.057641 0.0338319
vt -0.0577258 0.0337223
vt -0.0603246 0.0383356
vt -0.0598561 0.0369105
vt -0.0599869 0.0368649
vt -0.0611845 0.0379263
vt -0.0603563 0.0366757
vt -0.0613796 0.0377886
vt -0.0604697 0.036596
vt -0.0615648 0.0376379
vt -0.0605774 0.0365087
vt -0.0617393 0.0374749
vt -0.0606787 0.0364142
vt -0.0591816 0.031501
vt -0.058946 0.0315145
vt -0.0594175 0.0315033
vt -0.0609905 0.0319552
vt -0.0603436 0.0316705
vt -0.0601168 0.0316054
vt -0.0607814 0.0318458
vt -0.061567 0.032364
vt -0.0593758 0.0642078
vt -0.0589908 0.0642482
vt -0.0588405 0.0643216
vt -0.0591531 0.0657922
vt -0.0593203 0.0657981
vt -0.0627272 0.065509
vt -0.0600523 0.0651389
vt -0.0600601 0.0650836
vt -0.0627337 0.0645368
vt -0.0600601 0.0649164
vt -0.0600523 0.0648611
vt -0.059449 0.0330085
vt -0.0595864 0.0330261
vt -0.0593107 0.0330005
vt -0.057564 0.0339471
vt -0.0587119 0.0315439
vt -0.0584803 0.031589
vt -0.0605655 0.0317508
vt -0.0592087 0.0642019
vt -0.0607853 0.0681523
vt -0.0595898 0.0657308
vt -0.0610011 0.0680388
vt -0.05964 0.0657064
vt -0.0605774 0.0334913
vt -0.0598561 0.0330895
vt -0.0599869 0.0331351
vt -0.0578111 0.031816
vt -0.0575999 0.0319212
vt -0.0582523 0.0316495
vt -0.0580289 0.0317253
vt -0.0596884 0.0656784
vt -0.0597224 0.0330531
vt -0.0539612 0.0282825
vt -0.0525469 0.0296967
vt -0.0606787 0.0335858
vt -0.0610411 0.0619845
vt -0.0596884 0.0643216
vt -0.05964 0.0642936
vt -0.0612467 0.0621154
vt -0.0597347 0.0643528
vt -0.0619637 0.062772
vt -0.0598949 0.0645075
vt -0.059859 0.0644647
vt -0.0621123 0.0629653
vt -0.0599277 0.0645526
vt -0.062247 0.0631685
vt -0.0599573 0.0646
vt -0.0623672 0.0633805
vt -0.0599835 0.0646493
vt -0.0608269 0.0618681
vt -0.0595898 0.0642692
vt -0.0614427 0.0622604
vt -0.0597787 0.0643872
vt -0.0616281 0.0624187
vt -0.0598202 0.0644245
vt -0.0601431 0.0616121
vt -0.059485 0.064231
vt -0.0594308 0.0642175
vt -0.0603768 0.0616815
vt -0.0595381 0.0642482
vt -0.0618021 0.0625895
vt -0.0606051 0.0617669
vt -0.0624724 0.0636004
vt -0.0600062 0.0647003
vt -0.0625621 0.0638271
vt -0.0600253 0.0647528
vt -0.062623 0.065985
vt -0.0600253 0.0652472
vt -0.0600407 0.0651935
vt -0.0625463 0.0662164
vt -0.0600062 0.0652997
vt -0.0626357 0.0640595
vt -0.0600407 0.0648065
vt -0.0627337 0.0645368
vt -0.0600601 0.0649164
vt -0.0600523 0.0648611
vt -0.0627575 0.0647795
vt -0.060064 0.0649721
vt -0.0626834 0.0657488
vt -0.0600523 0.0651389
vt -0.0620851 0.0670722
vt -0.0598949 0.0654925
vt -0.0599277 0.0654474
vt -0.061934 0.0672635
vt -0.059859 0.0655353
vt -0.0614063 0.0677681
vt -0.0597347 0.0656472
vt -0.0597787 0.0656128
vt -0.0612084 0.0679105
vt -0.0596884 0.0656784
vt -0.0577645 0.0381623
vt -0.0557645 0.035
vt -0.057564 0.0360529
vt -0.0557984 0.0654861
vt -0.0584688 0.0650836
vt -0.0584766 0.0651389
vt -0.0557729 0.0652436
vt -0.0584649 0.0650279
vt -0.0557645 0.065
vt -0.0584882 0.0648065
vt -0.0584766 0.0648611
vt -0.062693 0.0642965
vt -0.0627644 0.0650231
vt -0.060064 0.0650279
vt -0.0627543 0.0652667
vt -0.0600601 0.0650836
vt -0.0627272 0.065509
vt -0.0623456 0.0666604
vt -0.0599573 0.0654
vt -0.0599835 0.0653507
vt -0.0622225 0.0668708
vt -0.06177 0.0674439
vt -0.0598202 0.0655755
vt -0.0615938 0.0676123
vt -0.0586725 0.0384496
vt -0.058897 0.0369659
vt -0.059034 0.0369867
vt -0.0584386 0.0384012
vt -0.0587617 0.0369358
vt -0.0574952 0.0359326
vt -0.0560885 0.0335292
vt -0.0561856 0.0333354
vt -0.0574952 0.0340674
vt -0.0584649 0.0649721
vt -0.0584688 0.0649164
vt -0.0585227 0.0647003
vt -0.0585036 0.0647528
vt -0.0577645 0.0618377
vt -0.0586012 0.0645526
vt -0.0587942 0.0643528
vt -0.0587502 0.0643872
vt -0.0624537 0.0664419
vt -0.0584083 0.0683937
vt -0.0590439 0.065769
vt -0.0590981 0.0657825
vt -0.0581741 0.0683258
vt -0.0589908 0.0657518
vt -0.0587119 0.0315439
vt -0.0603436 0.0316705
vt -0.0605655 0.0317508
vt -0.0596527 0.0315216
vt -0.0598862 0.0315557
vt -0.0582087 0.038337
vt -0.0586289 0.0368963
vt -0.057641 0.0361681
vt -0.0557712 0.0347833
vt -0.0572693 0.0348615
vt -0.0572645 0.035
vt -0.0560035 0.0337287
vt -0.0574349 0.0341922
vt -0.057564 0.0339471
vt -0.0580226 0.0334322
vt -0.0579171 0.033522
vt -0.0585716 0.0646
vt -0.0588405 0.0643216
vt -0.0586922 0.0615471
vt -0.0591531 0.0642078
vt -0.0590981 0.0642175
vt -0.0589339 0.0615156
vt -0.0592087 0.0642019
vt -0.0607853 0.0681523
vt -0.0595898 0.0657308
vt -0.05964 0.0657064
vt -0.0605622 0.0682505
vt -0.0595381 0.0657518
vt -0.0598596 0.068449
vt -0.0593758 0.0657922
vt -0.0594308 0.0657825
vt -0.059618 0.0684821
vt -0.0593203 0.0657981
vt -0.0579452 0.0682419
vt -0.0589391 0.0657308
vt -0.0562941 0.0668512
vt -0.0585716 0.0654
vt -0.0586012 0.0654474
vt -0.0561725 0.06664
vt -0.0585454 0.0653507
vt -0.0607814 0.0318458
vt -0.0594175 0.0315033
vt -0.058946 0.0315145
vt -0.0579836 0.0382572
vt -0.0584991 0.0368478
vt -0.058373 0.0367903
vt -0.0577258 0.0362777
vt -0.057818 0.0363812
vt -0.0574349 0.0358078
vt -0.0557913 0.0345674
vt -0.0572836 0.0347237
vt -0.0559311 0.033933
vt -0.0573833 0.0343208
vt -0.0581342 0.03335
vt -0.0584991 0.0331522
vt -0.058373 0.0332097
vt -0.0587617 0.0330642
vt -0.0586289 0.0331037
vt -0.0617393 0.0325251
vt -0.0604697 0.033404
vt -0.0603563 0.0333243
vt -0.0585454 0.0646493
vt -0.0586699 0.0644647
vt -0.058634 0.0645075
vt -0.0587087 0.0644245
vt -0.0579882 0.061741
vt -0.0589908 0.0642482
vt -0.0589391 0.0642692
vt -0.0584532 0.0615953
vt -0.0590439 0.064231
vt -0.059421 0.0615035
vt -0.0593203 0.0642019
vt -0.0592645 0.0642
vt -0.0596641 0.0615229
vt -0.0593758 0.0642078
vt -0.0610011 0.0680388
vt -0.0600982 0.0683992
vt -0.059485 0.065769
vt -0.0577228 0.0681422
vt -0.0588889 0.0657064
vt -0.0575078 0.0680272
vt -0.0588405 0.0656784
vt -0.0573013 0.0678976
vt -0.0587942 0.0656472
vt -0.0569179 0.0675969
vt -0.0587087 0.0655755
vt -0.0587502 0.0656128
vt -0.0567428 0.0674272
vt -0.0586699 0.0655353
vt -0.05658 0.0672458
vt -0.058634 0.0654925
vt -0.0564302 0.0670535
vt -0.0560658 0.0664208
vt -0.0585227 0.0652997
vt -0.0559747 0.0661947
vt -0.0585036 0.0652472
vt -0.0558995 0.0659628
vt -0.0584882 0.0651935
vt -0.0601168 0.0316054
vt -0.0591816 0.031501
vt -0.0593861 0.0384979
vt -0.0593107 0.0369995
vt -0.059449 0.0369915
vt -0.0591473 0.038498
vt -0.0591721 0.0369979
vt -0.0582512 0.0367243
vt -0.0580226 0.0365678
vt -0.0581342 0.03665
vt -0.0579171 0.036478
vt -0.0573833 0.0356792
vt -0.0573075 0.0354128
vt -0.0573408 0.0355473
vt -0.0572693 0.0351385
vt -0.0572836 0.0352763
vt -0.0558714 0.0341415
vt -0.0573408 0.0344527
vt -0.0573075 0.0345872
vt -0.057641 0.0338319
vt -0.057818 0.0336188
vt -0.0577258 0.0337223
vt -0.0582512 0.0332757
vt -0.0595864 0.0330261
vt -0.059449 0.0330085
vt -0.0598561 0.0330895
vt -0.0597224 0.0330531
vt -0.0601143 0.0331896
vt -0.0599869 0.0331351
vt -0.0605774 0.0334913
vt -0.0582182 0.06166
vt -0.0599051 0.0615591
vt -0.0603328 0.068333
vt -0.0571044 0.0677539
vt -0.0558406 0.0657262
vt -0.0609905 0.0319552
vt -0.0582523 0.0316495
vt -0.0584803 0.031589
vt -0.0578111 0.031816
vt -0.0580289 0.0317253
vt -0.0575999 0.0319212
vt -0.0615648 0.0376379
vt -0.0605774 0.0365087
vt -0.0606787 0.0364142
vt -0.0613796 0.0377886
vt -0.0604697 0.036596
vt -0.0611845 0.0379263
vt -0.0603563 0.0366757
vt -0.0609805 0.0380504
vt -0.0602377 0.0367472
vt -0.0607685 0.0381603
vt -0.0601143 0.0368104
vt -0.0605495 0.0382555
vt -0.0599869 0.0368649
vt -0.0589091 0.0384819
vt -0.0558247 0.0343532
vt -0.059034 0.0330133
vt -0.0593107 0.0330005
vt -0.0591721 0.0330021
vt -0.0602377 0.0332528
vt -0.0606787 0.0335858
vt -0.0588889 0.0642936
vt -0.0591773 0.0615011
vt -0.0593748 0.0684983
vt -0.0592645 0.0658
vt -0.059131 0.0684975
vt -0.0592087 0.0657981
vt -0.0588879 0.0684797
vt -0.0591531 0.0657922
vt -0.0603246 0.0383356
vt -0.0598561 0.0369105
vt -0.0598609 0.0384488
vt -0.0595864 0.0369739
vt -0.0597224 0.0369469
vt -0.0596243 0.0384814
vt -0.058897 0.0330341
vt -0.0586466 0.068445
vt -0.0611917 0.0320784
vt -0.0600947 0.0384001
vt -0.0613841 0.0322149
vt -0.061567 0.032364
vt -0.0525469 0.0296967
vt -0.0539612 0.0282825
vt -0.0617393 0.0374749
vt 10.1409 0.047
vt 10.2102 0.047
vt 10.2102 0.027
vt 3.78839 0.047
vt 10.1409 0.027
vt 3.71909 0.047
vt 3.78839 0.027
vt 3.64979 0.047
vt 3.71909 0.027
vt 3.58049 0.047
vt 3.64979 0.027
vt 3.51119 0.047
vt 3.58049 0.027
vt 3.44189 0.047
vt 3.51119 0.027
vt 3.37259 0.047
vt 3.44189 0.027
vt 3.30329 0.047
vt 3.37259 0.027
vt 3.23399 0.047
vt 3.30329 0.027
vt 3.16469 0.047
vt 3.23399 0.027
vt 3.09539 0.047
vt 3.16469 0.027
vt 3.02609 0.047
vt 3.09539 0.027
vt 2.95679 0.047
vt 3.02609 0.027
vt 2.88749 0.047
vt 2.95679 0.027
vt 2.81819 0.047
vt 2.88749 0.027
vt 2.74889 0.047
vt 2.81819 0.027
vt 2.67959 0.047
vt 2.74889 0.027
vt 2.61029 0.047
vt 2.67959 0.027
vt 2.54099 0.047
vt 2.61029 0.027
vt 2.47169 0.047
vt 2.54099 0.027
vt 2.40239 0.047
vt 2.47169 0.027
vt 2.33309 0.047
vt 2.40239 0.027
vt 2.26379 0.047
vt 2.33309 0.027
vt 2.19449 0.047
vt 2.26379 0.027
vt 2.1252 0.047
vt 2.19449 0.027
vt 2.0559 0.047
vt 2.1252 0.027
vt 1.9866 0.047
vt 2.0559 0.027
vt 1.9173 0.047
vt 1.9866 0.027
vt 1.848 0.047
vt 1.9173 0.027
vt 1.7787 0.047
vt 1.848 0.027
vt 1.7094 0.047
vt 1.7787 0.027
vt 1.6401 0.047
vt 1.7094 0.027
vt 1.5708 0.047
vt 1.6401 0.027
vt 1.5015 0.047
vt 1.5708 0.027
vt 1.4322 0.047
vt 1.5015 0.027
vt 1.3629 0.047
vt 1.4322 0.027
vt 1.2936 0.047
vt 1.3629 0.027
vt 1.2243 0.047
vt 1.2936 0.027
vt 1.155 0.047
vt 1.2243 0.027
vt 1.0857 0.047
vt 1.155 0.027
vt 1.0164 0.047
vt 1.0857 0.027
vt 0.947098 0.047
vt 1.0164 0.027
vt 0.877798 0.047
vt 0.947098 0.027
vt 0.808498 0.047
vt 0.877798 0.027
vt 0.739198 0.047
vt 0.808498 0.027
vt 0.669898 0.047
vt 0.739198 0.027
vt 0.600599 0.047
vt 0.669898 0.027
vt 0.531299 0.047
vt 0.600599 0.027
vt 0.461999 0.047
vt 0.531299 0.027
vt 0.392699 0.047
vt 0.461999 0.027
vt 0.323399 0.047
vt 0.392699 0.027
vt 0.254099 0.047
vt 0.323399 0.027
vt 0.1848 0.047
vt 0.254099 0.027
vt 0.1155 0.047
vt 0.1848 0.027
vt 0.0461999 0.047
vt 0.1155 0.027
vt 6.26009 0.047
vt 0.0461999 0.027
vt 6.19079 0.047
vt 6.26009 0.027
vt 6.12149 0.047
vt 6.19079 0.027
vt 6.05219 0.047
vt 6.12149 0.027
vt 5.98289 0.047
vt 6.05219 0.027
vt 5.91359 0.047
vt 5.98289 0.027
vt 5.84429 0.047
vt 5.91359 0.027
vt 5.77499 0.047
vt 5.84429 0.027
vt 5.70569 0.047
vt 5.77499 0.027
vt 5.63639 0.047
vt 5.70569 0.027
vt 5.56709 0.047
vt 5.63639 0.027
vt 5.49779 0.047
vt 5.56709 0.027
vt 5.49779 0.027
vt -0.0075 9.04531e-19
vt -0.0075 0.02
vt 0.0225 0.02
vt 0.0225 -2.71359e-18
vt 1.07515 0.02
vt 1.07515 -7.28683e-19
vt 1.13711 -7.28683e-19
vt 1.13711 0.02
vt 1.19906 -7.28683e-19
vt 1.19906 0.02
vt 1.26102 -7.28683e-19
vt 1.26102 0.02
vt 1.32297 -7.28683e-19
vt 1.32297 0.02
vt 1.38493 -7.28683e-19
vt 1.38493 0.02
vt 1.44688 -7.28683e-19
vt 1.44688 0.02
vt 1.50884 -7.28683e-19
vt 1.50884 0.02
vt 1.5708 -7.28683e-19
vt 1.5708 0.02
vt 0.00257295 0.02
vt -0.00257295 0.02
vt -0.00257295 -7.03723e-19
vt 0.00257295 7.03723e-19
vt -0.0015 -1.54423e-19
vt -0.0015 0.02
vt 0.0005 0.02
vt 0.0005 5.14742e-20
vt 0.00257295 7.03723e-19
vt -0.00257295 -7.03723e-19
vt -0.00257295 0.02
vt 0.00257295 0.02
vt 5.49779 0.02
vt 5.49779 1.00895e-18
vt 5.56521 1.00895e-18
vt 5.56521 0.02
vt 5.63263 1.00895e-18
vt 5.63263 0.02
vt 5.70006 1.00895e-18
vt 5.70006 0.02
vt 5.76748 1.00895e-18
vt 5.76748 0.02
vt 5.8349 1.00895e-18
vt 5.8349 0.02
vt 5.90233 1.00895e-18
vt 5.90233 0.02
vt 5.96975 1.00895e-18
vt 5.96975 0.02
vt 6.03717 1.00895e-18
vt 6.03717 0.02
vt 6.1046 1.00895e-18
vt 6.1046 0.02
vt 6.17202 1.00895e-18
vt 6.17202 0.02
vt 6.23944 1.00895e-18
vt 6.23944 0.02
vt 0.0236827 1.00895e-18
vt 0.0236827 0.02
vt 0.0911061 1.00895e-18
vt 0.0911061 0.02
vt 0.158529 1.00895e-18
vt 0.158529 0.02
vt 0.225953 1.00895e-18
vt 0.225953 0.02
vt 0.293376 1.00895e-18
vt 0.293376 0.02
vt 0.3608 1.00895e-18
vt 0.3608 0.02
vt 0.428223 1.00895e-18
vt 0.428223 0.02
vt 0.495646 1.00895e-18
vt 0.495646 0.02
vt -0.001 1.02948e-19
vt -0.001 0.02
vt 0.0005 0.02
vt 0.0005 -5.14742e-20
vt -0.001 2.73508e-19
vt 0.0005 -1.36754e-19
vt 0.0005 0.02
vt -0.001 0.02
vt 2.69868 0.02
vt 2.69868 -7.96011e-19
vt 2.76692 -7.96011e-19
vt 2.76692 0.02
vt 2.83516 -7.96011e-19
vt 2.83516 0.02
vt 2.9034 -7.96011e-19
vt 2.9034 0.02
vt 2.97164 -7.96011e-19
vt 2.97164 0.02
vt 3.03988 -7.96011e-19
vt 3.03988 0.02
vt 3.10812 -7.96011e-19
vt 3.10812 0.02
vt 3.17636 -7.96011e-19
vt 3.17636 0.02
vt 3.2446 -7.96011e-19
vt 3.2446 0.02
vt 3.31284 -7.96011e-19
vt 3.31284 0.02
vt 3.38108 -7.96011e-19
vt 3.38108 0.02
vt 3.44932 -7.96011e-19
vt 3.44932 0.02
vt 3.51755 -7.96011e-19
vt 3.51755 0.02
vt 3.58579 -7.96011e-19
vt 3.58579 0.02
vt 3.65403 -7.96011e-19
vt 3.65403 0.02
vt 3.72227 -7.96011e-19
vt 3.72227 0.02
vt 3.79051 -7.96011e-19
vt 3.79051 0.02
vt 3.85875 -7.96011e-19
vt 3.85875 0.02
vt 3.92699 -7.96011e-19
vt 3.92699 0.02
vt -0.00591886 -7.13839e-19
vt -0.00591886 0.02
vt 0.0177566 0.02
vt 0.0177566 2.14152e-18
vt 1.5708 0.02
vt 1.5708 -1.0384e-18
vt 1.64046 -1.0384e-18
vt 1.64046 0.02
vt 1.71013 -1.0384e-18
vt 1.71013 0.02
vt 1.77979 -1.0384e-18
vt 1.77979 0.02
vt 1.84946 -1.0384e-18
vt 1.84946 0.02
vt 1.91913 -1.0384e-18
vt 1.91913 0.02
vt 1.98879 -1.0384e-18
vt 1.98879 0.02
vt 2.05846 -1.0384e-18
vt 2.05846 0.02
vt 2.12813 -1.0384e-18
vt 2.12813 0.02
vt 2.19779 -1.0384e-18
vt 2.19779 0.02
vt 2.26746 -1.0384e-18
vt 2.26746 0.02
vt 2.33712 -1.0384e-18
vt 2.33712 0.02
vt 2.40679 -1.0384e-18
vt 2.40679 0.02
vt 2.47646 -1.0384e-18
vt 2.47646 0.02
vt 2.54612 -1.0384e-18
vt 2.54612 0.02
vt 2.61579 -1.0384e-18
vt 2.61579 0.02
vt 2.68546 -1.0384e-18
vt 2.68546 0.02
vt 2.75512 -1.0384e-18
vt 2.75512 0.02
vt 2.82479 -1.0384e-18
vt 2.82479 0.02
vt 2.89445 -1.0384e-18
vt 2.89445 0.02
vt 2.96412 -1.0384e-18
vt 2.96412 0.02
vt 3.03379 -1.0384e-18
vt 3.03379 0.02
vt 3.10345 -1.0384e-18
vt 3.10345 0.02
vt 3.17312 -1.0384e-18
vt 3.17312 0.02
vt 3.24279 -1.0384e-18
vt 3.24279 0.02
vt 3.31245 -1.0384e-18
vt 3.31245 0.02
vt 3.38212 -1.0384e-18
vt 3.38212 0.02
vt 3.45178 -1.0384e-18
vt 3.45178 0.02
vt 3.52145 -1.0384e-18
vt 3.52145 0.02
vt 3.59112 -1.0384e-18
vt 3.59112 0.02
vt 3.66078 -1.0384e-18
vt 3.66078 0.02
vt 3.73045 -1.0384e-18
vt 3.73045 0.02
vt 3.80012 -1.0384e-18
vt 3.80012 0.02
vt 3.86978 -1.0384e-18
vt 3.86978 0.02
vt 3.93945 -1.0384e-18
vt 3.93945 0.02
vt 4.00911 -1.0384e-18
vt 4.00911 0.02
vt 4.07878 -1.0384e-18
vt 4.07878 0.02
vt 4.14845 -1.0384e-18
vt 4.14845 0.02
vt 4.21811 -1.0384e-18
vt 4.21811 0.02
vt 4.28778 -1.0384e-18
vt 4.28778 0.02
vt 4.35744 -1.0384e-18
vt 4.35744 0.02
vt 4.42711 -1.0384e-18
vt 4.42711 0.02
vt 4.49678 -1.0384e-18
vt 4.49678 0.02
vt 4.56644 -1.0384e-18
vt 4.56644 0.02
vt 4.63611 -1.0384e-18
vt 4.63611 0.02
vt 4.70578 -1.0384e-18
vt 4.70578 0.02
vt 4.77544 -1.0384e-18
vt 4.77544 0.02
vt 4.84511 -1.0384e-18
vt 4.84511 0.02
vt 4.91477 -1.0384e-18
vt 4.91477 0.02
vt 4.98444 -1.0384e-18
vt 4.98444 0.02
vt 5.05411 -1.0384e-18
vt 5.05411 0.02
vt 5.12377 -1.0384e-18
vt 5.12377 0.02
vt 5.19344 -1.0384e-18
vt 5.19344 0.02
vt 5.26311 -1.0384e-18
vt 5.26311 0.02
vt 5.33277 -1.0384e-18
vt 5.33277 0.02
vt 5.40244 -1.0384e-18
vt 5.40244 0.02
vt 5.4721 -1.0384e-18
vt 5.4721 0.02
vt 5.54177 -1.0384e-18
vt 5.54177 0.02
vt 5.61144 -1.0384e-18
vt 5.61144 0.02
vt 5.6811 -1.0384e-18
vt 5.6811 0.02
vt 5.75077 -1.0384e-18
vt 5.75077 0.02
vt 5.82044 -1.0384e-18
vt 5.82044 0.02
vt 5.8901 -1.0384e-18
vt 5.8901 0.02
vt 5.95977 -1.0384e-18
vt 5.95977 0.02
vt 6.02943 -1.0384e-18
vt 6.02943 0.02
vt 6.0991 -1.0384e-18
vt 6.0991 0.02
vt 6.16877 -1.0384e-18
vt 6.16877 0.02
vt 6.23843 -1.0384e-18
vt 6.23843 0.02
vt 0.0249137 -1.0384e-18
vt 0.0249137 0.02
vt 0.09458 -1.0384e-18
vt 0.09458 0.02
vt 0.164246 -1.0384e-18
vt 0.164246 0.02
vt 0.233912 -1.0384e-18
vt 0.233912 0.02
vt 0.303579 -1.0384e-18
vt 0.303579 0.02
vt 0.373245 -1.0384e-18
vt 0.373245 0.02
vt 0.442911 -1.0384e-18
vt 0.442911 0.02
f 1/1/1 2/2/2 3/3/2
f 4/4/3 1/1/1 5/5/4
f 6/6/5 4/4/3 7/7/6
f 8/8/7 6/6/5 9/9/8
f 10/10/9 8/8/7 11/11/10
f 12/12/11 10/10/9 13/13/12
f 14/14/13 12/12/11 15/15/14
f 16/16/15 14/14/13 17/17/16
f 18/18/17 16/16/15 19/19/18
f 20/20/19 18/18/17 21/21/20
f 22/22/21 20/20/19 23/23/22
f 24/24/23 22/22/21 25/25/24
f 26/26/25 24/24/23 27/27/26
f 28/28/27 26/26/25 29/29/28
f 30/30/29 28/28/27 31/31/30
f 32/32/31 30/30/29 33/33/32
f 34/34/33 32/32/31 35/35/34
f 36/36/35 34/34/33 37/37/36
f 38/38/37 36/36/35 39/39/38
f 40/40/39 38/38/37 41/41/40
f 42/42/41 40/40/39 43/43/42
f 44/44/43 42/42/41 45/45/44
f 46/46/45 44/44/43 47/47/46
f 48/48/47 46/46/45 49/49/48
f 50/50/49 48/48/47 51/51/50
f 52/52/51 50/50/49 53/53/52
f 54/54/53 52/52/51 55/55/54
f 56/56/55 54/54/53 57/57/56
f 58/58/57 56/56/55 59/59/58
f 60/60/59 58/58/57 61/61/60
f 62/62/61 60/60/59 63/63/62
f 64/64/63 62/62/61 65/65/64
f 66/66/65 64/64/63 67/67/66
f 68/68/67 66/66/65 69/69/68
f 70/70/69 68/68/67 71/71/70
f 72/72/71 70/70/69 73/73/72
f 74/74/73 72/72/71 75/75/74
f 76/76/75 74/74/73 77/77/76
f 78/78/77 76/76/75 79/79/78
f 80/80/79 78/78/77 81/81/80
f 82/82/81 80/80/79 83/83/82
f 84/84/83 82/82/81 85/85/84
f 86/86/85 84/84/83 87/87/86
f 88/88/87 86/86/85 89/89/88
f 90/90/89 88/88/87 91/91/90
f 92/92/91 90/90/89 93/93/92
f 94/94/93 92/92/91 95/95/94
f 96/96/95 94/94/93 97/97/96
f 98/98/97 96/96/95 99/99/98
f 100/100/99 98/98/97 101/101/100
f 102/102/101 100/100/99 103/103/102
f 104/104/103 102/102/101 105/105/104
f 106/106/105 104/104/103 107/107/106
f 108/108/107 106/106/105 109/109/108
f 110/110/109 108/108/107 111/111/110
f 112/112/111 110/110/109 113/113/112
f 114/114/113 112/112/111 115/115/114
f 116/116/115 114/114/113 117/117/116
f 118/118/117 116/116/115 119/119/118
f 120/120/119 118/118/117 121/121/120
f 122/122/121 120/120/119 123/123/122
f 124/124/123 122/122/121 125/125/124
f 126/126/125 124/124/123 127/127/126
f 128/128/127 126/126/125 129/129/128
f 130/130/129 128/128/127 131/131/130
f 132/132/131 130/130/129 133/133/132
f 134/134/133 132/132/131 135/135/134
f 136/136/135 134/134/133 137/137/136
f 138/138/137 136/136/135 139/139/138
f 140/140/139 138/138/137 141/141/140
f 142/142/141 140/140/139 143/143/142
f 144/144/143 142/142/141 145/145/144
f 146/146/145 144/144/143 147/147/146
f 148/148/147 146/146/145 149/149/148
f 150/150/149 148/148/147 151/151/150
f 152/152/151 150/150/149 153/153/152
f 154/154/153 152/152/151 155/155/154
f 156/156/155 154/154/153 157/157/156
f 158/158/157 156/156/155 159/159/158
f 160/160/159 158/158/157 161/161/160
f 162/162/161 160/160/159 163/163/162
f 164/164/163 162/162/161 165/165/164
f 166/166/165 164/164/163 167/167/166
f 168/168/167 166/166/165 169/169/168
f 170/170/169 168/168/167 171/171/170
f 172/172/171 170/170/169 173/173/172
f 174/174/173 172/172/171 175/175/174
f 176/176/175 174/174/173 177/177/176
f 178/178/177 176/176/175 179/179/178
f 2/2/2 178/178/177 180/180/177
f 180/180/177 3/3/2 2/2/2
f 179/179/178 180/180/177 178/178/177
f 177/177/176 179/179/178 176/176/175
f 175/175/174 177/177/176 174/174/173
f 173/173/172 175/175/174 172/172/171
f 171/171/170 173/173/172 170/170/169
f 169/169/168 171/171/170 168/168/167
f 167/167/166 169/169/168 166/166/165
f 165/165/164 167/167/166 164/164/163
f 163/163/162 165/165/164 162/162/161
f 161/161/160 163/163/162 160/160/159
f 159/159/158 161/161/160 158/158/157
f 157/157/156 159/159/158 156/156/155
f 155/155/154 157/157/156 154/154/153
f 153/153/152 155/155/154 152/152/151
f 151/151/150 153/153/152 150/150/149
f 149/149/148 151/151/150 148/148/147
f 147/147/146 149/149/148 146/146/145
f 145/145/144 147/147/146 144/144/143
f 143/143/142 145/145/144 142/142/141
f 141/141/140 143/143/142 140/140/139
f 139/139/138 141/141/140 138/138/137
f 137/137/136 139/139/138 136/136/135
f 135/135/134 137/137/136 134/134/133
f 133/133/132 135/135/134 132/132/131
f 131/131/130 133/133/132 130/130/129
f 129/129/128 131/131/130 128/128/127
f 127/127/126 129/129/128 126/126/125
f 125/125/124 127/127/126 124/124/123
f 123/123/122 125/125/124 122/122/121
f 121/121/120 123/123/122 120/120/119
f 119/119/118 121/121/120 118/118/117
f 117/117/116 119/119/118 116/116/115
f 115/115/114 117/117/116 114/114/113
f 113/113/112 115/115/114 112/112/111
f 111/111/110 113/113/112 110/110/109
f 109/109/108 111/111/110 108/108/107
f 107/107/106 109/109/108 106/106/105
f 105/105/104 107/107/106 104/104/103
f 103/103/102 105/105/104 102/102/101
f 101/101/100 103/103/102 100/100/99
f 99/99/98 101/101/100 98/98/97
f 97/97/96 99/99/98 96/96/95
f 95/95/94 97/97/96 94/94/93
f 93/93/92 95/95/94 92/92/91
f 91/91/90 93/93/92 90/90/89
f 89/89/88 91/91/90 88/88/87
f 87/87/86 89/89/88 86/86/85
f 85/85/84 87/87/86 84/84/83
f 83/83/82 85/85/84 82/82/81
f 81/81/80 83/83/82 80/80/79
f 79/79/78 81/81/80 78/78/77
f 77/77/76 79/79/78 76/76/75
f 75/75/74 77/77/76 74/74/73
f 73/73/72 75/75/74 72/72/71
f 71/71/70 73/73/72 70/70/69
f 69/69/68 71/71/70 68/68/67
f 67/67/66 69/69/68 66/66/65
f 65/65/64 67/67/66 64/64/63
f 63/63/62 65/65/64 62/62/61
f 61/61/60 63/63/62 60/60/59
f 59/59/58 61/61/60 58/58/57
f 57/57/56 59/59/58 56/56/55
f 55/55/54 57/57/56 54/54/53
f 53/53/52 55/55/54 52/52/51
f 51/51/50 53/53/52 50/50/49
f 49/49/48 51/51/50 48/48/47
f 47/47/46 49/49/48 46/46/45
f 45/45/44 47/47/46 44/44/43
f 43/43/42 45/45/44 42/42/41
f 41/41/40 43/43/42 40/40/39
f 39/39/38 41/41/40 38/38/37
f 37/37/36 39/39/38 36/36/35
f 35/35/34 37/37/36 34/34/33
f 33/33/32 35/35/34 32/32/31
f 31/31/30 33/33/32 30/30/29
f 29/29/28 31/31/30 28/28/27
f 27/27/26 29/29/28 26/26/25
f 25/25/24 27/27/26 24/24/23
f 23/23/22 25/25/24 22/22/21
f 21/21/20 23/23/22 20/20/19
f 19/19/18 21/21/20 18/18/17
f 17/17/16 19/19/18 16/16/15
f 15/15/14 17/17/16 14/14/13
f 13/13/12 15/15/14 12/12/11
f 11/11/10 13/13/12 10/10/9
f 9/9/8 11/11/10 8/8/7
f 7/7/6 9/9/8 6/6/5
f 5/5/4 7/7/6 4/4/3
f 3/3/2 5/5/4 1/1/1
f 181/181/179 182/182/179 114/183/179
f 182/182/179 183/184/179 112/185/179
f 184/186/179 185/187/179 186/188/179
f 184/186/179 187/189/179 188/190/179
f 189/191/179 190/192/179 120/193/179
f 190/192/179 191/194/179 118/195/179
f 191/194/179 181/181/179 116/196/179
f 112/185/179 114/183/179 182/182/179
f 184/186/179 192/197/179 193/198/179
f 184/186/179 194/199/179 195/200/179
f 188/190/179 185/187/179 184/186/179
f 187/189/179 196/201/179 197/202/179
f 196/201/179 198/203/179 199/204/179
f 200/205/179 201/206/179 134/207/179
f 201/206/179 202/208/179 132/209/179
f 118/195/179 120/193/179 190/192/179
f 114/183/179 116/196/179 181/181/179
f 183/184/179 203/210/179 110/211/179
f 203/210/179 204/212/179 108/213/179
f 184/186/179 205/214/179 192/197/179
f 195/200/179 206/215/179 184/186/179
f 186/188/179 207/216/179 184/186/179
f 199/204/179 197/202/179 196/201/179
f 208/217/179 209/218/179 36/219/179
f 209/218/179 210/220/179 34/221/179
f 211/222/179 212/223/179 26/224/179
f 212/223/179 213/225/179 24/226/179
f 213/225/179 214/227/179 22/228/179
f 214/227/179 215/229/179 20/230/179
f 132/209/179 134/207/179 201/206/179
f 202/208/179 216/231/179 130/232/179
f 217/233/179 218/234/179 124/235/179
f 218/234/179 189/191/179 122/236/179
f 116/196/179 118/195/179 191/194/179
f 108/213/179 110/211/179 203/210/179
f 219/237/179 220/238/179 221/239/179
f 222/240/179 223/241/179 224/242/179
f 223/241/179 225/243/179 226/244/179
f 225/243/179 193/198/179 227/245/179
f 206/215/179 205/214/179 184/186/179
f 197/202/179 188/190/179 187/189/179
f 228/246/179 208/217/179 38/247/179
f 34/221/179 36/219/179 209/218/179
f 210/220/179 229/248/179 32/249/179
f 229/248/179 230/250/179 30/251/179
f 230/250/179 211/222/179 28/252/179
f 24/226/179 26/224/179 212/223/179
f 20/230/179 22/228/179 214/227/179
f 215/229/179 231/253/179 18/254/179
f 200/205/179 142/255/179 144/256/179
f 200/205/179 138/257/179 140/258/179
f 130/232/179 132/209/179 202/208/179
f 216/231/179 232/259/179 128/260/179
f 232/259/179 217/233/179 126/261/179
f 122/236/179 124/235/179 218/234/179
f 110/211/179 112/185/179 183/184/179
f 233/262/179 234/263/179 235/264/179
f 221/239/179 236/265/179 219/237/179
f 237/266/179 238/267/179 239/268/179
f 238/267/179 222/240/179 240/269/179
f 226/244/179 224/242/179 223/241/179
f 227/245/179 241/270/179 225/243/179
f 207/216/179 194/199/179 184/186/179
f 198/203/179 242/271/179 243/272/179
f 242/271/179 244/273/179 245/274/179
f 244/273/179 246/275/179 247/276/179
f 246/275/179 248/277/179 249/278/179
f 36/219/179 38/247/179 208/217/179
f 30/251/179 32/249/179 229/248/179
f 26/224/179 28/252/179 211/222/179
f 18/254/179 20/230/179 215/229/179
f 200/205/179 150/279/179 152/280/179
f 200/205/179 146/281/179 148/282/179
f 140/258/179 142/255/179 200/205/179
f 134/207/179 136/283/179 200/205/179
f 126/261/179 128/260/179 232/259/179
f 120/193/179 122/236/179 189/191/179
f 204/212/179 250/284/179 106/285/179
f 250/284/179 251/286/179 104/287/179
f 252/288/179 253/289/179 98/290/179
f 253/289/179 254/291/179 96/292/179
f 255/293/179 256/294/179 86/295/179
f 256/294/179 257/296/179 84/297/179
f 258/298/179 259/299/179 70/300/179
f 259/299/179 260/301/179 68/302/179
f 261/303/179 262/304/179 58/305/179
f 262/304/179 263/306/179 56/307/179
f 233/262/179 264/308/179 265/309/179
f 233/262/179 266/310/179 267/311/179
f 233/262/179 268/312/179 234/263/179
f 239/268/179 220/238/179 237/266/179
f 224/242/179 240/269/179 222/240/179
f 225/243/179 269/313/179 270/314/179
f 193/198/179 225/243/179 184/186/179
f 245/274/179 243/272/179 242/271/179
f 249/278/179 247/276/179 246/275/179
f 248/277/179 271/315/179 272/316/179
f 271/315/179 273/317/179 274/318/179
f 273/317/179 275/319/179 276/320/179
f 32/249/179 34/221/179 210/220/179
f 22/228/179 24/226/179 213/225/179
f 231/253/179 277/321/179 16/322/179
f 277/321/179 278/323/179 14/324/179
f 278/323/179 279/325/179 12/326/179
f 279/325/179 280/327/179 10/328/179
f 280/327/179 281/329/179 8/330/179
f 281/329/179 282/331/179 6/332/179
f 283/333/179 284/334/179 176/335/179
f 284/334/179 285/336/179 174/337/179
f 286/338/179 287/339/179 168/340/179
f 287/339/179 152/280/179 154/341/179
f 148/282/179 150/279/179 200/205/179
f 136/283/179 138/257/179 200/205/179
f 124/235/179 126/261/179 217/233/179
f 104/287/179 106/285/179 250/284/179
f 251/286/179 288/342/179 102/343/179
f 288/342/179 252/288/179 100/344/179
f 96/292/179 98/290/179 253/289/179
f 84/297/179 86/295/179 256/294/179
f 257/296/179 289/345/179 82/346/179
f 290/347/179 258/298/179 72/348/179
f 68/302/179 70/300/179 259/299/179
f 291/349/179 292/350/179 64/351/179
f 292/350/179 293/352/179 62/353/179
f 293/352/179 261/303/179 60/354/179
f 56/307/179 58/305/179 262/304/179
f 233/262/179 294/355/179 264/308/179
f 235/264/179 266/310/179 233/262/179
f 233/262/179 295/356/179 296/357/179
f 297/358/179 298/359/179 299/360/179
f 240/269/179 239/268/179 238/267/179
f 225/243/179 300/361/179 301/362/179
f 225/243/179 302/363/179 269/313/179
f 243/272/179 199/204/179 198/203/179
f 272/316/179 249/278/179 248/277/179
f 276/320/179 274/318/179 273/317/179
f 303/364/179 304/365/179 305/366/179
f 304/365/179 306/367/179 307/368/179
f 308/369/179 309/370/179 310/371/179
f 309/370/179 311/372/179 312/373/179
f 28/252/179 30/251/179 230/250/179
f 14/324/179 16/322/179 277/321/179
f 10/328/179 12/326/179 279/325/179
f 6/332/179 8/330/179 281/329/179
f 313/374/179 314/375/179 1/376/179
f 314/375/179 315/377/179 2/378/179
f 174/337/179 176/335/179 284/334/179
f 285/336/179 316/379/179 172/380/179
f 287/339/179 166/381/179 168/340/179
f 287/339/179 160/382/179 162/383/179
f 287/339/179 156/384/179 158/385/179
f 152/280/179 287/339/179 200/205/179
f 128/260/179 130/232/179 216/231/179
f 102/343/179 104/287/179 251/286/179
f 98/290/179 100/344/179 252/288/179
f 317/386/179 318/387/179 92/388/179
f 318/387/179 319/389/179 90/390/179
f 82/346/179 84/297/179 257/296/179
f 289/345/179 320/391/179 80/392/179
f 70/300/179 72/348/179 258/298/179
f 260/301/179 291/349/179 66/393/179
f 62/353/179 64/351/179 292/350/179
f 58/305/179 60/354/179 261/303/179
f 263/306/179 321/394/179 54/395/179
f 321/394/179 322/396/179 52/397/179
f 323/398/179 324/399/179 46/400/179
f 324/399/179 325/401/179 44/402/179
f 308/369/179 326/403/179 327/404/179
f 308/369/179 328/405/179 329/406/179
f 308/369/179 265/309/179 330/407/179
f 267/311/179 294/355/179 233/262/179
f 296/357/179 331/408/179 233/262/179
f 233/262/179 332/409/179 333/410/179
f 299/360/179 233/262/179 297/358/179
f 236/265/179 221/239/179 298/359/179
f 301/362/179 226/244/179 225/243/179
f 241/270/179 302/363/179 225/243/179
f 274/318/179 272/316/179 271/315/179
f 275/319/179 334/411/179 335/412/179
f 334/411/179 303/364/179 336/413/179
f 307/368/179 305/366/179 304/365/179
f 306/367/179 337/414/179 338/415/179
f 337/414/179 339/416/179 340/417/179
f 339/416/179 341/418/179 342/419/179
f 341/418/179 343/420/179 344/421/179
f 308/369/179 345/422/179 346/423/179
f 310/371/179 347/424/179 308/369/179
f 348/425/179 349/426/179 350/427/179
f 349/426/179 348/425/179 351/428/179
f 309/370/179 352/429/179 311/372/179
f 16/322/179 18/254/179 231/253/179
f 8/330/179 10/328/179 280/327/179
f 282/331/179 313/374/179 4/430/179
f 2/378/179 1/376/179 314/375/179
f 172/380/179 174/337/179 285/336/179
f 316/379/179 286/338/179 170/431/179
f 287/339/179 164/432/179 166/381/179
f 158/385/179 160/382/179 287/339/179
f 144/256/179 146/281/179 200/205/179
f 100/344/179 102/343/179 288/342/179
f 254/291/179 317/386/179 94/433/179
f 90/390/179 92/388/179 318/387/179
f 319/389/179 255/293/179 88/434/179
f 80/392/179 82/346/179 289/345/179
f 66/393/179 68/302/179 260/301/179
f 60/354/179 62/353/179 293/352/179
f 52/397/179 54/395/179 321/394/179
f 322/396/179 353/435/179 50/436/179
f 353/435/179 323/398/179 48/437/179
f 44/402/179 46/400/179 324/399/179
f 325/401/179 354/438/179 42/439/179
f 354/438/179 228/246/179 40/440/179
f 329/406/179 326/403/179 308/369/179
f 308/369/179 355/441/179 356/442/179
f 330/407/179 357/443/179 308/369/179
f 331/408/179 268/312/179 233/262/179
f 233/262/179 358/444/179 332/409/179
f 298/359/179 297/358/179 236/265/179
f 270/314/179 300/361/179 225/243/179
f 335/412/179 276/320/179 275/319/179
f 305/366/179 336/413/179 303/364/179
f 340/417/179 338/415/179 337/414/179
f 344/421/179 342/419/179 341/418/179
f 308/369/179 359/445/179 360/446/179
f 347/424/179 345/422/179 308/369/179
f 351/428/179 361/447/179 349/426/179
f 309/370/179 308/369/179 352/429/179
f 12/326/179 14/324/179 278/323/179
f 1/376/179 4/430/179 313/374/179
f 315/377/179 283/333/179 178/448/179
f 170/431/179 172/380/179 316/379/179
f 162/383/179 164/432/179 287/339/179
f 106/285/179 108/213/179 204/212/179
f 92/388/179 94/433/179 317/386/179
f 86/295/179 88/434/179 255/293/179
f 320/391/179 362/449/179 78/450/179
f 362/449/179 363/451/179 76/452/179
f 64/351/179 66/393/179 291/349/179
f 50/436/179 52/397/179 322/396/179
f 46/400/179 48/437/179 323/398/179
f 40/440/179 42/439/179 354/438/179
f 327/404/179 364/453/179 308/369/179
f 308/369/179 365/454/179 366/455/179
f 357/443/179 355/441/179 308/369/179
f 333/410/179 295/356/179 233/262/179
f 219/237/179 237/266/179 220/238/179
f 336/413/179 335/412/179 334/411/179
f 342/419/179 340/417/179 339/416/179
f 308/369/179 367/456/179 368/457/179
f 308/369/179 369/458/179 370/459/179
f 346/423/179 359/445/179 308/369/179
f 312/373/179 348/425/179 309/370/179
f 4/430/179 6/332/179 282/331/179
f 176/335/179 178/448/179 283/333/179
f 154/341/179 156/384/179 287/339/179
f 88/434/179 90/390/179 319/389/179
f 76/452/179 78/450/179 362/449/179
f 363/451/179 290/347/179 74/460/179
f 54/395/179 56/307/179 263/306/179
f 42/439/179 44/402/179 325/401/179
f 366/455/179 328/405/179 308/369/179
f 356/442/179 371/461/179 308/369/179
f 299/360/179 358/444/179 233/262/179
f 338/415/179 307/368/179 306/367/179
f 370/459/179 367/456/179 308/369/179
f 350/427/179 309/370/179 348/425/179
f 178/448/179 2/378/179 315/377/179
f 94/433/179 96/292/179 254/291/179
f 74/460/179 76/452/179 363/451/179
f 48/437/179 50/436/179 353/435/179
f 371/461/179 365/454/179 308/369/179
f 247/276/179 245/274/179 244/273/179
f 368/457/179 372/462/179 373/463/179
f 360/446/179 369/458/179 308/369/179
f 168/340/179 170/431/179 286/338/179
f 72/348/179 74/460/179 290/347/179
f 265/309/179 308/369/179 233/262/179
f 368/457/179 233/262/179 308/369/179
f 225/243/179 200/205/179 287/339/179
f 78/450/179 80/392/179 320/391/179
f 373/463/179 233/262/179 368/457/179
f 38/247/179 40/440/179 228/246/179
f 287/339/179 184/186/179 225/243/179
f 364/453/179 374/464/179 308/369/179
f 375/465/180 19/466/180 17/467/180
f 376/468/180 21/469/180 19/466/180
f 377/470/180 29/471/180 27/472/180
f 378/473/180 31/474/180 29/471/180
f 379/475/180 33/476/180 31/474/180
f 380/477/180 35/478/180 33/476/180
f 381/479/180 17/467/180 15/480/180
f 19/466/180 375/465/180 376/468/180
f 382/481/180 23/482/180 21/469/180
f 383/483/180 25/484/180 23/482/180
f 29/471/180 377/470/180 378/473/180
f 33/476/180 379/475/180 380/477/180
f 384/485/180 11/486/180 9/487/180
f 385/488/180 13/489/180 11/486/180
f 17/467/180 381/479/180 375/465/180
f 23/482/180 382/481/180 383/483/180
f 386/490/180 27/472/180 25/484/180
f 31/474/180 378/473/180 379/475/180
f 11/486/180 384/485/180 385/488/180
f 387/491/180 15/480/180 13/489/180
f 21/469/180 376/468/180 382/481/180
f 27/472/180 386/490/180 377/470/180
f 388/492/180 37/493/180 35/478/180
f 389/494/180 39/495/180 37/493/180
f 390/496/180 57/497/180 55/498/180
f 391/499/180 59/500/180 57/497/180
f 13/489/180 385/488/180 387/491/180
f 25/484/180 383/483/180 386/490/180
f 37/493/180 388/492/180 389/494/180
f 392/501/180 41/502/180 39/495/180
f 393/503/180 45/504/180 43/505/180
f 394/506/180 47/507/180 45/504/180
f 395/508/180 55/498/180 53/509/180
f 57/497/180 390/496/180 391/499/180
f 396/510/180 67/511/180 65/512/180
f 397/513/180 69/514/180 67/511/180
f 398/515/180 75/516/180 73/517/180
f 399/518/180 77/519/180 75/516/180
f 400/520/180 401/521/180 402/522/180
f 403/523/180 135/524/180 133/525/180
f 404/526/180 137/527/180 135/524/180
f 405/528/180 145/529/180 143/530/180
f 15/480/180 387/491/180 381/479/180
f 39/495/180 389/494/180 392/501/180
f 406/531/180 43/505/180 41/502/180
f 45/504/180 393/503/180 394/506/180
f 407/532/180 49/533/180 47/507/180
f 408/534/180 51/535/180 49/533/180
f 409/536/180 53/509/180 51/535/180
f 55/498/180 395/508/180 390/496/180
f 410/537/180 63/538/180 61/539/180
f 411/540/180 65/512/180 63/538/180
f 67/511/180 396/510/180 397/513/180
f 412/541/180 71/542/180 69/514/180
f 413/543/180 73/517/180 71/542/180
f 75/516/180 398/515/180 399/518/180
f 414/544/180 415/545/180 416/546/180
f 417/547/180 418/548/180 415/545/180
f 401/521/180 419/549/180 402/522/180
f 420/550/180 421/551/180 422/552/180
f 135/524/180 403/523/180 404/526/180
f 405/528/180 139/553/180 137/527/180
f 143/530/180 141/554/180 405/528/180
f 405/528/180 149/555/180 147/556/180
f 405/528/180 423/557/180 155/558/180
f 423/557/180 165/559/180 163/560/180
f 35/478/180 380/477/180 388/492/180
f 43/505/180 406/531/180 393/503/180
f 49/533/180 407/532/180 408/534/180
f 53/509/180 409/536/180 395/508/180
f 424/561/180 61/539/180 59/500/180
f 63/538/180 410/537/180 411/540/180
f 69/514/180 397/513/180 412/541/180
f 73/517/180 413/543/180 398/515/180
f 425/562/180 101/563/180 99/564/180
f 426/565/180 103/566/180 101/563/180
f 427/567/180 428/568/180 429/569/180
f 427/567/180 430/570/180 431/571/180
f 415/545/180 414/544/180 417/547/180
f 432/572/180 433/573/180 418/548/180
f 402/522/180 434/574/180 400/520/180
f 435/575/180 436/576/180 437/577/180
f 438/578/180 420/550/180 439/579/180
f 421/551/180 440/580/180 422/552/180
f 421/551/180 441/581/180 442/582/180
f 137/527/180 404/526/180 405/528/180
f 147/556/180 145/529/180 405/528/180
f 155/558/180 153/583/180 405/528/180
f 423/557/180 167/584/180 165/559/180
f 443/585/180 179/586/180 177/587/180
f 444/588/180 180/589/180 179/586/180
f 41/502/180 392/501/180 406/531/180
f 51/535/180 408/534/180 409/536/180
f 61/539/180 424/561/180 410/537/180
f 71/542/180 412/541/180 413/543/180
f 445/590/180 81/591/180 79/592/180
f 446/593/180 83/594/180 81/591/180
f 447/595/180 89/596/180 87/597/180
f 448/598/180 91/599/180 89/596/180
f 101/563/180 425/562/180 426/565/180
f 449/600/180 105/601/180 103/566/180
f 450/602/180 123/603/180 121/604/180
f 451/605/180 125/606/180 123/603/180
f 429/569/180 452/607/180 427/567/180
f 427/567/180 453/608/180 430/570/180
f 453/608/180 427/567/180 454/609/180
f 418/548/180 417/547/180 432/572/180
f 455/610/180 456/611/180 433/573/180
f 400/520/180 457/612/180 456/611/180
f 400/520/180 458/613/180 459/614/180
f 401/521/180 460/615/180 419/549/180
f 437/577/180 401/521/180 435/575/180
f 461/616/180 462/617/180 436/576/180
f 463/618/180 438/578/180 464/619/180
f 422/552/180 439/579/180 420/550/180
f 421/551/180 465/620/180 441/581/180
f 421/551/180 466/621/180 467/622/180
f 421/551/180 468/623/180 469/624/180
f 470/625/180 471/626/180 472/627/180
f 141/554/180 139/553/180 405/528/180
f 153/583/180 151/628/180 405/528/180
f 423/557/180 159/629/180 157/630/180
f 163/560/180 161/631/180 423/557/180
f 473/632/180 173/633/180 171/634/180
f 474/635/180 177/587/180 175/636/180
f 179/586/180 443/585/180 444/588/180
f 475/637/180 5/638/180 3/639/180
f 476/640/180 7/641/180 5/638/180
f 47/507/180 394/506/180 407/532/180
f 65/512/180 411/540/180 396/510/180
f 477/642/180 79/592/180 77/519/180
f 81/591/180 445/590/180 446/593/180
f 478/643/180 87/597/180 85/644/180
f 89/596/180 447/595/180 448/598/180
f 103/566/180 426/565/180 449/600/180
f 479/645/180 107/646/180 105/601/180
f 480/647/180 109/648/180 107/646/180
f 481/649/180 111/650/180 109/648/180
f 482/651/180 115/652/180 113/653/180
f 483/654/180 117/655/180 115/652/180
f 484/656/180 119/657/180 117/655/180
f 485/658/180 121/604/180 119/657/180
f 123/603/180 450/602/180 451/605/180
f 486/659/180 127/660/180 125/606/180
f 487/661/180 129/662/180 127/660/180
f 488/663/180 131/664/180 129/662/180
f 427/567/180 489/665/180 428/568/180
f 454/609/180 490/666/180 453/608/180
f 491/667/180 492/668/180 493/669/180
f 494/670/180 495/671/180 492/668/180
f 433/573/180 432/572/180 455/610/180
f 400/520/180 496/672/180 457/612/180
f 400/520/180 497/673/180 498/674/180
f 459/614/180 499/675/180 400/520/180
f 401/521/180 500/676/180 460/615/180
f 401/521/180 501/677/180 502/678/180
f 401/521/180 503/679/180 504/680/180
f 436/576/180 435/575/180 461/616/180
f 505/681/180 506/682/180 507/683/180
f 506/682/180 505/681/180 463/618/180
f 421/551/180 508/684/180 440/580/180
f 421/551/180 509/685/180 510/686/180
f 421/551/180 511/687/180 465/620/180
f 469/624/180 466/621/180 421/551/180
f 470/625/180 512/688/180 513/689/180
f 470/625/180 514/690/180 515/691/180
f 470/625/180 516/692/180 517/693/180
f 470/625/180 518/694/180 471/626/180
f 151/628/180 149/555/180 405/528/180
f 161/631/180 159/629/180 423/557/180
f 171/634/180 423/557/180 473/632/180
f 519/695/180 175/636/180 173/633/180
f 177/587/180 474/635/180 443/585/180
f 5/638/180 475/637/180 476/640/180
f 520/696/180 9/487/180 7/641/180
f 59/500/180 391/499/180 424/561/180
f 79/592/180 477/642/180 445/590/180
f 521/697/180 85/644/180 83/594/180
f 87/597/180 478/643/180 447/595/180
f 105/601/180 449/600/180 479/645/180
f 109/648/180 480/647/180 481/649/180
f 522/698/180 113/653/180 111/650/180
f 115/652/180 482/651/180 483/654/180
f 119/657/180 484/656/180 485/658/180
f 125/606/180 451/605/180 486/659/180
f 129/662/180 487/661/180 488/663/180
f 523/699/180 133/525/180 131/664/180
f 431/571/180 489/665/180 427/567/180
f 524/700/180 525/701/180 526/702/180
f 524/700/180 527/703/180 528/704/180
f 524/700/180 421/551/180 529/705/180
f 530/706/180 531/707/180 532/708/180
f 533/709/180 534/710/180 531/707/180
f 535/711/180 536/712/180 534/710/180
f 537/713/180 538/714/180 536/712/180
f 539/715/180 540/716/180 538/714/180
f 541/717/180 542/718/180 540/716/180
f 492/668/180 491/667/180 494/670/180
f 543/719/180 416/546/180 495/671/180
f 456/611/180 455/610/180 400/520/180
f 499/675/180 497/673/180 400/520/180
f 502/678/180 500/676/180 401/521/180
f 437/577/180 503/679/180 401/521/180
f 544/720/180 507/683/180 462/617/180
f 464/619/180 506/682/180 463/618/180
f 510/686/180 508/684/180 421/551/180
f 467/622/180 511/687/180 421/551/180
f 421/551/180 470/625/180 545/721/180
f 470/625/180 546/722/180 547/723/180
f 515/691/180 512/688/180 470/625/180
f 470/625/180 548/724/180 516/692/180
f 470/625/180 549/725/180 518/694/180
f 157/630/180 155/558/180 423/557/180
f 171/634/180 169/726/180 423/557/180
f 175/636/180 519/695/180 474/635/180
f 550/727/180 3/639/180 180/589/180
f 7/641/180 476/640/180 520/696/180
f 77/519/180 399/518/180 477/642/180
f 85/644/180 521/697/180 478/643/180
f 551/728/180 93/729/180 91/599/180
f 552/730/180 95/731/180 93/729/180
f 553/732/180 97/733/180 95/731/180
f 107/646/180 479/645/180 480/647/180
f 113/653/180 522/698/180 482/651/180
f 121/604/180 485/658/180 450/602/180
f 131/664/180 488/663/180 523/699/180
f 526/702/180 427/567/180 524/700/180
f 529/705/180 527/703/180 524/700/180
f 531/707/180 530/706/180 533/709/180
f 536/712/180 535/711/180 537/713/180
f 540/716/180 539/715/180 541/717/180
f 554/734/180 555/735/180 542/718/180
f 556/736/180 557/737/180 558/738/180
f 559/739/180 493/669/180 557/737/180
f 495/671/180 494/670/180 543/719/180
f 498/674/180 496/672/180 400/520/180
f 504/680/180 501/677/180 401/521/180
f 507/683/180 544/720/180 505/681/180
f 442/582/180 509/685/180 421/551/180
f 545/721/180 560/740/180 421/551/180
f 513/689/180 546/722/180 470/625/180
f 472/627/180 548/724/180 470/625/180
f 169/726/180 167/584/180 423/557/180
f 180/589/180 444/588/180 550/727/180
f 9/487/180 520/696/180 384/485/180
f 91/599/180 448/598/180 551/728/180
f 95/731/180 552/730/180 553/732/180
f 561/741/180 99/564/180 97/733/180
f 111/650/180 481/649/180 522/698/180
f 127/660/180 486/659/180 487/661/180
f 421/551/180 524/700/180 562/742/180
f 528/704/180 525/701/180 524/700/180
f 534/710/180 533/709/180 535/711/180
f 542/718/180 541/717/180 554/734/180
f 563/743/180 558/738/180 555/735/180
f 557/737/180 556/736/180 559/739/180
f 416/546/180 543/719/180 414/544/180
f 462/617/180 461/616/180 544/720/180
f 560/740/180 468/623/180 421/551/180
f 517/693/180 514/690/180 470/625/180
f 173/633/180 473/632/180 519/695/180
f 83/594/180 446/593/180 521/697/180
f 97/733/180 553/732/180 561/741/180
f 117/655/180 483/654/180 484/656/180
f 421/551/180 564/744/180 565/745/180
f 452/607/180 524/700/180 427/567/180
f 538/714/180 537/713/180 539/715/180
f 558/738/180 563/743/180 556/736/180
f 434/574/180 458/613/180 400/520/180
f 547/723/180 545/721/180 470/625/180
f 3/639/180 550/727/180 475/637/180
f 99/564/180 561/741/180 425/562/180
f 562/742/180 564/744/180 421/551/180
f 529/705/180 421/551/180 566/746/180
f 555/735/180 554/734/180 563/743/180
f 439/579/180 464/619/180 438/578/180
f 93/729/180 551/728/180 552/730/180
f 405/528/180 401/521/180 400/520/180
f 566/746/180 567/747/180 529/705/180
f 493/669/180 559/739/180 491/667/180
f 400/520/180 423/557/180 405/528/180
f 532/708/180 568/748/180 530/706/180
f 565/745/180 470/625/180 421/551/180
f 133/525/180 523/699/180 403/523/180
f 342/749/181 344/750/182 532/751/182
f 340/752/183 342/749/181 531/753/184
f 338/754/185 340/752/183 534/755/186
f 307/756/187 338/754/185 536/757/188
f 305/758/189 307/756/187 538/759/190
f 336/760/191 305/758/189 540/761/192
f 335/762/193 336/760/191 542/763/194
f 276/764/195 335/762/193 555/765/196
f 274/766/197 276/764/195 558/767/198
f 272/768/199 274/766/197 557/769/200
f 249/770/201 272/768/199 493/771/202
f 247/772/203 249/770/201 492/773/204
f 245/774/205 247/772/203 495/775/206
f 243/776/207 245/774/205 416/777/208
f 199/778/209 243/776/207 415/779/210
f 197/780/211 199/778/209 418/781/212
f 188/782/213 197/780/211 433/783/214
f 185/784/215 188/782/213 456/785/216
f 186/786/217 185/784/215 457/787/218
f 207/788/219 186/786/217 496/789/220
f 194/790/221 207/788/219 498/791/222
f 195/792/223 194/790/221 497/793/224
f 206/794/225 195/792/223 499/795/226
f 205/796/227 206/794/225 459/797/228
f 192/798/229 205/796/227 458/799/230
f 193/800/231 192/798/229 434/801/232
f 227/802/233 193/800/231 402/803/234
f 241/804/235 227/802/233 419/805/236
f 302/806/237 241/804/235 460/807/238
f 269/808/239 302/806/237 500/809/240
f 270/810/241 269/808/239 502/811/242
f 300/812/243 270/810/241 501/813/244
f 301/814/245 300/812/243 504/815/246
f 226/816/247 301/814/245 503/817/248
f 224/818/249 226/816/247 437/819/250
f 240/820/251 224/818/249 436/821/252
f 239/822/253 240/820/251 462/823/254
f 220/824/255 239/822/253 507/825/256
f 221/826/257 220/824/255 506/827/258
f 298/828/259 221/826/257 464/829/260
f 299/830/261 298/828/259 439/831/262
f 358/832/263 299/830/261 422/833/264
f 332/834/265 358/832/263 440/835/266
f 333/836/267 332/834/265 508/837/268
f 295/838/269 333/836/267 510/839/270
f 296/840/271 295/838/269 509/841/272
f 331/842/273 296/840/271 442/843/274
f 268/844/275 331/842/273 441/845/276
f 234/846/277 268/844/275 465/847/278
f 235/848/279 234/846/277 511/849/280
f 266/850/281 235/848/279 467/851/282
f 267/852/283 266/850/281 466/853/284
f 294/854/285 267/852/283 469/855/286
f 264/856/287 294/854/285 468/857/288
f 265/858/289 264/856/287 560/859/290
f 330/860/291 265/858/289 545/861/292
f 357/862/293 330/860/291 547/863/294
f 355/864/295 357/862/293 546/865/296
f 356/866/297 355/864/295 513/867/298
f 371/868/299 356/866/297 512/869/300
f 365/870/301 371/868/299 515/871/302
f 366/872/303 365/870/301 514/873/304
f 328/874/305 366/872/303 517/875/306
f 329/876/307 328/874/305 516/877/308
f 326/878/309 329/876/307 548/879/310
f 327/880/311 326/878/309 472/881/312
f 364/882/313 327/880/311 471/883/314
f 374/884/315 364/882/313 518/885/316
f 518/885/316 549/886/315 374/884/315
f 471/883/314 518/885/316 364/882/313
f 472/881/312 471/883/314 327/880/311
f 548/879/310 472/881/312 326/878/309
f 516/877/308 548/879/310 329/876/307
f 517/875/306 516/877/308 328/874/305
f 514/873/304 517/875/306 366/872/303
f 515/871/302 514/873/304 365/870/301
f 512/869/300 515/871/302 371/868/299
f 513/867/298 512/869/300 356/866/297
f 546/865/296 513/867/298 355/864/295
f 547/863/294 546/865/296 357/862/293
f 545/861/292 547/863/294 330/860/291
f 560/859/290 545/861/292 265/858/289
f 468/857/288 560/859/290 264/856/287
f 469/855/286 468/857/288 294/854/285
f 466/853/284 469/855/286 267/852/283
f 467/851/282 466/853/284 266/850/281
f 511/849/280 467/851/282 235/848/279
f 465/847/278 511/849/280 234/846/277
f 441/845/276 465/847/278 268/844/275
f 442/843/274 441/845/276 331/842/273
f 509/841/272 442/843/274 296/840/271
f 510/839/270 509/841/272 295/838/269
f 508/837/268 510/839/270 333/836/267
f 440/835/266 508/837/268 332/834/265
f 422/833/264 440/835/266 358/832/263
f 439/831/262 422/833/264 299/830/261
f 464/829/260 439/831/262 298/828/259
f 506/827/258 464/829/260 221/826/257
f 507/825/256 506/827/258 220/824/255
f 462/823/254 507/825/256 239/822/253
f 436/821/252 462/823/254 240/820/251
f 437/819/250 436/821/252 224/818/249
f 503/817/248 437/819/250 226/816/247
f 504/815/246 503/817/248 301/814/245
f 501/813/244 504/815/246 300/812/243
f 502/811/242 501/813/244 270/810/241
f 500/809/240 502/811/242 269/808/239
f 460/807/238 500/809/240 302/806/237
f 419/805/236 460/807/238 241/804/235
f 402/803/234 419/805/236 227/802/233
f 434/801/232 402/803/234 193/800/231
f 458/799/230 434/801/232 192/798/229
f 459/797/228 458/799/230 205/796/227
f 499/795/226 459/797/228 206/794/225
f 497/793/224 499/795/226 195/792/223
f 498/791/222 497/793/224 194/790/221
f 496/789/220 498/791/222 207/788/219
f 457/787/218 496/789/220 186/786/217
f 456/785/216 457/787/218 185/784/215
f 433/783/214 456/785/216 188/782/213
f 418/781/212 433/783/214 197/780/211
f 415/779/210 418/781/212 199/778/209
f 416/777/208 415/779/210 243/776/207
f 495/775/206 416/777/208 245/774/205
f 492/773/204 495/775/206 247/772/203
f 493/771/202 492/773/204 249/770/201
f 557/769/200 493/771/202 272/768/199
f 558/767/198 557/769/200 274/766/197
f 555/765/196 558/767/198 276/764/195
f 542/763/194 555/765/196 335/762/193
f 540/761/192 542/763/194 336/760/191
f 538/759/190 540/761/192 305/758/189
f 536/757/188 538/759/190 307/756/187
f 534/755/186 536/757/188 338/754/185
f 531/753/184 534/755/186 340/752/183
f 532/751/182 531/753/184 342/749/181
f 405/887/317 200/888/317 225/889/317
f 225/889/317 401/890/317 405/887/317
f 233/891/318 421/892/318 420/893/319
f 297/894/319 420/893/319 438/895/320
f 236/896/320 438/895/320 463/897/321
f 219/898/321 463/897/321 505/899/322
f 237/900/322 505/899/322 544/901/323
f 238/902/323 544/901/323 461/903/324
f 222/904/324 461/903/324 435/905/325
f 223/906/325 435/905/325 401/907/326
f 401/907/326 225/908/326 223/906/325
f 435/905/325 223/906/325 222/904/324
f 461/903/324 222/904/324 238/902/323
f 544/901/323 238/902/323 237/900/322
f 505/899/322 237/900/322 219/898/321
f 463/897/321 219/898/321 236/896/320
f 438/895/320 236/896/320 297/894/319
f 420/893/319 297/894/319 233/891/318
f 233/909/327 373/910/327 566/911/327
f 566/911/327 421/912/327 233/909/327
f 566/913/328 373/914/328 372/915/328
f 372/915/328 567/916/328 566/913/328
f 529/917/329 567/918/329 372/919/329
f 372/919/329 368/920/329 529/917/329
f 308/921/329 470/922/329 565/923/330
f 352/924/330 565/923/330 564/925/331
f 311/926/331 564/925/331 562/927/332
f 312/928/332 562/927/332 524/929/333
f 348/930/333 524/929/333 452/931/334
f 351/932/334 452/931/334 429/933/335
f 361/934/335 429/933/335 428/935/336
f 349/936/336 428/935/336 489/937/337
f 350/938/337 489/937/337 431/939/338
f 309/940/338 431/939/338 430/941/339
f 310/942/339 430/941/339 453/943/340
f 347/944/340 453/943/340 490/945/341
f 345/946/341 490/945/341 454/947/342
f 346/948/342 454/947/342 427/949/343
f 359/950/343 427/949/343 526/951/344
f 360/952/344 526/951/344 525/953/345
f 369/954/345 525/953/345 528/955/346
f 370/956/346 528/955/346 527/957/347
f 367/958/347 527/957/347 529/959/348
f 529/959/348 368/960/348 367/958/347
f 527/957/347 367/958/347 370/956/346
f 528/955/346 370/956/346 369/954/345
f 525/953/345 369/954/345 360/952/344
f 526/951/344 360/952/344 359/950/343
f 427/949/343 359/950/343 346/948/342
f 454/947/342 346/948/342 345/946/341
f 490/945/341 345/946/341 347/944/340
f 453/943/340 347/944/340 310/942/339
f 430/941/339 310/942/339 309/940/338
f 431/939/338 309/940/338 350/938/337
f 489/937/337 350/938/337 349/936/336
f 428/935/336 349/936/336 361/934/335
f 429/933/335 361/934/335 351/932/334
f 452/931/334 351/932/334 348/930/333
f 524/929/333 348/930/333 312/928/332
f 562/927/332 312/928/332 311/926/331
f 564/925/331 311/926/331 352/924/330
f 565/923/330 352/924/330 308/921/329
f 470/961/349 308/962/349 374/963/349
f 374/963/349 549/964/349 470/961/349
f 568/965/350 532/966/350 344/967/350
f 344/967/350 343/968/350 568/965/350
f 184/969/351 400/970/351 455/971/352
f 187/972/352 455/971/352 432/973/353
f 196/974/353 432/973/353 417/975/354
f 198/976/354 417/975/354 414/977/355
f 242/978/355 414/977/355 543/979/356
f 244/980/356 543/979/356 494/981/357
f 246/982/357 494/981/357 491/983/358
f 248/984/358 491/983/358 559/985/359
f 271/986/359 559/985/359 556/987/360
f 273/988/360 556/987/360 563/989/361
f 275/990/361 563/989/361 554/991/362
f 334/992/362 554/991/362 541/993/363
f 303/994/363 541/993/363 539/995/364
f 304/996/364 539/995/364 537/997/365
f 306/998/365 537/997/365 535/999/366
f 337/1000/366 535/999/366 533/1001/367
f 339/1002/367 533/1001/367 530/1003/368
f 341/1004/368 530/1003/368 568/1005/369
f 568/1005/369 343/1006/369 341/1004/368
f 530/1003/368 341/1004/368 339/1002/367
f 533/1001/367 339/1002/367 337/1000/366
f 535/999/366 337/1000/366 306/998/365
f 537/997/365 306/998/365 304/996/364
f 539/995/364 304/996/364 303/994/363
f 541/993/363 303/994/363 334/992/362
f 554/991/362 334/992/362 275/990/361
f 563/989/361 275/990/361 273/988/360
f 556/987/360 273/988/360 271/986/359
f 559/985/359 271/986/359 248/984/358
f 491/983/358 248/984/358 246/982/357
f 494/981/357 246/982/357 244/980/356
f 543/979/356 244/980/356 242/978/355
f 414/977/355 242/978/355 198/976/354
f 417/975/354 198/976/354 196/974/353
f 432/973/353 196/974/353 187/972/352
f 455/971/352 187/972/352 184/969/351
f 400/1007/370 184/1008/370 287/1009/370
f 287/1009/370 423/1010/370 400/1007/370
f 200/1011/371 405/1012/371 404/1013/372
f 201/1014/372 404/1013/372 403/1015/373
f 202/1016/373 403/1015/373 523/1017/374
f 216/1018/374 523/1017/374 488/1019/375
f 232/1020/375 488/1019/375 487/1021/376
f 217/1022/376 487/1021/376 486/1023/377
f 218/1024/377 486/1023/377 451/1025/378
f 189/1026/378 451/1025/378 450/1027/379
f 190/1028/379 450/1027/379 485/1029/380
f 191/1030/380 485/1029/380 484/1031/381
f 181/1032/381 484/1031/381 483/1033/382
f 182/1034/382 483/1033/382 482/1035/383
f 183/1036/383 482/1035/383 522/1037/384
f 203/1038/384 522/1037/384 481/1039/385
f 204/1040/385 481/1039/385 480/1041/386
f 250/1042/386 480/1041/386 479/1043/387
f 251/1044/387 479/1043/387 449/1045/388
f 288/1046/388 449/1045/388 426/1047/389
f 252/1048/389 426/1047/389 425/1049/390
f 253/1050/390 425/1049/390 561/1051/391
f 254/1052/391 561/1051/391 553/1053/392
f 317/1054/392 553/1053/392 552/1055/393
f 318/1056/393 552/1055/393 551/1057/394
f 319/1058/394 551/1057/394 448/1059/395
f 255/1060/395 448/1059/395 447/1061/396
f 256/1062/396 447/1061/396 478/1063/397
f 257/1064/397 478/1063/397 521/1065/398
f 289/1066/398 521/1065/398 446/1067/399
f 320/1068/399 446/1067/399 445/1069/400
f 362/1070/400 445/1069/400 477/1071/401
f 363/1072/401 477/1071/401 399/1073/402
f 290/1074/402 399/1073/402 398/1075/403
f 258/1076/403 398/1075/403 413/1077/404
f 259/1078/404 413/1077/404 412/1079/405
f 260/1080/405 412/1079/405 397/1081/406
f 291/1082/406 397/1081/406 396/1083/407
f 292/1084/407 396/1083/407 411/1085/408
f 293/1086/408 411/1085/408 410/1087/409
f 261/1088/409 410/1087/409 424/1089/410
f 262/1090/410 424/1089/410 391/1091/411
f 263/1092/411 391/1091/411 390/1093/412
f 321/1094/412 390/1093/412 395/1095/413
f 322/1096/413 395/1095/413 409/1097/414
f 353/1098/414 409/1097/414 408/1099/415
f 323/1100/415 408/1099/415 407/1101/416
f 324/1102/416 407/1101/416 394/1103/417
f 325/1104/417 394/1103/417 393/1105/418
f 354/1106/418 393/1105/418 406/1107/419
f 228/1108/419 406/1107/419 392/1109/420
f 208/1110/420 392/1109/420 389/1111/421
f 209/1112/421 389/1111/421 388/1113/422
f 210/1114/422 388/1113/422 380/1115/423
f 229/1116/423 380/1115/423 379/1117/424
f 230/1118/424 379/1117/424 378/1119/425
f 211/1120/425 378/1119/425 377/1121/426
f 212/1122/426 377/1121/426 386/1123/427
f 213/1124/427 386/1123/427 383/1125/428
f 214/1126/428 383/1125/428 382/1127/429
f 215/1128/429 382/1127/429 376/1129/430
f 231/1130/430 376/1129/430 375/1131/431
f 277/1132/431 375/1131/431 381/1133/432
f 278/1134/432 381/1133/432 387/1135/433
f 279/1136/433 387/1135/433 385/1137/434
f 280/1138/434 385/1137/434 384/1139/435
f 281/1140/435 384/1139/435 520/1141/436
f 282/1142/436 520/1141/436 476/1143/437
f 313/1144/437 476/1143/437 475/1145/438
f 314/1146/438 475/1145/438 550/1147/439
f 315/1148/439 550/1147/439 444/1149/440
f 283/1150/440 444/1149/440 443/1151/441
f 284/1152/441 443/1151/441 474/1153/442
f 285/1154/442 474/1153/442 519/1155/443
f 316/1156/443 519/1155/443 473/1157/444
f 286/1158/444 473/1157/444 423/1159/445
f 423/1159/445 287/1160/445 286/1158/444
f 473/1157/444 286/1158/444 316/1156/443
f 519/1155/443 316/1156/443 285/1154/442
f 474/1153/442 285/1154/442 284/1152/441
f 443/1151/441 284/1152/441 283/1150/440
f 444/1149/440 283/1150/440 315/1148/439
f 550/1147/439 315/1148/439 314/1146/438
f 475/1145/438 314/1146/438 313/1144/437
f 476/1143/437 313/1144/437 282/1142/436
f 520/1141/436 282/1142/436 281/1140/435
f 384/1139/435 281/1140/435 280/1138/434
f 385/1137/434 280/1138/434 279/1136/433
f 387/1135/433 279/1136/433 278/1134/432
f 381/1133/432 278/1134/432 277/1132/431
f 375/1131/431 277/1132/431 231/1130/430
f 376/1129/430 231/1130/430 215/1128/429
f 382/1127/429 215/1128/429 214/1126/428
f 383/1125/428 214/1126/428 213/1124/427
f 386/1123/427 213/1124/427 212/1122/426
f 377/1121/426 212/1122/426 211/1120/425
f 378/1119/425 211/1120/425 230/1118/424
f 379/1117/424 230/1118/424 229/1116/423
f 380/1115/423 229/1116/423 210/1114/422
f 388/1113/422 210/1114/422 209/1112/421
f 389/1111/421 209/1112/421 208/1110/420
f 392/1109/420 208/1110/420 228/1108/419
f 406/1107/419 228/1108/419 354/1106/418
f 393/1105/418 354/1106/418 325/1104/417
f 394/1103/417 325/1104/417 324/1102/416
f 407/1101/416 324/1102/416 323/1100/415
f 408/1099/415 323/1100/415 353/1098/414
f 409/1097/414 353/1098/414 322/1096/413
f 395/1095/413 322/1096/413 321/1094/412
f 390/1093/412 321/1094/412 263/1092/411
f 391/1091/411 263/1092/411 262/1090/410
f 424/1089/410 262/1090/410 261/1088/409
f 410/1087/409 261/1088/409 293/1086/408
f 411/1085/408 293/1086/408 292/1084/407
f 396/1083/407 292/1084/407 291/1082/406
f 397/1081/406 291/1082/406 260/1080/405
f 412/1079/405 260/1080/405 259/1078/404
f 413/1077/404 259/1078/404 258/1076/403
f 398/1075/403 258/1076/403 290/1074/402
f 399/1073/402 290/1074/402 363/1072/401
f 477/1071/401 363/1072/401 362/1070/400
f 445/1069/400 362/1070/400 320/1068/399
f 446/1067/399 320/1068/399 289/1066/398
f 521/1065/398 289/1066/398 257/1064/397
f 478/1063/397 257/1064/397 256/1062/396
f 447/1061/396 256/1062/396 255/1060/395
f 448/1059/395 255/1060/395 319/1058/394
f 551/1057/394 319/1058/394 318/1056/393
f 552/1055/393 318/1056/393 317/1054/392
f 553/1053/392 317/1054/392 254/1052/391
f 561/1051/391 254/1052/391 253/1050/390
f 425/1049/390 253/1050/390 252/1048/389
f 426/1047/389 252/1048/389 288/1046/388
f 449/1045/388 288/1046/388 251/1044/387
f 479/1043/387 251/1044/387 250/1042/386
f 480/1041/386 250/1042/386 204/1040/385
f 481/1039/385 204/1040/385 203/1038/384
f 522/1037/384 203/1038/384 183/1036/383
f 482/1035/383 183/1036/383 182/1034/382
f 483/1033/382 182/1034/382 181/1032/381
f 484/1031/381 181/1032/381 191/1030/380
f 485/1029/380 191/1030/380 190/1028/379
f 450/1027/379 190/1028/379 189/1026/378
f 451/1025/378 189/1026/378 218/1024/377
f 486/1023/377 218/1024/377 217/1022/376
f 487/1021/376 217/1022/376 232/1020/375
f 488/1019/375 232/1020/375 216/1018/374
f 523/1017/374 216/1018/374 202/1016/373
f 403/1015/373 202/1016/373 201/1014/372
f 404/1013/372 201/1014/372 200/1011/371
g Body_16_(5)
v -0.0125 -0.274976 0.0975228 0 0 0
v -0.0125 -0.274964 0.0974682 0 0 0
v 0.00749999 -0.274964 0.0974682 0 0 0
v -0.0125 -0.274991 0.0975765 0 0 0
v 0.00749999 -0.274976 0.0975228 0 0 0
v -0.0125 -0.27501 0.0976289 0 0 0
v 0.00749999 -0.274991 0.0975765 0 0 0
v -0.0125 -0.275033 0.09768 0 0 0
v 0.00749999 -0.27501 0.0976289 0 0 0
v -0.0125 -0.275059 0.0977293 0 0 0
v 0.00749999 -0.275033 0.09768 0 0 0
v -0.0125 -0.275089 0.0977766 0 0 0
v 0.00749999 -0.275059 0.0977293 0 0 0
v -0.0125 -0.275121 0.0978218 0 0 0
v 0.00749999 -0.275089 0.0977766 0 0 0
v -0.0125 -0.275157 0.0978646 0 0 0
v 0.00749999 -0.275121 0.0978218 0 0 0
v -0.0125 -0.275196 0.0979047 0 0 0
v 0.00749999 -0.275157 0.0978646 0 0 0
v -0.0125 -0.275238 0.0979421 0 0 0
v 0.00749999 -0.275196 0.0979047 0 0 0
v -0.0125 -0.275282 0.0979765 0 0 0
v 0.00749999 -0.275238 0.0979421 0 0 0
v -0.0125 -0.275328 0.0980077 0 0 0
v 0.00749999 -0.275282 0.0979765 0 0 0
v -0.0125 -0.275376 0.0980356 0 0 0
v 0.00749999 -0.275328 0.0980077 0 0 0
v -0.0125 -0.275426 0.0980601 0 0 0
v 0.00749999 -0.275376 0.0980356 0 0 0
v -0.0125 -0.275478 0.098081 0 0 0
v 0.00749999 -0.275426 0.0980601 0 0 0
v -0.0125 -0.275531 0.0980983 0 0 0
v 0.00749999 -0.275478 0.098081 0 0 0
v -0.0125 -0.275586 0.0981118 0 0 0
v 0.00749999 -0.275531 0.0980983 0 0 0
v -0.0125 -0.275641 0.0981215 0 0 0
v 0.00749999 -0.275586 0.0981118 0 0 0
v -0.0125 -0.275696 0.0981273 0 0 0
v 0.00749999 -0.275641 0.0981215 0 0 0
v -0.0125 -0.275752 0.0981293 0 0 0
v 0.00749999 -0.275696 0.0981273 0 0 0
v -0.0125 -0.275808 0.0981273 0 0 0
v 0.00749999 -0.275752 0.0981293 0 0 0
v -0.0125 -0.275863 0.0981215 0 0 0
v 0.00749999 -0.275808 0.0981273 0 0 0
v -0.0125 -0.275918 0.0981118 0 0 0
v 0.00749999 -0.275863 0.0981215 0 0 0
v -0.0125 -0.275972 0.0980983 0 0 0
v 0.00749999 -0.275918 0.0981118 0 0 0
v -0.0125 -0.276025 0.098081 0 0 0
v 0.00749999 -0.275972 0.0980983 0 0 0
v -0.0125 -0.276077 0.0980601 0 0 0
v 0.00749999 -0.276025 0.098081 0 0 0
v -0.0125 -0.276127 0.0980356 0 0 0
v 0.00749999 -0.276077 0.0980601 0 0 0
v -0.0125 -0.276176 0.0980077 0 0 0
v 0.00749999 -0.276127 0.0980356 0 0 0
v -0.0125 -0.276222 0.0979765 0 0 0
v 0.00749999 -0.276176 0.0980077 0 0 0
v -0.0125 -0.276266 0.0979421 0 0 0
v 0.00749999 -0.276222 0.0979765 0 0 0
v -0.0125 -0.276308 0.0979047 0 0 0
v 0.00749999 -0.276266 0.0979421 0 0 0
v -0.0125 -0.276346 0.0978646 0 0 0
v 0.00749999 -0.276308 0.0979047 0 0 0
v -0.0125 -0.276382 0.0978218 0 0 0
v 0.00749999 -0.276346 0.0978646 0 0 0
v -0.0125 -0.276415 0.0977766 0 0 0
v 0.00749999 -0.276382 0.0978218 0 0 0
v -0.0125 -0.276445 0.0977293 0 0 0
v 0.00749999 -0.276415 0.0977766 0 0 0
v -0.0125 -0.276471 0.09768 0 0 0
v 0.00749999 -0.276445 0.0977293 0 0 0
v -0.0125 -0.276494 0.0976289 0 0 0
v 0.00749999 -0.276471 0.09768 0 0 0
v -0.0125 -0.276513 0.0975765 0 0 0
v 0.00749999 -0.276494 0.0976289 0 0 0
v -0.0125 -0.276528 0.0975228 0 0 0
v 0.00749999 -0.276513 0.0975765 0 0 0
v -0.0125 -0.27654 0.0974682 0 0 0
v 0.00749999 -0.276528 0.0975228 0 0 0
v -0.0125 -0.276548 0.0974129 0 0 0
v 0.00749999 -0.27654 0.0974682 0 0 0
v -0.0125 -0.276551 0.0973572 0 0 0
v 0.00749999 -0.276548 0.0974129 0 0 0
v -0.0125 -0.276551 0.0973013 0 0 0
v 0.00749999 -0.276551 0.0973572 0 0 0
v -0.0125 -0.276548 0.0972456 0 0 0
v 0.00749999 -0.276551 0.0973013 0 0 0
v -0.0125 -0.27654 0.0971903 0 0 0
v 0.00749999 -0.276548 0.0972456 0 0 0
v -0.0125 -0.276528 0.0971357 0 0 0
v 0.00749999 -0.27654 0.0971903 0 0 0
v -0.0125 -0.276513 0.097082 0 0 0
v 0.00749999 -0.276528 0.0971357 0 0 0
v -0.0125 -0.276494 0.0970296 0 0 0
v 0.00749999 -0.276513 0.097082 0 0 0
v -0.0125 -0.276471 0.0969786 0 0 0
v 0.00749999 -0.276494 0.0970296 0 0 0
v -0.0125 -0.276445 0.0969293 0 0 0
v 0.00749999 -0.276471 0.0969786 0 0 0
v -0.0125 -0.276415 0.0968819 0 0 0
v 0.00749999 -0.276445 0.0969293 0 0 0
v -0.0125 -0.276382 0.0968367 0 0 0
v 0.00749999 -0.276415 0.0968819 0 0 0
v -0.0125 -0.276346 0.096794 0 0 0
v 0.00749999 -0.276382 0.0968367 0 0 0
v -0.0125 -0.276308 0.0967538 0 0 0
v 0.00749999 -0.276346 0.096794 0 0 0
v -0.0125 -0.276266 0.0967164 0 0 0
v 0.00749999 -0.276308 0.0967538 0 0 0
v -0.0125 -0.276222 0.096682 0 0 0
v 0.00749999 -0.276266 0.0967164 0 0 0
v -0.0125 -0.276176 0.0966508 0 0 0
v 0.00749999 -0.276222 0.096682 0 0 0
v -0.0125 -0.276127 0.0966229 0 0 0
v 0.00749999 -0.276176 0.0966508 0 0 0
v -0.0125 -0.276077 0.0965984 0 0 0
v 0.00749999 -0.276127 0.0966229 0 0 0
v -0.0125 -0.276025 0.0965775 0 0 0
v 0.00749999 -0.276077 0.0965984 0 0 0
v -0.0125 -0.275972 0.0965603 0 0 0
v 0.00749999 -0.276025 0.0965775 0 0 0
v -0.0125 -0.275918 0.0965467 0 0 0
v 0.00749999 -0.275972 0.0965603 0 0 0
v -0.0125 -0.275863 0.096537 0 0 0
v 0.00749999 -0.275918 0.0965467 0 0 0
v -0.0125 -0.275808 0.0965312 0 0 0
v 0.00749999 -0.275863 0.096537 0 0 0
v -0.0125 -0.275752 0.0965293 0 0 0
v 0.00749999 -0.275808 0.0965312 0 0 0
v -0.0125 -0.275696 0.0965312 0 0 0
v 0.00749999 -0.275752 0.0965293 0 0 0
v -0.0125 -0.275641 0.096537 0 0 0
v 0.00749999 -0.275696 0.0965312 0 0 0
v -0.0125 -0.275586 0.0965467 0 0 0
v 0.00749999 -0.275641 0.096537 0 0 0
v -0.0125 -0.275531 0.0965603 0 0 0
v 0.00749999 -0.275586 0.0965467 0 0 0
v -0.0125 -0.275478 0.0965775 0 0 0
v 0.00749999 -0.275531 0.0965603 0 0 0
v -0.0125 -0.275426 0.0965984 0 0 0
v 0.00749999 -0.275478 0.0965775 0 0 0
v -0.0125 -0.275376 0.0966229 0 0 0
v 0.00749999 -0.275426 0.0965984 0 0 0
v -0.0125 -0.275328 0.0966508 0 0 0
v 0.00749999 -0.275376 0.0966229 0 0 0
v -0.0125 -0.275282 0.096682 0 0 0
v 0.00749999 -0.275328 0.0966508 0 0 0
v -0.0125 -0.275238 0.0967164 0 0 0
v 0.00749999 -0.275282 0.096682 0 0 0
v -0.0125 -0.275196 0.0967538 0 0 0
v 0.00749999 -0.275238 0.0967164 0 0 0
v -0.0125 -0.275157 0.096794 0 0 0
v 0.00749999 -0.275196 0.0967538 0 0 0
v -0.0125 -0.275121 0.0968367 0 0 0
v 0.00749999 -0.275157 0.096794 0 0 0
v -0.0125 -0.275089 0.0968819 0 0 0
v 0.00749999 -0.275121 0.0968367 0 0 0
v -0.0125 -0.275059 0.0969293 0 0 0
v 0.00749999 -0.275089 0.0968819 0 0 0
v -0.0125 -0.275033 0.0969786 0 0 0
v 0.00749999 -0.275059 0.0969293 0 0 0
v -0.0125 -0.27501 0.0970296 0 0 0
v 0.00749999 -0.275033 0.0969786 0 0 0
v -0.0125 -0.274991 0.097082 0 0 0
v 0.00749999 -0.27501 0.0970296 0 0 0
v -0.0125 -0.274976 0.0971357 0 0 0
v 0.00749999 -0.274991 0.097082 0 0 0
v -0.0125 -0.274964 0.0971903 0 0 0
v 0.00749999 -0.274976 0.0971357 0 0 0
v -0.0125 -0.274956 0.0972456 0 0 0
v 0.00749999 -0.274964 0.0971903 0 0 0
v -0.0125 -0.274952 0.0973013 0 0 0
v 0.00749999 -0.274956 0.0972456 0 0 0
v -0.0125 -0.274952 0.0973572 0 0 0
v 0.00749999 -0.274952 0.0973013 0 0 0
v -0.0125 -0.274956 0.0974129 0 0 0
v 0.00749999 -0.274952 0.0973572 0 0 0
v 0.00749999 -0.274956 0.0974129 0 0 0
v -0.0125 -0.277497 0.0942956 0 0 0
v -0.0125 -0.277704 0.0944245 0 0 0
v -0.0125 -0.277902 0.0945674 0 0 0
v -0.0125 -0.27683 0.0939995 0 0 0
v -0.0125 -0.277059 0.0940826 0 0 0
v -0.0125 -0.277282 0.0941815 0 0 0
v -0.0125 -0.275144 0.0938824 0 0 0
v -0.0125 -0.275386 0.0938485 0 0 0
v -0.0125 -0.275629 0.0938314 0 0 0
v -0.0125 -0.278089 0.0947238 0 0 0
v -0.0125 -0.278265 0.0948928 0 0 0
v -0.0125 -0.275872 0.0938313 0 0 0
v -0.0125 -0.276357 0.093882 0 0 0
v -0.0125 -0.276596 0.0939325 0 0 0
v -0.0125 -0.2442 0.105406 0 0 0
v -0.0125 -0.244496 0.103574 0 0 0
v -0.0125 -0.244572 0.10369 0 0 0
v -0.0125 -0.244208 0.0996664 0 0 0
v -0.0125 -0.245094 0.100877 0 0 0
v -0.0125 -0.244982 0.100958 0 0 0
v -0.0125 -0.244578 0.0994412 0 0 0
v -0.0125 -0.245335 0.100739 0 0 0
v -0.0125 -0.245212 0.100804 0 0 0
v -0.0125 -0.249061 0.100512 0 0 0
v -0.0125 -0.247076 0.100737 0 0 0
v -0.0125 -0.246949 0.100681 0 0 0
v -0.0125 -0.276116 0.0938482 0 0 0
v -0.0125 -0.27885 0.0989579 0 0 0
v -0.0125 -0.278729 0.0991696 0 0 0
v -0.0125 -0.278594 0.0993723 0 0 0
v -0.0125 -0.277922 0.100075 0 0 0
v -0.0125 -0.277726 0.10022 0 0 0
v -0.0125 -0.27752 0.10035 0 0 0
v -0.0125 -0.244429 0.103453 0 0 0
v -0.0125 -0.244034 0.0997957 0 0 0
v -0.0125 -0.244389 0.0995481 0 0 0
v -0.0125 -0.244773 0.0993463 0 0 0
v -0.0125 -0.244973 0.0992636 0 0 0
v -0.0125 -0.245461 0.100683 0 0 0
v -0.0125 -0.245179 0.0991934 0 0 0
v -0.0125 -0.245592 0.100636 0 0 0
v -0.0125 -0.245388 0.0991361 0 0 0
v -0.0125 -0.245725 0.100598 0 0 0
v -0.0125 -0.2456 0.0990919 0 0 0
v -0.0125 -0.246413 0.100549 0 0 0
v -0.0125 -0.246274 0.10054 0 0 0
v -0.0125 -0.246819 0.100634 0 0 0
v -0.0125 -0.246686 0.100597 0 0 0
v -0.0125 -0.247536 0.101044 0 0 0
v -0.0125 -0.247429 0.100955 0 0 0
v -0.0125 -0.249193 0.100712 0 0 0
v -0.0125 -0.249311 0.100919 0 0 0
v -0.0125 -0.247965 0.101583 0 0 0
v -0.0125 -0.249414 0.101135 0 0 0
v -0.0125 -0.248027 0.101707 0 0 0
v -0.0125 -0.243013 0.103968 0 0 0
v -0.0125 -0.24285 0.103525 0 0 0
v -0.0125 -0.242791 0.103297 0 0 0
v -0.0125 -0.27362 0.100105 0 0 0
v -0.0125 -0.273432 0.0999501 0 0 0
v -0.0125 -0.273255 0.0997823 0 0 0
v -0.0125 -0.273091 0.0996026 0 0 0
v -0.0125 -0.272939 0.0994118 0 0 0
v -0.0125 -0.272801 0.0992109 0 0 0
v -0.0125 -0.272677 0.099001 0 0 0
v -0.0125 -0.272568 0.0987829 0 0 0
v -0.0125 -0.272475 0.0985577 0 0 0
v -0.0125 -0.279242 0.0970728 0 0 0
v -0.0125 -0.279252 0.0973164 0 0 0
v -0.0125 -0.279244 0.0975601 0 0 0
v -0.0125 -0.278956 0.0987383 0 0 0
v -0.0125 -0.278445 0.0995652 0 0 0
v -0.0125 -0.278282 0.0997472 0 0 0
v -0.0125 -0.278108 0.0999175 0 0 0
v -0.0125 -0.24437 0.103328 0 0 0
v -0.0125 -0.244278 0.103066 0 0 0
v -0.0125 -0.24432 0.103199 0 0 0
v -0.0125 -0.24586 0.100569 0 0 0
v -0.0125 -0.246136 0.10054 0 0 0
v -0.0125 -0.245998 0.10055 0 0 0
v -0.0125 -0.24655 0.100568 0 0 0
v -0.0125 -0.247317 0.100874 0 0 0
v -0.0125 -0.247199 0.100802 0 0 0
v -0.0125 -0.247636 0.101139 0 0 0
v -0.0125 -0.247816 0.10135 0 0 0
v -0.0125 -0.24773 0.101241 0 0 0
v -0.0125 -0.247894 0.101464 0 0 0
v -0.0125 -0.249502 0.101357 0 0 0
v -0.0125 -0.249575 0.101584 0 0 0
v -0.0125 -0.248124 0.101967 0 0 0
v -0.0125 -0.249632 0.101816 0 0 0
v -0.0125 -0.248159 0.102101 0 0 0
v -0.0125 -0.249674 0.102051 0 0 0
v -0.0125 -0.248185 0.102237 0 0 0
v -0.0125 -0.249699 0.102289 0 0 0
v -0.0125 -0.248201 0.102375 0 0 0
v -0.0125 -0.249708 0.102527 0 0 0
v -0.0125 -0.248207 0.102513 0 0 0
v -0.0125 -0.2497 0.102766 0 0 0
v -0.0125 -0.248204 0.102652 0 0 0
v -0.0125 -0.242924 0.103749 0 0 0
v -0.0125 -0.242747 0.103065 0 0 0
v -0.0125 -0.243234 0.104384 0 0 0
v -0.0125 -0.243116 0.10418 0 0 0
v -0.0125 -0.275654 0.100828 0 0 0
v -0.0125 -0.275411 0.100813 0 0 0
v -0.0125 -0.275169 0.10078 0 0 0
v -0.0125 -0.274026 0.100374 0 0 0
v -0.0125 -0.273819 0.100247 0 0 0
v -0.0125 -0.272397 0.0983266 0 0 0
v -0.0125 -0.272336 0.0980906 0 0 0
v -0.0125 -0.272291 0.097851 0 0 0
v -0.0125 -0.272321 0.0966383 0 0 0
v -0.0125 -0.272377 0.0964012 0 0 0
v -0.0125 -0.278428 0.0950736 0 0 0
v -0.0125 -0.278579 0.0952654 0 0 0
v -0.0125 -0.278715 0.0954671 0 0 0
v -0.0125 -0.278838 0.0956779 0 0 0
v -0.0125 -0.27922 0.0978026 0 0 0
v -0.0125 -0.277305 0.100466 0 0 0
v -0.0125 -0.277083 0.100566 0 0 0
v -0.0125 -0.276621 0.10072 0 0 0
v -0.0125 -0.276382 0.100772 0 0 0
v -0.0125 -0.276141 0.100808 0 0 0
v -0.0125 -0.244224 0.102795 0 0 0
v -0.0125 -0.244247 0.102931 0 0 0
v -0.0125 -0.244876 0.101047 0 0 0
v -0.0125 -0.244775 0.101143 0 0 0
v -0.0125 -0.249677 0.103003 0 0 0
v -0.0125 -0.248192 0.10279 0 0 0
v -0.0125 -0.249637 0.103239 0 0 0
v -0.0125 -0.24817 0.102926 0 0 0
v -0.0125 -0.249581 0.103471 0 0 0
v -0.0125 -0.248138 0.103061 0 0 0
v -0.0125 -0.24272 0.10283 0 0 0
v -0.0125 -0.274931 0.100732 0 0 0
v -0.0125 -0.274696 0.100666 0 0 0
v -0.0125 -0.274466 0.100585 0 0 0
v -0.0125 -0.274243 0.100487 0 0 0
v -0.0125 -0.272263 0.0976088 0 0 0
v -0.0125 -0.272252 0.0973653 0 0 0
v -0.0125 -0.272258 0.0971216 0 0 0
v -0.0125 -0.279113 0.0963542 0 0 0
v -0.0125 -0.279173 0.0965905 0 0 0
v -0.0125 -0.279216 0.0968304 0 0 0
v -0.0125 -0.279178 0.0980429 0 0 0
v -0.0125 -0.276854 0.100651 0 0 0
v -0.0125 -0.275898 0.100826 0 0 0
v -0.0125 -0.244845 0.104003 0 0 0
v -0.0125 -0.24495 0.104094 0 0 0
v -0.0125 -0.244656 0.103801 0 0 0
v -0.0125 -0.244747 0.103905 0 0 0
v -0.0125 -0.244682 0.101245 0 0 0
v -0.0125 -0.24808 0.101835 0 0 0
v -0.0125 -0.24951 0.103699 0 0 0
v -0.0125 -0.248097 0.103194 0 0 0
v -0.0125 -0.249423 0.103921 0 0 0
v -0.0125 -0.248047 0.103323 0 0 0
v -0.0125 -0.249321 0.104137 0 0 0
v -0.0125 -0.247989 0.103449 0 0 0
v -0.0125 -0.249205 0.104346 0 0 0
v -0.0125 -0.247921 0.10357 0 0 0
v -0.0125 -0.242708 0.102595 0 0 0
v -0.0125 -0.242712 0.102359 0 0 0
v -0.0125 -0.279037 0.0961225 0 0 0
v -0.0125 -0.27912 0.0982796 0 0 0
v -0.0125 -0.279046 0.0985118 0 0 0
v -0.0125 -0.244211 0.102657 0 0 0
v -0.0125 -0.244208 0.102518 0 0 0
v -0.0125 -0.244255 0.102106 0 0 0
v -0.0125 -0.24423 0.102242 0 0 0
v -0.0125 -0.244448 0.101588 0 0 0
v -0.0125 -0.244386 0.101712 0 0 0
v -0.0125 -0.244596 0.101354 0 0 0
v -0.0125 -0.244518 0.101468 0 0 0
v -0.0125 -0.249075 0.104546 0 0 0
v -0.0125 -0.247846 0.103686 0 0 0
v -0.0125 -0.242732 0.102124 0 0 0
v -0.0125 -0.242768 0.101891 0 0 0
v -0.0125 -0.243833 0.10511 0 0 0
v -0.0125 -0.243665 0.104944 0 0 0
v -0.0125 -0.244012 0.105264 0 0 0
v -0.0125 -0.272281 0.0968789 0 0 0
v -0.0125 -0.278945 0.0958968 0 0 0
v -0.0125 -0.244214 0.10238 0 0 0
v -0.0125 -0.24429 0.101972 0 0 0
v -0.0125 -0.244334 0.10184 0 0 0
v -0.0125 -0.24282 0.10166 0 0 0
v -0.0125 -0.242887 0.101434 0 0 0
v -0.0125 -0.243509 0.104767 0 0 0
v -0.0125 -0.243365 0.10458 0 0 0
v -0.0125 -0.238671 0.0984825 0 0 0
v -0.0125 -0.239818 0.0968442 0 0 0
v -0.0125 -0.24506 0.104177 0 0 0
v 0.00749999 -0.273819 0.100247 0 0 0
v 0.00749999 -0.274026 0.100374 0 0 0
v 0.00749999 -0.275411 0.100813 0 0 0
v 0.00749999 -0.275654 0.100828 0 0 0
v 0.00749999 -0.277726 0.10022 0 0 0
v 0.00749999 -0.277922 0.100075 0 0 0
v 0.00749999 -0.278729 0.0991696 0 0 0
v 0.00749999 -0.27885 0.0989579 0 0 0
v 0.00749999 -0.245388 0.0991361 0 0 0
v 0.00749999 -0.245725 0.100598 0 0 0
v 0.00749999 -0.24586 0.100569 0 0 0
v 0.00749999 -0.245179 0.0991934 0 0 0
v 0.00749999 -0.245592 0.100636 0 0 0
v 0.00749999 -0.244578 0.0994412 0 0 0
v 0.00749999 -0.244389 0.0995481 0 0 0
v 0.00749999 -0.245212 0.100804 0 0 0
v 0.00749999 -0.274243 0.100487 0 0 0
v 0.00749999 -0.274696 0.100666 0 0 0
v 0.00749999 -0.274931 0.100732 0 0 0
v 0.00749999 -0.275169 0.10078 0 0 0
v 0.00749999 -0.276382 0.100772 0 0 0
v 0.00749999 -0.276621 0.10072 0 0 0
v 0.00749999 -0.278108 0.0999175 0 0 0
v 0.00749999 -0.278282 0.0997472 0 0 0
v 0.00749999 -0.278445 0.0995652 0 0 0
v 0.00749999 -0.278956 0.0987383 0 0 0
v 0.00749999 -0.279252 0.0973164 0 0 0
v 0.00749999 -0.279242 0.0970728 0 0 0
v 0.00749999 -0.244973 0.0992636 0 0 0
v 0.00749999 -0.245461 0.100683 0 0 0
v 0.00749999 -0.244773 0.0993463 0 0 0
v 0.00749999 -0.245335 0.100739 0 0 0
v 0.00749999 -0.244034 0.0997957 0 0 0
v 0.00749999 -0.244518 0.101468 0 0 0
v 0.00749999 -0.244596 0.101354 0 0 0
v 0.00749999 -0.275386 0.0938485 0 0 0
v 0.00749999 -0.275144 0.0938824 0 0 0
v 0.00749999 -0.274466 0.100585 0 0 0
v 0.00749999 -0.275898 0.100826 0 0 0
v 0.00749999 -0.276141 0.100808 0 0 0
v 0.00749999 -0.276854 0.100651 0 0 0
v 0.00749999 -0.277305 0.100466 0 0 0
v 0.00749999 -0.27752 0.10035 0 0 0
v 0.00749999 -0.278594 0.0993723 0 0 0
v 0.00749999 -0.279244 0.0975601 0 0 0
v 0.00749999 -0.2456 0.0990919 0 0 0
v 0.00749999 -0.245998 0.10055 0 0 0
v 0.00749999 -0.246136 0.10054 0 0 0
v 0.00749999 -0.244208 0.0996664 0 0 0
v 0.00749999 -0.245094 0.100877 0 0 0
v 0.00749999 -0.244982 0.100958 0 0 0
v 0.00749999 -0.244682 0.101245 0 0 0
v 0.00749999 -0.275629 0.0938314 0 0 0
v 0.00749999 -0.272568 0.0987829 0 0 0
v 0.00749999 -0.272677 0.099001 0 0 0
v 0.00749999 -0.272801 0.0992109 0 0 0
v 0.00749999 -0.272939 0.0994118 0 0 0
v 0.00749999 -0.273091 0.0996026 0 0 0
v 0.00749999 -0.273255 0.0997823 0 0 0
v 0.00749999 -0.273432 0.0999501 0 0 0
v 0.00749999 -0.27362 0.100105 0 0 0
v 0.00749999 -0.277083 0.100566 0 0 0
v 0.00749999 -0.27922 0.0978026 0 0 0
v 0.00749999 -0.279173 0.0965905 0 0 0
v 0.00749999 -0.279113 0.0963542 0 0 0
v 0.00749999 -0.277704 0.0944245 0 0 0
v 0.00749999 -0.277497 0.0942956 0 0 0
v 0.00749999 -0.249708 0.102527 0 0 0
v 0.00749999 -0.248207 0.102513 0 0 0
v 0.00749999 -0.248204 0.102652 0 0 0
v 0.00749999 -0.249699 0.102289 0 0 0
v 0.00749999 -0.248201 0.102375 0 0 0
v 0.00749999 -0.249193 0.100712 0 0 0
v 0.00749999 -0.247894 0.101464 0 0 0
v 0.00749999 -0.247965 0.101583 0 0 0
v 0.00749999 -0.249061 0.100512 0 0 0
v 0.00749999 -0.247816 0.10135 0 0 0
v 0.00749999 -0.246274 0.10054 0 0 0
v 0.00749999 -0.244775 0.101143 0 0 0
v 0.00749999 -0.244876 0.101047 0 0 0
v 0.00749999 -0.244448 0.101588 0 0 0
v 0.00749999 -0.2442 0.105406 0 0 0
v 0.00749999 -0.244572 0.10369 0 0 0
v 0.00749999 -0.244496 0.103574 0 0 0
v 0.00749999 -0.272377 0.0964012 0 0 0
v 0.00749999 -0.272321 0.0966383 0 0 0
v 0.00749999 -0.272336 0.0980906 0 0 0
v 0.00749999 -0.272397 0.0983266 0 0 0
v 0.00749999 -0.27912 0.0982796 0 0 0
v 0.00749999 -0.279178 0.0980429 0 0 0
v 0.00749999 -0.279216 0.0968304 0 0 0
v 0.00749999 -0.279037 0.0961225 0 0 0
v 0.00749999 -0.277282 0.0941815 0 0 0
v 0.00749999 -0.277059 0.0940826 0 0 0
v 0.00749999 -0.27683 0.0939995 0 0 0
v 0.00749999 -0.24285 0.103525 0 0 0
v 0.00749999 -0.242924 0.103749 0 0 0
v 0.00749999 -0.242747 0.103065 0 0 0
v 0.00749999 -0.242791 0.103297 0 0 0
v 0.00749999 -0.2497 0.102766 0 0 0
v 0.00749999 -0.248192 0.10279 0 0 0
v 0.00749999 -0.249311 0.100919 0 0 0
v 0.00749999 -0.248027 0.101707 0 0 0
v 0.00749999 -0.247636 0.101139 0 0 0
v 0.00749999 -0.24773 0.101241 0 0 0
v 0.00749999 -0.247317 0.100874 0 0 0
v 0.00749999 -0.247429 0.100955 0 0 0
v 0.00749999 -0.247076 0.100737 0 0 0
v 0.00749999 -0.247199 0.100802 0 0 0
v 0.00749999 -0.246949 0.100681 0 0 0
v 0.00749999 -0.244656 0.103801 0 0 0
v 0.00749999 -0.244845 0.104003 0 0 0
v 0.00749999 -0.244747 0.103905 0 0 0
v 0.00749999 -0.24506 0.104177 0 0 0
v 0.00749999 -0.24495 0.104094 0 0 0
v 0.00749999 -0.272252 0.0973653 0 0 0
v 0.00749999 -0.272263 0.0976088 0 0 0
v 0.00749999 -0.272475 0.0985577 0 0 0
v 0.00749999 -0.279046 0.0985118 0 0 0
v 0.00749999 -0.278945 0.0958968 0 0 0
v 0.00749999 -0.278838 0.0956779 0 0 0
v 0.00749999 -0.278089 0.0947238 0 0 0
v 0.00749999 -0.277902 0.0945674 0 0 0
v 0.00749999 -0.243013 0.103968 0 0 0
v 0.00749999 -0.243116 0.10418 0 0 0
v 0.00749999 -0.249677 0.103003 0 0 0
v 0.00749999 -0.24817 0.102926 0 0 0
v 0.00749999 -0.249674 0.102051 0 0 0
v 0.00749999 -0.248185 0.102237 0 0 0
v 0.00749999 -0.249632 0.101816 0 0 0
v 0.00749999 -0.248159 0.102101 0 0 0
v 0.00749999 -0.247536 0.101044 0 0 0
v 0.00749999 -0.246819 0.100634 0 0 0
v 0.00749999 -0.246413 0.100549 0 0 0
v 0.00749999 -0.244429 0.103453 0 0 0
v 0.00749999 -0.272291 0.097851 0 0 0
v 0.00749999 -0.276596 0.0939325 0 0 0
v 0.00749999 -0.276357 0.093882 0 0 0
v 0.00749999 -0.242708 0.102595 0 0 0
v 0.00749999 -0.24272 0.10283 0 0 0
v 0.00749999 -0.249321 0.104137 0 0 0
v 0.00749999 -0.247989 0.103449 0 0 0
v 0.00749999 -0.247921 0.10357 0 0 0
v 0.00749999 -0.249423 0.103921 0 0 0
v 0.00749999 -0.248047 0.103323 0 0 0
v 0.00749999 -0.24951 0.103699 0 0 0
v 0.00749999 -0.248097 0.103194 0 0 0
v 0.00749999 -0.249581 0.103471 0 0 0
v 0.00749999 -0.248138 0.103061 0 0 0
v 0.00749999 -0.249637 0.103239 0 0 0
v 0.00749999 -0.249575 0.101584 0 0 0
v 0.00749999 -0.248124 0.101967 0 0 0
v 0.00749999 -0.249502 0.101357 0 0 0
v 0.00749999 -0.24808 0.101835 0 0 0
v 0.00749999 -0.249414 0.101135 0 0 0
v 0.00749999 -0.24655 0.100568 0 0 0
v 0.00749999 -0.246686 0.100597 0 0 0
v 0.00749999 -0.244278 0.103066 0 0 0
v 0.00749999 -0.244247 0.102931 0 0 0
v 0.00749999 -0.24437 0.103328 0 0 0
v 0.00749999 -0.24432 0.103199 0 0 0
v 0.00749999 -0.272281 0.0968789 0 0 0
v 0.00749999 -0.272258 0.0971216 0 0 0
v 0.00749999 -0.278715 0.0954671 0 0 0
v 0.00749999 -0.278579 0.0952654 0 0 0
v 0.00749999 -0.278428 0.0950736 0 0 0
v 0.00749999 -0.278265 0.0948928 0 0 0
v 0.00749999 -0.276116 0.0938482 0 0 0
v 0.00749999 -0.275872 0.0938313 0 0 0
v 0.00749999 -0.243833 0.10511 0 0 0
v 0.00749999 -0.244012 0.105264 0 0 0
v 0.00749999 -0.243509 0.104767 0 0 0
v 0.00749999 -0.243665 0.104944 0 0 0
v 0.00749999 -0.242732 0.102124 0 0 0
v 0.00749999 -0.242712 0.102359 0 0 0
v 0.00749999 -0.24282 0.10166 0 0 0
v 0.00749999 -0.242768 0.101891 0 0 0
v 0.00749999 -0.249205 0.104346 0 0 0
v 0.00749999 -0.247846 0.103686 0 0 0
v 0.00749999 -0.244334 0.10184 0 0 0
v 0.00749999 -0.244386 0.101712 0 0 0
v 0.00749999 -0.244214 0.10238 0 0 0
v 0.00749999 -0.24423 0.102242 0 0 0
v 0.00749999 -0.244211 0.102657 0 0 0
v 0.00749999 -0.244224 0.102795 0 0 0
v 0.00749999 -0.243234 0.104384 0 0 0
v 0.00749999 -0.243365 0.10458 0 0 0
v 0.00749999 -0.242887 0.101434 0 0 0
v 0.00749999 -0.24429 0.101972 0 0 0
v 0.00749999 -0.244255 0.102106 0 0 0
v 0.00749999 -0.244208 0.102518 0 0 0
v 0.00749999 -0.239818 0.0968442 0 0 0
v 0.00749999 -0.238671 0.0984825 0 0 0
v 0.00749999 -0.249075 0.104546 0 0 0
vn 1.01742e-16 -0.970296 -0.241922
vn 1.20604e-16 -0.984808 -0.173648
vn 8.23833e-17 -0.951057 -0.309017
vn 1.01742e-16 -0.970296 -0.241922
vn 6.26236e-17 -0.927184 -0.374607
vn 8.23833e-17 -0.951057 -0.309017
vn 4.25588e-17 -0.898794 -0.438371
vn 6.26236e-17 -0.927184 -0.374607
vn 2.22867e-17 -0.866025 -0.5
vn 4.25588e-17 -0.898794 -0.438371
vn 1.90608e-18 -0.829038 -0.559193
vn 2.22867e-17 -0.866025 -0.5
vn -1.84839e-17 -0.788011 -0.615661
vn 1.90608e-18 -0.829038 -0.559193
vn -3.87838e-17 -0.743145 -0.669131
vn -1.84839e-17 -0.788011 -0.615661
vn -5.88948e-17 -0.694658 -0.71934
vn -3.87838e-17 -0.743145 -0.669131
vn -7.87188e-17 -0.642788 -0.766044
vn -5.88948e-17 -0.694658 -0.71934
vn -9.81593e-17 -0.587785 -0.809017
vn -7.87188e-17 -0.642788 -0.766044
vn -1.17122e-16 -0.529919 -0.848048
vn -9.81593e-17 -0.587785 -0.809017
vn -1.35513e-16 -0.469472 -0.882948
vn -1.17122e-16 -0.529919 -0.848048
vn -1.53245e-16 -0.406737 -0.913545
vn -1.35513e-16 -0.469472 -0.882948
vn -1.7023e-16 -0.34202 -0.939693
vn -1.53245e-16 -0.406737 -0.913545
vn -1.86385e-16 -0.275637 -0.961262
vn -1.7023e-16 -0.34202 -0.939693
vn -2.01633e-16 -0.207912 -0.978148
vn -1.86385e-16 -0.275637 -0.961262
vn -2.15898e-16 -0.139173 -0.990268
vn -2.01633e-16 -0.207912 -0.978148
vn -2.29111e-16 -0.0697565 -0.997564
vn -2.15898e-16 -0.139173 -0.990268
vn -2.41208e-16 6.66134e-16 -1
vn -2.29111e-16 -0.0697565 -0.997564
vn -2.5213e-16 0.0697565 -0.997564
vn -2.41208e-16 6.66134e-16 -1
vn -2.61824e-16 0.139173 -0.990268
vn -2.5213e-16 0.0697565 -0.997564
vn -2.70242e-16 0.207912 -0.978148
vn -2.61824e-16 0.139173 -0.990268
vn -2.77343e-16 0.275637 -0.961262
vn -2.70242e-16 0.207912 -0.978148
vn -2.83094e-16 0.34202 -0.939693
vn -2.77343e-16 0.275637 -0.961262
vn -2.87465e-16 0.406737 -0.913545
vn -2.83094e-16 0.34202 -0.939693
vn -2.90435e-16 0.469472 -0.882948
vn -2.87465e-16 0.406737 -0.913545
vn -2.91991e-16 0.529919 -0.848048
vn -2.90435e-16 0.469472 -0.882948
vn -2.92124e-16 0.587785 -0.809017
vn -2.91991e-16 0.529919 -0.848048
vn -2.90834e-16 0.642788 -0.766044
vn -2.92124e-16 0.587785 -0.809017
vn -2.88127e-16 0.694658 -0.71934
vn -2.90834e-16 0.642788 -0.766044
vn -2.84016e-16 0.743145 -0.669131
vn -2.88127e-16 0.694658 -0.71934
vn -2.78521e-16 0.788011 -0.615661
vn -2.84016e-16 0.743145 -0.669131
vn -2.7167e-16 0.829038 -0.559193
vn -2.78521e-16 0.788011 -0.615661
vn -2.63495e-16 0.866025 -0.5
vn -2.7167e-16 0.829038 -0.559193
vn -2.54036e-16 0.898794 -0.438371
vn -2.63495e-16 0.866025 -0.5
vn -2.4334e-16 0.927184 -0.374607
vn -2.54036e-16 0.898794 -0.438371
vn -2.31458e-16 0.951057 -0.309017
vn -2.4334e-16 0.927184 -0.374607
vn -2.18449e-16 0.970296 -0.241922
vn -2.31458e-16 0.951057 -0.309017
vn -2.04375e-16 0.984808 -0.173648
vn -2.18449e-16 0.970296 -0.241922
vn -1.89305e-16 0.994522 -0.104528
vn -2.04375e-16 0.984808 -0.173648
vn -1.73314e-16 0.999391 -0.0348995
vn -1.89305e-16 0.994522 -0.104528
vn -1.56478e-16 0.999391 0.0348995
vn -1.73314e-16 0.999391 -0.0348995
vn -1.38879e-16 0.994522 0.104528
vn -1.56478e-16 0.999391 0.0348995
vn -1.20604e-16 0.984808 0.173648
vn -1.38879e-16 0.994522 0.104528
vn -1.01742e-16 0.970296 0.241922
vn -1.20604e-16 0.984808 0.173648
vn -8.23833e-17 0.951057 0.309017
vn -1.01742e-16 0.970296 0.241922
vn -6.26236e-17 0.927184 0.374607
vn -8.23833e-17 0.951057 0.309017
vn -4.25588e-17 0.898794 0.438371
vn -6.26236e-17 0.927184 0.374607
vn -2.22867e-17 0.866025 0.5
vn -4.25588e-17 0.898794 0.438371
vn -1.90608e-18 0.829038 0.559193
vn -2.22867e-17 0.866025 0.5
vn 1.84839e-17 0.788011 0.615661
vn -1.90608e-18 0.829038 0.559193
vn 3.87838e-17 0.743145 0.669131
vn 1.84839e-17 0.788011 0.615661
vn 5.88948e-17 0.694658 0.71934
vn 3.87838e-17 0.743145 0.669131
vn 7.87188e-17 0.642788 0.766044
vn 5.88948e-17 0.694658 0.71934
vn 9.81593e-17 0.587785 0.809017
vn 7.87188e-17 0.642788 0.766044
vn 1.17122e-16 0.529919 0.848048
vn 9.81593e-17 0.587785 0.809017
vn 1.35513e-16 0.469472 0.882948
vn 1.17122e-16 0.529919 0.848048
vn 1.53245e-16 0.406737 0.913545
vn 1.35513e-16 0.469472 0.882948
vn 1.7023e-16 0.34202 0.939693
vn 1.53245e-16 0.406737 0.913545
vn 1.86385e-16 0.275637 0.961262
vn 1.7023e-16 0.34202 0.939693
vn 2.01633e-16 0.207912 0.978148
vn 1.86385e-16 0.275637 0.961262
vn 2.15898e-16 0.139173 0.990268
vn 2.01633e-16 0.207912 0.978148
vn 2.29111e-16 0.0697565 0.997564
vn 2.15898e-16 0.139173 0.990268
vn 2.41208e-16 1.11022e-16 1
vn 2.29111e-16 0.0697565 0.997564
vn 2.5213e-16 -0.0697565 0.997564
vn 2.41208e-16 1.11022e-16 1
vn 2.61824e-16 -0.139173 0.990268
vn 2.5213e-16 -0.0697565 0.997564
vn 2.70242e-16 -0.207912 0.978148
vn 2.61824e-16 -0.139173 0.990268
vn 2.77343e-16 -0.275637 0.961262
vn 2.70242e-16 -0.207912 0.978148
vn 2.83094e-16 -0.34202 0.939693
vn 2.77343e-16 -0.275637 0.961262
vn 2.87465e-16 -0.406737 0.913545
vn 2.83094e-16 -0.34202 0.939693
vn 2.90435e-16 -0.469472 0.882948
vn 2.87465e-16 -0.406737 0.913545
vn 2.91991e-16 -0.529919 0.848048
vn 2.90435e-16 -0.469472 0.882948
vn 2.92124e-16 -0.587785 0.809017
vn 2.91991e-16 -0.529919 0.848048
vn 2.90834e-16 -0.642788 0.766044
vn 2.92124e-16 -0.587785 0.809017
vn 2.88127e-16 -0.694658 0.71934
vn 2.90834e-16 -0.642788 0.766044
vn 2.84016e-16 -0.743145 0.669131
vn 2.88127e-16 -0.694658 0.71934
vn 2.78521e-16 -0.788011 0.615661
vn 2.84016e-16 -0.743145 0.669131
vn 2.7167e-16 -0.829038 0.559193
vn 2.78521e-16 -0.788011 0.615661
vn 2.63495e-16 -0.866025 0.5
vn 2.7167e-16 -0.829038 0.559193
vn 2.54036e-16 -0.898794 0.438371
vn 2.63495e-16 -0.866025 0.5
vn 2.4334e-16 -0.927184 0.374607
vn 2.54036e-16 -0.898794 0.438371
vn 2.31458e-16 -0.951057 0.309017
vn 2.4334e-16 -0.927184 0.374607
vn 2.18449e-16 -0.970296 0.241922
vn 2.31458e-16 -0.951057 0.309017
vn 2.04375e-16 -0.984808 0.173648
vn 2.18449e-16 -0.970296 0.241922
vn 1.89305e-16 -0.994522 0.104528
vn 2.04375e-16 -0.984808 0.173648
vn 1.73314e-16 -0.999391 0.0348995
vn 1.89305e-16 -0.994522 0.104528
vn 1.56478e-16 -0.999391 -0.0348995
vn 1.73314e-16 -0.999391 0.0348995
vn 1.38879e-16 -0.994522 -0.104528
vn 1.56478e-16 -0.999391 -0.0348995
vn -1 -1.64996e-16 2.41208e-16
vn 1 1.64996e-16 -2.41208e-16
vn -2.65723e-16 0.856903 -0.515478
vn -2.73508e-16 0.819152 -0.573576
vn -2.56663e-16 0.89054 -0.454905
vn -2.65723e-16 0.856903 -0.515478
vn -2.4637e-16 0.919902 -0.392148
vn -2.56663e-16 0.89054 -0.454905
vn -2.34894e-16 0.944848 -0.327509
vn -2.4637e-16 0.919902 -0.392148
vn -2.22291e-16 0.965258 -0.261297
vn -2.34894e-16 0.944848 -0.327509
vn -2.08621e-16 0.981035 -0.193831
vn -2.22291e-16 0.965258 -0.261297
vn -1.93949e-16 0.992102 -0.125435
vn -2.08621e-16 0.981035 -0.193831
vn -1.78346e-16 0.998406 -0.0564365
vn -1.93949e-16 0.992102 -0.125435
vn -1.61887e-16 0.999918 0.012833
vn -1.78346e-16 0.998406 -0.0564365
vn -1.44651e-16 0.996629 0.0820408
vn -1.61887e-16 0.999918 0.012833
vn -1.26721e-16 0.988556 0.150855
vn -1.44651e-16 0.996629 0.0820408
vn -1.08182e-16 0.975737 0.218945
vn -1.26721e-16 0.988556 0.150855
vn -8.91235e-17 0.958235 0.285984
vn -1.08182e-16 0.975737 0.218945
vn -6.96374e-17 0.936132 0.351649
vn -8.91235e-17 0.958235 0.285984
vn -4.98171e-17 0.909535 0.415627
vn -6.96374e-17 0.936132 0.351649
vn -2.97576e-17 0.878572 0.47761
vn -4.98171e-17 0.909535 0.415627
vn -9.55526e-18 0.843391 0.5373
vn -2.97576e-17 0.878572 0.47761
vn 1.0693e-17 0.804162 0.59441
vn -9.55526e-18 0.843391 0.5373
vn 3.08898e-17 0.761072 0.648667
vn 1.0693e-17 0.804162 0.59441
vn 5.09384e-17 0.714329 0.69981
vn 3.08898e-17 0.761072 0.648667
vn 7.07425e-17 0.664157 0.747594
vn 5.09384e-17 0.714329 0.69981
vn 9.02069e-17 0.610796 0.791788
vn 7.07425e-17 0.664157 0.747594
vn 1.09238e-16 0.554503 0.832182
vn 9.02069e-17 0.610796 0.791788
vn 1.27745e-16 0.495548 0.868581
vn 1.09238e-16 0.554503 0.832182
vn 1.45639e-16 0.434214 0.90081
vn 1.27745e-16 0.495548 0.868581
vn 1.62834e-16 0.370796 0.928714
vn 1.45639e-16 0.434214 0.90081
vn 1.79247e-16 0.305598 0.952161
vn 1.62834e-16 0.370796 0.928714
vn 1.94799e-16 0.238932 0.971036
vn 1.79247e-16 0.305598 0.952161
vn 2.09416e-16 0.17112 0.98525
vn 1.94799e-16 0.238932 0.971036
vn 2.23028e-16 0.102486 0.994734
vn 2.09416e-16 0.17112 0.98525
vn 2.3557e-16 0.0333604 0.999443
vn 2.23028e-16 0.102486 0.994734
vn 2.4698e-16 -0.0359255 0.999354
vn 2.3557e-16 0.0333604 0.999443
vn 2.57205e-16 -0.105039 0.994468
vn 2.4698e-16 -0.0359255 0.999354
vn 2.66195e-16 -0.173648 0.984808
vn 2.57205e-16 -0.105039 0.994468
vn 2.73907e-16 -0.241424 0.97042
vn 2.66195e-16 -0.173648 0.984808
vn 2.80305e-16 -0.30804 0.951373
vn 2.73907e-16 -0.241424 0.97042
vn 2.85356e-16 -0.373178 0.92776
vn 2.80305e-16 -0.30804 0.951373
vn 2.89038e-16 -0.436525 0.899692
vn 2.85356e-16 -0.373178 0.92776
vn 2.91332e-16 -0.497776 0.867306
vn 2.89038e-16 -0.436525 0.899692
vn 2.92228e-16 -0.556637 0.830756
vn 2.91332e-16 -0.497776 0.867306
vn 2.91721e-16 -0.612826 0.790218
vn 2.92228e-16 -0.556637 0.830756
vn 2.89814e-16 -0.666073 0.745886
vn 2.91721e-16 -0.612826 0.790218
vn 2.86515e-16 -0.716123 0.697974
vn 2.89814e-16 -0.666073 0.745886
vn 2.81841e-16 -0.762735 0.646711
vn 2.86515e-16 -0.716123 0.697974
vn 2.75813e-16 -0.805685 0.592344
vn 2.81841e-16 -0.762735 0.646711
vn 2.68462e-16 -0.844768 0.535133
vn 2.75813e-16 -0.805685 0.592344
vn 2.59822e-16 -0.879795 0.475353
vn 2.68462e-16 -0.844768 0.535133
vn 2.49935e-16 -0.910599 0.413291
vn 2.59822e-16 -0.879795 0.475353
vn 2.38848e-16 -0.937031 0.349246
vn 2.49935e-16 -0.910599 0.413291
vn 2.26614e-16 -0.958965 0.283523
vn 2.38848e-16 -0.937031 0.349246
vn 2.13292e-16 -0.976296 0.21644
vn 2.26614e-16 -0.958965 0.283523
vn 1.98947e-16 -0.98894 0.148317
vn 2.13292e-16 -0.976296 0.21644
vn 1.83646e-16 -0.996836 0.0794826
vn 1.98947e-16 -0.98894 0.148317
vn 1.67464e-16 -0.999947 0.0102665
vn 1.83646e-16 -0.996836 0.0794826
vn 1.50478e-16 -0.998258 -0.0589989
vn 1.67464e-16 -0.999947 0.0102665
vn 1.32769e-16 -0.991777 -0.127981
vn 1.50478e-16 -0.998258 -0.0589989
vn 1.14423e-16 -0.980534 -0.196349
vn 1.32769e-16 -0.991777 -0.127981
vn 9.55283e-17 -0.964585 -0.263774
vn 1.14423e-16 -0.980534 -0.196349
vn 7.61746e-17 -0.944004 -0.329933
vn 9.55283e-17 -0.964585 -0.263774
vn 5.64552e-17 -0.918892 -0.394508
vn 7.61746e-17 -0.944004 -0.329933
vn 3.64647e-17 -0.889369 -0.457189
vn 5.64552e-17 -0.918892 -0.394508
vn 1.62993e-17 -0.855577 -0.517676
vn 3.64647e-17 -0.889369 -0.457189
vn -3.94446e-18 -0.817677 -0.575677
vn 1.62993e-17 -0.855577 -0.517676
vn -2.41692e-17 -0.775852 -0.630915
vn -3.94446e-18 -0.817677 -0.575677
vn -4.4278e-17 -0.730303 -0.683124
vn -2.41692e-17 -0.775852 -0.630915
vn -6.41742e-17 -0.681247 -0.732053
vn -4.4278e-17 -0.730303 -0.683124
vn -8.37623e-17 -0.628921 -0.777469
vn -6.41742e-17 -0.681247 -0.732053
vn -1.02948e-16 -0.573576 -0.819152
vn -8.37623e-17 -0.628921 -0.777469
vn -2.66195e-16 0.173648 -0.984808
vn -2.91521e-16 0.621127 -0.78371
vn -2.92232e-16 0.571411 -0.820664
vn -2.91821e-16 0.519502 -0.854469
vn -2.9029e-16 0.4656 -0.884996
vn -2.87646e-16 0.409911 -0.912126
vn -2.83898e-16 0.352649 -0.935756
vn -2.7906e-16 0.294034 -0.955795
vn -2.73152e-16 0.234291 -0.972167
vn -2.66195e-16 0.173648 -0.984808
vn -1.02948e-16 -0.573576 -0.819152
vn -2.73508e-16 0.819152 -0.573576
vn 1.02948e-16 0.573576 0.819152
vn 8.42875e-17 0.627461 0.778648
vn 6.52437e-17 0.678495 0.734605
vn 4.59034e-17 0.726445 0.687224
vn 2.63545e-17 0.771095 0.63672
vn 6.68586e-18 0.81224 0.583323
vn -1.30132e-17 0.849695 0.527275
vn -3.26531e-17 0.883288 0.468831
vn -5.21446e-17 0.912867 0.408257
vn -7.13992e-17 0.938298 0.345827
vn -9.03293e-17 0.959465 0.281826
vn -1.08849e-16 0.976273 0.216545
vn -1.26874e-16 0.988644 0.150279
vn -1.44322e-16 0.996522 0.0833301
vn -1.61115e-16 0.999872 0.0160028
vn -1.77176e-16 0.998678 -0.0513973
vn -1.92431e-16 0.992946 -0.118564
vn -2.06812e-16 0.982702 -0.185192
vn -2.20253e-16 0.967993 -0.250978
vn -2.32693e-16 0.948885 -0.315623
vn 2.73508e-16 -0.819152 0.573576
vn 1.02948e-16 0.573576 0.819152
vn -5.11681e-18 -0.815361 -0.578953
vn 1.4819e-17 -0.85294 -0.522009
vn 3.46858e-17 -0.886549 -0.462635
vn 5.43911e-17 -0.916031 -0.401108
vn 7.38433e-17 -0.941249 -0.337713
vn 9.29517e-17 -0.962086 -0.272747
vn 1.11627e-16 -0.978444 -0.206511
vn 1.29784e-16 -0.990248 -0.139314
vn 1.47336e-16 -0.997443 -0.0714678
vn 1.64202e-16 -0.999995 -0.00328936
vn 1.80304e-16 -0.997891 0.0649044
vn 1.95566e-16 -0.991143 0.132796
vn 2.09919e-16 -0.979782 0.200069
vn 2.23294e-16 -0.963859 0.266412
vn 2.3563e-16 -0.94345 0.331514
vn 2.46869e-16 -0.91865 0.395073
vn 2.56958e-16 -0.889573 0.456793
vn 2.65852e-16 -0.856356 0.516386
vn 2.73508e-16 -0.819152 0.573576
vn 2.66195e-16 -0.173648 0.984808
vn -2.66195e-16 0.173648 -0.984808
vn -2.57154e-16 0.104675 -0.994507
vn -2.46866e-16 0.0351932 -0.999381
vn -2.35379e-16 -0.0344589 -0.999406
vn -2.22751e-16 -0.103944 -0.994583
vn -2.09043e-16 -0.172925 -0.984935
vn -1.9432e-16 -0.241066 -0.970509
vn -1.78654e-16 -0.308039 -0.951374
vn -1.62122e-16 -0.373516 -0.927624
vn -1.44803e-16 -0.437182 -0.899373
vn -1.26782e-16 -0.498727 -0.866759
vn -1.08145e-16 -0.557852 -0.82994
vn -8.8984e-17 -0.614271 -0.789095
vn -6.93912e-17 -0.66771 -0.744422
vn -4.94617e-17 -0.717909 -0.696137
vn -2.92923e-17 -0.764626 -0.644475
vn -8.98079e-18 -0.807633 -0.589686
vn 1.13743e-17 -0.846722 -0.532036
vn 3.16742e-17 -0.881703 -0.471805
vn 5.18204e-17 -0.912406 -0.409286
vn 7.17153e-17 -0.938683 -0.34478
vn 9.12622e-17 -0.960406 -0.278603
vn 1.10366e-16 -0.97747 -0.211073
vn 1.28935e-16 -0.989792 -0.142519
vn 1.46878e-16 -0.997312 -0.0732743
vn 1.64109e-16 -0.999993 -0.00367383
vn 1.80543e-16 -0.997823 0.0659445
vn 1.96102e-16 -0.990812 0.135243
vn 2.10709e-16 -0.978995 0.203885
vn 2.24294e-16 -0.962428 0.271538
vn 2.36791e-16 -0.941191 0.337874
vn 2.48139e-16 -0.915389 0.402571
vn 2.58283e-16 -0.885146 0.465314
vn 2.67175e-16 -0.850608 0.5258
vn 2.7477e-16 -0.811944 0.583736
vn 2.81032e-16 -0.76934 0.638839
vn 2.8593e-16 -0.723005 0.690843
vn 2.89442e-16 -0.673161 0.739496
vn 2.91549e-16 -0.620052 0.78456
vn 2.92242e-16 -0.563935 0.825819
vn 2.91517e-16 -0.505082 0.863071
vn 2.89377e-16 -0.443778 0.896137
vn 2.85834e-16 -0.380322 0.924854
vn 2.80904e-16 -0.315021 0.949085
vn 2.74612e-16 -0.248191 0.968711
vn 2.66987e-16 -0.180157 0.983638
vn 2.58067e-16 -0.111249 0.993793
vn 2.47895e-16 -0.0418012 0.999126
vn 2.3652e-16 0.0278492 0.999612
vn 2.23998e-16 0.0973645 0.995249
vn 2.10389e-16 0.166408 0.986057
vn 1.95759e-16 0.234643 0.972082
vn 1.8018e-16 0.30174 0.95339
vn 1.63726e-16 0.367374 0.930073
vn 1.46478e-16 0.431225 0.902244
vn 1.2852e-16 0.492984 0.870038
vn 1.09938e-16 0.552352 0.833611
vn 9.08228e-17 0.609039 0.79314
vn 7.12669e-17 0.662772 0.748821
vn 5.13653e-17 0.71329 0.700869
vn 3.12145e-17 0.760347 0.649517
vn 1.09122e-17 0.803716 0.595014
vn -9.44296e-18 0.843185 0.537624
vn -2.97523e-17 0.878563 0.477626
vn -4.99174e-17 0.90968 0.41531
vn -6.98402e-17 0.936383 0.35098
vn -8.94243e-17 0.958543 0.284947
vn -1.08575e-16 0.976053 0.217532
vn -1.27198e-16 0.988828 0.149062
vn -1.45204e-16 0.996805 0.0798678
vn -1.62506e-16 0.999947 0.0102866
vn -1.7902e-16 0.998238 -0.0593446
vn -1.94665e-16 0.991685 -0.128688
vn -2.09366e-16 0.980322 -0.197407
vn -2.2305e-16 0.964202 -0.265168
vt -0.0698132 0.02
vt 0 0.02
vt 0 0
vt -0.139626 0.02
vt -0.0698132 0
vt 6.07375 0.02
vt -0.139626 0
vt 6.00393 0.02
vt 6.07375 0
vt 5.93412 0.02
vt 6.00393 0
vt 5.86431 0.02
vt 5.93412 0
vt 5.79449 0.02
vt 5.86431 0
vt 5.72468 0.02
vt 5.79449 0
vt 5.65487 0.02
vt 5.72468 0
vt 5.58505 0.02
vt 5.65487 0
vt 5.51524 0.02
vt 5.58505 0
vt 5.44543 0.02
vt 5.51524 0
vt 5.37561 0.02
vt 5.44543 0
vt 5.3058 0.02
vt 5.37561 0
vt 5.23599 0.02
vt 5.3058 0
vt 5.16617 0.02
vt 5.23599 0
vt 5.09636 0.02
vt 5.16617 0
vt 5.02655 0.02
vt 5.09636 0
vt 4.95674 0.02
vt 5.02655 0
vt 4.88692 0.02
vt 4.95674 0
vt 4.81711 0.02
vt 4.88692 0
vt 4.7473 0.02
vt 4.81711 0
vt 4.67748 0.02
vt 4.7473 0
vt 4.60767 0.02
vt 4.67748 0
vt 4.53786 0.02
vt 4.60767 0
vt 4.46804 0.02
vt 4.53786 0
vt 4.39823 0.02
vt 4.46804 0
vt 4.32842 0.02
vt 4.39823 0
vt 4.2586 0.02
vt 4.32842 0
vt 4.18879 0.02
vt 4.2586 0
vt 4.11898 0.02
vt 4.18879 0
vt 4.04916 0.02
vt 4.11898 0
vt 3.97935 0.02
vt 4.04916 0
vt 3.90954 0.02
vt 3.97935 0
vt 3.83972 0.02
vt 3.90954 0
vt 3.76991 0.02
vt 3.83972 0
vt 3.7001 0.02
vt 3.76991 0
vt 3.63028 0.02
vt 3.7001 0
vt 3.56047 0.02
vt 3.63028 0
vt 3.49066 0.02
vt 3.56047 0
vt 3.42085 0.02
vt 3.49066 0
vt 3.35103 0.02
vt 3.42085 0
vt 3.28122 0.02
vt 3.35103 0
vt 3.21141 0.02
vt 3.28122 0
vt 3.14159 0.02
vt 3.21141 0
vt 3.07178 0.02
vt 3.14159 0
vt 3.00197 0.02
vt 3.07178 0
vt 2.93215 0.02
vt 3.00197 0
vt 2.86234 0.02
vt 2.93215 0
vt 2.79253 0.02
vt 2.86234 0
vt 2.72271 0.02
vt 2.79253 0
vt 2.6529 0.02
vt 2.72271 0
vt 2.58309 0.02
vt 2.6529 0
vt 2.51327 0.02
vt 2.58309 0
vt 2.44346 0.02
vt 2.51327 0
vt 2.37365 0.02
vt 2.44346 0
vt 2.30383 0.02
vt 2.37365 0
vt 2.23402 0.02
vt 2.30383 0
vt 2.16421 0.02
vt 2.23402 0
vt 2.0944 0.02
vt 2.16421 0
vt 2.02458 0.02
vt 2.0944 0
vt 1.95477 0.02
vt 2.02458 0
vt 1.88496 0.02
vt 1.95477 0
vt 1.81514 0.02
vt 1.88496 0
vt 1.74533 0.02
vt 1.81514 0
vt 1.67552 0.02
vt 1.74533 0
vt 1.6057 0.02
vt 1.67552 0
vt 1.53589 0.02
vt 1.6057 0
vt 1.46608 0.02
vt 1.53589 0
vt 1.39626 0.02
vt 1.46608 0
vt 1.32645 0.02
vt 1.39626 0
vt 1.25664 0.02
vt 1.32645 0
vt 1.18682 0.02
vt 1.25664 0
vt 1.11701 0.02
vt 1.18682 0
vt 1.0472 0.02
vt 1.11701 0
vt 0.977384 0.02
vt 1.0472 0
vt 0.907571 0.02
vt 0.977384 0
vt 0.837758 0.02
vt 0.907571 0
vt 0.767945 0.02
vt 0.837758 0
vt 0.698132 0.02
vt 0.767945 0
vt 0.628319 0.02
vt 0.698132 0
vt 0.558505 0.02
vt 0.628319 0
vt 0.488692 0.02
vt 0.558505 0
vt 0.418879 0.02
vt 0.488692 0
vt 0.349066 0.02
vt 0.418879 0
vt 0.279253 0.02
vt 0.349066 0
vt 0.20944 0.02
vt 0.279253 0
vt 0.139626 0.02
vt 0.20944 0
vt 0.0698132 0.02
vt 0.139626 0
vt 0.0698132 0
vt -0.05658 0.0672458
vt -0.0567428 0.0674272
vt -0.0586699 0.0655353
vt -0.0569179 0.0675969
vt -0.0587087 0.0655755
vt -0.0561725 0.06664
vt -0.0562941 0.0668512
vt -0.0585716 0.0654
vt -0.0564302 0.0670535
vt -0.0586012 0.0654474
vt -0.058634 0.0654925
vt -0.0557645 0.065
vt -0.0557729 0.0652436
vt -0.0584649 0.0650279
vt -0.0557984 0.0654861
vt -0.0584688 0.0650836
vt -0.0571044 0.0677539
vt -0.0587502 0.0656128
vt -0.0573013 0.0678976
vt -0.0587942 0.0656472
vt -0.0558406 0.0657262
vt -0.0584766 0.0651389
vt -0.0559747 0.0661947
vt -0.0560658 0.0664208
vt -0.0585227 0.0652997
vt -0.0585454 0.0653507
vt -0.0617393 0.0325251
vt -0.0599869 0.0331351
vt -0.0601143 0.0331896
vt -0.0560885 0.0335292
vt -0.0574349 0.0341922
vt -0.0574952 0.0340674
vt -0.0559311 0.033933
vt -0.0573408 0.0344527
vt -0.0573833 0.0343208
vt -0.0577645 0.0381623
vt -0.057641 0.0361681
vt -0.057564 0.0360529
vt -0.0584882 0.0648065
vt -0.0585036 0.0647528
vt -0.0584688 0.0649164
vt -0.0584766 0.0648611
vt -0.0558995 0.0659628
vt -0.0584882 0.0651935
vt -0.0585036 0.0652472
vt -0.0614063 0.0677681
vt -0.0615938 0.0676123
vt -0.0597787 0.0656128
vt -0.06177 0.0674439
vt -0.0598202 0.0655755
vt -0.0623456 0.0666604
vt -0.0624537 0.0664419
vt -0.0599835 0.0653507
vt -0.0625463 0.0662164
vt -0.0600062 0.0652997
vt -0.0598561 0.0330895
vt -0.0561856 0.0333354
vt -0.0560035 0.0337287
vt -0.0558714 0.0341415
vt -0.0558247 0.0343532
vt -0.0573075 0.0345872
vt -0.0557913 0.0345674
vt -0.0572836 0.0347237
vt -0.0557712 0.0347833
vt -0.0572693 0.0348615
vt -0.0557645 0.035
vt -0.0573408 0.0355473
vt -0.0573075 0.0354128
vt -0.0574952 0.0359326
vt -0.0574349 0.0358078
vt -0.0580226 0.0365678
vt -0.0579171 0.036478
vt -0.0579836 0.0382572
vt -0.0582087 0.038337
vt -0.0586289 0.0368963
vt -0.0584386 0.0384012
vt -0.0587617 0.0369358
vt -0.0601168 0.0316054
vt -0.0596527 0.0315216
vt -0.0594175 0.0315033
vt -0.0616281 0.0624187
vt -0.0614427 0.0622604
vt -0.0597787 0.0643872
vt -0.0612467 0.0621154
vt -0.0597347 0.0643528
vt -0.0610411 0.0619845
vt -0.0596884 0.0643216
vt -0.0608269 0.0618681
vt -0.05964 0.0642936
vt -0.0606051 0.0617669
vt -0.0595898 0.0642692
vt -0.0603768 0.0616815
vt -0.0595381 0.0642482
vt -0.0601431 0.0616121
vt -0.059485 0.064231
vt -0.0599051 0.0615591
vt -0.0594308 0.0642175
vt -0.0585716 0.0646
vt -0.0586012 0.0645526
vt -0.0585227 0.0647003
vt -0.0585454 0.0646493
vt -0.0584649 0.0649721
vt -0.059618 0.0684821
vt -0.0598596 0.068449
vt -0.0593758 0.0657922
vt -0.0600982 0.0683992
vt -0.0594308 0.0657825
vt -0.0612084 0.0679105
vt -0.0597347 0.0656472
vt -0.061934 0.0672635
vt -0.0620851 0.0670722
vt -0.0598949 0.0654925
vt -0.0622225 0.0668708
vt -0.0599277 0.0654474
vt -0.0599573 0.0654
vt -0.0597224 0.0330531
vt -0.059449 0.0330085
vt -0.0595864 0.0330261
vt -0.0572645 0.035
vt -0.0572836 0.0352763
vt -0.0572693 0.0351385
vt -0.0573833 0.0356792
vt -0.057818 0.0363812
vt -0.0577258 0.0362777
vt -0.0581342 0.03665
vt -0.058373 0.0367903
vt -0.0582512 0.0367243
vt -0.0584991 0.0368478
vt -0.0586725 0.0384496
vt -0.0589091 0.0384819
vt -0.059034 0.0369867
vt -0.0591473 0.038498
vt -0.0591721 0.0369979
vt -0.0593861 0.0384979
vt -0.0593107 0.0369995
vt -0.0596243 0.0384814
vt -0.059449 0.0369915
vt -0.0598609 0.0384488
vt -0.0595864 0.0369739
vt -0.0600947 0.0384001
vt -0.0597224 0.0369469
vt -0.0598862 0.0315557
vt -0.0591816 0.031501
vt -0.0605655 0.0317508
vt -0.0603436 0.0316705
vt -0.062693 0.0642965
vt -0.0626357 0.0640595
vt -0.0600407 0.0648065
vt -0.0625621 0.0638271
vt -0.0600253 0.0647528
vt -0.0619637 0.062772
vt -0.0618021 0.0625895
vt -0.059859 0.0644647
vt -0.0598202 0.0644245
vt -0.0596641 0.0615229
vt -0.059421 0.0615035
vt -0.0593203 0.0642019
vt -0.0591773 0.0615011
vt -0.0592645 0.0642
vt -0.0579882 0.061741
vt -0.0577645 0.0618377
vt -0.0589391 0.0642692
vt -0.058634 0.0645075
vt -0.0575078 0.0680272
vt -0.0588405 0.0656784
vt -0.0577228 0.0681422
vt -0.0588889 0.0657064
vt -0.0579452 0.0682419
vt -0.0589391 0.0657308
vt -0.0581741 0.0683258
vt -0.0589908 0.0657518
vt -0.0603328 0.068333
vt -0.059485 0.065769
vt -0.059859 0.0655353
vt -0.062623 0.065985
vt -0.0600253 0.0652472
vt -0.0626834 0.0657488
vt -0.0600407 0.0651935
vt -0.0627543 0.0652667
vt -0.0627644 0.0650231
vt -0.060064 0.0650279
vt -0.0627575 0.0647795
vt -0.060064 0.0649721
vt -0.0591721 0.0330021
vt -0.0593107 0.0330005
vt -0.057564 0.0339471
vt -0.057641 0.0338319
vt -0.0603246 0.0383356
vt -0.0598561 0.0369105
vt -0.0605495 0.0382555
vt -0.0599869 0.0368649
vt -0.0607685 0.0381603
vt -0.0601143 0.0368104
vt -0.058946 0.0315145
vt -0.0624724 0.0636004
vt -0.0600062 0.0647003
vt -0.0623672 0.0633805
vt -0.0599835 0.0646493
vt -0.062247 0.0631685
vt -0.0599573 0.0646
vt -0.0621123 0.0629653
vt -0.0598949 0.0645075
vt -0.0593758 0.0642078
vt -0.0589339 0.0615156
vt -0.0586922 0.0615471
vt -0.0591531 0.0642078
vt -0.0584532 0.0615953
vt -0.0590981 0.0642175
vt -0.0588889 0.0642936
vt -0.0587502 0.0643872
vt -0.0587942 0.0643528
vt -0.0586699 0.0644647
vt -0.0587087 0.0644245
vt -0.0588879 0.0684797
vt -0.059131 0.0684975
vt -0.0592087 0.0657981
vt -0.0593748 0.0684983
vt -0.0592645 0.0658
vt -0.0605622 0.0682505
vt -0.0595381 0.0657518
vt -0.0627272 0.065509
vt -0.0600523 0.0651389
vt -0.0600601 0.0650836
vt -0.0627337 0.0645368
vt -0.0600601 0.0649164
vt -0.0600523 0.0648611
vt -0.0604697 0.033404
vt -0.0605774 0.0334913
vt -0.0602377 0.0332528
vt -0.0603563 0.0333243
vt -0.0577258 0.0337223
vt -0.058897 0.0369659
vt -0.0609805 0.0380504
vt -0.0602377 0.0367472
vt -0.0611845 0.0379263
vt -0.0603563 0.0366757
vt -0.0613796 0.0377886
vt -0.0604697 0.036596
vt -0.0615648 0.0376379
vt -0.0605774 0.0365087
vt -0.0587119 0.0315439
vt -0.0584803 0.031589
vt -0.0599277 0.0645526
vt -0.0592087 0.0642019
vt -0.0588405 0.0643216
vt -0.0586466 0.068445
vt -0.0591531 0.0657922
vt -0.0593203 0.0657981
vt -0.0607853 0.0681523
vt -0.0595898 0.0657308
vt -0.0610011 0.0680388
vt -0.05964 0.0657064
vt -0.059034 0.0330133
vt -0.058897 0.0330341
vt -0.0584991 0.0331522
vt -0.0586289 0.0331037
vt -0.0580226 0.0334322
vt -0.0581342 0.03335
vt -0.057818 0.0336188
vt -0.0579171 0.033522
vt -0.0617393 0.0374749
vt -0.0606787 0.0364142
vt -0.0582523 0.0316495
vt -0.0580289 0.0317253
vt -0.0613841 0.0322149
vt -0.0611917 0.0320784
vt -0.061567 0.032364
vt -0.0582182 0.06166
vt -0.0590439 0.064231
vt -0.0589908 0.0642482
vt -0.0584083 0.0683937
vt -0.0590439 0.065769
vt -0.0590981 0.0657825
vt -0.0596884 0.0656784
vt -0.0587617 0.0330642
vt -0.058373 0.0332097
vt -0.0582512 0.0332757
vt -0.0578111 0.031816
vt -0.0575999 0.0319212
vt -0.0609905 0.0319552
vt -0.0607814 0.0318458
vt -0.0539612 0.0282825
vt -0.0525469 0.0296967
vt -0.0606787 0.0335858
vt -0.0618021 0.0625895
vt -0.059859 0.0644647
vt -0.0598202 0.0644245
vt -0.0619637 0.062772
vt -0.0598949 0.0645075
vt -0.0626357 0.0640595
vt -0.0600407 0.0648065
vt -0.0600253 0.0647528
vt -0.062693 0.0642965
vt -0.0600523 0.0648611
vt -0.0624537 0.0664419
vt -0.0599835 0.0653507
vt -0.0600062 0.0652997
vt -0.0623456 0.0666604
vt -0.0599573 0.0654
vt -0.0615938 0.0676123
vt -0.0597787 0.0656128
vt -0.0598202 0.0655755
vt -0.0614063 0.0677681
vt -0.0597347 0.0656472
vt -0.0557712 0.0347833
vt -0.0572693 0.0348615
vt -0.0572645 0.035
vt -0.0557913 0.0345674
vt -0.0572836 0.0347237
vt -0.0559311 0.033933
vt -0.0560035 0.0337287
vt -0.0573833 0.0343208
vt -0.0621123 0.0629653
vt -0.0599277 0.0645526
vt -0.0623672 0.0633805
vt -0.0599835 0.0646493
vt -0.0599573 0.0646
vt -0.0624724 0.0636004
vt -0.0600062 0.0647003
vt -0.0625621 0.0638271
vt -0.0627644 0.0650231
vt -0.060064 0.0650279
vt -0.060064 0.0649721
vt -0.0627543 0.0652667
vt -0.0600601 0.0650836
vt -0.0622225 0.0668708
vt -0.0599277 0.0654474
vt -0.0620851 0.0670722
vt -0.0598949 0.0654925
vt -0.061934 0.0672635
vt -0.059859 0.0655353
vt -0.0612084 0.0679105
vt -0.0596884 0.0656784
vt -0.0598596 0.068449
vt -0.0593758 0.0657922
vt -0.0594308 0.0657825
vt -0.059618 0.0684821
vt -0.0593203 0.0657981
vt -0.0558247 0.0343532
vt -0.0573075 0.0345872
vt -0.0558714 0.0341415
vt -0.0573408 0.0344527
vt -0.0561856 0.0333354
vt -0.0579171 0.033522
vt -0.057818 0.0336188
vt -0.0557729 0.0652436
vt -0.0584649 0.0650279
vt -0.0584688 0.0650836
vt -0.0557645 0.065
vt -0.0584649 0.0649721
vt -0.062247 0.0631685
vt -0.0627337 0.0645368
vt -0.0600601 0.0649164
vt -0.0627575 0.0647795
vt -0.0627272 0.065509
vt -0.0600523 0.0651389
vt -0.062623 0.065985
vt -0.0600253 0.0652472
vt -0.0600407 0.0651935
vt -0.0625463 0.0662164
vt -0.06177 0.0674439
vt -0.0600982 0.0683992
vt -0.059485 0.065769
vt -0.0557645 0.035
vt -0.0572693 0.0351385
vt -0.0572836 0.0352763
vt -0.0560885 0.0335292
vt -0.0574349 0.0341922
vt -0.0574952 0.0340674
vt -0.0577258 0.0337223
vt -0.0557984 0.0654861
vt -0.0584766 0.0651389
vt -0.0601431 0.0616121
vt -0.059485 0.064231
vt -0.0594308 0.0642175
vt -0.0603768 0.0616815
vt -0.0595381 0.0642482
vt -0.0606051 0.0617669
vt -0.0595898 0.0642692
vt -0.0608269 0.0618681
vt -0.05964 0.0642936
vt -0.0610411 0.0619845
vt -0.0596884 0.0643216
vt -0.0612467 0.0621154
vt -0.0597347 0.0643528
vt -0.0614427 0.0622604
vt -0.0597787 0.0643872
vt -0.0616281 0.0624187
vt -0.0626834 0.0657488
vt -0.0603328 0.068333
vt -0.0595381 0.0657518
vt -0.059131 0.0684975
vt -0.0592087 0.0657981
vt -0.0592645 0.0658
vt -0.0588879 0.0684797
vt -0.0591531 0.0657922
vt -0.0567428 0.0674272
vt -0.0586699 0.0655353
vt -0.0587087 0.0655755
vt -0.05658 0.0672458
vt -0.058634 0.0654925
vt -0.0598609 0.0384488
vt -0.0595864 0.0369739
vt -0.0597224 0.0369469
vt -0.0596243 0.0384814
vt -0.059449 0.0369915
vt -0.0579836 0.0382572
vt -0.0584991 0.0368478
vt -0.0586289 0.0368963
vt -0.0577645 0.0381623
vt -0.058373 0.0367903
vt -0.0573075 0.0354128
vt -0.057641 0.0338319
vt -0.057564 0.0339471
vt -0.0580226 0.0334322
vt -0.0617393 0.0325251
vt -0.0601143 0.0331896
vt -0.0599869 0.0331351
vt -0.0584882 0.0648065
vt -0.0584766 0.0648611
vt -0.0585227 0.0647003
vt -0.0585036 0.0647528
vt -0.0585716 0.0646
vt -0.0585454 0.0646493
vt -0.0577645 0.0618377
vt -0.0586012 0.0645526
vt -0.0579882 0.061741
vt -0.0589908 0.0642482
vt -0.0589391 0.0642692
vt -0.059421 0.0615035
vt -0.0593203 0.0642019
vt -0.0592645 0.0642
vt -0.0596641 0.0615229
vt -0.0593758 0.0642078
vt -0.0607853 0.0681523
vt -0.0595898 0.0657308
vt -0.05964 0.0657064
vt -0.0605622 0.0682505
vt -0.0593748 0.0684983
vt -0.0586466 0.068445
vt -0.0590981 0.0657825
vt -0.0564302 0.0670535
vt -0.0586012 0.0654474
vt -0.0562941 0.0668512
vt -0.0585716 0.0654
vt -0.0561725 0.06664
vt -0.0585454 0.0653507
vt -0.0596527 0.0315216
vt -0.0598862 0.0315557
vt -0.0591816 0.031501
vt -0.0594175 0.0315033
vt -0.0600947 0.0384001
vt -0.0598561 0.0369105
vt -0.0582087 0.038337
vt -0.0587617 0.0369358
vt -0.0581342 0.03665
vt -0.0582512 0.0367243
vt -0.057818 0.0363812
vt -0.0579171 0.036478
vt -0.057641 0.0361681
vt -0.0577258 0.0362777
vt -0.057564 0.0360529
vt -0.0602377 0.0332528
vt -0.0604697 0.033404
vt -0.0603563 0.0333243
vt -0.0606787 0.0335858
vt -0.0605774 0.0334913
vt -0.0584688 0.0649164
vt -0.0586699 0.0644647
vt -0.058634 0.0645075
vt -0.0587502 0.0643872
vt -0.0587087 0.0644245
vt -0.0588405 0.0643216
vt -0.0587942 0.0643528
vt -0.0586922 0.0615471
vt -0.0591531 0.0642078
vt -0.0590981 0.0642175
vt -0.0589339 0.0615156
vt -0.0592087 0.0642019
vt -0.0599051 0.0615591
vt -0.0610011 0.0680388
vt -0.0584083 0.0683937
vt -0.0590439 0.065769
vt -0.0581741 0.0683258
vt -0.0589908 0.0657518
vt -0.0571044 0.0677539
vt -0.0587502 0.0656128
vt -0.0587942 0.0656472
vt -0.0569179 0.0675969
vt -0.0601168 0.0316054
vt -0.0603436 0.0316705
vt -0.0603246 0.0383356
vt -0.0599869 0.0368649
vt -0.0593861 0.0384979
vt -0.0593107 0.0369995
vt -0.0591473 0.038498
vt -0.0591721 0.0369979
vt -0.0580226 0.0365678
vt -0.0574952 0.0359326
vt -0.0573408 0.0355473
vt -0.0598561 0.0330895
vt -0.0588889 0.0642936
vt -0.0591773 0.0615011
vt -0.0560658 0.0664208
vt -0.0585227 0.0652997
vt -0.0559747 0.0661947
vt -0.0585036 0.0652472
vt -0.0587119 0.0315439
vt -0.058946 0.0315145
vt -0.0613796 0.0377886
vt -0.0604697 0.036596
vt -0.0605774 0.0365087
vt -0.0611845 0.0379263
vt -0.0603563 0.0366757
vt -0.0609805 0.0380504
vt -0.0602377 0.0367472
vt -0.0607685 0.0381603
vt -0.0601143 0.0368104
vt -0.0605495 0.0382555
vt -0.0589091 0.0384819
vt -0.059034 0.0369867
vt -0.0586725 0.0384496
vt -0.058897 0.0369659
vt -0.0584386 0.0384012
vt -0.0573833 0.0356792
vt -0.0574349 0.0358078
vt -0.059449 0.0330085
vt -0.0593107 0.0330005
vt -0.0597224 0.0330531
vt -0.0595864 0.0330261
vt -0.0582182 0.06166
vt -0.0590439 0.064231
vt -0.0584532 0.0615953
vt -0.0579452 0.0682419
vt -0.0589391 0.0657308
vt -0.0577228 0.0681422
vt -0.0588889 0.0657064
vt -0.0575078 0.0680272
vt -0.0588405 0.0656784
vt -0.0573013 0.0678976
vt -0.0558995 0.0659628
vt -0.0584882 0.0651935
vt -0.0558406 0.0657262
vt -0.0613841 0.0322149
vt -0.061567 0.032364
vt -0.0609905 0.0319552
vt -0.0611917 0.0320784
vt -0.0582523 0.0316495
vt -0.0584803 0.031589
vt -0.0578111 0.031816
vt -0.0580289 0.0317253
vt -0.0615648 0.0376379
vt -0.0606787 0.0364142
vt -0.0582512 0.0332757
vt -0.0581342 0.03335
vt -0.0587617 0.0330642
vt -0.0586289 0.0331037
vt -0.059034 0.0330133
vt -0.0591721 0.0330021
vt -0.0605655 0.0317508
vt -0.0607814 0.0318458
vt -0.0575999 0.0319212
vt -0.058373 0.0332097
vt -0.0584991 0.0331522
vt -0.058897 0.0330341
vt -0.0525469 0.0296967
vt -0.0539612 0.0282825
vt -0.0617393 0.0374749
vt 10.1409 0.047
vt 10.2102 0.047
vt 10.2102 0.027
vt 3.78839 0.047
vt 10.1409 0.027
vt 3.71909 0.047
vt 3.78839 0.027
vt 3.64979 0.047
vt 3.71909 0.027
vt 3.58049 0.047
vt 3.64979 0.027
vt 3.51119 0.047
vt 3.58049 0.027
vt 3.44189 0.047
vt 3.51119 0.027
vt 3.37259 0.047
vt 3.44189 0.027
vt 3.30329 0.047
vt 3.37259 0.027
vt 3.23399 0.047
vt 3.30329 0.027
vt 3.16469 0.047
vt 3.23399 0.027
vt 3.09539 0.047
vt 3.16469 0.027
vt 3.02609 0.047
vt 3.09539 0.027
vt 2.95679 0.047
vt 3.02609 0.027
vt 2.88749 0.047
vt 2.95679 0.027
vt 2.81819 0.047
vt 2.88749 0.027
vt 2.74889 0.047
vt 2.81819 0.027
vt 2.67959 0.047
vt 2.74889 0.027
vt 2.61029 0.047
vt 2.67959 0.027
vt 2.54099 0.047
vt 2.61029 0.027
vt 2.47169 0.047
vt 2.54099 0.027
vt 2.40239 0.047
vt 2.47169 0.027
vt 2.33309 0.047
vt 2.40239 0.027
vt 2.26379 0.047
vt 2.33309 0.027
vt 2.19449 0.047
vt 2.26379 0.027
vt 2.1252 0.047
vt 2.19449 0.027
vt 2.0559 0.047
vt 2.1252 0.027
vt 1.9866 0.047
vt 2.0559 0.027
vt 1.9173 0.047
vt 1.9866 0.027
vt 1.848 0.047
vt 1.9173 0.027
vt 1.7787 0.047
vt 1.848 0.027
vt 1.7094 0.047
vt 1.7787 0.027
vt 1.6401 0.047
vt 1.7094 0.027
vt 1.5708 0.047
vt 1.6401 0.027
vt 1.5015 0.047
vt 1.5708 0.027
vt 1.4322 0.047
vt 1.5015 0.027
vt 1.3629 0.047
vt 1.4322 0.027
vt 1.2936 0.047
vt 1.3629 0.027
vt 1.2243 0.047
vt 1.2936 0.027
vt 1.155 0.047
vt 1.2243 0.027
vt 1.0857 0.047
vt 1.155 0.027
vt 1.0164 0.047
vt 1.0857 0.027
vt 0.947098 0.047
vt 1.0164 0.027
vt 0.877798 0.047
vt 0.947098 0.027
vt 0.808498 0.047
vt 0.877798 0.027
vt 0.739198 0.047
vt 0.808498 0.027
vt 0.669898 0.047
vt 0.739198 0.027
vt 0.600599 0.047
vt 0.669898 0.027
vt 0.531299 0.047
vt 0.600599 0.027
vt 0.461999 0.047
vt 0.531299 0.027
vt 0.392699 0.047
vt 0.461999 0.027
vt 0.323399 0.047
vt 0.392699 0.027
vt 0.254099 0.047
vt 0.323399 0.027
vt 0.1848 0.047
vt 0.254099 0.027
vt 0.1155 0.047
vt 0.1848 0.027
vt 0.0461999 0.047
vt 0.1155 0.027
vt 6.26009 0.047
vt 0.0461999 0.027
vt 6.19079 0.047
vt 6.26009 0.027
vt 6.12149 0.047
vt 6.19079 0.027
vt 6.05219 0.047
vt 6.12149 0.027
vt 5.98289 0.047
vt 6.05219 0.027
vt 5.91359 0.047
vt 5.98289 0.027
vt 5.84429 0.047
vt 5.91359 0.027
vt 5.77499 0.047
vt 5.84429 0.027
vt 5.70569 0.047
vt 5.77499 0.027
vt 5.63639 0.047
vt 5.70569 0.027
vt 5.56709 0.047
vt 5.63639 0.027
vt 5.49779 0.047
vt 5.56709 0.027
vt 5.49779 0.027
vt -0.0075 0.02
vt 0.0225 0.02
vt 0.0225 -1.11509e-19
vt -0.0075 3.71695e-20
vt 1.07515 0.02
vt 1.07515 1.38678e-19
vt 1.13711 1.38678e-19
vt 1.13711 0.02
vt 1.19906 1.38678e-19
vt 1.19906 0.02
vt 1.26102 1.38678e-19
vt 1.26102 0.02
vt 1.32297 1.38678e-19
vt 1.32297 0.02
vt 1.38493 1.38678e-19
vt 1.38493 0.02
vt 1.44688 1.38678e-19
vt 1.44688 0.02
vt 1.50884 1.38678e-19
vt 1.50884 0.02
vt 1.5708 1.38678e-19
vt 1.5708 0.02
vt -0.00257295 1.63639e-19
vt 0.00257295 7.03723e-19
vt 0.00257295 0.02
vt -0.00257295 0.02
vt -0.0015 -1.02178e-18
vt -0.0015 0.02
vt 0.0005 0.02
vt 0.0005 -8.15888e-19
vt -0.00257295 0.02
vt 0.00257295 0.02
vt 0.00257295 -1.031e-18
vt -0.00257295 -7.03723e-19
vt 5.49779 0.02
vt 5.49779 1.41585e-19
vt 5.56521 1.41585e-19
vt 5.56521 0.02
vt 5.63263 1.41585e-19
vt 5.63263 0.02
vt 5.70006 1.41585e-19
vt 5.70006 0.02
vt 5.76748 1.41585e-19
vt 5.76748 0.02
vt 5.8349 1.41585e-19
vt 5.8349 0.02
vt 5.90233 1.41585e-19
vt 5.90233 0.02
vt 5.96975 1.41585e-19
vt 5.96975 0.02
vt 6.03717 1.41585e-19
vt 6.03717 0.02
vt 6.1046 1.41585e-19
vt 6.1046 0.02
vt 6.17202 1.41585e-19
vt 6.17202 0.02
vt 6.23944 1.41585e-19
vt 6.23944 0.02
vt 0.0236827 1.41585e-19
vt 0.0236827 0.02
vt 0.0911061 1.41585e-19
vt 0.0911061 0.02
vt 0.158529 1.41585e-19
vt 0.158529 0.02
vt 0.225953 1.41585e-19
vt 0.225953 0.02
vt 0.293376 1.41585e-19
vt 0.293376 0.02
vt 0.3608 1.41585e-19
vt 0.3608 0.02
vt 0.428223 1.41585e-19
vt 0.428223 0.02
vt 0.495646 1.41585e-19
vt 0.495646 0.02
vt -0.001 1.02948e-19
vt -0.001 0.02
vt 0.0005 0.02
vt 0.0005 -5.14742e-20
vt 0.0005 0.02
vt -0.001 0.02
vt -0.001 -5.93853e-19
vt 0.0005 -1.36754e-19
vt 2.69868 0.02
vt 2.69868 7.13506e-20
vt 2.76692 7.13506e-20
vt 2.76692 0.02
vt 2.83516 7.13506e-20
vt 2.83516 0.02
vt 2.9034 7.13506e-20
vt 2.9034 0.02
vt 2.97164 7.13506e-20
vt 2.97164 0.02
vt 3.03988 7.13506e-20
vt 3.03988 0.02
vt 3.10812 7.13506e-20
vt 3.10812 0.02
vt 3.17636 7.13506e-20
vt 3.17636 0.02
vt 3.2446 7.13506e-20
vt 3.2446 0.02
vt 3.31284 7.13506e-20
vt 3.31284 0.02
vt 3.38108 7.13506e-20
vt 3.38108 0.02
vt 3.44932 7.13506e-20
vt 3.44932 0.02
vt 3.51755 7.13506e-20
vt 3.51755 0.02
vt 3.58579 7.13506e-20
vt 3.58579 0.02
vt 3.65403 7.13506e-20
vt 3.65403 0.02
vt 3.72227 7.13506e-20
vt 3.72227 0.02
vt 3.79051 7.13506e-20
vt 3.79051 0.02
vt 3.85875 7.13506e-20
vt 3.85875 0.02
vt 3.92699 7.13506e-20
vt 3.92699 0.02
vt 0.0177566 0.02
vt 0.0177566 -1.32793e-18
vt -0.00591886 -7.13839e-19
vt -0.00591886 0.02
vt 1.5708 0.02
vt 1.5708 -4.28626e-19
vt 1.64046 -4.28626e-19
vt 1.64046 0.02
vt 1.71013 -4.28626e-19
vt 1.71013 0.02
vt 1.77979 -4.28626e-19
vt 1.77979 0.02
vt 1.84946 -4.28626e-19
vt 1.84946 0.02
vt 1.91913 -4.28626e-19
vt 1.91913 0.02
vt 1.98879 -4.28626e-19
vt 1.98879 0.02
vt 2.05846 -4.28626e-19
vt 2.05846 0.02
vt 2.12813 -4.28626e-19
vt 2.12813 0.02
vt 2.19779 -4.28626e-19
vt 2.19779 0.02
vt 2.26746 -4.28626e-19
vt 2.26746 0.02
vt 2.33712 -4.28626e-19
vt 2.33712 0.02
vt 2.40679 -4.28626e-19
vt 2.40679 0.02
vt 2.47646 -4.28626e-19
vt 2.47646 0.02
vt 2.54612 -4.28626e-19
vt 2.54612 0.02
vt 2.61579 -4.28626e-19
vt 2.61579 0.02
vt 2.68546 -4.28626e-19
vt 2.68546 0.02
vt 2.75512 -4.28626e-19
vt 2.75512 0.02
vt 2.82479 -4.28626e-19
vt 2.82479 0.02
vt 2.89445 -4.28626e-19
vt 2.89445 0.02
vt 2.96412 -4.28626e-19
vt 2.96412 0.02
vt 3.03379 -4.28626e-19
vt 3.03379 0.02
vt 3.10345 -4.28626e-19
vt 3.10345 0.02
vt 3.17312 -4.28626e-19
vt 3.17312 0.02
vt 3.24279 -4.28626e-19
vt 3.24279 0.02
vt 3.31245 -4.28626e-19
vt 3.31245 0.02
vt 3.38212 -4.28626e-19
vt 3.38212 0.02
vt 3.45178 -4.28626e-19
vt 3.45178 0.02
vt 3.52145 -4.28626e-19
vt 3.52145 0.02
vt 3.59112 -4.28626e-19
vt 3.59112 0.02
vt 3.66078 -4.28626e-19
vt 3.66078 0.02
vt 3.73045 -4.28626e-19
vt 3.73045 0.02
vt 3.80012 -4.28626e-19
vt 3.80012 0.02
vt 3.86978 -4.28626e-19
vt 3.86978 0.02
vt 3.93945 -4.28626e-19
vt 3.93945 0.02
vt 4.00911 -4.28626e-19
vt 4.00911 0.02
vt 4.07878 -4.28626e-19
vt 4.07878 0.02
vt 4.14845 -4.28626e-19
vt 4.14845 0.02
vt 4.21811 -4.28626e-19
vt 4.21811 0.02
vt 4.28778 -4.28626e-19
vt 4.28778 0.02
vt 4.35744 -4.28626e-19
vt 4.35744 0.02
vt 4.42711 -4.28626e-19
vt 4.42711 0.02
vt 4.49678 -4.28626e-19
vt 4.49678 0.02
vt 4.56644 -4.28626e-19
vt 4.56644 0.02
vt 4.63611 -4.28626e-19
vt 4.63611 0.02
vt 4.70578 -4.28626e-19
vt 4.70578 0.02
vt 4.77544 -4.28626e-19
vt 4.77544 0.02
vt 4.84511 -4.28626e-19
vt 4.84511 0.02
vt 4.91477 -4.28626e-19
vt 4.91477 0.02
vt 4.98444 -4.28626e-19
vt 4.98444 0.02
vt 5.05411 -4.28626e-19
vt 5.05411 0.02
vt 5.12377 -4.28626e-19
vt 5.12377 0.02
vt 5.19344 -4.28626e-19
vt 5.19344 0.02
vt 5.26311 -4.28626e-19
vt 5.26311 0.02
vt 5.33277 -4.28626e-19
vt 5.33277 0.02
vt 5.40244 -4.28626e-19
vt 5.40244 0.02
vt 5.4721 -4.28626e-19
vt 5.4721 0.02
vt 5.54177 -4.28626e-19
vt 5.54177 0.02
vt 5.61144 -4.28626e-19
vt 5.61144 0.02
vt 5.6811 -4.28626e-19
vt 5.6811 0.02
vt 5.75077 -4.28626e-19
vt 5.75077 0.02
vt 5.82044 -4.28626e-19
vt 5.82044 0.02
vt 5.8901 -4.28626e-19
vt 5.8901 0.02
vt 5.95977 -4.28626e-19
vt 5.95977 0.02
vt 6.02943 -4.28626e-19
vt 6.02943 0.02
vt 6.0991 -4.28626e-19
vt 6.0991 0.02
vt 6.16877 -4.28626e-19
vt 6.16877 0.02
vt 6.23843 -4.28626e-19
vt 6.23843 0.02
vt 0.0249137 -4.28626e-19
vt 0.0249137 0.02
vt 0.09458 -4.28626e-19
vt 0.09458 0.02
vt 0.164246 -4.28626e-19
vt 0.164246 0.02
vt 0.233912 -4.28626e-19
vt 0.233912 0.02
vt 0.303579 -4.28626e-19
vt 0.303579 0.02
vt 0.373245 -4.28626e-19
vt 0.373245 0.02
vt 0.442911 -4.28626e-19
vt 0.442911 0.02
f 569/1161/446 570/1162/447 571/1163/447
f 572/1164/448 569/1161/446 573/1165/449
f 574/1166/450 572/1164/448 575/1167/451
f 576/1168/452 574/1166/450 577/1169/453
f 578/1170/454 576/1168/452 579/1171/455
f 580/1172/456 578/1170/454 581/1173/457
f 582/1174/458 580/1172/456 583/1175/459
f 584/1176/460 582/1174/458 585/1177/461
f 586/1178/462 584/1176/460 587/1179/463
f 588/1180/464 586/1178/462 589/1181/465
f 590/1182/466 588/1180/464 591/1183/467
f 592/1184/468 590/1182/466 593/1185/469
f 594/1186/470 592/1184/468 595/1187/471
f 596/1188/472 594/1186/470 597/1189/473
f 598/1190/474 596/1188/472 599/1191/475
f 600/1192/476 598/1190/474 601/1193/477
f 602/1194/478 600/1192/476 603/1195/479
f 604/1196/480 602/1194/478 605/1197/481
f 606/1198/482 604/1196/480 607/1199/483
f 608/1200/484 606/1198/482 609/1201/485
f 610/1202/486 608/1200/484 611/1203/487
f 612/1204/488 610/1202/486 613/1205/489
f 614/1206/490 612/1204/488 615/1207/491
f 616/1208/492 614/1206/490 617/1209/493
f 618/1210/494 616/1208/492 619/1211/495
f 620/1212/496 618/1210/494 621/1213/497
f 622/1214/498 620/1212/496 623/1215/499
f 624/1216/500 622/1214/498 625/1217/501
f 626/1218/502 624/1216/500 627/1219/503
f 628/1220/504 626/1218/502 629/1221/505
f 630/1222/506 628/1220/504 631/1223/507
f 632/1224/508 630/1222/506 633/1225/509
f 634/1226/510 632/1224/508 635/1227/511
f 636/1228/512 634/1226/510 637/1229/513
f 638/1230/514 636/1228/512 639/1231/515
f 640/1232/516 638/1230/514 641/1233/517
f 642/1234/518 640/1232/516 643/1235/519
f 644/1236/520 642/1234/518 645/1237/521
f 646/1238/522 644/1236/520 647/1239/523
f 648/1240/524 646/1238/522 649/1241/525
f 650/1242/526 648/1240/524 651/1243/527
f 652/1244/528 650/1242/526 653/1245/529
f 654/1246/530 652/1244/528 655/1247/531
f 656/1248/532 654/1246/530 657/1249/533
f 658/1250/534 656/1248/532 659/1251/535
f 660/1252/536 658/1250/534 661/1253/537
f 662/1254/538 660/1252/536 663/1255/539
f 664/1256/540 662/1254/538 665/1257/541
f 666/1258/542 664/1256/540 667/1259/543
f 668/1260/544 666/1258/542 669/1261/545
f 670/1262/546 668/1260/544 671/1263/547
f 672/1264/548 670/1262/546 673/1265/549
f 674/1266/550 672/1264/548 675/1267/551
f 676/1268/552 674/1266/550 677/1269/553
f 678/1270/554 676/1268/552 679/1271/555
f 680/1272/556 678/1270/554 681/1273/557
f 682/1274/558 680/1272/556 683/1275/559
f 684/1276/560 682/1274/558 685/1277/561
f 686/1278/562 684/1276/560 687/1279/563
f 688/1280/564 686/1278/562 689/1281/565
f 690/1282/566 688/1280/564 691/1283/567
f 692/1284/568 690/1282/566 693/1285/569
f 694/1286/570 692/1284/568 695/1287/571
f 696/1288/572 694/1286/570 697/1289/573
f 698/1290/574 696/1288/572 699/1291/575
f 700/1292/576 698/1290/574 701/1293/577
f 702/1294/578 700/1292/576 703/1295/579
f 704/1296/580 702/1294/578 705/1297/581
f 706/1298/582 704/1296/580 707/1299/583
f 708/1300/584 706/1298/582 709/1301/585
f 710/1302/586 708/1300/584 711/1303/587
f 712/1304/588 710/1302/586 713/1305/589
f 714/1306/590 712/1304/588 715/1307/591
f 716/1308/592 714/1306/590 717/1309/593
f 718/1310/594 716/1308/592 719/1311/595
f 720/1312/596 718/1310/594 721/1313/597
f 722/1314/598 720/1312/596 723/1315/599
f 724/1316/600 722/1314/598 725/1317/601
f 726/1318/602 724/1316/600 727/1319/603
f 728/1320/604 726/1318/602 729/1321/605
f 730/1322/606 728/1320/604 731/1323/607
f 732/1324/608 730/1322/606 733/1325/609
f 734/1326/610 732/1324/608 735/1327/611
f 736/1328/612 734/1326/610 737/1329/613
f 738/1330/614 736/1328/612 739/1331/615
f 740/1332/616 738/1330/614 741/1333/617
f 742/1334/618 740/1332/616 743/1335/619
f 744/1336/620 742/1334/618 745/1337/621
f 746/1338/622 744/1336/620 747/1339/623
f 570/1162/447 746/1338/622 748/1340/622
f 748/1340/622 571/1163/447 570/1162/447
f 747/1339/623 748/1340/622 746/1338/622
f 745/1337/621 747/1339/623 744/1336/620
f 743/1335/619 745/1337/621 742/1334/618
f 741/1333/617 743/1335/619 740/1332/616
f 739/1331/615 741/1333/617 738/1330/614
f 737/1329/613 739/1331/615 736/1328/612
f 735/1327/611 737/1329/613 734/1326/610
f 733/1325/609 735/1327/611 732/1324/608
f 731/1323/607 733/1325/609 730/1322/606
f 729/1321/605 731/1323/607 728/1320/604
f 727/1319/603 729/1321/605 726/1318/602
f 725/1317/601 727/1319/603 724/1316/600
f 723/1315/599 725/1317/601 722/1314/598
f 721/1313/597 723/1315/599 720/1312/596
f 719/1311/595 721/1313/597 718/1310/594
f 717/1309/593 719/1311/595 716/1308/592
f 715/1307/591 717/1309/593 714/1306/590
f 713/1305/589 715/1307/591 712/1304/588
f 711/1303/587 713/1305/589 710/1302/586
f 709/1301/585 711/1303/587 708/1300/584
f 707/1299/583 709/1301/585 706/1298/582
f 705/1297/581 707/1299/583 704/1296/580
f 703/1295/579 705/1297/581 702/1294/578
f 701/1293/577 703/1295/579 700/1292/576
f 699/1291/575 701/1293/577 698/1290/574
f 697/1289/573 699/1291/575 696/1288/572
f 695/1287/571 697/1289/573 694/1286/570
f 693/1285/569 695/1287/571 692/1284/568
f 691/1283/567 693/1285/569 690/1282/566
f 689/1281/565 691/1283/567 688/1280/564
f 687/1279/563 689/1281/565 686/1278/562
f 685/1277/561 687/1279/563 684/1276/560
f 683/1275/559 685/1277/561 682/1274/558
f 681/1273/557 683/1275/559 680/1272/556
f 679/1271/555 681/1273/557 678/1270/554
f 677/1269/553 679/1271/555 676/1268/552
f 675/1267/551 677/1269/553 674/1266/550
f 673/1265/549 675/1267/551 672/1264/548
f 671/1263/547 673/1265/549 670/1262/546
f 669/1261/545 671/1263/547 668/1260/544
f 667/1259/543 669/1261/545 666/1258/542
f 665/1257/541 667/1259/543 664/1256/540
f 663/1255/539 665/1257/541 662/1254/538
f 661/1253/537 663/1255/539 660/1252/536
f 659/1251/535 661/1253/537 658/1250/534
f 657/1249/533 659/1251/535 656/1248/532
f 655/1247/531 657/1249/533 654/1246/530
f 653/1245/529 655/1247/531 652/1244/528
f 651/1243/527 653/1245/529 650/1242/526
f 649/1241/525 651/1243/527 648/1240/524
f 647/1239/523 649/1241/525 646/1238/522
f 645/1237/521 647/1239/523 644/1236/520
f 643/1235/519 645/1237/521 642/1234/518
f 641/1233/517 643/1235/519 640/1232/516
f 639/1231/515 641/1233/517 638/1230/514
f 637/1229/513 639/1231/515 636/1228/512
f 635/1227/511 637/1229/513 634/1226/510
f 633/1225/509 635/1227/511 632/1224/508
f 631/1223/507 633/1225/509 630/1222/506
f 629/1221/505 631/1223/507 628/1220/504
f 627/1219/503 629/1221/505 626/1218/502
f 625/1217/501 627/1219/503 624/1216/500
f 623/1215/499 625/1217/501 622/1214/498
f 621/1213/497 623/1215/499 620/1212/496
f 619/1211/495 621/1213/497 618/1210/494
f 617/1209/493 619/1211/495 616/1208/492
f 615/1207/491 617/1209/493 614/1206/490
f 613/1205/489 615/1207/491 612/1204/488
f 611/1203/487 613/1205/489 610/1202/486
f 609/1201/485 611/1203/487 608/1200/484
f 607/1199/483 609/1201/485 606/1198/482
f 605/1197/481 607/1199/483 604/1196/480
f 603/1195/479 605/1197/481 602/1194/478
f 601/1193/477 603/1195/479 600/1192/476
f 599/1191/475 601/1193/477 598/1190/474
f 597/1189/473 599/1191/475 596/1188/472
f 595/1187/471 597/1189/473 594/1186/470
f 593/1185/469 595/1187/471 592/1184/468
f 591/1183/467 593/1185/469 590/1182/466
f 589/1181/465 591/1183/467 588/1180/464
f 587/1179/463 589/1181/465 586/1178/462
f 585/1177/461 587/1179/463 584/1176/460
f 583/1175/459 585/1177/461 582/1174/458
f 581/1173/457 583/1175/459 580/1172/456
f 579/1171/455 581/1173/457 578/1170/454
f 577/1169/453 579/1171/455 576/1168/452
f 575/1167/451 577/1169/453 574/1166/450
f 573/1165/449 575/1167/451 572/1164/448
f 571/1163/447 573/1165/449 569/1161/446
f 749/1341/624 750/1342/624 682/1343/624
f 750/1342/624 751/1344/624 680/1345/624
f 752/1346/624 753/1347/624 688/1348/624
f 753/1347/624 754/1349/624 686/1350/624
f 754/1349/624 749/1341/624 684/1351/624
f 680/1345/624 682/1343/624 750/1342/624
f 755/1352/624 756/1353/624 702/1354/624
f 756/1353/624 757/1355/624 700/1356/624
f 686/1350/624 688/1348/624 753/1347/624
f 682/1343/624 684/1351/624 749/1341/624
f 751/1344/624 758/1357/624 678/1358/624
f 758/1357/624 759/1359/624 676/1360/624
f 700/1356/624 702/1354/624 756/1353/624
f 757/1355/624 760/1361/624 698/1362/624
f 761/1363/624 762/1364/624 692/1365/624
f 762/1364/624 752/1346/624 690/1366/624
f 684/1351/624 686/1350/624 754/1349/624
f 676/1360/624 678/1358/624 758/1357/624
f 763/1367/624 764/1368/624 765/1369/624
f 766/1370/624 767/1371/624 768/1372/624
f 769/1373/624 770/1374/624 771/1375/624
f 772/1376/624 773/1377/624 774/1378/624
f 755/1352/624 710/1379/624 712/1380/624
f 755/1352/624 706/1381/624 708/1382/624
f 698/1362/624 700/1356/624 757/1355/624
f 760/1361/624 775/1383/624 696/1384/624
f 775/1383/624 761/1363/624 694/1385/624
f 690/1366/624 692/1365/624 762/1364/624
f 678/1358/624 680/1345/624 751/1344/624
f 776/1386/624 777/1387/624 638/1388/624
f 777/1387/624 778/1389/624 636/1390/624
f 779/1391/624 780/1392/624 626/1393/624
f 780/1392/624 781/1394/624 624/1395/624
f 763/1367/624 782/1396/624 764/1368/624
f 768/1372/624 783/1397/624 766/1370/624
f 784/1398/624 771/1375/624 767/1371/624
f 771/1375/624 784/1398/624 769/1373/624
f 785/1399/624 786/1400/624 787/1401/624
f 786/1400/624 788/1402/624 789/1403/624
f 788/1402/624 790/1404/624 791/1405/624
f 792/1406/624 793/1407/624 794/1408/624
f 792/1406/624 795/1409/624 796/1410/624
f 774/1378/624 792/1406/624 772/1376/624
f 772/1376/624 797/1411/624 798/1412/624
f 799/1413/624 800/1414/624 801/1415/624
f 800/1414/624 802/1416/624 803/1417/624
f 804/1418/624 805/1419/624 806/1420/624
f 807/1421/624 808/1422/624 588/1423/624
f 808/1422/624 809/1424/624 586/1425/624
f 809/1424/624 810/1426/624 584/1427/624
f 810/1426/624 811/1428/624 582/1429/624
f 811/1428/624 812/1430/624 580/1431/624
f 812/1430/624 813/1432/624 578/1433/624
f 813/1432/624 814/1434/624 576/1435/624
f 814/1434/624 815/1436/624 574/1437/624
f 755/1352/624 718/1438/624 720/1439/624
f 755/1352/624 714/1440/624 716/1441/624
f 708/1382/624 710/1379/624 755/1352/624
f 702/1354/624 704/1442/624 755/1352/624
f 694/1385/624 696/1384/624 775/1383/624
f 688/1348/624 690/1366/624 752/1346/624
f 816/1443/624 817/1444/624 654/1445/624
f 817/1444/624 818/1446/624 652/1447/624
f 819/1448/624 776/1386/624 640/1449/624
f 636/1390/624 638/1388/624 777/1387/624
f 820/1450/624 821/1451/624 632/1452/624
f 821/1451/624 822/1453/624 630/1454/624
f 822/1453/624 779/1391/624 628/1455/624
f 624/1395/624 626/1393/624 780/1392/624
f 763/1367/624 823/1456/624 782/1396/624
f 763/1367/624 824/1457/624 825/1458/624
f 767/1371/624 766/1370/624 784/1398/624
f 787/1401/624 770/1374/624 785/1399/624
f 791/1405/624 789/1403/624 788/1402/624
f 790/1404/624 792/1406/624 826/1459/624
f 792/1406/624 827/1460/624 828/1461/624
f 792/1406/624 829/1462/624 793/1407/624
f 774/1378/624 795/1409/624 792/1406/624
f 772/1376/624 830/1463/624 831/1464/624
f 772/1376/624 832/1465/624 797/1411/624
f 772/1376/624 833/1466/624 834/1467/624
f 772/1376/624 799/1413/624 835/1468/624
f 803/1417/624 801/1415/624 800/1414/624
f 836/1469/624 837/1470/624 838/1471/624
f 837/1470/624 839/1472/624 840/1473/624
f 839/1472/624 841/1474/624 842/1475/624
f 841/1474/624 843/1476/624 844/1477/624
f 843/1476/624 845/1478/624 846/1479/624
f 845/1478/624 847/1480/624 848/1481/624
f 804/1418/624 849/1482/624 805/1419/624
f 850/1483/624 851/1484/624 852/1485/624
f 853/1486/624 854/1487/624 606/1488/624
f 854/1487/624 855/1489/624 604/1490/624
f 856/1491/624 857/1492/624 592/1493/624
f 857/1492/624 807/1421/624 590/1494/624
f 586/1425/624 588/1423/624 808/1422/624
f 582/1429/624 584/1427/624 810/1426/624
f 578/1433/624 580/1431/624 812/1430/624
f 574/1437/624 576/1435/624 814/1434/624
f 858/1495/624 859/1496/624 569/1497/624
f 859/1496/624 860/1498/624 570/1499/624
f 861/1500/624 862/1501/624 736/1502/624
f 862/1501/624 720/1439/624 722/1503/624
f 716/1441/624 718/1438/624 755/1352/624
f 704/1442/624 706/1381/624 755/1352/624
f 692/1365/624 694/1385/624 761/1363/624
f 759/1359/624 863/1504/624 674/1505/624
f 863/1504/624 864/1506/624 672/1507/624
f 864/1506/624 865/1508/624 670/1509/624
f 865/1508/624 866/1510/624 668/1511/624
f 652/1447/624 654/1445/624 817/1444/624
f 818/1446/624 867/1512/624 650/1513/624
f 638/1388/624 640/1449/624 776/1386/624
f 778/1389/624 820/1450/624 634/1514/624
f 630/1454/624 632/1452/624 821/1451/624
f 626/1393/624 628/1455/624 779/1391/624
f 781/1394/624 868/1515/624 622/1516/624
f 868/1515/624 869/1517/624 620/1518/624
f 870/1519/624 871/1520/624 614/1521/624
f 871/1520/624 872/1522/624 612/1523/624
f 825/1458/624 823/1456/624 763/1367/624
f 763/1367/624 873/1524/624 874/1525/624
f 783/1397/624 875/1526/624 876/1527/624
f 769/1373/624 785/1399/624 770/1374/624
f 826/1459/624 791/1405/624 790/1404/624
f 794/1408/624 827/1460/624 792/1406/624
f 831/1464/624 773/1377/624 772/1376/624
f 834/1467/624 832/1465/624 772/1376/624
f 801/1415/624 835/1468/624 799/1413/624
f 840/1473/624 838/1471/624 837/1470/624
f 844/1477/624 842/1475/624 841/1474/624
f 848/1481/624 846/1479/624 845/1478/624
f 847/1480/624 877/1528/624 878/1529/624
f 877/1528/624 879/1530/624 880/1531/624
f 879/1530/624 881/1532/624 882/1533/624
f 851/1484/624 850/1483/624 883/1534/624
f 852/1485/624 804/1418/624 850/1483/624
f 604/1490/624 606/1488/624 854/1487/624
f 855/1489/624 884/1535/624 602/1536/624
f 884/1535/624 885/1537/624 600/1538/624
f 885/1537/624 886/1539/624 598/1540/624
f 887/1541/624 856/1491/624 594/1542/624
f 590/1494/624 592/1493/624 857/1492/624
f 584/1427/624 586/1425/624 809/1424/624
f 576/1435/624 578/1433/624 813/1432/624
f 815/1436/624 858/1495/624 572/1543/624
f 570/1499/624 569/1497/624 859/1496/624
f 888/1544/624 889/1545/624 744/1546/624
f 889/1545/624 890/1547/624 742/1548/624
f 862/1501/624 734/1549/624 736/1502/624
f 862/1501/624 728/1550/624 730/1551/624
f 862/1501/624 724/1552/624 726/1553/624
f 720/1439/624 862/1501/624 755/1352/624
f 696/1384/624 698/1362/624 760/1361/624
f 672/1507/624 674/1505/624 863/1504/624
f 668/1511/624 670/1509/624 865/1508/624
f 891/1554/624 892/1555/624 660/1556/624
f 892/1555/624 893/1557/624 658/1558/624
f 650/1513/624 652/1447/624 818/1446/624
f 867/1512/624 894/1559/624 648/1560/624
f 634/1514/624 636/1390/624 778/1389/624
f 628/1455/624 630/1454/624 822/1453/624
f 620/1518/624 622/1516/624 868/1515/624
f 869/1517/624 895/1561/624 618/1562/624
f 895/1561/624 870/1519/624 616/1563/624
f 612/1523/624 614/1521/624 871/1520/624
f 872/1522/624 896/1564/624 610/1565/624
f 896/1564/624 853/1486/624 608/1566/624
f 763/1367/624 897/1567/624 898/1568/624
f 763/1367/624 899/1569/624 900/1570/624
f 874/1525/624 824/1457/624 763/1367/624
f 876/1527/624 901/1571/624 783/1397/624
f 789/1403/624 787/1401/624 786/1400/624
f 796/1410/624 829/1462/624 792/1406/624
f 835/1468/624 833/1466/624 772/1376/624
f 802/1416/624 836/1469/624 902/1572/624
f 842/1475/624 840/1473/624 839/1472/624
f 878/1529/624 848/1481/624 847/1480/624
f 882/1533/624 880/1531/624 879/1530/624
f 881/1532/624 903/1573/624 904/1574/624
f 903/1573/624 905/1575/624 906/1576/624
f 905/1575/624 907/1577/624 908/1578/624
f 907/1577/624 909/1579/624 910/1580/624
f 851/1484/624 911/1581/624 912/1582/624
f 806/1420/624 850/1483/624 804/1418/624
f 602/1536/624 604/1490/624 855/1489/624
f 598/1540/624 600/1538/624 885/1537/624
f 886/1539/624 887/1541/624 596/1583/624
f 592/1493/624 594/1542/624 856/1491/624
f 580/1431/624 582/1429/624 811/1428/624
f 569/1497/624 572/1543/624 858/1495/624
f 860/1498/624 888/1544/624 746/1584/624
f 742/1548/624 744/1546/624 889/1545/624
f 862/1501/624 732/1585/624 734/1549/624
f 726/1553/624 728/1550/624 862/1501/624
f 712/1380/624 714/1440/624 755/1352/624
f 670/1509/624 672/1507/624 864/1506/624
f 913/1586/624 891/1554/624 662/1587/624
f 658/1558/624 660/1556/624 892/1555/624
f 893/1557/624 816/1443/624 656/1588/624
f 648/1560/624 650/1513/624 867/1512/624
f 894/1559/624 914/1589/624 646/1590/624
f 914/1589/624 915/1591/624 644/1592/624
f 632/1452/624 634/1514/624 820/1450/624
f 618/1562/624 620/1518/624 869/1517/624
f 614/1521/624 616/1563/624 870/1519/624
f 608/1566/624 610/1565/624 896/1564/624
f 900/1570/624 897/1567/624 763/1367/624
f 763/1367/624 916/1593/624 873/1524/624
f 783/1397/624 917/1594/624 916/1593/624
f 783/1397/624 918/1595/624 919/1596/624
f 783/1397/624 920/1597/624 921/1598/624
f 783/1397/624 922/1599/624 923/1600/624
f 768/1372/624 875/1526/624 783/1397/624
f 798/1412/624 830/1463/624 772/1376/624
f 838/1471/624 902/1572/624 836/1469/624
f 880/1531/624 878/1529/624 877/1528/624
f 906/1576/624 904/1574/624 903/1573/624
f 910/1580/624 908/1578/624 907/1577/624
f 909/1579/624 924/1601/624 925/1602/624
f 851/1484/624 926/1603/624 927/1604/624
f 883/1534/624 911/1581/624 851/1484/624
f 783/1397/624 928/1605/624 929/1606/624
f 783/1397/624 763/1367/624 930/1607/624
f 600/1538/624 602/1536/624 884/1535/624
f 594/1542/624 596/1583/624 887/1541/624
f 572/1543/624 574/1437/624 815/1436/624
f 744/1546/624 746/1584/624 888/1544/624
f 890/1547/624 931/1608/624 740/1609/624
f 931/1608/624 861/1500/624 738/1610/624
f 730/1551/624 732/1585/624 862/1501/624
f 674/1505/624 676/1360/624 759/1359/624
f 866/1510/624 932/1611/624 666/1612/624
f 932/1611/624 913/1586/624 664/1613/624
f 660/1556/624 662/1587/624 891/1554/624
f 654/1445/624 656/1588/624 816/1443/624
f 644/1592/624 646/1590/624 914/1589/624
f 915/1591/624 819/1448/624 642/1614/624
f 622/1516/624 624/1395/624 781/1394/624
f 610/1565/624 612/1523/624 872/1522/624
f 765/1369/624 899/1569/624 763/1367/624
f 783/1397/624 933/1615/624 917/1594/624
f 783/1397/624 934/1616/624 918/1595/624
f 921/1598/624 935/1617/624 783/1397/624
f 901/1571/624 922/1599/624 783/1397/624
f 902/1572/624 803/1417/624 802/1416/624
f 904/1574/624 882/1533/624 881/1532/624
f 925/1602/624 910/1580/624 909/1579/624
f 851/1484/624 936/1618/624 937/1619/624
f 912/1582/624 926/1603/624 851/1484/624
f 783/1397/624 938/1620/624 939/1621/624
f 930/1607/624 928/1605/624 783/1397/624
f 596/1583/624 598/1540/624 886/1539/624
f 746/1584/624 570/1499/624 860/1498/624
f 738/1610/624 740/1609/624 931/1608/624
f 722/1503/624 724/1552/624 862/1501/624
f 664/1613/624 666/1612/624 932/1611/624
f 656/1588/624 658/1558/624 893/1557/624
f 642/1614/624 644/1592/624 915/1591/624
f 616/1563/624 618/1562/624 895/1561/624
f 916/1593/624 763/1367/624 783/1397/624
f 935/1617/624 934/1616/624 783/1397/624
f 828/1461/624 826/1459/624 792/1406/624
f 908/1578/624 906/1576/624 905/1575/624
f 927/1604/624 936/1618/624 851/1484/624
f 929/1606/624 938/1620/624 783/1397/624
f 588/1423/624 590/1494/624 807/1421/624
f 736/1502/624 738/1610/624 861/1500/624
f 662/1587/624 664/1613/624 913/1586/624
f 640/1449/624 642/1614/624 819/1448/624
f 919/1596/624 933/1615/624 783/1397/624
f 846/1479/624 844/1477/624 843/1476/624
f 937/1619/624 940/1622/624 941/1623/624
f 939/1621/624 851/1484/624 783/1397/624
f 740/1609/624 742/1548/624 890/1547/624
f 646/1590/624 648/1560/624 894/1559/624
f 923/1600/624 920/1597/624 783/1397/624
f 937/1619/624 783/1397/624 851/1484/624
f 792/1406/624 755/1352/624 862/1501/624
f 666/1612/624 668/1511/624 866/1510/624
f 941/1623/624 783/1397/624 937/1619/624
f 606/1488/624 608/1566/624 853/1486/624
f 862/1501/624 772/1376/624 792/1406/624
f 898/1568/624 942/1624/624 763/1367/624
f 943/1625/625 595/1626/625 593/1627/625
f 944/1628/625 597/1629/625 595/1626/625
f 945/1630/625 609/1631/625 607/1632/625
f 946/1633/625 611/1634/625 609/1631/625
f 947/1635/625 629/1636/625 627/1637/625
f 948/1638/625 631/1639/625 629/1636/625
f 949/1640/625 641/1641/625 639/1642/625
f 950/1643/625 643/1644/625 641/1641/625
f 951/1645/625 952/1646/625 953/1647/625
f 954/1648/625 955/1649/625 952/1646/625
f 956/1650/625 957/1651/625 958/1652/625
f 595/1626/625 943/1625/625 944/1628/625
f 959/1653/625 599/1654/625 597/1629/625
f 960/1655/625 603/1656/625 601/1657/625
f 961/1658/625 605/1659/625 603/1656/625
f 962/1660/625 607/1632/625 605/1659/625
f 609/1631/625 945/1630/625 946/1633/625
f 963/1661/625 617/1662/625 615/1663/625
f 964/1664/625 619/1665/625 617/1662/625
f 629/1636/625 947/1635/625 948/1638/625
f 965/1666/625 633/1667/625 631/1639/625
f 966/1668/625 635/1669/625 633/1667/625
f 967/1670/625 637/1671/625 635/1669/625
f 641/1641/625 949/1640/625 950/1643/625
f 968/1672/625 645/1673/625 643/1644/625
f 969/1674/625 657/1675/625 655/1676/625
f 970/1677/625 659/1678/625 657/1675/625
f 952/1646/625 951/1645/625 954/1648/625
f 971/1679/625 972/1680/625 955/1649/625
f 973/1681/625 974/1682/625 972/1680/625
f 974/1682/625 973/1681/625 956/1650/625
f 975/1683/625 976/1684/625 977/1685/625
f 978/1686/625 705/1687/625 703/1688/625
f 979/1689/625 707/1690/625 705/1687/625
f 597/1629/625 944/1628/625 959/1653/625
f 980/1691/625 601/1657/625 599/1654/625
f 603/1656/625 960/1655/625 961/1658/625
f 607/1632/625 962/1660/625 945/1630/625
f 981/1692/625 613/1693/625 611/1634/625
f 982/1694/625 615/1663/625 613/1693/625
f 617/1662/625 963/1661/625 964/1664/625
f 983/1695/625 621/1696/625 619/1665/625
f 984/1697/625 625/1698/625 623/1699/625
f 985/1700/625 627/1637/625 625/1698/625
f 631/1639/625 948/1638/625 965/1666/625
f 635/1669/625 966/1668/625 967/1670/625
f 986/1701/625 639/1642/625 637/1671/625
f 643/1644/625 950/1643/625 968/1672/625
f 987/1702/625 655/1676/625 653/1703/625
f 657/1675/625 969/1674/625 970/1677/625
f 988/1704/625 989/1705/625 990/1706/625
f 955/1649/625 954/1648/625 971/1679/625
f 958/1652/625 974/1682/625 956/1650/625
f 957/1651/625 991/1707/625 992/1708/625
f 991/1707/625 975/1683/625 993/1709/625
f 977/1685/625 994/1710/625 975/1683/625
f 995/1711/625 703/1688/625 701/1712/625
f 705/1687/625 978/1686/625 979/1689/625
f 996/1713/625 579/1714/625 577/1715/625
f 997/1716/625 581/1717/625 579/1714/625
f 998/1718/625 583/1719/625 581/1717/625
f 999/1720/625 585/1721/625 583/1719/625
f 1000/1722/625 587/1723/625 585/1721/625
f 1001/1724/625 589/1725/625 587/1723/625
f 1002/1726/625 591/1727/625 589/1725/625
f 1003/1728/625 593/1627/625 591/1727/625
f 599/1654/625 959/1653/625 980/1691/625
f 605/1659/625 961/1658/625 962/1660/625
f 613/1693/625 981/1692/625 982/1694/625
f 619/1665/625 964/1664/625 983/1695/625
f 1004/1729/625 623/1699/625 621/1696/625
f 625/1698/625 984/1697/625 985/1700/625
f 633/1667/625 965/1666/625 966/1668/625
f 639/1642/625 986/1701/625 949/1640/625
f 1005/1730/625 653/1703/625 651/1731/625
f 655/1676/625 987/1702/625 969/1674/625
f 1006/1732/625 663/1733/625 661/1734/625
f 1007/1735/625 665/1736/625 663/1733/625
f 1008/1737/625 685/1738/625 683/1739/625
f 1009/1740/625 687/1741/625 685/1738/625
f 1010/1742/625 1011/1743/625 1012/1744/625
f 1013/1745/625 1014/1746/625 1011/1743/625
f 1015/1747/625 1016/1748/625 1017/1749/625
f 1018/1750/625 1019/1751/625 1016/1748/625
f 990/1706/625 1020/1752/625 988/1704/625
f 972/1680/625 971/1679/625 973/1681/625
f 993/1709/625 992/1708/625 991/1707/625
f 975/1683/625 1021/1753/625 1022/1754/625
f 975/1683/625 1023/1755/625 976/1684/625
f 1024/1756/625 1025/1757/625 1026/1758/625
f 703/1688/625 995/1711/625 978/1686/625
f 979/1689/625 713/1759/625 711/1760/625
f 979/1689/625 717/1761/625 715/1762/625
f 979/1689/625 721/1763/625 719/1764/625
f 979/1689/625 1027/1765/625 723/1766/625
f 1028/1767/625 741/1768/625 739/1769/625
f 1029/1770/625 573/1771/625 571/1772/625
f 1030/1773/625 575/1774/625 573/1771/625
f 579/1714/625 996/1713/625 997/1716/625
f 583/1719/625 998/1718/625 999/1720/625
f 587/1723/625 1000/1722/625 1001/1724/625
f 591/1727/625 1002/1726/625 1003/1728/625
f 601/1657/625 980/1691/625 960/1655/625
f 615/1663/625 982/1694/625 963/1661/625
f 623/1699/625 1004/1729/625 984/1697/625
f 637/1671/625 967/1670/625 986/1701/625
f 1031/1775/625 649/1776/625 647/1777/625
f 1032/1778/625 651/1731/625 649/1776/625
f 653/1703/625 1005/1730/625 987/1702/625
f 1033/1779/625 661/1734/625 659/1678/625
f 663/1733/625 1006/1732/625 1007/1735/625
f 1034/1780/625 667/1781/625 665/1736/625
f 685/1738/625 1008/1737/625 1009/1740/625
f 1035/1782/625 689/1783/625 687/1741/625
f 1036/1784/625 691/1785/625 689/1783/625
f 1037/1786/625 693/1787/625 691/1785/625
f 975/1683/625 1038/1788/625 1039/1789/625
f 975/1683/625 1040/1790/625 1041/1791/625
f 1042/1792/625 1012/1744/625 1043/1793/625
f 1011/1743/625 1010/1742/625 1013/1745/625
f 1044/1794/625 1017/1749/625 1045/1795/625
f 1016/1748/625 1015/1747/625 1018/1750/625
f 1018/1750/625 1046/1796/625 1047/1797/625
f 1018/1750/625 1048/1798/625 1049/1799/625
f 1018/1750/625 1050/1800/625 1051/1801/625
f 1018/1750/625 988/1704/625 1052/1802/625
f 988/1704/625 953/1647/625 989/1705/625
f 992/1708/625 958/1652/625 957/1651/625
f 994/1710/625 1021/1753/625 975/1683/625
f 1024/1756/625 1053/1803/625 1025/1757/625
f 1024/1756/625 1054/1804/625 1055/1805/625
f 1024/1756/625 1056/1806/625 1057/1807/625
f 979/1689/625 709/1808/625 707/1690/625
f 715/1762/625 713/1759/625 979/1689/625
f 723/1766/625 721/1763/625 979/1689/625
f 1027/1765/625 727/1809/625 725/1810/625
f 1027/1765/625 731/1811/625 729/1812/625
f 1027/1765/625 735/1813/625 733/1814/625
f 739/1769/625 1027/1765/625 1028/1767/625
f 1058/1815/625 747/1816/625 745/1817/625
f 1059/1818/625 748/1819/625 747/1816/625
f 573/1771/625 1029/1770/625 1030/1773/625
f 1060/1820/625 577/1715/625 575/1774/625
f 581/1717/625 997/1716/625 998/1718/625
f 589/1725/625 1001/1724/625 1002/1726/625
f 611/1634/625 946/1633/625 981/1692/625
f 627/1637/625 985/1700/625 947/1635/625
f 1061/1821/625 647/1777/625 645/1673/625
f 649/1776/625 1031/1775/625 1032/1778/625
f 659/1678/625 970/1677/625 1033/1779/625
f 665/1736/625 1007/1735/625 1034/1780/625
f 1062/1822/625 669/1823/625 667/1781/625
f 1063/1824/625 671/1825/625 669/1823/625
f 1064/1826/625 681/1827/625 679/1828/625
f 1065/1829/625 683/1739/625 681/1827/625
f 687/1741/625 1009/1740/625 1035/1782/625
f 691/1785/625 1036/1784/625 1037/1786/625
f 975/1683/625 1066/1830/625 1067/1831/625
f 1041/1791/625 1038/1788/625 975/1683/625
f 1068/1832/625 1043/1793/625 1069/1833/625
f 1012/1744/625 1042/1792/625 1010/1742/625
f 1070/1834/625 1071/1835/625 1014/1746/625
f 1072/1836/625 1073/1837/625 1071/1835/625
f 1017/1749/625 1044/1794/625 1015/1747/625
f 1018/1750/625 1074/1838/625 1046/1796/625
f 1051/1801/625 1048/1798/625 1018/1750/625
f 988/1704/625 1075/1839/625 1052/1802/625
f 1020/1752/625 1076/1840/625 988/1704/625
f 1022/1754/625 993/1709/625 975/1683/625
f 1026/1758/625 1077/1841/625 1024/1756/625
f 1057/1807/625 1054/1804/625 1024/1756/625
f 711/1760/625 709/1808/625 979/1689/625
f 725/1810/625 723/1766/625 1027/1765/625
f 733/1814/625 731/1811/625 1027/1765/625
f 739/1769/625 737/1842/625 1027/1765/625
f 747/1816/625 1058/1815/625 1059/1818/625
f 1078/1843/625 571/1772/625 748/1819/625
f 575/1774/625 1030/1773/625 1060/1820/625
f 585/1721/625 999/1720/625 1000/1722/625
f 621/1696/625 983/1695/625 1004/1729/625
f 647/1777/625 1061/1821/625 1031/1775/625
f 661/1734/625 1033/1779/625 1006/1732/625
f 669/1823/625 1062/1822/625 1063/1824/625
f 681/1827/625 1064/1826/625 1065/1829/625
f 689/1783/625 1035/1782/625 1036/1784/625
f 1079/1844/625 695/1845/625 693/1787/625
f 1080/1846/625 697/1847/625 695/1845/625
f 1039/1789/625 1066/1830/625 975/1683/625
f 975/1683/625 1081/1848/625 1082/1849/625
f 1083/1850/625 1084/1851/625 1085/1852/625
f 1086/1853/625 1087/1854/625 1084/1851/625
f 1088/1855/625 1089/1856/625 1087/1854/625
f 1090/1857/625 1091/1858/625 1089/1856/625
f 1092/1859/625 1069/1833/625 1091/1858/625
f 1043/1793/625 1068/1832/625 1042/1792/625
f 1071/1835/625 1070/1834/625 1072/1836/625
f 1093/1860/625 1094/1861/625 1073/1837/625
f 1095/1862/625 1096/1863/625 1094/1861/625
f 1097/1864/625 1045/1795/625 1096/1863/625
f 1047/1797/625 1019/1751/625 1018/1750/625
f 1052/1802/625 1050/1800/625 1018/1750/625
f 988/1704/625 1098/1865/625 1099/1866/625
f 953/1647/625 988/1704/625 951/1645/625
f 1024/1756/625 1100/1867/625 1101/1868/625
f 1024/1756/625 1102/1869/625 1103/1870/625
f 1055/1805/625 1053/1803/625 1024/1756/625
f 719/1764/625 717/1761/625 979/1689/625
f 737/1842/625 735/1813/625 1027/1765/625
f 1104/1871/625 743/1872/625 741/1768/625
f 1105/1873/625 745/1817/625 743/1872/625
f 748/1819/625 1059/1818/625 1078/1843/625
f 577/1715/625 1060/1820/625 996/1713/625
f 645/1673/625 968/1672/625 1061/1821/625
f 667/1781/625 1034/1780/625 1062/1822/625
f 1106/1874/625 673/1875/625 671/1825/625
f 1107/1876/625 675/1877/625 673/1875/625
f 1108/1878/625 677/1879/625 675/1877/625
f 1109/1880/625 679/1828/625 677/1879/625
f 683/1739/625 1065/1829/625 1008/1737/625
f 695/1845/625 1079/1844/625 1080/1846/625
f 1110/1881/625 699/1882/625 697/1847/625
f 1111/1883/625 701/1712/625 699/1882/625
f 975/1683/625 1112/1884/625 1113/1885/625
f 975/1683/625 1114/1886/625 1115/1887/625
f 1082/1849/625 1040/1790/625 975/1683/625
f 975/1683/625 1116/1888/625 1117/1889/625
f 975/1683/625 1118/1890/625 1119/1891/625
f 1120/1892/625 1085/1852/625 1121/1893/625
f 1084/1851/625 1083/1850/625 1086/1853/625
f 1089/1856/625 1088/1855/625 1090/1857/625
f 1069/1833/625 1092/1859/625 1068/1832/625
f 1073/1837/625 1072/1836/625 1093/1860/625
f 1096/1863/625 1095/1862/625 1097/1864/625
f 1049/1799/625 1074/1838/625 1018/1750/625
f 1076/1840/625 1098/1865/625 988/1704/625
f 975/1683/625 1122/1894/625 1123/1895/625
f 975/1683/625 1124/1896/625 1125/1897/625
f 975/1683/625 1024/1756/625 1126/1898/625
f 1101/1868/625 1127/1899/625 1024/1756/625
f 1077/1841/625 1102/1869/625 1024/1756/625
f 729/1812/625 727/1809/625 1027/1765/625
f 743/1872/625 1104/1871/625 1105/1873/625
f 571/1772/625 1078/1843/625 1029/1770/625
f 651/1731/625 1032/1778/625 1005/1730/625
f 673/1875/625 1106/1874/625 1107/1876/625
f 677/1879/625 1108/1878/625 1109/1880/625
f 693/1787/625 1037/1786/625 1079/1844/625
f 699/1882/625 1110/1881/625 1111/1883/625
f 1115/1887/625 1112/1884/625 975/1683/625
f 975/1683/625 1128/1900/625 1129/1901/625
f 1117/1889/625 1081/1848/625 975/1683/625
f 975/1683/625 1130/1902/625 1118/1890/625
f 1085/1852/625 1120/1892/625 1083/1850/625
f 1091/1858/625 1090/1857/625 1092/1859/625
f 1094/1861/625 1093/1860/625 1095/1862/625
f 1099/1866/625 1075/1839/625 988/1704/625
f 975/1683/625 1131/1903/625 1122/1894/625
f 1125/1897/625 1132/1904/625 975/1683/625
f 1126/1898/625 1133/1905/625 975/1683/625
f 1103/1870/625 1100/1867/625 1024/1756/625
f 741/1768/625 1028/1767/625 1104/1871/625
f 593/1627/625 1003/1728/625 943/1625/625
f 675/1877/625 1107/1876/625 1108/1878/625
f 697/1847/625 1080/1846/625 1110/1881/625
f 1129/1901/625 1114/1886/625 975/1683/625
f 1119/1891/625 1116/1888/625 975/1683/625
f 1087/1854/625 1086/1853/625 1088/1855/625
f 1045/1795/625 1097/1864/625 1044/1794/625
f 1132/1904/625 1131/1903/625 975/1683/625
f 1127/1899/625 1126/1898/625 1024/1756/625
f 745/1817/625 1105/1873/625 1058/1815/625
f 679/1828/625 1109/1880/625 1064/1826/625
f 1067/1831/625 1128/1900/625 975/1683/625
f 1130/1902/625 975/1683/625 1134/1906/625
f 1014/1746/625 1013/1745/625 1070/1834/625
f 1133/1905/625 1124/1896/625 975/1683/625
f 671/1825/625 1063/1824/625 1106/1874/625
f 988/1704/625 1018/1750/625 1027/1765/625
f 1134/1906/625 1135/1907/625 1130/1902/625
f 1123/1895/625 1023/1755/625 975/1683/625
f 1027/1765/625 979/1689/625 988/1704/625
f 1121/1893/625 1136/1908/625 1120/1892/625
f 1113/1885/625 1024/1756/625 975/1683/625
f 701/1712/625 1111/1883/625 995/1711/625
f 910/1909/626 925/1910/627 1121/1911/627
f 908/1912/628 910/1909/626 1085/1913/629
f 906/1914/630 908/1912/628 1084/1915/631
f 904/1916/632 906/1914/630 1087/1917/633
f 882/1918/634 904/1916/632 1089/1919/635
f 880/1920/636 882/1918/634 1091/1921/637
f 878/1922/638 880/1920/636 1069/1923/639
f 848/1924/640 878/1922/638 1043/1925/641
f 846/1926/642 848/1924/640 1012/1927/643
f 844/1928/644 846/1926/642 1011/1929/645
f 842/1930/646 844/1928/644 1014/1931/647
f 840/1932/648 842/1930/646 1071/1933/649
f 838/1934/650 840/1932/648 1073/1935/651
f 902/1936/652 838/1934/650 1094/1937/653
f 803/1938/654 902/1936/652 1096/1939/655
f 801/1940/656 803/1938/654 1045/1941/657
f 835/1942/658 801/1940/656 1017/1943/659
f 833/1944/660 835/1942/658 1016/1945/661
f 834/1946/662 833/1944/660 1019/1947/663
f 832/1948/664 834/1946/662 1047/1949/665
f 797/1950/666 832/1948/664 1046/1951/667
f 798/1952/668 797/1950/666 1074/1953/669
f 830/1954/670 798/1952/668 1049/1955/671
f 831/1956/672 830/1954/670 1048/1957/673
f 773/1958/674 831/1956/672 1051/1959/675
f 774/1960/676 773/1958/674 1050/1961/677
f 795/1962/678 774/1960/676 1052/1963/679
f 796/1964/680 795/1962/678 1075/1965/681
f 829/1966/682 796/1964/680 1099/1967/683
f 793/1968/684 829/1966/682 1098/1969/685
f 794/1970/686 793/1968/684 1076/1971/687
f 827/1972/688 794/1970/686 1020/1973/689
f 828/1974/690 827/1972/688 990/1975/691
f 826/1976/692 828/1974/690 989/1977/693
f 791/1978/694 826/1976/692 953/1979/695
f 789/1980/696 791/1978/694 952/1981/697
f 787/1982/698 789/1980/696 955/1983/699
f 770/1984/700 787/1982/698 972/1985/701
f 771/1986/702 770/1984/700 974/1987/703
f 767/1988/704 771/1986/702 958/1989/705
f 768/1990/706 767/1988/704 992/1991/707
f 875/1992/708 768/1990/706 993/1993/709
f 876/1994/710 875/1992/708 1022/1995/711
f 901/1996/712 876/1994/710 1021/1997/713
f 922/1998/714 901/1996/712 994/1999/715
f 923/2000/716 922/1998/714 977/2001/717
f 920/2002/718 923/2000/716 976/2003/719
f 921/2004/720 920/2002/718 1023/2005/721
f 935/2006/722 921/2004/720 1123/2007/723
f 934/2008/724 935/2006/722 1122/2009/725
f 918/2010/726 934/2008/724 1131/2011/727
f 919/2012/728 918/2010/726 1132/2013/729
f 933/2014/730 919/2012/728 1125/2015/731
f 917/2016/732 933/2014/730 1124/2017/733
f 916/2018/734 917/2016/732 1133/2019/735
f 873/2020/736 916/2018/734 1126/2021/737
f 874/2022/738 873/2020/736 1127/2023/739
f 824/2024/740 874/2022/738 1101/2025/741
f 825/2026/742 824/2024/740 1100/2027/743
f 823/2028/744 825/2026/742 1103/2029/745
f 782/2030/746 823/2028/744 1102/2031/747
f 764/2032/748 782/2030/746 1077/2033/749
f 765/2034/750 764/2032/748 1026/2035/751
f 899/2036/752 765/2034/750 1025/2037/753
f 900/2038/754 899/2036/752 1053/2039/755
f 897/2040/756 900/2038/754 1055/2041/757
f 898/2042/758 897/2040/756 1054/2043/759
f 942/2044/760 898/2042/758 1057/2045/761
f 1057/2045/761 1056/2046/760 942/2044/760
f 1054/2043/759 1057/2045/761 898/2042/758
f 1055/2041/757 1054/2043/759 897/2040/756
f 1053/2039/755 1055/2041/757 900/2038/754
f 1025/2037/753 1053/2039/755 899/2036/752
f 1026/2035/751 1025/2037/753 765/2034/750
f 1077/2033/749 1026/2035/751 764/2032/748
f 1102/2031/747 1077/2033/749 782/2030/746
f 1103/2029/745 1102/2031/747 823/2028/744
f 1100/2027/743 1103/2029/745 825/2026/742
f 1101/2025/741 1100/2027/743 824/2024/740
f 1127/2023/739 1101/2025/741 874/2022/738
f 1126/2021/737 1127/2023/739 873/2020/736
f 1133/2019/735 1126/2021/737 916/2018/734
f 1124/2017/733 1133/2019/735 917/2016/732
f 1125/2015/731 1124/2017/733 933/2014/730
f 1132/2013/729 1125/2015/731 919/2012/728
f 1131/2011/727 1132/2013/729 918/2010/726
f 1122/2009/725 1131/2011/727 934/2008/724
f 1123/2007/723 1122/2009/725 935/2006/722
f 1023/2005/721 1123/2007/723 921/2004/720
f 976/2003/719 1023/2005/721 920/2002/718
f 977/2001/717 976/2003/719 923/2000/716
f 994/1999/715 977/2001/717 922/1998/714
f 1021/1997/713 994/1999/715 901/1996/712
f 1022/1995/711 1021/1997/713 876/1994/710
f 993/1993/709 1022/1995/711 875/1992/708
f 992/1991/707 993/1993/709 768/1990/706
f 958/1989/705 992/1991/707 767/1988/704
f 974/1987/703 958/1989/705 771/1986/702
f 972/1985/701 974/1987/703 770/1984/700
f 955/1983/699 972/1985/701 787/1982/698
f 952/1981/697 955/1983/699 789/1980/696
f 953/1979/695 952/1981/697 791/1978/694
f 989/1977/693 953/1979/695 826/1976/692
f 990/1975/691 989/1977/693 828/1974/690
f 1020/1973/689 990/1975/691 827/1972/688
f 1076/1971/687 1020/1973/689 794/1970/686
f 1098/1969/685 1076/1971/687 793/1968/684
f 1099/1967/683 1098/1969/685 829/1966/682
f 1075/1965/681 1099/1967/683 796/1964/680
f 1052/1963/679 1075/1965/681 795/1962/678
f 1050/1961/677 1052/1963/679 774/1960/676
f 1051/1959/675 1050/1961/677 773/1958/674
f 1048/1957/673 1051/1959/675 831/1956/672
f 1049/1955/671 1048/1957/673 830/1954/670
f 1074/1953/669 1049/1955/671 798/1952/668
f 1046/1951/667 1074/1953/669 797/1950/666
f 1047/1949/665 1046/1951/667 832/1948/664
f 1019/1947/663 1047/1949/665 834/1946/662
f 1016/1945/661 1019/1947/663 833/1944/660
f 1017/1943/659 1016/1945/661 835/1942/658
f 1045/1941/657 1017/1943/659 801/1940/656
f 1096/1939/655 1045/1941/657 803/1938/654
f 1094/1937/653 1096/1939/655 902/1936/652
f 1073/1935/651 1094/1937/653 838/1934/650
f 1071/1933/649 1073/1935/651 840/1932/648
f 1014/1931/647 1071/1933/649 842/1930/646
f 1011/1929/645 1014/1931/647 844/1928/644
f 1012/1927/643 1011/1929/645 846/1926/642
f 1043/1925/641 1012/1927/643 848/1924/640
f 1069/1923/639 1043/1925/641 878/1922/638
f 1091/1921/637 1069/1923/639 880/1920/636
f 1089/1919/635 1091/1921/637 882/1918/634
f 1087/1917/633 1089/1919/635 904/1916/632
f 1084/1915/631 1087/1917/633 906/1914/630
f 1085/1913/629 1084/1915/631 908/1912/628
f 1121/1911/627 1085/1913/629 910/1909/626
f 755/2047/762 792/2048/762 988/2049/762
f 988/2049/762 979/2050/762 755/2047/762
f 783/2051/763 975/2052/763 991/2053/764
f 766/2054/764 991/2053/764 957/2055/765
f 784/2056/765 957/2055/765 956/2057/766
f 769/2058/766 956/2057/766 973/2059/767
f 785/2060/767 973/2059/767 971/2061/768
f 786/2062/768 971/2061/768 954/2063/769
f 788/2064/769 954/2063/769 951/2065/770
f 790/2066/770 951/2065/770 988/2067/771
f 988/2067/771 792/2068/771 790/2066/770
f 951/2065/770 790/2066/770 788/2064/769
f 954/2063/769 788/2064/769 786/2062/768
f 971/2061/768 786/2062/768 785/2060/767
f 973/2059/767 785/2060/767 769/2058/766
f 956/2057/766 769/2058/766 784/2056/765
f 957/2055/765 784/2056/765 766/2054/764
f 991/2053/764 766/2054/764 783/2051/763
f 1134/2069/772 975/2070/772 783/2071/772
f 783/2071/772 941/2072/772 1134/2069/772
f 1134/2073/773 941/2074/773 940/2075/773
f 940/2075/773 1135/2076/773 1134/2073/773
f 940/2077/774 937/2078/774 1130/2079/774
f 1130/2079/774 1135/2080/774 940/2077/774
f 763/2081/774 1024/2082/774 1113/2083/775
f 930/2084/775 1113/2083/775 1112/2085/776
f 928/2086/776 1112/2085/776 1115/2087/777
f 929/2088/777 1115/2087/777 1114/2089/778
f 938/2090/778 1114/2089/778 1129/2091/779
f 939/2092/779 1129/2091/779 1128/2093/780
f 851/2094/780 1128/2093/780 1067/2095/781
f 852/2096/781 1067/2095/781 1066/2097/782
f 804/2098/782 1066/2097/782 1039/2099/783
f 849/2100/783 1039/2099/783 1038/2101/784
f 805/2102/784 1038/2101/784 1041/2103/785
f 806/2104/785 1041/2103/785 1040/2105/786
f 850/2106/786 1040/2105/786 1082/2107/787
f 883/2108/787 1082/2107/787 1081/2109/788
f 911/2110/788 1081/2109/788 1117/2111/789
f 912/2112/789 1117/2111/789 1116/2113/790
f 926/2114/790 1116/2113/790 1119/2115/791
f 927/2116/791 1119/2115/791 1118/2117/792
f 936/2118/792 1118/2117/792 1130/2119/793
f 1130/2119/793 937/2120/793 936/2118/792
f 1118/2117/792 936/2118/792 927/2116/791
f 1119/2115/791 927/2116/791 926/2114/790
f 1116/2113/790 926/2114/790 912/2112/789
f 1117/2111/789 912/2112/789 911/2110/788
f 1081/2109/788 911/2110/788 883/2108/787
f 1082/2107/787 883/2108/787 850/2106/786
f 1040/2105/786 850/2106/786 806/2104/785
f 1041/2103/785 806/2104/785 805/2102/784
f 1038/2101/784 805/2102/784 849/2100/783
f 1039/2099/783 849/2100/783 804/2098/782
f 1066/2097/782 804/2098/782 852/2096/781
f 1067/2095/781 852/2096/781 851/2094/780
f 1128/2093/780 851/2094/780 939/2092/779
f 1129/2091/779 939/2092/779 938/2090/778
f 1114/2089/778 938/2090/778 929/2088/777
f 1115/2087/777 929/2088/777 928/2086/776
f 1112/2085/776 928/2086/776 930/2084/775
f 1113/2083/775 930/2084/775 763/2081/774
f 1024/2121/794 763/2122/794 942/2123/794
f 942/2123/794 1056/2124/794 1024/2121/794
f 925/2125/795 924/2126/795 1136/2127/795
f 1136/2127/795 1121/2128/795 925/2125/795
f 772/2129/796 1018/2130/796 1015/2131/797
f 799/2132/797 1015/2131/797 1044/2133/798
f 800/2134/798 1044/2133/798 1097/2135/799
f 802/2136/799 1097/2135/799 1095/2137/800
f 836/2138/800 1095/2137/800 1093/2139/801
f 837/2140/801 1093/2139/801 1072/2141/802
f 839/2142/802 1072/2141/802 1070/2143/803
f 841/2144/803 1070/2143/803 1013/2145/804
f 843/2146/804 1013/2145/804 1010/2147/805
f 845/2148/805 1010/2147/805 1042/2149/806
f 847/2150/806 1042/2149/806 1068/2151/807
f 877/2152/807 1068/2151/807 1092/2153/808
f 879/2154/808 1092/2153/808 1090/2155/809
f 881/2156/809 1090/2155/809 1088/2157/810
f 903/2158/810 1088/2157/810 1086/2159/811
f 905/2160/811 1086/2159/811 1083/2161/812
f 907/2162/812 1083/2161/812 1120/2163/813
f 909/2164/813 1120/2163/813 1136/2165/814
f 1136/2165/814 924/2166/814 909/2164/813
f 1120/2163/813 909/2164/813 907/2162/812
f 1083/2161/812 907/2162/812 905/2160/811
f 1086/2159/811 905/2160/811 903/2158/810
f 1088/2157/810 903/2158/810 881/2156/809
f 1090/2155/809 881/2156/809 879/2154/808
f 1092/2153/808 879/2154/808 877/2152/807
f 1068/2151/807 877/2152/807 847/2150/806
f 1042/2149/806 847/2150/806 845/2148/805
f 1010/2147/805 845/2148/805 843/2146/804
f 1013/2145/804 843/2146/804 841/2144/803
f 1070/2143/803 841/2144/803 839/2142/802
f 1072/2141/802 839/2142/802 837/2140/801
f 1093/2139/801 837/2140/801 836/2138/800
f 1095/2137/800 836/2138/800 802/2136/799
f 1097/2135/799 802/2136/799 800/2134/798
f 1044/2133/798 800/2134/798 799/2132/797
f 1015/2131/797 799/2132/797 772/2129/796
f 862/2167/815 1027/2168/815 1018/2169/815
f 1018/2169/815 772/2170/815 862/2167/815
f 755/2171/816 979/2172/816 978/2173/817
f 756/2174/817 978/2173/817 995/2175/818
f 757/2176/818 995/2175/818 1111/2177/819
f 760/2178/819 1111/2177/819 1110/2179/820
f 775/2180/820 1110/2179/820 1080/2181/821
f 761/2182/821 1080/2181/821 1079/2183/822
f 762/2184/822 1079/2183/822 1037/2185/823
f 752/2186/823 1037/2185/823 1036/2187/824
f 753/2188/824 1036/2187/824 1035/2189/825
f 754/2190/825 1035/2189/825 1009/2191/826
f 749/2192/826 1009/2191/826 1008/2193/827
f 750/2194/827 1008/2193/827 1065/2195/828
f 751/2196/828 1065/2195/828 1064/2197/829
f 758/2198/829 1064/2197/829 1109/2199/830
f 759/2200/830 1109/2199/830 1108/2201/831
f 863/2202/831 1108/2201/831 1107/2203/832
f 864/2204/832 1107/2203/832 1106/2205/833
f 865/2206/833 1106/2205/833 1063/2207/834
f 866/2208/834 1063/2207/834 1062/2209/835
f 932/2210/835 1062/2209/835 1034/2211/836
f 913/2212/836 1034/2211/836 1007/2213/837
f 891/2214/837 1007/2213/837 1006/2215/838
f 892/2216/838 1006/2215/838 1033/2217/839
f 893/2218/839 1033/2217/839 970/2219/840
f 816/2220/840 970/2219/840 969/2221/841
f 817/2222/841 969/2221/841 987/2223/842
f 818/2224/842 987/2223/842 1005/2225/843
f 867/2226/843 1005/2225/843 1032/2227/844
f 894/2228/844 1032/2227/844 1031/2229/845
f 914/2230/845 1031/2229/845 1061/2231/846
f 915/2232/846 1061/2231/846 968/2233/847
f 819/2234/847 968/2233/847 950/2235/848
f 776/2236/848 950/2235/848 949/2237/849
f 777/2238/849 949/2237/849 986/2239/850
f 778/2240/850 986/2239/850 967/2241/851
f 820/2242/851 967/2241/851 966/2243/852
f 821/2244/852 966/2243/852 965/2245/853
f 822/2246/853 965/2245/853 948/2247/854
f 779/2248/854 948/2247/854 947/2249/855
f 780/2250/855 947/2249/855 985/2251/856
f 781/2252/856 985/2251/856 984/2253/857
f 868/2254/857 984/2253/857 1004/2255/858
f 869/2256/858 1004/2255/858 983/2257/859
f 895/2258/859 983/2257/859 964/2259/860
f 870/2260/860 964/2259/860 963/2261/861
f 871/2262/861 963/2261/861 982/2263/862
f 872/2264/862 982/2263/862 981/2265/863
f 896/2266/863 981/2265/863 946/2267/864
f 853/2268/864 946/2267/864 945/2269/865
f 854/2270/865 945/2269/865 962/2271/866
f 855/2272/866 962/2271/866 961/2273/867
f 884/2274/867 961/2273/867 960/2275/868
f 885/2276/868 960/2275/868 980/2277/869
f 886/2278/869 980/2277/869 959/2279/870
f 887/2280/870 959/2279/870 944/2281/871
f 856/2282/871 944/2281/871 943/2283/872
f 857/2284/872 943/2283/872 1003/2285/873
f 807/2286/873 1003/2285/873 1002/2287/874
f 808/2288/874 1002/2287/874 1001/2289/875
f 809/2290/875 1001/2289/875 1000/2291/876
f 810/2292/876 1000/2291/876 999/2293/877
f 811/2294/877 999/2293/877 998/2295/878
f 812/2296/878 998/2295/878 997/2297/879
f 813/2298/879 997/2297/879 996/2299/880
f 814/2300/880 996/2299/880 1060/2301/881
f 815/2302/881 1060/2301/881 1030/2303/882
f 858/2304/882 1030/2303/882 1029/2305/883
f 859/2306/883 1029/2305/883 1078/2307/884
f 860/2308/884 1078/2307/884 1059/2309/885
f 888/2310/885 1059/2309/885 1058/2311/886
f 889/2312/886 1058/2311/886 1105/2313/887
f 890/2314/887 1105/2313/887 1104/2315/888
f 931/2316/888 1104/2315/888 1028/2317/889
f 861/2318/889 1028/2317/889 1027/2319/890
f 1027/2319/890 862/2320/890 861/2318/889
f 1028/2317/889 861/2318/889 931/2316/888
f 1104/2315/888 931/2316/888 890/2314/887
f 1105/2313/887 890/2314/887 889/2312/886
f 1058/2311/886 889/2312/886 888/2310/885
f 1059/2309/885 888/2310/885 860/2308/884
f 1078/2307/884 860/2308/884 859/2306/883
f 1029/2305/883 859/2306/883 858/2304/882
f 1030/2303/882 858/2304/882 815/2302/881
f 1060/2301/881 815/2302/881 814/2300/880
f 996/2299/880 814/2300/880 813/2298/879
f 997/2297/879 813/2298/879 812/2296/878
f 998/2295/878 812/2296/878 811/2294/877
f 999/2293/877 811/2294/877 810/2292/876
f 1000/2291/876 810/2292/876 809/2290/875
f 1001/2289/875 809/2290/875 808/2288/874
f 1002/2287/874 808/2288/874 807/2286/873
f 1003/2285/873 807/2286/873 857/2284/872
f 943/2283/872 857/2284/872 856/2282/871
f 944/2281/871 856/2282/871 887/2280/870
f 959/2279/870 887/2280/870 886/2278/869
f 980/2277/869 886/2278/869 885/2276/868
f 960/2275/868 885/2276/868 884/2274/867
f 961/2273/867 884/2274/867 855/2272/866
f 962/2271/866 855/2272/866 854/2270/865
f 945/2269/865 854/2270/865 853/2268/864
f 946/2267/864 853/2268/864 896/2266/863
f 981/2265/863 896/2266/863 872/2264/862
f 982/2263/862 872/2264/862 871/2262/861
f 963/2261/861 871/2262/861 870/2260/860
f 964/2259/860 870/2260/860 895/2258/859
f 983/2257/859 895/2258/859 869/2256/858
f 1004/2255/858 869/2256/858 868/2254/857
f 984/2253/857 868/2254/857 781/2252/856
f 985/2251/856 781/2252/856 780/2250/855
f 947/2249/855 780/2250/855 779/2248/854
f 948/2247/854 779/2248/854 822/2246/853
f 965/2245/853 822/2246/853 821/2244/852
f 966/2243/852 821/2244/852 820/2242/851
f 967/2241/851 820/2242/851 778/2240/850
f 986/2239/850 778/2240/850 777/2238/849
f 949/2237/849 777/2238/849 776/2236/848
f 950/2235/848 776/2236/848 819/2234/847
f 968/2233/847 819/2234/847 915/2232/846
f 1061/2231/846 915/2232/846 914/2230/845
f 1031/2229/845 914/2230/845 894/2228/844
f 1032/2227/844 894/2228/844 867/2226/843
f 1005/2225/843 867/2226/843 818/2224/842
f 987/2223/842 818/2224/842 817/2222/841
f 969/2221/841 817/2222/841 816/2220/840
f 970/2219/840 816/2220/840 893/2218/839
f 1033/2217/839 893/2218/839 892/2216/838
f 1006/2215/838 892/2216/838 891/2214/837
f 1007/2213/837 891/2214/837 913/2212/836
f 1034/2211/836 913/2212/836 932/2210/835
f 1062/2209/835 932/2210/835 866/2208/834
f 1063/2207/834 866/2208/834 865/2206/833
f 1106/2205/833 865/2206/833 864/2204/832
f 1107/2203/832 864/2204/832 863/2202/831
f 1108/2201/831 863/2202/831 759/2200/830
f 1109/2199/830 759/2200/830 758/2198/829
f 1064/2197/829 758/2198/829 751/2196/828
f 1065/2195/828 751/2196/828 750/2194/827
f 1008/2193/827 750/2194/827 749/2192/826
f 1009/2191/826 749/2192/826 754/2190/825
f 1035/2189/825 754/2190/825 753/2188/824
f 1036/2187/824 753/2188/824 752/2186/823
f 1037/2185/823 752/2186/823 762/2184/822
f 1079/2183/822 762/2184/822 761/2182/821
f 1080/2181/821 761/2182/821 775/2180/820
f 1110/2179/820 775/2180/820 760/2178/819
f 1111/2177/819 760/2178/819 757/2176/818
f 995/2175/818 757/2176/818 756/2174/817
f 978/2173/817 756/2174/817 755/2171/816
